Instance,INF_avg,INF_sd,INF_r1,INF_kr,INF_sk,SUP_avg,SUP_sd,SUP_r1,SUP_kr,SUP_sk,INC_avg,INC_sd,INC_r1,INC_kr,INC_sk,IND_avg,IND_sd,IND_r1,IND_kr,IND_sk
362,0.2800000000,0.1326649916,-0.2952646240,1.6745867769,0.1130667542,0.1900000000,0.1513274595,0.1508923743,2.4709101657,0.8622384184,0.5300000000,0.1486606875,0.0913221263,2.1206977744,0.3908198495,0.5300000000,0.1486606875,0.0913221263,2.1206977744,0.3908198495
