Instance,INF_avg,INF_sd,INF_r1,INF_kr,INF_sk,SUP_avg,SUP_sd,SUP_r1,SUP_kr,SUP_sk,INC_avg,INC_sd,INC_r1,INC_kr,INC_sk,IND_avg,IND_sd,IND_r1,IND_kr,IND_sk
145,0.2676000000,0.0405245605,-0.0323151006,2.7766422031,-0.4387916671,0.2472000000,0.0418110033,0.2793874794,3.2699956062,-0.3312728726,0.4852000000,0.0512343635,0.0481544191,3.9575931187,0.2800991364,0.4852000000,0.0512343635,0.0481544191,3.9575931187,0.2800991364
