Instance,INF_avg,INF_sd,INF_r1,INF_kr,INF_sk,SUP_avg,SUP_sd,SUP_r1,SUP_kr,SUP_sk,INC_avg,INC_sd,INC_r1,INC_kr,INC_sk,IND_avg,IND_sd,IND_r1,IND_kr,IND_sk
420,0.2560000000,0.1387948126,-0.1194154628,2.0772066533,0.5490549585,0.2160000000,0.1514727698,-0.2168299580,2.3231298472,0.3494835313,0.5280000000,0.1685704600,-0.3577824258,2.2715828159,0.0064933951,0.5280000000,0.1685704600,-0.3577824258,2.2715828159,0.0064933951
