Instance,INF_avg,INF_sd,INF_r1,INF_kr,INF_sk,SUP_avg,SUP_sd,SUP_r1,SUP_kr,SUP_sk,INC_avg,INC_sd,INC_r1,INC_kr,INC_sk,IND_avg,IND_sd,IND_r1,IND_kr,IND_sk
136,0.3010000000,0.1104490833,0.0060730568,2.5841591501,-0.0253071104,0.2535000000,0.1061261042,-0.1010346983,2.6520259260,0.5797411612,0.4455000000,0.1093377794,0.0440289651,3.2483317320,-0.2867172228,0.4455000000,0.1093377794,0.0440289651,3.2483317320,-0.2867172228
