Instance,INF_avg,INF_sd,INF_r1,INF_kr,INF_sk,SUP_avg,SUP_sd,SUP_r1,SUP_kr,SUP_sk,INC_avg,INC_sd,INC_r1,INC_kr,INC_sk,IND_avg,IND_sd,IND_r1,IND_kr,IND_sk
101,0.2352000000,0.0439199271,0.3816059040,2.3139419961,0.2456051627,0.2618000000,0.0438492873,0.1483569387,2.4000853407,0.1365322968,0.5030000000,0.0513906606,0.2366603226,3.2277334911,0.2468562107,0.5030000000,0.0513906606,0.2366603226,3.2277334911,0.2468562107
