Instance,INF_avg,INF_sd,INF_r1,INF_kr,INF_sk,SUP_avg,SUP_sd,SUP_r1,SUP_kr,SUP_sk,INC_avg,INC_sd,INC_r1,INC_kr,INC_sk,IND_avg,IND_sd,IND_r1,IND_kr,IND_sk
186,0.2175500000,0.0290387241,-0.0437551733,3.2121885120,0.5737298118,0.2831000000,0.0337029672,0.0711272198,2.8587561677,0.0436600570,0.4993500000,0.0364462275,-0.0218628950,2.2760910547,0.0443431363,0.4993500000,0.0364462275,-0.0218628950,2.2760910547,0.0443431363
