Instance,INF_avg,INF_sd,INF_r1,INF_kr,INF_sk,SUP_avg,SUP_sd,SUP_r1,SUP_kr,SUP_sk,INC_avg,INC_sd,INC_r1,INC_kr,INC_sk,IND_avg,IND_sd,IND_r1,IND_kr,IND_sk
73,0.2647058824,0.0862020641,0.0295574978,2.9563967632,0.3671328176,0.2058823529,0.1069391704,0.2987415102,3.1746059356,0.5142195392,0.5294117647,0.1361863165,-0.0804090203,3.3318337185,-0.4716624902,0.5294117647,0.1361863165,-0.0804090203,3.3318337185,-0.4716624902
