Instance,INF_avg,INF_sd,INF_r1,INF_kr,INF_sk,SUP_avg,SUP_sd,SUP_r1,SUP_kr,SUP_sk,INC_avg,INC_sd,INC_r1,INC_kr,INC_sk,IND_avg,IND_sd,IND_r1,IND_kr,IND_sk
484,0.2602000000,0.0308376393,0.0719929082,3.4685312328,-0.3466482075,0.2722000000,0.0302681351,-0.3001157962,2.7115492702,-0.2489069904,0.4676000000,0.0345288285,-0.2096985826,2.0087861220,-0.0527623203,0.4676000000,0.0345288285,-0.2096985826,2.0087861220,-0.0527623203
