Instance,INF_avg,INF_sd,INF_r1,INF_kr,INF_sk,SUP_avg,SUP_sd,SUP_r1,SUP_kr,SUP_sk,INC_avg,INC_sd,INC_r1,INC_kr,INC_sk,IND_avg,IND_sd,IND_r1,IND_kr,IND_sk
138,0.2534000000,0.0456775656,0.1156721830,2.5369483409,0.5655511918,0.2644000000,0.0447285144,0.1742194554,2.5126793207,0.0467825597,0.4822000000,0.0457073298,-0.1700806557,2.4632812477,-0.2904924676,0.4822000000,0.0457073298,-0.1700806557,2.4632812477,-0.2904924676
