Instance,INF_avg,INF_sd,INF_r1,INF_kr,INF_sk,SUP_avg,SUP_sd,SUP_r1,SUP_kr,SUP_sk,INC_avg,INC_sd,INC_r1,INC_kr,INC_sk,IND_avg,IND_sd,IND_r1,IND_kr,IND_sk
373,0.2660000000,0.0827284715,-0.1130241160,3.1314675454,-0.3313495250,0.2570000000,0.0922008677,0.0421809022,2.0821605286,-0.1867365133,0.4770000000,0.0884364178,0.1668848727,2.2163269378,-0.0660496764,0.4770000000,0.0884364178,0.1668848727,2.2163269378,-0.0660496764
