Instance,INF_avg,INF_sd,INF_r1,INF_kr,INF_sk,SUP_avg,SUP_sd,SUP_r1,SUP_kr,SUP_sk,INC_avg,INC_sd,INC_r1,INC_kr,INC_sk,IND_avg,IND_sd,IND_r1,IND_kr,IND_sk
305,0.2448000000,0.0626814167,0.1668757249,2.3468578995,0.0777689848,0.2586000000,0.0674836276,0.0662478424,3.7128786458,0.2947051501,0.4966000000,0.0762655886,-0.1012830413,3.9882331525,-0.4265001650,0.4966000000,0.0762655886,-0.1012830413,3.9882331525,-0.4265001650
