Instance,INF_avg,INF_sd,INF_r1,INF_kr,INF_sk,SUP_avg,SUP_sd,SUP_r1,SUP_kr,SUP_sk,INC_avg,INC_sd,INC_r1,INC_kr,INC_sk,IND_avg,IND_sd,IND_r1,IND_kr,IND_sk
218,0.3185507246,0.1023389560,0.4615513465,2.4423731971,0.4742049290,0.1507246377,0.0942755573,0.7134166988,3.1615760817,0.8238544696,0.5307246377,0.0740997925,0.1175534676,2.2493862754,0.0554738201,0.5307246377,0.0740997925,0.1175534676,2.2493862754,0.0554738201
