Instance,INF_avg,INF_sd,INF_r1,INF_kr,INF_sk,SUP_avg,SUP_sd,SUP_r1,SUP_kr,SUP_sk,INC_avg,INC_sd,INC_r1,INC_kr,INC_sk,IND_avg,IND_sd,IND_r1,IND_kr,IND_sk
118,0.2850000000,0.0331058907,-0.1018907563,2.1214336139,-0.0471281378,0.2584000000,0.0287652568,-0.0711852557,2.5303695962,0.0531818044,0.4566000000,0.0321160396,-0.1073595992,3.5037193710,0.1957688052,0.4566000000,0.0321160396,-0.1073595992,3.5037193710,0.1957688052
