Instance,INF_avg,INF_sd,INF_r1,INF_kr,INF_sk,SUP_avg,SUP_sd,SUP_r1,SUP_kr,SUP_sk,INC_avg,INC_sd,INC_r1,INC_kr,INC_sk,IND_avg,IND_sd,IND_r1,IND_kr,IND_sk
476,0.2000000000,0.1788854382,-0.6666666667,1.9531250000,0.6288941187,0.2400000000,0.0800000000,-0.3157894737,3.2500000000,1.5000000000,0.5600000000,0.1743559577,-0.5256797583,1.7957063712,-0.0543353054,0.5600000000,0.1743559577,-0.5256797583,1.7957063712,-0.0543353054
