Instance,INF_avg,INF_sd,INF_r1,INF_kr,INF_sk,SUP_avg,SUP_sd,SUP_r1,SUP_kr,SUP_sk,INC_avg,INC_sd,INC_r1,INC_kr,INC_sk,IND_avg,IND_sd,IND_r1,IND_kr,IND_sk
481,0.2425000000,0.0251246891,-0.0029732408,2.1383981963,0.1300444645,0.2685000000,0.0333953590,-0.1833815385,2.4049087459,0.2284786872,0.4890000000,0.0215406592,-0.0261678201,2.4819875892,-0.5309726076,0.4890000000,0.0215406592,-0.0261678201,2.4819875892,-0.5309726076
