Instance,INF_avg,INF_sd,INF_r1,INF_kr,INF_sk,SUP_avg,SUP_sd,SUP_r1,SUP_kr,SUP_sk,INC_avg,INC_sd,INC_r1,INC_kr,INC_sk,IND_avg,IND_sd,IND_r1,IND_kr,IND_sk
503,0.2750000000,0.1299038106,0.1413612565,1.2798353909,-0.2138334330,0.2625000000,0.1494782593,0.1009957326,2.2548290870,-0.2421008337,0.4625000000,0.1494782593,0.2961876833,2.2548290870,-0.2421008337,0.4625000000,0.1494782593,0.2961876833,2.2548290870,-0.2421008337
