Instance,INF_avg,INF_sd,INF_r1,INF_kr,INF_sk,SUP_avg,SUP_sd,SUP_r1,SUP_kr,SUP_sk,INC_avg,INC_sd,INC_r1,INC_kr,INC_sk,IND_avg,IND_sd,IND_r1,IND_kr,IND_sk
210,0.2315000000,0.0205000000,-0.2106359515,3.3725488461,-1.0251737497,0.3455000000,0.0304507800,0.0678363541,2.2173413049,-0.3303821331,0.4230000000,0.0293428015,-0.0150276826,2.7578296042,-0.1831052941,0.4230000000,0.0293428015,-0.0150276826,2.7578296042,-0.1831052941
