Instance,INF_avg,INF_sd,INF_r1,INF_kr,INF_sk,SUP_avg,SUP_sd,SUP_r1,SUP_kr,SUP_sk,INC_avg,INC_sd,INC_r1,INC_kr,INC_sk,IND_avg,IND_sd,IND_r1,IND_kr,IND_sk
306,0.2400000000,0.0916515139,0.3143812709,1.2091836735,0.2961528510,0.3100000000,0.1157583690,0.2451420030,2.1988193362,0.3365218792,0.4500000000,0.0948683298,0.0714285714,1.7592592593,0.3513641845,0.4500000000,0.0948683298,0.0714285714,1.7592592593,0.3513641845
