Instance,INF_avg,INF_sd,INF_r1,INF_kr,INF_sk,SUP_avg,SUP_sd,SUP_r1,SUP_kr,SUP_sk,INC_avg,INC_sd,INC_r1,INC_kr,INC_sk,IND_avg,IND_sd,IND_r1,IND_kr,IND_sk
335,0.3505000000,0.0960195293,0.5994974595,2.1951083555,0.3409334843,0.1495000000,0.0773288433,0.4896230972,1.9626161316,0.1827821000,0.5000000000,0.0694262198,-0.0020746888,2.6945128355,0.2079881932,0.5000000000,0.0694262198,-0.0020746888,2.6945128355,0.2079881932
