Instance,INF_avg,INF_sd,INF_r1,INF_kr,INF_sk,SUP_avg,SUP_sd,SUP_r1,SUP_kr,SUP_sk,INC_avg,INC_sd,INC_r1,INC_kr,INC_sk,IND_avg,IND_sd,IND_r1,IND_kr,IND_sk
438,0.2745000000,0.0318943569,0.2625034609,2.8654286306,0.2038401875,0.2475000000,0.0355140817,-0.5236160488,1.8079357143,-0.0627900404,0.4780000000,0.0368239053,-0.2901932483,1.6732646775,0.4624977531,0.4780000000,0.0368239053,-0.2901932483,1.6732646775,0.4624977531
