Instance,INF_avg,INF_sd,INF_r1,INF_kr,INF_sk,SUP_avg,SUP_sd,SUP_r1,SUP_kr,SUP_sk,INC_avg,INC_sd,INC_r1,INC_kr,INC_sk,IND_avg,IND_sd,IND_r1,IND_kr,IND_sk
60,0.2611111111,0.1296957503,0.2132902219,2.4115444828,0.7482421943,0.1944444444,0.1268079135,-0.0751870477,6.3019551210,1.5755068392,0.5444444444,0.1422916497,-0.0643153527,3.4207317073,0.3437727320,0.5444444444,0.1422916497,-0.0643153527,3.4207317073,0.3437727320
