Instance,INF_avg,INF_sd,INF_r1,INF_kr,INF_sk,SUP_avg,SUP_sd,SUP_r1,SUP_kr,SUP_sk,INC_avg,INC_sd,INC_r1,INC_kr,INC_sk,IND_avg,IND_sd,IND_r1,IND_kr,IND_sk
61,0.3180000000,0.0561782876,0.1279293123,2.1000689133,0.5084301934,0.2220000000,0.0582752091,-0.1147011309,2.5550699846,0.6286728601,0.4600000000,0.0613188389,-0.1884057971,1.6002716161,0.0832759242,0.4600000000,0.0613188389,-0.1884057971,1.6002716161,0.0832759242
