Instance,INF_avg,INF_sd,INF_r1,INF_kr,INF_sk,SUP_avg,SUP_sd,SUP_r1,SUP_kr,SUP_sk,INC_avg,INC_sd,INC_r1,INC_kr,INC_sk,IND_avg,IND_sd,IND_r1,IND_kr,IND_sk
145,0.2582000000,0.0651211179,-0.1509138935,2.3883591798,0.2315513975,0.2418000000,0.0592685414,-0.0883878135,3.3115604723,0.1590099633,0.5000000000,0.0735391052,-0.0037091988,3.0472059802,0.1363843871,0.5000000000,0.0735391052,-0.0037091988,3.0472059802,0.1363843871
