Instance,INF_avg,INF_sd,INF_r1,INF_kr,INF_sk,SUP_avg,SUP_sd,SUP_r1,SUP_kr,SUP_sk,INC_avg,INC_sd,INC_r1,INC_kr,INC_sk,IND_avg,IND_sd,IND_r1,IND_kr,IND_sk
292,0.2340000000,0.0286181760,-0.1491805394,3.7327259635,-1.2433502935,0.2415000000,0.0367457481,0.3060117722,2.0698127899,0.6430996962,0.5245000000,0.0225222113,0.1096161456,2.3712300281,0.1180369196,0.5245000000,0.0225222113,0.1096161456,2.3712300281,0.1180369196
