Instance,INF_avg,INF_sd,INF_r1,INF_kr,INF_sk,SUP_avg,SUP_sd,SUP_r1,SUP_kr,SUP_sk,INC_avg,INC_sd,INC_r1,INC_kr,INC_sk,IND_avg,IND_sd,IND_r1,IND_kr,IND_sk
263,0.2368000000,0.0448749373,-0.0695451051,2.7647324119,0.5161694134,0.2688000000,0.0514447276,0.2102596210,2.7177521389,-0.4597131077,0.4944000000,0.0521597546,-0.0226715313,2.1755745296,0.0217209026,0.4944000000,0.0521597546,-0.0226715313,2.1755745296,0.0217209026
