Instance,INF_avg,INF_sd,INF_r1,INF_kr,INF_sk,SUP_avg,SUP_sd,SUP_r1,SUP_kr,SUP_sk,INC_avg,INC_sd,INC_r1,INC_kr,INC_sk,IND_avg,IND_sd,IND_r1,IND_kr,IND_sk
227,0.3140000000,0.0771751255,0.3241575829,2.3356997656,-0.0127399885,0.3072000000,0.0788679910,0.1301598116,3.0590731037,0.4122361096,0.3788000000,0.0743408367,0.2411125934,2.0477663379,0.2225083254,0.3788000000,0.0743408367,0.2411125934,2.0477663379,0.2225083254
