Instance,INF_avg,INF_sd,INF_r1,INF_kr,INF_sk,SUP_avg,SUP_sd,SUP_r1,SUP_kr,SUP_sk,INC_avg,INC_sd,INC_r1,INC_kr,INC_sk,IND_avg,IND_sd,IND_r1,IND_kr,IND_sk
309,0.2900000000,0.0500000000,-0.0049751244,2.0444800000,0.3840000000,0.2520000000,0.0627375486,0.1235392321,2.5547293278,0.5271670871,0.4580000000,0.0660000000,-0.1255881288,2.7927130053,0.3719843059,0.4580000000,0.0660000000,-0.1255881288,2.7927130053,0.3719843059
