Instance,INF_avg,INF_sd,INF_r1,INF_kr,INF_sk,SUP_avg,SUP_sd,SUP_r1,SUP_kr,SUP_sk,INC_avg,INC_sd,INC_r1,INC_kr,INC_sk,IND_avg,IND_sd,IND_r1,IND_kr,IND_sk
19,0.2420000000,0.0641560597,0.1713194240,2.3013625275,0.1821360483,0.2700000000,0.0670820393,-0.0635294118,1.6779259259,0.3577708764,0.4880000000,0.0401995025,-0.4746300211,3.2395843545,0.8482445750,0.4880000000,0.0401995025,-0.4746300211,3.2395843545,0.8482445750
