Instance,INF_avg,INF_sd,INF_r1,INF_kr,INF_sk,SUP_avg,SUP_sd,SUP_r1,SUP_kr,SUP_sk,INC_avg,INC_sd,INC_r1,INC_kr,INC_sk,IND_avg,IND_sd,IND_r1,IND_kr,IND_sk
427,0.2820000000,0.0904212364,-0.2421512422,2.2872997576,-0.5514308221,0.2480000000,0.0830421580,-0.0876211081,2.2579322355,0.0635352238,0.4700000000,0.0860232527,-0.2437534703,3.4758948137,0.8294426116,0.4700000000,0.0860232527,-0.2437534703,3.4758948137,0.8294426116
