Instance,INF_avg,INF_sd,INF_r1,INF_kr,INF_sk,SUP_avg,SUP_sd,SUP_r1,SUP_kr,SUP_sk,INC_avg,INC_sd,INC_r1,INC_kr,INC_sk,IND_avg,IND_sd,IND_r1,IND_kr,IND_sk
129,0.2000000000,0.0979795897,-0.2500000000,2.6041666667,0.2551551815,0.3000000000,0.1200000000,-0.3437500000,3.0092592593,0.5555555556,0.5000000000,0.1469693846,-0.2592592593,2.7263374486,-0.3024061411,0.5000000000,0.1469693846,-0.2592592593,2.7263374486,-0.3024061411
