Instance,INF_avg,INF_sd,INF_r1,INF_kr,INF_sk,SUP_avg,SUP_sd,SUP_r1,SUP_kr,SUP_sk,INC_avg,INC_sd,INC_r1,INC_kr,INC_sk,IND_avg,IND_sd,IND_r1,IND_kr,IND_sk
101,0.2380000000,0.0951630180,0.2405923380,2.5304684476,-0.2811058744,0.2160000000,0.0674091982,-0.2431182947,2.7865347897,-0.6927942400,0.5460000000,0.1009158065,-0.0635105708,3.1868300413,0.5471027164,0.5460000000,0.1009158065,-0.0635105708,3.1868300413,0.5471027164
