Instance,INF_avg,INF_sd,INF_r1,INF_kr,INF_sk,SUP_avg,SUP_sd,SUP_r1,SUP_kr,SUP_sk,INC_avg,INC_sd,INC_r1,INC_kr,INC_sk,IND_avg,IND_sd,IND_r1,IND_kr,IND_sk
455,0.3552000000,0.0765830268,0.1707671229,2.4016844899,-0.1729330493,0.2174000000,0.0675073329,0.1850394108,2.3834330978,0.0700934504,0.4274000000,0.0752412121,-0.0037371197,2.8607942474,0.4456660013,0.4274000000,0.0752412121,-0.0037371197,2.8607942474,0.4456660013
