Instance,INF_avg,INF_sd,INF_r1,INF_kr,INF_sk,SUP_avg,SUP_sd,SUP_r1,SUP_kr,SUP_sk,INC_avg,INC_sd,INC_r1,INC_kr,INC_sk,IND_avg,IND_sd,IND_r1,IND_kr,IND_sk
71,0.2340000000,0.0346987031,0.0442418102,2.8156090992,-0.5675817934,0.2220000000,0.0561782876,-0.1090450259,1.6065915849,-0.2918465115,0.5440000000,0.0649923072,-0.0195852535,1.4486053719,0.0482574595,0.5440000000,0.0649923072,-0.0195852535,1.4486053719,0.0482574595
