Instance,INF_avg,INF_sd,INF_r1,INF_kr,INF_sk,SUP_avg,SUP_sd,SUP_r1,SUP_kr,SUP_sk,INC_avg,INC_sd,INC_r1,INC_kr,INC_sk,IND_avg,IND_sd,IND_r1,IND_kr,IND_sk
60,0.2420000000,0.1146123903,-0.0344848700,4.8331195728,0.9138039255,0.2300000000,0.0860232527,0.4058856191,1.9309715121,0.1602332318,0.5280000000,0.1233531516,0.3158876338,2.6639698541,-0.1758690883,0.5280000000,0.1233531516,0.3158876338,2.6639698541,-0.1758690883
