Instance,INF_avg,INF_sd,INF_r1,INF_kr,INF_sk,SUP_avg,SUP_sd,SUP_r1,SUP_kr,SUP_sk,INC_avg,INC_sd,INC_r1,INC_kr,INC_sk,IND_avg,IND_sd,IND_r1,IND_kr,IND_sk
170,0.2488000000,0.0577110041,0.1966542560,2.0424428143,0.0967262248,0.2344000000,0.0575555384,0.1609594348,2.5460838754,-0.2425880787,0.5168000000,0.0613657885,-0.0612181254,2.1900619084,-0.6299566054,0.5168000000,0.0613657885,-0.0612181254,2.1900619084,-0.6299566054
