Instance,INF_avg,INF_sd,INF_r1,INF_kr,INF_sk,SUP_avg,SUP_sd,SUP_r1,SUP_kr,SUP_sk,INC_avg,INC_sd,INC_r1,INC_kr,INC_sk,IND_avg,IND_sd,IND_r1,IND_kr,IND_sk
184,0.2970000000,0.0245153013,0.2574347747,1.8839842636,0.0228048683,0.2330000000,0.0253179778,0.2906178490,4.1828582972,-1.3368806209,0.4700000000,0.0417133072,0.5167785235,2.7288941736,0.8927937338,0.4700000000,0.0417133072,0.5167785235,2.7288941736,0.8927937338
