Instance,INF_avg,INF_sd,INF_r1,INF_kr,INF_sk,SUP_avg,SUP_sd,SUP_r1,SUP_kr,SUP_sk,INC_avg,INC_sd,INC_r1,INC_kr,INC_sk,IND_avg,IND_sd,IND_r1,IND_kr,IND_sk
381,0.2613000000,0.0487986680,0.2452766913,2.5678699307,0.3652233817,0.2280000000,0.0540925133,0.1232474552,3.0274303169,0.5077501522,0.5107000000,0.0545940473,-0.0882542094,3.2436727071,-0.4724084915,0.5107000000,0.0545940473,-0.0882542094,3.2436727071,-0.4724084915
