Instance,INF_avg,INF_sd,INF_r1,INF_kr,INF_sk,SUP_avg,SUP_sd,SUP_r1,SUP_kr,SUP_sk,INC_avg,INC_sd,INC_r1,INC_kr,INC_sk,IND_avg,IND_sd,IND_r1,IND_kr,IND_sk
416,0.2480000000,0.0647456562,-0.0335370632,2.1937241419,-0.0070740694,0.2560000000,0.0527636238,-0.1531054405,2.3636543797,-0.1490054775,0.4960000000,0.0731026675,-0.1552281710,1.7890745455,-0.1100904312,0.4960000000,0.0731026675,-0.1552281710,1.7890745455,-0.1100904312
