Instance,INF_avg,INF_sd,INF_r1,INF_kr,INF_sk,SUP_avg,SUP_sd,SUP_r1,SUP_kr,SUP_sk,INC_avg,INC_sd,INC_r1,INC_kr,INC_sk,IND_avg,IND_sd,IND_r1,IND_kr,IND_sk
100,0.2824324324,0.0916929484,0.1930777312,3.3456222859,0.7351864872,0.1891891892,0.0945366618,0.2381315102,3.0748454902,0.5045065359,0.5283783784,0.1081418866,-0.0616172445,2.4500674157,-0.3966124927,0.5283783784,0.1081418866,-0.0616172445,2.4500674157,-0.3966124927
