Instance,INF_avg,INF_sd,INF_r1,INF_kr,INF_sk,SUP_avg,SUP_sd,SUP_r1,SUP_kr,SUP_sk,INC_avg,INC_sd,INC_r1,INC_kr,INC_sk,IND_avg,IND_sd,IND_r1,IND_kr,IND_sk
75,0.3398000000,0.0877038198,0.8297029770,2.0763579726,0.0009415514,0.1156000000,0.0932691803,0.9404495221,2.3183083827,0.7178134765,0.5446000000,0.0444279192,0.2473478145,2.2836634222,0.1017311594,0.5446000000,0.0444279192,0.2473478145,2.2836634222,0.1017311594
