Instance,INF_avg,INF_sd,INF_r1,INF_kr,INF_sk,SUP_avg,SUP_sd,SUP_r1,SUP_kr,SUP_sk,INC_avg,INC_sd,INC_r1,INC_kr,INC_sk,IND_avg,IND_sd,IND_r1,IND_kr,IND_sk
292,0.2200000000,0.1166190379,-0.1651917404,3.7041522491,1.1197848795,0.2300000000,0.1345362405,-0.5380344253,2.2409877598,0.6751246279,0.5500000000,0.1565247584,-0.2783505155,1.7263640150,-0.0782297835,0.5500000000,0.1565247584,-0.2783505155,1.7263640150,-0.0782297835
