Instance,INF_avg,INF_sd,INF_r1,INF_kr,INF_sk,SUP_avg,SUP_sd,SUP_r1,SUP_kr,SUP_sk,INC_avg,INC_sd,INC_r1,INC_kr,INC_sk,IND_avg,IND_sd,IND_r1,IND_kr,IND_sk
371,0.2496000000,0.0463232123,0.0648732511,3.4928510018,0.5554713168,0.2590000000,0.0436004587,-0.0257921576,2.5222221700,-0.1133626091,0.4914000000,0.0499403644,0.1027573391,2.9930566729,-0.0878155371,0.4914000000,0.0499403644,0.1027573391,2.9930566729,-0.0878155371
