Instance,INF_avg,INF_sd,INF_r1,INF_kr,INF_sk,SUP_avg,SUP_sd,SUP_r1,SUP_kr,SUP_sk,INC_avg,INC_sd,INC_r1,INC_kr,INC_sk,IND_avg,IND_sd,IND_r1,IND_kr,IND_sk
103,0.3400000000,0.0809938269,-0.9090909091,2.0597858418,-0.7588654218,0.2360000000,0.0793977330,-0.3986556360,2.3914684738,0.9344459927,0.4240000000,0.0697423831,0.0353460972,2.5196069945,0.2569607151,0.4240000000,0.0697423831,0.0353460972,2.5196069945,0.2569607151
