Instance,INF_avg,INF_sd,INF_r1,INF_kr,INF_sk,SUP_avg,SUP_sd,SUP_r1,SUP_kr,SUP_sk,INC_avg,INC_sd,INC_r1,INC_kr,INC_sk,IND_avg,IND_sd,IND_r1,IND_kr,IND_sk
446,0.2385000000,0.0918844383,-0.0111570696,2.8628186505,0.1566801157,0.2435000000,0.1087784446,0.1431439134,3.2038227978,0.5048084443,0.5180000000,0.1248038461,0.1146466378,3.1520509211,-0.1347445733,0.5180000000,0.1248038461,0.1146466378,3.1520509211,-0.1347445733
