Instance,INF_avg,INF_sd,INF_r1,INF_kr,INF_sk,SUP_avg,SUP_sd,SUP_r1,SUP_kr,SUP_sk,INC_avg,INC_sd,INC_r1,INC_kr,INC_sk,IND_avg,IND_sd,IND_r1,IND_kr,IND_sk
365,0.3080000000,0.1197330364,-0.2643625121,2.9011031170,0.4051423904,0.2480000000,0.1552288633,-0.1130751809,1.9486648360,0.3260575691,0.4440000000,0.1235475617,0.1192212061,2.2122476695,0.0105884413,0.4440000000,0.1235475617,0.1192212061,2.2122476695,0.0105884413
