Instance,INF_avg,INF_sd,INF_r1,INF_kr,INF_sk,SUP_avg,SUP_sd,SUP_r1,SUP_kr,SUP_sk,INC_avg,INC_sd,INC_r1,INC_kr,INC_sk,IND_avg,IND_sd,IND_r1,IND_kr,IND_sk
336,0.2180000000,0.0978570386,0.2198726250,1.9616260786,0.0022025891,0.2900000000,0.0959166305,0.3077299413,2.2920604915,-0.0203981492,0.4920000000,0.1045753317,-0.0075984037,2.8725997210,-0.1023262801,0.4920000000,0.1045753317,-0.0075984037,2.8725997210,-0.1023262801
