Instance,INF_avg,INF_sd,INF_r1,INF_kr,INF_sk,SUP_avg,SUP_sd,SUP_r1,SUP_kr,SUP_sk,INC_avg,INC_sd,INC_r1,INC_kr,INC_sk,IND_avg,IND_sd,IND_r1,IND_kr,IND_sk
465,0.2384615385,0.1388882314,0.1730358414,3.9873348639,1.1865275610,0.1538461538,0.0745796901,0.6046228710,2.6996378452,-0.1316707974,0.6076923077,0.1439098995,-0.0002547771,2.4659428571,-0.2895584655,0.6076923077,0.1439098995,-0.0002547771,2.4659428571,-0.2895584655
