Instance,INF_avg,INF_sd,INF_r1,INF_kr,INF_sk,SUP_avg,SUP_sd,SUP_r1,SUP_kr,SUP_sk,INC_avg,INC_sd,INC_r1,INC_kr,INC_sk,IND_avg,IND_sd,IND_r1,IND_kr,IND_sk
324,0.2136000000,0.0435320572,0.0565973959,3.8507641727,1.0183274453,0.3252000000,0.0610652110,0.4176204889,3.0589796113,-0.3349544361,0.4612000000,0.0581941578,0.1910001304,5.2967632450,1.1455700180,0.4612000000,0.0581941578,0.1910001304,5.2967632450,1.1455700180
