Instance,INF_avg,INF_sd,INF_r1,INF_kr,INF_sk,SUP_avg,SUP_sd,SUP_r1,SUP_kr,SUP_sk,INC_avg,INC_sd,INC_r1,INC_kr,INC_sk,IND_avg,IND_sd,IND_r1,IND_kr,IND_sk
96,0.2960000000,0.0431740663,-0.5426789938,2.1720882683,0.5421709682,0.2120000000,0.0231516738,-0.3778939507,1.6975941190,0.3365218792,0.4920000000,0.0411825206,-0.6110321970,2.1978573336,-0.0656305188,0.4920000000,0.0411825206,-0.6110321970,2.1978573336,-0.0656305188
