Instance,INF_avg,INF_sd,INF_r1,INF_kr,INF_sk,SUP_avg,SUP_sd,SUP_r1,SUP_kr,SUP_sk,INC_avg,INC_sd,INC_r1,INC_kr,INC_sk,IND_avg,IND_sd,IND_r1,IND_kr,IND_sk
24,0.2200000000,0.1661324773,-0.2388724036,1.7574039067,0.2041325335,0.3200000000,0.1248999600,-0.0427807487,2.9171597633,0.8499109702,0.4600000000,0.1743559577,-0.0057471264,2.1333102493,0.7380545649,0.4600000000,0.1743559577,-0.0057471264,2.1333102493,0.7380545649
