Instance,INF_avg,INF_sd,INF_r1,INF_kr,INF_sk,SUP_avg,SUP_sd,SUP_r1,SUP_kr,SUP_sk,INC_avg,INC_sd,INC_r1,INC_kr,INC_sk,IND_avg,IND_sd,IND_r1,IND_kr,IND_sk
338,0.3408000000,0.0738062328,0.1542182103,3.4317908724,0.1127370307,0.2938000000,0.0611028641,-0.0091411373,2.6410786390,-0.0210293717,0.3654000000,0.0674005935,0.0851466796,2.9111855169,-0.0880220195,0.3654000000,0.0674005935,0.0851466796,2.9111855169,-0.0880220195
