Instance,INF_avg,INF_sd,INF_r1,INF_kr,INF_sk,SUP_avg,SUP_sd,SUP_r1,SUP_kr,SUP_sk,INC_avg,INC_sd,INC_r1,INC_kr,INC_sk,IND_avg,IND_sd,IND_r1,IND_kr,IND_sk
37,0.2285000000,0.1091455450,0.0223925951,2.3094756831,0.2688466447,0.2785000000,0.1116366875,0.0473688763,4.3446166924,0.8589345509,0.4930000000,0.1352811886,0.0006026764,2.7303674724,0.2088892325,0.4930000000,0.1352811886,0.0006026764,2.7303674724,0.2088892325
