Instance,INF_avg,INF_sd,INF_r1,INF_kr,INF_sk,SUP_avg,SUP_sd,SUP_r1,SUP_kr,SUP_sk,INC_avg,INC_sd,INC_r1,INC_kr,INC_sk,IND_avg,IND_sd,IND_r1,IND_kr,IND_sk
483,0.2470000000,0.0966488489,-0.2810156794,4.3036244491,0.5666789520,0.2650000000,0.0820060973,-0.1539354539,2.5550918312,-0.2964690242,0.4880000000,0.1041921302,-0.1678133280,3.2973506190,-0.2762384425,0.4880000000,0.1041921302,-0.1678133280,3.2973506190,-0.2762384425
