Instance,INF_avg,INF_sd,INF_r1,INF_kr,INF_sk,SUP_avg,SUP_sd,SUP_r1,SUP_kr,SUP_sk,INC_avg,INC_sd,INC_r1,INC_kr,INC_sk,IND_avg,IND_sd,IND_r1,IND_kr,IND_sk
490,0.2915000000,0.1120390557,-0.0439946853,4.0985974231,0.2395902075,0.2120000000,0.0938402899,0.0865102439,4.6275407684,0.7033952435,0.4965000000,0.1175276563,0.1044967136,4.1683897990,0.5829360171,0.4965000000,0.1175276563,0.1044967136,4.1683897990,0.5829360171
