Instance,INF_avg,INF_sd,INF_r1,INF_kr,INF_sk,SUP_avg,SUP_sd,SUP_r1,SUP_kr,SUP_sk,INC_avg,INC_sd,INC_r1,INC_kr,INC_sk,IND_avg,IND_sd,IND_r1,IND_kr,IND_sk
221,0.2990000000,0.1479831071,0.0617820520,2.9946468162,0.4059941624,0.2420000000,0.1379710114,0.1174843677,3.8725469500,0.6348483597,0.4590000000,0.1503961436,-0.0226811414,2.6805339236,-0.0584812139,0.4590000000,0.1503961436,-0.0226811414,2.6805339236,-0.0584812139
