Instance,INF_avg,INF_sd,INF_r1,INF_kr,INF_sk,SUP_avg,SUP_sd,SUP_r1,SUP_kr,SUP_sk,INC_avg,INC_sd,INC_r1,INC_kr,INC_sk,IND_avg,IND_sd,IND_r1,IND_kr,IND_sk
4,0.3488135593,0.0721834937,0.0870751671,3.0982900216,0.5605702450,0.1284745763,0.0636945454,0.2747496279,2.6992659918,0.4333303916,0.5227118644,0.0701047765,-0.0618839420,2.7345876485,-0.1294874946,0.5227118644,0.0701047765,-0.0618839420,2.7345876485,-0.1294874946
