Instance,INF_avg,INF_sd,INF_r1,INF_kr,INF_sk,SUP_avg,SUP_sd,SUP_r1,SUP_kr,SUP_sk,INC_avg,INC_sd,INC_r1,INC_kr,INC_sk,IND_avg,IND_sd,IND_r1,IND_kr,IND_sk
357,0.2360000000,0.1261110622,-0.0535278825,2.9005947152,0.1972966312,0.2100000000,0.1374772708,-0.1158752278,4.4225245654,0.8359246166,0.5540000000,0.1639634106,-0.2699526187,2.9878564613,-0.1389911675,0.5540000000,0.1639634106,-0.2699526187,2.9878564613,-0.1389911675
