Instance,INF_avg,INF_sd,INF_r1,INF_kr,INF_sk,SUP_avg,SUP_sd,SUP_r1,SUP_kr,SUP_sk,INC_avg,INC_sd,INC_r1,INC_kr,INC_sk,IND_avg,IND_sd,IND_r1,IND_kr,IND_sk
280,0.2700000000,0.1208304597,-0.2664601084,1.9141489961,-0.6428116970,0.2650000000,0.1245993579,0.0846140855,3.1292756735,1.0910331420,0.4650000000,0.1073545528,-0.6117348787,2.7843695447,-0.1491196822,0.4650000000,0.1073545528,-0.6117348787,2.7843695447,-0.1491196822
