Instance,INF_avg,INF_sd,INF_r1,INF_kr,INF_sk,SUP_avg,SUP_sd,SUP_r1,SUP_kr,SUP_sk,INC_avg,INC_sd,INC_r1,INC_kr,INC_sk,IND_avg,IND_sd,IND_r1,IND_kr,IND_sk
296,0.2640000000,0.1410815367,-0.2417325898,2.9158559155,0.2265912777,0.2560000000,0.1551257554,-0.1506443608,2.8266608194,0.6272879082,0.4800000000,0.1326649916,-0.1010009099,2.6508264463,-0.4522670169,0.4800000000,0.1326649916,-0.1010009099,2.6508264463,-0.4522670169
