Instance,INF_avg,INF_sd,INF_r1,INF_kr,INF_sk,SUP_avg,SUP_sd,SUP_r1,SUP_kr,SUP_sk,INC_avg,INC_sd,INC_r1,INC_kr,INC_sk,IND_avg,IND_sd,IND_r1,IND_kr,IND_sk
77,0.2330000000,0.0312729915,0.0875987071,2.5609105850,0.3081904332,0.2424000000,0.0323147025,-0.2096545116,3.7937613942,-0.6366215578,0.5246000000,0.0328000000,0.0692418650,3.3918864190,-0.4992958423,0.5246000000,0.0328000000,0.0692418650,3.3918864190,-0.4992958423
