Instance,INF_avg,INF_sd,INF_r1,INF_kr,INF_sk,SUP_avg,SUP_sd,SUP_r1,SUP_kr,SUP_sk,INC_avg,INC_sd,INC_r1,INC_kr,INC_sk,IND_avg,IND_sd,IND_r1,IND_kr,IND_sk
38,0.3700000000,0.1486606875,-0.1411208643,2.4155320325,-0.0255676537,0.2300000000,0.1004987562,-0.0405827263,1.7544358396,-0.0354666721,0.4000000000,0.1414213562,-0.2500000000,1.7000000000,0.4242640687,0.4000000000,0.1414213562,-0.2500000000,1.7000000000,0.4242640687
