Instance,INF_avg,INF_sd,INF_r1,INF_kr,INF_sk,SUP_avg,SUP_sd,SUP_r1,SUP_kr,SUP_sk,INC_avg,INC_sd,INC_r1,INC_kr,INC_sk,IND_avg,IND_sd,IND_r1,IND_kr,IND_sk
385,0.2450000000,0.0820060973,-0.2801839785,2.5789720982,0.2964690242,0.2700000000,0.0781024968,0.4413919414,1.7433485622,0.1070472275,0.4850000000,0.1073545528,0.1734268801,2.5133375055,0.8765327660,0.4850000000,0.1073545528,0.1734268801,2.5133375055,0.8765327660
