Instance,INF_avg,INF_sd,INF_r1,INF_kr,INF_sk,SUP_avg,SUP_sd,SUP_r1,SUP_kr,SUP_sk,INC_avg,INC_sd,INC_r1,INC_kr,INC_sk,IND_avg,IND_sd,IND_r1,IND_kr,IND_sk
306,0.2680000000,0.1592984620,-0.0899113336,2.7073518444,0.4722155009,0.2320000000,0.1617899873,0.0954619787,1.8346793718,0.0978357877,0.5000000000,0.1697056275,0.0845070423,1.9097222222,-0.0491046376,0.5000000000,0.1697056275,0.0845070423,1.9097222222,-0.0491046376
