Instance,INF_avg,INF_sd,INF_r1,INF_kr,INF_sk,SUP_avg,SUP_sd,SUP_r1,SUP_kr,SUP_sk,INC_avg,INC_sd,INC_r1,INC_kr,INC_sk,IND_avg,IND_sd,IND_r1,IND_kr,IND_sk
359,0.2480000000,0.0877268488,0.1108403748,2.4507620126,0.0165653101,0.2060000000,0.0920000000,-0.0263032692,2.5341135681,0.0737548286,0.5460000000,0.1066958293,0.1475460325,3.0545332701,0.5118220320,0.5460000000,0.1066958293,0.1475460325,3.0545332701,0.5118220320
