Instance,INF_avg,INF_sd,INF_r1,INF_kr,INF_sk,SUP_avg,SUP_sd,SUP_r1,SUP_kr,SUP_sk,INC_avg,INC_sd,INC_r1,INC_kr,INC_sk,IND_avg,IND_sd,IND_r1,IND_kr,IND_sk
150,0.2370000000,0.0318747549,0.0075140889,1.5958560667,-0.1128308815,0.2450000000,0.0400000000,0.1222570533,1.4189453125,-0.0351562500,0.5180000000,0.0429651021,-0.1296592728,2.9228380534,-1.2603894803,0.5180000000,0.0429651021,-0.1296592728,2.9228380534,-1.2603894803
