Instance,INF_avg,INF_sd,INF_r1,INF_kr,INF_sk,SUP_avg,SUP_sd,SUP_r1,SUP_kr,SUP_sk,INC_avg,INC_sd,INC_r1,INC_kr,INC_sk,IND_avg,IND_sd,IND_r1,IND_kr,IND_sk
402,0.2044000000,0.0319161401,0.2127890992,1.8726178186,-0.0178779792,0.2660000000,0.0314324673,0.2672395636,4.0003073317,0.8558931680,0.5296000000,0.0344360276,-0.0602836688,3.8428851188,-0.9961139068,0.5296000000,0.0344360276,-0.0602836688,3.8428851188,-0.9961139068
