Instance,INF_avg,INF_sd,INF_r1,INF_kr,INF_sk,SUP_avg,SUP_sd,SUP_r1,SUP_kr,SUP_sk,INC_avg,INC_sd,INC_r1,INC_kr,INC_sk,IND_avg,IND_sd,IND_r1,IND_kr,IND_sk
250,0.2229000000,0.0328495053,0.0884927102,3.4401033815,0.7597143034,0.3089000000,0.0404263528,0.2279729459,2.0407488392,0.0047221981,0.4682000000,0.0359132288,0.1620810871,2.7663927758,-0.0635686360,0.4682000000,0.0359132288,0.1620810871,2.7663927758,-0.0635686360
