Instance,INF_avg,INF_sd,INF_r1,INF_kr,INF_sk,SUP_avg,SUP_sd,SUP_r1,SUP_kr,SUP_sk,INC_avg,INC_sd,INC_r1,INC_kr,INC_sk,IND_avg,IND_sd,IND_r1,IND_kr,IND_sk
16,0.3268000000,0.0603469966,0.2789095602,2.6304384191,-0.0606378476,0.2208000000,0.0629869828,0.2826643480,2.9979999792,0.2436165032,0.4524000000,0.0625958465,0.3087103961,2.1710271686,-0.3861331204,0.4524000000,0.0625958465,0.3087103961,2.1710271686,-0.3861331204
