Instance,INF_avg,INF_sd,INF_r1,INF_kr,INF_sk,SUP_avg,SUP_sd,SUP_r1,SUP_kr,SUP_sk,INC_avg,INC_sd,INC_r1,INC_kr,INC_sk,IND_avg,IND_sd,IND_r1,IND_kr,IND_sk
394,0.2680000000,0.1231909088,-0.1691773135,2.6942140699,0.6176175792,0.2430000000,0.0927415764,-0.0200304123,2.1919036515,0.0920982016,0.4890000000,0.1184440796,-0.0410392217,2.3303051502,0.1635649348,0.4890000000,0.1184440796,-0.0410392217,2.3303051502,0.1635649348
