Instance,INF_avg,INF_sd,INF_r1,INF_kr,INF_sk,SUP_avg,SUP_sd,SUP_r1,SUP_kr,SUP_sk,INC_avg,INC_sd,INC_r1,INC_kr,INC_sk,IND_avg,IND_sd,IND_r1,IND_kr,IND_sk
364,0.2600000000,0.1685229955,0.1254416961,1.6518547907,0.1404079708,0.2600000000,0.1562049935,0.1575091575,1.6224133298,0.3652199526,0.4800000000,0.0871779789,-0.4942528736,2.6786703601,-0.5071295170,0.4800000000,0.0871779789,-0.4942528736,2.6786703601,-0.5071295170
