Instance,INF_avg,INF_sd,INF_r1,INF_kr,INF_sk,SUP_avg,SUP_sd,SUP_r1,SUP_kr,SUP_sk,INC_avg,INC_sd,INC_r1,INC_kr,INC_sk,IND_avg,IND_sd,IND_r1,IND_kr,IND_sk
356,0.2492000000,0.0344000000,0.1775106006,1.9224128576,0.1149804420,0.2424000000,0.0458937904,-0.2419445866,2.3693386178,-0.0825416568,0.5084000000,0.0453148982,-0.1753114756,2.4682638661,-0.2336277182,0.5084000000,0.0453148982,-0.1753114756,2.4682638661,-0.2336277182
