Instance,INF_avg,INF_sd,INF_r1,INF_kr,INF_sk,SUP_avg,SUP_sd,SUP_r1,SUP_kr,SUP_sk,INC_avg,INC_sd,INC_r1,INC_kr,INC_sk,IND_avg,IND_sd,IND_r1,IND_kr,IND_sk
19,0.2250000000,0.0750000000,0.1384615385,1.9481481481,-0.0000000000,0.3150000000,0.0975961065,-0.6702224931,2.4374108748,0.1403825203,0.4600000000,0.0860232527,-0.4343707713,2.3232286340,-0.3110409793,0.4600000000,0.0860232527,-0.4343707713,2.3232286340,-0.3110409793
