Instance,INF_avg,INF_sd,INF_r1,INF_kr,INF_sk,SUP_avg,SUP_sd,SUP_r1,SUP_kr,SUP_sk,INC_avg,INC_sd,INC_r1,INC_kr,INC_sk,IND_avg,IND_sd,IND_r1,IND_kr,IND_sk
97,0.2930000000,0.1212476804,-0.2777380736,3.1595233646,0.0457591764,0.2230000000,0.0949789450,0.0374023212,2.3674228043,0.2893120158,0.4840000000,0.1065082156,-0.0198538127,3.8378666092,-0.6094803875,0.4840000000,0.1065082156,-0.0198538127,3.8378666092,-0.6094803875
