Instance,INF_avg,INF_sd,INF_r1,INF_kr,INF_sk,SUP_avg,SUP_sd,SUP_r1,SUP_kr,SUP_sk,INC_avg,INC_sd,INC_r1,INC_kr,INC_sk,IND_avg,IND_sd,IND_r1,IND_kr,IND_sk
316,0.2360000000,0.0515363949,0.2640364188,2.6251179416,0.6652217834,0.2116000000,0.0486357893,-0.2118701979,2.0503357658,0.2197555991,0.5524000000,0.0574999130,-0.0123140598,3.2490852478,-0.4131259088,0.5524000000,0.0574999130,-0.0123140598,3.2490852478,-0.4131259088
