Instance,INF_avg,INF_sd,INF_r1,INF_kr,INF_sk,SUP_avg,SUP_sd,SUP_r1,SUP_kr,SUP_sk,INC_avg,INC_sd,INC_r1,INC_kr,INC_sk,IND_avg,IND_sd,IND_r1,IND_kr,IND_sk
201,0.2420000000,0.0337045991,-0.6619452314,1.2910632811,0.0150437112,0.2720000000,0.0411825206,-0.6008004002,1.8732867569,-0.0914016649,0.4860000000,0.0344093011,-0.5677966102,2.6519357195,1.0179522960,0.4860000000,0.0344093011,-0.5677966102,2.6519357195,1.0179522960
