Instance,INF_avg,INF_sd,INF_r1,INF_kr,INF_sk,SUP_avg,SUP_sd,SUP_r1,SUP_kr,SUP_sk,INC_avg,INC_sd,INC_r1,INC_kr,INC_sk,IND_avg,IND_sd,IND_r1,IND_kr,IND_sk
61,0.3300000000,0.0812403840,-0.1620294599,1.5798898072,-0.1790421687,0.1900000000,0.0663324958,0.1863207547,3.8440082645,1.1409463380,0.4800000000,0.0781024968,-0.2063227953,2.0658425155,0.2077975592,0.4800000000,0.0781024968,-0.2063227953,2.0658425155,0.2077975592
