Instance,INF_avg,INF_sd,INF_r1,INF_kr,INF_sk,SUP_avg,SUP_sd,SUP_r1,SUP_kr,SUP_sk,INC_avg,INC_sd,INC_r1,INC_kr,INC_sk,IND_avg,IND_sd,IND_r1,IND_kr,IND_sk
221,0.4040000000,0.0494368284,0.3545789231,2.1724923055,-0.0462823455,0.1700000000,0.0357770876,-0.5806451613,2.1801757812,-0.4847725498,0.4260000000,0.0569561235,0.0935997040,2.2138368700,0.4556690780,0.4260000000,0.0569561235,0.0935997040,2.2138368700,0.4556690780
