Instance,INF_avg,INF_sd,INF_r1,INF_kr,INF_sk,SUP_avg,SUP_sd,SUP_r1,SUP_kr,SUP_sk,INC_avg,INC_sd,INC_r1,INC_kr,INC_sk,IND_avg,IND_sd,IND_r1,IND_kr,IND_sk
55,0.2600000000,0.0800000000,-0.3157894737,3.2500000000,-1.5000000000,0.3000000000,0.1095445115,-0.3333333333,2.5000000000,-0.9128709292,0.4400000000,0.1019803903,0.3650793651,1.9556213018,0.2715454179,0.4400000000,0.1019803903,0.3650793651,1.9556213018,0.2715454179
