Instance,INF_avg,INF_sd,INF_r1,INF_kr,INF_sk,SUP_avg,SUP_sd,SUP_r1,SUP_kr,SUP_sk,INC_avg,INC_sd,INC_r1,INC_kr,INC_sk,IND_avg,IND_sd,IND_r1,IND_kr,IND_sk
315,0.2566000000,0.0458741757,0.1581469331,3.2374225809,0.4572699743,0.2740000000,0.0480000000,0.0465385222,2.3009711372,0.2082248264,0.4694000000,0.0517845537,0.0158612721,2.6631720902,-0.1410900873,0.4694000000,0.0517845537,0.0158612721,2.6631720902,-0.1410900873
