Instance,INF_avg,INF_sd,INF_r1,INF_kr,INF_sk,SUP_avg,SUP_sd,SUP_r1,SUP_kr,SUP_sk,INC_avg,INC_sd,INC_r1,INC_kr,INC_sk,IND_avg,IND_sd,IND_r1,IND_kr,IND_sk
474,0.2835000000,0.1032121601,-0.0345450865,2.7610207819,0.2960938811,0.2795000000,0.1046649416,-0.0258847788,2.6810389837,0.0728971168,0.4370000000,0.1158921913,-0.0296279158,3.7867290236,-0.6610743684,0.4370000000,0.1158921913,-0.0296279158,3.7867290236,-0.6610743684
