Instance,INF_avg,INF_sd,INF_r1,INF_kr,INF_sk,SUP_avg,SUP_sd,SUP_r1,SUP_kr,SUP_sk,INC_avg,INC_sd,INC_r1,INC_kr,INC_sk,IND_avg,IND_sd,IND_r1,IND_kr,IND_sk
328,0.2655000000,0.0297867420,-0.3700019724,2.1967301398,-0.2684055928,0.2335000000,0.0143265488,-0.2807190001,1.9286319378,-0.5902009026,0.5010000000,0.0336749165,-0.1060988813,1.9309229865,-0.0884586004,0.5010000000,0.0336749165,-0.1060988813,1.9309229865,-0.0884586004
