Instance,INF_avg,INF_sd,INF_r1,INF_kr,INF_sk,SUP_avg,SUP_sd,SUP_r1,SUP_kr,SUP_sk,INC_avg,INC_sd,INC_r1,INC_kr,INC_sk,IND_avg,IND_sd,IND_r1,IND_kr,IND_sk
4,0.2934000000,0.0451490864,-0.1889774595,2.4294165555,0.3380132145,0.2540000000,0.0429418211,0.0770632648,2.2149199373,0.0672857103,0.4526000000,0.0504701892,-0.2265476594,3.2530692147,0.4624618682,0.4526000000,0.0504701892,-0.2265476594,3.2530692147,0.4624618682
