Instance,INF_avg,INF_sd,INF_r1,INF_kr,INF_sk,SUP_avg,SUP_sd,SUP_r1,SUP_kr,SUP_sk,INC_avg,INC_sd,INC_r1,INC_kr,INC_sk,IND_avg,IND_sd,IND_r1,IND_kr,IND_sk
193,0.2960000000,0.0882269800,0.0867697241,2.4150263697,-0.4026566460,0.2300000000,0.0959166305,-0.1829474873,2.7429111531,-0.3059722380,0.4740000000,0.0906862724,0.4201547980,3.0223990901,0.1931446044,0.4740000000,0.0906862724,0.4201547980,3.0223990901,0.1931446044
