Instance,INF_avg,INF_sd,INF_r1,INF_kr,INF_sk,SUP_avg,SUP_sd,SUP_r1,SUP_kr,SUP_sk,INC_avg,INC_sd,INC_r1,INC_kr,INC_sk,IND_avg,IND_sd,IND_r1,IND_kr,IND_sk
92,0.2700000000,0.1568438714,-0.4686924494,2.3762641285,0.7946382936,0.2400000000,0.0583095189,-0.2313432836,1.6280276817,-0.3631734744,0.4900000000,0.1356465997,-0.3800904977,2.3638941399,-0.7500308204,0.4900000000,0.1356465997,-0.3800904977,2.3638941399,-0.7500308204
