Instance,INF_avg,INF_sd,INF_r1,INF_kr,INF_sk,SUP_avg,SUP_sd,SUP_r1,SUP_kr,SUP_sk,INC_avg,INC_sd,INC_r1,INC_kr,INC_sk,IND_avg,IND_sd,IND_r1,IND_kr,IND_sk
327,0.3703174603,0.0861425222,0.2927033492,3.3490312028,0.2765449877,0.1219047619,0.0628643575,0.4820164552,3.3181944440,0.7110450319,0.5077777778,0.0748743804,-0.0506680048,3.1216043114,-0.1102188761,0.5077777778,0.0748743804,-0.0506680048,3.1216043114,-0.1102188761
