Instance,INF_avg,INF_sd,INF_r1,INF_kr,INF_sk,SUP_avg,SUP_sd,SUP_r1,SUP_kr,SUP_sk,INC_avg,INC_sd,INC_r1,INC_kr,INC_sk,IND_avg,IND_sd,IND_r1,IND_kr,IND_sk
280,0.2744000000,0.0273612865,-0.2830326364,3.1434475914,-0.6921208055,0.2840000000,0.0283901391,0.0906373013,4.6663885622,0.8479860410,0.4416000000,0.0288000000,-0.3367684043,2.0412087774,-0.1513491030,0.4416000000,0.0288000000,-0.3367684043,2.0412087774,-0.1513491030
