Instance,INF_avg,INF_sd,INF_r1,INF_kr,INF_sk,SUP_avg,SUP_sd,SUP_r1,SUP_kr,SUP_sk,INC_avg,INC_sd,INC_r1,INC_kr,INC_sk,IND_avg,IND_sd,IND_r1,IND_kr,IND_sk
86,0.2480000000,0.0830421580,-0.1830757512,2.8029874409,0.4826330058,0.2260000000,0.1068831137,-0.0488212363,1.9514291011,-0.1749732022,0.5260000000,0.1114629983,-0.3063504761,2.5522379674,-0.3405852480,0.5260000000,0.1114629983,-0.3063504761,2.5522379674,-0.3405852480
