Instance,INF_avg,INF_sd,INF_r1,INF_kr,INF_sk,SUP_avg,SUP_sd,SUP_r1,SUP_kr,SUP_sk,INC_avg,INC_sd,INC_r1,INC_kr,INC_sk,IND_avg,IND_sd,IND_r1,IND_kr,IND_sk
432,0.2445000000,0.1029308020,-0.1523069341,3.5288212251,0.4779617316,0.2525000000,0.0985837208,-0.0841313492,2.8412166954,0.3218248191,0.5030000000,0.1224377393,-0.1320346424,2.3131738959,-0.0408321786,0.5030000000,0.1224377393,-0.1320346424,2.3131738959,-0.0408321786
