Instance,INF_avg,INF_sd,INF_r1,INF_kr,INF_sk,SUP_avg,SUP_sd,SUP_r1,SUP_kr,SUP_sk,INC_avg,INC_sd,INC_r1,INC_kr,INC_sk,IND_avg,IND_sd,IND_r1,IND_kr,IND_sk
122,0.2330000000,0.0366878727,0.0087320133,2.5583491011,-0.2959790313,0.2285000000,0.0358503835,-0.6030656235,2.4967065497,-0.5962991437,0.5385000000,0.0441049884,0.1288635687,5.1361657193,1.6008407713,0.5385000000,0.0441049884,0.1288635687,5.1361657193,1.6008407713
