Instance,INF_avg,INF_sd,INF_r1,INF_kr,INF_sk,SUP_avg,SUP_sd,SUP_r1,SUP_kr,SUP_sk,INC_avg,INC_sd,INC_r1,INC_kr,INC_sk,IND_avg,IND_sd,IND_r1,IND_kr,IND_sk
150,0.2571428571,0.1178030179,0.0535211268,3.0614186851,0.8774082906,0.2285714286,0.1030157507,0.8055555556,3.5961538462,-1.3760831791,0.5142857143,0.1958758457,0.6183986371,3.1166817565,0.4841476314,0.5142857143,0.1958758457,0.6183986371,3.1166817565,0.4841476314
