Instance,INF_avg,INF_sd,INF_r1,INF_kr,INF_sk,SUP_avg,SUP_sd,SUP_r1,SUP_kr,SUP_sk,INC_avg,INC_sd,INC_r1,INC_kr,INC_sk,IND_avg,IND_sd,IND_r1,IND_kr,IND_sk
19,0.2674000000,0.0305162252,-0.0415495552,3.0325093593,-0.0685747354,0.2487000000,0.0302623528,-0.1095902052,3.9655846323,0.9358384539,0.4839000000,0.0316115485,-0.0883081391,2.5181892971,0.0579784720,0.4839000000,0.0316115485,-0.0883081391,2.5181892971,0.0579784720
