Instance,INF_avg,INF_sd,INF_r1,INF_kr,INF_sk,SUP_avg,SUP_sd,SUP_r1,SUP_kr,SUP_sk,INC_avg,INC_sd,INC_r1,INC_kr,INC_sk,IND_avg,IND_sd,IND_r1,IND_kr,IND_sk
495,0.2440000000,0.0310483494,-0.3543061133,1.9009142405,0.2060766635,0.2360000000,0.0338230691,0.0003576538,1.8920485109,0.5011682685,0.5200000000,0.0316227766,0.2121212121,1.7680000000,0.4743416490,0.5200000000,0.0316227766,0.2121212121,1.7680000000,0.4743416490
