Instance,INF_avg,INF_sd,INF_r1,INF_kr,INF_sk,SUP_avg,SUP_sd,SUP_r1,SUP_kr,SUP_sk,INC_avg,INC_sd,INC_r1,INC_kr,INC_sk,IND_avg,IND_sd,IND_r1,IND_kr,IND_sk
228,0.2700000000,0.1029563014,0.6844660194,2.2821288715,0.6927284075,0.2700000000,0.0748331477,-0.1594202899,1.8469387755,-0.3436215967,0.4600000000,0.0969535971,0.3224299065,2.3587596197,-0.2830922144,0.4600000000,0.0969535971,0.3224299065,2.3587596197,-0.2830922144
