Instance,INF_avg,INF_sd,INF_r1,INF_kr,INF_sk,SUP_avg,SUP_sd,SUP_r1,SUP_kr,SUP_sk,INC_avg,INC_sd,INC_r1,INC_kr,INC_sk,IND_avg,IND_sd,IND_r1,IND_kr,IND_sk
448,0.3280000000,0.0587877538,0.1083099907,2.5234053498,-0.9620295363,0.2080000000,0.0324961536,0.1165413534,1.4421487603,-0.3804646085,0.4640000000,0.0557135531,0.0812720848,1.3296312042,0.2931045678,0.4640000000,0.0557135531,0.0812720848,1.3296312042,0.2931045678
