Instance,INF_avg,INF_sd,INF_r1,INF_kr,INF_sk,SUP_avg,SUP_sd,SUP_r1,SUP_kr,SUP_sk,INC_avg,INC_sd,INC_r1,INC_kr,INC_sk,IND_avg,IND_sd,IND_r1,IND_kr,IND_sk
407,0.2516000000,0.0499743934,0.1311149386,2.6269805559,-0.1409509092,0.2548000000,0.0701780592,-0.0430904227,2.4739809318,0.1277977420,0.4936000000,0.0671046943,-0.1011536309,1.8717262492,0.1037825739,0.4936000000,0.0671046943,-0.1011536309,1.8717262492,0.1037825739
