Instance,INF_avg,INF_sd,INF_r1,INF_kr,INF_sk,SUP_avg,SUP_sd,SUP_r1,SUP_kr,SUP_sk,INC_avg,INC_sd,INC_r1,INC_kr,INC_sk,IND_avg,IND_sd,IND_r1,IND_kr,IND_sk
368,0.2520000000,0.0881816307,-0.5300084531,2.8788040441,1.1362630746,0.2560000000,0.0195959179,-0.5126050420,2.7291666667,-0.8675276172,0.4920000000,0.0688186021,-0.5338923829,2.9087381300,-1.1911455686,0.4920000000,0.0688186021,-0.5338923829,2.9087381300,-1.1911455686
