Instance,INF_avg,INF_sd,INF_r1,INF_kr,INF_sk,SUP_avg,SUP_sd,SUP_r1,SUP_kr,SUP_sk,INC_avg,INC_sd,INC_r1,INC_kr,INC_sk,IND_avg,IND_sd,IND_r1,IND_kr,IND_sk
336,0.4314814815,0.1271832654,0.8994959331,1.9655298951,-0.1080572045,0.1087037037,0.0973737796,0.9011381140,2.7782244239,1.0052147495,0.4598148148,0.0603536105,0.6266006187,3.1215296321,-0.7075570015,0.4598148148,0.0603536105,0.6266006187,3.1215296321,-0.7075570015
