Instance,INF_avg,INF_sd,INF_r1,INF_kr,INF_sk,SUP_avg,SUP_sd,SUP_r1,SUP_kr,SUP_sk,INC_avg,INC_sd,INC_r1,INC_kr,INC_sk,IND_avg,IND_sd,IND_r1,IND_kr,IND_sk
444,0.2800000000,0.1248999600,-0.7268041237,3.6074950690,-0.5419722129,0.1500000000,0.1360147051,0.1692307692,2.5894813733,0.9537919422,0.5700000000,0.2147091055,-0.1988409996,2.8069555479,0.0885019252,0.5700000000,0.2147091055,-0.1988409996,2.8069555479,0.0885019252
