Instance,INF_avg,INF_sd,INF_r1,INF_kr,INF_sk,SUP_avg,SUP_sd,SUP_r1,SUP_kr,SUP_sk,INC_avg,INC_sd,INC_r1,INC_kr,INC_sk,IND_avg,IND_sd,IND_r1,IND_kr,IND_sk
54,0.2260000000,0.0447660586,-0.5087683935,2.2541623340,0.0636709930,0.2640000000,0.0307245830,0.2509025271,2.8074188452,0.5932973464,0.5100000000,0.0562138773,-0.1365079365,2.7547668643,0.1553740399,0.5100000000,0.0562138773,-0.1365079365,2.7547668643,0.1553740399
