Instance,INF_avg,INF_sd,INF_r1,INF_kr,INF_sk,SUP_avg,SUP_sd,SUP_r1,SUP_kr,SUP_sk,INC_avg,INC_sd,INC_r1,INC_kr,INC_sk,IND_avg,IND_sd,IND_r1,IND_kr,IND_sk
6,0.2700000000,0.0447883914,0.0000000000,2.8219926462,-0.2751389486,0.2423000000,0.0452295258,-0.0065225496,3.0729844033,-0.1579824924,0.4877000000,0.0472621413,-0.0769917203,2.6720400474,0.3775201013,0.4877000000,0.0472621413,-0.0769917203,2.6720400474,0.3775201013
