Instance,INF_avg,INF_sd,INF_r1,INF_kr,INF_sk,SUP_avg,SUP_sd,SUP_r1,SUP_kr,SUP_sk,INC_avg,INC_sd,INC_r1,INC_kr,INC_sk,IND_avg,IND_sd,IND_r1,IND_kr,IND_sk
225,0.2570000000,0.0346554469,-0.2915590367,3.6506470808,-0.4532306553,0.2730000000,0.0579741322,-0.2984255438,2.0835046207,-0.0891758052,0.4700000000,0.0586515132,-0.5475285171,1.8797322877,-0.1159786885,0.4700000000,0.0586515132,-0.5475285171,1.8797322877,-0.1159786885
