Instance,INF_avg,INF_sd,INF_r1,INF_kr,INF_sk,SUP_avg,SUP_sd,SUP_r1,SUP_kr,SUP_sk,INC_avg,INC_sd,INC_r1,INC_kr,INC_sk,IND_avg,IND_sd,IND_r1,IND_kr,IND_sk
148,0.2000000000,0.0632455532,0.0000000000,2.5000000000,-0.0000000000,0.2800000000,0.1248999600,-0.4705882353,4.4950690335,1.6135990883,0.5200000000,0.1326649916,-0.2382075472,3.8440082645,-1.1409463380,0.5200000000,0.1326649916,-0.2382075472,3.8440082645,-1.1409463380
