Instance,INF_avg,INF_sd,INF_r1,INF_kr,INF_sk,SUP_avg,SUP_sd,SUP_r1,SUP_kr,SUP_sk,INC_avg,INC_sd,INC_r1,INC_kr,INC_sk,IND_avg,IND_sd,IND_r1,IND_kr,IND_sk
238,0.2550000000,0.0393064880,-0.1559934319,2.8741320263,0.1185604314,0.2140000000,0.0410365691,-0.2280701754,3.3419299146,-0.7824548786,0.5310000000,0.0618789140,-0.0715906967,1.8967546472,-0.1063079235,0.5310000000,0.0618789140,-0.0715906967,1.8967546472,-0.1063079235
