Instance,INF_avg,INF_sd,INF_r1,INF_kr,INF_sk,SUP_avg,SUP_sd,SUP_r1,SUP_kr,SUP_sk,INC_avg,INC_sd,INC_r1,INC_kr,INC_sk,IND_avg,IND_sd,IND_r1,IND_kr,IND_sk
41,0.2500000000,0.0921954446,-0.0400000000,2.1626297578,-0.3828184550,0.1900000000,0.1513274595,0.0565059616,2.4709101657,0.8622384184,0.5600000000,0.2154065923,-0.0045924225,1.8640011891,-0.1368702708,0.5600000000,0.2154065923,-0.0045924225,1.8640011891,-0.1368702708
