Instance,INF_avg,INF_sd,INF_r1,INF_kr,INF_sk,SUP_avg,SUP_sd,SUP_r1,SUP_kr,SUP_sk,INC_avg,INC_sd,INC_r1,INC_kr,INC_sk,IND_avg,IND_sd,IND_r1,IND_kr,IND_sk
311,0.2440000000,0.1358823020,-0.1168977281,1.7654680127,0.1265750322,0.3320000000,0.1190630085,0.0397822035,2.8646795652,0.0748508205,0.4240000000,0.1477294825,-0.1874706435,2.3520674057,-0.1939028067,0.4240000000,0.1477294825,-0.1874706435,2.3520674057,-0.1939028067
