Instance,INF_avg,INF_sd,INF_r1,INF_kr,INF_sk,SUP_avg,SUP_sd,SUP_r1,SUP_kr,SUP_sk,INC_avg,INC_sd,INC_r1,INC_kr,INC_sk,IND_avg,IND_sd,IND_r1,IND_kr,IND_sk
400,0.2623000000,0.0660735197,0.6885681664,3.1929448767,0.4679173940,0.2806000000,0.0413900954,0.4558963353,2.6656264696,0.2786907382,0.4571000000,0.0623064202,0.6628272564,2.5671983528,0.0740703505,0.4571000000,0.0623064202,0.6628272564,2.5671983528,0.0740703505
