Instance,INF_avg,INF_sd,INF_r1,INF_kr,INF_sk,SUP_avg,SUP_sd,SUP_r1,SUP_kr,SUP_sk,INC_avg,INC_sd,INC_r1,INC_kr,INC_sk,IND_avg,IND_sd,IND_r1,IND_kr,IND_sk
157,0.2870000000,0.1566237530,-0.0889506383,3.9922233955,0.7623116466,0.2680000000,0.1333266665,0.0298191578,3.3045796029,0.2190973638,0.4450000000,0.1909842925,-0.0235835074,3.0016507875,0.1628948074,0.4450000000,0.1909842925,-0.0235835074,3.0016507875,0.1628948074
