Instance,INF_avg,INF_sd,INF_r1,INF_kr,INF_sk,SUP_avg,SUP_sd,SUP_r1,SUP_kr,SUP_sk,INC_avg,INC_sd,INC_r1,INC_kr,INC_sk,IND_avg,IND_sd,IND_r1,IND_kr,IND_sk
353,0.2360000000,0.1144727042,0.0374886010,3.2790155510,0.7053843388,0.3020000000,0.1161722859,0.0152075823,2.2806047782,-0.3163443355,0.4620000000,0.1290581264,0.1671406125,3.2875975495,-0.4890899876,0.4620000000,0.1290581264,0.1671406125,3.2875975495,-0.4890899876
