Instance,INF_avg,INF_sd,INF_r1,INF_kr,INF_sk,SUP_avg,SUP_sd,SUP_r1,SUP_kr,SUP_sk,INC_avg,INC_sd,INC_r1,INC_kr,INC_sk,IND_avg,IND_sd,IND_r1,IND_kr,IND_sk
82,0.2450000000,0.1089724736,0.1630767912,3.6044454294,0.3888958924,0.2925000000,0.1049702339,0.2139772773,3.0406856899,0.3735764494,0.4625000000,0.1186117616,0.0329424902,2.1106617109,0.0070226014,0.4625000000,0.1186117616,0.0329424902,2.1106617109,0.0070226014
