Instance,INF_avg,INF_sd,INF_r1,INF_kr,INF_sk,SUP_avg,SUP_sd,SUP_r1,SUP_kr,SUP_sk,INC_avg,INC_sd,INC_r1,INC_kr,INC_sk,IND_avg,IND_sd,IND_r1,IND_kr,IND_sk
338,0.1930000000,0.0274954542,-0.4808362369,2.9560552616,-1.2198264605,0.2730000000,0.0283901391,0.7175639894,1.6896261907,0.2226160015,0.5340000000,0.0401746189,0.0377491621,2.0032130568,0.4074221538,0.5340000000,0.0401746189,0.0377491621,2.0032130568,0.4074221538
