Instance,INF_avg,INF_sd,INF_r1,INF_kr,INF_sk,SUP_avg,SUP_sd,SUP_r1,SUP_kr,SUP_sk,INC_avg,INC_sd,INC_r1,INC_kr,INC_sk,IND_avg,IND_sd,IND_r1,IND_kr,IND_sk
170,0.2510000000,0.0450000000,-0.0626067567,2.3135480567,0.3979588477,0.2566000000,0.0390696813,0.2167154702,2.7398482920,-0.2188388625,0.4924000000,0.0550476158,0.2672707686,2.6031955897,-0.0373577476,0.4924000000,0.0550476158,0.2672707686,2.6031955897,-0.0373577476
