Instance,INF_avg,INF_sd,INF_r1,INF_kr,INF_sk,SUP_avg,SUP_sd,SUP_r1,SUP_kr,SUP_sk,INC_avg,INC_sd,INC_r1,INC_kr,INC_sk,IND_avg,IND_sd,IND_r1,IND_kr,IND_sk
493,0.1950000000,0.0650000000,-0.4171337070,1.9613108785,0.4588074647,0.3450000000,0.0650000000,-0.1361926260,3.8099856448,1.0050068275,0.4600000000,0.0768114575,-0.3837011885,2.1852915829,0.1588746032,0.4600000000,0.0768114575,-0.3837011885,2.1852915829,0.1588746032
