Instance,INF_avg,INF_sd,INF_r1,INF_kr,INF_sk,SUP_avg,SUP_sd,SUP_r1,SUP_kr,SUP_sk,INC_avg,INC_sd,INC_r1,INC_kr,INC_sk,IND_avg,IND_sd,IND_r1,IND_kr,IND_sk
180,0.2366000000,0.0295540183,0.0095985353,2.6073750043,0.0249244763,0.2532000000,0.0325539552,-0.0278592510,2.8474126261,0.1603952323,0.5102000000,0.0475074731,0.1895192233,2.3791919273,0.0232303554,0.5102000000,0.0475074731,0.1895192233,2.3791919273,0.0232303554
