Instance,INF_avg,INF_sd,INF_r1,INF_kr,INF_sk,SUP_avg,SUP_sd,SUP_r1,SUP_kr,SUP_sk,INC_avg,INC_sd,INC_r1,INC_kr,INC_sk,IND_avg,IND_sd,IND_r1,IND_kr,IND_sk
142,0.2140000000,0.0566038868,0.5616128627,2.8218425470,0.9146947998,0.2900000000,0.0640312424,0.1578947368,1.8375966686,-0.2194050899,0.4960000000,0.0427083130,-0.5593705293,2.4132040628,0.7541980483,0.4960000000,0.0427083130,-0.5593705293,2.4132040628,0.7541980483
