Instance,INF_avg,INF_sd,INF_r1,INF_kr,INF_sk,SUP_avg,SUP_sd,SUP_r1,SUP_kr,SUP_sk,INC_avg,INC_sd,INC_r1,INC_kr,INC_sk,IND_avg,IND_sd,IND_r1,IND_kr,IND_sk
166,0.2440000000,0.0440908154,-0.7317574512,1.4918203526,0.3757676309,0.2440000000,0.0326190129,-0.4652014652,2.4066086268,0.5061857103,0.5120000000,0.0324961536,-0.2772585670,2.2685950413,-0.1790421687,0.5120000000,0.0324961536,-0.2772585670,2.2685950413,-0.1790421687
