Instance,INF_avg,INF_sd,INF_r1,INF_kr,INF_sk,SUP_avg,SUP_sd,SUP_r1,SUP_kr,SUP_sk,INC_avg,INC_sd,INC_r1,INC_kr,INC_sk,IND_avg,IND_sd,IND_r1,IND_kr,IND_sk
291,0.2476000000,0.0655914629,0.0839065557,3.3227754639,0.4627727858,0.2974000000,0.0678029498,0.0002550263,3.4054725409,0.3874031308,0.4550000000,0.0715192282,0.0108960645,2.9666497536,0.4158592904,0.4550000000,0.0715192282,0.0108960645,2.9666497536,0.4158592904
