Instance,INF_avg,INF_sd,INF_r1,INF_kr,INF_sk,SUP_avg,SUP_sd,SUP_r1,SUP_kr,SUP_sk,INC_avg,INC_sd,INC_r1,INC_kr,INC_sk,IND_avg,IND_sd,IND_r1,IND_kr,IND_sk
40,0.2454545455,0.0782029570,0.0990476190,2.8776479182,1.2912913385,0.2000000000,0.1279204298,-0.1428571429,1.8333333333,0.2605786533,0.5545454545,0.1075650870,-0.0745874587,1.7165306122,0.1014185106,0.5545454545,0.1075650870,-0.0745874587,1.7165306122,0.1014185106
