Instance,INF_avg,INF_sd,INF_r1,INF_kr,INF_sk,SUP_avg,SUP_sd,SUP_r1,SUP_kr,SUP_sk,INC_avg,INC_sd,INC_r1,INC_kr,INC_sk,IND_avg,IND_sd,IND_r1,IND_kr,IND_sk
418,0.2800000000,0.1469693846,0.0157480315,1.5781893004,0.3477670622,0.1200000000,0.0748331477,0.0740740741,1.8469387755,-0.3436215967,0.6000000000,0.1264911064,0.0000000000,2.5000000000,0.0000000000,0.6000000000,0.1264911064,0.0000000000,2.5000000000,0.0000000000
