Instance,INF_avg,INF_sd,INF_r1,INF_kr,INF_sk,SUP_avg,SUP_sd,SUP_r1,SUP_kr,SUP_sk,INC_avg,INC_sd,INC_r1,INC_kr,INC_sk,IND_avg,IND_sd,IND_r1,IND_kr,IND_sk
280,0.2560000000,0.0687604538,0.2510563136,2.8058611834,-0.0900647547,0.2738000000,0.0627180995,0.0259835053,2.8902190106,-0.0102043000,0.4702000000,0.0789174252,-0.0369836032,2.7890188959,0.0627539306,0.4702000000,0.0789174252,-0.0369836032,2.7890188959,0.0627539306
