Instance,INF_avg,INF_sd,INF_r1,INF_kr,INF_sk,SUP_avg,SUP_sd,SUP_r1,SUP_kr,SUP_sk,INC_avg,INC_sd,INC_r1,INC_kr,INC_sk,IND_avg,IND_sd,IND_r1,IND_kr,IND_sk
139,0.2384000000,0.0426783317,0.1598426034,2.3401563709,0.3018807476,0.2840000000,0.0657267069,-0.1372035725,2.5031275720,0.3705579772,0.4776000000,0.0768000000,0.1710992265,1.9185752869,-0.1414591471,0.4776000000,0.0768000000,0.1710992265,1.9185752869,-0.1414591471
