Instance,INF_avg,INF_sd,INF_r1,INF_kr,INF_sk,SUP_avg,SUP_sd,SUP_r1,SUP_kr,SUP_sk,INC_avg,INC_sd,INC_r1,INC_kr,INC_sk,IND_avg,IND_sd,IND_r1,IND_kr,IND_sk
264,0.2850000000,0.0867467579,-0.0908476866,4.4049955299,1.1558447047,0.2650000000,0.0895823643,0.3061492930,2.3658252540,0.6927264672,0.4500000000,0.0921954446,-0.4333333333,1.8512110727,0.0957046137,0.4500000000,0.0921954446,-0.4333333333,1.8512110727,0.0957046137
