Instance,INF_avg,INF_sd,INF_r1,INF_kr,INF_sk,SUP_avg,SUP_sd,SUP_r1,SUP_kr,SUP_sk,INC_avg,INC_sd,INC_r1,INC_kr,INC_sk,IND_avg,IND_sd,IND_r1,IND_kr,IND_sk
126,0.2665000000,0.1239062145,0.1713415788,2.5661785622,0.3886328701,0.2110000000,0.1158835623,0.3036828845,3.0727758488,0.4742397060,0.5225000000,0.1149728229,-0.1674852582,2.9181033818,-0.2466817933,0.5225000000,0.1149728229,-0.1674852582,2.9181033818,-0.2466817933
