Instance,INF_avg,INF_sd,INF_r1,INF_kr,INF_sk,SUP_avg,SUP_sd,SUP_r1,SUP_kr,SUP_sk,INC_avg,INC_sd,INC_r1,INC_kr,INC_sk,IND_avg,IND_sd,IND_r1,IND_kr,IND_sk
71,0.2200000000,0.1166190379,-0.2313432836,1.6280276817,0.3631734744,0.2800000000,0.0979795897,-0.6666666667,1.1666666667,0.4082482905,0.5000000000,0.1095445115,-0.1666666667,2.5000000000,0.9128709292,0.5000000000,0.1095445115,-0.1666666667,2.5000000000,0.9128709292
