Instance,INF_avg,INF_sd,INF_r1,INF_kr,INF_sk,SUP_avg,SUP_sd,SUP_r1,SUP_kr,SUP_sk,INC_avg,INC_sd,INC_r1,INC_kr,INC_sk,IND_avg,IND_sd,IND_r1,IND_kr,IND_sk
495,0.2190000000,0.1222252020,-0.1437152092,6.9995196119,1.1126530458,0.2430000000,0.1243020515,0.0317194027,2.4203977934,0.2068706979,0.5380000000,0.1508509198,0.0124284462,3.6313718570,0.3877179387,0.5380000000,0.1508509198,0.0124284462,3.6313718570,0.3877179387
