Instance,INF_avg,INF_sd,INF_r1,INF_kr,INF_sk,SUP_avg,SUP_sd,SUP_r1,SUP_kr,SUP_sk,INC_avg,INC_sd,INC_r1,INC_kr,INC_sk,IND_avg,IND_sd,IND_r1,IND_kr,IND_sk
265,0.2320000000,0.0823164625,0.0996341521,2.9776745204,0.1555031869,0.2980000000,0.0974474217,-0.2245628387,2.2669274484,0.1210165917,0.4700000000,0.1067707825,0.0758959944,2.8988919668,0.1873171623,0.4700000000,0.1067707825,0.0758959944,2.8988919668,0.1873171623
