Instance,INF_avg,INF_sd,INF_r1,INF_kr,INF_sk,SUP_avg,SUP_sd,SUP_r1,SUP_kr,SUP_sk,INC_avg,INC_sd,INC_r1,INC_kr,INC_sk,IND_avg,IND_sd,IND_r1,IND_kr,IND_sk
255,0.2800000000,0.0812403840,0.0965732087,1.4421487603,0.3804646085,0.2600000000,0.0800000000,0.0585774059,1.4189453125,-0.0351562500,0.4600000000,0.0489897949,-0.1309523810,2.7291666667,0.8675276172,0.4600000000,0.0489897949,-0.1309523810,2.7291666667,0.8675276172
