Instance,INF_avg,INF_sd,INF_r1,INF_kr,INF_sk,SUP_avg,SUP_sd,SUP_r1,SUP_kr,SUP_sk,INC_avg,INC_sd,INC_r1,INC_kr,INC_sk,IND_avg,IND_sd,IND_r1,IND_kr,IND_sk
377,0.2630000000,0.0183303028,-0.2055335968,2.1698022959,0.7467143432,0.2530000000,0.0305122926,-0.2133103967,1.7981508167,0.5700718727,0.4840000000,0.0403608721,-0.4063978800,1.5900896165,-0.4028572141,0.4840000000,0.0403608721,-0.4063978800,1.5900896165,-0.4028572141
