Instance,INF_avg,INF_sd,INF_r1,INF_kr,INF_sk,SUP_avg,SUP_sd,SUP_r1,SUP_kr,SUP_sk,INC_avg,INC_sd,INC_r1,INC_kr,INC_sk,IND_avg,IND_sd,IND_r1,IND_kr,IND_sk
198,0.2438000000,0.0494728208,-0.1449817682,2.3827265025,-0.0186398457,0.2854000000,0.0435067811,-0.0613712668,2.4984900370,0.0767264416,0.4708000000,0.0605587318,-0.0918070970,3.8655440248,0.7144731630,0.4708000000,0.0605587318,-0.0918070970,3.8655440248,0.7144731630
