Instance,INF_avg,INF_sd,INF_r1,INF_kr,INF_sk,SUP_avg,SUP_sd,SUP_r1,SUP_kr,SUP_sk,INC_avg,INC_sd,INC_r1,INC_kr,INC_sk,IND_avg,IND_sd,IND_r1,IND_kr,IND_sk
135,0.3354000000,0.0641158327,0.0179666877,2.4567594507,0.2195505689,0.3358000000,0.0764876461,0.4646525669,2.4300675828,0.3038092060,0.3288000000,0.0697033715,0.2832696641,3.0625627829,-0.3420189444,0.3288000000,0.0697033715,0.2832696641,3.0625627829,-0.3420189444
