Instance,INF_avg,INF_sd,INF_r1,INF_kr,INF_sk,SUP_avg,SUP_sd,SUP_r1,SUP_kr,SUP_sk,INC_avg,INC_sd,INC_r1,INC_kr,INC_sk,IND_avg,IND_sd,IND_r1,IND_kr,IND_sk
86,0.2680000000,0.0629920630,0.0104166667,2.2670070239,0.0176673564,0.2476000000,0.0519830742,-0.0878432372,2.4717840665,0.2359918617,0.4844000000,0.0696608929,-0.0145530117,2.3092263292,0.1676135847,0.4844000000,0.0696608929,-0.0145530117,2.3092263292,0.1676135847
