Instance,INF_avg,INF_sd,INF_r1,INF_kr,INF_sk,SUP_avg,SUP_sd,SUP_r1,SUP_kr,SUP_sk,INC_avg,INC_sd,INC_r1,INC_kr,INC_sk,IND_avg,IND_sd,IND_r1,IND_kr,IND_sk
100,0.2988000000,0.0446381003,0.6955554942,1.6488415486,-0.0326615956,0.1896000000,0.0351829504,0.3878636551,2.4817566978,0.5353618783,0.5116000000,0.0292479059,-0.0124189560,2.3926903946,0.5363662637,0.5116000000,0.0292479059,-0.0124189560,2.3926903946,0.5363662637
