Instance,INF_avg,INF_sd,INF_r1,INF_kr,INF_sk,SUP_avg,SUP_sd,SUP_r1,SUP_kr,SUP_sk,INC_avg,INC_sd,INC_r1,INC_kr,INC_sk,IND_avg,IND_sd,IND_r1,IND_kr,IND_sk
275,0.2680000000,0.0746726188,0.0294559750,2.3538273272,-0.4129359284,0.2380000000,0.1041921302,-0.0716561217,2.5789964859,0.3470432419,0.4940000000,0.1013114011,-0.1388971173,2.6962670305,-0.5000979837,0.4940000000,0.1013114011,-0.1388971173,2.6962670305,-0.5000979837
