Instance,INF_avg,INF_sd,INF_r1,INF_kr,INF_sk,SUP_avg,SUP_sd,SUP_r1,SUP_kr,SUP_sk,INC_avg,INC_sd,INC_r1,INC_kr,INC_sk,IND_avg,IND_sd,IND_r1,IND_kr,IND_sk
8,0.2600000000,0.1019803903,-0.3873775843,2.1636464497,0.0820293450,0.2450000000,0.1105667219,-0.0613387630,2.0622906395,0.6258886288,0.4950000000,0.0756637298,0.1715708465,2.1963158597,-0.1766030496,0.4950000000,0.0756637298,0.1715708465,2.1963158597,-0.1766030496
