Instance,INF_avg,INF_sd,INF_r1,INF_kr,INF_sk,SUP_avg,SUP_sd,SUP_r1,SUP_kr,SUP_sk,INC_avg,INC_sd,INC_r1,INC_kr,INC_sk,IND_avg,IND_sd,IND_r1,IND_kr,IND_sk
196,0.2574000000,0.0355842662,-0.2439512518,2.0908647917,0.1056244093,0.2854000000,0.0289108976,-0.2641474889,2.2768702829,-0.0410956648,0.4572000000,0.0276072454,-0.2608315797,2.5245740014,-0.4508265628,0.4572000000,0.0276072454,-0.2608315797,2.5245740014,-0.4508265628
