Instance,INF_avg,INF_sd,INF_r1,INF_kr,INF_sk,SUP_avg,SUP_sd,SUP_r1,SUP_kr,SUP_sk,INC_avg,INC_sd,INC_r1,INC_kr,INC_sk,IND_avg,IND_sd,IND_r1,IND_kr,IND_sk
383,0.2510000000,0.1345325239,0.1148116609,2.8115453501,0.3237096621,0.2650000000,0.1359227722,0.0579267879,2.8028751870,0.1962230231,0.4840000000,0.1474584687,-0.0034503439,2.6020122574,-0.0599412985,0.4840000000,0.1474584687,-0.0034503439,2.6020122574,-0.0599412985
