Instance,INF_avg,INF_sd,INF_r1,INF_kr,INF_sk,SUP_avg,SUP_sd,SUP_r1,SUP_kr,SUP_sk,INC_avg,INC_sd,INC_r1,INC_kr,INC_sk,IND_avg,IND_sd,IND_r1,IND_kr,IND_sk
250,0.2375000000,0.1020722783,0.1396770654,3.6604286821,0.6289872297,0.2615000000,0.1014531912,-0.0514525652,3.0153166780,-0.0482371101,0.5010000000,0.1204117934,-0.0915932765,3.0046807597,0.0022922924,0.5010000000,0.1204117934,-0.0915932765,3.0046807597,0.0022922924
