Instance,INF_avg,INF_sd,INF_r1,INF_kr,INF_sk,SUP_avg,SUP_sd,SUP_r1,SUP_kr,SUP_sk,INC_avg,INC_sd,INC_r1,INC_kr,INC_sk,IND_avg,IND_sd,IND_r1,IND_kr,IND_sk
128,0.2398000000,0.0289475388,-0.1761682877,2.6769022882,-0.2107532415,0.2723000000,0.0320657138,-0.1005304715,2.6248489920,0.4194893349,0.4879000000,0.0332579314,-0.1845276974,3.1274981590,0.4610451170,0.4879000000,0.0332579314,-0.1845276974,3.1274981590,0.4610451170
