Instance,INF_avg,INF_sd,INF_r1,INF_kr,INF_sk,SUP_avg,SUP_sd,SUP_r1,SUP_kr,SUP_sk,INC_avg,INC_sd,INC_r1,INC_kr,INC_sk,IND_avg,IND_sd,IND_r1,IND_kr,IND_sk
7,0.2505000000,0.0398089186,0.2751720527,2.9622883065,0.3460330404,0.2858000000,0.0447589097,0.5512000160,3.2204098664,0.4340604576,0.4637000000,0.0399288117,0.1999776420,3.4749733124,-0.6752000348,0.4637000000,0.0399288117,0.1999776420,3.4749733124,-0.6752000348
