Instance,INF_avg,INF_sd,INF_r1,INF_kr,INF_sk,SUP_avg,SUP_sd,SUP_r1,SUP_kr,SUP_sk,INC_avg,INC_sd,INC_r1,INC_kr,INC_sk,IND_avg,IND_sd,IND_r1,IND_kr,IND_sk
404,0.2664000000,0.0639299617,0.3143647311,3.2606673461,0.5535222826,0.2096000000,0.0612196047,-0.0634536891,2.7596016836,0.2369995112,0.5240000000,0.0812896057,-0.0800912002,2.7696767877,-0.1787171300,0.5240000000,0.0812896057,-0.0800912002,2.7696767877,-0.1787171300
