Instance,INF_avg,INF_sd,INF_r1,INF_kr,INF_sk,SUP_avg,SUP_sd,SUP_r1,SUP_kr,SUP_sk,INC_avg,INC_sd,INC_r1,INC_kr,INC_sk,IND_avg,IND_sd,IND_r1,IND_kr,IND_sk
183,0.2570000000,0.0894483091,-0.0928722678,3.1347552778,0.7533242130,0.2070000000,0.1039278596,0.0747239357,3.3105811483,0.5481714023,0.5360000000,0.1200166655,-0.1091605047,3.7597471498,-0.8053866212,0.5360000000,0.1200166655,-0.1091605047,3.7597471498,-0.8053866212
