Instance,INF_avg,INF_sd,INF_r1,INF_kr,INF_sk,SUP_avg,SUP_sd,SUP_r1,SUP_kr,SUP_sk,INC_avg,INC_sd,INC_r1,INC_kr,INC_sk,IND_avg,IND_sd,IND_r1,IND_kr,IND_sk
49,0.2840000000,0.1405133446,-0.1213302676,2.8701131370,-0.0606251214,0.2520000000,0.1360000000,0.1349796037,2.0024844051,0.4349175656,0.4640000000,0.1466424222,-0.0508965065,2.6467899660,0.0282514233,0.4640000000,0.1466424222,-0.0508965065,2.6467899660,0.0282514233
