Instance,INF_avg,INF_sd,INF_r1,INF_kr,INF_sk,SUP_avg,SUP_sd,SUP_r1,SUP_kr,SUP_sk,INC_avg,INC_sd,INC_r1,INC_kr,INC_sk,IND_avg,IND_sd,IND_r1,IND_kr,IND_sk
295,0.2663000000,0.0480344668,-0.0562773257,3.1392747990,0.3868233972,0.2370000000,0.0370000000,-0.1057336237,3.1307710490,-0.1708092314,0.4967000000,0.0491946135,0.1086620640,2.5533608229,-0.0048294263,0.4967000000,0.0491946135,0.1086620640,2.5533608229,-0.0048294263
