Instance,INF_avg,INF_sd,INF_r1,INF_kr,INF_sk,SUP_avg,SUP_sd,SUP_r1,SUP_kr,SUP_sk,INC_avg,INC_sd,INC_r1,INC_kr,INC_sk,IND_avg,IND_sd,IND_r1,IND_kr,IND_sk
434,0.2100000000,0.1700000000,-0.3599145603,3.2367548281,1.0649297781,0.2300000000,0.1268857754,-0.2556053812,2.7135141391,0.8928654540,0.5600000000,0.1800000000,-0.0254691689,2.1897576589,-0.5226337449,0.5600000000,0.1800000000,-0.0254691689,2.1897576589,-0.5226337449
