Instance,INF_avg,INF_sd,INF_r1,INF_kr,INF_sk,SUP_avg,SUP_sd,SUP_r1,SUP_kr,SUP_sk,INC_avg,INC_sd,INC_r1,INC_kr,INC_sk,IND_avg,IND_sd,IND_r1,IND_kr,IND_sk
180,0.2590000000,0.0338969025,0.0186872007,1.7390510990,-0.0526862530,0.2620000000,0.0453431362,-0.2331989247,1.3988175446,0.2945117326,0.4790000000,0.0494873721,-0.0156729321,2.6666823952,-0.2570412097,0.4790000000,0.0494873721,-0.0156729321,2.6666823952,-0.2570412097
