Instance,INF_avg,INF_sd,INF_r1,INF_kr,INF_sk,SUP_avg,SUP_sd,SUP_r1,SUP_kr,SUP_sk,INC_avg,INC_sd,INC_r1,INC_kr,INC_sk,IND_avg,IND_sd,IND_r1,IND_kr,IND_sk
438,0.2500000000,0.0921954446,0.1515151515,2.1626297578,-0.3828184550,0.2700000000,0.1268857754,0.4234465086,2.5283360981,0.8693689947,0.4800000000,0.1400000000,0.0593047035,1.8521449396,0.3586005831,0.4800000000,0.1400000000,0.0593047035,1.8521449396,0.3586005831
