Instance,INF_avg,INF_sd,INF_r1,INF_kr,INF_sk,SUP_avg,SUP_sd,SUP_r1,SUP_kr,SUP_sk,INC_avg,INC_sd,INC_r1,INC_kr,INC_sk,IND_avg,IND_sd,IND_r1,IND_kr,IND_sk
13,0.2200000000,0.1777638883,-0.1498708010,1.7748758212,0.3375263703,0.2700000000,0.1004987562,-0.4568158169,1.7544358396,0.0354666721,0.5100000000,0.1513274595,-0.2756662298,1.5555958124,0.0034628049,0.5100000000,0.1513274595,-0.2756662298,1.5555958124,0.0034628049
