Instance,INF_avg,INF_sd,INF_r1,INF_kr,INF_sk,SUP_avg,SUP_sd,SUP_r1,SUP_kr,SUP_sk,INC_avg,INC_sd,INC_r1,INC_kr,INC_sk,IND_avg,IND_sd,IND_r1,IND_kr,IND_sk
321,0.2420000000,0.0337045991,0.6812957158,2.0086943315,0.2383487987,0.2610000000,0.0297321375,0.2615273775,2.2170563666,0.3451633251,0.4970000000,0.0201494417,-1.0574886536,2.6234681744,-0.9160615154,0.4970000000,0.0201494417,-1.0574886536,2.6234681744,-0.9160615154
