Instance,INF_avg,INF_sd,INF_r1,INF_kr,INF_sk,SUP_avg,SUP_sd,SUP_r1,SUP_kr,SUP_sk,INC_avg,INC_sd,INC_r1,INC_kr,INC_sk,IND_avg,IND_sd,IND_r1,IND_kr,IND_sk
251,0.2601694915,0.1203031697,0.0513220222,3.5436128161,0.6584153110,0.2194915254,0.0965581186,-0.0003348324,4.3206777235,0.4852122416,0.5203389831,0.1161233433,0.0782357309,3.2256250512,0.2241541804,0.5203389831,0.1161233433,0.0782357309,3.2256250512,0.2241541804
