Instance,INF_avg,INF_sd,INF_r1,INF_kr,INF_sk,SUP_avg,SUP_sd,SUP_r1,SUP_kr,SUP_sk,INC_avg,INC_sd,INC_r1,INC_kr,INC_sk,IND_avg,IND_sd,IND_r1,IND_kr,IND_sk
121,0.2544000000,0.0656097554,-0.3688199356,2.6016561877,0.3847146609,0.2416000000,0.0518212312,0.0518117169,2.1648785306,0.1878791651,0.5040000000,0.0737563557,-0.2071507556,2.0722145329,-0.0823059678,0.5040000000,0.0737563557,-0.2071507556,2.0722145329,-0.0823059678
