Instance,INF_avg,INF_sd,INF_r1,INF_kr,INF_sk,SUP_avg,SUP_sd,SUP_r1,SUP_kr,SUP_sk,INC_avg,INC_sd,INC_r1,INC_kr,INC_sk,IND_avg,IND_sd,IND_r1,IND_kr,IND_sk
394,0.3758139535,0.0912505510,0.2447780940,2.5359092208,0.1002558171,0.1265116279,0.0658003930,0.2891441589,2.2013393313,0.1579679297,0.4976744186,0.0760916586,-0.2442655100,2.7008052539,0.2289613524,0.4976744186,0.0760916586,-0.2442655100,2.7008052539,0.2289613524
