Instance,INF_avg,INF_sd,INF_r1,INF_kr,INF_sk,SUP_avg,SUP_sd,SUP_r1,SUP_kr,SUP_sk,INC_avg,INC_sd,INC_r1,INC_kr,INC_sk,IND_avg,IND_sd,IND_r1,IND_kr,IND_sk
122,0.2920000000,0.1647300823,0.3702136235,2.1087881586,-0.0331588747,0.2480000000,0.1203993355,-0.0737277384,2.3680028654,-0.0217818192,0.4600000000,0.1649242250,0.1898285038,2.4697231834,-0.3638034376,0.4600000000,0.1649242250,0.1898285038,2.4697231834,-0.3638034376
