Instance,INF_avg,INF_sd,INF_r1,INF_kr,INF_sk,SUP_avg,SUP_sd,SUP_r1,SUP_kr,SUP_sk,INC_avg,INC_sd,INC_r1,INC_kr,INC_sk,IND_avg,IND_sd,IND_r1,IND_kr,IND_sk
231,0.2216000000,0.0384374817,0.4365437874,2.0519835656,-0.3968335248,0.3404000000,0.0570950085,-0.0960359680,3.6154289817,0.3737798543,0.4380000000,0.0595986577,0.1412654559,2.6335068176,-0.6496155737,0.4380000000,0.0595986577,0.1412654559,2.6335068176,-0.6496155737
