Instance,INF_avg,INF_sd,INF_r1,INF_kr,INF_sk,SUP_avg,SUP_sd,SUP_r1,SUP_kr,SUP_sk,INC_avg,INC_sd,INC_r1,INC_kr,INC_sk,IND_avg,IND_sd,IND_r1,IND_kr,IND_sk
16,0.2820000000,0.0283901391,-0.7762630313,2.2382411073,0.4853500810,0.3600000000,0.0383405790,-0.3438596491,2.4416909621,-0.9607766922,0.3580000000,0.0224944438,-0.2450514648,2.8716352388,-1.1734122969,0.3580000000,0.0224944438,-0.2450514648,2.8716352388,-1.1734122969
