Instance,INF_avg,INF_sd,INF_r1,INF_kr,INF_sk,SUP_avg,SUP_sd,SUP_r1,SUP_kr,SUP_sk,INC_avg,INC_sd,INC_r1,INC_kr,INC_sk,IND_avg,IND_sd,IND_r1,IND_kr,IND_sk
250,0.2682000000,0.0700339917,0.1860956007,2.8650011054,-0.0330959726,0.2644000000,0.0669674548,-0.1381508999,2.5217099481,0.0370184657,0.4674000000,0.0758237430,-0.0477900295,3.2019201573,-0.3078445893,0.4674000000,0.0758237430,-0.0477900295,3.2019201573,-0.3078445893
