Instance,INF_avg,INF_sd,INF_r1,INF_kr,INF_sk,SUP_avg,SUP_sd,SUP_r1,SUP_kr,SUP_sk,INC_avg,INC_sd,INC_r1,INC_kr,INC_sk,IND_avg,IND_sd,IND_r1,IND_kr,IND_sk
253,0.2820000000,0.1416898020,0.0754049726,3.0368328981,0.4253501774,0.2580000000,0.1141753038,0.1123149951,2.6557331594,0.1455425713,0.4600000000,0.1489966443,0.1292492274,2.9827124422,-0.1668820462,0.4600000000,0.1489966443,0.1292492274,2.9827124422,-0.1668820462
