Instance,INF_avg,INF_sd,INF_r1,INF_kr,INF_sk,SUP_avg,SUP_sd,SUP_r1,SUP_kr,SUP_sk,INC_avg,INC_sd,INC_r1,INC_kr,INC_sk,IND_avg,IND_sd,IND_r1,IND_kr,IND_sk
251,0.2388000000,0.0452831094,-0.1054231173,4.1877231965,0.7579902911,0.2564000000,0.0461631888,-0.0076701908,2.6292424597,0.2539439407,0.5048000000,0.0557939065,-0.0066592481,2.2390567484,-0.0853112492,0.5048000000,0.0557939065,-0.0066592481,2.2390567484,-0.0853112492
