Instance,INF_avg,INF_sd,INF_r1,INF_kr,INF_sk,SUP_avg,SUP_sd,SUP_r1,SUP_kr,SUP_sk,INC_avg,INC_sd,INC_r1,INC_kr,INC_sk,IND_avg,IND_sd,IND_r1,IND_kr,IND_sk
387,0.2480000000,0.0356651090,0.2574808272,2.7927383707,-0.0247982969,0.2719000000,0.0390626420,0.1866161235,2.5148327302,0.0548284848,0.4801000000,0.0400436012,-0.0801735543,2.8477750281,-0.2550797684,0.4801000000,0.0400436012,-0.0801735543,2.8477750281,-0.2550797684
