Instance,INF_avg,INF_sd,INF_r1,INF_kr,INF_sk,SUP_avg,SUP_sd,SUP_r1,SUP_kr,SUP_sk,INC_avg,INC_sd,INC_r1,INC_kr,INC_sk,IND_avg,IND_sd,IND_r1,IND_kr,IND_sk
422,0.2332000000,0.0387525483,0.1093197349,3.0459780036,0.0232028348,0.2612000000,0.0418874683,0.0113492339,3.5069809893,0.4724442801,0.5056000000,0.0529588520,0.0047192401,2.7612041880,-0.1247795314,0.5056000000,0.0529588520,0.0047192401,2.7612041880,-0.1247795314
