Instance,INF_avg,INF_sd,INF_r1,INF_kr,INF_sk,SUP_avg,SUP_sd,SUP_r1,SUP_kr,SUP_sk,INC_avg,INC_sd,INC_r1,INC_kr,INC_sk,IND_avg,IND_sd,IND_r1,IND_kr,IND_sk
15,0.2200000000,0.1400000000,-0.4826175869,2.6018325698,0.5160349854,0.2500000000,0.1024695077,-0.0731707317,1.8707482993,0.0000000000,0.5300000000,0.1791647287,-0.2527681114,2.2726584563,-0.0375574591,0.5300000000,0.1791647287,-0.2527681114,2.2726584563,-0.0375574591
