Instance,INF_avg,INF_sd,INF_r1,INF_kr,INF_sk,SUP_avg,SUP_sd,SUP_r1,SUP_kr,SUP_sk,INC_avg,INC_sd,INC_r1,INC_kr,INC_sk,IND_avg,IND_sd,IND_r1,IND_kr,IND_sk
452,0.2600000000,0.0700000000,0.1561181435,3.1640982924,-1.0145772595,0.2850000000,0.1050000000,-0.5294657189,2.2863775896,0.1399416910,0.4550000000,0.1128051417,-0.3932010218,3.2455371100,-0.8035833178,0.4550000000,0.1128051417,-0.3932010218,3.2455371100,-0.8035833178
