Instance,INF_avg,INF_sd,INF_r1,INF_kr,INF_sk,SUP_avg,SUP_sd,SUP_r1,SUP_kr,SUP_sk,INC_avg,INC_sd,INC_r1,INC_kr,INC_sk,IND_avg,IND_sd,IND_r1,IND_kr,IND_sk
490,0.2688000000,0.0614699927,-0.0436991591,1.9519875598,-0.1196697322,0.2656000000,0.0707717458,-0.1738251997,3.1152493582,0.0230181044,0.4656000000,0.0685903783,0.0038831673,2.5113883489,-0.3575334903,0.4656000000,0.0685903783,0.0038831673,2.5113883489,-0.3575334903
