Instance,INF_avg,INF_sd,INF_r1,INF_kr,INF_sk,SUP_avg,SUP_sd,SUP_r1,SUP_kr,SUP_sk,INC_avg,INC_sd,INC_r1,INC_kr,INC_sk,IND_avg,IND_sd,IND_r1,IND_kr,IND_sk
221,0.2474000000,0.0779566546,0.3972532069,2.9734427153,0.1025834065,0.2382000000,0.0856548889,0.3352054330,3.2461685474,0.6462211346,0.5144000000,0.0777215543,0.1509949490,3.2164396549,-0.4006527540,0.5144000000,0.0777215543,0.1509949490,3.2164396549,-0.4006527540
