Instance,INF_avg,INF_sd,INF_r1,INF_kr,INF_sk,SUP_avg,SUP_sd,SUP_r1,SUP_kr,SUP_sk,INC_avg,INC_sd,INC_r1,INC_kr,INC_sk,IND_avg,IND_sd,IND_r1,IND_kr,IND_sk
369,0.2740000000,0.0890168523,0.0176796626,2.4082053104,0.0859804638,0.2110000000,0.0873441469,-0.1196368490,2.7605334530,-0.0459039079,0.5150000000,0.0996242942,0.0248951918,4.1974823773,0.6143990127,0.5150000000,0.0996242942,0.0248951918,4.1974823773,0.6143990127
