Instance,INF_avg,INF_sd,INF_r1,INF_kr,INF_sk,SUP_avg,SUP_sd,SUP_r1,SUP_kr,SUP_sk,INC_avg,INC_sd,INC_r1,INC_kr,INC_sk,IND_avg,IND_sd,IND_r1,IND_kr,IND_sk
122,0.2782000000,0.0352102258,-0.1090390464,2.3441353548,-0.3258588199,0.2334000000,0.0300905301,-0.1916570673,2.4439063753,-0.1578185077,0.4884000000,0.0394897455,0.0739625032,2.4173839392,-0.2965253645,0.4884000000,0.0394897455,0.0739625032,2.4173839392,-0.2965253645
