Instance,INF_avg,INF_sd,INF_r1,INF_kr,INF_sk,SUP_avg,SUP_sd,SUP_r1,SUP_kr,SUP_sk,INC_avg,INC_sd,INC_r1,INC_kr,INC_sk,IND_avg,IND_sd,IND_r1,IND_kr,IND_sk
228,0.6355223881,0.1396133636,0.8862015190,3.5953020682,-1.0817438392,0.0993283582,0.0907838811,0.8442268846,4.3830060319,1.3294786518,0.2651492537,0.0551251639,0.7252395022,3.2850202923,0.6495879642,0.2651492537,0.0551251639,0.7252395022,3.2850202923,0.6495879642
