Instance,INF_avg,INF_sd,INF_r1,INF_kr,INF_sk,SUP_avg,SUP_sd,SUP_r1,SUP_kr,SUP_sk,INC_avg,INC_sd,INC_r1,INC_kr,INC_sk,IND_avg,IND_sd,IND_r1,IND_kr,IND_sk
253,0.2616000000,0.0595771768,-0.1118128419,2.6322126492,-0.5678531153,0.2192000000,0.0610521089,0.0211174659,2.0357504896,-0.2067725641,0.5192000000,0.0586460570,-0.2646931769,3.1830684453,0.6580651948,0.5192000000,0.0586460570,-0.2646931769,3.1830684453,0.6580651948
