Instance,INF_avg,INF_sd,INF_r1,INF_kr,INF_sk,SUP_avg,SUP_sd,SUP_r1,SUP_kr,SUP_sk,INC_avg,INC_sd,INC_r1,INC_kr,INC_sk,IND_avg,IND_sd,IND_r1,IND_kr,IND_sk
184,0.2880000000,0.1274990196,-0.0279232799,2.0181350363,-0.0062992610,0.2120000000,0.1305986217,-0.3241870866,3.0247404863,0.4239103030,0.5000000000,0.1673320053,-0.0655737705,2.9285714286,0.3073444995,0.5000000000,0.1673320053,-0.0655737705,2.9285714286,0.3073444995
