Instance,INF_avg,INF_sd,INF_r1,INF_kr,INF_sk,SUP_avg,SUP_sd,SUP_r1,SUP_kr,SUP_sk,INC_avg,INC_sd,INC_r1,INC_kr,INC_sk,IND_avg,IND_sd,IND_r1,IND_kr,IND_sk
344,0.3060000000,0.0573061951,0.0183569848,2.3986330208,0.3606499897,0.1960000000,0.0631189354,-0.7707844058,2.5620070644,0.4512422073,0.4980000000,0.0869252552,-0.6573274441,2.6172356691,-0.6776052098,0.4980000000,0.0869252552,-0.6573274441,2.6172356691,-0.6776052098
