Instance,INF_avg,INF_sd,INF_r1,INF_kr,INF_sk,SUP_avg,SUP_sd,SUP_r1,SUP_kr,SUP_sk,INC_avg,INC_sd,INC_r1,INC_kr,INC_sk,IND_avg,IND_sd,IND_r1,IND_kr,IND_sk
96,0.2000000000,0.1095445115,-0.6086956522,1.5625000000,-0.1141088661,0.3200000000,0.0871779789,-0.6981132075,1.7957063712,0.0543353054,0.4800000000,0.0678232998,-0.4156626506,2.3638941399,0.7500308204,0.4800000000,0.0678232998,-0.4156626506,2.3638941399,0.7500308204
