Instance,INF_avg,INF_sd,INF_r1,INF_kr,INF_sk,SUP_avg,SUP_sd,SUP_r1,SUP_kr,SUP_sk,INC_avg,INC_sd,INC_r1,INC_kr,INC_sk,IND_avg,IND_sd,IND_r1,IND_kr,IND_sk
59,0.2660000000,0.1014593515,0.3463695217,2.7196648569,0.5019922185,0.2590000000,0.0952312974,0.0665927111,2.7995292970,0.2800987225,0.4750000000,0.1180042372,0.1248310050,2.5502902507,0.0136927195,0.4750000000,0.1180042372,0.1248310050,2.5502902507,0.0136927195
