Instance,INF_avg,INF_sd,INF_r1,INF_kr,INF_sk,SUP_avg,SUP_sd,SUP_r1,SUP_kr,SUP_sk,INC_avg,INC_sd,INC_r1,INC_kr,INC_sk,IND_avg,IND_sd,IND_r1,IND_kr,IND_sk
227,0.1770000000,0.0228254244,0.2462701027,2.5146422243,-0.4359216191,0.3010000000,0.0238537209,-0.4690675700,2.1571992921,-0.1626786911,0.5220000000,0.0208806130,-0.2580348944,2.3236259574,-0.6616910025,0.5220000000,0.0208806130,-0.2580348944,2.3236259574,-0.6616910025
