Instance,INF_avg,INF_sd,INF_r1,INF_kr,INF_sk,SUP_avg,SUP_sd,SUP_r1,SUP_kr,SUP_sk,INC_avg,INC_sd,INC_r1,INC_kr,INC_sk,IND_avg,IND_sd,IND_r1,IND_kr,IND_sk
29,0.2275000000,0.0254214476,-0.1114413076,2.2616157043,-0.0273912391,0.2455000000,0.0380427391,-0.2506703109,2.5205306697,0.4988706850,0.5270000000,0.0310000000,-0.6930807886,2.8643495925,-0.5873921654,0.5270000000,0.0310000000,-0.6930807886,2.8643495925,-0.5873921654
