Instance,INF_avg,INF_sd,INF_r1,INF_kr,INF_sk,SUP_avg,SUP_sd,SUP_r1,SUP_kr,SUP_sk,INC_avg,INC_sd,INC_r1,INC_kr,INC_sk,IND_avg,IND_sd,IND_r1,IND_kr,IND_sk
214,0.2210000000,0.0552630075,-0.5378275919,1.5025976432,0.1058343230,0.2700000000,0.0361939221,-0.0354609929,1.8590117126,0.1423629010,0.5090000000,0.0416413256,-0.7066559003,1.3151323220,-0.0612413983,0.5090000000,0.0416413256,-0.7066559003,1.3151323220,-0.0612413983
