Instance,INF_avg,INF_sd,INF_r1,INF_kr,INF_sk,SUP_avg,SUP_sd,SUP_r1,SUP_kr,SUP_sk,INC_avg,INC_sd,INC_r1,INC_kr,INC_sk,IND_avg,IND_sd,IND_r1,IND_kr,IND_sk
209,0.2350000000,0.1267872233,-0.0232181005,2.4080479092,0.2351449462,0.2600000000,0.1407124728,-0.2038359518,2.1603917968,-0.0861417036,0.5050000000,0.1525614630,-0.0275763244,2.8868730827,0.3043621966,0.5050000000,0.1525614630,-0.0275763244,2.8868730827,0.3043621966
