Instance,INF_avg,INF_sd,INF_r1,INF_kr,INF_sk,SUP_avg,SUP_sd,SUP_r1,SUP_kr,SUP_sk,INC_avg,INC_sd,INC_r1,INC_kr,INC_sk,IND_avg,IND_sd,IND_r1,IND_kr,IND_sk
187,0.3235071090,0.0838245951,0.3427805012,2.7214276898,0.1788232524,0.1330805687,0.0697965096,0.5042202718,2.5884332753,0.4327532322,0.5434123223,0.0740162377,0.0786466772,3.4009444538,0.4388837809,0.5434123223,0.0740162377,0.0786466772,3.4009444538,0.4388837809
