Instance,INF_avg,INF_sd,INF_r1,INF_kr,INF_sk,SUP_avg,SUP_sd,SUP_r1,SUP_kr,SUP_sk,INC_avg,INC_sd,INC_r1,INC_kr,INC_sk,IND_avg,IND_sd,IND_r1,IND_kr,IND_sk
180,0.2270000000,0.0263818119,0.3547800800,1.2676129608,-0.4375402070,0.2500000000,0.0151657509,-0.7619047619,2.1219281664,0.3870276692,0.5230000000,0.0265706605,-0.3754963131,2.3169313613,0.7433277094,0.5230000000,0.0265706605,-0.3754963131,2.3169313613,0.7433277094
