Instance,INF_avg,INF_sd,INF_r1,INF_kr,INF_sk,SUP_avg,SUP_sd,SUP_r1,SUP_kr,SUP_sk,INC_avg,INC_sd,INC_r1,INC_kr,INC_sk,IND_avg,IND_sd,IND_r1,IND_kr,IND_sk
327,0.2392000000,0.0441968325,-0.0771635847,3.0312212457,0.4592552807,0.2584000000,0.0488000000,0.1072426664,3.5443388379,0.3138599707,0.5024000000,0.0517130544,0.0313477760,3.0748729740,-0.1571180996,0.5024000000,0.0517130544,0.0313477760,3.0748729740,-0.1571180996
