Instance,INF_avg,INF_sd,INF_r1,INF_kr,INF_sk,SUP_avg,SUP_sd,SUP_r1,SUP_kr,SUP_sk,INC_avg,INC_sd,INC_r1,INC_kr,INC_sk,IND_avg,IND_sd,IND_r1,IND_kr,IND_sk
334,0.3062500000,0.1344839674,0.1446470834,2.5399054901,0.3487051228,0.2000000000,0.1118033989,0.1250000000,2.2400000000,0.2683281573,0.4937500000,0.1297533718,-0.1575601635,2.5882558772,-0.5706435401,0.4937500000,0.1297533718,-0.1575601635,2.5882558772,-0.5706435401
