Instance,INF_avg,INF_sd,INF_r1,INF_kr,INF_sk,SUP_avg,SUP_sd,SUP_r1,SUP_kr,SUP_sk,INC_avg,INC_sd,INC_r1,INC_kr,INC_sk,IND_avg,IND_sd,IND_r1,IND_kr,IND_sk
300,0.2691000000,0.0367449316,0.4369894392,2.6086340567,0.2065248324,0.2360000000,0.0310966236,0.2060775665,3.1141474234,-0.1904528483,0.4949000000,0.0354963378,0.0840574258,3.1923538969,-0.1564448786,0.4949000000,0.0354963378,0.0840574258,3.1923538969,-0.1564448786
