Instance,INF_avg,INF_sd,INF_r1,INF_kr,INF_sk,SUP_avg,SUP_sd,SUP_r1,SUP_kr,SUP_sk,INC_avg,INC_sd,INC_r1,INC_kr,INC_sk,IND_avg,IND_sd,IND_r1,IND_kr,IND_sk
52,0.3612903226,0.1314986063,0.2361069938,2.9598927261,0.2170377468,0.2104838710,0.1032289566,0.6206400640,3.3431215966,0.4878741869,0.4282258065,0.1120271308,0.2080900399,2.6546740808,-0.1538064067,0.4282258065,0.1120271308,0.2080900399,2.6546740808,-0.1538064067
