Instance,INF_avg,INF_sd,INF_r1,INF_kr,INF_sk,SUP_avg,SUP_sd,SUP_r1,SUP_kr,SUP_sk,INC_avg,INC_sd,INC_r1,INC_kr,INC_sk,IND_avg,IND_sd,IND_r1,IND_kr,IND_sk
344,0.2770000000,0.1089541188,0.0990383195,3.0512781800,0.3315044649,0.2255000000,0.0998736702,0.0421393041,2.9819394054,0.3127841719,0.4975000000,0.1127774357,0.0567050148,2.8358886561,-0.2672524779,0.4975000000,0.1127774357,0.0567050148,2.8358886561,-0.2672524779
