Instance,INF_avg,INF_sd,INF_r1,INF_kr,INF_sk,SUP_avg,SUP_sd,SUP_r1,SUP_kr,SUP_sk,INC_avg,INC_sd,INC_r1,INC_kr,INC_sk,IND_avg,IND_sd,IND_r1,IND_kr,IND_sk
320,0.2605000000,0.0875485580,-0.1569423628,3.2796079843,0.3258426677,0.2610000000,0.0923525852,-0.1540558587,2.5669661436,0.1424597348,0.4785000000,0.1010581516,-0.0313948255,2.5337528480,-0.0436876778,0.4785000000,0.1010581516,-0.0313948255,2.5337528480,-0.0436876778
