Instance,INF_avg,INF_sd,INF_r1,INF_kr,INF_sk,SUP_avg,SUP_sd,SUP_r1,SUP_kr,SUP_sk,INC_avg,INC_sd,INC_r1,INC_kr,INC_sk,IND_avg,IND_sd,IND_r1,IND_kr,IND_sk
37,0.2440000000,0.0280000000,-0.4028384279,2.9376301541,-1.2332361516,0.2980000000,0.0523067873,-0.6440480807,1.4058428234,0.0798259425,0.4580000000,0.0526877595,-0.4410696600,1.3961622470,-0.4617491899,0.4580000000,0.0526877595,-0.4410696600,1.3961622470,-0.4617491899
