Instance,INF_avg,INF_sd,INF_r1,INF_kr,INF_sk,SUP_avg,SUP_sd,SUP_r1,SUP_kr,SUP_sk,INC_avg,INC_sd,INC_r1,INC_kr,INC_sk,IND_avg,IND_sd,IND_r1,IND_kr,IND_sk
22,0.2290000000,0.1444264519,-0.0569484052,2.8122783641,0.4218554222,0.2750000000,0.1492481156,0.0264304386,2.3957305944,0.1793501825,0.4960000000,0.1886372180,-0.0864801436,2.7636697521,-0.3088176185,0.4960000000,0.1886372180,-0.0864801436,2.7636697521,-0.3088176185
