Instance,INF_avg,INF_sd,INF_r1,INF_kr,INF_sk,SUP_avg,SUP_sd,SUP_r1,SUP_kr,SUP_sk,INC_avg,INC_sd,INC_r1,INC_kr,INC_sk,IND_avg,IND_sd,IND_r1,IND_kr,IND_sk
61,0.2787500000,0.0487512820,0.5678954304,2.6467662266,0.3935844839,0.2191500000,0.0399127486,0.4685092293,2.2348857265,-0.2142256145,0.5021000000,0.0366413701,0.1651670104,2.4201926929,0.0588466514,0.5021000000,0.0366413701,0.1651670104,2.4201926929,0.0588466514
