Instance,INF_avg,INF_sd,INF_r1,INF_kr,INF_sk,SUP_avg,SUP_sd,SUP_r1,SUP_kr,SUP_sk,INC_avg,INC_sd,INC_r1,INC_kr,INC_sk,IND_avg,IND_sd,IND_r1,IND_kr,IND_sk
146,0.2556000000,0.0292342265,-0.2194146420,2.3365869995,-0.7093757414,0.2508000000,0.0318960813,-0.0852427414,2.8887653714,-0.3889754968,0.4936000000,0.0373769983,0.2648025245,3.0166260620,0.3955655830,0.4936000000,0.0373769983,0.2648025245,3.0166260620,0.3955655830
