Instance,INF_avg,INF_sd,INF_r1,INF_kr,INF_sk,SUP_avg,SUP_sd,SUP_r1,SUP_kr,SUP_sk,INC_avg,INC_sd,INC_r1,INC_kr,INC_sk,IND_avg,IND_sd,IND_r1,IND_kr,IND_sk
396,0.3120000000,0.1505191018,-0.1353131500,2.2704263622,-0.2748679793,0.2320000000,0.1190630085,-0.2836185819,2.5589455233,0.3592384365,0.4560000000,0.1444437607,0.0680104779,3.5263441417,-0.2391658325,0.4560000000,0.1444437607,0.0680104779,3.5263441417,-0.2391658325
