Instance,INF_avg,INF_sd,INF_r1,INF_kr,INF_sk,SUP_avg,SUP_sd,SUP_r1,SUP_kr,SUP_sk,INC_avg,INC_sd,INC_r1,INC_kr,INC_sk,IND_avg,IND_sd,IND_r1,IND_kr,IND_sk
191,0.2700000000,0.0678232998,-0.8141592920,1.2296786389,0.2115471545,0.2700000000,0.0400000000,-0.3380281690,2.0781250000,-0.8437500000,0.4600000000,0.1019803903,-0.6570327553,1.3731508876,0.1527442976,0.4600000000,0.1019803903,-0.6570327553,1.3731508876,0.1527442976
