Instance,INF_avg,INF_sd,INF_r1,INF_kr,INF_sk,SUP_avg,SUP_sd,SUP_r1,SUP_kr,SUP_sk,INC_avg,INC_sd,INC_r1,INC_kr,INC_sk,IND_avg,IND_sd,IND_r1,IND_kr,IND_sk
279,0.2800000000,0.0400000000,-0.0563380282,2.0781250000,0.8437500000,0.2600000000,0.1067707825,-0.3502673797,1.7206832872,-0.1380231722,0.4600000000,0.0734846923,-0.4765100671,1.5781893004,-0.3477670622,0.4600000000,0.0734846923,-0.4765100671,1.5781893004,-0.3477670622
