Instance,INF_avg,INF_sd,INF_r1,INF_kr,INF_sk,SUP_avg,SUP_sd,SUP_r1,SUP_kr,SUP_sk,INC_avg,INC_sd,INC_r1,INC_kr,INC_sk,IND_avg,IND_sd,IND_r1,IND_kr,IND_sk
396,0.2582000000,0.0347384513,-0.0758151060,2.5835612136,0.0927897344,0.2419500000,0.0289214021,-0.1478224298,2.9741335262,0.3581097630,0.4998500000,0.0342888830,0.0298911467,2.4959668530,-0.1032427875,0.4998500000,0.0342888830,0.0298911467,2.4959668530,-0.1032427875
