Instance,INF_avg,INF_sd,INF_r1,INF_kr,INF_sk,SUP_avg,SUP_sd,SUP_r1,SUP_kr,SUP_sk,INC_avg,INC_sd,INC_r1,INC_kr,INC_sk,IND_avg,IND_sd,IND_r1,IND_kr,IND_sk
73,0.2300000000,0.1004987562,-0.2539021852,2.2396823841,-0.2571333729,0.3200000000,0.0556776436,-0.3071895425,1.6305931322,0.0347623165,0.4500000000,0.0948683298,-0.0857142857,2.5000000000,0.7027283689,0.4500000000,0.0948683298,-0.0857142857,2.5000000000,0.7027283689
