Instance,INF_avg,INF_sd,INF_r1,INF_kr,INF_sk,SUP_avg,SUP_sd,SUP_r1,SUP_kr,SUP_sk,INC_avg,INC_sd,INC_r1,INC_kr,INC_sk,IND_avg,IND_sd,IND_r1,IND_kr,IND_sk
29,0.2500000000,0.1284523258,0.2000000000,2.1900826446,0.4246357877,0.2700000000,0.0640312424,-0.1911357341,2.2944675788,0.3656751498,0.4800000000,0.1077032961,-0.0553633218,2.7669441141,0.4034071140,0.4800000000,0.1077032961,-0.0553633218,2.7669441141,0.4034071140
