Instance,INF_avg,INF_sd,INF_r1,INF_kr,INF_sk,SUP_avg,SUP_sd,SUP_r1,SUP_kr,SUP_sk,INC_avg,INC_sd,INC_r1,INC_kr,INC_sk,IND_avg,IND_sd,IND_r1,IND_kr,IND_sk
287,0.2764000000,0.0633643433,0.0185503971,2.7893264182,0.0923275562,0.3324000000,0.0509336824,0.0487204164,3.4815099326,0.4997014393,0.3912000000,0.0525219954,0.1030428992,2.3237516275,0.1558991215,0.3912000000,0.0525219954,0.1030428992,2.3237516275,0.1558991215
