Instance,INF_avg,INF_sd,INF_r1,INF_kr,INF_sk,SUP_avg,SUP_sd,SUP_r1,SUP_kr,SUP_sk,INC_avg,INC_sd,INC_r1,INC_kr,INC_sk,IND_avg,IND_sd,IND_r1,IND_kr,IND_sk
120,0.3240000000,0.0773563184,0.1412520064,1.4078326518,-0.0273752306,0.2200000000,0.0334664011,0.1428571429,2.5000000000,0.7683612489,0.4560000000,0.0585149554,-0.1318989710,2.3312516377,0.7723882110,0.4560000000,0.0585149554,-0.1318989710,2.3312516377,0.7723882110
