Instance,INF_avg,INF_sd,INF_r1,INF_kr,INF_sk,SUP_avg,SUP_sd,SUP_r1,SUP_kr,SUP_sk,INC_avg,INC_sd,INC_r1,INC_kr,INC_sk,IND_avg,IND_sd,IND_r1,IND_kr,IND_sk
454,0.2360000000,0.1228983320,0.1075786838,2.5855671862,-0.0635084677,0.2540000000,0.1344767638,-0.0147744773,2.0707110826,0.1369016159,0.5100000000,0.1676305461,-0.0258429379,1.9904636466,-0.0560459774,0.5100000000,0.1676305461,-0.0258429379,1.9904636466,-0.0560459774
