Instance,INF_avg,INF_sd,INF_r1,INF_kr,INF_sk,SUP_avg,SUP_sd,SUP_r1,SUP_kr,SUP_sk,INC_avg,INC_sd,INC_r1,INC_kr,INC_sk,IND_avg,IND_sd,IND_r1,IND_kr,IND_sk
270,0.2730769231,0.1021224465,0.2670958761,2.2472370605,-0.2019333845,0.2019230769,0.1014138221,0.5383887339,2.7497000567,0.3625613563,0.5250000000,0.1030776406,0.0392609700,2.7034868246,-0.1843709729,0.5250000000,0.1030776406,0.0392609700,2.7034868246,-0.1843709729
