Instance,INF_avg,INF_sd,INF_r1,INF_kr,INF_sk,SUP_avg,SUP_sd,SUP_r1,SUP_kr,SUP_sk,INC_avg,INC_sd,INC_r1,INC_kr,INC_sk,IND_avg,IND_sd,IND_r1,IND_kr,IND_sk
95,0.2132000000,0.0439745381,0.1275605443,1.9750072218,0.0842363107,0.2744000000,0.0579019861,0.0012296468,2.7997883646,0.7245863209,0.5124000000,0.0728439428,-0.0015411324,2.3434765761,0.2314486323,0.5124000000,0.0728439428,-0.0015411324,2.3434765761,0.2314486323
