Instance,INF_avg,INF_sd,INF_r1,INF_kr,INF_sk,SUP_avg,SUP_sd,SUP_r1,SUP_kr,SUP_sk,INC_avg,INC_sd,INC_r1,INC_kr,INC_sk,IND_avg,IND_sd,IND_r1,IND_kr,IND_sk
395,0.4298484848,0.1142696495,0.6376573578,2.4032804864,-0.2009930300,0.1203030303,0.0673743431,0.5931507062,3.5075333195,0.8180175939,0.4498484848,0.0793723947,0.2677626993,3.0918368255,0.0824169322,0.4498484848,0.0793723947,0.2677626993,3.0918368255,0.0824169322
