Instance,INF_avg,INF_sd,INF_r1,INF_kr,INF_sk,SUP_avg,SUP_sd,SUP_r1,SUP_kr,SUP_sk,INC_avg,INC_sd,INC_r1,INC_kr,INC_sk,IND_avg,IND_sd,IND_r1,IND_kr,IND_sk
88,0.2520000000,0.1024499878,0.0047770701,2.3272326740,-0.2771131994,0.2760000000,0.1490771612,-0.0434872767,2.3509758096,0.2336042202,0.4720000000,0.1371714256,-0.0510419551,3.5348205609,0.1404469337,0.4720000000,0.1371714256,-0.0510419551,3.5348205609,0.1404469337
