Instance,INF_avg,INF_sd,INF_r1,INF_kr,INF_sk,SUP_avg,SUP_sd,SUP_r1,SUP_kr,SUP_sk,INC_avg,INC_sd,INC_r1,INC_kr,INC_sk,IND_avg,IND_sd,IND_r1,IND_kr,IND_sk
82,0.2570000000,0.0282134720,-0.2441068622,2.3250707053,-0.4345459598,0.2345000000,0.0359478789,-0.1132657217,2.5032641915,0.1383314438,0.5085000000,0.0459918471,-0.3533816337,3.8040698871,1.2893607556,0.5085000000,0.0459918471,-0.3533816337,3.8040698871,1.2893607556
