Instance,INF_avg,INF_sd,INF_r1,INF_kr,INF_sk,SUP_avg,SUP_sd,SUP_r1,SUP_kr,SUP_sk,INC_avg,INC_sd,INC_r1,INC_kr,INC_sk,IND_avg,IND_sd,IND_r1,IND_kr,IND_sk
125,0.2266000000,0.0521578374,0.0260357216,2.5235480328,0.3676577523,0.2442000000,0.0623727505,0.1151265971,3.8780586331,0.6215777909,0.5292000000,0.0713537665,-0.0757922039,2.3644489698,-0.1198505275,0.5292000000,0.0713537665,-0.0757922039,2.3644489698,-0.1198505275
