Instance,INF_avg,INF_sd,INF_r1,INF_kr,INF_sk,SUP_avg,SUP_sd,SUP_r1,SUP_kr,SUP_sk,INC_avg,INC_sd,INC_r1,INC_kr,INC_sk,IND_avg,IND_sd,IND_r1,IND_kr,IND_sk
159,0.2828000000,0.0617102909,-0.0136846115,2.5812033563,0.1790171386,0.2532000000,0.0737140421,-0.0952131260,2.3934756002,0.5271903164,0.4640000000,0.0708801806,-0.0757150153,2.3757758935,-0.4291803705,0.4640000000,0.0708801806,-0.0757150153,2.3757758935,-0.4291803705
