Instance,INF_avg,INF_sd,INF_r1,INF_kr,INF_sk,SUP_avg,SUP_sd,SUP_r1,SUP_kr,SUP_sk,INC_avg,INC_sd,INC_r1,INC_kr,INC_sk,IND_avg,IND_sd,IND_r1,IND_kr,IND_sk
338,0.2262000000,0.0524171728,0.1300436043,2.4204988858,0.2935512672,0.3042000000,0.0431782353,0.1685514608,2.5672107944,-0.0460252717,0.4696000000,0.0436330150,0.1300968450,2.6477608295,-0.2850035921,0.4696000000,0.0436330150,0.1300968450,2.6477608295,-0.2850035921
