Instance,INF_avg,INF_sd,INF_r1,INF_kr,INF_sk,SUP_avg,SUP_sd,SUP_r1,SUP_kr,SUP_sk,INC_avg,INC_sd,INC_r1,INC_kr,INC_sk,IND_avg,IND_sd,IND_r1,IND_kr,IND_sk
18,0.2560000000,0.0941488184,0.0867870930,3.6890248472,-0.4251085292,0.2040000000,0.0705974504,0.1387337058,2.4725683987,0.2845695919,0.5400000000,0.1039230485,0.4113263785,4.9722222222,0.4276668661,0.5400000000,0.1039230485,0.4113263785,4.9722222222,0.4276668661
