Instance,INF_avg,INF_sd,INF_r1,INF_kr,INF_sk,SUP_avg,SUP_sd,SUP_r1,SUP_kr,SUP_sk,INC_avg,INC_sd,INC_r1,INC_kr,INC_sk,IND_avg,IND_sd,IND_r1,IND_kr,IND_sk
5,0.2800000000,0.0979795897,-0.2951167728,2.4361979167,0.5677202789,0.1400000000,0.0489897949,-1.1794871795,2.7291666667,-0.8675276172,0.5800000000,0.1122497216,-0.4814814815,1.8469387755,-0.3436215967,0.5800000000,0.1122497216,-0.4814814815,1.8469387755,-0.3436215967
