Instance,INF_avg,INF_sd,INF_r1,INF_kr,INF_sk,SUP_avg,SUP_sd,SUP_r1,SUP_kr,SUP_sk,INC_avg,INC_sd,INC_r1,INC_kr,INC_sk,IND_avg,IND_sd,IND_r1,IND_kr,IND_sk
30,0.2569000000,0.0297806984,0.0623357664,3.2258389500,-0.1912802153,0.2729000000,0.0302752374,0.0134676914,2.3754611139,-0.3107649824,0.4702000000,0.0361864616,0.1091778454,2.9817315188,0.3611779192,0.4702000000,0.0361864616,0.1091778454,2.9817315188,0.3611779192
