Instance,INF_avg,INF_sd,INF_r1,INF_kr,INF_sk,SUP_avg,SUP_sd,SUP_r1,SUP_kr,SUP_sk,INC_avg,INC_sd,INC_r1,INC_kr,INC_sk,IND_avg,IND_sd,IND_r1,IND_kr,IND_sk
71,0.2380000000,0.0347275107,-0.6219538264,2.2582238063,-0.3547161230,0.2830000000,0.0290000000,-0.6058619837,2.1674652649,-0.1853704539,0.4790000000,0.0268141754,-0.4119986742,2.9935855896,-0.9513785457,0.4790000000,0.0268141754,-0.4119986742,2.9935855896,-0.9513785457
