Instance,INF_avg,INF_sd,INF_r1,INF_kr,INF_sk,SUP_avg,SUP_sd,SUP_r1,SUP_kr,SUP_sk,INC_avg,INC_sd,INC_r1,INC_kr,INC_sk,IND_avg,IND_sd,IND_r1,IND_kr,IND_sk
82,0.2200000000,0.1131370850,-0.1634756996,2.8320312500,-0.2320194126,0.2440000000,0.1134195750,-0.1060875182,2.8012177916,0.2308164571,0.5360000000,0.1382172203,-0.0137189971,3.1262131428,-0.2082513273,0.5360000000,0.1382172203,-0.0137189971,3.1262131428,-0.2082513273
