Instance,INF_avg,INF_sd,INF_r1,INF_kr,INF_sk,SUP_avg,SUP_sd,SUP_r1,SUP_kr,SUP_sk,INC_avg,INC_sd,INC_r1,INC_kr,INC_sk,IND_avg,IND_sd,IND_r1,IND_kr,IND_sk
227,0.2850000000,0.0743303437,0.2412539755,3.5948690649,0.5223106400,0.2400000000,0.1067707825,-0.0231316726,4.5369344414,0.8774330235,0.4750000000,0.1188486432,-0.1644444444,2.3795911974,-0.5584555247,0.4750000000,0.1188486432,-0.1644444444,2.3795911974,-0.5584555247
