Instance,INF_avg,INF_sd,INF_r1,INF_kr,INF_sk,SUP_avg,SUP_sd,SUP_r1,SUP_kr,SUP_sk,INC_avg,INC_sd,INC_r1,INC_kr,INC_sk,IND_avg,IND_sd,IND_r1,IND_kr,IND_sk
459,0.2660000000,0.1079073677,-0.2174426964,2.6926126642,0.4194215369,0.2085000000,0.0997634703,-0.0684915339,3.0378415541,0.1428520168,0.5255000000,0.1190577591,-0.1022719164,2.4004467976,0.0742469855,0.5255000000,0.1190577591,-0.1022719164,2.4004467976,0.0742469855
