Instance,INF_avg,INF_sd,INF_r1,INF_kr,INF_sk,SUP_avg,SUP_sd,SUP_r1,SUP_kr,SUP_sk,INC_avg,INC_sd,INC_r1,INC_kr,INC_sk,IND_avg,IND_sd,IND_r1,IND_kr,IND_sk
146,0.3200000000,0.1077032961,-0.1313868613,1.5184304400,0.0768394503,0.1700000000,0.1004987562,0.3579072533,2.2249779433,-0.5556445300,0.5100000000,0.1577973384,0.2874572962,2.0466927953,0.2931929063,0.5100000000,0.1577973384,0.2874572962,2.0466927953,0.2931929063
