Instance,INF_avg,INF_sd,INF_r1,INF_kr,INF_sk,SUP_avg,SUP_sd,SUP_r1,SUP_kr,SUP_sk,INC_avg,INC_sd,INC_r1,INC_kr,INC_sk,IND_avg,IND_sd,IND_r1,IND_kr,IND_sk
351,0.2508000000,0.0656304807,0.0262507980,2.2221779417,0.1589768687,0.2508000000,0.0625088794,0.1096096757,2.2213104650,0.2881611166,0.4984000000,0.0737389992,-0.0282613434,2.9389966332,-0.1591619199,0.4984000000,0.0737389992,-0.0282613434,2.9389966332,-0.1591619199
