Instance,INF_avg,INF_sd,INF_r1,INF_kr,INF_sk,SUP_avg,SUP_sd,SUP_r1,SUP_kr,SUP_sk,INC_avg,INC_sd,INC_r1,INC_kr,INC_sk,IND_avg,IND_sd,IND_r1,IND_kr,IND_sk
331,0.2463000000,0.0444444597,0.0826880117,4.1290772017,0.2802841957,0.2697000000,0.0443047402,0.0009582133,2.6307196411,0.4615199690,0.4840000000,0.0483528696,-0.0352049656,3.5881852329,-0.6368919156,0.4840000000,0.0483528696,-0.0352049656,3.5881852329,-0.6368919156
