Instance,INF_avg,INF_sd,INF_r1,INF_kr,INF_sk,SUP_avg,SUP_sd,SUP_r1,SUP_kr,SUP_sk,INC_avg,INC_sd,INC_r1,INC_kr,INC_sk,IND_avg,IND_sd,IND_r1,IND_kr,IND_sk
228,0.2700000000,0.0900000000,-0.2636505460,2.2583447645,-0.1975308642,0.2400000000,0.1356465997,-0.5460526316,2.6474480151,0.2115471545,0.4900000000,0.0943398113,-0.7428924598,2.3654841560,-0.5145158249,0.4900000000,0.0943398113,-0.7428924598,2.3654841560,-0.5145158249
