Instance,INF_avg,INF_sd,INF_r1,INF_kr,INF_sk,SUP_avg,SUP_sd,SUP_r1,SUP_kr,SUP_sk,INC_avg,INC_sd,INC_r1,INC_kr,INC_sk,IND_avg,IND_sd,IND_r1,IND_kr,IND_sk
285,0.2680000000,0.1515783626,-0.0291763781,3.6764592919,0.6886865010,0.3360000000,0.1438888460,-0.3190326499,2.1815954745,0.0796596348,0.3960000000,0.1427725464,-0.1893442901,3.5716269602,0.7300586964,0.3960000000,0.1427725464,-0.1893442901,3.5716269602,0.7300586964
