Instance,INF_avg,INF_sd,INF_r1,INF_kr,INF_sk,SUP_avg,SUP_sd,SUP_r1,SUP_kr,SUP_sk,INC_avg,INC_sd,INC_r1,INC_kr,INC_sk,IND_avg,IND_sd,IND_r1,IND_kr,IND_sk
423,0.2040000000,0.0397994975,-0.3368848300,1.6047597184,-0.0106594920,0.2060000000,0.0407921561,-0.6849816850,1.2743389423,0.3245816323,0.5900000000,0.0460434577,-0.2843137255,2.4074403702,-0.5900905939,0.5900000000,0.0460434577,-0.2843137255,2.4074403702,-0.5900905939
