Instance,INF_avg,INF_sd,INF_r1,INF_kr,INF_sk,SUP_avg,SUP_sd,SUP_r1,SUP_kr,SUP_sk,INC_avg,INC_sd,INC_r1,INC_kr,INC_sk,IND_avg,IND_sd,IND_r1,IND_kr,IND_sk
53,0.2600000000,0.0916515139,0.1239570918,2.2508503401,-0.0038967480,0.2450000000,0.0610327781,-0.0883856830,2.2114769605,-0.1385546604,0.4950000000,0.0986154146,0.2307692308,1.8248425532,-0.0172047961,0.4950000000,0.0986154146,0.2307692308,1.8248425532,-0.0172047961
