Instance,INF_avg,INF_sd,INF_r1,INF_kr,INF_sk,SUP_avg,SUP_sd,SUP_r1,SUP_kr,SUP_sk,INC_avg,INC_sd,INC_r1,INC_kr,INC_sk,IND_avg,IND_sd,IND_r1,IND_kr,IND_sk
294,0.3576744186,0.0882079259,0.4978086044,3.0788019089,-0.5094037124,0.1362790698,0.0776702408,0.6561155680,2.4753135286,0.4646557964,0.5060465116,0.0653484234,-0.0048141334,2.2067841822,-0.0577035315,0.5060465116,0.0653484234,-0.0048141334,2.2067841822,-0.0577035315
