Instance,INF_avg,INF_sd,INF_r1,INF_kr,INF_sk,SUP_avg,SUP_sd,SUP_r1,SUP_kr,SUP_sk,INC_avg,INC_sd,INC_r1,INC_kr,INC_sk,IND_avg,IND_sd,IND_r1,IND_kr,IND_sk
105,0.2480000000,0.1230284520,-0.2419631376,2.2824510904,0.0383554860,0.2560000000,0.0585149554,-0.5675057208,1.3093283256,-0.0900800147,0.4960000000,0.0773563184,0.1057797165,2.3343675827,0.1518080972,0.4960000000,0.0773563184,0.1057797165,2.3343675827,0.1518080972
