Instance,INF_avg,INF_sd,INF_r1,INF_kr,INF_sk,SUP_avg,SUP_sd,SUP_r1,SUP_kr,SUP_sk,INC_avg,INC_sd,INC_r1,INC_kr,INC_sk,IND_avg,IND_sd,IND_r1,IND_kr,IND_sk
316,0.2300000000,0.0714142843,-0.5246636771,1.7866205306,-0.5106903836,0.2000000000,0.0707106781,0.0625000000,2.6000000000,0.6363961031,0.5700000000,0.1077032961,-0.3337320574,2.7557966706,-0.4634379345,0.5700000000,0.1077032961,-0.3337320574,2.7557966706,-0.4634379345
