Instance,INF_avg,INF_sd,INF_r1,INF_kr,INF_sk,SUP_avg,SUP_sd,SUP_r1,SUP_kr,SUP_sk,INC_avg,INC_sd,INC_r1,INC_kr,INC_sk,IND_avg,IND_sd,IND_r1,IND_kr,IND_sk
292,0.2293000000,0.0503836283,0.0902102201,2.8780969747,0.0706900731,0.2714000000,0.0516337099,0.0307993603,2.3956439047,0.1314849047,0.4993000000,0.0540047220,-0.0986780033,2.7486568546,-0.1863110879,0.4993000000,0.0540047220,-0.0986780033,2.7486568546,-0.1863110879
