Instance,INF_avg,INF_sd,INF_r1,INF_kr,INF_sk,SUP_avg,SUP_sd,SUP_r1,SUP_kr,SUP_sk,INC_avg,INC_sd,INC_r1,INC_kr,INC_sk,IND_avg,IND_sd,IND_r1,IND_kr,IND_sk
462,0.2610000000,0.0912633552,0.0295084668,2.9055681941,0.3437716517,0.3220000000,0.0928224111,-0.0032184849,2.7417307439,0.3759837849,0.4170000000,0.1032521186,-0.1044042702,2.0621862262,0.1125356849,0.4170000000,0.1032521186,-0.1044042702,2.0621862262,0.1125356849
