Instance,INF_avg,INF_sd,INF_r1,INF_kr,INF_sk,SUP_avg,SUP_sd,SUP_r1,SUP_kr,SUP_sk,INC_avg,INC_sd,INC_r1,INC_kr,INC_sk,IND_avg,IND_sd,IND_r1,IND_kr,IND_sk
414,0.2520000000,0.1389100428,0.0093647937,2.9172421475,0.5406698902,0.2760000000,0.1393700111,-0.1026258494,1.7996805528,0.2557519460,0.4720000000,0.1778088862,0.2705191947,1.9243503008,-0.0431022756,0.4720000000,0.1778088862,0.2705191947,1.9243503008,-0.0431022756
