Instance,INF_avg,INF_sd,INF_r1,INF_kr,INF_sk,SUP_avg,SUP_sd,SUP_r1,SUP_kr,SUP_sk,INC_avg,INC_sd,INC_r1,INC_kr,INC_sk,IND_avg,IND_sd,IND_r1,IND_kr,IND_sk
114,0.2582000000,0.0761101833,0.2476587922,2.7889418266,0.1172332498,0.2762000000,0.0788768661,0.4248597783,2.4477396255,0.3909641936,0.4656000000,0.0734345968,0.2328287448,2.8877005008,-0.0793218808,0.4656000000,0.0734345968,0.2328287448,2.8877005008,-0.0793218808
