Instance,INF_avg,INF_sd,INF_r1,INF_kr,INF_sk,SUP_avg,SUP_sd,SUP_r1,SUP_kr,SUP_sk,INC_avg,INC_sd,INC_r1,INC_kr,INC_sk,IND_avg,IND_sd,IND_r1,IND_kr,IND_sk
132,0.2420000000,0.0934665716,-0.2090998716,2.8759635511,-0.4651718925,0.2220000000,0.1010742301,-0.4114617594,2.5935489588,0.5521113401,0.5360000000,0.1109233970,-0.1165532127,2.9373102893,-0.5242432781,0.5360000000,0.1109233970,-0.1165532127,2.9373102893,-0.5242432781
