Instance,INF_avg,INF_sd,INF_r1,INF_kr,INF_sk,SUP_avg,SUP_sd,SUP_r1,SUP_kr,SUP_sk,INC_avg,INC_sd,INC_r1,INC_kr,INC_sk,IND_avg,IND_sd,IND_r1,IND_kr,IND_sk
58,0.2720000000,0.1371714256,-0.3474839017,3.0087810634,0.3264200981,0.3400000000,0.1442220510,-0.0879629630,3.0458579882,0.8000483599,0.3880000000,0.1582908715,-0.0379142076,3.3230012282,-0.5890508936,0.3880000000,0.1582908715,-0.0379142076,3.3230012282,-0.5890508936
