Instance,INF_avg,INF_sd,INF_r1,INF_kr,INF_sk,SUP_avg,SUP_sd,SUP_r1,SUP_kr,SUP_sk,INC_avg,INC_sd,INC_r1,INC_kr,INC_sk,IND_avg,IND_sd,IND_r1,IND_kr,IND_sk
366,0.2516000000,0.0388515122,-0.1940100781,2.2309481773,-0.2723109059,0.2336000000,0.0286886737,0.2702615855,2.1063394457,0.0535539540,0.5148000000,0.0397109557,-0.1137189551,3.5591174850,0.4825923784,0.5148000000,0.0397109557,-0.1137189551,3.5591174850,0.4825923784
