Instance,INF_avg,INF_sd,INF_r1,INF_kr,INF_sk,SUP_avg,SUP_sd,SUP_r1,SUP_kr,SUP_sk,INC_avg,INC_sd,INC_r1,INC_kr,INC_sk,IND_avg,IND_sd,IND_r1,IND_kr,IND_sk
156,0.2576000000,0.0662890640,0.1864440400,3.1589510626,0.0493403454,0.2388000000,0.0692138714,0.1184346696,3.6145611346,0.1055807393,0.5036000000,0.0595570315,-0.2559888526,2.5724923368,0.0888293861,0.5036000000,0.0595570315,-0.2559888526,2.5724923368,0.0888293861
