Instance,INF_avg,INF_sd,INF_r1,INF_kr,INF_sk,SUP_avg,SUP_sd,SUP_r1,SUP_kr,SUP_sk,INC_avg,INC_sd,INC_r1,INC_kr,INC_sk,IND_avg,IND_sd,IND_r1,IND_kr,IND_sk
369,0.2300000000,0.0748331477,-0.3235294118,1.8469387755,0.3436215967,0.2800000000,0.1288409873,-0.4340588988,1.9843954130,0.7265891066,0.4900000000,0.1827566688,-0.4514896868,1.2969450321,-0.2329592161,0.4900000000,0.1827566688,-0.4514896868,1.2969450321,-0.2329592161
