Instance,INF_avg,INF_sd,INF_r1,INF_kr,INF_sk,SUP_avg,SUP_sd,SUP_r1,SUP_kr,SUP_sk,INC_avg,INC_sd,INC_r1,INC_kr,INC_sk,IND_avg,IND_sd,IND_r1,IND_kr,IND_sk
138,0.2740000000,0.0449888875,-0.0240709459,1.6389960787,0.0927765338,0.2460000000,0.0338230691,-0.0830860534,4.4667465402,-1.5766952209,0.4800000000,0.0469041576,-0.0410256410,1.3669421488,-0.3081719446,0.4800000000,0.0469041576,-0.0410256410,1.3669421488,-0.3081719446
