Instance,INF_avg,INF_sd,INF_r1,INF_kr,INF_sk,SUP_avg,SUP_sd,SUP_r1,SUP_kr,SUP_sk,INC_avg,INC_sd,INC_r1,INC_kr,INC_sk,IND_avg,IND_sd,IND_r1,IND_kr,IND_sk
208,0.3224000000,0.0658653171,0.0629052411,2.7978811990,0.0989392181,0.2588000000,0.0688662472,0.1511335157,2.5329661064,0.2271721354,0.4188000000,0.0642383063,0.0219159810,2.9972878052,-0.0580295339,0.4188000000,0.0642383063,0.0219159810,2.9972878052,-0.0580295339
