Instance,INF_avg,INF_sd,INF_r1,INF_kr,INF_sk,SUP_avg,SUP_sd,SUP_r1,SUP_kr,SUP_sk,INC_avg,INC_sd,INC_r1,INC_kr,INC_sk,IND_avg,IND_sd,IND_r1,IND_kr,IND_sk
52,0.3000000000,0.0632455532,0.0000000000,2.5000000000,0.0000000000,0.1900000000,0.1240967365,-0.3487738420,2.0324675325,0.6216348580,0.5100000000,0.0969535971,-0.7972350230,1.4081032141,0.3752617726,0.5100000000,0.0969535971,-0.7972350230,1.4081032141,0.3752617726
