Instance,INF_avg,INF_sd,INF_r1,INF_kr,INF_sk,SUP_avg,SUP_sd,SUP_r1,SUP_kr,SUP_sk,INC_avg,INC_sd,INC_r1,INC_kr,INC_sk,IND_avg,IND_sd,IND_r1,IND_kr,IND_sk
480,0.3300000000,0.0509901951,-0.2301587302,1.9556213018,-0.2715454179,0.2100000000,0.0374165739,-0.0144927536,1.8469387755,-0.3436215967,0.4600000000,0.0583095189,-0.7455621302,1.6280276817,0.3631734744,0.4600000000,0.0583095189,-0.7455621302,1.6280276817,0.3631734744
