Instance,INF_avg,INF_sd,INF_r1,INF_kr,INF_sk,SUP_avg,SUP_sd,SUP_r1,SUP_kr,SUP_sk,INC_avg,INC_sd,INC_r1,INC_kr,INC_sk,IND_avg,IND_sd,IND_r1,IND_kr,IND_sk
168,0.2400000000,0.1067707825,-0.1732851986,3.1057248384,1.3703729243,0.2500000000,0.1549193338,-0.6521739130,1.7447916667,0.5244664948,0.5100000000,0.1529705854,-0.4197530864,1.9556213018,0.2715454179,0.5100000000,0.1529705854,-0.4197530864,1.9556213018,0.2715454179
