Instance,INF_avg,INF_sd,INF_r1,INF_kr,INF_sk,SUP_avg,SUP_sd,SUP_r1,SUP_kr,SUP_sk,INC_avg,INC_sd,INC_r1,INC_kr,INC_sk,IND_avg,IND_sd,IND_r1,IND_kr,IND_sk
275,0.2280000000,0.0949526198,0.0013679283,2.1783618042,-0.1627113285,0.2330000000,0.0903382532,0.1210167316,2.7566282510,-0.0357761718,0.5390000000,0.1026109156,0.1906484150,3.2894055567,-0.1746702046,0.5390000000,0.1026109156,0.1906484150,3.2894055567,-0.1746702046
