Instance,INF_avg,INF_sd,INF_r1,INF_kr,INF_sk,SUP_avg,SUP_sd,SUP_r1,SUP_kr,SUP_sk,INC_avg,INC_sd,INC_r1,INC_kr,INC_sk,IND_avg,IND_sd,IND_r1,IND_kr,IND_sk
58,0.2555000000,0.0261199158,-0.1292281645,5.1955802000,1.6814519913,0.2445000000,0.0319726446,-0.3864270600,1.7145258641,-0.1393340778,0.5000000000,0.0342052628,-0.1955445545,1.3845058076,0.1236876694,0.5000000000,0.0342052628,-0.1955445545,1.3845058076,0.1236876694
