Instance,INF_avg,INF_sd,INF_r1,INF_kr,INF_sk,SUP_avg,SUP_sd,SUP_r1,SUP_kr,SUP_sk,INC_avg,INC_sd,INC_r1,INC_kr,INC_sk,IND_avg,IND_sd,IND_r1,IND_kr,IND_sk
228,0.2280000000,0.1562561999,0.2481632214,2.7253563828,0.5051186205,0.2460000000,0.1458903698,-0.0844952926,2.4562312823,0.2916051232,0.5260000000,0.1841846899,0.1607146002,2.2697957318,-0.1542260880,0.5260000000,0.1841846899,0.1607146002,2.2697957318,-0.1542260880
