Instance,INF_avg,INF_sd,INF_r1,INF_kr,INF_sk,SUP_avg,SUP_sd,SUP_r1,SUP_kr,SUP_sk,INC_avg,INC_sd,INC_r1,INC_kr,INC_sk,IND_avg,IND_sd,IND_r1,IND_kr,IND_sk
110,0.2647000000,0.0342550726,0.0766128957,2.7702048222,-0.1116152925,0.2464000000,0.0345693506,0.2540221604,3.2419070140,0.5473765773,0.4889000000,0.0425239932,0.3396795484,2.6952942850,-0.3698361244,0.4889000000,0.0425239932,0.3396795484,2.6952942850,-0.3698361244
