Instance,INF_avg,INF_sd,INF_r1,INF_kr,INF_sk,SUP_avg,SUP_sd,SUP_r1,SUP_kr,SUP_sk,INC_avg,INC_sd,INC_r1,INC_kr,INC_sk,IND_avg,IND_sd,IND_r1,IND_kr,IND_sk
189,0.2930000000,0.1157626883,0.2397199279,2.5104411599,-0.2841009690,0.2130000000,0.0829517932,-0.0595234980,2.5766157423,0.2399195688,0.4940000000,0.1160344776,0.1398323776,2.5591566287,-0.1711796830,0.4940000000,0.1160344776,0.1398323776,2.5591566287,-0.1711796830
