Instance,INF_avg,INF_sd,INF_r1,INF_kr,INF_sk,SUP_avg,SUP_sd,SUP_r1,SUP_kr,SUP_sk,INC_avg,INC_sd,INC_r1,INC_kr,INC_sk,IND_avg,IND_sd,IND_r1,IND_kr,IND_sk
319,0.2560000000,0.0554797260,0.2515146360,2.7317781856,-0.0003513568,0.2661000000,0.0536077420,0.1731848230,2.8017701410,0.4186275051,0.4779000000,0.0530715555,0.0425215258,2.9174222150,0.0182215895,0.4779000000,0.0530715555,0.0425215258,2.9174222150,0.0182215895
