Instance,INF_avg,INF_sd,INF_r1,INF_kr,INF_sk,SUP_avg,SUP_sd,SUP_r1,SUP_kr,SUP_sk,INC_avg,INC_sd,INC_r1,INC_kr,INC_sk,IND_avg,IND_sd,IND_r1,IND_kr,IND_sk
271,0.3266666667,0.0910433352,0.0065379965,1.9955437040,0.2114794893,0.1950000000,0.0986154146,0.1772588432,2.4804025879,0.3477454236,0.4783333333,0.1201965982,-0.1457767448,2.3026681564,0.0115600308,0.4783333333,0.1201965982,-0.1457767448,2.3026681564,0.0115600308
