Instance,INF_avg,INF_sd,INF_r1,INF_kr,INF_sk,SUP_avg,SUP_sd,SUP_r1,SUP_kr,SUP_sk,INC_avg,INC_sd,INC_r1,INC_kr,INC_sk,IND_avg,IND_sd,IND_r1,IND_kr,IND_sk
495,0.1600000000,0.0800000000,-0.3157894737,3.2500000000,-1.5000000000,0.3800000000,0.1600000000,-0.5690376569,1.4189453125,0.0351562500,0.4600000000,0.1200000000,-0.3358778626,1.3981481481,0.1111111111,0.4600000000,0.1200000000,-0.3358778626,1.3981481481,0.1111111111
