Instance,INF_avg,INF_sd,INF_r1,INF_kr,INF_sk,SUP_avg,SUP_sd,SUP_r1,SUP_kr,SUP_sk,INC_avg,INC_sd,INC_r1,INC_kr,INC_sk,IND_avg,IND_sd,IND_r1,IND_kr,IND_sk
308,0.2700000000,0.1004987562,-0.1988011988,1.7544358396,0.0354666721,0.2200000000,0.1400000000,-0.4135021097,1.6022490629,0.0787172012,0.5100000000,0.1300000000,-0.5360101976,1.7932495361,0.0873918980,0.5100000000,0.1300000000,-0.5360101976,1.7932495361,0.0873918980
