Instance,INF_avg,INF_sd,INF_r1,INF_kr,INF_sk,SUP_avg,SUP_sd,SUP_r1,SUP_kr,SUP_sk,INC_avg,INC_sd,INC_r1,INC_kr,INC_sk,IND_avg,IND_sd,IND_r1,IND_kr,IND_sk
250,0.2770000000,0.0279463772,0.3934040047,2.1666418017,0.3610811165,0.2650000000,0.0253968502,-0.2329317269,2.1209662881,-0.4257990028,0.4580000000,0.0319530906,0.1311266709,3.7742922621,0.5359227394,0.4580000000,0.0319530906,0.1311266709,3.7742922621,0.5359227394
