Instance,INF_avg,INF_sd,INF_r1,INF_kr,INF_sk,SUP_avg,SUP_sd,SUP_r1,SUP_kr,SUP_sk,INC_avg,INC_sd,INC_r1,INC_kr,INC_sk,IND_avg,IND_sd,IND_r1,IND_kr,IND_sk
476,0.2614000000,0.0324197471,0.1346858988,2.3684476226,0.4295854398,0.2832000000,0.0303440274,-0.0314427641,2.3978621359,-0.2631416615,0.4554000000,0.0338502585,0.0000517947,2.9800846586,-0.0580110127,0.4554000000,0.0338502585,0.0000517947,2.9800846586,-0.0580110127
