Instance,INF_avg,INF_sd,INF_r1,INF_kr,INF_sk,SUP_avg,SUP_sd,SUP_r1,SUP_kr,SUP_sk,INC_avg,INC_sd,INC_r1,INC_kr,INC_sk,IND_avg,IND_sd,IND_r1,IND_kr,IND_sk
44,0.2400000000,0.0800000000,-0.2500000000,3.2500000000,1.5000000000,0.3200000000,0.1600000000,0.1222570533,1.4189453125,-0.0351562500,0.4400000000,0.1743559577,0.3353474320,1.3801939058,0.5071295170,0.4400000000,0.1743559577,0.3353474320,1.3801939058,0.5071295170
