Instance,INF_avg,INF_sd,INF_r1,INF_kr,INF_sk,SUP_avg,SUP_sd,SUP_r1,SUP_kr,SUP_sk,INC_avg,INC_sd,INC_r1,INC_kr,INC_sk,IND_avg,IND_sd,IND_r1,IND_kr,IND_sk
182,0.2390000000,0.1355691705,0.0087633466,2.8402077535,0.5700446706,0.2660000000,0.1620000000,-0.0939889694,3.1584830120,0.7000287896,0.4950000000,0.1751427989,-0.0236097014,2.7021498756,-0.1469984575,0.4950000000,0.1751427989,-0.0236097014,2.7021498756,-0.1469984575
