Instance,INF_avg,INF_sd,INF_r1,INF_kr,INF_sk,SUP_avg,SUP_sd,SUP_r1,SUP_kr,SUP_sk,INC_avg,INC_sd,INC_r1,INC_kr,INC_sk,IND_avg,IND_sd,IND_r1,IND_kr,IND_sk
5,0.2300000000,0.1417744688,-0.1371749108,2.3686789931,0.3031933394,0.2700000000,0.1417744688,0.2678675189,2.3686789931,-0.3031933394,0.5000000000,0.1341640786,-0.2352941176,1.6666666667,-0.2484519975,0.5000000000,0.1341640786,-0.2352941176,1.6666666667,-0.2484519975
