Instance,INF_avg,INF_sd,INF_r1,INF_kr,INF_sk,SUP_avg,SUP_sd,SUP_r1,SUP_kr,SUP_sk,INC_avg,INC_sd,INC_r1,INC_kr,INC_sk,IND_avg,IND_sd,IND_r1,IND_kr,IND_sk
145,0.2634000000,0.0233117996,0.0666571417,1.9756704697,0.0822988280,0.2206000000,0.0334460760,-0.1770412037,2.1798567722,0.3595228901,0.5160000000,0.0397743636,-0.2046592806,2.3913264107,0.1857507107,0.5160000000,0.0397743636,-0.2046592806,2.3913264107,0.1857507107
