Instance,INF_avg,INF_sd,INF_r1,INF_kr,INF_sk,SUP_avg,SUP_sd,SUP_r1,SUP_kr,SUP_sk,INC_avg,INC_sd,INC_r1,INC_kr,INC_sk,IND_avg,IND_sd,IND_r1,IND_kr,IND_sk
287,0.2800000000,0.1449137675,0.1333593293,2.6922448980,0.2129345155,0.3130000000,0.1553415592,0.0491740827,2.7279073300,0.3592575846,0.4070000000,0.1570063693,-0.0420068388,2.4013860683,-0.0692477502,0.4070000000,0.1570063693,-0.0420068388,2.4013860683,-0.0692477502
