Instance,INF_avg,INF_sd,INF_r1,INF_kr,INF_sk,SUP_avg,SUP_sd,SUP_r1,SUP_kr,SUP_sk,INC_avg,INC_sd,INC_r1,INC_kr,INC_sk,IND_avg,IND_sd,IND_r1,IND_kr,IND_sk
277,0.2600000000,0.0489897949,0.0384615385,1.1666666667,-0.4082482905,0.2600000000,0.1356465997,-0.3800904977,2.3638941399,0.7500308204,0.4800000000,0.1469693846,-0.1524163569,2.8127572016,-1.1642636432,0.4800000000,0.1469693846,-0.1524163569,2.8127572016,-1.1642636432
