Instance,INF_avg,INF_sd,INF_r1,INF_kr,INF_sk,SUP_avg,SUP_sd,SUP_r1,SUP_kr,SUP_sk,INC_avg,INC_sd,INC_r1,INC_kr,INC_sk,IND_avg,IND_sd,IND_r1,IND_kr,IND_sk
374,0.2730000000,0.1143284741,0.0532128923,2.5011078335,0.1194027665,0.3275000000,0.1100851943,0.1474824413,2.9891890914,0.1354148370,0.3995000000,0.1134669555,-0.1077407002,2.8363092220,-0.0081717350,0.3995000000,0.1134669555,-0.1077407002,2.8363092220,-0.0081717350
