Instance,INF_avg,INF_sd,INF_r1,INF_kr,INF_sk,SUP_avg,SUP_sd,SUP_r1,SUP_kr,SUP_sk,INC_avg,INC_sd,INC_r1,INC_kr,INC_sk,IND_avg,IND_sd,IND_r1,IND_kr,IND_sk
73,0.2868000000,0.0648209843,0.2962193551,3.1152945886,0.4589831312,0.1676000000,0.0565529840,0.2253795485,2.8191805883,0.2375250086,0.5456000000,0.0499663887,-0.0354385480,3.0394731144,-0.0041617312,0.5456000000,0.0499663887,-0.0354385480,3.0394731144,-0.0041617312
