Instance,INF_avg,INF_sd,INF_r1,INF_kr,INF_sk,SUP_avg,SUP_sd,SUP_r1,SUP_kr,SUP_sk,INC_avg,INC_sd,INC_r1,INC_kr,INC_sk,IND_avg,IND_sd,IND_r1,IND_kr,IND_sk
58,0.2456500000,0.0349117101,0.2508078508,2.8255058240,0.0270088185,0.2460500000,0.0383555407,0.2226735573,2.2855960371,0.2296073924,0.5083000000,0.0405722812,0.0572224144,2.9776380110,0.0982995084,0.5083000000,0.0405722812,0.0572224144,2.9776380110,0.0982995084
