Instance,INF_avg,INF_sd,INF_r1,INF_kr,INF_sk,SUP_avg,SUP_sd,SUP_r1,SUP_kr,SUP_sk,INC_avg,INC_sd,INC_r1,INC_kr,INC_sk,IND_avg,IND_sd,IND_r1,IND_kr,IND_sk
221,0.4768421053,0.0860672502,0.3055655639,2.9522426456,0.1728626831,0.0971929825,0.0557486334,0.1185828001,3.6202234250,0.7182174473,0.4259649123,0.0727374430,0.2307913294,2.8361973705,0.0725466601,0.4259649123,0.0727374430,0.2307913294,2.8361973705,0.0725466601
