Instance,INF_avg,INF_sd,INF_r1,INF_kr,INF_sk,SUP_avg,SUP_sd,SUP_r1,SUP_kr,SUP_sk,INC_avg,INC_sd,INC_r1,INC_kr,INC_sk,IND_avg,IND_sd,IND_r1,IND_kr,IND_sk
300,0.2220000000,0.1000799680,0.0143911983,2.5163336106,-0.3458735715,0.2820000000,0.1256025477,0.1559144349,2.3459834745,0.3041807912,0.4960000000,0.1174052810,0.0312686576,3.9058383234,0.1516837526,0.4960000000,0.1174052810,0.0312686576,3.9058383234,0.1516837526
