Instance,INF_avg,INF_sd,INF_r1,INF_kr,INF_sk,SUP_avg,SUP_sd,SUP_r1,SUP_kr,SUP_sk,INC_avg,INC_sd,INC_r1,INC_kr,INC_sk,IND_avg,IND_sd,IND_r1,IND_kr,IND_sk
501,0.3000000000,0.1365283853,0.7535082367,1.9169744331,-0.0346576988,0.1810000000,0.1057780696,0.1358068874,3.9811720030,1.3683670969,0.5190000000,0.1159698237,0.5731746631,1.8525599647,-0.2015492737,0.5190000000,0.1159698237,0.5731746631,1.8525599647,-0.2015492737
