Instance,INF_avg,INF_sd,INF_r1,INF_kr,INF_sk,SUP_avg,SUP_sd,SUP_r1,SUP_kr,SUP_sk,INC_avg,INC_sd,INC_r1,INC_kr,INC_sk,IND_avg,IND_sd,IND_r1,IND_kr,IND_sk
297,0.2500000000,0.0614166101,0.0248198559,2.8038547134,0.5356045512,0.2386000000,0.0602166090,-0.0077711857,2.8540021112,-0.0932818418,0.5114000000,0.0790571945,0.0380048540,3.4855770419,0.1914694457,0.5114000000,0.0790571945,0.0380048540,3.4855770419,0.1914694457
