Instance,INF_avg,INF_sd,INF_r1,INF_kr,INF_sk,SUP_avg,SUP_sd,SUP_r1,SUP_kr,SUP_sk,INC_avg,INC_sd,INC_r1,INC_kr,INC_sk,IND_avg,IND_sd,IND_r1,IND_kr,IND_sk
143,0.2100000000,0.0700000000,-0.3550135501,2.0395668471,-0.1399416910,0.3400000000,0.1496662955,-0.1960431655,2.3730867347,-0.1646520151,0.4500000000,0.1746424920,-0.1858407080,1.7911851653,-0.0000000000,0.4500000000,0.1746424920,-0.1858407080,1.7911851653,-0.0000000000
