Instance,INF_avg,INF_sd,INF_r1,INF_kr,INF_sk,SUP_avg,SUP_sd,SUP_r1,SUP_kr,SUP_sk,INC_avg,INC_sd,INC_r1,INC_kr,INC_sk,IND_avg,IND_sd,IND_r1,IND_kr,IND_sk
271,0.3060000000,0.0447660586,0.0319847490,3.4912091984,-1.0733110246,0.2440000000,0.0703135833,-0.0279889426,1.7742482798,-0.2767077108,0.4500000000,0.0882043083,0.0645624103,1.6369505885,0.3917056798,0.4500000000,0.0882043083,0.0645624103,1.6369505885,0.3917056798
