Instance,INF_avg,INF_sd,INF_r1,INF_kr,INF_sk,SUP_avg,SUP_sd,SUP_r1,SUP_kr,SUP_sk,INC_avg,INC_sd,INC_r1,INC_kr,INC_sk,IND_avg,IND_sd,IND_r1,IND_kr,IND_sk
242,0.2528000000,0.0664240920,-0.2912663548,2.5142329337,0.0087210275,0.2984000000,0.0680987518,-0.1452088371,2.0352573481,-0.1260788580,0.4488000000,0.0512499756,0.3155100300,1.7263474231,-0.4369820936,0.4488000000,0.0512499756,0.3155100300,1.7263474231,-0.4369820936
