Instance,INF_avg,INF_sd,INF_r1,INF_kr,INF_sk,SUP_avg,SUP_sd,SUP_r1,SUP_kr,SUP_sk,INC_avg,INC_sd,INC_r1,INC_kr,INC_sk,IND_avg,IND_sd,IND_r1,IND_kr,IND_sk
14,0.2900000000,0.1445683229,-0.5749162279,3.7970055631,0.1747489172,0.2000000000,0.1264911064,-0.0000000000,2.0312500000,-0.2964635306,0.5100000000,0.1868154169,-0.5677844655,2.1140795232,0.1306776917,0.5100000000,0.1868154169,-0.5677844655,2.1140795232,0.1306776917
