Instance,INF_avg,INF_sd,INF_r1,INF_kr,INF_sk,SUP_avg,SUP_sd,SUP_r1,SUP_kr,SUP_sk,INC_avg,INC_sd,INC_r1,INC_kr,INC_sk,IND_avg,IND_sd,IND_r1,IND_kr,IND_sk
297,0.2585000000,0.0374199145,0.3658131550,1.9572886929,0.0866839630,0.2410000000,0.0330000000,-0.3100055177,1.6642229963,-0.3177226814,0.5005000000,0.0384350101,0.0529327030,1.5928058604,-0.2461951952,0.5005000000,0.0384350101,0.0529327030,1.5928058604,-0.2461951952
