Instance,INF_avg,INF_sd,INF_r1,INF_kr,INF_sk,SUP_avg,SUP_sd,SUP_r1,SUP_kr,SUP_sk,INC_avg,INC_sd,INC_r1,INC_kr,INC_sk,IND_avg,IND_sd,IND_r1,IND_kr,IND_sk
259,0.2720000000,0.0637495098,-0.1723471114,2.7200074400,0.0956005498,0.2548000000,0.0618139143,-0.0919499389,2.4291263680,-0.0810048605,0.4732000000,0.0667664586,-0.1974022754,3.1683775145,-0.2895796707,0.4732000000,0.0667664586,-0.1974022754,3.1683775145,-0.2895796707
