Instance,INF_avg,INF_sd,INF_r1,INF_kr,INF_sk,SUP_avg,SUP_sd,SUP_r1,SUP_kr,SUP_sk,INC_avg,INC_sd,INC_r1,INC_kr,INC_sk,IND_avg,IND_sd,IND_r1,IND_kr,IND_sk
437,0.2590000000,0.0993428407,0.0755537595,2.9035858345,0.5460017194,0.2510000000,0.0908240056,-0.0315209008,2.0795417059,0.1905374050,0.4900000000,0.1004987562,0.0319983900,3.3319282423,-0.2719111530,0.4900000000,0.1004987562,0.0319983900,3.3319282423,-0.2719111530
