Instance,INF_avg,INF_sd,INF_r1,INF_kr,INF_sk,SUP_avg,SUP_sd,SUP_r1,SUP_kr,SUP_sk,INC_avg,INC_sd,INC_r1,INC_kr,INC_sk,IND_avg,IND_sd,IND_r1,IND_kr,IND_sk
20,0.2360000000,0.1063202709,0.0346071380,2.2702911845,0.1809818397,0.2580000000,0.0890842298,-0.2210372208,2.6757614342,-0.1357563513,0.5060000000,0.0946784030,0.1082289971,2.2903865947,0.0747404370,0.5060000000,0.0946784030,0.1082289971,2.2903865947,0.0747404370
