Instance,INF_avg,INF_sd,INF_r1,INF_kr,INF_sk,SUP_avg,SUP_sd,SUP_r1,SUP_kr,SUP_sk,INC_avg,INC_sd,INC_r1,INC_kr,INC_sk,IND_avg,IND_sd,IND_r1,IND_kr,IND_sk
160,0.2105000000,0.0285875847,0.1379680456,3.1545833984,-0.4275312653,0.2455000000,0.0440142023,0.3553535860,3.0447398530,1.1878226992,0.5440000000,0.0235372046,0.1881150643,4.2050658812,-1.4273431553,0.5440000000,0.0235372046,0.1881150643,4.2050658812,-1.4273431553
