Instance,INF_avg,INF_sd,INF_r1,INF_kr,INF_sk,SUP_avg,SUP_sd,SUP_r1,SUP_kr,SUP_sk,INC_avg,INC_sd,INC_r1,INC_kr,INC_sk,IND_avg,IND_sd,IND_r1,IND_kr,IND_sk
280,0.2520000000,0.0285657137,-0.5161923454,2.5291234141,0.3130037835,0.2080000000,0.0278567766,-0.5256959315,1.3296312042,-0.2931045678,0.5400000000,0.0513809303,-0.6335877863,1.9111570248,0.2477042095,0.5400000000,0.0513809303,-0.6335877863,1.9111570248,0.2477042095
