Instance,INF_avg,INF_sd,INF_r1,INF_kr,INF_sk,SUP_avg,SUP_sd,SUP_r1,SUP_kr,SUP_sk,INC_avg,INC_sd,INC_r1,INC_kr,INC_sk,IND_avg,IND_sd,IND_r1,IND_kr,IND_sk
92,0.2380000000,0.0342928564,-0.0106899903,1.4582118562,-0.1273544230,0.2880000000,0.0146969385,-0.1904761905,1.1666666667,-0.4082482905,0.4740000000,0.0349857114,0.1847041847,1.3717160067,0.1972794182,0.4740000000,0.0349857114,0.1847041847,1.3717160067,0.1972794182
