Instance,INF_avg,INF_sd,INF_r1,INF_kr,INF_sk,SUP_avg,SUP_sd,SUP_r1,SUP_kr,SUP_sk,INC_avg,INC_sd,INC_r1,INC_kr,INC_sk,IND_avg,IND_sd,IND_r1,IND_kr,IND_sk
24,0.2770000000,0.0305941171,-0.5895953757,2.7045118343,-1.0013237284,0.3390000000,0.0468401537,0.1494718136,1.4893610568,0.0681928998,0.3840000000,0.0421188794,-0.3040029290,1.9834671930,-0.0656058979,0.3840000000,0.0421188794,-0.3040029290,1.9834671930,-0.0656058979
