Instance,INF_avg,INF_sd,INF_r1,INF_kr,INF_sk,SUP_avg,SUP_sd,SUP_r1,SUP_kr,SUP_sk,INC_avg,INC_sd,INC_r1,INC_kr,INC_sk,IND_avg,IND_sd,IND_r1,IND_kr,IND_sk
463,0.2208000000,0.0336951035,0.0877009205,3.4688519597,0.2821675942,0.2764000000,0.0454207001,0.1012716785,2.1170944776,-0.2368345129,0.5028000000,0.0529543199,-0.0505136947,1.7702273256,-0.2651778796,0.5028000000,0.0529543199,-0.0505136947,1.7702273256,-0.2651778796
