Instance,INF_avg,INF_sd,INF_r1,INF_kr,INF_sk,SUP_avg,SUP_sd,SUP_r1,SUP_kr,SUP_sk,INC_avg,INC_sd,INC_r1,INC_kr,INC_sk,IND_avg,IND_sd,IND_r1,IND_kr,IND_sk
223,0.2800000000,0.0606630036,-0.3373493976,1.4413988658,0.1290092231,0.2520000000,0.0448998886,0.3930635838,4.1900982615,-1.2981260321,0.4680000000,0.0805977667,0.2897091723,1.7353126744,0.2207642243,0.4680000000,0.0805977667,0.2897091723,1.7353126744,0.2207642243
