Instance,INF_avg,INF_sd,INF_r1,INF_kr,INF_sk,SUP_avg,SUP_sd,SUP_r1,SUP_kr,SUP_sk,INC_avg,INC_sd,INC_r1,INC_kr,INC_sk,IND_avg,IND_sd,IND_r1,IND_kr,IND_sk
30,0.3596491228,0.0754830041,0.7497904227,2.6334954044,0.3177711262,0.1071491228,0.0661171518,0.8725188198,2.2059448365,0.4360235845,0.5332017544,0.0387362154,0.0674035422,3.1599814444,-0.0296039540,0.5332017544,0.0387362154,0.0674035422,3.1599814444,-0.0296039540
