Instance,INF_avg,INF_sd,INF_r1,INF_kr,INF_sk,SUP_avg,SUP_sd,SUP_r1,SUP_kr,SUP_sk,INC_avg,INC_sd,INC_r1,INC_kr,INC_sk,IND_avg,IND_sd,IND_r1,IND_kr,IND_sk
345,0.3250000000,0.1785357107,-0.3978021978,3.8465974625,1.2684890173,0.2437500000,0.1412831819,0.2811419985,3.4774261741,0.6591458503,0.4312500000,0.1445629188,0.1099986094,2.2653402044,-0.1827939963,0.4312500000,0.1445629188,0.1099986094,2.2653402044,-0.1827939963
