Instance,INF_avg,INF_sd,INF_r1,INF_kr,INF_sk,SUP_avg,SUP_sd,SUP_r1,SUP_kr,SUP_sk,INC_avg,INC_sd,INC_r1,INC_kr,INC_sk,IND_avg,IND_sd,IND_r1,IND_kr,IND_sk
42,0.2890000000,0.0346987031,-0.1309418625,2.1721973267,0.2510457932,0.2860000000,0.0318433667,-0.2365866122,2.2415590024,-0.7624227291,0.4250000000,0.0137840488,-0.3448275862,2.5000000000,0.8591166120,0.4250000000,0.0137840488,-0.3448275862,2.5000000000,0.8591166120
