Instance,INF_avg,INF_sd,INF_r1,INF_kr,INF_sk,SUP_avg,SUP_sd,SUP_r1,SUP_kr,SUP_sk,INC_avg,INC_sd,INC_r1,INC_kr,INC_sk,IND_avg,IND_sd,IND_r1,IND_kr,IND_sk
372,0.2540000000,0.0934558719,0.0420021434,3.5472529598,0.4166991399,0.2360000000,0.0897440806,0.0100300249,3.1133243948,0.5271342271,0.5100000000,0.1019803903,0.0144393837,2.4465606509,0.2093162596,0.5100000000,0.1019803903,0.0144393837,2.4465606509,0.2093162596
