Instance,INF_avg,INF_sd,INF_r1,INF_kr,INF_sk,SUP_avg,SUP_sd,SUP_r1,SUP_kr,SUP_sk,INC_avg,INC_sd,INC_r1,INC_kr,INC_sk,IND_avg,IND_sd,IND_r1,IND_kr,IND_sk
295,0.2200000000,0.1166190379,0.8314606742,1.6280276817,0.3631734744,0.2200000000,0.1166190379,0.6067415730,1.6280276817,0.3631734744,0.5600000000,0.2244994432,0.8366013072,1.6957671958,-0.5557336935,0.5600000000,0.2244994432,0.8366013072,1.6957671958,-0.5557336935
