Instance,INF_avg,INF_sd,INF_r1,INF_kr,INF_sk,SUP_avg,SUP_sd,SUP_r1,SUP_kr,SUP_sk,INC_avg,INC_sd,INC_r1,INC_kr,INC_sk,IND_avg,IND_sd,IND_r1,IND_kr,IND_sk
75,0.2690000000,0.1029028668,0.0030032754,2.4041660521,0.0753167250,0.1980000000,0.1131194059,0.0038852206,2.1974617732,0.2257612689,0.5330000000,0.1214948559,0.0442986225,3.1165730856,0.3904481071,0.5330000000,0.1214948559,0.0442986225,3.1165730856,0.3904481071
