Instance,INF_avg,INF_sd,INF_r1,INF_kr,INF_sk,SUP_avg,SUP_sd,SUP_r1,SUP_kr,SUP_sk,INC_avg,INC_sd,INC_r1,INC_kr,INC_sk,IND_avg,IND_sd,IND_r1,IND_kr,IND_sk
60,0.2566000000,0.0442316629,0.0226816353,3.3510844864,0.4060131116,0.2831000000,0.0415859351,-0.0878932695,2.5221597834,0.1556889129,0.4603000000,0.0500890208,-0.0407184491,2.5705765722,-0.1437750621,0.4603000000,0.0500890208,-0.0407184491,2.5705765722,-0.1437750621
