Instance,INF_avg,INF_sd,INF_r1,INF_kr,INF_sk,SUP_avg,SUP_sd,SUP_r1,SUP_kr,SUP_sk,INC_avg,INC_sd,INC_r1,INC_kr,INC_sk,IND_avg,IND_sd,IND_r1,IND_kr,IND_sk
462,0.2488000000,0.0557365230,0.0500831333,2.6493554944,-0.0026258101,0.2336000000,0.0553447378,-0.2530513802,2.5419925158,0.0388885658,0.5176000000,0.0683098822,-0.1774819852,2.8149486440,0.3975862931,0.5176000000,0.0683098822,-0.1774819852,2.8149486440,0.3975862931
