Instance,INF_avg,INF_sd,INF_r1,INF_kr,INF_sk,SUP_avg,SUP_sd,SUP_r1,SUP_kr,SUP_sk,INC_avg,INC_sd,INC_r1,INC_kr,INC_sk,IND_avg,IND_sd,IND_r1,IND_kr,IND_sk
480,0.2200000000,0.1356465997,0.0663176265,2.8657844991,0.5480994457,0.2780000000,0.1418308852,0.2737031268,2.3486754355,0.1396054033,0.5020000000,0.1655173707,0.0435086049,2.8548181609,0.0740136668,0.5020000000,0.1655173707,0.0435086049,2.8548181609,0.0740136668
