Instance,INF_avg,INF_sd,INF_r1,INF_kr,INF_sk,SUP_avg,SUP_sd,SUP_r1,SUP_kr,SUP_sk,INC_avg,INC_sd,INC_r1,INC_kr,INC_sk,IND_avg,IND_sd,IND_r1,IND_kr,IND_sk
475,0.2432000000,0.0853566635,0.0413472648,2.7206095251,0.3835157985,0.2512000000,0.0456350742,0.1849051257,2.9145445877,0.5284325444,0.5056000000,0.0871816494,-0.2645987491,3.0327656299,-0.7459089460,0.5056000000,0.0871816494,-0.2645987491,3.0327656299,-0.7459089460
