Instance,INF_avg,INF_sd,INF_r1,INF_kr,INF_sk,SUP_avg,SUP_sd,SUP_r1,SUP_kr,SUP_sk,INC_avg,INC_sd,INC_r1,INC_kr,INC_sk,IND_avg,IND_sd,IND_r1,IND_kr,IND_sk
428,0.2538000000,0.0647268105,0.0799996046,2.3974472931,0.2684747696,0.2624000000,0.0642669433,0.0360312794,3.0152573450,-0.3562096899,0.4838000000,0.0756145489,-0.0397774929,2.3636766955,-0.2683941960,0.4838000000,0.0756145489,-0.0397774929,2.3636766955,-0.2683941960
