Instance,INF_avg,INF_sd,INF_r1,INF_kr,INF_sk,SUP_avg,SUP_sd,SUP_r1,SUP_kr,SUP_sk,INC_avg,INC_sd,INC_r1,INC_kr,INC_sk,IND_avg,IND_sd,IND_r1,IND_kr,IND_sk
216,0.2888000000,0.0694158483,-0.0140792404,2.8887941700,-0.4636731699,0.2080000000,0.0551361950,-0.0522659256,2.7955124654,0.3940481527,0.5032000000,0.0763528650,0.0494294388,2.2293564525,0.3127288972,0.5032000000,0.0763528650,0.0494294388,2.2293564525,0.3127288972
