Instance,INF_avg,INF_sd,INF_r1,INF_kr,INF_sk,SUP_avg,SUP_sd,SUP_r1,SUP_kr,SUP_sk,INC_avg,INC_sd,INC_r1,INC_kr,INC_sk,IND_avg,IND_sd,IND_r1,IND_kr,IND_sk
481,0.2910000000,0.0297993289,0.0865384615,2.2034483808,0.6224065444,0.2756000000,0.0268074616,0.0101534122,3.4366815042,0.1983518822,0.4334000000,0.0308454211,-0.2217005190,2.8265976143,-0.0776552267,0.4334000000,0.0308454211,-0.2217005190,2.8265976143,-0.0776552267
