Instance,INF_avg,INF_sd,INF_r1,INF_kr,INF_sk,SUP_avg,SUP_sd,SUP_r1,SUP_kr,SUP_sk,INC_avg,INC_sd,INC_r1,INC_kr,INC_sk,IND_avg,IND_sd,IND_r1,IND_kr,IND_sk
389,0.2647500000,0.0439793986,0.4033089214,2.5210345922,-0.4030545391,0.2872000000,0.0412208685,0.2878181210,3.6785647988,0.3214180825,0.4480500000,0.0474599568,0.4030363205,2.8913487515,0.1534641713,0.4480500000,0.0474599568,0.4030363205,2.8913487515,0.1534641713
