Instance,INF_avg,INF_sd,INF_r1,INF_kr,INF_sk,SUP_avg,SUP_sd,SUP_r1,SUP_kr,SUP_sk,INC_avg,INC_sd,INC_r1,INC_kr,INC_sk,IND_avg,IND_sd,IND_r1,IND_kr,IND_sk
76,0.1800000000,0.0742967025,-0.3360655738,1.9943289225,-0.3862304950,0.3080000000,0.0727736216,-0.3462128182,2.7141683628,0.9973402290,0.5120000000,0.0466476152,0.5404120444,3.5987240484,0.9136082716,0.5120000000,0.0466476152,0.5404120444,3.5987240484,0.9136082716
