Instance,INF_avg,INF_sd,INF_r1,INF_kr,INF_sk,SUP_avg,SUP_sd,SUP_r1,SUP_kr,SUP_sk,INC_avg,INC_sd,INC_r1,INC_kr,INC_sk,IND_avg,IND_sd,IND_r1,IND_kr,IND_sk
239,0.2500000000,0.0187082869,0.2671755725,1.4979591837,0.1030864790,0.2565000000,0.0384089833,0.2776581130,2.2855766995,-0.5440866204,0.4935000000,0.0263675937,0.1917854847,2.0808246900,0.5615568919,0.4935000000,0.0263675937,0.1917854847,2.0808246900,0.5615568919
