Instance,INF_avg,INF_sd,INF_r1,INF_kr,INF_sk,SUP_avg,SUP_sd,SUP_r1,SUP_kr,SUP_sk,INC_avg,INC_sd,INC_r1,INC_kr,INC_sk,IND_avg,IND_sd,IND_r1,IND_kr,IND_sk
448,0.2620000000,0.0213541565,-0.0828025478,1.7206832872,-0.1380231722,0.2200000000,0.0322490310,-0.5098039216,1.7825443787,0.2146755022,0.5180000000,0.0312409987,-0.6333030027,1.1941010481,-0.3652199526,0.5180000000,0.0312409987,-0.6333030027,1.1941010481,-0.3652199526
