Instance,INF_avg,INF_sd,INF_r1,INF_kr,INF_sk,SUP_avg,SUP_sd,SUP_r1,SUP_kr,SUP_sk,INC_avg,INC_sd,INC_r1,INC_kr,INC_sk,IND_avg,IND_sd,IND_r1,IND_kr,IND_sk
92,0.1900000000,0.1513274595,0.1653706584,2.4709101657,0.8622384184,0.2400000000,0.0916515139,-0.1691542289,2.4421768707,0.6858276550,0.5700000000,0.1734935157,-0.1263639564,1.7030385978,-0.4526866935,0.5700000000,0.1734935157,-0.1263639564,1.7030385978,-0.4526866935
