Instance,INF_avg,INF_sd,INF_r1,INF_kr,INF_sk,SUP_avg,SUP_sd,SUP_r1,SUP_kr,SUP_sk,INC_avg,INC_sd,INC_r1,INC_kr,INC_sk,IND_avg,IND_sd,IND_r1,IND_kr,IND_sk
69,0.2840000000,0.1146472852,0.0761779113,4.8049492693,1.1911736090,0.2720000000,0.1030339750,-0.3707842715,2.1004682756,0.0308061187,0.4440000000,0.0983056458,0.4612873539,2.3892750044,0.2622749931,0.4440000000,0.0983056458,0.4612873539,2.3892750044,0.2622749931
