Instance,INF_avg,INF_sd,INF_r1,INF_kr,INF_sk,SUP_avg,SUP_sd,SUP_r1,SUP_kr,SUP_sk,INC_avg,INC_sd,INC_r1,INC_kr,INC_sk,IND_avg,IND_sd,IND_r1,IND_kr,IND_sk
372,0.1880000000,0.1193984925,0.1894392908,2.4510688630,0.3730258199,0.3060000000,0.1271377206,0.0083106545,3.6040787937,0.1794755657,0.5060000000,0.1475262688,-0.0185627833,2.3357631907,-0.0660179792,0.5060000000,0.1475262688,-0.0185627833,2.3357631907,-0.0660179792
