Instance,INF_avg,INF_sd,INF_r1,INF_kr,INF_sk,SUP_avg,SUP_sd,SUP_r1,SUP_kr,SUP_sk,INC_avg,INC_sd,INC_r1,INC_kr,INC_sk,IND_avg,IND_sd,IND_r1,IND_kr,IND_sk
161,0.2676000000,0.0362800221,-0.2940116550,3.4402614563,-1.0143661900,0.2470000000,0.0294618397,-0.1617212054,2.5984306314,0.1194234037,0.4854000000,0.0380242028,-0.3053467579,2.8533419365,0.1203219241,0.4854000000,0.0380242028,-0.3053467579,2.8533419365,0.1203219241
