Instance,INF_avg,INF_sd,INF_r1,INF_kr,INF_sk,SUP_avg,SUP_sd,SUP_r1,SUP_kr,SUP_sk,INC_avg,INC_sd,INC_r1,INC_kr,INC_sk,IND_avg,IND_sd,IND_r1,IND_kr,IND_sk
459,0.2371000000,0.0448396030,0.0842270292,2.7699571315,-0.0039208219,0.2618000000,0.0460734197,-0.0349148640,3.5216454736,0.0778225474,0.5011000000,0.0529697083,0.0215053334,2.8935531704,0.4002745950,0.5011000000,0.0529697083,0.0215053334,2.8935531704,0.4002745950
