Instance,INF_avg,INF_sd,INF_r1,INF_kr,INF_sk,SUP_avg,SUP_sd,SUP_r1,SUP_kr,SUP_sk,INC_avg,INC_sd,INC_r1,INC_kr,INC_sk,IND_avg,IND_sd,IND_r1,IND_kr,IND_sk
203,0.4040000000,0.0598665182,-0.6308243728,2.9410873724,1.2832119003,0.2200000000,0.0379473319,0.0588235294,1.7592592593,-0.3513641845,0.3760000000,0.0637495098,-1.0533141210,2.4459358919,0.1823080253,0.3760000000,0.0637495098,-1.0533141210,2.4459358919,0.1823080253
