Instance,INF_avg,INF_sd,INF_r1,INF_kr,INF_sk,SUP_avg,SUP_sd,SUP_r1,SUP_kr,SUP_sk,INC_avg,INC_sd,INC_r1,INC_kr,INC_sk,IND_avg,IND_sd,IND_r1,IND_kr,IND_sk
283,0.2424000000,0.0623076239,-0.0617620225,3.0353462718,0.1264775295,0.2776000000,0.0637043170,0.3034023991,2.8500387022,-0.2062715461,0.4800000000,0.0717774338,-0.0388802488,3.3399560202,-0.5996798157,0.4800000000,0.0717774338,-0.0388802488,3.3399560202,-0.5996798157
