Instance,INF_avg,INF_sd,INF_r1,INF_kr,INF_sk,SUP_avg,SUP_sd,SUP_r1,SUP_kr,SUP_sk,INC_avg,INC_sd,INC_r1,INC_kr,INC_sk,IND_avg,IND_sd,IND_r1,IND_kr,IND_sk
64,0.2620000000,0.0288270706,-0.5157717313,3.2636030705,0.0597362696,0.2330000000,0.0284780617,-0.3460104400,3.5951976598,-1.0933200199,0.5050000000,0.0394334883,0.0210355987,2.9102780161,-0.5418379252,0.5050000000,0.0394334883,0.0210355987,2.9102780161,-0.5418379252
