Instance,INF_avg,INF_sd,INF_r1,INF_kr,INF_sk,SUP_avg,SUP_sd,SUP_r1,SUP_kr,SUP_sk,INC_avg,INC_sd,INC_r1,INC_kr,INC_sk,IND_avg,IND_sd,IND_r1,IND_kr,IND_sk
100,0.2326000000,0.0416982014,0.5026625300,2.6081605922,0.0441744696,0.2381000000,0.0440838973,0.5061220539,2.5695158992,0.4093997807,0.5293000000,0.0394082479,0.1148203125,2.5152261006,0.3634175509,0.5293000000,0.0394082479,0.1148203125,2.5152261006,0.3634175509
