Instance,INF_avg,INF_sd,INF_r1,INF_kr,INF_sk,SUP_avg,SUP_sd,SUP_r1,SUP_kr,SUP_sk,INC_avg,INC_sd,INC_r1,INC_kr,INC_sk,IND_avg,IND_sd,IND_r1,IND_kr,IND_sk
496,0.2545000000,0.1067930241,0.0095617560,2.9618811077,-0.1172507203,0.2335000000,0.0964507646,0.3296236702,2.9317079810,0.3385073967,0.5120000000,0.1097998179,-0.0621050811,2.6378131868,0.3960395429,0.5120000000,0.1097998179,-0.0621050811,2.6378131868,0.3960395429
