Instance,INF_avg,INF_sd,INF_r1,INF_kr,INF_sk,SUP_avg,SUP_sd,SUP_r1,SUP_kr,SUP_sk,INC_avg,INC_sd,INC_r1,INC_kr,INC_sk,IND_avg,IND_sd,IND_r1,IND_kr,IND_sk
366,0.2490000000,0.0259615100,0.0013293453,2.1980514049,0.8599811613,0.2740000000,0.0324653662,0.2554491750,1.9034760504,-0.6096702801,0.4770000000,0.0506557006,0.5042157035,1.4732317025,-0.0534994982,0.4770000000,0.0506557006,0.5042157035,1.4732317025,-0.0534994982
