Instance,INF_avg,INF_sd,INF_r1,INF_kr,INF_sk,SUP_avg,SUP_sd,SUP_r1,SUP_kr,SUP_sk,INC_avg,INC_sd,INC_r1,INC_kr,INC_sk,IND_avg,IND_sd,IND_r1,IND_kr,IND_sk
391,0.2629000000,0.0291991438,0.1716827625,2.9823207085,0.1393087851,0.1945000000,0.0267161000,0.2082280461,2.9345724004,-0.1879659188,0.5426000000,0.0318000000,0.1809780419,3.1334247299,0.3716793057,0.5426000000,0.0318000000,0.1809780419,3.1334247299,0.3716793057
