Instance,INF_avg,INF_sd,INF_r1,INF_kr,INF_sk,SUP_avg,SUP_sd,SUP_r1,SUP_kr,SUP_sk,INC_avg,INC_sd,INC_r1,INC_kr,INC_sk,IND_avg,IND_sd,IND_r1,IND_kr,IND_sk
57,0.2200000000,0.0400000000,-0.2500000000,3.2500000000,1.5000000000,0.2200000000,0.1326649916,0.2401960784,2.2169421488,-0.3700366502,0.5600000000,0.1496662955,0.4444444444,1.8469387755,0.3436215967,0.5600000000,0.1496662955,0.4444444444,1.8469387755,0.3436215967
