Instance,INF_avg,INF_sd,INF_r1,INF_kr,INF_sk,SUP_avg,SUP_sd,SUP_r1,SUP_kr,SUP_sk,INC_avg,INC_sd,INC_r1,INC_kr,INC_sk,IND_avg,IND_sd,IND_r1,IND_kr,IND_sk
463,0.2566000000,0.0694581889,0.1710071596,3.3591520788,0.0498022923,0.2540000000,0.0737834670,0.3965676871,2.5821534173,0.4679578594,0.4894000000,0.0818513286,0.1343109846,2.4540772056,-0.0940970780,0.4894000000,0.0818513286,0.1343109846,2.4540772056,-0.0940970780
