Instance,INF_avg,INF_sd,INF_r1,INF_kr,INF_sk,SUP_avg,SUP_sd,SUP_r1,SUP_kr,SUP_sk,INC_avg,INC_sd,INC_r1,INC_kr,INC_sk,IND_avg,IND_sd,IND_r1,IND_kr,IND_sk
408,0.2520000000,0.0634980315,-0.0525435074,1.8391912320,0.3299689844,0.2464000000,0.0611149736,-0.1657773108,1.8036642174,-0.0517592060,0.5016000000,0.0783673401,-0.0399836297,2.9328944376,-0.1397146068,0.5016000000,0.0783673401,-0.0399836297,2.9328944376,-0.1397146068
