Instance,INF_avg,INF_sd,INF_r1,INF_kr,INF_sk,SUP_avg,SUP_sd,SUP_r1,SUP_kr,SUP_sk,INC_avg,INC_sd,INC_r1,INC_kr,INC_sk,IND_avg,IND_sd,IND_r1,IND_kr,IND_sk
391,0.2468000000,0.0353236465,0.1343825149,2.7903185474,-0.1210138080,0.2102000000,0.0292567941,0.2446560459,2.3894705082,0.1575878238,0.5430000000,0.0364417343,0.2273291361,2.1057630371,0.3066662994,0.5430000000,0.0364417343,0.2273291361,2.1057630371,0.3066662994
