Instance,INF_avg,INF_sd,INF_r1,INF_kr,INF_sk,SUP_avg,SUP_sd,SUP_r1,SUP_kr,SUP_sk,INC_avg,INC_sd,INC_r1,INC_kr,INC_sk,IND_avg,IND_sd,IND_r1,IND_kr,IND_sk
294,0.2535000000,0.0377524834,0.5986772344,1.6204685146,-0.2020286426,0.2795000000,0.0330492057,0.2829506623,1.9879346680,-0.3746468471,0.4670000000,0.0259036677,-0.0073566293,1.4883740041,0.0728366437,0.4670000000,0.0259036677,-0.0073566293,1.4883740041,0.0728366437
