Instance,INF_avg,INF_sd,INF_r1,INF_kr,INF_sk,SUP_avg,SUP_sd,SUP_r1,SUP_kr,SUP_sk,INC_avg,INC_sd,INC_r1,INC_kr,INC_sk,IND_avg,IND_sd,IND_r1,IND_kr,IND_sk
141,0.2464000000,0.0437154435,-0.1585622816,2.7004410850,0.6684771011,0.2784000000,0.0466201673,0.0666224177,2.0828869549,-0.0928032226,0.4752000000,0.0543411446,-0.1669666886,2.6076505440,0.1221010448,0.4752000000,0.0543411446,-0.1669666886,2.6076505440,0.1221010448
