Instance,INF_avg,INF_sd,INF_r1,INF_kr,INF_sk,SUP_avg,SUP_sd,SUP_r1,SUP_kr,SUP_sk,INC_avg,INC_sd,INC_r1,INC_kr,INC_sk,IND_avg,IND_sd,IND_r1,IND_kr,IND_sk
389,0.2780000000,0.0386781592,-0.2428525191,3.2810632274,0.4462992148,0.2108000000,0.0444450222,-0.2084557284,3.9114162654,0.8353401855,0.5112000000,0.0499855979,0.0141575295,2.8276087518,0.4727560504,0.5112000000,0.0499855979,0.0141575295,2.8276087518,0.4727560504
