Instance,INF_avg,INF_sd,INF_r1,INF_kr,INF_sk,SUP_avg,SUP_sd,SUP_r1,SUP_kr,SUP_sk,INC_avg,INC_sd,INC_r1,INC_kr,INC_sk,IND_avg,IND_sd,IND_r1,IND_kr,IND_sk
155,0.2440000000,0.1267438361,0.0872964429,3.8779910240,0.6946753342,0.2720000000,0.1273420590,-0.1046661256,2.4963773469,0.3603407403,0.4840000000,0.1405133446,0.0522931812,2.5684397238,-0.3850318070,0.4840000000,0.1405133446,0.0522931812,2.5684397238,-0.3850318070
