Instance,INF_avg,INF_sd,INF_r1,INF_kr,INF_sk,SUP_avg,SUP_sd,SUP_r1,SUP_kr,SUP_sk,INC_avg,INC_sd,INC_r1,INC_kr,INC_sk,IND_avg,IND_sd,IND_r1,IND_kr,IND_sk
463,0.3008000000,0.0371666517,-0.2622459735,2.8323413862,0.0170279518,0.2044000000,0.0274707117,0.1086359713,2.7268336732,0.0228440245,0.4948000000,0.0445528899,-0.2680116950,1.8186144670,-0.0167807336,0.4948000000,0.0445528899,-0.2680116950,1.8186144670,-0.0167807336
