Instance,INF_avg,INF_sd,INF_r1,INF_kr,INF_sk,SUP_avg,SUP_sd,SUP_r1,SUP_kr,SUP_sk,INC_avg,INC_sd,INC_r1,INC_kr,INC_sk,IND_avg,IND_sd,IND_r1,IND_kr,IND_sk
383,0.2522000000,0.0307922068,0.1642623760,2.8061147034,0.3286928385,0.2402000000,0.0318584369,-0.0754242977,2.3735662840,0.0045157205,0.5076000000,0.0364450271,-0.0869431254,3.6251964483,-0.7986914029,0.5076000000,0.0364450271,-0.0869431254,3.6251964483,-0.7986914029
