Instance,INF_avg,INF_sd,INF_r1,INF_kr,INF_sk,SUP_avg,SUP_sd,SUP_r1,SUP_kr,SUP_sk,INC_avg,INC_sd,INC_r1,INC_kr,INC_sk,IND_avg,IND_sd,IND_r1,IND_kr,IND_sk
30,0.2765000000,0.1003630908,0.0325290652,2.6185218927,0.3529976655,0.2885000000,0.0984517648,-0.1276718523,2.9566837014,0.0153738203,0.4350000000,0.1128051417,0.0926432125,2.5700418016,0.0930024906,0.4350000000,0.1128051417,0.0926432125,2.5700418016,0.0930024906
