Instance,INF_avg,INF_sd,INF_r1,INF_kr,INF_sk,SUP_avg,SUP_sd,SUP_r1,SUP_kr,SUP_sk,INC_avg,INC_sd,INC_r1,INC_kr,INC_sk,IND_avg,IND_sd,IND_r1,IND_kr,IND_sk
270,0.2360000000,0.1144727042,-0.0300746136,2.5906649313,-0.0945888271,0.2220000000,0.1300615239,-0.1500560827,3.1434685043,0.4603820065,0.5420000000,0.1497865147,0.1428846930,3.0927251211,0.4757992994,0.5420000000,0.1497865147,0.1428846930,3.0927251211,0.4757992994
