Instance,INF_avg,INF_sd,INF_r1,INF_kr,INF_sk,SUP_avg,SUP_sd,SUP_r1,SUP_kr,SUP_sk,INC_avg,INC_sd,INC_r1,INC_kr,INC_sk,IND_avg,IND_sd,IND_r1,IND_kr,IND_sk
502,0.2760000000,0.1530490118,0.2519964993,6.1156331183,1.4784720654,0.3440000000,0.1471869559,0.2032079220,2.9598290747,0.5692576245,0.3800000000,0.1600000000,-0.0662914321,2.2832031250,-0.1406250000,0.3800000000,0.1600000000,-0.0662914321,2.2832031250,-0.1406250000
