Instance,INF_avg,INF_sd,INF_r1,INF_kr,INF_sk,SUP_avg,SUP_sd,SUP_r1,SUP_kr,SUP_sk,INC_avg,INC_sd,INC_r1,INC_kr,INC_sk,IND_avg,IND_sd,IND_r1,IND_kr,IND_sk
76,0.2887000000,0.0600067496,0.5129056253,2.1624115493,-0.1722897378,0.2709000000,0.0686344666,0.7425924883,2.0530297448,0.4460127056,0.4404000000,0.0623525461,0.5624745907,3.0374939837,0.5974609606,0.4404000000,0.0623525461,0.5624745907,3.0374939837,0.5974609606
