Instance,INF_avg,INF_sd,INF_r1,INF_kr,INF_sk,SUP_avg,SUP_sd,SUP_r1,SUP_kr,SUP_sk,INC_avg,INC_sd,INC_r1,INC_kr,INC_sk,IND_avg,IND_sd,IND_r1,IND_kr,IND_sk
244,0.1800000000,0.1077032961,-0.5979381443,1.7636741974,0.4034071140,0.2600000000,0.0969535971,-0.6935483871,1.4081032141,0.3752617726,0.5600000000,0.0734846923,-1.0805369128,1.5781893004,-0.3477670622,0.5600000000,0.0734846923,-1.0805369128,1.5781893004,-0.3477670622
