Instance,INF_avg,INF_sd,INF_r1,INF_kr,INF_sk,SUP_avg,SUP_sd,SUP_r1,SUP_kr,SUP_sk,INC_avg,INC_sd,INC_r1,INC_kr,INC_sk,IND_avg,IND_sd,IND_r1,IND_kr,IND_sk
85,0.4129752066,0.0900839336,0.7721927291,2.2081643532,-0.1060358690,0.1119008264,0.0680946600,0.8130352181,2.8295096151,0.7188704564,0.4751239669,0.0518280007,0.1225959230,2.6871346266,0.0719190770,0.4751239669,0.0518280007,0.1225959230,2.6871346266,0.0719190770
