Instance,INF_avg,INF_sd,INF_r1,INF_kr,INF_sk,SUP_avg,SUP_sd,SUP_r1,SUP_kr,SUP_sk,INC_avg,INC_sd,INC_r1,INC_kr,INC_sk,IND_avg,IND_sd,IND_r1,IND_kr,IND_sk
157,0.2580000000,0.0907524104,-0.1490261365,2.2167352560,-0.1581083400,0.2790000000,0.1034842983,-0.0043195087,2.5934557372,0.6239123536,0.4630000000,0.1090000000,-0.1166378450,2.2213948863,-0.0448298841,0.4630000000,0.1090000000,-0.1166378450,2.2213948863,-0.0448298841
