Instance,INF_avg,INF_sd,INF_r1,INF_kr,INF_sk,SUP_avg,SUP_sd,SUP_r1,SUP_kr,SUP_sk,INC_avg,INC_sd,INC_r1,INC_kr,INC_sk,IND_avg,IND_sd,IND_r1,IND_kr,IND_sk
220,0.1916000000,0.0525874510,0.0243319365,3.1271104943,0.2398570167,0.2978000000,0.0548558110,0.2010257805,3.1603239677,-0.0866838530,0.5106000000,0.0590054235,0.0937657522,2.8699374421,-0.0944683588,0.5106000000,0.0590054235,0.0937657522,2.8699374421,-0.0944683588
