Instance,INF_avg,INF_sd,INF_r1,INF_kr,INF_sk,SUP_avg,SUP_sd,SUP_r1,SUP_kr,SUP_sk,INC_avg,INC_sd,INC_r1,INC_kr,INC_sk,IND_avg,IND_sd,IND_r1,IND_kr,IND_sk
285,0.6180165289,0.1115526769,0.7924311373,4.9298118694,-1.3776791462,0.0897520661,0.0674256592,0.8275727279,4.1373243949,1.2675576534,0.2922314050,0.0610985872,0.4632640233,4.4854107396,1.0253573795,0.2922314050,0.0610985872,0.4632640233,4.4854107396,1.0253573795
