Instance,INF_avg,INF_sd,INF_r1,INF_kr,INF_sk,SUP_avg,SUP_sd,SUP_r1,SUP_kr,SUP_sk,INC_avg,INC_sd,INC_r1,INC_kr,INC_sk,IND_avg,IND_sd,IND_r1,IND_kr,IND_sk
99,0.2727000000,0.0422162291,0.2476533108,3.1777317117,0.2055062315,0.2684000000,0.0407239487,0.2911150595,2.6335904274,-0.1422955952,0.4589000000,0.0373268000,0.1486128747,2.3210987117,-0.1736939655,0.4589000000,0.0373268000,0.1486128747,2.3210987117,-0.1736939655
