Instance,INF_avg,INF_sd,INF_r1,INF_kr,INF_sk,SUP_avg,SUP_sd,SUP_r1,SUP_kr,SUP_sk,INC_avg,INC_sd,INC_r1,INC_kr,INC_sk,IND_avg,IND_sd,IND_r1,IND_kr,IND_sk
73,0.2970000000,0.0213541565,-0.2551124744,2.1751500462,-0.6771761888,0.2940000000,0.0457602448,-0.2976447833,2.5287244494,-0.9490727084,0.4090000000,0.0431740663,-0.8384997431,1.6245844002,0.0300460534,0.4090000000,0.0431740663,-0.8384997431,1.6245844002,0.0300460534
