Instance,INF_avg,INF_sd,INF_r1,INF_kr,INF_sk,SUP_avg,SUP_sd,SUP_r1,SUP_kr,SUP_sk,INC_avg,INC_sd,INC_r1,INC_kr,INC_sk,IND_avg,IND_sd,IND_r1,IND_kr,IND_sk
406,0.2820000000,0.1373899560,-0.0280954371,3.4731354103,0.7191931656,0.2400000000,0.1319090596,-0.0520809114,2.4280618312,0.0470543613,0.4780000000,0.1591100248,0.0950635533,2.5926990254,0.1393991815,0.4780000000,0.1591100248,0.0950635533,2.5926990254,0.1393991815
