Instance,INF_avg,INF_sd,INF_r1,INF_kr,INF_sk,SUP_avg,SUP_sd,SUP_r1,SUP_kr,SUP_sk,INC_avg,INC_sd,INC_r1,INC_kr,INC_sk,IND_avg,IND_sd,IND_r1,IND_kr,IND_sk
465,0.2440000000,0.1267438361,0.2012620060,2.2838943033,0.1347574903,0.2620000000,0.1294449690,-0.1193797856,2.8077342351,-0.0437735730,0.4940000000,0.1690088755,-0.0157096804,3.1378442641,0.4172633852,0.4940000000,0.1690088755,-0.0157096804,3.1378442641,0.4172633852
