Instance,INF_avg,INF_sd,INF_r1,INF_kr,INF_sk,SUP_avg,SUP_sd,SUP_r1,SUP_kr,SUP_sk,INC_avg,INC_sd,INC_r1,INC_kr,INC_sk,IND_avg,IND_sd,IND_r1,IND_kr,IND_sk
188,0.3351851852,0.1196559998,0.1058319721,3.0647446664,0.2706435172,0.1740740741,0.0975347710,0.2338251986,2.5672502780,0.4170477172,0.4907407407,0.1228798246,0.0507607566,2.9716121743,0.2439506677,0.4907407407,0.1228798246,0.0507607566,2.9716121743,0.2439506677
