Instance,INF_avg,INF_sd,INF_r1,INF_kr,INF_sk,SUP_avg,SUP_sd,SUP_r1,SUP_kr,SUP_sk,INC_avg,INC_sd,INC_r1,INC_kr,INC_sk,IND_avg,IND_sd,IND_r1,IND_kr,IND_sk
129,0.3000000000,0.1673320053,-0.2857142857,2.5000000000,-0.7683612489,0.2400000000,0.1496662955,-0.1111111111,1.8469387755,-0.3436215967,0.4600000000,0.2576819745,-0.0313315927,1.5489185658,0.0252482701,0.4600000000,0.2576819745,-0.0313315927,1.5489185658,0.0252482701
