Instance,INF_avg,INF_sd,INF_r1,INF_kr,INF_sk,SUP_avg,SUP_sd,SUP_r1,SUP_kr,SUP_sk,INC_avg,INC_sd,INC_r1,INC_kr,INC_sk,IND_avg,IND_sd,IND_r1,IND_kr,IND_sk
190,0.2880000000,0.0466476152,-0.2440570523,1.5469290657,-0.1097086537,0.2240000000,0.0366606056,-0.6460396040,1.2091836735,-0.2961528510,0.4880000000,0.0203960781,0.2975206612,1.9556213018,0.2715454179,0.4880000000,0.0203960781,0.2975206612,1.9556213018,0.2715454179
