Instance,INF_avg,INF_sd,INF_r1,INF_kr,INF_sk,SUP_avg,SUP_sd,SUP_r1,SUP_kr,SUP_sk,INC_avg,INC_sd,INC_r1,INC_kr,INC_sk,IND_avg,IND_sd,IND_r1,IND_kr,IND_sk
221,0.2940000000,0.0531413210,0.3639643061,2.4583737932,0.5120773076,0.2780000000,0.0609261848,0.3260438233,2.5397545705,-0.0562438654,0.4280000000,0.0615142260,0.4464277645,3.1228115264,0.9112521109,0.4280000000,0.0615142260,0.4464277645,3.1228115264,0.9112521109
