Instance,INF_avg,INF_sd,INF_r1,INF_kr,INF_sk,SUP_avg,SUP_sd,SUP_r1,SUP_kr,SUP_sk,INC_avg,INC_sd,INC_r1,INC_kr,INC_sk,IND_avg,IND_sd,IND_r1,IND_kr,IND_sk
301,0.2651162791,0.1476698406,-0.0143642142,2.7390909923,0.5702042158,0.2674418605,0.1409616973,0.0295391587,2.3129239615,0.2900929908,0.4674418605,0.1474132464,0.1208803138,4.0639453222,0.4410507782,0.4674418605,0.1474132464,0.1208803138,4.0639453222,0.4410507782
