Instance,INF_avg,INF_sd,INF_r1,INF_kr,INF_sk,SUP_avg,SUP_sd,SUP_r1,SUP_kr,SUP_sk,INC_avg,INC_sd,INC_r1,INC_kr,INC_sk,IND_avg,IND_sd,IND_r1,IND_kr,IND_sk
183,0.2570000000,0.0371618084,0.4861066409,2.2746988849,-0.1138727187,0.2160000000,0.0456508488,0.0348009998,4.1420677053,-0.5416225209,0.5270000000,0.0387427413,-0.5959095135,2.0807345403,0.2895128727,0.5270000000,0.0387427413,-0.5959095135,2.0807345403,0.2895128727
