Instance,INF_avg,INF_sd,INF_r1,INF_kr,INF_sk,SUP_avg,SUP_sd,SUP_r1,SUP_kr,SUP_sk,INC_avg,INC_sd,INC_r1,INC_kr,INC_sk,IND_avg,IND_sd,IND_r1,IND_kr,IND_sk
474,0.2480000000,0.0509116882,-0.0776075136,2.9791952446,0.0581980890,0.2592000000,0.0594588934,-0.1345102178,3.8449255202,0.7421455688,0.4928000000,0.0579323744,-0.1721617382,3.1203759947,0.1032056330,0.4928000000,0.0579323744,-0.1721617382,3.1203759947,0.1032056330
