Instance,INF_avg,INF_sd,INF_r1,INF_kr,INF_sk,SUP_avg,SUP_sd,SUP_r1,SUP_kr,SUP_sk,INC_avg,INC_sd,INC_r1,INC_kr,INC_sk,IND_avg,IND_sd,IND_r1,IND_kr,IND_sk
14,0.2975000000,0.0306797979,-0.3603294441,2.5413088681,-0.0194789276,0.2250000000,0.0197484177,0.3483870968,2.3372781065,0.4382045338,0.4775000000,0.0386813909,-0.0612072604,4.4087558076,-1.2647504306,0.4775000000,0.0386813909,-0.0612072604,4.4087558076,-1.2647504306
