Instance,INF_avg,INF_sd,INF_r1,INF_kr,INF_sk,SUP_avg,SUP_sd,SUP_r1,SUP_kr,SUP_sk,INC_avg,INC_sd,INC_r1,INC_kr,INC_sk,IND_avg,IND_sd,IND_r1,IND_kr,IND_sk
274,0.2457000000,0.0312091333,0.0120219152,3.2535222044,-0.2996335822,0.2422000000,0.0294645550,0.0346631339,2.7738008363,0.2304342444,0.5121000000,0.0366345465,0.0623713182,3.0517469205,-0.4249189110,0.5121000000,0.0366345465,0.0623713182,3.0517469205,-0.4249189110
