Instance,INF_avg,INF_sd,INF_r1,INF_kr,INF_sk,SUP_avg,SUP_sd,SUP_r1,SUP_kr,SUP_sk,INC_avg,INC_sd,INC_r1,INC_kr,INC_sk,IND_avg,IND_sd,IND_r1,IND_kr,IND_sk
498,0.2440000000,0.0366606056,-0.0917941586,1.6556122449,0.3857780560,0.2440000000,0.0793977330,0.0225945671,3.0214769770,0.9260068253,0.5120000000,0.0790948797,0.0719596389,2.1389642925,-0.4198395805,0.5120000000,0.0790948797,0.0719596389,2.1389642925,-0.4198395805
