Instance,INF_avg,INF_sd,INF_r1,INF_kr,INF_sk,SUP_avg,SUP_sd,SUP_r1,SUP_kr,SUP_sk,INC_avg,INC_sd,INC_r1,INC_kr,INC_sk,IND_avg,IND_sd,IND_r1,IND_kr,IND_sk
99,0.2520000000,0.1472956211,0.0172245116,3.0571501292,0.2612289206,0.2840000000,0.1488086019,-0.2427408156,2.2715906813,0.0567513342,0.4640000000,0.1915828802,0.0600693384,2.7794052032,0.3826425372,0.4640000000,0.1915828802,0.0600693384,2.7794052032,0.3826425372
