Instance_ID,total_area_km2,total_available_points,total_fixed_turbines,density,pareto_rw_INF_avg,pareto_rw_INF_sd,pareto_rw_INF_r1,pareto_rw_INF_kr,pareto_rw_INF_sk,pareto_rw_SUP_avg,pareto_rw_SUP_sd,pareto_rw_SUP_r1,pareto_rw_SUP_kr,pareto_rw_SUP_sk,pareto_rw_INC_avg,pareto_rw_INC_sd,pareto_rw_INC_r1,pareto_rw_INC_kr,pareto_rw_INC_sk,pareto_rw_IND_avg,pareto_rw_IND_sd,pareto_rw_IND_r1,pareto_rw_IND_kr,pareto_rw_IND_sk,pareto_aw_INF_avg,pareto_aw_INF_sd,pareto_aw_INF_r1,pareto_aw_INF_kr,pareto_aw_INF_sk,pareto_aw_SUP_avg,pareto_aw_SUP_sd,pareto_aw_SUP_r1,pareto_aw_SUP_kr,pareto_aw_SUP_sk,pareto_aw_INC_avg,pareto_aw_INC_sd,pareto_aw_INC_r1,pareto_aw_INC_kr,pareto_aw_INC_sk,pareto_aw_IND_avg,pareto_aw_IND_sd,pareto_aw_IND_r1,pareto_aw_IND_kr,pareto_aw_IND_sk,decomp_rw_FV_avg_avg,decomp_rw_FV_avg_sd,decomp_rw_FV_sd_avg,decomp_rw_FV_sd_sd,decomp_rw_FV_r1_avg,decomp_rw_FV_r1_sd,decomp_rw_FV_kr_avg,decomp_rw_FV_kr_sd,decomp_rw_FV_sk_avg,decomp_rw_FV_sk_sd,decomp_rw_FD_avg_avg,decomp_rw_FD_avg_sd,decomp_rw_FD_sd_avg,decomp_rw_FD_sd_sd,decomp_rw_FD_r1_avg,decomp_rw_FD_r1_sd,decomp_rw_FD_kr_avg,decomp_rw_FD_kr_sd,decomp_rw_FD_sk_avg,decomp_rw_FD_sk_sd,decomp_rw_IN_avg_avg,decomp_rw_IN_avg_sd,decomp_rw_IN_sd_avg,decomp_rw_IN_sd_sd,decomp_rw_IN_r1_avg,decomp_rw_IN_r1_sd,decomp_rw_IN_kr_avg,decomp_rw_IN_kr_sd,decomp_rw_IN_sk_avg,decomp_rw_IN_sk_sd,decomp_aw_FV_avg_avg,decomp_aw_FV_avg_sd,decomp_aw_FV_sd_avg,decomp_aw_FV_sd_sd,decomp_aw_FV_r1_avg,decomp_aw_FV_r1_sd,decomp_aw_FV_kr_avg,decomp_aw_FV_kr_sd,decomp_aw_FV_sk_avg,decomp_aw_FV_sk_sd,decomp_aw_FD_avg_avg,decomp_aw_FD_avg_sd,decomp_aw_FD_sd_avg,decomp_aw_FD_sd_sd,decomp_aw_FD_r1_avg,decomp_aw_FD_r1_sd,decomp_aw_FD_kr_avg,decomp_aw_FD_kr_sd,decomp_aw_FD_sk_avg,decomp_aw_FD_sk_sd,decomp_aw_IN_avg_avg,decomp_aw_IN_avg_sd,decomp_aw_IN_sd_avg,decomp_aw_IN_sd_sd,decomp_aw_IN_r1_avg,decomp_aw_IN_r1_sd,decomp_aw_IN_kr_avg,decomp_aw_IN_kr_sd,decomp_aw_IN_sk_avg,decomp_aw_IN_sk_sd,PC1,PC2,PC3,Cluster_Label
0,1137.9264919271588,42616,45,37.450573742972445,0.24985,0.033522045,0.0540344917,3.0891031634,0.1234264591,0.2452,0.0317641307,-0.0288211983,3.274583726,0.1347827203,0.50495,0.0387781833,-0.0190062325,2.8793803048,-0.0539023805,0.03605,0.0101315103,0.0151830055,2.6718203388,-0.0487966433,0.3928138528,0.0837699642,0.8381004295,2.0075817656,-0.0824295116,0.104047619,0.06048829,0.8931821852,2.5033419395,0.5888419314,0.5031385281,0.0412966025,0.3034503229,2.9468201928,-0.1739855196,0.0422510823,0.0105640568,0.036304113,3.0443023776,0.1919326639,0.4975422178,0.3019958969,0.0005830481,0.000504772,0.9552965579,0.0289811373,2.2541328127,0.4946260631,0.1417823898,0.3944961892,-1.1743e-06,6.0946e-06,1.03073e-05,6.1179e-06,-0.0020014892,0.0978527636,3.0419596921,0.3005873626,-0.1002714291,0.2489929075,0.4980175,0.0160893853,0.0361968631,0.0023132182,-0.0295615245,0.1115447867,2.9033107091,0.3820993487,-0.0454413631,0.2594824076,0.4474370107,0.3096638974,0.0253810159,0.0157808551,0.9954744111,0.0028993772,2.1460067119,0.2518058457,0.5686492176,0.1784599271,-0.0001307269,7.81922e-05,6.01179e-05,3.65385e-05,0.9705699688,0.0082139371,2.2864869819,0.2556800814,0.5935365635,0.1815590258,0.1788478904,0.0264397079,0.1423809369,0.0111574764,0.9616809204,0.0059466518,2.4681763128,0.185812125,0.7668310795,0.1713618229,-5.241032335895049,0.6842317444519517,1.448448467409392,4
2,411.3603277930127,15422,4,37.49024628296194,0.2484,0.0328243812,0.120394934,2.8908586124,0.2334371338,0.2555,0.030062435,-0.0074903099,2.7929250529,0.1860305433,0.4961,0.0365005479,0.1369504022,2.4480177651,-0.0490010604,0.03855,0.0102541455,0.1355815561,3.3494218611,0.3447329074,0.4366333333,0.1129741809,0.9240312315,1.9802847627,-0.2901731488,0.0844666667,0.0766140689,0.9052324356,3.4277693133,1.1439074258,0.4789,0.0545889794,0.6225956418,2.6039263487,-0.0356378709,0.0439333333,0.0123502587,0.189375801,3.5560204644,0.6198414057,0.4964549089,0.3014682124,0.0008929794,0.0005883154,0.9375273054,0.0461895729,2.5561904089,0.9354849399,0.1889464189,0.4950447416,2.844e-07,1.36817e-05,1.8146e-05,1.10746e-05,0.0197858835,0.1419833318,2.776609679,0.2581155668,0.0290154239,0.168730802,0.4980925,0.0197653059,0.0358715672,0.0026480732,0.0231154232,0.1261395374,2.8901407862,0.3569941908,-0.0468476448,0.2103256174,0.4483752396,0.2798123712,0.02394516,0.0139478869,0.9922268392,0.0044771604,1.9389831234,0.1138288343,0.408060441,0.1132710846,-0.0002873342,0.0001686083,0.0001419608,8.34852e-05,0.9730993578,0.0091309436,1.9782004658,0.0821990249,0.399186488,0.0934659144,0.1881486254,0.0330051255,0.1419751796,0.0108424262,0.9565012206,0.0121760752,2.1824870628,0.1440785183,0.6080473833,0.1397452057,-3.2391474631498056,2.60348579692659,-0.3767171538833478,4
4,573.9872024678868,19981,28,34.81088065045821,0.2247,0.0328010671,-0.0722792474,2.7953847749,-0.0951844486,0.26525,0.0309949593,0.084612056,2.5100323789,0.3349362357,0.51005,0.0341137436,-0.1379212045,3.1685031646,0.0814031574,0.03785,0.0099059326,-0.0399538546,3.1242236146,0.2819940639,0.3862671233,0.0827084574,0.8394346359,2.0918958403,-0.1140225775,0.0892123288,0.0689269227,0.8716639172,2.8976887427,0.895585381,0.5245205479,0.040439913,0.2534606774,2.5509605945,0.063816984,0.0432191781,0.0126564149,0.3049919831,2.2252200468,0.0836794025,0.4980781903,0.3020286258,0.0005582589,0.0004246393,0.9298536055,0.0478300507,2.3400680536,0.396280922,0.1613838042,0.3265703609,5.956e-07,7.2346e-06,1.31846e-05,8.207e-06,0.1869631275,0.101754891,2.881506116,0.4035170007,-0.0006631038,0.2325745775,0.500315,0.0186377044,0.0378531229,0.0035676098,0.1749625293,0.0967094728,2.9228386069,0.4525729539,-0.1026446469,0.2393006945,0.4578103899,0.3049580966,0.0170596146,0.011300197,0.9927680494,0.0033258575,2.2520431703,0.2679785913,0.6736311958,0.2526742603,-0.0001289967,9.73382e-05,6.1932e-05,4.06364e-05,0.9163693681,0.1427322152,2.3113387166,0.4375067123,0.6170337837,0.2354145807,0.1984784862,0.1053635515,0.133395218,0.0322922566,0.8930289427,0.1943022291,2.3407325447,0.3838390831,0.6913135507,0.2483404928,-3.43443643709229,-1.6382686636477697,5.244351090380985,4
5,630.779563634264,22606,46,35.83819340904855,0.28065,0.030876002,0.0090719071,2.5108863912,0.0258022168,0.23725,0.0344192896,-0.1197749947,2.4198980008,-0.1964822731,0.4821,0.0305055733,0.0153028084,2.3327863844,0.1136220018,0.0365,0.00988686,-0.0476411327,3.8345968433,0.0923491868,0.4394137931,0.1120067785,0.9080310093,1.9501187328,-0.1746771427,0.0906206897,0.0753574991,0.928218569,2.8555307607,0.937386312,0.4699655172,0.0534160526,0.6084597201,2.7574438563,-0.1312561228,0.0405862069,0.011492178,0.1387870799,2.7618858988,0.2160283008,0.4960610641,0.3005285116,0.000418285,0.0002743725,0.9268602861,0.0438187968,2.5091737025,0.5759896485,0.1187652568,0.3967130686,-3.5646e-06,8.0497e-06,1.04081e-05,6.5167e-06,0.0511287682,0.0912183461,3.1388444323,0.4549897602,0.0060330636,0.2522415016,0.4945925,0.0178366426,0.0353951999,0.0021518472,0.0380629589,0.0839938588,2.9088553992,0.4346279906,-0.0513329183,0.2140979664,0.4591277825,0.3055930864,0.0184481792,0.0110579657,0.9943951936,0.002844015,2.0980335368,0.141890057,0.5405818193,0.1503731997,-0.0001242777,7.73537e-05,5.85761e-05,3.54789e-05,0.9692796062,0.0123553437,2.2616317749,0.1796556172,0.6160159211,0.1789269088,0.1879417996,0.0514797236,0.1408153742,0.0139226505,0.9564513984,0.0224928828,2.4651054118,0.2245257811,0.7661572883,0.2069562554,-4.040603182965346,0.04078997405975515,1.2322523621966042,4
6,712.6845639773555,26720,72,37.49204255369418,0.24115,0.0301567157,0.1630939914,2.9389516141,-0.2465892542,0.2641,0.0263285017,-0.0519354112,2.5507769054,0.04793483,0.49475,0.0323834448,-0.1141938683,3.6176264131,-0.1658480528,0.0332,0.0094212526,0.1035578407,2.8248328937,0.2393311762,0.3875126904,0.0993297645,0.9056890306,2.0328585518,-0.0306235994,0.120177665,0.0862830539,0.9327903461,2.0368051177,0.5231381322,0.4923096447,0.038326285,0.2482906003,2.7174465271,-0.1407589691,0.0416497462,0.0129600778,0.286962402,2.534538691,0.049496871,0.5019591664,0.3047353459,0.0007403442,0.0007074965,0.9292363386,0.0569225912,2.5058058858,0.6856841888,0.0369558066,0.5062149183,7.866e-07,1.43936e-05,1.39978e-05,8.8809e-06,0.002469131,0.096116596,2.962868051,0.3965392145,-0.0298392503,0.2192797802,0.49903,0.0234151628,0.0360765219,0.0022358034,0.0292618736,0.1053873031,2.9738130622,0.5039373773,-0.0015309989,0.1893167255,0.4596429116,0.2952095411,0.0190646546,0.0117669395,0.9926931917,0.0034176315,2.1317865782,0.1757212459,0.597632586,0.1497217576,-0.0001742046,0.0001068508,8.15887e-05,5.04545e-05,0.9716289356,0.005318236,2.1615428386,0.1699963814,0.5943447049,0.1485632707,0.1741210835,0.0290420122,0.1454196281,0.0084658658,0.962666983,0.0069477686,2.3830840571,0.2426330286,0.7624203564,0.1810102102,-5.140135003307902,1.341203437710584,0.749760291615515,4
9,854.8997360093806,32089,32,37.53539584628892,0.25825,0.0290032326,0.2697114763,2.7762647306,-0.2952047379,0.2495,0.0336340601,0.1760756516,2.6807129453,0.3316685252,0.49225,0.0336405633,-0.0187455229,2.6243057213,-0.2512839303,0.03755,0.008230887,-0.2150278051,3.3206826904,0.3656603308,0.4101715686,0.090269721,0.8483338232,2.1531657508,-0.173737106,0.0792401961,0.0600880575,0.9102370044,2.4023741897,0.6635622286,0.5105882353,0.0456128966,0.3537438931,3.1940197258,0.1239040777,0.0473039216,0.0115081295,0.0780863083,3.3565966105,0.3241025836,0.4958252315,0.3015276182,0.0006540517,0.0005465024,0.9501416004,0.0317435713,2.5660229384,1.0860467248,-0.0920529138,0.5912148738,-2.4227e-06,5.8342e-06,1.29016e-05,7.704e-06,0.0519624056,0.1192122458,3.0825424167,0.4577414965,0.023328462,0.2592243542,0.4956775,0.0160966726,0.0364407816,0.0017804662,0.050213158,0.1096631911,3.0387245729,0.4915014106,-0.0605226253,0.2194287841,0.4615374062,0.3056002825,0.0164635307,0.0104945535,0.9928781463,0.0039338012,2.1669300757,0.2375448152,0.5792262217,0.2048505367,-0.0001435207,9.20514e-05,6.08646e-05,3.67081e-05,0.9503076186,0.0435781967,2.3701941109,0.2523181043,0.6190000353,0.185638917,0.1855844535,0.0786273236,0.1262656605,0.0240104865,0.9380750017,0.0579067855,2.5585180023,0.2069533149,0.7759812292,0.2097974611,-4.88437695728325,-1.5038396811623083,2.9640361875818195,4
11,704.9732527283236,24732,70,35.082182060502944,0.2617,0.0436074535,0.3598776458,3.2489448774,-0.0286782283,0.25425,0.0371441449,0.2544442134,2.5445727473,-0.31633915,0.48405,0.0486605333,0.3254031783,3.2360807725,-0.0078937819,0.03555,0.0108142267,-0.1207397839,3.0774587135,0.1902592412,0.4558947368,0.1121370847,0.8884865758,2.2980416454,-0.2314805977,0.083,0.0664173408,0.8939129096,3.3360039542,1.0126884798,0.4611052632,0.0592793518,0.620239395,2.5227196002,-0.240774703,0.0415526316,0.0109344876,0.0449168447,4.250095237,0.3798356033,0.4976140951,0.3020114479,0.0008087705,0.0006650839,0.9537464356,0.0421191916,2.5256630974,0.6239838116,0.2281476179,0.479564443,-2.3284e-06,1.26926e-05,2.24625e-05,1.36047e-05,0.5435355119,0.1106677371,2.7927980275,0.5207312455,0.0315711808,0.2891267497,0.4994425,0.0251537088,0.0484025975,0.0046455546,0.4348952665,0.1391209559,2.8188614837,0.4142059824,-0.0171013669,0.3103744118,0.4586616527,0.3065331252,0.0178031748,0.0124958987,0.9913627884,0.0044625109,2.2810151302,0.2462934587,0.6725815738,0.2273214795,-0.0001509187,0.0001017494,6.21495e-05,4.13811e-05,0.9356585127,0.0721738163,2.5751764447,0.4915903574,0.6914334062,0.2589114886,0.1890553049,0.0926995053,0.1250187653,0.0304435596,0.8999940034,0.1687463809,2.5682333219,0.5369850777,0.735615229,0.3316872212,0.281616248779218,-4.103695248742859,3.092561484923345,4
13,757.3686672665707,27872,64,36.80109991953219,0.25145,0.0282160858,0.045307658,3.0361072913,-0.0955984848,0.2219,0.034342248,-0.0199557406,2.7140698425,0.2075929671,0.52665,0.0381120388,-0.0520617181,2.9277436104,-0.3728090035,0.03995,0.009810581,0.0598742245,4.0466470466,0.6970521622,0.4506882591,0.0813072096,0.8016120234,2.2998653303,-0.2519815464,0.0859919028,0.060595292,0.8876789937,2.7666515832,0.7777952872,0.4633198381,0.0400671366,0.1975964747,3.046671284,0.1974000549,0.0404048583,0.0117082472,0.2660668853,3.5569545117,0.400086944,0.4935241887,0.3007727883,0.0006218178,0.0005228768,0.9440593693,0.0359353718,2.2414200468,0.5909213763,-0.1035456421,0.467952601,-1.3372e-06,8.8134e-06,1.51829e-05,9.0151e-06,0.3503737093,0.1663887352,2.7684945146,0.2751387339,-0.0712280411,0.2149391727,0.496685,0.0203053509,0.0415585458,0.0029009955,0.2584612847,0.1248584181,2.9420344067,0.4092452194,-0.0005110093,0.2378688622,0.4546364863,0.3055699021,0.0205619377,0.0128376551,0.9948115473,0.002993563,2.0561187616,0.212702684,0.4899452591,0.1941120613,-0.0001567815,9.46164e-05,5.97867e-05,3.56055e-05,0.9512110271,0.0150333801,2.7318667136,0.5707615237,0.7062787548,0.319160381,0.1767149112,0.0647375644,0.1178729942,0.0148567007,0.9385258132,0.0301309742,2.9141053121,0.5000240411,0.8350632973,0.3020030222,-2.7646248756654814,-2.9926162039978235,1.9041266714053455,4
18,339.76340617838923,12801,27,37.67621753026272,0.2672,0.0368600054,0.3883694583,2.5898995884,0.0234063692,0.2426,0.0393921312,0.3163835072,2.6530969115,0.3642267791,0.4902,0.0381504915,0.0758150666,2.7726204456,0.3212288078,0.03705,0.0102492683,0.0133666983,3.0230923867,0.2894068207,0.4453144654,0.1105100888,0.887605007,2.1111201225,-0.2484234287,0.0839308176,0.0704887805,0.9101237492,3.5576107565,1.1227125018,0.470754717,0.0552956282,0.6157705545,2.2212022105,-0.2172996774,0.0399371069,0.0113545965,0.0980018601,3.5462493755,0.4344257545,0.4985539002,0.3027543127,0.0010662329,0.0007036645,0.9396619686,0.0427374054,2.6825728324,0.9220407949,-0.2569133018,0.5189691014,-2.7959e-06,1.75544e-05,2.20642e-05,1.29316e-05,0.1428942488,0.1174188624,3.0301733172,0.3391985922,-0.0315906904,0.2647712093,0.4972,0.0199670792,0.036964772,0.003252903,0.1277544212,0.1228532467,2.8819270289,0.3004413289,0.0444190725,0.2037332533,0.4531672399,0.2889132715,0.0211631769,0.0124758088,0.9901158168,0.0047612409,2.1672788161,0.2032611335,0.5991183262,0.1931452225,-0.0002314214,0.0001337753,0.0001097188,6.46002e-05,0.9586082904,0.0338406859,2.1770270629,0.2864159677,0.5588621082,0.2126338766,0.1931614188,0.0550208441,0.1407142508,0.0221646872,0.9464791328,0.0694572639,2.2567751533,0.2741872596,0.6614842068,0.2167879261,-1.7308477902947765,0.08769622868774536,1.1820319843340326,4
20,406.5491793100181,14734,4,36.241617865287694,0.2482,0.0321909925,0.0782324897,2.5915885007,0.1130646052,0.26195,0.0333383788,-0.0333570332,3.121912103,0.2776193323,0.48985,0.0320113652,-0.2106513573,2.7829880117,-0.2455609966,0.0368,0.0111919614,-0.0803470803,2.5290552094,-0.1549577088,0.4329435484,0.1081907889,0.9100866536,2.1066274177,0.1186049919,0.1105241935,0.0781123533,0.9134945266,2.8331681167,0.7187005971,0.4565322581,0.0497379318,0.5428017684,3.2527635387,-0.4912352544,0.0402419355,0.0096062572,0.025494649,2.9860576676,0.3679250456,0.4882005992,0.2978176285,0.001245018,0.0010572251,0.9201819087,0.0582708498,2.4278684373,0.3831683861,-0.0088441893,0.4974983007,3.5872e-06,3.16596e-05,2.65094e-05,1.66185e-05,0.069073019,0.0936679242,2.8870655152,0.3793597154,0.0180727881,0.2540040331,0.4958575,0.0234198328,0.0357126659,0.002563029,0.0439354537,0.0948352386,2.8178680998,0.3285218189,0.0404976529,0.198170765,0.4471926113,0.2799340634,0.0229522811,0.0135604122,0.9886205041,0.0051976805,2.2024271109,0.2383324943,0.631819668,0.1846242343,-0.0003492839,0.0002066104,0.0001585318,9.3426e-05,0.9663433383,0.0108032867,2.2474634192,0.2197605684,0.6327523911,0.197318668,0.1674110565,0.0418162773,0.141307831,0.0137296062,0.9541905964,0.0164853965,2.5544731503,0.2855464967,0.8611635661,0.1998116584,-2.0173895409801776,1.7237372724285607,0.7258225838970592,4
22,536.5079021853089,19768,69,36.845682830543225,0.2837,0.0300883698,0.0809834176,3.4226886996,0.4715761788,0.21715,0.0330851553,0.0683342631,3.6306164247,0.2933368533,0.49915,0.0384386199,0.0839666768,3.586507687,-0.1929854911,0.0348,0.009162969,0.1905804305,2.8000236506,0.1759781292,0.439695122,0.1092793678,0.9043798552,1.9722479837,-0.0978904069,0.0853353659,0.0679269045,0.9200414833,2.656381206,0.794561577,0.4749695122,0.0541297474,0.5997290218,2.2673735264,-0.2986531675,0.0424695122,0.0115623568,0.2416553704,2.9686149331,0.282931963,0.4975891698,0.3019890623,0.0012159857,0.0009783649,0.9564035797,0.0333549032,2.3202953872,0.595267917,0.0303580933,0.4875726801,-2.4697e-06,1.4346e-05,2.12774e-05,1.30334e-05,0.0829441856,0.1216200374,2.7911534836,0.3083604719,-0.0048525024,0.2207200782,0.49579,0.0191561648,0.0366531904,0.0027176978,0.0382890826,0.0762619348,2.7546611204,0.373445571,-0.01501856,0.2312703216,0.4593807372,0.2927855866,0.0196296792,0.01285564,0.9901774841,0.0041412961,2.1716570363,0.2627448486,0.5841642986,0.2205834718,-0.0002365136,0.000153308,0.0001088955,6.98592e-05,0.9419710673,0.0948214719,2.3472926778,0.387780908,0.6345029306,0.1630403226,0.18968238,0.0735156738,0.1380945913,0.0259757657,0.9230525645,0.1322276615,2.4712270034,0.2837801156,0.7656636952,0.2148380752,-2.6859939772225303,-0.017551883209100082,2.53403228768225,4
23,449.7771017059172,15964,72,35.49313635454462,0.25145,0.0303586479,0.0601063031,2.6619419997,0.0010376976,0.24345,0.0322389128,0.0700876773,2.8661281426,-0.0414702085,0.5051,0.0364964382,-0.0457470642,3.3832588497,0.3034771598,0.0384,0.0097693398,-0.0960609719,3.5166697816,0.541308121,0.4413354037,0.1150340994,0.9265518217,1.9577997843,-0.0852417533,0.0859937888,0.0640914038,0.9127736863,2.4274270601,0.7241469986,0.4726708075,0.0605949567,0.7373371586,2.1753771687,-0.2821160452,0.0436335404,0.0117159388,0.0794194468,3.8193008138,0.4142460869,0.5022592298,0.3048153947,0.0011888013,0.0007531019,0.9427618288,0.0328582684,2.5471121082,0.5669601585,-0.0948564239,0.51663601,-1.9141e-06,2.41681e-05,2.35621e-05,1.44337e-05,0.1211784811,0.0964613976,2.9110519128,0.4370852572,0.0587102788,0.2625628057,0.4990175,0.0228076702,0.0363998129,0.0035406204,0.0982098105,0.1176694562,2.9286855469,0.5216594491,0.0381482735,0.2342769946,0.4470442697,0.2891012502,0.0213417497,0.0150306413,0.9631068857,0.0948011051,2.1434971547,0.1622529842,0.596797689,0.1796788417,-0.0002708579,0.000198073,0.0001193717,7.92246e-05,0.8740306907,0.3233955415,2.3405901355,0.1938247859,0.7079683746,0.1770071768,0.182561209,0.1005990023,0.1295845888,0.032442425,0.8839428943,0.2516845065,2.6856523143,0.2578422241,0.9252929801,0.1858436758,-2.051732116503054,-0.6227445637405103,4.910370540730965,4
25,322.6978754165433,11858,65,36.74644583480295,0.23235,0.033063991,0.0442665377,3.2495254935,0.0198088047,0.2703,0.032425453,0.0948917543,3.8702700423,-0.3115439753,0.49735,0.0357243264,-0.0177719098,2.7691671084,0.0130694737,0.036,0.0099498744,0.2264620489,2.4759718396,0.3015113446,0.4416438356,0.1047748885,0.9011868825,1.9855813328,-0.1062082691,0.1000684932,0.0658609637,0.9019941817,2.2716150542,0.6348311764,0.4582876712,0.0522095303,0.514626859,2.5491425909,-0.1509000733,0.0424657534,0.0106829556,0.1001339768,3.065250843,0.3654751269,0.4956199944,0.3016629781,0.000913085,0.0006021194,0.9383479242,0.0670101689,2.4721798337,0.7084003122,-0.1219273015,0.423758577,3.011e-07,1.19753e-05,1.97748e-05,1.17756e-05,0.0782023289,0.1498580591,2.9501996845,0.4859425943,-0.058545255,0.1832690741,0.4963925,0.0171060024,0.035803064,0.0027791609,0.057454682,0.1292041059,2.8653818226,0.4920448213,0.0015404031,0.2007793479,0.447305621,0.2824442407,0.0231552567,0.0139405201,0.9911265457,0.0038571447,2.1281804669,0.1196612645,0.5947166825,0.1060289952,-0.0002954578,0.0001788947,0.0001244204,7.53976e-05,0.9675742433,0.0090447332,2.3635834296,0.156257207,0.695751702,0.0946903451,0.1529785253,0.0199427784,0.1352276775,0.0045315416,0.9576490082,0.006219869,2.6843140573,0.2318622128,0.9024934923,0.1168820183,-2.624200235488436,1.4123451283541426,-1.7288249837451313,4
26,281.49310774139803,10316,25,36.64743368948521,0.2342,0.0346028901,0.3260309851,2.7870077416,-0.1514121059,0.278,0.0439772669,0.235059076,3.0954885043,0.2249152557,0.4878,0.0368192884,0.0747239993,2.7406097927,0.1338892005,0.03365,0.0080577602,0.0505333997,2.6142182241,0.270785191,0.3898198198,0.0835095289,0.8021330327,2.0186237784,0.0726192724,0.0783783784,0.0521353149,0.8977107761,2.2784081059,0.6343271634,0.5318018018,0.0466624489,0.4064119954,2.785784478,-0.455147805,0.0501801802,0.0120233993,0.0198499022,3.717319099,0.7195564088,0.49778383,0.3019854876,0.0009853754,0.0006906524,0.9600657435,0.0276472424,2.5576284582,0.76049215,-0.0574877713,0.5133025519,-7.7042e-06,1.31785e-05,1.99432e-05,1.19471e-05,0.0990423987,0.1269289153,2.906401783,0.4403767415,0.0352700586,0.2630745229,0.4960525,0.0233618839,0.0362776668,0.002661394,0.0923113503,0.1192589503,2.9467920944,0.4240274004,0.0505786184,0.1387649888,0.454576869,0.2857770125,0.0194768491,0.0117721733,0.9903346518,0.0033653146,2.1025539204,0.1111867813,0.565438417,0.1333621054,-0.0002597484,0.0001551606,0.0001205253,7.19563e-05,0.9696292387,0.0104906066,2.1183948071,0.1130540035,0.5550560259,0.1271663733,0.1733545359,0.0466554436,0.14159616,0.0112243216,0.9594448467,0.0123540495,2.3848404014,0.1847021149,0.7649569093,0.1820037985,-3.855603399309353,1.2381287508958487,-0.34075035976796253,4
29,843.5098513728734,30897,60,36.629092060647416,0.2657,0.0306840349,-0.0072392751,2.8155732126,-0.2547658629,0.2246,0.0307545119,0.1340749623,2.7695453082,-0.1830573728,0.5097,0.0371269444,0.0576699245,2.9090825084,0.0131036817,0.03855,0.0102052682,0.0060919533,2.3030118088,-0.155392818,0.4199015748,0.1014457021,0.8978642692,1.9152255976,0.0041386339,0.0863582677,0.0704305208,0.931027791,2.7249987392,0.8927396103,0.4937401575,0.0498046123,0.5460568949,2.4808612989,-0.3119805619,0.0449606299,0.0124466746,0.2078771457,2.7556857607,0.166705424,0.5021713613,0.3043827455,0.0006577053,0.000472681,0.9559848931,0.0283363503,2.5478500187,0.7143697607,0.0349893392,0.5836785584,-2.5554e-06,9.2536e-06,1.30049e-05,8.091e-06,0.0160061857,0.087341647,2.9838351099,0.3829304105,-0.0315159797,0.2822918617,0.4976025,0.0175183652,0.0351521864,0.0027377302,-0.0100947027,0.1140774661,2.9991417797,0.5680808859,0.0454267514,0.2581561047,0.4591282605,0.3106424933,0.017524469,0.0119614882,0.9931532692,0.0031998933,2.2362545072,0.1982616613,0.6263071024,0.2201456912,-0.0001384053,9.87278e-05,6.01956e-05,4.06796e-05,0.9394183238,0.0809636719,2.3910706027,0.1727324621,0.6230545466,0.2931930493,0.1882015264,0.0956247672,0.1301971863,0.0307661584,0.9244419689,0.1090077323,2.6448745904,0.2292850177,0.7998750597,0.3610202987,-4.65752025018032,-1.6093723548736054,3.712517525864141,4
30,315.2671803409769,11757,52,37.2921786127063,0.24735,0.0305242117,-0.0793901806,2.6485774126,0.2851449609,0.2599,0.0346408718,0.1349227423,3.3843473776,0.4030075055,0.49275,0.0408862752,0.0052625845,2.4113732745,0.0077401376,0.0369,0.0109494292,0.0390565922,3.5893840282,0.7101765651,0.3684482759,0.071179756,0.717763061,2.6686682035,0.0063554938,0.1203448276,0.0842300937,0.9160528482,2.1778417636,0.5646099869,0.5112068966,0.0464591992,0.1861163953,3.0676097167,-0.158951693,0.0415948276,0.0137965378,0.4086887979,2.8759752489,0.3586789687,0.4993319953,0.302847793,0.0008278957,0.0007124642,0.9576409596,0.0392298312,2.2544422457,0.7387994746,-0.0570180007,0.4760824492,-2.8788e-06,1.06298e-05,1.53195e-05,9.6472e-06,0.0691439626,0.1126960153,2.9612706724,0.4222719167,0.0173721277,0.2231633394,0.4943675,0.0141263962,0.0355569029,0.0028616482,0.0724875609,0.0985345273,2.9258051059,0.3441766969,0.0069487957,0.1733993702,0.4621525143,0.292749273,0.0156809721,0.0100674621,0.9892580425,0.0041552928,2.3767759179,0.1398385481,0.7880431835,0.0784103006,-0.0001991242,0.0001240801,8.59706e-05,5.52115e-05,0.9686585158,0.0061119456,2.4038205396,0.1656811149,0.7739387473,0.0887360653,0.1490866524,0.0125800009,0.142780392,0.0061957767,0.9651852367,0.0040826209,2.6611833354,0.2064269026,0.9479566298,0.1005882371,-4.27824557408076,0.8680393118925838,-1.2690608700579231,4
31,445.2655192727985,15761,12,35.39685719599543,0.26155,0.0292804969,0.0250013431,2.4762118436,0.004515704,0.26745,0.0317529133,0.0679851528,2.6797636416,0.1483196969,0.471,0.0349213402,0.1032548747,2.8228908365,-0.048888647,0.03355,0.0088964881,0.0043471544,2.5009402991,0.0583556595,0.4182051282,0.0784722215,0.7805018526,2.0409619304,0.0662157314,0.0782051282,0.048178184,0.811114346,2.7245710895,0.6795943632,0.5035897436,0.0469171217,0.3375251746,2.6662123564,0.046536335,0.0483760684,0.0110907111,-0.1294658736,2.5157567603,-0.2874902446,0.4946992185,0.30120422,0.001066355,0.0007631063,0.9252555446,0.0550262222,2.2322512476,0.4255480486,-0.1165280804,0.3523019673,4.6709e-06,2.78688e-05,2.52313e-05,1.49826e-05,0.0521737969,0.1633217939,3.0599870941,0.4022780442,0.0218731017,0.2507219134,0.5006975,0.026628394,0.0364219384,0.0035244902,0.0528447845,0.1355821521,2.9980947476,0.4991191307,0.037014847,0.2385683158,0.4468270914,0.2818779082,0.024526154,0.0151777039,0.989486813,0.0054595224,2.0725568491,0.202916369,0.5514477571,0.1662663948,-0.0003371346,0.0002093801,0.0001628133,9.9076e-05,0.9601577105,0.0464702647,2.1381382107,0.2309430826,0.5445760411,0.2000064383,0.179637988,0.0626309553,0.1431321129,0.0207468729,0.9387273949,0.0858852719,2.4407733358,0.2382291004,0.7823963324,0.1950098851,-2.5961960460969977,0.48546074134453776,1.6218491293670492,4
32,504.3304045042192,19358,56,38.38356725494239,0.23935,0.0352466665,0.0199696955,2.8916153026,0.0899007025,0.2268,0.0329356949,-0.0470493177,3.1018654038,0.3562809196,0.53385,0.0421536179,0.007948496,3.1193982796,-0.4414899514,0.0399,0.0104876117,-0.0661513131,3.466382264,0.2540006645,0.4280612245,0.101241358,0.8761831795,2.0190728007,-0.3057290602,0.0824829932,0.0719631759,0.9030380518,3.0795779622,1.0180827996,0.4894557823,0.0462694315,0.4101390682,3.070080368,0.1194660823,0.047244898,0.0138773009,0.3140670667,2.7883348637,0.2473768744,0.4986993225,0.3029648919,0.0008765266,0.0005753344,0.9371775673,0.0434505208,2.4020760797,0.5403269732,-0.0185738683,0.4498008252,1.7724e-06,1.15196e-05,2.15605e-05,1.24095e-05,0.2237609158,0.1631860909,2.8154288829,0.3943795753,0.0460727561,0.1925362866,0.500455,0.0194712731,0.0377973078,0.0029284851,0.1632077572,0.1035493717,2.9568700586,0.4030570714,0.0842676297,0.2657543249,0.4508482673,0.2863665719,0.0201544937,0.0125494897,0.9904635379,0.0036361756,2.2445767815,0.1062304167,0.6800041933,0.0759137219,-0.0002767996,0.0001679781,9.76606e-05,6.00943e-05,0.9551269729,0.0077190488,2.9760832052,0.2607685837,0.9356505009,0.0965890349,0.1352140244,0.010053313,0.1247187563,0.0064760164,0.949623305,0.0060681567,3.3045368789,0.356726239,1.1122141048,0.1231404593,-2.051598326203809,-1.000689081885817,-2.6283361825013967,4
33,677.5446293317347,25187,12,37.17393498468441,0.2687,0.029271317,0.0585986429,2.5212548489,-0.2648028449,0.23515,0.0293211101,0.2640036037,3.0839004325,-0.0747032071,0.49615,0.0316611355,0.180942967,2.6995861107,0.3822344498,0.03415,0.0096450765,-0.1443372403,3.5277827442,0.2998964007,0.3716438356,0.0782458431,0.8154806216,2.0438693409,-0.0101124841,0.112739726,0.0723261943,0.9110831278,2.0850539718,0.5258533333,0.5156164384,0.0376532959,0.1264710163,2.9597332361,-0.0489583034,0.0426027397,0.0126177447,0.1956491427,2.876664659,0.2861642029,0.4994302935,0.3035765692,0.000467372,0.0003497955,0.9174516233,0.0612750782,2.6438792877,0.5967017587,0.0891435283,0.488632049,-1.12e-07,4.7733e-06,1.09587e-05,6.7209e-06,0.0203290983,0.1021098561,3.0242288537,0.4162829035,0.0467918067,0.2595725916,0.50033,0.0120502842,0.0349129515,0.0023382835,-0.012955715,0.107591972,2.9498648418,0.402989051,-0.0682346485,0.2286682278,0.4619633872,0.311950436,0.0164518486,0.011033637,0.993915015,0.0020596575,2.1629004158,0.161805723,0.5851826945,0.2085075946,-0.0001107062,7.48514e-05,5.15317e-05,3.36107e-05,0.9213396251,0.1337570814,2.3229708681,0.3990013027,0.6033502154,0.1147805567,0.2051660668,0.0920676132,0.1342279395,0.032462341,0.8939053933,0.1919204788,2.4263977811,0.3540711115,0.7254464024,0.1401685841,-5.086609722698343,-0.9305463743447506,5.284313431844285,4
34,445.44247721179056,16662,18,37.40550318482058,0.23705,0.0359450622,-0.0328218439,3.3025480682,0.2839312713,0.23815,0.0504958167,0.7215747716,2.7267586518,0.0856593606,0.5248,0.0526399088,0.4319631965,2.6415273107,-0.3413640752,0.0392,0.01203578,-0.0185265563,2.6259478342,0.3043734211,0.5456220096,0.0947022314,0.8484034911,3.4253782547,-0.8635221895,0.0826555024,0.0597262974,0.8789371502,3.761670565,1.0976893407,0.371722488,0.0491667363,0.4281148693,3.1463976855,0.2088594571,0.040861244,0.0094451264,0.07835099,2.9952153933,0.3006338164,0.4966756046,0.3013960367,0.0006447036,0.0004493153,0.9432017141,0.0275708876,2.3635649398,0.4861032146,0.0253821421,0.4481402174,2.1025e-06,1.0548e-05,1.59284e-05,9.5303e-06,0.2559844027,0.1806118017,3.0093230079,0.3858536273,0.0185946854,0.2864174702,0.50414,0.0200360525,0.0409278671,0.0044217296,0.1990821591,0.1504624106,2.9438687283,0.4184943473,-0.0223928259,0.2031217243,0.4574226945,0.3028751439,0.0186010091,0.0120106403,0.9935133457,0.0025543903,2.1312519905,0.1160873071,0.5489577562,0.1589183738,-0.0001525643,9.81707e-05,6.23832e-05,3.92987e-05,0.9443257266,0.0561388831,2.6149810906,0.3031303445,0.7445562774,0.2546252976,0.1747992573,0.072609686,0.1270182859,0.0267330425,0.9257047736,0.098406883,2.8397636848,0.3277452218,0.8996434529,0.2828790242,0.27273689103071763,-4.142178238772027,1.268598795596563,4
35,791.6429100178949,28774,30,36.34719598429748,0.2381,0.028694773,-0.091100572,3.5745030311,0.4972145165,0.25605,0.0319788602,-0.0028470223,2.3098467112,0.2196657942,0.50585,0.0370746207,-0.0775451753,2.9958266055,0.1749033705,0.03785,0.010056217,0.0082266763,2.9765869372,0.148443142,0.4238906752,0.1192176032,0.8970195011,1.9666344597,-0.0001440594,0.1032636656,0.0738886009,0.912783502,2.6389804069,0.7005149201,0.4728456592,0.059837846,0.5835493873,2.4928147977,-0.4217095384,0.0392765273,0.0109091865,0.1336939451,3.6204677988,0.5066575898,0.4991242268,0.3025463527,0.0005144605,0.0004221452,0.9414137526,0.0475330101,2.2538262294,0.4209138033,-0.1581966321,0.4060434841,-1.8427e-06,4.8751e-06,9.5275e-06,5.7387e-06,0.0440375248,0.1057302571,2.9344315559,0.4226991437,-0.0157549275,0.2472252554,0.492205,0.0136563072,0.035606799,0.0020060203,0.0102268066,0.13977032,2.8304670073,0.4760087785,0.0049246706,0.2435164994,0.4581470641,0.3133147905,0.0196400482,0.0123854541,0.9952723193,0.0023697872,2.077484203,0.1228944208,0.5291668861,0.1731683997,-0.000114225,7.15015e-05,5.36619e-05,3.34793e-05,0.9660936528,0.0238360293,2.1659124056,0.0658773254,0.5336663544,0.1650434138,0.1950276376,0.0709023762,0.1348229958,0.0242301198,0.95464581,0.0342386102,2.3533022901,0.14753567,0.6984890908,0.212234169,-4.811089882557799,0.48012100178808303,1.9019677771416443,4
38,436.0714294161386,15114,56,34.65945939232093,0.25265,0.0292442729,-0.1258499966,2.9821465385,-0.2597475691,0.23155,0.0329597861,0.2191552337,3.3372334386,0.4319417065,0.5158,0.0364192257,0.049363377,2.8909403518,0.0161727343,0.0352,0.0104383907,0.0018318716,3.6907105707,0.1447342792,0.3754824561,0.0853975977,0.8522532519,2.1620590712,0.0347803172,0.1131578947,0.0936064999,0.9404770751,2.4688136071,0.7649775883,0.5113596491,0.0425491722,0.3076429919,3.2258987487,-0.285567117,0.0455263158,0.0134158917,0.3046135423,3.6215924052,0.4421461984,0.4984994749,0.3032385903,0.0008220169,0.0005661986,0.9472827463,0.0378388234,2.4489296757,0.5660310013,-0.1226045649,0.4455321373,4.9265e-06,1.11924e-05,1.60292e-05,9.2907e-06,0.0130318754,0.1492779337,3.1232645797,0.3735791894,-0.1455791878,0.2596996318,0.505485,0.0195365305,0.0349205172,0.0024023376,0.0081177443,0.1235588076,3.0620946751,0.5209756143,-0.0259016426,0.235343712,0.4445972566,0.294019946,0.0256866295,0.0158208515,0.9935666706,0.0024227753,2.1216264519,0.147700132,0.5802179953,0.160815808,-0.000209958,0.0001273613,9.74896e-05,5.98133e-05,0.9697828092,0.013044596,2.1598341997,0.136878549,0.5799249942,0.1459424271,0.1763379434,0.0515888011,0.1389103863,0.0154000706,0.9570889158,0.0237294149,2.4536918577,0.2473907394,0.7856922656,0.2145447557,-4.8941499041368255,1.8997153853700082,0.8169918264016226,4
39,410.9121127952033,14271,30,34.730054324566964,0.26995,0.030963648,0.0420304472,2.8376349547,-0.1194973891,0.26745,0.0352668045,0.1946455567,2.6518616948,0.2418325186,0.4626,0.0395820666,0.0351171384,3.4204773378,-0.0032757983,0.0357,0.0099,0.0408662406,3.8272457222,0.2152285017,0.4364052288,0.0933586407,0.8630754411,1.9979102884,-0.1413180357,0.0863398693,0.0609725282,0.8776062199,2.545582358,0.7002542284,0.477254902,0.0478523778,0.4264809525,2.5607057414,-0.0310841552,0.0435294118,0.0129967612,0.0825175911,3.6750798254,0.6099611905,0.4991972924,0.3031275222,0.0007903705,0.0005013913,0.9460108575,0.0396064917,2.3290014208,0.6158644815,0.0041480761,0.3971175982,-1.3488e-06,1.15551e-05,1.65234e-05,1.01631e-05,0.0568430656,0.1154239357,2.985002682,0.4905862647,0.0305141148,0.2862952411,0.4946325,0.0181480114,0.0360585262,0.0025366937,0.0420602795,0.1017819285,2.850300577,0.2871931408,0.0564871107,0.2132474798,0.4477936324,0.2834596985,0.0225942049,0.014570085,0.9914884378,0.0038153514,2.1219552158,0.141429116,0.6314389816,0.0995237632,-0.00024075,0.000150837,0.0001143753,7.37725e-05,0.9739295897,0.0074407095,2.1277800331,0.2242428269,0.5932029592,0.1318054683,0.1664106274,0.0159613939,0.1501780731,0.0091471371,0.962827582,0.008710335,2.3765383434,0.247363636,0.7828739434,0.1356092854,-3.1134588007996586,1.3538405110522016,-0.8767061663453531,4
43,709.1479649894108,26330,64,37.129063749612776,0.26485,0.0362660654,0.1987053333,2.55988277,0.0285253499,0.26935,0.0343122063,0.1446187042,2.6704393246,0.125315007,0.4658,0.0378597412,0.0628514369,2.6867574621,0.0002657987,0.0354,0.0102635277,-0.1136857405,2.5801525661,0.3501128406,0.46025,0.0964485555,0.8825191885,2.2807260424,-0.3535207835,0.0783636364,0.0603441234,0.8815981695,3.2976742784,0.9930569083,0.4613863636,0.0479939465,0.5403539433,2.5174771304,-0.1613352122,0.0475909091,0.0119987086,0.020535356,3.8581020923,0.4196606567,0.4958526175,0.3017891493,0.000586056,0.0003709606,0.9526980649,0.0343465783,2.3094641697,0.4191624112,0.102975174,0.4012449598,-2.0686e-06,8.3422e-06,1.23849e-05,7.1742e-06,0.1253164455,0.1388699324,2.7451667138,0.3294889049,0.0314280604,0.1947965969,0.49105,0.0160920788,0.0365488293,0.0038439016,0.0969173472,0.1042476357,2.8609167038,0.3446420079,-0.0336964125,0.1992840322,0.4500762147,0.2974667861,0.0227640123,0.0142564393,0.9942498831,0.0026359826,2.0793416661,0.1016615082,0.5627604748,0.1006397314,-0.000156702,9.47864e-05,7.27499e-05,4.48732e-05,0.9723319209,0.0046533823,2.1258640058,0.1351254323,0.5321911124,0.135979463,0.1759499967,0.0251051194,0.1428747965,0.0066107199,0.9605416676,0.0061822967,2.3396966552,0.1868505386,0.6958486562,0.1829486804,-3.26031449276607,0.4976816990977705,-0.6208853301285072,4
44,373.81048589009777,13752,54,36.78869512516339,0.23305,0.0291881397,-0.0347885211,2.7355955857,0.3031177742,0.264,0.030273751,0.2341618122,2.7899368104,-0.2920972866,0.50295,0.0348933733,0.199915672,4.2580363798,0.7195070622,0.03515,0.0098095617,-0.1720474382,2.5515849544,0.1170022749,0.4458636364,0.1015803737,0.9125654396,2.089262156,0.2255697524,0.0783181818,0.0473827609,0.8607128352,2.8888640559,0.7573767047,0.4758181818,0.0667475817,0.7478899794,2.6456251313,-0.3175489616,0.0434090909,0.0123754122,0.0373572802,2.7138285961,0.5862435339,0.4946028543,0.3009687497,0.0008162136,0.0006403845,0.9312050967,0.0560389183,2.6127356603,0.9055758693,-0.1392421262,0.5282530725,-6.667e-07,1.3693e-05,1.84645e-05,1.19598e-05,0.0733316194,0.1536098376,2.9995130342,0.6522561782,-0.068337431,0.269520388,0.5009825,0.0220043761,0.0363004061,0.0039604475,0.0495819734,0.1241287133,2.8450737946,0.5933145307,-0.0595869915,0.2771384004,0.4572899353,0.2951159618,0.0181987012,0.01177592,0.9902331595,0.0045551778,2.1653640356,0.1475443522,0.5831061351,0.1799366406,-0.0002054977,0.00013546,9.20995e-05,5.69157e-05,0.9323918252,0.1098543969,2.3577397259,0.1995336933,0.6339349931,0.237756088,0.1825165553,0.0839343464,0.1324662563,0.0271953469,0.919975462,0.1227008113,2.6156342685,0.2474382366,0.7767501524,0.3752723874,-2.315471403164471,-1.3056429238071043,2.7159060365823233,4
46,537.7907800818848,19137,66,35.58447022294836,0.26645,0.0351375511,0.2636323813,3.7325428758,-0.181640457,0.2655,0.0360173569,0.3118734906,2.5461920593,-0.1229252517,0.46805,0.0391592582,-0.0167149452,4.3594482137,0.6184455858,0.02915,0.0104416234,0.0177396254,3.0715666919,0.4369059389,0.3839928058,0.0727348092,0.8099883274,2.2361454755,-0.2001948304,0.0905755396,0.0593976937,0.869972466,2.4215718229,0.6105965147,0.5254316547,0.0374285027,-0.0005939313,2.9877258137,-0.1760951037,0.0462230216,0.0121270511,0.1084594669,3.0234108226,0.3488971441,0.4982378918,0.3029208884,0.0010721826,0.0008224538,0.9531159133,0.0355332362,2.3628578515,0.6015597522,-0.1023052873,0.4584223935,1.3162e-06,1.27522e-05,1.8983e-05,1.14749e-05,0.093738206,0.134040019,2.9866903877,0.4638320884,-0.0371347965,0.1925548192,0.4991475,0.0185923874,0.0348401016,0.0029199651,0.0590649598,0.1217680562,2.8978931398,0.4876941595,-0.0073615084,0.2321383607,0.4472040794,0.3033286415,0.0224342122,0.0167194269,0.9823989481,0.025274131,2.4491294076,0.2849221658,0.7735280909,0.3050918464,-0.0002007814,0.0001437837,8.75203e-05,6.05233e-05,0.8599836883,0.2962095962,2.3290569143,0.1408818653,0.6738148883,0.22808144,0.2016227884,0.0958303122,0.1356015336,0.0365448771,0.8581812333,0.3029811841,2.1423950767,0.2303290812,0.6469698037,0.2520721532,-3.126512809161092,-0.9062425409213689,7.360843610885509,4
49,184.47283358171927,6888,24,37.33883123201822,0.26585,0.0312014022,0.2510351158,2.6608482118,0.0777154854,0.2349,0.0339115025,0.265236799,3.5435595472,-0.2343076074,0.49925,0.0340027572,-0.0039796367,3.721975218,0.2139361872,0.03095,0.0094523807,-0.0603046291,2.6815514521,-0.1589583726,0.3824050633,0.0689471489,0.6790908458,2.2019494324,0.073342772,0.0929746835,0.0577177714,0.854925907,2.3794863725,0.5530769694,0.5246202532,0.0396804654,0.0424564014,2.2217187465,-0.0214326309,0.0436075949,0.0118251156,-0.0701420326,2.8574115143,0.2304849678,0.4965380722,0.3011050105,0.0013334896,0.0010381128,0.9190344213,0.0483499884,2.6106974609,0.6063843307,0.0915404318,0.4635265086,-6.169e-06,2.09285e-05,3.08893e-05,1.90806e-05,0.0991142756,0.1213062775,2.9814692423,0.3320878143,0.0764669666,0.2531677221,0.500045,0.0207750385,0.0362313104,0.0026576106,0.0865215077,0.1003952859,3.0162814954,0.3414747456,0.0753398967,0.2402367549,0.4478947663,0.2769999371,0.0226619056,0.0131658286,0.9879180341,0.003852233,2.1148021821,0.1271020873,0.5855009512,0.1271184915,-0.0003801652,0.0002308745,0.0001731295,0.000100648,0.9652920859,0.0095596683,2.1585594151,0.1557048161,0.575677998,0.1621123947,0.1745001846,0.0385901161,0.1446726115,0.0109320906,0.9565894035,0.0101455607,2.3696904273,0.1911660637,0.7514500954,0.1781361039,-3.2904376783096,1.6653068626636107,0.7099808363313372,4
50,679.5027416387529,24268,63,35.714351853052136,0.24405,0.0302547104,0.1077186686,2.2499590592,-0.1481987238,0.2451,0.0304218671,0.2663249194,2.7136741359,-0.0236243949,0.51085,0.0370206361,0.372073711,2.8690948682,0.2419456653,0.03825,0.0101334841,0.1176560187,2.9410464876,0.0775707618,0.4497533632,0.0886827225,0.8567808124,2.3122355385,-0.2345178307,0.0880044843,0.0580257016,0.8771968874,3.0523946718,0.8811732469,0.4622421525,0.0458100447,0.4399079139,2.579794975,-0.0655539248,0.0405381166,0.0116344598,0.1300119678,4.6034084911,0.6940249863,0.4976703411,0.302445057,0.0004863477,0.0003089824,0.9423287881,0.0361098192,2.5131438281,0.607931411,-0.0031364085,0.435758022,-4.1945e-06,1.00135e-05,1.31395e-05,7.6251e-06,0.33368124,0.1731433785,2.8988858132,0.4469762947,0.1349257981,0.25539677,0.4910525,0.0219203471,0.041421945,0.0036777159,0.2402458871,0.1344840291,2.8778276804,0.2522448139,0.0502153969,0.2069227652,0.4594229699,0.3098020183,0.018239019,0.0117869755,0.9950170664,0.0021386516,2.0108393618,0.0801179336,0.4592281341,0.1397295708,-0.0001173631,7.42655e-05,5.03924e-05,3.12909e-05,0.9193897905,0.1102904571,2.5875546564,0.7319715823,0.6746778091,0.17459026,0.1950249465,0.0743520969,0.1246209816,0.0270381515,0.8902059462,0.1826032552,2.6648280406,0.5526060748,0.7574830042,0.1822833095,-2.047343857662202,-3.394194195306693,2.6184330017911934,4
51,664.2118368835577,24253,30,36.51395331012713,0.26615,0.032671509,-0.2505070984,3.1844252328,0.1820702871,0.2464,0.0335341617,-0.0269640708,2.7242948614,-0.0034688476,0.48745,0.036663981,-0.0561231077,2.5891379032,0.1655422099,0.03375,0.0094174041,0.0329432943,2.5095465198,0.2553636388,0.4328191489,0.1049220206,0.8659635807,1.9781222065,0.0231238272,0.0840070922,0.0628129607,0.898740983,2.4393897969,0.7205511863,0.4831737589,0.0576669481,0.5399941123,2.4559568636,-0.268986114,0.0430673759,0.0116800915,0.1550690882,3.0039972697,0.2502813212,0.499396234,0.3035836218,0.0006543938,0.0005112426,0.9475429565,0.0327122408,2.2599226726,0.4008539296,0.0507485954,0.3632144551,1.943e-07,6.3234e-06,1.16687e-05,6.9184e-06,0.0060051609,0.1082946579,2.7789021306,0.2902445069,-0.0095791328,0.1527389616,0.5036075,0.0140163322,0.0362267572,0.0021361029,0.0061981763,0.1095297387,2.8717775783,0.3424606914,0.0542824266,0.1803716457,0.4481786238,0.3074006415,0.0242507044,0.0145191936,0.9952298816,0.0026696386,2.0746697355,0.1502047461,0.5224239698,0.1717491197,-0.0001332008,7.68143e-05,6.54313e-05,3.82056e-05,0.9640153555,0.0222828669,2.1154217602,0.1641588473,0.5086630197,0.1888991537,0.1951776125,0.0574154299,0.1406400024,0.0184279968,0.9532108512,0.0289494312,2.3334469706,0.2395110685,0.6715837673,0.2559245646,-4.847737719164846,1.2753978494857197,1.7570018273419763,4
52,839.1748612505455,31119,56,37.08285535821009,0.2506,0.030143656,0.1708480849,2.6901796984,0.2080791472,0.2601,0.0409693788,0.2807664967,2.7034872656,0.3171804716,0.4893,0.039598106,0.2916944863,3.2787304396,-0.0633245559,0.0336,0.0101754607,0.1164060417,2.7377984875,0.3109550112,0.4247569444,0.0695579541,0.7163201408,2.3683826448,-0.0876529085,0.0982291667,0.0586078918,0.8791055344,2.7826402596,0.6766349996,0.4770138889,0.0359171474,0.0716296482,2.3498205271,0.0548152991,0.0448958333,0.0112649399,-0.0939993235,3.0443469463,0.3064652155,0.4995069804,0.3031486154,0.0007132746,0.0006101021,0.9320545325,0.0418380976,2.483004031,0.4868786476,0.0027645737,0.3560186611,2.2695e-06,1.41035e-05,1.70253e-05,1.05902e-05,0.237988257,0.152190907,2.902792821,0.4459696486,-0.0171632329,0.2126584278,0.500505,0.030460158,0.0403677177,0.0043152193,0.1959358744,0.1633595206,2.8573083371,0.4089550828,-0.0524256019,0.2014617047,0.4526592662,0.2981494703,0.0193088847,0.0126983395,0.9919327939,0.0031146157,2.4108622662,0.1729399676,0.7702215643,0.1272783613,-0.0001864233,0.0001167799,6.97816e-05,4.49744e-05,0.9608454638,0.0051645599,2.9988457418,0.3689700379,0.9809060982,0.1724276319,0.1457314222,0.0177986158,0.1329662162,0.0057343173,0.9618456512,0.0029283529,3.2449190715,0.5286222726,1.1179718376,0.2092598747,-1.326095516897303,-2.909090438505159,-1.6581672564271506,4
53,648.0453202495141,24207,16,37.35386900206251,0.26895,0.0329036092,0.2272491783,3.2347052481,0.1640862804,0.2284,0.0327481297,0.3014687221,2.9346460996,0.0755061924,0.50265,0.0365202341,0.2425932125,3.1931076081,0.3365359511,0.03345,0.0106464783,0.0515723844,3.387094195,0.1653527816,0.4265368852,0.0771096374,0.8192246783,2.5271418273,-0.4782727853,0.096147541,0.0649094163,0.9088454742,2.5628701417,0.7675930112,0.4773155738,0.0359739603,0.0548678304,2.5794680672,0.1274323443,0.0440163934,0.0125145709,0.2128528332,3.7490517088,0.5624784451,0.4970649208,0.3019218178,0.0004315307,0.0002799022,0.9547315596,0.040177939,2.4300899939,0.6638290939,0.0663411096,0.4524148972,-1.2356e-06,4.9069e-06,9.2715e-06,5.8703e-06,0.0443260717,0.1299395619,2.7887843414,0.2655259926,0.0784387576,0.1622591025,0.49616,0.0129308507,0.036402466,0.0024815262,0.0440279853,0.1142693276,2.8521706458,0.3390012749,-0.0137166511,0.1612979087,0.4584596461,0.3154617525,0.0190997478,0.0122199533,0.9952838793,0.0022411019,2.1518190136,0.1465198124,0.5974644139,0.1261939213,-0.0001156738,7.54361e-05,4.46963e-05,2.88257e-05,0.9649979658,0.0075795646,2.7056902494,0.352825658,0.8320028355,0.1693411283,0.1538398268,0.0201193741,0.1280423259,0.0061949921,0.9547167072,0.0068067394,2.9585081099,0.2778924853,0.9755939248,0.1475071773,-3.635181213135165,-1.5823794108056322,-0.5892572712925583,4
54,580.4255917624478,21699,30,37.38463690774132,0.2676,0.0316660702,0.2817536194,2.5631355017,0.1149047629,0.28115,0.0395275537,0.4527555756,3.2937649502,0.0242775269,0.45125,0.0346509379,0.1502427915,3.5926973062,0.1210605706,0.03605,0.0095208981,0.0003486319,2.6901986659,0.1414209735,0.3936940299,0.0999214787,0.8843965679,1.8663108362,-0.0234474892,0.1134328358,0.0738655947,0.8443972035,2.2970846989,0.5841415101,0.4928731343,0.043654755,0.4261702869,2.6665418088,-0.390891189,0.0436567164,0.0117206951,0.1291156856,3.9523254567,0.7381319038,0.499249812,0.3031920843,0.0009746881,0.0007223743,0.9438839927,0.040999835,2.4522642225,0.5433461082,0.0087076326,0.4469530395,-6.7074e-06,1.83479e-05,1.94681e-05,1.1991e-05,0.1357782758,0.103046931,2.827964584,0.4361635968,0.0475437747,0.2356095111,0.4939125,0.0249995544,0.0367998247,0.0028635687,0.0898269983,0.1064117952,2.7870123093,0.3631616258,0.0931412452,0.1868159445,0.4490019888,0.289805893,0.0221734253,0.0137904686,0.9925449497,0.0036606521,2.0748408825,0.199129895,0.5370344954,0.1828602354,-0.0002356058,0.000140756,0.0001043321,6.51772e-05,0.9648472977,0.0112913371,2.3594576387,0.2093109123,0.6594463344,0.1339194428,0.1693012501,0.0510043779,0.1346616053,0.0106038565,0.9564190577,0.0114922274,2.6831326962,0.2487361947,0.8700213697,0.1662906075,-2.695892224355158,0.2931064543853797,0.1709723925896329,4
55,700.3289558677286,25610,16,36.56852938240779,0.26665,0.032031664,0.1892609593,3.3890970687,-0.1495366864,0.2902,0.0324416399,-0.0520732455,2.9128568249,0.1554032714,0.44315,0.0350118194,-0.1101889784,2.8425966197,-0.2478322372,0.0351,0.0087172243,0.0327003983,3.1610741372,0.252410142,0.4580941704,0.1186341367,0.9269686421,1.9465498909,-0.1856578165,0.0832959641,0.0647659625,0.8954892132,3.1379054506,0.9307386215,0.4586098655,0.0655254395,0.7229254835,2.3083406221,-0.221532243,0.0425336323,0.0116360153,0.2316823386,3.243580941,0.4952592908,0.4966118973,0.3008343549,0.0008501274,0.0005914579,0.953815159,0.0491930914,2.2417367068,0.5218843441,-0.1629787375,0.4078754827,-1.4323e-06,1.27442e-05,1.52865e-05,9.5494e-06,0.0894347848,0.178619865,2.7685307293,0.3392597604,0.0759811469,0.2041784834,0.50074,0.0177257976,0.0369295111,0.0037161419,0.036393822,0.1616709135,2.7493632074,0.3728908828,0.0043385559,0.2226846336,0.4503878442,0.2961945311,0.0214917698,0.0130741942,0.9925361074,0.0043264103,2.1734576158,0.1267129352,0.6150266977,0.1419825468,-0.0001822903,0.0001055431,8.30379e-05,5.00619e-05,0.9672924222,0.011388801,2.2996022486,0.211590303,0.641426218,0.1547812853,0.1759875306,0.0435206274,0.1385966872,0.0109065048,0.9605720119,0.0125111113,2.5052621156,0.2374707493,0.8002121577,0.198763443,-2.409852257226951,0.432797578079533,-0.6895848311986206,4
56,939.7670611487354,33074,30,35.19382766998835,0.25885,0.029015987,0.0384588749,2.8005390187,0.1211624483,0.23585,0.0315915732,-0.0825856982,2.5783475647,0.1999148086,0.5053,0.0307312544,-0.0469725664,2.5069400318,0.0477210688,0.03635,0.0092697087,0.1597122571,3.0079197783,0.3933135521,0.4337540984,0.1133444852,0.899775834,1.9899962768,0.0285674325,0.0962295082,0.0767274062,0.9240092185,2.5279715343,0.7523307414,0.4700163934,0.0549761474,0.5400343707,2.8957522547,-0.4341241679,0.0439180328,0.0120372306,0.1543119793,2.7133549319,0.405729729,0.4971918372,0.30276286,0.0005196268,0.000362229,0.942676992,0.0392616709,2.6539984191,0.6803170324,0.0596640626,0.5951112476,2.068e-07,6.565e-06,1.0736e-05,6.3242e-06,0.0455927282,0.1072154046,3.029553151,0.3617028441,0.0189415922,0.2102110258,0.4959975,0.0147508345,0.0358136694,0.0024771871,0.0550746087,0.0910264042,2.9215523237,0.3220611413,-0.004182872,0.2570307978,0.4613729107,0.3129763993,0.0176744832,0.0124200405,0.9934637333,0.0038571178,2.1448346597,0.3099955145,0.5351602565,0.2464489143,-0.0001173617,8.13164e-05,5.32508e-05,3.54156e-05,0.889375064,0.2108531773,2.3258544538,0.3952302452,0.5671672456,0.2659122122,0.203130206,0.0989395973,0.1274452893,0.0343356839,0.8403215484,0.3283177159,2.5554949443,0.3730650412,0.675993328,0.3411702301,-4.1434440312797225,-1.9221299423887357,7.111536672493451,4
57,419.9072269901306,15366,60,36.59379742078399,0.253,0.0295127091,-0.0256336039,3.6047972625,-0.0661724297,0.2402,0.0309347701,-0.0597939558,3.152113499,0.0750191087,0.5068,0.0365754016,0.1208930618,3.1938705532,0.145624233,0.03485,0.0092318741,-0.0790129657,2.4059973369,0.1202397069,0.3705095541,0.0912094683,0.8586768861,2.0211611758,0.077622477,0.1294585987,0.0812081928,0.9042806495,2.16007861,0.5201345525,0.5000318471,0.0388222177,0.1520710809,3.1352290237,-0.3252650271,0.0406369427,0.0113811515,0.0636517939,4.2422898551,0.7046871508,0.4973491122,0.3024373132,0.0009442581,0.000652215,0.9439270557,0.0576545538,2.3456850939,0.5557509607,-0.1157042896,0.4009185674,-3.1906e-06,1.31401e-05,1.85774e-05,1.16709e-05,0.0571864261,0.1389844012,2.8256842027,0.275206134,0.1178943516,0.2248024745,0.49468,0.018907197,0.0364001356,0.0026401954,0.0435311797,0.1160200189,2.8430563209,0.3280218719,0.0652489412,0.1600721014,0.453414903,0.291469234,0.0213771147,0.0127735034,0.9921397286,0.0032639228,2.1238942636,0.1260654193,0.5591587083,0.1427303222,-0.0002229926,0.0001331498,0.0001000546,5.92872e-05,0.9676708867,0.0121877027,2.1592048441,0.1036727151,0.5488897599,0.1237493928,0.1747289991,0.0433093843,0.1377709813,0.0133121523,0.9556109378,0.0244626615,2.436120768,0.2010453724,0.7567107683,0.1931792164,-4.701851050087778,1.839281016967748,0.8524992702404368,4
60,636.6781372655578,22482,72,35.31140569166863,0.24475,0.0314751886,-0.0838707495,3.4250867272,-0.2815950665,0.2703,0.0317239657,-0.029116096,2.524775624,0.0423369126,0.48495,0.0388039624,-0.0038630419,2.8363443218,-0.1152747998,0.0339,0.0087629904,-0.1454921781,2.6989462978,0.3711313386,0.4201737452,0.0937448517,0.874010888,2.1169706053,-0.0777343944,0.0969305019,0.0723431534,0.9080713897,2.5983605197,0.7702305434,0.4828957529,0.0428825362,0.3332495254,3.1789244712,-0.2919034477,0.0402509653,0.0127583249,0.3009994582,2.6046473533,0.2396095638,0.4968547418,0.3016363759,0.0005346852,0.0003347292,0.9333029592,0.0558219052,2.1690400523,0.500831822,-0.0083209051,0.3388161156,-8.235e-07,6.9919e-06,1.12086e-05,6.8823e-06,0.0255811725,0.0941981014,2.8852253113,0.3982141327,0.0768272579,0.1806085322,0.49754,0.0151168499,0.0362917073,0.0030807838,0.0025746287,0.0925344193,2.9421808411,0.7003864338,-0.0451824032,0.222843857,0.4568889274,0.3111550021,0.0193677203,0.0132515213,0.994838145,0.0024869293,2.042255804,0.1036518233,0.4806795585,0.184165898,-0.0001225159,8.29576e-05,5.89971e-05,3.82406e-05,0.9331707222,0.1059895731,2.1267013213,0.1060705029,0.4573284096,0.2845525439,0.2056106048,0.0929105991,0.1343487373,0.0298211232,0.908600799,0.1464406094,2.3860380115,0.1286714843,0.6348721415,0.3523163635,-4.9845961027370125,-0.5480297402272087,5.404850934230058,4
62,683.2322443825236,24828,32,36.33903435344814,0.24125,0.0305563005,0.0818814455,3.3722658816,0.1114779095,0.26165,0.0298081784,0.0189156988,2.4941398688,-0.1754346041,0.4971,0.0376309713,0.0119277369,2.4466927372,-0.1328257045,0.0347,0.0100702532,0.0484088706,2.7657836068,0.0086131904,0.4196542553,0.1069002947,0.8959963299,1.9045931674,-0.2648520985,0.096037234,0.0788623477,0.9404569213,2.4944505249,0.7663696248,0.4843085106,0.046317022,0.4304994338,2.5448480417,0.0838841425,0.0428723404,0.0119948872,0.0258585528,2.880625585,-0.0455740181,0.4971466004,0.3017791559,0.0008284287,0.0005246453,0.9322543248,0.0544785861,2.3560273924,0.5327374778,0.0570218754,0.420154762,2.781e-07,1.44252e-05,1.91983e-05,1.22016e-05,0.0521129047,0.1062999072,2.843461825,0.3524716503,0.0429425385,0.1622442853,0.50658,0.022183566,0.0369414115,0.0029325956,0.0387075095,0.0871214534,2.8409332238,0.277878397,0.058130771,0.1769663603,0.457053075,0.2947247035,0.0201484065,0.0123223011,0.9902463674,0.0038508533,2.3088619701,0.2001102976,0.7068938815,0.1966931114,-0.000234241,0.0001442626,9.8821e-05,5.92765e-05,0.9557571435,0.0391167809,2.3357975909,0.2374091622,0.6936444335,0.1745868362,0.1750674889,0.0548507782,0.1360736328,0.0236055192,0.9357540394,0.0823948636,2.5047215342,0.2168573066,0.8369157643,0.1653231024,-3.319474973277398,0.3652964108017878,1.5362529529276623,4
63,873.0892683502341,31528,63,36.11085503269838,0.24885,0.031826522,-0.1365078723,2.8335337702,-0.1397461051,0.2397,0.0307312544,0.1127668894,2.3271977311,0.1535854578,0.51145,0.0374185449,-0.1089626466,2.6093481656,0.0149367744,0.0341,0.0099342841,-0.0889559791,3.1450713127,0.2266306763,0.4326122449,0.0938622126,0.8555021859,2.1795754475,-0.066857448,0.0753469388,0.0536426388,0.8908956506,2.8908109045,0.8810620067,0.4920408163,0.0539322928,0.4950417051,2.7591949984,-0.2762317333,0.0416938776,0.0115479552,0.1494932695,4.5954969289,0.6815801554,0.4973068522,0.3024449947,0.0006204852,0.0004866266,0.9473118463,0.0391634186,2.3442066434,0.5618039424,-0.2632121483,0.3768029958,-7.679e-07,8.4089e-06,1.13532e-05,6.9056e-06,0.0576135005,0.105127049,2.8929377342,0.5408406839,0.0023312057,0.1848000853,0.495595,0.0194241789,0.0363274553,0.0031919028,0.0371876686,0.1215710556,2.9027763771,0.502989415,-0.0084042068,0.2292002708,0.4437683801,0.2983083342,0.024430739,0.0158354205,0.9944529134,0.0030071692,2.1793303895,0.2136072341,0.6153510992,0.1448751292,-0.0001406267,8.41798e-05,7.00054e-05,4.40628e-05,0.9713242798,0.0076952653,2.0678290918,0.3765190074,0.473197836,0.2215218317,0.1864848449,0.0208301546,0.1488256698,0.0034129335,0.9658597295,0.0017576863,2.0990235276,0.2786085685,0.580184553,0.184602113,-4.463905378646824,1.1764377733165636,0.5173834516495387,4
64,683.3845402729643,24541,57,35.910967476960465,0.2781,0.0332323637,0.1022307251,3.2555900438,-0.0165693,0.2366,0.0296637826,0.1061556573,3.3217042862,0.0564965247,0.4853,0.0322553871,0.0823814029,3.018874207,0.3833150625,0.03655,0.0101659972,-0.0461921438,4.7384574939,1.0536152862,0.3865656566,0.0883766231,0.8443053905,2.1877859322,0.1799795447,0.1028030303,0.0704842313,0.9091509348,2.4409085226,0.7110737268,0.5106313131,0.0441500018,0.4107650316,2.8320532514,-0.2799599526,0.0462373737,0.0107946497,0.264190097,2.9124116862,0.0706855178,0.4991657927,0.3035096075,0.0007122584,0.0005201639,0.9379773762,0.0714806347,2.4879156428,0.6298914182,0.1358182145,0.5460727544,-1.8808e-06,1.02811e-05,1.55241e-05,9.2362e-06,0.0511387876,0.099541025,2.7170625869,0.1689588015,-0.0253623808,0.150487753,0.49829,0.0177733129,0.0349714661,0.0024963598,0.036431285,0.0966782688,2.9957796239,0.3821541336,0.0055616438,0.1421025538,0.448387844,0.2931763846,0.0255300116,0.0154554118,0.9932967772,0.0041796666,2.1105686851,0.1692850515,0.5668953781,0.1401841434,-0.000200322,0.0001170212,9.4206e-05,5.6895e-05,0.968448202,0.0137416884,2.1975298651,0.2171993933,0.5864453233,0.1477983678,0.1802282436,0.0263730379,0.1412817962,0.0088376336,0.9588212268,0.0085152818,2.3462444936,0.181500237,0.7211344542,0.1548697355,-4.844782569862788,2.025917748368613,0.6178217250485207,4
65,493.4457447839128,18579,28,37.65155581215118,0.2784,0.0362758873,0.2713921402,2.8279485007,-0.21124945,0.2445,0.0357386346,0.4499380618,2.7268769251,0.0522157222,0.4771,0.0327504198,0.0311575657,2.5588916043,0.1069217231,0.0328,0.0107312627,-0.0141495325,3.7949166818,0.682307545,0.4386387435,0.1043239536,0.8995867977,2.2489214578,-0.4650384989,0.1007329843,0.0685182508,0.901827247,3.41652415,0.9870523296,0.4606282723,0.0506411566,0.4945309916,2.3766983024,0.2830031225,0.0389528796,0.0126864267,0.0869300351,3.5596219189,0.537289639,0.5016218337,0.3042309138,0.0005094821,0.0003254447,0.9391656332,0.0379349113,2.2297758617,0.4930358257,0.0093704821,0.3500541288,6.465e-07,1.01541e-05,1.34458e-05,8.3556e-06,0.2099252584,0.179529227,2.9573009164,0.3930224837,0.0084736315,0.2500390183,0.50041,0.0168471407,0.0385279862,0.0030983917,0.1528709335,0.1738307189,2.9427493756,0.3513722967,0.0913717433,0.1786941109,0.455186588,0.3025650346,0.0202156185,0.0125123705,0.9944131283,0.0036966201,2.0576421715,0.0757195085,0.5024282452,0.1160078821,-0.0001726303,0.0001035156,6.26881e-05,3.98502e-05,0.9562193109,0.0124876099,2.9810661752,0.3071524988,0.8743527627,0.108758104,0.1482092413,0.0329696782,0.1225964797,0.0085775797,0.9481016337,0.0120456144,3.3873688529,0.3736237889,1.0838975809,0.1187650141,-1.57641817705473,-2.5464572132985306,-2.0343536298039164,4
66,427.68342241536095,15579,48,36.42647618188452,0.2196,0.0263787794,0.3055272991,3.5590105507,0.670514694,0.265,0.0364142829,0.1083597464,2.7981528497,-0.2704236986,0.5154,0.0348043101,-0.0459171794,3.7376438225,0.1399157631,0.04185,0.0100909613,0.0707831427,2.4524121145,0.1676588671,0.4525301205,0.1102020966,0.9064429313,2.2010021866,-0.2456215319,0.0746686747,0.066098538,0.9101901328,3.4627393263,1.1399369684,0.4728012048,0.0575070682,0.6640571225,2.2360638516,-0.2747127857,0.0486144578,0.0113491482,0.0800008044,3.6218892811,0.0754789978,0.4993458606,0.3030661878,0.001087939,0.0008153266,0.959884781,0.0235674333,2.2073782886,0.5429660115,0.1744626475,0.3372679747,-1.1603e-06,1.51606e-05,2.25339e-05,1.43738e-05,0.1116238577,0.13917684,2.8714701066,0.3295011477,0.0353998263,0.2342823855,0.4959925,0.0194989376,0.0362661892,0.0018594078,0.0526237293,0.0850824317,3.0163409614,0.6129026611,0.0307652018,0.2685403838,0.449507262,0.2863736986,0.0216286819,0.0129741466,0.9903311422,0.0029052111,2.2234766784,0.1470690583,0.6340277045,0.1448492108,-0.0002990443,0.0001782363,0.0001199146,7.11238e-05,0.9600781693,0.0149829273,2.5454751132,0.2013313473,0.7483059827,0.1584502344,0.165078137,0.040158886,0.1360510218,0.0132105983,0.9532095745,0.0236206928,2.6421269541,0.2616562728,0.8554901289,0.213853137,-2.7139830343478017,-0.11177479193359574,-1.3441622785897507,4
67,424.27085949228695,15511,10,36.55919244268056,0.2315,0.0255685354,0.1556684817,3.4177894117,0.2509507685,0.23455,0.0303652351,0.1179866757,3.2462822045,-0.3167667283,0.53395,0.0360852809,0.1296928423,3.8573043222,0.0698401128,0.03595,0.0100919522,-0.1326550154,2.6731591257,0.0609309266,0.3904568528,0.0964670029,0.8695365861,2.1033180151,-0.1169478383,0.0921827411,0.0788193791,0.9132731297,2.8230799708,0.9567671455,0.5173604061,0.0451465415,0.341011226,2.7666121956,-0.1295826461,0.0442893401,0.0128739511,0.385897414,2.5921717259,0.3537149856,0.4947307421,0.3012288459,0.0008852311,0.0007439848,0.9436344726,0.0493753671,2.4035577314,0.6683173995,0.1503036995,0.501549981,-8.214e-07,1.29354e-05,1.64923e-05,1.03257e-05,0.089943045,0.1205435804,2.9045728542,0.3328514885,0.0677675491,0.1801303031,0.4897,0.0214977848,0.0377563895,0.0027991614,0.0566735753,0.1383137721,2.9626703132,0.5368495483,-0.0399370751,0.1611327144,0.4562140955,0.2931016602,0.0220183437,0.0135286397,0.9924603366,0.0037603264,2.1098380373,0.1240161366,0.581814038,0.1323248889,-0.0002028809,0.0001250295,9.45585e-05,5.83842e-05,0.9692078934,0.0124883553,2.2008542423,0.2192874833,0.60421242,0.1481129391,0.1730068623,0.0249078402,0.1464347601,0.013846449,0.9585827984,0.018003134,2.4585091886,0.2897175411,0.789328172,0.1898332504,-3.851009619364053,1.5767388053192954,-0.10915200146084846,4
68,441.44179743102166,16177,45,36.64582759073186,0.22525,0.0300197851,0.0389182072,3.0331239228,0.076712706,0.27575,0.0323911639,0.1056569725,3.5039439894,-0.1357929864,0.499,0.0370540146,-0.0580908321,3.1971822618,0.43459321,0.04085,0.0102969656,0.1885095199,2.9275209657,0.4170010967,0.4258908046,0.0978530133,0.8597522232,1.9824865712,-0.0169597258,0.0922988506,0.0742986541,0.915077865,2.7837706617,0.8646650231,0.4818103448,0.0472706041,0.4041212917,2.3644302058,-0.0610624727,0.0459482759,0.0130027704,0.2391065645,3.7948690997,0.3758889698,0.497873518,0.3018529162,0.0008681461,0.0006258471,0.9434112326,0.0397334591,2.4915097111,0.5506536482,0.0660998312,0.5314429097,3.3696e-06,1.58125e-05,1.75708e-05,1.09034e-05,0.1606531556,0.1506265447,2.8148967421,0.2922706922,0.0435550041,0.1706076382,0.5053075,0.0211334999,0.0374945202,0.0036849806,0.1398729763,0.1398236003,2.9405933314,0.3060697628,-0.013313084,0.2401632171,0.465746158,0.2943254664,0.0152882975,0.0093021261,0.990288024,0.0029332527,2.20284337,0.16419805,0.6286762332,0.1396106745,-0.0001852686,0.0001118148,7.87318e-05,4.76765e-05,0.9601419406,0.008754394,2.24088633,0.1726033737,0.6030399171,0.1463939115,0.1751711715,0.0343477373,0.1387150793,0.0082301554,0.9541217171,0.0120652299,2.4060736595,0.2561174434,0.7517471118,0.2112807974,-3.53267934891663,0.7086937272814766,-0.6108503627391642,4
69,256.94738660459547,9664,42,37.61081257802978,0.27635,0.0308857168,-0.0196931835,2.9180882498,0.0137591862,0.23245,0.0280846488,-0.0345250312,3.5489865899,-0.4353278417,0.4912,0.0351220728,0.0824744671,3.3100588653,0.470625951,0.038,0.0109772492,-0.0974085493,2.6692033539,-0.1485531907,0.4163888889,0.1059343142,0.8834653687,1.9933295362,0.0121116602,0.078531746,0.0601356517,0.9110695247,2.632337919,0.8452084896,0.5050793651,0.0592110301,0.5945521147,2.4891051989,-0.4024605131,0.0450793651,0.0115295364,-0.0735466406,3.53816468,0.4156273007,0.4990754191,0.3027214646,0.0012318188,0.0008798095,0.9552510491,0.0335910773,2.4540310506,0.6426651798,-0.1669037959,0.4266318661,-1.2572e-06,2.21376e-05,2.41451e-05,1.46005e-05,0.1005784114,0.1394016066,2.7368818144,0.235864821,-0.0319607724,0.2211775162,0.4975375,0.0185348043,0.0367450988,0.0027852,0.0989516703,0.1242780235,2.8353852124,0.4526902187,0.0006793792,0.236299113,0.4440366759,0.2781511873,0.0235946539,0.0143476213,0.9899914142,0.0046840966,2.1063075387,0.1694017716,0.5528554378,0.12571266,-0.0002948853,0.0001757313,0.0001431921,8.72526e-05,0.970209569,0.0085228512,2.1481620729,0.1729042498,0.5476030434,0.1145277128,0.1780704673,0.0358788954,0.1458203387,0.0110864074,0.9587183094,0.0093736717,2.3765100097,0.2473120794,0.7394951134,0.1586587863,-3.3087101417583855,2.289003732770843,-0.9579993733405194,4
70,989.384299491617,37188,9,37.587012467358335,0.2559,0.0319404133,0.0630539517,2.8081944773,0.1601108342,0.25175,0.0332067388,0.0842970278,2.4301316645,-0.0171566392,0.49235,0.0368269942,-0.0592537666,2.3933551723,-0.1570329144,0.0366,0.0080585358,-0.3061439828,2.6471662881,0.1178855091,0.475310219,0.1251269229,0.9346120568,1.9170365333,-0.2699829063,0.0852007299,0.0628218417,0.9012555742,2.6732201881,0.8103604021,0.4394890511,0.0710461058,0.7872393789,1.9972875249,-0.0470109896,0.0412043796,0.0124032835,0.2467463679,3.0888475947,0.3576081486,0.4980262624,0.303253599,0.0005927268,0.0003929722,0.9559238175,0.0346278836,2.131532465,0.3729452496,-0.0421660399,0.4239184998,-8.443e-07,6.6337e-06,1.21856e-05,7.492e-06,0.1330917796,0.1518079459,2.8732469509,0.4611578075,0.0168143981,0.2234763116,0.49759,0.0173281173,0.0393114054,0.0036113236,0.1106270172,0.128414378,2.8844753088,0.3241106554,-0.0121745336,0.2666494484,0.4506083551,0.3047249255,0.0223169097,0.0137877518,0.9948855512,0.0029571668,2.1108102347,0.1677173937,0.5582703565,0.1443547037,-0.0001372498,8.34968e-05,5.97331e-05,3.68307e-05,0.9633495096,0.0158861277,2.347079373,0.2495222977,0.6487857053,0.1990862542,0.1728078029,0.0335020043,0.1337667373,0.006928438,0.9546997561,0.0105210731,2.5195679519,0.2938312898,0.7871128217,0.234313689,-3.14665794678256,-0.44278007342358233,-0.13811801596545414,4
75,174.57437814345852,6491,24,37.18185949753718,0.21355,0.0289248596,0.1858400533,2.4148538384,-0.3573891076,0.23025,0.0336925437,0.3910368135,4.4336905134,0.5334315027,0.5562,0.0315920876,-0.050484833,2.5724684551,-0.1687158009,0.03895,0.0099823594,-0.0964601084,2.8183155786,0.1319945558,0.3977848101,0.0768227733,0.7888673178,2.2376258662,-0.0518348852,0.0786708861,0.0563763847,0.8539410407,2.322628483,0.6182476134,0.5235443038,0.0419927051,0.0831951346,3.6273073433,-0.0569689297,0.0453797468,0.0122156818,0.2558734668,2.387318582,-0.2391179152,0.4911014779,0.2998408312,0.0014967067,0.0008749652,0.9441837874,0.0318532993,2.3280148054,0.51760383,-0.0841241928,0.4100115407,1.8676e-06,2.55488e-05,3.4728e-05,2.03583e-05,0.1680008739,0.2139749097,2.9327418587,0.5155343278,-0.0086183326,0.2768408658,0.496765,0.0189742859,0.0380055952,0.0066227625,0.1185849939,0.1940522166,2.941572505,0.4945646461,0.0944641891,0.2708472326,0.4492815857,0.2764280332,0.0224038517,0.0128546704,0.9866077433,0.0036592591,2.1036985961,0.1173171632,0.5552536849,0.1284282733,-0.0004121827,0.0002474934,0.0001906887,0.0001097098,0.9638075028,0.016003165,2.1586897783,0.1245609779,0.5556800654,0.1173992096,0.1762867131,0.0385257414,0.1454360579,0.0156755297,0.9520215592,0.0241873345,2.3876008803,0.2124387173,0.7617609926,0.1433597301,-2.5806620623205516,1.7160524354310198,-0.4306553526520992,4
77,429.6865817966724,16206,48,37.715862413568864,0.2387,0.030988869,0.1799762344,2.7427889975,0.0152023658,0.24825,0.0291579749,0.221209952,2.9997668524,0.176992285,0.51305,0.0333533731,0.1751228977,3.5008507412,0.5069950768,0.04045,0.0110248583,0.0295900853,2.5910948313,0.2552675583,0.3523360656,0.0761043945,0.7774504053,2.0377544434,-0.2286470066,0.0980737705,0.067321247,0.9267856056,2.0778841173,0.4964122674,0.5495901639,0.0349155314,0.0054020282,2.7242818265,-0.0522586232,0.0476229508,0.0141452233,0.1524616783,3.099003671,0.4965753976,0.4954661617,0.3004577722,0.0009719288,0.0006038467,0.945875266,0.0278959849,2.4523946391,0.439801145,0.0789783609,0.4891821635,-1.997e-06,1.65774e-05,2.13515e-05,1.24496e-05,0.0431906807,0.1201997861,2.9190994817,0.3656611857,-0.0744166471,0.2759789862,0.49634,0.0232197631,0.0371807708,0.0024108677,0.0162599387,0.1242719222,2.7063477193,0.2786910108,0.0301693642,0.1679359458,0.4509998277,0.2874064924,0.019742047,0.0116723741,0.9892460088,0.0039503125,2.3090510623,0.183061557,0.7307264113,0.1773264094,-0.0002587707,0.000150998,0.000109352,6.50151e-05,0.9646265094,0.0080390802,2.4087807706,0.1723229527,0.745835805,0.1691927146,0.1651458216,0.0423750774,0.1362064931,0.0090719352,0.9563058617,0.0120499951,2.6793797319,0.2352965871,0.8914723304,0.1974804254,-3.944127006623052,0.7495993762694511,-0.05020566679831923,4
78,681.6914623087952,24544,27,36.00455830394714,0.28565,0.0360531205,0.3674273916,3.5548620403,0.1808749149,0.20125,0.0360511789,0.4242206089,2.8478286848,0.5240706231,0.5131,0.0363440504,0.2399041213,2.3601754683,0.1111502152,0.03635,0.0099210635,-0.0092290589,2.9553416336,0.5301130044,0.4594217687,0.1212092094,0.9227580362,2.0590382336,-0.1339415194,0.0905442177,0.0711186831,0.9178726077,2.9445085474,0.9300764358,0.4500340136,0.0622030267,0.7384086046,2.2495349293,-0.3568636518,0.0401020408,0.0116126454,0.140654453,2.9075415755,0.1251349667,0.4975683164,0.3025680685,0.0010889289,0.000777499,0.9505329096,0.0241743306,2.709278775,1.4725232776,-0.0600663967,0.6882313571,-2.3803e-06,1.10642e-05,2.25399e-05,1.35999e-05,0.0171946611,0.1573317191,2.9739375955,0.5270175236,-0.0058019514,0.238820465,0.495145,0.0195838639,0.0367484364,0.0021687944,0.0268433435,0.1334338202,2.9105427554,0.3304129233,-0.0501532832,0.2851360241,0.4448810893,0.2769972491,0.0248486258,0.0156540865,0.9902419321,0.0043720342,2.1612505843,0.2891164758,0.6222600522,0.1654345726,-0.0003280232,0.0002081855,0.0001523083,9.52268e-05,0.9711761101,0.0080864962,2.1803317703,0.313995995,0.6107029814,0.1771585061,0.1636349207,0.016314799,0.1483624153,0.0049157426,0.9616804632,0.0051983645,2.4224108532,0.206070929,0.8120964884,0.1264530676,-1.7879517974054469,1.5038238553981826,-1.4541632032769882,4
83,481.3836487227762,18185,55,37.77652200744473,0.2547,0.0287647354,0.1512652685,2.8506434311,0.2260354657,0.24445,0.0317560624,0.3260977108,2.340790905,-0.0114645754,0.50085,0.0335041415,0.1488232992,3.2606690758,0.3081201861,0.03585,0.0097738171,-0.1106890624,3.0215514648,0.1869408528,0.412398374,0.1146448202,0.8852203311,1.9790594782,-0.2245236166,0.0943902439,0.0848985175,0.9343334968,2.9095661632,1.0034046119,0.4932113821,0.0511419596,0.4191384409,2.5055672947,-0.3134555932,0.0453455285,0.0132817544,0.2222166723,2.7540803528,0.3251063445,0.4964873847,0.3017013896,0.0005344387,0.0003889596,0.9357490104,0.0628458567,2.4986557977,0.6865799641,-0.1150841951,0.5808376038,-1.1039e-06,9.0263e-06,1.11526e-05,6.7936e-06,0.0753274854,0.0755313917,2.931732524,0.4582195332,0.0043644281,0.2381874383,0.49925,0.0190537595,0.0354644395,0.0021772192,0.0467185484,0.0847941467,2.9820160595,0.4690963681,0.0574132089,0.2282325173,0.4580622671,0.3020233007,0.020194644,0.0124759548,0.9946346519,0.0027818736,2.0617255156,0.1449048126,0.513662834,0.1195244712,-0.0001493538,9.22277e-05,6.39742e-05,4.00898e-05,0.9681292772,0.0061334924,2.3644568292,0.2737125411,0.6420630191,0.147644956,0.1602082712,0.0252977795,0.1319368265,0.0077015218,0.9585771128,0.0082973558,2.6449664619,0.377323264,0.8420173534,0.1940379472,-3.660042883280073,-0.006535413335508692,-0.4822356514868802,4
84,350.0131382478245,12557,55,35.87579615685483,0.2822,0.0323984568,0.1503816072,3.4726140119,0.1687603891,0.24735,0.0324534667,0.1939102323,3.5714450095,0.5718260092,0.47045,0.0346777667,0.1131475739,2.8411735034,0.1219428568,0.03585,0.0100760855,0.0355706696,3.7138928017,0.4049275082,0.41408,0.0926248001,0.8273811099,2.2470448281,-0.2424974003,0.08048,0.061762202,0.9095134951,2.7296289074,0.7930386597,0.50544,0.0442990564,0.370693799,3.1922636335,-0.1931085957,0.04804,0.0137097921,0.3711433667,3.0730291247,0.2730928477,0.4983742435,0.3020492987,0.0010167127,0.0008439432,0.945822954,0.0441347105,2.2779173342,0.5670199791,0.2073877596,0.4548284991,-9.6035e-06,2.42322e-05,2.146e-05,1.31727e-05,0.1612580813,0.1550446804,3.0148494017,0.5012102994,-0.0627208161,0.2680737246,0.488545,0.0256843284,0.0371385783,0.0020492073,0.1216552952,0.1420338102,2.9943738064,0.4183997349,-0.0021631695,0.2140683173,0.4546661419,0.2844600483,0.0203085372,0.0120940108,0.9910643098,0.004291852,2.0382743552,0.1824278653,0.5127749021,0.1473553456,-0.000292262,0.0001753148,0.0001151512,6.89224e-05,0.9615036453,0.0063033565,2.6736972581,0.2772112451,0.8136690831,0.1525373775,0.1584526761,0.0322988315,0.1311551222,0.0096285885,0.9510045915,0.0110544421,2.9451632344,0.3332702779,0.9681289595,0.1632630995,-2.492529918607956,-0.9843232417259438,-0.9720509347788336,4
85,507.061485708436,19180,8,37.82578748453524,0.26995,0.0321830312,-0.0824759037,2.9485933921,0.1864224681,0.239,0.0302324329,-0.0647271852,2.8481486624,0.0858773124,0.49105,0.0393655624,-0.0365559798,2.6154023811,0.0852617817,0.0372,0.0109617517,0.0432339343,2.6869773945,-0.2552483813,0.4477,0.099085199,0.8711077769,2.0476334432,-0.2117759637,0.0909,0.0681959676,0.8930659381,3.1332689163,0.9851544273,0.4614,0.049339369,0.4153039226,2.2760481159,-0.0627098838,0.0393666667,0.0124806072,0.2660748509,2.8526154606,0.3113992236,0.4987371775,0.3027640432,0.0010294907,0.0008969526,0.9330053474,0.0368047368,2.5627683025,0.6091933873,0.0472218159,0.552562075,-2.518e-06,1.89269e-05,2.11764e-05,1.31695e-05,0.0350420159,0.0994380949,2.6977706889,0.2908712571,-0.0193089197,0.1813911027,0.4954925,0.0198253958,0.035978153,0.0020177041,0.0388243122,0.087468919,2.9524051462,0.4109408061,-0.0396581424,0.2335504351,0.440673134,0.280507124,0.0262092638,0.0163451323,0.9913564802,0.0047338397,2.1827653717,0.27880468,0.6252993012,0.1600139522,-0.0002800217,0.0001682543,0.0001277424,7.99065e-05,0.9713428204,0.0135248222,2.290354929,0.3101798259,0.6450279539,0.181554469,0.162218707,0.0192692207,0.1435609241,0.0065765531,0.9629164301,0.0073910501,2.5645658153,0.3184408095,0.8533415664,0.1708739559,-2.5492873387941373,1.3734179112425078,-0.3616883813322748,4
86,571.5451273470478,21152,52,37.00845128044684,0.2373,0.0305975489,0.1523021059,2.8828853353,-0.1296708387,0.28405,0.0387794727,0.2473801393,2.5642992859,0.1827994316,0.47865,0.0391909109,0.2912042866,2.6176509099,0.1049386151,0.0329,0.0094387499,0.0084926954,4.4976740979,0.8122600043,0.3904932735,0.0796023114,0.8256259066,1.9973213164,-0.2335742557,0.0925560538,0.0644289524,0.9039568135,2.5171574301,0.7696815718,0.5169506726,0.0352363231,0.1581969452,3.1037297597,0.0076038287,0.0447982063,0.0124320429,0.0986506491,3.3890732442,0.5921881804,0.4959795868,0.3020633058,0.0006299719,0.0004237831,0.9526567303,0.0353620567,2.2898993935,0.6251207233,0.12745225,0.4847439148,-2.7722e-06,7.1196e-06,1.30918e-05,7.9115e-06,0.1758531321,0.1203341285,2.7898516406,0.3681254859,-0.0333342637,0.2083449654,0.49152,0.0138794759,0.0368367191,0.0026983098,0.102113133,0.1087189155,2.9758086876,0.5688328122,0.0441786171,0.2200714876,0.4597229165,0.3149089377,0.0162332905,0.0106797556,0.9930373089,0.001344291,2.6915860173,0.2321253842,0.9073177083,0.1212897981,-0.0001837613,0.0001234919,5.01576e-05,3.34596e-05,0.9373616973,0.0135801081,4.3751710825,0.8314769652,1.3285181438,0.2236814968,0.1318875504,0.0122995928,0.1166485993,0.0118982666,0.9525263864,0.0092105302,3.8212143363,0.3891412753,1.2318371703,0.1051896768,-1.5368362265355273,-4.989061323379725,-2.0443135776414163,4
89,531.7168575060485,19454,8,36.58714168147039,0.24465,0.0305634995,0.1300764642,2.9605986029,0.3416657299,0.27045,0.0316235276,0.0671136556,2.7079184224,0.1860423467,0.4849,0.036338547,0.0560361574,3.2486521426,-0.4352190852,0.03765,0.009366296,-0.0986056997,2.7902190659,-0.005833463,0.3902209945,0.0815675553,0.8394105271,2.3869651914,-0.0667499098,0.1046961326,0.074333439,0.9100891149,2.913005429,0.8764329643,0.5050828729,0.0387493544,0.2842942519,2.819220117,-0.18926809,0.0455524862,0.0118682341,0.0902042504,2.7842820834,0.3791191175,0.4958804052,0.3015497715,0.00067099,0.0005222018,0.9441644562,0.0507363455,2.4840970563,0.794499094,-0.1223028125,0.5341644056,-7.154e-07,7.1662e-06,1.47367e-05,8.7639e-06,0.0560501866,0.1057212996,2.9423126817,0.5483152906,-0.1049037034,0.2004195705,0.50137,0.0136020991,0.0370286566,0.0021235793,0.0315542384,0.0891468682,3.0057544505,0.5121013709,-0.0711753473,0.2654175408,0.4520083346,0.2947105024,0.0199302374,0.0120105007,0.993128091,0.002721835,2.1457788235,0.1102613572,0.5931767659,0.1114423599,-0.0001835596,0.000110425,7.50239e-05,4.55315e-05,0.9642148826,0.0047932555,2.5644503832,0.1504222014,0.7769979344,0.095561132,0.167147411,0.0316092658,0.1345536128,0.0077594988,0.9580113955,0.007737611,2.7039369559,0.2593513952,0.8833416737,0.1446018022,-4.180636397586242,0.022002268328796957,-0.29439602412870264,4
90,560.0651298744414,20858,56,37.2420971908679,0.27265,0.0319488263,-0.0156150007,2.9801661456,0.2845770992,0.2743,0.0284870146,0.0125890386,4.2288360597,0.7902894434,0.45305,0.0334506726,0.2077360033,2.5870172595,0.0505485085,0.0324,0.008731552,0.1012336953,2.5779424119,0.2812825925,0.4541558442,0.1048109076,0.8853910899,2.2841407441,-0.232994305,0.0881168831,0.0738462731,0.93012006,3.0845859205,1.0065907932,0.4577272727,0.0499353183,0.5556430295,2.70675034,-0.2475167149,0.0423051948,0.0115113315,0.0398443219,3.3577922703,0.4251226006,0.4974476003,0.3009068985,0.0009602844,0.0005969367,0.9310025491,0.05273449,2.3698317616,0.6037235901,0.0784772841,0.457417001,-3.8587e-06,1.65885e-05,2.22383e-05,1.37312e-05,0.0465843563,0.1254589634,3.0056469915,0.6232437812,-0.0578998948,0.2530565111,0.4989425,0.0209236724,0.0365598122,0.0026408816,0.0289652853,0.1256480137,3.0228999096,0.3756271048,-0.0152884511,0.2258861916,0.4524199455,0.2875642007,0.0236337547,0.0145009677,0.9906845583,0.0055501494,2.1245899731,0.2669257981,0.5533062403,0.2019482126,-0.0002671223,0.0001625121,0.0001254112,7.58188e-05,0.9613807236,0.0333334371,2.2146126706,0.3520636579,0.5395255147,0.2365083384,0.1868451347,0.0551245923,0.1397160035,0.0223625772,0.9515480421,0.0338408567,2.3797171985,0.2148353761,0.7176741394,0.2096219163,-2.552659633795277,-0.12573558979420682,1.8145396101779312,4
92,776.2512794755587,28552,65,36.781903946477165,0.25855,0.0329491654,-0.1248542595,3.4573190874,0.2751339351,0.2671,0.0327275114,0.2116545503,2.9064728744,-0.4246899419,0.47435,0.0361016274,0.2363375893,2.7549020313,0.3364454483,0.0342,0.0095057877,0.1467406491,2.6730434026,0.0900828134,0.4047852761,0.0949601946,0.8760106542,2.2144142534,-0.1085223104,0.1077147239,0.0770103266,0.9080825639,2.6196750968,0.7798855664,0.4875,0.0425847225,0.3129777485,3.176595944,-0.1927613862,0.0421165644,0.0107308926,0.0628762452,3.0646981296,0.2775197688,0.4983912323,0.3028967471,0.0003959679,0.0002455527,0.9504065263,0.0389836472,2.572399552,0.6248473218,0.1643322179,0.5246489609,-4.375e-07,5.4729e-06,8.495e-06,5.1878e-06,0.0046169268,0.0757630311,2.9777012442,0.4853782747,0.0557466862,0.2306425693,0.4979075,0.0143792583,0.0352195114,0.001614587,0.0070818389,0.0985483285,2.9844308757,0.3292886308,-0.006792274,0.2445876267,0.4570131769,0.3145763437,0.0205179668,0.0132297321,0.9958711829,0.0017160887,2.0786554187,0.0954035774,0.5275413905,0.109759412,-0.0001053896,6.72774e-05,4.64026e-05,2.98466e-05,0.9713751879,0.0047920742,2.2596218719,0.1143364378,0.5879503337,0.1099001294,0.1763806816,0.0223269614,0.1376682111,0.0063138657,0.9603036953,0.0069671801,2.4720225828,0.2007613877,0.7581168516,0.1523370781,-5.0564850206419925,0.2269481938782509,0.376574135824743,4
93,802.5134132398139,30176,36,37.60186372234821,0.25135,0.0298902576,0.0473056182,2.8919755357,-0.0180526402,0.22295,0.0292069769,-0.0187524775,3.8977640623,0.5992833244,0.5257,0.0350001429,0.0025133827,3.3898020486,-0.1923676503,0.0407,0.0099503769,-0.0400697798,2.9183278358,0.2402955424,0.4314473684,0.1030533434,0.8840831747,2.0077790692,-0.0179593354,0.0947368421,0.0745936758,0.9382035156,2.5264574047,0.7881092951,0.4738157895,0.0479270268,0.4206198106,3.0070389426,-0.2985475086,0.0432518797,0.0111064778,0.1204669482,3.1737010488,0.2095744787,0.4976143805,0.3027375356,0.0006690097,0.0004375778,0.9493239837,0.0705946918,2.2893750348,0.5603737162,0.0967702905,0.5011811303,1.3474e-06,5.8143e-06,1.15552e-05,7.2247e-06,0.0463124509,0.1359281575,2.8577318461,0.3181366635,0.0144277625,0.2428313405,0.50105,0.0148224323,0.03530585,0.0025816578,0.0433752238,0.1287794127,2.7314028366,0.3914086358,-0.054231882,0.1861625192,0.4565276806,0.3082575706,0.0195888185,0.0125436048,0.9945618422,0.0024876336,2.0486545114,0.1132145592,0.5000076517,0.1524946163,-0.0001301863,8.66737e-05,5.92903e-05,3.76882e-05,0.9340099242,0.1079689782,2.1636913013,0.1191565347,0.4772396624,0.2908459918,0.195727071,0.0795090726,0.1310814684,0.0299556727,0.915053485,0.1365637069,2.3891414468,0.1367158232,0.6714933688,0.3032788163,-4.719120374963316,-0.19715309626271166,4.033911851548847,4
97,524.8577229793729,19417,70,36.994787634596925,0.25125,0.0337073805,0.4485956055,2.2955271514,0.2216464292,0.2562,0.0355536215,0.3034049244,2.7363573162,0.3497883319,0.49255,0.0326917038,0.0958409997,2.743923401,-0.1414243325,0.0342,0.0095057877,-0.1606323101,3.0356919673,0.4306176425,0.4660734463,0.1019428788,0.8694965547,2.1025339274,-0.2586751605,0.0879943503,0.0581864815,0.8712278044,2.8264142966,0.7496066457,0.4459322034,0.0537635116,0.6300197621,2.2700636367,-0.1846041436,0.039519774,0.0118689122,0.0926170633,2.9107000383,0.2840652556,0.4983521129,0.3027281963,0.0006662469,0.0004749563,0.9483568187,0.0275077368,2.3556191256,0.4461420896,-0.1924084851,0.3320385663,-8.642e-07,1.23003e-05,1.50198e-05,9.6907e-06,0.1892186981,0.1158805368,2.893925152,0.5124127353,-0.0829993688,0.2957468417,0.497765,0.0241695992,0.0378707608,0.0041642195,0.1398732855,0.1332891639,2.9433144689,0.5220939924,-0.0844103732,0.2754606137,0.4593793604,0.3031941087,0.0179562802,0.0129697243,0.9849574435,0.0263058435,2.0568376066,0.1483964256,0.5041182255,0.1655282005,-0.0001662128,0.0001211986,7.31099e-05,4.69126e-05,0.9206013375,0.1378534441,2.6084326948,0.5892535682,0.5939919838,0.5540227606,0.1801365756,0.1026072229,0.1229916696,0.0260433805,0.8460490265,0.339192649,2.858389024,0.5005130101,0.8995599264,0.2957139789,-1.0411400344475144,-4.603509532061615,4.9428305866709055,4
98,767.2579089446118,27482,63,35.81846427337893,0.23905,0.0323008901,0.1404883909,3.3475906562,0.0546169212,0.25225,0.0293289533,0.1438590259,3.3154248796,0.2463927161,0.5087,0.034290086,0.1059299772,3.1153800719,0.1475833029,0.04055,0.00987155,0.0432552832,2.7823398571,0.1042615825,0.4645990566,0.1289972378,0.9188023682,1.9367008112,-0.1816523827,0.0947877358,0.0780697393,0.9180989607,3.2716626243,1.0723897085,0.4406132075,0.0663794226,0.6977818252,2.3799565966,-0.2601866387,0.040754717,0.0119015706,0.204592393,3.5914896262,0.729355437,0.4968078281,0.3016141555,0.0007736315,0.0005148147,0.9483769964,0.0461847692,2.3873790779,0.4910864853,0.0224126236,0.4831310065,-1.3691e-06,1.34999e-05,1.40263e-05,8.5755e-06,0.045173837,0.1169479126,2.9769960342,0.4183737657,-0.0094145642,0.2256925077,0.4964975,0.0221536593,0.0353478491,0.0024728401,0.0046043159,0.0816649466,2.9847644752,0.482121277,0.0235897531,0.2006716823,0.4585214871,0.2979603642,0.0186159889,0.0111526989,0.9925328057,0.003502925,2.1541577456,0.1345521948,0.5771749576,0.160263951,-0.0001801626,0.0001087743,7.86945e-05,4.61685e-05,0.9598905717,0.0265278978,2.4255072016,0.2135725253,0.6757564928,0.2194755842,0.1802374566,0.0596405932,0.1350469263,0.0177270987,0.9455736177,0.0504583257,2.6005872463,0.3092761491,0.8215260765,0.2152670772,-3.2491420244786338,-0.42963363572731955,0.8543423672018738,4
102,872.1210322876741,32850,54,37.66679025482353,0.26815,0.0328759411,-0.0138285765,2.7135235966,0.0376738783,0.2554,0.0323239849,0.027060734,3.2729145414,-0.1265455348,0.47645,0.0335208517,-0.0059479433,3.1703645162,-0.1356585948,0.03555,0.0105805246,0.0455079091,2.5419200578,-0.0874908934,0.4064516129,0.0872207259,0.8415122251,2.2033166768,0.2183095622,0.1037788018,0.063083274,0.8756867954,2.3486138498,0.5994967143,0.4897695853,0.0466696637,0.3592685527,3.2979982582,-0.394486649,0.040483871,0.0113742764,0.0967935959,2.8888715208,0.1271360773,0.4977478701,0.3023856483,0.000502491,0.0003866876,0.9404426725,0.0341998973,2.8373731917,0.9080090714,-0.0054515715,0.6116114234,1.047e-07,6.9035e-06,1.07414e-05,6.5308e-06,0.0103644527,0.0947138968,2.7825807741,0.3657175262,-0.0732270384,0.2037109592,0.499085,0.0186593616,0.0350188027,0.002167823,0.0526637169,0.1164185719,3.0039750483,0.3877728392,-0.1278385199,0.1922425047,0.4529301121,0.3089515539,0.0209999961,0.0142039309,0.994725098,0.0035582299,2.0637242531,0.3199222746,0.4883789507,0.2404816314,-0.0001227454,8.64533e-05,6.06478e-05,4.03762e-05,0.9104608375,0.1680362184,2.2798712632,0.5349454126,0.4557696143,0.2946989564,0.2076055577,0.0988876591,0.1301850308,0.0327028195,0.8804062049,0.2234648279,2.5318314651,0.5128268703,0.6791657331,0.1996917437,-4.430307575689245,-1.5123013966888372,6.483617123729869,4
106,266.2128934158494,9464,70,35.55049448794483,0.2354,0.0315410843,0.1738898189,2.8497496634,0.3695584546,0.2886,0.0334595278,0.2979127629,3.2440727211,0.2672184855,0.476,0.0362973828,0.0418783176,3.0941733848,-0.0292962612,0.0392,0.0105052368,-0.0963096738,2.5361832067,0.1922408894,0.3689150943,0.0857101432,0.8284258533,2.0718972696,-0.3893738979,0.1006132075,0.0747470667,0.923243488,2.3971398496,0.6944400643,0.5304716981,0.035077598,-0.1154994516,2.3075137222,0.0612394352,0.0504245283,0.0141441021,0.2099457836,2.9763957776,0.4137829514,0.4934555204,0.299552608,0.0011772162,0.0009276879,0.9538163653,0.0355424447,2.3654812386,0.4352379084,0.1199712467,0.4286661221,-2.6215e-06,2.33624e-05,2.28024e-05,1.40918e-05,0.1290316156,0.1403639814,3.002775095,0.4439627526,0.0187607194,0.2317601885,0.500205,0.0265031644,0.0373232361,0.0029734322,0.0872209961,0.144460037,2.8159506275,0.3555750642,-0.0562386459,0.2485193477,0.460767376,0.2841060414,0.0174273635,0.0106469455,0.9863519419,0.0043970674,2.3304708152,0.1233300243,0.7437830516,0.0742602198,-0.0003005191,0.0001877561,0.0001323399,8.0421e-05,0.965221086,0.0074275113,2.418387446,0.1416228362,0.76041472,0.0808001334,0.1543660977,0.0099335912,0.1490897842,0.0063783759,0.958955807,0.0063603361,2.7308662634,0.2167908577,0.962991219,0.0989564535,-2.8037585671614464,1.1795569984982266,-2.2879650468352835,4
109,1254.9229355259204,46433,27,37.00067843651339,0.2343,0.0291635046,0.0752142462,3.052827162,-0.1999119307,0.2719,0.0339542339,-0.0611856124,2.4553609844,-0.1030343804,0.4938,0.0375107984,-0.0544962123,3.2034657833,0.2200579066,0.03325,0.0103047319,-0.0245450424,2.7651583991,0.2687668497,0.3952506964,0.0954162182,0.8538190972,2.1279117258,0.0358680505,0.1096796657,0.0704460156,0.911730144,2.1136644844,0.4513118409,0.4950696379,0.0440031418,0.251625357,3.120419334,-0.3603860131,0.0424930362,0.0119182139,0.1480194986,2.7864004722,0.4120493086,0.4999231715,0.3033467077,0.0003694002,0.0002696147,0.9479467019,0.0525348677,2.4752047715,0.5393293078,0.0251795984,0.5038640248,-1.4806e-06,3.4229e-06,6.9451e-06,4.3623e-06,-0.0033128527,0.0988402827,2.8403966835,0.2778309731,-0.0081760037,0.1743229418,0.4962675,0.0126154298,0.0354271373,0.0019038945,-0.0021924534,0.0957211133,2.8594773813,0.5047547952,0.0059989597,0.1737621083,0.4536778048,0.3230288178,0.0206143187,0.0143194551,0.9962414175,0.001731689,2.1169931724,0.1444558567,0.5770653845,0.1147827087,-8.55496e-05,5.65434e-05,4.00701e-05,2.79795e-05,0.9724523702,0.0025086641,2.1455920256,0.1568485165,0.5866230863,0.1172997138,0.1744300854,0.0218151825,0.1407295913,0.0028536463,0.9660406185,0.0021484448,2.3037705114,0.1688912619,0.7410403919,0.1184548957,-6.456676212798621,1.220100088372576,0.9383304313469515,4
110,754.0314905820313,27254,52,36.14437903510216,0.2239,0.0310288575,-0.1407105726,2.4971841292,-0.1164534418,0.26645,0.0317119457,0.140951741,3.772934376,0.474855485,0.50965,0.0383096267,-0.0479003939,2.7410797653,-0.2301977449,0.0395,0.0108050914,0.0776074489,3.9011825447,0.4560067733,0.419914966,0.0845279585,0.8247046166,2.4052642469,-0.1736498363,0.0774659864,0.0648451101,0.9072878648,3.1858433862,0.9863673042,0.5026190476,0.0402683741,0.174229985,3.6784646858,-0.1448926203,0.0458843537,0.0128862195,0.1976016022,2.6407004291,0.2344978475,0.4988552094,0.3035913744,0.0002870664,0.0001773602,0.9409048499,0.0442650843,2.7398466832,0.7874488961,-0.3235169412,0.5561793956,1.368e-07,4.2677e-06,6.7101e-06,4.0564e-06,0.0428807941,0.1058497377,3.0177438897,0.3098644121,0.0207423057,0.2194743169,0.4984675,0.0139943227,0.0358854289,0.002384087,-0.0137093426,0.0947562577,2.887296178,0.3791261738,0.0313217765,0.1894680965,0.4694111592,0.3174333214,0.0142062409,0.0083288405,0.9954111602,0.0024730168,2.0508310083,0.1468412972,0.4893272227,0.1417353475,-8.70185e-05,5.11693e-05,3.40714e-05,1.95418e-05,0.9569838533,0.019191359,2.4669051,0.1437241929,0.6315348902,0.0781838785,0.1925548476,0.0494469716,0.125067775,0.0158649759,0.9386957525,0.0420285969,2.4172078491,0.109113832,0.6463869752,0.0762510523,-5.861960190538041,-0.7924170475349296,1.7564707841956373,4
116,565.1082645306643,20328,15,35.971868181547265,0.23545,0.030513071,0.2889179025,2.9609943847,0.2349331875,0.2464,0.0303568773,0.1562613779,3.8814998957,0.4775424974,0.51815,0.0324010416,0.1020565159,2.6316259196,-0.0009811923,0.0351,0.0088594582,-0.0515161083,2.7062287652,0.2177978153,0.4170379147,0.1164944865,0.9205029751,1.7688669148,-0.0829393926,0.0857345972,0.0728112257,0.926037743,2.6828295327,0.8674133743,0.4972274882,0.0585307097,0.6877140822,2.4614415085,-0.1808126697,0.0502132701,0.0127061956,0.1807602458,3.6350996712,0.5223100452,0.4959094572,0.3020349607,0.0007937085,0.0004932373,0.9574059165,0.0274237298,2.3980703806,0.7042331046,0.1994360127,0.529989537,-2.7197e-06,9.0145e-06,1.63508e-05,9.8271e-06,0.0514532276,0.0955688705,2.9821607896,0.3427633411,-0.052672757,0.2694961297,0.49276,0.0108909091,0.0364390777,0.0020467339,0.0099720915,0.0670433936,2.9010617955,0.3787933441,0.0517388969,0.2343385346,0.4437831026,0.2846347851,0.0260047303,0.0160071699,0.9928217749,0.0032890175,2.0929894732,0.0942926305,0.5716814757,0.0804750914,-0.000249721,0.0001535505,0.000114648,7.07917e-05,0.975396107,0.0022873206,2.1145172905,0.0860531421,0.5708145663,0.0785224517,0.1701652438,0.0090175529,0.1454514215,0.0072607436,0.9669644666,0.0031907546,2.3118643029,0.1353316479,0.7421142794,0.0922937455,-4.270614372913238,3.007799441235293,-1.3778015426786558,4
117,177.36662828776377,6646,68,37.47040840860647,0.25075,0.0405670741,0.3418780263,3.2122256717,0.1414084554,0.24685,0.031286219,0.0591760077,3.7349406452,-0.097475595,0.5024,0.0435286113,0.0392027951,3.2036629988,0.3401201774,0.03645,0.0117536165,0.0920072402,2.3416358586,0.2277220524,0.3439393939,0.0750127017,0.8056336882,2.5978585871,0.3908129938,0.1395454545,0.0882864109,0.9043317751,2.0037836525,0.3000701987,0.5165151515,0.0452180718,0.1694639757,2.6474263692,0.0629484245,0.0408333333,0.0121413186,0.4005592746,3.5353876628,0.5355677135,0.4935858251,0.2997807738,0.001531829,0.0012459157,0.9397849099,0.0393633457,2.5676980917,0.5304590697,-0.0206563802,0.4011707571,-1.096e-05,3.7762e-05,3.4019e-05,2.15967e-05,0.2177270137,0.1568346045,2.948896133,0.3565402452,-0.0313934586,0.1825749505,0.491075,0.0267349935,0.0379891379,0.003762965,0.1415381635,0.1519299818,2.8127585823,0.4507987411,0.0107781685,0.1668186312,0.4603838348,0.2795704678,0.0176348245,0.0107159258,0.9827940334,0.0052714801,2.2304192872,0.174340951,0.6784638917,0.1186897888,-0.0004137569,0.0002533003,0.0001819688,0.0001098918,0.9631830217,0.0078340476,2.2773259305,0.1782619824,0.6727891748,0.1141226214,0.1578437647,0.0202788701,0.1426262129,0.0066693977,0.9524500882,0.0055338891,2.5821653454,0.250482602,0.8789126088,0.1446755526,-2.1648860048637375,2.057512543944508,-0.7008044843125593,4
118,339.9138181939486,12886,36,37.90960917230933,0.22605,0.0316803961,0.037553245,3.5973179804,-0.3057432513,0.26,0.0360832371,-0.0215053763,2.2276964896,0.0798205639,0.51395,0.0375186287,-0.0623230154,3.001840946,0.2438130062,0.03865,0.0103163705,0.0427056288,2.8177166797,0.0635202282,0.4263375796,0.1078205961,0.9165986515,2.177709525,-0.2554682296,0.0846178344,0.0705111939,0.8904692942,3.7907595749,1.2230994885,0.489044586,0.0537987929,0.6504286763,2.9594689855,-0.1703686907,0.0457643312,0.0108868764,0.001568781,2.676641983,0.0666937719,0.4960685722,0.3014972845,0.0009334538,0.0006244177,0.9396534858,0.030328446,2.412055605,0.4449932631,0.1413470769,0.3963935508,1.2065e-06,1.02968e-05,2.05699e-05,1.29465e-05,0.1111328804,0.1371171309,3.0740714056,0.4715399455,0.010317887,0.2685370072,0.5009625,0.0170231304,0.0374780115,0.0025343206,0.0583220189,0.1315180088,2.801740432,0.3981941149,-0.0200419153,0.2170854574,0.4549444209,0.2903238799,0.0219912859,0.0127946576,0.9917327391,0.0035475691,2.0902684207,0.1135525365,0.5410840072,0.1348770876,-0.0002551623,0.0001484939,0.0001131194,6.58882e-05,0.9651174405,0.0130279882,2.3569275188,0.295910482,0.6827815282,0.1385372628,0.1706452215,0.0381045941,0.1402114648,0.0158102692,0.9521730422,0.0244848947,2.600923091,0.3443419449,0.8576241333,0.1636663096,-2.4466103192782924,0.15977125675959908,-0.609642147696091,4
119,677.2269472399257,24930,36,36.81188426066555,0.2339,0.0341875708,0.2375054754,3.8365212337,0.2058616368,0.2543,0.0387428703,0.3818238431,2.9548479938,-0.1141383293,0.5118,0.0444326457,0.1452882665,2.7441310558,0.0150266762,0.03765,0.0095250984,0.1070354165,2.1402896348,0.2706085373,0.430295858,0.1084802277,0.902796623,1.9355385703,0.036536619,0.1079881657,0.063893216,0.8823258615,2.1671500595,0.3644514437,0.4617159763,0.0565817399,0.6256151466,2.3167762875,-0.1294079162,0.040295858,0.0099808121,-0.0444037315,2.8116817863,0.0479270247,0.4993897625,0.3026288022,0.0008106467,0.0007550929,0.9459526342,0.0409350213,2.2977719503,0.4526630821,-0.1743437761,0.4033053707,4.8707e-06,1.35572e-05,1.67847e-05,1.11928e-05,0.1324713373,0.1457667993,3.1581893167,0.9550042156,0.0828264097,0.2908693906,0.5094875,0.0202849321,0.03631453,0.0026412656,0.0693766822,0.1467497485,3.0031981176,0.7735381002,0.090081774,0.2004257329,0.455653733,0.2905461419,0.021299642,0.0133380146,0.9929165374,0.0034105394,2.1199159044,0.1997757514,0.542824407,0.1420912324,-0.0002384565,0.0001514329,9.00955e-05,5.53701e-05,0.9625929886,0.0051564521,2.751088966,0.3237334333,0.7940731596,0.1625675221,0.1518514097,0.0123134073,0.1309340176,0.008195624,0.9541909633,0.0037880452,2.9146813186,0.3692077019,0.9517098071,0.166637737,-2.075155514639127,-0.9880534949645038,-1.5334495290585695,4
121,942.638902264683,34980,50,37.10858942481666,0.2414,0.0281254333,0.019007327,2.4015883155,0.0506728978,0.251,0.031144823,0.0168222109,2.5422818578,-0.1767102111,0.5076,0.0367388078,0.0142911378,3.3151731548,0.1487653471,0.0375,0.0090415707,-0.0084162204,2.3503913812,0.228303274,0.4443922018,0.0935066589,0.8679593919,2.2243225841,-0.3148574715,0.0839105505,0.0637666602,0.890685821,3.1932558336,0.9730343314,0.4716972477,0.0451080262,0.3814113415,2.8405644876,-0.174374292,0.039690367,0.011640959,0.1296746296,2.4637456136,0.0138419292,0.4986812926,0.302846769,0.000309982,0.0002765293,0.9400963522,0.0491006458,2.3588049173,0.5557955893,0.044204138,0.411247872,-6.686e-07,1.7223e-06,5.6077e-06,3.4956e-06,0.0142536808,0.120932925,2.8410159529,0.4015151857,-0.0542962912,0.201711531,0.494885,0.0132829035,0.0352776362,0.003080525,0.020823031,0.0928979381,3.0408689175,0.4899349883,-0.0043064043,0.1876822654,0.4603194128,0.3335842152,0.0188307707,0.0115214535,0.9967865392,0.0018818844,2.0852298394,0.1965025122,0.4988131802,0.2091674183,-5.57747e-05,3.2746e-05,2.89861e-05,1.72531e-05,0.9574620792,0.0326402672,2.0703785123,0.2465061026,0.3835777247,0.2478286816,0.2316565061,0.0754841395,0.1350377402,0.0308775346,0.9354968271,0.0634633463,2.1460031649,0.3146345214,0.44175917,0.2703694481,-5.490756291777478,-1.1590473634724978,4.60341301654568,4
122,802.6839065260052,29075,33,36.222228655157465,0.29175,0.0343611336,0.2590289504,3.0736819648,0.1367343837,0.18745,0.028332799,0.1724972465,2.8023798825,-0.097768294,0.5208,0.0375946805,0.2377975853,3.0711288663,-0.2143618161,0.0401,0.0110449083,-0.1333890213,2.5595649545,0.3754741557,0.4342592593,0.1103109193,0.9052466036,2.00576473,-0.1437550976,0.0821164021,0.0675576743,0.9234825768,3.0225879889,0.9200629332,0.4836243386,0.0557318945,0.6604305923,2.6498787899,-0.2577038991,0.0471164021,0.013294276,0.0757386882,3.0253903268,0.304280019,0.4980753981,0.3022214513,0.001045304,0.0009303864,0.9340399689,0.0648535904,2.316088453,0.4163104179,0.0783190111,0.4187301884,-1.6187e-06,9.3778e-06,1.98853e-05,1.20891e-05,0.0698754996,0.1381823464,2.8770349749,0.272329876,0.0111449042,0.2230622836,0.4989175,0.0149196035,0.0379068213,0.0028929264,0.0408681778,0.1065017278,2.9343280672,0.3007640881,0.0193961464,0.2253957865,0.4524965997,0.2939442732,0.0229757624,0.0148037938,0.9916761308,0.0050155997,2.1236947943,0.218193324,0.564265992,0.2064609057,-0.0002309529,0.0001487384,0.0001081022,6.84565e-05,0.9507430244,0.0669483232,2.1786913955,0.1989092564,0.5526447191,0.2470160154,0.1894940409,0.072990335,0.1362228925,0.0272721871,0.9289427664,0.1118718608,2.4568225018,0.2469463745,0.7801389661,0.1793897846,-3.1911112688253462,0.46154557010274866,2.3685578862309034,4
123,447.0276952351264,16457,64,36.8142738703113,0.24095,0.0300224499,-0.0101791162,3.5231880868,0.6514642335,0.2576,0.0304506158,0.0757218649,2.9696395738,0.4008301893,0.50145,0.0381398414,0.0363604254,3.8393826267,-0.6966383904,0.03545,0.0112715349,-0.1513754181,2.7713152434,0.2598739282,0.4107309942,0.0947290265,0.8654825324,2.2019185777,0.0881635264,0.0901169591,0.0634485407,0.9226479925,2.2549615499,0.6021180196,0.4991520468,0.0492043149,0.5331962409,3.1899303567,-0.5343883398,0.0428070175,0.0130569225,0.1873463762,2.8182198568,0.4701827222,0.4952769558,0.3011503684,0.0007373064,0.0005180153,0.925850394,0.0521939654,2.1902712914,0.3784120094,0.1339839469,0.3288711725,-2.6295e-06,1.10976e-05,1.61095e-05,9.6292e-06,0.029140475,0.106862437,2.8271045042,0.3486041073,0.0064409779,0.2289495201,0.4989675,0.0200455561,0.0362573792,0.002664503,0.0471426626,0.0774432747,2.8364424475,0.4146439545,-0.0051549277,0.2216068668,0.4560788982,0.2975584689,0.0201319102,0.012250946,0.9923553099,0.002666523,2.1601064523,0.1269711925,0.6047917488,0.151125306,-0.0001879086,0.0001174225,8.56351e-05,5.19554e-05,0.9633841544,0.0214053384,2.2776630928,0.0887638475,0.6254484903,0.1780364151,0.1866097267,0.0618664486,0.141058686,0.0226942584,0.9493993634,0.0434713959,2.5224955713,0.1606630061,0.8021390361,0.1682138281,-4.076427408296218,1.1071839552551335,1.3150074396746074,4
125,432.37229883356713,15824,63,36.59808929177289,0.23765,0.0297443692,0.1586594378,2.6516220581,0.0340693223,0.2248,0.0292653379,0.0553166093,3.1222617027,-0.4527748281,0.53755,0.0338193362,0.0552643794,2.6693830092,0.1215073766,0.0374,0.0099368003,-0.0516088822,3.0741287149,0.4002895918,0.3914156627,0.0816690471,0.8232587679,2.0647440927,-0.0525232569,0.0893373494,0.0756588375,0.931117542,2.4124618072,0.7882546593,0.519246988,0.0397606448,0.3371348918,2.7026042116,0.1347258981,0.0479518072,0.0142806665,0.4744094362,3.3886654502,0.1519126819,0.4977242037,0.3024917301,0.0008735082,0.0006238515,0.9418839377,0.0448201631,2.3294718626,0.7370407634,-0.1643955644,0.3600730041,3.8533e-06,8.8287e-06,1.8099e-05,1.14279e-05,0.0687584891,0.1248051643,3.1284257453,0.4675537521,0.113793332,0.2345694595,0.500445,0.0212336461,0.036855764,0.0032995319,0.0560756929,0.089189033,3.0793956,0.5342415869,0.0875894032,0.22726295,0.4502458282,0.2859855192,0.0208091297,0.0132082214,0.9913520114,0.0028209086,2.1763781609,0.1356021035,0.6322062347,0.103855515,-0.0002294607,0.0001409914,0.0001054282,6.64289e-05,0.9711801115,0.0033160786,2.213380389,0.1282670337,0.6253832194,0.0937751163,0.1664332132,0.0199383906,0.1464441931,0.0070497044,0.9623865564,0.0045123658,2.4599898442,0.2518917047,0.8198023624,0.1399989311,-4.713734884818416,1.9569338801546303,-0.9369308888487515,4
127,225.5282527422783,8416,55,37.31683235987891,0.2651,0.0366809215,0.1026388914,2.8231126751,-0.0517416557,0.2615,0.0272167228,-0.0773028268,3.1367635875,0.3616302206,0.4734,0.0383658702,0.0740904373,2.5601741471,0.2053558365,0.0377,0.0093653617,-0.0272122987,3.1230638207,0.4350503923,0.4060194175,0.0774983846,0.7957740642,2.4515783151,0.0629799082,0.0879126214,0.0646781587,0.8895310717,2.891941387,0.8425624799,0.5060679612,0.0376857889,0.0656153262,3.187153266,-0.4945873808,0.0428640777,0.0118567899,0.1547419687,3.5662715761,0.5535567903,0.4993354647,0.3027714498,0.0011782803,0.0008388063,0.941786181,0.048819098,2.2479228063,0.4083622419,0.0258741444,0.410873141,-3.2307e-06,1.94264e-05,2.79723e-05,1.77844e-05,0.0977763165,0.1471887114,2.9188986907,0.4185199158,-0.0109696123,0.2048686293,0.5018025,0.0203264635,0.038403031,0.0019571874,0.0987539452,0.1436804801,2.975986957,0.2102329479,-0.0535329787,0.2542282236,0.4564488734,0.2829867844,0.02236103,0.0127937618,0.9889183327,0.0038142695,2.1154901643,0.1272392984,0.5556960036,0.1131516716,-0.0003505479,0.000202542,0.0001593223,9.10443e-05,0.9700226791,0.0054964653,2.1581436681,0.1311114923,0.536563718,0.1323832904,0.1706168738,0.0220476729,0.1427302227,0.0139968341,0.9584294325,0.008987397,2.4079244168,0.1860682466,0.7474470493,0.1454227429,-3.6194048674008457,1.4479344900230575,-0.22404627391543308,4
128,854.0433558693928,31954,42,37.41496234400383,0.2739,0.0363220319,0.0615082775,2.5127160848,0.2277263961,0.2491,0.0273347764,-0.0149702438,2.4060243666,0.210442854,0.477,0.0329013678,0.1619525632,3.0165528644,0.2283962694,0.0365,0.0091515026,-0.0877549192,3.2949253731,0.169289547,0.4324725275,0.1050484982,0.8898936113,2.057462451,-0.0115319245,0.0902197802,0.0634143538,0.910389463,2.3363764936,0.7478050351,0.4773076923,0.0568638936,0.6129797892,2.6675245835,-0.3214011344,0.0418864469,0.0101189772,0.0565657436,2.8704823401,0.0312663304,0.4986991244,0.3032826378,0.0004157722,0.0003241776,0.9352771824,0.0363488291,2.4295037297,0.5407398069,-0.2849048501,0.3352836151,6.815e-07,3.4929e-06,9.4714e-06,5.8448e-06,-0.0056403568,0.1169575597,2.9136744789,0.4303623679,0.0111092802,0.2868309275,0.5020425,0.0133515662,0.0358478173,0.0031836096,-0.0125401626,0.1221069287,2.8840736049,0.5000780702,0.0237396518,0.2245169748,0.4518675678,0.3102510004,0.0211907349,0.013936743,0.9949636182,0.0023446402,2.1812805609,0.1146600787,0.6353205912,0.0918457891,-0.0001180421,7.5253e-05,5.37959e-05,3.48517e-05,0.9737377236,0.0048957713,2.2420460586,0.1811701023,0.6303996687,0.1286972776,0.1671306123,0.0219706674,0.1437151076,0.0058958736,0.9700959145,0.0033699297,2.4656915876,0.2144641021,0.8115620653,0.1474441196,-4.020127918568556,0.5068695022823129,-0.7134744830376761,4
129,775.2385004683047,28084,54,36.226270990198586,0.2573,0.0299951663,-0.010223523,2.851779181,0.2332547307,0.2548,0.0314795172,0.06974284,2.3992481717,0.222538767,0.4879,0.0368861763,0.1614908047,2.3117305827,-0.2316143756,0.0387,0.0098645831,0.0749649675,2.7013046702,0.3794118469,0.4179310345,0.0938765361,0.8606196837,2.2374428144,-0.0629905762,0.0968965517,0.0759563393,0.9257525228,2.5702874515,0.8549107176,0.4851724138,0.0431958258,0.2656838901,3.3086199343,-0.2650633157,0.0428996865,0.0115279121,0.1300082163,2.9028534179,0.2574584296,0.5002468223,0.303452306,0.0003736994,0.00024665,0.9373886413,0.0612280849,2.6663272356,1.0581816855,-0.1649191265,0.5477197952,-7.4e-09,4.2732e-06,8.2483e-06,4.9079e-06,0.0472326032,0.1143629573,2.8347078074,0.2491709373,-0.0033161165,0.2387038777,0.50087,0.0112082157,0.0351646929,0.0024317433,0.006963203,0.1125612977,2.9851838712,0.3864682522,-0.0668876232,0.2849044358,0.4510099138,0.3117157465,0.0219311809,0.0141926269,0.996036903,0.002198129,2.0705023641,0.1635416588,0.4978660323,0.1442020066,-0.0001112231,6.78979e-05,4.91132e-05,3.14009e-05,0.9696657845,0.0041156419,2.2091265429,0.1717696574,0.5840544747,0.1412047559,0.1747726784,0.0378978587,0.1337602236,0.0052305143,0.9616752356,0.0063786296,2.4032538527,0.2794120677,0.7342429264,0.1837942578,-4.821601065999625,0.17934781095634167,0.526203611468318,4
131,559.7572372352863,20864,8,37.27330101715166,0.22905,0.0418968674,0.4974143658,3.2399558133,0.1820328997,0.26755,0.0394999684,0.3407733188,2.2309516873,-0.2171228955,0.5034,0.0312320348,0.0261835606,2.4560438218,-0.0798881967,0.03805,0.0092437817,0.0967220021,3.4667726997,0.6564885412,0.4133043478,0.100852641,0.918593005,2.0606900219,-0.0687662334,0.0925217391,0.0693365263,0.9098485063,2.4330242465,0.6825295427,0.494173913,0.0464661187,0.4577542893,3.318064703,-0.2052647575,0.0427391304,0.011799843,0.1826851767,2.9728897839,0.2338469458,0.4952803652,0.3011114083,0.0014067799,0.0010220865,0.9662419541,0.0288024679,2.3043377116,0.6460449965,-0.0300254578,0.4753737867,2.6332e-06,1.66608e-05,2.48558e-05,1.45856e-05,0.1642178544,0.1633803588,2.8827754333,0.3241340354,0.0774812603,0.205245853,0.5014525,0.025010855,0.0381510324,0.0036923707,0.1252152934,0.1227601348,2.834729588,0.3263821121,0.0039077955,0.2060988054,0.4495843178,0.2792272607,0.0207351538,0.0123232736,0.9871649315,0.0059795191,2.268913921,0.202185551,0.6485046192,0.1428468928,-0.00029064,0.0001703977,0.000146428,8.5312e-05,0.969546979,0.0099070963,2.0386806649,0.2066418909,0.5186115533,0.1740909398,0.1853541468,0.028880215,0.1598979296,0.0107329017,0.9673208405,0.0082811165,2.0322078484,0.2625760933,0.6262877826,0.210900077,-2.692326262506505,2.3055290108597815,-0.48512545074845226,4
132,445.95624623093374,16610,28,37.24580637760299,0.27095,0.0305097935,-0.0594586341,2.541138206,-0.1636453688,0.25705,0.0278486535,-0.0199388845,3.3475040735,-0.0566943644,0.472,0.0355176013,0.0107820424,2.8271752434,0.3353497991,0.0374,0.0086740994,0.0651026879,3.5076179405,0.2289902162,0.3747959184,0.0629000869,0.7398730484,2.3987954674,0.0150230863,0.1141496599,0.0708053145,0.884273216,2.0370541352,0.4268432774,0.5110544218,0.0392455695,0.2990717246,2.6518685159,-0.0282756078,0.0399319728,0.0119520925,0.0969022971,3.1411064792,0.3776533065,0.4971666692,0.3022284062,0.0009462391,0.00094014,0.9421333691,0.0458659834,2.2395252602,0.4305454169,0.0219130124,0.4447062653,5.412e-07,8.8693e-06,1.74873e-05,1.08369e-05,0.0671150781,0.1321001423,2.8953838499,0.324796884,-0.0119161264,0.2446675849,0.499955,0.0126305869,0.0373638888,0.0036852495,0.086242031,0.1103243982,2.867143143,0.2801641867,0.060988349,0.2480998055,0.4485021749,0.2964187717,0.0219774169,0.0135950635,0.9922953705,0.0029047573,2.3555034259,0.1675895137,0.7413108872,0.1199493186,-0.0001832325,0.0001091009,8.10569e-05,4.95116e-05,0.9665061574,0.0051086708,2.3881627607,0.1901379225,0.7205262058,0.1236701941,0.172867616,0.0221898572,0.1473958027,0.0049639484,0.9684782673,0.0061251401,2.4447840083,0.2706050975,0.8093536634,0.1628880637,-4.012520824218952,1.2564405632185642,-0.1441888307892206,4
133,695.4861450474934,26074,15,37.49032268388245,0.22925,0.04212704,0.4047360341,3.9764202253,0.6457425538,0.2698,0.0454528327,0.499870859,2.9392638833,0.1478863872,0.50095,0.0419922314,0.2713234283,3.0315763265,-0.123977482,0.04105,0.0104951179,-0.0761833907,2.9375524582,0.2341048225,0.48485,0.1103810559,0.8933436248,2.208770407,-0.2787792388,0.078525,0.0627929086,0.9020169634,3.2723284156,0.9963331413,0.436625,0.0588726114,0.6538182466,2.5135560897,-0.1838522648,0.04225,0.0112998894,0.0390165451,3.0507143406,0.418766201,0.4988450883,0.3042443605,0.0008142427,0.00057046,0.9278678174,0.0672097408,2.3275051175,0.6159811724,0.0726148626,0.4178144134,1.6879e-06,2.27812e-05,1.9618e-05,1.16834e-05,0.1692357365,0.1439266525,2.9639795118,0.6504170198,0.1140842679,0.2970757209,0.4976725,0.0247689194,0.0372928769,0.0030922818,0.1045782995,0.1163000166,2.9726258426,0.5339260482,0.0623621417,0.2284813244,0.4572980043,0.2974742677,0.0193519419,0.0116581523,0.9917707768,0.0033982519,2.2233671557,0.1842618199,0.6365272456,0.1704002727,-0.0002298284,0.0001372829,8.67457e-05,5.17468e-05,0.954647315,0.0116224103,2.6652042436,0.2394709144,0.8071544736,0.1153902615,0.1588687185,0.0494877988,0.1270001573,0.0102556802,0.951248528,0.0156477484,2.8658378719,0.3202645668,0.9528566135,0.1913243264,-0.8040423074497901,-2.196351766078872,-1.1196293540618447,4
134,634.4242447445245,23397,36,36.879107622095546,0.2534,0.0377616207,0.2292827272,2.8501705012,0.4773093796,0.30605,0.0397070208,0.1796909985,2.650202839,0.3596601131,0.44055,0.0461946696,0.257892423,2.8718666541,-0.0721763674,0.03455,0.0079086977,-0.0321700386,3.2701936839,0.0571700156,0.4761522634,0.0960769018,0.8577483413,2.7377596968,-0.6367061453,0.0863374486,0.0657260911,0.8928504902,4.2924377371,1.2624785542,0.4375102881,0.0448692075,0.3928624391,2.4604275958,0.0355984416,0.040473251,0.0110778346,0.1437978797,2.7595006646,0.1052267633,0.499479173,0.3032128825,0.000481219,0.0004370257,0.9349621479,0.0418561527,2.3717300241,0.3828469658,-0.1723499329,0.3084317241,-4.093e-07,8.5462e-06,1.21064e-05,8.0146e-06,0.381116091,0.1406218174,2.8534466684,0.3754117812,0.1078791248,0.2692807367,0.4997425,0.0184136721,0.0406600873,0.0045293679,0.2564199651,0.1451174963,2.9660946689,0.470610814,0.1078558366,0.2087916081,0.4585475024,0.3090745393,0.0189673314,0.0118878007,0.995346789,0.0020252053,2.0831746532,0.1292208107,0.5165904506,0.1317615607,-0.0001246767,7.71708e-05,4.58168e-05,2.86367e-05,0.9570039995,0.0104252371,2.8291739616,0.2872138035,0.8389852124,0.2095160677,0.1667345922,0.0256358951,0.12718954,0.015344118,0.947127774,0.0225787204,2.9438265951,0.3467110866,0.923578259,0.2047534147,-0.4456518525494591,-4.041350913668411,-0.47740183846525996,4
138,558.550221001159,20645,56,36.96176140257433,0.2544,0.0337955618,-0.0603610827,3.4357298889,-0.1083940903,0.24545,0.0291898527,0.0712698459,2.885890242,-0.0696230724,0.50015,0.0352310587,0.0569793098,2.5797586361,0.0722092764,0.03955,0.0096719957,0.0147419609,2.8136103394,0.2101371998,0.4461419753,0.095863964,0.876213227,2.0032507736,-0.1548132524,0.0955555556,0.0683626857,0.9130385983,2.230661201,0.6734765674,0.4583024691,0.0449731181,0.3638833676,2.4074973661,-0.1208927737,0.0447530864,0.0107123223,0.0369655375,2.6582504659,0.2675102574,0.4956615633,0.301119583,0.0011655838,0.0009990693,0.9402140651,0.0534260263,2.4631920676,0.5559928936,0.009993373,0.5261987998,2.9315e-06,1.03502e-05,1.9418e-05,1.21545e-05,0.100786743,0.1080068589,2.8889283201,0.4058959041,0.0638200395,0.2779482803,0.50626,0.0145525822,0.0361550734,0.0021495151,0.0579158998,0.0772823887,2.9592260992,0.3800465307,0.0201730976,0.2810154635,0.4549999216,0.2912679441,0.018626806,0.0111470601,0.9898722251,0.0047112184,2.323023039,0.2029106341,0.7011440515,0.1552440716,-0.0002249763,0.0001347159,9.31661e-05,5.55071e-05,0.960017926,0.0110859941,2.4783678733,0.2224912708,0.7323172482,0.1760087621,0.1692826147,0.0418814579,0.1377074918,0.011208949,0.9559086869,0.0135974685,2.5653000751,0.2835404545,0.8391902898,0.2051609182,-3.2694378307075964,0.22614744345419902,0.22407993371217722,4
140,506.105761281932,18432,60,36.41926531978806,0.2564,0.032550576,0.3139584367,2.980975108,0.1954901243,0.2156,0.0312912128,0.0949231526,3.0820362683,0.2988833833,0.528,0.0351212187,0.076844653,3.3967689266,-0.2123862026,0.04,0.0100498756,0.0570719603,3.37221841,0.1847222507,0.4838202247,0.091593332,0.8769687075,2.361300892,-0.4338165701,0.0962640449,0.0682502249,0.9034648662,2.6192882912,0.8783822774,0.4199157303,0.0391714566,0.3191513407,2.6872590976,-0.0006614624,0.0417977528,0.0111109621,-0.0289486218,3.7599694134,0.5598799835,0.4987458745,0.3026829808,0.0008107343,0.0006068003,0.955155771,0.0396139956,2.3827817819,0.3666490832,-0.0579856363,0.410648106,-6.5148e-06,1.26334e-05,1.71585e-05,1.07409e-05,0.0840050444,0.1290907014,2.882859434,0.3408598396,-0.0411920028,0.1972415436,0.491255,0.017454841,0.0368871779,0.0033896318,0.0910737023,0.1312161223,2.9887089044,0.4362627433,-0.1545842913,0.246140597,0.449618945,0.2881111384,0.0242820336,0.0152533535,0.9930684528,0.0027996058,2.0886318859,0.1406443298,0.5620806755,0.1191772239,-0.0002110024,0.0001303754,9.22772e-05,5.75135e-05,0.968358587,0.0056703293,2.1365882816,0.188754573,0.4998569323,0.1563868652,0.1761224153,0.0172907021,0.1353722757,0.0105002518,0.9607588271,0.0077249176,2.310944791,0.207390701,0.6575426729,0.1590928226,-3.348770907069944,0.7929252379763481,-0.2565024224953012,4
144,695.7729891094682,26002,45,37.37138464268411,0.2608,0.0274200656,0.0699240593,2.3202442005,-0.1113198667,0.25205,0.0304145935,0.0820457848,2.724629508,0.3721739363,0.48715,0.0297762909,-0.0262993114,2.4524892537,-0.0567200234,0.0321,0.0095178779,-0.1838454731,2.7742913857,-0.0115723913,0.4296354167,0.0980028294,0.8726826627,2.0274309132,-0.0651504536,0.0853645833,0.0673503155,0.9214761329,2.7516552716,0.8812653763,0.485,0.0483396188,0.418401122,2.669078449,-0.4072724608,0.0448958333,0.0129999833,0.1784745408,2.7129398195,0.1579816409,0.4985011034,0.3028858289,0.0007778574,0.0005095901,0.9436987035,0.0411765367,2.3886149491,0.4710869009,-0.1106456682,0.4324484224,3.522e-06,1.10344e-05,1.56253e-05,9.3084e-06,0.0512011887,0.1005898355,2.8590127429,0.2463392735,-0.0272326052,0.2194908044,0.50853,0.0176018919,0.0359996572,0.0033071409,0.0284707235,0.1077057144,2.8965489233,0.2571077429,0.0308174537,0.1988316893,0.454154714,0.295359409,0.0216006871,0.0133353651,0.9929742896,0.0031332044,2.1257593751,0.2101179138,0.5610060236,0.1793009324,-0.0002078476,0.0001281486,9.15496e-05,5.50522e-05,0.9662115249,0.0132137126,2.3508344978,0.2675605258,0.6467362938,0.2184668221,0.1770072079,0.0530642371,0.1361685012,0.016579169,0.9504574411,0.0337316585,2.5902878867,0.3199303821,0.7997647225,0.2519681327,-4.202007000579382,0.11746149320892411,1.2361315323051927,4
145,388.1566076520436,14472,65,37.28392023915558,0.2655,0.0302861354,0.0102763671,5.125014625,0.9263513014,0.21975,0.0281990691,0.0182366437,4.5748651786,-0.2292163539,0.51475,0.0324065966,0.0600424094,2.4634977263,0.2082950579,0.03865,0.0107901576,-0.1252324363,3.3780061851,0.2668546291,0.3533458647,0.0708029188,0.7386887544,2.2027027044,-0.0884624131,0.1132706767,0.0662220153,0.9053961859,2.092124753,0.4209176718,0.5333834586,0.038552517,0.1994102004,2.4522761625,-0.0784548978,0.0441729323,0.0127759827,0.1037984471,3.1220131032,0.5333966167,0.4959527522,0.3014103486,0.0006574558,0.0005074574,0.9416264801,0.039091697,2.4777865558,0.6757795583,0.0126969733,0.3405134426,6.488e-07,8.1168e-06,1.37763e-05,8.617e-06,0.0068962857,0.0803212446,3.1342729489,0.5509368008,0.0595624111,0.2400991422,0.497705,0.0158053306,0.0357957449,0.0026625446,-0.0166649653,0.089486613,3.1048081253,0.3329526587,0.0546748202,0.2152255934,0.4572363955,0.2977954894,0.0189460663,0.0115793096,0.9930225778,0.0029995843,2.1039683232,0.1113645649,0.547945975,0.1406838491,-0.000160515,0.0001016339,7.48492e-05,4.5465e-05,0.9650755457,0.0179710529,2.1856395163,0.0993289152,0.5633359572,0.1141154554,0.1905447441,0.0625015597,0.1379318176,0.0201652389,0.9453012568,0.0506390792,2.4092665166,0.1337062893,0.7207803114,0.1798688307,-6.189144365972659,1.392954785606326,2.0520992668781215,4
146,422.0568362974034,15795,40,37.42386958724681,0.26865,0.0382939617,0.3188488725,3.3128641199,0.1801297192,0.2693,0.03293949,0.2875776689,2.3263680837,0.1849866797,0.46205,0.03668852,0.0798784416,3.2142540866,-0.2697315914,0.0359,0.0099342841,-0.007672671,2.2555176634,0.2094093886,0.4193650794,0.0976854852,0.8537919041,2.256538286,-0.124672382,0.0893650794,0.0776336127,0.9039898891,3.1428899391,1.0426996374,0.4912698413,0.0483166495,0.1564849872,3.2238096811,-0.2161044526,0.0468650794,0.0132247682,0.2105718268,2.5067136898,0.0111756681,0.498124916,0.3029005029,0.0011671519,0.0007899742,0.953744826,0.0391427017,2.2722508514,0.5845584918,0.1425778277,0.3628991531,1.2517e-06,1.61882e-05,2.32853e-05,1.4036e-05,0.1768390436,0.14942862,2.9127217936,0.4338374496,-0.0179958825,0.2576280831,0.4972225,0.0207408502,0.0378025645,0.0034214383,0.1473704118,0.136921961,2.8850604612,0.3801484546,-0.0471596754,0.256916471,0.4697043064,0.2920007761,0.0132408775,0.0092894834,0.9270153072,0.2318032502,2.4310321335,0.1109517057,0.7703718082,0.0636438294,-0.0002409083,0.0001635605,0.0001061231,7.40918e-05,0.9026593583,0.2259769609,2.4612705952,0.1402716209,0.7589905345,0.0755390044,0.1781314791,0.071806461,0.1371084289,0.0356520049,0.899426346,0.2250990258,2.6495518527,0.2825285394,0.90642668,0.1276893213,-0.9890618543898885,-1.0173309458937796,3.6695729280454974,4
150,761.5659059755621,28223,40,37.05916950660557,0.2537,0.0296194193,-0.0456722466,2.9952291202,-0.490324865,0.2537,0.0291772171,0.0451690663,2.4978958491,0.1022513245,0.4926,0.0330868554,-0.0013285214,2.6416682175,-0.3704718604,0.0343,0.0106541072,-0.157396159,3.5948129492,0.4433910916,0.4142271293,0.0992668018,0.8771671825,2.012504638,-0.0854642683,0.0817350158,0.0618917275,0.9001663329,2.9868608021,0.9056483708,0.5040378549,0.0519746221,0.5296477708,2.411456842,-0.2537795848,0.0465299685,0.0125065239,0.1697721009,3.4006616445,0.3897024424,0.4971426561,0.3023951411,0.0005276261,0.0004148748,0.9355058358,0.0474996605,2.520721116,0.7638443481,0.0401472468,0.6276970868,2.3923e-06,5.7996e-06,1.07838e-05,6.6519e-06,0.0322948579,0.0981577562,2.9312766882,0.4524353354,-0.0418945925,0.2370362493,0.5046225,0.0146130975,0.0362508792,0.002418911,0.0199934958,0.0879960856,3.0115221901,0.53579204,-0.0355616747,0.2479115652,0.4563603546,0.3109196487,0.0212846303,0.0129773052,0.9954657988,0.0020813448,2.0333957495,0.0838630843,0.4981308659,0.1413360045,-0.0001210518,7.39242e-05,5.74338e-05,3.49667e-05,0.9692378253,0.0173383585,2.1504151753,0.1175942236,0.5322869695,0.158537374,0.1973774901,0.0542943637,0.1407455571,0.0197775616,0.9611056802,0.0227694918,2.3264758833,0.1130465235,0.6911575782,0.1681141306,-5.480399959239669,0.9189196138728536,1.6850674339085103,4
152,851.6082384408251,31877,40,37.43153079209556,0.2376,0.0365067117,-0.0007740802,3.5889596975,0.2964723425,0.2549,0.0352844158,0.1533081509,2.9953034838,-0.1027004531,0.5075,0.042664388,0.0563647006,3.140564531,0.5316453591,0.03685,0.010189578,-0.1665093245,2.6938622271,0.2870394024,0.4258739837,0.1057356555,0.9100504921,2.0376665274,-0.1906026759,0.0786178862,0.0676291322,0.9113679271,3.3693862689,1.0923295699,0.4955081301,0.0539859016,0.6472028303,2.3005782821,-0.2753290985,0.0435569106,0.0132843669,0.2297969268,3.1428405668,0.4223256274,0.496914014,0.3021579855,0.0005625787,0.0004035962,0.9418898116,0.0475811319,2.3489478679,0.5614801254,0.0465214793,0.3660975979,-1.5716e-06,8.9587e-06,1.07909e-05,6.5827e-06,0.0680601028,0.1464913009,3.1889950419,0.4707368789,0.0739827653,0.2337210003,0.4952975,0.020870155,0.0370999454,0.0026133645,0.0584000499,0.1341282462,2.9442092303,0.5096946757,0.0661113942,0.2144846549,0.4552794624,0.2991545566,0.0187466603,0.0121750042,0.993359411,0.0035835834,2.2147358795,0.1869475111,0.6270646368,0.143659124,-0.0001379024,8.63313e-05,6.29291e-05,4.02187e-05,0.9688974214,0.0070177825,2.3241722208,0.3865002941,0.6532722723,0.2190216029,0.1730102192,0.0240799726,0.1450303311,0.00571841,0.9635993434,0.0053035891,2.4702970525,0.3587166369,0.804072501,0.1948870346,-3.3713183484311635,-0.176978201171707,-0.5945833330966495,4
153,267.67104356154096,9918,36,37.05294329948591,0.2438,0.0280724064,0.1276857572,3.1514557612,0.1428956774,0.25235,0.0295419617,0.1609616546,2.5773535642,-0.2959208896,0.50385,0.0328165736,-0.0351914417,2.9411437726,0.0135301716,0.0359,0.010084146,-0.013894549,2.5850549937,0.2873919202,0.3863333333,0.0759652698,0.7936045336,2.0842323459,-0.0677689462,0.0890833333,0.069599998,0.906307227,2.4231765421,0.748062196,0.5245833333,0.0385009921,0.1602846193,2.4961581921,-0.1253032498,0.046625,0.0137713849,0.2969932138,2.2399601619,-0.0122388253,0.4997201486,0.3036474788,0.0010438933,0.0008382847,0.943968486,0.0420162659,2.2971302967,0.486411353,-0.2080888771,0.4151980805,-1.9924e-06,1.80286e-05,2.04364e-05,1.26691e-05,0.0302953358,0.091623046,3.0263215697,0.4154434537,-0.0545634211,0.2601921819,0.50425,0.0223888086,0.0370968998,0.0025541688,0.0301917133,0.1085375264,3.0910424278,0.5849375934,-0.1280082625,0.2379153398,0.4498865637,0.2824951014,0.020734591,0.0131041232,0.9902732677,0.0036251386,2.1840946252,0.1166704544,0.6522447143,0.0832174673,-0.0002559956,0.000160691,0.0001119649,7.06951e-05,0.9684434429,0.0076981374,2.245456939,0.1254760144,0.6586767058,0.0860796993,0.1586609196,0.0148547877,0.1405391455,0.0077981199,0.9590782213,0.0054425914,2.5183988501,0.1724589949,0.8443801488,0.1047549433,-4.443494132045966,1.8436246724042238,-1.183993044315693,4
154,817.9330456637881,29611,9,36.20222970202823,0.23055,0.0375292886,0.3069715581,3.1778561241,-0.0262562695,0.2486,0.0377232024,0.2726782726,2.9273644752,0.5423086854,0.52085,0.0356584843,0.2394755591,2.9069358794,-0.0824701797,0.038,0.0095131488,-0.1398075434,2.9519855926,-0.0540107346,0.4564955357,0.0921318445,0.8408922809,2.9047385046,-0.7357345646,0.0899776786,0.0639815434,0.9161536945,2.8514656609,0.8738621771,0.4535267857,0.0426370605,0.2241565648,2.9004617912,0.3811083456,0.0440848214,0.0104981691,0.0302486839,2.6759324922,0.1613860428,0.4973805447,0.3025563418,0.0003825656,0.00024737,0.9359930047,0.0394665603,2.5198882412,0.6020893621,0.0655306826,0.4639330331,1.9833e-06,8.4596e-06,9.7218e-06,5.7965e-06,0.0992083197,0.140006365,2.8882888776,0.2883869828,0.0427819048,0.1259105645,0.5037925,0.0167309913,0.0364788171,0.002439114,0.0556908532,0.1444630963,2.9030542283,0.4720158238,0.0953034082,0.2198561597,0.4641163952,0.3185651209,0.0151745709,0.0100669734,0.9943030074,0.0027555171,2.2482094653,0.1986469249,0.6326406088,0.2419321006,-0.0001064745,7.24703e-05,4.27953e-05,2.59654e-05,0.9348644443,0.0619049558,2.7850310195,0.4043148741,0.7902679083,0.3679177447,0.1901243914,0.0959923731,0.1229673055,0.0229720061,0.9112920102,0.1217454716,2.8660051609,0.305722947,0.848953956,0.3308234679,-2.759543679671442,-4.538680434329651,3.7577839298587943,4
155,388.195276226116,14147,20,36.44299883690408,0.24535,0.030734793,-0.0467526987,3.4268642746,0.411751345,0.2495,0.0296942755,0.179717737,2.9985705476,0.2923756334,0.50515,0.0358779528,0.1208113856,2.8936168021,-0.1491997637,0.03605,0.009906942,0.0977955197,3.2136521897,0.6180212341,0.4660555556,0.1224767426,0.9277247766,2.0377350064,-0.2810279696,0.0829444444,0.073772904,0.9250608547,2.7656205752,0.9759699318,0.451,0.0622258431,0.7101031001,2.3391196739,-0.2881247599,0.0444444444,0.0117010077,0.1075181284,3.2578883648,0.3211381126,0.498271959,0.3018602144,0.0010697505,0.0008239667,0.9505867006,0.0405409668,2.3615437918,0.5557901942,0.1327606584,0.4000333203,2.711e-06,1.384e-05,2.12097e-05,1.28223e-05,0.0440253364,0.1048481965,3.0189435847,0.4021417765,-0.0328893227,0.2257076901,0.50744,0.0169976292,0.036625177,0.0026454514,0.0292378672,0.1023488826,2.9829887076,0.5000505714,0.0047201195,0.192562326,0.4493009073,0.2856637748,0.0220850857,0.0135247252,0.9908186804,0.0052109241,2.098835191,0.1554693679,0.5480043501,0.1580931716,-0.000268306,0.0001617689,0.0001223566,7.44644e-05,0.9650861077,0.0166267598,2.1827063356,0.1265864338,0.56402524,0.1558697143,0.177830316,0.0505334373,0.1380006644,0.0159341351,0.9558486372,0.0198930221,2.4382354115,0.2694496718,0.7471510756,0.2300425863,-3.0269104065264103,1.29747666011325,0.13024668428118447,4
157,377.0698113542814,13752,10,36.47070008232272,0.27355,0.0313870594,0.0820703306,2.4319098066,0.1367907324,0.2389,0.0308591964,0.0989123773,2.9964909382,0.3788724379,0.48755,0.0313168884,-0.0851932477,3.4770637467,-0.2014735236,0.03845,0.010993066,0.0753826109,4.0142329515,0.5998675364,0.4355426357,0.1026211523,0.8897135498,2.0527314834,-0.1174579216,0.0915116279,0.0802288506,0.9451287512,2.5969861735,0.9187293437,0.4729457364,0.0463330227,0.4802131401,3.2732207026,-0.1775649164,0.0403100775,0.011609805,0.2588002573,3.1687364573,-0.0454674236,0.497748456,0.3034416683,0.0011711273,0.0007885236,0.9405984447,0.0359156383,2.3743266525,0.4406521987,0.2000152316,0.422039443,-3.124e-07,2.40997e-05,2.67844e-05,1.57537e-05,0.0581185553,0.1228437399,2.790823736,0.401911807,-0.0042074576,0.2035185884,0.4971675,0.0222359353,0.0364840273,0.0023437951,0.0295224625,0.1066773465,2.8554197592,0.4471276593,0.0182662038,0.2365088004,0.4471966261,0.2817260589,0.0209993799,0.0124687799,0.9879608159,0.0038672407,2.4011453788,0.212537294,0.7561232766,0.1644808674,-0.0003108284,0.0001866839,0.0001282354,7.53965e-05,0.9599912107,0.0080083818,2.4267821159,0.2105004998,0.7306252242,0.1663166293,0.1655423526,0.0362336205,0.137490075,0.0087451225,0.9561188722,0.0120966488,2.5443122598,0.2833398939,0.840408803,0.1979939078,-2.44391838160578,0.6611889806908404,-0.47199503768079104,4
158,338.93508825405326,12034,66,35.50532363583365,0.2406,0.0325981595,0.1985980321,2.9711977426,0.6335006777,0.2424,0.0340402703,-0.020029142,3.5677248785,0.469420728,0.517,0.0392045916,-0.0274908722,3.3200575355,-0.3046925782,0.0403,0.0114634201,-0.0216595347,3.2282596225,0.5637277426,0.3716423358,0.0806997442,0.7920691322,2.1607458233,0.2686168445,0.1096715328,0.0735671013,0.907317694,2.201083236,0.5270862595,0.5186861314,0.0417730664,0.201503322,2.8207365864,0.1057291092,0.0436861314,0.0131286458,0.2484724626,2.6696469055,0.2988124748,0.4976301691,0.3012254531,0.0009881826,0.0007020368,0.9387885469,0.0440668536,2.4207178308,0.4588365489,0.0136246298,0.5131764334,1.6877e-06,1.14465e-05,1.95755e-05,1.19404e-05,0.0212074932,0.1060529953,2.8848270527,0.3368108888,0.0002148326,0.2406422969,0.5050575,0.0195539208,0.0355831247,0.0028843742,0.0461861751,0.0918388806,2.8515608905,0.3024554928,-0.0138755673,0.2742567441,0.4435864793,0.2830361276,0.0260468252,0.0151423966,0.9920441906,0.0047280843,2.0664823091,0.2159666553,0.5167179978,0.1639914339,-0.0002750985,0.0001580774,0.0001310689,7.49555e-05,0.9698432517,0.0110319476,2.1171743516,0.2488730569,0.5118818047,0.181695706,0.1801443258,0.0341530056,0.1433809849,0.0096512384,0.9577725422,0.0115036509,2.3419599312,0.2161022175,0.7203572527,0.18140288,-4.144204758328994,2.3707614059645254,0.7989976036553754,4
162,955.726921604626,35303,10,36.93837559867805,0.24785,0.0333110717,0.0893229294,2.8201727715,0.1601819325,0.2333,0.0333183133,0.3014729381,3.245895363,0.1773994994,0.51885,0.0356851159,0.1753174169,3.1402908437,0.0648864328,0.0419,0.0109265731,0.0830124559,2.8151509922,0.1764000332,0.3941891892,0.1030528172,0.8790307841,2.0673122303,0.1870578914,0.0957567568,0.0625016347,0.8978574723,2.0630396992,0.469812172,0.5100540541,0.0553831597,0.5122512001,2.9155551108,-0.1925013885,0.0461891892,0.0108399607,0.0905321233,3.2685811605,0.3644737494,0.4976949057,0.3021234972,0.0008120931,0.0006887884,0.9514165775,0.0388518757,2.1393661222,0.4528591775,-0.0009906584,0.3936484468,-2.139e-07,1.11415e-05,1.53494e-05,9.393e-06,0.1069576789,0.1547026906,3.0047992092,0.5655521582,-0.0697597447,0.3040481132,0.4995375,0.0165985306,0.0360208016,0.0029221955,0.0767971242,0.128624015,2.9080594397,0.5508488372,-0.0881175531,0.2028327572,0.4548669282,0.2917886282,0.0203447701,0.0126097188,0.9915711249,0.0054372518,2.2153439199,0.2531668477,0.6375066291,0.1598180499,-0.0001932742,0.0001160699,8.57679e-05,5.27838e-05,0.9654333909,0.0128743369,2.3185748295,0.3386034705,0.6431063162,0.1693340399,0.1740200833,0.017788879,0.1415742029,0.0024167515,0.9598773721,0.0069645007,2.4021022369,0.2227457346,0.7488349235,0.1403626186,-3.8396109965192182,0.8073889773136622,-0.5354138535674068,4
163,472.6993997975578,17812,44,37.68145254178092,0.245,0.0310322413,0.1082285115,2.6892207956,-0.3164731861,0.2605,0.0317372021,0.3194531776,2.9282598776,0.0235084,0.4945,0.0383764251,0.159530062,2.9456575476,0.2259731615,0.03795,0.0110701174,0.218249365,3.1219444937,0.6291631111,0.430867052,0.1071010528,0.8884362652,2.193096523,-0.0659350223,0.0878034682,0.0699221416,0.9168088669,3.000211306,0.9508370916,0.4813294798,0.0535337514,0.5343464619,3.134725066,-0.318361065,0.046734104,0.0126032771,0.039878369,2.714421413,0.3035774246,0.4966529176,0.3024506676,0.0008595438,0.0005925144,0.9224408473,0.0398494261,2.3305013957,0.3402113401,-0.0760233251,0.2827985733,1.3814e-06,1.52146e-05,2.12733e-05,1.26866e-05,0.1044199303,0.1412384143,2.8372997918,0.3776725996,-0.0166951088,0.2131174204,0.499205,0.0199630027,0.0369534822,0.0026667679,0.0710978269,0.1506102344,2.8618870703,0.3594382135,0.0348218801,0.2231505831,0.4407422511,0.2836619211,0.0250589964,0.0157212766,0.9917970851,0.0040156251,2.0577951809,0.1403661072,0.5374915192,0.1698326747,-0.0002758021,0.0001784138,0.0001288506,7.97031e-05,0.9673253328,0.0221596854,2.1609936737,0.1612993456,0.5759107472,0.1630477906,0.177440875,0.0682962103,0.1381452831,0.0169649065,0.9520038602,0.0359492066,2.4925680128,0.2205180036,0.793282232,0.2084526422,-2.4137589824321886,1.1163859099074949,0.27633129416631425,4
167,778.3442936577695,29151,44,37.45257752582357,0.2559,0.0334617692,0.0225595951,2.9344806944,0.1250735838,0.2395,0.0307774268,0.0974708073,3.2050813007,0.527321928,0.5046,0.0393553046,0.0716354881,2.9398492009,0.122855605,0.03685,0.0099663183,0.1041215316,2.6169628699,-0.0240918677,0.4531924883,0.1121289731,0.8880564329,1.9820760174,-0.0664066904,0.0981924883,0.0680644236,0.9266852142,2.2486557039,0.625578918,0.4486150235,0.057362468,0.5297668713,2.5546725,-0.2546488924,0.03842723,0.0097258482,0.1062613569,2.8963110824,0.4083472681,0.4986845698,0.3024394908,0.0006591474,0.0005074809,0.9461949826,0.0351352102,2.3831617143,0.8439849684,-0.1625261894,0.4826884113,-8.682e-07,9.2221e-06,1.29325e-05,7.7473e-06,0.0610074168,0.0978130382,2.9919042129,0.3668995383,0.046392283,0.2123016707,0.49833,0.0181837249,0.036022469,0.002427957,0.0319526953,0.1069984488,2.8825432036,0.3795818708,-0.0304802772,0.1948647088,0.4485099763,0.2962574723,0.0215525758,0.0138295196,0.9927669133,0.0029315617,2.3303185957,0.2201920201,0.730996128,0.1413249409,-0.0001552481,9.3205e-05,7.25723e-05,4.56723e-05,0.9685537517,0.0051132268,2.2335204289,0.2942830798,0.6279441862,0.2000529975,0.1807369495,0.0296739254,0.1482061241,0.008842595,0.9646619222,0.0072286273,2.2837351791,0.3215183918,0.7037509862,0.2268324014,-3.5107567000339626,1.0520688012272548,0.24917270926803659,4
168,926.2258370212288,34833,70,37.60745879430876,0.2425,0.0289870661,-0.1389658011,3.8896402643,0.1244027116,0.2779,0.028654668,0.0507798647,2.3515088261,0.1813633487,0.4796,0.0341883021,-0.1220677261,2.6276192836,0.1144293555,0.03415,0.0107716062,-0.0852844471,2.3534503893,0.0041880616,0.3742230576,0.0730555656,0.7708859918,2.1501873779,-0.1986986535,0.0916165414,0.0720150766,0.9223334928,2.7107962536,0.8546259133,0.534160401,0.0379567005,0.0360108737,3.0594231532,0.0890856842,0.0490100251,0.014967296,0.3237799128,2.5684295572,0.2720630254,0.4984597403,0.3031207322,0.0002874944,0.000192446,0.9402074994,0.0535506186,2.4862188365,0.7328121226,0.0415560892,0.4744864338,-3.296e-07,2.7125e-06,6.0435e-06,3.6583e-06,0.0216287682,0.0895007476,2.8454008406,0.4284629017,0.0030154147,0.221397531,0.4998175,0.0124223918,0.0346858639,0.0026228268,-0.0044079187,0.0978042659,2.8741473412,0.3274744934,-0.0302116796,0.2275751176,0.4645674883,0.3376795352,0.017512825,0.0112475385,0.9967094132,0.0015829447,2.0711199673,0.1311324413,0.4975308056,0.1698940985,-6.01343e-05,3.66154e-05,2.90225e-05,1.81294e-05,0.9529193051,0.0428206258,2.2279145883,0.1026656391,0.550691175,0.1074924974,0.2087974983,0.0744904324,0.1299952638,0.0272189143,0.9287027401,0.0788703915,2.3581524604,0.1598206742,0.6692917206,0.2008394216,-6.959236445301928,-0.6533511011663147,4.025483054765645,4
169,711.0972354550969,26308,72,36.99634689644529,0.27365,0.0311917858,0.2758343269,2.6009749058,0.2948879518,0.2183,0.0346498196,0.1364410179,2.8277050842,0.0640736792,0.50805,0.037755099,0.0137968443,2.6303855744,0.0142616599,0.03695,0.0119978123,0.0201163736,2.8356436317,-0.0120191592,0.4189737991,0.0966792257,0.858276647,1.9801846869,-0.1845083844,0.0766157205,0.0677573433,0.9287208631,2.9407992506,1.0054308899,0.5044104803,0.0480604339,0.4497073217,2.7393358668,0.037965852,0.0458078603,0.0127839873,0.3796600281,3.2230393495,0.1756731773,0.4946413864,0.3015693494,0.0010196675,0.0007558868,0.9649746995,0.0366243334,2.2591841087,0.4190899716,0.1568256676,0.4444337897,1.8973e-06,1.384e-05,1.71738e-05,1.02153e-05,0.0677580642,0.0887131274,2.8742564981,0.4757149737,0.0824366582,0.221701154,0.49883,0.0218785363,0.036635519,0.0030658602,0.0468091529,0.1068231143,2.887035467,0.6121191814,0.1542739544,0.2681376303,0.4325677726,0.2814106504,0.0300686699,0.0191165974,0.9934042733,0.004292273,2.1054339644,0.218583972,0.5528617004,0.1625860789,-0.0002401158,0.000146636,0.0001145386,7.28285e-05,0.9745611331,0.0069274062,2.106476684,0.2065282159,0.5257229215,0.1565207105,0.1724853249,0.0178165531,0.1442487366,0.006818821,0.9645357237,0.0044139413,2.3228769987,0.235280865,0.7201920809,0.1490708742,-3.3250909126814534,2.0016895668175723,-0.5324488633173241,4
170,947.3318114771216,35528,46,37.50322703151198,0.25265,0.0301036127,-0.1068240802,2.3644565053,-0.1551230314,0.2793,0.0311208933,0.163580967,3.1210169224,-0.0311299965,0.46805,0.0350848614,0.1128453109,2.9539484312,-0.3199479728,0.03085,0.0084277814,0.0970615231,2.450584972,0.1829518429,0.3903436426,0.0819901854,0.8464174601,2.1114434954,-0.1558944056,0.1150515464,0.0700239092,0.8874437933,2.5117399565,0.6370667667,0.494604811,0.0363889618,0.0866078507,2.7313561575,0.0835650045,0.0398109966,0.0109771091,0.1207462861,3.6037413023,0.5741864597,0.4966984169,0.3017698025,0.0004178261,0.0003051996,0.9511610779,0.0396652088,2.5367886907,0.5570889585,-0.0209213298,0.5514966873,1.9011e-06,3.7446e-06,7.6563e-06,4.6431e-06,0.0729755691,0.1508462849,3.0192196514,0.3666795779,0.0659427974,0.2357904767,0.504725,0.0115949288,0.0358986295,0.0019736775,0.0078385835,0.1286431591,2.9188086236,0.4692868676,0.0397920273,0.2461264841,0.4632745616,0.3296040144,0.016231452,0.0118850784,0.995341483,0.0024362123,2.048343823,0.1112345122,0.4837768701,0.1810241979,-6.58932e-05,5.0974e-05,3.34693e-05,2.24165e-05,0.8654162419,0.2381593568,2.2215846644,0.182667602,0.4836518948,0.1804012473,0.2298891882,0.1080242403,0.1315591057,0.0388703235,0.847410873,0.2685350889,2.4243122094,0.3652532459,0.5705767675,0.2715368492,-5.086774332147045,-2.105101946774896,7.983955704415932,4
171,373.7456251569556,12899,68,34.51277856318191,0.2362,0.0299259085,0.07529254,2.6450829856,0.0472662272,0.2408,0.0361919881,-0.0385677973,2.6970146281,-0.1089340662,0.523,0.0384642691,0.0848452327,2.8852597531,-0.1220393247,0.04015,0.0102823879,-0.1837602687,3.0068312653,0.4495034887,0.3882822086,0.0811523228,0.8542939568,2.0924696994,0.1321601253,0.0846319018,0.0636843209,0.8924902129,2.4996935251,0.7381725141,0.5270858896,0.0400222942,0.3632230632,2.7946942947,-0.2990873415,0.0474846626,0.0121515763,0.3324279807,3.2882822108,0.5358338911,0.4948155746,0.3004986327,0.0010898839,0.0008204943,0.9632228295,0.0337435162,2.5239615382,0.7108190893,-0.2884368145,0.5569037122,1.9252e-06,1.31533e-05,1.98008e-05,1.21827e-05,0.0447255707,0.0976259276,2.9347620356,0.3698861468,0.1244886942,0.2124164658,0.50431,0.0158946343,0.0348975017,0.002588219,0.0123131727,0.1144547628,2.8419018729,0.2534003332,0.0014381452,0.1515604377,0.4410684056,0.2787303907,0.0278983016,0.0177107368,0.9929861407,0.0022650952,2.0302270227,0.0901185093,0.5029902313,0.0767973626,-0.000273059,0.0001748628,0.0001252823,7.94134e-05,0.971021011,0.0038100717,2.0824262946,0.0993050701,0.5051143917,0.0825823825,0.1777697904,0.0192325464,0.1429410031,0.0083967052,0.9605490954,0.0037696963,2.2909491385,0.1972157183,0.6963330568,0.1189635804,-4.87835905156923,3.716810146102527,-0.7024847493949289,4
173,511.75700209822224,19297,33,37.70734923192375,0.26835,0.0289487046,0.0757622486,2.7290793939,0.000988394,0.251,0.0334738704,-0.2717621882,2.8291407486,-0.0241951792,0.48065,0.0346457429,-0.0718448038,2.9026948169,0.1668301124,0.0354,0.0105280578,0.1161337478,3.1605930162,0.3958489637,0.4096381579,0.0885502793,0.823147315,1.9915957122,-0.0394529388,0.0962828947,0.0722056108,0.9010412476,2.2366145342,0.6910090553,0.4940789474,0.0421089637,0.1497908932,3.3363275501,-0.2252484975,0.0428947368,0.0113775852,0.1620374602,2.6013329022,0.1940409723,0.5015726034,0.3045832803,0.000888276,0.0005800166,0.9438060301,0.0427324769,2.5419528124,0.593262212,-0.0510320259,0.5835062005,2.155e-07,1.86997e-05,1.9959e-05,1.18468e-05,0.0137930597,0.1112410853,3.1187964403,0.5712260315,0.0202457129,0.2486793097,0.500705,0.0202836751,0.0350472529,0.0023697175,-0.0047353271,0.110416336,2.9924451847,0.5989566498,-0.0297052422,0.1734675633,0.4441526653,0.2831103558,0.0223946137,0.0143158066,0.9898362028,0.0032542477,2.4729245016,0.1472053856,0.8330884371,0.0794305613,-0.0002876496,0.0001855996,0.0001159912,7.46754e-05,0.9655167542,0.0041708303,2.5493765918,0.1393768011,0.835789722,0.0704017402,0.1427701792,0.0157939292,0.135479048,0.0074857931,0.9604968025,0.0052179567,2.8464662816,0.2646249295,1.0080467025,0.1158452022,-3.8314661210820966,0.7579181645441763,-1.4644332945328984,4
175,652.468421062802,23438,16,35.92204502682594,0.24315,0.036794395,0.3704895965,2.4259029148,0.0381690359,0.26315,0.0299470783,-0.0628643536,2.9050873525,-0.0423543344,0.4937,0.0385332324,0.2882688303,2.9514482365,0.2292766588,0.0388,0.0112498889,0.1451205303,2.929913766,-0.0475183791,0.4672175732,0.0995696742,0.8640182652,2.4640670052,-0.5703515834,0.0767364017,0.0652194363,0.9162190244,3.5787170061,1.1538867809,0.4560460251,0.0477654877,0.4071066866,2.5241541071,-0.1795548314,0.0438912134,0.0116038465,0.0941692018,2.884898983,0.0870239456,0.4983388508,0.3020359039,0.0005616841,0.0003764937,0.9412666656,0.0582434689,2.6848472871,0.9382797199,0.0454444117,0.5675808781,-1.9058e-06,1.15151e-05,1.27058e-05,8.0048e-06,0.2149851057,0.1413148493,3.030606841,0.4483803597,0.0678007897,0.2506407857,0.494275,0.0250186006,0.0370059705,0.003016976,0.1349804062,0.1370736038,2.9566736707,0.3467293676,0.0184941167,0.2405700265,0.4595650582,0.3054482006,0.0181751943,0.0110350881,0.9947569508,0.002001374,2.071734031,0.1427996013,0.5161016991,0.1483037123,-0.0001644071,0.0001008685,5.54087e-05,3.36793e-05,0.9519521277,0.0175399871,3.0546944953,0.4934803438,0.8872764159,0.1564806243,0.1559567106,0.0334776967,0.1197660463,0.0161723768,0.945160199,0.0203507314,3.3241766793,0.5301432955,1.0303623595,0.1558659475,-1.39643084852997,-3.8913824266796824,-0.9452747022537248,4
177,299.2308375364136,10592,35,35.39742122571526,0.2375,0.027870235,0.1447400939,2.4899623958,0.0140311864,0.25755,0.0317371628,-0.0377429529,2.4633509462,-2.42358e-05,0.50495,0.0376397064,0.0480713152,2.6221309752,-0.152434907,0.037,0.011,0.0344480764,2.9469981559,0.151014275,0.4068965517,0.0737191057,0.7873725002,2.5837160401,-0.1206657308,0.0862758621,0.0672611465,0.8903214066,2.4432776609,0.6961226327,0.5068275862,0.0398393922,0.2373791474,3.6737287824,-0.0960953367,0.0453793103,0.0120785184,0.1951884121,3.4055797394,0.4600400786,0.4962412646,0.3020374333,0.001157681,0.0008189124,0.959280822,0.033373464,2.5065943387,0.8006420292,0.0518995127,0.5696584161,-3.6903e-06,1.21755e-05,2.21246e-05,1.31563e-05,0.0240431039,0.0772553978,2.8262338977,0.3774207975,0.0911828047,0.2199690973,0.4964825,0.0202913299,0.0369070214,0.0030616007,0.0142222292,0.1080860258,2.8983099427,0.3912788632,0.0842944516,0.2000677826,0.452612182,0.2920516536,0.0197637553,0.012632315,0.9904081708,0.0028239298,2.1982840208,0.1530230475,0.6223323589,0.1895147487,-0.0002198893,0.0001485757,9.92374e-05,6.10096e-05,0.9291941435,0.1265142857,2.3059041785,0.126391503,0.6117263909,0.2027322081,0.1921791344,0.0797491752,0.1356974687,0.0244266455,0.9070730595,0.1807288642,2.4386970911,0.1784737541,0.7250782255,0.2434797246,-4.039492589458062,-0.25363740122946554,3.7541824263885872,4
179,820.0699690514098,30869,24,37.64191003812363,0.26335,0.0268612639,0.0509119527,2.5717977637,-0.023099608,0.24195,0.0293419069,-0.1344586018,2.7024159557,0.2078151062,0.4947,0.0294857593,-0.1232650128,2.9500773261,0.2370760785,0.03535,0.0097533328,0.0775419304,2.5394354157,0.370574999,0.4052554745,0.0876212844,0.8312482401,2.0585771689,-0.0493293291,0.1050729927,0.0729788125,0.911149751,2.3767597444,0.7188283874,0.4896715328,0.0422592122,0.2419006838,2.8150119232,-0.0038839378,0.0443248175,0.0111312822,0.2090231421,3.5128591827,0.4636759105,0.4992446836,0.3028728103,0.0004481865,0.0003555525,0.9376834301,0.0514268942,2.515929085,0.649251214,-0.0476482561,0.4461752775,-1.3389e-06,4.2559e-06,8.8309e-06,5.4642e-06,0.0174948036,0.133180119,2.7983954287,0.3258061119,-0.0100340059,0.2218131979,0.4941375,0.0130608085,0.035689476,0.0023864571,0.0288333806,0.1207462711,2.8263357031,0.4052204979,0.0275575848,0.2063294622,0.4576872727,0.3098087967,0.0198897755,0.0118255208,0.9955489236,0.0022532514,2.048658289,0.1276191002,0.491289374,0.1376480774,-0.0001118248,6.85353e-05,5.21721e-05,3.1281e-05,0.9667137052,0.0130667992,2.2234720372,0.2346715655,0.558220057,0.1949438365,0.188286368,0.0438680444,0.1378060397,0.0120009876,0.9548718827,0.0151952266,2.3963754576,0.2794643198,0.7089728092,0.2240308172,-5.369983660676125,0.0920573702669337,1.5861823236596126,4
180,299.6095568583181,10608,6,35.406080203964926,0.27265,0.0488131898,0.6054780145,2.4077684205,-0.1224118582,0.20165,0.0468511206,0.6255218195,2.2424961023,0.1132723513,0.5257,0.0318199623,7.41959e-05,3.4414108198,-0.5485007616,0.0381,0.0104110518,0.0892377133,2.7487866786,0.504834089,0.4235263158,0.1020858093,0.9300394356,1.8255771886,-0.0495046986,0.1087894737,0.0819329501,0.9114434016,1.8567296054,0.4731011758,0.4676842105,0.0390802853,0.3580137406,3.294396264,-0.2482413316,0.0429473684,0.0132286519,0.2762277523,4.3779847159,1.0165836171,0.4946721057,0.2997328662,0.0012870097,0.0007306253,0.9349610646,0.0505073416,2.42761499,0.4223371268,-0.0406017574,0.3940903533,-5.8178e-06,2.61261e-05,3.19666e-05,1.90522e-05,0.1457366576,0.1762167733,2.9001461593,0.4642396718,-0.0936919105,0.2711349103,0.4971725,0.0258406147,0.0385935029,0.0035138165,0.1398242828,0.1505864829,2.7663405588,0.3930071654,0.0031089065,0.2503281241,0.4551617623,0.2817014118,0.0217462065,0.0129863893,0.9860347676,0.0064050676,2.1650038636,0.1901804099,0.6140205897,0.1557371181,-0.0003970572,0.0002338731,0.0001876572,0.0001115919,0.9637007977,0.0212624947,2.2125970775,0.1914605843,0.6029132476,0.1617019058,0.1717439559,0.0475688427,0.1472448703,0.0193186634,0.9504975589,0.0357400485,2.4982558303,0.2609710356,0.817605282,0.2200547629,-1.0851164005451035,1.5509782629100586,0.0023973197075150775,4
181,823.2164197170127,30309,6,36.81777874452378,0.25885,0.0328470318,-0.0074403806,2.9582941686,-0.0201731943,0.25275,0.0285952356,0.1904777567,2.8140375273,-0.307949662,0.4884,0.0365162977,0.0456312976,2.7563750057,-0.0838508895,0.03465,0.0078821,0.0060566161,3.3261105239,0.2226420793,0.3814717742,0.0871892593,0.8400773664,1.9697682033,0.158057117,0.1095967742,0.0652263329,0.887164231,2.3749844589,0.5115174411,0.5089314516,0.0437778407,0.2103223831,2.9674942071,-0.0899304538,0.0442137097,0.0114778316,0.1248480657,3.2126960742,0.1748368722,0.4969001539,0.3013495966,0.0004626076,0.0003318466,0.9409948812,0.0475608686,2.5303724936,0.5094234059,0.0772898003,0.5036423071,-3.301e-07,8.2071e-06,9.89e-06,5.9736e-06,0.0186698461,0.100033626,2.7530389592,0.3012784695,0.0422851734,0.1969215125,0.5035425,0.0168455875,0.0355254926,0.0022144412,-0.0200133948,0.0751256081,2.8105949093,0.4029209458,0.0827537009,0.2348256065,0.4576914081,0.3104674116,0.020449743,0.0126520663,0.9952208861,0.0025077603,2.0441151642,0.0790796312,0.5000117494,0.1113145055,-0.0001363103,8.20849e-05,5.37972e-05,3.29157e-05,0.9641168086,0.0111593332,2.4551822708,0.1778960337,0.6731621023,0.1621124341,0.1675960831,0.03332596,0.1242287287,0.0136828891,0.9452484182,0.0263900595,2.7256563909,0.2913151258,0.842186061,0.2233711187,-4.939811791526234,-0.38562958039472034,1.3268670037828392,4
183,415.192035489308,15699,28,37.81141895339724,0.2538,0.0324123433,0.0993107889,3.3481510962,0.2591323348,0.19175,0.0312919718,0.3549738728,3.461063271,0.1932937162,0.55445,0.0327558773,-0.0235987291,3.041781166,0.2746958959,0.04115,0.009587883,0.0024224659,2.9464771088,0.2837327609,0.4258208955,0.0818835951,0.8348428009,2.1479880621,-0.1190268404,0.0695149254,0.0603530329,0.8868685897,2.9664624737,1.0247642828,0.5046641791,0.0434741206,0.3393288149,2.7737569284,-0.246540252,0.0503358209,0.0128306676,0.2477421822,3.4010237437,0.4686403432,0.4967812158,0.3018077979,0.0009005123,0.0006730132,0.9306717507,0.048957769,2.1993341509,0.4521852621,-0.1531817244,0.2909769706,-2.1703e-06,1.70614e-05,2.10231e-05,1.34656e-05,0.0758580393,0.1123519132,2.9314075794,0.3991787217,0.0199403309,0.2053477965,0.501095,0.0202538941,0.0364424343,0.0024707758,0.0396550714,0.0986698583,2.9385187712,0.4304263701,-0.0514738196,0.2420174205,0.4475842846,0.2786717169,0.0236705831,0.0147013144,0.9906847858,0.0043659814,2.0699905853,0.0880224776,0.5689696752,0.0745979859,-0.0002908966,0.0001847914,0.0001332997,8.26244e-05,0.9714805787,0.006348916,2.1349321678,0.0807744301,0.5744893508,0.0618194386,0.1656475036,0.0133968061,0.1429093995,0.0075001261,0.9590779515,0.0066870239,2.4450824522,0.173115017,0.7957450586,0.0888710789,-3.8644310774361803,2.5445191214237313,-1.5036592111034097,4
184,686.4925092299316,25225,25,36.74475636783856,0.25835,0.0331515837,0.1758577566,2.4790035817,0.1806235262,0.24805,0.0316219465,0.1885136777,2.6818147624,0.2963558789,0.4936,0.0349004298,-0.0546336732,2.4725375169,-0.1080092941,0.0348,0.0111785509,-0.1551083651,2.5927627955,0.2380204248,0.4336592179,0.0936720838,0.8803040294,2.0531143389,-0.1720178547,0.0915921788,0.0747330904,0.9278143863,2.8607419037,0.9203369105,0.4747486034,0.0438931974,0.3773831898,2.4964937227,0.0739881085,0.0435195531,0.0127464929,0.1721755398,3.3750856117,0.4312677637,0.4936761286,0.3007489452,0.0007611921,0.0005282768,0.9438379613,0.0526530899,2.2060772697,0.5300645872,0.1248993345,0.3856472768,4.2304e-06,1.31137e-05,1.47201e-05,8.8262e-06,0.0994882224,0.123476446,3.081637906,0.5643990124,-0.0781235731,0.2843274954,0.50584,0.020671403,0.0349390607,0.0027837986,0.0418995299,0.1144739518,2.9015429104,0.4488703869,-0.0675954884,0.1499467043,0.4548177961,0.2933208355,0.0196463233,0.0116806241,0.9913693336,0.0043983108,2.2510101227,0.321698874,0.6198862748,0.207481743,-0.0002158022,0.0001299467,8.9779e-05,5.36603e-05,0.9564138173,0.0102884571,2.4796075291,0.3706342463,0.6753679153,0.2348686175,0.1858238673,0.0444153804,0.1412888755,0.0135943391,0.960796113,0.0110529042,2.222640999,0.3356306556,0.6313198899,0.2284153725,-3.329273951564531,-0.031041235506076376,1.2674892444068062,4
186,493.3356926512743,18627,32,37.757251862104624,0.237,0.0326419975,0.1855006056,3.4145783424,0.1218802217,0.2516,0.0332631929,0.1330600699,2.3631687563,-0.0332848898,0.5114,0.036973504,0.0180455109,3.2039052678,0.1232719231,0.0413,0.012562245,-0.037288599,4.1086282414,0.854924869,0.395,0.0953327506,0.8514849183,1.9873488194,-0.0777412518,0.0989583333,0.0751939044,0.9112771262,3.088157236,0.9701312169,0.5060416667,0.0430885514,0.3571038738,2.2561043262,-0.1719021579,0.0402916667,0.0130431309,0.2556170071,2.3612737248,0.2234891428,0.4980802586,0.3029538984,0.0010157122,0.0007177035,0.9474228064,0.041529198,2.6397368233,0.7990179732,-0.0954625441,0.5736418199,7.9476e-06,1.91559e-05,2.14282e-05,1.3588e-05,0.0989687306,0.1301962081,3.1000065489,0.5096350827,-0.133417026,0.2425245305,0.5084925,0.0229251733,0.0359643514,0.0032429623,0.0858892006,0.1036357072,2.9891648501,0.3497099176,-0.0897567752,0.2414350847,0.4580518943,0.2916553913,0.0192035551,0.0128829644,0.9551796709,0.1276995363,2.0784897828,0.145055399,0.5078583608,0.2140197679,-0.000257847,0.0001780743,0.0001159373,7.43887e-05,0.8790615534,0.3246983016,2.214692869,0.3330866201,0.6049094744,0.191970804,0.1858956462,0.0854807589,0.1348418416,0.0321142078,0.9253517542,0.1210499376,2.5711660562,0.2715882876,0.7719779156,0.3841176661,-2.7786723599398133,-0.3935434999466474,5.60177790268764,4
187,978.4045079009236,36097,40,36.8937384369199,0.27295,0.0328792868,0.0692324284,3.1155815863,0.2265724514,0.25025,0.0343756818,0.0592474,3.0763504156,0.2641462775,0.4768,0.0337306982,0.0828399655,2.3990087159,0.0248261484,0.035,0.0096953597,-0.0161290323,2.5152784065,-0.1892767713,0.3579434447,0.075618355,0.7700715745,2.1510937938,-0.0002011924,0.0934447301,0.0710576373,0.9077476268,2.5815662513,0.7596249301,0.5486118252,0.0391638305,0.0317596377,3.3648256209,0.0139750116,0.0478920308,0.013545265,0.2463116267,3.0508170278,0.3640981746,0.4975142386,0.3025234198,0.0003806363,0.0002819653,0.9553801925,0.0315944161,2.4322559098,0.5494311913,0.0885082008,0.4368761159,9.892e-07,3.5216e-06,7.7588e-06,4.6538e-06,0.0446824025,0.0992756178,2.9503709199,0.344311278,0.0375131305,0.1865039125,0.4997525,0.0113429876,0.0362108685,0.0024871417,0.032037307,0.0926206923,2.9631478003,0.3407245431,0.0620440829,0.2142925222,0.4463754998,0.3156251431,0.0261949931,0.018055838,0.9965909739,0.0017857514,2.0415080334,0.1363826404,0.5078702836,0.1137133132,-0.0001033588,7.24059e-05,4.83126e-05,3.31112e-05,0.9728386661,0.0040101642,2.1265744663,0.1038095153,0.52814439,0.0984911597,0.1842861613,0.0104517703,0.1445862039,0.0066073515,0.9622103472,0.0073909638,2.3150598447,0.0585891339,0.6971016843,0.0725875148,-6.395937977800732,1.9821414926543495,0.7552629417043804,4
188,428.18543439130895,16124,18,37.6565821836542,0.26875,0.0346365053,0.3344020018,2.9260754621,-0.2263488249,0.2205,0.0325461211,0.0699716828,3.1591695132,0.3310709951,0.51075,0.0338922926,0.055580608,2.5364785593,0.1951183853,0.03425,0.0125772612,0.0083501113,3.8828767456,0.8256042545,0.4582857143,0.1083930866,0.9063128214,1.9700266438,-0.1256585975,0.0866857143,0.0676029464,0.9135453365,2.8787991272,0.9036361991,0.4550285714,0.0559783048,0.5917035697,2.497981505,-0.2146743391,0.0445142857,0.0102493803,0.1770793868,3.183462155,0.2822538863,0.498384805,0.3033423133,0.0008192074,0.0005270428,0.947856881,0.0292317956,2.5544977417,0.6900228781,0.1712250952,0.4843796078,1.1919e-06,1.07522e-05,1.96596e-05,1.18767e-05,0.1216147626,0.1335038711,3.0401174704,0.5625167847,0.011958289,0.2724891934,0.5007525,0.0174127502,0.0380484083,0.0022217119,0.083814522,0.0964359151,2.8097511016,0.5013314007,0.0048718299,0.1400533763,0.4538970015,0.2897086567,0.0228243645,0.0138132631,0.9916711499,0.0034372118,2.1349416133,0.1005440793,0.6001248015,0.1122377254,-0.0002590052,0.0001516487,0.0001081558,6.54404e-05,0.9639962829,0.0057569062,2.4996126798,0.241204626,0.729337652,0.1715299015,0.1599743529,0.0174939217,0.1372795528,0.0118155045,0.9566529304,0.0099006474,2.6688752348,0.2814514697,0.8592148537,0.1949474045,-2.5060458268182835,0.31801952796412397,-1.082398562383687,4
189,608.7466678272481,22735,72,37.34722701833631,0.25955,0.0300007917,0.1726108435,2.6227320139,-0.1234566984,0.22155,0.0325168802,0.2448988554,2.7112947919,-0.0752331651,0.5189,0.037333497,0.3877956529,3.369797651,-0.0001760736,0.0401,0.0108392804,0.0406104925,3.2180434064,0.4100896005,0.4413636364,0.0988086054,0.8613011977,2.3090832802,-0.3939680669,0.0777878788,0.0623998628,0.8591117307,3.7856586888,1.185019745,0.4808484848,0.0498136657,0.5620623258,2.42136068,-0.0367751615,0.0443939394,0.0099816176,-0.0895945468,2.6514033001,0.1671414867,0.4940773492,0.3016189866,0.000850587,0.0005868158,0.9416596356,0.0358072372,2.4719447825,0.6025223558,0.0831544152,0.4725859694,1.1795e-06,1.72854e-05,1.97719e-05,1.15969e-05,0.140975734,0.1786125953,2.8399258137,0.4412953857,0.0442775672,0.2303945233,0.498535,0.0217010029,0.0371174271,0.0041312049,0.1084278777,0.1382726003,2.9039967444,0.4367575112,0.0743411354,0.2496349909,0.4493399546,0.2938809487,0.0213943647,0.0127732305,0.9915245117,0.0032788178,2.2949379849,0.2023417761,0.6987661528,0.1941322612,-0.0002123965,0.0001188337,9.05138e-05,5.398e-05,0.9612983985,0.0131230181,2.4586609709,0.232363242,0.7275755809,0.1998848575,0.1710147067,0.0478822988,0.1335086565,0.0142575344,0.9559412805,0.0136300661,2.6085595078,0.3255562236,0.8386502629,0.225613328,-1.3270803832876337,-1.2768292597054816,-0.5147204400253114,4
190,529.9061158787065,19385,30,36.58195181962601,0.23925,0.0315228092,0.2281110186,2.7701954766,-0.1952198347,0.2477,0.0341937129,-0.0157405834,3.0787505548,-0.1255710438,0.51305,0.0357553842,-0.0301903802,2.561502942,0.3317025702,0.03685,0.0103115227,0.0494805314,4.0400623779,0.7978858121,0.4199230769,0.0999505992,0.8793208413,2.2146635828,-0.4734324163,0.0929230769,0.0705012764,0.8940933413,2.6077895303,0.8335444343,0.4871538462,0.0420893667,0.4334968389,2.5352770002,-0.069675824,0.0441282051,0.0119296646,0.0374270701,3.3024587716,0.3766906424,0.5008827065,0.3041464252,0.0006627336,0.0004208818,0.9489422319,0.0321020021,2.4914878382,0.6620707053,-0.0187694686,0.4522262978,-5.952e-07,1.27173e-05,1.55459e-05,9.5895e-06,0.101860054,0.1472049579,2.9254305894,0.4197152772,-0.0138598015,0.2268532666,0.5009525,0.0227390219,0.0376799459,0.0026389023,0.086336103,0.1097656835,2.9183519417,0.4277718373,-0.0874880592,0.2021789149,0.4451441621,0.2960666463,0.0253789285,0.0156226704,0.9938045592,0.0032218628,2.1740192608,0.1603712989,0.5972896362,0.156621349,-0.0002277469,0.0001372642,9.06996e-05,5.65972e-05,0.9671884453,0.006779281,2.8010162595,0.18259458,0.893969275,0.1046885375,0.1500860239,0.0297119157,0.1320440157,0.0063776573,0.957122048,0.0105956265,3.1157077285,0.3064728787,1.0671613251,0.1373182965,-2.865018528745248,-0.47187568255614837,-1.5454321593332248,4
191,684.5426267640078,25088,66,36.64928818033847,0.25495,0.0355351586,-0.0557412373,2.3844860013,0.0710502547,0.27125,0.0319951168,-0.0566420977,2.5285219208,-0.0283800329,0.4738,0.036360143,-0.1506598162,3.9895675648,0.0787626608,0.0316,0.0109517122,0.0389475199,2.9577792064,0.4626338993,0.4837605042,0.1062265169,0.8679138524,2.4633762932,-0.5634932978,0.0747689076,0.0639397133,0.9099282382,3.9966016517,1.2866522343,0.4414705882,0.0549497591,0.5511464072,2.8625429648,0.1434213764,0.0430882353,0.010905466,-0.02737619,3.2416338384,0.29521205,0.4981416969,0.3027901623,0.0005441422,0.0004779977,0.9408836709,0.0571654054,2.7548275276,0.9228789018,-0.0251374797,0.5644990636,1.0928e-06,7.2544e-06,1.21993e-05,7.226e-06,0.1114585242,0.1322991374,3.0504764633,0.5364623983,0.0751005998,0.2720603475,0.50378,0.0160552437,0.0374228997,0.0031925423,0.0528917282,0.1059215724,2.8099423705,0.2756885509,0.032968227,0.2328641146,0.4569154177,0.3014174778,0.0197206134,0.0125153783,0.9946778728,0.0024644841,2.0359584478,0.0981500311,0.4941945496,0.093960943,-0.0001641876,9.98092e-05,6.29596e-05,4.065e-05,0.9629185436,0.008415365,2.9099201423,0.3481097145,0.8832288651,0.1502702244,0.1482461184,0.0163798813,0.1239675857,0.0049895491,0.9526860379,0.008704656,3.3071828991,0.4219676653,1.09845411,0.1515342224,-2.0068203634757547,-3.2076743949973214,-1.3410651889226068,4
193,412.3357645029491,15115,16,36.6570191121316,0.2673,0.033477007,0.1108134573,2.5826654294,0.0825585754,0.2808,0.0308765283,0.2767017128,2.9589196489,-0.2299386198,0.4519,0.0366045079,-0.0701253805,3.0814847394,0.0822853411,0.0337,0.0092903175,0.0050110679,2.6472882485,0.1855789734,0.3728918919,0.0744122134,0.8060461976,2.1446567931,0.1071708743,0.0952972973,0.0780023786,0.907807152,2.6001584774,0.8533777812,0.5318108108,0.0437417716,0.2789418705,3.0349019898,-0.2309685245,0.046,0.0135247521,0.3525890171,2.8874456663,0.4187882378,0.4972944389,0.3021270278,0.0005453839,0.0003619167,0.9356770207,0.032523223,2.4789184622,0.6698193714,0.16525275,0.4435334237,-1.0488e-06,5.0591e-06,1.20719e-05,7.5838e-06,0.0521438624,0.0924610733,2.8061627282,0.4412669218,0.0324473747,0.2496175816,0.4957175,0.0138054362,0.0364363927,0.0026498884,0.031029854,0.1184329876,2.710022973,0.4151877387,0.0384564634,0.2310347884,0.4666960627,0.3025951515,0.0145869411,0.0088914819,0.9918321561,0.00371913,2.2502814245,0.1965369599,0.6558937159,0.1957920281,-0.0001423781,9.00146e-05,6.43139e-05,3.85689e-05,0.9667382433,0.016351194,2.2566526169,0.2018616854,0.6273467264,0.2195596027,0.1782625884,0.066412344,0.1384785426,0.0211748351,0.9539014719,0.0312635962,2.5523742334,0.2851435638,0.8165473716,0.2923405509,-3.9320695398422245,-0.8829888413475275,1.8615088469342742,4
195,316.9995329459619,12145,65,38.31235928688364,0.24495,0.030955573,-0.0249718617,2.7455590261,-0.1372922145,0.25205,0.0340227497,0.3546717102,2.768982868,0.1947217759,0.503,0.0348353269,0.0531249483,2.272348115,-0.0068838804,0.03755,0.0105236638,-0.099948298,3.7451388861,0.3624721756,0.3613157895,0.0738925626,0.813486205,2.0842367801,-0.1162931568,0.11,0.0770952931,0.9415889965,2.1070255752,0.556420092,0.5286842105,0.0324216507,0.1514380087,2.8422340182,-0.1286344065,0.0478947368,0.012948866,0.1897273949,3.0849247174,0.3187226293,0.4981547714,0.3028616896,0.0012342745,0.0008369027,0.9315853251,0.0434386869,2.588884256,0.6516871117,-0.0685130622,0.5065023148,7.5368e-06,1.31224e-05,2.90798e-05,1.76108e-05,0.0698192115,0.1273480914,2.925168013,0.48554448,-0.0356119149,0.2734412682,0.508385,0.0157592679,0.0361779633,0.002714263,0.0446308249,0.1010241556,2.8498796178,0.4226315091,-0.0123504104,0.2553351645,0.4460653523,0.2814569424,0.0213384247,0.0125206273,0.9870541772,0.004429089,2.397831436,0.2189255282,0.7991010318,0.1956459559,-0.0003425573,0.0002022977,0.0001498774,8.72656e-05,0.9610020829,0.0122937648,2.4823839981,0.2162716503,0.8037916892,0.1920963042,0.1609595617,0.0505231945,0.1394750988,0.0119317781,0.9527357131,0.0211531235,2.7696121925,0.2717498585,0.9486386686,0.2211265348,-3.3572506364442685,0.648202478386377,0.2614216366028103,4
197,719.388805574916,26540,14,36.89242839800649,0.27645,0.0323287411,0.080898084,3.3548174427,0.5190201411,0.2114,0.0336903547,0.3420743401,2.6960894145,-0.1489259117,0.51215,0.0416188359,0.2338076052,2.7948467114,0.3536467869,0.0368,0.0096829747,-0.0122597101,3.252689133,0.3859162605,0.4736756757,0.1112217299,0.8989551135,2.3350916361,-0.6263924688,0.0862432432,0.0639346818,0.8875469506,3.7019740328,1.0448178184,0.4400810811,0.0576322819,0.6735328177,2.4172094138,0.3519039081,0.0423783784,0.0107937704,0.1651061941,2.7461625932,0.0493193189,0.4976961196,0.3024680856,0.0006653874,0.0003941612,0.9301944475,0.0721188754,2.4710952877,0.8596044283,-0.0102563638,0.5344045424,4.3487e-06,1.2057e-05,1.56962e-05,9.5416e-06,0.1008396503,0.1441530654,2.9621345803,0.3154427514,0.123921915,0.2010971775,0.503,0.0222360574,0.0367071298,0.0031375738,0.0607492811,0.1293785738,2.8941416718,0.289346772,0.0576065002,0.2328866997,0.4430043426,0.2876424504,0.0257884894,0.0163269487,0.9937495759,0.0037603659,2.0711996396,0.2230746084,0.5407127902,0.1563372162,-0.0002112693,0.0001294351,9.32915e-05,5.84247e-05,0.9701316821,0.0084654197,2.3028359357,0.4002203811,0.6110533186,0.2107016027,0.1675284129,0.0141741791,0.1391413889,0.005071101,0.9608745933,0.0042125301,2.5474909859,0.2133831392,0.8115725012,0.1238001186,-1.5448821329638762,-0.06992510670813545,-0.9011090698739527,4
199,516.2214536979889,18842,36,36.49983910010714,0.25425,0.0319247161,0.1769645301,3.2594397122,-0.2013892353,0.2624,0.0312208264,0.0930272956,3.1498233212,0.2088429506,0.48335,0.0375969081,-0.1222544967,3.2683604245,-0.3725669608,0.04005,0.009987367,0.0301246276,3.7833815787,0.4981733902,0.4174534161,0.078917596,0.8183343747,2.8606067988,-0.5208432177,0.0813975155,0.0665083266,0.908438938,4.0732200913,1.2704722572,0.5011490683,0.036590942,0.1946480444,2.7307160711,-0.247882647,0.039378882,0.0112393188,0.2233240048,2.8139442623,0.2403285561,0.4964180816,0.3023328847,0.00078807,0.000608092,0.9438837087,0.0292819938,2.2649770778,0.4092130863,-0.025566334,0.3417391411,1.0984e-06,1.01909e-05,1.85066e-05,1.16272e-05,0.1877190214,0.1821403244,2.7744749165,0.3365320409,0.0436502886,0.2293595583,0.4974825,0.0272617006,0.0396898859,0.0047814571,0.1460123651,0.1703056217,2.8123008745,0.4357924807,-0.0059581508,0.2085979109,0.4464160912,0.295456989,0.0225724777,0.0139951463,0.9932946119,0.0029500008,2.1512911987,0.1239531486,0.5784240222,0.1427967619,-0.000196608,0.0001195372,8.20061e-05,5.02029e-05,0.9614677581,0.0134157227,2.60851177,0.5481264632,0.7501931213,0.2552951878,0.1674172445,0.0598450235,0.1298911052,0.0110116885,0.9509535166,0.0210508957,2.9204884983,0.5936245587,0.9304473157,0.2931533172,-1.53872445909435,-2.690124426810184,-0.1587643911934976,4
204,712.1675178482654,26116,50,36.67114737120639,0.23295,0.0330385759,0.0283376116,3.0784229169,0.2178228139,0.25705,0.0336310496,-0.026644834,2.7362652876,0.3795960177,0.51,0.0400187456,-0.1371709483,2.7622841098,-0.0392026708,0.0325,0.0095262794,-0.05582357,3.2141474854,0.1257938227,0.4274849398,0.10313424,0.8834051462,2.0431697312,-0.202596328,0.0882078313,0.0720600206,0.9354869009,2.6083402662,0.8615850084,0.4843072289,0.0474576749,0.4783847726,2.6238484958,-0.2564840146,0.0429518072,0.0111880461,0.0038044921,3.112809774,0.2816559769,0.4998939711,0.3043142894,0.0004626103,0.0003101005,0.9503195239,0.0439361976,2.3882154607,0.5876528352,0.0286336791,0.577222844,-7.061e-07,4.2293e-06,8.7438e-06,5.1939e-06,0.0282861641,0.1218321371,3.0187676783,0.2865006187,0.0512992442,0.2203706683,0.49758,0.0126256228,0.0341637706,0.002291076,0.0141826593,0.0864219935,2.9136444893,0.3040598833,0.053056001,0.2068475027,0.4596560974,0.3114395784,0.0195319904,0.0115518002,0.9952647675,0.0029746924,2.0703377302,0.1921576771,0.5103074907,0.1771916531,-0.0001044546,6.12674e-05,5.01948e-05,2.87585e-05,0.9668966902,0.0186916526,2.1186982065,0.1802229546,0.4908708209,0.1909206266,0.2000356857,0.0492875587,0.1413967845,0.0171201077,0.9550964258,0.0301099066,2.2109926404,0.1337913012,0.6208560307,0.1999967445,-5.4767699436049915,0.6076376253593687,1.910445167886315,4
209,418.5817384428548,15728,46,37.57450112016104,0.2411,0.0317693248,0.1155289823,3.2617132071,0.4342194191,0.272,0.0330227195,0.0563383143,3.1992378848,0.4626051074,0.4869,0.035091167,-0.0250113822,3.2497142257,-0.404140555,0.03425,0.0092837223,0.0115817749,3.368789903,-0.0430002435,0.3640647482,0.0834713761,0.8434341033,2.1461089493,0.1292911678,0.105971223,0.0816420457,0.9252975282,2.5325732951,0.7748788695,0.5299640288,0.0415504218,0.3647205198,2.6468310918,-0.2466116603,0.0476618705,0.0124267951,0.3219777499,2.5440075847,0.0682918249,0.4943628058,0.3005618788,0.0009728,0.0007056985,0.940206284,0.0399441091,2.4230249164,0.5564993397,0.0078835194,0.3803381454,-7.422e-06,1.37351e-05,2.29963e-05,1.39593e-05,0.0754103497,0.1144246937,3.0194068719,0.5269415006,-0.0066804016,0.321020529,0.488205,0.0227363415,0.0364513484,0.002600183,0.0599714074,0.1194344146,3.0106107118,0.6394813483,-0.0309438059,0.3117819934,0.4544096661,0.2908587508,0.0188542514,0.0115866512,0.9887321784,0.0035983906,2.4279789494,0.229598974,0.7811385442,0.2049234228,-0.0002525298,0.0001497373,0.0001098779,6.73737e-05,0.963783261,0.0085748869,2.4826909249,0.2373129221,0.7653829843,0.2120330016,0.1654377554,0.0589360438,0.1381188225,0.0157526668,0.9595341884,0.0120706484,2.6830107922,0.3162775905,0.9098355972,0.2532459389,-2.909477175021332,-0.3343060846344981,0.6111805582821042,4
211,589.8723894317237,21349,22,36.192573821886086,0.2462,0.0318521585,0.316141298,2.9499685603,0.3104771322,0.24315,0.035872378,0.1938772556,2.5082468145,0.2592952582,0.51065,0.0363981799,0.0884345975,2.4452837028,-0.199288205,0.0385,0.0103319892,0.0321888923,3.6537303446,0.5338006455,0.467195122,0.1068327207,0.879978814,2.1313619469,-0.0584489782,0.083,0.0577813372,0.8669822195,3.4583344479,0.9828038591,0.449804878,0.0620401992,0.6452822962,2.6802970941,-0.3521613449,0.038804878,0.0098728984,0.1184197881,3.2220389583,0.4061107638,0.498014247,0.3035528366,0.0005858442,0.0003814442,0.9502132045,0.0387151241,2.2708201291,0.4141543341,0.0962212988,0.4337468505,-8.87e-07,7.1932e-06,1.21976e-05,7.3219e-06,0.1468611551,0.1309164688,2.9732034816,0.4895954837,-0.0176191428,0.241019609,0.4945775,0.0214168711,0.0378010111,0.0034835594,0.117811006,0.115286298,2.9161585787,0.4135218006,-0.0563328999,0.2535033986,0.4489551218,0.2973036207,0.0218222501,0.0138314112,0.9945821692,0.0021991925,2.0764063428,0.0866592118,0.5303110805,0.1070740013,-0.0001437789,8.79016e-05,6.60185e-05,4.16964e-05,0.9696012826,0.0071597016,2.2903510524,0.2619881572,0.6277578637,0.1777747902,0.1717749147,0.0360693663,0.1369538979,0.0097445318,0.9598436419,0.0127321303,2.5046556122,0.3041908585,0.7974060292,0.2152808364,-2.415758408393921,-0.4885901691448571,-0.7967423743810559,4
215,286.70356991948984,9574,56,33.39337561331554,0.23895,0.0347008285,0.2544197647,3.0318795828,0.0348923103,0.2672,0.0324061723,0.3545617855,2.6391202823,-0.1139880727,0.49385,0.0314154023,0.0653167864,3.241897416,-0.2110913537,0.0367,0.0099050492,0.0058785054,2.6163934401,0.3187188504,0.4414583333,0.0977114427,0.8690537929,2.1335194876,-0.077354439,0.0859722222,0.0597252906,0.9004745725,2.3484936153,0.5585362919,0.4725694444,0.0496025387,0.483419171,2.3015775647,-0.2198826686,0.0411805556,0.0118583379,0.2000687365,3.5498349909,0.567612089,0.4987147274,0.3027482713,0.0019094915,0.001224581,0.9526504759,0.0260417999,2.3801317678,0.6239045695,0.0767824589,0.5769901498,-5.028e-07,3.16861e-05,4.00358e-05,2.42468e-05,0.216866846,0.1378434062,2.8934254472,0.3743048663,0.0177190641,0.2684553643,0.498745,0.0227077349,0.0388032554,0.0025867207,0.1516724183,0.1402673411,2.963976453,0.4320984198,0.0238069887,0.3137284837,0.4518024228,0.2753919943,0.0234503411,0.0139894037,0.9837262469,0.008892342,2.117593336,0.1873456203,0.5800671912,0.1363653275,-0.0005113557,0.0002999856,0.0002393175,0.0001426025,0.9666410638,0.0133845999,2.1266986303,0.1921783457,0.5668161622,0.1461799139,0.1643915308,0.0192040412,0.1460896548,0.0094559142,0.9562580804,0.0094224731,2.3995322881,0.2346699345,0.7836018035,0.1458312172,-2.0258856244983607,1.7160046424236512,-1.0932745053203954,4
219,746.6062224100704,27270,25,36.525278227619786,0.236,0.0305450487,0.0819528925,3.543945989,0.2360648039,0.25465,0.0290021982,0.1119336579,2.8979397848,-0.2396241824,0.50935,0.0345879676,0.0343672227,3.0233812716,0.3343971134,0.0351,0.0099744674,0.1279516815,2.8013478551,0.4485792522,0.3787545788,0.0676658607,0.7906221687,2.3091079527,-0.0732315724,0.0846886447,0.0634666575,0.8861076277,3.050792844,0.9304603996,0.5365567766,0.0395586165,0.2424624411,2.72002109,-0.1082624586,0.0467765568,0.0140268411,0.2962370268,2.607600194,0.0442240945,0.5006434126,0.3038630922,0.0004504007,0.0003038874,0.9401843074,0.0480532675,2.6427330897,0.9372017732,-0.1500320885,0.6584382491,-1.445e-07,6.8695e-06,9.2888e-06,5.6178e-06,0.0324270215,0.1278669169,2.9988644544,0.3848089908,-0.1125495673,0.2189747394,0.4998075,0.0173405542,0.0352689871,0.0025988796,0.0052712287,0.1272372107,3.0869395663,0.4747748052,-0.0543974257,0.2234425951,0.4569204226,0.3148254613,0.0193923839,0.0121717738,0.9950704489,0.0019846972,2.2091609013,0.1119365413,0.63284097,0.1099211866,-0.0001249737,7.53423e-05,4.89638e-05,3.05507e-05,0.9666166613,0.0042257262,2.6650807824,0.1494809617,0.8284298813,0.1143413718,0.1572106372,0.0220760493,0.130935341,0.0044570877,0.9629696766,0.0067579715,2.8094029558,0.2056481358,0.9245370022,0.1441246663,-5.143335102342704,-0.6080753592405378,-0.8151745365065918,4
220,535.6307046449595,18971,72,35.41805918795273,0.26535,0.0342144341,0.2229692276,3.0746388338,0.4256815164,0.22665,0.0302246175,0.101958515,3.0408542846,-0.1010539752,0.508,0.0335261092,0.1047711643,3.2598244703,0.1253073414,0.03625,0.0093641604,-0.0538750671,2.2163711911,-0.1729726252,0.4374409449,0.1053133049,0.8828680648,2.1925377509,-0.1497075885,0.0928740157,0.0611617183,0.8584087925,2.6060631579,0.6492353252,0.4696850394,0.0551831169,0.6692578264,2.7704369994,0.0345772063,0.0442125984,0.0109836169,0.2306263455,3.7104808226,0.7175654145,0.5009681637,0.3043148907,0.0011480585,0.0010788086,0.9412733164,0.0447899406,2.4620616794,0.553373928,-0.1820583619,0.4608921057,2.7962e-06,1.78384e-05,2.57459e-05,1.65954e-05,0.3443916399,0.1632080727,2.7001616509,0.3135637903,0.0096728508,0.1819482259,0.5005275,0.0280671315,0.0429956594,0.0042829486,0.2903549776,0.129775045,2.7383234395,0.2701834796,0.0151254221,0.2404986222,0.4434764516,0.2831200121,0.0234798044,0.0139107369,0.9910696918,0.0040747768,2.1769515843,0.2521582263,0.6086517362,0.179785717,-0.0002702526,0.0001598387,0.0001200732,6.97402e-05,0.9660379795,0.0126651099,2.474852466,0.5981262265,0.7302678539,0.3038123744,0.1671004331,0.0398837826,0.1412252071,0.012546657,0.95953423,0.0083849342,2.7323208422,0.5192292502,0.8954735356,0.3025516909,-0.9013177998746826,-1.1935536909144968,-0.39468945647435383,4
223,480.2134920804066,17376,33,36.18390629701545,0.23575,0.0297268818,0.1711943943,2.882831378,0.1168677623,0.24305,0.0341825613,0.3350796481,3.0525708095,-0.1252716841,0.5212,0.0343301617,0.2278511404,3.3927116744,0.3770488738,0.03655,0.009942208,0.0065872507,4.3133705379,0.5753020737,0.4334782609,0.1000221148,0.9070032151,1.9980247714,-0.1383529509,0.1016956522,0.0701733473,0.9095074139,2.7007631062,0.8050160997,0.464826087,0.0485347497,0.480698671,2.3589933814,-0.0269938331,0.0403478261,0.0115103307,0.2011658271,3.0283286912,0.0091042557,0.4936386869,0.2997852115,0.0012219987,0.000870676,0.9388822107,0.0430138504,2.4504195164,0.5525368376,-0.1959988892,0.3515465139,-1.1955e-06,1.33605e-05,2.41437e-05,1.48591e-05,0.0895471054,0.099224892,2.8925104403,0.6156840206,-0.0032013915,0.2371651604,0.4992925,0.0162599914,0.0370890088,0.0024145502,0.0666407239,0.1403300263,2.8510840687,0.458927072,0.0154019898,0.2347035745,0.4571832972,0.2899576882,0.0185571847,0.0127168135,0.8546821762,0.495726526,2.2771234349,0.5265752609,0.6911010024,0.2588712848,-0.0002672518,0.0001783023,0.0001234004,8.3074e-05,0.8337126035,0.4901827219,2.2344040385,0.4867516717,0.6315299619,0.2436073784,0.191087615,0.0839033467,0.1367064638,0.0329058259,0.829709432,0.4890299706,2.2874263936,0.4243181848,0.7203352833,0.2394026034,1.005251207107629,-0.41718181661643294,11.19120828625467,4
225,413.6759741148386,15563,25,37.62123249555612,0.257,0.0309192497,-0.0786371278,3.4998424397,0.3442629294,0.2391,0.0350455418,0.1918872968,3.420877496,0.0861203408,0.5039,0.0357321984,-0.0145833704,2.6711105238,0.0151731666,0.0374,0.0103797881,0.0681242327,2.5702760763,0.1322950643,0.4022727273,0.083144552,0.8344127333,2.0114416767,-0.0875126447,0.0843181818,0.0701928424,0.9320643328,2.0956167969,0.6569460624,0.5134090909,0.0384053253,0.1720653764,3.0995906743,-0.0181465145,0.0516818182,0.0125639686,0.3369739234,3.1085494346,0.2016562833,0.4921712131,0.2988595373,0.0012561312,0.0007907818,0.947845068,0.0293844386,2.23011886,0.3375418917,-0.0003876852,0.3996970771,2.0379e-06,2.41517e-05,2.77547e-05,1.67327e-05,0.0692039241,0.1283064659,2.9525909015,0.4462849819,0.0900700822,0.1963344315,0.4989,0.020969758,0.03661519,0.0026243311,0.0604288187,0.1340660099,2.8541284918,0.3864804172,0.0091171008,0.24063677,0.4248944359,0.2678741088,0.0361401697,0.02185729,0.9917243166,0.0041204203,1.9746887252,0.0868083746,0.4730398899,0.1049893239,-0.000436138,0.0002546761,0.0002185345,0.0001322682,0.9747112254,0.0070432499,2.0251240583,0.1316080904,0.4781145801,0.1182551464,0.1808004715,0.0273686643,0.1490744392,0.0095148571,0.9623929552,0.0108329848,2.2396510857,0.1375178306,0.6771628077,0.1322255499,-3.8328406215874886,4.49566930002514,-0.29295230784947923,4
232,554.760288107118,20774,27,37.4468044042633,0.26725,0.033921785,0.1528466595,2.6934244001,0.300389578,0.24935,0.0286762532,0.1130901915,2.5339449545,-0.2246459322,0.4834,0.034741042,0.2393939001,2.7270593841,0.0788189878,0.035,0.0098742088,-0.0682414698,2.3471400394,0.1947575706,0.4288253012,0.0929323479,0.8791184104,2.0988883413,-0.1381014925,0.0895180723,0.0661238089,0.8968569884,2.3305971534,0.741594087,0.4816566265,0.0458105993,0.5201351298,2.9004827732,-0.3042628024,0.0406626506,0.0121057361,0.1363893488,3.0058984845,0.3644871668,0.4973140871,0.3026811741,0.0010514088,0.0008500262,0.9528362953,0.0471888459,2.1937588466,0.5162175202,-0.0478820282,0.391267879,3.0342e-06,1.16238e-05,1.65916e-05,1.02779e-05,0.0811932448,0.1384179631,3.1032054206,0.4126190091,0.0233391853,0.2576099439,0.5054475,0.0180692036,0.0367801201,0.0031998264,0.0302201366,0.1291845361,3.0482610449,0.5396568772,-0.08076648,0.2383377506,0.4437586268,0.2867575807,0.0260443715,0.0166027044,0.9928861397,0.0037690582,2.1975379707,0.3169998824,0.6385597441,0.1793552913,-0.0002090441,0.0001337639,0.0001002457,6.34257e-05,0.9732442855,0.0074420371,2.1296232866,0.4257922274,0.5570035299,0.2378363208,0.1734002167,0.0257042445,0.1473024279,0.0080648377,0.965806547,0.0041110936,2.2952394516,0.4507023915,0.7120734971,0.2287496375,-3.0756696111590562,0.9567798190812373,0.05448416658959324,4
234,439.9777049173869,16257,65,36.949599532668415,0.24685,0.0282635366,0.1340773406,3.0090012703,0.3056745694,0.2509,0.0320576044,-0.172939865,2.6495731569,0.1827881899,0.50225,0.0331464553,-0.0367470228,3.3737027061,-0.3381272396,0.0373,0.0109412065,0.0503151093,2.4400813996,0.251443795,0.3920403587,0.0759232158,0.7896159269,2.2756232353,0.0349239765,0.0825560538,0.0682564095,0.912850027,2.9734022348,0.9699316974,0.5254035874,0.0428006997,0.2259141584,2.7726414693,0.0513233767,0.0484753363,0.0131363348,0.3127223629,2.6330512928,0.058465859,0.4961682111,0.3017134354,0.0006234755,0.0003807945,0.9404285565,0.0509091793,2.2562678527,0.3736177764,0.1105935469,0.398215515,-6.635e-07,9.5921e-06,1.44078e-05,8.9452e-06,0.0262565912,0.1238695331,2.9650288169,0.3477952867,-0.0365699271,0.2060008623,0.500835,0.0183604541,0.0344732239,0.00266802,0.0280049468,0.0874707984,2.875015367,0.6640697096,0.0067472919,0.2320448962,0.4486840042,0.2971180888,0.0231351595,0.0141442454,0.9935254817,0.0029416012,2.1630232257,0.1042589974,0.6135185864,0.1146066013,-0.0001700839,0.0001008182,7.91146e-05,4.74755e-05,0.968764777,0.0034821151,2.2235188334,0.0972209113,0.6129192716,0.1148163753,0.1813935606,0.0228618227,0.148347126,0.0077461273,0.962496943,0.0055845547,2.3137983004,0.1885931974,0.732575193,0.1486320955,-4.801879464424973,1.7778441696469196,-0.2602215526783582,4
236,866.3001564495909,31232,18,36.052169409734326,0.26525,0.0277522522,0.1354689379,3.4026542351,0.2023956751,0.2626,0.0331472472,0.1127163281,2.3668103537,-0.1392838892,0.47215,0.0353783479,0.0502039406,2.668615037,0.2671787975,0.03235,0.0101354576,0.113830876,5.0399105349,0.7674325374,0.4332129278,0.0952315584,0.8546352044,2.1846609097,-0.1956035824,0.0739923954,0.0597048503,0.8807269359,3.3306706234,1.0498632124,0.4927946768,0.0516687649,0.4594317916,2.6074455691,-0.2272047008,0.0420342205,0.0119388002,0.2175076476,2.6286307079,0.2578338609,0.5022630471,0.3054858466,0.0005081324,0.0003755442,0.9247386123,0.0746450559,2.5669855336,0.4243688957,-0.0850359796,0.419105594,4.984e-07,5.7638e-06,1.07552e-05,6.3863e-06,0.0696231063,0.0910691483,3.0047416308,0.4081144055,0.0334089538,0.2139210633,0.4960175,0.0161520608,0.0356802138,0.0021530138,0.0660255572,0.0818619033,2.9376222976,0.3719730721,-0.066744125,0.3030644419,0.4376947265,0.3023940055,0.0263233762,0.0178527019,0.9948707585,0.0018905324,2.2625510304,0.1957394482,0.6977837003,0.1542469843,-0.0001194013,7.54923e-05,6.40565e-05,4.29296e-05,0.9740459473,0.0046266429,1.9747761111,0.2500092503,0.4747829179,0.2216815274,0.1956987042,0.038641815,0.1562299554,0.0073638879,0.9688935018,0.0050129424,1.9943393937,0.327349714,0.539870694,0.2780117165,-3.8385695119090935,0.9884284160723955,1.3154050400547586,4
237,214.2247854938049,7421,24,34.64118301201242,0.2617,0.0324054008,0.1307202729,2.7743864371,-0.0531300212,0.245,0.0351425668,0.2386387217,2.3509482208,0.2170453402,0.4933,0.0402070889,0.1629605934,2.9560347148,0.2593051708,0.03795,0.0099271093,-0.0844480652,2.7516404491,-0.1830412444,0.4193644068,0.1047040758,0.8655914619,1.9909981114,-0.2026417627,0.0851694915,0.0651983031,0.8888637392,2.0481986838,0.5673656756,0.4954661017,0.0531905245,0.4537128566,2.9324726914,5.85544e-05,0.0424152542,0.0114005102,0.0102808092,2.6615647422,0.4037087312,0.4980161592,0.3009038438,0.001147353,0.0007478901,0.9452113502,0.0484290845,2.7398979878,1.1641309266,0.2826628156,0.5799791543,-1.02641e-05,3.56827e-05,2.53681e-05,1.51906e-05,0.0968348205,0.1194927576,2.8039315266,0.2887775538,-0.0397064744,0.1732760584,0.495895,0.0277330574,0.0365214054,0.0037267209,0.0475526421,0.1172615523,2.9482545367,0.4069895418,0.0473610602,0.2162951547,0.4538583726,0.2794597028,0.0231726084,0.0138368939,0.9888561931,0.00384738,2.0872307863,0.1007322982,0.5619138637,0.1025466047,-0.0003877088,0.000235178,0.0001725838,0.0001027614,0.9725486083,0.0043132602,2.1233737208,0.1246659067,0.5609388253,0.113970957,0.1612559861,0.0180456169,0.1444818522,0.0125456147,0.9605615136,0.0054323924,2.4574170366,0.2405915677,0.8034844224,0.1379934802,-2.415704484312907,1.812823177093808,-1.0059063427972441,4
239,742.4610082573838,27496,60,37.03359461870643,0.24175,0.0315148774,-0.0037866413,4.1098261,0.3457378022,0.25995,0.0316108763,0.0085550962,3.2217333731,0.4266343506,0.4983,0.0375114649,0.1321976895,2.8787104344,-0.2033585688,0.03455,0.0111376613,-0.0340764143,2.9366701438,0.395415191,0.4595833333,0.1122838532,0.913850051,2.1217849772,-0.2679747107,0.094702381,0.0807173365,0.9241043096,2.9025830066,0.9819627544,0.4457142857,0.0493980202,0.5456864211,2.2912749653,-0.2642153915,0.0419444444,0.0121575671,0.1334331993,3.0307611268,0.288453277,0.4981159373,0.3022755085,0.0008543412,0.0005772615,0.9616400659,0.0390165853,2.3913255102,0.6965238236,0.2461746622,0.4301251945,5.452e-07,1.27323e-05,1.4613e-05,8.859e-06,0.0620669968,0.1817014992,2.8180335178,0.4260462516,0.0695939949,0.2246446062,0.4986975,0.0193702057,0.0360592994,0.0026950051,0.0722980583,0.1075892481,2.9040480034,0.3756537655,-0.05589386,0.1757783019,0.4558405512,0.3021723433,0.0198864401,0.0123321369,0.9931278282,0.0033977772,2.1776679486,0.2310975173,0.5983384832,0.2002886156,-0.0001597436,9.53389e-05,7.47044e-05,4.54509e-05,0.9618001467,0.0280598122,2.2641734205,0.1994716163,0.6121541096,0.2008283419,0.186234165,0.0713552396,0.1368326714,0.0209178065,0.9466812537,0.049993132,2.474061561,0.2218912016,0.771833247,0.2450638441,-3.452364953686095,-0.11628062378116819,1.3027823092968989,4
243,249.32397799707263,9105,10,36.51874991384464,0.2448,0.0378940629,0.4107651111,2.5014005129,0.3741031698,0.2604,0.0453854602,0.4496213288,2.5165129475,0.0505218778,0.4948,0.038935331,-0.024145286,2.6569999477,-0.0718417415,0.0371,0.0095178779,-0.0570329523,3.3314074769,0.6930004404,0.3742696629,0.0744023021,0.8843032972,2.0533505249,0.0866117968,0.090505618,0.0677654785,0.911934129,2.5530169025,0.800151618,0.5352247191,0.0386129607,0.4058179241,2.6816268277,0.2440668174,0.0411235955,0.0128245027,-0.0619061738,3.3796226352,0.5648472858,0.4954057981,0.3015352016,0.0009408553,0.0006219535,0.9457715499,0.0295777259,2.6665115693,0.7094236153,0.0395751027,0.5022701319,-3.652e-07,2.2528e-05,2.17152e-05,1.27846e-05,0.137822388,0.1145004971,3.1025567263,0.6769592,0.0423814209,0.2749481724,0.49649,0.0232317218,0.037098022,0.0027117827,0.0580673383,0.1088696857,3.1074311216,0.6237024353,0.0204803306,0.2425798497,0.4647448558,0.2856942316,0.015056415,0.0091608236,0.9857836432,0.0074802019,2.2610003054,0.2492780317,0.6589833731,0.1429925923,-0.0002860018,0.0001662382,0.0001283712,7.8138e-05,0.9632369106,0.0153857538,2.2650881883,0.3098220872,0.6274100732,0.1643649645,0.1587084276,0.0213219241,0.1429572637,0.0081387783,0.9527249542,0.0100748104,2.5868764896,0.3364920642,0.8619220914,0.1741026083,-2.366677977383336,-0.3741538022304212,-0.6704450995729763,4
245,329.941862072096,11946,6,36.20637867828261,0.2043,0.0302077805,-0.0258469679,2.7937441334,-0.0412983877,0.2855,0.0289266313,0.1148872886,3.6174580842,-0.2137115075,0.5102,0.0352272622,0.0227561283,2.6111620539,-0.0054233243,0.0373,0.0114109596,-0.0542976197,2.5607920428,0.3445125496,0.4866748768,0.1230519243,0.9060081093,2.0251276052,-0.2169224156,0.0775615764,0.065456637,0.8906269828,3.332260068,1.0718938982,0.4357635468,0.0705155767,0.7279784315,2.3460969432,-0.1340587461,0.0415270936,0.0114956837,0.1018235183,2.6117832154,0.0328378993,0.494674122,0.3017169117,0.0012438839,0.0009672261,0.9429949465,0.0287305621,2.4773666612,0.4895579966,-0.0199648981,0.3798249924,1.6086e-06,2.08529e-05,2.53903e-05,1.5976e-05,0.1131667842,0.1307814697,2.7627978479,0.3343684923,0.0090121645,0.1263127101,0.4961175,0.0237262,0.0373489426,0.0028173763,0.0674426494,0.1366421534,2.7218447742,0.2829022231,0.0003807295,0.1449876648,0.4516876702,0.2826321396,0.0223567261,0.01317374,0.9896092379,0.0055613675,2.1089538964,0.1372281583,0.5685906277,0.1377579044,-0.0003057575,0.0001824331,0.0001347509,7.86051e-05,0.9639361203,0.0142181831,2.1985109927,0.1044020328,0.5817492382,0.129196946,0.1747874453,0.0291005125,0.1414200855,0.0101884328,0.9569733102,0.0155169186,2.3794599883,0.2544937378,0.7405294425,0.1844750039,-1.9753801465085046,1.8082023793783426,-1.0089426090373925,4
251,888.4764631956832,33008,42,37.15123739043848,0.23135,0.0313994825,-0.0725471373,2.4965166444,0.1026656423,0.26425,0.0321043221,0.0155991369,3.2660594016,0.2703489745,0.5044,0.0322976779,0.0014851671,3.1976433942,0.0940271296,0.0365,0.0098615415,0.0508053212,3.7166619306,0.1814323949,0.3716510903,0.072868997,0.7593502816,2.3379192963,0.0015746667,0.0959657321,0.0678152756,0.9130394114,2.5011146376,0.6499870174,0.5323831776,0.037873863,0.1147265417,2.6772676298,0.0293458217,0.0450934579,0.0133135207,0.2922006316,2.8401724887,0.5343844028,0.4985434843,0.3024492375,0.0004042106,0.0002907778,0.9620129312,0.0211634465,2.1110015575,0.4349638057,-0.1164943914,0.3332992889,3.909e-07,2.6819e-06,6.9281e-06,4.2727e-06,0.0254785144,0.0738270895,2.9991721216,0.4970306548,0.0001198531,0.2678532632,0.5024425,0.0097804176,0.0355423654,0.0025407457,0.0289951497,0.0901511914,2.7963034222,0.392568375,0.0332742223,0.2196503288,0.4657202917,0.3270160978,0.0170359339,0.0113084378,0.9964284221,0.001841381,2.0097872901,0.1444731009,0.4337090731,0.1770448546,-7.0071e-05,4.63254e-05,3.34535e-05,2.13303e-05,0.9359640491,0.0849369262,2.1721417273,0.1296098301,0.4783657119,0.162231591,0.2201175089,0.0796498896,0.1291414121,0.0313528429,0.9123881546,0.1135661791,2.3379538222,0.1117548625,0.5634530948,0.3275226872,-6.858665722147635,-0.8390482319227796,5.445528542589429,4
252,684.7649400206233,25880,36,37.793991028834746,0.26335,0.0329245729,0.2207681274,3.4438792692,0.1156919607,0.22925,0.0308656362,-0.0141365564,2.6488740438,0.0301890671,0.5074,0.0376860717,0.1381425955,2.9310340535,-0.0464200368,0.04015,0.0107344073,0.0655080825,2.0206218234,0.2521582368,0.4399503311,0.1097208115,0.8790746842,2.149495917,-0.2982111128,0.0818543046,0.0650613971,0.9045282215,3.1368005371,0.9918682718,0.4781953642,0.0569736628,0.5851583461,2.5939802074,-0.1610029508,0.0411092715,0.0114731755,0.0277355793,3.2363073197,0.5430215572,0.4966690049,0.3018870125,0.0005367828,0.0003895082,0.9563219918,0.0423817434,2.4551534991,0.7040357646,-0.0730998323,0.5384526684,-1.2134e-06,6.9323e-06,1.05231e-05,6.431e-06,0.0892499615,0.0926240908,2.8530735188,0.4249756138,-0.0520064366,0.244571666,0.4955575,0.0145794228,0.0355766412,0.0027239173,0.051147742,0.098436565,2.8455379106,0.3952617487,-0.0312821928,0.2492061578,0.4619857947,0.3180772641,0.0180465468,0.0128335972,0.9943009449,0.0025169433,2.1814961017,0.1516235327,0.58604587,0.2068391303,-0.00011282,7.5516e-05,4.76602e-05,3.2798e-05,0.911900932,0.1431670882,2.3957826091,0.2702411001,0.6105041006,0.1450776355,0.1916232389,0.0810420332,0.1257748753,0.0314473238,0.8883130497,0.1855235286,2.5538171764,0.2551276883,0.7333155813,0.2046057515,-3.3033644595933214,-1.7025511922946472,3.91558869389066,4
254,625.3118891484269,23345,6,37.33336980333461,0.28705,0.0397561002,0.3766896725,4.0802113409,-0.0501736575,0.21725,0.0323602766,0.2102502077,3.153102747,0.1501697446,0.4957,0.0391408993,0.1875418779,2.6289870821,-0.0312280071,0.03795,0.008546783,0.0454921212,4.5997309475,0.7954355924,0.4712411348,0.1231993081,0.9145064401,2.2573151423,-0.3281364127,0.0972340426,0.0745231306,0.9172613919,2.8264079448,0.8662692713,0.4315248227,0.0606289238,0.6706877309,2.4606366586,-0.1773753926,0.039929078,0.0102449748,0.1570539139,4.2753502881,0.7314340726,0.5000019505,0.3037498891,0.0008911717,0.000664899,0.9290322434,0.0475810716,2.6738102607,0.7489646806,0.073906982,0.5851427059,-4.3408e-06,1.88245e-05,2.23161e-05,1.38464e-05,0.2133940795,0.1587445979,3.0898219829,0.5778245194,0.0871834796,0.2765877897,0.49311,0.0251750799,0.0394389648,0.0035827792,0.2192810107,0.1480980655,2.9701306087,0.7801406574,0.0666591131,0.2963303982,0.4473242,0.28550777,0.0233662004,0.0136310277,0.9905457641,0.0068629626,2.2049280267,0.4177589441,0.6279935782,0.2467405022,-0.0002827056,0.0001700457,0.0001210086,7.05747e-05,0.9593113761,0.028203198,2.3997220831,0.3709603458,0.6858682692,0.2281965486,0.162778928,0.0403011184,0.1331415053,0.0157331543,0.9501320646,0.0332693252,2.6747070268,0.4043073347,0.8664018284,0.2321676537,-0.48449961855385526,-1.4237817760518616,0.46967203497631793,4
255,408.35047924517,15041,50,36.83355540026076,0.26795,0.0332422547,0.1130276753,3.0510714053,0.2855210437,0.23015,0.0303022689,0.0040530016,2.4838017839,-0.1985473323,0.5019,0.032709173,0.028078103,3.1897984572,-0.1688154121,0.0338,0.011070682,-0.1970434858,4.6647597127,0.9566053969,0.3637662338,0.0721567371,0.8183330463,2.1393863752,0.1065318373,0.0852922078,0.0678166862,0.8721230409,2.442891474,0.7706844207,0.5509415584,0.0403345163,0.1499596223,3.0535487757,-0.0817827727,0.0466233766,0.0145593626,0.2998456878,3.6132408476,0.3779048173,0.4953462224,0.3012380235,0.0010358623,0.0006528393,0.9502122957,0.0420342115,2.290900561,0.5968403311,-0.1014392492,0.47626803,3.8039e-06,1.1512e-05,2.05807e-05,1.21194e-05,0.0854900101,0.1293197872,2.8945938378,0.3599340703,-0.1464463791,0.2652274793,0.510525,0.0175950242,0.0360297189,0.0041950991,0.0609070313,0.137612745,2.721492547,0.3064887541,-0.1054825457,0.2518326838,0.4424494747,0.2912069065,0.0247109022,0.016529281,0.9919257081,0.0031816717,2.1082873737,0.1469407929,0.5587936692,0.1927388904,-0.0002490215,0.0001691475,0.0001128236,7.38063e-05,0.9370228219,0.1156100374,2.1719102572,0.1434160595,0.5596408648,0.179515225,0.1873556167,0.0804745586,0.1348129633,0.0266226532,0.9310559537,0.1020157331,2.3950648138,0.1633964084,0.6795126176,0.378402643,-4.197844102512107,1.0112330722573282,3.528681113139143,4
256,859.0050231179022,31442,54,36.60281273545528,0.2219,0.0294854201,0.0468773004,2.8556348156,0.060470394,0.25445,0.0298905922,-0.0538961127,2.4041066628,-0.0671915337,0.52365,0.034524303,0.1625062843,2.8001238334,0.2718320783,0.03515,0.0102823879,0.0993890311,3.3977223969,0.3046267659,0.3589864865,0.0733496182,0.8333146888,2.1918071321,0.0797521204,0.1340540541,0.0769081982,0.8953690204,2.3386844117,0.4818808354,0.5069594595,0.0357117234,0.2290828993,3.4197280676,-0.2849772464,0.0419144144,0.0119328779,0.1494926622,3.8606849657,0.7476262149,0.4995094155,0.303570914,0.000462284,0.0004133185,0.9347027889,0.046102856,2.4754316655,0.6758188298,0.0237933373,0.5651882984,2.814e-07,3.6376e-06,9.6704e-06,5.8334e-06,0.0165614518,0.0925585459,3.0749468289,0.6780626828,0.0115566393,0.2973901397,0.4978825,0.0108276068,0.0360955359,0.0025453712,0.0290738352,0.1156531222,3.099373457,0.5828390504,-0.0159207589,0.2327565349,0.4531605615,0.3128669035,0.0223012927,0.0143604633,0.9952902239,0.0021619758,2.1725480989,0.1536419993,0.6025928152,0.1507705448,-0.0001126175,6.98965e-05,5.37609e-05,3.44936e-05,0.9712775354,0.0054037047,2.253556894,0.3072603295,0.5991102134,0.2288895229,0.1798530823,0.0290592306,0.1427258841,0.0064681277,0.9651356526,0.0070649264,2.3774883017,0.2946924366,0.7376236392,0.2259822494,-5.840730889765227,0.24603201365536698,1.514466308941815,4
257,708.1644460796869,26243,54,37.057776827512434,0.21945,0.0357274054,0.3086610865,2.5609423468,0.0694027679,0.23315,0.0364050477,0.3647802219,2.484468361,0.1466498023,0.5474,0.0402397813,0.3437670364,2.662781879,0.0094025182,0.03575,0.0127744863,-0.1208461417,3.2604650713,0.6781308216,0.4724688797,0.1060661349,0.8902456686,2.5091168374,-0.4644005294,0.1130290456,0.0816870558,0.9218533432,3.3819551048,1.0483735656,0.4145020747,0.0428056618,0.4391024894,2.609751467,-0.0704842709,0.0422614108,0.0105241337,0.121247949,2.5531526596,-0.0453888797,0.5000416275,0.3033040765,0.0004022587,0.0002912328,0.9290695331,0.0329004662,2.3952323338,0.5026495306,0.0073105466,0.3345291664,-2.8669e-06,7.6648e-06,1.17057e-05,7.1314e-06,0.2633000083,0.1495800517,2.9502595092,0.5308145875,-0.0464823935,0.1656211017,0.4993525,0.0261272821,0.0411995521,0.0035150085,0.1954435016,0.1413791003,2.9553356184,0.6009348632,-0.000713009,0.2091878941,0.4624154001,0.3133586451,0.0179192418,0.013187766,0.9949800666,0.0022422511,1.9946350397,0.1239196742,0.4546130755,0.1888251377,-0.0001169071,8.0432e-05,5.19078e-05,3.35983e-05,0.9533164438,0.0508721022,2.3151591592,0.2251766556,0.620002436,0.1612341428,0.1959165213,0.0957683481,0.1277936775,0.0271516926,0.924278646,0.1045305283,2.5676578535,0.2688052328,0.7623856048,0.2473330227,-2.4436717211356473,-2.189725848106907,2.4295547614630677,4
258,233.49011955434,8854,49,37.92023412767757,0.2503,0.0379790732,0.175881579,3.3749027291,0.2858507713,0.21385,0.0335771872,0.0456547129,2.3235805121,-0.0241733943,0.53585,0.0421666634,0.2607427224,2.8159809237,-0.3372970265,0.04145,0.0111196897,-0.0030310844,4.4737326058,0.8002889473,0.4020731707,0.08526126,0.8539571937,2.0344605568,-0.054814952,0.093902439,0.066881878,0.9146694,2.4796833892,0.7260358395,0.5040243902,0.0433536157,0.3568079796,2.5603918689,-0.0508602583,0.0456707317,0.0109811978,-0.0881236499,2.5875450777,0.3126949894,0.4963568415,0.3026088967,0.0015881079,0.0010990671,0.9503194926,0.037368766,2.2599655668,0.6005167934,-0.2569177018,0.3163035121,5.7638e-06,2.74673e-05,3.29583e-05,1.88946e-05,0.1791105478,0.1196781865,2.7894157618,0.3185226942,0.0294363001,0.2003983289,0.5006825,0.0221760246,0.038576182,0.0028370414,0.1467929474,0.1089849602,2.9830568012,0.3842104991,0.0704656202,0.2579277571,0.4473040665,0.2748304206,0.0227782614,0.0137731127,0.9862527287,0.0048194246,2.2375333712,0.2540391358,0.6710414359,0.1447197334,-0.000413785,0.0002493924,0.0001857273,0.0001118765,0.9679472928,0.0082918859,2.3049696976,0.3283508285,0.6716737138,0.1642703331,0.1578523302,0.0222412858,0.1444029041,0.010635217,0.9562439729,0.0070765009,2.6470494292,0.4512521617,0.9030252856,0.1998956636,-1.8626421492331084,1.3098830371074535,-1.2798411742540399,4
260,423.1648861662915,15994,6,37.79614169998695,0.2831,0.0299481218,-0.0035421277,3.64721614,0.1966343403,0.2304,0.029779859,0.0891462091,2.1665601265,-0.1282383882,0.4865,0.0368476594,0.1268146211,2.8455125128,-0.0902610068,0.0357,0.0101493842,-0.0048130272,3.6984117826,0.4407855183,0.3811403509,0.0591609279,0.6399910537,2.2937190958,-0.1304547379,0.0755263158,0.0613923549,0.8821151697,2.6735295184,0.8347870278,0.5433333333,0.0392286743,0.1903253899,3.6191424912,0.504785791,0.0464912281,0.0152598807,0.4252901443,2.802023595,0.1940559423,0.4919293003,0.2997408273,0.0011558456,0.0009934013,0.9331593842,0.0439878798,2.3545371829,0.369194235,0.0133683664,0.3140167366,2.9208e-06,1.85361e-05,2.64198e-05,1.674e-05,0.0345117856,0.1114464914,2.9923776639,0.4914393799,0.0752269941,0.1821944177,0.498305,0.022260862,0.0364824132,0.0022944552,0.0191876277,0.1034573894,2.87697492,0.4363118377,0.0678474461,0.2363577095,0.4423349716,0.2798852514,0.0259277622,0.0156820269,0.9896072427,0.0038115637,2.2874702049,0.2210050017,0.7035130441,0.1507593388,-0.0003288491,0.0001941014,0.000146565,8.83142e-05,0.9682715961,0.0036870256,2.3503829226,0.1810148254,0.7037299645,0.1400657587,0.1633009607,0.0194205521,0.144950639,0.007560267,0.9622551354,0.0051944904,2.5328575999,0.2488865757,0.8564856507,0.1611922613,-3.3221930071484223,1.4011443511411623,0.19108121715174137,4
261,903.8225599508104,33982,64,37.59808783911019,0.25975,0.0287434775,-0.044980375,2.8025119679,0.2045859933,0.24655,0.0308277067,0.0429584707,2.3954423215,0.0733320052,0.4937,0.0350757751,-0.0730484108,2.853417028,0.1911269246,0.0369,0.0099694533,-0.1409059368,2.3167667171,0.3018759483,0.4026635514,0.0861254548,0.8298853428,2.1565106795,0.0486028593,0.101152648,0.0735053248,0.9203559636,2.4678527895,0.7347188758,0.4961838006,0.040992369,0.3297001477,2.9995251477,0.0031812143,0.0448598131,0.0121988575,0.1710341417,3.1616491941,0.3015418687,0.4988288588,0.3034500453,0.0003336695,0.0002851341,0.9324490456,0.0501720023,2.4696773473,0.5938656137,0.0742019408,0.4124293082,-3.334e-07,3.316e-06,6.9762e-06,4.2204e-06,0.0078407391,0.1150791833,2.9495525818,0.3173485205,0.0427670915,0.1964791425,0.4996925,0.0105813548,0.0356987594,0.0023079101,0.000261171,0.073272684,2.9232632549,0.3531958168,-0.0123731319,0.2230134838,0.460079543,0.3155050015,0.0186250996,0.0122608735,0.9960354262,0.0025156266,2.04938929,0.1814528086,0.4855461535,0.1482903386,-9.31804e-05,5.989e-05,4.11922e-05,2.67344e-05,0.9711887376,0.0029879719,2.2689584801,0.2153259713,0.5869657027,0.1400500931,0.1752079788,0.017360304,0.1369367076,0.0033525894,0.9599224766,0.0040813273,2.5071128609,0.2063123424,0.7653760602,0.1172231385,-5.9382676140327835,0.4017031686473001,0.7586586227395621,4
262,429.08646080742426,15602,33,36.36097016587583,0.2586,0.0302909227,0.14738712,2.4897635799,0.1007951128,0.24905,0.030088993,0.0151584356,2.5598107923,0.3171634472,0.49235,0.035031807,0.0768062708,2.4657246539,-0.049978645,0.036,0.0100995049,0.0043205027,4.4852941176,0.7819253391,0.3679411765,0.0618479831,0.7703269147,2.373671564,-0.1858184751,0.1033088235,0.0692135989,0.9126437222,2.5986403405,0.7596477679,0.52875,0.0357932688,0.2425838747,3.5965299977,-0.0345294197,0.0453308824,0.0130215066,0.3830507816,2.8680013558,0.4470184307,0.4988985829,0.303930117,0.0007770233,0.0004588997,0.9505973564,0.0253382604,2.6084124389,0.5668426416,-0.0360775557,0.5135517485,2.3516e-06,2.03008e-05,1.84867e-05,1.10123e-05,0.0064822117,0.102740088,2.9365627633,0.4256998798,-0.0225687974,0.2268724073,0.5023275,0.0227305987,0.0354648019,0.0024006154,0.024906423,0.0998999048,3.0023873537,0.3902836867,-0.0249447195,0.2493491889,0.4527508661,0.2913571429,0.0240633833,0.0146323113,0.9921274161,0.0026450631,2.1581379951,0.1447972898,0.6197045363,0.1232486979,-0.0002457709,0.0001484206,0.0001067385,6.50429e-05,0.9686356284,0.0034895259,2.2092405877,0.1451679477,0.6134341277,0.1237439356,0.1660816418,0.0189022191,0.1427557338,0.0111744572,0.961639062,0.0082200714,2.4571273255,0.2549315053,0.8136825716,0.1500616355,-4.667049053917238,1.1012847532211913,0.1644025525684793,4
263,187.81226127160528,6392,63,34.0339866882077,0.2886,0.0306519167,-0.0226653399,2.8060016429,0.0877231207,0.2449,0.0302653267,0.1183342418,2.2798522701,-0.1725191156,0.4665,0.031729324,-0.1550131582,5.4219529105,0.9998513966,0.03425,0.0089826221,-0.0493812757,2.4154574271,0.3183270178,0.4089175258,0.0918543973,0.8513329947,2.2394814167,0.2306458169,0.1210824742,0.0886154288,0.9241798187,2.2272158643,0.5957744357,0.47,0.0423473608,0.3683830953,2.423793655,-0.1608672241,0.0377835052,0.010403436,0.0500187257,2.5809294605,-0.1626023994,0.4974216352,0.3029596933,0.0010859008,0.0007348411,0.9301958849,0.0466088561,2.6869554427,0.5598966189,0.2200417455,0.4632228906,4.1196e-06,2.40396e-05,2.80448e-05,1.5946e-05,0.100073448,0.1257415831,2.9571449656,0.461877948,0.0040998004,0.2437232756,0.4975475,0.0261673101,0.0372277827,0.0042879858,0.0838009837,0.1176769291,2.8573878498,0.3739139985,0.0209754904,0.2268827304,0.4583642323,0.2830070169,0.0176333458,0.0108139611,0.9850047869,0.0049184915,2.2066752051,0.129110059,0.6242340005,0.138941949,-0.0003296764,0.0002014195,0.0001475888,9.04443e-05,0.9533199269,0.0329035561,2.2551885758,0.0920947215,0.594816267,0.1799935169,0.1769950885,0.0560082891,0.1387261856,0.0209402362,0.9379699335,0.0594567881,2.4528169776,0.1762917138,0.757605817,0.2373821303,-2.926093755258544,0.5854709372294171,1.6427959305722188,4
264,357.2428240822306,12775,38,35.75999051294991,0.23165,0.0299420691,0.2882044603,2.6411825633,0.0902979002,0.2465,0.0290129282,0.0655648465,3.2088576303,0.0572750414,0.52185,0.033336579,0.089550825,3.4095225298,0.3795644846,0.03375,0.0103531396,-0.0060480897,2.8537514131,0.369600986,0.4268402778,0.1078848836,0.8825753689,1.8819963544,-0.086572137,0.0952430556,0.074727119,0.926761026,2.3948271278,0.7418006437,0.4779166667,0.0507290597,0.4606644387,2.4773667603,-0.1842847316,0.0431597222,0.0132385502,0.0906665772,3.3641627722,0.4874312847,0.5008261522,0.303592311,0.0010597817,0.0007542269,0.9476817649,0.0325481521,2.4044663319,0.408913199,-0.0887873439,0.4963638973,-1.8444e-06,1.72042e-05,2.19107e-05,1.29218e-05,0.0537656594,0.1486247746,3.015257051,0.4905053001,-0.0626875212,0.3120357018,0.4994075,0.0162198896,0.0363337104,0.0030802786,0.0700938343,0.1496724451,3.0538367959,0.5310719651,-0.0131775908,0.2451567471,0.4537647913,0.287310316,0.0220257672,0.0127090619,0.9901763085,0.0028738901,2.1526772777,0.1289549421,0.6087670125,0.1467422546,-0.0003104518,0.0001841192,0.0001359317,7.90458e-05,0.9643121817,0.0168264507,2.2421426006,0.1798489619,0.6273855436,0.1795104644,0.1693118472,0.0403978929,0.1379286345,0.0153528037,0.9507902494,0.026417396,2.5046870572,0.3044014195,0.8112376496,0.2150128268,-3.3660765150594463,0.6729138473628781,-0.20387625807046958,4
265,440.6335629800493,16007,57,36.32723728928646,0.27975,0.0377384088,0.3415191588,3.0270589681,0.2519585198,0.2254,0.0372537246,0.1625792595,2.3825703356,0.1136223788,0.49485,0.0383174569,0.0980937242,2.5875708281,-0.271878524,0.03425,0.0105682307,-0.2616935054,2.4537161224,0.2482072388,0.4462598425,0.1238775883,0.9397390609,1.9559376401,0.0362932035,0.0964173228,0.0755606281,0.9024785597,2.473876971,0.7573252301,0.4573228346,0.0651158727,0.7333150251,2.3073006082,-0.3212799606,0.0416141732,0.0117868519,0.0681768536,3.2802815114,0.4406872279,0.4949803808,0.300470309,0.0014765382,0.0011675465,0.9511518465,0.0417494094,2.7388105366,1.2004612004,-0.1065152497,0.5901647034,-4.2187e-06,2.94092e-05,3.14638e-05,2.06919e-05,0.102836488,0.1248925877,3.0749904339,0.3564017927,-0.0041895444,0.2124574654,0.4955875,0.0252549197,0.0367607443,0.0032099925,0.1042818396,0.126747317,2.9960221979,0.4808764939,0.0519036052,0.1908492622,0.4513985973,0.2816552771,0.0209110043,0.0139478075,0.9754656926,0.0466465017,2.1475857142,0.2391340624,0.5901753492,0.1898009042,-0.0003647865,0.0002491382,0.0001700696,0.000111207,0.9092027908,0.2375881658,2.2310192645,0.2204355462,0.6056691721,0.1526072748,0.1791977166,0.0774857496,0.1384017127,0.0300181032,0.8664011966,0.3732120621,2.511863069,0.2365998279,0.8270423711,0.171002988,-1.292065174475461,0.6517685916294083,4.393692519059127,4
268,619.2119131123973,22239,14,35.91500668683558,0.24335,0.0283377399,-0.0550187331,2.7737232059,-0.1453143794,0.2724,0.0368,0.0183460759,3.3876326732,0.4913743534,0.48425,0.0360996884,-0.0974643901,2.9954417452,-0.1016301528,0.0353,0.0096648849,-0.0361959903,6.5384718144,1.3025122292,0.4354205607,0.1039536685,0.8815720895,2.0755717881,-0.1287243019,0.0889719626,0.0722137867,0.9071736083,2.8251162878,0.9445837258,0.4756074766,0.0517574785,0.5260879336,2.9663267844,-0.3318315313,0.0431775701,0.010806119,0.118534242,4.3576288257,0.6190591406,0.4982075585,0.3030723303,0.0005049046,0.0003957206,0.927414752,0.0533287477,2.4430667832,0.5846060732,0.0031526222,0.400863989,1.187e-06,8.8362e-06,1.08178e-05,6.5206e-06,0.0258536329,0.1308408714,3.0779782615,0.4238732103,-0.0518413025,0.2524620527,0.5020875,0.0179979157,0.0359098589,0.00241597,0.0196812012,0.1215772574,3.1765708705,0.4882912499,-0.0311947251,0.2093051021,0.454744012,0.3021016714,0.0200938449,0.0123881999,0.994163348,0.0033419475,2.0937088881,0.1356907967,0.5511466407,0.138678823,-0.0001286686,7.69449e-05,6.14853e-05,3.76238e-05,0.9673751934,0.0115297007,2.1554983289,0.2600338434,0.5260344739,0.1904075363,0.1851013673,0.0445738021,0.140577912,0.0123709319,0.9573839816,0.015417264,2.3231676731,0.3343856719,0.6754029264,0.2324913971,-4.340666640916506,0.39794022003199325,1.1576905911764652,4
270,283.33210624989874,10386,12,36.65662934379754,0.25065,0.0358096007,0.1176265104,2.6781258439,0.3151796945,0.2638,0.0405963053,0.1772878459,3.0570824225,0.0409496747,0.48555,0.0395278067,0.2092815078,2.498452485,-0.1364870143,0.03775,0.0086998563,0.0378495441,3.3783825803,0.457167492,0.4024166667,0.1048828381,0.8804492501,1.8652492289,-0.1439760038,0.10875,0.0861642085,0.920705989,2.4425849383,0.7430349355,0.4888333333,0.0429521698,0.2574748073,2.4602519945,-0.0266016519,0.0441666667,0.0116607128,0.1571212449,2.4992305212,0.0321191202,0.4987735353,0.3034298795,0.0011904944,0.000818041,0.9447200801,0.0308422535,2.4866098784,0.5768382206,0.0404148058,0.408506993,-8.275e-06,2.29373e-05,2.53615e-05,1.59241e-05,0.1384396272,0.1228360271,2.8759584699,0.2391158037,0.0147623369,0.2587250689,0.4895525,0.022530887,0.0370238035,0.0034255439,0.1335158321,0.1134081921,2.7554579864,0.2729847932,0.0353567715,0.2019370359,0.4505010401,0.2804094749,0.0214468333,0.012773912,0.9890196105,0.0050081602,2.1543938741,0.2198351303,0.5869878396,0.1627932182,-0.0003333291,0.0001979557,0.0001442081,8.6121e-05,0.9654402527,0.0085526784,2.4541532534,0.2496346245,0.725490359,0.1420623725,0.1660469874,0.0304914854,0.1403959191,0.0072850781,0.9555625141,0.0137141479,2.6663623271,0.319944853,0.8742605468,0.1738598616,-1.851230309224211,0.7582192509751259,-0.7681409395047114,4
271,369.3185828293503,13644,49,36.94371373212064,0.23385,0.0271924162,0.1056892711,2.7828123979,0.0568859586,0.2155,0.0298035233,0.0772780675,2.5542592572,-0.1232388668,0.55065,0.0302874149,0.0377492602,2.8679142948,0.1321715976,0.0387,0.0115676272,-0.0145646357,2.8131569446,0.0704557932,0.4072619048,0.0797444011,0.8220748143,2.0366395622,-0.0351596517,0.0933333333,0.0727001889,0.9168496158,2.1713371776,0.6992781074,0.4994047619,0.0387790196,0.1792853645,2.8473489406,-0.0128425983,0.0456547619,0.0132238007,0.0363336423,2.749514476,0.5804447256,0.4906548344,0.2995432654,0.0021014418,0.0015014595,0.9279839114,0.0998864654,2.2940263321,0.4764305621,-0.0207098363,0.4061800781,4.8185e-06,4.40214e-05,4.66485e-05,2.89847e-05,0.1277025304,0.1382529491,2.9470476903,0.550159618,-0.0135142103,0.2210991622,0.501095,0.0233564279,0.0372365506,0.0030891014,0.0829995043,0.1056030124,2.9655179144,0.4506451577,-0.0418696063,0.2859093075,0.4351720279,0.2659452648,0.0303217685,0.0181806983,0.9842187001,0.0073648042,2.2629497062,0.3059591077,0.695436116,0.1641180347,-0.0006068528,0.0003607072,0.0002833107,0.0001692837,0.9644660376,0.0130967884,2.2751696124,0.2405262668,0.684998908,0.1396597407,0.1610294368,0.0170549809,0.1480539052,0.0091031192,0.9553855534,0.0068341762,2.5321151714,0.2526918435,0.8799704185,0.1346999496,-2.0508467329814546,3.3001452049841142,-0.504897900307946,4
273,349.217510690484,12842,32,36.77364280676644,0.27105,0.0337956728,0.1040900758,2.7060739632,0.2602958711,0.25185,0.0309730124,-0.0427249703,2.5181578095,-0.0882383495,0.4771,0.0369200488,-0.0081896488,3.616358621,0.0913212142,0.03525,0.0087285451,-0.1758248254,3.0327289882,0.2617927383,0.4212171053,0.1032466335,0.8963733641,2.0068352646,-0.0606288176,0.090625,0.0728785771,0.9034346628,3.0244045282,0.9651974561,0.4881578947,0.0511373416,0.5810219704,3.0912082856,-0.2960416203,0.0413157895,0.0115953831,0.1383852696,2.9915791472,0.4546171444,0.4982085883,0.3023291265,0.000845011,0.0005939682,0.9403603201,0.0438800754,2.3803490292,0.6502388197,-0.1294725216,0.4601932578,-2.4376e-06,6.0744e-06,1.6796e-05,9.9456e-06,0.0478062161,0.1281854387,2.9677543548,0.3168189805,-0.0398611485,0.2059413254,0.5003325,0.0144735299,0.0358581292,0.0027682926,0.0108572145,0.1343547061,3.1113489515,0.4834655256,0.0145816095,0.2015786441,0.4517994197,0.288396752,0.0217764691,0.0127109325,0.9921613774,0.0038000921,2.1276302984,0.1970253018,0.5625466009,0.145976028,-0.000219611,0.0001278186,0.0001029613,6.0514e-05,0.9714470602,0.0070680359,2.1905465112,0.231370368,0.5824155998,0.1650950002,0.1750253465,0.0191707225,0.1469576524,0.0098898439,0.962166927,0.0051993462,2.3644870069,0.1411481243,0.7526007194,0.1129573452,-3.7396055964826678,1.6009524370804988,-0.3783781260181224,4
274,787.230320838779,29052,48,36.90406635893501,0.24745,0.0360381395,0.2001616863,2.3533805166,-0.0157944458,0.26105,0.0305474631,0.066713556,2.6269164122,0.2437504773,0.4915,0.0369222155,0.0763207654,3.3582876448,0.0331682963,0.0395,0.0096824584,0.1460445705,2.7552213333,0.1825982548,0.4401141553,0.1170854612,0.902081947,2.0160338678,-0.1567732177,0.0931050228,0.068305939,0.9188776841,2.6798081307,0.8623587434,0.4667808219,0.0621294671,0.6564053997,2.7466784272,-0.3316408393,0.0432191781,0.0109180173,0.013615678,3.2407294271,0.4462999541,0.4979478905,0.3025007943,0.0006580999,0.0003891028,0.9559448583,0.0278071677,2.2062327144,0.5593479653,0.0064968336,0.426761477,-1.1711e-06,6.5334e-06,1.26884e-05,7.6737e-06,0.0970249862,0.1397843366,2.9981148462,0.4061567741,0.0214436336,0.1934143193,0.5001475,0.0151783108,0.0364267348,0.0021914867,0.0686664377,0.1018797346,3.0193910314,0.5164759191,-0.0583650587,0.2515240551,0.4507081502,0.2950586128,0.0230258867,0.0151050667,0.9940758391,0.0028811868,2.1025793691,0.1155474454,0.5707665988,0.0910702407,-0.0001680107,0.0001103596,7.79609e-05,5.09867e-05,0.972933786,0.004917621,2.1388350881,0.1050926271,0.556913613,0.0938410197,0.1710763622,0.0129835289,0.1464530266,0.00518087,0.9648849502,0.0037247344,2.3302598477,0.1260774802,0.7436837661,0.0921825806,-3.977333981221142,1.7868106533660049,-1.3286213343449498,4
275,1123.2097355699575,40643,57,36.18469348413924,0.2447,0.0318576521,0.0941951517,2.8261286481,0.2546480436,0.2346,0.033717058,0.1085980206,2.6748975335,0.3920276309,0.5207,0.0411036495,-0.0602265464,2.7602632138,0.2123504976,0.0349,0.0113793673,0.1089741644,3.0990769964,0.4827560982,0.4018413598,0.081089485,0.8409777401,2.1138121275,0.016952467,0.0956232295,0.0671329679,0.9166890964,2.6484477194,0.7213033972,0.5025354108,0.0378327843,0.2460851565,3.0817319192,0.0871440354,0.0419546742,0.0118359029,0.116486094,3.3163457883,0.2970786625,0.4989976722,0.3032050956,0.0003730638,0.0002425078,0.9615874995,0.0293232084,2.1224913816,0.4422804858,-0.0744239519,0.438515077,1.2548e-06,3.696e-06,6.7219e-06,4.1111e-06,-0.007659416,0.1028790244,2.8108790142,0.3866469283,-0.0498727061,0.20494761,0.5048275,0.0174236798,0.0350094226,0.0021478958,-0.0116365491,0.0812119987,2.8918175131,0.4935527539,-0.0589350074,0.1947784551,0.4635046764,0.3240753357,0.0184059937,0.0113890558,0.9968211037,0.0021182856,1.9805078653,0.1709573567,0.4068777938,0.1870013146,-7.35032e-05,4.46384e-05,3.62837e-05,2.14279e-05,0.9640118443,0.0245968079,2.0529885904,0.0767686824,0.4192242479,0.1587724982,0.2158657222,0.0635581092,0.1345872987,0.0231939831,0.9473623266,0.0406565026,2.2255174727,0.1108160827,0.5679106683,0.1954696398,-6.627318537157343,0.04737797556103554,3.491945651003021,4
276,326.59856594011126,12376,8,37.89361402851169,0.2613,0.0279787419,0.0725556363,3.1814145172,-0.1503355922,0.22375,0.0335959447,0.0915456027,2.7923225673,0.0942337833,0.51495,0.0313248703,0.068658358,2.4597184851,-0.0137962889,0.0404,0.0094519839,0.0612813623,2.554782531,0.044678117,0.3909615385,0.0790085101,0.795032478,2.2259954811,-0.2821593713,0.099,0.0712050128,0.9079420131,2.3926369399,0.7302110884,0.5100384615,0.0354937489,0.1250954832,3.2829609732,0.2321059865,0.0432307692,0.0107571361,0.1771912355,2.9766455316,0.2305887185,0.4976500726,0.3020813361,0.0006826736,0.0005048143,0.9442087551,0.0289082606,2.332721865,0.480876236,0.0800042699,0.3794547982,2.269e-07,9.0666e-06,1.42138e-05,8.8429e-06,0.0552920399,0.099963672,2.9494873174,0.3343597874,0.0279884307,0.2667733619,0.5060525,0.0170550174,0.0354156441,0.0030599471,0.0195973248,0.1094654851,3.1287764507,0.4054851748,0.0341150414,0.2802006248,0.4644401565,0.2981252355,0.0162608791,0.0099548772,0.9896082729,0.0041148172,2.4091742689,0.2691166156,0.7579888191,0.2304876866,-0.0001793678,0.0001122015,8.03336e-05,4.9178e-05,0.9559712244,0.0300463291,2.4001932118,0.2706241096,0.6700958665,0.2511015026,0.1912028593,0.0580715798,0.1428740322,0.0244446701,0.9520876692,0.040540854,2.3133972062,0.3650661373,0.6759226628,0.2674074316,-4.0802215023281905,-0.6259532255627939,2.3842448745235925,4
279,439.1245382854816,15996,30,36.4270237834005,0.2523,0.0308416926,-0.0842114531,2.8050194031,0.0600602796,0.26685,0.030262642,0.0083788287,2.8114900098,0.159823859,0.48085,0.0302494215,-0.0999323965,3.547750207,0.5374936784,0.03245,0.0092058405,0.0472208504,2.0037584513,-0.0177528167,0.4103333333,0.0914610681,0.8581146624,2.171086508,-0.1475511902,0.0947142857,0.0767194288,0.917927658,3.0830488041,0.9267985984,0.494952381,0.0422520512,0.2437076694,2.8328969356,0.0142079045,0.0418095238,0.0122304034,0.3098151987,2.6389809867,0.1593794905,0.4985128346,0.3028614132,0.0008628736,0.0007375711,0.9430147997,0.0434813506,2.4681916833,0.6441512374,0.0665073439,0.4013726422,3.172e-07,6.3651e-06,1.47438e-05,8.9366e-06,0.044622502,0.1217047358,2.9920820818,0.3787013605,-0.0193452595,0.1953447337,0.499775,0.0110820745,0.0363619453,0.0030365989,0.0130488479,0.1289237572,3.1528954456,0.3775979477,-0.1103333845,0.2672656972,0.4457684702,0.2937916103,0.0251609995,0.0157760429,0.9939911564,0.0022968896,2.1022795895,0.0885505983,0.589289578,0.0897399969,-0.0001907318,0.0001188297,8.79682e-05,5.52034e-05,0.9720475902,0.0101071651,2.1610948796,0.085500687,0.5848111821,0.0899219793,0.1701509703,0.0154586403,0.1466240057,0.0050055632,0.9649586819,0.0084775242,2.4225527353,0.1483775229,0.7909975312,0.1111327482,-4.469982174002879,2.0166680174047125,-0.6124845842782342,4
280,242.90644987817424,8887,64,36.58610137547657,0.24175,0.0353296971,0.0789529717,2.9828623218,0.2500767531,0.2414,0.0384062495,0.2948183249,2.7675855976,0.162082361,0.51685,0.0344503628,0.0378449893,3.0238790755,-0.3850151301,0.0375,0.0114564392,0.0274469187,3.1986394558,0.6334553614,0.4496153846,0.1030476012,0.8980740911,1.9692222734,-0.1158299691,0.0928571429,0.0704192424,0.8916471868,2.6881397118,0.8154579539,0.4575274725,0.0503251714,0.5001405906,2.5365211273,-0.291396751,0.0378021978,0.010974716,0.3296852381,2.6129656703,0.1245572072,0.4936363808,0.2998197377,0.0014484828,0.0010902029,0.916084936,0.0609704089,2.4566935751,0.6775858928,0.0610102601,0.415077245,-9.0672e-06,2.921e-05,3.55987e-05,2.1453e-05,0.1954249502,0.1542815995,2.8286265583,0.4212507476,-0.0305476506,0.1971796745,0.4973325,0.0238448332,0.038105774,0.0032780887,0.1300985099,0.127923356,2.9520411693,0.2747496563,0.0049156279,0.2021955725,0.4507945769,0.2817304858,0.01765663,0.0109141184,0.9809441341,0.0070560682,2.5244534628,0.3042609509,0.8605751759,0.2208681729,-0.0003954176,0.0002587026,0.0001620633,9.77935e-05,0.9344995596,0.0984753503,2.5785298397,0.3107915432,0.8424348544,0.2463914434,0.1599910624,0.0769237869,0.1334670139,0.0237361862,0.9432519077,0.0505708307,2.9013544641,0.4208336173,0.9711092613,0.38944771,0.14071472668881504,-0.8528222658717666,1.19689769638953,4
282,196.9384733879382,7459,45,37.874773129305865,0.2672,0.0374521027,0.2901752104,2.3648758647,-0.22963287,0.236,0.0340954542,0.2936775708,2.3907618453,0.1595520611,0.4968,0.0347600345,0.1197708514,3.0861754601,0.3188055242,0.0347,0.0091874915,-0.0040900262,2.8144519754,-0.095425478,0.4121527778,0.095491515,0.8645679294,1.9778643343,-0.089187081,0.1246527778,0.0889300849,0.9210396971,2.296185734,0.6104333214,0.4631944444,0.0389382128,0.2412171281,2.6563373882,0.1135661498,0.0370833333,0.0118950854,0.1893860745,2.2958440288,0.112864746,0.4898011871,0.2981820515,0.0017242572,0.0011904363,0.9472629267,0.0352124491,2.2894942969,0.4554744962,-0.0119907058,0.4576841151,-2.1527e-06,2.92467e-05,3.57531e-05,2.27089e-05,0.1769912951,0.1281927824,2.9168921185,0.308721493,-0.0024713612,0.1996967505,0.4986975,0.0232195848,0.0374900287,0.0028704748,0.1564147722,0.1140848145,2.9244298132,0.4837261675,0.0721626533,0.2717523539,0.4538097905,0.2799359452,0.0198263594,0.0119291379,0.9834989768,0.0050598123,2.3120415546,0.1914248715,0.7112091837,0.1752312878,-0.0004196552,0.0002585909,0.0001800851,0.0001063565,0.9576698232,0.0190281304,2.3193457298,0.1851721647,0.6685392942,0.2313931394,0.1697550458,0.0535908645,0.1421193177,0.0185529457,0.9438541982,0.0490753657,2.5875373608,0.2917057004,0.8164152203,0.332076128,-1.2921667101569159,0.7314046669452529,1.2800566452369464,4
286,336.18963084253863,12568,21,37.38366340598554,0.26515,0.0291929358,0.1535339918,4.037483844,0.4019548668,0.25335,0.0297913998,0.0937134815,2.8424845823,-0.0113838477,0.4815,0.041057886,0.1736802063,3.3847444169,-0.1706571521,0.03625,0.0100093706,0.0760852154,3.5787254014,0.4099402528,0.4267777778,0.096920102,0.8805073529,1.8375115843,-0.0735483677,0.0834444444,0.0632410634,0.8687206926,3.104386835,0.8904630342,0.4897777778,0.0491138762,0.5653985854,2.178122178,-0.0803541699,0.0446296296,0.0126143603,0.3615566238,2.9269173603,0.1803677278,0.4956665102,0.3010625937,0.0008759211,0.0005654339,0.9330642708,0.0380534857,2.3704814775,0.4954860521,0.0327707688,0.4342415898,2.868e-07,9.2713e-06,2.33556e-05,1.38486e-05,0.1683795026,0.1577537972,2.9105292822,0.4115425919,0.0055504805,0.2772284456,0.4984525,0.0186287176,0.0375401357,0.0037552409,0.1374479172,0.1264122764,2.8781382396,0.3180874884,-0.006555149,0.1892713746,0.4475024005,0.2826628841,0.0232632299,0.0138881317,0.9917020946,0.003067913,2.0676214178,0.106615777,0.520595419,0.1195438336,-0.0003007296,0.0001813373,0.0001292369,7.63607e-05,0.9671673511,0.007351514,2.2865974794,0.2698124257,0.6451982122,0.1695551238,0.1655117217,0.0334477505,0.1388707066,0.0125770586,0.9560987207,0.0135976188,2.5533037353,0.3169618526,0.8415724955,0.1884265359,-1.9877630104281045,0.9187016367600245,-0.9079437164686233,4
288,422.6407434103475,15393,70,36.42100351185199,0.25005,0.0361420462,0.1438316406,3.1525330625,0.25943008,0.25485,0.0292699078,-0.1794381246,2.9387984072,0.0014667514,0.4951,0.0378812619,-0.1164455216,2.7476866093,-0.2765031341,0.037,0.011045361,0.1272773067,3.0815640957,0.4118634349,0.4878448276,0.1082466535,0.906868291,1.8997912578,0.0024394381,0.0951436782,0.0667587614,0.8747582816,2.729942857,0.7115021765,0.4170114943,0.0555922128,0.6565110294,2.2600749202,-0.214677863,0.0421551724,0.0115138124,0.0147222171,3.3202618254,0.5261718029,0.4977321015,0.3024129169,0.0008905202,0.0006628067,0.9406382732,0.0470034072,2.4419139066,0.6064107091,0.0112912056,0.5152735309,-2.1923e-06,1.60824e-05,1.86131e-05,1.09887e-05,0.0743158014,0.1011514849,3.064250673,0.5991858935,-0.0700014172,0.260633307,0.4938825,0.0209883794,0.0370358508,0.0025975725,0.0437225085,0.0955853785,2.8858403714,0.5556505688,0.0029945556,0.2051140392,0.4516202121,0.293939707,0.0218902402,0.0142723164,0.9922863004,0.0026926038,2.0683196172,0.1182011233,0.533431948,0.1685615697,-0.0002324208,0.0001578594,9.82816e-05,6.26327e-05,0.9310265767,0.1217521845,2.3703238849,0.1577243982,0.68760666,0.1198130766,0.1807218038,0.079982352,0.1305328251,0.0293147464,0.9072786953,0.1652765783,2.6442571694,0.3234843638,0.8378448431,0.2845634411,-2.676127930511549,-0.5179258828129337,2.8502469921293803,4
290,684.2849638082655,24793,72,36.23198128162717,0.2414,0.0304062494,0.112133618,2.7591831658,-0.3461469615,0.27365,0.0324796475,0.2381979517,3.0900871827,0.3665300751,0.48495,0.0334775671,0.150214775,3.4516334244,-0.0255367887,0.0343,0.0099754699,-0.1041517774,4.3889341463,0.9185571176,0.4672149123,0.1127615181,0.9053495187,2.1512628489,-0.3144155347,0.0896710526,0.0669495204,0.8920920565,2.926976195,0.9039603095,0.4431140351,0.0572865617,0.684621417,2.2896239335,-0.1643805058,0.0376754386,0.0113686207,0.0627048739,3.888475162,0.4973408175,0.4956330947,0.3010048428,0.0007264732,0.0005402464,0.9567096366,0.0234644947,2.4232631916,0.6650569295,0.0018007657,0.4345741222,-3.0174e-06,8.9011e-06,1.43098e-05,8.8743e-06,0.0777660067,0.0952893714,3.1175969212,0.7338252473,-0.0068241811,0.2775918233,0.4995075,0.0199780459,0.0358058292,0.0027686135,0.0192005911,0.0862954582,2.9354857409,0.4338480288,-4.70468e-05,0.2426048322,0.4542123866,0.294202295,0.0212951969,0.0133718277,0.9929003109,0.0038622671,2.1850168987,0.2114619459,0.6109602444,0.1398872553,-0.0001938709,0.0001199198,8.42594e-05,5.2527e-05,0.9680599082,0.0088499513,2.3799475009,0.310513683,0.6818458372,0.1570499565,0.1597728049,0.0120272354,0.1388950194,0.0054564667,0.9592091855,0.00845841,2.6493343574,0.2260993058,0.8793528132,0.1095925435,-2.6985064966415546,-0.23982711693492587,-0.7462953495568638,4
293,620.2767852222586,21773,4,35.10207139575321,0.2418,0.0291506432,0.0965007615,3.5949721367,-0.3595744141,0.26175,0.0303593066,-0.1484882102,2.6846534153,-0.1160743594,0.49645,0.0320023046,0.0429898053,3.0228525859,0.0138263506,0.03775,0.0097050245,-0.0183310207,3.2870470871,0.3756801863,0.4427752294,0.1055913011,0.9168274845,2.0184240292,-0.2531588589,0.0804587156,0.0639848078,0.8892183049,3.3452674371,1.0537337446,0.476766055,0.0555268787,0.6723766569,2.2574748487,-0.1105232398,0.0480963303,0.0115108599,0.0683778868,3.2001358496,0.2258446969,0.4978825899,0.3025577694,0.0006100699,0.0004016,0.9451401303,0.0412651851,2.2777171085,0.3872255527,-0.105464506,0.365103564,7.883e-07,5.8191e-06,1.28736e-05,7.8647e-06,0.0782360965,0.1280272937,3.0277042938,0.9821873529,0.0355490356,0.2868953321,0.505915,0.0117148314,0.0351527945,0.0028603387,0.0332879231,0.1055229572,2.9850609559,0.4785287779,0.0204090346,0.2520085874,0.4563663953,0.30113927,0.0213031255,0.0128295286,0.9945341168,0.0039334029,2.0360750955,0.2981950063,0.4495183576,0.2202765709,-0.0001657155,9.50813e-05,7.12427e-05,4.18551e-05,0.9580042949,0.0266930655,2.3535798815,0.4011243092,0.5997729268,0.225735483,0.1783621068,0.0538958878,0.1279917478,0.0168655332,0.9448515625,0.0357426852,2.6196370796,0.3731574571,0.7809191265,0.2440035245,-3.5022685569463996,-1.4084957637567252,1.3336331437308682,4
295,584.1439900595782,22160,69,37.93585207945022,0.2513,0.0321606903,0.1726870205,3.0764013453,-0.2966711562,0.2341,0.0321588246,0.1560715934,2.4649475993,0.2084602864,0.5146,0.036685692,0.0903339662,2.9833340261,-0.3185426273,0.0383,0.0087241045,0.1303359179,2.8060686079,0.2343011581,0.3928354978,0.073720478,0.773750406,2.3561436704,-0.1414759012,0.0867532468,0.0647143218,0.8976427036,2.5862855272,0.7624082788,0.5204112554,0.03627313,0.0533793243,2.6719607039,-0.1232574155,0.0433333333,0.0120664347,0.1514108741,3.0408798514,0.3803549028,0.5006723544,0.3041507463,0.0005819405,0.0004856969,0.9464254365,0.056186926,2.5240004705,0.6026278319,0.0090264617,0.5638660063,-1.0312e-06,6.5793e-06,9.8373e-06,5.9403e-06,0.0163109926,0.1012061632,2.9993864422,0.7777289763,0.0365813086,0.3365909317,0.49688,0.0127759872,0.0342715195,0.0023564172,-0.0172004205,0.0775565109,3.0492130371,0.6080255147,-0.0152878759,0.2939491428,0.4555106648,0.3199949272,0.0206000974,0.0171345006,0.947649892,0.1162679402,2.111782271,0.2822430929,0.50609035,0.2678443175,-0.000106875,8.24322e-05,5.29992e-05,3.92068e-05,0.8862226401,0.2129326597,2.1194519518,0.3148332678,0.555752154,0.2062632269,0.2141587868,0.1071665167,0.1306980993,0.0398544358,0.8357355059,0.3271647987,2.3003763089,0.3848443881,0.4872685038,0.6035720963,-3.900526686447618,-2.3977817026487434,9.67898147690229,4
299,296.29541364431714,10862,72,36.65935920641386,0.27005,0.0356335165,0.1834831385,3.1728227006,0.5347106587,0.23575,0.0361481327,0.2883929994,2.8150083826,0.039765186,0.4942,0.0379586617,-0.0168966802,2.9951437326,-0.2584223516,0.0307,0.0100254676,0.2043261535,2.278323808,0.0755076308,0.4240865385,0.1228013648,0.9326392942,1.8444511167,0.0196049864,0.118125,0.0846406076,0.9373679961,2.2477953785,0.564374941,0.4577884615,0.0550691302,0.6638594752,2.4496107265,-0.2361698276,0.0415865385,0.0096392732,0.0214890554,2.5816707462,0.0694225405,0.4964077905,0.3010170203,0.0017945346,0.0012435842,0.947538041,0.0463340131,2.2543856694,0.625408404,0.0035776998,0.4098293972,-9.5421e-06,2.68156e-05,3.78621e-05,2.27899e-05,0.1399472167,0.1452795028,2.9659495582,0.4308773983,0.0387587837,0.2106635829,0.4918225,0.0220557106,0.0382917651,0.0023403735,0.1237146204,0.1221715326,2.8455797647,0.3854630313,0.1049722109,0.1528845201,0.4428446966,0.2744670538,0.0256072188,0.0152185871,0.9858577799,0.0065094655,2.2377640972,0.2659243873,0.6417044537,0.195893426,-0.0004698718,0.0002843273,0.0002141275,0.0001281888,0.9602552228,0.0209306696,2.3293181179,0.3718595691,0.6385007081,0.2361940612,0.1744063449,0.0493509231,0.1426613235,0.016957815,0.9498946184,0.0335718397,2.4919248289,0.3263674564,0.7912432211,0.2441341442,-1.0453145481933341,1.5978960025180444,0.31086928354880916,4
300,938.978581935093,34746,56,37.00403892961408,0.257,0.031503968,0.1524509507,2.5069030322,0.1020862168,0.257,0.0352420204,0.287476518,3.5435618879,0.4254569174,0.486,0.0349642675,0.143495144,3.1736705685,0.2202423804,0.034,0.0081240384,-0.0778488726,3.414600551,0.4643906251,0.4945288754,0.1108834649,0.8943248428,2.201655506,-0.3489462943,0.0881762918,0.064551428,0.9017758168,3.0021550961,0.9422442445,0.4172948328,0.0578185612,0.6334483909,2.6056960508,-0.0007542598,0.039893617,0.0108346619,-0.0092827758,2.8955314955,0.2083920503,0.4976290028,0.3022829025,0.0004127921,0.0003001166,0.9217894066,0.0469607366,2.3934906411,0.4408945762,-0.0033440538,0.3330794176,-3.36e-08,6.2511e-06,9.4212e-06,5.5557e-06,0.0942968669,0.1012865809,3.0007965603,0.7523615452,0.0146806393,0.2856345131,0.5004125,0.0145868509,0.0363232176,0.0025228933,0.0401129157,0.0845519194,3.0022513514,0.408619443,-0.0024272557,0.2282645616,0.4487709809,0.30617267,0.0234067932,0.0159867514,0.9953939839,0.0023064106,2.1318222194,0.1157661946,0.5890984893,0.0908574463,-0.0001384951,9.54863e-05,5.98143e-05,4.0627e-05,0.9691092232,0.0092001327,2.5346759298,0.232232165,0.8018349394,0.0757658953,0.1546559495,0.0065828079,0.1413145614,0.0084187404,0.9634987978,0.0049191306,2.844468936,0.1948574895,0.9847836444,0.0836175968,-2.3692086309088816,-0.8132843044685476,-1.1350301462837955,4
301,699.2481319020351,25663,35,36.70084885345878,0.2539,0.0311735465,0.152056193,2.8470525992,0.347121184,0.2829,0.0359595606,0.2310521419,3.1978687715,-0.2400973016,0.4632,0.0314127363,0.1475635634,2.4341055287,-0.0705931505,0.0336,0.0096457244,0.1480230137,3.1068973191,0.2323413462,0.4979850746,0.1000449888,0.8768955746,2.3549447208,-0.4231514968,0.0804228856,0.059933174,0.8949156947,2.9738850058,0.9500603791,0.4215920398,0.050624977,0.5280782024,2.4867533142,-0.1156365787,0.0355223881,0.0112568717,0.0638559051,3.3105674886,0.4740973415,0.4995778796,0.302417982,0.0005999169,0.0004073287,0.9496092531,0.0431335072,2.4864427949,0.5902277411,0.160209861,0.5365493663,-2.688e-07,8.8245e-06,1.25341e-05,7.6708e-06,0.0638989586,0.1341608979,2.7993023204,0.4537954155,0.0400677039,0.214554483,0.500115,0.0148758201,0.0362863586,0.0030735857,0.0462026487,0.1368695852,2.9128986909,0.3665414001,0.0595024959,0.2222113342,0.4588544019,0.303920581,0.0193542272,0.0122409836,0.993998699,0.0031350082,2.0589297396,0.13433851,0.5055571691,0.1624970428,-0.0001543619,9.17176e-05,6.78122e-05,4.14104e-05,0.9551669138,0.0411766647,2.2638794089,0.308427292,0.5853188747,0.2033567886,0.1817032797,0.06417514,0.1303776477,0.0224594079,0.9365884786,0.0588539273,2.5391618947,0.2915132484,0.7784627303,0.2224932726,-2.7071796839787288,-1.9389694963123556,1.5240069408787165,4
304,483.3787696185556,17501,12,36.20556197329562,0.24345,0.0304113055,-0.0416652304,2.7005701426,-0.187265128,0.2512,0.029462858,-0.088079462,3.0929258809,0.542540343,0.50535,0.034075321,-0.0940411785,3.6441861466,0.1678728738,0.03525,0.0099089606,-0.0437957602,3.2927123172,0.77095893,0.4295876289,0.1195517187,0.896332106,1.8494892037,-0.1617044583,0.0963659794,0.0710565702,0.9165312177,2.3991513557,0.7291420652,0.4740463918,0.0625921417,0.5911094013,2.3197454286,-0.0384480344,0.0428865979,0.0102377674,0.0891758637,2.7705084952,0.1140889739,0.4962047403,0.3016777109,0.0007613305,0.0006208608,0.9353138401,0.055069509,2.4509783794,0.9405295962,-0.0229173416,0.4845658377,1.2332e-06,9.9913e-06,1.61899e-05,1.00489e-05,0.0898256535,0.120642764,2.9128103893,0.2752338585,0.0265986269,0.2287478258,0.5021175,0.018393744,0.0364515441,0.0028255637,0.0415392161,0.1130652071,2.7606670199,0.3803126619,0.0031426678,0.1819183525,0.4473477937,0.2859555912,0.0252383217,0.0160508966,0.9937411648,0.0025565561,2.0204011515,0.0850793399,0.5028697566,0.0915290414,-0.0002250058,0.0001422249,0.0001009008,6.48399e-05,0.968273727,0.0084593178,2.151710424,0.0764529487,0.5575965856,0.0648723889,0.1687122497,0.0156214728,0.1389041127,0.0048811481,0.957612627,0.0069200006,2.4439292512,0.1136799875,0.7691917074,0.0705110331,-3.5933564866943457,2.7705267318158815,-0.9704936710134761,4
308,337.2516191474738,12727,48,37.73740221669543,0.279,0.0380919939,0.163689304,2.7913276378,-0.1820739995,0.2135,0.0295592625,-0.0062556481,3.6024562373,0.3486703285,0.5075,0.036956055,0.0378240126,3.0018703026,0.2229669275,0.03565,0.0105274641,0.1009666411,2.7418554499,0.3041500449,0.415170068,0.0873580773,0.81504544,2.2945431728,-0.1919103405,0.092755102,0.0681664222,0.8957103066,3.0241623192,0.8821973199,0.4920748299,0.0400545697,0.2033001093,2.4129884967,-0.2784279237,0.044829932,0.0117429233,-0.0856217905,2.9211142264,0.4441224166,0.4976567545,0.3022377033,0.0010040555,0.0007537868,0.9511487705,0.0340182926,2.3524712451,0.6782433102,-0.0820098158,0.4416657101,-3.59e-08,8.1088e-06,1.78244e-05,1.09238e-05,0.0537802542,0.1232541,3.0123342647,0.4392654371,-0.1111109824,0.213657637,0.5044775,0.0184443587,0.035858112,0.0026769252,0.0264264566,0.1206816101,2.8573453555,0.4031257162,-0.0686971149,0.1937507689,0.4540815958,0.2890455273,0.0205926341,0.0125023842,0.9923749934,0.0027953553,2.0481762343,0.1119474472,0.5010235511,0.116836935,-0.0002062411,0.0001214317,0.0001003794,6.10514e-05,0.9681794212,0.0118021015,2.1074756928,0.1318647965,0.4929742687,0.1453428992,0.1897445113,0.0430687548,0.1423048992,0.0125100617,0.9567937773,0.0146278784,2.305418077,0.2195428385,0.6761525996,0.1872382698,-4.182299756924543,1.3419048014554513,0.5268288819014765,4
310,415.20049910652745,15092,9,36.34870389721729,0.2269,0.0335766288,0.2401052296,2.5162247838,0.1859651892,0.23295,0.0436983695,0.3902849265,2.4817033424,0.0537615193,0.54015,0.035081726,0.0200841693,3.0277991582,-0.2055556677,0.03825,0.0104253297,0.3145725288,2.9241386175,0.0196087642,0.3461805556,0.085042853,0.8120604072,2.4810064407,0.02368859,0.1246527778,0.0850054181,0.9206475794,2.0746475889,0.6139127677,0.5291666667,0.0411298756,0.2684215643,2.995310996,-0.3311546015,0.0455555556,0.0105920422,0.2572731136,2.3037146495,-0.1721047285,0.4946874675,0.3004213663,0.0019049361,0.0014813418,0.9307958999,0.0461940599,2.2578064918,0.6235083292,0.0654483262,0.4316802904,-1.25241e-05,2.52949e-05,4.40578e-05,2.75209e-05,0.1838766007,0.1868653705,2.784929781,0.3509827914,0.0286748273,0.2258642048,0.493475,0.0277220963,0.0407174599,0.0044128462,0.1396444385,0.1511048112,2.6869830744,0.2372102208,0.0222304284,0.1736417835,0.439486972,0.2683056987,0.0288416618,0.0176180388,0.9857185199,0.0075667241,1.961871661,0.140260309,0.4556878742,0.1256111842,-0.0006166035,0.0003613696,0.0003068551,0.000186618,0.969269592,0.0120744442,1.986887742,0.1127400456,0.4609032291,0.1091114738,0.1794916167,0.0218962367,0.1521927387,0.0138561669,0.9540083236,0.0085270291,2.2453586471,0.1523287588,0.682546794,0.1332607923,-1.9123341142457209,4.155105997627848,-0.26874602651719,4
312,431.8110402362395,16118,9,37.32651205763985,0.26165,0.0322881944,0.0035988178,2.6742743562,-0.0472724405,0.25655,0.0322389128,-0.122789438,3.1425992122,0.0674345964,0.4818,0.0350893146,0.0601090004,2.6519792465,-0.2852656275,0.035,0.0103198837,-0.0093896714,3.5343516498,0.3753181278,0.4002227723,0.0809600493,0.8300295831,2.1306754801,-0.089560884,0.0878960396,0.0681520874,0.921039239,2.4366149504,0.765775393,0.5118811881,0.0394727095,0.2468368606,3.0483824365,-0.0529702204,0.0457425743,0.0114944269,0.150058373,3.3345406794,0.2288762946,0.4947939145,0.3006240487,0.0007979126,0.0007586422,0.9550870575,0.0304911016,2.304988121,0.7023550151,-0.1761055228,0.3772716219,1.617e-06,1.0392e-05,1.30835e-05,7.9589e-06,0.0543424321,0.1233824153,2.8969509161,0.4508491154,-0.0538653813,0.192898921,0.506055,0.0215389931,0.0358355349,0.0025832518,0.0451966658,0.0848340134,2.9216227301,0.3851131224,-0.0002631914,0.2311798045,0.4575672931,0.2982406462,0.0197968927,0.0120508045,0.9934690952,0.0031958579,2.0521926879,0.174773378,0.5137190126,0.1680609964,-0.0001611134,9.9832e-05,7.82306e-05,4.75098e-05,0.9630998118,0.0325312317,2.0804912017,0.1512393884,0.4961839821,0.1856040466,0.1924817511,0.0625066976,0.1403171554,0.0207407684,0.9454007696,0.0553752107,2.3230532384,0.246962802,0.6978735153,0.2237256047,-4.673756572797552,0.7833367607884344,2.2230755953576167,4
313,801.3341959357336,29403,16,36.69255617584813,0.246,0.0341833293,0.1655886712,3.1855911735,0.4881554336,0.23095,0.0307952513,0.0534276415,2.9808278777,0.0867192939,0.52305,0.0370937663,0.0975401806,2.4269134884,-0.5396265945,0.0414,0.0097488461,0.0311812039,2.2606106307,0.1463395156,0.3841637011,0.0817910816,0.8401365109,2.2035007644,-0.0574437787,0.0998754448,0.0730261163,0.9141263896,2.2173667773,0.6298784726,0.5159608541,0.0349779071,0.1852234204,2.8977538081,-0.0760699649,0.0440569395,0.0117013685,0.0392100545,3.6772922252,0.4208329189,0.5006192202,0.3037828404,0.0004787965,0.0003150707,0.9489744249,0.0401520873,2.2660905477,0.614883275,-0.0739446915,0.5127949269,-1.872e-07,5.0956e-06,9.0787e-06,5.4783e-06,0.0236543504,0.1092784205,2.8531542062,0.4244796645,-0.0674760966,0.2465670363,0.5004475,0.0166274282,0.0354201394,0.0027211395,0.0146735679,0.1058978985,2.7850801186,0.3533518668,-0.0979709238,0.2471536875,0.4543550713,0.3137592091,0.0202014131,0.0134540781,0.9949199983,0.0022433045,2.2115395736,0.1395075383,0.647780205,0.1376893863,-0.0001069183,6.46995e-05,5.01874e-05,3.2698e-05,0.9694486456,0.0029946718,2.2720091036,0.1468083549,0.6179611213,0.1519587981,0.1799258924,0.0305187394,0.1422975386,0.0088403999,0.9649957238,0.0047350344,2.3708789736,0.2294619109,0.7217519674,0.1922871197,-5.222128634812877,0.5909864802478907,0.383104088975758,4
317,1148.2396694797371,41462,4,36.10918617607617,0.2455,0.031004032,-0.0281779181,3.0529976106,0.2243258716,0.24215,0.0273336331,0.0396043404,3.1990689345,0.0390437084,0.51235,0.0347955098,0.0076733318,3.1444746129,-0.3795552147,0.03635,0.0112662105,-0.0323315427,2.9353000715,0.134429604,0.3828353659,0.0810988389,0.8426950628,2.1294244383,-0.1224317192,0.0965091463,0.0734064024,0.9041414475,2.6965432574,0.7911026419,0.5206554878,0.0383455116,0.1418363302,3.2787846401,0.1912781325,0.0433841463,0.013170273,0.274062715,2.9396050909,0.2471346107,0.4993240384,0.3039780023,0.000365628,0.0002856892,0.9502838766,0.0352466335,2.3880646148,0.376114827,-0.0105704263,0.4814282979,-6.121e-07,2.6106e-06,6.9383e-06,4.1987e-06,0.0407641094,0.1157040624,3.0684815132,0.4672547697,-0.0040504366,0.2255699559,0.4975275,0.0119133379,0.0360633641,0.0030381559,0.0374888618,0.12891246,2.8879961217,0.4930828432,0.0628299145,0.2078516756,0.4671217183,0.3314588878,0.0142413497,0.0118980237,0.9885230962,0.0157824713,2.1336038273,0.1486305248,0.540217878,0.2305246313,-5.86569e-05,5.15966e-05,3.00563e-05,2.28553e-05,0.9112784309,0.1342023073,2.0939562686,0.0606756789,0.4518318543,0.186230681,0.2510454516,0.1082201292,0.1370931727,0.0476558733,0.8516383047,0.2628360602,2.0923286213,0.2414183932,0.4624726224,0.1301569163,-6.50865144885787,-0.9275235537689961,7.994220385519162,4
318,531.0001139649456,19849,56,37.380406289913424,0.2531,0.0347403224,0.1078914418,2.7799270768,0.355758008,0.2486,0.0303898009,0.1235885108,3.0791504187,0.4368818516,0.4983,0.0349658405,-0.0115365426,3.0288283998,-0.2376578792,0.0354,0.0103605019,0.0595397672,3.1096172571,0.2842631585,0.3838388626,0.0804236567,0.7827209626,2.5422277401,-0.0977026466,0.1035781991,0.0796905585,0.9012936105,2.8739727986,0.8626811544,0.5125829384,0.0401518031,0.1057837959,3.0692491042,-0.3098771524,0.0418957346,0.0136113464,0.2519803091,3.8839853084,0.8020060016,0.4976588366,0.3031101116,0.000775278,0.0005331172,0.9367339319,0.0504073274,2.3248985954,0.5978912573,0.0967194845,0.436355116,-3.81e-07,9.9916e-06,1.46698e-05,8.8418e-06,0.0574209532,0.092050997,3.1440798252,0.3179501632,0.045608921,0.1911597546,0.4939625,0.0181730286,0.0354182241,0.0022586561,0.0520346345,0.1107636257,2.9889848772,0.4582736603,0.1297070158,0.1726473577,0.4351112497,0.2833286739,0.032471428,0.020068323,0.9946685222,0.0030052441,1.9627084339,0.0858931146,0.4327763203,0.0930430443,-0.0002166582,0.0001331282,0.000109661,6.76346e-05,0.97413465,0.0064446832,1.957406509,0.2022535611,0.3775213689,0.144523932,0.1948160369,0.020826911,0.1497829663,0.0071792256,0.9641679738,0.0053659246,2.0577617272,0.1868746376,0.5323371018,0.1398592342,-5.2258055213447285,3.2954793450749253,0.8377563490362053,4
320,359.7663009338027,12798,34,35.573092773786065,0.24725,0.0307601609,0.0998347865,2.6323793551,0.1170969878,0.24135,0.0280611386,0.1349648216,2.7441839396,0.0335899928,0.5114,0.0351715794,-0.0823858745,2.9624296064,0.3262382951,0.0374,0.0098610344,0.0790513509,3.254800321,0.4052072923,0.4166326531,0.0829641412,0.8083963829,2.0547988053,-0.1910481859,0.0902040816,0.0662860159,0.8991026687,2.3039286218,0.7137821726,0.4931632653,0.0386070454,0.1267121597,3.7536151703,-0.3157339124,0.0442857143,0.0128173989,0.1258345992,3.6644226689,0.624082371,0.4986438361,0.3029227609,0.0010493381,0.0007434314,0.9435842607,0.0407673727,2.6113198152,0.5569153094,-0.0131640831,0.5785375602,3.5614e-06,1.758e-05,2.3056e-05,1.42025e-05,0.1123159834,0.1794933918,2.8467640713,0.4766258037,-0.0114574521,0.2293835248,0.5030275,0.0224191686,0.0373865738,0.0027058683,0.0895589853,0.1457834247,2.9553836898,0.4751824951,-0.0566597043,0.2305157891,0.450627662,0.2816448162,0.0220072533,0.0135068476,0.988726972,0.0041983399,2.2859979108,0.2007847496,0.7244610737,0.121152382,-0.0002968568,0.0001797374,0.0001382406,8.50727e-05,0.9695225322,0.008540028,2.2155158355,0.2400173319,0.6623285791,0.142288955,0.1692030057,0.017021973,0.1518488205,0.0067416678,0.9648359421,0.0058361136,2.2903211801,0.2135425967,0.7549618283,0.149681275,-3.5268759658107682,1.628369102954506,-1.019438151592722,4
321,631.8157623288191,23079,12,36.52805354987152,0.2399,0.0310079022,0.0883802268,2.9007717252,-0.0082697308,0.2761,0.0304432258,0.1585078109,3.1361780982,0.159147446,0.484,0.039868534,0.1648922012,2.5188092944,0.0877688052,0.0381,0.0098686372,0.048485305,3.6460989775,0.4182491412,0.43625,0.1030125005,0.894595447,1.9325468421,-0.1066569477,0.0907397959,0.0798329803,0.9391189531,2.5797229425,0.8536835653,0.4730102041,0.0460658346,0.3298985421,2.4483486328,-0.273952286,0.0457653061,0.0136249329,0.1850224495,2.8618394179,0.4410014474,0.4979618577,0.302035655,0.0008059596,0.0005470529,0.9447120363,0.0479683952,2.4290399923,0.5759066739,-0.1841174448,0.4787785322,3.7809e-06,1.10198e-05,1.68371e-05,1.06933e-05,0.0356710894,0.0842678004,3.0000111476,0.4638028239,0.0616468761,0.2737463001,0.50774,0.0193690255,0.0372361434,0.0025986294,0.0361242002,0.0956657635,2.946935255,0.3861199374,-0.0025235461,0.215446568,0.4479461831,0.2864025236,0.0220314034,0.0140995899,0.9915760171,0.0042854543,2.2213079838,0.1357001132,0.664102571,0.0884448307,-0.0002332171,0.0001439337,0.0001032507,6.52751e-05,0.9699026018,0.0099241728,2.3384680148,0.2436488846,0.6878692039,0.116385965,0.1586554434,0.0112091591,0.1451618434,0.005265121,0.9626834872,0.0072525333,2.5582626857,0.1732508035,0.8646422742,0.0877343239,-3.4762093521733144,1.7100513795963308,-1.4433723527460862,4
322,919.6427109610108,34616,15,37.64070501230513,0.2392,0.0326398529,-0.0054047952,3.1500543026,-0.0797345226,0.2497,0.0326406189,-0.0775692508,2.966982989,0.2098134106,0.5111,0.0331630819,-0.1204383702,3.0900134857,0.1043764409,0.03625,0.0097819988,-0.023681202,3.6933741645,0.5854273121,0.4790332326,0.0975901572,0.8890899225,2.1635671419,-0.2138004632,0.0823716012,0.0631968892,0.9098206139,3.4619963591,1.0554406606,0.4385951662,0.0500459533,0.5285904044,2.6293208888,-0.1202251624,0.0377039275,0.0109868068,0.0116111096,3.4683645762,0.5415430167,0.4995746561,0.3029895797,0.0003511755,0.0002207285,0.9356391242,0.0483279748,2.3208069555,0.4628961508,-0.0516694303,0.3627921411,6.353e-07,4.6716e-06,8.1624e-06,5.0298e-06,0.0933625467,0.1167229801,2.7672773193,0.3240293095,-0.0359604231,0.2059295385,0.4986725,0.0179931061,0.0370963778,0.0030589429,0.0600502798,0.127762153,2.8738687774,0.5343846377,-0.027152671,0.1857819339,0.4570409488,0.3192660798,0.0193376827,0.01165354,0.9959142609,0.00227635,2.0521184395,0.1071869756,0.5023810497,0.1459843449,-0.0001030047,6.3754e-05,4.37135e-05,2.67485e-05,0.9635637644,0.0180209252,2.4554228538,0.2378158304,0.6644145313,0.1833247044,0.1786016684,0.0513583438,0.1331475409,0.0154500967,0.952080284,0.0256674929,2.786866326,0.2742409723,0.863391235,0.220063024,-3.89452508862845,-1.4981446646810397,1.047356100734636,4
323,550.0299117898276,19848,54,36.08531022506306,0.23755,0.0342234934,0.1186504566,3.2388810349,0.4951984727,0.27575,0.0316415471,-0.1222650483,2.4129657607,-0.0627177669,0.4867,0.0392506051,-0.0072484146,2.9392866875,-0.0205395498,0.03285,0.0080391231,-0.0070765964,2.7892852877,-0.2780573329,0.3853846154,0.0847933734,0.8471372494,2.1930996286,-0.2815941623,0.0907371795,0.0761825668,0.9218755416,2.331660402,0.7742594407,0.5238782051,0.036336981,0.1553961285,3.0787559893,-0.2626654493,0.0505128205,0.0140646343,0.2252814454,3.0578216734,0.2165881181,0.4988084206,0.3028134654,0.0007805538,0.0006071751,0.9474380742,0.0306257716,2.3033876116,0.4364010304,0.1175085668,0.4477356792,3.477e-07,1.0147e-05,1.59732e-05,9.7706e-06,0.0269007283,0.1235707532,2.8981228362,0.3239114026,0.0196181509,0.2241828824,0.5007925,0.017882046,0.0371433263,0.0024576795,0.0363937935,0.0697779319,2.8797428872,0.382808725,-0.0106573075,0.1665101176,0.4663080571,0.302316755,0.0132229579,0.0091725414,0.9858228064,0.0140007833,2.3255115488,0.1874255186,0.6805192939,0.2404546378,-0.0001491609,0.0001078908,6.56965e-05,4.33315e-05,0.8897021513,0.2401823012,2.3251450566,0.3229548218,0.6801067405,0.1974511943,0.1885129225,0.0989133614,0.1357724571,0.0333296238,0.8688065729,0.298605416,2.500984226,0.3319011906,0.8042711119,0.2936850736,-4.235230086217794,-1.7954500794912407,6.007092015383639,4
327,951.244259169614,35678,51,37.50666525035852,0.26295,0.0333173753,0.2531164479,2.8450741103,-0.0319285887,0.24515,0.0369015921,0.1854837807,2.9139228472,0.1481787498,0.4919,0.0397604074,-0.025231689,2.8800338828,-0.339349468,0.035,0.0116404467,-0.0018484288,2.3903541618,0.095100394,0.4775619835,0.0936520633,0.8391858557,2.8473527206,-0.7251790287,0.0761157025,0.0577379647,0.8673680667,3.6431867894,1.1286894305,0.446322314,0.0482151197,0.4468942639,2.961339531,0.3483993158,0.046446281,0.0126937548,0.1908168439,2.9636311729,0.3365401976,0.4990522451,0.3027974877,0.0005200536,0.0005004601,0.9311978291,0.0467991834,2.4518043099,0.6220689704,0.0667040514,0.4151878041,1.8313e-06,6.2285e-06,9.4262e-06,5.7385e-06,0.1215863142,0.1459041521,2.769669745,0.2868612469,0.1134531785,0.1828520867,0.50414,0.0225304106,0.0394992223,0.0041173343,0.1655327522,0.1794268952,2.7824613696,0.3013191775,0.0213334034,0.1968266049,0.4532534919,0.3108525628,0.019549376,0.0131474994,0.9951054843,0.0023934116,2.2621194895,0.3259302829,0.6108044532,0.2077888042,-0.0001157459,7.24445e-05,4.84317e-05,3.19737e-05,0.9600622708,0.0111165881,2.5179377816,0.2585499548,0.7509107357,0.1703780717,0.1777051245,0.0134655423,0.140163073,0.00801352,0.9606592387,0.0068843751,2.4095124038,0.2442295744,0.7711398119,0.1583522419,-1.9492056778942595,-1.6139426963461068,-0.1455676038406238,4
329,398.2058463326183,14995,42,37.65640343581192,0.229,0.0273861279,0.0626210286,2.9349653333,-0.253851148,0.26355,0.0372913864,0.2879928528,3.1719493207,0.0215702484,0.50745,0.0351887411,-0.0151556209,3.41765504,0.427172643,0.04115,0.0096657902,0.0387619893,2.8215084219,0.4206898756,0.3882421875,0.0732519993,0.7753614396,2.0932425533,-0.1262228421,0.07765625,0.0583729172,0.8976167367,2.2428130057,0.6516044573,0.5341015625,0.0368295991,0.0060885282,2.5200063861,-0.1121005253,0.04984375,0.0125613728,0.1516625268,2.9407655221,0.5024341128,0.4978047047,0.3022063878,0.000869062,0.0006975283,0.9443939577,0.0381699433,2.0932855378,0.4349844261,0.0039612864,0.3327930593,-2.1085e-06,7.8096e-06,1.68207e-05,9.9364e-06,0.1047368551,0.1487701323,2.8334930454,0.330411854,-0.0684585042,0.2373867392,0.497225,0.0151781545,0.0364769659,0.0024246564,0.0500436395,0.1198761737,2.933447413,0.3274737678,-0.0034283647,0.2442239019,0.4544984204,0.2902434541,0.018291443,0.0115739594,0.9909797048,0.0027593331,2.3007470902,0.1340663297,0.6934166917,0.084779786,-0.0002438036,0.0001547932,8.78816e-05,5.56125e-05,0.9571909875,0.0057591557,2.9797949314,0.19367505,0.9299965239,0.0715188008,0.148524372,0.0090082007,0.1334232415,0.0058617384,0.957321301,0.0061376983,2.9786331236,0.1798495354,0.9989029845,0.0950348551,-3.7176985913467258,0.09726735231203634,-2.2825662881957487,4
331,1105.0125253846886,40853,12,36.97062165496977,0.25525,0.0318463106,0.044255912,2.4850372004,0.000792422,0.24825,0.0346220667,0.1499400545,2.7955156793,0.2627577317,0.4965,0.0390096142,0.068696913,4.7526770324,0.310358087,0.03545,0.0099773493,0.076025304,3.1155391599,0.1251180272,0.4176650943,0.1021512526,0.8960917091,2.0236446611,-0.205885849,0.0912382075,0.0750491182,0.9300609788,2.6436718171,0.8706716821,0.4910966981,0.0451730174,0.4680116681,2.5645346558,-0.259069607,0.0455896226,0.0124150504,0.1124692855,2.9962257864,0.2783156182,0.4975188763,0.3025814847,0.0003902853,0.000239719,0.9657272494,0.0223230654,2.2401749086,0.5258130721,0.1872962042,0.4272322674,2.596e-07,2.0564e-06,7.2661e-06,4.4275e-06,0.0128596499,0.1217914643,2.9468776795,0.5284334009,0.0312444933,0.2510540809,0.501425,0.0079983045,0.0354605451,0.002096722,0.0063047806,0.0870970599,2.9688940756,0.4111143189,-0.002773688,0.2572205897,0.4599426758,0.3251279188,0.0189174109,0.0127944082,0.9963424635,0.0019921303,1.9982813426,0.1046507976,0.4211415183,0.1582747599,-8.59443e-05,5.72116e-05,4.00115e-05,2.49854e-05,0.9515414981,0.0466416848,2.3189431133,0.0754186189,0.560106525,0.1950703323,0.2172300416,0.0869336036,0.1276887521,0.0294743021,0.9105232205,0.1233706806,2.4778476849,0.0961500272,0.6457538754,0.265479023,-5.723684944092516,-1.0060378893259658,4.175671525424378,4
334,767.3923446014452,28207,6,36.75694734047635,0.25305,0.030568734,0.0310445159,3.7079053791,-0.0595072489,0.2555,0.0315238005,-0.031156654,2.778792168,0.107232545,0.49145,0.0362511724,-0.0640033715,2.7024854737,-0.0257841318,0.03635,0.0112662105,-0.3001457625,2.9442382915,0.4071584141,0.3872424242,0.0829282385,0.8470216886,2.2158248432,0.2437112622,0.1164848485,0.0625717146,0.8923600779,2.4768585136,0.5370437595,0.4962727273,0.040476909,0.3605374448,3.1921430419,-0.4450206439,0.0409090909,0.0103172807,-0.070875979,2.4358477441,-0.0208311623,0.4978981673,0.3025486425,0.0006508161,0.0005189501,0.939507403,0.0567042989,2.3661594039,0.4772527981,0.0264525202,0.3746505774,-1.7577e-06,6.8529e-06,1.31465e-05,8.2787e-06,0.0194342787,0.1046641723,2.7899770833,0.4239777205,0.0283724098,0.2204073394,0.5003625,0.0173251398,0.035244185,0.002952634,0.0016921602,0.0709574142,2.8687284833,0.4750923156,-0.0250516503,0.2355730161,0.4585347234,0.3044080659,0.0192371092,0.012040244,0.9937574655,0.0033280602,2.0914984864,0.1925045312,0.5297119676,0.193518438,-0.0001531703,9.7525e-05,6.82175e-05,4.18357e-05,0.9534169675,0.0562334556,2.2242192751,0.1900369915,0.596020461,0.1575273342,0.1860747081,0.0722965427,0.1318419313,0.0249085273,0.9299024812,0.0916128874,2.5232896152,0.1688417339,0.770267877,0.2354450407,-5.099370715875414,-0.18231776583979337,3.4553906106307886,4
337,606.9930539356919,22540,48,37.133868095940365,0.2288,0.0312259507,0.0952922744,2.5525528798,0.1069703164,0.2725,0.0350035712,0.0972477064,3.5377988769,0.2694801841,0.4987,0.0419500894,0.2685868972,3.1154038647,-0.0339257919,0.03825,0.0088140513,0.1536469958,3.1358002238,0.2438419804,0.4515517241,0.1089342959,0.9074183735,2.114420466,-0.3264462612,0.0837684729,0.068109305,0.92669747,2.9134766592,0.9620161427,0.464679803,0.0540549888,0.6029962434,2.3300573497,-0.3171758035,0.04,0.0109970887,0.0269151139,3.0056640714,0.0777839635,0.496507769,0.3026067987,0.0007059451,0.0005065004,0.9478790213,0.0340717885,2.508665949,0.325379287,-0.0391039759,0.4490256578,-3.519e-07,1.11151e-05,1.44116e-05,8.8644e-06,0.0872474775,0.1183430045,2.9800357401,0.3786846632,0.0415416796,0.2077728511,0.494605,0.0235354886,0.0366813079,0.0035646042,0.0646804618,0.1070355871,2.9936999157,0.4944355743,0.0690285924,0.254225979,0.4464547671,0.2953237615,0.0231837079,0.014548061,0.9929598895,0.0028318747,2.2851915855,0.1617322741,0.691435833,0.1447741931,-0.0001586575,9.95058e-05,7.9935e-05,4.94976e-05,0.9725766024,0.0079550002,2.106051143,0.2287043969,0.5659406045,0.2319250573,0.1877038315,0.040853253,0.1563681281,0.0129276623,0.9675815322,0.01044944,2.1773467102,0.269698861,0.6649696445,0.2600804501,-2.626853618487846,0.8391013529942717,0.10498844229341443,4
338,651.986909549271,23912,10,36.67558297532499,0.25355,0.0350805858,0.1811859937,2.6149917336,-0.0702977933,0.2713,0.0375207942,0.2087659345,3.6409358135,0.5332960577,0.47515,0.0425173788,0.033317381,3.2490004903,-0.0897703041,0.03145,0.0089525136,0.0056106814,4.264544718,0.2816079046,0.5195862069,0.08908443,0.8411772983,3.3105800722,-0.7956580216,0.1227241379,0.0853370181,0.9140867645,3.02683451,0.9233894521,0.3576896552,0.0336053192,-0.0243954689,2.4391192964,-0.0683498539,0.038137931,0.0116699559,0.076223565,2.9398902689,0.3525647463,0.496947161,0.3022738548,0.000724717,0.0004852989,0.9479615074,0.0398808847,2.2445492046,0.5673968883,0.0597388329,0.4407399443,-1.1221e-06,9.6041e-06,1.49427e-05,9.1777e-06,0.2192145604,0.144399943,2.7176014535,0.3275793214,0.043955224,0.1922227564,0.4979075,0.0225454057,0.0415572469,0.0042818056,0.2253072079,0.148392986,2.8194535086,0.2956132668,0.0276411196,0.1836904929,0.4555165768,0.3001789768,0.0192697306,0.011846677,0.991405949,0.0044014954,2.3837654143,0.3023543027,0.7415904145,0.2225111873,-0.0001472699,8.49532e-05,6.86118e-05,4.28862e-05,0.953745006,0.0272636892,2.3715583641,0.4620458834,0.6644108389,0.2512852139,0.1920142775,0.0521014278,0.1401040266,0.0263050099,0.9470832752,0.0501112945,2.2274109946,0.2487176229,0.6224906,0.1558599992,-1.3921607532994928,-1.8388518384927264,2.3055755854971185,4
340,378.97453289832447,13779,40,36.35864366563329,0.2417,0.0291994863,0.1157672061,2.3767006266,-0.043610775,0.23855,0.027643218,0.2377888345,2.9569826984,0.0098629626,0.51975,0.0314831304,-0.0798136183,2.8988258901,-0.100153024,0.033,0.009591663,0.0430856272,3.2019139887,0.3824652975,0.444379562,0.1055874171,0.9141878544,2.1907854004,0.2377628801,0.073649635,0.0628911226,0.9190856643,2.5797754964,0.8397703509,0.4819708029,0.0618225553,0.6201601723,3.2582769962,-0.6769677763,0.0439416058,0.0123132866,0.3361721592,2.8313573956,0.1094393065,0.4956089969,0.3021904832,0.0009007556,0.000551429,0.938337473,0.0292880803,2.4342123133,0.6064482906,-0.0576527488,0.4259481594,-4.8494e-06,1.41516e-05,2.08258e-05,1.26288e-05,0.0431723528,0.1215202205,3.0621846242,0.6213126924,0.0014333205,0.2948421077,0.487305,0.0252700955,0.0360620405,0.0028528033,0.0440562368,0.0790937744,2.9430783235,0.4528445592,0.0355870106,0.2126889479,0.451758458,0.2821800344,0.0207158493,0.012422238,0.9894042987,0.0064365299,2.1124782475,0.1650619229,0.5861861179,0.1382523882,-0.0002822533,0.000169772,0.0001317773,7.88112e-05,0.9714050664,0.0065370308,2.1424883796,0.1384139891,0.5850175482,0.133741542,0.1655772605,0.030471679,0.1437024617,0.0065782749,0.9592764572,0.0077359626,2.4892792482,0.1856393465,0.8221869582,0.1479087458,-3.4130477331443925,1.5926420495636502,-0.7913658949377972,4
349,852.9211269495256,31309,32,36.707966318030735,0.22845,0.0279615361,0.0325528489,2.4885787651,0.3015811988,0.22775,0.0286563693,-0.1394197662,2.9667363985,0.5185715385,0.5438,0.0334,-0.0736271885,2.4995479016,-0.0787648769,0.03655,0.0092112703,-0.1033185715,3.5896013378,0.0486022543,0.3490273038,0.0786185716,0.8270722174,2.1152565685,-0.1441756778,0.1050853242,0.0719457244,0.9183031695,2.526699757,0.6789050939,0.545887372,0.0343898193,0.0504244934,3.1064702171,0.2267878413,0.0452901024,0.0118868874,0.1451154169,2.879560402,0.1749301456,0.4999035738,0.3039179763,0.0003410775,0.0002364689,0.9364745475,0.0371734626,2.7547140978,0.7040064199,-0.2403313787,0.5616186997,7.145e-07,2.68e-06,7.5502e-06,4.49e-06,0.0158007787,0.0951541205,3.0642123268,0.3498949166,0.0472849595,0.2814715661,0.5026625,0.0117776045,0.036005003,0.0025644465,0.0135268979,0.1033265136,2.867355513,0.4606925099,0.0254824935,0.1569833519,0.4625374736,0.3283142737,0.0165599715,0.0117121425,0.9949560126,0.0020553705,2.1831663302,0.1694153108,0.5976270636,0.2161578532,-7.43983e-05,5.23868e-05,3.62126e-05,2.41564e-05,0.8992508354,0.1570638029,2.1757614768,0.0965434492,0.4519272669,0.3589416046,0.227294448,0.1034807154,0.1315917267,0.0391919362,0.8388417631,0.2915081094,2.1507847935,0.1269084011,0.5130513538,0.3508598868,-6.447378843715624,-1.3887122912106817,8.527404672615702,4
350,712.1235844367877,26692,18,37.482258112698894,0.2561,0.0310369135,0.0754325579,2.2059472361,0.2169011288,0.2145,0.0321753011,0.3187860874,3.0032357351,0.2155692585,0.5294,0.0316249901,0.1805104187,4.1682829903,-0.289509978,0.03455,0.0101512315,-0.12372717,3.1728035338,0.337414278,0.4132142857,0.0858087277,0.8390741696,2.094793451,-0.0267314212,0.0931377551,0.0576493305,0.8620312197,2.6740069449,0.6290742898,0.4936479592,0.0445250852,0.3256105418,2.8154152633,-0.1547061853,0.0413265306,0.01156285,0.1219037915,2.89562987,0.1485347551,0.498551302,0.3032222512,0.0004118527,0.000248805,0.9386724106,0.0397141435,2.256599593,0.6010277848,-0.0450151055,0.3952113041,-2.71e-07,6.6955e-06,9.5532e-06,5.8984e-06,0.1113325463,0.132575116,3.0653078477,0.3989813541,0.0381548079,0.218000666,0.5014775,0.0179790536,0.0374035604,0.0029294695,0.0817258619,0.1332480526,2.8464480878,0.3699059984,0.0276164202,0.2227833042,0.4646901588,0.3187948703,0.0155492579,0.0102213596,0.994832091,0.0021210806,2.1880267187,0.2036468394,0.6147628137,0.2379510126,-9.99754e-05,6.23003e-05,4.43548e-05,2.84273e-05,0.9425181577,0.0703155344,2.547974493,0.1553574656,0.7254655205,0.2263882143,0.1833318555,0.0901864707,0.1273345374,0.0250240816,0.9261186232,0.0880301587,2.863035728,0.2591686212,0.8833857737,0.3173023787,-3.912800418356384,-2.3380029832858344,3.1554547168748353,4
351,714.8144877826625,26710,48,37.36633833885178,0.24025,0.0314195401,0.0727015347,2.5042479634,0.2981703755,0.2731,0.0345310006,0.1519954759,2.6453420793,-0.0557753579,0.48665,0.0362288214,-0.0255849018,3.236873409,0.3712251337,0.0367,0.0106822282,0.1936919907,4.4817841124,0.5194031637,0.4726168224,0.1134567571,0.9034762215,2.4052189337,-0.3673424887,0.0845794393,0.0709804112,0.915040293,3.5684305075,1.1102712153,0.4428037383,0.0548028649,0.6428800751,2.4497571506,-0.2691512503,0.039517134,0.0110507405,0.0406818749,3.6307985446,0.5723723626,0.4979331801,0.3018798828,0.0004896299,0.0003044782,0.9410642168,0.0418811588,2.4209700438,0.5122545855,-0.1084757979,0.4064742335,-1.4688e-06,7.177e-06,1.1709e-05,7.1691e-06,0.0770414352,0.1407563453,2.9599132032,0.4711451079,-0.0709439518,0.251565817,0.49658,0.0155711384,0.0369469742,0.0030682803,0.0731353872,0.0894623948,2.9691917368,0.5867679495,-0.1029365448,0.2869915432,0.4468561643,0.2971270897,0.0244229591,0.0160995314,0.995076836,0.0024632229,2.0766224022,0.0948207173,0.5304310776,0.088657487,-0.0001532945,0.0001035713,6.86254e-05,4.52294e-05,0.970081537,0.0088451041,2.3076684857,0.3130822225,0.6250255373,0.1447014051,0.1699216746,0.0144850167,0.1404826815,0.0075063048,0.9624481946,0.0083079579,2.5359298616,0.2881898474,0.8098926631,0.1326590842,-2.652371345000193,-0.08072533299249618,-1.0494908581840252,4
354,620.4932752457269,23043,30,37.13658297243357,0.26155,0.0377405286,0.2537766807,3.2603720364,-0.3805311308,0.25965,0.0380871041,0.1641658132,2.9713550359,0.120939864,0.4788,0.0366955038,0.1489253975,2.7702638837,0.3012250842,0.03225,0.0091207182,-0.1580775912,4.1312204321,0.4854742461,0.5211722488,0.1088980867,0.9109759711,2.3010416344,-0.5962704215,0.0842822967,0.0671334579,0.9171848915,2.9740031209,0.976585054,0.3945454545,0.0534159366,0.5832064222,2.4128668158,0.2043276037,0.0394497608,0.0103899387,0.060363836,2.530032987,0.1403616013,0.4938911547,0.3006680007,0.0005471962,0.0003916184,0.917514796,0.058174074,2.5221193105,0.9344844658,0.0300479839,0.489084267,-6.3384e-06,1.56665e-05,1.68583e-05,1.06993e-05,0.3434536847,0.1597602091,2.7554208584,0.4005110386,0.0654499169,0.2007078669,0.48845,0.0322670071,0.0423590103,0.0049017337,0.2679723009,0.1622921727,2.7695099015,0.3290741224,0.0472835866,0.2196675934,0.4551190985,0.300386081,0.0210155883,0.0127098888,0.9947469333,0.0028483665,2.0053733353,0.1132034233,0.4521701265,0.14573971,-0.0001712075,0.0001041223,6.48e-05,3.77522e-05,0.9534179317,0.0223015415,2.5668884018,0.3267899843,0.6675408491,0.2744554386,0.1641253441,0.0523212749,0.1187202351,0.0105941464,0.9418626173,0.0269784078,2.9013105094,0.3136596846,0.8312764335,0.3567409811,-0.05822146524986844,-3.1816925627693498,0.6149471105638437,4
356,838.7211047949914,29143,9,34.74694965154528,0.2434,0.0297647442,0.1349584668,2.5073411466,-0.2030124068,0.258,0.0304302481,0.2364837653,2.8226702555,-0.1157268997,0.4986,0.0351289055,0.1532120816,2.3731179238,-0.1133618041,0.0378,0.0108240473,0.0017652993,2.8696100182,0.0484203159,0.4273611111,0.1023439606,0.8850902662,2.1234291127,-0.1942094762,0.09890625,0.076279149,0.9224925173,2.7877005857,0.8459803292,0.4737326389,0.0447237824,0.3975620858,2.8695147883,-0.1777521555,0.04265625,0.013042794,0.2528468976,2.7509587091,0.1663753247,0.4959810943,0.302041034,0.0005975646,0.0006136717,0.9364994337,0.0541105014,2.4823033708,0.6905929725,0.0454296851,0.5960677873,9.583e-07,6.5686e-06,9.7169e-06,5.9485e-06,0.0372718737,0.1086382894,3.0408522575,0.4835860169,0.0415100316,0.250291171,0.499975,0.0146443974,0.035320794,0.0026893334,0.0162217986,0.0977753447,2.81696181,0.3702360617,-0.0727430311,0.2104671911,0.4567302997,0.3139295297,0.019165736,0.0114881408,0.9950525444,0.0028347057,2.1080098465,0.1925691416,0.5446701939,0.2022575678,-0.0001051504,6.08026e-05,4.83874e-05,2.82522e-05,0.959568196,0.0285397163,2.2207652255,0.1535747326,0.5060601623,0.2220385812,0.201519998,0.0723788497,0.1321403494,0.0235159203,0.9403074631,0.0547553101,2.3709428398,0.1506950825,0.6453094624,0.2646804851,-4.547752947562677,-0.29432727695413685,3.1069679420242204,4
358,732.4072207933339,27794,70,37.94883394226221,0.2381,0.0269887013,-0.0100347723,2.9830460488,0.336177693,0.26075,0.0329497724,0.0025627429,2.455257955,-0.0979636449,0.50115,0.036275715,-0.1089178773,2.5801261524,0.0903879709,0.034,0.010511898,0.072412543,3.022747282,-0.3744948416,0.4116990291,0.0885236335,0.841120162,2.1448804418,-0.1045701834,0.0904368932,0.0599923409,0.8511123391,2.322211986,0.6059545816,0.4978640777,0.0442362476,0.346373347,2.94531335,-0.233046616,0.0433737864,0.012123999,0.1484206178,3.1775764385,0.3023208879,0.4954052011,0.3019199096,0.0004367144,0.0004236053,0.921360682,0.0470552377,2.5820859116,0.7574431923,-0.1934746391,0.4594055517,1.1466e-06,6.661e-06,1.0153e-05,6.2536e-06,0.0202718011,0.1179217438,2.8968897091,0.4457291776,-0.0662077355,0.1515980316,0.5051,0.0169265324,0.035240675,0.0032330053,0.0244817357,0.0945445378,2.8029944027,0.2459383653,-0.0583180713,0.2102224203,0.4492116214,0.3018978496,0.0239728682,0.0151081218,0.9951896408,0.0030112187,2.0739567474,0.199809764,0.5223175676,0.1574390861,-0.0001430323,8.87484e-05,6.58488e-05,4.20058e-05,0.9725148,0.005664266,2.28514447,0.3784244005,0.6564121687,0.1957333473,0.1719610514,0.0163648751,0.1428067087,0.0037426313,0.964861515,0.004337383,2.4505045884,0.2387682525,0.8174979365,0.1407369898,-4.311817357317762,0.9904933844032602,0.1967255545074735,4
360,530.6459833225329,19397,60,36.55356039548174,0.26145,0.0301520729,0.0839719899,3.2192369578,0.1696627058,0.24535,0.0317037458,0.098218621,2.7671014379,0.1163712907,0.4932,0.0334329179,-0.0369587756,2.6431415113,-0.4167319517,0.03995,0.0102833603,-0.0427757999,2.7435719757,-0.0555320473,0.3597209302,0.0837933021,0.8425070645,2.1531671861,-0.1116220819,0.0870465116,0.0686937773,0.900540337,2.8132918295,0.8920814279,0.5532325581,0.0404151924,0.2471649179,2.7404306613,0.0837915897,0.0525348837,0.0122367134,0.0252581487,3.1550150818,0.5884178151,0.4952037773,0.3015754755,0.0007392249,0.0004732643,0.9535954274,0.0285514821,2.2407819904,0.5078841824,0.0173338446,0.5072573283,-5.1733e-06,8.1358e-06,1.31114e-05,8.0903e-06,0.048764283,0.0803933,2.9743038887,0.3493851607,0.0008715344,0.2285997146,0.48946,0.0148396058,0.0361222003,0.0023143351,0.0468663928,0.0697000976,2.8615915665,0.4334680979,-0.0752720274,0.2443362136,0.4497963475,0.2995131229,0.0199436688,0.0132504082,0.9931168884,0.0022405134,2.3708832577,0.1233457802,0.7630180752,0.0769587399,-0.000161979,0.0001076455,6.51579e-05,4.29275e-05,0.966429526,0.0032902859,2.5311942342,0.1565848788,0.7822771942,0.0864154299,0.1551720999,0.0116291743,0.139451921,0.004414409,0.9647310795,0.0041785828,2.7014532757,0.1937288652,0.9204565053,0.1007833989,-4.492229852829511,0.8112599955855044,-1.581998517314059,4
362,545.531690972483,20496,60,37.57068624824187,0.22255,0.0369154101,0.1061751375,3.4317788526,0.5227398354,0.29745,0.0363214468,0.0658303408,2.8112419709,-0.063337159,0.48,0.0331888536,0.1939198526,2.3851950328,-0.351022149,0.03255,0.0128742961,0.1625511536,2.1545931342,0.0324292708,0.4435641026,0.0928880757,0.8802919867,2.2116866764,-0.399412227,0.085,0.0715523835,0.9169882709,3.8587251062,1.2814953275,0.4714358974,0.0437122261,0.3606311485,2.8952198634,-0.0121792581,0.0430512821,0.0112339885,0.1800687023,3.2388188244,0.5319484345,0.4973398375,0.3019980438,0.0008071959,0.0007510152,0.948355968,0.0308251279,2.3169058669,0.3687412802,0.0584543781,0.3947231528,4.454e-07,1.73524e-05,1.58755e-05,1.02594e-05,0.1633663328,0.1507932813,3.0272236776,0.6954541251,-0.0287033596,0.282677714,0.4959025,0.026975366,0.0378553212,0.0032522731,0.128111837,0.1290518638,3.0355030773,0.6121170999,-0.0043710754,0.2141438938,0.4541496465,0.2986049029,0.0217466837,0.0131520439,0.9937386961,0.0033084591,2.079530808,0.1498809061,0.5236079573,0.1463973533,-0.0001983739,0.0001147595,7.49051e-05,4.60581e-05,0.954288317,0.0174354735,2.7048529389,0.121909616,0.7353193053,0.123130489,0.1611945335,0.0346553497,0.1236018724,0.0146260022,0.9439308998,0.0283802059,2.9702634201,0.2481531878,0.9173815622,0.1748098905,-2.031066416296891,-1.8206291713808482,-0.6910717580161121,4
364,341.8013359000533,12494,30,36.553397215666216,0.2411,0.0342168087,0.0938532779,2.6866163868,0.1067770225,0.23215,0.0318060922,0.2753895538,2.4019329032,-0.2858095886,0.52675,0.0347158105,0.0699246894,3.4733433088,-0.2867259325,0.0416,0.0102927159,-0.0096508366,3.0244623953,0.1374638495,0.3948011364,0.0987339757,0.8595695754,2.1041798379,-0.1590649079,0.0895454545,0.0793569194,0.9048315226,2.83375305,0.9696906125,0.5156534091,0.042204848,0.3870516817,3.2001661702,-0.3296526774,0.0447443182,0.0122157439,0.2735588614,2.8053159646,0.2907264969,0.498806234,0.3029404323,0.0006563701,0.0003794986,0.9341648508,0.049770625,2.2773459932,0.4999486761,-0.0714974425,0.3573026607,3.897e-06,1.18105e-05,1.62785e-05,9.6164e-06,0.0556078963,0.1474660805,2.9413346722,0.3511428667,-0.0285523626,0.1789576074,0.5043925,0.0183612586,0.0379309913,0.0028146975,0.0191485876,0.126877519,2.9457280331,0.3844033039,0.0177352391,0.2972795203,0.4529291905,0.2910439463,0.0199340689,0.0124033436,0.9918569314,0.0029227938,2.19663769,0.1080219119,0.6505457886,0.0924067052,-0.0002010406,0.0001203296,8.93117e-05,5.53963e-05,0.9697597442,0.0059336788,2.3867950204,0.1968391189,0.7253684295,0.0892662203,0.1594291987,0.0199164643,0.1424639402,0.0066687378,0.9616133025,0.009025753,2.6282784671,0.2749055587,0.8991426868,0.1192727683,-3.422131388092309,1.128602242451055,-1.919194974068204,4
365,373.7077337906682,13310,27,35.61606784261943,0.3167,0.0407689833,0.4717719193,3.4973127805,0.4312977085,0.23935,0.0325165727,0.0319180038,2.5511455725,0.0773927186,0.44395,0.0364917456,0.1707323575,3.4379320153,-0.080110536,0.03615,0.0118923295,0.0716974698,2.052020416,-0.0063593166,0.5271428571,0.1254935156,0.8991623662,2.3088631431,-0.679079718,0.0930357143,0.0823032208,0.9388260058,2.9889659738,1.0031175445,0.3798214286,0.0543415479,0.53424432,2.6217607467,0.2446863107,0.0375,0.0108972474,0.0531213649,2.8719430154,0.3456760381,0.4942231846,0.3006678004,0.0010009523,0.0006281537,0.9346204811,0.0429172877,2.4242344525,0.620076755,0.0101646721,0.5019189647,7.981e-07,1.77247e-05,2.80377e-05,1.74767e-05,0.2675847415,0.1681110862,3.0171262226,0.4672314539,0.013447091,0.3400168081,0.496185,0.0306465459,0.0429591689,0.0052839196,0.2912668582,0.1481993373,2.9783229482,0.4683903798,-0.0268123503,0.2600874519,0.4428386118,0.2786048653,0.025378193,0.0154343921,0.9896956082,0.0053149572,2.1493895424,0.3541755278,0.5672863931,0.2194396089,-0.0002708191,0.0001691326,0.0001402868,8.68457e-05,0.9595177798,0.0283126123,2.0871971425,0.3794167821,0.4018057737,0.2814861974,0.2049062016,0.0574280888,0.1480306272,0.0250756921,0.9503186601,0.0460430361,2.0631879588,0.2596556857,0.488289334,0.2797507259,0.3879759180253937,-0.26817016171243924,1.8592689685864492,4
366,950.1220070250114,33787,27,35.56069615290005,0.2674,0.031579107,-0.0282719605,3.3403031756,0.2995542796,0.25245,0.0379110472,0.2445001923,3.2025782569,0.2475844999,0.48015,0.0355278412,0.2350594184,2.1869542208,0.114858603,0.03595,0.0113290556,0.0537994222,2.5896762034,0.0272357125,0.4746703297,0.1026118675,0.8991025458,2.2971786404,-0.36077602,0.0934798535,0.061937406,0.892160391,2.7010422289,0.6835513089,0.4318498168,0.0501203987,0.6169467386,2.4966807774,0.1003759899,0.0414468864,0.0114998773,0.0468947089,3.183907426,0.3361994528,0.5009266155,0.3046242005,0.0004492458,0.0003690576,0.9241979796,0.0599224877,2.7676693754,0.9511978882,-0.1842282755,0.5912543769,-4.351e-07,8.8119e-06,1.02131e-05,6.3215e-06,0.1425582054,0.1575498773,2.8958342221,0.3538962799,0.0258788602,0.2142300138,0.495615,0.0232619276,0.0372738146,0.0027824896,0.0968931562,0.1225415213,3.0987552697,0.8494231395,0.0810166771,0.2679399863,0.457221649,0.3101861177,0.0197171208,0.011750899,0.9951974106,0.0029888141,2.0554851305,0.155071853,0.4940882975,0.1577489045,-0.0001384299,8.14871e-05,5.18294e-05,3.16577e-05,0.9537578764,0.0139473613,2.8188158458,0.2463252854,0.7932134551,0.1053442358,0.1700008697,0.0352874801,0.1261097465,0.0107684831,0.9511064771,0.0187576663,2.9110186374,0.3827880095,0.8892530583,0.1659621825,-2.7297390659686043,-2.5181325927095743,-0.19405872887597916,4
368,275.8067504794593,10094,6,36.59808899692522,0.274,0.0303973683,0.2923633763,3.5018693428,-0.1563703379,0.2219,0.0330966766,-0.0150048365,4.0009119545,0.728597855,0.5041,0.0377318168,0.1384686964,2.2046127375,0.0545379505,0.0406,0.0105896176,0.0024282995,4.1236219382,0.4171989691,0.4489375,0.1136818305,0.8987155529,1.838649846,0.1491929377,0.0866875,0.0699863547,0.9211107823,2.4617276598,0.7943880883,0.464375,0.0632523468,0.5675582795,2.5509961907,-0.4080790777,0.044625,0.0138242314,-0.0260693842,4.6725631544,0.9472397414,0.4991564773,0.3037338219,0.0019609327,0.0013555156,0.9330975443,0.0273085722,2.5304681948,0.6222233674,0.1060161282,0.4939598108,4.0997e-06,4.88286e-05,5.15069e-05,3.10418e-05,0.1595841451,0.144730579,3.0609705523,0.4734517714,-0.0157021252,0.2020501732,0.50041,0.0227255726,0.0380873912,0.0031473616,0.1203849163,0.1247284528,3.0199029766,0.4997188056,-0.0746148418,0.2289949584,0.436779372,0.2651354882,0.0290628089,0.0177880738,0.9823085207,0.0108559487,2.0762623158,0.187361725,0.5295667787,0.1293226755,-0.0006904356,0.0004207131,0.0003316399,0.0002020754,0.963874137,0.0137442708,2.1109307492,0.1391291521,0.5295897952,0.110389031,0.1730136802,0.019741107,0.1490817562,0.0119719615,0.9510345154,0.0080438117,2.3681880726,0.2073311171,0.7592611577,0.1317438427,-2.0314844497560127,4.011566999584098,-0.8195498250221387,4
369,476.30499179753895,17997,60,37.78461345131128,0.2631,0.0328540713,0.3949468909,2.2815706724,0.1402016831,0.2695,0.0385259653,0.3628901592,2.732419136,0.062982926,0.4674,0.033484922,0.0563622832,3.1609326534,0.4494183652,0.03275,0.0098075226,0.0021429675,2.3060960827,0.0444222799,0.4356686047,0.1193489634,0.9094301141,2.1552574657,-0.5147485622,0.0910174419,0.084658924,0.9369849417,2.9776451986,1.0557948404,0.4733139535,0.0502586939,0.4947945985,2.4338834467,-0.0280100091,0.0445639535,0.0125504323,0.1751239163,3.7085517521,0.7185746128,0.4973076778,0.3024736345,0.0009540893,0.0006838113,0.9493888875,0.0368063492,2.4108491983,0.6919830811,0.0465562587,0.5344142564,5.5619e-06,1.83207e-05,1.9825e-05,1.19714e-05,0.1524021616,0.1447941254,2.9811340244,0.3701867802,-0.03556275,0.2723201486,0.5055975,0.0239589413,0.037404417,0.0023841587,0.074942627,0.1035645593,2.881741418,0.421797678,0.0487652192,0.1975631646,0.4608891363,0.294247325,0.0171663034,0.0103021696,0.9902897267,0.0031716692,2.2856912092,0.1484394861,0.6815598865,0.1395425106,-0.0002282705,0.0001357678,8.57008e-05,5.13997e-05,0.9510363573,0.008022836,2.7895616066,0.2361394561,0.8197581072,0.0920260084,0.1622431101,0.0302358574,0.1336914969,0.0077927473,0.9544677474,0.0108727811,2.7432895786,0.2245514252,0.8885943353,0.1386583013,-1.9514549799319854,-0.8491524742271018,-1.5050173667438496,4
370,585.1006032826826,21498,63,36.74239930601056,0.25535,0.0311548953,0.1209103627,3.5673337844,0.4212014974,0.24315,0.0344358461,0.2336121994,2.9802917579,0.2527594217,0.5015,0.0349606922,0.1066311305,2.5733220217,0.085161242,0.0357,0.0109777047,-0.0406862443,2.7264302426,0.1958435696,0.4727918782,0.1355841744,0.9179765958,1.8954856955,-0.2104161051,0.0905837563,0.0752544876,0.9218278363,2.5156061326,0.8445597574,0.4366243655,0.0711054912,0.7370934143,2.2764388576,-0.2168687935,0.0368274112,0.0110472295,0.2204075133,2.6713940518,0.0413903114,0.4965358258,0.3019265552,0.000852707,0.000507615,0.9366747229,0.043931745,2.6997023879,0.8943062031,-0.0272816916,0.5877609121,2.0406e-06,1.17935e-05,1.87612e-05,1.09378e-05,0.1496719857,0.1366928962,2.9100728821,0.4393829442,-0.0526370227,0.2133469893,0.500945,0.0188391939,0.0365775475,0.0030124362,0.082522904,0.1371703744,2.8027019526,0.5178302514,-0.0265932096,0.2179855931,0.4481534892,0.2840343726,0.0214478431,0.0136842149,0.9911835461,0.0042911202,2.2235351455,0.2963937955,0.6445490778,0.179464582,-0.0002438252,0.0001536927,0.000109386,6.95787e-05,0.9702154636,0.0076231661,2.3523623794,0.3231492909,0.6772282764,0.1833560518,0.1636085362,0.0228040178,0.1440859941,0.0068691873,0.9623570242,0.0033227277,2.5831793776,0.2204695217,0.8606535547,0.1353694222,-1.5595604148434048,0.8512929980228454,-1.2671845550153475,4
371,753.0519352467602,27891,36,37.03728613466835,0.24435,0.0303698452,-0.1091467699,3.0492854996,-0.3757437436,0.23235,0.0325841603,0.0933659357,3.6277603789,0.4038991675,0.5233,0.0408363808,0.0080102215,4.2740250034,0.3743397878,0.0375,0.0106418983,0.1997761612,4.0798649182,0.5476292284,0.3782986111,0.0828520753,0.8417445315,2.0674799612,-0.1161343597,0.0811284722,0.0607021487,0.8884239084,2.6236507617,0.7805562894,0.5405729167,0.0418633055,0.2479932575,3.2031569172,0.0629240472,0.0447743056,0.0118673703,0.2195179111,3.8068109311,0.5491722847,0.5015345225,0.3044785636,0.00062089,0.0003580972,0.9565717419,0.025929044,2.1411465087,0.4492433861,0.0449731911,0.469226192,-1.3335e-06,8.4143e-06,1.11811e-05,6.7677e-06,0.0281069836,0.0915012477,2.9522860128,0.2503506928,-0.0219422321,0.1979129137,0.5004775,0.0180209009,0.0355496614,0.0024654006,0.019033047,0.1277573178,2.9967544872,0.4950346613,-0.0518069476,0.2175762075,0.4573968534,0.3136372981,0.0185071452,0.0113775355,0.9944096631,0.001960491,2.2053413348,0.1769000106,0.6281670083,0.2071873149,-0.0001236726,7.98969e-05,5.48446e-05,3.31588e-05,0.9593176727,0.0330436026,2.4101785392,0.1785659886,0.7046347751,0.181785436,0.1854044267,0.0782624682,0.1341116354,0.022345845,0.9472805153,0.0515167143,2.6163587579,0.295012867,0.8548884721,0.2274873977,-5.2779064113038885,-0.8275256539376952,2.341088583731737,4
373,406.27817666863234,15444,64,38.01336347090186,0.2652,0.0315112678,-0.1196518319,2.8015117533,0.1930113872,0.2116,0.0307236066,0.003278576,2.21501655,-0.2157669033,0.5232,0.0367866824,-0.0807435334,2.42507822,-0.0828425634,0.04295,0.0100522386,-0.0233731404,2.66604343,0.1268095462,0.3578989362,0.0741761517,0.7957691131,2.1950570025,-0.0554383238,0.0888031915,0.0704055773,0.922018709,2.385898415,0.7084121613,0.5532978723,0.0364994403,0.0566568455,2.9511478472,-0.0613032209,0.050106383,0.0156163908,0.3644109578,3.4380428685,0.6150570195,0.498001921,0.3017445599,0.0008914642,0.0006834385,0.9519655842,0.0429337694,2.2295793644,0.5963147374,-0.0483041928,0.4465233856,-2.606e-07,1.15397e-05,1.71685e-05,1.07264e-05,0.0319642948,0.0964950039,2.8676121633,0.3524576808,0.0257651662,0.189906559,0.5017775,0.019112499,0.0355097968,0.0035978753,0.0038048009,0.1137132842,2.8124252564,0.3080546895,0.1144130893,0.1892100054,0.4444034977,0.2886170356,0.0227618148,0.0147127136,0.9923585249,0.0020643225,2.2354749935,0.087006057,0.6892501694,0.0641425091,-0.0002014198,0.0001247863,8.96217e-05,5.74427e-05,0.9687594341,0.0051484422,2.2825040003,0.0896349811,0.6790781719,0.0674472193,0.1710800344,0.0174325126,0.1454483109,0.006172533,0.9623541067,0.0060201789,2.4445702282,0.1642365837,0.8032761941,0.1010221288,-5.430873502304163,2.8870973111904448,-1.2828505883844872,4
375,738.4688923699803,28159,60,38.131599436272616,0.2519,0.0283353137,0.0343574557,2.8625544276,0.1461163757,0.2463,0.0281302328,0.1491079601,2.9691840077,-0.3040604992,0.5018,0.0341139268,0.0927768467,3.2691648264,0.0365201143,0.0352,0.0102693719,-0.1027706161,3.0724144977,0.278590749,0.4243949045,0.1040323172,0.8903131151,1.9731049499,-0.1677088507,0.0896496815,0.0704718281,0.913727413,2.6570804518,0.7893986953,0.485955414,0.0496023479,0.494628277,2.5170147795,-0.0955841849,0.0435987261,0.0115009608,0.1636075993,2.812635019,0.2077003285,0.501320359,0.3046491038,0.0004628405,0.000435468,0.9347756594,0.0439583292,2.5534637311,0.7193532363,0.0032038641,0.4386377552,-1.4513e-06,7.5316e-06,9.3395e-06,5.6745e-06,0.0136642186,0.082404597,2.9362934936,0.4388385417,0.0442683443,0.2408896084,0.499505,0.0177573428,0.0354829297,0.0026397824,0.017679705,0.078845753,2.9876204299,0.2603383897,0.0663666959,0.1696832305,0.4615148398,0.3192447915,0.0168663226,0.0128440154,0.9941195367,0.0033708948,2.0867182259,0.1298681814,0.523726078,0.1913839763,-9.80333e-05,7.85089e-05,4.46315e-05,3.14821e-05,0.8864093102,0.2062285671,2.5386337343,0.5300668438,0.6876968437,0.0647187402,0.2069712507,0.112353678,0.1246714682,0.0346795035,0.9155827906,0.1160690549,2.6838655103,0.2617458729,0.8069794979,0.1289057231,-4.5743713095795515,-1.710953819599882,4.541045209896997,4
376,541.6703595347685,19799,56,36.55175080468687,0.24025,0.0302107183,0.0330473417,3.1299304322,0.4832352428,0.23945,0.0313679375,0.2267224234,2.6954665165,-0.1096755437,0.5203,0.0389603645,0.162433343,3.0018404071,0.3260382062,0.0387,0.0110140819,0.1250945025,3.6061588084,0.2808927975,0.3960755814,0.0670311459,0.7507720233,2.4841366238,-0.2430834191,0.0949709302,0.0638960299,0.9065115647,2.8241202818,0.8502260395,0.5089534884,0.0366363039,0.0572163487,3.4636340274,-0.0014489067,0.0443604651,0.0121592273,0.1252792486,2.7102482364,0.1417650116,0.4993809773,0.3029794504,0.0008412826,0.0005976185,0.9442895263,0.0322942935,2.3914968987,0.5682153163,0.0680669027,0.490559281,-4.118e-06,1.07394e-05,1.66933e-05,1.03653e-05,0.0788600029,0.1329344674,2.9750735136,0.4243818288,0.0584331542,0.2866138264,0.4922825,0.0164570447,0.0361360958,0.0017960953,0.0571217736,0.126772347,2.9062487763,0.3238201142,-0.0105327272,0.2063538227,0.4453960171,0.2998500243,0.0247243862,0.0170236968,0.993943798,0.0028824324,2.0314588589,0.0835823941,0.4735192303,0.1414112468,-0.0001882861,0.0001287665,8.42368e-05,5.34581e-05,0.9540224451,0.0441171709,2.3514108349,0.148881116,0.6696223283,0.0806791023,0.1924854515,0.0843043743,0.1297698006,0.0270041714,0.9267413444,0.0903180703,2.7291973928,0.2124125164,0.8370082466,0.1926407967,-4.364791608441037,-0.48550879388772905,2.232047726355572,4
377,721.2660233110493,26522,66,36.77145344826852,0.25815,0.0298718513,0.1557589813,3.1782722449,0.3663412291,0.2551,0.0410120714,0.3478556736,2.7668575137,0.1634182733,0.48675,0.037029549,0.2313595246,2.8334183901,-0.1804616868,0.0345,0.009367497,-0.1122824012,2.6099544647,0.1998180381,0.4136597938,0.0839597211,0.8262830135,2.4571290504,-0.2515138425,0.0899742268,0.0685668787,0.8985791775,3.8772529984,1.2236118957,0.4963659794,0.0409464709,0.2816563669,3.1213221833,-0.3112450225,0.0469329897,0.0111457377,0.2230198609,3.1749148093,-0.1806760704,0.4929007497,0.2990225448,0.0012692212,0.000965348,0.9535717685,0.0270828873,2.3035606596,0.4165797121,0.1168091456,0.4540004357,-1.0952e-06,2.25277e-05,2.29803e-05,1.37671e-05,0.1387090948,0.1198071981,3.1465004886,0.6724903021,-0.0277593838,0.3458810992,0.4994475,0.0230754549,0.0381730972,0.0020725043,0.0718236094,0.1054611619,3.1457020878,0.5445052342,0.0840177965,0.29596488,0.4406527133,0.2938615123,0.0257555474,0.0158104898,0.9923253858,0.0031892663,2.3493447394,0.2048827382,0.7195322702,0.1571553376,-0.000254551,0.0001535951,9.04409e-05,5.53628e-05,0.9417473194,0.0202894124,2.9527703991,0.3933070407,0.862858369,0.1320172542,0.1584933181,0.0329856407,0.1302091005,0.0107093879,0.9502614688,0.0228946128,2.8038101535,0.3592855111,0.9014204319,0.1972265053,-1.828243020453893,-1.6422272573296168,-0.23779867729479265,4
378,957.075546770634,34837,24,36.39942543464522,0.2603,0.031943857,-0.055039698,2.5770248836,-0.0122989961,0.23165,0.0310165682,-0.1662229091,2.935507319,0.1404956949,0.50805,0.0362622048,-0.0458239351,2.9737006403,-0.0240420016,0.03915,0.0109328633,0.1915388414,2.5898841938,0.1887537778,0.4035772358,0.0935693596,0.8432632851,2.0043337479,-0.153569263,0.0866260163,0.0685244085,0.9242532668,2.4094480003,0.7796004657,0.509796748,0.0448774228,0.2767282023,2.5430839611,-0.0843818094,0.0460433604,0.0121444899,0.2661399897,3.7642586817,0.3905123456,0.4986958767,0.3027728446,0.0003506259,0.0002580035,0.938062805,0.0379654983,2.4652986774,0.5869306684,0.000260196,0.5753156984,1.0096e-06,2.86e-06,7.1184e-06,4.266e-06,-0.0103010151,0.1149653315,2.9701039467,0.3983173136,-0.0074425549,0.2012825616,0.500185,0.0140272512,0.0352099214,0.0028352129,-0.0028417523,0.1120380462,3.0590568219,0.5079540357,-0.0167920738,0.1899789954,0.4515150862,0.3225277347,0.0225938875,0.0151359175,0.9966546846,0.0013487886,2.0641194639,0.0802484333,0.5195450897,0.0892020821,-8.44432e-05,5.52424e-05,4.10295e-05,2.76045e-05,0.9725153422,0.0052614397,2.1007978158,0.0934224246,0.5252967845,0.1115617063,0.1923511626,0.0261851636,0.1457483526,0.0047729139,0.9642408075,0.0064722629,2.2186325258,0.1152184079,0.6515662783,0.1415530372,-6.286180009866739,1.911082029530162,0.5118163571763916,4
379,887.9061440185418,33174,45,37.362057041140645,0.2664,0.0339858794,0.2258706823,2.8326478544,0.2912641291,0.2216,0.0325720739,0.1880569052,2.7735809508,-0.0022168581,0.512,0.0353906767,0.124142727,2.8559953148,0.1843579016,0.03565,0.0095040781,0.0021669235,2.9750392685,0.5560257265,0.4434016393,0.1030443689,0.8820619297,2.0274347122,-0.2442109754,0.0888934426,0.072360698,0.9314698269,2.7419083511,0.8896454652,0.467704918,0.0493716565,0.5081940627,2.7361608954,-0.0772768832,0.0447745902,0.0134076383,0.296206676,3.0808369735,0.3465245566,0.4982431799,0.3029026673,0.0007746557,0.0005590248,0.9538523869,0.0331747588,2.4802418229,0.7178204181,-0.0693977048,0.5348361849,-4.565e-06,1.15702e-05,1.40466e-05,8.7332e-06,0.0688170692,0.1029779555,2.9501938139,0.3677702841,-0.0719224165,0.2544394577,0.4928575,0.0148329976,0.0343356517,0.0023648252,0.0497024415,0.087246252,2.7909105225,0.4242336862,-0.0169634978,0.2138197035,0.4489822027,0.2956526161,0.0236739346,0.0144790914,0.9941011385,0.0032503726,2.0621476748,0.2059537183,0.516103581,0.1885431721,-0.0001688752,0.0001045574,7.99302e-05,4.8792e-05,0.9670094902,0.0175329944,2.2016158325,0.2670751524,0.5371214148,0.1749625286,0.1892380181,0.0543153141,0.1371081552,0.0160950579,0.9549941405,0.0304018557,2.3984101053,0.1816014648,0.7046412298,0.1664118262,-4.261132917200016,0.5122452131543963,1.5397656622021734,4
380,855.6650654027658,32412,72,37.8793073487738,0.22265,0.028986678,-0.1179741941,4.4896665948,-0.52173917,0.2875,0.030809901,-0.0230165535,3.355020032,-0.0197460885,0.48985,0.0361071669,-0.0948171626,3.0667449914,0.1317169367,0.0368,0.0095005263,0.0197429664,3.157121051,0.3606503641,0.3894296578,0.0883502029,0.8517513238,2.0386693319,-0.0975234742,0.107851711,0.0657701152,0.9114796324,2.6122665835,0.7031063682,0.5027186312,0.0429223004,0.3569561575,2.5658443572,0.0641820158,0.0428707224,0.0121863859,0.1852020771,3.4531098017,0.1124698346,0.496569441,0.3023158606,0.0005601046,0.0004790624,0.9530863212,0.0407201911,2.3175809325,0.5029800671,0.058422926,0.4325601096,8.671e-07,4.8339e-06,8.9702e-06,5.339e-06,0.0850067773,0.1041665124,2.8885151524,0.397790555,-0.0486458926,0.2543085507,0.5010025,0.0142606493,0.0352705484,0.0022538385,0.0351732836,0.085276216,2.9310447983,0.5255961899,0.0400190596,0.1923234181,0.4574064781,0.3157452844,0.0204450978,0.0140763686,0.9952623713,0.0027697617,2.0180422266,0.1397567668,0.4649988718,0.1605406242,-0.00010233,6.94581e-05,4.89029e-05,3.21991e-05,0.9449225156,0.0789225492,2.1076999377,0.141144943,0.3948990888,0.2694719198,0.2160524673,0.0818569741,0.13244983,0.0338687165,0.935296202,0.0794816667,2.2957537736,0.2227616921,0.4999583492,0.3727017675,-6.0982639021510305,-0.16934859096516705,5.154416483545148,4
383,852.689028490026,31432,39,36.86220761590069,0.2256,0.0321269357,-0.0227711989,3.5339570467,0.2049769427,0.2819,0.0322705748,-0.0297633647,2.1520907183,0.053553068,0.4925,0.0351887766,-0.1462089279,2.0128242426,0.1118824879,0.03565,0.0092372886,0.0853831583,2.4713471847,0.2849381487,0.4047285068,0.0857000375,0.8700942163,2.0813103306,0.0434069019,0.0944117647,0.0607224056,0.8778840208,2.4506938892,0.6660284387,0.5008597285,0.0437411479,0.4415378231,2.8544594235,-0.3465850047,0.042918552,0.0110208634,-0.0684733823,2.8791781323,0.5496673202,0.5007718556,0.3037905791,0.0005127618,0.0003578551,0.9286577312,0.0577236416,2.560566798,0.6583863583,0.0308098519,0.4511803519,2.0734e-06,5.8801e-06,1.16806e-05,7.3263e-06,-0.0247942816,0.0940861301,2.9825968498,0.3468394759,-0.0627626524,0.2395633774,0.504075,0.0154057173,0.0358512741,0.0024329815,-0.0545555558,0.087059368,3.0029520529,0.3541932188,-0.1529720673,0.1831289877,0.4487146505,0.30373445,0.023544189,0.0145891857,0.995000762,0.0021614558,2.1089134593,0.1316627073,0.5638030791,0.1438221681,-0.0001431393,8.82197e-05,6.74399e-05,4.18655e-05,0.9733815039,0.0073859445,2.1377854194,0.115104718,0.543450694,0.1425475205,0.1824862925,0.0352196435,0.1436804426,0.0113128666,0.962100401,0.0135144129,2.3437303288,0.1938762027,0.7202846438,0.1836792376,-5.499501579275003,1.4417861625797617,1.1198620628337081,4
384,611.3607524988531,21360,52,34.93845477108881,0.25385,0.0274850414,0.3169527261,2.3284129467,-0.0137747365,0.2187,0.0362878768,0.3055638238,2.7236699173,-0.04666275,0.52745,0.0350677558,0.1585980056,2.3695757533,0.1356630633,0.03605,0.0113202253,0.1351181788,3.1104019643,0.1319592042,0.3858285714,0.0876667344,0.8480930564,2.3197887309,-0.2625390175,0.0766,0.0556032887,0.8792023924,3.2773623792,1.0197017588,0.5375714286,0.0465183747,0.5208557401,2.5631486095,-0.1466731699,0.0500571429,0.0131582519,0.1029102104,2.6318552879,0.0835385573,0.499474243,0.3027717542,0.0007555954,0.0005535856,0.9429606453,0.0387327185,2.3401514588,0.6362434256,0.0183388541,0.3614667142,-6.1644e-06,1.4215e-05,1.57775e-05,9.6373e-06,0.1004501453,0.1302358163,2.8555268281,0.2899677835,0.0188694377,0.1916265344,0.49429,0.0256958002,0.0368678379,0.002331154,0.0401884034,0.1077991375,2.8812887437,0.3291625099,0.0052442466,0.2264732074,0.4535506538,0.3038068638,0.0203500662,0.0139107953,0.9920301216,0.0043752679,2.1855595413,0.2154820714,0.6002661158,0.2163447357,-0.0001817702,0.0001304857,7.75504e-05,5.01539e-05,0.9173087647,0.1457268863,2.702947305,0.2761020656,0.8260760504,0.1744886171,0.1753539306,0.1028491937,0.1277916521,0.0263059174,0.9006016043,0.1648874957,3.0919897569,0.4745750589,1.0303436799,0.3032400726,-2.384465379168691,-2.581107440193306,2.5562012678322024,4
385,1129.2947031032743,41975,36,37.16921710927512,0.2585,0.0295930735,0.0394346112,3.1335031211,0.0341196722,0.25745,0.0292104005,0.1205959684,3.0357545206,-0.2988049479,0.48405,0.0364670742,0.0778381969,2.6828909605,0.2807400966,0.03165,0.0095930965,-0.0181659142,2.5038201805,0.0863380984,0.3575223214,0.0691917589,0.7495049086,2.303569769,-0.1840118474,0.099921875,0.075264745,0.9184395939,2.2688526245,0.6439577184,0.5425558036,0.0381476398,0.2324958992,3.1295934845,-0.1519528082,0.0444642857,0.0138689199,0.3611009113,3.4072309256,0.4510556279,0.5002183295,0.3034430414,0.0002995502,0.0002722169,0.9488606707,0.043350922,2.2024284211,0.5115093827,0.0432443706,0.4049670187,-7.262e-07,2.6108e-06,5.4438e-06,3.4105e-06,-0.0045526016,0.1169414416,2.823829996,0.3146828253,0.026546908,0.1690552806,0.4964125,0.0114048441,0.0341691375,0.0024273271,-0.0282868348,0.087546957,2.9011403562,0.3622858053,0.0967646779,0.2981312986,0.4671834142,0.3446376033,0.0140401946,0.0110774169,0.9964194093,0.0013836931,2.0520393026,0.1408607399,0.4936534687,0.2230627123,-4.33491e-05,3.76552e-05,2.28739e-05,1.5929e-05,0.8444044361,0.2572224131,2.3091190995,0.3205334778,0.4706670435,0.2550698429,0.2393607491,0.1349932179,0.1218454774,0.0404834312,0.8055956677,0.3201723794,2.6476316667,0.6168655256,0.6456901439,0.2114038948,-6.193327735565719,-3.5132131782675704,9.676727213779694,4
386,953.0481636335222,35910,8,37.679103082358544,0.2521,0.0283388426,0.0863917741,3.5916394483,0.2254647796,0.27975,0.0308980177,0.0128861184,2.6525709424,0.515028352,0.46815,0.0347178268,-0.1792694041,2.7085717823,-0.0565246591,0.03055,0.0100472633,0.082999536,2.5162898294,0.551661222,0.4069471154,0.0974614425,0.8723193145,2.0273377076,0.0074919157,0.1003125,0.071412759,0.8920324745,2.3319613765,0.6865140205,0.4927403846,0.047824699,0.3703883646,2.9092233273,-0.0914268334,0.0434855769,0.0120391902,0.0984235195,3.6717010433,0.5581039585,0.4977769969,0.3019544249,0.0006365449,0.0004320472,0.9468400199,0.0428502731,2.5268297365,0.8375381886,-0.1445208297,0.5528553169,3.441e-07,7.6753e-06,1.20716e-05,7.1061e-06,0.0695106261,0.0781399577,3.1435433442,0.4820103382,0.0774798618,0.1944736021,0.498315,0.0166431675,0.0349942173,0.0033422306,0.0611288354,0.1159712934,3.0961852835,0.5933582642,-0.0028282753,0.1510385697,0.4504038044,0.3022262441,0.0188621414,0.0125860925,0.9919963326,0.0032626878,2.6004969329,0.1273478302,0.8645044908,0.0780487489,-0.0001408698,8.83365e-05,6.13682e-05,4.05084e-05,0.9642435194,0.0015238076,2.4964071777,0.1932283878,0.7583357339,0.1263277512,0.1700741868,0.0218918723,0.1471052147,0.0083825786,0.9659832234,0.0052953063,2.3526844341,0.2472367117,0.7586966568,0.1607585789,-4.674228117280513,0.8517306697653901,-0.20737235016955868,4
388,1269.7059400199691,47902,36,37.72684563423136,0.25095,0.0329749526,0.0669449991,2.5399615016,-0.0261760332,0.25995,0.0336860134,-0.2166901667,3.7844929703,-0.2278877833,0.4891,0.0390600819,0.0750112875,2.5528632542,0.1082766364,0.0362,0.0091956511,0.0354687106,4.0429689353,0.5515235088,0.4241041162,0.0958328918,0.8671628776,2.1239984582,-0.0158333326,0.096598063,0.0719521175,0.9118366065,2.6722759707,0.7856372633,0.4792978208,0.0453943274,0.3694717551,3.0832245845,-0.24812792,0.043220339,0.0113247195,0.0674643332,3.417526642,0.435940157,0.5022867229,0.305169008,0.0004013474,0.0003181155,0.9528721922,0.0408549111,2.3744909977,0.8129344514,0.0344775092,0.5501914728,8.792e-07,4.3244e-06,6.957e-06,4.2238e-06,0.0144050939,0.0710438598,2.9928547738,0.4779323638,0.0426423412,0.2095492919,0.50305,0.0128828374,0.0365326769,0.0031572962,0.0049932575,0.076950802,2.8551289283,0.3362069446,0.0612586922,0.232217957,0.4561200223,0.32879006,0.0204846287,0.0126635281,0.9963921157,0.0018823577,2.1149623075,0.1475032102,0.5487324916,0.1645061864,-8.39241e-05,4.88586e-05,3.96447e-05,2.38735e-05,0.9676822511,0.0101424214,2.276188155,0.2172093608,0.6079414745,0.1771407408,0.194093139,0.0525066255,0.1398480628,0.0123595561,0.9588356935,0.0207811732,2.4225325557,0.2653004306,0.741851091,0.2050106084,-6.038289193356487,-0.6024868167997066,2.3732793039997424,4
389,700.4669423797445,25921,8,37.00531521435801,0.2672,0.0354635024,0.1174852226,2.5556041296,-0.1935202912,0.2383,0.0324901524,0.2469500979,3.0218874131,-0.0083528177,0.4945,0.0408197256,0.1769528157,2.4151071451,0.0658963878,0.03435,0.0101650135,0.1316285399,2.690186517,0.4908128783,0.4717897727,0.0962584477,0.8490409587,2.1359249905,-0.0276714288,0.0828693182,0.0571941467,0.8530695324,3.1256921297,0.8430063106,0.4453409091,0.0538743037,0.5295566196,2.5592134153,-0.1772380962,0.0396590909,0.0102883279,0.0808582979,4.3741939913,0.6785727568,0.4957761054,0.3007877626,0.0008366796,0.0007921528,0.9329442034,0.0768007853,2.4957870614,0.4174606497,-0.0614686726,0.4040096296,-8.1177e-06,1.23087e-05,1.58933e-05,9.5303e-06,0.1217955026,0.165342182,2.8965390142,0.274294558,0.0823340756,0.1933290557,0.4865825,0.0244449395,0.039471431,0.0037362089,0.1462515325,0.1518393304,3.0754698619,0.3885989482,0.0259993763,0.227510524,0.4550331625,0.2961923131,0.0202847892,0.0125292639,0.9917705693,0.004162405,2.2464228604,0.2848914518,0.6095683067,0.2096469481,-0.0001818539,0.0001211361,8.50539e-05,5.21283e-05,0.958298818,0.0332656572,2.2960470725,0.469643277,0.6164271606,0.2844275223,0.2009647699,0.0659316732,0.145299079,0.0270416261,0.9449764263,0.0599549754,2.3274579404,0.2742584643,0.6561016472,0.3421803447,-1.6031861553315703,-0.9914846198469103,2.4536351441323245,4
391,539.5262965763038,18855,6,34.94732345698257,0.2503,0.0327171209,0.1502407818,3.1503876897,0.0919913345,0.27505,0.0316345934,0.1519443757,2.7682828815,0.0088014289,0.47465,0.0382181567,0.157268186,2.5045069956,-0.2610067749,0.03515,0.0094988157,-0.0168078736,4.4492905561,0.5783113101,0.4324338624,0.0862131118,0.8488472261,1.9503363426,-0.0911221781,0.0894973545,0.0642427295,0.9186377284,2.508375982,0.7594753673,0.4780687831,0.045175736,0.4117766766,3.0005389152,0.2015308854,0.0443121693,0.0112241666,0.1034840861,2.7839020539,0.1101740598,0.4990403007,0.3030778149,0.0010326167,0.0008004716,0.954415108,0.0348644134,2.405886188,0.7308527206,0.0245300675,0.4677066109,-1.7383e-06,7.9994e-06,1.69238e-05,1.02914e-05,0.1065943196,0.1085349177,2.7683083196,0.4319292277,0.0052069355,0.2269816554,0.494105,0.0127219879,0.0371895811,0.0023738269,0.062487588,0.1251772174,2.7578183566,0.2310229254,-0.043496027,0.2280151897,0.4489350229,0.2907170913,0.0216629662,0.0138555291,0.9920746151,0.0030209008,2.2545051089,0.0985152868,0.6891574249,0.069565664,-0.0002097657,0.0001299669,9.08573e-05,5.71141e-05,0.968350113,0.00534316,2.3956769694,0.1439716917,0.7400282692,0.0741287821,0.1609005947,0.0149958379,0.143352532,0.0062605006,0.9629890918,0.0057835962,2.647713248,0.2249066179,0.9004168486,0.1086675175,-3.0370700120573795,0.7318495990602822,-1.594189256174219,4
392,490.7431247785134,18396,22,37.48600657075461,0.25055,0.0355871817,0.367399054,2.9893443803,0.0770800847,0.2457,0.0375234593,0.2318897553,2.4218868888,0.0851797441,0.50375,0.0397012279,0.1116298092,3.5264401186,-0.3652899222,0.03565,0.0107390642,-0.1263413491,2.4353637617,0.1583247941,0.4876963351,0.125006521,0.9099618135,2.1676552792,-0.2909474192,0.0898691099,0.0717168563,0.8990419424,2.9711012179,0.8965015162,0.422434555,0.0637872335,0.7324088998,2.4546156262,-0.1936004563,0.0373036649,0.0122338444,0.2920505188,2.9983458029,0.2726587441,0.4951551736,0.3007054323,0.0008729357,0.0007453919,0.9387093252,0.0453475563,2.3794681268,0.4750294648,-0.0162052305,0.4232229241,-1.777e-07,8.7458e-06,2.03816e-05,1.31251e-05,0.245539533,0.1538189831,2.9803132936,0.3634997427,-0.0228144938,0.2951619156,0.498245,0.0168649778,0.0404810387,0.0026463198,0.1638893657,0.1191736051,2.9459547941,0.4356197635,-0.0156229044,0.2797799395,0.4526604107,0.2916377161,0.0212085779,0.0129192926,0.9926639749,0.0028953792,2.1001827973,0.114667424,0.5378251609,0.157316232,-0.000208753,0.0001320892,9.45305e-05,5.60378e-05,0.963011357,0.0166896759,2.2278289767,0.1887843699,0.5883154538,0.1246472665,0.1863361021,0.0631577186,0.1391227568,0.0151789373,0.9534519136,0.018984182,2.485183462,0.2972401871,0.7787788143,0.1721443366,-1.4760490499113157,0.193443809417752,0.13311941604056227,4
395,501.7548882156904,18690,16,37.24926341318611,0.25405,0.0361088286,0.2098293241,2.6925038213,0.213370564,0.2738,0.0400069994,0.3233704126,3.04426632,0.1208153789,0.47215,0.0411962073,0.1884902749,2.862212323,0.3778482084,0.03095,0.010263893,0.3486115134,2.1105783141,-0.0276042052,0.4779378531,0.081465126,0.8149724589,2.3734280407,-0.3531829552,0.083700565,0.0612949307,0.8977806036,3.1289939209,0.9736346677,0.4383615819,0.0375804116,0.1629903758,3.099761323,0.0410061722,0.040480226,0.0113456681,0.0844360255,2.7982189301,0.3569829951,0.4994142983,0.3029061154,0.0007584595,0.0004991004,0.9339772596,0.0572940132,2.3802771028,0.5893933306,0.0062061674,0.482850959,-3.1951e-06,9.2671e-06,1.77856e-05,1.11807e-05,0.1545342296,0.1498382697,2.9021889068,0.4133142067,0.0358505117,0.2572726525,0.499615,0.0225305187,0.0384426253,0.0039328184,0.1568566828,0.1456417901,2.9887978065,0.5664678655,0.0011877439,0.250374286,0.4438248025,0.2934481223,0.0272118016,0.0161128657,0.9940189648,0.0033388322,2.0677517583,0.1748148456,0.523911261,0.1697683717,-0.0002019747,0.0001157127,9.24128e-05,5.45496e-05,0.966079626,0.0204455574,2.2231012696,0.3858444177,0.5616702606,0.2476219789,0.1743131518,0.0418443164,0.1365728652,0.0172917631,0.9502004984,0.0402630871,2.5016962741,0.427733337,0.7601425314,0.2834863068,-1.3646627818270385,-1.5666921789900792,0.9592081533532909,4
396,789.8447681743492,29502,65,37.351643245281046,0.2516,0.0337852039,-0.1652102306,4.2984407704,0.6906607667,0.2576,0.0273082405,-0.1035945544,3.2247348294,-0.2888235752,0.4908,0.0375813784,-0.0954623462,3.0310986577,-0.0237888699,0.034,0.0110679718,0.0236613722,3.3719616826,0.0597421552,0.4099802372,0.0921820441,0.8511481073,1.99776121,-0.0615471818,0.0950395257,0.0694814106,0.9074609456,2.5480023174,0.7378717863,0.4949802372,0.0444565294,0.3388540453,2.6633407803,-0.0356500967,0.0433596838,0.0124386667,0.1251037403,3.1354978696,0.28110052,0.4957546668,0.3014522619,0.000440604,0.0003167079,0.9356529349,0.0446175389,2.5480052706,0.5664737148,0.2644744947,0.4859497195,-8.39e-08,4.336e-06,1.03961e-05,6.3347e-06,0.0144716281,0.1152541855,2.9972115156,0.5066199255,0.0764474871,0.2667011634,0.5028775,0.0129265857,0.0352230192,0.002127156,0.0128047454,0.1185347664,2.9339863717,0.3813385708,0.047367147,0.214736507,0.4543947578,0.310649137,0.0206973757,0.0123540537,0.9946812012,0.0025692272,2.1760579018,0.1672578359,0.606514515,0.1863676747,-0.0001184937,7.0985e-05,5.57129e-05,3.26941e-05,0.9630228609,0.0260230528,2.1517924781,0.1185241636,0.5478540213,0.1806394801,0.1983718634,0.0636622888,0.1385152898,0.023751462,0.9446208937,0.0569906079,2.2832611625,0.0953014563,0.6543538121,0.2068743128,-5.32801499248246,0.6797096813733166,2.702766313309625,4
397,755.596577083842,27108,30,35.876287455696165,0.27215,0.0287076209,-0.0323891813,2.5467330477,0.1372934174,0.2144,0.0330551055,-0.0960797419,2.9182920608,0.1522667353,0.51345,0.0366653447,-0.0079524909,2.7996516974,-0.0055042593,0.0402,0.0100478853,-0.1037809204,2.2278436047,0.1448255154,0.3851858736,0.0960587782,0.8870259288,2.1742583372,-0.0735896983,0.0970817844,0.0779925695,0.9229610106,2.4557806228,0.7389446907,0.517732342,0.0411641346,0.3181393843,3.01319171,-0.3837519741,0.0465799257,0.0119872193,0.1380422975,2.6752714076,0.413522586,0.4957055049,0.3007922649,0.0006198117,0.0004711282,0.9522456678,0.0327946108,2.5171299,0.6522898353,0.1231500131,0.4456059649,1.2185e-06,7.9465e-06,1.14648e-05,6.9751e-06,0.0130276939,0.1005727961,3.0597507474,0.4826392619,-0.0151633712,0.2415870533,0.502265,0.0153930999,0.0362813946,0.0025559068,-0.0116701501,0.103949671,2.9458213387,0.4152196874,-0.0629991974,0.2251749921,0.4522528284,0.3023823183,0.0211434609,0.0136249712,0.9937576407,0.0035104938,2.2517781265,0.1880531663,0.6687372566,0.1308988804,-0.0001429372,9.07846e-05,6.38874e-05,4.04207e-05,0.9703005041,0.0050970414,2.268951347,0.1733735357,0.6438200026,0.1269330643,0.1725756674,0.0159894324,0.1454580417,0.0056886313,0.9652856285,0.004513541,2.3621370454,0.1339597475,0.7674321533,0.1095898696,-5.144278509223129,1.8303715417787807,-0.21118324675060354,4
398,567.1815934297964,20973,4,36.97757515926151,0.23765,0.0328439873,0.3446181857,3.8022761566,0.3196259868,0.2598,0.0383400574,0.3763236758,2.6495628579,0.2191686562,0.50255,0.0342599985,0.2449310239,3.4931580265,-0.0466147508,0.03855,0.0100820385,-0.0262220195,3.025590058,0.1941476684,0.4564176245,0.1050766091,0.8741287455,2.5877428196,-0.5677782535,0.0917241379,0.0688138178,0.9180982007,2.9425481644,0.8806452986,0.4518582375,0.0478252628,0.4335726574,2.6976941442,0.1574755143,0.042605364,0.0111551841,0.0580687709,2.834139801,0.3395797524,0.4976130301,0.3018742446,0.0004281326,0.0003142355,0.9516424378,0.0305618427,2.0510550254,0.4621043735,0.0770325975,0.3008898434,8.4e-09,6.27e-06,9.0582e-06,5.4506e-06,0.1800138006,0.1263707692,2.9385920443,0.3378702658,0.0463190532,0.1761844194,0.4986375,0.0161955,0.03810944,0.0026043159,0.070240567,0.1193470533,2.8744582007,0.3470236305,0.0242378767,0.2076608586,0.4651257929,0.3126299469,0.0159426524,0.0097490851,0.9946739158,0.0029772024,2.1600332214,0.2286294391,0.5933639719,0.1797691891,-0.0001100251,6.54177e-05,4.39383e-05,2.59766e-05,0.9610673648,0.0155025137,2.5415082167,0.2286136418,0.7248763946,0.1573652447,0.1605680157,0.024317422,0.1331425373,0.0090477846,0.9564777233,0.0119945609,2.6915933051,0.3046468662,0.8621000287,0.1718288759,-2.652554087492535,-1.6853334710690044,-0.5917331707702983,4
401,690.3949091281163,25735,68,37.27576733220721,0.2519,0.0275388816,0.0376752338,2.5544137182,0.067886214,0.2705,0.0324923068,0.1284528717,2.3205276361,0.0300623084,0.4776,0.0330944104,0.1498159666,3.6854133664,-0.6589757705,0.0355,0.0094207218,-0.1301843643,2.7909779806,0.1246876733,0.4121359223,0.1150012704,0.8902951733,1.8981180003,-0.1526460897,0.1044660194,0.0732561427,0.9138500812,2.5551544706,0.6804084331,0.4833980583,0.0542097401,0.5433771767,2.3442424457,-0.0802356175,0.0421601942,0.0096827626,-0.0215418629,2.830393409,0.0488439916,0.4992325324,0.3028532279,0.0005495943,0.0004400363,0.9351760605,0.0430680206,2.0718989092,0.4659138086,0.0337716596,0.3189505155,-6.48e-07,9.5185e-06,1.27342e-05,7.7918e-06,0.144134013,0.1651763254,2.8341069516,0.4047707972,0.0018598831,0.2043743065,0.4995725,0.0224684527,0.036749941,0.0043577756,0.1252351884,0.1262932159,2.8035491528,0.38241368,-0.0224254243,0.1568612386,0.4513030008,0.2982486444,0.0223209868,0.0138277068,0.9948267814,0.002397496,2.032123534,0.0798525876,0.4980289103,0.1009198928,-0.0001528918,9.54106e-05,6.73278e-05,4.21754e-05,0.967114114,0.0069206629,2.1911578574,0.1225054697,0.5651646399,0.0790255437,0.1800466475,0.0315648113,0.1362584605,0.0067785221,0.9583233505,0.0091769424,2.32610915,0.2363215004,0.7033046542,0.1453936011,-3.6392365383469043,1.0776598419515993,-0.6450205599447413,4
402,416.37934133399966,15668,69,37.62914833815417,0.27395,0.0336027901,0.2274691158,2.9551906395,0.2047630214,0.22355,0.0340168708,0.0368065559,2.7617732374,0.0462467714,0.5025,0.0427580402,0.1750439246,2.7307163361,-0.2318913456,0.03755,0.0096045562,-0.1631964248,3.065582387,0.1455708677,0.4442732558,0.106395329,0.8942120578,1.9598406372,0.2902854369,0.0955813953,0.0812025124,0.9006904572,2.3866265649,0.7541824712,0.4601453488,0.0546378865,0.5445824242,2.708669321,-0.2977196876,0.0415988372,0.0120283869,0.1933831188,2.7254501991,0.0979162541,0.4955977813,0.3009018116,0.0011587795,0.0009053261,0.9414103126,0.0454690297,2.2872525163,0.4134066704,0.0044003137,0.3701712668,-2.0704e-06,1.84744e-05,2.05292e-05,1.25643e-05,0.0852910976,0.0732860685,2.9331843032,0.3569245101,-0.0756534256,0.2439609863,0.49555,0.0211133133,0.036648398,0.0024125559,0.0438517359,0.0782653537,2.8327108022,0.3481204475,-0.0872173362,0.2309629675,0.4486916319,0.2896533672,0.0222977361,0.0138484127,0.9913592278,0.0035133699,2.1003737914,0.1367335477,0.5658127281,0.1593819644,-0.0002551216,0.0001608562,0.0001144013,6.9941e-05,0.9551130102,0.0563903118,2.2247990398,0.1435373759,0.5551583416,0.2204244287,0.1792300775,0.0699916099,0.135069465,0.0234853522,0.9474974921,0.0492390471,2.5124696036,0.2009841286,0.7723919091,0.2975641344,-2.8362336247611584,0.9352230439721629,2.0957140547383735,4
403,834.1074188453704,31693,70,37.99630513282289,0.2415,0.0349535406,0.1838286834,2.5408268614,-0.0053565798,0.261,0.033346664,0.1283704197,2.4877198062,0.101816296,0.4975,0.0321519828,-0.0120671882,3.2123173604,-0.423660452,0.035,0.0099749687,-0.0759162304,3.4102674175,0.0680094326,0.3482789855,0.0688823172,0.804655005,2.1739079211,0.013603231,0.1195833333,0.0692997345,0.8800886449,2.2806496425,0.501008504,0.5321376812,0.0325091274,0.0967126399,2.8462302217,-0.2314313644,0.0434782609,0.0123227828,0.2555643329,4.816623084,0.7615418993,0.4994831667,0.3037948744,0.0005287699,0.0004548386,0.9571802295,0.0328812387,2.4911638612,0.5053279466,-0.0334046495,0.54363289,1.2686e-06,4.5733e-06,8.3255e-06,5.0352e-06,0.0084464416,0.1117738034,3.05020017,0.3697219107,0.0337582912,0.2577033193,0.5021625,0.0158121225,0.0358551803,0.0027099675,0.0101507768,0.1006558515,2.92835511,0.4434951324,-0.0296931678,0.2291854334,0.4562460298,0.3203865053,0.0191921977,0.0118800962,0.9958803228,0.0019999629,2.1040716979,0.1637808735,0.5267852865,0.1824969729,-9.08178e-05,5.68957e-05,4.10816e-05,2.45461e-05,0.9631992569,0.0178436529,2.2225269559,0.1211579774,0.5432037801,0.173014701,0.1989285218,0.0708498508,0.1303384557,0.0187686464,0.9469526008,0.0370521881,2.3923416941,0.1821357933,0.6797777258,0.2417566842,-6.520196016895081,-0.11967679736190365,3.1576350777897613,4
404,649.3651923601808,24192,39,37.25484563173432,0.2668,0.0326459798,-0.0353420695,2.2835186918,0.0514924081,0.2549,0.0254458248,0.0434507355,3.2216504101,-0.2341752496,0.4783,0.0349658405,-0.1003602281,3.0867621943,-0.1459026052,0.0317,0.0086666026,0.0466806487,4.1447156871,0.6905707397,0.3980366492,0.0823362644,0.7928273143,2.3943518089,-0.117177145,0.0956020942,0.0687969072,0.8881257812,2.459136261,0.7436542986,0.5063612565,0.0408160266,0.0372027963,3.5326697331,-0.0692720915,0.0428272251,0.0113541971,0.0747512335,3.038277314,0.1711038902,0.4935322864,0.3004243522,0.0007521681,0.0004729474,0.9388895733,0.0321651668,2.6618356151,0.8047454016,0.00140051,0.6129004141,3.5341e-06,1.0403e-05,1.59368e-05,9.7966e-06,0.0075658466,0.0756485105,2.8836558198,0.311721881,-0.0790892313,0.2852532943,0.50361,0.0142774963,0.0358461875,0.0023551741,0.0164793742,0.1026248825,2.9949659137,0.3959326931,0.0018034714,0.2247670639,0.4470572543,0.2960324142,0.02275837,0.0140457369,0.9932312174,0.0025643576,2.1765488954,0.192119631,0.6166778177,0.1979033027,-0.000190047,0.0001232897,8.55881e-05,5.2576e-05,0.9633158288,0.0287038447,2.2385995149,0.1764430313,0.6151559014,0.1922630732,0.1862909465,0.0664148946,0.1373308702,0.0206278827,0.9471666872,0.0597500587,2.4054343691,0.1978100788,0.7434399441,0.2328054847,-4.627279066658231,0.17287166738565854,3.223067167800154,4
406,448.1800823720876,16526,72,36.87357080335356,0.23515,0.0365681214,0.2432164682,2.6781473486,0.0868507802,0.2459,0.0296511383,0.0858367858,2.9332457934,-0.245868498,0.51895,0.0421028206,0.2844820161,2.8422502448,0.2148667277,0.0378,0.0109389213,0.1001123919,2.606394702,0.0308674579,0.5282984293,0.1077815803,0.8791019955,2.6068028017,-0.4766218816,0.0689528796,0.0583988173,0.8883432095,4.0180001979,1.3000236957,0.4027486911,0.0616646027,0.6438117505,2.5761852742,0.0639863261,0.0367801047,0.0109004934,0.123055303,3.2069518127,0.3313690591,0.4976436777,0.3019312631,0.000818171,0.0005729912,0.9382004779,0.061952122,2.2225782474,0.3253373017,-0.0869423776,0.433498304,-1.117e-06,1.31505e-05,2.02376e-05,1.23949e-05,0.3160052502,0.1843523968,2.7828608714,0.3070484931,0.0158591168,0.246835086,0.504745,0.0240496149,0.0435964908,0.0060886769,0.2830063947,0.2060637949,2.7949119024,0.4305137596,-0.0273968997,0.237111088,0.4505351567,0.2967636138,0.0221859005,0.0140299552,0.9922451017,0.0040315391,2.1652594702,0.2037017599,0.5792776603,0.1999031505,-0.0001645565,0.000107847,8.29834e-05,5.32925e-05,0.9291222951,0.1231329978,2.2179756706,0.3737838313,0.5393222721,0.3051427,0.2034451229,0.0812725308,0.1436324513,0.0364392117,0.9042102083,0.1808205806,2.3127737574,0.4646208044,0.664845224,0.3410308075,0.4716021828551387,-2.394187769320304,2.971062161607099,4
408,541.7732589413648,19665,12,36.29747255969367,0.2531,0.0338436109,0.0468474362,3.0844606645,-0.1491563844,0.23855,0.032429115,0.0206380646,2.6156785499,0.0966592033,0.50835,0.0364489712,0.0306215647,2.6630426804,-0.1045577225,0.04115,0.0102677894,0.0890659843,3.2561809973,0.2988471567,0.4342270531,0.1004020018,0.8674490794,2.1989060408,-0.1593124211,0.088236715,0.0648141677,0.9081538019,3.5320459179,1.0069245284,0.4775362319,0.0511176288,0.5230374216,2.8091386918,-0.0820094816,0.0428985507,0.0108148381,0.0311446315,2.506503483,0.015963166,0.4962092297,0.3017623792,0.0007125899,0.00056135,0.9502855622,0.0369973092,2.2978596436,0.4323837492,-0.0952476991,0.39348715,-1.0006e-06,1.09156e-05,1.4771e-05,9.0299e-06,0.0429914973,0.1099992142,2.9156229719,0.3883766635,-0.0356423611,0.2329591091,0.49589,0.0187637323,0.0359454225,0.0030994917,0.038218877,0.1151727517,2.945617393,0.4426213156,-0.052678723,0.2350421006,0.4512285657,0.2973827358,0.0226671668,0.0135359289,0.9937986674,0.0030333145,2.0910700231,0.1461433829,0.5396930982,0.160518315,-0.0001889696,0.00011576,8.43112e-05,4.90912e-05,0.9593711033,0.0327968146,2.3127373941,0.149463807,0.6289376784,0.1515266193,0.1807587972,0.0527832763,0.1383047542,0.0194176033,0.9457089009,0.0458620761,2.5613415974,0.1937542493,0.8008952501,0.1730084372,-3.347522737350553,0.22421621992681337,0.8388950302260889,4
411,218.7199433626173,7919,30,36.20611764182398,0.26555,0.0318817738,0.0942322406,2.9823683295,-0.3686354294,0.2302,0.0342119862,0.2331762591,2.9688013509,0.1831799948,0.50425,0.0386999677,0.1823370151,2.3465922576,0.0521298289,0.036,0.009486833,0.106745325,3.3892592593,0.3531210054,0.3903846154,0.0908362576,0.8185645588,2.3546775635,-0.1183191171,0.0861538462,0.0596835838,0.8913056068,2.3158685364,0.5915058351,0.5234615385,0.0462119598,0.3120191578,2.7928711134,-0.0995747829,0.046043956,0.0116618209,0.1609439146,3.0921667631,0.2720395763,0.4952131086,0.3005715741,0.0012854063,0.0008152489,0.9359306393,0.0389003675,2.4631869173,0.7360713695,-0.0474253353,0.5194164416,-7.1278e-06,2.73515e-05,3.04442e-05,1.85784e-05,0.1380857525,0.1356737293,2.9048373629,0.455058259,0.0228724434,0.2219520364,0.49239,0.0238353131,0.0372280914,0.0027312924,0.101506628,0.1224867188,2.9766431605,0.4467506309,0.0452497195,0.2602731728,0.4471026053,0.2784035948,0.024092399,0.0144115936,0.9883746955,0.0038089704,2.0926596295,0.1388706277,0.5594500524,0.144603474,-0.0003918639,0.0002357112,0.0001817509,0.000109837,0.9663872272,0.0165761206,2.1235037822,0.1156343603,0.5552032898,0.147707921,0.1762441412,0.0466747454,0.1435500252,0.019831319,0.9525993668,0.0223132929,2.4382842172,0.216133111,0.7769059671,0.1858484621,-2.616181476456567,1.5670015063424299,0.48059413417231084,4
412,603.2146158166286,22923,42,38.001400163301696,0.2733,0.038191753,0.413885471,2.5897730441,0.3029038092,0.26915,0.0280272635,0.1549306483,2.906763293,0.217792455,0.45755,0.0384674863,0.2476494251,2.7823345214,-0.112924369,0.0326,0.0098101988,-0.095636586,3.2677755943,0.3752138746,0.4729878049,0.1252457578,0.9109633033,2.1365712979,-0.4392640342,0.10125,0.0795631652,0.9199655857,2.8510812954,0.9081317114,0.4257621951,0.0583006153,0.6197432737,2.7873381911,0.0661551147,0.036402439,0.0102491639,0.0162369563,6.0918868326,1.0934461054,0.5006165745,0.3036310388,0.0007530955,0.0005277195,0.9357154114,0.0459676904,2.4509585663,0.5953437927,0.075718952,0.3954709444,-5.598e-07,1.42661e-05,1.7834e-05,1.12664e-05,0.2371942712,0.1435169254,2.856424991,0.3690898334,-0.0300194512,0.2611747812,0.502085,0.0254383033,0.0378680696,0.0046048673,0.1785937825,0.1354379322,2.9666315405,0.3826322501,0.0056348142,0.2591252377,0.4617351084,0.3006352167,0.017307016,0.0115384856,0.9903810609,0.0054236028,2.2196211744,0.2638316709,0.6194498816,0.2235569396,-0.0001979465,0.0001241688,8.08151e-05,5.12517e-05,0.9405707215,0.0742121083,2.8584655309,0.3805275333,0.7836897174,0.4466336904,0.1693275675,0.0859431893,0.1250397477,0.0281069506,0.9102911277,0.1442190911,3.079152211,0.4261173308,0.9696611476,0.3555906248,-0.2827851334059786,-4.532348040441946,2.88594365589566,4
414,574.4320783609329,20656,48,35.95899459330197,0.2766,0.0333232651,0.1473951054,3.0014443854,-0.3110979282,0.19045,0.0292069769,0.0758016551,2.4090024406,0.2109997069,0.53295,0.0391541505,0.2415330987,2.5508620206,0.0980106679,0.03845,0.0098411127,-0.1798618562,2.9274538604,0.0344299568,0.4448965517,0.106564646,0.9158795241,2.0965874782,-0.1318208843,0.0936896552,0.0716866281,0.900558774,2.9432716542,0.8345982726,0.4614137931,0.0483653604,0.6511563644,2.5094809617,-0.2730691109,0.0411724138,0.0106837581,0.1206831876,2.8243108123,0.0922023901,0.498250042,0.3026921548,0.000836654,0.0005579165,0.9377543164,0.0692320119,2.5754374657,0.9031059996,0.0179617649,0.5817441518,1.0957e-06,1.715e-05,2.03529e-05,1.2367e-05,0.2884713588,0.1750432478,2.7595866869,0.3151743601,-0.0299666286,0.2306596442,0.5019675,0.0261441307,0.0395041443,0.0036638039,0.227174339,0.1675500743,2.8292367123,0.2831774647,0.0022929602,0.2269629336,0.4610928129,0.2944468256,0.0169678801,0.0106352338,0.9898879996,0.005570653,2.2416537533,0.2831974243,0.6376407016,0.1949445377,-0.0002073935,0.0001275712,8.59534e-05,5.3691e-05,0.9441652216,0.0621618123,2.5210956236,0.3797490735,0.7069803358,0.2691067455,0.1680973293,0.0645204744,0.1303206907,0.0222634561,0.9243541599,0.112303562,2.7468778675,0.3891230965,0.8846169212,0.2661726122,-1.2901611500125374,-1.8176920309358318,1.1921207379954586,4
415,439.1771124104326,16263,24,37.03061826409895,0.24355,0.0356741853,0.3806011744,2.7051006843,0.2885489868,0.24045,0.0311856938,-0.0965691776,2.1324910598,0.0384350917,0.516,0.040614037,0.3936149203,2.7929716088,-0.1159377387,0.0373,0.0101345942,-0.0473703231,2.3939846364,0.1913050012,0.4364772727,0.0857127838,0.8569051635,2.1876499218,0.0599940592,0.0798863636,0.0589393818,0.9135569953,2.5119980172,0.7253541894,0.4836363636,0.043931295,0.4920530108,2.6982178387,-0.2983785729,0.0463068182,0.0127362742,0.2157941598,4.5705118179,0.3587064313,0.4987199715,0.3029317707,0.0009654019,0.0006572635,0.9321554452,0.0496859909,2.3745751444,0.5446683315,0.0028741553,0.4158015186,-1.6499e-06,2.01266e-05,2.3811e-05,1.47023e-05,0.091297871,0.1482473797,2.8312111326,0.4305989326,0.0063355801,0.179530571,0.49305,0.0230292857,0.0368178499,0.0030282712,0.0790984918,0.1179251464,2.9920748877,0.4492901544,-0.0064990798,0.2301478877,0.4498438884,0.2798483717,0.0239660265,0.0157771449,0.9829559294,0.032596342,1.954241758,0.1746803812,0.3995361031,0.159999071,-0.0003705673,0.000250672,0.0001882853,0.0001202892,0.95678642,0.0777033403,2.0592770496,0.4312682751,0.3198035278,0.4159657222,0.1999997684,0.075530879,0.1407526045,0.0255260453,0.9144522467,0.190508263,2.186921341,0.1969904136,0.6052544475,0.1866850427,-3.0985860623227155,0.5851622492574018,3.585443823182218,4
416,550.0976245109717,20077,16,36.497158150515816,0.24585,0.0327647295,0.1513684525,2.7641243366,0.0477099128,0.2429,0.0330921441,0.1581656588,3.6188249836,0.4764449088,0.51125,0.0351949925,0.0047620862,3.0824812604,-0.3835428868,0.03905,0.0093726997,-0.0515379323,2.4867412233,0.4948851935,0.4292215569,0.0927377605,0.8651295841,2.1103262689,-0.1820856545,0.0711077844,0.0610374411,0.9295860064,2.909596158,1.0093161927,0.4996706587,0.047915025,0.5474907826,2.7611381262,-0.2349798853,0.0487724551,0.013508337,0.2486826683,2.8733231578,-0.0196622731,0.4962177,0.3013238275,0.0007352549,0.0005456755,0.9450155806,0.0478545867,2.6991354927,0.7263715227,0.0977337887,0.5963619537,-5.6817e-06,1.32272e-05,1.52987e-05,9.2807e-06,0.0640057815,0.130308493,2.9297405507,0.4464383644,-0.0139369326,0.1769203936,0.4905775,0.0206235998,0.03641542,0.0023745124,0.0545995536,0.1156697686,3.0426148197,0.4933113677,0.0193171534,0.1999562812,0.4693018218,0.3038392876,0.0145530055,0.0103880072,0.9796735868,0.0349046203,2.2646936341,0.1658120686,0.6733587768,0.2178961402,-0.0001706799,0.0001098401,7.50346e-05,4.71895e-05,0.95053637,0.0543613682,2.5463018316,0.2525686334,0.6271377834,0.5008936268,0.1765553541,0.0814223282,0.1370888872,0.0192044856,0.9477156764,0.0491845104,2.8153343172,0.3570659991,0.7521504304,0.6493069932,-3.2096898787644967,-2.684983421781759,3.31826039226802,4
417,434.1913496340815,15783,30,36.350332666234046,0.2258,0.0340860675,0.3316426456,3.3431608928,0.1827129368,0.28365,0.0394072011,0.2544705943,3.5249045276,0.0593672054,0.49055,0.0379993092,0.1187341592,3.7289013306,0.5342008462,0.03665,0.0095670006,-0.0489598706,2.502641619,-0.2356018355,0.4842757009,0.0948612547,0.8516782297,2.26598973,-0.3633733502,0.0762383178,0.0592593242,0.8924440608,2.9732368854,0.9391745365,0.4394859813,0.0489537001,0.4733329194,2.5799556442,-0.0320601002,0.0411915888,0.0115344152,0.0645306507,2.8955461674,0.3455722545,0.502940322,0.3041876171,0.0007043862,0.0005159354,0.9423970841,0.0525183227,2.450180452,0.5217380683,-0.1426702352,0.4958321787,3.4168e-06,9.2226e-06,1.57729e-05,9.8408e-06,0.2807848027,0.1345405967,2.9286195465,0.3251971577,-0.0497464317,0.1677275863,0.5050375,0.01624172,0.0380612102,0.0031083604,0.176556746,0.1143341745,2.735335737,0.2352371034,-0.0386217224,0.1820637738,0.4588273541,0.3044452506,0.0192932929,0.0122520667,0.9936788016,0.0026668517,2.1014760827,0.1183015187,0.532271993,0.166346682,-0.0001867862,0.0001107946,6.96997e-05,4.27688e-05,0.9475346317,0.0462778854,2.643609876,0.16804423,0.7977763292,0.0830408374,0.1672797084,0.0670821245,0.1210571593,0.0208587206,0.9442976674,0.0474673768,2.7959525675,0.2591970112,0.8917540644,0.1618247975,-2.3028518963669784,-1.8563618857902713,0.4003098841320913,4
418,420.9004080215069,14853,42,35.288632932950385,0.2388,0.0361601991,0.1597548807,3.0786465719,0.2477483118,0.27285,0.0414442698,0.3805076633,2.5925423145,0.1536455733,0.48835,0.0415935993,0.1190778037,3.6531030571,-0.3173809633,0.0366,0.0090244113,0.0329722283,3.0292739047,0.0374067251,0.5151882845,0.1138994368,0.8994113164,2.1418164275,-0.3858613039,0.0792677824,0.0654145731,0.9000039403,3.7149863204,1.1256134634,0.4055439331,0.0613116495,0.6489986319,2.2194225106,0.1272852781,0.0367782427,0.01126316,0.0073675564,2.8118992487,0.1992329086,0.4956637997,0.3020080854,0.0008012691,0.0007070975,0.9250990656,0.0440406031,2.5611143701,0.6588626644,-0.0693570412,0.586353144,6.44e-07,7.4658e-06,1.71941e-05,1.09355e-05,0.214457956,0.1951228221,2.7411192607,0.2330955149,0.0781336505,0.2183284495,0.4982925,0.01693016,0.0382518238,0.0038716409,0.1441667245,0.1620843712,2.8139851703,0.3397404464,0.0303354225,0.2738369056,0.4581471636,0.2998434016,0.0185545339,0.0118181453,0.9925648817,0.0020692878,2.1575544237,0.1870237001,0.5689464878,0.1852399181,-0.0001894272,0.0001176023,7.59589e-05,4.51598e-05,0.9474290397,0.043628908,2.6257920643,0.3934438066,0.7657823929,0.2241976382,0.1749934549,0.0701660282,0.1262460662,0.0226618852,0.9214758903,0.0999240162,2.8723465422,0.5980808836,0.9065543005,0.3161002618,0.3298059046327161,-3.230195618273421,0.7489983495514442,4
420,883.7481517563795,31748,70,35.92426183512052,0.24815,0.0308273823,0.1429459431,2.7361659202,0.2201452491,0.2496,0.0317228624,0.2636668958,2.6174699337,-0.0691432468,0.50225,0.035681753,0.2380441057,2.3563139128,-0.2740320557,0.0361,0.010573079,0.2550468972,5.1764396636,1.0425541512,0.4421428571,0.1043082168,0.8941906644,2.3403976215,-0.2230346557,0.0999795918,0.0720168602,0.9317984138,3.19520617,0.9181418017,0.457877551,0.0466487669,0.5043098184,3.107909533,-0.4595153023,0.0379795918,0.0125722237,0.0605073372,2.5300310063,0.1265582659,0.4931747641,0.3001386206,0.0004798764,0.000289486,0.9383777053,0.0345346338,2.4872376696,0.6455892065,-0.1141220711,0.4901841945,1.8144e-06,1.24555e-05,1.17741e-05,7.2367e-06,0.1138876148,0.1200559814,2.9798315451,0.4083299632,0.0142223612,0.2687657872,0.5035225,0.0243029807,0.0366156684,0.0021592717,0.0181314806,0.0967474272,3.0469823082,0.2865415271,0.0379524284,0.2599949367,0.4551763019,0.3107205112,0.0207103398,0.0122201013,0.994542229,0.0030935234,2.1345720125,0.1518499977,0.5692434801,0.1559496429,-0.0001396179,8.06279e-05,5.66802e-05,3.3313e-05,0.9591354044,0.0158704532,2.3970862273,0.2086159039,0.6127025972,0.1821449945,0.180296447,0.0495931955,0.130652445,0.0182307779,0.9506831274,0.0281759213,2.4575502679,0.2510275596,0.6995241554,0.2586586159,-3.414220449076807,-0.6773966587548628,1.2688594018263335,4
422,671.6071466951223,25318,44,37.69763339265531,0.24865,0.0295199509,0.1654214879,2.560113449,-0.0121288377,0.2418,0.0338416903,0.152763368,2.454393574,-0.3193633511,0.50955,0.0394087237,0.0257222155,2.5288459728,0.0439999343,0.0385,0.0095262794,-0.0289371328,3.6549188352,0.5023077473,0.4440735294,0.1131420653,0.8789731151,2.0425634209,-0.1872781159,0.0957794118,0.0814621611,0.944522615,3.1753723778,1.0298123393,0.4601470588,0.0521421317,0.4493192306,2.9879960861,-0.2344630189,0.0409411765,0.0110212126,0.1035550492,3.4581943821,0.4346971229,0.4997008393,0.3040811054,0.0003926675,0.0002661921,0.9399166125,0.0516907676,2.4683797785,0.6155385035,-0.0648802272,0.4354458793,-6.536e-07,4.5946e-06,7.8619e-06,4.8173e-06,0.0634096501,0.1081939902,2.9235257544,0.4333106453,-0.0482018243,0.2429007119,0.4972725,0.0174601222,0.0351462691,0.0025361667,0.0422849791,0.0789441638,3.0272524059,0.5219542728,-0.0430003418,0.2338264981,0.4649471642,0.3165456868,0.01669326,0.0101982952,0.9954034014,0.0024734216,2.0420856405,0.1333249563,0.4884368521,0.1518377176,-0.0001005468,6.0568e-05,4.39035e-05,2.61313e-05,0.9615523647,0.0240932103,2.3415785096,0.1789200693,0.618285401,0.137842207,0.1844381132,0.062435915,0.1296010661,0.0191477927,0.9392611257,0.0555477606,2.5422986411,0.2596578725,0.7775049229,0.2011638577,-4.356131906397615,-1.1492771052016812,1.613430855616407,4
425,362.7338490935899,13300,36,36.66600189983492,0.2485,0.0281469359,-0.002627753,3.1491537866,-0.1124020772,0.2689,0.0331480014,-0.0328711086,3.1855933829,0.2386517141,0.4826,0.0388038658,-0.0235899854,3.0912763459,-0.1813300365,0.03545,0.0084880799,-0.1374034209,3.0697640083,0.0308967484,0.4010546875,0.0819862135,0.8531818792,2.036512622,0.066234799,0.0922265625,0.0608013177,0.9018466662,2.4531331605,0.6231690291,0.50671875,0.0388629277,0.2671359397,2.4741644644,-0.1017849486,0.04859375,0.0110385953,0.0649084216,3.1667846042,0.4365239303,0.4971088498,0.301943027,0.0008071429,0.000651953,0.942861376,0.0494028434,2.3117665486,0.4087085077,-0.2169857752,0.3868576794,-4.7315e-06,1.07364e-05,1.53211e-05,9.5757e-06,0.0974473518,0.1215645959,3.0284716163,0.5238507117,0.0555497278,0.2307152415,0.4923,0.0165341162,0.0364467731,0.0025769611,0.0503998054,0.1331014126,3.0442503711,0.6897223643,0.1577203305,0.2592688877,0.4624992268,0.3008246203,0.0158421009,0.0113408151,0.9607082377,0.0942062778,2.2950970645,0.1875242026,0.6585338799,0.2517236958,-0.0001844458,0.0001338463,7.98592e-05,5.65317e-05,0.8385448439,0.4067314577,2.3098167331,0.333539136,0.6456196938,0.3145420143,0.1880899845,0.0933577784,0.1360451287,0.0366683938,0.8374770658,0.3969267176,2.368110887,0.3960960382,0.7882394809,0.2210774359,-2.819810464366639,-1.9964150237545897,8.156796138578796,4
426,532.1547373449175,19960,68,37.507887460678326,0.25275,0.031877696,0.1273477379,3.9497165443,-0.5245027666,0.22265,0.0257629094,-0.0629706439,3.0630882286,0.2288660474,0.5246,0.0360186063,0.0958487662,4.121487021,0.1427263728,0.03785,0.0108916252,-0.0616558137,3.6388200632,0.5118514443,0.4086813187,0.0913267144,0.8421726474,1.9981617956,-0.1513309011,0.0994505495,0.0745589617,0.9087681037,2.6876067969,0.8298737104,0.4918681319,0.0417682536,0.2349736069,2.421821598,-0.1106666321,0.0433241758,0.012183098,0.1426650107,3.5205854663,0.5721234174,0.4971906995,0.3022085977,0.0006855371,0.0004241476,0.9447969392,0.0452048022,2.4627083551,0.5300981308,-0.2235506339,0.4319697666,-6.003e-07,9.3321e-06,1.55536e-05,9.3295e-06,0.076756036,0.1060476267,3.0471561812,0.3665760312,-0.1015650194,0.2243114101,0.50168,0.0142236194,0.0358127811,0.002232927,0.0752639794,0.1015139278,3.0227013446,0.4467321108,-0.0172406168,0.2331057874,0.4469577829,0.2849054013,0.025025816,0.0152608145,0.9935370828,0.0033077758,1.9733773593,0.124090876,0.4549394918,0.1204109787,-0.0002168979,0.0001300978,0.0001085559,6.52845e-05,0.9740052577,0.0059389664,2.0297490151,0.2101979831,0.4435118799,0.1784744645,0.1900885022,0.0253595889,0.1478845291,0.0094567782,0.9621449298,0.006200477,2.1792267496,0.1844999952,0.6150290918,0.1567157502,-5.19013287482352,2.614253328685426,0.8763811042840594,4
427,635.4391807785956,23081,48,36.32290972633941,0.26455,0.0323503864,0.0752605846,3.2677206526,0.1995698589,0.24105,0.0291315551,0.1229686477,3.3215799535,-0.2779115827,0.4944,0.0387058135,-0.0134001818,2.7276621286,0.0219337779,0.03715,0.0115380891,-0.1869814142,2.6609533744,0.2702664466,0.4102766798,0.0991890165,0.856960877,2.2501398835,-0.2157261484,0.1001383399,0.0773440074,0.9207082576,2.8990666185,0.8931204258,0.4895849802,0.0437646158,0.2403758131,2.8273879208,-0.1365800595,0.0436363636,0.0133150551,0.3345138578,3.0816795277,0.3943341076,0.4993585292,0.303634791,0.0004511212,0.0003190834,0.9401276227,0.0324827343,2.3013161568,0.3760007957,0.0669783836,0.3077914555,-4.66e-07,6.3134e-06,9.8868e-06,6.0056e-06,0.0323196787,0.0858127341,2.8535587172,0.3356220306,0.0535202533,0.1870898341,0.494885,0.019372365,0.0367502729,0.0025914657,-0.0092084056,0.1026383804,2.8830166023,0.4322901728,0.0391631284,0.2327783445,0.4546706464,0.3053296504,0.0211469925,0.0134529301,0.9950937435,0.0028173895,2.0765819958,0.1828241593,0.5336320569,0.1452113242,-0.0001332097,8.11518e-05,5.90204e-05,3.70599e-05,0.9705710365,0.0069549386,2.2210240317,0.1984240707,0.5831211758,0.1432925486,0.1695501283,0.0181279032,0.1401623208,0.0064554754,0.9620895514,0.003384888,2.4848742985,0.1618919885,0.7867428208,0.1179781317,-4.680215998873399,0.856940570630641,-0.028084384972785783,4
428,747.9212164388003,27739,68,37.08813092918829,0.33965,0.0435388045,0.4681749229,2.5981170839,0.2354708797,0.31625,0.0496204343,0.4884763653,2.7793479081,0.3396452403,0.3441,0.0401583117,-0.1030035767,3.1994744732,0.1362661485,0.0329,0.0104446158,0.0738080683,3.0004605975,0.4467496897,0.5121308017,0.0884011509,0.8499970351,2.5112321796,-0.474564138,0.0866244726,0.0595552992,0.9005987527,2.8674212751,0.8810150558,0.4012447257,0.0425038001,0.3875440319,2.9768763162,-0.0175372747,0.0429535865,0.011433626,0.1525262458,2.8927204982,0.0024419485,0.4977059775,0.3024620459,0.0005104606,0.0003561178,0.9578990241,0.029668833,2.3355580164,0.486687261,-0.105631771,0.49368895,2.0094e-06,8.733e-06,1.15452e-05,7.6784e-06,0.3518382894,0.1786902469,3.1143912193,0.4868665998,-0.0113641908,0.315649973,0.5063625,0.0247095168,0.0413221365,0.0044527422,0.25964536,0.1616442125,2.9717782599,0.4844530109,-0.0331731344,0.2633249278,0.4498486106,0.3090809287,0.0223425518,0.0147750928,0.9956047484,0.0021670664,2.1018505961,0.123599032,0.5673831508,0.0981709963,-0.0001303475,8.50473e-05,5.34018e-05,3.69049e-05,0.9635227509,0.0185735927,2.5685421704,0.2842619474,0.7796039286,0.1256312458,0.159344814,0.024156669,0.1306657941,0.0105869116,0.9559291409,0.0122284286,2.8219777893,0.3936458621,0.8608971682,0.3270564264,-0.4531681652139619,-3.4844884415859756,-0.7987525709477167,4
432,644.6392615662471,23571,42,36.56463607682031,0.25125,0.0303345925,-0.0431827065,2.9578816268,-0.4933598414,0.22745,0.0312769484,0.1327263365,4.1935811391,0.5636713455,0.5213,0.0356694547,0.0513921572,2.7777665706,0.2651521278,0.03395,0.0102541455,-0.0495168304,3.7849321191,0.6595471383,0.3865702479,0.0842014827,0.8654859784,1.9549501111,0.0128061324,0.1061363636,0.076145861,0.9105815211,2.4705446694,0.692472739,0.5072933884,0.0385936753,0.1141873656,3.0383063508,-0.2822921057,0.0425413223,0.0118552019,0.2944501978,2.796196695,0.2073212537,0.4959563084,0.302156808,0.0006233183,0.0004682054,0.9612687225,0.0225906173,2.3889152798,0.5993575179,0.0456356705,0.5335919747,2.1584e-06,9.2193e-06,1.04113e-05,6.3347e-06,0.0087772611,0.0871814707,3.2041313615,0.3940791372,-0.0314883633,0.2708701544,0.50226,0.0168463542,0.0351296134,0.0024141283,-0.0033741995,0.0991955744,3.0650806849,0.5146764878,-0.0498731163,0.2572479502,0.4573874478,0.3122624786,0.0202378387,0.0159867052,0.9852842016,0.0269744043,1.9708802264,0.1374907854,0.424771094,0.2071364449,-0.0001201439,9.81355e-05,5.9461e-05,4.12499e-05,0.8300745225,0.3849040214,2.0826026337,0.1010582213,0.4800770593,0.1489636977,0.2121658916,0.112197996,0.1297660566,0.0351531627,0.8115858623,0.4005894423,2.3226838421,0.134313001,0.7081349623,0.1171142863,-5.306789170485975,-0.014625180246294434,9.065571791606102,4
433,1013.0834769471952,36945,6,36.46787341881174,0.2403,0.0299901651,0.1242933747,2.1215463573,-0.0516988288,0.2725,0.0310362691,-0.0312085457,2.7145013047,-0.2719455891,0.4872,0.0330175711,-0.1401637535,3.0670630865,-0.0232175889,0.0382,0.0101616928,-0.0505793795,2.7742099143,0.1867308425,0.4028084416,0.0893336751,0.8697165617,2.1037531453,-0.0644411789,0.1123214286,0.0742651265,0.8952463692,2.3182667773,0.6644959468,0.4848701299,0.0385615887,0.2811428339,2.9025821253,-0.2329034649,0.0407142857,0.0121600337,0.1585376788,3.434360187,0.502518189,0.4990709839,0.3034840057,0.0003658436,0.0002742486,0.9318259067,0.0499402157,2.3342656842,0.4848148194,0.0714858329,0.4631290639,1.491e-07,3.4605e-06,7.9736e-06,4.8198e-06,0.0117642964,0.0976147562,2.8945560661,0.3033305286,0.021485388,0.2257263265,0.5011475,0.0123183854,0.0351687545,0.0025272181,0.0164105737,0.1010408068,2.9808149891,0.3426615594,-0.0607508645,0.2317800208,0.4550901956,0.3175299299,0.021562681,0.0135192908,0.9963396055,0.0019795867,2.0206900646,0.1280654627,0.4636429283,0.1487267268,-9.97979e-05,6.00535e-05,4.74924e-05,2.98281e-05,0.9718169116,0.0103165853,2.1150105724,0.1524799372,0.4934303656,0.1588978181,0.1902105447,0.0503770564,0.1357683617,0.0112355953,0.9594683287,0.0172022345,2.306306682,0.1482235502,0.6747032449,0.1822653826,-6.116407055822628,0.7452782654686575,2.101440670386653,4
435,739.9334746713209,27232,6,36.80330858405409,0.2551,0.0313845503,-0.0703225255,2.3627072533,0.0509325575,0.225,0.0272488532,0.1932972241,2.558446417,-0.0759924484,0.5199,0.0368712625,0.0443482618,2.1552158437,-0.117596432,0.03885,0.0102677894,0.1397427664,3.5652240072,0.6018395507,0.410045045,0.0941510084,0.8777766017,2.1145149964,-0.1481593957,0.1088963964,0.0764589219,0.9304376096,2.2947251117,0.6806945009,0.4810585586,0.0387429877,0.217798006,2.9468274402,-0.2545941865,0.042972973,0.0131925856,0.2226753057,2.8754790983,0.3954203649,0.4989782393,0.3037419448,0.0006170147,0.000476204,0.9496985808,0.0321424727,2.165184021,0.3076475978,-0.1270618108,0.3896397113,5.157e-07,7.1863e-06,1.20523e-05,7.4192e-06,0.0340953909,0.0893472811,2.9220792761,0.3999883892,-0.0541706154,0.2482827848,0.4978425,0.0172885097,0.0358604841,0.0025081484,0.0241855977,0.1003891956,2.9983592426,0.6204842884,0.0332505887,0.2208211316,0.4507889249,0.2965960308,0.0235255981,0.0149545432,0.9943853688,0.0027862968,2.0664076701,0.1136279786,0.5421719444,0.0945470195,-0.000160474,0.0001004261,7.70005e-05,4.94654e-05,0.9733718205,0.005772594,2.0988705069,0.1233212489,0.5126159772,0.0962826307,0.1761898018,0.0171402423,0.1442531137,0.0039083944,0.9622616599,0.0035237812,2.3306271209,0.1559479847,0.7255385716,0.0979769796,-5.325172744136387,2.1505351741761305,-0.3431374423686666,4
437,207.75660940284777,7337,8,35.3153626307661,0.26225,0.0326142224,0.1523657921,3.1662612084,-0.1622171742,0.2454,0.0288762879,0.1551542209,2.4671599924,-0.1704102193,0.49235,0.0364585724,0.0672229049,2.5612603452,0.2254297704,0.03525,0.0105445484,0.0646853639,3.8465998766,0.6058772081,0.4352020202,0.0989717825,0.8662570909,2.1986161822,-0.2185744435,0.1105050505,0.0873617088,0.9466059768,2.1777765352,0.6704297237,0.4542929293,0.0362720508,0.1869448591,4.082698231,0.0243041783,0.0452525253,0.012316814,-0.0949324638,3.2368894846,0.5216476094,0.4974431265,0.3019199633,0.0016995001,0.001001057,0.9525565041,0.0269587798,2.3223573302,0.4060201596,-0.2587090386,0.4625131718,5.851e-06,3.28592e-05,3.79906e-05,2.27215e-05,0.1699580625,0.1485559959,2.9408940514,0.3892530557,0.0893461512,0.2030065087,0.5033075,0.0195186403,0.0373413534,0.0030608744,0.1413314455,0.1096611603,2.835317442,0.2889600207,0.0917862131,0.1879360854,0.4345533439,0.2634605635,0.0316407995,0.0191035626,0.9881014592,0.0036878759,2.0359050714,0.0762616922,0.516031116,0.0717809897,-0.0005974016,0.0003724218,0.0002737212,0.0001650411,0.9720453175,0.0036195095,2.0631410781,0.0810822961,0.509672779,0.0701234832,0.1660510446,0.0168934875,0.1439237045,0.0097684112,0.9554406701,0.0054299878,2.4194281905,0.1911755171,0.7772220567,0.1065335801,-2.873496686573082,3.6401352355047867,-1.0119253445801706,4
438,567.6309543534566,20305,25,35.77148117851997,0.25865,0.0339032078,0.1574278207,2.7698845307,-0.1477088707,0.22525,0.0291665476,0.0880887468,2.9484382543,-0.2990244895,0.5161,0.0397591499,0.1676556661,2.8123679607,0.3707516424,0.0397,0.0113758516,0.0255247588,5.8422827321,1.0318222161,0.4428863636,0.1072463638,0.8846997532,2.1351218292,-0.4578853877,0.0938181818,0.0747326364,0.9224919495,2.7074561124,0.8952548635,0.4632954545,0.0478722635,0.3421891577,2.4949942707,0.1538928602,0.04125,0.0106879818,0.1312409948,3.1453474704,0.198073943,0.4986413163,0.3032275459,0.0006101436,0.0004731859,0.9400358265,0.0463409066,2.4871922499,0.7789898343,0.1505150923,0.5334192441,1.1459e-06,6e-06,1.15755e-05,7.116e-06,0.0774828015,0.1195940913,3.0235875387,0.4046644471,0.0085532191,0.2351601009,0.50259,0.0155253712,0.0361783927,0.0027574719,0.0166268486,0.1409949471,2.9082948043,0.3745412728,0.072955246,0.2615491028,0.4563261486,0.3005840157,0.0211062548,0.0131351462,0.9944787214,0.0025172387,2.0739425766,0.1193088705,0.5387869164,0.1067772318,-0.0001493522,9.25848e-05,6.87247e-05,4.32099e-05,0.9707037602,0.008988986,2.186648695,0.1677956303,0.5913796824,0.1357782272,0.1669305931,0.0213022236,0.1402825584,0.0073668693,0.9609639301,0.0072550189,2.4394977984,0.1815985988,0.7970547468,0.1230122506,-3.5583348767563296,0.6079663204391679,-0.6722023573786641,4
439,368.0082571136,13176,44,35.80354447300545,0.25955,0.0278486535,0.0484684421,2.6680905808,0.0986588957,0.2503,0.031542194,0.0846999167,2.4848405753,0.2503710115,0.49015,0.0378843965,-0.0580578673,2.7393912751,-0.0038090006,0.0398,0.0103179455,-0.1511857335,3.3689747161,0.2516130749,0.4784722222,0.1052580786,0.901184123,1.954614343,-0.0368496722,0.0767013889,0.0593692634,0.9105780459,2.8841589366,0.8671455645,0.4448263889,0.0595043567,0.6221677138,2.7035700858,-0.3220490898,0.0415277778,0.0111846525,-0.0041030645,2.6398964932,-0.0351260303,0.4989497913,0.3030177861,0.0012385766,0.0008903481,0.9600832589,0.0355436803,2.2964558397,0.4706146537,0.1221798557,0.3603326751,-5.2996e-06,2.09727e-05,2.31214e-05,1.3881e-05,0.1303513645,0.1207623227,2.8154525613,0.3763256201,0.0924847186,0.2791528701,0.494045,0.018395121,0.0355388584,0.0026166852,0.0905868703,0.1056907588,2.8601248375,0.3951770998,0.0881675387,0.2419478735,0.4449859644,0.2813228366,0.023105159,0.0137839676,0.9901255248,0.0040637824,2.1905022403,0.22620545,0.625596986,0.1718724577,-0.0002913467,0.0001746485,0.0001341473,8.05558e-05,0.9670555667,0.0070892826,2.2275750254,0.2096711837,0.6042964902,0.181439508,0.1758272625,0.0436502642,0.1431642088,0.0110254861,0.9562703386,0.0117189924,2.4416456029,0.2880584907,0.7487117645,0.2510937533,-2.480906525155216,0.7193373883843078,-0.3476608834821381,4
440,760.077559509877,28050,27,36.90412859720205,0.2486,0.0321331604,0.1898052024,2.6608529376,0.164545323,0.28065,0.0315091653,0.0894295528,2.7404460705,-0.0714453985,0.47075,0.0353933256,0.080214256,2.9693229979,-0.1318368,0.0324,0.009681942,0.1274621772,2.5940822294,0.1170666902,0.4407037037,0.1152696725,0.8959408726,1.9191045977,-0.0465018368,0.0993703704,0.0853021419,0.9234679808,2.4876789407,0.8123320538,0.4599259259,0.0511460696,0.5445766762,2.658874297,-0.3272731695,0.0461111111,0.0134531652,0.3234146094,4.0295283358,0.641517289,0.4972685437,0.3022478396,0.0013807545,0.0008760739,0.9462035505,0.0352917808,2.5119630253,0.7034746907,-0.093871002,0.5584689666,-2.3366e-06,2.98581e-05,3.05358e-05,1.78545e-05,0.1031851807,0.1259620064,2.998573519,0.4078268235,0.0138617703,0.2067687491,0.501005,0.0216156419,0.0358975267,0.0027561891,0.0933816291,0.1270237368,2.9690300537,0.3780551166,0.0120931431,0.2019733998,0.4378262598,0.2741629606,0.0263064219,0.0156618067,0.9866492009,0.0078937077,2.4160758534,0.4275941642,0.7554226575,0.236472866,-0.0004172403,0.0002581509,0.0001893404,0.0001126974,0.9670466137,0.0142325436,2.3507464852,0.480771736,0.6915520188,0.2785122875,0.1626015275,0.0434432,0.1466129892,0.0139325382,0.9650211486,0.0056302613,2.5485448934,0.4318508095,0.8593190216,0.3232319224,-1.9444546811401322,0.9320685051458985,0.5884969262865332,4
442,798.1834248197187,27934,60,34.99696827995307,0.24635,0.0312638369,0.0191502366,3.0248016129,0.2096891209,0.2781,0.0347834731,0.2445802257,2.5231442143,0.2575369881,0.47555,0.0372752934,0.0970666139,2.515090009,0.1145637937,0.03265,0.0095250984,-0.0655791275,2.3345439055,0.0796779413,0.4547303922,0.090737992,0.865084435,2.0989105052,-0.2998115309,0.0810784314,0.0639033716,0.9080661087,2.6912370042,0.7989410562,0.4641911765,0.0441361277,0.374444025,2.7171503735,0.1334282807,0.0445343137,0.0124520177,0.1790150964,4.0555490642,0.7250818007,0.497194114,0.3023485464,0.0008200049,0.0006168345,0.9360369438,0.0486120157,2.3526913648,0.5721975031,-0.1749855168,0.5094956618,1.759e-06,7.6343e-06,1.47288e-05,9.0784e-06,0.0391342841,0.0686915007,3.0055578954,0.3588524981,-0.0374578526,0.1880244204,0.503025,0.0147882428,0.0365490954,0.0030977214,0.0439303971,0.0566398271,2.9641366635,0.5160611238,-0.0967342107,0.2796692945,0.4435083225,0.2915556537,0.025953504,0.0165616903,0.9933312774,0.003768989,2.2017039501,0.204079524,0.6403857439,0.1254908513,-0.000187979,0.0001184257,8.731e-05,5.55779e-05,0.968585607,0.0118505839,2.1403211517,0.2821953336,0.5493756637,0.1894816085,0.1749490539,0.0152592419,0.1451451114,0.0061554304,0.9630658886,0.0056345032,2.220835504,0.1909711614,0.66397271,0.1471108564,-3.94360548093499,1.1574561989118228,0.5776533421541317,4
443,631.3058502220664,23939,64,37.91981333862071,0.27765,0.0317053229,0.1367089824,2.5065195503,0.2691652265,0.22555,0.0335476899,0.0312582484,2.9915802195,0.2193441924,0.4968,0.0341359049,-0.1086508029,3.288122073,0.5161062539,0.03795,0.0096719957,-0.0554996644,4.3308992819,0.6716271943,0.5052325581,0.1221724548,0.9214360536,2.117254044,-0.2794955156,0.0788953488,0.068096636,0.9023233242,4.0890487392,1.2955580486,0.415872093,0.0681277522,0.7567450838,2.0372890855,-0.2540094907,0.0452616279,0.0113770543,-0.0390822393,2.9182777928,0.0213110538,0.4928784552,0.2998312059,0.000988794,0.0007610508,0.9386412235,0.0531386222,2.6837039343,0.9109900257,0.0256104258,0.5833082942,-2.3702e-06,1.34498e-05,2.39107e-05,1.44981e-05,0.1365052514,0.1109147957,2.9303338939,0.3742756671,0.0426842027,0.2414168974,0.49587,0.0211390243,0.0379980401,0.0027674353,0.056827368,0.1101247421,3.0291611056,0.5359049053,0.0515400279,0.2505972777,0.4558102383,0.2870630244,0.0202259668,0.0121051163,0.9888341313,0.0069452749,2.2274108993,0.1604685399,0.6409176999,0.1238377381,-0.000316124,0.0001854335,0.0001223406,7.4083e-05,0.9549481272,0.0151432688,2.7826851435,0.2894430209,0.8682588592,0.1487395121,0.1557775834,0.0289497491,0.1315477328,0.0086547715,0.9473625803,0.0117735172,2.9913010575,0.3806983752,0.9828602096,0.1823933721,-1.1115465301381302,-1.265624815309996,-1.348689956844121,4
444,897.1917355954299,32836,28,36.59864296254142,0.2612,0.0492652007,0.5936764732,2.6831382546,-0.1834843001,0.26495,0.0377126968,0.3093651974,3.083403196,0.1548300606,0.47385,0.0432888843,0.2917586175,2.8134404071,-0.295175187,0.0364,0.0103701495,0.0919873681,3.2040787449,0.5587201562,0.4373214286,0.0940194643,0.8372563297,2.334367109,-0.2457382919,0.0834090909,0.0665028672,0.9040498296,4.7712220449,1.3427709505,0.4792694805,0.0483799436,0.3530770718,2.6431378177,-0.1689719041,0.0406006494,0.0123351309,0.1405605991,2.9199432276,0.4586140418,0.4988723621,0.3034008862,0.0004566627,0.0003639413,0.9607115467,0.031237162,2.1280169508,0.3888650345,-0.0882462552,0.3939062444,4.687e-07,6.7416e-06,9.7979e-06,6.1808e-06,0.402973269,0.1894111749,2.8415149661,0.526435407,-0.0440118013,0.2566969879,0.50358,0.0215987523,0.0436289739,0.0054488652,0.3098969182,0.1465822581,2.8191724515,0.3860820171,0.000317816,0.2341373587,0.463952727,0.3256446357,0.0168700593,0.0102007005,0.9961791105,0.002014461,2.0438183884,0.1158091634,0.4782237776,0.1564809593,-8.94279e-05,5.13417e-05,3.36752e-05,1.89904e-05,0.9513489563,0.0148990938,2.8048851139,0.500932978,0.7077159913,0.1902026249,0.1829833869,0.0648597399,0.1157325687,0.0145514011,0.9367013869,0.0336454017,3.0512719481,0.5405756686,0.7851293786,0.2449335568,-1.1091854873213427,-4.789313652583955,0.3932313623242269,4
445,440.4329084404589,16664,60,37.83550157277307,0.229,0.0288270706,-0.0473249543,2.5696412048,-0.159609802,0.29425,0.0340688641,-0.0018603499,2.867372143,-0.0040280207,0.47675,0.0340174588,0.0260174031,3.6187949381,-0.1971783805,0.03675,0.0123566784,-0.0219110155,3.2724112214,0.5972200577,0.4163768116,0.1073040875,0.9171443325,2.0633996029,-0.3078490466,0.0828019324,0.0734805794,0.9217582148,3.0716618066,1.0355922702,0.500821256,0.0488075381,0.5867074489,2.6965108992,-0.2459446691,0.0459903382,0.0128765939,0.2180646061,4.485469902,0.5169198633,0.4968814777,0.3021463735,0.0007351912,0.0004543882,0.9510660711,0.0215024741,2.209489341,0.3831946606,-0.1001201139,0.3941467264,-1.0866e-06,8.6844e-06,1.6109e-05,9.5923e-06,0.0246652029,0.0998801762,2.8804898637,0.4290565009,0.0078509345,0.2019959087,0.5004575,0.0162889171,0.0364746165,0.0022971132,0.0163231983,0.1136259153,3.0811195125,0.4492527731,0.0080944733,0.2460009103,0.4546287278,0.2924556524,0.0213654156,0.0131412316,0.9923128506,0.0035576769,2.1440671994,0.1318955167,0.5969681936,0.1273289993,-0.0001946551,0.0001170827,9.0092e-05,5.49705e-05,0.9674646308,0.0100834824,2.1836364452,0.1517901632,0.5837005096,0.1229221446,0.1774760829,0.0240978617,0.1427262714,0.010614053,0.9586855486,0.0101929988,2.3454203915,0.2089832227,0.7334997818,0.1716799272,-4.2272309353613595,1.4308434363990115,-0.5235477020725476,4
447,534.8257269854407,19524,28,36.50534934070494,0.24075,0.0319716671,0.1173657436,3.5411443009,-0.3486454002,0.27365,0.0349846752,0.0178164266,3.0684850714,0.4656987232,0.4856,0.0330324083,-0.1417669812,2.4974101018,0.0878321333,0.03245,0.0100621817,0.0177893949,2.7395731746,0.2869877774,0.422450495,0.0900402002,0.8659485651,2.1501444122,-0.3148754857,0.0920049505,0.0714095355,0.9213695541,2.9419882636,0.8937684898,0.4855445545,0.0381788456,0.3515536259,2.9136209256,0.0491889097,0.0440594059,0.0133259382,0.4145013844,2.8229488431,0.2413903258,0.4985104816,0.3025892817,0.0007320743,0.0005101166,0.9460209043,0.0400405808,2.3797835101,0.6364218221,-0.286616808,0.2877908684,1.0605e-06,9.6562e-06,1.42439e-05,8.7314e-06,0.087317107,0.0929078576,2.7991206106,0.3689316605,-0.0615434216,0.1894043604,0.501175,0.0249511899,0.0367518399,0.0027676281,0.096641241,0.1066445542,2.7477963144,0.29620849,-0.0298566201,0.1667278319,0.4509628309,0.2981051354,0.0218319793,0.0136864235,0.9927596736,0.0030966525,2.2927154834,0.1452666087,0.7077249866,0.1314116199,-0.000178682,0.0001063276,8.27675e-05,5.16359e-05,0.9722215177,0.0101586491,2.1869711849,0.1946683866,0.6507117266,0.1346112764,0.1644786474,0.0252562045,0.1459091295,0.0074939149,0.9659284993,0.0074654053,2.4327447286,0.2114703491,0.8207536332,0.1531738583,-3.5833784248196108,1.1701699228706135,-0.43684815874977057,4
448,456.8310384219119,16633,51,36.40952256102701,0.24565,0.0310777654,-0.1230086426,2.6463879471,0.296597908,0.24595,0.0378793809,0.1745414842,3.0197670235,-0.018931026,0.5084,0.0391080554,0.0229774395,3.2105692186,-0.2910231641,0.03595,0.0100422856,-0.0938451391,2.7914379039,0.2942289507,0.4160126582,0.0981152978,0.8619142468,2.2271832993,-0.2649696751,0.0791139241,0.0774450649,0.9219051232,3.124884368,1.1167786829,0.5048734177,0.0452790785,0.368705739,3.2003062146,-0.4518550326,0.0471940928,0.0140612091,0.2943694211,2.959406944,0.3138696953,0.497293185,0.30285924,0.0006402826,0.0004221802,0.9530612182,0.0299161107,2.4038762477,0.4526671077,0.2259834768,0.2963725797,8.074e-07,9.1208e-06,1.33569e-05,7.928e-06,0.0918959097,0.1067082325,2.7928545759,0.3104834619,-0.0224240407,0.251983994,0.5012425,0.0165894641,0.0353426789,0.0021397256,0.0394972102,0.1092604124,2.9049334332,0.3464667573,-0.1243824301,0.20207138,0.4593444711,0.2992123707,0.0186520055,0.011389908,0.9927453351,0.0038605995,2.1783660806,0.1573108298,0.619795803,0.1361898127,-0.0001643506,9.81889e-05,6.98634e-05,4.24287e-05,0.9664916397,0.0076229295,2.3710931298,0.1883054559,0.6828867203,0.1162049173,0.1666012507,0.0281849227,0.136864427,0.0062532441,0.9591377799,0.0092532074,2.5880945591,0.2343559372,0.8423047674,0.1467670236,-3.9220950546788393,0.3734167192892061,-0.7847679192312894,4
449,533.0774045518098,19813,36,37.16721029783279,0.24645,0.0325291792,0.1547643465,2.5701059535,0.1372070851,0.26865,0.0337257691,0.1325090514,2.7144153055,0.1073442517,0.4849,0.0310079022,0.0509387829,2.7881268733,0.1396484074,0.0362,0.0100029996,0.2799923135,3.1045972856,0.2003756349,0.4623604061,0.1008511345,0.8785132976,2.1286639463,-0.2130042758,0.0820050761,0.0623374229,0.9003717478,3.2130733718,0.9426478368,0.4556345178,0.0523869673,0.4895537701,2.5922286292,-0.1438973179,0.0409898477,0.0114732042,0.2051515758,3.6418927739,0.535850543,0.4965221284,0.3014660029,0.0006701286,0.0004905301,0.9279707389,0.0750466145,2.2307452585,0.3913176468,-0.0006362278,0.3373152881,6.976e-07,8.4056e-06,1.6012e-05,9.5163e-06,0.1435500792,0.1498555014,2.8810931925,0.2970408616,-0.000209157,0.2247260981,0.5047725,0.0189748878,0.0376296868,0.002438452,0.1102588203,0.1425729849,2.7900394297,0.2417448082,-0.0168407763,0.1844549241,0.4599955308,0.3027646284,0.017325697,0.0122931856,0.9880625516,0.0131310652,2.1602516401,0.157877857,0.5825391653,0.2015042038,-0.0001937261,0.000139501,7.71461e-05,4.97424e-05,0.8730911864,0.2707679189,2.8106402219,0.2622857053,0.874497532,0.0826666475,0.1743835154,0.1016760964,0.1223864178,0.0296046546,0.8770579935,0.2311291955,3.0478348771,0.4087427009,1.0185707375,0.2151096885,-1.2117045510410278,-2.6839100724110994,3.6339878924286877,4
450,428.4840023465713,16243,49,37.908066371313794,0.24255,0.0304507389,0.1273608256,2.6704863358,-0.1087740159,0.25355,0.0287427817,-0.1051525877,3.3270902505,0.2229044851,0.5039,0.0387077512,-0.0289208534,2.9862725884,-0.1980209598,0.03745,0.0103560369,0.0320245917,3.0252155539,0.4328733855,0.4182170543,0.0957584948,0.891866345,1.967200602,-0.2809266728,0.0785077519,0.0661877317,0.9068571412,2.7171816698,0.889005029,0.5032751938,0.0441437689,0.5028563899,2.729014536,-0.1347493128,0.0463953488,0.0126211454,0.1288632116,2.9049874095,0.0617164467,0.4998518058,0.3031908649,0.0007233848,0.0005571532,0.9489729209,0.0336226332,2.3672006063,0.5940333861,0.0509472451,0.4287665418,-4.35e-08,9.7193e-06,1.40508e-05,8.7251e-06,0.0181273846,0.0921831763,2.8215429449,0.3362325374,-0.0543082179,0.2353727261,0.5014875,0.015016981,0.0356590178,0.002024741,0.0029510389,0.0970830608,3.0127967261,0.426777308,-0.0452581121,0.259030656,0.4516641668,0.3005882789,0.0241440176,0.0146417001,0.9941030111,0.002778987,2.1196305257,0.1571327965,0.5751558068,0.1454287374,-0.0001668471,0.000100705,7.88842e-05,4.78587e-05,0.9696113103,0.0118419483,2.1642065911,0.1556426499,0.5709376006,0.1366112713,0.1851107177,0.0369669796,0.1424562756,0.0139736095,0.9616947202,0.018272452,2.3217805876,0.1531611564,0.7128576861,0.1778782679,-4.521106777818155,1.411024089252676,0.3593025405748396,4
452,424.8890704517655,14646,12,34.47017355477646,0.2424,0.0363282259,0.0426112218,2.7978469354,0.3125856517,0.2888,0.0377234675,0.006108852,2.7252365826,-0.0802912553,0.4688,0.0391862221,-0.1199703846,2.3871373676,-0.1263487259,0.034,0.0102469508,0.0291774642,2.6859863946,0.3819951714,0.3876896552,0.0971632481,0.888662878,1.9827413847,0.0328108117,0.1055172414,0.0791957943,0.912356708,2.6456047322,0.7571472305,0.5067931034,0.0433656302,0.40457366,3.6616497217,-0.3414926857,0.0445862069,0.0109937827,0.0657909703,3.1465942652,0.3659958212,0.5015403108,0.3045256218,0.0010588177,0.0008836325,0.9268930481,0.0658510685,2.4587959981,0.6482055824,-0.0549052169,0.5080946976,2.98e-07,1.49017e-05,2.19688e-05,1.33287e-05,0.0425762013,0.1581285227,2.8952300851,0.2750956689,0.0058343273,0.2645854929,0.49979,0.0172819385,0.0359250924,0.0025056415,0.0176485192,0.1479443593,2.9389166581,0.3249278079,0.0956671777,0.2026804756,0.4501633677,0.2898235951,0.0198848944,0.0116264731,0.9899333333,0.0037032361,2.3400697625,0.1941737721,0.7148073224,0.1590031496,-0.0002323909,0.0001319927,9.97211e-05,5.79737e-05,0.9614728833,0.0074865542,2.3746155766,0.1846043934,0.6903981743,0.1643632408,0.1694599424,0.0459285445,0.1373802128,0.009688821,0.9560456561,0.0124582118,2.5506228606,0.2978165799,0.8281647732,0.2492277212,-3.135908272427759,0.3768154188962336,-0.1080332433189621,4
453,623.066693594745,23374,34,37.51444306089473,0.2636,0.0300589421,0.1194982224,2.6719585817,0.3045021165,0.22125,0.0337814668,0.2407739603,2.3260656004,0.1257385101,0.51515,0.03809498,0.1303318923,2.9925508563,-0.3100654099,0.0391,0.010059324,-0.0765539513,2.7433939031,0.3501728558,0.4591703057,0.1115461476,0.9080823431,2.2011435665,-0.514828654,0.0968777293,0.0694894851,0.9154319098,2.344491995,0.6999079514,0.4439519651,0.0526833862,0.6366807525,2.6300573111,0.4656018653,0.0435371179,0.0111039028,0.087789337,4.3043380701,0.4401822627,0.4945541467,0.3006957768,0.0006359618,0.0004097582,0.9479370371,0.0374760521,2.2649627284,0.3555398212,0.0520844744,0.3312167904,-4.204e-07,1.0648e-05,1.32343e-05,7.6835e-06,0.1834062865,0.1937925016,2.845704132,0.4717702034,0.0256396214,0.2596840016,0.49654,0.0226268789,0.0387205113,0.0032824916,0.1369332186,0.1782023516,2.9146201166,0.4790114288,0.0145045421,0.172766597,0.456322941,0.3126244656,0.0193591639,0.0151276657,0.9559342374,0.1029638657,2.1007111399,0.1962027494,0.4869755296,0.2818283525,-0.0001220084,9.71636e-05,5.90443e-05,3.82324e-05,0.7987027634,0.4550365985,2.3868525281,0.3314030321,0.7336203668,0.2811672993,0.2027545756,0.1105755574,0.1310297749,0.0243487519,0.7747311747,0.5028967946,2.5672271616,0.2335894772,0.8858841887,0.1756802767,-0.6618047692716414,-2.7590240489273454,8.559370645451231,4
454,972.7095294901768,36235,12,37.25161407536712,0.2591,0.0312200256,0.2263394658,3.3973026216,-0.6213507462,0.23915,0.0298165642,0.2465846789,2.9832430523,0.2762922348,0.50175,0.0333119723,0.0455057352,2.6376355382,-0.0486250776,0.04095,0.0107632477,-0.0688000166,3.2584323192,0.4031831999,0.4189632107,0.0671076756,0.7304571251,2.6875179889,-0.330897764,0.0872073579,0.0567837282,0.891541369,2.7782043976,0.7428419909,0.4938294314,0.0361453911,-0.0366251211,2.822128588,0.0865302147,0.0442307692,0.0123660822,0.1810271074,2.7611266448,0.2920877435,0.5002829127,0.3032921595,0.0004610543,0.0003527143,0.9593709949,0.0245156631,2.2950516624,0.4968271395,-0.1371020232,0.5312002286,8.677e-07,6.593e-06,8.2139e-06,5.1372e-06,0.1187280637,0.135961979,3.2693061601,0.6723574467,-0.0222898197,0.2841213982,0.506805,0.0203057375,0.0372182734,0.0029101767,0.0446499365,0.1201319347,2.9988347207,0.3547523511,0.0098236168,0.2137908977,0.4602016078,0.3294040528,0.0191057352,0.0121275075,0.9963755496,0.0019206605,2.059152107,0.1034489066,0.5232698078,0.1255816937,-9.52572e-05,6.05289e-05,3.45682e-05,2.31134e-05,0.9594512328,0.0048715703,2.4062624894,0.1942620108,0.6264036031,0.1396280913,0.1680537889,0.0284638172,0.1251935243,0.0104359207,0.9531068649,0.0126736807,2.5331450766,0.2679606948,0.749670051,0.1683421134,-5.656955563077858,-1.6247194094781203,1.0714966011721079,4
458,358.8900879472073,13537,24,37.7190690259222,0.24745,0.0313886524,0.0126388359,2.5863444906,-0.0185129928,0.27075,0.031123745,0.0616589066,2.6551561132,0.02632845,0.4818,0.029677601,-0.0452236679,2.5011138078,0.1150802238,0.0307,0.0107707938,-0.0714742772,2.8497828418,0.4910174317,0.3792987805,0.0901740985,0.8837833913,2.030197565,-0.0716084272,0.0875304878,0.0656823865,0.8903280975,2.4096810257,0.7491258855,0.5331707317,0.0433822502,0.4618018239,2.4861508821,-0.2130830309,0.0486585366,0.0130208271,0.1615747952,3.338712627,0.5249206092,0.4980584082,0.3033258385,0.0008785537,0.0006019562,0.9518854582,0.0305191908,2.5326624479,1.0877597847,0.1346348208,0.6479902003,-1.3304e-06,1.02948e-05,1.63165e-05,9.57e-06,0.0979974234,0.1198728429,2.8503420146,0.3402363907,0.0458425355,0.2643819993,0.498025,0.0178939201,0.0356993014,0.0031091612,0.0852347929,0.1044624777,2.907817832,0.3875698559,0.0107763587,0.2527166154,0.4595803868,0.2924999055,0.0174269283,0.0106192235,0.9903119281,0.0042014775,2.2736613186,0.130197596,0.6870122263,0.1075303299,-0.0002058725,0.0001236867,8.91458e-05,5.41088e-05,0.9672535686,0.0072525571,2.32227123,0.137931055,0.6715705677,0.1145883388,0.1596353785,0.0218815856,0.1415078524,0.0065664162,0.9602717187,0.0095704184,2.5105207996,0.2106949086,0.8433275018,0.1484193442,-4.139052106140013,0.9282117876196837,-1.2368002719707376,4
459,228.0961915251893,8419,49,36.909866594902205,0.25685,0.037199832,0.2807176544,3.0176191994,0.322169223,0.2277,0.042658059,0.6650683948,2.6104954013,0.2068676927,0.51545,0.0391158216,0.3781377642,3.1023718202,-0.0152785219,0.03955,0.0098003826,-0.2397438727,2.6408669776,0.5003762064,0.396641791,0.1048982736,0.8882439736,1.9388271629,0.0233786018,0.0970895522,0.0807273338,0.9342901669,2.7276050691,0.8607336428,0.5062686567,0.050577584,0.4698696407,2.5514511225,-0.1550509912,0.045261194,0.0108124645,0.0430970363,2.9913248177,0.3356059311,0.4979402625,0.3013321464,0.0011603023,0.0007174615,0.9409157748,0.0332641051,2.3928385879,0.5800179614,-0.0262948056,0.4835637763,-4.9423e-06,2.77617e-05,2.98687e-05,1.8394e-05,0.1501649638,0.1131581711,2.9667633666,0.4069933742,-0.000897331,0.2277585443,0.4964425,0.0263397574,0.0368668908,0.0036682747,0.1050803597,0.1165072946,2.8894062877,0.520923358,-0.0057774508,0.2124465885,0.4486175036,0.2796566794,0.0232432624,0.0138650757,0.9883578439,0.0036305332,2.1927249134,0.1709383608,0.6201183914,0.1498997192,-0.0003579149,0.000213622,0.0001545161,9.16344e-05,0.9632779085,0.009278591,2.2532405032,0.2114658874,0.6176412739,0.167001206,0.1681835267,0.0277931232,0.13999091,0.0094505107,0.9534270866,0.0134036313,2.4836268936,0.3068040659,0.7943813334,0.2113851252,-1.6776541963023206,1.199737695539323,-0.9009851133897818,4
461,927.8985757487244,34537,54,37.22066279941424,0.259,0.0308868904,-0.0094732201,2.6465659323,0.1309301487,0.26545,0.0318755,-0.0633125639,2.8254710071,-0.0186187309,0.47555,0.0376224335,-0.1427696881,2.6050632036,0.0390703187,0.0372,0.0106611444,0.0515933232,3.2018544802,0.3211862099,0.4317961165,0.1075924853,0.9030754314,2.0602232124,-0.0908916768,0.0865210356,0.0688317943,0.9213539043,2.4100403939,0.7781664843,0.4816828479,0.0537200257,0.5889638611,2.9423690047,-0.5319474049,0.0460355987,0.0109083574,0.0650978963,2.9273550796,0.3176987504,0.4965514521,0.3022423925,0.0006726036,0.0006349621,0.946367177,0.0328335214,2.4575167793,0.6951465843,-0.0733548597,0.4941450692,2.2247e-06,8.268e-06,1.25948e-05,7.9753e-06,0.0298150474,0.1315016502,3.0200615738,0.5628198172,0.016389693,0.2624832605,0.5042875,0.01696063,0.0350941012,0.002223946,0.0197860949,0.1099706044,2.9576176443,0.7535537152,-0.0702584493,0.313055549,0.4448774728,0.2973548758,0.0250760888,0.0163834235,0.9944195066,0.003011724,2.1692300353,0.208010484,0.6054519045,0.1421644055,-0.0001593083,0.0001009983,7.27454e-05,4.68807e-05,0.9708355709,0.0061933062,2.2271645443,0.2028412566,0.6065285565,0.1433079491,0.1748661279,0.0182198786,0.1435545035,0.0038907464,0.9643055362,0.0031208061,2.3626401222,0.1898984942,0.7496620942,0.1329215998,-4.279329635366855,1.2883319406778826,-0.41999457595553175,4
468,751.0251250728056,28164,56,37.50074273116993,0.2477,0.0333273161,-0.0176768329,2.864483763,0.023869206,0.26515,0.0389323452,0.2986997212,3.1984191426,0.4962507922,0.48715,0.0412689653,0.1059368427,2.4190590374,-0.0840684448,0.03765,0.0110103361,0.0955284953,2.7163566442,-0.012075807,0.4166210046,0.0878666368,0.8593748515,2.5107134189,-0.4711001966,0.1062785388,0.0651444482,0.8574641079,2.7419980367,0.8150090251,0.4771004566,0.0412218516,0.3633836606,2.7036582613,0.2187423907,0.0439954338,0.0113332653,-0.0811571931,3.355263648,0.4775642926,0.5004487364,0.3044448362,0.0004842051,0.0003243946,0.9350387888,0.0410214102,2.4178815359,0.5836027403,-0.1753705815,0.3279599485,3.2253e-06,1.04465e-05,1.2497e-05,7.7462e-06,0.2301042872,0.1156644906,2.8962316367,0.3206875277,-0.0201606124,0.2342201983,0.503685,0.0233553318,0.0389326394,0.0036226842,0.1755156182,0.1144246408,3.2148814211,0.6376784768,-0.0418006757,0.3341253675,0.4540322399,0.3054886832,0.0226728117,0.0139676512,0.995368024,0.0020180096,2.0614488373,0.1410460954,0.5167496783,0.1292818253,-0.0001583827,9.93925e-05,6.09947e-05,3.74669e-05,0.9621182033,0.010596379,2.6730630423,0.3009584371,0.7802730731,0.1479533457,0.1511177534,0.0196488578,0.1280100439,0.009125084,0.9570410947,0.010127692,3.0043852257,0.3957828574,0.9916356546,0.17720841,-2.4344962605343796,-2.3814119837181336,-0.7132441551822007,4
471,494.3366364878617,18199,36,36.814993380420574,0.25325,0.0359956595,0.1931472436,3.7767889951,0.136826508,0.214,0.031756889,0.2850121371,3.1586168043,0.4168849398,0.53275,0.0411665823,0.0191716132,2.8982598761,0.0563579138,0.0384,0.0106976633,0.1639580002,2.8544588538,0.2294548987,0.3496518987,0.0658587794,0.7649931869,2.3619511933,0.1721296855,0.1082911392,0.0699271143,0.9118957727,2.2169956141,0.4738654097,0.542056962,0.0394588784,0.2371297712,3.387489473,0.2103010643,0.0454113924,0.0113901633,0.225427595,3.1882919868,0.1587534216,0.4983168942,0.3025788742,0.0006399416,0.0004057625,0.9548364759,0.0437755729,2.3529069018,0.660738507,-0.1034938212,0.333233693,-2.846e-06,9.0283e-06,1.31512e-05,7.9487e-06,0.1264282911,0.1072021073,2.8776684372,0.4103314641,-0.003063012,0.1750180102,0.4935425,0.0205466681,0.0359600123,0.0028195995,0.0907652945,0.1174624138,2.9817173069,0.4222602798,0.0061916139,0.2357525258,0.4556333672,0.2936510264,0.0181209687,0.011635258,0.9918607294,0.0029885023,2.2527662273,0.1104136832,0.716600005,0.0717577701,-0.000177159,0.0001153721,7.75136e-05,4.93397e-05,0.9718891691,0.0058617758,2.2883466255,0.1235222764,0.7123100587,0.0726198067,0.1607202812,0.0124710643,0.1459714428,0.0074191537,0.9652640347,0.0051252853,2.563775563,0.2181662614,0.8863925159,0.1013610079,-4.354280083026089,1.1729759207637054,-1.2369422662662877,4
472,843.9338692113174,30973,4,36.70074294914273,0.22935,0.0325626703,-0.1166703702,3.8730322215,-0.0398480311,0.24825,0.0296763795,-0.2199534248,3.1252263281,0.1938052143,0.5224,0.0346156034,-0.1305901952,3.2815505638,0.3896384994,0.0344,0.0109608394,-0.1257528363,2.8271072905,0.3409447022,0.4292031873,0.1015662333,0.8876797604,2.0372623853,-0.2592235297,0.0903585657,0.0732054286,0.9186893175,3.1172736154,1.0217414532,0.480438247,0.0451690844,0.485405633,2.7441103724,-0.208714153,0.0414741036,0.0124817926,0.0159217717,3.2725395895,0.2207835021,0.4966492928,0.3021212152,0.000499977,0.0003000108,0.9469394733,0.0287027757,2.3852068841,0.4263778708,-0.0422130141,0.4882233201,-2.4487e-06,8.3313e-06,1.11842e-05,6.7054e-06,-0.0044914272,0.0974273057,2.9196705481,0.396409391,0.0208140888,0.2515465169,0.49531,0.0156645507,0.0352716657,0.0024311204,0.0183809099,0.1173369006,2.9411618905,0.3916855233,-0.0078376818,0.249826594,0.4591554236,0.3114996467,0.0174916106,0.0119633218,0.9936586812,0.0030078318,2.1784241052,0.2220912677,0.5613880037,0.2199527093,-0.000108172,7.72259e-05,5.1551e-05,3.28865e-05,0.9310275463,0.1016027579,2.2654321753,0.2730919661,0.524085475,0.2595948538,0.2114085347,0.1019767313,0.1342151498,0.0326942325,0.8830336785,0.2119760169,2.4116760009,0.3114694849,0.6533347882,0.2670851326,-4.865239634050879,-1.1706367851992934,5.531906813523375,4
476,620.1711789649768,22154,18,35.722395286045874,0.23135,0.032854642,0.2146004296,2.7294335796,-0.1390949517,0.31195,0.0383594512,0.2783006671,3.1585769982,0.1123835376,0.4567,0.0373243888,0.0834804433,2.9529122376,0.3021372821,0.03325,0.0112110437,-0.0670768144,2.4535855876,0.0365262838,0.4065088757,0.0802009398,0.78802801,2.1450942809,-0.0892628392,0.0830769231,0.0570684215,0.8930680819,2.6246847315,0.7887567444,0.5104142012,0.0418910256,0.2283893434,3.1461516003,-0.0640537462,0.0446449704,0.01255254,0.1990301391,3.5788753787,0.6637675748,0.4951121414,0.3004352228,0.0010169731,0.0008734879,0.950507684,0.0524933786,2.3093072692,0.5458956885,0.2841557976,0.4858542764,-3.5936e-06,1.15322e-05,1.75253e-05,1.08986e-05,0.0794562374,0.1628673473,2.8465111941,0.4251173068,0.0176622763,0.2031665802,0.4922075,0.0191031822,0.0388875804,0.0046865731,0.1244022694,0.1380455761,2.8447578907,0.3556746887,0.0068327921,0.1893614874,0.4590209044,0.302803572,0.0159018432,0.0111613481,0.9815472308,0.024887669,2.549640209,0.3201522794,0.8009655828,0.284940651,-0.0001656009,0.0001179219,7.04725e-05,4.60002e-05,0.8702586627,0.2633738633,2.3669958193,0.2821952204,0.6360570235,0.42771274,0.1958351735,0.0945729876,0.1343197866,0.0345649859,0.838100504,0.3699933275,2.2884151361,0.2212479377,0.6020309689,0.4874570943,-1.9703171025131636,-2.8347316363735304,7.836112700032102,4
479,157.66491763380904,5673,20,35.98137166554739,0.2465,0.0375732618,0.2339854354,2.4959226349,0.274512398,0.2472,0.0372781437,0.2008445738,2.5715842179,-0.1766256211,0.5063,0.0353879923,0.1410365844,2.5979704635,0.0263736477,0.04025,0.0096014322,0.0946379297,3.3369964953,0.5220619462,0.3884931507,0.0861731489,0.820111917,2.4509276951,-0.3387696428,0.0875342466,0.0728581061,0.8887295315,2.8454507221,0.8901147343,0.5239726027,0.0365644384,0.0261420565,3.390833861,0.0001456449,0.0476027397,0.0155076117,-0.1801208475,2.7638007232,0.600145919,0.4980596011,0.3019725154,0.0013648946,0.0008855032,0.9447436289,0.0301220207,2.4318988422,0.6613204618,-0.1615549782,0.4305450979,-5.664e-06,2.2922e-05,3.28462e-05,1.9928e-05,0.184816613,0.1395647207,2.8881977841,0.432350906,-0.0055560573,0.1873537728,0.5021625,0.0192337846,0.0386984277,0.0035113129,0.1403892894,0.1464830279,2.8417283119,0.3147732066,0.0420087743,0.1887442987,0.4530600231,0.2751149474,0.0200174627,0.012290801,0.9845784505,0.0060672996,2.0540966736,0.1184055796,0.5542599949,0.0891341351,-0.000428346,0.0002600773,0.0002064703,0.0001261163,0.9692849058,0.0083673078,2.107894446,0.1488516145,0.5640050938,0.1096184152,0.1652769621,0.0178055451,0.1509263865,0.0097618466,0.9565231673,0.0140120852,2.4062418726,0.242875252,0.7995424745,0.1441971252,-2.735011318753308,1.6377157027065476,-1.2453927118169543,4
480,621.8224931760898,22836,54,36.72430677661772,0.24045,0.0309684921,0.0411610728,2.9418861959,0.2595582018,0.25845,0.0308277067,-0.0253912475,3.7082124988,0.0771951779,0.5011,0.0400348598,0.0004048874,2.9979922797,-0.0744230337,0.03755,0.012399496,-0.0175363196,3.1183640829,0.5054052369,0.4118,0.0895084354,0.8727111484,2.0733450276,0.1045998624,0.0854333333,0.0492677605,0.8476995297,2.5406849447,0.6039076065,0.5027666667,0.0530676822,0.6414531084,2.5365242742,-0.4897104894,0.0433,0.0116308498,0.0467539998,3.161564308,0.4304890652,0.4965785745,0.3021056067,0.0005876551,0.0004392872,0.9409696497,0.0597719913,2.3394223393,0.6752444659,-0.2223631419,0.3803688359,4.0577e-06,9.433e-06,1.15852e-05,7.1303e-06,0.1267454418,0.1115066803,2.9827114592,0.4771043948,-0.0749787112,0.2691574095,0.5038325,0.0238789828,0.0377049836,0.0035955305,0.0917908098,0.0936168226,2.7430580225,0.2428870773,-0.0327068065,0.214892011,0.4599549018,0.3070974384,0.0189313962,0.0115895404,0.9945356894,0.0023083274,2.1061867416,0.1630922731,0.552950185,0.1738836836,-0.0001284197,7.54805e-05,5.73e-05,3.46686e-05,0.9607271202,0.0238095779,2.4504999153,0.62334409,0.6740790797,0.3043107653,0.1764245848,0.0508114481,0.1331976284,0.0223363921,0.9487076013,0.0368290037,2.668154143,0.5356197239,0.8281206551,0.2746972104,-3.132306818398415,-1.5872550415152538,1.3749007465589291,4
481,671.7079277084231,23835,54,35.48417253509976,0.2554,0.0415492479,0.5023508849,3.1257053945,-0.3912575519,0.24945,0.0352412755,0.4771692036,2.5208173807,0.118823155,0.49515,0.0369219108,0.0817365894,2.4958299884,0.0446584914,0.03655,0.0100671495,-0.1458905251,3.9749279645,0.7191750642,0.4636864407,0.1109625222,0.9078575323,1.8039529319,-0.1682969383,0.0897033898,0.0726242138,0.9310212038,2.4563405123,0.8010577553,0.4466101695,0.0543894515,0.5931886857,2.4773352302,0.0089054672,0.04125,0.0118081863,0.1144945803,3.4741587054,0.4954552056,0.4951590707,0.3013191604,0.0006437487,0.0005240599,0.9521589994,0.036737248,2.2713687586,0.3719001786,-0.0028012703,0.4178590719,9.582e-07,1.01483e-05,1.37269e-05,8.5588e-06,0.1768495661,0.1320471558,2.6977808808,0.3196122547,0.0818681807,0.1978889284,0.5006475,0.0193198892,0.03720179,0.0039732786,0.0884502388,0.1285489981,2.8414479839,0.2590802155,0.0170379208,0.2708845471,0.4599593156,0.305433967,0.0182334649,0.0121612329,0.9928947048,0.0042397258,2.0533061218,0.1117421966,0.517325636,0.1381902644,-0.0001867734,0.0001188471,6.63117e-05,4.08999e-05,0.9384866951,0.0552746206,2.8873036896,0.2311565218,0.8408880576,0.0725163476,0.1716419251,0.0702237501,0.1210605751,0.0253094634,0.9225424476,0.0865907886,2.9310629862,0.3611982318,0.906870259,0.2000401937,-1.9142404341586545,-1.771727760532294,0.7082704578068719,4
483,650.3261583739502,23673,32,36.40173426083772,0.303,0.04577117,0.3047161304,2.1982440291,0.1296321001,0.252,0.0462493243,0.3726986486,2.2976473126,0.1179199214,0.445,0.054277067,0.3954302723,2.5483309206,0.0386490979,0.0322,0.0097549987,-0.0596161613,4.4796042717,0.8658929239,0.4967684887,0.0901307969,0.8412733769,2.7229711508,-0.5881482452,0.0847266881,0.0680138951,0.8943715712,3.4696961198,1.0703300112,0.4185048232,0.0400574243,0.2265216585,3.0503652745,0.0260921311,0.0398874598,0.0123156582,0.1834049262,3.5418525427,0.5164904928,0.4962415575,0.301940438,0.0003666968,0.0002438007,0.9415710296,0.0361215569,2.3001035421,0.4542510659,0.0085348707,0.4850154709,8.907e-07,1.01528e-05,1.09235e-05,7.013e-06,0.3824521966,0.1837811254,2.7915646522,0.4494530999,-0.0136534348,0.184173355,0.493995,0.0306352734,0.0452745917,0.0062694772,0.3458260806,0.1596540006,2.7114418907,0.4765150751,-0.0043827021,0.1973214984,0.4666354171,0.3192034496,0.0172110156,0.0114833421,0.9957805141,0.0020880201,2.0354076214,0.1182242671,0.4536281929,0.1640736964,-9.98574e-05,5.88208e-05,4.15619e-05,2.44939e-05,0.9501773427,0.0340617132,2.50665815,0.2725326053,0.5892760673,0.287192516,0.194568786,0.0667101329,0.123025646,0.0223065248,0.9362960729,0.0468924614,2.7990019158,0.4489602409,0.7150002198,0.376595607,-0.09077206314949618,-4.734506171606179,2.1484340776102377,4
484,1203.3155238974234,44164,56,36.70192823321771,0.2387,0.030287126,-0.0526605495,2.4101155004,0.1535922905,0.2661,0.0339674845,-0.0751868494,2.6504129957,0.1061755374,0.4952,0.0368301507,-0.0707792398,2.6112350738,-0.0486179101,0.03755,0.0081699143,0.0497128368,2.4025705114,0.1403764022,0.3820588235,0.0877301444,0.8684360977,2.0068519142,-0.0198371154,0.1077124183,0.0793220599,0.9248420226,2.4655169,0.745012999,0.5102287582,0.0396258641,0.2695607171,2.7400894847,0.0168072091,0.0477777778,0.011623012,0.1467471818,2.8339359897,0.1065608586,0.500938596,0.304392635,0.0004832691,0.0003340191,0.9480513468,0.0342682524,2.3222886371,0.4659748686,0.0214262794,0.4560281689,1.8646e-06,8.154e-06,1.02596e-05,6.3299e-06,0.0304628624,0.1030792532,3.0616902634,0.4896837129,0.0479917481,0.2214875865,0.5045675,0.0169099621,0.0357441584,0.0030345949,-0.0043316621,0.1161786889,2.8266146628,0.5228817765,0.0523642207,0.185105262,0.448257621,0.3085276154,0.020645172,0.0139817297,0.9933021271,0.0019706165,2.6659314886,0.2298471415,0.910424384,0.1248369386,-0.0001480419,9.57471e-05,5.89454e-05,4.0463e-05,0.9603005016,0.0061561173,2.8732132262,0.3743820695,0.9744439553,0.1463223311,0.1702453519,0.0228689778,0.1390309279,0.0056765488,0.9623711574,0.0058433156,2.5826456621,0.1891317831,0.814054271,0.1175302384,-4.820639812871728,-0.2623029387612117,-0.39718568574711727,4
485,267.07310190996543,10270,6,38.453891187672575,0.2438,0.0283911958,0.1395467541,3.1825580028,0.0823047148,0.25735,0.0306549751,0.2713044556,2.7162921225,0.122562351,0.49885,0.0325257975,0.1204911754,2.7378908087,-0.102873754,0.0398,0.0087155034,0.0849082934,2.9335294954,0.083959987,0.4094329897,0.0986634295,0.9033067263,2.2342843048,-0.0489727902,0.0978865979,0.0780028913,0.9301805189,2.9497981243,0.9583498241,0.4926804124,0.0436307246,0.5286225155,2.9767519205,-0.358833239,0.046185567,0.0125544832,0.0746997322,2.3980198828,0.2778776056,0.4964513228,0.3021883111,0.0014374063,0.0008454903,0.9447012976,0.0476086254,2.3062247715,0.6021867348,-0.1018149453,0.5027484092,1.5234e-06,3.72416e-05,3.34406e-05,1.99338e-05,0.132911529,0.1539091681,2.827304803,0.3759275972,0.0637632965,0.2617544825,0.503425,0.0229802986,0.0375513143,0.0027702067,0.1003748275,0.1276316825,2.9847062026,0.4138310661,-0.0116249628,0.2383092501,0.4491569018,0.2804292787,0.0205302283,0.0134716604,0.9814024236,0.0167727848,2.2385200567,0.1847904873,0.6843522814,0.1716908561,-0.0003938391,0.000263399,0.0001815322,0.000113532,0.9599104204,0.0272986501,2.3084637648,0.1860615801,0.674945057,0.1908406296,0.1732208858,0.072508348,0.1434430653,0.0237424396,0.9421201229,0.0607663528,2.6629889751,0.3255437037,0.8848494552,0.2366847975,-2.0515161738853895,0.7794009740957695,0.46983017825561835,4
486,330.6669486374918,12131,24,36.686460651678686,0.2773,0.0319485524,0.1098313828,2.5867054974,-0.0055217681,0.2534,0.0288,0.2134757719,3.3696286969,-0.2354580601,0.4693,0.0315912963,0.0089255665,2.918492412,0.1884383104,0.0337,0.0113934192,-0.061484502,2.7597380552,0.2711031051,0.4368584071,0.1122875471,0.8758284475,2.054653684,-0.1892880397,0.1035840708,0.0747398705,0.9169723496,2.6356663307,0.8156499561,0.4595575221,0.0519681553,0.4741648764,3.4159764597,-0.3673271761,0.0402654867,0.010040641,-0.0159039348,2.6315966516,0.5173356882,0.4959788732,0.3020214322,0.0012699737,0.0008610369,0.9266381378,0.0442550332,2.6405131886,0.8427050996,0.0034112006,0.567765634,5.069e-07,1.9126e-05,3.30334e-05,1.95705e-05,0.1926563369,0.1316776167,3.0066141276,0.5169084115,-0.0079318987,0.3031205125,0.5017525,0.0212154158,0.0389770863,0.0033517336,0.157922053,0.1351343383,2.9782908777,0.4320921439,0.0299623848,0.2443255387,0.4467416627,0.27348656,0.0253045076,0.0150234989,0.9872944359,0.0064893774,2.1085667035,0.1454095501,0.5907285487,0.1213493907,-0.000471164,0.0002938551,0.000203558,0.0001201277,0.9636647524,0.0233793722,2.2569165245,0.2216436054,0.6694201699,0.1369465463,0.1566726703,0.0236083569,0.140045973,0.0140324466,0.9523483474,0.0184835018,2.6261429701,0.3759695827,0.8890707513,0.1908016708,-1.5062795175951385,0.791490931527118,-0.4751009090361151,4
487,435.6513807662047,16272,48,37.350966204632506,0.26005,0.0283592577,0.0463779096,2.9604460349,0.0736856764,0.2389,0.0292709754,0.1717278392,3.0722914631,0.1951322854,0.50105,0.0328351565,0.1168338627,2.5400605914,-0.0973435338,0.03745,0.0105946921,-0.1052481572,3.4974942924,0.2283202372,0.38,0.0792112838,0.7877523262,2.2087704965,-0.1529427049,0.1020610687,0.0826213432,0.9306000021,2.2096935961,0.6136958821,0.5179389313,0.0359435001,0.0405298112,3.0757578728,0.0176082327,0.043778626,0.0152346983,0.3470037522,2.396843631,0.3165874742,0.4939125588,0.3010036233,0.0010743376,0.0007813178,0.9623399729,0.0271633984,2.3064016261,0.6724061356,-0.0111753474,0.5321525,4.2696e-06,1.35787e-05,2.0676e-05,1.25212e-05,0.0549489245,0.1496730656,2.9329113853,0.3620282111,-0.0398552238,0.3140609188,0.503435,0.0209412398,0.0365684161,0.0031009989,0.0344059288,0.1323373515,3.0198833819,0.565798182,0.0195034673,0.2383916709,0.443444736,0.2758985276,0.0271965402,0.0167807427,0.9920238971,0.004072659,1.9885472279,0.0644591222,0.4751018371,0.0615778612,-0.0003137505,0.0001995665,0.0001484801,9.16597e-05,0.9745803916,0.004846077,2.0123566797,0.0687091729,0.4574281601,0.0570041735,0.1776966248,0.0161312185,0.1454919532,0.0051271248,0.962661764,0.0036981976,2.2234362354,0.1302343824,0.6712466538,0.0924590603,-4.9920000610024875,3.444549795395637,-0.6979122184760662,4
490,603.8658426702254,22031,34,36.48326903634994,0.2389,0.0365894794,0.2471606486,2.5669499637,0.2808851955,0.2593,0.0347204551,-0.1519427184,2.3968948694,-0.2334341472,0.5018,0.0393288698,0.1149294605,3.0763943882,-0.0917823906,0.03655,0.0102882214,-0.0531123695,3.2429134661,0.0691794853,0.4491573034,0.1049364065,0.9049575731,1.8615333048,-0.1126692156,0.0951685393,0.071851319,0.9265976371,2.7393690249,0.8325120905,0.4556741573,0.0506319114,0.5315912969,2.3791040714,-0.0050833421,0.041488764,0.0114608463,0.0702388219,2.9971055317,0.279383452,0.4976478964,0.3033587053,0.0008807047,0.0006176385,0.9502978962,0.0306766762,2.3305608374,0.4357018373,0.0738835335,0.4284078934,1.3437e-06,1.88759e-05,1.77619e-05,1.09669e-05,0.0763015201,0.1423541456,2.8609347475,0.3112986638,0.0087045436,0.1505737203,0.500665,0.0210297652,0.0368611005,0.0029565215,0.0515523451,0.1113633284,3.021783306,0.5072098772,0.0882179608,0.2395428843,0.454789179,0.2926126461,0.0202401164,0.0122000017,0.9919937946,0.0032713852,2.1339338561,0.1416763409,0.5705396089,0.1533556981,-0.0002331449,0.0001361476,9.80703e-05,5.90382e-05,0.9633594492,0.014516981,2.4908477429,0.2445326406,0.7410062446,0.1758521122,0.1633596932,0.0446947626,0.1343858312,0.0129801933,0.9508343791,0.0216092901,2.7740195337,0.359000023,0.9076948738,0.2493090542,-2.9441134695358206,-0.47386299210820615,-0.23206635549522264,4
494,675.1755102143396,24153,22,35.7729207215061,0.2607,0.0411583527,0.3038261785,2.8279526736,0.3309861619,0.23215,0.0376646718,0.1894143355,2.1615846584,-0.0892971127,0.50715,0.0368052646,-0.0098737594,3.0940671561,-0.054626484,0.0359,0.0125375436,0.0446332454,2.9752647166,0.4997309483,0.4447333333,0.1075496578,0.881473347,2.1101417189,-0.1961771137,0.0964,0.0745433207,0.9276461338,2.9539865795,1.0359323238,0.4588666667,0.0518817459,0.5383087797,2.8727679896,-0.2866436524,0.0363,0.0115098509,0.219541777,2.2582847057,0.0220647259,0.4958872726,0.3013155194,0.000608782,0.0004394302,0.9476382922,0.0317950357,2.5006965216,0.7370025468,-0.0035654186,0.495947637,5.797e-07,8.8374e-06,1.41635e-05,8.8639e-06,0.2081590496,0.1276769502,2.8372469487,0.3767955516,-0.0543950344,0.217470946,0.50235,0.0174906689,0.0389518482,0.0032988663,0.141588491,0.1367363177,2.9604116164,0.800312811,-0.0657440189,0.2481455372,0.4629695157,0.3011343083,0.015177348,0.0094138655,0.9918459746,0.0033683507,2.3156732974,0.1796266775,0.7175956576,0.1407386721,-0.0001607569,9.50225e-05,6.28045e-05,4.04942e-05,0.9638583569,0.0100496767,2.6698609977,0.4149111325,0.8120519831,0.2011887073,0.1458415109,0.0297399396,0.1305862569,0.0093348098,0.9633677863,0.0053824128,2.9078759692,0.4509340209,0.9722977496,0.2249071238,-1.671044289145094,-2.18356822913591,-1.1874525629141883,4
499,787.5370699369457,28816,49,36.59002363191254,0.2565,0.0285700893,-0.0340254402,2.4359892029,0.012156772,0.22685,0.0304274136,0.0323851256,2.7350703691,0.2463238782,0.51665,0.0303566714,-0.0279379781,2.8142940294,0.1870523277,0.037,0.0110679718,0.0743916381,3.7278134111,0.7943493971,0.3911170213,0.0846493212,0.8362966848,2.2578097237,-0.0409908196,0.1007712766,0.0683919852,0.8672959388,2.7629037046,0.7182173576,0.5081117021,0.0388569837,0.1970163169,3.2713258452,-0.2193708753,0.0450265957,0.0114564084,0.1309761169,2.915024095,0.3755279711,0.4974565124,0.3020705863,0.0005442529,0.000332104,0.9508607336,0.0394732385,2.4195902195,0.5394512809,0.1284978005,0.4488780364,4.84e-08,6.0379e-06,1.14015e-05,6.7272e-06,0.004212493,0.1282494481,3.0197086047,0.4578697699,0.016997539,0.2548472033,0.4997625,0.0203705908,0.0352803527,0.0026252309,-0.000600451,0.131668661,2.8408941606,0.3412313388,0.0352937264,0.2194002072,0.4627710522,0.300952836,0.0165725938,0.0103493358,0.9929418495,0.0030470218,2.2007991767,0.1539163415,0.5949440214,0.1276426477,-0.0001488888,8.80657e-05,6.39237e-05,3.90974e-05,0.9605559803,0.0080837084,2.4113217872,0.0738169564,0.6733094558,0.0864048812,0.1803550862,0.0290379298,0.1383758737,0.0083893817,0.9573849246,0.0093252638,2.4277387081,0.1617462238,0.7399856998,0.1336869776,-5.169207609814287,0.4362350798110801,0.20306206366581808,4
500,728.260529242672,26870,42,36.896136644865926,0.2513,0.0280679533,-0.0103284534,2.9940540422,-0.2400101563,0.2572,0.0314668079,0.0106256898,2.7637423721,0.1903027502,0.4915,0.0293726063,0.0558207337,3.4219585855,-0.1989150791,0.03875,0.0111663557,-0.011267249,2.760265325,0.3955895142,0.4018298969,0.0795614716,0.8035794326,2.2554800039,-0.0206138281,0.0765721649,0.0585915219,0.9011877858,2.8123442519,0.8151609368,0.5215979381,0.0418456072,0.2034746591,2.987178371,-0.3261149951,0.0491752577,0.0120924363,0.132614863,2.6147981191,0.0839491207,0.496495828,0.301478021,0.0006834342,0.0005155285,0.9499314036,0.0503715527,2.3885133604,0.6605994054,-0.0885511637,0.486116407,-5.242e-07,5.695e-06,1.38422e-05,8.4969e-06,0.0392046413,0.1237176003,2.9735238234,0.5255711876,0.0221455804,0.2369818824,0.4997975,0.0159141327,0.0359191894,0.001968173,0.0167568976,0.0972761887,2.8824419327,0.3657154711,0.0214683459,0.2241810634,0.4600914949,0.3083567628,0.0172986714,0.0106695913,0.9921974713,0.0033229083,2.4185104983,0.2585561566,0.7550670536,0.2365786289,-0.0001507951,9.43193e-05,6.29376e-05,3.73948e-05,0.9530352986,0.0306427903,2.5287330915,0.228611355,0.7232399287,0.2625653208,0.1787720659,0.0751087023,0.1306372597,0.0216001534,0.9446247717,0.0490450489,2.6369641278,0.2580348182,0.823003643,0.2947403049,-4.609989157096725,-1.4372713029347863,2.3727641781009963,4
D,319.24446978061104,10398,45,32.570650345628984,0.2328,0.0312195452,-0.0643082197,2.3899404681,-0.0673414698,0.26045,0.0328260186,0.0717256771,3.3424714053,0.2291095413,0.50675,0.0379102559,-0.1334285369,2.4751243662,0.0451627939,0.03805,0.0097952795,0.1377807041,2.752241128,0.1223172645,0.37805,0.0726357178,0.7517728751,2.151663328,0.0013059204,0.0894,0.0648046295,0.8906866502,2.4210925556,0.685303612,0.53255,0.0389261801,0.1907745635,2.4328704634,0.0143351162,0.0464,0.0128078101,0.416981523,2.593047675,0.4156548492,0.4952071902,0.3016113704,0.0031530988,0.0026416313,0.9508647461,0.0408640407,2.2393287942,0.5754055771,-0.0671594984,0.4779554221,-4.8256e-06,3.23465e-05,5.86171e-05,3.83107e-05,0.107710512,0.1312815565,2.9898543936,0.4212851281,-0.0329046504,0.2583833817,0.496805,0.0196038893,0.035615358,0.0031860276,0.0759554139,0.0995917538,2.9177743525,0.3926153501,-0.0073267313,0.1861098906,0.3905858212,0.2629504249,0.0470924544,0.031159817,0.9856870791,0.0125201724,2.2019438581,0.1470647632,0.6604415664,0.1807014719,-0.0006243671,0.0004341509,0.0002870526,0.0001890775,0.9072228238,0.2219821804,2.2275274567,0.1914066825,0.6365236561,0.2477687101,0.1853348195,0.0817004464,0.1381057134,0.0303439358,0.8696845262,0.3263880213,2.5253993553,0.207957458,0.8219524869,0.1966639686,-1.682686524697723,3.8390233539542464,4.913201667069923,4
I,588.6254831340942,20211,36,34.33592424913033,0.26845,0.0332392464,-0.0795143338,3.348070677,-0.2674655668,0.2221,0.0320326396,-0.0747824708,3.9033371007,-0.0767037705,0.50945,0.0331955946,-0.034182553,3.3151495681,-0.3455560008,0.0337,0.010644717,0.0675814776,3.2212032767,0.4718357083,0.3939810427,0.0778641399,0.7844957826,2.2775891999,-0.0677718568,0.1015165877,0.0774417589,0.930909311,2.2295667018,0.6666034053,0.5045023697,0.0406215191,0.1281798365,2.9003035032,-0.1952206254,0.0447393365,0.0133598861,0.3045689193,2.9053912888,0.2779115442,0.4943650292,0.2989289975,0.0014493348,0.001150599,0.9217838706,0.0470190666,2.771830792,0.870970934,0.1661666303,0.5147443295,-3.2977e-06,1.85059e-05,3.38071e-05,2.09579e-05,0.0219285628,0.0793339248,3.0003762548,0.4174390087,-0.0154878214,0.1691324123,0.4987375,0.0130605022,0.0355713418,0.0020485409,0.0320371986,0.126011933,2.9531130576,0.8198398781,-0.0280148803,0.2600735115,0.4016233904,0.2962804049,0.0392159734,0.0284557479,0.9896089049,0.0084904383,2.4039129921,0.2817094537,0.738105222,0.2777399961,-0.0003115044,0.0002404407,0.0001348061,8.90026e-05,0.8149051766,0.4030090548,2.568552467,0.1699521637,0.639438733,0.4978477192,0.1975211217,0.1094529515,0.1284034439,0.0328218005,0.8473579729,0.3074076193,2.7505472853,0.3049410594,0.67368558,0.6357142819,-2.4120903968335092,-0.08550288231372169,10.024666283662942,4
J,442.0947662723084,21634,75,48.93520948554847,0.26385,0.0273391203,-0.0442617724,2.7621461985,-0.0839827435,0.25245,0.0310684325,-0.0582664698,3.4663292841,-0.1539920409,0.4837,0.0352393246,-0.1521142745,2.9347242566,0.0266851334,0.03325,0.0099592921,0.0404567927,2.6214969691,0.0023726073,0.3570402299,0.084172808,0.8294794957,2.2483527932,-0.3015366337,0.0963505747,0.0732441051,0.899432272,2.6692507389,0.7698790041,0.5466091954,0.0367501212,-0.0681753023,2.941078674,0.0350608997,0.0453735632,0.012571798,-0.0024199248,2.4966491786,0.4470095285,0.4992688625,0.3039284879,0.0021203404,0.0011735452,0.9607113343,0.033356313,2.2484332313,0.6276756838,-0.088542516,0.4846842575,-3.3268e-06,2.05145e-05,4.60532e-05,2.71323e-05,0.1387381283,0.149384625,3.0082875295,0.4725144127,0.0157212751,0.2419211954,0.4947375,0.0172491295,0.0377207048,0.0030223423,0.0985977927,0.1068404173,2.868837067,0.3644833493,0.0456709533,0.2267053342,0.3883138968,0.2672725268,0.0447688464,0.0272752435,0.9911879681,0.0025314091,2.5221361548,0.2704851867,0.8179350676,0.2191488236,-0.0004435161,0.0002667739,0.0001879945,0.0001159756,0.9566416266,0.0165933579,2.6566712745,0.3263907828,0.8315162069,0.2103802911,0.1685730841,0.0619905059,0.133848689,0.0145240114,0.9543840472,0.023287079,2.7548504414,0.4247449978,0.9066347946,0.2564348125,-2.4330937006905526,2.0786617395228375,0.8205536506035706,4
