Instance_ID,total_area_km2,total_available_points,total_fixed_turbines,density,pareto_rw_INF_avg,pareto_rw_INF_sd,pareto_rw_INF_r1,pareto_rw_INF_kr,pareto_rw_INF_sk,pareto_rw_SUP_avg,pareto_rw_SUP_sd,pareto_rw_SUP_r1,pareto_rw_SUP_kr,pareto_rw_SUP_sk,pareto_rw_INC_avg,pareto_rw_INC_sd,pareto_rw_INC_r1,pareto_rw_INC_kr,pareto_rw_INC_sk,pareto_rw_IND_avg,pareto_rw_IND_sd,pareto_rw_IND_r1,pareto_rw_IND_kr,pareto_rw_IND_sk,pareto_aw_INF_avg,pareto_aw_INF_sd,pareto_aw_INF_r1,pareto_aw_INF_kr,pareto_aw_INF_sk,pareto_aw_SUP_avg,pareto_aw_SUP_sd,pareto_aw_SUP_r1,pareto_aw_SUP_kr,pareto_aw_SUP_sk,pareto_aw_INC_avg,pareto_aw_INC_sd,pareto_aw_INC_r1,pareto_aw_INC_kr,pareto_aw_INC_sk,pareto_aw_IND_avg,pareto_aw_IND_sd,pareto_aw_IND_r1,pareto_aw_IND_kr,pareto_aw_IND_sk,decomp_rw_FV_avg_avg,decomp_rw_FV_avg_sd,decomp_rw_FV_sd_avg,decomp_rw_FV_sd_sd,decomp_rw_FV_r1_avg,decomp_rw_FV_r1_sd,decomp_rw_FV_kr_avg,decomp_rw_FV_kr_sd,decomp_rw_FV_sk_avg,decomp_rw_FV_sk_sd,decomp_rw_FD_avg_avg,decomp_rw_FD_avg_sd,decomp_rw_FD_sd_avg,decomp_rw_FD_sd_sd,decomp_rw_FD_r1_avg,decomp_rw_FD_r1_sd,decomp_rw_FD_kr_avg,decomp_rw_FD_kr_sd,decomp_rw_FD_sk_avg,decomp_rw_FD_sk_sd,decomp_rw_IN_avg_avg,decomp_rw_IN_avg_sd,decomp_rw_IN_sd_avg,decomp_rw_IN_sd_sd,decomp_rw_IN_r1_avg,decomp_rw_IN_r1_sd,decomp_rw_IN_kr_avg,decomp_rw_IN_kr_sd,decomp_rw_IN_sk_avg,decomp_rw_IN_sk_sd,decomp_aw_FV_avg_avg,decomp_aw_FV_avg_sd,decomp_aw_FV_sd_avg,decomp_aw_FV_sd_sd,decomp_aw_FV_r1_avg,decomp_aw_FV_r1_sd,decomp_aw_FV_kr_avg,decomp_aw_FV_kr_sd,decomp_aw_FV_sk_avg,decomp_aw_FV_sk_sd,decomp_aw_FD_avg_avg,decomp_aw_FD_avg_sd,decomp_aw_FD_sd_avg,decomp_aw_FD_sd_sd,decomp_aw_FD_r1_avg,decomp_aw_FD_r1_sd,decomp_aw_FD_kr_avg,decomp_aw_FD_kr_sd,decomp_aw_FD_sk_avg,decomp_aw_FD_sk_sd,decomp_aw_IN_avg_avg,decomp_aw_IN_avg_sd,decomp_aw_IN_sd_avg,decomp_aw_IN_sd_sd,decomp_aw_IN_r1_avg,decomp_aw_IN_r1_sd,decomp_aw_IN_kr_avg,decomp_aw_IN_kr_sd,decomp_aw_IN_sk_avg,decomp_aw_IN_sk_sd,PC1,PC2,PC3,Cluster_Label
1,200.47206009386755,7383,50,36.828074678052594,0.2588,0.0361671121,0.2164908402,2.6314425451,-0.3240257907,0.28685,0.0419860393,0.3453388949,3.2064366432,-0.1048958179,0.45435,0.0436557843,0.2044778278,2.8821748227,-0.0371045327,0.0311,0.0089044932,0.1648821179,3.0453045562,0.4312973452,0.515,0.1180922294,0.9208374823,1.8126343644,-0.0996437831,0.0791549296,0.0512724421,0.8043608005,2.774915128,0.7293117676,0.4058450704,0.0740621452,0.8473087562,1.8857602277,-0.1113035736,0.0449295775,0.0108281375,0.1535910764,2.6582625416,0.0680466367,0.4948734065,0.3003831445,0.0021165147,0.0013469739,0.9371692729,0.045535977,2.4621813379,0.6473937489,-0.1330232051,0.4660983225,-4.0137e-06,6.96799e-05,5.63966e-05,3.21059e-05,0.2138873627,0.1700415894,2.7095216433,0.3118555777,-0.049312354,0.1599719557,0.492745,0.0341051825,0.0399255887,0.0045358423,0.1365417926,0.154425879,2.769760337,0.2621450746,-0.0578506215,0.2090846843,0.4454114655,0.2700865449,0.0226329168,0.0139969681,0.9763974298,0.0073443647,2.3085488014,0.1806886151,0.6993611484,0.1205633037,-0.0007358768,0.0004516577,0.0003136687,0.0001924706,0.9522284527,0.0141493421,2.4477058066,0.2568228256,0.7412428335,0.1432089863,0.1569305595,0.0210257059,0.145417192,0.0123984704,0.9464615247,0.0131869244,2.5763548111,0.2904703463,0.8679926152,0.1527123545,2.1452070816315087,1.433392073818746,-1.8880463083664047,1
3,486.6234913378517,17930,55,36.845734575422725,0.24195,0.032248217,0.3067342076,2.8735887271,0.0749972657,0.2401,0.0385161005,0.2584103036,2.8080555925,-0.2596342731,0.51795,0.0353701498,0.1342577087,2.722294496,0.0529112121,0.0335,0.0099121138,-0.0286842173,3.269331624,0.2187161059,0.4706535948,0.1528965356,0.9524544992,1.7301572069,-0.0367239665,0.0826797386,0.0746013942,0.9173366419,3.2243659249,1.0750783898,0.4466666667,0.0923300417,0.8800010503,1.820676209,-0.3541038259,0.044379085,0.0103582915,0.1119611538,2.7273353665,0.0293485032,0.4907955464,0.2989845951,0.0014543387,0.0009968306,0.9358909979,0.049220383,2.300237797,0.4467327766,-0.0684105166,0.4071616794,4.4079e-06,2.11965e-05,3.05489e-05,1.90541e-05,0.1192991532,0.134340364,2.9986414394,0.5847355883,0.0129044514,0.1849756715,0.5011625,0.0174559007,0.0370965993,0.0029359744,0.082145229,0.1195508617,2.9851447547,0.5570704244,0.0289400144,0.2314767397,0.4398460501,0.2691483534,0.0276499895,0.0172260605,0.9885142108,0.0066312726,2.093826382,0.228058208,0.5391416746,0.1488998694,-0.0004440317,0.0002752721,0.0002145062,0.0001328471,0.9712535271,0.0083957041,2.1154688364,0.2140120617,0.5291106646,0.1498426761,0.1739721529,0.020499043,0.1477928098,0.00751178,0.9600742946,0.005835242,2.3225399706,0.2127012193,0.7393876969,0.144876599,-0.8849718055382729,3.1622215400071263,-1.4447203365169548,1
7,140.43028761379438,4880,12,34.750338284720854,0.22235,0.0360239851,0.0233054358,3.0260722575,-0.1634399686,0.32545,0.035623693,0.3417284984,2.6331170926,-0.0826079932,0.4522,0.0435736159,0.1611795453,3.3284618877,0.0544919046,0.03215,0.0098299288,0.114436737,3.6103161627,0.5901661309,0.3923404255,0.075567717,0.856846936,2.213172818,0.435880132,0.0762765957,0.0558442752,0.8018592221,3.2377805871,0.8268871317,0.5313829787,0.04209541,0.3988560438,2.4522207094,-0.3011459763,0.0453191489,0.0117330346,-0.0747819001,1.8144986024,0.1209057464,0.4992390594,0.3025776914,0.0019292995,0.0014658895,0.9398037499,0.0358198854,2.5876588736,0.8136443116,-0.0706088323,0.5420129333,-3.984e-07,4.07106e-05,4.82417e-05,3.06209e-05,0.2289670356,0.1686869799,3.0267158411,0.6175339643,0.0766224928,0.2898443416,0.502665,0.0255758827,0.0395684522,0.0038483227,0.1594185655,0.1474055014,3.0209572105,0.6037613352,0.070809178,0.2244173204,0.4550983286,0.2769537145,0.0210533015,0.0126040313,0.9802870196,0.0054016102,2.1707867764,0.1314100325,0.6063253285,0.1002829218,-0.0006041546,0.0003595039,0.0002675143,0.0001602684,0.9608155248,0.0078690932,2.2574541953,0.1410045382,0.6203672706,0.1098462952,0.1578918149,0.0187167862,0.1453050446,0.014164662,0.9475166447,0.0111778949,2.6099102936,0.2505814398,0.8735918447,0.1394520393,-0.9710384710060052,1.0250360082527619,-1.354485250187099,1
8,501.3378369927656,18885,44,37.66920947614914,0.2514,0.0501202554,0.5672582392,2.6669344097,0.4819477252,0.31485,0.0653775764,0.7180656256,2.3787955405,-0.2574459478,0.43375,0.0384407011,0.2056306041,2.2971248081,-0.2153564913,0.034,0.0099247166,0.0281632234,2.6294416244,0.0168783348,0.4617663043,0.0975989172,0.877154252,2.3093326237,-0.212316934,0.0885054348,0.0743856722,0.9338242246,2.8269604557,0.9077887756,0.4497282609,0.0457210596,0.3002834191,2.667294621,-0.2549293758,0.0408967391,0.0100209124,0.124146613,3.3386158444,0.1946192182,0.4938709471,0.3000867742,0.0009344249,0.0006872054,0.9535241382,0.0304447386,2.2299589704,0.4763984213,-0.1773983119,0.4129186546,-1.0479e-06,1.54899e-05,2.07347e-05,1.28536e-05,0.2727149492,0.1773173454,2.8475320172,0.4103563011,-0.0391076766,0.2560786233,0.4923775,0.0251803022,0.0418836588,0.0053848398,0.2531183343,0.1523040974,2.9273775467,0.3504674967,-0.0906044515,0.2601253118,0.4572173739,0.2910347797,0.0208535143,0.0126230994,0.9912859272,0.003594572,2.1125251209,0.1528702351,0.574439663,0.1456812052,-0.0002257989,0.0001305001,0.0001035404,6.4623e-05,0.9681034326,0.0146275709,2.1687866712,0.29966302,0.5536754044,0.2166956279,0.1691590725,0.0307143475,0.1399425318,0.0203185232,0.9589897597,0.0175313211,2.4603479482,0.4963786088,0.758906469,0.2981921389,0.20465968059966286,-1.514738072414245,-0.3911679846117252,1
10,527.9065135699819,19517,64,36.97056107153474,0.25935,0.0321298537,0.1589208335,3.9290895388,0.1881923304,0.23995,0.0335670597,0.2222528592,2.8400592359,0.1948030259,0.5007,0.0376896538,0.1987052528,2.8290630177,-0.2246216694,0.03465,0.0093609561,-0.0444070571,2.9199350483,0.5587157103,0.4842944785,0.1203610077,0.9193852613,1.871841538,-0.3259435506,0.0748773006,0.0730029643,0.9293715879,3.3538167431,1.1917888769,0.4408282209,0.0632073805,0.7315398808,2.1303341372,-0.0952957148,0.0428527607,0.0111867763,0.0306986684,3.0544925169,0.4853998463,0.4981557596,0.3023620209,0.0012479653,0.0009465294,0.9407897146,0.0480089717,2.60985796,0.6156940335,0.080768716,0.4735626852,-8.2576e-06,2.0461e-05,2.75306e-05,1.70547e-05,0.0921216796,0.1170769985,2.7728565551,0.3778249065,-0.0038435553,0.2037997079,0.49197,0.0198882591,0.0375528854,0.002785148,0.0533938769,0.0988750404,2.8827555241,0.4233826336,-0.0236683557,0.2389504412,0.4496676157,0.2786535724,0.0217861476,0.0128159742,0.9884249745,0.0050171092,2.1742963772,0.2243417301,0.6224312281,0.1484722791,-0.0003518133,0.0002130707,0.0001529332,8.93103e-05,0.9666869522,0.0082008711,2.2979066216,0.3407884711,0.6624925287,0.1887615095,0.1603555783,0.0226753415,0.1426395608,0.01030306,0.9575217648,0.005625724,2.6124775289,0.3328326915,0.8803800294,0.1711761799,-1.2008416420977717,0.3156372180830133,-1.1064641128642703,1
14,292.3564474642647,11006,72,37.64582616685847,0.2837,0.0466616545,0.4407114324,2.6295184556,0.209885427,0.2311,0.0336049104,0.2715755104,3.7332908562,-0.3212276109,0.4852,0.0398931072,0.4026096041,3.5908434133,-0.0001950596,0.03845,0.0098156762,0.0638574865,2.943028535,0.357390377,0.4785638298,0.1222128035,0.9337978977,1.8524420672,-0.2356800086,0.0859574468,0.0648536675,0.8996590696,2.693053085,0.7579249578,0.4354787234,0.0684597612,0.7171696143,2.3654574432,0.0287682237,0.0330851064,0.0108448042,0.240462088,4.1702210419,0.6415675138,0.4926214188,0.3004764031,0.0016490245,0.0012981016,0.9270107727,0.0587726742,2.3178961933,0.5438128326,-0.0204828036,0.4170500077,3.8872e-06,3.17011e-05,5.08826e-05,3.32711e-05,0.4355132922,0.1716578127,2.8487290277,0.5309654555,0.1043006974,0.3010860611,0.49721,0.0261840629,0.0457362733,0.0057187459,0.361924555,0.1489510886,2.8175827557,0.5388788987,0.1113075567,0.2065024935,0.4514543088,0.2739386521,0.0232897397,0.0141233879,0.9839783946,0.0087450878,2.233626364,0.5415821033,0.6232468969,0.2348542008,-0.0006502474,0.0003976575,0.0002591694,0.000157916,0.9509650338,0.019422745,2.8489607719,0.7023347294,0.8638325526,0.2676298607,0.1414669876,0.0192121044,0.1353519392,0.0101650382,0.94433706,0.0094572909,3.3043435158,0.4655069531,1.126739343,0.1580045724,3.4147393734212157,-1.7771457988133195,-1.5754060909976577,1
15,472.4437811449951,16624,10,35.187255422667995,0.23585,0.0366473396,0.3969938421,3.6227106804,0.4730125908,0.23775,0.0307032164,0.0979604821,3.0796613707,0.279709452,0.5264,0.0401626692,0.2856790211,2.9951688155,-0.2768046774,0.04085,0.010748372,-0.0425377723,2.8779515652,0.6914055326,0.4802857143,0.1140485038,0.8969253567,1.9288910282,-0.1122820486,0.0639047619,0.0560738499,0.8916810366,2.982067253,1.0127647445,0.4558095238,0.0698983064,0.7324434047,2.0340914294,-0.2852146693,0.044047619,0.0104675289,0.0798115588,3.0438028177,0.3152252542,0.4934756016,0.3004515498,0.0012970567,0.0009460247,0.941125806,0.0407339772,2.6013333497,0.6390965188,0.038590072,0.5692370392,-8.558e-07,3.31443e-05,3.19053e-05,1.93035e-05,0.2486410001,0.1548936316,2.9367643706,0.5950261557,0.0353533942,0.2444255434,0.4999375,0.0276183403,0.0399387148,0.0034256287,0.2097559488,0.1409094192,2.9703325502,0.435024877,0.0500857957,0.2584131925,0.453285929,0.2776041837,0.0204734271,0.012575807,0.9856182777,0.0066549854,2.2432648865,0.155272699,0.6805695663,0.1029143997,-0.0003921567,0.0002402252,0.0001707711,0.0001065314,0.9632594815,0.0137014384,2.3642274323,0.157279678,0.7382530947,0.0950624066,0.1499947458,0.0163832371,0.1406780563,0.0107813305,0.9567201368,0.0086034686,2.6752085236,0.2718735327,0.9455162619,0.1249350721,-0.2786812061494263,0.7293309594354919,-2.715607001474879,1
19,200.06889085103376,7407,45,37.02224752930262,0.2475,0.0378516842,0.3406623113,2.1354266871,0.0277280938,0.29895,0.0404616794,0.3172594002,2.5758376601,0.3189744581,0.45355,0.0382837759,0.3850559573,2.772109432,0.1223899759,0.03345,0.0092383711,0.1426560235,2.5337183196,0.1735505785,0.4959574468,0.1074171541,0.9095283429,2.1030602172,-0.302359304,0.0745744681,0.0580794557,0.9130486244,2.9331512891,0.9656976234,0.4294680851,0.0587569285,0.6448668014,2.0665088183,-0.1861301472,0.0404255319,0.011052572,0.1127987474,2.5723243195,0.1582429641,0.4908544871,0.2985303624,0.0015057077,0.0009283226,0.9362886513,0.0306514718,2.4943552487,0.5169838793,0.0557323157,0.4141347763,-1.2771e-06,3.72143e-05,4.25711e-05,2.56725e-05,0.2675576708,0.2089156286,2.7268587549,0.4030429706,0.0139317952,0.2495064343,0.4938225,0.0288725063,0.0405000322,0.0056393058,0.1823911522,0.1592965285,2.8031815321,0.4492772092,-0.029082784,0.2105956185,0.4360680183,0.2656053162,0.0266098585,0.0158732165,0.9846834426,0.0058771899,2.1962354029,0.1220944317,0.6535590899,0.0909883874,-0.0006623308,0.0004025892,0.0002557061,0.0001557017,0.9566688195,0.0076065555,2.7026742782,0.2246990845,0.8661502821,0.1106837908,0.1430323218,0.0192913562,0.1352751688,0.0084571624,0.9492364228,0.0093109002,2.971683671,0.3389822486,1.0187419792,0.1387782692,2.355058739860494,0.12782656811099374,-3.286181822382719,1
21,617.9322775180581,22961,12,37.15779355663939,0.24755,0.0306960502,0.0292548622,3.402211503,-0.2353994966,0.24375,0.038074762,0.1973613561,3.5033401686,0.4248825285,0.5087,0.0355149264,0.0804065688,2.5725367716,-0.3231630037,0.0418,0.0117796435,0.1452325729,2.8767017776,0.2721640919,0.4852209945,0.1411611508,0.9340130633,1.8652662849,-0.2351991258,0.0983149171,0.0797098,0.9350961064,2.6369902032,0.8508427742,0.4164640884,0.0718841539,0.7910666908,2.0927449896,-0.1873908624,0.0435082873,0.0106156451,0.1401354743,3.5107621107,0.6564049781,0.4953095575,0.3006630828,0.0011196574,0.0008467847,0.939222699,0.0374583451,2.5351386426,0.5995531668,-0.0110750992,0.5054714838,4.9905e-06,1.56822e-05,2.27122e-05,1.43166e-05,0.161207909,0.1307542577,2.7871009688,0.2262180202,-0.076060656,0.1877031053,0.5074525,0.0192435475,0.0369456376,0.0025550905,0.0907250619,0.1220371171,2.909445814,0.32217487,-0.056157284,0.21377866,0.4575598245,0.2874257991,0.0209466713,0.0125782823,0.9893711574,0.0050410554,2.3026686658,0.2875309136,0.7037540801,0.1651642735,-0.0002778915,0.0001742527,0.000117444,7.05696e-05,0.9649798603,0.0057198831,2.3535891989,0.2694086903,0.67636104,0.16668166,0.1590764199,0.0169265192,0.1406634556,0.0126419207,0.9578791508,0.007694721,2.5559661652,0.3325042814,0.8474926893,0.1759062066,-1.4642682344390745,1.4660484994700036,-1.2780638063826557,1
24,217.0562139773752,7607,44,35.046220795102016,0.26745,0.0394746438,0.3630004259,2.7895574657,0.1143843287,0.2605,0.050217029,0.6449883907,2.4603615345,-0.2342188062,0.47205,0.0401378562,0.254259832,3.7281933356,0.2365643083,0.0383,0.0107522091,0.2100478724,2.9371686965,0.3173805628,0.4565841584,0.1373005857,0.9325919237,1.8685152806,-0.1889177502,0.0872277228,0.0744733165,0.9107268825,2.2840020621,0.7947174959,0.4561881188,0.0751043779,0.7648697842,2.1679953121,-0.2213100765,0.0448019802,0.0105050858,0.3405423392,2.6805312588,0.065096825,0.4956557957,0.3009148924,0.0020709735,0.0013404411,0.9278639233,0.0427230863,2.4772915841,0.8824188416,-0.0949519179,0.5113573058,1.4421e-05,7.57412e-05,5.52666e-05,3.24588e-05,0.2817474813,0.1367497249,3.1214486213,0.5452402307,0.1473571663,0.2451823508,0.508115,0.0322450349,0.0394002821,0.0052746821,0.1838365269,0.1147731175,3.0168528852,0.3712343052,0.1478781672,0.2163758016,0.4400920656,0.2673416325,0.0243544382,0.0147366654,0.9828779313,0.0062895485,2.2632660521,0.1219017824,0.6643039215,0.092836651,-0.0005927534,0.0003565854,0.0002294087,0.000142022,0.9486413967,0.0124470478,2.63163468,0.3560468086,0.7842992476,0.1777917614,0.1469253552,0.0154135972,0.13376922,0.0101898846,0.9478850262,0.0130071561,2.8574590174,0.3889343973,0.9678045489,0.165447009,1.7057748135584367,0.8014329142380824,-2.6253505297634723,1
36,120.90530689176468,4481,48,37.06206216416476,0.2479,0.0328571149,0.1208016259,2.8409420065,-0.0944914835,0.26255,0.0369695483,0.336474233,2.8234561512,0.0086397626,0.48955,0.0420778742,0.2702016651,2.4135378775,0.1365296749,0.03725,0.0101581248,-0.0538628845,4.2287419368,0.8236507789,0.5088392857,0.1365224703,0.9019600599,1.6558909214,-0.3464750323,0.0866964286,0.0828632522,0.9472322762,2.3099959395,0.838448448,0.4044642857,0.0646120191,0.6902290746,2.101380684,0.1301357187,0.0454464286,0.0104487177,0.152443972,4.6063870257,0.4920313673,0.4951300908,0.3004337928,0.0031271886,0.0020754913,0.9529156194,0.0311308896,2.2270124455,0.4826333475,0.0805528769,0.413349559,2.5264e-06,4.88453e-05,7.83066e-05,4.6535e-05,0.3891199574,0.1464213203,2.9234862247,0.3941460433,0.119141145,0.3139626005,0.4983875,0.0266684546,0.0428329639,0.004938935,0.2856544271,0.1474667475,2.8911072696,0.3549098239,0.0756509039,0.2765313839,0.4451965243,0.2704215252,0.022687981,0.0139936234,0.9718940842,0.0137589389,2.1977695923,0.1289846026,0.6323085208,0.1021304174,-0.0008571867,0.000522831,0.0003881349,0.000238775,0.9512013783,0.0230702387,2.2067487996,0.1413128137,0.6215640039,0.100104394,0.1565017959,0.0267362842,0.1452040189,0.0156127897,0.941518631,0.0232200646,2.5145695343,0.2310734586,0.8472131021,0.1446068561,1.4026218800258252,2.335048093304102,-1.5820354292018874,1
37,176.20772341521746,6674,70,37.87575181522167,0.2341,0.0372517114,0.1117534168,2.8171491006,-0.0360296015,0.2437,0.0319266346,0.2467050334,2.584770727,0.3740421718,0.5222,0.0339287489,0.0651473251,3.9082393359,-0.6529055157,0.0393,0.0106775465,0.132889669,2.4390465089,0.3304431468,0.4296428571,0.0944620915,0.8577127475,2.1010383211,-0.1642368316,0.0897857143,0.0754057392,0.8933050761,2.3099547259,0.8551173908,0.4805714286,0.0445897398,0.3568987311,3.0548932486,0.1369505317,0.0421428571,0.0135902126,0.6099724423,2.8823631757,0.1932190473,0.492645685,0.2998373229,0.0024549435,0.0018714418,0.9288980356,0.0536019995,2.663860683,0.534317539,0.0207626152,0.5032018668,-1.81335e-05,7.30989e-05,6.19811e-05,3.9677e-05,0.2911427125,0.2034214481,2.9140374739,0.4503375465,-0.0458330309,0.3267025556,0.491065,0.0314468564,0.0401529363,0.0082007748,0.2437631033,0.2152028996,2.7437383926,0.3469809574,0.0473945845,0.2383251018,0.452438682,0.2753582448,0.0232493501,0.0136463501,0.9759870387,0.0088836541,2.3016312038,0.2172504827,0.7157031424,0.1339494488,-0.0007281205,0.0004356535,0.000314756,0.0001846535,0.9579919447,0.0057488092,2.3568641699,0.2777126641,0.7093101512,0.1493309963,0.153552904,0.021348553,0.1460711921,0.0136951112,0.947003273,0.0087983609,2.6465286283,0.4415138319,0.9154027093,0.1909924944,1.1903649887354657,1.3636984801190701,-1.3325167075676305,1
40,226.5107681069608,8456,45,37.33155854209539,0.2762,0.0442273671,0.3804093973,2.6749185592,-0.1196495023,0.2655,0.0521656017,0.5547892355,2.8936598662,0.431458718,0.4583,0.0428381839,0.4173993092,2.4540599841,-0.0048786724,0.0318,0.0096311993,0.1025264974,3.6942357609,0.3730330341,0.4444117647,0.0972093307,0.9021994088,1.8184323517,-0.2904697614,0.0809803922,0.0533120632,0.876049351,2.6899597151,0.833032983,0.4746078431,0.0542583068,0.6598132593,2.1092549246,0.0851463058,0.0455882353,0.0098342668,-0.1458954763,2.7558427552,-0.0095767979,0.4940516143,0.3007766373,0.0024905637,0.0015924392,0.9327369956,0.0341168069,2.3270507952,0.7102597786,0.0405345479,0.2999481565,2.93634e-05,5.16257e-05,7.74211e-05,4.6176e-05,0.3592959119,0.1908943995,2.8420860093,0.3675920239,0.0377035889,0.2169252008,0.5078375,0.0308358674,0.0423487408,0.006389016,0.2634248571,0.1916739773,2.7221194688,0.3978676596,0.0394376438,0.2154175882,0.447474935,0.2720608305,0.0221259437,0.0137092275,0.9710112614,0.0103348203,2.5232738426,0.1627026942,0.832301908,0.078762324,-0.0008567144,0.0005120329,0.0003428394,0.0002140329,0.9407972914,0.0087946256,2.8922821972,0.3443837237,0.9248205433,0.12605863,0.1383672607,0.0138330051,0.1393206191,0.0106198871,0.9389659834,0.0124936829,3.1653996427,0.4693911852,1.1108289536,0.1684210309,3.7217563314014446,-0.5571265181265641,-3.3960960942376652,1
41,362.5968281676437,13248,36,36.53644756615161,0.22305,0.0290679807,-0.0678190331,2.4311894609,0.2698029389,0.2912,0.0344972463,-0.1405647769,2.354902585,0.4330673184,0.48575,0.0378178199,0.0658961202,2.927563853,-0.3999993426,0.0344,0.0099569072,-0.028280228,3.026230464,0.1354110414,0.5363302752,0.1121651841,0.9122089919,1.9188519937,-0.1877368533,0.065412844,0.0489997587,0.8552634724,3.1149310945,0.8912301328,0.3982568807,0.0706827002,0.8379195193,1.9795865663,-0.0307775656,0.0421100917,0.0129977694,-0.0054505195,3.0259734471,0.5009653977,0.4953307716,0.3017188818,0.0016377251,0.0011385799,0.9548721131,0.0292322464,2.3738663339,0.4656034137,-0.0158032482,0.4544151964,-6.7663e-06,3.09832e-05,3.3712e-05,1.94482e-05,0.214943114,0.1834778638,3.1545354913,0.6674530796,-0.1003926563,0.3265915725,0.4908975,0.0273674326,0.0386957687,0.0043581086,0.1698224297,0.1273193436,3.1747236812,0.6192528199,-0.0231110357,0.2812120314,0.448750556,0.276624323,0.0221940992,0.013139458,0.9862735113,0.0046159011,2.2299114256,0.1913668487,0.6628990482,0.1413598985,-0.0004142904,0.0002516031,0.0001837867,0.000110224,0.9646312982,0.0100377559,2.3818360838,0.2391693434,0.697373612,0.138295373,0.1631636462,0.0340065157,0.1442429261,0.009940094,0.9552980316,0.0088322091,2.7091856436,0.4487065069,0.9046663936,0.2267323357,-0.4633674412253859,-0.27304965302281736,-1.6232038256189272,1
42,179.53204701521227,6691,63,37.26911217935955,0.31655,0.0421704577,0.2481930711,3.4473997884,-0.0950984828,0.208,0.0357770876,0.277048593,2.3988787842,-0.0194236569,0.47545,0.0386593779,-0.111713759,2.9634918723,0.0652238172,0.04165,0.0111142926,0.2160065264,2.923581576,0.5319292716,0.5898026316,0.167829489,0.9531278837,2.0875765144,-0.4431647629,0.0548026316,0.0495867182,0.8641014023,3.076389562,1.0195764159,0.3553947368,0.1229536797,0.9388846894,1.934835293,0.2379438026,0.0432894737,0.010373062,-0.1743670421,3.1287210956,0.1072125687,0.4942383458,0.3005191758,0.0018467012,0.0012349613,0.909024145,0.047171036,2.5727140201,0.4190021874,0.0643182135,0.3903228432,2.5432e-06,5.82394e-05,6.40969e-05,4.01147e-05,0.3591731098,0.1226994365,2.8733486232,0.414812251,0.0040030851,0.2887056793,0.4947025,0.0343735126,0.0427181004,0.0038405105,0.2506926234,0.1187115954,2.9574188143,0.4514617871,-0.0547315576,0.2122698044,0.4616494476,0.2807884299,0.0142146334,0.0089546263,0.9646503246,0.0190935501,2.3055491765,0.3758471592,0.6455614049,0.1821794889,-0.0007145293,0.0004241012,0.0003228404,0.00020462,0.9432363,0.0316597616,2.4200759445,0.6437695005,0.6648699972,0.2541792307,0.1498089355,0.0210268963,0.1411402614,0.0154017363,0.9300644137,0.0234073164,2.8561585546,0.5836094574,0.9795820677,0.2328351773,4.027747520114413,-1.715145312395778,-1.0560774073626675,1
45,167.92470645984642,6036,51,35.944680965950106,0.2547,0.0310146739,0.2709663216,2.7370044792,-0.1560085575,0.2536,0.0333622541,0.1427480911,3.0314981613,0.0741247195,0.4917,0.0355121106,0.1722269266,3.0487050325,-0.1514820321,0.03165,0.0097738171,0.0814511267,2.7549360321,0.3120987903,0.5785294118,0.1640743319,0.9610869289,1.9455272902,-0.3976137344,0.0740196078,0.0741356706,0.929131594,3.833361363,1.3764580455,0.3474509804,0.101567965,0.9096530287,1.8709190709,-0.0296475515,0.0368137255,0.0093092094,0.0477033189,2.6731243619,0.1023152569,0.490604992,0.299380204,0.0024082088,0.0013805733,0.932735702,0.0411858545,2.4935154478,0.4155810046,-0.1049849235,0.4833592896,-7.4903e-06,5.97825e-05,7.61634e-05,4.25336e-05,0.351931099,0.2046612323,2.7757267321,0.3861199538,-0.0679128889,0.3060240845,0.4891025,0.0313597811,0.0433544674,0.0062818215,0.2792315434,0.1936489456,2.9021350342,0.4832165306,0.0217808208,0.2537466708,0.4485207114,0.272392249,0.0227504356,0.0134585444,0.9714354649,0.0140835478,2.4079797689,0.2365660477,0.7681396553,0.1292613364,-0.000866345,0.0005261843,0.000345214,0.0002021137,0.9411668383,0.0332508432,2.5961556038,0.2759999551,0.8270857649,0.1252289419,0.1404885257,0.0187679382,0.1361773668,0.0127874114,0.9324388883,0.0243070788,2.9504396098,0.3761673128,1.0395211953,0.1540137379,4.571749426298825,-0.15340210357668035,-2.8913102870866245,1
47,472.8249393395992,16904,24,35.75107527874913,0.24125,0.0343756818,0.2361944897,3.1180939071,0.3406578359,0.2485,0.0422936165,0.3779292595,2.4246152359,0.2011197046,0.51025,0.0398959584,0.0585424663,3.4107034905,0.3135334418,0.0385,0.0103561576,0.0384929239,2.7946435849,0.2079773444,0.558287037,0.142276729,0.9494632171,1.8823420617,-0.1133340108,0.0850925926,0.0613655617,0.9029240965,3.0747613036,0.884821787,0.3566203704,0.0886337363,0.8880808636,2.0788125874,-0.1104041697,0.0363888889,0.0106899341,0.0023335241,3.4237359924,0.449377067,0.5033263468,0.3041245772,0.0019915867,0.0015568106,0.9255881667,0.0510310137,2.399966509,0.6643490195,0.0238554194,0.3840331956,-1.25608e-05,9.27616e-05,5.17565e-05,3.20024e-05,0.2436356206,0.1785964412,2.8711629094,0.4081954072,-0.0144888099,0.2981254559,0.4932975,0.0381272884,0.0390020157,0.0033714461,0.1840221391,0.1061423029,2.8146283319,0.303641591,-0.0046947051,0.2108713188,0.4343848142,0.2634991605,0.024825208,0.0152130739,0.9798693843,0.0096546781,2.419622385,0.2634981997,0.7774945536,0.1400574546,-0.0007185941,0.0004402719,0.0002871561,0.00017409,0.9555379341,0.012463482,2.6619419504,0.3018663919,0.8505977997,0.1459168155,0.1373904806,0.0148817239,0.1372406507,0.0104609699,0.9472950868,0.0105323129,3.0646638179,0.364548157,1.0807644203,0.1469357442,2.5542733911606175,0.30608645784018373,-2.8947165917269317,1
58,219.16669768070813,7962,45,36.32851196945714,0.2439,0.0378984169,0.4230760755,3.0497891431,0.4861670503,0.28965,0.0400889947,0.2098225978,2.7180416445,0.3968185694,0.46645,0.0412692076,0.2450578165,3.1146185195,-0.1198717342,0.03355,0.009091067,-0.0494061858,3.4266869694,0.7537263094,0.4745454545,0.1196648643,0.9218824802,1.8479304478,-0.0382535059,0.0923295455,0.0673480987,0.8760414514,2.744489669,0.8367463587,0.433125,0.0658955462,0.7112162927,2.2632288625,-0.0935234679,0.0419886364,0.0112699261,0.0338347245,3.469993115,0.6966446607,0.4962697545,0.3019423388,0.0016636726,0.001088731,0.9336233518,0.0355378793,2.2030366041,0.6192717094,0.0656561798,0.3543358843,2.22193e-05,3.34854e-05,4.52266e-05,2.70039e-05,0.2646696705,0.1359351503,2.8789058348,0.6066113828,0.0695552392,0.2530486896,0.51257,0.0192214099,0.0403003286,0.0039295052,0.2340004234,0.1206295962,2.8969491781,0.4552527709,-0.0340955944,0.258418491,0.4420972697,0.2696464413,0.0236395352,0.0144213871,0.9822315606,0.0071256039,2.2633860788,0.3594576782,0.6765784227,0.187804861,-0.0005319114,0.0003129388,0.0002493437,0.0001522273,0.9633937265,0.0110646621,2.3337971457,0.4729639142,0.7025614877,0.2201274496,0.1607392013,0.0216467381,0.1483137593,0.0121801724,0.9548766228,0.0103756313,2.6153469882,0.4541777395,0.9028250328,0.2172601467,1.0557221561605439,0.4549937726299278,-1.1876872275509431,1
59,114.5963768916335,4249,32,37.07796105995576,0.2919,0.0432306604,0.4840206279,2.6766264986,-0.3205342066,0.2349,0.0320232728,0.0868643383,2.4719860333,-0.0427792759,0.4732,0.0447410326,0.4711031483,2.8948709621,0.3039871587,0.03375,0.0095229985,0.1735594393,3.6121978663,0.2903848256,0.475,0.08365301,0.830224525,2.6268376227,-0.1026908744,0.0826086957,0.0506880821,0.8562668369,2.6360450227,0.5038654925,0.4423913043,0.0461300045,0.3124040407,2.5713103565,0.0215121061,0.0366304348,0.010583742,0.0574680368,4.0914163468,0.6687832775,0.4923613165,0.3000918962,0.0021510413,0.0015072632,0.9198305535,0.042333345,2.5774009611,0.6650509048,-0.0505782742,0.4245650983,3.4516e-06,4.95928e-05,5.92392e-05,3.58005e-05,0.2149086811,0.1850781063,2.9828772714,0.5966237773,0.0761209902,0.2798301198,0.501205,0.0247518227,0.0394986098,0.0049071452,0.1291174036,0.189799529,3.0031767515,0.4341134976,0.0258522402,0.286596561,0.4444599265,0.2690031514,0.0242325508,0.0144312031,0.9769917678,0.0088675074,2.1366259161,0.1178661483,0.6107934568,0.0940659723,-0.0007788478,0.0004872846,0.0003494843,0.0002074718,0.9577558312,0.0196392724,2.1946563683,0.1631233003,0.6043306696,0.1082039805,0.1609155152,0.0256772035,0.1484804366,0.0134678807,0.9439160765,0.0172750401,2.5397809367,0.3453410595,0.8495484942,0.1797262151,1.2022943015632859,1.0724353908364972,-0.7376585776063639,1
61,102.48722170774,3767,25,36.75580172074769,0.28065,0.0402035757,0.3409713444,2.6811367714,0.1570683262,0.2183,0.0514500729,0.5835411032,2.6589333739,0.2264980355,0.50105,0.0479442124,0.2623448384,2.9724420247,-0.2527578711,0.0374,0.0099619275,0.1164880551,2.7285429725,0.4467310454,0.463880597,0.1051609317,0.8824825995,1.9236511127,0.0784407949,0.1088059701,0.1005621867,0.8947889203,2.8583212248,0.9702371095,0.4273134328,0.051610831,0.4854399765,3.7266120632,0.2694863848,0.0405970149,0.0126231955,0.458868842,2.8595611539,0.3495991225,0.4853883017,0.2954749486,0.0034455513,0.0023808418,0.9125041089,0.0710841496,2.4480216903,0.403858213,-0.0538338489,0.3588906053,-1.05812e-05,0.0001202593,9.61584e-05,6.01863e-05,0.3287824436,0.1696389086,2.9260311921,0.5978858368,-0.0719905179,0.327232828,0.4969675,0.0321042609,0.0426215296,0.0058170516,0.291490704,0.1475460759,3.0010868396,0.456573933,-0.0410761325,0.2957690723,0.4572937338,0.2766221257,0.0220949271,0.0125890057,0.9644669113,0.0086289261,2.7576812352,0.2444086058,0.9527398199,0.1104298195,-0.0009733698,0.0006109381,0.0003891084,0.0002201818,0.9416926687,0.0109341607,2.7844937326,0.2676619927,0.9350290118,0.1166481611,0.147901212,0.0215786608,0.1443835046,0.0169508335,0.9406650555,0.0128545751,2.8872547355,0.3725352038,1.0159241008,0.1601841978,4.6000562794200075,1.081833159749596,-1.3662113335179042,1
71,175.54895306058253,6373,26,36.303264069029545,0.2419,0.0329983333,0.3377872534,3.2905701718,-0.0163096754,0.288,0.0381903129,0.1219808598,3.6132728961,0.0677551398,0.4701,0.0344527212,0.0902184229,3.1994722204,-0.0337717765,0.03325,0.0086710726,0.0543113987,2.7714068942,0.0058957175,0.4753012048,0.1179604523,0.9252016322,2.0233691798,-0.2485692371,0.0878915663,0.0663012497,0.8905956745,2.867383098,0.8974827995,0.4368072289,0.0630861827,0.718186073,2.2470418663,-0.0414809693,0.0425903614,0.0119577934,0.1101564441,4.0718543775,0.8205882427,0.4879202241,0.2965150536,0.0016675664,0.0010260377,0.9292689559,0.0347637538,2.7772641476,0.7387666807,-0.1770427028,0.562727083,-1.23452e-05,4.61312e-05,4.85505e-05,3.01267e-05,0.2464358069,0.1465872015,2.8952332758,0.3054022665,0.0248329272,0.3016998991,0.49485,0.0253225048,0.040607969,0.0025131859,0.1932792255,0.119512673,3.080667673,0.6216895474,0.0239645682,0.3275845865,0.4414552443,0.2689253591,0.0257419936,0.0155677268,0.9821730191,0.007193942,2.1075606753,0.1406866889,0.5840070903,0.1162141053,-0.0006325742,0.0003742114,0.0002992094,0.0001819575,0.9647552946,0.0082098355,2.1635883236,0.1190412753,0.6103708421,0.1246311271,0.166848466,0.0163464151,0.1514439807,0.0080833473,0.9536965858,0.0067138288,2.4435875567,0.2270237475,0.8164765128,0.1216209975,0.2923014199987657,2.525374630111519,-1.2985182485039752,1
73,111.8694667117814,4052,16,36.22078587752192,0.2541,0.0333120098,0.1361548269,3.1485553891,0.0695068903,0.31715,0.0357509091,0.3193223322,2.7763727138,0.1752385584,0.42875,0.0416195567,0.1731327885,2.9068775244,0.1643908099,0.0352,0.0107684725,0.0455065977,4.0278096633,0.6870406876,0.3968518519,0.0689759506,0.7238201418,2.5071327479,-0.6072982188,0.0775,0.0731927314,0.9360617761,2.3329722544,0.7838895356,0.5256481481,0.0369439803,0.2015570793,2.6977145259,0.1212146859,0.052037037,0.0160876799,0.4397478808,3.4587496554,0.2607857086,0.4980141992,0.3023254165,0.00207553,0.0018275573,0.939368792,0.0428122061,2.1996082778,0.4566846135,0.0044823975,0.3007613405,-5.9366e-06,4.0242e-05,4.82309e-05,3.29561e-05,0.2719294164,0.1979149716,2.6934407556,0.2834819786,0.0068666311,0.1877507262,0.493005,0.0272064969,0.0407879745,0.0057764724,0.2085596723,0.1942642732,2.7208390151,0.2947594777,0.0137189759,0.2304004501,0.4569002513,0.2769463507,0.0215936978,0.0131958291,0.9774731543,0.01487181,2.1666484021,0.1460377839,0.684042326,0.0961475265,-0.0006037229,0.0003723391,0.0002770855,0.0001695286,0.9553494692,0.0356432102,2.1981444459,0.1886563307,0.6816704766,0.109836059,0.1538380656,0.0155662997,0.146188255,0.0128275654,0.941852542,0.0183024936,2.5867203739,0.2969727981,0.8989514945,0.1486295176,-0.4204205168585067,0.9904161610935686,-1.4817985738410737,1
74,621.7954602300013,23131,60,37.200335929509485,0.24615,0.0364132874,0.0724755695,2.4270578791,0.2182058474,0.26255,0.0347166747,0.1179667967,2.9252162196,0.4393180016,0.4913,0.0412529999,0.0821915931,3.015338115,-0.2372596126,0.038,0.0096695398,-0.0955811203,2.890503017,0.0265456782,0.4824074074,0.1195268368,0.9051793869,2.0229397294,-0.3288839836,0.0824074074,0.0644217104,0.8843706924,3.8307823935,1.1091446483,0.4351851852,0.0661835079,0.7198063381,2.199173602,0.0110181266,0.0375925926,0.0107839852,0.1542412799,3.1000385553,0.4809717504,0.4997908255,0.3029537265,0.0006907904,0.0004712732,0.9274031351,0.0697783112,2.5385691719,0.5931643885,0.0154828033,0.4303318159,2.1584e-06,8.4463e-06,1.6876e-05,1.021e-05,0.1243505156,0.124884667,2.9898956219,0.5129067242,0.0018073031,0.2455921802,0.505,0.0180246498,0.0384201155,0.0034215088,0.0896213595,0.1089625343,2.9907559218,0.3908501064,0.0222358635,0.2576618684,0.4507415112,0.2891958056,0.0214385906,0.0134654092,0.9917802895,0.0026340615,2.2576384283,0.1717221585,0.6765572268,0.1127604502,-0.0002648708,0.0001637249,0.0001068435,6.74605e-05,0.9658845952,0.0058976276,2.8658398001,0.3585556624,0.9630294945,0.1460386644,0.146773473,0.0141400924,0.1354182125,0.0054897868,0.9548723913,0.0043151761,3.2369761094,0.3952789695,1.121814043,0.1461802018,-0.53153259221281,-1.7969844061917408,-2.228108952080567,1
80,425.0642934598922,15773,45,37.1073276271047,0.2011,0.0290566688,0.0879419845,3.117548563,0.3243693676,0.32815,0.0407839123,0.1742776412,2.5410916799,0.0126634317,0.47075,0.0411787263,0.1660116428,2.6470126259,-0.1239787124,0.0379,0.0103966341,0.0527211891,3.8704246651,0.1336819002,0.4351546392,0.1150491908,0.9044523968,2.0723695029,-0.1167372667,0.0836082474,0.0739313636,0.8880026553,3.4399566783,1.2196213447,0.4812371134,0.0601202872,0.7140824009,2.3927933393,-0.4769076086,0.0518556701,0.0132641597,0.1833171409,3.6163795146,0.3528521453,0.4980723151,0.3021780823,0.0015279346,0.001076155,0.9041730861,0.067390847,2.7312560005,0.7988587808,0.0304661069,0.5506082911,-6.7156e-06,3.62104e-05,4.39408e-05,2.66584e-05,0.1602794904,0.1449920804,2.8614823417,0.3780010133,0.0787903332,0.2111843501,0.49599,0.0189841157,0.0390258325,0.003206657,0.1098789822,0.1460983142,2.762646616,0.2782195152,0.0332060073,0.184703764,0.4569003715,0.2770160475,0.0185406096,0.011231591,0.9783788201,0.0067253885,2.4146119153,0.185383748,0.7849929839,0.1117969185,-0.0005205637,0.0003205155,0.0002145762,0.0001295866,0.9560075318,0.0155945462,2.4694966923,0.3184319945,0.7769726084,0.1581140327,0.1484023272,0.0181495788,0.1419136231,0.0094912879,0.9499449222,0.0135021946,2.7638676294,0.3269253241,0.9707115365,0.1444226662,-0.23533542417210362,0.5738574160503548,-2.142751691855652,1
81,113.55254597968782,4027,66,35.463757903942955,0.23745,0.0437749643,0.4582021265,2.8226123624,0.1853713066,0.23855,0.0525941774,0.5820061359,2.7412156266,-0.2342053754,0.524,0.0383731677,0.1452647371,2.4147032898,0.1393429102,0.04015,0.0100113685,0.436206362,2.8265278922,0.2054427779,0.3808974359,0.1089187641,0.9140113409,1.9774499345,-0.1591689932,0.0911538462,0.0825938591,0.9265996592,2.8024120038,0.9806448915,0.5279487179,0.0479679106,0.5621426219,2.9424294094,-0.4325338385,0.0485897436,0.0134425996,0.3480906848,2.1949908907,0.4517873234,0.4931117879,0.2997619483,0.0024310128,0.0017702243,0.9293335878,0.0406430584,2.2748445406,0.3600863986,0.0056708591,0.3077063228,4.256e-06,6.02013e-05,6.67404e-05,4.21873e-05,0.2644236669,0.1680688426,3.0382671785,0.4884176563,0.0229910839,0.2515338187,0.4957125,0.0259059929,0.0404116896,0.0034827749,0.2018487811,0.1486467184,2.8992608097,0.5132298639,-0.0622589001,0.1576918787,0.4411808372,0.2668233916,0.0264166012,0.016074658,0.9768158348,0.0094116733,2.1777360597,0.24753389,0.6342943115,0.1425345076,-0.0008450847,0.0005299715,0.0003819966,0.0002319926,0.9602712172,0.0134712198,2.2059497417,0.3077413189,0.6211448277,0.179047826,0.1563700831,0.0218671687,0.1465267444,0.0119281256,0.9470439116,0.016226856,2.5927228352,0.4341132925,0.873760938,0.1979776817,1.035131281352749,2.675309682953684,-1.6577477564842888,1
82,589.9976837741779,20056,38,33.99335379031157,0.24815,0.0344285855,0.2949412778,2.6704426452,0.3414344461,0.2584,0.0362827783,0.0908768998,2.9378154911,0.3637775603,0.49345,0.0461502709,0.2118631492,2.672912884,-0.0111527252,0.03875,0.0112110437,0.0574108818,2.9750655334,0.1167643498,0.4619282511,0.1013655829,0.8878794146,2.1865930057,-0.3884371295,0.0804484305,0.062740306,0.8670383238,3.8930068541,1.1409756909,0.4576233184,0.0520581065,0.6273480897,2.7947524827,0.0263571567,0.0416143498,0.0110581087,0.0574708284,3.1722259521,0.3598091921,0.4976733462,0.3022262512,0.0005548948,0.0003892398,0.934092156,0.0361708262,2.4619145352,0.5374198334,0.0523380507,0.4022235569,-2.2388e-06,1.1028e-05,1.37474e-05,8.2361e-06,0.2872061224,0.1451691302,2.8800425874,0.4833040554,0.0277409383,0.247311086,0.4907725,0.0230333643,0.0398693545,0.003929306,0.1806512066,0.1448825297,3.0141169313,0.4080581915,0.0238061549,0.2025238401,0.4481283599,0.3000728546,0.0214704807,0.0145296153,0.9946090079,0.0018707755,2.177711819,0.0725544266,0.6184134955,0.0553010618,-0.0001531026,9.91811e-05,5.93563e-05,4.07766e-05,0.9635878683,0.0025611277,2.6456070887,0.1885656298,0.8252558202,0.0587916622,0.1448309782,0.0175889994,0.1280754876,0.0076725304,0.9587640486,0.0061190899,2.9937042398,0.2654791819,1.0149090594,0.1019073331,-0.7854425207350936,-1.5398813217519287,-2.874418602183276,1
88,351.1550478649121,12989,40,36.98935862940183,0.2612,0.0431863404,0.5077822169,2.7496313383,0.5191693554,0.22,0.0384252521,0.32787171,2.2503302386,0.0485151246,0.5188,0.0345913284,0.1187531936,3.138420947,0.1363677746,0.04065,0.010335739,0.1995927077,2.4069459358,0.2061889905,0.4856666667,0.1021224755,0.9022709614,2.0952947086,-0.2671429111,0.0996111111,0.0688324365,0.9096361389,2.0649032542,0.6086215082,0.4147222222,0.0463223075,0.4950213088,2.8144573813,-0.3248990934,0.0401666667,0.0106835803,0.0215760027,4.5768657692,0.5648290039,0.4976015756,0.3027216301,0.0013917494,0.0007953217,0.9488164719,0.0422880174,2.3776393198,0.4634925439,-0.0236757016,0.484782829,-6.151e-07,2.96204e-05,3.23494e-05,1.79735e-05,0.2124724795,0.1501798325,2.8698785022,0.4858316902,-0.042146398,0.2453160762,0.49115,0.0263889371,0.0389152218,0.0040412882,0.1548178776,0.1098821101,2.9437589243,0.3067625075,-0.0718331856,0.2445893774,0.4461023036,0.2742934051,0.0245693758,0.0148890075,0.9880079913,0.0044938799,2.0590052538,0.1081214176,0.5313653486,0.1052958331,-0.0004635178,0.0002765854,0.0002020813,0.000123283,0.9650897685,0.0069334048,2.3014368258,0.1444045066,0.6514293119,0.1064615825,0.1600955369,0.026618327,0.1391073068,0.011515543,0.9502811365,0.0133925834,2.6831154064,0.2636511392,0.8811549688,0.1531817517,-1.081558393714658,0.9507192090136165,-1.544349855351224,1
91,165.10779479220537,6389,35,38.69593200030808,0.22275,0.0373455151,0.2153959963,3.0787950017,0.1971626676,0.23845,0.033186556,-0.0600168235,3.3618606611,0.4014026716,0.5388,0.0374040105,0.1223416195,3.0816381367,-0.264027057,0.0402,0.0101469207,-0.0635674471,3.5197202435,0.7640426953,0.4288888889,0.1003204741,0.9159900879,2.1357722952,-0.1579831009,0.077345679,0.0670502227,0.9116665089,2.9885926924,0.9953211736,0.4937654321,0.0497867729,0.5659578312,2.6020049331,-0.3028687338,0.0428395062,0.0135158405,0.3560139086,3.3368682131,0.1542444848,0.4955115932,0.3003642341,0.001886384,0.0013404981,0.944206306,0.0299295183,2.5138280788,0.5682244293,0.0416894926,0.513157259,-6.6598e-06,3.11149e-05,4.34369e-05,2.66993e-05,0.1621139072,0.1734272754,2.7578112883,0.403341055,0.0252972819,0.2032316845,0.4941675,0.0246260801,0.0387892537,0.0042801192,0.1441831172,0.1321119909,2.8424114739,0.3916497336,0.0072800009,0.2628522638,0.4467674368,0.2718148423,0.021144869,0.0130726117,0.9810618532,0.0052557664,2.3153174218,0.207109018,0.7250888928,0.1372859501,-0.000502752,0.0003023129,0.0002256616,0.000138636,0.9613404103,0.0057964775,2.3552200961,0.220421963,0.7138190671,0.1453892851,0.1592481129,0.016212531,0.1486653643,0.0107243273,0.9531014469,0.0085948708,2.6032033898,0.3063652368,0.8987069752,0.1636531802,-0.7919103709212374,1.9215499789685402,-1.8887691453424706,1
94,111.23857835382375,4060,60,36.49812915700967,0.2511,0.0440373705,0.5051405245,2.2935163568,0.1434289843,0.28715,0.0380871041,0.519723915,3.2907586694,0.4486818866,0.46175,0.0438028253,0.2949432541,2.3764342324,0.2137308495,0.0329,0.0102513414,0.090266558,2.5577472616,0.219367907,0.4706779661,0.10033612,0.8414011267,2.3312154133,-0.29127503,0.0751694915,0.0683706629,0.8335139553,3.9722405338,1.2063213043,0.4541525424,0.0481976206,0.4863030428,2.1819500601,-0.2579550107,0.0491525424,0.0112804219,0.0504774388,3.9096060847,0.8398130569,0.4792863328,0.2939493832,0.0031964782,0.0024824916,0.9133100469,0.0590314652,2.3495111294,0.4029272051,0.0819199605,0.3217659552,3.34065e-05,0.000102616,9.35981e-05,6.26298e-05,0.2598779778,0.1505387287,2.9162309277,0.5629484056,0.0796469875,0.2380603294,0.51283,0.0269887866,0.0410530685,0.0040208288,0.2197209065,0.1309165695,2.9565968833,0.4485026816,0.0451200877,0.2441589207,0.427054075,0.2585248162,0.0281560293,0.0172341518,0.9688809699,0.0162646437,2.354812334,0.1826991062,0.7503714575,0.1154230357,-0.0011101581,0.0006935407,0.0004774141,0.0002918198,0.9508523136,0.0214981496,2.391981392,0.1798446231,0.7421712369,0.108175076,0.1488457596,0.0202296749,0.1467157341,0.0164719886,0.937513828,0.0313096881,2.6806967562,0.3080654339,0.9477806543,0.1581274295,4.052707485044697,2.567890413352043,-1.3633506662584955,1
96,255.5971453765868,8729,56,34.15139862825554,0.24305,0.036379218,0.3848591317,2.3522569691,0.0856422969,0.3482,0.0415242098,0.2002447937,3.1601706507,0.1491907083,0.40875,0.038680583,0.1016770063,2.7530531607,0.071041375,0.03265,0.0094195276,0.0698560935,5.7056950875,0.9269963012,0.5231048387,0.1344411862,0.9162726596,2.0006497938,-0.3542855891,0.0599193548,0.0524557566,0.9078278196,4.1892529711,1.2481545812,0.4169758065,0.0896494485,0.8343983568,1.875891582,0.087199155,0.0442741935,0.0107518481,0.0791637427,3.1580283691,0.3488095303,0.4966038056,0.3026014788,0.0014787551,0.0010707543,0.939446237,0.0482603462,2.3617019442,0.5673077364,0.0678482194,0.5316190344,9.8216e-06,3.13809e-05,4.22321e-05,2.63476e-05,0.4131400325,0.1791923833,2.807708372,0.4428465157,-0.0754385919,0.259715131,0.504545,0.0296635083,0.0452565516,0.0072414632,0.3392030524,0.1719141741,2.8552576418,0.497890086,0.0017763405,0.2164923705,0.4548700945,0.2775419237,0.0200733323,0.0119569771,0.984487203,0.0053290156,2.2821350741,0.1495129165,0.6766589906,0.1023899208,-0.0004590468,0.0002803839,0.0001835965,0.0001117101,0.9576877633,0.0159914524,2.9150008713,0.3730318335,0.9725831573,0.1569737248,0.1422666762,0.013067789,0.137814235,0.0078774969,0.9503189016,0.0114422163,3.213865869,0.5081348728,1.1381518864,0.1805354469,3.094246091912099,-2.619382954052237,-3.837897741353105,1
99,180.79912262707933,6616,36,36.593097930272165,0.27705,0.0452387831,0.491055546,3.1397142639,0.7708339783,0.2745,0.0412583325,0.5481415012,2.1210085155,0.0867980451,0.44845,0.0405197174,0.1192254608,4.0201787799,-0.2279208503,0.03405,0.0105521325,0.2152016143,3.1994708785,0.244220501,0.4947368421,0.1347192371,0.9270010104,2.0494588866,-0.1101392308,0.0986842105,0.0754912352,0.9282745614,2.3332095911,0.6742083593,0.4065789474,0.06887828,0.796482368,2.2084038113,-0.271059983,0.0432236842,0.0115195471,0.2582727426,2.8183055585,0.0821544617,0.4853106005,0.2943733159,0.002886242,0.0022081096,0.9376452941,0.0351741739,2.3609573516,0.5019696093,0.1305062364,0.4903685069,-1.78228e-05,6.67121e-05,7.96855e-05,4.92496e-05,0.3844251235,0.2255538818,2.7044092265,0.3425449733,0.0649455411,0.20504861,0.5015325,0.0248301494,0.0442616049,0.0082074939,0.3449078908,0.1730424459,2.6682733686,0.262042222,-0.0476504654,0.2238850541,0.4373232554,0.2660595319,0.0268736814,0.0164659048,0.9724886913,0.0120770651,2.2762916485,0.2097005606,0.7115300164,0.1328179622,-0.0008926572,0.0005350139,0.0004281568,0.0002627869,0.9553556678,0.0197107801,2.2007385806,0.3724511502,0.6278440558,0.2028665515,0.1653861985,0.0215046464,0.1526992923,0.014054362,0.9476639828,0.0142303463,2.3344054862,0.309228571,0.7714584036,0.1656884678,3.916182448207724,3.1474757022380024,-1.6856819030520511,1
101,125.15820717651792,4727,26,37.76819839975205,0.2872,0.0344696968,0.1181351615,3.3292377443,-0.2819523574,0.30135,0.0618257835,0.6682951948,2.4247949912,0.4804217179,0.41145,0.0519629435,0.6073306165,2.3753932195,-0.0515113909,0.0334,0.0083630138,-0.0108075017,3.1103172792,0.1022517708,0.4176415094,0.075019518,0.7063156749,2.5995432097,-0.3010906751,0.0724528302,0.0698017587,0.9082005413,2.7089484313,1.0485320382,0.5099056604,0.0433990975,0.1717015508,3.6158269374,0.0284785051,0.0494339623,0.0142967333,0.288714954,2.6559390025,0.4432898449,0.495079052,0.3013941139,0.0026130788,0.0015993181,0.9293093226,0.0411085377,2.5264934776,0.5409400269,0.2210994192,0.3553109303,7.487e-06,9.03635e-05,7.44098e-05,4.49767e-05,0.3282574737,0.1490103736,2.7356938718,0.2519354091,0.0423097994,0.2371447298,0.4983,0.0340958465,0.040975103,0.0044720451,0.2579974215,0.1432719483,2.8712977776,0.4603096396,0.0863134758,0.2561191033,0.4488554894,0.2724651052,0.0190632383,0.0118808925,0.9676759568,0.0076249804,2.5780957999,0.2029312803,0.8623324029,0.1064907005,-0.0007643223,0.000465789,0.0003130283,0.000196828,0.9437562346,0.0109706905,2.6546092891,0.195357204,0.8623190578,0.0885352834,0.1447851744,0.0164251969,0.1430851291,0.0131580991,0.9397888534,0.012313353,2.8500025953,0.3331070765,1.0180337935,0.1342602063,2.3525259572406183,-0.3759392670610063,-1.6214379046923761,1
105,254.35008360463547,9365,66,36.8193313219313,0.2684,0.0426373076,0.351496228,2.7833811777,-0.3154643264,0.24675,0.0334542598,0.193280617,3.5243225027,-0.0281062788,0.48485,0.037185044,0.1807602893,3.7953815805,-0.2887485056,0.03955,0.0102736313,0.043085104,2.9264864597,0.1211135808,0.4975,0.1067219909,0.8611258879,2.1888885368,-0.3557465278,0.0798888889,0.0483619328,0.8526795589,2.6145134893,0.7274626309,0.4226111111,0.0662915605,0.6662465568,2.26547196,0.1785189466,0.0392222222,0.0093068407,0.0741157223,2.6986356482,0.3512236395,0.4965455668,0.3009371697,0.0015216398,0.0011267581,0.9379967033,0.0315327476,2.7633610881,0.5739682811,-0.2707558196,0.4917016683,1.11603e-05,2.53019e-05,4.06062e-05,2.61297e-05,0.3211123838,0.1359173697,2.8293345054,0.3810372041,-0.0287059738,0.258411649,0.5075575,0.0250952499,0.039905505,0.0041473845,0.2309992388,0.1284992006,2.8862189053,0.3073838849,0.01606926,0.2350593986,0.4518600107,0.2760620154,0.0189801471,0.0116737729,0.982669023,0.0072780706,2.3963327421,0.2487286964,0.7500474305,0.1429043607,-0.0004744426,0.0002893042,0.0001740321,0.0001064537,0.9452809182,0.0134294516,3.0679197007,0.3846068787,0.9462646972,0.14081849,0.1382984838,0.0147144297,0.1308217305,0.0077330484,0.9411199701,0.0146335341,3.3444623921,0.4583877061,1.1257686078,0.1629416539,1.5819341479972464,-1.8514798469575973,-2.2730059180842397,1
108,169.2541728448166,6229,9,36.80263768569628,0.23195,0.0340065802,0.2708338142,2.9538615371,0.6057854258,0.29385,0.0446029988,0.3000058209,2.809176102,-0.083633873,0.4742,0.0431898136,0.2280548566,2.8074845523,0.182584969,0.02955,0.0099018938,0.1643418526,3.2986290142,0.457024814,0.431484375,0.1357435533,0.8998248215,1.7968432964,-0.0429539905,0.09984375,0.0742776082,0.9258639401,2.0794902622,0.5037598763,0.468671875,0.073096908,0.6511901718,1.8476848498,-0.2384433863,0.046796875,0.0117049398,0.1716189699,8.0974711941,1.3030565318,0.4902774847,0.2976209179,0.0036120671,0.0031200457,0.9577216186,0.0366937573,2.4816968683,0.8775782734,0.0250532705,0.6660456454,9.0659e-06,7.88166e-05,8.41573e-05,5.92718e-05,0.4306274149,0.1834038198,2.8396111885,0.3798958941,0.0972428669,0.3310466329,0.5041425,0.0261973294,0.0424333954,0.004090731,0.3148719822,0.1551248236,2.878088908,0.4261049252,0.0665821748,0.2510130337,0.4376696046,0.2659060386,0.0265786122,0.0163460326,0.9735156498,0.0128395824,2.1591194394,0.1522944821,0.6310245928,0.106032032,-0.0009811658,0.0005918419,0.0004439712,0.0002736566,0.9552265173,0.0187352666,2.1991817773,0.1603988849,0.6329024256,0.1052003606,0.1529569513,0.0231553422,0.1463506579,0.0174188437,0.9425988274,0.013970193,2.5603313361,0.3030503431,0.8835388348,0.1500110289,1.8573687790039795,3.6320276868323402,-1.7206927863028396,1
112,105.43083447113123,3994,28,37.88265567691798,0.23905,0.0366380608,0.3713553811,2.7798405132,-0.0109737937,0.2097,0.0357758298,0.0583603648,2.7039508936,0.1186823479,0.55125,0.0425169084,0.0976695976,3.0165296808,-0.1357324996,0.04225,0.0112555542,0.0701899012,2.6673370281,-0.0790926733,0.4233076923,0.1242184085,0.9133119015,2.2262211885,-0.1865025593,0.0783076923,0.0837132327,0.9292198502,3.038682334,1.1965024587,0.4983846154,0.0630878977,0.6802050417,3.2132039817,-0.7632031379,0.0537692308,0.0147291122,0.3136211608,2.1850512362,0.1838604945,0.4871216632,0.2965635032,0.0020446298,0.0014108266,0.8995016497,0.0899772193,2.4022494816,0.4882832676,-0.0882565434,0.3071936863,1.38996e-05,7.23702e-05,6.61469e-05,4.08464e-05,0.2851904681,0.1542653831,2.93117716,0.4883813985,-0.0164365141,0.1719470073,0.5051825,0.026041017,0.0413054912,0.0049473244,0.2126330581,0.1556796779,3.0560826588,0.4397069655,-0.0709320237,0.2280595867,0.4460819246,0.2700784333,0.0235225144,0.0141413091,0.9733836381,0.0080905545,2.1837731609,0.124297633,0.6568932009,0.0870245623,-0.000902032,0.0005618151,0.0004068754,0.0002447994,0.9577012577,0.0101230942,2.1764979857,0.1259511262,0.639907305,0.0806330999,0.1534651916,0.0192674548,0.1492675523,0.012560948,0.939379685,0.0146169897,2.5908490216,0.3333260716,0.9050948631,0.1402588085,0.7815462223312326,3.818762600551767,-2.0161088324801035,1
113,104.12030685654274,3919,8,37.63915146158385,0.3083,0.0457778331,0.4599756619,3.3429048728,-0.1917752474,0.21475,0.0364168574,0.2293707029,2.8922700697,-0.1192985699,0.47695,0.0408772247,-0.0071080242,3.2846999425,0.1695558638,0.03495,0.0106652473,0.1520008705,2.8450920891,0.2850542911,0.555483871,0.1476829365,0.9436935335,1.7628550108,-0.1829846967,0.0658870968,0.0664753422,0.9287522764,2.3368424268,0.8347050658,0.3786290323,0.0896506182,0.873817593,1.9332954438,-0.2124567422,0.0408870968,0.0093981893,0.2075769896,2.9991627032,0.5150526548,0.4940253696,0.3014935179,0.0036651647,0.0026346368,0.943684183,0.0236899298,2.2188374028,0.5056725844,-0.0094549643,0.4226261866,4.1156e-06,0.000103266,0.0001131073,7.59858e-05,0.4429381681,0.1801216224,2.8322710639,0.4029665193,-0.0020474197,0.2829395369,0.4956275,0.0301485218,0.0463155108,0.0061264863,0.3502138543,0.1359605967,2.7551812827,0.3554469804,-0.0563104712,0.1917025136,0.4410060438,0.2686503168,0.0229681273,0.0141525837,0.9632483735,0.0101763803,2.3729951389,0.1689411764,0.77009266,0.0987741641,-0.0011134706,0.0006556219,0.0004884433,0.0003024514,0.9444615849,0.0134334213,2.4316624838,0.2090286784,0.7715793814,0.1122863654,0.1484070738,0.0166949732,0.1491988141,0.0119379179,0.9335322103,0.0115121974,2.71075238,0.3347417487,0.9624476926,0.1520584502,4.224489385931689,2.5440545938810044,-2.5068248549004064,1
114,291.41198533139124,10327,72,35.437801188088486,0.2567,0.0435500861,0.4644705676,2.7312741438,0.2637170423,0.22545,0.0401129343,0.3556180248,2.4531647579,0.1904362566,0.51785,0.0428033585,0.247695397,2.7979531525,0.0487548042,0.0341,0.0109402925,0.0762809614,2.670387633,0.2015298697,0.5313291139,0.1115475401,0.8909296867,2.9533672735,-0.8453022401,0.0587341772,0.0623001532,0.8698630123,4.6005787142,1.593365097,0.4099367089,0.0611001133,0.6654945979,2.9494770202,0.2480793759,0.0437974684,0.0116166399,0.0830444393,3.7501794725,0.7527488745,0.4952211838,0.3015519088,0.0017296047,0.0014115104,0.9217257531,0.0541304476,2.4870519509,0.9105198248,0.0694253784,0.4850003484,1.33523e-05,5.51359e-05,5.17608e-05,3.38792e-05,0.4300987177,0.1652003887,2.7360792435,0.3886112738,0.0158860421,0.2924902106,0.5073375,0.0363353577,0.0473151562,0.0089367984,0.3967488646,0.174902042,2.6613642198,0.3074860007,-0.0296426441,0.1945857877,0.4380413374,0.2662904785,0.0255169945,0.0155765935,0.9828689589,0.0080642779,2.2860479476,0.3212075289,0.6984174328,0.1602494616,-0.00049399,0.0002982091,0.0002358643,0.0001474082,0.9628405126,0.0108432708,2.1672289774,0.2875885374,0.6071515924,0.1788953582,0.1691243912,0.0280070319,0.1526580828,0.0144799415,0.9584397422,0.0079147548,2.327039767,0.4239392359,0.7432935457,0.2377770337,3.626887177406542,-0.4862953520148623,-1.5779164495233449,1
115,108.387045872234,3906,9,36.03751692434139,0.25035,0.0416008113,0.4164028372,3.5301357252,0.2675034703,0.233,0.046233105,0.5234413802,2.7157966964,0.2903213214,0.51665,0.0496993712,0.3819032366,3.6468683646,0.280469652,0.03875,0.0106858551,0.1723377876,2.8292767761,0.3392142883,0.4822413793,0.1625607908,0.9536597149,1.7033288031,-0.0552271221,0.0968103448,0.0791806004,0.9343342301,2.7305946978,0.7683116425,0.4209482759,0.0941269177,0.8605550747,2.0458067089,-0.1149811533,0.0381896552,0.0109346915,0.2033184856,3.84747103,0.4764912672,0.4908471939,0.29876231,0.0035550074,0.0022754274,0.9455774852,0.0377422686,2.4496047581,0.5553701582,0.1193904273,0.4572247015,-2.65269e-05,8.00903e-05,0.0001060608,6.4434e-05,0.4404881836,0.1584437958,2.825390041,0.3887294029,0.0674116853,0.3022786648,0.489125,0.0257863166,0.0445818604,0.0039443596,0.3171891614,0.1456092999,2.8951605935,0.3179096813,0.0792192181,0.2667734746,0.4388031924,0.2654412439,0.0305663218,0.0179922575,0.9689442366,0.0183435327,2.066089551,0.1739910723,0.5680050456,0.1310438709,-0.0013861479,0.0008617683,0.0006396777,0.0003784654,0.9511178831,0.0351918138,2.1349811578,0.2830046415,0.58825421,0.1629201661,0.1548269378,0.024351078,0.1469509701,0.0125869808,0.9346788793,0.0227642441,2.5431214065,0.3212531459,0.8667930601,0.1890200591,4.22367151617663,3.52726903933273,-1.236694086239429,1
124,202.58510898729244,7421,44,36.6315176722367,0.24015,0.0326531392,-0.0264932548,3.0346052739,-0.0886398368,0.30605,0.0374051801,0.2055769533,3.3125528896,-0.1519473947,0.4538,0.0390264013,-0.1853053446,3.3651555688,0.4245026024,0.03425,0.0099341582,0.100443497,2.3894637542,-0.136458951,0.5109615385,0.1341158313,0.9212305329,2.1328205676,-0.2661982454,0.0902403846,0.0787137579,0.9115739942,3.1958124117,1.0615523723,0.3987980769,0.0699604806,0.6972142436,2.4061236762,-0.2009321465,0.0392307692,0.0101850482,-0.0340279211,2.6837560887,0.3862704802,0.4964448066,0.3021953396,0.001724081,0.0012103912,0.9325130912,0.0333598343,2.5223400247,0.6850022171,0.1217134074,0.4870022672,5.4713e-06,4.71327e-05,4.91923e-05,3.15649e-05,0.3297197186,0.1503125523,2.7095520251,0.3696461309,-0.0908470844,0.1760439263,0.5019975,0.0248694415,0.0423238266,0.0055477091,0.2250339729,0.1582979392,2.8393560982,0.455505359,-0.0464333195,0.2900827146,0.4484938119,0.2735641923,0.0243402733,0.0144311784,0.9836798212,0.0078424562,2.2551344356,0.4628590759,0.6527338014,0.2186856027,-0.0005663928,0.000333319,0.0002364352,0.0001419673,0.957792045,0.0111283958,2.5411734161,0.4511237809,0.7455790725,0.2268119243,0.1492766906,0.0214065789,0.1382910693,0.0125386435,0.9463395824,0.0134888137,2.9200662387,0.3829835078,0.9832543026,0.1952288965,1.687386982342055,-0.3596205988621946,-1.1912143447670227,1
130,112.2036069443212,4218,20,37.592374388580026,0.29855,0.0452288348,0.517369537,2.9386817236,0.3583771926,0.27815,0.0408206749,0.4451866595,2.8075422367,-0.1182259373,0.4233,0.0450123316,0.2535267882,3.0051970706,-0.116879754,0.03525,0.0097564082,0.0779978857,2.3875972234,-0.3366644299,0.4787142857,0.1188537087,0.9322256524,1.7521403381,-0.2577460796,0.0691428571,0.0401690306,0.8872614276,2.4493062962,0.1886657997,0.4521428571,0.0828793074,0.8762593408,1.7026477046,0.2817142341,0.0478571429,0.0148941846,0.0223330146,4.1345681039,0.8529085631,0.4921105261,0.2989456699,0.0030352423,0.0020959354,0.9191957171,0.0401632946,2.4375242316,0.4954945003,0.0360394173,0.4405743329,2.00964e-05,8.09122e-05,0.0001122007,7.25223e-05,0.5080231362,0.1598977023,2.7614460859,0.4019771257,0.0591713747,0.2706369378,0.50598,0.0270724879,0.0481686372,0.0088897353,0.404589928,0.1814686376,2.8465160149,0.3505192269,0.0053937603,0.3334022373,0.4507589338,0.2731534683,0.017073459,0.0107103642,0.9495642284,0.0251120732,2.5568451987,0.3373377779,0.8836968971,0.1694843767,-0.0010808167,0.0006713483,0.0004590587,0.0002869101,0.9304834955,0.0219865975,2.6083771663,0.3558503038,0.8852194116,0.1751994845,0.1391703008,0.0162011868,0.1456194083,0.0143277856,0.926572476,0.014174631,2.9399695788,0.5316056757,1.0609337925,0.2467639743,5.332868622290427,-0.13950201823569752,-1.9292773575892987,1
135,112.01003275468445,3943,12,35.20220379397306,0.29295,0.0355323444,0.0752999887,3.2236607223,0.0821874199,0.3171,0.0485395715,0.554238711,3.332140254,0.64154917,0.38995,0.0537703217,0.711246085,2.4585656221,-0.2643875471,0.03445,0.0079023731,0.1072904945,2.3918865649,0.1356778046,0.5327777778,0.1561875689,0.9499122492,1.8784461438,-0.3130307958,0.1187878788,0.0816128175,0.9132319371,2.2634751698,0.5745612801,0.3484343434,0.0817042167,0.8690507562,2.1582747244,0.2403916854,0.0393434343,0.0088946262,0.0998175302,3.0231603237,-0.1136813284,0.4967679555,0.3016380062,0.0019815607,0.0015025286,0.9231795243,0.0534454492,2.3134337431,0.5061353687,0.0382167173,0.3791580465,-5.5373e-06,2.94231e-05,5.23152e-05,3.1747e-05,0.2796935535,0.1329836271,2.8376073553,0.3474375084,0.0316555026,0.2582837512,0.4966625,0.0181684058,0.0400087571,0.0041148489,0.1997452886,0.1548132199,2.8265611301,0.3162371157,0.0579130867,0.2287370794,0.4647113802,0.2820966089,0.0161825966,0.0100370711,0.9726433402,0.0095290329,2.3045177766,0.1668987958,0.6846727257,0.110412676,-0.0005410999,0.0003292649,0.0002416595,0.0001501537,0.9480543005,0.0249805607,2.3651657001,0.1447834908,0.6938415227,0.084724563,0.1609024467,0.0187713765,0.1484394148,0.0101834751,0.9440801933,0.0238736834,2.5325141155,0.2494206983,0.8653617499,0.1245138254,2.9064603056840714,0.3441218169079407,-1.690210358701158,1
139,154.71366786211485,5558,21,35.92442785955696,0.2439,0.0382921663,0.2392008717,2.5913905422,-0.0037831123,0.2508,0.0388247344,0.3241112187,2.5042528594,0.3451527641,0.5053,0.0328543757,-0.077825577,3.3399886184,-0.0787854689,0.03655,0.0083873417,-0.0458691025,2.8549261882,0.0261178054,0.4305045872,0.1081961033,0.8869191519,2.1097144933,0.0130347857,0.0767431193,0.0703933123,0.9141990429,2.7107385966,0.9365266712,0.4927522936,0.0568899075,0.5543109902,3.3364422451,-0.4787082221,0.0450917431,0.0122658183,0.2530528561,2.8968245864,0.4672496308,0.5000809681,0.304344974,0.0016678815,0.0012312753,0.9527351672,0.0310388543,2.3070923857,0.5941990078,-0.0926999932,0.5282244692,3.6201e-06,4.38716e-05,3.59056e-05,2.20632e-05,0.2050655354,0.155359595,2.8082558185,0.3490196958,0.0133457268,0.2445446133,0.4979125,0.0356460302,0.0380495688,0.0040737809,0.1316061006,0.1484543724,2.8272558918,0.3245748102,0.0509326179,0.2167414264,0.4502663405,0.2732820476,0.0204331765,0.0124713023,0.9836431861,0.0051116812,2.1998705625,0.0979392415,0.6592352538,0.0743390102,-0.0004455374,0.0002720636,0.0002007713,0.0001223169,0.9632218324,0.0063447192,2.2540672321,0.1474923737,0.6504953998,0.0931692633,0.16184763,0.0152516506,0.1481624301,0.0065956229,0.9530022341,0.0064392731,2.5165588515,0.2161898435,0.8457654135,0.1158450454,-1.5131610968288527,1.9431841340618785,-2.57071163355604,1
141,223.0319732422052,8374,6,37.546186218359466,0.2092,0.0345305662,0.3455044238,2.6155380057,0.3553839571,0.32015,0.0516452079,0.385812713,2.5782378005,-0.0577969769,0.47065,0.0491663249,0.2959480056,2.6846478105,0.3498258203,0.03275,0.0089547473,0.0320812715,2.7406665132,0.5033101031,0.5008333333,0.1425097463,0.9192269152,1.8704688183,-0.0818913395,0.0841666667,0.0724425059,0.9048703603,3.040193668,0.9134992135,0.415,0.0805450185,0.8131152921,2.1401588698,-0.3680768488,0.0419444444,0.0106899341,-0.0264541486,3.178326322,0.1190993101,0.4988990432,0.3027074261,0.0022188801,0.0013945891,0.9355473696,0.04309184,2.2980430529,0.4566482415,0.0389306252,0.362607106,2.414e-07,6.68452e-05,5.93813e-05,3.6111e-05,0.299047249,0.1374853987,2.8234260223,0.3407435865,0.0755544946,0.1850963004,0.494635,0.031119753,0.0407199243,0.0057632901,0.2114527471,0.1430590895,2.8456132984,0.2348648665,0.0033746621,0.2128568709,0.4439305797,0.2690102446,0.0262087685,0.0161311786,0.9774134176,0.010346327,2.2635672538,0.157103809,0.7054308561,0.1070505057,-0.0007743717,0.0004784992,0.0003527269,0.0002156679,0.9607154291,0.0152586537,2.2674240107,0.1963118231,0.6867315962,0.11923028,0.152507465,0.0137022288,0.1490218848,0.0117625417,0.9505130354,0.0118726831,2.5673151235,0.2258397903,0.9058273085,0.1101722919,2.2201946737507567,2.1361397770610635,-2.602177239182382,1
143,167.75667296863753,5820,50,34.69310577641261,0.2397,0.0393307768,0.4592949831,2.1785360047,0.0259650817,0.28595,0.0365492476,0.3448922006,2.5174642195,0.0224934925,0.47435,0.0366991485,0.0622917103,2.9929263534,0.3963455364,0.03525,0.0097564082,0.2174603904,2.759258884,-0.005552187,0.4971014493,0.1284732132,0.9200525878,1.9847388515,-0.155209339,0.0752898551,0.06263469,0.8853405992,2.7362962987,0.9487028459,0.4276086957,0.074748897,0.8155516544,2.0330677952,-0.3420927299,0.0435507246,0.0107373603,0.0571010013,2.6575066528,0.3693351903,0.4911470868,0.2988950764,0.0019739551,0.0011575615,0.9318322364,0.0504331154,2.5195952587,0.5743809017,-0.0884050485,0.4252560646,1.51655e-05,8.54263e-05,6.56466e-05,3.86334e-05,0.4095754518,0.1598350444,3.0321881488,0.4073485512,0.1037773032,0.2814984606,0.5068175,0.0381380626,0.0439267044,0.0062703284,0.2881824238,0.1838870433,2.8936389185,0.4211017692,0.0730541084,0.2331869364,0.4526673224,0.2748406479,0.0184951154,0.0111329221,0.9732315478,0.0084040375,2.3692572514,0.203475703,0.732476977,0.1210462733,-0.0007616179,0.0004647236,0.0002975546,0.0001803598,0.9358435283,0.0093678694,3.1255482081,0.5912676701,0.9936486179,0.1969710136,0.146759173,0.0193550566,0.1398779333,0.0134652198,0.9369440811,0.0095559141,3.244243712,0.6358092939,1.1067558843,0.2166768237,3.687644242598442,-1.5566430107404283,-2.912865832783165,1
148,120.57469342610004,4407,69,36.54995816100532,0.27085,0.0442947796,0.5371746476,2.9811214971,-0.0795101485,0.2137,0.0485675818,0.6835610988,2.4099513796,0.2442269676,0.51545,0.041286166,0.1919467441,2.483534471,-0.3611049087,0.03985,0.0105937482,0.0314061203,3.3416127786,0.3105834672,0.4722321429,0.1180606671,0.8762803558,1.876025047,-0.2691387882,0.0861607143,0.0796812347,0.8857184233,3.0436474543,0.9351703609,0.4416071429,0.053310974,0.4804920355,2.3724592246,-0.1574698433,0.0452678571,0.0113554441,0.0999334149,2.2471388776,0.1441672587,0.4949224793,0.3000347739,0.002174648,0.0016826143,0.9381962824,0.0422237859,2.5606665257,0.818293738,-0.186444396,0.4845410357,1.12254e-05,6.82719e-05,6.12018e-05,4.04809e-05,0.3038691563,0.169983281,2.9270016453,0.4462761945,-0.1314967389,0.2626867889,0.5116375,0.0373380666,0.0420964905,0.0057715133,0.2656215764,0.1401907022,2.8864743226,0.4508576041,-0.0499067785,0.223848364,0.4496127409,0.2728869684,0.0226624046,0.0143887974,0.9734781987,0.0118076656,2.2355814072,0.2291326126,0.6872387405,0.1495225109,-0.0008011204,0.0004907392,0.0003680344,0.0002327087,0.95941588,0.0143136275,2.2578397434,0.2291388441,0.6814865748,0.1481554697,0.1495638649,0.0182650783,0.1478605746,0.0138059405,0.9438351441,0.0113631885,2.683836973,0.3819937283,0.9394289214,0.1809393963,2.298585650688253,1.5216735892761912,-1.9269773753637862,1
149,134.39667315860083,5100,42,37.94736789341144,0.27825,0.0450908805,0.3518595109,3.0575676779,-0.2253714949,0.21555,0.0420648012,0.5453336084,2.4016359693,0.165608678,0.5062,0.0566529787,0.4426201321,2.3782386047,0.1926312351,0.04315,0.0125828256,0.0713912292,3.560588389,0.5528035356,0.436547619,0.1286120416,0.9357732624,2.1026525311,-0.0943961278,0.0946428571,0.0831549963,0.8699394788,3.0078103392,1.0762922725,0.4688095238,0.0663397597,0.7683878588,2.3356187806,-0.2589882511,0.0411904762,0.0142598973,0.2172584697,2.8102762283,0.5721286381,0.482751968,0.2939309771,0.0032895191,0.0023820126,0.9284792657,0.0389607949,2.381359962,0.4645642249,0.0013716687,0.3878283318,-9.9878e-06,0.0001162094,0.0001095797,7.21707e-05,0.4787305668,0.1575150185,2.9145597676,0.4149368488,0.0084865203,0.3371178737,0.49774,0.0332062291,0.045356475,0.008567609,0.3826942831,0.1628824083,2.9230444416,0.3529563716,0.0327362612,0.287074825,0.4465479228,0.2718305981,0.0229288381,0.0142157361,0.9601257936,0.0245138538,2.2359437673,0.1654115299,0.6699087971,0.1019346988,-0.0011634633,0.0006939016,0.0005393007,0.0003337542,0.9395872267,0.0338623422,2.2840099593,0.1955563335,0.670765633,0.1122726071,0.1517185613,0.0203201945,0.1471066149,0.0187072028,0.9236648655,0.0266298211,2.6997815314,0.3198021222,0.9434142588,0.1329888953,4.979666796574433,2.88617432813837,-1.3571661589995805,1
151,184.95587520981235,6663,55,36.024808579027564,0.21285,0.0378368537,0.4351174123,2.448916551,0.0255257457,0.2983,0.0351725745,0.1141700559,4.2403025656,0.1693007863,0.48885,0.0336218307,0.1523688204,2.5564584538,0.048418547,0.0362,0.0101271911,0.0767854556,3.6059462776,0.603243811,0.4452941176,0.1026292192,0.8848270805,1.7964950501,0.102869791,0.0781372549,0.0599915091,0.9055811809,2.725867925,0.849821909,0.4765686275,0.0606621163,0.6133259726,2.3992268463,0.0378690472,0.0444117647,0.010693917,0.0499664118,2.448006619,-0.1113861477,0.4867538765,0.2968651269,0.0026808961,0.0017873391,0.9250180824,0.0400039166,2.4627336647,0.5622220806,-0.1706178685,0.455332565,5.9645e-06,9.11964e-05,7.88468e-05,4.79999e-05,0.3487417678,0.1579927361,2.7394776403,0.329150793,-0.0679023765,0.1999066943,0.4980975,0.032297254,0.0414414385,0.0042382251,0.2765433942,0.1494897253,2.7665144694,0.3401264595,-0.0261850325,0.2057867876,0.4417441353,0.2688553219,0.023685589,0.0144748561,0.9694094267,0.0147777889,2.3152641278,0.2450481293,0.7385471238,0.1252228347,-0.0009367438,0.0005625078,0.0004311202,0.0002630842,0.9529511819,0.0225539095,2.3398452617,0.3163839225,0.7289725465,0.1496817297,0.1528713843,0.0185363724,0.1509373286,0.0133436873,0.9460441657,0.0106407997,2.6414383301,0.320099926,0.9459148456,0.1573155036,2.0971800166566847,2.5152321655993837,-1.4930493267913099,1
159,184.83524610543745,7014,32,37.94730792848315,0.2542,0.0384949347,0.339266713,2.3482680435,0.2930097036,0.2512,0.0374040105,0.1327732053,4.5358734746,0.5757480239,0.4946,0.041771282,-0.00411873,2.927735206,0.2070252707,0.038,0.009591663,0.2259275618,2.8049385633,0.2464776362,0.5103684211,0.1222168954,0.9249234509,2.1035946578,-0.3034082609,0.0734210526,0.0708974914,0.8925401569,3.0351900147,1.018410954,0.4162105263,0.0633192238,0.7366884822,2.9905572561,-0.1185974117,0.0395263158,0.0137854554,0.4266514804,2.8222560015,0.1438065847,0.4979039436,0.3018405485,0.0019697464,0.0015771777,0.9253165246,0.0576456866,2.4435569794,0.4190760696,-0.1618131017,0.4448904971,7.1728e-06,4.48093e-05,4.86146e-05,3.1321e-05,0.2333010861,0.1331591434,3.0247842942,0.5474726861,-0.0632017456,0.1846181182,0.508315,0.0257147142,0.0392120633,0.0039247096,0.1702941894,0.1562444044,3.130663796,0.5215936305,-0.0130093306,0.2026308177,0.4483284794,0.2720946168,0.0206244416,0.0127878978,0.9790764704,0.006563682,2.2975099959,0.2569669757,0.7051774847,0.1418832561,-0.0005950097,0.0003645079,0.0002598121,0.0001601728,0.9604101845,0.009163252,2.3293326329,0.3499746201,0.6818679407,0.172230487,0.1506440726,0.0205484064,0.1447346072,0.0130451023,0.9502420808,0.0143687812,2.6808650759,0.4053641788,0.9299119649,0.1887291964,0.9434496734769684,0.7185197813533408,-1.4694068394701691,1
160,562.9103496005039,20859,42,37.05563419610882,0.24705,0.0387627076,0.3046255653,2.6919023931,0.2534985504,0.2103,0.0371605974,0.1936675249,2.4374174961,0.0095420403,0.54265,0.0493581554,0.3755977946,3.0154405123,0.0031778717,0.0381,0.0100940577,-0.0332410054,3.2802867785,0.5324655004,0.4791503268,0.119785744,0.8851931244,2.1114354507,0.0182731887,0.0623529412,0.0556572694,0.8887450607,3.6647231137,1.1298964987,0.458496732,0.0771618386,0.7285989824,2.4453696518,-0.5238125098,0.0480065359,0.011650407,0.183933471,2.7254506469,0.2698220412,0.497428689,0.3022765669,0.0007763451,0.0005714044,0.9357345901,0.0480195174,2.4487820857,0.5905503458,-0.2184826564,0.5457147635,2.5591e-06,1.26004e-05,2.35838e-05,1.59111e-05,0.4216323193,0.2082560385,2.9301087814,0.4071201333,0.0216528927,0.2736500338,0.4977075,0.0261231855,0.046714164,0.0076483989,0.3854834384,0.1748399486,2.8611344308,0.4841895535,0.0467396996,0.2480430579,0.4529308572,0.2901281979,0.0208464322,0.0131816744,0.9917930838,0.0037468527,2.1760915676,0.1145144413,0.6432798878,0.0749629948,-0.0002407373,0.000149209,8.56953e-05,5.5216e-05,0.9586168463,0.0087818338,2.8899593237,0.5156427619,0.868667848,0.1682325287,0.1413199905,0.0217396459,0.1234142566,0.0167374146,0.9513439809,0.0100775577,3.3437346206,0.7562920942,1.0757846954,0.2333307472,1.234597388282199,-2.9182277046001106,-3.2246208110852312,1
161,103.5608659303108,3819,10,36.87686430287208,0.2606,0.0468629918,0.5094364271,2.4397143199,0.0179194848,0.26335,0.0419348006,0.4118450856,2.2381075636,0.0596724219,0.47605,0.0460124711,0.4176370362,2.7542560278,0.0693790966,0.03695,0.0109520546,0.2280142054,2.937081831,0.1767125478,0.4410344828,0.1314401615,0.9270217142,1.7861571459,-0.0928613641,0.090862069,0.0870797194,0.8917097616,2.7014472119,0.9441233138,0.4681034483,0.0652173263,0.6444459706,2.2457434012,-0.2964229104,0.0442241379,0.0117737919,0.1610501353,2.4530761285,0.1147878492,0.481831672,0.2925970459,0.0040024629,0.0030117235,0.9511790088,0.030269575,2.0790235458,0.3305408866,-0.0182521779,0.3025804351,2.39489e-05,9.82313e-05,0.0001109251,7.53986e-05,0.4283598164,0.1466305854,2.756572327,0.478935356,0.0084677538,0.2972730177,0.5127525,0.0365153101,0.0464739863,0.0066885702,0.3743201789,0.1272443442,2.6641390938,0.346077206,-0.0169453936,0.2163208615,0.4472358355,0.2709426013,0.0220085827,0.0134297645,0.9641953551,0.0046157388,2.5401532499,0.2394393345,0.8585322524,0.1470764496,-0.0010756695,0.0006667213,0.0004287642,0.00025963,0.9461781569,0.0065351799,2.577405596,0.2377760783,0.8541413677,0.1502597461,0.1448933311,0.0267129563,0.1447594378,0.0163977957,0.9415264885,0.0115959423,2.8939630495,0.3989395844,1.0394454309,0.1931237931,5.326321190457554,2.175896915040964,-2.2467871596331346,1
164,106.0531438158042,3829,20,36.104540254368175,0.2562,0.0326122676,0.3011865218,2.5622853558,-0.0767056673,0.26375,0.0365196865,0.3158684581,2.2347842258,-0.0713049623,0.48005,0.0444718731,0.3202936014,2.6654014276,0.1015255014,0.03505,0.0100621817,0.151797659,2.8133216725,0.4427519684,0.4462195122,0.1366756017,0.9250025333,2.0282216638,-0.2650439099,0.0767073171,0.0810947185,0.88474242,3.1361526113,1.2148764008,0.4770731707,0.0710631427,0.825419573,2.346698174,-0.493048186,0.0480487805,0.0121914629,-0.0989712518,2.9788577369,0.3563726873,0.4881652784,0.2964977614,0.0036335377,0.0025635904,0.9295017013,0.0465984991,2.4092920182,0.5282872935,-0.1251629238,0.4189116506,2.7218e-05,0.0001149101,0.0001250015,7.75812e-05,0.5047576679,0.1661438411,2.5917617884,0.3396655595,-0.0110805754,0.2164759459,0.504275,0.0418279467,0.0499032093,0.0102928105,0.4173106342,0.1681581601,2.6393535022,0.3311208979,0.005724416,0.2141468369,0.4542056918,0.2761252055,0.0208521385,0.0132427497,0.9525533998,0.0172350842,2.4979444857,0.2750856057,0.8430432862,0.1487886739,-0.0012397036,0.000748439,0.0005449247,0.0003465201,0.9362631105,0.025830752,2.5092987188,0.3276885818,0.8245054896,0.1700410629,0.142846133,0.0223585078,0.1475878727,0.0165481671,0.9280515664,0.024722548,2.878788569,0.5107939073,1.0412994942,0.207637948,5.729701485681739,1.3473208341864704,-2.07064347166516,1
165,139.13738940161173,4949,28,35.569159528464404,0.24235,0.0350389426,0.1467977087,2.5860913114,0.1215249436,0.24695,0.0326028756,0.2713202701,2.9233034718,0.0169698395,0.5107,0.0394462926,0.1221039228,3.1226340499,0.1633223816,0.0353,0.0106728628,0.1422660572,3.7671442741,0.7423048471,0.414,0.0842636555,0.7564810276,1.9389129122,0.1669112842,0.0955454545,0.0732037799,0.8854869886,2.1963531236,0.5399127209,0.4904545455,0.043309381,0.032269052,2.9346706791,0.4059335575,0.0377272727,0.0176794226,0.469972719,5.087846883,1.0018295883,0.4970859224,0.3016603122,0.0023815716,0.001751858,0.9653997309,0.0300659405,2.3224652741,0.6108505477,0.068739332,0.4720253519,-2.30857e-05,4.24851e-05,5.07147e-05,3.23464e-05,0.3119251939,0.1483567075,2.9256694635,0.4486491781,0.0735764716,0.2511429344,0.4853875,0.023801932,0.0405209949,0.0041868064,0.250335208,0.1354231328,2.951761363,0.3198920944,0.022131177,0.2461209138,0.4511294082,0.2739753558,0.0204202178,0.0128279899,0.9787478859,0.0062759873,2.273607803,0.1617718846,0.7083287472,0.112732916,-0.0005713358,0.0003467855,0.0002545375,0.000160993,0.960118827,0.0090007153,2.3502247791,0.1909072902,0.7135876879,0.120827185,0.1526006048,0.0174317601,0.145892555,0.0113213137,0.9476915225,0.009098611,2.662947845,0.2864740277,0.9185733539,0.1407115557,-1.4384013993889069,1.6629570037047214,-1.015236513589807,1
166,237.21494395748172,8579,46,36.1655124119739,0.2543,0.0378022486,0.0462450693,2.3587171351,-0.0601397362,0.24235,0.0428512252,0.4674611956,2.7315582746,0.1888281647,0.50335,0.0452551378,0.2941400881,2.7624278315,-0.295618345,0.0366,0.011065261,0.172061161,3.4841178302,0.2514646571,0.4835625,0.1687105394,0.9454613701,1.7869996262,-0.0818838311,0.06475,0.0600411317,0.8503487501,3.5994166071,1.2038042586,0.4516875,0.1199243088,0.9040011205,1.8920090687,-0.1615316318,0.047375,0.0113185412,0.1369001547,4.443100229,0.8116828246,0.4938775964,0.2996315359,0.0025400282,0.001695207,0.9308092506,0.0500319614,2.3441320869,0.537628425,-0.084449398,0.3308364068,2.7059e-06,7.99847e-05,6.89158e-05,4.19354e-05,0.2421234982,0.1710702982,2.8954603541,0.3680885592,-0.0691149139,0.21617734,0.502385,0.0284904023,0.0403962085,0.0048713538,0.1650481968,0.1602064134,2.8218249881,0.4119807645,-0.0662291317,0.1798745834,0.4384481337,0.2670826174,0.0244440575,0.0147395043,0.9755782444,0.0105620532,2.22819539,0.2106320506,0.6616733421,0.1300462491,-0.0008352902,0.0004965973,0.000371041,0.0002237249,0.9541133042,0.0286200869,2.3127231808,0.3645191296,0.6740120733,0.1878153939,0.155127613,0.0274517226,0.1445303803,0.0174951827,0.9432126495,0.0192634119,2.6726075821,0.412002027,0.9183336436,0.1907402379,3.113712835398775,1.9310688193950216,-2.0875090044533,1
172,149.20459000646778,5562,39,37.2776735605714,0.24795,0.0397686749,0.4334591222,2.4798871848,0.1339334104,0.2503,0.03797249,0.2663129193,3.401562467,-0.1435584986,0.50175,0.0438370562,0.454237567,2.1479781438,-0.115032521,0.0401,0.0104158533,0.0760730495,3.1116194103,0.4579156707,0.471547619,0.1396466122,0.9356976001,2.5327726036,-0.5901862258,0.0911309524,0.0850117331,0.9189360084,4.3197686412,1.3694242061,0.4373214286,0.0663120618,0.7839636213,2.1781595649,-0.1267906631,0.0408928571,0.0113693593,0.2711598478,3.8442139204,0.5628335387,0.4957448432,0.3011358887,0.0019625345,0.0014518593,0.9294915621,0.0508429197,2.3055681315,0.413676336,-0.0153137044,0.3668319956,-3.4387e-06,5.57119e-05,6.10264e-05,3.33378e-05,0.402825386,0.1489265899,2.92230383,0.4477137848,0.0446358527,0.212196592,0.5109075,0.0387939179,0.0454268312,0.005619064,0.3406936924,0.1356699137,2.9626352745,0.4247015438,-0.035716208,0.2299913231,0.4427366571,0.2682582758,0.0244580494,0.0144620967,0.9809103207,0.0065110029,2.3316604559,0.2673622781,0.7628425756,0.150126929,-0.0006480334,0.0004023753,0.0002646566,0.0001579775,0.9540792178,0.013762397,2.7089728228,0.450568418,0.8843577023,0.1869178301,0.1415526244,0.0246219986,0.1410814867,0.0161004455,0.9474364278,0.0117668671,3.1271346944,0.5330077992,1.0903035744,0.1991789491,3.6892168011841604,-0.74348823661152,-2.712033948581599,1
174,745.269891836809,27811,54,37.31668259327689,0.22655,0.0358935579,0.0638317756,2.6885213508,0.4155018961,0.2915,0.0488850693,0.4607562416,2.7544183698,0.1280590116,0.48195,0.0413636011,0.2049754215,3.0003614546,0.2099348992,0.03905,0.0095575886,-0.0242767407,2.7370073291,0.2118380905,0.4783823529,0.1085798743,0.9079412821,2.2688943124,-0.4109359513,0.094,0.0801315096,0.8862334956,3.9075959283,1.1792667794,0.4276176471,0.0452320908,0.5291233917,2.5303436748,-0.3527328533,0.0403235294,0.0127434426,0.1569342386,2.5943736743,0.2624251518,0.497039271,0.3019374757,0.0008178513,0.0005932733,0.9320927212,0.0451165884,2.4156933056,0.5330953317,-0.0085531272,0.4252257791,-5.6327e-06,1.42159e-05,2.53163e-05,1.67085e-05,0.2885136244,0.1850097599,2.7949810467,0.3382280023,-0.0130413739,0.2626956893,0.493935,0.0261329634,0.0400157286,0.0040988367,0.1865134742,0.1873635995,2.7968401025,0.4227315521,-0.0033230523,0.2280775405,0.4543315291,0.2903464402,0.0214721865,0.0127750859,0.9897056573,0.0061912632,2.3306762523,0.234316833,0.7251344323,0.167403239,-0.0002812218,0.0001655059,0.0001007334,5.87207e-05,0.9549136966,0.0103515285,2.7982028722,0.4498149068,0.8454039381,0.2380472939,0.1429892674,0.023717076,0.1258678962,0.0107783241,0.9494106763,0.0098140774,3.0952058397,0.6270929558,1.0158774237,0.2795336211,0.7784979669799609,-3.1013526778495457,-1.6470521647558258,1
182,331.590222084218,12327,72,37.17540258732105,0.2263,0.0313418251,0.0903830364,2.8589367079,-0.1875185372,0.23625,0.033476671,0.110800028,3.7007138242,0.5058846939,0.53745,0.0407829315,0.0711376994,2.8285811455,-0.1445970857,0.0387,0.009370699,-0.1217094961,2.7776661392,0.3793636553,0.4561016949,0.1058563457,0.884369407,1.9914232274,-0.2703474004,0.081059322,0.069134638,0.8725199702,2.7565394184,0.9318045466,0.4628389831,0.0498577587,0.6172031597,2.1287607158,-0.332186309,0.0424152542,0.0106312031,-0.1050542453,3.4668974297,0.5048377259,0.4940306631,0.3011137326,0.0013156456,0.0009809335,0.945971097,0.040096754,2.2954319637,0.8044644459,0.1412251114,0.4664790587,2.5807e-06,2.06824e-05,2.65827e-05,1.59065e-05,0.1192508779,0.1557193776,2.786016561,0.33170489,0.0309042752,0.2278020288,0.5004175,0.0212769962,0.0365287708,0.0039435431,0.0965209481,0.1447721821,2.7795804971,0.2512767769,-0.0114336289,0.2338487046,0.4390828852,0.272561549,0.025831617,0.0156616966,0.9894728433,0.0059170366,2.08054916,0.2253390935,0.5566111339,0.1560503094,-0.0003579858,0.0002161035,0.0001716274,0.000103468,0.9714587206,0.0092764591,2.1370329127,0.2779000386,0.5636289608,0.1725977089,0.1724392524,0.0243898299,0.147397522,0.0048323419,0.9626870574,0.0045143105,2.36673815,0.2305632108,0.7612686355,0.154616474,-1.7525032155644904,2.3192827187072775,-1.2896068617492669,1
194,588.8370613701408,22218,55,37.73200000064848,0.2156,0.0327893275,0.2473849769,3.1696969608,0.141889068,0.2696,0.0465009677,0.6086319983,2.7864667632,0.0779194597,0.5148,0.0396037877,0.4058299921,2.6217422265,-0.1182272341,0.04025,0.011519006,0.0942887394,2.4414879184,0.0714582185,0.4790625,0.1345961117,0.9416880255,2.166354408,-0.1314467977,0.0820703125,0.0676474874,0.9218072355,3.3589299939,1.0664408026,0.4388671875,0.0777031482,0.8220106552,2.4543529733,-0.4613728267,0.0374804687,0.0119569381,0.1835121934,2.8503398099,0.3613003928,0.4969538307,0.3025651734,0.0006903546,0.0005631133,0.9402480626,0.0392864369,2.4546682389,0.5612113817,-0.034949074,0.451252615,7.4e-07,1.31464e-05,1.57209e-05,1.03608e-05,0.2336354729,0.201763852,2.8798568691,0.5469090279,-0.0244571898,0.1989442557,0.4986625,0.0286856666,0.0403719796,0.005320657,0.2127472314,0.1724093879,2.9456899806,0.4920290012,-0.0167781677,0.2002961473,0.4438881073,0.2924825082,0.0254173452,0.0164874878,0.9939917317,0.0029385421,2.1440908218,0.102178551,0.5755292177,0.0869222599,-0.0001931323,0.000118655,8.15138e-05,5.17222e-05,0.9634554866,0.0108093839,2.4694330942,0.2198353581,0.7198243817,0.105331843,0.166635532,0.0162729084,0.1372614449,0.0080915322,0.9584085849,0.0063540361,2.6316683857,0.2906989666,0.840093275,0.1659562903,-0.22071273645332548,0.35843188823446936,-3.092691796848297,1
196,118.06953156852168,3990,49,33.793646396271185,0.2657,0.0358818896,0.0064344977,2.6666049335,-0.0177303959,0.23975,0.0373589012,0.2887596315,2.620438241,-0.0039214317,0.49455,0.0425798955,0.1223890028,3.1624792564,0.230914508,0.03775,0.0106389614,0.0890367994,2.8494097516,0.0242121839,0.5626595745,0.1294540544,0.9200515263,1.8607169513,-0.3041101431,0.0780319149,0.0712734399,0.8671132134,3.6211726645,1.2493794983,0.3593085106,0.0705057756,0.839379459,1.8902434564,-0.0970373318,0.0414361702,0.0090982328,-0.0026962463,3.0648423766,-0.1755572744,0.4936685789,0.3004255807,0.0013367594,0.0009072726,0.9332703474,0.056702512,2.2168547913,0.4717496544,-0.1138464675,0.4098695085,1.9189e-06,2.58746e-05,3.51448e-05,2.14743e-05,0.3210835517,0.1727118197,3.0740989149,0.650477874,-0.0189127724,0.2111936382,0.492935,0.0265563462,0.041286944,0.0052401816,0.2330031611,0.1616372746,2.9498834842,0.4118788562,0.0138528531,0.2183121195,0.4724086969,0.2866788915,0.0093728965,0.0056995196,0.9664257798,0.0138686949,2.7985667396,0.2706253416,0.986543485,0.137045157,-0.0003593264,0.0002197648,0.0001442063,8.67883e-05,0.9411326513,0.01855099,2.8611655987,0.2825772838,0.97787897,0.1445633949,0.1482656215,0.0164629139,0.1460272183,0.0116762624,0.9457597026,0.0113164971,2.8713497519,0.3539805798,1.0227615547,0.1669022562,2.4390863155586637,-1.810709612734494,-3.107905625281056,1
198,299.953316442096,11163,64,37.215791218480966,0.2476,0.0338118322,-0.0102257818,2.8259735377,0.2032115911,0.28665,0.0374703549,0.1176461348,3.1685864688,0.0209909553,0.46575,0.0419068908,0.0770551569,3.715927433,-0.0248054904,0.03725,0.0094174041,0.0748320776,2.6836619303,0.414530953,0.4454545455,0.0926247205,0.8724603368,1.9095097702,-0.0635353955,0.085530303,0.0619422311,0.9190293606,2.2790020872,0.6725063773,0.4690151515,0.045333108,0.4699782491,2.1954996486,-0.1659176015,0.041780303,0.0120153402,0.2914189793,3.4169052565,0.5474491092,0.4926862149,0.3000225138,0.0010927033,0.0009302834,0.9427728671,0.0475600905,2.1886142884,0.5171881775,-0.006134416,0.3585762024,6.0814e-06,1.95455e-05,2.28889e-05,1.3914e-05,0.1259330941,0.1254414896,2.82474913,0.4174762218,0.0574370727,0.1939483555,0.5058825,0.0220373505,0.0373458293,0.0026744917,0.0957334163,0.1252577396,2.8505273941,0.4972317943,0.0928270279,0.2047153445,0.4525842641,0.2854440143,0.0216201645,0.0134258676,0.9895607526,0.0028510405,2.29279722,0.1325981944,0.7089843422,0.0965249383,-0.0002991796,0.0001813958,0.0001245678,7.69344e-05,0.9638591129,0.0067359432,2.5593467632,0.1563077511,0.8223403843,0.0884291199,0.1520910825,0.0153866337,0.1413254004,0.0060848143,0.9606650272,0.005979405,2.7642701021,0.2296696031,0.9614197467,0.1092939932,-1.8345975542785293,1.2599693133101006,-2.2316101434356166,1
200,365.7178938859944,13266,54,36.273860868660215,0.2471,0.0347,0.3279783251,3.2625833132,0.3319610732,0.26805,0.0388773392,0.2650777404,2.8549409405,-0.0347911925,0.48485,0.0375196948,-0.0094460376,2.5092374171,0.245936086,0.0375,0.0095262794,0.0475534114,2.6130956447,0.0650657704,0.4694444444,0.1287775824,0.912988419,1.9288009387,0.1569141261,0.0822649573,0.0647133579,0.8947338161,3.3535311606,1.065418558,0.4482905983,0.0790681908,0.7752516941,2.4442509349,-0.5598436762,0.0422649573,0.0124463932,0.1589959295,3.0452126875,0.2553765573,0.5013375601,0.3041603675,0.001646796,0.0014831976,0.9297555728,0.0413752869,2.5383650684,0.6014521277,-0.1035568576,0.4128074256,4.143e-07,3.9358e-05,3.78268e-05,2.48228e-05,0.1881946943,0.166586278,3.0148164628,0.4588824829,-0.008520892,0.2216919726,0.5046425,0.0259251918,0.0381872891,0.004390339,0.1444153181,0.1549727837,2.9154841735,0.351603617,0.0119821137,0.1862589785,0.4501228867,0.2743912424,0.0222582726,0.0133687289,0.983602577,0.0078508626,2.2652301456,0.2353425797,0.6775140622,0.1438277299,-0.0004950131,0.000299222,0.0002105812,0.0001265647,0.9572264505,0.0114876733,2.5739483932,0.2405069438,0.796508035,0.1366830333,0.1554878121,0.0219511709,0.1410020749,0.0109806129,0.951387058,0.0078141087,2.7775176865,0.2927915943,0.9487056177,0.129543322,-0.1293815130942711,0.9513370725432484,-2.4263053113829143,1
205,270.22548798970195,9708,42,35.925552664262234,0.2648,0.0409140563,0.4625820592,2.4840802331,-0.0009580587,0.21495,0.0374666185,0.2937530463,3.190756702,0.2315737195,0.52025,0.0359052573,0.265176278,3.2077267211,-0.141139611,0.0389,0.0122388725,0.1068330493,2.6650510394,0.2553581152,0.4535526316,0.1250205662,0.9176531322,1.659780051,-0.1198268087,0.0690350877,0.0650939847,0.9075512013,2.962081665,1.0741935936,0.4774122807,0.0739168347,0.7988863386,1.8341670305,-0.1751690606,0.0496929825,0.0130834885,0.1850109004,2.3087135325,-0.079893793,0.4891918472,0.2978318808,0.0020874449,0.0017122614,0.9465156897,0.0383778947,2.4992433461,0.8057795454,0.0330461204,0.4677393088,1.1652e-05,4.85872e-05,4.79169e-05,3.14097e-05,0.2955511125,0.1892087397,2.8388776706,0.353951184,0.0358735582,0.21823688,0.5006025,0.0307437818,0.0398965289,0.0042439788,0.2079762328,0.1497135847,2.959891813,0.447212515,0.0383570037,0.253019967,0.4485384287,0.2717175976,0.0258874875,0.0153948737,0.9832301339,0.0062172879,2.1168757187,0.141772937,0.6149879658,0.1074071683,-0.0006038738,0.0003741163,0.0002758292,0.0001624144,0.9653914173,0.0100851943,2.1611175825,0.2102520989,0.5906367117,0.1146266376,0.1600912609,0.0199060962,0.1462430326,0.0100819159,0.9512746234,0.0097804523,2.4824563888,0.3127652467,0.8206943967,0.14394475,0.7532662279367833,2.826987821916489,-2.8081178097908697,1
207,233.8286933634251,8666,8,37.06131987202694,0.2691,0.0414450238,0.3643423361,2.5755489591,0.223922721,0.23985,0.0399215168,0.4311536698,2.5909463638,0.1379342405,0.49105,0.0403503098,0.1987443834,2.546289106,-0.1105629558,0.03965,0.0103018202,0.0954172282,3.4769943975,0.4300960268,0.5917708333,0.1520364868,0.9433522699,2.4884970616,-0.7715209919,0.0766666667,0.0874871022,0.9307752109,4.2979230383,1.5146776966,0.3315625,0.0758366958,0.8095385911,2.1155346537,0.1360581993,0.0389583333,0.0112480708,0.0050697414,3.9900938247,0.8861566614,0.4984531006,0.3023374637,0.0023149783,0.00132061,0.9307406195,0.0537234848,2.2978066208,0.5254540604,-0.1434421199,0.3519931367,1.34351e-05,4.65746e-05,7.44062e-05,4.47822e-05,0.3818865909,0.1710850271,2.8202473049,0.3776845472,-0.0314237944,0.2250116189,0.505435,0.024896677,0.0466359226,0.0077140762,0.3391299359,0.1453836302,2.6852647074,0.3208281266,0.018741488,0.2213256465,0.4434539621,0.267561437,0.0216342372,0.013217439,0.9701527461,0.016173905,2.4703404265,0.3324456655,0.8025997916,0.1903981572,-0.0007728183,0.0004994775,0.0003401634,0.0002087863,0.9534438146,0.0153128,2.4590049647,0.2693655135,0.7876756257,0.1739070535,0.1547287478,0.0279282384,0.1491649733,0.0138270131,0.946726091,0.0096427046,2.7484651729,0.4239725596,0.9692337647,0.2047933224,4.505155597381272,-0.34012196656945937,-2.184898985876618,1
208,336.1475836203655,12354,30,36.75171443133805,0.25265,0.0341207781,0.5084528877,2.7928360449,-0.194036368,0.24745,0.0330037498,0.2087392852,2.9531863657,-0.2812833287,0.4999,0.0394143375,0.2704168209,2.6880967532,0.0560764394,0.03775,0.0099341582,0.0150313179,3.3338923113,0.473064072,0.5613138686,0.1322631061,0.929291049,2.2088814396,-0.4913553668,0.0787956204,0.0728700612,0.9059208937,3.0450172959,1.0339804564,0.3598905109,0.0687412029,0.7460833649,2.1125991618,0.0639255699,0.0454744526,0.0099061879,-0.0093069184,4.1199923588,0.6455494303,0.4947978721,0.3015782526,0.0017374617,0.0013421201,0.9352540889,0.0553974546,2.4154318176,0.6527679419,0.0227845903,0.4016495951,1.19063e-05,3.82972e-05,4.21714e-05,2.69724e-05,0.2684858007,0.1841773384,2.9547253072,0.3481564858,0.0644777449,0.2016613228,0.50684,0.0243480677,0.0398558805,0.0047533977,0.196753349,0.177098222,2.8584006336,0.3222497243,0.0007247534,0.1776144039,0.4554191641,0.2759630114,0.0179171779,0.0107073774,0.9787902448,0.0072591837,2.5030251278,0.2299180536,0.810712208,0.1238534539,-0.0005188993,0.0003223947,0.0002009885,0.00011769,0.9498526262,0.006942647,2.8550150458,0.1939492027,0.9380485453,0.1009922567,0.1484870855,0.0143301645,0.1399235298,0.0102179302,0.9475253406,0.0089855539,2.9630198164,0.3239346965,1.0313105695,0.1268731579,1.722883482373695,-0.30653635273560204,-3.268779552846988,1
212,220.5863607487321,8167,9,37.02404796143744,0.26545,0.0386658441,0.272690918,3.736977373,0.5405521283,0.28455,0.0400255856,0.0307282869,2.8127750066,0.2002265555,0.45,0.040993902,-0.1490739346,2.6501061717,0.3962824797,0.0344,0.0091454907,-0.1210132683,3.5024697635,0.167686186,0.489223301,0.1279273863,0.9143650816,1.8629010689,-0.2141133986,0.0802427184,0.0596037834,0.9101709577,2.7339026312,0.8312379977,0.4305339806,0.0753371471,0.7889885974,2.0868686136,-0.1426345773,0.0440776699,0.0101624564,-0.1626662464,3.3176941135,0.4036870809,0.5000360441,0.3028305043,0.0026336199,0.0019437234,0.9402977927,0.0736228015,2.1951198481,0.5837163065,-0.1244453847,0.4102521782,-1.94711e-05,7.04746e-05,5.83832e-05,3.52543e-05,0.3185800443,0.1931679497,2.8916464396,0.5028808318,-0.0192536455,0.2805851575,0.4892325,0.0308158534,0.0408566446,0.0054052026,0.2654878296,0.1817168292,2.8830195942,0.4789434508,-0.0907159212,0.3124663221,0.4397281439,0.2665282757,0.0266881619,0.0162115466,0.9792877767,0.0083768617,2.2356646937,0.1192568139,0.6935885668,0.0790655304,-0.0007288722,0.0004492173,0.0003269129,0.0001975994,0.9615279361,0.0121411335,2.170066182,0.1764367772,0.6374226507,0.1091029,0.1553901285,0.0168008931,0.1462972492,0.0106427782,0.9484641844,0.0099873022,2.4753874918,0.2878101074,0.8489154725,0.1444368936,1.5076683159887458,1.7411941940598852,-2.481298780698497,1
213,181.45493366064088,6764,36,37.27647335646498,0.2453,0.034437044,0.2088738854,2.5251461425,-0.1012469018,0.2301,0.036537515,0.249061017,3.3577431307,0.2309377752,0.5246,0.0338576432,-0.147087108,2.5360914241,0.1486168431,0.03705,0.0103945899,-0.0698859403,3.0742328674,-0.0461729262,0.4645794393,0.1258487475,0.9295639711,1.8830622546,-0.1087621893,0.0735514019,0.0738431317,0.8990025933,3.5379499666,1.2499766473,0.4618691589,0.0702516284,0.7903485804,2.1098825798,-0.3881689505,0.0419626168,0.0117560287,0.0804792362,2.8944321675,0.4349958281,0.4923280815,0.298738284,0.0019908288,0.0014303423,0.950030125,0.0356621975,2.3249150671,0.5177194918,0.0379959452,0.3957651388,-2.9546e-06,2.21064e-05,4.22267e-05,2.44582e-05,0.1866919572,0.1714245593,2.8941438805,0.4428936068,-0.0412179907,0.2963956793,0.496675,0.0193650749,0.0380666384,0.0044010557,0.116046822,0.1668793708,3.1362233836,0.4377808166,-0.1023189559,0.318639891,0.4468233649,0.2744042565,0.0227408139,0.0132813627,0.9830075521,0.0041298262,2.2755683807,0.1985344784,0.7166468453,0.163713223,-0.0005125757,0.000303466,0.0002243827,0.000131217,0.9591687959,0.0247065138,2.3405886321,0.1906312345,0.730193204,0.1432316327,0.1623890256,0.0397843359,0.1435771102,0.0149177628,0.9470230983,0.0304691406,2.6352119803,0.3411289818,0.9063278579,0.1911830396,0.07429930389519716,1.341978347698741,-1.6399059049208444,1
214,116.41783648074964,4331,40,37.20220312388434,0.24015,0.0370030742,0.3990002042,3.4984571735,0.487511866,0.28215,0.0451179288,0.4746884917,3.0501186861,0.2662307991,0.4777,0.0466391466,0.3124385343,2.8520090224,0.1162998836,0.0372,0.0093091353,0.0335679857,3.7004723703,0.7405157216,0.4689130435,0.1433789182,0.9135366963,1.9565143032,-0.1554206784,0.084673913,0.0756809821,0.9095469659,2.7465762622,0.9268765723,0.4464130435,0.0793702321,0.7873754209,2.2154434098,-0.3189079826,0.0451086957,0.0131251969,-0.0897176369,2.4242728863,0.3441098071,0.4923020236,0.2997505834,0.0033730327,0.0022168158,0.9271130396,0.0327065963,2.4272171225,0.4768101545,0.0731805454,0.5064016436,1.24278e-05,8.13195e-05,0.0001082615,6.58997e-05,0.4023538392,0.149159348,2.920604322,0.34055146,-0.0786023821,0.3208450506,0.501505,0.0271854,0.0436723361,0.0057219802,0.3258758921,0.1402818597,2.8840517392,0.4748260554,-0.0047084992,0.2700940152,0.4429412562,0.2687345576,0.0262908627,0.0156921228,0.9644631094,0.0174808896,2.185605705,0.2596105382,0.6332749364,0.1544321521,-0.0012956018,0.0007912217,0.000584632,0.0003488246,0.9510252521,0.0259676073,2.2195316312,0.3599834392,0.6427160776,0.1964289639,0.1506214161,0.020563512,0.1449952721,0.0127251637,0.9322266648,0.0219037135,2.6218178317,0.405975165,0.9069359194,0.1939851613,3.7137003235792765,2.1457420649987093,-1.1286009456587038,1
218,214.39901327248293,8160,12,38.05987665451302,0.2529,0.0427386242,0.4052611281,3.0210119229,0.1538670699,0.2401,0.0329391864,0.1221270844,2.6611317683,0.2285199176,0.507,0.0399124041,0.1869612204,2.9401583907,0.1109067162,0.03565,0.0103115227,-0.0204727046,3.8767353322,0.6736937333,0.4256410256,0.1118244933,0.899138425,1.9524022521,-0.0785227473,0.1119230769,0.0889008046,0.9339587356,2.5783000914,0.802541697,0.4624358974,0.0458169686,0.3150834259,2.6347169572,-0.3754585957,0.0427564103,0.0108500099,0.3691492378,2.3119322684,0.3820211884,0.4919797269,0.2991350966,0.0020154137,0.0014856087,0.9396654775,0.0495100062,2.3928187028,0.583650366,0.1373594809,0.4924703548,-3.5782e-06,3.32876e-05,4.73863e-05,2.96247e-05,0.3043912206,0.204808116,2.8310882773,0.2819337154,0.0410945747,0.265497553,0.496745,0.0206961947,0.0408213723,0.0043517888,0.2160767055,0.1900571629,2.7695041208,0.3987487293,0.0922662945,0.2397771109,0.4550269808,0.2757633692,0.0205788842,0.0122252482,0.9804969643,0.0062973543,2.3038171219,0.2136000918,0.7207707886,0.1287983696,-0.0005534547,0.0003405536,0.0002378691,0.0001432228,0.9596498074,0.0081419584,2.4614524461,0.3235824698,0.7635959496,0.1597723646,0.1495480769,0.01769545,0.1449755103,0.0094946372,0.9497101274,0.0109352475,2.7908583787,0.3828674901,0.9813916613,0.1567191132,0.5926856980736207,1.3271035321934843,-2.0553352433645484,1
222,194.5033966985877,7146,36,36.73971828406576,0.27145,0.0458600861,0.6654929412,2.5053013191,0.1992680667,0.21445,0.0382811638,0.4092558357,2.4752977984,0.0480739947,0.5141,0.0394675816,0.4298472808,2.6520774748,-0.1184729094,0.03905,0.0106699344,0.3240580571,2.8596715918,0.2791307234,0.528313253,0.1272017587,0.9071966801,2.1279894887,-0.1016999299,0.0907228916,0.0668892833,0.8683818342,3.0960722905,0.9687331482,0.3809638554,0.0740825729,0.7671331095,2.3430673364,-0.3728777978,0.0394578313,0.0083237231,-0.029064186,3.5750305544,0.5795632056,0.4933198589,0.3001632519,0.0017505565,0.0013948037,0.9211716182,0.0497072359,2.5427417538,0.7814154619,0.0258313292,0.4496392694,3.9274e-06,5.31659e-05,5.52992e-05,3.48384e-05,0.3949846883,0.1489108486,2.798600192,0.4632466719,0.0399927702,0.2034947942,0.50038,0.0313387436,0.0446532834,0.0065305458,0.2913004962,0.1592782562,2.8845184474,0.4018841983,-0.0077343206,0.2629400261,0.4533014953,0.2746378617,0.0208568162,0.0126981384,0.9805998538,0.0055923224,2.1912552703,0.1569030946,0.6352662826,0.1109259905,-0.0006071291,0.0003755014,0.0002424489,0.000149612,0.9498447527,0.0091908846,2.6334568765,0.3182648907,0.801220428,0.1728062441,0.1465504488,0.0182975198,0.1374165094,0.011797986,0.941728525,0.0133113469,3.0295709024,0.5075045478,1.0351670115,0.2094510012,3.56195660679071,-0.8059227817214041,-2.7076444457599775,1
224,312.97926468214285,11562,20,36.94174440515156,0.26505,0.0366980585,0.3420401251,2.7352703572,-0.2468639634,0.20595,0.0374145359,0.4255143344,2.5331141319,0.2613540837,0.529,0.0319139468,0.0556378485,2.196508915,0.023119979,0.04025,0.0098583721,0.0739490286,2.591095212,0.2044062168,0.4349130435,0.1271732516,0.9373376225,1.8256504756,-0.0314022621,0.0900434783,0.0810997659,0.885554969,3.201943413,1.0318200488,0.4750434783,0.0657018816,0.6917037123,2.5790290735,-0.3561246325,0.0476956522,0.0102847916,0.1884544277,2.357962585,0.084925336,0.491999919,0.2998543368,0.0017013026,0.0010175773,0.9413637989,0.0307118769,2.6013186844,0.8437908785,0.0416043456,0.5360834338,-1.6243e-06,4.02912e-05,4.27284e-05,2.62678e-05,0.1937216749,0.0986243864,2.907525027,0.4613731274,-0.0288952662,0.2624931819,0.48708,0.0304565486,0.0375242933,0.0031858532,0.1373700304,0.1411119649,3.1126991461,0.4135345233,0.0203412034,0.2679788696,0.4446329054,0.2703330099,0.0236955195,0.01470228,0.9831012017,0.0061539606,2.2121063645,0.1223226196,0.6430660385,0.0801877537,-0.0005435449,0.0003261112,0.0002515843,0.0001560916,0.962894858,0.0085163337,2.2718452661,0.2079879456,0.6452534374,0.1107876376,0.1608811408,0.0140796938,0.1497075008,0.0076667936,0.9552212886,0.0099847217,2.5531865808,0.2959897222,0.8676053624,0.1288711403,-0.42240978141580576,2.442107256370873,-2.316549383534747,1
226,105.22494532874128,3805,24,36.16062700828695,0.24245,0.0394936387,0.4765602,3.7639656922,0.3581552338,0.26975,0.0504101924,0.5490546614,2.9287593134,-0.033940549,0.4878,0.0482406468,0.5790776524,2.1587836943,0.0336030603,0.0424,0.0100119928,0.4007241588,2.8424227186,-0.3667309767,0.454,0.1386375261,0.9381830274,1.7611291603,-0.1390382534,0.0764545455,0.0756407341,0.9079615565,2.65372212,0.93837997,0.4695454545,0.0763441534,0.8306095173,1.8748275205,-0.3241096692,0.0461818182,0.009998347,0.2166601599,2.2909355775,0.2463159693,0.4935707903,0.2999848486,0.002584401,0.0018243443,0.9132029126,0.0549662263,2.5512794302,0.5969256514,-0.0830521314,0.4571922957,-9.5333e-06,7.48155e-05,9.65185e-05,5.80196e-05,0.4348633154,0.149477643,2.8814182788,0.455812245,0.0171003924,0.2813664611,0.49936,0.027711927,0.0458766587,0.0050469486,0.3109849653,0.1420500815,2.845693912,0.4027321598,-0.0213660524,0.2763681134,0.4636539216,0.2810814069,0.0190879866,0.0111293181,0.9637805158,0.0151828706,2.3764830371,0.2433229342,0.7553968454,0.1424049898,-0.0010057957,0.0006149572,0.0003708702,0.0002154424,0.9288692425,0.0239319624,2.8347677416,0.4925940295,0.8729371801,0.2334287914,0.1326550335,0.0169915191,0.1340003771,0.0172157106,0.9225056499,0.021308673,3.1575748168,0.5274833709,1.0887120002,0.2163746493,4.908215336217918,-0.8018817396246987,-2.2500645596961366,1
230,124.67787015584774,4526,9,36.30155050244671,0.2498,0.034870618,0.0314667736,3.1223743553,0.1048219381,0.22295,0.0352214068,0.1541514168,2.842606234,0.3075201419,0.52725,0.0399523153,-0.0230561717,2.782975756,0.1347092206,0.03625,0.0100591998,-0.1399412401,3.9878225718,0.5917715869,0.4299253731,0.1006601069,0.8536166027,2.0484447365,-0.1228186924,0.0925373134,0.0665592158,0.8091077332,4.0042974549,1.2223258175,0.4775373134,0.0533670278,0.5387040707,2.5864806491,-0.2502934708,0.0439552239,0.0115751056,0.1295829845,2.8378284188,0.4279052787,0.4915202336,0.2977249991,0.0026428424,0.0016551636,0.9357115605,0.0299813179,2.5318322374,0.7521968924,0.0659108574,0.5244308236,-1.79185e-05,5.20562e-05,6.97049e-05,4.25412e-05,0.2314724353,0.1306599888,2.9658492974,0.4727389734,0.0218022227,0.2735072738,0.4997825,0.0254891363,0.0397564615,0.0034121681,0.1564878382,0.1168637492,2.9759805755,0.4994791199,-0.0590326114,0.2116030917,0.4330606734,0.2621152837,0.0271100343,0.0163725082,0.9758965132,0.0085535072,2.3318613401,0.1411323812,0.7456737993,0.0894846307,-0.0008696124,0.0005372928,0.0003658899,0.0002198793,0.9523998728,0.0187969335,2.3556433526,0.1499674377,0.7408046365,0.0952566997,0.1478905463,0.0162562164,0.1430023066,0.0141189685,0.9434822637,0.0164044105,2.711270736,0.292803604,0.9501348726,0.128578315,0.6348522561507178,2.673034328685525,-1.3244522281107045,1
231,326.107311761386,11792,35,36.15987613497073,0.29085,0.0502546267,0.6394215074,2.5834310474,0.5478517701,0.26965,0.053731997,0.6618061127,2.9406075567,0.383387127,0.4395,0.045257596,0.5733137995,2.3382557732,0.3267839148,0.0318,0.0090421236,0.0986291369,3.3311764469,0.226792401,0.5125342466,0.1160335429,0.8881662398,2.5357063669,-0.6094120721,0.1047945205,0.0856579625,0.8889832405,3.6859934088,1.1865348458,0.3826712329,0.0436445966,0.5713356147,3.2203023577,-0.0779959179,0.0393835616,0.0109151524,0.2585691667,3.1471858606,0.268361516,0.4976895875,0.3024563202,0.0015255488,0.0009409099,0.9329616799,0.0351258904,2.2250520258,0.2592966773,0.0573708723,0.2981076648,-3.0342e-06,3.70949e-05,5.24646e-05,3.33842e-05,0.4329226961,0.1385235511,2.8983028317,0.5008609783,0.0990213085,0.3214931991,0.49356,0.0353482942,0.0498029829,0.0090519278,0.3900566038,0.1916542847,2.8565662928,0.4981247093,0.0666229744,0.2286023386,0.4510052345,0.27351063,0.022064916,0.0131257609,0.9817864549,0.0076409859,2.3350171309,0.2777305855,0.7281810322,0.1431521527,-0.0005195319,0.0003186576,0.0002163876,0.0001284886,0.9561902745,0.0222474715,2.4487438162,0.3870908247,0.7716500012,0.1779098503,0.1520679821,0.0150780929,0.1397934093,0.0146342241,0.9524960378,0.0090570611,2.5892631223,0.2897323555,0.8901331978,0.1303060115,4.178486756127498,-2.1335141386782124,-1.9157446517300798,1
233,291.5688662125464,10377,72,35.59021967878911,0.2462,0.0307987013,0.1054633864,2.5913688542,0.4519500224,0.25325,0.0336405633,0.0393780523,2.700088295,-0.2162963066,0.50055,0.0389608457,0.1314884745,2.5617837009,-0.0497295227,0.03115,0.0086560672,0.0279057934,2.9816366859,0.2331706776,0.4145955882,0.0973963536,0.8822012411,2.0032250987,-0.1220275261,0.0827205882,0.0640452151,0.9195160873,2.7926890143,0.7780213797,0.5026838235,0.0456404913,0.5623001885,2.5241124475,-0.2674414408,0.0438970588,0.0122428127,0.2847485822,2.4284316552,0.1748301887,0.4963373742,0.3022911531,0.0008099277,0.0005782178,0.9485079005,0.0357188054,2.4130845976,0.7303088097,-0.0354463196,0.5097557843,2.3896e-06,1.70985e-05,1.78193e-05,1.07439e-05,0.1992515504,0.1410433085,3.1952928489,0.6460418898,-0.1119289803,0.3218053659,0.5021,0.0252806547,0.0377320987,0.0028665713,0.1126036254,0.1524746547,3.1812223427,0.5499782929,-0.1425472969,0.2790351644,0.468900002,0.2950858038,0.0130497635,0.0079759118,0.9871212486,0.0040744701,2.5672110203,0.1771215809,0.8396557561,0.0985113685,-0.0002456304,0.0001505409,8.44668e-05,5.20985e-05,0.9509219415,0.0092634274,3.6066830847,0.532525097,1.2066419794,0.1444807635,0.1350278412,0.0139874117,0.1316278008,0.0102816297,0.9514391416,0.0075838998,3.5697282987,0.5702574774,1.2277489231,0.1656433069,-1.089049483549501,-3.4763940677000393,-3.0904607472086534,1
235,197.64215338745004,7058,32,35.71100536515492,0.2575,0.0423939854,0.4502444072,3.0158985031,0.4583122829,0.23095,0.0347900489,0.2916593936,2.3588672229,0.0532772788,0.51155,0.0415373025,0.1904894951,2.8948354731,-0.2826690524,0.0436,0.0104899952,0.0453588607,2.6282200544,0.3399510658,0.478125,0.1301186358,0.9279432576,2.0802094772,-0.3532381928,0.08625,0.0805838073,0.8689089399,3.1710894809,1.0438553909,0.435625,0.0617802305,0.7323959875,2.4470462319,-0.2329498402,0.04015625,0.0100766108,-0.0236475845,2.7551926225,0.2092722587,0.4878212555,0.2966315726,0.0034899095,0.002642529,0.941798676,0.0360333923,2.2985681717,0.442406269,0.1166023408,0.4425017219,-2.08721e-05,6.31677e-05,8.7228e-05,5.60014e-05,0.3777535903,0.1755647382,2.9085907437,0.4439719373,0.061775547,0.2436079775,0.4947475,0.0277062605,0.041953379,0.0057750206,0.3006093384,0.1800638128,2.8466341714,0.3771025228,0.005396812,0.2111330592,0.4464225141,0.2708585243,0.0197320573,0.0120460483,0.9693701602,0.0091773369,2.4426082176,0.1249023182,0.7392613856,0.0759586439,-0.0008451385,0.000516873,0.0003340908,0.0002031452,0.9452090981,0.0143890356,2.4822485639,0.2216214594,0.7229773241,0.1118935996,0.1482629928,0.0186618328,0.1381764618,0.0116184975,0.9413073058,0.0149585624,2.7395557438,0.3520544657,0.9463819574,0.1522102149,3.2176111566217593,1.3899349178601736,-2.690612823879931,1
238,120.41472848558514,4290,12,35.62687101448355,0.26775,0.0355624451,0.0580616901,3.1137047842,-0.0054634058,0.2373,0.0311,0.1789947465,3.059601745,-0.3210884916,0.49495,0.0398465494,0.0222035887,2.4913449052,-0.0974941118,0.03335,0.0109328633,-0.0189322544,2.6796522253,0.1376693478,0.4651408451,0.1174103549,0.8878755363,1.7171465615,-0.1734696765,0.0873943662,0.0786051783,0.9145741869,2.6848668572,0.9556908133,0.4474647887,0.0588437489,0.5815293963,1.9971599818,-0.052020417,0.0434507042,0.0104676413,0.0709819879,2.6299317975,-0.1575188865,0.4916344048,0.2994282824,0.0025105797,0.0015787681,0.9435145907,0.0330682079,2.4753581664,0.6413339693,-0.0166924512,0.5318906888,1.77263e-05,4.28031e-05,6.23528e-05,3.77093e-05,0.2509604223,0.1494886317,2.7930099302,0.3830360061,0.1079095938,0.2327425004,0.50604,0.0214782192,0.0403295002,0.006388342,0.1793026336,0.1636837968,3.0075726518,0.4719046609,0.1203265229,0.2461271967,0.4311953879,0.2618318272,0.0309003002,0.0184073094,0.981316666,0.0051806192,2.0771639933,0.0951983672,0.5699766303,0.0752478962,-0.0008638946,0.0005257031,0.0003961249,0.0002367708,0.9639623284,0.0084870029,2.071933722,0.1331983544,0.5523592922,0.0846411836,0.1625284218,0.0136129563,0.1466544963,0.0095712242,0.9521064007,0.0093777979,2.3710715468,0.2794859984,0.778820554,0.1327326585,0.20359082415001037,4.015012792010264,-1.9708562703800319,1
240,112.99427031484132,3972,12,35.15222487770952,0.24525,0.036934909,0.0554008484,2.6980339881,0.2596565933,0.22645,0.0434010081,0.4001980483,2.6583114333,-0.0466123876,0.5283,0.041165641,0.1239757281,2.6939784349,0.0317507641,0.03815,0.010432042,0.1067002993,2.5270910946,0.0410239894,0.4281746032,0.1080538578,0.8712350016,1.866123203,0.0003630151,0.0867460317,0.0751356378,0.9226167077,1.9222594819,0.6230476558,0.4850793651,0.0495094352,0.38458209,3.3007489608,-0.3492121592,0.0427777778,0.0137661241,0.2788379863,2.9698769066,0.1614456418,0.492132193,0.2988448148,0.0022196476,0.0016207738,0.9383432147,0.0284956,2.4360728136,0.6534282802,0.1210770957,0.4852689261,2.9418e-05,4.78085e-05,5.80757e-05,3.55673e-05,0.243051487,0.1807970193,2.8389368819,0.4875935488,-0.0570588475,0.2946673335,0.518865,0.0200492899,0.0394264813,0.0039166723,0.184126021,0.1654454183,3.0080621504,0.5977997645,-0.0387782309,0.3008310637,0.4360174759,0.2648766963,0.0277619873,0.0171103286,0.9789615457,0.0092805551,2.1106794512,0.1280952642,0.5994942107,0.1066479208,-0.0007907209,0.0004773105,0.0003729801,0.0002299565,0.963857608,0.0127909456,2.1418336311,0.1461933905,0.6023945136,0.1137867256,0.1587177368,0.0226490445,0.1471578511,0.0123762807,0.950034973,0.0111152147,2.5358620083,0.2819301759,0.8575885522,0.1504239242,-0.34478323795713856,3.5396295491714866,-1.6003695976661882,1
242,145.8512187707004,5250,14,35.9955853934534,0.2594,0.0342657263,0.2283057594,3.2238116579,-0.1635192817,0.24305,0.0415625733,0.2997992128,3.0450885122,0.4949253019,0.49755,0.038932602,0.1989400079,3.8193354002,0.518821651,0.0377,0.0123373417,0.0419534207,2.5976302989,0.5630942578,0.4506716418,0.102828997,0.8841854145,1.8901582028,-0.2162408671,0.0750746269,0.0575785806,0.917611328,2.4206156852,0.7319525561,0.4742537313,0.053984891,0.6211459734,1.9427124683,-0.1528821726,0.0458955224,0.012275609,0.1543402065,3.6264396948,0.4343110678,0.4943395899,0.2997339151,0.0021915341,0.0013091164,0.9307029227,0.0427617072,2.4912447601,0.756207904,0.0055347626,0.5040883735,-1.17121e-05,5.34571e-05,6.47269e-05,3.70282e-05,0.3501622396,0.1513242656,2.8636648769,0.34552095,0.0073772965,0.1730663114,0.494485,0.0224649955,0.0425922878,0.0057276323,0.290465691,0.1475292784,2.7743817925,0.2659408037,-0.0280931967,0.1641358303,0.4413533259,0.2666179409,0.0231110362,0.0143550552,0.9752482866,0.0093170037,2.2909620489,0.2404791387,0.7035915813,0.1680427044,-0.0007547696,0.0004792643,0.0003285443,0.0002038537,0.9553067438,0.0104174621,2.4104281193,0.3571186253,0.7183026779,0.2090265095,0.1527231582,0.0209327392,0.1446446491,0.0126035746,0.9417580163,0.0126316865,2.7103004402,0.3981252162,0.9158542391,0.2145855749,1.106166069066992,1.6313188545514727,-1.2918069711730353,1
244,412.1264495608461,15132,52,36.7168863248752,0.2508,0.0354381151,0.2199642256,2.7561079083,-0.1990678362,0.24255,0.0322606184,0.2036475871,2.5472884281,0.0700800947,0.50665,0.0412919786,0.1375069852,2.3425077837,0.1049922738,0.0374,0.0106179094,-0.0561592724,3.4260639923,0.5383575828,0.4722402597,0.1576872647,0.9541348892,1.87014644,-0.1067854762,0.0983441558,0.0825940141,0.9013209666,3.2439169478,1.0395025303,0.4294155844,0.0879878756,0.8733840242,2.0394840918,-0.3413349234,0.0407142857,0.0105748503,0.0957759273,2.7476019371,0.2033935365,0.4981761678,0.3031800362,0.0013357642,0.0011697808,0.9530947453,0.0326613806,2.4204258785,0.5782168918,-0.0081253032,0.5578520773,1.38e-06,2.05942e-05,2.72565e-05,1.6584e-05,0.2012935653,0.1260400123,2.7791455302,0.3805818233,-0.012580312,0.2096471577,0.4987,0.0200235861,0.0400922746,0.0030455738,0.1581099159,0.1136598301,2.9686918238,0.4204902673,-0.0509232573,0.2735691239,0.4494453643,0.2829750519,0.0226998487,0.0140709136,0.9901612889,0.0040370189,2.0570764027,0.1462319407,0.4999364735,0.1412101433,-0.0003283997,0.0002047653,0.0001428653,8.71722e-05,0.960386155,0.0219563982,2.4500652956,0.2418875577,0.7160069927,0.1259964609,0.1722880231,0.0603309909,0.1364382135,0.0172950683,0.9392568948,0.0637380695,2.7781908564,0.2993016598,0.9124239598,0.1730412921,-0.7752294691500596,0.47516412494844823,-0.7056121872458405,1
246,113.8741956757092,3731,50,32.764227030196885,0.21975,0.0375258244,0.2571179215,2.4356101771,0.2808753244,0.2673,0.0558543642,0.5593868029,2.0497319373,-0.0074070032,0.51295,0.0473661007,0.2990556735,2.7420759447,0.1422127872,0.04265,0.0101354576,0.1721231462,2.8500940829,-0.0326964751,0.5590277778,0.0942795742,0.8315101734,2.3575551387,-0.4906103937,0.0547222222,0.0490598337,0.888012515,2.7041021823,0.9304990376,0.38625,0.0528411535,0.6169996673,2.411749159,0.1497892076,0.0373611111,0.0110230888,0.4405654487,2.6038359972,-0.0483949743,0.4851096593,0.2935651373,0.0042155008,0.0029027729,0.9245674848,0.0382681366,2.3449700902,0.316690141,0.0221123085,0.3735769292,-1.12223e-05,8.18744e-05,0.0001418452,9.10138e-05,0.4154332766,0.136727531,2.9025908251,0.5259345461,0.0808453188,0.244634518,0.5015375,0.0238888461,0.0449828194,0.0051056427,0.3161081158,0.1369436677,2.8398290272,0.3853083443,0.0533292809,0.2618148366,0.4275075691,0.2604201559,0.0260109123,0.0160436535,0.9568508478,0.0158004973,2.4611438414,0.1688496878,0.839151449,0.0971297902,-0.0014520732,0.0008679824,0.000619709,0.0003819072,0.9397145125,0.0172706018,2.5254530806,0.2190323398,0.8337091905,0.1236150024,0.1412407907,0.0136392892,0.1440932849,0.012549722,0.9259879495,0.0196019854,2.9243402842,0.2972627826,1.0492984205,0.1175434405,5.563165400091796,1.9220203210496878,-1.8280286391063973,1
247,221.1999984300852,8424,38,38.08318291043107,0.2286,0.0393133565,0.2388849642,3.1324413737,0.1674037343,0.2811,0.0360317915,0.0602994427,2.9752661604,0.0295387009,0.4903,0.0382937332,-0.0338191368,2.5256485934,-0.1076461566,0.03465,0.0102287585,0.0993232666,3.147457539,0.3257789933,0.4162650602,0.1184153487,0.9289164169,1.903240514,-0.0835568406,0.1042771084,0.0847182877,0.9060796515,2.2950523391,0.724800313,0.4794578313,0.0477065077,0.6216367227,2.6979696318,-0.6148462196,0.0443975904,0.0108493959,-0.0388963193,2.2223902528,0.0275908338,0.4947013333,0.2994259967,0.0020406117,0.0012029956,0.937747105,0.0534878932,2.5433651784,0.4638905552,-0.0592474143,0.4928494728,-9.014e-07,3.50436e-05,4.85375e-05,2.87318e-05,0.2121930056,0.151221971,2.7656464101,0.3017612397,-0.0063970541,0.2336220809,0.50404,0.0208437916,0.0386426894,0.0043078192,0.1410538714,0.1396892729,2.8476141549,0.5008655688,0.0207425902,0.1897120335,0.4354096443,0.2644056047,0.0259035592,0.015987935,0.9815278044,0.0069909861,2.3196694618,0.1931875846,0.7285735382,0.132273701,-0.0006213818,0.0003765764,0.0002749467,0.0001689011,0.9618311529,0.0081328579,2.4065000174,0.2242293829,0.7454539684,0.1333897969,0.1546825681,0.0197037603,0.147464726,0.0076067345,0.9527578981,0.0076423323,2.7296939989,0.3451610129,0.943673178,0.1682682651,-0.09549104577658536,2.7314578649611176,-1.9650073285490628,1
249,168.1772750305761,6180,66,36.74693860318774,0.21975,0.0319012147,0.0802293308,2.4918986453,0.3578273213,0.3119,0.0429929064,0.3457624869,3.1245589839,0.2820621432,0.46835,0.0421725918,0.2357335328,3.0339239165,0.021191265,0.0374,0.0105943381,0.3613080127,2.4136360888,0.1034792023,0.4555844156,0.1255972072,0.9312044952,2.1446008772,-0.0641317823,0.1057792208,0.0911295101,0.9396331821,2.083028542,0.5989497911,0.4386363636,0.051915493,0.5366726317,3.0439742128,-0.6981487379,0.0422077922,0.0109749865,0.2597815689,2.7952633611,-0.0467465661,0.4962149001,0.3001899314,0.0023000703,0.0015598976,0.9436093364,0.0287757367,2.3649082656,0.45652236,-0.1136289192,0.4048107398,-1.16257e-05,6.62481e-05,5.77329e-05,3.8137e-05,0.2532498677,0.167367245,2.6652547883,0.3103474296,-0.0245234337,0.1534198517,0.4991025,0.0313492403,0.0389766746,0.0052322047,0.1838139723,0.1449274329,2.7653730775,0.3145764453,-0.0281459947,0.1836483662,0.4488284302,0.2723707386,0.024371572,0.0144414698,0.9777432501,0.0087235694,2.1707400119,0.1666995691,0.6435036335,0.1193630047,-0.000777311,0.0004777202,0.000350936,0.0002080664,0.9602103094,0.0182236824,2.2349336286,0.2412318664,0.6511936293,0.1358330636,0.1538048142,0.0189480615,0.1478317403,0.0135345648,0.9478849734,0.0146064669,2.5794974166,0.2471472865,0.8969285165,0.1360176908,0.7518463365590824,2.7508770577449693,-1.8603795289397616,1
250,443.60408203299056,16074,45,36.23501372290029,0.2458,0.0360812971,0.3582977027,2.3990477966,0.0619512603,0.2714,0.0393324294,0.3252764806,3.2558062298,0.1979444094,0.4828,0.0395936864,-0.0074455171,2.9622836945,0.2155199781,0.0317,0.0091983694,0.148478335,2.534581445,0.178055535,0.5152272727,0.1575869933,0.9639979748,1.6860030136,-0.0565313259,0.0952651515,0.075609429,0.9290577008,2.6872225663,0.8333620822,0.3895075758,0.094090261,0.8693340852,1.8897814135,-0.1761774575,0.0407575758,0.0105615951,0.0449823267,3.5067270775,0.3599632527,0.4891326244,0.297317655,0.0022949483,0.0018515915,0.951667441,0.0339543028,2.2635734744,0.6496905546,-0.0003987236,0.4343885684,4.9056e-06,4.41365e-05,4.19555e-05,2.56637e-05,0.1989786738,0.1634820264,3.0938343365,0.5821114191,0.0232301703,0.2534899537,0.503295,0.0258378497,0.0385429234,0.0048261329,0.1492770903,0.1430085262,2.9199162955,0.4515101553,0.0684548234,0.1954994123,0.4430577235,0.2717711835,0.023719153,0.01372904,0.9830818193,0.0084032843,2.3182128043,0.2504094535,0.7116802284,0.1791823693,-0.0004926565,0.0002973541,0.0002158411,0.0001252801,0.95964815,0.0185580975,2.3657861692,0.2795200914,0.7012978064,0.2037499457,0.1645925304,0.0379194551,0.1423708454,0.0133959484,0.9521464126,0.0095224025,2.6141970138,0.3549048848,0.8740411298,0.2398043696,1.324250767899401,1.351965587512503,-1.2178155779004578,1
253,315.9551377808507,11917,25,37.71738001698753,0.25545,0.0412255685,0.1662202281,2.6301979565,0.3447418053,0.2158,0.0376544818,0.2571533513,2.7508521585,0.0866591012,0.52875,0.0416795813,0.061219712,2.7582964941,0.1027226132,0.03875,0.0117553179,0.0114121037,3.0708521043,0.5595204315,0.4010555556,0.1230864521,0.8816848322,2.0086744664,0.2779928857,0.1057222222,0.0715214075,0.8814765571,2.2523411263,0.5844344045,0.4932222222,0.0676235951,0.6230423206,2.6026344441,-0.5053520849,0.0425,0.0118145391,0.2753623188,4.783827133,0.9803251306,0.5017795328,0.3034857742,0.0013944295,0.0009478642,0.9364956364,0.0371577704,2.4009537086,0.6342843472,-0.1574581968,0.4565623218,-1.9441e-06,2.75864e-05,3.4256e-05,2.1425e-05,0.2146326645,0.1187459086,2.9325526959,0.3878149283,-0.0666827773,0.2429071917,0.5039125,0.023465442,0.0393715622,0.0035578032,0.1657449592,0.1039662749,2.905644124,0.665321128,-0.0114080367,0.1915718987,0.4495933105,0.2746354194,0.0239541217,0.0143838306,0.9857213104,0.0059135208,2.22658397,0.1903600876,0.6794444527,0.1278564996,-0.0004790351,0.0002974487,0.000207964,0.0001266722,0.9680836182,0.008184022,2.3714144652,0.2449645045,0.7473096576,0.1246918097,0.1490071287,0.0221432292,0.1437688436,0.0120712891,0.954878006,0.0055967356,2.8184416883,0.3793878562,0.998368721,0.1608803297,-1.4331410161736349,1.8145807691202818,-1.7090374911595005,1
259,133.39720237742137,4993,28,37.429570568303824,0.25885,0.0403537793,0.3143464963,3.9035683406,0.6395342683,0.2449,0.0360068049,0.5248058688,2.7423991941,-0.1003278694,0.49625,0.0357657308,0.1774718459,2.5928290282,-0.0456854012,0.0346,0.0097385831,0.024024024,2.8916293303,0.1693057363,0.5035185185,0.1158075363,0.8742645769,2.0691237849,-0.1496621168,0.0888888889,0.0680957931,0.8899536994,2.158184498,0.5818797823,0.4075925926,0.058484519,0.6172321213,2.7095482174,-0.1673740002,0.0406790123,0.0104454221,-0.0171925102,3.1933821664,0.0227163235,0.4927226922,0.2988711685,0.0017304616,0.0011739869,0.9229157488,0.0588336721,2.4595976126,0.5442661567,-0.040643056,0.4655717115,-1.25641e-05,3.8067e-05,5.14671e-05,3.24088e-05,0.2973793759,0.2201827624,2.9248234965,0.491377354,0.1069283481,0.3568570426,0.493425,0.0303917444,0.0409056349,0.008007202,0.2214436579,0.2252918311,2.8432638457,0.4523513771,0.0287170302,0.2724559457,0.442226767,0.2688012685,0.0257472552,0.0152382318,0.9818809189,0.0089269026,2.1350119398,0.1435002702,0.6008083344,0.1148665007,-0.0006620641,0.0004036482,0.0002813229,0.0001669823,0.9613242705,0.0105544408,2.2853119023,0.2366363478,0.6526048211,0.1752437675,0.1548498406,0.0195410432,0.1394716767,0.0077844761,0.9465184401,0.0131422507,2.6346844837,0.3732262975,0.8740909417,0.2151390245,2.0447445433764293,0.7258289774443133,-2.2286260798215114,1
266,192.55805016182669,7340,69,38.11837518001158,0.23935,0.0395452589,0.099059907,4.401944735,0.6140812193,0.23,0.0421070065,0.4736097354,2.8800116048,0.362162458,0.53065,0.0433223672,0.1463292475,3.2827269381,-0.4004045598,0.03735,0.0087594235,0.0787893256,3.3017664333,0.3791809961,0.4825257732,0.1286750957,0.934773406,2.0376953998,0.0692369121,0.0747938144,0.0650848674,0.9270360371,3.1337957577,1.0427889616,0.4426804124,0.0774964644,0.8016121558,2.6367987678,-0.5785380404,0.0450515464,0.0118298688,0.0386626224,2.583035745,0.4407306598,0.4916680708,0.2983617639,0.0019322016,0.0015098427,0.9377349779,0.0454088907,2.3279471761,0.5546983456,-0.2435006052,0.3556661587,3.3568e-06,4.02577e-05,5.80985e-05,3.55919e-05,0.4285305204,0.196523447,2.8591782142,0.4797775341,0.0170794538,0.3042778596,0.50315,0.0325404402,0.0452921227,0.0090799711,0.3532962501,0.201208862,3.0389009919,0.6894158259,0.0657969634,0.3065976818,0.445320427,0.2699379383,0.0239661254,0.0147882221,0.9814363974,0.0058638328,2.124249738,0.1097824062,0.5835705778,0.1001578151,-0.0006655295,0.0004099385,0.000292244,0.0001826483,0.9560675428,0.0180459274,2.4447541698,0.3991673975,0.7559011626,0.1775992073,0.151277049,0.0160566946,0.143739084,0.0111807897,0.9436957652,0.0171621401,2.8158784615,0.4200922352,0.9818176314,0.1695371283,2.399083794762253,0.7640385729958706,-3.1687887796256544,1
267,477.11719417413633,17820,9,37.34931420957369,0.29165,0.0409881385,0.1729381524,2.6689558077,0.3090001595,0.26895,0.0407387715,0.2799425726,2.4315034842,-0.1659794521,0.4394,0.0384205674,-0.0521576431,2.9648173823,-0.2007036116,0.03325,0.0098836987,-0.1760564732,3.2758193002,0.5690946524,0.5237946429,0.1303553617,0.9088431423,2.6463183365,-0.7839916604,0.0850446429,0.0691610941,0.8858777388,3.1001220447,0.9586604229,0.3911607143,0.0704322818,0.7145538209,3.2855542302,0.675970385,0.0413392857,0.0116109197,0.2613028206,2.6179179802,0.5251412784,0.4949487431,0.3001780142,0.0008927773,0.0006714643,0.9374783548,0.0400008219,2.4422263741,0.4635471708,-0.1516453065,0.4463255372,5.997e-07,1.58067e-05,2.24389e-05,1.41505e-05,0.2004579896,0.1804297435,2.8129182484,0.2705073928,-0.007185883,0.2264195733,0.49175,0.0357326881,0.0410157075,0.0056435126,0.2088464737,0.178855639,2.9774225482,0.3440410589,0.0004344357,0.1840061541,0.4419274306,0.2794939694,0.0238944914,0.0152911803,0.9898633306,0.0046126948,2.4044941506,0.4014303652,0.7635043365,0.1812927043,-0.0002912405,0.0001827343,0.0001295068,8.62085e-05,0.9655432892,0.028844528,2.4436842352,0.6562261131,0.8145932247,0.2266520131,0.1485697715,0.0138030543,0.1435644223,0.0174231683,0.9649980841,0.009133927,2.6438241661,0.3495575186,0.9625528436,0.1310843055,1.7515910168911075,-1.488234577973842,-1.3497520574888968,1
269,221.1030490634061,8413,56,38.0501310842954,0.2484,0.0381567818,0.335201888,3.2024329587,0.0708789478,0.24955,0.0311295278,0.2135346554,3.0388629201,0.2145480728,0.50205,0.0372900456,0.1670996811,2.6853561342,-0.2996269949,0.03825,0.0097050245,0.1486973514,2.7711691822,0.170763721,0.5020481928,0.1223244652,0.9026697943,1.9058622518,-0.1803270579,0.0721084337,0.0582998093,0.9066210492,2.9155155039,0.9505958898,0.4258433735,0.075449733,0.7277897457,2.3381012231,-0.0195167513,0.0401204819,0.011998391,-0.0691916035,2.5874696458,0.243648675,0.4913618194,0.2986386711,0.0015670018,0.0011537658,0.9334840978,0.038171197,2.4953607927,0.5421425216,0.113129104,0.4597112324,-6.188e-07,2.93195e-05,4.08768e-05,2.58341e-05,0.2138830534,0.1935909471,2.8903791711,0.4783248317,0.0089635885,0.2546612919,0.498145,0.0249966293,0.0412601953,0.003549477,0.2014133092,0.146960857,3.0259455257,0.7287165038,-0.0256420713,0.3114629845,0.4471552358,0.2725146509,0.0240865602,0.014395005,0.9847692739,0.0064436038,2.1308244756,0.1919324556,0.5761891925,0.1437859453,-0.0005153788,0.0003078143,0.0002370434,0.0001435586,0.963783287,0.0132046826,2.2818617926,0.2833193854,0.644690638,0.19125825,0.1593440796,0.0267877733,0.1455974536,0.0097330597,0.9502940214,0.0118802679,2.640185246,0.4018906009,0.8848968708,0.2296807423,0.8503726663022064,0.5739623296179758,-1.7142649496831688,1
277,255.98516124985463,9600,28,37.502173771041,0.28405,0.0319819871,0.0859366335,2.5647223679,0.2234521681,0.2296,0.0312224278,0.1692073139,3.3829284,-0.0215241569,0.48635,0.0363926847,0.1491013381,2.2712091381,-0.2288954878,0.0323,0.009066973,-0.0212802741,2.7488113348,0.0141991667,0.4563934426,0.0936011382,0.8415134662,2.7194278807,-0.6622503231,0.0717622951,0.0626332093,0.8846554961,3.5315177639,1.1771304605,0.4718442623,0.0466245943,0.3302619224,2.6417034189,0.1237339783,0.0434836066,0.0115213512,0.0968596376,3.0158182832,0.3602807211,0.4984366226,0.3023558159,0.0010292712,0.000693077,0.9491170857,0.0399446265,2.2701092211,0.5104111506,0.0081521176,0.3895935249,3.4594e-06,1.39142e-05,2.35988e-05,1.49195e-05,0.2318479912,0.2077318506,2.9189987452,0.4338616107,0.0007696057,0.2806549842,0.5009725,0.0212654736,0.0402253671,0.0062262521,0.2093046309,0.1948653839,2.9743657349,0.4474698054,0.0270331189,0.286585994,0.451790564,0.2844562377,0.0206896841,0.0126521788,0.990085312,0.0035746383,2.2522153893,0.125764438,0.6617478413,0.0955273718,-0.0002568599,0.0001574661,0.0001094404,6.62832e-05,0.9646057055,0.004520326,2.3618677381,0.2521289741,0.7103786829,0.1249022482,0.1609936672,0.0151511723,0.143601284,0.0071994921,0.9615999844,0.0043563708,2.5287288176,0.3761608912,0.8658921982,0.1558146631,-0.7379413332159823,-0.9985504169710362,-2.398520803587174,1
278,105.61208000353288,3905,36,36.97493695673234,0.2614,0.0408905857,0.3659124649,3.4367041077,-0.1930697357,0.19625,0.0375391462,0.270548819,3.453368144,0.5363895465,0.54235,0.0343253186,0.2780066905,3.120442316,-0.188307625,0.0412,0.0111830228,0.3780600662,3.0618432338,0.4383515138,0.4621341463,0.1547441446,0.9192803273,1.9619767971,-0.4120379246,0.0982317073,0.0972091407,0.9229867499,2.977614203,1.0221655033,0.4396341463,0.0708647823,0.7094961309,2.0156378712,-0.1926670435,0.0427439024,0.0096320235,0.2200833107,2.6336153527,0.3556004059,0.4974458052,0.3020550493,0.0023760888,0.0018510559,0.9332088194,0.0389819255,2.4358754698,0.6729675942,-0.2397829253,0.377912138,-8.7269e-06,5.61013e-05,7.21461e-05,5.00638e-05,0.4155106385,0.1562412139,2.9900476943,0.5811848165,0.0323061111,0.248175318,0.5002875,0.0252915494,0.0445784557,0.0077623233,0.3228431127,0.1647877849,2.9796985106,0.3908508891,-0.0043839525,0.2637352228,0.4572839062,0.2777781079,0.0168308646,0.0103519079,0.9707941179,0.0060662736,2.3810866213,0.219918299,0.7469633093,0.1331498352,-0.0007521373,0.0004563518,0.0002856378,0.0001769337,0.933252092,0.0177777202,2.8434600577,0.4011056987,0.8906067455,0.1733569557,0.1406423835,0.0220331308,0.1337207609,0.0126882211,0.9288244009,0.0140905538,3.0479726679,0.4352738058,1.0388583942,0.1747992837,2.9965894001763718,-0.3099215152130745,-2.4992415666445242,1
281,277.359064875236,10338,54,37.27298404561007,0.2468,0.033604464,0.0978631152,3.2564116586,-0.3681688319,0.2314,0.0362565856,0.0766471278,2.8095345577,0.1215085827,0.5218,0.0368070645,-0.1245646132,2.6087398599,-0.2510598935,0.0366,0.009896464,-0.0375734479,2.6118518508,0.3180695582,0.40305,0.0962753733,0.856071312,2.0083971418,-0.1393371582,0.08165,0.0659244075,0.9041048256,2.9360823342,0.8297250103,0.5153,0.048155062,0.4364962513,2.3730829222,-0.0401822898,0.04945,0.0132267721,0.1840234835,2.7303172665,0.1772175437,0.4929219461,0.3004334061,0.0012473916,0.0009005064,0.9452929128,0.0456240346,2.4529779728,0.5976792701,-0.0455137995,0.4728953684,7.4119e-06,2.4995e-05,2.77029e-05,1.70853e-05,0.1655126036,0.1730673407,2.9007043236,0.4398195471,0.0054025377,0.2365687722,0.5043225,0.0287709379,0.0392482304,0.0037667012,0.1187070101,0.1465897124,2.852345994,0.2907004771,0.0312361346,0.2241264804,0.4562447453,0.2825885568,0.019832792,0.012288261,0.9866092994,0.0043658442,2.2929076027,0.1634680222,0.7111623322,0.1115512353,-0.000335139,0.0002008821,0.000148744,9.26595e-05,0.9659235271,0.0082105739,2.5559417576,0.2450448586,0.8060289549,0.1213374584,0.1528926308,0.015898712,0.1458692575,0.0100793278,0.958785481,0.009839809,2.903247767,0.3225298084,1.0112103079,0.1373576818,-1.7717779276618248,1.0164695948286278,-2.3391179027926725,1
283,424.2790207563052,15664,25,36.91910095407945,0.25235,0.0323145091,-0.0225626242,3.7325611209,0.5088792491,0.2898,0.0399244286,0.2860445714,2.4248124489,0.1237293936,0.45785,0.0377243622,0.2811823409,3.3785426718,0.061474598,0.02765,0.0099109788,-0.1033642958,2.9287295502,0.2868237845,0.4632746479,0.1311904402,0.9045024135,1.9791044,-0.1699763614,0.0966197183,0.0847459943,0.9280329025,2.4938970573,0.8400788094,0.4401056338,0.0606637822,0.5928806036,2.5370489975,-0.4381598936,0.0401056338,0.0091441567,-0.0001792667,4.5639508241,0.7079345241,0.4935002758,0.2993546615,0.0015854457,0.0011228738,0.9388583416,0.0453453735,2.5315228266,0.7702023764,-0.0742049767,0.514663151,-4.107e-06,1.98419e-05,3.39391e-05,2.00252e-05,0.0567687868,0.1424566208,2.9955388433,0.3143309102,0.0333628372,0.2488743896,0.49782,0.0195441129,0.0366681796,0.0026916264,0.0564061124,0.1265661362,2.8907512672,0.3918093785,0.0439309408,0.2167725467,0.4415197044,0.2725411733,0.0253541883,0.0157276367,0.9865387272,0.0041102204,2.2640283045,0.1883618969,0.6935844381,0.1347458939,-0.0004336263,0.0002614718,0.0001937212,0.0001208247,0.9663926938,0.0065779251,2.2990913477,0.2382216208,0.6778320579,0.1508926459,0.1606537682,0.0227799659,0.1444546373,0.0108019613,0.9577260856,0.0091141756,2.6018525162,0.3309884603,0.8848257271,0.1728905151,-0.8186579820225195,1.7284052048221616,-1.0225221894411498,1
289,112.01136667195962,4183,64,37.34442426946257,0.23055,0.0336221281,0.1133288524,3.1178280969,0.3277817469,0.2374,0.0339151883,0.0784529916,2.4566477249,-0.0574985169,0.53205,0.0440856836,0.1035162861,2.6940721945,0.3352467244,0.0396,0.0098914104,0.0498774447,3.8141939482,0.359041912,0.4257352941,0.0695905288,0.8501751404,2.4107366068,-0.2349427927,0.0930882353,0.0452609218,0.8464673802,2.3133525064,-0.0571522506,0.4811764706,0.0384642466,0.3919148688,2.6606168454,0.0482746119,0.0442647059,0.0072894316,0.2581115011,2.1352041438,0.1992299668,0.4956971577,0.3001575493,0.00316723,0.0025987417,0.9328081983,0.0385504946,2.3130912855,0.4388434252,-0.0873877193,0.4147331005,-8.4217e-06,8.01794e-05,8.66013e-05,5.69179e-05,0.3544513229,0.1726682415,2.7562712329,0.4498662386,-0.0539183642,0.2206241493,0.5023275,0.0264303967,0.0412988493,0.0040877158,0.271009421,0.1484321813,2.7504731417,0.3626449852,-0.0893716818,0.192012592,0.4402065554,0.2664907843,0.0227294154,0.0139881166,0.9696455891,0.0075643695,2.3873690378,0.2818137602,0.7728949982,0.179319047,-0.0009612142,0.0005992529,0.0003921203,0.0002410034,0.9469236042,0.0161891605,2.4691942351,0.3220095493,0.7623740107,0.1931579338,0.1446130469,0.0239935963,0.1399553842,0.0117542916,0.9356764238,0.0161777107,2.9020510909,0.4740736602,1.0006702141,0.2204474029,1.394649656663676,1.138599850747003,-0.5293317812910363,1
291,443.0477525613494,16345,28,36.89218578698622,0.2379,0.0310095147,0.0169878334,2.4813754336,-0.2165680757,0.25595,0.0323395656,0.1719212647,3.3867479346,0.0538026609,0.50615,0.036550342,0.0315573349,2.5673247407,0.2027659574,0.04255,0.0114563301,0.0680893889,2.8245230183,0.4809245717,0.4258677686,0.0870752446,0.8825854606,2.0042659932,0.2084311504,0.098553719,0.0772177291,0.9237937407,2.5015581286,0.7626417635,0.4755785124,0.0435851503,0.4108660657,2.7871886251,-0.2366833727,0.0413636364,0.0124150003,0.3086073003,3.1771844835,0.4417069862,0.4935135259,0.3003821971,0.0014409606,0.0010471079,0.9393465393,0.0462915174,2.3915988887,0.7407209019,-0.2256677485,0.4907034091,1.0832e-06,2.9103e-05,3.03922e-05,1.90724e-05,0.1470252097,0.1415507498,2.7486387586,0.3481767994,-0.0473931871,0.2314636112,0.4996325,0.0224693974,0.0369264783,0.0032770151,0.1104372424,0.1438212039,2.8802865301,0.3660920205,-0.100171163,0.2901168686,0.4418280311,0.275442162,0.0242678038,0.0149007063,0.9867759533,0.0072157846,2.3445558562,0.3120005462,0.7425850201,0.17067356,-0.0003965304,0.00023835,0.0001743327,0.0001066933,0.9655083348,0.0143272761,2.3745706382,0.307546266,0.733269091,0.1522605374,0.150275756,0.0214975811,0.1434020715,0.004163207,0.9577727766,0.0087427978,2.6722153332,0.2435509965,0.942375234,0.1386343733,-1.6903480662484396,2.034165392680165,-1.459341346681224,1
292,111.54015257921137,4134,45,37.06288636340352,0.2523,0.0301116257,0.2979588642,2.7966129889,0.3002117156,0.21885,0.0360753032,0.2971977776,2.7902809235,0.1659807609,0.52885,0.0356149898,0.0515734392,2.9828932148,0.3552591965,0.04255,0.009810581,0.0578035238,4.0014701341,0.501327307,0.4200757576,0.1059033737,0.8806988299,2.0361513175,-0.0775919202,0.0925,0.0856802106,0.894528121,2.6993654738,0.8799323813,0.4874242424,0.0464842954,0.5118669526,2.6575861267,-0.3421017886,0.0471212121,0.0141437588,0.3555743846,2.1761986718,0.0232985404,0.4967494146,0.301267678,0.0024870576,0.0021866188,0.9476148939,0.0334489393,2.432826526,0.5725388888,-0.0579784663,0.4712182206,1.99877e-05,3.98202e-05,5.34801e-05,3.60737e-05,0.2739918251,0.1933472773,2.8475498885,0.4145538325,0.0929832387,0.2175003659,0.511555,0.0211069532,0.0404866058,0.0048180129,0.2193959333,0.1489989197,2.8158770595,0.3040101607,0.0684085886,0.2222365176,0.447371716,0.2722212642,0.0220451308,0.0136841683,0.9788225559,0.006005512,2.2138838921,0.2052335465,0.6659702333,0.146917918,-0.0005881255,0.0003523107,0.0002766227,0.0001712597,0.959574588,0.0082407518,2.2814443249,0.2824384029,0.6669437365,0.1642059509,0.1607397681,0.0262267875,0.1485177902,0.0111212618,0.948761181,0.010337486,2.5893826096,0.402913114,0.8702842049,0.2024462255,-0.4317328361360082,2.3798653228861406,-1.8419440202761885,1
294,179.83780177377,6536,36,36.34386060958458,0.2419,0.0417658952,0.445481083,2.8878687344,0.3652082792,0.2442,0.0461178924,0.6436066538,2.3119941445,0.0487068629,0.5139,0.0352319457,0.0624677037,3.3454366348,0.0404176594,0.03705,0.0104425811,-0.0251882621,3.2317266148,0.212509713,0.4693956044,0.112532865,0.8851206911,2.0468876538,-0.1890055178,0.0714835165,0.0628686687,0.8949400897,3.3041614874,1.0457741098,0.4591208791,0.0622410831,0.6204434431,2.660728203,-0.3213013716,0.0467032967,0.0152492079,0.387984228,2.9407565237,0.6098608786,0.4958650546,0.3015088246,0.0018885968,0.0013498595,0.9528862891,0.0270478739,2.3414076086,0.4110762586,-0.0754891833,0.460462857,1.99192e-05,4.33773e-05,4.31909e-05,2.60649e-05,0.2789302363,0.1805639407,3.0565129267,0.5238342697,-0.1132940518,0.2754695868,0.510995,0.0223794152,0.0392637219,0.0050775875,0.2196989448,0.1436406379,2.9191870326,0.5188455012,-0.0813123991,0.2629022325,0.4405349914,0.2681432153,0.0284077332,0.0168291233,0.9850785854,0.0055156133,2.0594365977,0.1102336991,0.5654586056,0.0922042477,-0.0006285277,0.0003758466,0.0002853115,0.0001691135,0.9666693743,0.0136680925,2.1987123526,0.2317207825,0.6151403321,0.125093388,0.1590640934,0.0128943757,0.1478514578,0.0076575273,0.9533324169,0.0140736489,2.5090938681,0.2695041376,0.848200452,0.1217191722,-0.07006468575947163,2.3301825485918206,-2.6567134210443832,1
297,497.82811416778384,17559,42,35.27121008292846,0.26725,0.0348093019,0.2470536691,2.9577298972,-0.0481063929,0.23625,0.0391240016,0.5080591652,2.961425529,-0.0395043374,0.4965,0.0346301891,0.2130486841,2.8454081226,-0.0090295618,0.0364,0.0102,0.1443985987,3.0727131389,0.2334961666,0.4862857143,0.1113788656,0.895625222,2.0961512935,-0.3723339097,0.073047619,0.0611438399,0.8798506381,3.7927195247,1.1601794299,0.4406666667,0.0616057614,0.6948088558,2.2348209504,0.0562456833,0.043047619,0.0115777956,0.0227541684,2.8396455891,0.1455576669,0.4964009829,0.3015493717,0.0006743511,0.0004584767,0.9392975663,0.0423842134,2.502929232,0.6705898524,-0.0756562021,0.5018350256,-3.0318e-06,9.1874e-06,1.6819e-05,1.02475e-05,0.2385231053,0.1870004487,2.7776368363,0.298777641,-0.0158617326,0.2044069517,0.4926575,0.0169828831,0.0393729406,0.0036712972,0.1472236306,0.1842051447,2.7311852724,0.2710335462,-0.0540727481,0.1740153197,0.453790021,0.2968483617,0.0220587341,0.0131250248,0.9936901551,0.002750381,2.1077882739,0.1289236477,0.5520242648,0.1330329779,-0.0002269531,0.0001371555,8.44057e-05,5.19769e-05,0.9596426406,0.0116806497,2.9592562255,0.3091305672,0.893742396,0.1378383303,0.1446249661,0.0271820931,0.125892084,0.009406843,0.9478469715,0.0159076624,3.4599695755,0.3428882012,1.1347659418,0.1510750696,0.1383072735632217,-2.27479971971361,-2.806967910165269,1
298,246.11028545624205,8592,8,34.91117806828777,0.23085,0.0497697448,0.5143566121,2.6366295843,0.1599736496,0.2519,0.0595725608,0.7118584479,2.7449695915,0.0687598668,0.51725,0.0428215775,0.2758789823,2.9136409862,-0.5115170597,0.0373,0.0118831814,0.2820437726,3.1405530732,0.2464112486,0.5763043478,0.1608394018,0.9135858089,2.0644607295,-0.4910529789,0.0968115942,0.0966390678,0.9060953758,3.4808215861,1.2381484336,0.326884058,0.0796327688,0.7539995127,1.9986060146,0.0442375582,0.0363768116,0.0107973446,0.2943216397,2.2361758231,0.1003829153,0.496826888,0.3014789577,0.0027959462,0.001875255,0.9252656152,0.0384579838,2.3928562358,0.4210143802,0.0546902216,0.3721282588,2.65e-06,0.0001128405,0.0001146366,7.17063e-05,0.521576355,0.1691396153,2.6281352746,0.2814738665,-0.0109263966,0.2480157052,0.498035,0.0430715657,0.0515490282,0.0068903334,0.41743208,0.1749971635,2.6771167078,0.2914804706,0.0229172407,0.2446056854,0.4412009516,0.2670075391,0.0240361077,0.0148401827,0.9660823928,0.0237047472,2.2000523223,0.2033012184,0.6430914408,0.1395686054,-0.0010057274,0.0006311415,0.0004391013,0.0002676167,0.9396817742,0.0332877115,2.2579656326,0.2742098106,0.6285102327,0.1535743989,0.1587000947,0.0234443262,0.1434527087,0.0167650748,0.9260559375,0.0258829987,2.5177893997,0.3436857899,0.8189840588,0.1814843698,6.231701408369711,1.1920282188797862,-1.5249803378551632,1
302,113.33761223264165,4079,45,35.98981767524156,0.24135,0.0499692656,0.5892721284,2.1734552889,0.0879920295,0.2346,0.0573047991,0.7003760909,2.5306202513,0.3787504037,0.52405,0.0427942461,0.1732056161,2.9162305484,-0.0521691081,0.0337,0.010668177,0.11136967,3.537103828,0.5321076824,0.4824431818,0.1298644274,0.9365389551,1.8782273842,-0.2875184389,0.0814204545,0.0798612037,0.8967532892,2.9960536646,1.0359488798,0.4361363636,0.0655732037,0.7307136767,2.5525118481,-0.0287998738,0.0403409091,0.0107077779,0.2392044812,3.1750324446,0.3556809246,0.5003480268,0.3037021553,0.002764131,0.0019289046,0.963199479,0.0213601403,2.0413580383,0.3720553734,0.0101903555,0.2950239395,-4.7533e-06,4.76179e-05,5.78326e-05,3.48437e-05,0.3494147978,0.1843702369,2.8261989466,0.4044632258,0.0384964875,0.1919978797,0.4984475,0.0229021477,0.0414254411,0.0055566809,0.2575668784,0.1640440947,2.8746777139,0.3903760547,-0.0550025815,0.1951325486,0.4459484269,0.2705524918,0.0244070415,0.0148351118,0.9816375164,0.0070462324,2.0166751262,0.1192076175,0.5017896239,0.1026724658,-0.0006694522,0.0004098177,0.0003167948,0.0001937518,0.9640395634,0.0083685319,2.0379139128,0.1312675804,0.4859117022,0.1116360037,0.1736822504,0.0193227524,0.1496613746,0.0084533377,0.9515535577,0.0070945965,2.2862578292,0.2525555828,0.7053890958,0.1500063216,1.4358978361681607,2.4385779599463393,-2.2957737164855154,1
303,216.39537553844065,7876,60,36.396341559530704,0.2647,0.0347621921,0.0511584673,2.7276693505,0.0621348158,0.28235,0.043688986,0.3953716147,2.741592743,0.1357979749,0.45295,0.0476502623,0.3470289325,2.3101027652,0.0338400808,0.0366,0.0106273233,0.0776360747,2.8296090933,0.1468794135,0.4119444444,0.1140344598,0.8896891231,2.0463577531,-0.1141227485,0.0928472222,0.077121956,0.9340922668,2.4326595474,0.7604600592,0.4952083333,0.0502731256,0.5624933711,2.7176113663,-0.4500956855,0.0415972222,0.0137645476,0.2070860119,2.4280631908,0.2967352472,0.4950539472,0.3002801745,0.0025624776,0.0019347746,0.9463872063,0.0496408862,2.678973894,1.1894937783,0.0541409613,0.6272706909,8.863e-07,5.76548e-05,5.66832e-05,3.67253e-05,0.2828144022,0.1460514403,2.7690757176,0.5112566698,0.1267539945,0.248500156,0.4988,0.0276319019,0.0403183469,0.0029315367,0.1856335761,0.149871352,2.8758731279,0.4136613558,-0.0223357634,0.302841028,0.4515807865,0.2746619874,0.0231470096,0.0140601182,0.9781324993,0.0084588301,2.2257008731,0.1892305658,0.6950448329,0.1338550598,-0.0006630548,0.000401227,0.000295634,0.0001794315,0.9593977359,0.0116412849,2.2591464841,0.2131401419,0.6725949312,0.1399392449,0.1534744815,0.020045305,0.1432406836,0.0106361642,0.9491095869,0.008878537,2.5567157615,0.3547412029,0.880585356,0.1843015266,0.5767355966864981,1.4905783246288378,-1.5125064878670584,1
306,161.3765454628462,5919,28,36.67819250327635,0.2265,0.0356686137,0.2940273263,2.9620342498,0.2590162414,0.24755,0.0402274471,0.2580753894,2.7995149755,-0.0533799284,0.52595,0.0386373847,0.2346700209,3.2543472812,0.3156789983,0.0348,0.0095895777,0.2332502534,2.6094372026,-0.121693122,0.3884459459,0.0865437152,0.8524656108,1.9796889505,-0.0228150995,0.0716216216,0.0563058018,0.8390102508,3.4979417474,1.079427975,0.5399324324,0.0484314314,0.486195371,2.29063459,-0.3330697838,0.0497972973,0.0109494906,0.0614252125,2.9858107066,0.2060944879,0.48973196,0.2984764548,0.0021003144,0.0015546364,0.9556462431,0.024021873,2.1856453248,0.3777456263,-0.1930732203,0.4121607037,5.0389e-06,4.61792e-05,4.38995e-05,2.79037e-05,0.236077068,0.1324501172,2.747394366,0.3173329317,-0.1001312622,0.1696211803,0.502625,0.0343329088,0.0387715023,0.0037624941,0.1432712785,0.1221754092,2.8494636979,0.4724611708,-0.0894649921,0.284761145,0.446884828,0.2709945591,0.0268538705,0.016216877,0.9850848478,0.0047021487,2.093261111,0.0878251013,0.5674159994,0.0712128566,-0.0005836881,0.0003573686,0.0002625652,0.0001583344,0.9673798644,0.0081026473,2.1225438034,0.0858629982,0.5614833469,0.0646205692,0.1628889035,0.0149491812,0.1445921396,0.0077468197,0.9558895953,0.0093174826,2.3926709756,0.1934266642,0.781688978,0.1071668634,-0.7596834114393172,3.1592785852342513,-2.3319042956708755,1
307,441.6710011522288,16155,68,36.57699952646863,0.23555,0.0348847746,0.3843588371,2.8237201515,0.1402875832,0.24125,0.0363825164,0.4287714048,3.5668732109,-0.3086547869,0.5232,0.0370102688,0.2986800052,2.5218604387,-0.1568189142,0.0378,0.0113428392,0.2707286315,2.834467582,0.3459054996,0.44328125,0.112079836,0.9141648148,1.8753868179,-0.1028878791,0.1017708333,0.0785147915,0.915618325,2.1472887608,0.641354848,0.4549479167,0.0492786232,0.5169617571,2.3279034916,-0.314713476,0.03734375,0.0116581768,0.1597531131,3.6267360048,0.4365057068,0.5001351134,0.3031219901,0.0014523503,0.0009279631,0.9353412624,0.0504309453,2.2511820809,0.3941590043,-0.1253246945,0.3428037368,5.2409e-06,3.2723e-05,3.57765e-05,2.08153e-05,0.1730523935,0.1036421645,3.0693872301,0.5585514708,-0.0276068993,0.3361373952,0.5071,0.0216097952,0.0374499713,0.0023888067,0.1314895677,0.0967244826,3.0433008693,0.5420484484,-0.0334310555,0.2840663526,0.4409735202,0.2711562928,0.0213276056,0.0134120531,0.9845660032,0.005522387,2.2951281896,0.2052567214,0.7032860899,0.1298327074,-0.0004195388,0.0002449451,0.000192015,0.0001207619,0.9649412457,0.0078350605,2.3772450236,0.2179810773,0.7231145414,0.1365739967,0.1589182838,0.022870924,0.145596435,0.0085835477,0.9566683588,0.0056747547,2.6243039552,0.2250782678,0.9070874697,0.1352668159,-1.2171542027725828,1.4356701672658243,-1.6276059783218795,1
309,185.94205931980696,6699,6,36.027351877813736,0.2366,0.0308292069,0.2178460324,3.0688446216,0.1124963982,0.28985,0.0324611691,0.14286212,2.3351499677,0.4257516236,0.47355,0.0349663767,-0.0840866351,2.4685501678,0.0606484458,0.03225,0.0096533673,-0.0647582946,2.1234624379,-0.0574230669,0.429,0.0951393715,0.8536578181,1.9474632519,-0.0669749529,0.0915625,0.0733083972,0.917483797,2.4781607075,0.8059985612,0.4794375,0.0458052518,0.366355223,2.2159226794,-0.0865088518,0.041625,0.0128397576,0.0578299391,2.9493583935,-0.0702043978,0.4951183966,0.3007918176,0.0020342491,0.0016505985,0.9415288311,0.0446674538,2.4784752406,0.5580055812,0.0669394833,0.4403466231,1.37032e-05,2.6051e-05,4.55642e-05,2.9716e-05,0.2496816751,0.1401286157,2.9492593825,0.339291744,-0.0171748822,0.2247431223,0.5051675,0.0181706995,0.0390511193,0.0037643334,0.1847067469,0.1465274523,2.8514706407,0.3755483505,-0.0473049737,0.2033994853,0.4420092697,0.2683998668,0.0247745958,0.0151311639,0.9817053007,0.0065887989,2.2090008774,0.1588050448,0.6822635627,0.1209465077,-0.0006107829,0.0003711177,0.0002781187,0.0001701237,0.9644797742,0.0112530101,2.2528306771,0.1949273043,0.6889480829,0.131440708,0.1508424158,0.0173549308,0.1485533245,0.0102643013,0.9520010907,0.0100592988,2.6772705563,0.2963747067,0.9477296721,0.1437526422,-0.9538123076460568,2.2845958589219335,-1.529542432939396,1
311,113.24963867635276,4064,50,35.885324204999776,0.2793,0.0401622958,0.192971332,3.2348402619,-0.3294476114,0.27195,0.0410176486,0.30091502,2.8227878859,-0.2371174202,0.44875,0.0379761438,0.0763451311,3.0158966299,-0.2943942048,0.03025,0.0091207182,0.0056163978,2.4329215872,0.2818444274,0.4464423077,0.1186880873,0.840748927,1.8429162099,-0.1837001082,0.0839423077,0.0644453894,0.8769383847,2.1483527534,0.5860703446,0.4696153846,0.0657124136,0.4680627172,2.6577752373,0.1693529982,0.0427884615,0.0112836446,-0.147259488,2.7671178269,0.6373451291,0.4900585589,0.2966136505,0.0025386973,0.0015716537,0.9280480482,0.0458964315,2.3589956708,0.4075071096,-0.0613074445,0.4428191912,1.1472e-06,7.00921e-05,8.45091e-05,5.076e-05,0.3853428441,0.144131525,2.9114360232,0.3876889437,-0.1285136576,0.2436586206,0.5026575,0.0281995491,0.0437482685,0.0045496844,0.3150331807,0.143359718,2.8772882305,0.2864500086,-0.0592992019,0.180576065,0.4371356041,0.2656188754,0.0262807231,0.0162961971,0.9716754911,0.0093898719,2.1591047437,0.125766598,0.6365583445,0.0952105336,-0.0010206627,0.000616898,0.0004685426,0.0002901965,0.9554115959,0.0209373801,2.2091174495,0.1868473276,0.6494386495,0.1057323503,0.1523988648,0.0154026484,0.1459414876,0.0116845475,0.9408591955,0.0203877079,2.614030958,0.4255881611,0.8932669907,0.1737324205,1.818151416118764,2.623079603805799,-0.8021349841704121,1
314,221.39229792838967,8158,22,36.84861703110712,0.2419,0.0359428713,0.1895317218,4.22918483,0.8690649708,0.2646,0.0395517383,0.363826906,2.9652321155,0.2730988489,0.4935,0.038291644,0.1158748216,3.3180535624,-0.3679927818,0.02885,0.0098958325,0.1367520727,2.8626577521,0.459841755,0.5628181818,0.1465226127,0.9568654745,1.8883755621,-0.2620531465,0.0863181818,0.0738169643,0.915436534,3.6394280606,1.1987726352,0.3508636364,0.0851892521,0.8788113733,1.8451523976,-0.136826208,0.039,0.0103747946,-0.0123321226,2.8382601351,0.2432480582,0.4928595648,0.299639994,0.002150537,0.0014144594,0.936083817,0.0545334299,2.3192583918,0.680852728,-0.1352594249,0.3531673511,9.5631e-06,6.58203e-05,5.7869e-05,3.47585e-05,0.2260203478,0.1709880502,2.8355478497,0.4595081328,0.0584745462,0.2342336239,0.507,0.0324877131,0.0404832042,0.0047311395,0.1970371138,0.1368707492,2.936414965,0.7513842042,0.0715377872,0.2174275779,0.4439082779,0.269825127,0.0246563644,0.0148023501,0.9772800535,0.0081567585,2.3826437959,0.1663379177,0.7661111663,0.0924036508,-0.0007334678,0.0004389351,0.000314083,0.000188256,0.9570406968,0.0100554641,2.4309422669,0.1423783872,0.7616521388,0.0810589645,0.1536519132,0.0138200828,0.1469529767,0.009303942,0.9532415933,0.0103885791,2.5897035159,0.2119901883,0.9118465334,0.1025553495,2.5720402757729546,1.9359292195046096,-3.233611983579151,1
315,172.1495446808034,6243,60,36.26498119164741,0.25065,0.030867904,0.1220333043,4.351180099,0.1620255721,0.2851,0.0367013624,0.3230571634,2.9679420548,0.0386031999,0.46425,0.0407024262,0.2420676101,2.7688934508,-0.2975741353,0.0382,0.0106188512,0.0687712147,2.5543069686,0.0498888551,0.4716470588,0.1107604416,0.9140417019,1.899163224,-0.1670998997,0.0917647059,0.0805375538,0.901230256,2.8606455416,0.9205181768,0.4365882353,0.049824467,0.4859310204,2.8067393134,-0.0279991635,0.0414117647,0.0114175243,0.0314837531,3.4916713931,0.1607052133,0.4930572755,0.2991618432,0.0012573429,0.0008513718,0.932498082,0.049394388,2.5168092516,0.7757560396,0.1132245387,0.4438502959,-2.6748e-06,2.35614e-05,3.00523e-05,1.81608e-05,0.1759083446,0.1209355639,2.8345252234,0.3234600535,-0.0367653682,0.2088364433,0.5026425,0.0197582026,0.0376115196,0.0031251744,0.109896364,0.1206438357,2.7381581202,0.3026187479,-0.0546750656,0.2002142566,0.4456746736,0.2708334493,0.0255712951,0.0154407048,0.9877325675,0.006635355,1.9810769899,0.1503046987,0.4436010407,0.1106652374,-0.0004868329,0.0002951447,0.0002357265,0.0001420848,0.9715265288,0.010102074,2.0177880525,0.2012265642,0.4446064934,0.1311909311,0.1786197044,0.0165755119,0.1459362736,0.0095898866,0.9567020174,0.0094741707,2.2184759925,0.1983218173,0.6457718413,0.1234222922,-1.275980018857353,2.8575802524857226,-0.7144950985636452,1
316,132.91150041647737,4908,28,36.926827134001286,0.2374,0.0418537931,0.2019499604,2.463329643,0.1441842035,0.2701,0.0392172156,0.2386830914,2.4736418908,0.0175095747,0.4925,0.0434309797,0.3233626264,2.2283937199,-0.0574023834,0.033,0.0133229126,0.1908035614,3.0679785757,0.3977051948,0.5488202247,0.140186518,0.9080560836,2.896660201,-0.7661748937,0.1081460674,0.088905271,0.8777970041,3.7020638258,1.1819235671,0.3430337079,0.0614141311,0.6613661878,3.1695769416,0.1237023339,0.0411235955,0.0110604267,0.1817879945,3.2624053076,0.2256552222,0.4901647691,0.2983129665,0.0024876373,0.0021883756,0.9161251441,0.0618195762,2.3335101013,0.5406591341,-0.0118616039,0.2759398025,1.71372e-05,5.27991e-05,8.22207e-05,5.42643e-05,0.4812418366,0.187760738,2.6921675401,0.4577076244,-0.0599222624,0.2960681205,0.505435,0.0224113147,0.047772145,0.0077615021,0.4062811341,0.1788828454,2.8190337913,0.4666037208,-0.1188714334,0.3014726167,0.4395042932,0.2669097184,0.0245452071,0.0148329115,0.9764789132,0.0078040864,2.3397115352,0.1452461982,0.7336272649,0.0891094233,-0.0007763177,0.000472744,0.000320049,0.000193608,0.9411432166,0.0418487252,2.7400069916,0.510444666,0.8752814181,0.1815124209,0.1450674054,0.017539466,0.1406905699,0.0145611313,0.9380582761,0.0320979625,3.0105229494,0.4848673304,1.0478619624,0.1638161739,5.454505130516538,-1.1078476389408505,-2.239510603527289,1
324,105.0146098864728,3907,15,37.20434713059169,0.2645,0.0515727641,0.6161372542,2.6728828056,0.1403707621,0.22255,0.0392841889,0.4516596116,2.1885503586,0.135980115,0.51295,0.0397309388,0.1801741796,3.1886959728,-0.2646734004,0.03815,0.0109693892,0.0888990586,3.3023711914,0.6632218562,0.4728846154,0.1206685948,0.9675542426,2.0325482556,0.1241961269,0.1026923077,0.0745206576,0.9164145156,2.2389486631,0.5921513976,0.4244230769,0.0578513833,0.8235529426,2.4766174393,-0.5906844155,0.0380769231,0.00971487,0.3431570692,2.669399377,0.4390622688,0.4981643543,0.3011157285,0.002594255,0.0017028164,0.9300032842,0.0496405855,2.3530586814,0.4173377429,-0.0673528072,0.4394009039,-6.811e-06,9.38716e-05,7.87732e-05,4.90938e-05,0.3456585611,0.1641904892,2.9291021324,0.4873405688,0.044333457,0.2262910249,0.501045,0.0327095128,0.0428168862,0.0048769877,0.2870398604,0.171686953,2.9345799781,0.3603619666,0.0075453018,0.2189886275,0.44511898,0.270225188,0.022255048,0.0133349186,0.9680106735,0.0175042122,2.305757231,0.2601136534,0.7191004686,0.1629099262,-0.0009526288,0.0005866818,0.0004076705,0.0002440778,0.951684227,0.0201542344,2.3293471314,0.2901974898,0.7150660711,0.1767223636,0.1437268233,0.0266522029,0.1423250047,0.0138553482,0.9394416966,0.0261204557,2.773499332,0.4792057606,0.9817680472,0.2229772926,2.8305961367604895,1.6606035373411778,-1.510640976644952,1
325,385.3644768706912,13929,33,36.14500255215238,0.26145,0.0367239363,0.2147502831,2.5949189015,-0.0407028288,0.27395,0.0458219107,0.5521745371,2.8051688251,0.1103452102,0.4646,0.0381226967,0.1297297762,2.7432797965,0.141350746,0.0352,0.0108148047,0.0743819501,4.5273170899,0.8793710114,0.3477108434,0.0876373318,0.8102333991,1.8625042241,-0.0076788077,0.0912048193,0.0722928714,0.9039936238,2.2615524127,0.7933478314,0.5610843373,0.0458129263,0.3757216273,2.2565917036,0.0367713142,0.0506626506,0.0128422093,0.1828570811,2.5669129153,-0.0276540279,0.4932965294,0.2993375757,0.001819838,0.0014080482,0.9418166373,0.0408704012,2.3443570166,0.5000359935,-0.0326125068,0.4197825807,-7.7795e-06,3.10606e-05,3.69991e-05,2.28506e-05,0.1459433458,0.1235825352,2.890270759,0.3728514704,-0.0176777184,0.1851851244,0.492095,0.0227785804,0.0379866372,0.0025908773,0.1005124184,0.1147715058,2.8586198217,0.3442621477,-0.0030439945,0.227388577,0.4418387785,0.2722490563,0.0220278599,0.0135314545,0.9838261244,0.0055441492,2.3714885952,0.1852523563,0.7837421539,0.1373259362,-0.0004454649,0.0002674859,0.0001915054,0.000116452,0.9647192411,0.0070343704,2.4007730622,0.2073069408,0.7639905176,0.1383576537,0.1529151486,0.0259997659,0.1420606352,0.0079905496,0.9540058366,0.0107987965,2.7411215473,0.347345316,0.9596575311,0.1888389366,-1.1647458225887963,1.4910025365107094,-1.338361267654377,1
326,376.4769800620113,13833,6,36.74328241190605,0.2534,0.0371677279,0.0911035475,3.1998663071,0.3810013303,0.2248,0.0331581061,0.3642751791,3.3651778721,-0.1690480054,0.5218,0.0382002618,0.1254875084,2.566999143,-0.0004634749,0.0434,0.0100717426,0.0024261821,2.5335852991,0.1698265719,0.4396638655,0.1298022593,0.9406466294,1.8855572562,-0.0072666564,0.0855462185,0.0737352461,0.9155777075,3.1017063301,0.9795409716,0.474789916,0.0714801346,0.744976147,2.4353543692,-0.3283417016,0.0458403361,0.0117451819,0.167784043,2.7592483194,-0.1436938938,0.4957911518,0.3005813083,0.0016398209,0.0011472367,0.9336075831,0.0581231066,2.4653136698,0.6393767813,0.0342528738,0.3758008054,-1.273e-07,2.65133e-05,3.87786e-05,2.28258e-05,0.1959677432,0.1357078228,2.9838089324,0.5927805548,0.0023281361,0.2212513836,0.504035,0.0221292064,0.0371267468,0.0044437224,0.1227715777,0.127185052,3.1886372876,0.5697065153,0.0701130713,0.3150065275,0.4478192046,0.2731842829,0.0242413666,0.0143101603,0.984155003,0.0065760544,2.250803913,0.2756128532,0.6964618399,0.165111511,-0.0005183521,0.0003096157,0.000225907,0.0001335455,0.96519852,0.0081578728,2.3119836694,0.2640061125,0.7028743222,0.1616132175,0.1552950719,0.0183976612,0.1436563735,0.0088715388,0.9551641772,0.0096664789,2.6439092598,0.2587248805,0.9247305181,0.1477804261,-0.5730230536294796,1.6703220850332392,-1.971436919549528,1
328,150.21679129304567,4960,56,33.018945201165565,0.2299,0.037696021,0.437401904,3.7838954328,0.4223563052,0.24255,0.033447683,0.1980670203,2.6487283948,-0.2450927154,0.52755,0.0359339324,0.236500407,2.5674625122,-0.2424239573,0.03815,0.0108548376,0.1765977863,2.7889387345,0.0813325893,0.4907142857,0.141477625,0.9337439551,1.8329636773,0.0117042314,0.0861428571,0.0826272673,0.8962672754,2.6140426134,0.9382113504,0.4231428571,0.0781672722,0.8320532722,2.3937537838,-0.4025492603,0.0418571429,0.0104939244,0.3426720459,2.2178421569,0.0136461164,0.4885915677,0.2962913773,0.0027788616,0.0017610996,0.949286557,0.0330472769,2.171495612,0.4123042532,-0.1896546168,0.354495719,6.2917e-06,5.9677e-05,7.10296e-05,4.03632e-05,0.373003615,0.1408721652,2.839717672,0.6175897126,-0.0411686431,0.2384871855,0.50995,0.0302492066,0.0437477557,0.005611762,0.2861017043,0.1279896554,2.8093102476,0.4446599766,-0.0091007153,0.2135271878,0.4464752271,0.271532282,0.0211379337,0.013062171,0.970794932,0.0121344056,2.4032681403,0.1709051728,0.7964506744,0.0923229433,-0.0007917343,0.0004735523,0.0003328231,0.0002068803,0.9512887331,0.0175572911,2.4625579009,0.1973015919,0.7953701341,0.1012639161,0.1475314179,0.0172041704,0.1417140534,0.0126774912,0.943588016,0.0099332177,2.8002285643,0.3707879134,0.9816557831,0.1646224986,2.4704873971213894,2.208090906442865,-2.9246975908688433,1
330,170.54180406788538,6303,12,36.95868021597242,0.25135,0.0359155607,0.083555387,2.6502337804,-0.042963145,0.2553,0.0467109195,0.4905796893,2.1205803751,-0.0479669633,0.49335,0.0452385621,0.4540469106,2.2254117004,0.1820122732,0.0367,0.0130042301,0.3391641384,2.6429790889,0.3376884572,0.4849230769,0.1106953279,0.8971884007,2.2291220756,-0.0274178552,0.0839230769,0.0655831375,0.8089014356,5.1917168293,1.5457858822,0.4311538462,0.0669372222,0.7867007913,2.438227064,-0.2651417914,0.0380769231,0.0110485748,0.2963273833,3.3339922119,0.2436960574,0.4865613406,0.2967142489,0.0038853915,0.0028160681,0.9441831807,0.0302843625,2.3047144882,0.3986239227,0.0137596548,0.4419709142,-1.5548e-06,9.35763e-05,0.0001135414,7.43928e-05,0.4240824375,0.2059099769,2.7728832881,0.3129701139,-0.0374131846,0.2255045877,0.492265,0.0390462966,0.047180692,0.0096870431,0.3333844732,0.2274492744,2.692042205,0.3533582432,-0.0482816549,0.2317217408,0.4286357922,0.2597310042,0.0286275134,0.0175910534,0.9653068335,0.0189541924,2.374731934,0.2906383994,0.7842367649,0.1572275173,-0.0012871038,0.0007911054,0.000544852,0.0003305897,0.9467142639,0.031116968,2.4095362205,0.3796526066,0.7601390199,0.1864246653,0.1441439104,0.0219925075,0.1417865469,0.0133160878,0.9322579295,0.0194199296,2.762593737,0.4716688278,0.9687787873,0.2140359379,6.553422443459932,1.559641965814147,-2.257493656057068,1
332,116.33082979493422,4446,12,38.21858752178872,0.3098,0.0491880067,0.5557592686,2.8332464179,-0.2004758746,0.26265,0.0454722718,0.4381389452,3.3369397984,0.3709596249,0.42755,0.0351887411,0.1538447384,2.4161574901,0.1067666316,0.0325,0.0089861004,-0.1123160341,2.8364596613,-0.3152443461,0.5641447368,0.1314854108,0.9225312882,1.8440456773,-0.0184551639,0.0754605263,0.0608231779,0.8306724291,3.7716816869,1.042976944,0.3603947368,0.0810326573,0.8302080729,2.1898140515,-0.2360806496,0.0410526316,0.0099774677,-0.0406704184,3.950285913,0.2850725402,0.4942874959,0.3003404713,0.0023020107,0.0015233519,0.9251745585,0.0594362301,2.5017353004,0.5286332561,0.0399882125,0.4803866588,-1.18059e-05,4.75786e-05,6.95517e-05,4.07591e-05,0.3076209569,0.1424671204,2.879276779,0.3356049824,0.016971748,0.2752395519,0.4899425,0.0233374231,0.0431458675,0.0036582778,0.2498859076,0.1523333886,2.7307992793,0.2843064229,0.0312952753,0.2113438725,0.4476876061,0.2726821044,0.0241162235,0.014418107,0.9718802598,0.0148648199,2.0986761119,0.2554980102,0.5985439288,0.1985503965,-0.0009528368,0.0005672733,0.0004464559,0.0002685319,0.9590611293,0.0194052948,2.0963283963,0.2509623757,0.5779674066,0.2042473028,0.1598763762,0.0310658438,0.1491439539,0.0143397992,0.9416249271,0.017611839,2.4938745544,0.3770455156,0.831508164,0.2238648465,3.4780402912966877,0.8576513917401286,-0.31535452785563883,1
333,118.22000223285583,4391,58,37.1426147611732,0.2516,0.0367006812,0.0767784539,2.7140302133,0.2516625957,0.2667,0.0352151956,0.2586262585,2.9875647242,-0.0460714679,0.4817,0.0352932005,0.0917146637,2.6015702589,0.2693825031,0.0357,0.009354678,0.0184000704,3.4281795974,0.3553336147,0.4540625,0.1291283125,0.941932083,1.9592339412,-0.1516515765,0.078203125,0.0832746172,0.8673301968,3.6973918604,1.2741809688,0.467734375,0.0677710397,0.8360668448,2.2305344949,-0.5178923104,0.04515625,0.011421223,0.2088595999,2.4485949438,0.3941969102,0.4895633139,0.2979284452,0.0026921434,0.0019392575,0.9300370379,0.050895519,2.8482537935,0.9593622978,0.0446204336,0.6235986815,1.68161e-05,9.25625e-05,8.00335e-05,4.89405e-05,0.293880339,0.172808963,2.9914790195,0.3915548748,-0.0559161783,0.3011827749,0.5018825,0.0308906389,0.0421866314,0.0053009674,0.2115656915,0.1721422765,2.9190493633,0.3513069236,-0.0578780501,0.2878876455,0.437168862,0.2649947435,0.0233610252,0.0144786974,0.9696785838,0.0089871829,2.3684647289,0.2099873337,0.7729496127,0.1227146028,-0.0009519355,0.0005879555,0.0003981505,0.0002457797,0.9501696314,0.0075370789,2.3816560336,0.2229160742,0.7564727862,0.1307213899,0.147686537,0.0230940434,0.1436770684,0.0176170076,0.9411972473,0.0120349949,2.7290845009,0.3659321724,0.9611738519,0.1786245419,2.7218735717605744,2.1181215132279383,-1.9989937514676877,1
335,279.51725710965155,10513,28,37.6112734816794,0.23555,0.0332332289,0.2004809264,2.9039554985,0.2539547382,0.28705,0.0449671825,0.2026468085,3.0978116449,0.3224007878,0.4774,0.0413913034,0.0527487817,3.2914291192,0.0828596786,0.0324,0.0098101988,0.099797881,2.7589297745,0.2523456613,0.4501282051,0.1468537,0.9420289793,1.805595644,-0.0545986049,0.0985897436,0.082582117,0.9457425076,2.4948584995,0.8025369918,0.4512820513,0.0771214323,0.7790117722,2.0786794964,-0.3397373393,0.0467307692,0.0111466599,-0.0739936867,2.6769132347,0.3809276902,0.4947386767,0.3007185082,0.0018813713,0.0011487572,0.9085856888,0.0689381839,2.7083959044,0.6457420951,0.0660598589,0.5739846175,1.5738e-06,4.7211e-05,5.97345e-05,3.57665e-05,0.2436202638,0.1882632434,2.8649231626,0.4658738952,-0.0178249363,0.2835738305,0.49928,0.021152845,0.0416307563,0.0071602289,0.1918588691,0.1502720309,2.8426341763,0.3491066745,0.017895442,0.2331280623,0.4485596367,0.2721026931,0.0232887123,0.0140509196,0.9755530071,0.0129997916,2.2488391791,0.2588460443,0.6631238634,0.1410949973,-0.0007580833,0.0004619871,0.0003493236,0.0002093107,0.9555527678,0.0287140722,2.3429874464,0.4773291737,0.6717519965,0.1977260131,0.1543907141,0.0135017505,0.1469637524,0.0127483058,0.9427058629,0.018912974,2.6995296627,0.3233827419,0.9389748163,0.1285609525,1.7448137653500884,1.6139591884712179,-1.546618589483147,1
336,115.66459618436488,4329,20,37.42718293071929,0.24445,0.0402361467,0.5433636436,3.2722692061,0.2778649317,0.30315,0.046220423,0.537894305,2.9878359529,0.0777450559,0.4524,0.0452685321,0.4894382328,2.8929170555,0.3764214836,0.03395,0.0108234699,0.0465558727,4.3074958213,0.7621972593,0.4612878788,0.1111009322,0.924146302,1.8219255871,-0.037844808,0.0845454545,0.0706127257,0.8454744054,3.236816384,1.1191200932,0.4541666667,0.0637263523,0.7498671608,2.310497923,-0.125641008,0.0449242424,0.013385101,0.2793624699,2.5217524051,-0.0075031861,0.4961626393,0.3013528762,0.0026858933,0.0020870957,0.9251164582,0.038476378,2.5728206866,0.5793804829,-0.1367288274,0.407000302,-1.64643e-05,8.84e-05,8.60067e-05,5.61712e-05,0.4168197953,0.146810339,2.8696524766,0.5872761668,-0.042613163,0.2873457402,0.489435,0.0354950247,0.0448488604,0.0065298334,0.3389188178,0.1515851916,2.8675206445,0.4111490013,-0.0511531043,0.2663834091,0.4551091113,0.2762201339,0.0184388349,0.0112372157,0.9623294416,0.0166331768,2.3166078549,0.2109440948,0.7395450298,0.107435785,-0.0009064305,0.0005519485,0.0004013269,0.0002454119,0.9503729985,0.0134244473,2.3152407188,0.1899626021,0.7221406255,0.1041125262,0.1524358256,0.0208982862,0.1461629314,0.017411943,0.9414170715,0.010947484,2.5521784772,0.2746816318,0.9066373862,0.1475005596,3.689368810201702,0.8571269059387674,-1.8220798523868482,1
339,201.28342143632685,7559,62,37.55401188066143,0.24405,0.0339315119,0.2056713028,2.9023901607,-0.0066309803,0.2709,0.0396382391,0.2493358026,2.745793797,0.3829859105,0.48505,0.0398967104,0.1284340207,3.0608716476,-0.2628514874,0.03525,0.0096014322,0.0264987529,3.0404748061,0.1492362106,0.5221276596,0.1534280089,0.9381042733,2.2354250828,-0.4903445438,0.0810106383,0.0774582241,0.8988250864,4.4300819573,1.4189563905,0.3968617021,0.0864857141,0.8709417501,1.8894030358,0.0194281001,0.0427659574,0.0107093373,0.0381856435,2.8731746521,0.4400190542,0.4921248743,0.2986998285,0.002588785,0.0021930314,0.9205002431,0.043191888,2.5193434826,0.6001536151,-0.0552799905,0.4575814891,-1.93344e-05,5.89458e-05,7.00988e-05,4.71065e-05,0.2764163764,0.1444138241,2.8703935144,0.4526994756,0.0757271138,0.2110209132,0.4861075,0.029827501,0.0396428985,0.0047219403,0.2397098609,0.1653062156,2.7419401119,0.280818475,0.0858179917,0.2251424243,0.4400651326,0.2664194414,0.0265306134,0.0160698756,0.9745914472,0.0088724501,2.32335662,0.1651422952,0.7409218608,0.1038403338,-0.0008944187,0.0005572979,0.0004146371,0.0002496016,0.9583992205,0.0147458712,2.3174149788,0.2028386925,0.7186616855,0.1231265797,0.1549762299,0.0172836957,0.155056476,0.0119038701,0.9472454994,0.0090525948,2.6503866444,0.3458874802,0.9330379316,0.1518247768,3.5865595625375972,1.9342545913684803,-2.4620769704343854,1
341,123.14845518419452,4628,52,37.58065818266132,0.2436,0.0376236628,0.1984028277,3.016724263,0.232980185,0.23225,0.0364580238,0.2402049057,2.6339345408,0.0278137903,0.52415,0.040118917,0.1589535754,3.2413924079,-0.3155188463,0.03415,0.0096967778,0.2787035953,2.9870111051,0.2896959245,0.4482692308,0.0754657628,0.7494863171,2.5621173649,-0.500142437,0.0567307692,0.0572434462,0.8419731729,3.9308772042,1.3708279253,0.495,0.0363741244,0.315348159,2.7086812128,-0.2043923573,0.0597115385,0.013388193,0.4422995331,2.0902117615,0.0075505899,0.4968826038,0.3007838248,0.0030047824,0.0020142721,0.9272448861,0.0429549908,2.3256141426,0.5764584234,-0.1544791699,0.3456101763,-3.6003e-06,6.68976e-05,8.8655e-05,5.39518e-05,0.2675080266,0.1503357868,2.7661685515,0.3603109486,-0.0627523287,0.2149491027,0.500145,0.0266362671,0.0422716739,0.0044264929,0.2121609486,0.1353054904,2.8862321648,0.5707274874,-0.0931315953,0.2097770819,0.445302951,0.2700866566,0.025380524,0.015526792,0.9683778343,0.014022248,2.4084677567,0.2193708826,0.8220612359,0.1277947993,-0.0010588409,0.0006473925,0.0004444472,0.0002718225,0.9515873978,0.0223124971,2.4396486594,0.2553997086,0.8200234017,0.1338153721,0.1398926206,0.0158646686,0.1413373742,0.0142887137,0.936267594,0.0270533959,2.9179735776,0.3932020942,1.0517402737,0.1479154353,1.606662851822975,0.9175271045637482,-1.6087860008408363,1
343,206.33276385417108,7859,56,38.08895811406119,0.22565,0.0292374332,0.0837061732,2.8031008303,-0.1149698967,0.2518,0.0341285804,0.2150226937,2.8737293014,0.0012443271,0.52255,0.0341869493,-0.0277840956,3.4760759993,0.1638994083,0.0374,0.0094731199,0.0035037191,2.5900601142,0.0177010767,0.489040404,0.1176402597,0.9227433531,1.8436152362,-0.3089404882,0.0614646465,0.0564579602,0.8534722917,2.9653463347,0.9591226758,0.4494949495,0.0700702928,0.7715777105,1.8253111494,-0.0274083031,0.0458080808,0.0118642803,0.0022398747,3.1648120858,0.388096196,0.4980062438,0.3020743718,0.0015848273,0.0012917347,0.9453787979,0.0397036368,2.5813409983,0.8277344658,-0.0079367089,0.6355187569,6.477e-06,3.28233e-05,3.66426e-05,2.36976e-05,0.207227466,0.1649522423,2.7728472203,0.3073039357,0.0361063936,0.2186694842,0.51065,0.0295185069,0.0383284155,0.0045379306,0.1637861106,0.1459048434,2.8399897317,0.2181999136,-0.0176802797,0.1917418226,0.4589815312,0.2793447674,0.0196108996,0.0119122625,0.9830535364,0.0071528133,2.1220163167,0.1155834864,0.5928270319,0.0928962901,-0.0004459135,0.0002653863,0.0002047867,0.0001236818,0.9639960778,0.0126193902,2.17321599,0.178578803,0.5920070714,0.1183950439,0.165200236,0.0160016748,0.1472475147,0.0091644673,0.9514670445,0.013100914,2.4471993392,0.3380495015,0.8013412802,0.156239246,-0.9811807946094108,1.698918234067772,-2.308879985831666,1
344,124.75080199488382,4699,28,37.66709251450513,0.22285,0.0388088585,0.4456846929,3.0518296469,0.0708833799,0.27825,0.0444149468,0.4626603419,3.4708564173,0.2875957095,0.4989,0.0450864725,0.4059305762,2.8021356316,-0.2483647745,0.0345,0.0107121426,-0.0547003667,2.5670895809,-0.0103724451,0.5544705882,0.1428244985,0.9443081053,2.1647269864,-0.5935275111,0.0702352941,0.070184236,0.8983069145,2.9844826487,1.1305354524,0.3752941176,0.0817505278,0.8216742027,2.1774418716,0.2588755534,0.0475882353,0.010644296,0.1608996761,2.7439910324,-0.207319132,0.4857392474,0.2949444245,0.0043283629,0.0035548759,0.9551923688,0.0283145132,2.1855521695,0.4215292047,0.0483089866,0.4242383538,2.73462e-05,7.75065e-05,0.0001089384,7.64359e-05,0.4299878245,0.1997077805,2.776731908,0.3686489708,-0.0206245079,0.2758759737,0.501275,0.0283734978,0.0438658489,0.0074970862,0.3463476491,0.1776674885,2.7747114363,0.3635491427,-0.0682888652,0.3012471647,0.4292700792,0.2589449618,0.0365102573,0.0221923349,0.9730203377,0.0132587304,2.1242765077,0.1911994497,0.6134236204,0.1549994378,-0.0013611204,0.0008612304,0.000642552,0.0003896512,0.9580110765,0.0165490847,2.1348891348,0.1736266768,0.603572672,0.1533349839,0.1619010678,0.0260167505,0.1511059559,0.0127926155,0.9454559386,0.0132868623,2.4704219543,0.358606531,0.8397717909,0.1959279368,5.542932208940346,3.564876879900394,-1.802934199013039,1
346,127.90002188046576,4873,25,38.10007166812108,0.2164,0.0375837731,0.3301007348,3.7636201175,-0.3919941141,0.25795,0.0320943531,0.3065336423,2.6991342392,0.0623786398,0.52565,0.0417052455,0.3443668503,2.951151399,0.1384327827,0.03995,0.0113466956,0.1320412303,2.5193132185,0.2331247049,0.4683076923,0.1146374785,0.8897545686,2.356692236,-0.0535502802,0.0731538462,0.0563680845,0.8882977392,2.4979952975,0.8130109043,0.4585384615,0.0691860539,0.7203996965,2.4516412235,-0.4800043667,0.0446923077,0.0114648937,0.0748074305,2.8798230654,0.4582598858,0.4879034175,0.2964267263,0.0028551396,0.00226079,0.9284536985,0.0629439158,2.4186158828,0.5422418906,0.0322627651,0.4611306745,3.713e-06,4.41279e-05,6.5389e-05,4.27227e-05,0.2789321566,0.1874842401,2.7823240002,0.4185851464,0.0164867117,0.251081703,0.50056,0.0238547249,0.0419759644,0.0045641988,0.2217504105,0.1635055974,2.9495329466,0.5306882154,0.0159950198,0.2248794968,0.4410980612,0.2671255479,0.022202868,0.0135622509,0.9767148688,0.0039307353,2.35134879,0.2012313429,0.739455456,0.1176074865,-0.000666613,0.0004129437,0.0002909966,0.0001765634,0.9563406774,0.0067591457,2.3900315888,0.2141473345,0.729787191,0.1199828692,0.1586854876,0.0237280414,0.1482626861,0.0165733275,0.9498631895,0.0101054597,2.6236582101,0.3220195602,0.9031222782,0.1566855372,1.7258055014004523,2.445572704126538,-2.2615072924322854,1
347,101.126602557428,3560,70,35.20339762208801,0.2603,0.0389346889,0.2919334506,2.8832577292,-0.1820836283,0.2261,0.0326464393,0.1987992076,2.7867706931,0.2844309738,0.5136,0.036572394,0.0289038562,2.8524928424,-0.0015758926,0.0376,0.0097077289,-0.0978800583,3.1077485941,0.3632832552,0.4462280702,0.1338868359,0.9068748559,1.8385304198,0.0727792088,0.1053508772,0.0790117671,0.9228833198,1.9100290108,0.5135879037,0.4484210526,0.0668800831,0.6745600155,3.5742337388,-0.6185241923,0.0407017544,0.0106143976,-0.121227947,2.8083627695,0.0801064487,0.4960038508,0.3014506194,0.0023203682,0.0016220355,0.9098110258,0.0373221427,2.8051975669,0.7219106308,-0.0452897223,0.5636253135,-8.7056e-06,7.40544e-05,7.7429e-05,4.81463e-05,0.2890748273,0.2056668014,2.7633453643,0.2580573414,-0.1043227408,0.2053464006,0.497145,0.0243554044,0.0435398265,0.0090400089,0.2315653116,0.2134138243,2.8968262392,0.3985595466,-0.0441756492,0.2137120331,0.4426652703,0.2687531632,0.0281538167,0.0172692324,0.9734900233,0.0061542833,2.1173561444,0.1555301292,0.6320747639,0.1077308413,-0.0010888532,0.000666181,0.0005067239,0.0003129009,0.9610743633,0.0072737182,2.1527602281,0.1864682473,0.6365463916,0.1154714999,0.1548934887,0.0230971327,0.1500201149,0.0135269773,0.9428772998,0.0142353641,2.599960822,0.4354100165,0.9041335089,0.1885721601,1.3010930736222908,3.3686830518623223,-1.4345942134436833,1
348,144.1122596323378,5311,24,36.8532143868227,0.276,0.0397994975,0.2438532282,2.7880712906,-0.062981418,0.2017,0.0355261875,0.1167697724,3.070657014,0.1173855012,0.5223,0.0389962819,0.1106750522,2.7601832223,0.2119646287,0.0407,0.0108862298,0.2997681811,2.5854127375,0.3087184206,0.4845774648,0.1116260939,0.8893510126,2.1238736262,0.0454480967,0.0609859155,0.0539863032,0.8668009514,4.2752304489,1.2702824266,0.4544366197,0.0727698925,0.7603295547,2.7066711647,-0.5293628399,0.0528873239,0.0138315309,0.4190233504,3.8452093029,0.3100974401,0.4886014622,0.2961108017,0.0036386238,0.0026407352,0.9526970078,0.024439188,2.4382648404,0.4504106453,-0.064940221,0.5657383471,-2.44542e-05,8.26085e-05,9.63438e-05,6.40582e-05,0.3834904303,0.2006115124,2.8263385438,0.306625696,-0.0496713007,0.2604958332,0.49213,0.0309492383,0.0437643446,0.0071459701,0.3044662661,0.1897345865,2.9109263434,0.3535667402,0.020553722,0.2585853694,0.4382502496,0.2657647283,0.0244863107,0.0147304169,0.967627167,0.013173564,2.3226387865,0.1961657113,0.755124448,0.1159527389,-0.0010634894,0.000654956,0.0004436627,0.0002676717,0.9499869136,0.0300976358,2.3766880322,0.3186192792,0.7460717459,0.136792996,0.143054073,0.0187129061,0.139964528,0.0124378725,0.9400925819,0.0232810119,2.7334650163,0.3227768563,0.9697708094,0.1427023487,3.094080463503757,2.417764089823265,-2.7210682551271033,1
353,107.63739067650678,3983,28,37.0038698909982,0.26615,0.0361030123,0.3237411152,3.415217522,0.5482721566,0.27525,0.0427573093,0.2567976391,2.7480699822,0.4071991052,0.4586,0.0446042599,0.2097397004,2.7822995026,-0.0563846916,0.0299,0.0086307589,-0.0404836865,3.5099678755,0.5558330857,0.4692105263,0.1234350794,0.930378805,1.9055568042,-0.1143966786,0.0943421053,0.0715171221,0.9297614157,2.250874355,0.7288859151,0.4364473684,0.0637006558,0.7307671822,2.3087482749,-0.1912753344,0.0481578947,0.0127434737,-0.1088280916,2.4353919104,0.0806290445,0.4849903966,0.2960908435,0.0031836387,0.0023023519,0.9362165229,0.0424681228,2.2992830621,0.370983194,0.1137279349,0.4032412119,-3.20874e-05,9.33066e-05,9.87014e-05,6.22644e-05,0.4069309591,0.2040361948,2.842317856,0.4554654846,0.0534881109,0.3068743552,0.47958,0.0316994771,0.046119121,0.0063634443,0.3425436113,0.176496794,2.7534581037,0.2444691967,0.1083353745,0.2043752054,0.446040157,0.2711960216,0.0244604715,0.014754842,0.9682492049,0.0089275279,2.1589713011,0.1506701053,0.6316941191,0.1144650831,-0.0011255014,0.0006846205,0.0005203439,0.0003126429,0.9548936019,0.0102217689,2.1845117966,0.1778360866,0.6307665696,0.1305828875,0.1559923957,0.0263404978,0.1488174985,0.0181482021,0.9343454348,0.0103663337,2.5792976721,0.349551987,0.88514461,0.17113295,3.4459307946623627,2.5781643416482956,-1.311527609221804,1
355,101.00614474440296,3824,74,37.85908282784845,0.2724,0.0388553729,0.4616619135,2.6873938017,-0.063950825,0.25565,0.0534259066,0.5376454999,2.485999099,0.1606284219,0.47195,0.039248535,0.38452801,2.8311483589,0.09514039,0.0369,0.010338762,-0.0624429361,3.1207317639,0.5034502115,0.431779661,0.1094274882,0.8386172839,1.9694662032,-0.1820272582,0.091779661,0.0944913354,0.9072318805,2.964501162,1.1056486761,0.476440678,0.053186997,0.367425577,2.4739261068,0.3140223042,0.045,0.0120380752,0.3362573099,2.56350672,-0.1384495977,0.492579651,0.2990481502,0.0026206836,0.0019952118,0.9333509803,0.0322627875,2.375413774,0.3532592654,-0.0512661883,0.291759962,-4.5106e-06,6.57356e-05,7.49999e-05,5.0536e-05,0.3195099993,0.1797131829,2.9418437823,0.4612449243,0.043621598,0.2721779724,0.497365,0.0298401244,0.042615031,0.0038023521,0.2381966803,0.1606505989,2.9818605593,0.4470439613,0.002203358,0.2631031413,0.4487234451,0.2722915126,0.0235220728,0.0140359569,0.9728057626,0.0115066385,2.1986970545,0.2039822846,0.651618821,0.1308966739,-0.0008502749,0.0005210905,0.0003942286,0.0002340943,0.9571041106,0.0116103046,2.2282560979,0.1836911831,0.6444072915,0.1361383678,0.1592916563,0.0243265828,0.1501551868,0.0184481701,0.9399107693,0.0173802535,2.5487013118,0.3612596546,0.8672455214,0.1832798266,2.1785238035266477,1.6416030865428943,-1.0057640774134287,1
357,113.20534877273886,4132,48,36.50004213400766,0.2027,0.0420203522,0.4961673854,2.5050876979,0.0217743721,0.30535,0.0475565716,0.4207902013,2.3220092204,-0.1165540663,0.49195,0.0393757222,0.0187722507,2.9368578949,0.1103393668,0.0356,0.0104230514,0.2263104558,2.5956079557,-0.0073015629,0.4415625,0.1308233393,0.9460460298,1.9352070235,-0.057329847,0.0996875,0.0909006225,0.9131110955,2.973674969,1.01084998,0.45875,0.0630765078,0.6977500325,2.0589769351,-0.3951092269,0.0439583333,0.0106535564,0.0793790299,2.1375016177,0.1435051328,0.4927751111,0.3000028306,0.0024612975,0.0017638009,0.9121250369,0.0498946624,2.6050223705,0.6096950755,0.1057535062,0.388252268,-9.0763e-06,5.4085e-05,7.80491e-05,4.87245e-05,0.3725139929,0.162505513,2.8009947302,0.717243479,-0.0129911773,0.3203349049,0.49516,0.0276855495,0.0416754187,0.0052554001,0.2517105908,0.1310409952,2.8015413882,0.3716241176,0.0047529302,0.1612396991,0.4538232564,0.2755685691,0.0207695736,0.0125922704,0.9665373647,0.0157004663,2.2305757681,0.3123425335,0.6661751703,0.1816236328,-0.0009682451,0.000589396,0.0004278798,0.0002579945,0.9504034051,0.0134842798,2.2690994629,0.3083467588,0.6769281526,0.1875292264,0.1479065586,0.0194682475,0.1425591436,0.0122593389,0.9307683863,0.0146071948,2.6248468233,0.3714791397,0.9163878323,0.1822446835,3.0209122464850897,1.300663173646264,-1.2305111425199868,1
359,101.94342491806576,3718,60,36.471209428055225,0.2515,0.0361973756,0.1941660883,2.9809150847,-0.1588631555,0.2911,0.0392019132,0.1338007107,3.3480881543,0.2435427943,0.4574,0.0388231889,0.1295171718,3.1443663511,0.1911284798,0.0348,0.0104623133,0.0297879719,3.4482998093,0.550717209,0.4271698113,0.1151598947,0.904051909,2.1646776096,-0.4149149499,0.1086792453,0.0895225857,0.9275295357,2.3173958267,0.7805803087,0.4641509434,0.0414903472,0.3850720203,3.2275345765,-0.0979929278,0.0355660377,0.0113545094,0.3149765492,2.9527816628,0.5656611714,0.4973409177,0.3022189922,0.0018011908,0.0013939482,0.932732119,0.0354835681,2.5262950924,0.7686387493,-0.0715725384,0.4803383263,-1.6228e-06,6.309e-05,4.95342e-05,3.20328e-05,0.3353444991,0.182073199,2.8199034367,0.5115981831,-0.0330300177,0.3158506345,0.494735,0.0313475721,0.0415394519,0.0057735113,0.2447184875,0.1696802924,2.8434493616,0.4420621364,-0.0374380479,0.2439168836,0.4700845357,0.2851022018,0.0141812939,0.0083298949,0.9704500916,0.0068536065,2.4002415502,0.2205144927,0.8235840979,0.1179321267,-0.0005991811,0.00036741,0.000242336,0.0001431322,0.9505752129,0.0117036529,2.4847764571,0.2554184147,0.8318421408,0.1280459682,0.1378608124,0.0176987918,0.1393535285,0.0134706274,0.9378861997,0.0105085859,2.9501359304,0.3430173465,1.0632679683,0.1416099472,1.218164795129027,-0.848964730401875,-1.7381181229058393,1
367,235.9166330757648,7741,64,32.81243844097238,0.2705,0.0374666518,-0.0733216103,2.8151439861,-0.4512080198,0.25695,0.0393884183,0.4315206355,3.5689468957,0.1026503586,0.47255,0.043643413,0.2393325609,2.8196031772,0.2898284911,0.03355,0.0095208981,-0.0991866847,3.172310729,0.5835326032,0.4435576923,0.1347802219,0.9566590386,1.7744654965,0.1800922555,0.0966346154,0.0707835348,0.8205961047,3.2433256035,0.8047955897,0.4598076923,0.0799216055,0.8292961905,2.2737081729,-0.1545394967,0.0395192308,0.009964341,-0.0958627758,2.5272669407,0.3368091992,0.50034423,0.3004500158,0.0037657784,0.0025627814,0.9405657327,0.0606279261,2.3976973841,0.7336680296,-0.0232780307,0.4667257249,-1.78151e-05,0.0001337742,0.0001070205,6.53273e-05,0.3989026745,0.1425444092,2.6480657728,0.3968316989,-0.0640390639,0.2093671468,0.5034525,0.0394113324,0.0431608865,0.0054247118,0.3294480726,0.1274516709,2.8726720066,0.3826243074,-0.0110433233,0.2007734097,0.4423868177,0.2680109439,0.0293574062,0.01800938,0.9669783491,0.0172250718,2.3752702734,0.2069622651,0.7695874265,0.1279943983,-0.0012089663,0.0007496406,0.0005312558,0.0003237854,0.9483101759,0.0315460837,2.379853086,0.2675798668,0.7583102234,0.1407261979,0.1483857933,0.0280372126,0.1445810953,0.015843021,0.9389237966,0.0191612322,2.7231143936,0.3794152619,0.9708223441,0.1793638394,3.582301326718694,2.449061537778255,-1.0720064065649622,1
372,203.9165532082404,7473,60,36.64734364339978,0.2559,0.0401458591,0.3919557404,2.9429246823,0.106258474,0.2393,0.0404970369,0.4898696882,2.6730882556,0.3101964131,0.5048,0.0413879209,0.2459155409,2.425080978,0.0967303968,0.03925,0.0093374247,-0.0479529145,3.6656738737,-0.6383146581,0.4403571429,0.0985223739,0.9303004349,1.9815987843,0.2281076637,0.0801428571,0.0609213277,0.8873412064,3.1251169932,0.8375515354,0.4795,0.0543543269,0.6993464388,2.4611444061,-0.3916200541,0.0427857143,0.0104415282,0.1238717868,2.233754949,0.0041642254,0.4978159563,0.3026636587,0.001879609,0.0012543268,0.9338467965,0.0320735298,2.496669119,0.5261779577,0.0352938561,0.4542421309,7.8498e-06,4.72264e-05,5.07541e-05,3.02769e-05,0.128964094,0.142932783,2.7727072196,0.3299811128,-0.0104942596,0.2026150351,0.5035575,0.0251922621,0.0377182692,0.0041759779,0.1117300515,0.1451522217,2.8915856999,0.4169207407,0.0398531263,0.2210065901,0.4432244235,0.2699092798,0.0234120027,0.0139313058,0.9801870695,0.0055573806,2.3864707665,0.1649548154,0.7596529697,0.1052639201,-0.0005902242,0.0003564733,0.0002464603,0.0001465288,0.9549201305,0.0118672761,2.3930713747,0.1962036864,0.7281360244,0.1087608149,0.1585583731,0.0206852528,0.1435530865,0.0111547176,0.951374118,0.0095030638,2.5544288915,0.2671175096,0.8748356407,0.1435008866,0.11408802536175765,1.8665359629501137,-2.3471062595822354,1
381,427.9741749986943,15710,44,36.70782238215175,0.25025,0.0318541599,-0.2359207192,4.3517394057,0.0325697101,0.25035,0.0352012429,0.3023229206,2.8168872529,0.1034558572,0.4994,0.0392955468,0.1285953281,3.7458672315,0.4231721839,0.02975,0.0104970234,0.0954347557,2.2535779103,0.169807477,0.4745982143,0.1197283726,0.9332340152,1.829810843,-0.0673165646,0.0718303571,0.0586416004,0.9140162218,2.9238358347,0.9774085473,0.4535714286,0.0724982407,0.8092681084,2.1508198568,-0.2605297567,0.0451339286,0.0104038931,0.0411491514,2.7807867121,0.1903162601,0.4956660288,0.3011638157,0.0015177181,0.0009062546,0.943183169,0.0332713557,2.4151125035,0.6413819246,0.1990352711,0.4321731067,4.6513e-06,2.6473e-05,3.48095e-05,2.13205e-05,0.1382771439,0.1484458419,2.8038837828,0.3958707684,0.0379110914,0.1852065311,0.5071525,0.0205050572,0.0372764762,0.0030880729,0.0904667134,0.1283489446,2.9263404862,0.4994735523,0.0635016353,0.1995270531,0.4485854183,0.2749280294,0.0248121548,0.0149786709,0.9855745412,0.0075255621,2.2359842318,0.3809174873,0.6499820198,0.1967388699,-0.0004603013,0.0002724407,0.0002115627,0.0001281264,0.9657880641,0.0165280007,2.3182091864,0.5778286632,0.6480425746,0.2532523318,0.1619131976,0.023429062,0.1439334705,0.0097433267,0.9558308954,0.0107324883,2.6080469217,0.3913436118,0.8693468225,0.2040724385,-0.7194840988062949,0.9383631746531191,-0.9666402277065893,1
393,117.1776003331018,4085,48,34.861611676528064,0.26805,0.0400243363,0.4465452833,2.8436869791,0.2269302014,0.2519,0.0387542256,0.4789777822,3.1617662333,0.0774400864,0.48005,0.0440368879,0.4202634736,3.0057872472,-0.3881469395,0.03625,0.010848387,0.2050086586,3.4167477746,0.5290658814,0.37325,0.0835430278,0.8612838902,1.8612291261,-0.2588225097,0.076,0.0610757726,0.8847553579,2.9377528522,1.0376615383,0.55075,0.048328951,0.4595948669,2.4118940556,0.1084150197,0.053125,0.0112742794,0.28945081,2.6493023196,-0.1702942266,0.4910097449,0.2980134249,0.0035031193,0.0024071464,0.9279647822,0.0461843634,2.496390841,0.6891724851,-0.108384845,0.4782455278,2.24341e-05,0.0001514627,0.0001107852,6.8934e-05,0.391404139,0.1412626052,2.8356273347,0.3397801384,0.002406209,0.2842544914,0.5088225,0.0394776566,0.0435956662,0.005608789,0.319889162,0.1158007467,2.7594963257,0.3386981922,-0.044718433,0.2087613437,0.4518791373,0.274368834,0.0219733378,0.0136217949,0.9570673405,0.0176961303,2.7355419683,0.3370050762,0.9533653187,0.1588947359,-0.0010367166,0.0006354866,0.0004590675,0.0002844549,0.9336548818,0.0257677243,2.7426135558,0.3560585246,0.9304064421,0.1685491792,0.1545224453,0.0227337977,0.1521442372,0.0103679356,0.9378149761,0.011718416,2.7964008571,0.4457076551,0.9939686185,0.1917496534,3.8504090738702965,1.3294830737274728,-1.4746184032043996,1
394,361.7235757836982,13210,15,36.51959917564028,0.29345,0.0393998414,0.3343035761,2.564362857,-0.1053609171,0.24125,0.0339954041,0.2040344497,3.0873857542,-0.2911070236,0.4653,0.0448487458,0.3120374624,3.3917019622,-0.1424499247,0.03685,0.0107623185,0.2222781091,2.8478779403,0.3044955392,0.4717592593,0.1251560412,0.9103543459,1.9172647726,-0.1461227272,0.0816203704,0.064960204,0.8920126571,2.909596199,0.9996182803,0.4466203704,0.0738016257,0.7188313576,2.5287269351,-0.160846139,0.037962963,0.0114470811,0.3551325568,2.8038722631,0.0842385979,0.4937263677,0.3002670379,0.0018863036,0.0014411636,0.9534872671,0.0220044949,2.1489015479,0.4648860217,-0.2278404762,0.4048824326,-9.602e-07,1.67799e-05,3.6301e-05,2.28528e-05,0.2043273375,0.1594151067,2.7932307792,0.3626584143,0.0779522465,0.2187377776,0.5002575,0.0227222428,0.0385870259,0.003669102,0.1425173319,0.1463987235,2.9135998859,0.2697947429,0.0115905828,0.2265081609,0.4497878277,0.2745712909,0.0229674507,0.0138903396,0.9851889877,0.0080233556,2.193739166,0.2738248397,0.6171973916,0.1543015238,-0.0004449928,0.000266287,0.0002019401,0.0001219779,0.965512067,0.0102002495,2.2294779744,0.3040254553,0.6073071067,0.1654588744,0.1658849012,0.0206199017,0.1445554303,0.0097464656,0.9562298818,0.0071643767,2.4878630025,0.2970559058,0.8198617136,0.1592726788,0.41015195670140037,1.4303948341863035,-1.5569908774982133,1
399,186.0291737800738,7034,42,37.81127366783712,0.2614,0.0416538114,0.4867802651,3.2386725452,-0.4858089412,0.25015,0.0371244865,0.3386340102,2.6637613317,0.1327746122,0.48845,0.0343561858,0.3246595806,2.6941491153,-0.3177114481,0.03355,0.0104712702,0.1959515254,4.8152303739,0.9025532486,0.4730701754,0.1120101593,0.8936123366,1.8376778796,-0.0664655499,0.0907017544,0.0694744595,0.9189789507,2.2837570781,0.6370754299,0.4362280702,0.0550859034,0.5486912938,2.066936314,-0.2838870192,0.0424561404,0.0097388176,-0.1204390224,3.1716987732,0.3764659914,0.4932058564,0.2991381351,0.0020185634,0.0014247609,0.9336574388,0.0368173529,2.3945368134,0.4744138562,-0.0452101465,0.4512845743,-7.9081e-06,4.5783e-05,5.30964e-05,3.17552e-05,0.2614334247,0.148533784,2.9298902737,0.7434280081,0.0737417234,0.2064392208,0.496245,0.0255519319,0.0407171297,0.005129727,0.1961055068,0.1531476904,2.8829795376,0.6070976455,0.0235947489,0.214799382,0.4468272933,0.2713153721,0.0267249963,0.0159078836,0.97980248,0.0112719611,2.1186301127,0.2238917057,0.5924171611,0.1386926136,-0.0007403597,0.0004550497,0.0003389958,0.0002018171,0.9643537136,0.0107433224,2.1493899561,0.1973960085,0.6190207648,0.1270650028,0.1594529797,0.0138549067,0.1469305047,0.0103221647,0.9514049916,0.0095604901,2.4700152313,0.2597448058,0.8507950997,0.1220750993,0.7718318780820783,2.4313870249228753,-1.5150121487416073,1
400,121.95664185513697,4146,20,33.99568844249351,0.25415,0.0526310507,0.5815052106,2.7246381465,0.4994732495,0.3115,0.0494646338,0.4847346108,3.2724407106,0.2303090506,0.43435,0.059618181,0.5683920918,2.5349551796,0.0347563708,0.0329,0.0103242433,0.1553936756,4.2769901171,0.6390757504,0.5781097561,0.1151977098,0.9086475898,1.8798518679,-0.1196633898,0.0975,0.08345895,0.9090190842,2.6567753524,0.8028945028,0.3243902439,0.0498435983,0.6124549632,2.1119815216,-0.2129259002,0.0405487805,0.0105056923,0.218655501,3.2620013902,0.5254701666,0.4963358994,0.3020548109,0.0015461669,0.0008847313,0.9320610015,0.0312490646,2.5246564726,0.6209636721,-0.0922879992,0.5085210336,5.0966e-06,3.33773e-05,5.12075e-05,3.04646e-05,0.3862725978,0.1603029073,2.5985660779,0.4411402294,0.0688549958,0.2335500306,0.50423,0.0265092408,0.0472021696,0.0069226031,0.3784281213,0.1480168996,2.6453511382,0.3405622959,-0.0480898943,0.2643252653,0.4517836265,0.2735069473,0.0204323755,0.0125894426,0.9751730777,0.0109779549,2.2884593332,0.228023811,0.6911373584,0.1437623997,-0.0005512638,0.0003472505,0.0002498141,0.000151981,0.9489382272,0.0158373569,2.1902796365,0.5172168543,0.5441406061,0.2630589503,0.1834399253,0.035009077,0.1470441072,0.0181416142,0.9515421075,0.0137663833,2.0616105276,0.49849546,0.5037516254,0.2687982299,3.594268365631338,-0.2551189319732655,-0.2763810580184888,1
409,433.5252221039476,15881,45,36.63224004113921,0.27715,0.0341705648,0.2792657466,3.3390027991,0.6170688045,0.2526,0.0477780284,0.5849243682,2.3539229379,0.2549360359,0.47025,0.050957703,0.5644353538,2.8832434914,-0.1331893694,0.03455,0.009697809,0.2586605695,2.4959366665,-0.0703847591,0.4904761905,0.1399991901,0.9285068961,1.8915046814,-0.1473455992,0.0723214286,0.056047633,0.8892981405,2.5946287243,0.7796886332,0.437202381,0.0901762533,0.8380088207,2.0190143554,-0.1106012556,0.049047619,0.0123316325,0.09072569,4.1381442837,0.552743124,0.494316094,0.3003766832,0.0017561001,0.0011228456,0.9420823703,0.0431926355,2.2682561599,0.5490582985,0.0580827152,0.3757296343,-3.4616e-06,2.69971e-05,4.74011e-05,2.85686e-05,0.1910307122,0.1960041921,2.9098912366,0.6211157643,0.0521715497,0.2281928059,0.496185,0.0219320148,0.0395588784,0.0038049495,0.1091735181,0.1583436275,2.9876499089,0.4199489393,0.0460514954,0.1701256006,0.4464838311,0.2717420175,0.0228827299,0.0136211786,0.9807214591,0.0109569254,2.1295805858,0.2644999351,0.5895467463,0.1445446681,-0.0006151173,0.0003653221,0.0002848805,0.0001684159,0.9616520909,0.0146665262,2.1782356465,0.2606277726,0.5842290475,0.150536374,0.1635252367,0.0105774893,0.1497426954,0.0096540179,0.9487605787,0.011403303,2.4467671037,0.1883867832,0.8256817466,0.0929336464,1.1727415612010519,1.7808444363160698,-2.4300463721428134,1
410,198.2770363884889,6980,56,35.203269764048315,0.2578,0.0454825241,0.4757854104,2.9635393762,0.2328812636,0.23855,0.0442396598,0.5422102192,2.3734362387,0.0506492374,0.50365,0.0445356879,0.3886214905,2.5117071186,-0.0733687935,0.03925,0.0105918601,0.108760065,4.7600043451,0.7839888043,0.4728217822,0.1134722364,0.8967845529,2.1562706697,0.1821993387,0.098019802,0.0834588866,0.9375705444,2.389846652,0.8120174749,0.4291584158,0.057087172,0.6005152348,2.8866586405,-0.5502017787,0.0416831683,0.0119254538,0.0164487776,3.0454180067,0.3166339483,0.4984779844,0.3019403177,0.0015739557,0.0009789638,0.9240775518,0.064695627,2.4439599942,0.6022495811,0.0383314243,0.3442766685,-1.7672e-06,4.49519e-05,4.07185e-05,2.55925e-05,0.1912726235,0.1196102859,2.9536969375,0.4144253467,-0.0659043831,0.1869803493,0.497175,0.0305647366,0.0417156964,0.0046007528,0.2385912467,0.1571588613,2.9502612074,0.3414245039,-0.0745693146,0.2340507304,0.4369501727,0.2666614986,0.0250974335,0.0150311959,0.9828560923,0.0059148573,2.2845363996,0.1960186292,0.7071743253,0.1308991615,-0.0004625571,0.0002795624,0.0002335646,0.0001375946,0.970129034,0.0097731371,1.9497743415,0.2505234412,0.4772547866,0.1874253431,0.1878964049,0.0340619715,0.1602027716,0.0123658089,0.9654459763,0.0098520033,1.9444012556,0.2477524162,0.5551396037,0.2230581396,0.05229406882672554,3.1026095825736566,-0.751086160793182,1
413,413.0432238275488,15266,56,36.95981224079774,0.24125,0.0414570561,0.1355732144,2.6484284111,0.0759521095,0.2492,0.0317546847,0.2618337201,3.1736412451,0.0534218545,0.50955,0.040829493,-0.0287796738,3.1154784146,-0.1474794441,0.03835,0.0111815697,0.0212233976,3.1292828189,0.3573869296,0.4097222222,0.0875370292,0.8462220405,2.9018398835,-0.6721394023,0.0787654321,0.0630232706,0.8605502958,3.7588761225,1.1245470493,0.5115123457,0.0419659235,0.3134301645,2.6516255997,0.0171950669,0.0483950617,0.0150683046,0.4052152257,2.8461277953,0.2914222062,0.4927459364,0.2990407651,0.0008461726,0.0006976353,0.9392984923,0.061280267,2.1926931004,0.5798721728,0.1652793462,0.3383734992,-1.9568e-06,1.67963e-05,2.00577e-05,1.28654e-05,0.3220442981,0.1514902047,2.7989956969,0.3684122616,-0.0759715144,0.2347876668,0.4966425,0.0210541164,0.0426149683,0.0038798649,0.2914745477,0.1599780711,2.8494963487,0.4361976303,-0.0521341332,0.2565830465,0.4523797196,0.2943174729,0.0185414606,0.0114012374,0.9904018195,0.0024835022,2.6045378038,0.2241652379,0.8746431841,0.1312096862,-0.0002096268,0.000125529,8.65444e-05,5.34453e-05,0.9627501991,0.0116224684,2.8511150417,0.4459330882,0.9771845652,0.1919398934,0.1546372685,0.0250487255,0.1414445638,0.0114644852,0.9616346944,0.0064842724,2.8671721235,0.5041974707,0.9822895976,0.257437265,-0.11957188476086013,-2.165726581012639,-1.7656515247373195,1
421,119.36738966422428,4490,20,37.61496345551488,0.2658,0.0342178316,0.0902585569,2.5062666131,-0.0784508093,0.23545,0.0384323757,0.4101220866,2.4579051432,0.0981150891,0.49875,0.0413362734,0.169764356,3.1364863615,-0.0358444148,0.03875,0.0111214882,0.0595072647,3.4965227358,0.6430199741,0.4207333333,0.1241173996,0.8957481756,2.0581748148,-0.2524644876,0.0964,0.0778483997,0.9185508849,2.4079094698,0.765315942,0.4828666667,0.0580412114,0.5795723285,2.2102488612,-0.3568969471,0.0435333333,0.0094788654,-0.0667269727,2.5119367538,0.2487166638,0.493915052,0.2997275891,0.0024788268,0.0020080412,0.9522188569,0.0238406359,2.4622278423,0.5320807524,0.1151111008,0.5523473557,-6.8641e-06,4.87278e-05,5.38628e-05,3.52225e-05,0.2567818388,0.1763269178,2.9667503489,0.3894141387,-0.0688974322,0.229496276,0.4980275,0.0222166462,0.0416540253,0.0039886776,0.1963336465,0.1516835794,3.0408658216,0.3966204978,-0.0045977427,0.1978817124,0.4404572639,0.2685991623,0.0240271137,0.0152146147,0.980270948,0.0067152424,2.1762624797,0.1529778955,0.6336900655,0.1048735207,-0.00064429,0.0003765472,0.0003061353,0.0001947082,0.962614634,0.0092399551,2.2008999327,0.1474401116,0.6293443649,0.1095652934,0.1594760729,0.0212640782,0.1490294967,0.012223151,0.9504350297,0.0115487247,2.5196022386,0.2563606783,0.8593556574,0.1483471483,0.05226829360752839,3.0703362620351213,-1.883559290436918,1
423,116.53431960167364,4344,42,37.27657238527021,0.27225,0.0447178656,0.5228193961,2.771913629,0.1035203186,0.2666,0.0458305575,0.4339595694,2.540954477,0.1022579326,0.46115,0.04204673,0.1308343581,4.2812539258,-0.6495157115,0.03245,0.0105236638,0.3150670618,2.6920210077,0.2102584056,0.4279,0.0979596345,0.8705233023,2.6787500494,-0.404006347,0.0777,0.0719806224,0.8435993283,5.0922377181,1.5884709085,0.4944,0.0461805154,0.6672070147,2.7247475809,-0.6147145515,0.0453,0.0124663547,0.2632873833,5.1534060977,1.2633471752,0.4909428327,0.2979888853,0.0025886367,0.0017175868,0.9413487644,0.0382465539,2.5021260268,0.5838952323,0.1658166283,0.4103811141,5.0155e-06,8.08536e-05,8.20955e-05,5.04528e-05,0.4287855741,0.1542975329,2.8417158181,0.4385886482,0.0954255259,0.2123520457,0.498795,0.0334310331,0.0460244272,0.004036224,0.3119413559,0.1721341199,2.8029823995,0.5201523047,0.0268599096,0.2330130664,0.4624519803,0.2809666142,0.015993816,0.0099843089,0.9602615583,0.0082487988,2.6286152536,0.2494358322,0.936265319,0.1217932937,-0.0008059377,0.0004858012,0.0003402949,0.0002130805,0.9406002786,0.0147104107,2.5888904703,0.2570488791,0.899851588,0.127577343,0.1403654565,0.0224296344,0.145400809,0.0203049956,0.9353791838,0.0160303483,2.8970180515,0.3880232867,1.0664633377,0.1491347616,3.846187945354523,-0.7574506267270348,-2.243678416631128,1
424,119.38443653331996,4411,60,36.94786463031887,0.26705,0.0343881884,0.3503125419,4.8786668514,0.7211235052,0.2304,0.0374344761,0.4222068622,2.419993216,0.3124060022,0.50255,0.0400405732,0.3686561812,2.7304476332,0.1462704686,0.03735,0.0097328054,-0.0705747258,2.8102026926,0.0167503771,0.3903278689,0.0882287863,0.8374247617,1.9945916986,0.0927843814,0.1222131148,0.0908679667,0.8983493903,2.2489801493,0.6576890182,0.4874590164,0.0385986383,0.2599194717,2.228726088,-0.0849062636,0.0408196721,0.0124854121,0.2127709702,4.624094574,0.7861391888,0.4887217164,0.2966444422,0.0022540547,0.0013671355,0.9380424821,0.0403121918,2.6190114938,0.5351028139,0.1268200957,0.4034249969,3.8726e-06,5.4137e-05,5.92327e-05,3.57449e-05,0.2423158423,0.1202977946,2.9080423495,0.4772675938,0.0226599308,0.2584904317,0.50386,0.0250230574,0.0403845772,0.0028953283,0.1719982939,0.1176281479,2.9178219798,0.4324293975,-0.0813158415,0.2538195925,0.4335487073,0.2649615484,0.0258927519,0.0151575252,0.979631109,0.0059802473,2.2000071919,0.1382182354,0.6299004782,0.1212563405,-0.0006831438,0.0004009946,0.0003225517,0.0001892293,0.9632507319,0.0097005377,2.2253342387,0.1466219943,0.6178628524,0.1193449303,0.1683627884,0.0231892153,0.1534467466,0.0132785196,0.9507557746,0.0072461112,2.4736354421,0.2229731389,0.8208389665,0.1342322732,-0.48311008422488444,3.7244186079557977,-0.6427226273006321,1
429,355.1700216184033,13534,72,38.10569354454416,0.2687,0.0436555838,0.4859545168,2.5836572804,0.2733180465,0.2157,0.0292491026,0.0808407236,2.8085316764,0.0292966046,0.5156,0.0401825833,0.3545990379,2.4763389574,-0.044683259,0.0423,0.0117987287,0.0769925244,3.0608741206,0.3423340322,0.4859574468,0.1573556018,0.9529248752,1.8691669299,-0.2726006003,0.1317021277,0.1055269281,0.9361396573,2.3180339806,0.7709084571,0.3823404255,0.0632527105,0.8213529165,2.171891456,-0.3122552121,0.0382978723,0.0098810261,-0.1877338555,3.2177194748,0.6597387105,0.4865535008,0.2966009533,0.0027658107,0.0024069497,0.9190746492,0.0485153647,2.4415574984,0.5294881036,0.1531105567,0.5175966653,5.8888e-06,5.8907e-05,7.57598e-05,4.9785e-05,0.2767841044,0.1953356612,2.7866728351,0.44908785,0.0721514269,0.2787777221,0.4974975,0.0258928198,0.0407094319,0.004159811,0.2122704156,0.150319268,2.9189435914,0.5808131973,0.0215505751,0.246526998,0.4454090209,0.2715543162,0.0259936316,0.0154607949,0.9718364586,0.0171066033,2.4341216418,0.2554189013,0.8007322145,0.1191323554,-0.0009262448,0.000555479,0.0003884665,0.0002303984,0.950802647,0.0281505997,2.483981855,0.3087886904,0.796005502,0.1342143232,0.141703349,0.0128387308,0.1422147069,0.0090867675,0.939618329,0.0133419335,2.8933662769,0.2565287438,1.0390553752,0.1137194634,3.1571970076737776,2.450628168770066,-2.4616728718205345,1
430,107.81900885151046,4040,32,37.47020161875104,0.1992,0.037952075,0.3047550954,2.7656873978,-0.1434679246,0.2916,0.0375158633,0.1947750085,2.7776723039,-0.0474383535,0.5092,0.039298346,0.1540997171,2.9116156679,0.0792867536,0.0346,0.012055704,0.0061903804,4.5590986465,0.7872907629,0.4370192308,0.0990059226,0.9050109072,1.7436630683,-0.1796355627,0.0863461538,0.0809743275,0.9078249644,1.808530235,0.664906723,0.4766346154,0.042896579,0.4107348065,2.4938632349,0.0882346091,0.0476923077,0.0134257767,0.2681064185,3.6383853831,-0.015657987,0.4966314043,0.301039163,0.0024257747,0.0018190778,0.9174971273,0.0516438454,2.5283756705,0.614654225,-0.1197951345,0.4817843605,-8.8996e-06,6.82729e-05,7.01634e-05,4.39645e-05,0.2630767056,0.1614008682,2.7759196133,0.362843087,0.0370654452,0.2290742927,0.503655,0.0314372585,0.0398475868,0.0052521023,0.2100085702,0.1386157676,2.8422774083,0.3135630199,0.0016206314,0.2437462451,0.4357427046,0.263922669,0.0260539921,0.016011141,0.9752387109,0.0065099279,2.3307954634,0.1758095027,0.7615104278,0.1150032272,-0.0008544335,0.0005322908,0.0003831163,0.0002350429,0.9570795958,0.0106561931,2.3911588664,0.2000517605,0.7666845317,0.1174868845,0.1509762832,0.0192377041,0.1492364308,0.0108411344,0.9467190108,0.0145511171,2.7828472576,0.3191984986,0.9875610073,0.1487404678,0.923545366914515,2.9725134122301093,-1.9575738669522853,1
434,516.6196462055756,18705,44,36.2065208657528,0.25935,0.0444390313,0.4564815416,2.4608961239,-0.0939792179,0.2552,0.0453426951,0.6118654339,2.9759394808,0.5007512358,0.48545,0.0386593779,0.0757474275,2.7633575401,-0.0649721742,0.03295,0.0094629541,-0.0495976016,4.7511645373,0.9182169588,0.4964193548,0.1076205323,0.8968835536,2.7966156562,-0.8211401878,0.082483871,0.0555830509,0.8671988171,3.1138050702,0.9228376728,0.4210967742,0.0620672657,0.6844049542,2.6761918457,0.4969306632,0.0353548387,0.010792914,0.039112877,2.9400292729,0.2971075046,0.4974210688,0.3021322175,0.0006280234,0.0004629145,0.9534137647,0.0456219151,2.3784703295,0.6428066648,-0.0475037743,0.4814725623,-1.8337e-06,1.19153e-05,1.45637e-05,8.6181e-06,0.3181783828,0.1611667347,2.8777298793,0.3077788651,-0.0324670763,0.1936529329,0.4953225,0.0276705867,0.0432563256,0.005132,0.2747927009,0.1427173025,2.9288257102,0.2891880433,0.0316791046,0.1670903854,0.4534572782,0.2977605259,0.0198714094,0.0128320005,0.9932766703,0.0028115837,2.2730483379,0.1707212999,0.6559086292,0.1144834294,-0.0001413685,8.98376e-05,6.64451e-05,4.38983e-05,0.9686188348,0.0090644539,2.4408917755,0.4117590954,0.737557122,0.1663241014,0.1713328943,0.0183777985,0.1497352236,0.0079608404,0.9665086898,0.0032358038,2.482752728,0.3456038053,0.8161280056,0.1390674978,0.29722848550546993,-1.742865852957113,-1.5827481380422141,1
441,100.34679554281615,3673,49,36.603062211715546,0.2237,0.0341293129,0.1929244016,3.1882676584,0.1461471019,0.24145,0.0378569346,0.3518490756,3.7896464596,0.3479708589,0.53485,0.0383891586,0.0687631991,3.2030037087,0.055137817,0.0358,0.0109022933,0.270497356,2.9862718202,0.1305895326,0.3562068966,0.1005301051,0.8899852722,1.9329969525,0.0466138021,0.1162068966,0.1100482275,0.9428984238,2.2821638045,0.8531536292,0.5275862069,0.0523766316,0.5704649461,2.4314645633,-0.0443969729,0.0472413793,0.0151479034,0.6224423741,2.9867247282,0.5250948148,0.4936826856,0.2989824475,0.0033221133,0.0025214443,0.9416712138,0.0362742414,2.3799155454,0.5103937786,0.1495895648,0.4379259933,1.28029e-05,8.3641e-05,8.65683e-05,5.60798e-05,0.3649611355,0.2130827514,2.8768601545,0.4453958016,0.1248280679,0.3174527349,0.5057575,0.0235956261,0.0435800761,0.005539593,0.2771940945,0.1905799023,2.8062968648,0.4538866013,0.0639497913,0.2774614645,0.4324161583,0.2624271683,0.028821579,0.0181176484,0.9745401437,0.0108856523,2.0900842074,0.185647124,0.5905415181,0.1277321589,-0.0009993862,0.0006117922,0.0004846553,0.0003038395,0.9591234465,0.0171532219,2.1365436939,0.2203729043,0.5834952022,0.1412007703,0.164827703,0.0225266384,0.1531974403,0.015641822,0.9453396776,0.0128347548,2.4387374557,0.2769530546,0.8125436283,0.1425826983,0.9061978919448904,4.910257809239269,-1.3395044732487253,1
446,165.81700351991262,6096,32,36.76341913432264,0.24035,0.0382443133,0.1322237132,2.6803533013,-0.045400064,0.2414,0.0419647471,0.2944170406,2.8416940238,0.3812960567,0.51825,0.0379036608,0.2132807314,3.567715145,0.3982450418,0.04125,0.011388042,0.009574597,2.7200522572,0.2999341466,0.3906923077,0.1225557233,0.8945348708,1.9241287442,-0.1581238677,0.0983076923,0.0864748826,0.8935088855,2.6584863788,0.9560685558,0.511,0.057553988,0.5579482363,2.5479520516,-0.4363211896,0.0466153846,0.0092031639,-0.0899982472,2.8310975385,0.2599537441,0.4828751234,0.2937121019,0.0038921855,0.002860438,0.9317309382,0.0560690039,2.198847338,0.3055511486,-0.0303091184,0.3412121674,3.33273e-05,9.25231e-05,0.0001020219,6.25616e-05,0.3146591797,0.1933405685,2.9804329854,0.4567034234,-0.0698263561,0.3142681943,0.5075625,0.0278481816,0.041909855,0.0046517659,0.2183277026,0.2052293295,2.9470528476,0.4380047451,-0.0541260229,0.2407491174,0.4328305552,0.2626569032,0.0281117769,0.0173242499,0.9694869672,0.008839906,2.6401361262,0.2430238782,0.879164451,0.1225236806,-0.0010762195,0.0006530619,0.0004448072,0.0002736232,0.9479190861,0.0096872978,2.676978803,0.2871260048,0.8561730813,0.1373315358,0.1434130808,0.0150724373,0.1433739991,0.010077062,0.9416487653,0.0122366446,2.961018895,0.3575535377,1.0407495645,0.1504062564,3.3819793454805738,3.2136368288357517,-2.682476170328887,1
451,126.3537911142426,4873,64,38.56631413294188,0.22135,0.0421417548,0.3706048221,2.1128611164,0.1276883178,0.27415,0.0386138252,0.4190983755,3.0567140838,-0.041920037,0.5045,0.0413188819,0.226792271,2.7781234582,0.0916267054,0.04115,0.0097430745,0.0887775835,4.2964163194,0.5430176392,0.4197169811,0.1298889769,0.9614839607,1.9802842005,0.178847122,0.1126415094,0.0767475878,0.9278731672,2.0368432719,0.2577162109,0.4676415094,0.0618321204,0.7584569837,2.9016672754,-0.3291529795,0.0388679245,0.0117216744,0.2341180511,4.4779190229,0.6860328515,0.4978518329,0.3024977216,0.0026371111,0.0018300409,0.9237152288,0.0483619095,2.2587657646,0.3893688959,-0.0262485825,0.291377208,-9.551e-07,8.09408e-05,7.83729e-05,4.89228e-05,0.2924969227,0.1684444286,2.77365354,0.3218446921,-0.0843251403,0.2030380529,0.5014275,0.0279738158,0.0433629736,0.0058730652,0.2323344854,0.1590687797,2.7777072957,0.4814553211,-0.082565477,0.217220369,0.4461105611,0.2697560828,0.0234311064,0.0139151395,0.9707463926,0.016599974,2.1217546025,0.1400289285,0.6007080365,0.1145293429,-0.0009000379,0.0005682599,0.0004209949,0.0002495049,0.9516753605,0.0218725748,2.1862902553,0.1784828741,0.6092730637,0.1236544335,0.1631675999,0.0238208175,0.1492977674,0.0143533694,0.9378120265,0.0163577133,2.5454520525,0.3559997763,0.8471479382,0.1844975742,1.1133476737632149,3.1063906987457655,-1.0311122118832772,1
456,124.9930234070084,4551,9,36.41003214380063,0.27375,0.0337370345,0.2231990334,2.6398629527,0.3549280202,0.22485,0.0427519298,0.3202288651,2.7233615012,0.1275770914,0.5014,0.0452773674,0.4312871015,2.4954505026,-0.0841723457,0.03805,0.0106746194,0.0285267939,3.0079706332,0.4770498326,0.4064285714,0.1038319607,0.8431298253,1.8879982855,-0.0612588608,0.1115584416,0.0881308787,0.916744586,2.2038845668,0.6591824928,0.482012987,0.0418039623,0.1915187388,2.3367469698,0.074641143,0.042987013,0.0115730245,0.2647830374,2.1525182867,-0.1903370636,0.4906707205,0.298631088,0.001780132,0.0012206227,0.9332368697,0.0461548791,2.3433931312,0.595087362,-0.116973386,0.374111445,6.814e-07,3.51395e-05,4.4878e-05,2.75742e-05,0.2207486745,0.1522490801,2.875601164,0.369777051,0.0130992181,0.158738781,0.4998175,0.0254661063,0.0386812795,0.0019912906,0.1328509934,0.1427155616,2.9502696491,0.4444727725,-0.0824997083,0.2136474001,0.4538754481,0.2754016335,0.0187011447,0.0114417047,0.97834834,0.0053255019,2.3831761611,0.1756501597,0.7659546541,0.1040464077,-0.0005331479,0.0003262947,0.0002272762,0.0001367394,0.9576295506,0.0056848925,2.4204326769,0.1290997246,0.7606514375,0.0874643263,0.1538595389,0.018314188,0.1479105449,0.0153681564,0.9542922123,0.0090758241,2.6358777585,0.2615884667,0.9271934386,0.1181728111,-0.22025785870892478,2.1961644620568803,-1.7260108607828184,1
457,110.26036045499688,4098,34,37.16657539563016,0.2391,0.0430951273,0.4288189046,4.1772162113,0.9276799298,0.23385,0.0461077813,0.4108665086,3.2431530713,-0.4314374875,0.52705,0.0405406894,0.0836428129,4.4891303227,-0.1932699413,0.0397,0.0122437739,0.2545769559,2.5222246816,0.539343686,0.4715217391,0.1190947265,0.8878002598,1.8818714123,-0.2150824198,0.0883695652,0.0809391502,0.8856587655,3.1054542897,1.1294665753,0.4401086957,0.058676426,0.7108162991,2.5007134064,-0.104813831,0.0386956522,0.0119070121,0.5064968661,3.301448,-0.0756952574,0.4842752508,0.2943627427,0.0039220652,0.0030410414,0.91310403,0.0602267427,2.6211290148,0.5612283498,-0.1095004671,0.4773617131,1.1595e-05,9.97271e-05,0.000131389,8.83052e-05,0.4062747127,0.1966814958,3.0110872584,0.5905592447,-0.0892562977,0.2819671997,0.5054525,0.0286977241,0.0458728516,0.0076912194,0.3227170538,0.2110716201,3.1389675541,0.8544641953,-0.0709440947,0.3307761448,0.4307195684,0.261124843,0.0255147094,0.0157417518,0.9606383363,0.0104649497,2.2405744195,0.1628264072,0.7023988268,0.1033317057,-0.0013793472,0.000851455,0.0006184285,0.0003786844,0.9476245719,0.0144705242,2.2772127647,0.1851278903,0.7009604519,0.1119494282,0.1522523924,0.0203809484,0.150938162,0.0189361221,0.9327516846,0.0152239021,2.6427141128,0.3917427196,0.9259751396,0.1643412544,4.806947392520529,3.413436051933379,-1.497312941165426,1
460,214.46231263427404,7939,33,37.01815905314097,0.2718,0.0390161505,0.3521630086,2.3143979685,0.0529351699,0.20365,0.0323408024,0.2039543341,2.739756302,0.2471378077,0.52455,0.0360838953,0.1443540019,2.8154728626,0.2775816856,0.0375,0.0117153745,0.1625523987,2.515004927,0.1352666491,0.5425287356,0.1395824511,0.9315018236,1.9831137628,-0.4233022261,0.1092528736,0.0895471645,0.9236238191,2.5873717684,0.8721009677,0.3482183908,0.058516021,0.7705488488,2.1312806805,-0.2647976883,0.0322413793,0.010470501,0.1610575022,2.9660580601,0.4782464555,0.4968084758,0.3010848577,0.0018910722,0.0015253172,0.9436769026,0.0388813,2.2931203865,0.5198738565,-0.0059812339,0.4490059118,4.1112e-06,3.0822e-05,5.40584e-05,3.66439e-05,0.4228569444,0.1608124291,2.7079092724,0.3014519042,-0.1198316832,0.2187832988,0.506495,0.017626329,0.0447908877,0.006515664,0.3377401688,0.1725292216,2.8534309934,0.3646086693,-0.0194117329,0.2183588523,0.4478578214,0.2715511112,0.0211998554,0.0129906854,0.9808198297,0.0063325959,2.2223756956,0.152748484,0.6551904927,0.1174610004,-0.0005769468,0.0003604486,0.0002433495,0.0001477444,0.9546147412,0.0112774768,2.5318677694,0.3670307528,0.7619247058,0.1937314564,0.1540254504,0.028778871,0.1455868604,0.0128675692,0.9486681378,0.0103230692,2.8021515537,0.5622684824,0.9442468551,0.2767771747,2.0807668330350713,0.2814005833177402,-1.9598359157313259,1
462,186.36334008797616,6929,69,37.180059107810806,0.236,0.0342125708,0.1864592109,2.823175308,0.21313089,0.26065,0.0395073095,0.1524473706,3.3649337784,0.2504676626,0.50335,0.0407924932,0.1051909442,3.1708337648,-0.2490035941,0.0344,0.0082546956,0.0011264051,3.2778108642,0.3917827734,0.4325,0.0880431646,0.8166422967,2.186077497,-0.3532711585,0.0858139535,0.0760731765,0.9352214708,2.1868946397,0.7248578236,0.4816860465,0.0386743295,-0.0707341018,3.823156757,0.1403264063,0.0441860465,0.015304287,0.4251768323,2.9839224799,0.6381739618,0.4954997903,0.3008886688,0.0024724229,0.0018676873,0.9448579208,0.0406807599,2.4187904228,0.6023637945,-0.0155616207,0.5007661362,5.599e-07,4.26832e-05,5.10752e-05,3.29434e-05,0.16754441,0.1557888143,2.8117573578,0.5781060871,-0.0433304151,0.2729975207,0.502495,0.0209769928,0.0387255496,0.0030286231,0.1192722832,0.142514406,2.6867224207,0.2058354782,-0.0780558429,0.226188117,0.4341972085,0.2652248466,0.0324445616,0.0191573418,0.9851310574,0.0046665225,2.13235572,0.1332881397,0.6198235019,0.110788344,-0.0006816427,0.0004076829,0.0003040748,0.0001799649,0.9663415918,0.0104501812,2.1834686252,0.1641327671,0.6297516568,0.1314456096,0.1594186467,0.0198417368,0.1435847627,0.0113609106,0.9553991316,0.0101172165,2.4946120298,0.2299872577,0.8489797448,0.1452397988,-1.2207389676047522,2.791580252816167,-0.5218150460606614,1
463,168.30504542005346,6045,40,35.91692682125465,0.261,0.0434050688,0.3889033658,2.6499587542,-0.084047538,0.2195,0.0417582327,0.4418011194,3.1954436968,0.3871852564,0.5195,0.0391758854,0.2636458522,3.2438420603,0.0533012867,0.03845,0.01090172,-0.0118253848,2.9704644203,0.3821384949,0.5033809524,0.1216875297,0.9192542623,1.9842007884,-0.1841029904,0.0738095238,0.0684575774,0.9210970158,3.5539361863,1.2390322685,0.4228095238,0.0678581286,0.7882294023,2.3739675222,-0.4181192478,0.0461428571,0.0114695693,-0.0700977633,3.0144847348,0.2350279634,0.4948499919,0.3009061248,0.0017358916,0.0011429107,0.930309694,0.0567607146,2.3633622732,0.4564295913,0.1677893309,0.4333347513,-7.29e-07,4.33969e-05,5.32347e-05,3.20858e-05,0.4357278183,0.1616470929,2.9806190957,0.7095335297,0.1739747623,0.3226676203,0.5010825,0.028843432,0.0452051299,0.0069367392,0.3266182383,0.1438588154,3.0337591932,0.7308796714,0.0544593064,0.3262485186,0.4586149358,0.2814692896,0.0166279293,0.0100218762,0.9804855938,0.0049784833,2.4268112543,0.2771553426,0.7735740668,0.1881124479,-0.0004251482,0.0002476348,0.0001691118,0.000102225,0.9351592666,0.0331922995,2.7755264104,0.3680814439,0.8464154436,0.1974739028,0.1575977244,0.0445887243,0.1384098144,0.0135760582,0.9419446886,0.027482546,2.8683241365,0.3640036985,0.9454901888,0.2610322775,2.4688850438760936,-2.0407565704978445,-1.6696577478637393,1
465,416.9772635098694,14709,20,35.27530464416282,0.27125,0.0351807831,0.2110847651,2.8523126329,0.5081313301,0.2457,0.0357212822,0.3616178012,5.1202701796,0.6662365247,0.48305,0.0356082504,-0.0075517574,2.8877405519,0.0228387959,0.03655,0.0084762905,0.0629587547,3.3679358172,0.3586784071,0.4644505495,0.1582831143,0.9472155972,1.7709670644,0.0224815082,0.1056593407,0.0949731275,0.8976388224,3.0184644022,0.9209954865,0.4298901099,0.0817291763,0.8466439946,2.1328165337,-0.4585864193,0.0414285714,0.0135728744,0.1967248773,3.9753410649,0.4620636613,0.4921177059,0.2991904066,0.0026272562,0.0017930207,0.9305217116,0.0466491389,2.4677506575,0.4964966519,0.1388920361,0.5324815347,-5.0062e-06,4.90267e-05,6.3994e-05,3.8427e-05,0.2595334772,0.178329621,2.8531173556,0.3886130691,0.064157402,0.2122588846,0.501395,0.0259819596,0.0391518727,0.0048085976,0.1750295383,0.1333429869,2.9168563171,0.5050456733,0.0579780975,0.2587509234,0.4346271753,0.2640396393,0.0262170741,0.0164295375,0.9773487884,0.0103391358,2.3449310735,0.2024947398,0.7432944802,0.1193974506,-0.0007674947,0.000466039,0.0003367276,0.0002099907,0.9581412424,0.015896494,2.3431269516,0.2049036475,0.7183358809,0.13149518,0.1497417024,0.0174149028,0.1445377879,0.0102906699,0.949604137,0.0119887345,2.6885709242,0.2587070912,0.953241005,0.1285691207,1.5109313387929764,3.113510810831522,-2.212150335387454,1
466,524.4095922239775,18941,9,36.11871384669528,0.267,0.0334962684,0.0396833198,2.9054829516,-0.0311312512,0.25885,0.0307234031,0.1148627148,3.0064640198,0.3376412476,0.47415,0.0309843105,0.0797347599,2.8025459079,-0.0623639761,0.0356,0.0104947606,0.0421613745,2.5764781136,0.2954702728,0.471627907,0.1158289349,0.9133372055,2.0632978906,-0.3764326459,0.0810658915,0.0752639253,0.9228697835,3.5306007064,1.1809265809,0.4473062016,0.0560108935,0.5984540842,2.1495654271,-0.027395331,0.0402131783,0.0120421217,0.178157158,2.7107644757,0.1846590536,0.4926517222,0.2994985461,0.0008023717,0.0006014637,0.9407632123,0.0372262188,2.363535296,0.338249504,0.1762281466,0.4167413319,-2.1181e-06,1.68861e-05,1.59665e-05,9.6302e-06,0.1718562056,0.1467426908,2.8542660299,0.4017309105,0.053931475,0.1933210254,0.49751,0.0264410741,0.0387419627,0.0030132752,0.1317584527,0.1337746695,2.9318573325,0.4381730666,0.0742516672,0.2178576717,0.4502156027,0.2925823043,0.0230962831,0.0143826539,0.9934542749,0.0033350468,2.1045123762,0.1354329421,0.5613716902,0.1138201065,-0.0002165482,0.000131699,8.67956e-05,5.39158e-05,0.9667750316,0.0030777615,2.59529682,0.2096068393,0.7978069875,0.0474689702,0.1609563808,0.0179790106,0.1355846742,0.0092575969,0.9607672771,0.0053027278,2.8025587436,0.3267504871,0.9263650336,0.1122679161,-1.343388618121404,0.16126155745582013,-2.1151936309842045,1
467,135.22343495842418,5065,64,37.45652520628016,0.2344,0.0465793946,0.6089172361,2.4303804971,-0.1101511476,0.3012,0.0394722687,0.2645701575,2.5984559969,-0.1203776321,0.4644,0.046142605,0.3956437554,2.3865243529,0.0319883747,0.03045,0.0098258587,0.1533091775,2.8822785513,0.4594046199,0.5769117647,0.1410934958,0.9208674753,2.4800321487,-0.3611068204,0.0783088235,0.0604371957,0.8881085188,3.312271308,0.9626083368,0.3447794118,0.0868629491,0.8389772117,2.1970954863,-0.0464097928,0.0316911765,0.0110350476,0.1157371273,2.7361020917,0.6597436901,0.4935627639,0.2994950475,0.002380397,0.0014808759,0.9254690744,0.0371943643,2.4259961848,0.6152164286,0.0018372916,0.411294978,2.7327e-06,8.07739e-05,8.27963e-05,5.02143e-05,0.4311903277,0.1321354219,2.8041800492,0.3555605743,0.0934023414,0.1617284375,0.502015,0.0291560976,0.0449162958,0.0046220254,0.3297754888,0.1427594022,2.8141764279,0.3152377605,0.0399160722,0.1647742271,0.4503056981,0.2731579591,0.0215255564,0.0132011164,0.9690955732,0.0256127268,2.0207471257,0.1971108596,0.484924511,0.1517938276,-0.000974684,0.0006071889,0.0004754069,0.0002926734,0.9477261775,0.052181027,2.0784211546,0.4459271044,0.4929024027,0.2148555551,0.1728957083,0.02681412,0.150543625,0.0191507488,0.934241049,0.0278127371,2.2287851944,0.2012414924,0.6830879131,0.1281801628,3.6906694315531183,1.2117436439741411,0.2753474762473642,1
469,109.84353353432476,4143,16,37.71728627707851,0.22355,0.0345419672,0.1811086397,3.3914210961,-0.0573962527,0.30455,0.0392434389,0.3040181078,2.8124649227,0.0585389628,0.4719,0.0402789027,0.3529405479,2.8864339226,0.2283237085,0.0406,0.009702577,0.2897987491,2.9194583336,0.2330105769,0.4145454545,0.0956347505,0.826773728,1.9252463849,0.1786444564,0.0890909091,0.0594093981,0.9147535179,2.5676083906,0.5537085579,0.4963636364,0.048823627,0.3313280999,2.3862062137,-0.0727780184,0.0434848485,0.0160248315,0.5101369814,2.4180638143,-0.0118995007,0.4992328993,0.3018562928,0.0028894265,0.0020727963,0.9261096109,0.0497900987,2.5927550948,0.9751825391,0.1764366204,0.5052460363,-2.32129e-05,0.0001103279,8.78925e-05,5.74891e-05,0.3493864761,0.1850812069,2.906610325,0.5386251294,0.0418784098,0.303567945,0.4945975,0.0381719579,0.0429356928,0.0055478293,0.2422039307,0.1515476948,2.9195831041,0.4256310287,0.0091357038,0.241760597,0.4535617975,0.2762725001,0.0183675766,0.011524101,0.9627428848,0.0085656297,2.7004421871,0.2671119728,0.9252769889,0.129225699,-0.0008477705,0.0004988221,0.000346141,0.0002165107,0.9351957687,0.0138330802,2.7167935545,0.2933872303,0.8867570593,0.1429242255,0.1382964762,0.0182764606,0.1418968835,0.0117772045,0.9335108044,0.0210268943,2.9972606016,0.4414326274,1.0694270445,0.178402881,2.0216466518722433,0.554897952302111,-2.0158650126842375,1
470,270.6294061790046,10014,12,37.002630798281984,0.26125,0.0389703413,0.308799665,2.2928831256,0.2359045175,0.2955,0.0376662979,-0.0041961936,2.5237123329,0.0892465171,0.44325,0.0381600249,0.3309167029,2.5332414956,0.3316484953,0.0337,0.0090448881,-0.0215645376,2.2586137072,0.2888741795,0.4839285714,0.0980739257,0.9092973281,2.0314484396,-0.037246765,0.0861309524,0.059827884,0.8788064795,2.7161640743,0.8276145159,0.4299404762,0.0509522071,0.6537827334,2.3786872262,-0.4031839508,0.0374404762,0.0106204555,0.0018778171,2.4434884207,0.3705384943,0.4935600681,0.2997551462,0.0017627356,0.001378318,0.9500753799,0.0415034919,2.7926908209,1.0594333615,-0.0752789143,0.7195790918,1.17794e-05,2.85633e-05,3.89635e-05,2.42493e-05,0.266029084,0.1676554882,2.9847871224,0.4687209154,0.0557853441,0.3501633714,0.50541,0.029618945,0.0408351213,0.0037871979,0.226174615,0.1481220797,2.9663016807,0.5217600978,0.0106833715,0.2725638468,0.4403162644,0.2733370183,0.0248928168,0.0149150342,0.9843061615,0.0067323479,2.5112991201,0.4453154509,0.8088207757,0.2106412553,-0.0004234562,0.0002485716,0.0001918011,0.000116139,0.9575029958,0.0202673996,2.4155385445,0.5153104467,0.7260649848,0.235956634,0.1735120434,0.0342582366,0.1512224419,0.0139023756,0.961109994,0.0133849768,2.2710467795,0.2617138413,0.7323477514,0.2335084288,0.9704751324958634,0.38405110529219083,-0.4763933112477141,1
473,149.62993355690708,5354,42,35.78161048881154,0.2655,0.0391695034,0.4029175656,2.1408342281,0.1574735393,0.20995,0.0371449526,0.5646858583,3.0903427111,0.2606934905,0.52455,0.0337275481,0.200802708,3.5157460712,0.336868542,0.0367,0.0101049493,-0.0809197156,5.4315354022,0.8037534809,0.4668452381,0.1168810439,0.8655004974,1.9690938405,-0.1989859483,0.0835714286,0.0740478104,0.9215787727,2.7724505069,0.8629100031,0.4495833333,0.0575088416,0.5343766667,2.2573304223,-0.2801202031,0.0389880952,0.0120953494,0.2395163039,3.9219124349,0.7973506971,0.4933258993,0.3007052567,0.0015802291,0.0009630891,0.9476641572,0.0352146478,2.380374708,0.5621329304,0.1443368515,0.4202238723,-6.4041e-06,2.73616e-05,3.79358e-05,2.34341e-05,0.2398827947,0.1540102211,2.8353375741,0.5699359403,0.0291082493,0.2251780546,0.4927575,0.0268618609,0.0383680956,0.002426596,0.1699763411,0.1352393575,2.7666828668,0.4291539688,-0.0415953298,0.2320880846,0.4512090703,0.2737980848,0.0205695887,0.0126784397,0.983686862,0.0050004463,2.1418888126,0.1434427941,0.6007622581,0.1011203226,-0.0004724508,0.0002917732,0.000217594,0.0001334309,0.9642469633,0.0094812363,2.1899465151,0.1982475283,0.5976332043,0.1124465016,0.165706801,0.0223344923,0.1477594762,0.0122622585,0.9549751271,0.0098823498,2.441067244,0.307480819,0.8102760023,0.1608197954,-0.39077807826954414,1.5863795446800497,-1.6432393510365213,1
474,310.2479465992463,11790,40,38.00186312023972,0.2599,0.0344091558,0.1479530307,3.0832261303,-0.3812534432,0.24935,0.0333965193,0.1639400747,2.9321901703,0.2031357872,0.49075,0.0389382524,0.1188848898,2.5044921846,-0.2425669665,0.0341,0.0104494019,0.0879825824,2.7289370099,0.1867200399,0.4705,0.1473380467,0.9537699329,1.8892346546,0.034439984,0.080125,0.0697359977,0.9027369833,3.2186601628,1.0394351683,0.449375,0.0900603097,0.9100793741,2.2015986376,-0.5324354585,0.0485625,0.0119424074,0.1955939596,2.6711390423,0.391290563,0.4975530956,0.3023046654,0.0019792801,0.0019090196,0.9134516711,0.0415584299,2.43664557,0.4983504934,0.0723401294,0.4434081823,1.01184e-05,3.44394e-05,4.99865e-05,3.34844e-05,0.2201016661,0.1538647812,2.9804576961,0.4517320103,0.0176166859,0.2275468442,0.50066,0.0263988144,0.0386594185,0.0044934796,0.1561834983,0.1367404042,2.7940517818,0.4206156476,0.0759822539,0.2354936979,0.4429554175,0.2700133143,0.0238739971,0.0149892397,0.9798490388,0.0092981536,2.2734600765,0.1745161366,0.6945907501,0.1066304988,-0.0006340177,0.0003747446,0.0002915806,0.0001834841,0.9615762241,0.0137859297,2.2937942959,0.168068496,0.6771348222,0.1231059593,0.1527562501,0.0190773424,0.147062769,0.0119030396,0.9503305971,0.0099461993,2.6426320483,0.3096492184,0.9276213087,0.1404703841,0.7450452568025341,2.551495559146066,-2.4273128549965306,1
475,350.40357717416924,12701,75,36.2467760815322,0.24525,0.0450964245,0.4961778826,2.8081300791,0.181584334,0.2788,0.0443909901,0.5357409712,2.6185329452,-0.013109512,0.47595,0.0388503217,0.2547554402,3.2713484159,0.2096954003,0.0366,0.0102683981,-0.0576095298,2.7286677577,0.5285786034,0.4343037975,0.1001383037,0.8615386735,2.1198615096,-0.159540061,0.0721518987,0.049052307,0.815198288,3.0486516095,0.808588864,0.4935443038,0.0615781478,0.6384665715,2.7690631641,-0.073155263,0.0426582278,0.0113303514,0.0114693762,2.3986638653,0.2296468187,0.4924779927,0.2994807813,0.0017683367,0.0013561182,0.9317985111,0.0398552761,2.4250264234,0.5583408335,0.1012839981,0.4392707869,1.313e-06,3.82212e-05,5.56327e-05,3.50616e-05,0.5713811401,0.1322350685,2.781438153,0.4345491839,-0.024580374,0.2472399148,0.5013625,0.0307536294,0.0538049058,0.0064441821,0.5052529124,0.1332262525,2.6876889721,0.3863455045,0.0041733679,0.2617903391,0.4503983841,0.273458548,0.0202702869,0.0128257449,0.9819717134,0.0067426274,2.1931385913,0.2168883081,0.6202315712,0.1442162301,-0.0006149449,0.0003717133,0.0002495512,0.000157779,0.954946646,0.00930089,2.8286310559,0.431164531,0.9437336646,0.1741685563,0.1448138993,0.0267089785,0.1376835817,0.0186329547,0.9450260711,0.0093345586,3.266792124,0.6264865234,1.117106616,0.2265287304,3.2538060038149568,-2.3834951113704905,-1.7572575411150848,1
477,134.7920804923449,4845,60,35.94424822514078,0.22175,0.0370160438,0.2458325556,3.1921401022,0.7306426449,0.30045,0.0544752008,0.6115538672,2.7819918149,0.0347182235,0.4778,0.047213981,0.3971703468,2.3888966519,0.0164431811,0.035,0.0107703296,0.1295896328,2.7850029727,-0.0420215744,0.4801351351,0.1118758149,0.8878366394,2.273112155,-0.2460521708,0.0988513514,0.0872343353,0.9040467523,2.8933184081,0.9432498289,0.4210135135,0.0465860126,0.4246618877,2.9054477986,-0.3503243294,0.0435810811,0.0110746933,0.2202512033,2.6661750592,0.2185841494,0.4943624178,0.3007641284,0.0019805581,0.0013841197,0.9343385021,0.0412827204,2.3250511804,0.3467722553,-0.1185340451,0.3631380031,1.446e-05,3.77298e-05,7.07725e-05,4.40224e-05,0.4791978934,0.1514039496,2.8786727335,0.4951185327,0.0230515883,0.3112843722,0.504235,0.0195700862,0.047142552,0.0118566983,0.3356216681,0.1737263358,2.8778880535,0.3787061399,-0.0256543152,0.2869169706,0.4569004931,0.2783647815,0.0189007322,0.0113844442,0.9769786433,0.0082812185,2.2893244587,0.1464818572,0.7037273893,0.0994203782,-0.0006466245,0.0003890728,0.0002281297,0.0001366048,0.9265505797,0.0179614866,3.2414550607,0.4822688559,0.9758153873,0.1556365535,0.1399439697,0.0164996732,0.131301004,0.0113953691,0.929079819,0.022828794,3.2656391666,0.5200236935,1.0799721862,0.1729792393,3.5591005694779505,-2.3371948612856537,-2.6664422847064366,1
482,104.20761369240428,3657,18,35.093405082613074,0.3002,0.0485948557,0.596057474,2.6816447839,0.1737017939,0.2674,0.0465589948,0.4936398049,2.6572175259,0.1280464707,0.4324,0.0429213234,0.3727894306,2.9654980724,0.1319004191,0.03685,0.0106689971,0.3523138336,3.6772935337,0.8219326236,0.4311320755,0.1207040725,0.8675812467,2.3579934491,0.0631606139,0.0896226415,0.0784029809,0.8467531511,3.5349759954,1.0928029523,0.479245283,0.0619448646,0.6260984793,3.3236485018,-0.6836570738,0.0497169811,0.0096355814,0.0159262903,3.0171198915,0.0960511419,0.490375566,0.2984055083,0.0035785555,0.0022439286,0.9300278202,0.0405781416,2.3821694599,0.3731197766,0.0399817336,0.4741651178,2.66671e-05,0.0001443646,0.0001254954,7.56433e-05,0.5102288782,0.1873162279,2.5950405884,0.3675608141,0.0819763208,0.2384160511,0.50424,0.0371497093,0.050181397,0.0057618486,0.4569689925,0.1609259582,2.6763043483,0.4267438829,0.0058330079,0.226924673,0.4565545712,0.2775111636,0.0159474068,0.0100719213,0.9456264046,0.011827981,2.9480146322,0.2729347711,1.0667894753,0.1071703253,-0.0009894285,0.0005918771,0.0004108911,0.0002599699,0.9231423226,0.0130742392,2.9888865737,0.3518674954,1.0511275661,0.1228208089,0.1441912646,0.0189107547,0.1524194074,0.0173319092,0.929556535,0.0125917762,3.0021035269,0.4453899237,1.1033384136,0.1542178647,6.300703297285288,-0.1323879499418915,-2.966183451731291,1
492,500.7343493790289,18395,56,36.73604581513536,0.25155,0.0404085078,0.4822113485,3.3332435493,0.3114882584,0.2225,0.0407216159,0.5998636932,2.3350808285,0.1203969643,0.52595,0.0361779975,0.2028007887,3.28240159,-0.3941233125,0.0375,0.0106418983,-0.0467937608,2.9804979314,0.0995689506,0.5051271186,0.1088644427,0.8795409245,2.1094523592,-0.3867619977,0.0729237288,0.0572103103,0.9086576445,2.918180925,0.9593717125,0.4219491525,0.0618843711,0.6092501927,2.5724352739,0.1317652151,0.0395762712,0.0126487132,0.1719952623,2.8411866341,0.2209341807,0.4929739883,0.300821256,0.0010379282,0.0007356128,0.9536883052,0.0442368842,2.2216326036,0.5202723087,0.116364237,0.3548448946,2.934e-06,2.42177e-05,2.6667e-05,1.75619e-05,0.3474947454,0.1537593185,2.7880875171,0.3432982672,0.0870214509,0.1638719463,0.49854,0.0408123774,0.0468350017,0.0068301441,0.3461701175,0.1621075091,2.8326944273,0.4842725593,0.1176819106,0.1694928905,0.4525583319,0.2868011947,0.0193192473,0.0121636546,0.9893950893,0.0054171896,2.1659338434,0.230937041,0.5807124783,0.1783764826,-0.0002652673,0.0001697152,0.0001186007,7.3305e-05,0.9483655887,0.0616663506,2.4554679852,0.4305580362,0.7275766612,0.1155013377,0.1715236153,0.0713896991,0.1322294839,0.0247197143,0.934241277,0.0838140415,2.774924574,0.5077316781,0.9067282157,0.2432490646,0.776660549215058,-1.9269178872017385,-0.0728595992399055,1
493,513.9895114658648,18571,64,36.13108747498896,0.2113,0.0437185315,0.3829045932,2.3834620325,0.2727834486,0.34555,0.0577100295,0.5376272793,2.2460709817,-0.1044179575,0.44315,0.0407102874,0.2282699135,3.0978405593,0.3848472201,0.03205,0.0092221201,0.1979551143,2.9091982549,0.1907296528,0.477173913,0.1270965577,0.926147072,1.9616572957,-0.2827703857,0.0797826087,0.0668495758,0.8853710141,3.0648158684,0.9796533951,0.4430434783,0.0716777076,0.7693162285,2.264668619,0.0014269194,0.0451304348,0.0119866025,0.039282135,2.282475544,0.3176347841,0.4963948265,0.3008698237,0.0013611003,0.0010331509,0.9269114222,0.0669902473,2.5749838425,0.9031868535,-0.2271047978,0.508192855,-5.3372e-06,3.39793e-05,3.5955e-05,2.28934e-05,0.3402126864,0.1978079378,2.9527352374,0.4867696033,0.0286604641,0.2424486251,0.4943975,0.0281331054,0.0417713413,0.0052567025,0.2395716911,0.1835975297,2.857852015,0.3560377223,-0.0472823364,0.1791858633,0.4517268827,0.2817514171,0.0206466678,0.0126791015,0.9867046316,0.0049392732,2.2804050163,0.2728760005,0.6909895954,0.1958028478,-0.0003827074,0.0002279288,0.0001529489,9.34102e-05,0.9545880164,0.0140722619,2.7917946727,0.4263489758,0.8540434809,0.2333507215,0.153844879,0.0450965207,0.1295407032,0.0098636483,0.9468563404,0.014977336,3.0929020541,0.5035440725,1.0035582452,0.2731687884,2.383467920689437,-2.5725802976086705,-1.6727881810287217,1
498,218.18854871228007,8073,35,37.00010861085872,0.25555,0.0401179199,0.2104401336,2.4371546228,0.2170667114,0.2238,0.0465087089,0.5847766967,2.2704992104,-0.0434265112,0.52065,0.0414768309,0.199370456,2.8415849552,-0.2730924156,0.04305,0.0108373198,-0.1210431372,2.813482685,-0.0229940913,0.4193846154,0.1408641126,0.9165565242,1.5705188933,0.0188715384,0.1318461538,0.0945335481,0.9131150655,2.0084176513,0.5769163095,0.4487692308,0.0656390525,0.6315603986,2.1106644584,-0.1117428394,0.0406923077,0.0108796537,-0.0916117035,3.7168374963,0.7272313559,0.4900182694,0.297403365,0.0020119126,0.0013527203,0.924258638,0.0494966495,2.5404529238,0.66723191,0.0242638457,0.478414739,-1.9878e-05,7.04305e-05,6.38196e-05,3.89232e-05,0.3395690104,0.1488549244,2.943841505,0.4242190221,0.0857948378,0.211369861,0.4888175,0.0284458225,0.0463829365,0.0064224276,0.3287232524,0.146814864,2.9134194978,0.4311419648,0.0500003246,0.2323318637,0.4361098039,0.2640114044,0.0231611063,0.0146892166,0.9744935277,0.0136259841,2.4424486826,0.4192972558,0.7780618085,0.1988255164,-0.0006852815,0.0004281921,0.0003035888,0.0001881175,0.9593930555,0.0116544155,2.2605512646,0.3157057302,0.6824085155,0.1833175375,0.1595225852,0.0271253469,0.1506641712,0.0163763758,0.9532449927,0.0088539878,2.4380101763,0.3817637389,0.8480331971,0.1980106575,2.0730433416665908,2.8579335182483905,-0.8717023866066247,1
B,186.55623040925312,6974,15,37.38283082103964,0.2371,0.0362986226,0.357950944,2.9972987723,-0.285563867,0.27835,0.0329549313,0.19901844,3.4909216072,0.2105779915,0.48455,0.0341620769,0.1031347772,2.85826576,-0.0282964548,0.0392,0.0101173119,-0.2820061145,2.9498531033,0.2039149859,0.4057857143,0.0905563586,0.8883770726,1.7971896324,-0.0608329805,0.1109285714,0.0829039584,0.917908324,2.1925905192,0.5272503745,0.4832857143,0.0342770822,0.2450316699,3.6942932777,0.122228364,0.0427857143,0.0130284226,0.3118834358,2.4108957927,0.029482896,0.4943142216,0.3018574309,0.0043595274,0.0028493501,0.9426975868,0.0380565316,2.302702601,0.4209846886,0.0175795589,0.3249402466,3.21756e-05,9.22771e-05,0.0001019951,6.17367e-05,0.1904610919,0.1343275014,2.960059218,0.484957152,0.0945489621,0.1826824924,0.5082275,0.0227181341,0.0386415933,0.0034401155,0.1405827044,0.1276596198,2.8759740334,0.2914692979,0.0431229767,0.2022575123,0.3821099735,0.2320017788,0.0489595498,0.0302186542,0.9802839065,0.0059368951,2.4838940105,0.2121882172,0.8286381055,0.1113650306,-0.0012211402,0.0007455588,0.0005083,0.0003127589,0.9573262093,0.0101390605,2.5275980627,0.223988168,0.8210273681,0.106533456,0.1474140297,0.0209260276,0.1410542998,0.0111055876,0.9522044424,0.0093188792,2.7945950119,0.3259138849,0.9865761029,0.1421458965,0.8490293775333033,5.891663297235423,-1.3181194430224672,1
C,170.51395051707175,7090,8,41.580175572145656,0.2717,0.0500810343,0.5397816283,3.1880010495,0.0171065003,0.26105,0.0377179997,0.1354612138,2.7514490201,0.4237607044,0.46725,0.0518477338,0.4542688039,2.2425437487,0.0473867336,0.03505,0.0111241854,-0.1417294859,3.9598118618,0.7392815981,0.4911413043,0.1148796707,0.8753499073,1.9743635625,-0.2672423076,0.085923913,0.0697547308,0.9133399506,2.8838762996,0.8030800554,0.4229347826,0.0552029466,0.6000037637,2.1248388066,-0.1522263649,0.0427173913,0.0100923196,0.0055652558,2.6476193791,0.2301193604,0.4894537255,0.2992675146,0.0047510148,0.0033951956,0.927701108,0.0531690458,2.5701996066,0.8286796216,0.149661268,0.5331542592,9.7418e-06,0.0001311228,0.0001185712,7.53975e-05,0.2428021173,0.1789888051,2.7810395535,0.4287875979,0.0774378435,0.1716779344,0.499765,0.0311793405,0.0406447407,0.0040618415,0.1824280801,0.1885798233,2.7447044114,0.4276800828,0.0373697159,0.1826121638,0.3921344703,0.2362612576,0.0494383242,0.0298881503,0.9782409465,0.0052423909,2.5222023783,0.216593555,0.8446495551,0.1040146082,-0.0013458694,0.0008434323,0.0005446587,0.0003303633,0.9569162424,0.0068367688,2.507507783,0.2743923454,0.8021675079,0.1240190936,0.1539309835,0.0215207239,0.1434493176,0.01236374,0.9502085354,0.0096162209,2.6748735352,0.3472473586,0.9255779602,0.1511246401,4.9646692479049905,5.268080380067472,-2.221538906391178,1
E,259.420057822752,11478,40,44.244844043024266,0.2325,0.0508453538,0.6395679087,2.327386203,0.174593821,0.26225,0.040548582,0.4559112859,2.527634296,0.504565177,0.50525,0.0415774879,0.246588971,2.8272118932,-0.0449781492,0.03845,0.0105046418,0.0594282037,3.138319975,0.3153917025,0.4347777778,0.0754685774,0.6821422906,3.1765087786,-0.5810805618,0.0848888889,0.0538824738,0.9001589485,2.566474968,0.564269963,0.4803333333,0.0411825206,-0.0058082412,3.0892901032,0.4395979532,0.0418888889,0.0128577209,0.3495533323,3.7241667095,0.7348323715,0.5128133166,0.3098369421,0.0024615903,0.0015159248,0.9298089657,0.0328834063,2.5903943474,0.6118771171,0.1248272659,0.3896393566,2.6699e-06,6.41196e-05,8.06488e-05,4.7798e-05,0.3743615822,0.1060688432,2.9039096814,0.400680834,0.0696764154,0.277448945,0.50047,0.0229863405,0.0461062003,0.0059917062,0.3455351397,0.1246021524,2.8555850776,0.4009890824,-0.0044823622,0.1740488757,0.3903219537,0.2501504863,0.0416324187,0.0252219798,0.9849841603,0.0038437469,2.6132375533,0.3275144366,0.9011142447,0.2134364686,-0.0006572052,0.0003896503,0.0002843468,0.0001747628,0.9504385583,0.0148448717,2.4792925301,0.3611437911,0.7898688646,0.2132024953,0.1670479064,0.0470175964,0.1420592976,0.0197724675,0.9540359517,0.0277139239,2.4654263534,0.3956484567,0.8078771133,0.2588677352,1.213755086043849,0.6446499691966979,0.6798459698469485,1
F,299.2729465721798,11536,12,38.54675182682342,0.26505,0.0340697446,0.2884007812,3.1592463444,0.2230201544,0.27425,0.0414751432,0.378728852,3.5802172512,0.5268355418,0.4607,0.0387557738,-0.047238686,3.9668719402,-0.6830183587,0.03485,0.010427248,-0.0483234866,4.0898775531,0.7278468129,0.4768,0.0848484531,0.8399164395,2.4418296568,-0.3347149871,0.074,0.0558972271,0.9084124388,2.906451398,0.8668264063,0.4492,0.0430622805,0.3662753429,2.7588911886,-0.0366489059,0.0402,0.0123474694,0.0069004358,2.9156747871,0.2847369839,0.4972014854,0.301319985,0.0023798459,0.0015294633,0.9437633035,0.0388441884,2.2341865081,0.455885129,0.0583389507,0.3596863644,1.145e-07,5.3871e-05,5.9766e-05,3.70787e-05,0.2143026238,0.1718811164,2.8648296424,0.3044108678,-0.0123674371,0.2124599076,0.5045775,0.0282184535,0.0391615111,0.004150774,0.1617565375,0.1583616955,2.9660429263,0.4248071392,-0.0557365034,0.239469224,0.384570159,0.2596985029,0.0470981523,0.0306460855,0.9873300361,0.0055485476,2.4543335182,0.3319121784,0.7907665187,0.2611778331,-0.0006269817,0.0004177733,0.0002577512,0.0001686726,0.9245264162,0.1277431572,2.6769789026,0.6522451089,0.833589223,0.2558618949,0.1821726673,0.0756033425,0.1338355766,0.0273855847,0.9142680784,0.1615731304,2.8108012102,0.7214092067,0.77247917,0.4909091329,1.801091954037073,0.3321204524153809,2.9083988927448483,1
G,263.1255940121975,14602,35,55.49441153688419,0.23635,0.0340430242,-0.0770417742,2.6436807389,-0.2769056047,0.28785,0.0329412735,-0.0083829896,3.1412172409,-0.1230851854,0.4758,0.0338948374,-0.0975862012,3.7751333419,-0.371921385,0.0376,0.0101113797,0.1241153075,3.1925658673,0.6311277928,0.4075446429,0.0808216609,0.8748562515,1.9159680498,0.1077438715,0.0911160714,0.0725852634,0.8952332303,2.0784271423,0.5777869186,0.5013392857,0.037110971,0.2488199832,2.9907516162,0.1724619921,0.0413392857,0.0116493053,0.2180916509,2.791279377,0.3228477129,0.4771321857,0.2905960865,0.002940909,0.0021313289,0.9306090101,0.0388519759,2.2560049573,0.4198766399,-0.0897016889,0.2503808342,6.9311e-06,7.14532e-05,6.76652e-05,4.16726e-05,0.1107992648,0.1285133278,3.0244901413,0.4009402885,-0.0301483996,0.2276609912,0.504515,0.0244564414,0.0363506158,0.0033399071,0.0728672239,0.1182088794,2.9748696186,0.3507428996,-0.1000129418,0.1728347947,0.3861018975,0.2548606145,0.0443964749,0.0280825582,0.9852363657,0.0033544327,2.502256266,0.2808768252,0.8148977295,0.2471617836,-0.0007894872,0.0005257485,0.0003276765,0.0002043622,0.9513308802,0.0405024783,2.5544936348,0.2698037152,0.7720748723,0.3520557076,0.1715834838,0.0752180239,0.1364797511,0.022653661,0.9439800611,0.0615897676,2.6853487433,0.3215682068,0.881934119,0.3286699501,0.4223925333514126,4.65139796284885,2.819108409633864,1
H,353.71153527842233,19458,40,55.0109285655152,0.2424,0.0309150449,-0.008308526,2.7123940945,-0.1792973135,0.26595,0.0330884799,0.0129039621,2.9011950559,0.1687306246,0.49165,0.0333545724,-0.0254376279,2.9972348761,-0.1270014178,0.03305,0.0107446498,0.0169086717,2.8978803086,0.3297473263,0.4700289017,0.1093497559,0.9046215788,2.0430400075,-0.2904163722,0.0793641618,0.0704764979,0.9237861922,3.734757016,1.2799719395,0.4506069364,0.0573505231,0.6612183563,2.3942380885,-0.0422186343,0.0424855491,0.0112335207,-0.0209114949,3.3118768626,0.3784263911,0.4977840738,0.3038755575,0.0023976948,0.0018355301,0.9358328357,0.0388312679,2.3741896824,0.5948986238,0.0261883955,0.4261522896,-6.5896e-06,4.80003e-05,6.05666e-05,3.79828e-05,0.3024463499,0.1133834509,2.9164159203,0.3666868814,0.0251008265,0.2864237952,0.49756,0.0255815441,0.038803969,0.0033253553,0.1911917819,0.1060771007,2.9110091398,0.4095106517,0.0556899584,0.297192851,0.3735715303,0.2406102417,0.0550056729,0.0336283609,0.9906412753,0.0030567686,2.2532504586,0.1686751227,0.7155121116,0.1298548757,-0.0007623281,0.000466537,0.0002742057,0.0001711188,0.9608681072,0.004816331,2.9967584509,0.4273808285,0.9429417428,0.1806736351,0.1355038873,0.0180423091,0.1272760369,0.0084039924,0.9524814497,0.0107742051,3.4394900227,0.5171548216,1.144165548,0.1812291384,1.6948712808466346,2.382702219807106,-2.4451610061505167,1
