Instance_ID,total_area_km2,total_available_points,total_fixed_turbines,density,pareto_rw_INF_avg,pareto_rw_INF_sd,pareto_rw_INF_r1,pareto_rw_INF_kr,pareto_rw_INF_sk,pareto_rw_SUP_avg,pareto_rw_SUP_sd,pareto_rw_SUP_r1,pareto_rw_SUP_kr,pareto_rw_SUP_sk,pareto_rw_INC_avg,pareto_rw_INC_sd,pareto_rw_INC_r1,pareto_rw_INC_kr,pareto_rw_INC_sk,pareto_rw_IND_avg,pareto_rw_IND_sd,pareto_rw_IND_r1,pareto_rw_IND_kr,pareto_rw_IND_sk,pareto_aw_INF_avg,pareto_aw_INF_sd,pareto_aw_INF_r1,pareto_aw_INF_kr,pareto_aw_INF_sk,pareto_aw_SUP_avg,pareto_aw_SUP_sd,pareto_aw_SUP_r1,pareto_aw_SUP_kr,pareto_aw_SUP_sk,pareto_aw_INC_avg,pareto_aw_INC_sd,pareto_aw_INC_r1,pareto_aw_INC_kr,pareto_aw_INC_sk,pareto_aw_IND_avg,pareto_aw_IND_sd,pareto_aw_IND_r1,pareto_aw_IND_kr,pareto_aw_IND_sk,decomp_rw_FV_avg_avg,decomp_rw_FV_avg_sd,decomp_rw_FV_sd_avg,decomp_rw_FV_sd_sd,decomp_rw_FV_r1_avg,decomp_rw_FV_r1_sd,decomp_rw_FV_kr_avg,decomp_rw_FV_kr_sd,decomp_rw_FV_sk_avg,decomp_rw_FV_sk_sd,decomp_rw_FD_avg_avg,decomp_rw_FD_avg_sd,decomp_rw_FD_sd_avg,decomp_rw_FD_sd_sd,decomp_rw_FD_r1_avg,decomp_rw_FD_r1_sd,decomp_rw_FD_kr_avg,decomp_rw_FD_kr_sd,decomp_rw_FD_sk_avg,decomp_rw_FD_sk_sd,decomp_rw_IN_avg_avg,decomp_rw_IN_avg_sd,decomp_rw_IN_sd_avg,decomp_rw_IN_sd_sd,decomp_rw_IN_r1_avg,decomp_rw_IN_r1_sd,decomp_rw_IN_kr_avg,decomp_rw_IN_kr_sd,decomp_rw_IN_sk_avg,decomp_rw_IN_sk_sd,decomp_aw_FV_avg_avg,decomp_aw_FV_avg_sd,decomp_aw_FV_sd_avg,decomp_aw_FV_sd_sd,decomp_aw_FV_r1_avg,decomp_aw_FV_r1_sd,decomp_aw_FV_kr_avg,decomp_aw_FV_kr_sd,decomp_aw_FV_sk_avg,decomp_aw_FV_sk_sd,decomp_aw_FD_avg_avg,decomp_aw_FD_avg_sd,decomp_aw_FD_sd_avg,decomp_aw_FD_sd_sd,decomp_aw_FD_r1_avg,decomp_aw_FD_r1_sd,decomp_aw_FD_kr_avg,decomp_aw_FD_kr_sd,decomp_aw_FD_sk_avg,decomp_aw_FD_sk_sd,decomp_aw_IN_avg_avg,decomp_aw_IN_avg_sd,decomp_aw_IN_sd_avg,decomp_aw_IN_sd_sd,decomp_aw_IN_r1_avg,decomp_aw_IN_r1_sd,decomp_aw_IN_kr_avg,decomp_aw_IN_kr_sd,decomp_aw_IN_sk_avg,decomp_aw_IN_sk_sd,PC1,PC2,PC3,Cluster_Label
1,200.47206009386755,7383,50,36.828074678052594,0.2588,0.0361671121,0.2164908402,2.6314425451,-0.3240257907,0.28685,0.0419860393,0.3453388949,3.2064366432,-0.1048958179,0.45435,0.0436557843,0.2044778278,2.8821748227,-0.0371045327,0.0311,0.0089044932,0.1648821179,3.0453045562,0.4312973452,0.515,0.1180922294,0.9208374823,1.8126343644,-0.0996437831,0.0791549296,0.0512724421,0.8043608005,2.774915128,0.7293117676,0.4058450704,0.0740621452,0.8473087562,1.8857602277,-0.1113035736,0.0449295775,0.0108281375,0.1535910764,2.6582625416,0.0680466367,0.4948734065,0.3003831445,0.0021165147,0.0013469739,0.9371692729,0.045535977,2.4621813379,0.6473937489,-0.1330232051,0.4660983225,-4.0137e-06,6.96799e-05,5.63966e-05,3.21059e-05,0.2138873627,0.1700415894,2.7095216433,0.3118555777,-0.049312354,0.1599719557,0.492745,0.0341051825,0.0399255887,0.0045358423,0.1365417926,0.154425879,2.769760337,0.2621450746,-0.0578506215,0.2090846843,0.4454114655,0.2700865449,0.0226329168,0.0139969681,0.9763974298,0.0073443647,2.3085488014,0.1806886151,0.6993611484,0.1205633037,-0.0007358768,0.0004516577,0.0003136687,0.0001924706,0.9522284527,0.0141493421,2.4477058066,0.2568228256,0.7412428335,0.1432089863,0.1569305595,0.0210257059,0.145417192,0.0123984704,0.9464615247,0.0131869244,2.5763548111,0.2904703463,0.8679926152,0.1527123545,2.1452070816315087,1.433392073818746,-1.8880463083664047,1
10,527.9065135699819,19517,64,36.97056107153474,0.25935,0.0321298537,0.1589208335,3.9290895388,0.1881923304,0.23995,0.0335670597,0.2222528592,2.8400592359,0.1948030259,0.5007,0.0376896538,0.1987052528,2.8290630177,-0.2246216694,0.03465,0.0093609561,-0.0444070571,2.9199350483,0.5587157103,0.4842944785,0.1203610077,0.9193852613,1.871841538,-0.3259435506,0.0748773006,0.0730029643,0.9293715879,3.3538167431,1.1917888769,0.4408282209,0.0632073805,0.7315398808,2.1303341372,-0.0952957148,0.0428527607,0.0111867763,0.0306986684,3.0544925169,0.4853998463,0.4981557596,0.3023620209,0.0012479653,0.0009465294,0.9407897146,0.0480089717,2.60985796,0.6156940335,0.080768716,0.4735626852,-8.2576e-06,2.0461e-05,2.75306e-05,1.70547e-05,0.0921216796,0.1170769985,2.7728565551,0.3778249065,-0.0038435553,0.2037997079,0.49197,0.0198882591,0.0375528854,0.002785148,0.0533938769,0.0988750404,2.8827555241,0.4233826336,-0.0236683557,0.2389504412,0.4496676157,0.2786535724,0.0217861476,0.0128159742,0.9884249745,0.0050171092,2.1742963772,0.2243417301,0.6224312281,0.1484722791,-0.0003518133,0.0002130707,0.0001529332,8.93103e-05,0.9666869522,0.0082008711,2.2979066216,0.3407884711,0.6624925287,0.1887615095,0.1603555783,0.0226753415,0.1426395608,0.01030306,0.9575217648,0.005625724,2.6124775289,0.3328326915,0.8803800294,0.1711761799,-1.2008416420977717,0.3156372180830133,-1.1064641128642703,1
100,477.58201135607226,17482,36,36.60523132008398,0.2682,0.047479048,0.4613424107,2.6832801249,0.2903046017,0.22115,0.0422720652,0.4740478194,2.6783658598,0.0613252068,0.51065,0.0413319187,0.2422796123,3.2534260043,-0.0395174107,0.0375,0.011169154,-0.1537290715,3.1193649825,0.2825919169,0.4538700565,0.0894450566,0.8325091995,2.4679725918,-0.0956116008,0.082740113,0.06067865,0.8841608804,3.0746171317,0.8781051314,0.4633898305,0.0478649289,0.4572840286,2.6318894693,-0.1418360235,0.039180791,0.0110867699,0.1928306738,2.9623499307,0.2754530686,0.5016927233,0.3050499318,0.00058216,0.000392894,0.9412036867,0.0394995437,2.4110303351,0.4436813565,0.0301593551,0.298665106,-3.9246e-06,1.98891e-05,2.00542e-05,1.27211e-05,0.5254081328,0.1087916559,2.7782662935,0.4475829253,-0.0333428895,0.2788821472,0.492305,0.0320353863,0.0516910789,0.0063267975,0.4765838447,0.1280609279,2.7722336463,0.480628514,0.0245494214,0.2724019931,0.4638765169,0.3081940499,0.0149384047,0.0103110447,0.9925971345,0.0021776533,2.2353153586,0.1655012811,0.6474050294,0.2217642418,-0.0001641577,0.0001057125,5.46449e-05,3.12568e-05,0.9248333349,0.0703249634,3.1183495409,0.4091672853,0.9587056466,0.1887020431,0.1622354952,0.0846078998,0.1113272282,0.0159075222,0.9078749871,0.1118201288,3.0855872319,0.3739067646,0.9748332355,0.216590075,0.6182375108885416,-5.2748724308286405,1.0376096310270029,0
101,125.15820717651792,4727,26,37.76819839975205,0.2872,0.0344696968,0.1181351615,3.3292377443,-0.2819523574,0.30135,0.0618257835,0.6682951948,2.4247949912,0.4804217179,0.41145,0.0519629435,0.6073306165,2.3753932195,-0.0515113909,0.0334,0.0083630138,-0.0108075017,3.1103172792,0.1022517708,0.4176415094,0.075019518,0.7063156749,2.5995432097,-0.3010906751,0.0724528302,0.0698017587,0.9082005413,2.7089484313,1.0485320382,0.5099056604,0.0433990975,0.1717015508,3.6158269374,0.0284785051,0.0494339623,0.0142967333,0.288714954,2.6559390025,0.4432898449,0.495079052,0.3013941139,0.0026130788,0.0015993181,0.9293093226,0.0411085377,2.5264934776,0.5409400269,0.2210994192,0.3553109303,7.487e-06,9.03635e-05,7.44098e-05,4.49767e-05,0.3282574737,0.1490103736,2.7356938718,0.2519354091,0.0423097994,0.2371447298,0.4983,0.0340958465,0.040975103,0.0044720451,0.2579974215,0.1432719483,2.8712977776,0.4603096396,0.0863134758,0.2561191033,0.4488554894,0.2724651052,0.0190632383,0.0118808925,0.9676759568,0.0076249804,2.5780957999,0.2029312803,0.8623324029,0.1064907005,-0.0007643223,0.000465789,0.0003130283,0.000196828,0.9437562346,0.0109706905,2.6546092891,0.195357204,0.8623190578,0.0885352834,0.1447851744,0.0164251969,0.1430851291,0.0131580991,0.9397888534,0.012313353,2.8500025953,0.3331070765,1.0180337935,0.1342602063,2.3525259572406183,-0.3759392670610063,-1.6214379046923761,1
103,226.0273317322685,8293,6,36.69025306117906,0.33855,0.0578977331,0.4757527548,2.6552811324,-0.0796899268,0.213,0.0469201449,0.5052952963,5.3232017338,0.9277533201,0.44845,0.0460309407,0.2973955658,2.800598453,0.2522246816,0.04015,0.0112573309,0.0651010111,2.8791105198,0.2202553603,0.6042366412,0.1600816505,0.9444308707,2.9353620125,-0.9703896533,0.0912977099,0.095780418,0.9143885184,7.080664639,2.0122900169,0.3044656489,0.080367125,0.8364171974,2.5908050058,0.5564608215,0.0363740458,0.010503606,0.2093769014,2.9030622734,-0.0636720028,0.4937503919,0.300003098,0.0013804362,0.0009416459,0.9138666133,0.0470445712,2.4237146232,0.5658654834,-0.1426027637,0.4052357909,-2.00662e-05,3.7292e-05,8.36171e-05,5.91814e-05,0.6648340918,0.1356498233,2.5109904609,0.4186469906,-0.0899933415,0.2286849358,0.4867275,0.0210761208,0.05695934,0.0088844784,0.4977170352,0.1340087,2.617252721,0.2755905231,0.0860696887,0.2272799974,0.458350401,0.2786832655,0.0167920108,0.0100896813,0.982546093,0.0038660022,2.2616612172,0.1530229661,0.6874864197,0.1234877398,-0.0005383419,0.0003237416,0.0001561585,9.09241e-05,0.8972800788,0.0314636091,3.8889344445,1.3177494407,1.0212677179,0.248923397,0.1422152107,0.0326837092,0.1225110809,0.0186343047,0.9235017596,0.0262123538,3.3210316753,0.8696370224,1.001051828,0.2242607354,8.396841701796784,-7.493081909019097,-1.5486397192229073,0
104,467.4265721035172,17654,63,37.76849895493385,0.2721,0.0518467935,0.5273463118,2.5773382784,0.3527924136,0.26175,0.0504548065,0.6407950285,2.4521864383,-0.1425853263,0.46615,0.04534785,0.3887318057,3.3177016948,0.3125858128,0.03175,0.0115839328,0.3721297124,2.4787918021,0.4110257627,0.4446818182,0.0845207809,0.7831616418,2.3417267614,-0.2125871172,0.0674090909,0.0528923943,0.8583086396,3.9423978792,1.1541639855,0.4879090909,0.0476940144,0.3312350141,2.9169756511,-0.2196203022,0.0517272727,0.0123294983,-0.0104377935,3.2545954617,0.0510919909,0.4969815372,0.3018179843,0.0010225296,0.0006557452,0.9208133887,0.0403811188,2.4203872472,0.5223936528,0.0505154263,0.4625616243,1.493e-06,4.23469e-05,3.99969e-05,2.46046e-05,0.5303921027,0.1322382329,2.7842787984,0.3432377695,-0.0314502624,0.3051146522,0.4949625,0.0455376599,0.0457096329,0.0073203201,0.3817695231,0.1438787875,2.8219027363,0.3505309345,-0.0635243167,0.2478457366,0.4654570823,0.2901891327,0.0117367722,0.0071436228,0.9828816456,0.0048904188,2.609955123,0.1874862728,0.845336716,0.1185582146,-0.0003943906,0.0002368232,9.0055e-05,5.64853e-05,0.8723262175,0.0181983373,6.7471367089,1.454464035,1.6990734311,0.286564991,0.1175377276,0.0216625573,0.1065716127,0.0092123791,0.9248933748,0.01264657,4.367095861,0.5050459922,1.3219563484,0.1229641323,5.14132541281034,-10.178883209657572,-3.8729080429783433,0
105,254.35008360463547,9365,66,36.8193313219313,0.2684,0.0426373076,0.351496228,2.7833811777,-0.3154643264,0.24675,0.0334542598,0.193280617,3.5243225027,-0.0281062788,0.48485,0.037185044,0.1807602893,3.7953815805,-0.2887485056,0.03955,0.0102736313,0.043085104,2.9264864597,0.1211135808,0.4975,0.1067219909,0.8611258879,2.1888885368,-0.3557465278,0.0798888889,0.0483619328,0.8526795589,2.6145134893,0.7274626309,0.4226111111,0.0662915605,0.6662465568,2.26547196,0.1785189466,0.0392222222,0.0093068407,0.0741157223,2.6986356482,0.3512236395,0.4965455668,0.3009371697,0.0015216398,0.0011267581,0.9379967033,0.0315327476,2.7633610881,0.5739682811,-0.2707558196,0.4917016683,1.11603e-05,2.53019e-05,4.06062e-05,2.61297e-05,0.3211123838,0.1359173697,2.8293345054,0.3810372041,-0.0287059738,0.258411649,0.5075575,0.0250952499,0.039905505,0.0041473845,0.2309992388,0.1284992006,2.8862189053,0.3073838849,0.01606926,0.2350593986,0.4518600107,0.2760620154,0.0189801471,0.0116737729,0.982669023,0.0072780706,2.3963327421,0.2487286964,0.7500474305,0.1429043607,-0.0004744426,0.0002893042,0.0001740321,0.0001064537,0.9452809182,0.0134294516,3.0679197007,0.3846068787,0.9462646972,0.14081849,0.1382984838,0.0147144297,0.1308217305,0.0077330484,0.9411199701,0.0146335341,3.3444623921,0.4583877061,1.1257686078,0.1629416539,1.5819341479972464,-1.8514798469575973,-2.2730059180842397,1
107,120.3487986079694,4321,56,35.90397286869025,0.2848,0.045226762,0.490404135,2.2373968361,0.1660346082,0.20995,0.0458011736,0.5282158827,3.9593396168,0.6954246554,0.50525,0.049746231,0.5618804637,2.6044275464,0.2562638895,0.03935,0.0100661562,0.1241559169,2.9123051486,-0.0793024116,0.5401190476,0.1709166049,0.9222070468,2.0927549832,-0.4963409247,0.0851190476,0.0849473793,0.8752155403,2.8006688124,0.9824534569,0.3747619048,0.0939221586,0.8357534453,2.1232497853,0.1606026777,0.0347619048,0.0094461116,-0.0608161648,2.316971789,-0.2280357285,0.4886539679,0.2963840746,0.0050772507,0.0040320857,0.9055820437,0.0430768303,2.4317368638,0.5145729119,0.0301043398,0.3061695431,-4.2276e-06,0.0001696875,0.0002221923,0.0001583199,0.5361520604,0.1508158498,2.7016561389,0.3932710709,0.0392876836,0.2345064698,0.4982925,0.0316553008,0.0528315804,0.0111719732,0.4661378724,0.1617688229,2.721760546,0.4596672919,0.0510345613,0.2210174013,0.4268117417,0.2590714927,0.0243407048,0.0157441787,0.9396081562,0.02197435,2.4855761379,0.2204787761,0.8543294693,0.1182233182,-0.0020427361,0.001244391,0.0008516973,0.0005477799,0.9192957395,0.0317502841,2.5313167434,0.2161423824,0.8521433324,0.1189524249,0.1338037842,0.0270144838,0.1453530057,0.0271966308,0.8969276554,0.0268730835,3.0620375133,0.4897007148,1.112613359,0.1960847935,10.250317012997066,2.105426478578349,-0.7936285567689964,2
109,1254.9229355259204,46433,27,37.00067843651339,0.2343,0.0291635046,0.0752142462,3.052827162,-0.1999119307,0.2719,0.0339542339,-0.0611856124,2.4553609844,-0.1030343804,0.4938,0.0375107984,-0.0544962123,3.2034657833,0.2200579066,0.03325,0.0103047319,-0.0245450424,2.7651583991,0.2687668497,0.3952506964,0.0954162182,0.8538190972,2.1279117258,0.0358680505,0.1096796657,0.0704460156,0.911730144,2.1136644844,0.4513118409,0.4950696379,0.0440031418,0.251625357,3.120419334,-0.3603860131,0.0424930362,0.0119182139,0.1480194986,2.7864004722,0.4120493086,0.4999231715,0.3033467077,0.0003694002,0.0002696147,0.9479467019,0.0525348677,2.4752047715,0.5393293078,0.0251795984,0.5038640248,-1.4806e-06,3.4229e-06,6.9451e-06,4.3623e-06,-0.0033128527,0.0988402827,2.8403966835,0.2778309731,-0.0081760037,0.1743229418,0.4962675,0.0126154298,0.0354271373,0.0019038945,-0.0021924534,0.0957211133,2.8594773813,0.5047547952,0.0059989597,0.1737621083,0.4536778048,0.3230288178,0.0206143187,0.0143194551,0.9962414175,0.001731689,2.1169931724,0.1444558567,0.5770653845,0.1147827087,-8.55496e-05,5.65434e-05,4.00701e-05,2.79795e-05,0.9724523702,0.0025086641,2.1455920256,0.1568485165,0.5866230863,0.1172997138,0.1744300854,0.0218151825,0.1407295913,0.0028536463,0.9660406185,0.0021484448,2.3037705114,0.1688912619,0.7410403919,0.1184548957,-6.456676212798621,1.220100088372576,0.9383304313469515,4
11,704.9732527283236,24732,70,35.082182060502944,0.2617,0.0436074535,0.3598776458,3.2489448774,-0.0286782283,0.25425,0.0371441449,0.2544442134,2.5445727473,-0.31633915,0.48405,0.0486605333,0.3254031783,3.2360807725,-0.0078937819,0.03555,0.0108142267,-0.1207397839,3.0774587135,0.1902592412,0.4558947368,0.1121370847,0.8884865758,2.2980416454,-0.2314805977,0.083,0.0664173408,0.8939129096,3.3360039542,1.0126884798,0.4611052632,0.0592793518,0.620239395,2.5227196002,-0.240774703,0.0415526316,0.0109344876,0.0449168447,4.250095237,0.3798356033,0.4976140951,0.3020114479,0.0008087705,0.0006650839,0.9537464356,0.0421191916,2.5256630974,0.6239838116,0.2281476179,0.479564443,-2.3284e-06,1.26926e-05,2.24625e-05,1.36047e-05,0.5435355119,0.1106677371,2.7927980275,0.5207312455,0.0315711808,0.2891267497,0.4994425,0.0251537088,0.0484025975,0.0046455546,0.4348952665,0.1391209559,2.8188614837,0.4142059824,-0.0171013669,0.3103744118,0.4586616527,0.3065331252,0.0178031748,0.0124958987,0.9913627884,0.0044625109,2.2810151302,0.2462934587,0.6725815738,0.2273214795,-0.0001509187,0.0001017494,6.21495e-05,4.13811e-05,0.9356585127,0.0721738163,2.5751764447,0.4915903574,0.6914334062,0.2589114886,0.1890553049,0.0926995053,0.1250187653,0.0304435596,0.8999940034,0.1687463809,2.5682333219,0.5369850777,0.735615229,0.3316872212,0.281616248779218,-4.103695248742859,3.092561484923345,4
111,503.5832368357552,18039,22,35.82128768492638,0.25875,0.0440872714,0.4448088884,2.6593870372,-0.1081837501,0.3051,0.0438176905,0.2273514156,2.6843737195,0.0791220656,0.43615,0.0355587893,-0.0132465728,2.9995864157,0.1069237695,0.0313,0.00939734,-0.0441393123,4.0403155744,0.8325236775,0.5161061947,0.1200290056,0.9036682897,2.1887307084,-0.2708578017,0.0983628319,0.0701813154,0.9142729617,2.6517595875,0.829075225,0.3855309735,0.0643736425,0.6628765537,2.7745197343,-0.0797313139,0.038539823,0.0093997132,0.2891309982,2.8042516936,0.1620964487,0.4947511377,0.3003310721,0.0011607208,0.0008699844,0.9280725658,0.0438523436,2.3891945904,0.5582930076,-0.0099024272,0.489204065,-4.3229e-06,1.6627e-05,3.63295e-05,2.20023e-05,0.4450832219,0.1570071145,2.9206137367,0.3726928974,0.0062265353,0.2175561936,0.4907,0.0267123099,0.0450923518,0.0038134375,0.3435403045,0.1145642797,2.7917027,0.3673125743,0.0204149544,0.2127795897,0.4568143298,0.2862585488,0.0162369066,0.0103392261,0.9842315286,0.0053996323,2.4167247831,0.1910969252,0.7427537992,0.1779587174,-0.0004025856,0.0002483191,0.0001378231,8.03359e-05,0.9316340982,0.0342705627,3.727134015,0.6939288613,1.1466033933,0.2139105755,0.1420086859,0.0636817685,0.1189038377,0.0106702528,0.9246283562,0.0517149113,4.0221018059,0.8758686462,1.302133005,0.2473433495,2.659249766949567,-5.529900135110864,-0.8426268238849939,0
114,291.41198533139124,10327,72,35.437801188088486,0.2567,0.0435500861,0.4644705676,2.7312741438,0.2637170423,0.22545,0.0401129343,0.3556180248,2.4531647579,0.1904362566,0.51785,0.0428033585,0.247695397,2.7979531525,0.0487548042,0.0341,0.0109402925,0.0762809614,2.670387633,0.2015298697,0.5313291139,0.1115475401,0.8909296867,2.9533672735,-0.8453022401,0.0587341772,0.0623001532,0.8698630123,4.6005787142,1.593365097,0.4099367089,0.0611001133,0.6654945979,2.9494770202,0.2480793759,0.0437974684,0.0116166399,0.0830444393,3.7501794725,0.7527488745,0.4952211838,0.3015519088,0.0017296047,0.0014115104,0.9217257531,0.0541304476,2.4870519509,0.9105198248,0.0694253784,0.4850003484,1.33523e-05,5.51359e-05,5.17608e-05,3.38792e-05,0.4300987177,0.1652003887,2.7360792435,0.3886112738,0.0158860421,0.2924902106,0.5073375,0.0363353577,0.0473151562,0.0089367984,0.3967488646,0.174902042,2.6613642198,0.3074860007,-0.0296426441,0.1945857877,0.4380413374,0.2662904785,0.0255169945,0.0155765935,0.9828689589,0.0080642779,2.2860479476,0.3212075289,0.6984174328,0.1602494616,-0.00049399,0.0002982091,0.0002358643,0.0001474082,0.9628405126,0.0108432708,2.1672289774,0.2875885374,0.6071515924,0.1788953582,0.1691243912,0.0280070319,0.1526580828,0.0144799415,0.9584397422,0.0079147548,2.327039767,0.4239392359,0.7432935457,0.2377770337,3.626887177406542,-0.4862953520148623,-1.5779164495233449,1
119,677.2269472399257,24930,36,36.81188426066555,0.2339,0.0341875708,0.2375054754,3.8365212337,0.2058616368,0.2543,0.0387428703,0.3818238431,2.9548479938,-0.1141383293,0.5118,0.0444326457,0.1452882665,2.7441310558,0.0150266762,0.03765,0.0095250984,0.1070354165,2.1402896348,0.2706085373,0.430295858,0.1084802277,0.902796623,1.9355385703,0.036536619,0.1079881657,0.063893216,0.8823258615,2.1671500595,0.3644514437,0.4617159763,0.0565817399,0.6256151466,2.3167762875,-0.1294079162,0.040295858,0.0099808121,-0.0444037315,2.8116817863,0.0479270247,0.4993897625,0.3026288022,0.0008106467,0.0007550929,0.9459526342,0.0409350213,2.2977719503,0.4526630821,-0.1743437761,0.4033053707,4.8707e-06,1.35572e-05,1.67847e-05,1.11928e-05,0.1324713373,0.1457667993,3.1581893167,0.9550042156,0.0828264097,0.2908693906,0.5094875,0.0202849321,0.03631453,0.0026412656,0.0693766822,0.1467497485,3.0031981176,0.7735381002,0.090081774,0.2004257329,0.455653733,0.2905461419,0.021299642,0.0133380146,0.9929165374,0.0034105394,2.1199159044,0.1997757514,0.542824407,0.1420912324,-0.0002384565,0.0001514329,9.00955e-05,5.53701e-05,0.9625929886,0.0051564521,2.751088966,0.3237334333,0.7940731596,0.1625675221,0.1518514097,0.0123134073,0.1309340176,0.008195624,0.9541909633,0.0037880452,2.9146813186,0.3692077019,0.9517098071,0.166637737,-2.075155514639127,-0.9880534949645038,-1.5334495290585695,4
12,111.3007788574034,4230,32,38.00512488254374,0.25205,0.041755808,0.3345355442,2.5001815227,-0.082931511,0.30635,0.0389027955,0.3413235424,2.7956702901,0.2771800541,0.4416,0.041102798,0.3021839752,2.6560095659,0.0357008441,0.03405,0.010263893,0.3506171416,3.6119169551,0.2495642946,0.5490625,0.1495578771,0.9397643696,1.7984407995,-0.3288636912,0.080875,0.074526736,0.8975811868,3.4713185824,1.0862579017,0.3700625,0.0835332784,0.8783948763,1.753103611,0.0016825495,0.0424375,0.0109827635,0.1308636023,3.0724958968,0.6218431731,0.4946677293,0.3002012079,0.0038270879,0.0024141805,0.925732337,0.0384854412,2.5828409042,0.7703267599,0.0849245315,0.4889602391,2.53138e-05,8.97285e-05,0.0001367365,8.28035e-05,0.4594139654,0.1586712691,2.7710285077,0.4191365862,0.030525405,0.2715871426,0.50684,0.0235145359,0.0478397293,0.0069545883,0.3850692919,0.1698279117,2.8060684423,0.4431162002,0.0347006977,0.2593179911,0.4453314856,0.270691915,0.0259255965,0.0158165759,0.9494739173,0.0472580285,2.3979585558,0.4945573141,0.7661944271,0.2229381302,-0.0015326227,0.0009314335,0.0006760093,0.0004125045,0.9129747405,0.1282791481,2.4623739392,0.5568100036,0.7542357243,0.2237726941,0.1447786091,0.0245018635,0.1436397437,0.0171198903,0.9146250868,0.0375642539,2.8595547785,0.4841056481,0.9913688971,0.2221344318,6.738133006924864,0.6730482359196341,0.01799729599854571,2
120,108.79728083954735,3988,60,36.65532786505431,0.36165,0.0852791153,0.8048350915,2.7397385194,-0.5362505474,0.2953,0.0531592889,0.5750443307,3.3801524521,0.434147867,0.34305,0.0581459156,0.6121467831,2.2875821442,0.0712896373,0.02495,0.0084998529,0.1999068338,2.5230531566,0.3209403295,0.6349056604,0.1995099907,0.9276151836,2.1118597275,-0.5725691784,0.1020754717,0.1005289499,0.8930034927,3.9309146137,1.3325819359,0.2630188679,0.1094512023,0.9216503245,2.0112931327,0.2628358385,0.0322641509,0.0081591503,-0.0050733192,4.3954240899,0.2403440129,0.4841953449,0.2929682727,0.0062637733,0.0038092967,0.9063735315,0.0453855315,2.6946420762,0.8712182534,-0.0412702696,0.5553661072,1.201e-05,0.0002166402,0.0003413688,0.0001993362,0.6494855989,0.1000686171,2.8304793206,0.52330065,-0.0631738006,0.4190635488,0.496995,0.0560311474,0.0611285592,0.0099939857,0.5923092943,0.1147333705,2.7143726172,0.4038658797,-0.0525871587,0.3296265373,0.4350444008,0.2633615358,0.0272685931,0.0167533029,0.911942486,0.0557840727,2.8633138339,1.0441822016,0.9839011699,0.3319272359,-0.002659607,0.0016463108,0.0011689009,0.0007228148,0.8782378631,0.0995817609,2.9476919472,1.1867048496,0.9860340866,0.3199131969,0.1412409957,0.0238960055,0.1522825756,0.0208149143,0.8819546134,0.0544295955,3.1245038595,0.8367423062,1.1212464624,0.2514789045,17.570740358308587,-1.37091772768826,2.9061994201081878,2
121,942.638902264683,34980,50,37.10858942481666,0.2414,0.0281254333,0.019007327,2.4015883155,0.0506728978,0.251,0.031144823,0.0168222109,2.5422818578,-0.1767102111,0.5076,0.0367388078,0.0142911378,3.3151731548,0.1487653471,0.0375,0.0090415707,-0.0084162204,2.3503913812,0.228303274,0.4443922018,0.0935066589,0.8679593919,2.2243225841,-0.3148574715,0.0839105505,0.0637666602,0.890685821,3.1932558336,0.9730343314,0.4716972477,0.0451080262,0.3814113415,2.8405644876,-0.174374292,0.039690367,0.011640959,0.1296746296,2.4637456136,0.0138419292,0.4986812926,0.302846769,0.000309982,0.0002765293,0.9400963522,0.0491006458,2.3588049173,0.5557955893,0.044204138,0.411247872,-6.686e-07,1.7223e-06,5.6077e-06,3.4956e-06,0.0142536808,0.120932925,2.8410159529,0.4015151857,-0.0542962912,0.201711531,0.494885,0.0132829035,0.0352776362,0.003080525,0.020823031,0.0928979381,3.0408689175,0.4899349883,-0.0043064043,0.1876822654,0.4603194128,0.3335842152,0.0188307707,0.0115214535,0.9967865392,0.0018818844,2.0852298394,0.1965025122,0.4988131802,0.2091674183,-5.57747e-05,3.2746e-05,2.89861e-05,1.72531e-05,0.9574620792,0.0326402672,2.0703785123,0.2465061026,0.3835777247,0.2478286816,0.2316565061,0.0754841395,0.1350377402,0.0308775346,0.9354968271,0.0634633463,2.1460031649,0.3146345214,0.44175917,0.2703694481,-5.490756291777478,-1.1590473634724978,4.60341301654568,4
122,802.6839065260052,29075,33,36.222228655157465,0.29175,0.0343611336,0.2590289504,3.0736819648,0.1367343837,0.18745,0.028332799,0.1724972465,2.8023798825,-0.097768294,0.5208,0.0375946805,0.2377975853,3.0711288663,-0.2143618161,0.0401,0.0110449083,-0.1333890213,2.5595649545,0.3754741557,0.4342592593,0.1103109193,0.9052466036,2.00576473,-0.1437550976,0.0821164021,0.0675576743,0.9234825768,3.0225879889,0.9200629332,0.4836243386,0.0557318945,0.6604305923,2.6498787899,-0.2577038991,0.0471164021,0.013294276,0.0757386882,3.0253903268,0.304280019,0.4980753981,0.3022214513,0.001045304,0.0009303864,0.9340399689,0.0648535904,2.316088453,0.4163104179,0.0783190111,0.4187301884,-1.6187e-06,9.3778e-06,1.98853e-05,1.20891e-05,0.0698754996,0.1381823464,2.8770349749,0.272329876,0.0111449042,0.2230622836,0.4989175,0.0149196035,0.0379068213,0.0028929264,0.0408681778,0.1065017278,2.9343280672,0.3007640881,0.0193961464,0.2253957865,0.4524965997,0.2939442732,0.0229757624,0.0148037938,0.9916761308,0.0050155997,2.1236947943,0.218193324,0.564265992,0.2064609057,-0.0002309529,0.0001487384,0.0001081022,6.84565e-05,0.9507430244,0.0669483232,2.1786913955,0.1989092564,0.5526447191,0.2470160154,0.1894940409,0.072990335,0.1362228925,0.0272721871,0.9289427664,0.1118718608,2.4568225018,0.2469463745,0.7801389661,0.1793897846,-3.1911112688253462,0.46154557010274866,2.3685578862309034,4
123,447.0276952351264,16457,64,36.8142738703113,0.24095,0.0300224499,-0.0101791162,3.5231880868,0.6514642335,0.2576,0.0304506158,0.0757218649,2.9696395738,0.4008301893,0.50145,0.0381398414,0.0363604254,3.8393826267,-0.6966383904,0.03545,0.0112715349,-0.1513754181,2.7713152434,0.2598739282,0.4107309942,0.0947290265,0.8654825324,2.2019185777,0.0881635264,0.0901169591,0.0634485407,0.9226479925,2.2549615499,0.6021180196,0.4991520468,0.0492043149,0.5331962409,3.1899303567,-0.5343883398,0.0428070175,0.0130569225,0.1873463762,2.8182198568,0.4701827222,0.4952769558,0.3011503684,0.0007373064,0.0005180153,0.925850394,0.0521939654,2.1902712914,0.3784120094,0.1339839469,0.3288711725,-2.6295e-06,1.10976e-05,1.61095e-05,9.6292e-06,0.029140475,0.106862437,2.8271045042,0.3486041073,0.0064409779,0.2289495201,0.4989675,0.0200455561,0.0362573792,0.002664503,0.0471426626,0.0774432747,2.8364424475,0.4146439545,-0.0051549277,0.2216068668,0.4560788982,0.2975584689,0.0201319102,0.012250946,0.9923553099,0.002666523,2.1601064523,0.1269711925,0.6047917488,0.151125306,-0.0001879086,0.0001174225,8.56351e-05,5.19554e-05,0.9633841544,0.0214053384,2.2776630928,0.0887638475,0.6254484903,0.1780364151,0.1866097267,0.0618664486,0.141058686,0.0226942584,0.9493993634,0.0434713959,2.5224955713,0.1606630061,0.8021390361,0.1682138281,-4.076427408296218,1.1071839552551335,1.3150074396746074,4
124,202.58510898729244,7421,44,36.6315176722367,0.24015,0.0326531392,-0.0264932548,3.0346052739,-0.0886398368,0.30605,0.0374051801,0.2055769533,3.3125528896,-0.1519473947,0.4538,0.0390264013,-0.1853053446,3.3651555688,0.4245026024,0.03425,0.0099341582,0.100443497,2.3894637542,-0.136458951,0.5109615385,0.1341158313,0.9212305329,2.1328205676,-0.2661982454,0.0902403846,0.0787137579,0.9115739942,3.1958124117,1.0615523723,0.3987980769,0.0699604806,0.6972142436,2.4061236762,-0.2009321465,0.0392307692,0.0101850482,-0.0340279211,2.6837560887,0.3862704802,0.4964448066,0.3021953396,0.001724081,0.0012103912,0.9325130912,0.0333598343,2.5223400247,0.6850022171,0.1217134074,0.4870022672,5.4713e-06,4.71327e-05,4.91923e-05,3.15649e-05,0.3297197186,0.1503125523,2.7095520251,0.3696461309,-0.0908470844,0.1760439263,0.5019975,0.0248694415,0.0423238266,0.0055477091,0.2250339729,0.1582979392,2.8393560982,0.455505359,-0.0464333195,0.2900827146,0.4484938119,0.2735641923,0.0243402733,0.0144311784,0.9836798212,0.0078424562,2.2551344356,0.4628590759,0.6527338014,0.2186856027,-0.0005663928,0.000333319,0.0002364352,0.0001419673,0.957792045,0.0111283958,2.5411734161,0.4511237809,0.7455790725,0.2268119243,0.1492766906,0.0214065789,0.1382910693,0.0125386435,0.9463395824,0.0134888137,2.9200662387,0.3829835078,0.9832543026,0.1952288965,1.687386982342055,-0.3596205988621946,-1.1912143447670227,1
125,432.37229883356713,15824,63,36.59808929177289,0.23765,0.0297443692,0.1586594378,2.6516220581,0.0340693223,0.2248,0.0292653379,0.0553166093,3.1222617027,-0.4527748281,0.53755,0.0338193362,0.0552643794,2.6693830092,0.1215073766,0.0374,0.0099368003,-0.0516088822,3.0741287149,0.4002895918,0.3914156627,0.0816690471,0.8232587679,2.0647440927,-0.0525232569,0.0893373494,0.0756588375,0.931117542,2.4124618072,0.7882546593,0.519246988,0.0397606448,0.3371348918,2.7026042116,0.1347258981,0.0479518072,0.0142806665,0.4744094362,3.3886654502,0.1519126819,0.4977242037,0.3024917301,0.0008735082,0.0006238515,0.9418839377,0.0448201631,2.3294718626,0.7370407634,-0.1643955644,0.3600730041,3.8533e-06,8.8287e-06,1.8099e-05,1.14279e-05,0.0687584891,0.1248051643,3.1284257453,0.4675537521,0.113793332,0.2345694595,0.500445,0.0212336461,0.036855764,0.0032995319,0.0560756929,0.089189033,3.0793956,0.5342415869,0.0875894032,0.22726295,0.4502458282,0.2859855192,0.0208091297,0.0132082214,0.9913520114,0.0028209086,2.1763781609,0.1356021035,0.6322062347,0.103855515,-0.0002294607,0.0001409914,0.0001054282,6.64289e-05,0.9711801115,0.0033160786,2.213380389,0.1282670337,0.6253832194,0.0937751163,0.1664332132,0.0199383906,0.1464441931,0.0070497044,0.9623865564,0.0045123658,2.4599898442,0.2518917047,0.8198023624,0.1399989311,-4.713734884818416,1.9569338801546303,-0.9369308888487515,4
126,232.8071760679353,8709,42,37.40864069180854,0.2461,0.0720922326,0.7161798585,2.1134799932,0.4459090999,0.26025,0.0627629469,0.7611775585,2.3954056862,0.0274813166,0.49365,0.0514968688,0.450038634,3.0307912035,-0.0134073177,0.034,0.0093808315,-0.0296624616,2.7835743802,0.3815808276,0.5242857143,0.1460739026,0.9116580731,2.5924650485,-0.6139009229,0.098452381,0.086354668,0.8627915565,4.9890841326,1.4580144767,0.3772619048,0.0715159188,0.7673373321,2.2705772191,-0.0427913979,0.040297619,0.0094915749,0.210427311,2.6145162325,-0.3464379332,0.4936585028,0.2996163645,0.0015121605,0.0010125528,0.9446251289,0.0392379268,2.5382394171,0.9351899148,-0.1788880028,0.5094780244,-8.0374e-06,3.73208e-05,6.64074e-05,4.1911e-05,0.6430375011,0.1284455319,2.7035737599,0.450005598,0.0176592226,0.2741709452,0.4941025,0.0263056243,0.0634883104,0.0112029268,0.5680620743,0.1389381257,2.6935858453,0.3060816191,0.0158711352,0.2184004484,0.4626931225,0.2804927812,0.0183789934,0.010900865,0.9813520238,0.0072930082,2.1348731764,0.1583777429,0.6028435101,0.1222877287,-0.0006419384,0.0003989717,0.0002073912,0.0001233409,0.9305756461,0.0167227443,3.4564476502,0.8067424259,1.0756569836,0.2750562057,0.1230942817,0.0258299812,0.1180656179,0.0224458104,0.9109260762,0.0216442092,4.3231153767,1.3353394165,1.3418312009,0.2993739568,8.267344568377808,-7.604716813067414,-2.3150231124137783,0
131,559.7572372352863,20864,8,37.27330101715166,0.22905,0.0418968674,0.4974143658,3.2399558133,0.1820328997,0.26755,0.0394999684,0.3407733188,2.2309516873,-0.2171228955,0.5034,0.0312320348,0.0261835606,2.4560438218,-0.0798881967,0.03805,0.0092437817,0.0967220021,3.4667726997,0.6564885412,0.4133043478,0.100852641,0.918593005,2.0606900219,-0.0687662334,0.0925217391,0.0693365263,0.9098485063,2.4330242465,0.6825295427,0.494173913,0.0464661187,0.4577542893,3.318064703,-0.2052647575,0.0427391304,0.011799843,0.1826851767,2.9728897839,0.2338469458,0.4952803652,0.3011114083,0.0014067799,0.0010220865,0.9662419541,0.0288024679,2.3043377116,0.6460449965,-0.0300254578,0.4753737867,2.6332e-06,1.66608e-05,2.48558e-05,1.45856e-05,0.1642178544,0.1633803588,2.8827754333,0.3241340354,0.0774812603,0.205245853,0.5014525,0.025010855,0.0381510324,0.0036923707,0.1252152934,0.1227601348,2.834729588,0.3263821121,0.0039077955,0.2060988054,0.4495843178,0.2792272607,0.0207351538,0.0123232736,0.9871649315,0.0059795191,2.268913921,0.202185551,0.6485046192,0.1428468928,-0.00029064,0.0001703977,0.000146428,8.5312e-05,0.969546979,0.0099070963,2.0386806649,0.2066418909,0.5186115533,0.1740909398,0.1853541468,0.028880215,0.1598979296,0.0107329017,0.9673208405,0.0082811165,2.0322078484,0.2625760933,0.6262877826,0.210900077,-2.692326262506505,2.3055290108597815,-0.48512545074845226,4
132,445.95624623093374,16610,28,37.24580637760299,0.27095,0.0305097935,-0.0594586341,2.541138206,-0.1636453688,0.25705,0.0278486535,-0.0199388845,3.3475040735,-0.0566943644,0.472,0.0355176013,0.0107820424,2.8271752434,0.3353497991,0.0374,0.0086740994,0.0651026879,3.5076179405,0.2289902162,0.3747959184,0.0629000869,0.7398730484,2.3987954674,0.0150230863,0.1141496599,0.0708053145,0.884273216,2.0370541352,0.4268432774,0.5110544218,0.0392455695,0.2990717246,2.6518685159,-0.0282756078,0.0399319728,0.0119520925,0.0969022971,3.1411064792,0.3776533065,0.4971666692,0.3022284062,0.0009462391,0.00094014,0.9421333691,0.0458659834,2.2395252602,0.4305454169,0.0219130124,0.4447062653,5.412e-07,8.8693e-06,1.74873e-05,1.08369e-05,0.0671150781,0.1321001423,2.8953838499,0.324796884,-0.0119161264,0.2446675849,0.499955,0.0126305869,0.0373638888,0.0036852495,0.086242031,0.1103243982,2.867143143,0.2801641867,0.060988349,0.2480998055,0.4485021749,0.2964187717,0.0219774169,0.0135950635,0.9922953705,0.0029047573,2.3555034259,0.1675895137,0.7413108872,0.1199493186,-0.0001832325,0.0001091009,8.10569e-05,4.95116e-05,0.9665061574,0.0051086708,2.3881627607,0.1901379225,0.7205262058,0.1236701941,0.172867616,0.0221898572,0.1473958027,0.0049639484,0.9684782673,0.0061251401,2.4447840083,0.2706050975,0.8093536634,0.1628880637,-4.012520824218952,1.2564405632185642,-0.1441888307892206,4
133,695.4861450474934,26074,15,37.49032268388245,0.22925,0.04212704,0.4047360341,3.9764202253,0.6457425538,0.2698,0.0454528327,0.499870859,2.9392638833,0.1478863872,0.50095,0.0419922314,0.2713234283,3.0315763265,-0.123977482,0.04105,0.0104951179,-0.0761833907,2.9375524582,0.2341048225,0.48485,0.1103810559,0.8933436248,2.208770407,-0.2787792388,0.078525,0.0627929086,0.9020169634,3.2723284156,0.9963331413,0.436625,0.0588726114,0.6538182466,2.5135560897,-0.1838522648,0.04225,0.0112998894,0.0390165451,3.0507143406,0.418766201,0.4988450883,0.3042443605,0.0008142427,0.00057046,0.9278678174,0.0672097408,2.3275051175,0.6159811724,0.0726148626,0.4178144134,1.6879e-06,2.27812e-05,1.9618e-05,1.16834e-05,0.1692357365,0.1439266525,2.9639795118,0.6504170198,0.1140842679,0.2970757209,0.4976725,0.0247689194,0.0372928769,0.0030922818,0.1045782995,0.1163000166,2.9726258426,0.5339260482,0.0623621417,0.2284813244,0.4572980043,0.2974742677,0.0193519419,0.0116581523,0.9917707768,0.0033982519,2.2233671557,0.1842618199,0.6365272456,0.1704002727,-0.0002298284,0.0001372829,8.67457e-05,5.17468e-05,0.954647315,0.0116224103,2.6652042436,0.2394709144,0.8071544736,0.1153902615,0.1588687185,0.0494877988,0.1270001573,0.0102556802,0.951248528,0.0156477484,2.8658378719,0.3202645668,0.9528566135,0.1913243264,-0.8040423074497901,-2.196351766078872,-1.1196293540618447,4
134,634.4242447445245,23397,36,36.879107622095546,0.2534,0.0377616207,0.2292827272,2.8501705012,0.4773093796,0.30605,0.0397070208,0.1796909985,2.650202839,0.3596601131,0.44055,0.0461946696,0.257892423,2.8718666541,-0.0721763674,0.03455,0.0079086977,-0.0321700386,3.2701936839,0.0571700156,0.4761522634,0.0960769018,0.8577483413,2.7377596968,-0.6367061453,0.0863374486,0.0657260911,0.8928504902,4.2924377371,1.2624785542,0.4375102881,0.0448692075,0.3928624391,2.4604275958,0.0355984416,0.040473251,0.0110778346,0.1437978797,2.7595006646,0.1052267633,0.499479173,0.3032128825,0.000481219,0.0004370257,0.9349621479,0.0418561527,2.3717300241,0.3828469658,-0.1723499329,0.3084317241,-4.093e-07,8.5462e-06,1.21064e-05,8.0146e-06,0.381116091,0.1406218174,2.8534466684,0.3754117812,0.1078791248,0.2692807367,0.4997425,0.0184136721,0.0406600873,0.0045293679,0.2564199651,0.1451174963,2.9660946689,0.470610814,0.1078558366,0.2087916081,0.4585475024,0.3090745393,0.0189673314,0.0118878007,0.995346789,0.0020252053,2.0831746532,0.1292208107,0.5165904506,0.1317615607,-0.0001246767,7.71708e-05,4.58168e-05,2.86367e-05,0.9570039995,0.0104252371,2.8291739616,0.2872138035,0.8389852124,0.2095160677,0.1667345922,0.0256358951,0.12718954,0.015344118,0.947127774,0.0225787204,2.9438265951,0.3467110866,0.923578259,0.2047534147,-0.4456518525494591,-4.041350913668411,-0.47740183846525996,4
135,112.01003275468445,3943,12,35.20220379397306,0.29295,0.0355323444,0.0752999887,3.2236607223,0.0821874199,0.3171,0.0485395715,0.554238711,3.332140254,0.64154917,0.38995,0.0537703217,0.711246085,2.4585656221,-0.2643875471,0.03445,0.0079023731,0.1072904945,2.3918865649,0.1356778046,0.5327777778,0.1561875689,0.9499122492,1.8784461438,-0.3130307958,0.1187878788,0.0816128175,0.9132319371,2.2634751698,0.5745612801,0.3484343434,0.0817042167,0.8690507562,2.1582747244,0.2403916854,0.0393434343,0.0088946262,0.0998175302,3.0231603237,-0.1136813284,0.4967679555,0.3016380062,0.0019815607,0.0015025286,0.9231795243,0.0534454492,2.3134337431,0.5061353687,0.0382167173,0.3791580465,-5.5373e-06,2.94231e-05,5.23152e-05,3.1747e-05,0.2796935535,0.1329836271,2.8376073553,0.3474375084,0.0316555026,0.2582837512,0.4966625,0.0181684058,0.0400087571,0.0041148489,0.1997452886,0.1548132199,2.8265611301,0.3162371157,0.0579130867,0.2287370794,0.4647113802,0.2820966089,0.0161825966,0.0100370711,0.9726433402,0.0095290329,2.3045177766,0.1668987958,0.6846727257,0.110412676,-0.0005410999,0.0003292649,0.0002416595,0.0001501537,0.9480543005,0.0249805607,2.3651657001,0.1447834908,0.6938415227,0.084724563,0.1609024467,0.0187713765,0.1484394148,0.0101834751,0.9440801933,0.0238736834,2.5325141155,0.2494206983,0.8653617499,0.1245138254,2.9064603056840714,0.3441218169079407,-1.690210358701158,1
136,177.54084499363677,6572,36,37.01683407125581,0.2562,0.0798502348,0.7890108089,2.3066973324,0.498398271,0.3301,0.0519325524,0.5492265979,2.8933102154,0.1831044816,0.4137,0.0542845282,0.4026101278,2.7784150529,-0.3343690553,0.0331,0.010577807,0.0439515292,4.3451966493,0.8530533566,0.6265350877,0.1171371351,0.8608127365,3.4234042745,-0.7948004179,0.083245614,0.0712051104,0.8802070277,4.5328286106,1.3345577923,0.2902192982,0.0569640944,0.5441267492,3.4616644721,0.2555273537,0.0393421053,0.0105861785,0.071415471,2.8204604617,0.128452257,0.4931560955,0.3004930549,0.0014868215,0.0011246379,0.9264103947,0.0445416448,2.3164803189,0.3655131001,-0.042220611,0.3578422236,-4.2207e-06,2.74626e-05,5.24121e-05,3.20033e-05,0.5512289675,0.1208853803,2.6589537333,0.3512742496,0.049521188,0.2461301749,0.4929625,0.0194948639,0.0507117799,0.0079026423,0.4470358763,0.1227896418,2.7612204586,0.3063825477,-0.0797106098,0.2017502734,0.4572490353,0.2774488062,0.0199369389,0.0121735926,0.9846977033,0.0054530867,2.1374616219,0.1295809245,0.5708648515,0.1021622651,-0.0005903984,0.0003582703,0.0001988311,0.0001257881,0.9344558444,0.0128720858,3.5549821158,0.5543483164,1.0858328177,0.1967453974,0.1263376023,0.0140812039,0.1218796517,0.0121491361,0.924328579,0.0177415213,4.1323934782,0.7157431073,1.3089178377,0.1922832514,7.0352755773094175,-6.837952450546005,-2.3899579097212005,0
137,470.8385659144329,17441,57,37.04242018944899,0.24785,0.038905366,0.2945448313,2.1872208091,0.0087723087,0.2206,0.0310586542,0.1724301085,2.8809388861,-0.24420779,0.53155,0.038057161,0.2264939646,2.7705957512,-0.0366435046,0.037,0.0112249722,-0.0993289703,3.4427437642,0.6034589153,0.5377302632,0.0726876854,0.7218718581,5.8582276783,-1.1114140126,0.0670723684,0.0499520957,0.8491817133,4.0859399695,1.0857913771,0.3951973684,0.0398305687,0.3206733178,4.886032265,0.7089831271,0.03875,0.009938131,0.046944936,3.0985759161,0.1866250723,0.4978436707,0.3028988786,0.000599612,0.0004110211,0.9432144447,0.0294972877,2.3542734216,0.5377032567,-0.0524117344,0.5039672204,-1.1534e-06,1.30139e-05,2.06338e-05,1.26358e-05,0.5374043839,0.1653437888,2.8294439727,0.4991932805,-0.1216621687,0.2184406993,0.4961075,0.0241396058,0.0519299277,0.0072868366,0.4685280711,0.1371696063,2.9030743281,0.5110129582,-0.1124674643,0.2029357731,0.4602637557,0.2991076883,0.0201766679,0.0122508901,0.9943080829,0.0027963104,2.0443364861,0.1314991527,0.4930664637,0.1156594733,-0.000252947,0.0001604056,6.46234e-05,4.04878e-05,0.9342309366,0.0136947968,4.056791849,1.1206735442,1.1065281781,0.2973966874,0.122128551,0.0213664584,0.0986285432,0.0180954387,0.9239167655,0.0215713735,4.0658225886,1.0613525769,1.1640532203,0.2377381825,2.275657894294712,-11.034140657053474,-0.3050372393430649,0
138,558.550221001159,20645,56,36.96176140257433,0.2544,0.0337955618,-0.0603610827,3.4357298889,-0.1083940903,0.24545,0.0291898527,0.0712698459,2.885890242,-0.0696230724,0.50015,0.0352310587,0.0569793098,2.5797586361,0.0722092764,0.03955,0.0096719957,0.0147419609,2.8136103394,0.2101371998,0.4461419753,0.095863964,0.876213227,2.0032507736,-0.1548132524,0.0955555556,0.0683626857,0.9130385983,2.230661201,0.6734765674,0.4583024691,0.0449731181,0.3638833676,2.4074973661,-0.1208927737,0.0447530864,0.0107123223,0.0369655375,2.6582504659,0.2675102574,0.4956615633,0.301119583,0.0011655838,0.0009990693,0.9402140651,0.0534260263,2.4631920676,0.5559928936,0.009993373,0.5261987998,2.9315e-06,1.03502e-05,1.9418e-05,1.21545e-05,0.100786743,0.1080068589,2.8889283201,0.4058959041,0.0638200395,0.2779482803,0.50626,0.0145525822,0.0361550734,0.0021495151,0.0579158998,0.0772823887,2.9592260992,0.3800465307,0.0201730976,0.2810154635,0.4549999216,0.2912679441,0.018626806,0.0111470601,0.9898722251,0.0047112184,2.323023039,0.2029106341,0.7011440515,0.1552440716,-0.0002249763,0.0001347159,9.31661e-05,5.55071e-05,0.960017926,0.0110859941,2.4783678733,0.2224912708,0.7323172482,0.1760087621,0.1692826147,0.0418814579,0.1377074918,0.011208949,0.9559086869,0.0135974685,2.5653000751,0.2835404545,0.8391902898,0.2051609182,-3.2694378307075964,0.22614744345419902,0.22407993371217722,4
139,154.71366786211485,5558,21,35.92442785955696,0.2439,0.0382921663,0.2392008717,2.5913905422,-0.0037831123,0.2508,0.0388247344,0.3241112187,2.5042528594,0.3451527641,0.5053,0.0328543757,-0.077825577,3.3399886184,-0.0787854689,0.03655,0.0083873417,-0.0458691025,2.8549261882,0.0261178054,0.4305045872,0.1081961033,0.8869191519,2.1097144933,0.0130347857,0.0767431193,0.0703933123,0.9141990429,2.7107385966,0.9365266712,0.4927522936,0.0568899075,0.5543109902,3.3364422451,-0.4787082221,0.0450917431,0.0122658183,0.2530528561,2.8968245864,0.4672496308,0.5000809681,0.304344974,0.0016678815,0.0012312753,0.9527351672,0.0310388543,2.3070923857,0.5941990078,-0.0926999932,0.5282244692,3.6201e-06,4.38716e-05,3.59056e-05,2.20632e-05,0.2050655354,0.155359595,2.8082558185,0.3490196958,0.0133457268,0.2445446133,0.4979125,0.0356460302,0.0380495688,0.0040737809,0.1316061006,0.1484543724,2.8272558918,0.3245748102,0.0509326179,0.2167414264,0.4502663405,0.2732820476,0.0204331765,0.0124713023,0.9836431861,0.0051116812,2.1998705625,0.0979392415,0.6592352538,0.0743390102,-0.0004455374,0.0002720636,0.0002007713,0.0001223169,0.9632218324,0.0063447192,2.2540672321,0.1474923737,0.6504953998,0.0931692633,0.16184763,0.0152516506,0.1481624301,0.0065956229,0.9530022341,0.0064392731,2.5165588515,0.2161898435,0.8457654135,0.1158450454,-1.5131610968288527,1.9431841340618785,-2.57071163355604,1
140,506.105761281932,18432,60,36.41926531978806,0.2564,0.032550576,0.3139584367,2.980975108,0.1954901243,0.2156,0.0312912128,0.0949231526,3.0820362683,0.2988833833,0.528,0.0351212187,0.076844653,3.3967689266,-0.2123862026,0.04,0.0100498756,0.0570719603,3.37221841,0.1847222507,0.4838202247,0.091593332,0.8769687075,2.361300892,-0.4338165701,0.0962640449,0.0682502249,0.9034648662,2.6192882912,0.8783822774,0.4199157303,0.0391714566,0.3191513407,2.6872590976,-0.0006614624,0.0417977528,0.0111109621,-0.0289486218,3.7599694134,0.5598799835,0.4987458745,0.3026829808,0.0008107343,0.0006068003,0.955155771,0.0396139956,2.3827817819,0.3666490832,-0.0579856363,0.410648106,-6.5148e-06,1.26334e-05,1.71585e-05,1.07409e-05,0.0840050444,0.1290907014,2.882859434,0.3408598396,-0.0411920028,0.1972415436,0.491255,0.017454841,0.0368871779,0.0033896318,0.0910737023,0.1312161223,2.9887089044,0.4362627433,-0.1545842913,0.246140597,0.449618945,0.2881111384,0.0242820336,0.0152533535,0.9930684528,0.0027996058,2.0886318859,0.1406443298,0.5620806755,0.1191772239,-0.0002110024,0.0001303754,9.22772e-05,5.75135e-05,0.968358587,0.0056703293,2.1365882816,0.188754573,0.4998569323,0.1563868652,0.1761224153,0.0172907021,0.1353722757,0.0105002518,0.9607588271,0.0077249176,2.310944791,0.207390701,0.6575426729,0.1590928226,-3.348770907069944,0.7929252379763481,-0.2565024224953012,4
141,223.0319732422052,8374,6,37.546186218359466,0.2092,0.0345305662,0.3455044238,2.6155380057,0.3553839571,0.32015,0.0516452079,0.385812713,2.5782378005,-0.0577969769,0.47065,0.0491663249,0.2959480056,2.6846478105,0.3498258203,0.03275,0.0089547473,0.0320812715,2.7406665132,0.5033101031,0.5008333333,0.1425097463,0.9192269152,1.8704688183,-0.0818913395,0.0841666667,0.0724425059,0.9048703603,3.040193668,0.9134992135,0.415,0.0805450185,0.8131152921,2.1401588698,-0.3680768488,0.0419444444,0.0106899341,-0.0264541486,3.178326322,0.1190993101,0.4988990432,0.3027074261,0.0022188801,0.0013945891,0.9355473696,0.04309184,2.2980430529,0.4566482415,0.0389306252,0.362607106,2.414e-07,6.68452e-05,5.93813e-05,3.6111e-05,0.299047249,0.1374853987,2.8234260223,0.3407435865,0.0755544946,0.1850963004,0.494635,0.031119753,0.0407199243,0.0057632901,0.2114527471,0.1430590895,2.8456132984,0.2348648665,0.0033746621,0.2128568709,0.4439305797,0.2690102446,0.0262087685,0.0161311786,0.9774134176,0.010346327,2.2635672538,0.157103809,0.7054308561,0.1070505057,-0.0007743717,0.0004784992,0.0003527269,0.0002156679,0.9607154291,0.0152586537,2.2674240107,0.1963118231,0.6867315962,0.11923028,0.152507465,0.0137022288,0.1490218848,0.0117625417,0.9505130354,0.0118726831,2.5673151235,0.2258397903,0.9058273085,0.1101722919,2.2201946737507567,2.1361397770610635,-2.602177239182382,1
142,504.5170654522345,18663,42,36.99181113580573,0.29875,0.0420557665,0.2133853514,2.8269953803,0.220455872,0.25485,0.0358849202,0.2365797665,2.6196722465,0.3158024494,0.4464,0.0447832558,0.2340486639,3.2030204839,-0.244821102,0.03775,0.0100093706,0.2075705981,2.418181521,0.0537549932,0.5595026178,0.0762411354,0.7513861053,4.9151816123,-1.167165229,0.0663874346,0.0499008089,0.8504284049,6.0893485381,1.5860590998,0.3741099476,0.0383152186,0.3086057017,2.7626346494,0.2731496324,0.039921466,0.0106892866,0.0275127091,2.6985875396,0.2647742738,0.4991085884,0.3026701553,0.0006062405,0.0004366832,0.9326390325,0.0431242757,2.5274701214,0.4796225498,-0.0246867948,0.4767963855,4.9812e-06,1.99861e-05,2.52922e-05,1.5083e-05,0.6542481965,0.1384888141,2.7063683663,0.5211334613,-0.0795077181,0.4260754763,0.506725,0.0307159059,0.0552699909,0.0082891861,0.4985626124,0.1557375635,2.7657759688,0.4083168702,-0.037771254,0.2822205136,0.4578573456,0.3033322331,0.0208983911,0.0129408757,0.9948786866,0.0022943283,2.0496552046,0.116372337,0.5015845988,0.1265611647,-0.0001886871,0.0001164273,5.72257e-05,3.56704e-05,0.9394627619,0.0124797906,3.0916710333,0.9679687045,0.7840784283,0.2895015738,0.154060625,0.039980208,0.1106998474,0.007358024,0.9375144695,0.0085185716,3.1338302872,0.7891107052,0.8128946629,0.396855073,3.594688943475883,-9.333055822461,-0.014161983363924678,0
144,695.7729891094682,26002,45,37.37138464268411,0.2608,0.0274200656,0.0699240593,2.3202442005,-0.1113198667,0.25205,0.0304145935,0.0820457848,2.724629508,0.3721739363,0.48715,0.0297762909,-0.0262993114,2.4524892537,-0.0567200234,0.0321,0.0095178779,-0.1838454731,2.7742913857,-0.0115723913,0.4296354167,0.0980028294,0.8726826627,2.0274309132,-0.0651504536,0.0853645833,0.0673503155,0.9214761329,2.7516552716,0.8812653763,0.485,0.0483396188,0.418401122,2.669078449,-0.4072724608,0.0448958333,0.0129999833,0.1784745408,2.7129398195,0.1579816409,0.4985011034,0.3028858289,0.0007778574,0.0005095901,0.9436987035,0.0411765367,2.3886149491,0.4710869009,-0.1106456682,0.4324484224,3.522e-06,1.10344e-05,1.56253e-05,9.3084e-06,0.0512011887,0.1005898355,2.8590127429,0.2463392735,-0.0272326052,0.2194908044,0.50853,0.0176018919,0.0359996572,0.0033071409,0.0284707235,0.1077057144,2.8965489233,0.2571077429,0.0308174537,0.1988316893,0.454154714,0.295359409,0.0216006871,0.0133353651,0.9929742896,0.0031332044,2.1257593751,0.2101179138,0.5610060236,0.1793009324,-0.0002078476,0.0001281486,9.15496e-05,5.50522e-05,0.9662115249,0.0132137126,2.3508344978,0.2675605258,0.6467362938,0.2184668221,0.1770072079,0.0530642371,0.1361685012,0.016579169,0.9504574411,0.0337316585,2.5902878867,0.3199303821,0.7997647225,0.2519681327,-4.202007000579382,0.11746149320892411,1.2361315323051927,4
147,156.34050927479362,5673,72,36.28618089012867,0.22255,0.0398088872,0.4811281724,2.6628651993,0.2010135737,0.3185,0.0465805754,0.3271816232,2.9582346859,0.3309126796,0.45895,0.0443017776,0.2980542388,2.4898340826,-0.0640923679,0.02885,0.0099462304,0.1805686068,2.3958388332,0.4259040777,0.5257619048,0.1242362974,0.888100461,2.3828258046,-0.4959187238,0.1119047619,0.1020746248,0.9295838952,4.0618462275,1.3378133621,0.3623333333,0.0481123025,0.4152764402,2.7509876635,-0.1478410797,0.0342857143,0.0111574995,0.1751273074,2.986401505,0.5857162516,0.4971046647,0.3024076284,0.0012478119,0.0008425642,0.9233851984,0.0526454295,2.43149339,0.4592938447,-0.0814462111,0.3582830714,-9.2095e-06,4.31911e-05,4.5011e-05,2.83742e-05,0.4446268935,0.1861651548,2.7316577478,0.2950358837,-0.009969117,0.2081935596,0.4975575,0.0315239364,0.04758877,0.0118330933,0.374656509,0.2048276093,2.8082782189,0.4182561587,-0.0479235566,0.2499518137,0.4545343904,0.2765135781,0.0181058605,0.0113531524,0.9825467444,0.0071128557,2.1772787948,0.110685565,0.607158201,0.0863468428,-0.0005113016,0.0003074251,0.0001870025,0.0001149442,0.9465113968,0.0231368277,3.1980399943,0.4619623919,1.0361932442,0.1868424601,0.1333472492,0.0187797542,0.1253106642,0.0158373482,0.9370602107,0.0140120733,3.5121075807,0.5149269754,1.1898971971,0.1781375564,4.368931665357731,-3.7788343990809072,-2.9477944039532913,0
148,120.57469342610004,4407,69,36.54995816100532,0.27085,0.0442947796,0.5371746476,2.9811214971,-0.0795101485,0.2137,0.0485675818,0.6835610988,2.4099513796,0.2442269676,0.51545,0.041286166,0.1919467441,2.483534471,-0.3611049087,0.03985,0.0105937482,0.0314061203,3.3416127786,0.3105834672,0.4722321429,0.1180606671,0.8762803558,1.876025047,-0.2691387882,0.0861607143,0.0796812347,0.8857184233,3.0436474543,0.9351703609,0.4416071429,0.053310974,0.4804920355,2.3724592246,-0.1574698433,0.0452678571,0.0113554441,0.0999334149,2.2471388776,0.1441672587,0.4949224793,0.3000347739,0.002174648,0.0016826143,0.9381962824,0.0422237859,2.5606665257,0.818293738,-0.186444396,0.4845410357,1.12254e-05,6.82719e-05,6.12018e-05,4.04809e-05,0.3038691563,0.169983281,2.9270016453,0.4462761945,-0.1314967389,0.2626867889,0.5116375,0.0373380666,0.0420964905,0.0057715133,0.2656215764,0.1401907022,2.8864743226,0.4508576041,-0.0499067785,0.223848364,0.4496127409,0.2728869684,0.0226624046,0.0143887974,0.9734781987,0.0118076656,2.2355814072,0.2291326126,0.6872387405,0.1495225109,-0.0008011204,0.0004907392,0.0003680344,0.0002327087,0.95941588,0.0143136275,2.2578397434,0.2291388441,0.6814865748,0.1481554697,0.1495638649,0.0182650783,0.1478605746,0.0138059405,0.9438351441,0.0113631885,2.683836973,0.3819937283,0.9394289214,0.1809393963,2.298585650688253,1.5216735892761912,-1.9269773753637862,1
149,134.39667315860083,5100,42,37.94736789341144,0.27825,0.0450908805,0.3518595109,3.0575676779,-0.2253714949,0.21555,0.0420648012,0.5453336084,2.4016359693,0.165608678,0.5062,0.0566529787,0.4426201321,2.3782386047,0.1926312351,0.04315,0.0125828256,0.0713912292,3.560588389,0.5528035356,0.436547619,0.1286120416,0.9357732624,2.1026525311,-0.0943961278,0.0946428571,0.0831549963,0.8699394788,3.0078103392,1.0762922725,0.4688095238,0.0663397597,0.7683878588,2.3356187806,-0.2589882511,0.0411904762,0.0142598973,0.2172584697,2.8102762283,0.5721286381,0.482751968,0.2939309771,0.0032895191,0.0023820126,0.9284792657,0.0389607949,2.381359962,0.4645642249,0.0013716687,0.3878283318,-9.9878e-06,0.0001162094,0.0001095797,7.21707e-05,0.4787305668,0.1575150185,2.9145597676,0.4149368488,0.0084865203,0.3371178737,0.49774,0.0332062291,0.045356475,0.008567609,0.3826942831,0.1628824083,2.9230444416,0.3529563716,0.0327362612,0.287074825,0.4465479228,0.2718305981,0.0229288381,0.0142157361,0.9601257936,0.0245138538,2.2359437673,0.1654115299,0.6699087971,0.1019346988,-0.0011634633,0.0006939016,0.0005393007,0.0003337542,0.9395872267,0.0338623422,2.2840099593,0.1955563335,0.670765633,0.1122726071,0.1517185613,0.0203201945,0.1471066149,0.0187072028,0.9236648655,0.0266298211,2.6997815314,0.3198021222,0.9434142588,0.1329888953,4.979666796574433,2.88617432813837,-1.3571661589995805,1
15,472.4437811449951,16624,10,35.187255422667995,0.23585,0.0366473396,0.3969938421,3.6227106804,0.4730125908,0.23775,0.0307032164,0.0979604821,3.0796613707,0.279709452,0.5264,0.0401626692,0.2856790211,2.9951688155,-0.2768046774,0.04085,0.010748372,-0.0425377723,2.8779515652,0.6914055326,0.4802857143,0.1140485038,0.8969253567,1.9288910282,-0.1122820486,0.0639047619,0.0560738499,0.8916810366,2.982067253,1.0127647445,0.4558095238,0.0698983064,0.7324434047,2.0340914294,-0.2852146693,0.044047619,0.0104675289,0.0798115588,3.0438028177,0.3152252542,0.4934756016,0.3004515498,0.0012970567,0.0009460247,0.941125806,0.0407339772,2.6013333497,0.6390965188,0.038590072,0.5692370392,-8.558e-07,3.31443e-05,3.19053e-05,1.93035e-05,0.2486410001,0.1548936316,2.9367643706,0.5950261557,0.0353533942,0.2444255434,0.4999375,0.0276183403,0.0399387148,0.0034256287,0.2097559488,0.1409094192,2.9703325502,0.435024877,0.0500857957,0.2584131925,0.453285929,0.2776041837,0.0204734271,0.012575807,0.9856182777,0.0066549854,2.2432648865,0.155272699,0.6805695663,0.1029143997,-0.0003921567,0.0002402252,0.0001707711,0.0001065314,0.9632594815,0.0137014384,2.3642274323,0.157279678,0.7382530947,0.0950624066,0.1499947458,0.0163832371,0.1406780563,0.0107813305,0.9567201368,0.0086034686,2.6752085236,0.2718735327,0.9455162619,0.1249350721,-0.2786812061494263,0.7293309594354919,-2.715607001474879,1
150,761.5659059755621,28223,40,37.05916950660557,0.2537,0.0296194193,-0.0456722466,2.9952291202,-0.490324865,0.2537,0.0291772171,0.0451690663,2.4978958491,0.1022513245,0.4926,0.0330868554,-0.0013285214,2.6416682175,-0.3704718604,0.0343,0.0106541072,-0.157396159,3.5948129492,0.4433910916,0.4142271293,0.0992668018,0.8771671825,2.012504638,-0.0854642683,0.0817350158,0.0618917275,0.9001663329,2.9868608021,0.9056483708,0.5040378549,0.0519746221,0.5296477708,2.411456842,-0.2537795848,0.0465299685,0.0125065239,0.1697721009,3.4006616445,0.3897024424,0.4971426561,0.3023951411,0.0005276261,0.0004148748,0.9355058358,0.0474996605,2.520721116,0.7638443481,0.0401472468,0.6276970868,2.3923e-06,5.7996e-06,1.07838e-05,6.6519e-06,0.0322948579,0.0981577562,2.9312766882,0.4524353354,-0.0418945925,0.2370362493,0.5046225,0.0146130975,0.0362508792,0.002418911,0.0199934958,0.0879960856,3.0115221901,0.53579204,-0.0355616747,0.2479115652,0.4563603546,0.3109196487,0.0212846303,0.0129773052,0.9954657988,0.0020813448,2.0333957495,0.0838630843,0.4981308659,0.1413360045,-0.0001210518,7.39242e-05,5.74338e-05,3.49667e-05,0.9692378253,0.0173383585,2.1504151753,0.1175942236,0.5322869695,0.158537374,0.1973774901,0.0542943637,0.1407455571,0.0197775616,0.9611056802,0.0227694918,2.3264758833,0.1130465235,0.6911575782,0.1681141306,-5.480399959239669,0.9189196138728536,1.6850674339085103,4
153,267.67104356154096,9918,36,37.05294329948591,0.2438,0.0280724064,0.1276857572,3.1514557612,0.1428956774,0.25235,0.0295419617,0.1609616546,2.5773535642,-0.2959208896,0.50385,0.0328165736,-0.0351914417,2.9411437726,0.0135301716,0.0359,0.010084146,-0.013894549,2.5850549937,0.2873919202,0.3863333333,0.0759652698,0.7936045336,2.0842323459,-0.0677689462,0.0890833333,0.069599998,0.906307227,2.4231765421,0.748062196,0.5245833333,0.0385009921,0.1602846193,2.4961581921,-0.1253032498,0.046625,0.0137713849,0.2969932138,2.2399601619,-0.0122388253,0.4997201486,0.3036474788,0.0010438933,0.0008382847,0.943968486,0.0420162659,2.2971302967,0.486411353,-0.2080888771,0.4151980805,-1.9924e-06,1.80286e-05,2.04364e-05,1.26691e-05,0.0302953358,0.091623046,3.0263215697,0.4154434537,-0.0545634211,0.2601921819,0.50425,0.0223888086,0.0370968998,0.0025541688,0.0301917133,0.1085375264,3.0910424278,0.5849375934,-0.1280082625,0.2379153398,0.4498865637,0.2824951014,0.020734591,0.0131041232,0.9902732677,0.0036251386,2.1840946252,0.1166704544,0.6522447143,0.0832174673,-0.0002559956,0.000160691,0.0001119649,7.06951e-05,0.9684434429,0.0076981374,2.245456939,0.1254760144,0.6586767058,0.0860796993,0.1586609196,0.0148547877,0.1405391455,0.0077981199,0.9590782213,0.0054425914,2.5183988501,0.1724589949,0.8443801488,0.1047549433,-4.443494132045966,1.8436246724042238,-1.183993044315693,4
154,817.9330456637881,29611,9,36.20222970202823,0.23055,0.0375292886,0.3069715581,3.1778561241,-0.0262562695,0.2486,0.0377232024,0.2726782726,2.9273644752,0.5423086854,0.52085,0.0356584843,0.2394755591,2.9069358794,-0.0824701797,0.038,0.0095131488,-0.1398075434,2.9519855926,-0.0540107346,0.4564955357,0.0921318445,0.8408922809,2.9047385046,-0.7357345646,0.0899776786,0.0639815434,0.9161536945,2.8514656609,0.8738621771,0.4535267857,0.0426370605,0.2241565648,2.9004617912,0.3811083456,0.0440848214,0.0104981691,0.0302486839,2.6759324922,0.1613860428,0.4973805447,0.3025563418,0.0003825656,0.00024737,0.9359930047,0.0394665603,2.5198882412,0.6020893621,0.0655306826,0.4639330331,1.9833e-06,8.4596e-06,9.7218e-06,5.7965e-06,0.0992083197,0.140006365,2.8882888776,0.2883869828,0.0427819048,0.1259105645,0.5037925,0.0167309913,0.0364788171,0.002439114,0.0556908532,0.1444630963,2.9030542283,0.4720158238,0.0953034082,0.2198561597,0.4641163952,0.3185651209,0.0151745709,0.0100669734,0.9943030074,0.0027555171,2.2482094653,0.1986469249,0.6326406088,0.2419321006,-0.0001064745,7.24703e-05,4.27953e-05,2.59654e-05,0.9348644443,0.0619049558,2.7850310195,0.4043148741,0.7902679083,0.3679177447,0.1901243914,0.0959923731,0.1229673055,0.0229720061,0.9112920102,0.1217454716,2.8660051609,0.305722947,0.848953956,0.3308234679,-2.759543679671442,-4.538680434329651,3.7577839298587943,4
155,388.195276226116,14147,20,36.44299883690408,0.24535,0.030734793,-0.0467526987,3.4268642746,0.411751345,0.2495,0.0296942755,0.179717737,2.9985705476,0.2923756334,0.50515,0.0358779528,0.1208113856,2.8936168021,-0.1491997637,0.03605,0.009906942,0.0977955197,3.2136521897,0.6180212341,0.4660555556,0.1224767426,0.9277247766,2.0377350064,-0.2810279696,0.0829444444,0.073772904,0.9250608547,2.7656205752,0.9759699318,0.451,0.0622258431,0.7101031001,2.3391196739,-0.2881247599,0.0444444444,0.0117010077,0.1075181284,3.2578883648,0.3211381126,0.498271959,0.3018602144,0.0010697505,0.0008239667,0.9505867006,0.0405409668,2.3615437918,0.5557901942,0.1327606584,0.4000333203,2.711e-06,1.384e-05,2.12097e-05,1.28223e-05,0.0440253364,0.1048481965,3.0189435847,0.4021417765,-0.0328893227,0.2257076901,0.50744,0.0169976292,0.036625177,0.0026454514,0.0292378672,0.1023488826,2.9829887076,0.5000505714,0.0047201195,0.192562326,0.4493009073,0.2856637748,0.0220850857,0.0135247252,0.9908186804,0.0052109241,2.098835191,0.1554693679,0.5480043501,0.1580931716,-0.000268306,0.0001617689,0.0001223566,7.44644e-05,0.9650861077,0.0166267598,2.1827063356,0.1265864338,0.56402524,0.1558697143,0.177830316,0.0505334373,0.1380006644,0.0159341351,0.9558486372,0.0198930221,2.4382354115,0.2694496718,0.7471510756,0.2300425863,-3.0269104065264103,1.29747666011325,0.13024668428118447,4
156,288.5794328787156,10868,28,37.66034152741444,0.31755,0.0417522155,0.3634083899,3.9918998189,0.3739648648,0.26945,0.0424729031,0.4677768734,3.6030328992,0.7229017755,0.413,0.0470106371,0.4278979581,3.5290018632,-0.3256892626,0.0335,0.0092330927,0.2271745882,2.6347984623,0.215341692,0.5619879518,0.1340988211,0.8976740893,2.1009210714,-0.312741641,0.0789759036,0.0682560692,0.897632526,3.2921372925,1.0480674158,0.3590361446,0.0749033829,0.7224025872,1.9843013652,-0.160022238,0.0406626506,0.011106578,0.0135829639,3.1206456882,0.4264781993,0.4912556898,0.2996725473,0.0018410666,0.0010267897,0.9347083895,0.0591362913,2.5138465143,0.7559482576,0.0022785714,0.6005997449,1.3563e-06,4.22888e-05,5.82448e-05,3.3004e-05,0.4055863157,0.1612725004,2.8183210009,0.6036552923,-0.0183927547,0.3066513779,0.4923375,0.0283744422,0.0457156588,0.005229069,0.3250940548,0.1803096657,2.7784797687,0.3783424341,-0.0482333923,0.214806369,0.4506254559,0.2737646789,0.0188558875,0.0119157093,0.9773193659,0.0088450571,2.3817877297,0.1895488754,0.7502651841,0.1164932334,-0.0006540325,0.0003968955,0.0002314966,0.0001455315,0.9386290394,0.0136348299,3.2015302933,0.5051802164,1.0158828773,0.1908661331,0.1282166842,0.0145320294,0.123973847,0.0086406287,0.9323547449,0.0096568109,3.5706577287,0.6254139795,1.1991641731,0.2243179849,5.07819495176233,-3.5064662198616157,-3.077905473556051,0
16,106.88408560454268,3994,18,37.36758355942048,0.21765,0.0412822904,0.2641651057,2.7177597857,-0.0877481291,0.27065,0.0469023187,0.6197518218,2.9508340276,-0.4418008239,0.5117,0.0467558552,0.3949433667,2.604585442,0.2181065954,0.0382,0.0104527508,-0.0981457919,3.4247672651,0.2196332421,0.705326087,0.1551275848,0.9233305574,2.094632429,-0.570523932,0.0715217391,0.0555199686,0.809438026,2.8094825431,0.9036377012,0.2231521739,0.1056159917,0.8932939594,2.1569222276,0.5592487283,0.0270652174,0.0085067803,0.2027026522,2.5462924581,0.400661659,0.483586706,0.2942444077,0.0042827998,0.0029346598,0.9062977504,0.0448642751,2.4567950338,0.3983317971,-0.0958200195,0.4009305805,4.79828e-05,0.0002059318,0.0001814142,0.0001180263,0.5201195473,0.1533999812,2.7672075508,0.4054133892,-0.0546744787,0.2400290297,0.5105625,0.0502868369,0.0521905885,0.0102407321,0.4534194047,0.1724394586,2.8105459917,0.3087507778,-0.025012309,0.3084665542,0.4271899947,0.2600350846,0.0363420175,0.0218648708,0.9520327063,0.0289216098,2.0506530573,0.2469967731,0.5976894675,0.1595124701,-0.002388342,0.0014341975,0.0011947885,0.0007161293,0.9385769436,0.0350337239,2.100967767,0.3627294892,0.5980124937,0.2048549484,0.1582320551,0.0244428722,0.1581896719,0.019271239,0.91514068,0.0312768939,2.5346229633,0.3084687422,0.877031874,0.1595557342,10.168862546112296,3.789248081225455,0.4793013472733714,2
163,472.6993997975578,17812,44,37.68145254178092,0.245,0.0310322413,0.1082285115,2.6892207956,-0.3164731861,0.2605,0.0317372021,0.3194531776,2.9282598776,0.0235084,0.4945,0.0383764251,0.159530062,2.9456575476,0.2259731615,0.03795,0.0110701174,0.218249365,3.1219444937,0.6291631111,0.430867052,0.1071010528,0.8884362652,2.193096523,-0.0659350223,0.0878034682,0.0699221416,0.9168088669,3.000211306,0.9508370916,0.4813294798,0.0535337514,0.5343464619,3.134725066,-0.318361065,0.046734104,0.0126032771,0.039878369,2.714421413,0.3035774246,0.4966529176,0.3024506676,0.0008595438,0.0005925144,0.9224408473,0.0398494261,2.3305013957,0.3402113401,-0.0760233251,0.2827985733,1.3814e-06,1.52146e-05,2.12733e-05,1.26866e-05,0.1044199303,0.1412384143,2.8372997918,0.3776725996,-0.0166951088,0.2131174204,0.499205,0.0199630027,0.0369534822,0.0026667679,0.0710978269,0.1506102344,2.8618870703,0.3594382135,0.0348218801,0.2231505831,0.4407422511,0.2836619211,0.0250589964,0.0157212766,0.9917970851,0.0040156251,2.0577951809,0.1403661072,0.5374915192,0.1698326747,-0.0002758021,0.0001784138,0.0001288506,7.97031e-05,0.9673253328,0.0221596854,2.1609936737,0.1612993456,0.5759107472,0.1630477906,0.177440875,0.0682962103,0.1381452831,0.0169649065,0.9520038602,0.0359492066,2.4925680128,0.2205180036,0.793282232,0.2084526422,-2.4137589824321886,1.1163859099074949,0.27633129416631425,4
165,139.13738940161173,4949,28,35.569159528464404,0.24235,0.0350389426,0.1467977087,2.5860913114,0.1215249436,0.24695,0.0326028756,0.2713202701,2.9233034718,0.0169698395,0.5107,0.0394462926,0.1221039228,3.1226340499,0.1633223816,0.0353,0.0106728628,0.1422660572,3.7671442741,0.7423048471,0.414,0.0842636555,0.7564810276,1.9389129122,0.1669112842,0.0955454545,0.0732037799,0.8854869886,2.1963531236,0.5399127209,0.4904545455,0.043309381,0.032269052,2.9346706791,0.4059335575,0.0377272727,0.0176794226,0.469972719,5.087846883,1.0018295883,0.4970859224,0.3016603122,0.0023815716,0.001751858,0.9653997309,0.0300659405,2.3224652741,0.6108505477,0.068739332,0.4720253519,-2.30857e-05,4.24851e-05,5.07147e-05,3.23464e-05,0.3119251939,0.1483567075,2.9256694635,0.4486491781,0.0735764716,0.2511429344,0.4853875,0.023801932,0.0405209949,0.0041868064,0.250335208,0.1354231328,2.951761363,0.3198920944,0.022131177,0.2461209138,0.4511294082,0.2739753558,0.0204202178,0.0128279899,0.9787478859,0.0062759873,2.273607803,0.1617718846,0.7083287472,0.112732916,-0.0005713358,0.0003467855,0.0002545375,0.000160993,0.960118827,0.0090007153,2.3502247791,0.1909072902,0.7135876879,0.120827185,0.1526006048,0.0174317601,0.145892555,0.0113213137,0.9476915225,0.009098611,2.662947845,0.2864740277,0.9185733539,0.1407115557,-1.4384013993889069,1.6629570037047214,-1.015236513589807,1
168,926.2258370212288,34833,70,37.60745879430876,0.2425,0.0289870661,-0.1389658011,3.8896402643,0.1244027116,0.2779,0.028654668,0.0507798647,2.3515088261,0.1813633487,0.4796,0.0341883021,-0.1220677261,2.6276192836,0.1144293555,0.03415,0.0107716062,-0.0852844471,2.3534503893,0.0041880616,0.3742230576,0.0730555656,0.7708859918,2.1501873779,-0.1986986535,0.0916165414,0.0720150766,0.9223334928,2.7107962536,0.8546259133,0.534160401,0.0379567005,0.0360108737,3.0594231532,0.0890856842,0.0490100251,0.014967296,0.3237799128,2.5684295572,0.2720630254,0.4984597403,0.3031207322,0.0002874944,0.000192446,0.9402074994,0.0535506186,2.4862188365,0.7328121226,0.0415560892,0.4744864338,-3.296e-07,2.7125e-06,6.0435e-06,3.6583e-06,0.0216287682,0.0895007476,2.8454008406,0.4284629017,0.0030154147,0.221397531,0.4998175,0.0124223918,0.0346858639,0.0026228268,-0.0044079187,0.0978042659,2.8741473412,0.3274744934,-0.0302116796,0.2275751176,0.4645674883,0.3376795352,0.017512825,0.0112475385,0.9967094132,0.0015829447,2.0711199673,0.1311324413,0.4975308056,0.1698940985,-6.01343e-05,3.66154e-05,2.90225e-05,1.81294e-05,0.9529193051,0.0428206258,2.2279145883,0.1026656391,0.550691175,0.1074924974,0.2087974983,0.0744904324,0.1299952638,0.0272189143,0.9287027401,0.0788703915,2.3581524604,0.1598206742,0.6692917206,0.2008394216,-6.959236445301928,-0.6533511011663147,4.025483054765645,4
169,711.0972354550969,26308,72,36.99634689644529,0.27365,0.0311917858,0.2758343269,2.6009749058,0.2948879518,0.2183,0.0346498196,0.1364410179,2.8277050842,0.0640736792,0.50805,0.037755099,0.0137968443,2.6303855744,0.0142616599,0.03695,0.0119978123,0.0201163736,2.8356436317,-0.0120191592,0.4189737991,0.0966792257,0.858276647,1.9801846869,-0.1845083844,0.0766157205,0.0677573433,0.9287208631,2.9407992506,1.0054308899,0.5044104803,0.0480604339,0.4497073217,2.7393358668,0.037965852,0.0458078603,0.0127839873,0.3796600281,3.2230393495,0.1756731773,0.4946413864,0.3015693494,0.0010196675,0.0007558868,0.9649746995,0.0366243334,2.2591841087,0.4190899716,0.1568256676,0.4444337897,1.8973e-06,1.384e-05,1.71738e-05,1.02153e-05,0.0677580642,0.0887131274,2.8742564981,0.4757149737,0.0824366582,0.221701154,0.49883,0.0218785363,0.036635519,0.0030658602,0.0468091529,0.1068231143,2.887035467,0.6121191814,0.1542739544,0.2681376303,0.4325677726,0.2814106504,0.0300686699,0.0191165974,0.9934042733,0.004292273,2.1054339644,0.218583972,0.5528617004,0.1625860789,-0.0002401158,0.000146636,0.0001145386,7.28285e-05,0.9745611331,0.0069274062,2.106476684,0.2065282159,0.5257229215,0.1565207105,0.1724853249,0.0178165531,0.1442487366,0.006818821,0.9645357237,0.0044139413,2.3228769987,0.235280865,0.7201920809,0.1490708742,-3.3250909126814534,2.0016895668175723,-0.5324488633173241,4
17,112.35072085419851,4121,50,36.67978245860982,0.2557,0.0445983184,0.4847976679,2.7440803125,0.0743489588,0.26265,0.0436088007,0.4883979258,3.1268916684,0.1042287773,0.48165,0.0348859212,0.0391885978,2.9252408714,0.0052399155,0.03455,0.0107493023,0.1324164392,2.8038261594,0.3158718797,0.6069318182,0.1306374925,0.8314013257,2.2730218864,-0.47723949,0.0603409091,0.0536338356,0.8632107972,3.5777441928,1.1825898736,0.3327272727,0.0872460897,0.6971820759,2.1767833173,0.2674758316,0.03625,0.0087337511,0.0350631136,2.9658562467,0.1519181873,0.4849096452,0.2943442637,0.0042080969,0.0024619249,0.9288611363,0.0380272032,2.4591042201,0.3703908817,-0.0310880655,0.3854273779,-3.01646e-05,0.000160948,0.0001554567,8.74365e-05,0.4854246639,0.1845153184,2.8326406055,0.4032737009,-0.0072176232,0.3012733213,0.4889325,0.0297056067,0.0503570414,0.0108670723,0.3950611464,0.1871325429,2.90621871,0.4764025662,-0.0452297746,0.2653363288,0.4416808588,0.268242745,0.0233519913,0.0144512355,0.94578853,0.0382009465,2.4695870866,0.2861488662,0.8066336303,0.168609319,-0.0014729399,0.0008962989,0.0006339617,0.0003903605,0.921224485,0.0713989734,2.6042710302,0.4237889822,0.8305391306,0.2114214802,0.1449016575,0.0248054855,0.1428107908,0.0142657466,0.9121970923,0.045488251,2.9332419608,0.3914171228,1.0254829991,0.2112859501,8.008141244639058,-0.1436269350418933,-0.3785430369878525,2
171,373.7456251569556,12899,68,34.51277856318191,0.2362,0.0299259085,0.07529254,2.6450829856,0.0472662272,0.2408,0.0361919881,-0.0385677973,2.6970146281,-0.1089340662,0.523,0.0384642691,0.0848452327,2.8852597531,-0.1220393247,0.04015,0.0102823879,-0.1837602687,3.0068312653,0.4495034887,0.3882822086,0.0811523228,0.8542939568,2.0924696994,0.1321601253,0.0846319018,0.0636843209,0.8924902129,2.4996935251,0.7381725141,0.5270858896,0.0400222942,0.3632230632,2.7946942947,-0.2990873415,0.0474846626,0.0121515763,0.3324279807,3.2882822108,0.5358338911,0.4948155746,0.3004986327,0.0010898839,0.0008204943,0.9632228295,0.0337435162,2.5239615382,0.7108190893,-0.2884368145,0.5569037122,1.9252e-06,1.31533e-05,1.98008e-05,1.21827e-05,0.0447255707,0.0976259276,2.9347620356,0.3698861468,0.1244886942,0.2124164658,0.50431,0.0158946343,0.0348975017,0.002588219,0.0123131727,0.1144547628,2.8419018729,0.2534003332,0.0014381452,0.1515604377,0.4410684056,0.2787303907,0.0278983016,0.0177107368,0.9929861407,0.0022650952,2.0302270227,0.0901185093,0.5029902313,0.0767973626,-0.000273059,0.0001748628,0.0001252823,7.94134e-05,0.971021011,0.0038100717,2.0824262946,0.0993050701,0.5051143917,0.0825823825,0.1777697904,0.0192325464,0.1429410031,0.0083967052,0.9605490954,0.0037696963,2.2909491385,0.1972157183,0.6963330568,0.1189635804,-4.87835905156923,3.716810146102527,-0.7024847493949289,4
173,511.75700209822224,19297,33,37.70734923192375,0.26835,0.0289487046,0.0757622486,2.7290793939,0.000988394,0.251,0.0334738704,-0.2717621882,2.8291407486,-0.0241951792,0.48065,0.0346457429,-0.0718448038,2.9026948169,0.1668301124,0.0354,0.0105280578,0.1161337478,3.1605930162,0.3958489637,0.4096381579,0.0885502793,0.823147315,1.9915957122,-0.0394529388,0.0962828947,0.0722056108,0.9010412476,2.2366145342,0.6910090553,0.4940789474,0.0421089637,0.1497908932,3.3363275501,-0.2252484975,0.0428947368,0.0113775852,0.1620374602,2.6013329022,0.1940409723,0.5015726034,0.3045832803,0.000888276,0.0005800166,0.9438060301,0.0427324769,2.5419528124,0.593262212,-0.0510320259,0.5835062005,2.155e-07,1.86997e-05,1.9959e-05,1.18468e-05,0.0137930597,0.1112410853,3.1187964403,0.5712260315,0.0202457129,0.2486793097,0.500705,0.0202836751,0.0350472529,0.0023697175,-0.0047353271,0.110416336,2.9924451847,0.5989566498,-0.0297052422,0.1734675633,0.4441526653,0.2831103558,0.0223946137,0.0143158066,0.9898362028,0.0032542477,2.4729245016,0.1472053856,0.8330884371,0.0794305613,-0.0002876496,0.0001855996,0.0001159912,7.46754e-05,0.9655167542,0.0041708303,2.5493765918,0.1393768011,0.835789722,0.0704017402,0.1427701792,0.0157939292,0.135479048,0.0074857931,0.9604968025,0.0052179567,2.8464662816,0.2646249295,1.0080467025,0.1158452022,-3.8314661210820966,0.7579181645441763,-1.4644332945328984,4
175,652.468421062802,23438,16,35.92204502682594,0.24315,0.036794395,0.3704895965,2.4259029148,0.0381690359,0.26315,0.0299470783,-0.0628643536,2.9050873525,-0.0423543344,0.4937,0.0385332324,0.2882688303,2.9514482365,0.2292766588,0.0388,0.0112498889,0.1451205303,2.929913766,-0.0475183791,0.4672175732,0.0995696742,0.8640182652,2.4640670052,-0.5703515834,0.0767364017,0.0652194363,0.9162190244,3.5787170061,1.1538867809,0.4560460251,0.0477654877,0.4071066866,2.5241541071,-0.1795548314,0.0438912134,0.0116038465,0.0941692018,2.884898983,0.0870239456,0.4983388508,0.3020359039,0.0005616841,0.0003764937,0.9412666656,0.0582434689,2.6848472871,0.9382797199,0.0454444117,0.5675808781,-1.9058e-06,1.15151e-05,1.27058e-05,8.0048e-06,0.2149851057,0.1413148493,3.030606841,0.4483803597,0.0678007897,0.2506407857,0.494275,0.0250186006,0.0370059705,0.003016976,0.1349804062,0.1370736038,2.9566736707,0.3467293676,0.0184941167,0.2405700265,0.4595650582,0.3054482006,0.0181751943,0.0110350881,0.9947569508,0.002001374,2.071734031,0.1427996013,0.5161016991,0.1483037123,-0.0001644071,0.0001008685,5.54087e-05,3.36793e-05,0.9519521277,0.0175399871,3.0546944953,0.4934803438,0.8872764159,0.1564806243,0.1559567106,0.0334776967,0.1197660463,0.0161723768,0.945160199,0.0203507314,3.3241766793,0.5301432955,1.0303623595,0.1558659475,-1.39643084852997,-3.8913824266796824,-0.9452747022537248,4
176,117.84635555508916,4299,40,36.47970257332536,0.25725,0.0435337513,0.3241996359,2.9844625889,0.3073748278,0.23595,0.0487939289,0.4174334406,2.9263943689,0.4347041784,0.5068,0.0466771893,0.2371977946,3.3732283525,-0.3869887701,0.03855,0.0106605581,0.0987566594,3.0211495169,0.0092157062,0.5344117647,0.1596861108,0.9531698111,1.8518358347,-0.3449324715,0.1047058824,0.0931813105,0.93119663,2.6472637536,0.9012422357,0.3608823529,0.0780504229,0.8681599418,1.928785407,-0.0081678137,0.0407843137,0.013224033,0.3525611817,2.3539853389,0.3835874393,0.4826821704,0.293652501,0.0049014075,0.0030991046,0.925233185,0.0575979118,2.4182680799,0.6628860694,-0.1496858044,0.4294919391,-3.10559e-05,0.0002049397,0.0002009219,0.000120094,0.5710749111,0.1715362432,2.6437942286,0.3377898095,-0.0641878031,0.2003911395,0.503575,0.0408757003,0.0533262597,0.0100178107,0.4784099589,0.1885124152,2.6487073848,0.2741232912,-0.0185252191,0.1760545492,0.4232792635,0.256595183,0.0310570196,0.0191575731,0.9448514876,0.0390052055,2.2838306386,0.2697850601,0.7562352229,0.1828523854,-0.0020907286,0.001297929,0.0010205464,0.0006306814,0.9361640812,0.026791136,2.2881725479,0.3244376302,0.7476192717,0.183825291,0.151596672,0.0271554267,0.1572467881,0.0134386752,0.9176215799,0.0244880499,2.8478046926,0.692987256,1.0072169554,0.2794450763,8.901402848572866,4.631358385465664,-0.3824804476502376,2
178,113.94259145875574,3963,58,34.78067287450192,0.28695,0.0648301435,0.6843078778,2.4584453581,0.0210075631,0.23055,0.0600537051,0.665390803,2.5519625529,0.0346081205,0.4825,0.052160809,0.3939450094,4.2448399624,0.5630686922,0.0374,0.010061809,0.0745426082,2.8933390322,0.3310710286,0.5875423729,0.1744127505,0.9246610565,2.4648122332,-0.601803535,0.0993220339,0.0976480086,0.8448455922,4.9538861084,1.5507071381,0.3131355932,0.0896835222,0.8571391925,1.9252805774,0.0103413634,0.0326271186,0.0097143931,0.2212254315,3.0456557759,0.5994598117,0.4779143782,0.29126652,0.0073529945,0.0053491728,0.9335747276,0.0368701178,2.3060575008,0.4389007859,0.0627397444,0.3230816679,5.5389e-05,0.0002461003,0.0003644837,0.0002482909,0.7008750381,0.1195108797,2.5530281509,0.3381966874,0.0728232829,0.2963265546,0.5010875,0.04020351,0.0642893011,0.0107618955,0.6037586592,0.1542745771,2.5658761221,0.2731036524,0.0354649853,0.2353492489,0.4510478054,0.2728329988,0.0230308619,0.0140075557,0.9187762852,0.0133825889,2.6758103317,0.2787690627,0.9124994225,0.1304494575,-0.0024385292,0.0015374093,0.0010166705,0.0006204328,0.8966115461,0.0351410519,2.7745830697,0.5307793937,0.9251515256,0.1971690138,0.1369788983,0.0257115113,0.1441938007,0.0261376159,0.8876045109,0.0281670665,2.9884508754,0.5414205305,1.0859232569,0.2038525296,14.328867112874752,1.1628919768683188,0.26153389841607727,2
181,823.2164197170127,30309,6,36.81777874452378,0.25885,0.0328470318,-0.0074403806,2.9582941686,-0.0201731943,0.25275,0.0285952356,0.1904777567,2.8140375273,-0.307949662,0.4884,0.0365162977,0.0456312976,2.7563750057,-0.0838508895,0.03465,0.0078821,0.0060566161,3.3261105239,0.2226420793,0.3814717742,0.0871892593,0.8400773664,1.9697682033,0.158057117,0.1095967742,0.0652263329,0.887164231,2.3749844589,0.5115174411,0.5089314516,0.0437778407,0.2103223831,2.9674942071,-0.0899304538,0.0442137097,0.0114778316,0.1248480657,3.2126960742,0.1748368722,0.4969001539,0.3013495966,0.0004626076,0.0003318466,0.9409948812,0.0475608686,2.5303724936,0.5094234059,0.0772898003,0.5036423071,-3.301e-07,8.2071e-06,9.89e-06,5.9736e-06,0.0186698461,0.100033626,2.7530389592,0.3012784695,0.0422851734,0.1969215125,0.5035425,0.0168455875,0.0355254926,0.0022144412,-0.0200133948,0.0751256081,2.8105949093,0.4029209458,0.0827537009,0.2348256065,0.4576914081,0.3104674116,0.020449743,0.0126520663,0.9952208861,0.0025077603,2.0441151642,0.0790796312,0.5000117494,0.1113145055,-0.0001363103,8.20849e-05,5.37972e-05,3.29157e-05,0.9641168086,0.0111593332,2.4551822708,0.1778960337,0.6731621023,0.1621124341,0.1675960831,0.03332596,0.1242287287,0.0136828891,0.9452484182,0.0263900595,2.7256563909,0.2913151258,0.842186061,0.2233711187,-4.939811791526234,-0.38562958039472034,1.3268670037828392,4
182,331.590222084218,12327,72,37.17540258732105,0.2263,0.0313418251,0.0903830364,2.8589367079,-0.1875185372,0.23625,0.033476671,0.110800028,3.7007138242,0.5058846939,0.53745,0.0407829315,0.0711376994,2.8285811455,-0.1445970857,0.0387,0.009370699,-0.1217094961,2.7776661392,0.3793636553,0.4561016949,0.1058563457,0.884369407,1.9914232274,-0.2703474004,0.081059322,0.069134638,0.8725199702,2.7565394184,0.9318045466,0.4628389831,0.0498577587,0.6172031597,2.1287607158,-0.332186309,0.0424152542,0.0106312031,-0.1050542453,3.4668974297,0.5048377259,0.4940306631,0.3011137326,0.0013156456,0.0009809335,0.945971097,0.040096754,2.2954319637,0.8044644459,0.1412251114,0.4664790587,2.5807e-06,2.06824e-05,2.65827e-05,1.59065e-05,0.1192508779,0.1557193776,2.786016561,0.33170489,0.0309042752,0.2278020288,0.5004175,0.0212769962,0.0365287708,0.0039435431,0.0965209481,0.1447721821,2.7795804971,0.2512767769,-0.0114336289,0.2338487046,0.4390828852,0.272561549,0.025831617,0.0156616966,0.9894728433,0.0059170366,2.08054916,0.2253390935,0.5566111339,0.1560503094,-0.0003579858,0.0002161035,0.0001716274,0.000103468,0.9714587206,0.0092764591,2.1370329127,0.2779000386,0.5636289608,0.1725977089,0.1724392524,0.0243898299,0.147397522,0.0048323419,0.9626870574,0.0045143105,2.36673815,0.2305632108,0.7612686355,0.154616474,-1.7525032155644904,2.3192827187072775,-1.2896068617492669,1
185,101.64161612697606,3747,60,36.864821150807465,0.2368,0.046127649,0.6109155927,2.6911646308,-0.0026565442,0.2636,0.058026201,0.6663457735,2.5960998512,-0.4223290478,0.4996,0.0479253586,0.3898987374,2.6425085369,0.0714843294,0.0382,0.0112365475,0.2067357757,3.2939935794,0.6009868757,0.4344117647,0.1257610053,0.9221493026,1.8440046943,0.0230857241,0.0910294118,0.0876052259,0.8548984191,3.7695957827,1.2540125405,0.4745588235,0.0669324467,0.7769611457,2.2592362929,-0.0287418356,0.0442647059,0.0109901261,0.0541968158,2.9564034307,0.0874592381,0.4894443894,0.2963458984,0.0036091162,0.0021685418,0.9044712557,0.0294589074,2.5281615833,0.4237334735,-0.069627078,0.2959904979,1.30816e-05,0.0001397015,0.0001608898,9.58389e-05,0.5228820305,0.1222660098,2.6475668128,0.2803167357,-0.0093948356,0.2544884335,0.4998425,0.0324755188,0.0497626981,0.0083965619,0.4342874794,0.1291690302,2.7901475582,0.2989147492,-0.0658224146,0.2631592483,0.4583713489,0.278205222,0.0209860745,0.0125827948,0.9404625526,0.0252774897,2.4890704424,0.2542077058,0.8330017564,0.1329765136,-0.0016300055,0.0010034128,0.0007132699,0.000429058,0.9247068612,0.0376064802,2.526458946,0.4090455414,0.8271256076,0.1861870398,0.1401280762,0.0228327867,0.1482915569,0.0196161573,0.906397131,0.0229504591,2.937579643,0.272067825,1.0827714568,0.112540234,7.059156761739381,1.558521434138612,-1.0475551825831444,2
186,493.3356926512743,18627,32,37.757251862104624,0.237,0.0326419975,0.1855006056,3.4145783424,0.1218802217,0.2516,0.0332631929,0.1330600699,2.3631687563,-0.0332848898,0.5114,0.036973504,0.0180455109,3.2039052678,0.1232719231,0.0413,0.012562245,-0.037288599,4.1086282414,0.854924869,0.395,0.0953327506,0.8514849183,1.9873488194,-0.0777412518,0.0989583333,0.0751939044,0.9112771262,3.088157236,0.9701312169,0.5060416667,0.0430885514,0.3571038738,2.2561043262,-0.1719021579,0.0402916667,0.0130431309,0.2556170071,2.3612737248,0.2234891428,0.4980802586,0.3029538984,0.0010157122,0.0007177035,0.9474228064,0.041529198,2.6397368233,0.7990179732,-0.0954625441,0.5736418199,7.9476e-06,1.91559e-05,2.14282e-05,1.3588e-05,0.0989687306,0.1301962081,3.1000065489,0.5096350827,-0.133417026,0.2425245305,0.5084925,0.0229251733,0.0359643514,0.0032429623,0.0858892006,0.1036357072,2.9891648501,0.3497099176,-0.0897567752,0.2414350847,0.4580518943,0.2916553913,0.0192035551,0.0128829644,0.9551796709,0.1276995363,2.0784897828,0.145055399,0.5078583608,0.2140197679,-0.000257847,0.0001780743,0.0001159373,7.43887e-05,0.8790615534,0.3246983016,2.214692869,0.3330866201,0.6049094744,0.191970804,0.1858956462,0.0854807589,0.1348418416,0.0321142078,0.9253517542,0.1210499376,2.5711660562,0.2715882876,0.7719779156,0.3841176661,-2.7786723599398133,-0.3935434999466474,5.60177790268764,4
190,529.9061158787065,19385,30,36.58195181962601,0.23925,0.0315228092,0.2281110186,2.7701954766,-0.1952198347,0.2477,0.0341937129,-0.0157405834,3.0787505548,-0.1255710438,0.51305,0.0357553842,-0.0301903802,2.561502942,0.3317025702,0.03685,0.0103115227,0.0494805314,4.0400623779,0.7978858121,0.4199230769,0.0999505992,0.8793208413,2.2146635828,-0.4734324163,0.0929230769,0.0705012764,0.8940933413,2.6077895303,0.8335444343,0.4871538462,0.0420893667,0.4334968389,2.5352770002,-0.069675824,0.0441282051,0.0119296646,0.0374270701,3.3024587716,0.3766906424,0.5008827065,0.3041464252,0.0006627336,0.0004208818,0.9489422319,0.0321020021,2.4914878382,0.6620707053,-0.0187694686,0.4522262978,-5.952e-07,1.27173e-05,1.55459e-05,9.5895e-06,0.101860054,0.1472049579,2.9254305894,0.4197152772,-0.0138598015,0.2268532666,0.5009525,0.0227390219,0.0376799459,0.0026389023,0.086336103,0.1097656835,2.9183519417,0.4277718373,-0.0874880592,0.2021789149,0.4451441621,0.2960666463,0.0253789285,0.0156226704,0.9938045592,0.0032218628,2.1740192608,0.1603712989,0.5972896362,0.156621349,-0.0002277469,0.0001372642,9.06996e-05,5.65972e-05,0.9671884453,0.006779281,2.8010162595,0.18259458,0.893969275,0.1046885375,0.1500860239,0.0297119157,0.1320440157,0.0063776573,0.957122048,0.0105956265,3.1157077285,0.3064728787,1.0671613251,0.1373182965,-2.865018528745248,-0.47187568255614837,-1.5454321593332248,4
191,684.5426267640078,25088,66,36.64928818033847,0.25495,0.0355351586,-0.0557412373,2.3844860013,0.0710502547,0.27125,0.0319951168,-0.0566420977,2.5285219208,-0.0283800329,0.4738,0.036360143,-0.1506598162,3.9895675648,0.0787626608,0.0316,0.0109517122,0.0389475199,2.9577792064,0.4626338993,0.4837605042,0.1062265169,0.8679138524,2.4633762932,-0.5634932978,0.0747689076,0.0639397133,0.9099282382,3.9966016517,1.2866522343,0.4414705882,0.0549497591,0.5511464072,2.8625429648,0.1434213764,0.0430882353,0.010905466,-0.02737619,3.2416338384,0.29521205,0.4981416969,0.3027901623,0.0005441422,0.0004779977,0.9408836709,0.0571654054,2.7548275276,0.9228789018,-0.0251374797,0.5644990636,1.0928e-06,7.2544e-06,1.21993e-05,7.226e-06,0.1114585242,0.1322991374,3.0504764633,0.5364623983,0.0751005998,0.2720603475,0.50378,0.0160552437,0.0374228997,0.0031925423,0.0528917282,0.1059215724,2.8099423705,0.2756885509,0.032968227,0.2328641146,0.4569154177,0.3014174778,0.0197206134,0.0125153783,0.9946778728,0.0024644841,2.0359584478,0.0981500311,0.4941945496,0.093960943,-0.0001641876,9.98092e-05,6.29596e-05,4.065e-05,0.9629185436,0.008415365,2.9099201423,0.3481097145,0.8832288651,0.1502702244,0.1482461184,0.0163798813,0.1239675857,0.0049895491,0.9526860379,0.008704656,3.3071828991,0.4219676653,1.09845411,0.1515342224,-2.0068203634757547,-3.2076743949973214,-1.3410651889226068,4
192,109.64159806786584,4113,57,37.513134362143646,0.1921,0.0403681805,0.3191782872,2.7577107864,0.0919959311,0.31045,0.0618792978,0.650885153,2.6947562405,-0.2109007112,0.49745,0.058058139,0.5246333434,3.1230935117,0.5666169198,0.03525,0.0110312057,0.3530526608,2.9640124311,-0.0130600226,0.5657407407,0.1624648321,0.93586641,2.0524112696,-0.5756870684,0.0708333333,0.0655584981,0.8536612219,3.9946922389,1.2280642037,0.3634259259,0.1044643483,0.8899408918,2.0468268049,0.448901638,0.0424074074,0.0124996571,0.0346787185,2.4122723867,0.0503737034,0.4848073767,0.2960019498,0.0040444543,0.0022446666,0.9287703574,0.0547870732,2.4869085251,0.7059324087,0.008704567,0.5263906808,1.2298e-06,0.0001839843,0.0001656545,9.10462e-05,0.6048228791,0.1417807267,2.8291848384,0.431310982,0.0143689128,0.378969604,0.50155,0.0435798004,0.0544113396,0.0093717459,0.5170073164,0.1459567998,2.8229894421,0.4391242099,0.0040523187,0.3237393693,0.4460689949,0.2717513081,0.0197422758,0.0122348003,0.9408614513,0.0320023323,2.3304339341,0.2582210264,0.7103060845,0.1596219166,-0.0014391754,0.0008479758,0.0006441763,0.0004019637,0.924952927,0.0364893279,2.3224383302,0.2414824585,0.6869118234,0.1479388608,0.1493896714,0.0287980728,0.1428981682,0.0165326432,0.9119116518,0.0150522793,2.7466570133,0.4708777153,0.9402703116,0.2547307154,9.081228844098323,0.13633945321920185,-0.8792669405813334,2
194,588.8370613701408,22218,55,37.73200000064848,0.2156,0.0327893275,0.2473849769,3.1696969608,0.141889068,0.2696,0.0465009677,0.6086319983,2.7864667632,0.0779194597,0.5148,0.0396037877,0.4058299921,2.6217422265,-0.1182272341,0.04025,0.011519006,0.0942887394,2.4414879184,0.0714582185,0.4790625,0.1345961117,0.9416880255,2.166354408,-0.1314467977,0.0820703125,0.0676474874,0.9218072355,3.3589299939,1.0664408026,0.4388671875,0.0777031482,0.8220106552,2.4543529733,-0.4613728267,0.0374804687,0.0119569381,0.1835121934,2.8503398099,0.3613003928,0.4969538307,0.3025651734,0.0006903546,0.0005631133,0.9402480626,0.0392864369,2.4546682389,0.5612113817,-0.034949074,0.451252615,7.4e-07,1.31464e-05,1.57209e-05,1.03608e-05,0.2336354729,0.201763852,2.8798568691,0.5469090279,-0.0244571898,0.1989442557,0.4986625,0.0286856666,0.0403719796,0.005320657,0.2127472314,0.1724093879,2.9456899806,0.4920290012,-0.0167781677,0.2002961473,0.4438881073,0.2924825082,0.0254173452,0.0164874878,0.9939917317,0.0029385421,2.1440908218,0.102178551,0.5755292177,0.0869222599,-0.0001931323,0.000118655,8.15138e-05,5.17222e-05,0.9634554866,0.0108093839,2.4694330942,0.2198353581,0.7198243817,0.105331843,0.166635532,0.0162729084,0.1372614449,0.0080915322,0.9584085849,0.0063540361,2.6316683857,0.2906989666,0.840093275,0.1659562903,-0.22071273645332548,0.35843188823446936,-3.092691796848297,1
195,316.9995329459619,12145,65,38.31235928688364,0.24495,0.030955573,-0.0249718617,2.7455590261,-0.1372922145,0.25205,0.0340227497,0.3546717102,2.768982868,0.1947217759,0.503,0.0348353269,0.0531249483,2.272348115,-0.0068838804,0.03755,0.0105236638,-0.099948298,3.7451388861,0.3624721756,0.3613157895,0.0738925626,0.813486205,2.0842367801,-0.1162931568,0.11,0.0770952931,0.9415889965,2.1070255752,0.556420092,0.5286842105,0.0324216507,0.1514380087,2.8422340182,-0.1286344065,0.0478947368,0.012948866,0.1897273949,3.0849247174,0.3187226293,0.4981547714,0.3028616896,0.0012342745,0.0008369027,0.9315853251,0.0434386869,2.588884256,0.6516871117,-0.0685130622,0.5065023148,7.5368e-06,1.31224e-05,2.90798e-05,1.76108e-05,0.0698192115,0.1273480914,2.925168013,0.48554448,-0.0356119149,0.2734412682,0.508385,0.0157592679,0.0361779633,0.002714263,0.0446308249,0.1010241556,2.8498796178,0.4226315091,-0.0123504104,0.2553351645,0.4460653523,0.2814569424,0.0213384247,0.0125206273,0.9870541772,0.004429089,2.397831436,0.2189255282,0.7991010318,0.1956459559,-0.0003425573,0.0002022977,0.0001498774,8.72656e-05,0.9610020829,0.0122937648,2.4823839981,0.2162716503,0.8037916892,0.1920963042,0.1609595617,0.0505231945,0.1394750988,0.0119317781,0.9527357131,0.0211531235,2.7696121925,0.2717498585,0.9486386686,0.2211265348,-3.3572506364442685,0.648202478386377,0.2614216366028103,4
197,719.388805574916,26540,14,36.89242839800649,0.27645,0.0323287411,0.080898084,3.3548174427,0.5190201411,0.2114,0.0336903547,0.3420743401,2.6960894145,-0.1489259117,0.51215,0.0416188359,0.2338076052,2.7948467114,0.3536467869,0.0368,0.0096829747,-0.0122597101,3.252689133,0.3859162605,0.4736756757,0.1112217299,0.8989551135,2.3350916361,-0.6263924688,0.0862432432,0.0639346818,0.8875469506,3.7019740328,1.0448178184,0.4400810811,0.0576322819,0.6735328177,2.4172094138,0.3519039081,0.0423783784,0.0107937704,0.1651061941,2.7461625932,0.0493193189,0.4976961196,0.3024680856,0.0006653874,0.0003941612,0.9301944475,0.0721188754,2.4710952877,0.8596044283,-0.0102563638,0.5344045424,4.3487e-06,1.2057e-05,1.56962e-05,9.5416e-06,0.1008396503,0.1441530654,2.9621345803,0.3154427514,0.123921915,0.2010971775,0.503,0.0222360574,0.0367071298,0.0031375738,0.0607492811,0.1293785738,2.8941416718,0.289346772,0.0576065002,0.2328866997,0.4430043426,0.2876424504,0.0257884894,0.0163269487,0.9937495759,0.0037603659,2.0711996396,0.2230746084,0.5407127902,0.1563372162,-0.0002112693,0.0001294351,9.32915e-05,5.84247e-05,0.9701316821,0.0084654197,2.3028359357,0.4002203811,0.6110533186,0.2107016027,0.1675284129,0.0141741791,0.1391413889,0.005071101,0.9608745933,0.0042125301,2.5474909859,0.2133831392,0.8115725012,0.1238001186,-1.5448821329638762,-0.06992510670813545,-0.9011090698739527,4
199,516.2214536979889,18842,36,36.49983910010714,0.25425,0.0319247161,0.1769645301,3.2594397122,-0.2013892353,0.2624,0.0312208264,0.0930272956,3.1498233212,0.2088429506,0.48335,0.0375969081,-0.1222544967,3.2683604245,-0.3725669608,0.04005,0.009987367,0.0301246276,3.7833815787,0.4981733902,0.4174534161,0.078917596,0.8183343747,2.8606067988,-0.5208432177,0.0813975155,0.0665083266,0.908438938,4.0732200913,1.2704722572,0.5011490683,0.036590942,0.1946480444,2.7307160711,-0.247882647,0.039378882,0.0112393188,0.2233240048,2.8139442623,0.2403285561,0.4964180816,0.3023328847,0.00078807,0.000608092,0.9438837087,0.0292819938,2.2649770778,0.4092130863,-0.025566334,0.3417391411,1.0984e-06,1.01909e-05,1.85066e-05,1.16272e-05,0.1877190214,0.1821403244,2.7744749165,0.3365320409,0.0436502886,0.2293595583,0.4974825,0.0272617006,0.0396898859,0.0047814571,0.1460123651,0.1703056217,2.8123008745,0.4357924807,-0.0059581508,0.2085979109,0.4464160912,0.295456989,0.0225724777,0.0139951463,0.9932946119,0.0029500008,2.1512911987,0.1239531486,0.5784240222,0.1427967619,-0.000196608,0.0001195372,8.20061e-05,5.02029e-05,0.9614677581,0.0134157227,2.60851177,0.5481264632,0.7501931213,0.2552951878,0.1674172445,0.0598450235,0.1298911052,0.0110116885,0.9509535166,0.0210508957,2.9204884983,0.5936245587,0.9304473157,0.2931533172,-1.53872445909435,-2.690124426810184,-0.1587643911934976,4
20,406.5491793100181,14734,4,36.241617865287694,0.2482,0.0321909925,0.0782324897,2.5915885007,0.1130646052,0.26195,0.0333383788,-0.0333570332,3.121912103,0.2776193323,0.48985,0.0320113652,-0.2106513573,2.7829880117,-0.2455609966,0.0368,0.0111919614,-0.0803470803,2.5290552094,-0.1549577088,0.4329435484,0.1081907889,0.9100866536,2.1066274177,0.1186049919,0.1105241935,0.0781123533,0.9134945266,2.8331681167,0.7187005971,0.4565322581,0.0497379318,0.5428017684,3.2527635387,-0.4912352544,0.0402419355,0.0096062572,0.025494649,2.9860576676,0.3679250456,0.4882005992,0.2978176285,0.001245018,0.0010572251,0.9201819087,0.0582708498,2.4278684373,0.3831683861,-0.0088441893,0.4974983007,3.5872e-06,3.16596e-05,2.65094e-05,1.66185e-05,0.069073019,0.0936679242,2.8870655152,0.3793597154,0.0180727881,0.2540040331,0.4958575,0.0234198328,0.0357126659,0.002563029,0.0439354537,0.0948352386,2.8178680998,0.3285218189,0.0404976529,0.198170765,0.4471926113,0.2799340634,0.0229522811,0.0135604122,0.9886205041,0.0051976805,2.2024271109,0.2383324943,0.631819668,0.1846242343,-0.0003492839,0.0002066104,0.0001585318,9.3426e-05,0.9663433383,0.0108032867,2.2474634192,0.2197605684,0.6327523911,0.197318668,0.1674110565,0.0418162773,0.141307831,0.0137296062,0.9541905964,0.0164853965,2.5544731503,0.2855464967,0.8611635661,0.1998116584,-2.0173895409801776,1.7237372724285607,0.7258225838970592,4
201,143.34532328011085,5386,60,37.573601124574026,0.3045,0.0519687406,0.6530027058,3.0929935458,-0.3110782077,0.24435,0.0489625112,0.6913976626,2.5295734483,0.0195632084,0.45115,0.0454249656,0.3636929744,3.0764534548,0.3168201045,0.0334,0.0117021366,0.3853975207,2.5236314463,0.3409742352,0.6377011494,0.1739166873,0.9407809179,1.8575076858,-0.3720594129,0.0700574713,0.0699445357,0.851844211,6.017299194,1.7894195991,0.2922413793,0.1188081585,0.9307076504,1.5631671839,0.1408243225,0.0383333333,0.010246016,0.2791718946,3.5688935212,0.6539245776,0.4844622552,0.2947246567,0.0037701187,0.0026271475,0.9326562948,0.0349580444,2.3067171754,0.4291885953,0.0703950535,0.4046720264,8.331e-06,0.0001342464,0.0001344383,8.81114e-05,0.5447484965,0.133720132,2.7934544783,0.3589826356,0.0439554363,0.3081822075,0.5054175,0.0364392175,0.0513971604,0.0091966586,0.4502600255,0.1542152433,2.8324012947,0.3789345484,0.0315697794,0.2502583877,0.445337566,0.2707507517,0.0230470288,0.0137903263,0.9585940534,0.0156571938,2.2856755318,0.196018482,0.7171803127,0.1273318615,-0.0013547858,0.0008077906,0.0005811755,0.0003591026,0.9357120231,0.0210740613,2.4111531082,0.3574911009,0.7577660482,0.170385119,0.1455802697,0.0251851395,0.142183802,0.0154406792,0.9181241463,0.0172770909,2.8489872711,0.5875971143,0.9873169961,0.2317882246,9.505507352305822,-0.035570587175094086,-2.0894284753397785,2
202,233.7575482482864,8797,9,37.63300935487327,0.237,0.0342490876,0.2335673043,4.4448514422,0.3793854685,0.2888,0.0364082408,0.2051091191,3.3408001504,-0.3755338771,0.4742,0.039151756,0.1960223729,5.8470988143,0.4193906186,0.0339,0.009098901,0.1473562128,2.182090163,-0.0802630548,0.6101149425,0.1548506455,0.9447866201,2.3199641353,-0.5894633168,0.0847701149,0.0733238292,0.9152966653,3.3389912125,1.0461907877,0.3051149425,0.0872899022,0.8619519736,2.0674253125,0.3141382553,0.0402873563,0.0102653396,0.0234365402,2.5136386702,-0.1251754413,0.4861283531,0.2951022158,0.0041780395,0.002921861,0.9362885363,0.0511692345,2.672486981,0.7486324268,-0.1510873639,0.536343289,2.18137e-05,7.52265e-05,0.0001266608,7.98111e-05,0.4597529139,0.134431747,2.7667950634,0.3645073357,-0.0665608495,0.293519771,0.5132675,0.0242205247,0.04839266,0.0063837752,0.4096001777,0.1173191656,2.7323370568,0.2898787455,-0.0598543193,0.2379502277,0.4227524419,0.256909183,0.0318796959,0.0197646915,0.9658928772,0.0197280392,2.3121634693,0.4899902359,0.7140335765,0.2114276411,-0.0014511064,0.0008792031,0.0006875927,0.0004240673,0.9496032875,0.029316123,2.3646362667,0.6007150228,0.7163622379,0.2483217098,0.1468021885,0.01692176,0.1521804854,0.0129969568,0.9319969469,0.0201323361,2.8119799481,0.451682329,1.0163146396,0.1786296718,6.451235884516394,2.158672979755934,-0.3683924866636818,2
203,180.6436927305525,6734,24,37.27780305091755,0.31215,0.0592927272,0.650793882,2.7467518912,0.4607339311,0.30985,0.061816078,0.7088295542,2.1984431166,0.1592239141,0.378,0.0486826458,0.5570937616,2.8475490039,-0.1487026925,0.0302,0.0075471849,0.0350431691,2.4625732823,-0.1551195985,0.5925641026,0.150885726,0.9603746631,2.3861271333,-0.4460776592,0.103525641,0.0837965675,0.8950275951,3.0186493294,0.9959491249,0.3039102564,0.0743158861,0.9145974335,2.2610471535,-0.1001030709,0.0346153846,0.0101832325,0.1189349763,2.656020236,0.1771016784,0.4833591027,0.293492674,0.0043906054,0.0033326568,0.9296101284,0.041682104,2.461282577,0.5262851758,-0.1388964946,0.3741100782,-4.7263e-06,0.0001399253,0.0001426464,9.1702e-05,0.5600912587,0.1180646072,2.7393328436,0.2857848302,-0.0843066801,0.258218087,0.4944,0.0374506676,0.0490809922,0.0086555592,0.4515988698,0.1391134466,2.9328475449,0.4737469442,-0.1465040073,0.2059490289,0.4393498124,0.2668347393,0.0200651499,0.0125087881,0.9484961402,0.0209664775,2.7472168802,0.25921287,0.9409753031,0.1169193649,-0.0013399553,0.0008157287,0.0005216262,0.0003241611,0.9097199015,0.0403163432,3.0353416348,0.4117772318,0.9988778705,0.1536278388,0.1373675405,0.0199010257,0.1392659907,0.0127173295,0.9188440686,0.0197356132,3.1326221851,0.5199414641,1.1122274555,0.1938073783,9.871181900146452,-0.7809798975676049,-1.4724057083640065,2
204,712.1675178482654,26116,50,36.67114737120639,0.23295,0.0330385759,0.0283376116,3.0784229169,0.2178228139,0.25705,0.0336310496,-0.026644834,2.7362652876,0.3795960177,0.51,0.0400187456,-0.1371709483,2.7622841098,-0.0392026708,0.0325,0.0095262794,-0.05582357,3.2141474854,0.1257938227,0.4274849398,0.10313424,0.8834051462,2.0431697312,-0.202596328,0.0882078313,0.0720600206,0.9354869009,2.6083402662,0.8615850084,0.4843072289,0.0474576749,0.4783847726,2.6238484958,-0.2564840146,0.0429518072,0.0111880461,0.0038044921,3.112809774,0.2816559769,0.4998939711,0.3043142894,0.0004626103,0.0003101005,0.9503195239,0.0439361976,2.3882154607,0.5876528352,0.0286336791,0.577222844,-7.061e-07,4.2293e-06,8.7438e-06,5.1939e-06,0.0282861641,0.1218321371,3.0187676783,0.2865006187,0.0512992442,0.2203706683,0.49758,0.0126256228,0.0341637706,0.002291076,0.0141826593,0.0864219935,2.9136444893,0.3040598833,0.053056001,0.2068475027,0.4596560974,0.3114395784,0.0195319904,0.0115518002,0.9952647675,0.0029746924,2.0703377302,0.1921576771,0.5103074907,0.1771916531,-0.0001044546,6.12674e-05,5.01948e-05,2.87585e-05,0.9668966902,0.0186916526,2.1186982065,0.1802229546,0.4908708209,0.1909206266,0.2000356857,0.0492875587,0.1413967845,0.0171201077,0.9550964258,0.0301099066,2.2109926404,0.1337913012,0.6208560307,0.1999967445,-5.4767699436049915,0.6076376253593687,1.910445167886315,4
205,270.22548798970195,9708,42,35.925552664262234,0.2648,0.0409140563,0.4625820592,2.4840802331,-0.0009580587,0.21495,0.0374666185,0.2937530463,3.190756702,0.2315737195,0.52025,0.0359052573,0.265176278,3.2077267211,-0.141139611,0.0389,0.0122388725,0.1068330493,2.6650510394,0.2553581152,0.4535526316,0.1250205662,0.9176531322,1.659780051,-0.1198268087,0.0690350877,0.0650939847,0.9075512013,2.962081665,1.0741935936,0.4774122807,0.0739168347,0.7988863386,1.8341670305,-0.1751690606,0.0496929825,0.0130834885,0.1850109004,2.3087135325,-0.079893793,0.4891918472,0.2978318808,0.0020874449,0.0017122614,0.9465156897,0.0383778947,2.4992433461,0.8057795454,0.0330461204,0.4677393088,1.1652e-05,4.85872e-05,4.79169e-05,3.14097e-05,0.2955511125,0.1892087397,2.8388776706,0.353951184,0.0358735582,0.21823688,0.5006025,0.0307437818,0.0398965289,0.0042439788,0.2079762328,0.1497135847,2.959891813,0.447212515,0.0383570037,0.253019967,0.4485384287,0.2717175976,0.0258874875,0.0153948737,0.9832301339,0.0062172879,2.1168757187,0.141772937,0.6149879658,0.1074071683,-0.0006038738,0.0003741163,0.0002758292,0.0001624144,0.9653914173,0.0100851943,2.1611175825,0.2102520989,0.5906367117,0.1146266376,0.1600912609,0.0199060962,0.1462430326,0.0100819159,0.9512746234,0.0097804523,2.4824563888,0.3127652467,0.8206943967,0.14394475,0.7532662279367833,2.826987821916489,-2.8081178097908697,1
206,568.1257312393432,20537,36,36.14868834615072,0.28525,0.0490885679,0.5386887306,2.5116077561,0.0059513062,0.20815,0.0365284478,0.1644292672,3.7246328207,0.3297660721,0.5066,0.0508914531,0.4856463645,2.8863925284,0.0832034035,0.03535,0.0107994213,0.1618509461,2.8204558337,0.308650509,0.559021164,0.0645843002,0.789653558,2.4605803411,-0.3413403211,0.0930687831,0.05380103,0.8635869869,3.0664774732,0.8557172204,0.3479100529,0.0343726444,0.1808871426,2.3781406038,-0.1765834526,0.0373015873,0.0105844574,0.0704663555,2.5657943536,-0.0619304683,0.4982700863,0.3027038441,0.0005162637,0.0003828763,0.9292437963,0.0385963905,2.3380487926,0.4257661601,0.0390058384,0.3280254524,1.1967e-06,1.0825e-05,2.44808e-05,1.64648e-05,0.6511989164,0.1143632116,2.7351261179,0.6278456232,0.0453620351,0.4515141599,0.49847,0.0371962344,0.0568376513,0.0092239171,0.5183452825,0.1484106312,2.598907498,0.2473213987,0.0537380472,0.2357238261,0.4561471003,0.3023126647,0.0218969485,0.0131250906,0.9953937895,0.0022686214,1.9820297854,0.0787964308,0.4375026373,0.1031526385,-0.0001824845,0.0001089525,5.73516e-05,3.48197e-05,0.9362949408,0.0233342914,2.8168121563,0.6589914844,0.6197609817,0.2847278807,0.1526798381,0.0261596869,0.1065743977,0.0116051442,0.9258746231,0.023338459,3.0316919093,0.4916783392,0.7640997265,0.2490150679,2.3206562030467954,-5.457017949608793,0.05561067800428963,0
209,418.5817384428548,15728,46,37.57450112016104,0.2411,0.0317693248,0.1155289823,3.2617132071,0.4342194191,0.272,0.0330227195,0.0563383143,3.1992378848,0.4626051074,0.4869,0.035091167,-0.0250113822,3.2497142257,-0.404140555,0.03425,0.0092837223,0.0115817749,3.368789903,-0.0430002435,0.3640647482,0.0834713761,0.8434341033,2.1461089493,0.1292911678,0.105971223,0.0816420457,0.9252975282,2.5325732951,0.7748788695,0.5299640288,0.0415504218,0.3647205198,2.6468310918,-0.2466116603,0.0476618705,0.0124267951,0.3219777499,2.5440075847,0.0682918249,0.4943628058,0.3005618788,0.0009728,0.0007056985,0.940206284,0.0399441091,2.4230249164,0.5564993397,0.0078835194,0.3803381454,-7.422e-06,1.37351e-05,2.29963e-05,1.39593e-05,0.0754103497,0.1144246937,3.0194068719,0.5269415006,-0.0066804016,0.321020529,0.488205,0.0227363415,0.0364513484,0.002600183,0.0599714074,0.1194344146,3.0106107118,0.6394813483,-0.0309438059,0.3117819934,0.4544096661,0.2908587508,0.0188542514,0.0115866512,0.9887321784,0.0035983906,2.4279789494,0.229598974,0.7811385442,0.2049234228,-0.0002525298,0.0001497373,0.0001098779,6.73737e-05,0.963783261,0.0085748869,2.4826909249,0.2373129221,0.7653829843,0.2120330016,0.1654377554,0.0589360438,0.1381188225,0.0157526668,0.9595341884,0.0120706484,2.6830107922,0.3162775905,0.9098355972,0.2532459389,-2.909477175021332,-0.3343060846344981,0.6111805582821042,4
210,171.5732626326168,6123,25,35.68737870953088,0.2976,0.0486542907,0.5390416874,2.2720482622,0.0032163886,0.22505,0.074439556,0.8549661793,1.7031673741,0.1342101158,0.47735,0.0517515942,0.5803343131,2.1276334752,-0.0272955436,0.04475,0.01047318,0.2388736572,2.7032420191,0.1053566157,0.4084408602,0.1070196909,0.8945928203,2.0925521691,-0.2991824131,0.1032795699,0.0855736325,0.9203647381,3.3257326316,1.0485336069,0.4882795699,0.0449282261,0.4019548681,2.7160200061,0.0235798124,0.045483871,0.0115018586,0.2601458576,2.8049064193,0.2208674362,0.4957834258,0.3005341169,0.0013854756,0.0010832977,0.9418114965,0.0326559368,2.4875013036,0.7286152814,-0.203679668,0.5144490811,-3.831e-06,2.13835e-05,3.92508e-05,2.54522e-05,0.3168274538,0.1869941833,2.9041477576,0.474170756,-0.0867407481,0.3059979438,0.495885,0.027193097,0.0423097938,0.0037193549,0.2098332125,0.1647709276,2.9261975061,0.4519362755,-0.0715290817,0.2969375008,0.4640345371,0.2816491506,0.0133751807,0.0082351617,0.9790039586,0.0067813158,2.5335877757,0.277786613,0.7955957737,0.1501854109,-0.0004145793,0.0002516091,0.0001467519,8.85597e-05,0.9376346516,0.0087462382,3.4037489773,0.4298471696,1.1083415208,0.1501921075,0.1332792568,0.0110378985,0.1327419916,0.0119654179,0.9454179604,0.0079469561,3.4218474037,0.4258969777,1.1891176699,0.1343645258,3.349238619132472,-3.169367375092076,-3.676497675730662,0
211,589.8723894317237,21349,22,36.192573821886086,0.2462,0.0318521585,0.316141298,2.9499685603,0.3104771322,0.24315,0.035872378,0.1938772556,2.5082468145,0.2592952582,0.51065,0.0363981799,0.0884345975,2.4452837028,-0.199288205,0.0385,0.0103319892,0.0321888923,3.6537303446,0.5338006455,0.467195122,0.1068327207,0.879978814,2.1313619469,-0.0584489782,0.083,0.0577813372,0.8669822195,3.4583344479,0.9828038591,0.449804878,0.0620401992,0.6452822962,2.6802970941,-0.3521613449,0.038804878,0.0098728984,0.1184197881,3.2220389583,0.4061107638,0.498014247,0.3035528366,0.0005858442,0.0003814442,0.9502132045,0.0387151241,2.2708201291,0.4141543341,0.0962212988,0.4337468505,-8.87e-07,7.1932e-06,1.21976e-05,7.3219e-06,0.1468611551,0.1309164688,2.9732034816,0.4895954837,-0.0176191428,0.241019609,0.4945775,0.0214168711,0.0378010111,0.0034835594,0.117811006,0.115286298,2.9161585787,0.4135218006,-0.0563328999,0.2535033986,0.4489551218,0.2973036207,0.0218222501,0.0138314112,0.9945821692,0.0021991925,2.0764063428,0.0866592118,0.5303110805,0.1070740013,-0.0001437789,8.79016e-05,6.60185e-05,4.16964e-05,0.9696012826,0.0071597016,2.2903510524,0.2619881572,0.6277578637,0.1777747902,0.1717749147,0.0360693663,0.1369538979,0.0097445318,0.9598436419,0.0127321303,2.5046556122,0.3041908585,0.7974060292,0.2152808364,-2.415758408393921,-0.4885901691448571,-0.7967423743810559,4
213,181.45493366064088,6764,36,37.27647335646498,0.2453,0.034437044,0.2088738854,2.5251461425,-0.1012469018,0.2301,0.036537515,0.249061017,3.3577431307,0.2309377752,0.5246,0.0338576432,-0.147087108,2.5360914241,0.1486168431,0.03705,0.0103945899,-0.0698859403,3.0742328674,-0.0461729262,0.4645794393,0.1258487475,0.9295639711,1.8830622546,-0.1087621893,0.0735514019,0.0738431317,0.8990025933,3.5379499666,1.2499766473,0.4618691589,0.0702516284,0.7903485804,2.1098825798,-0.3881689505,0.0419626168,0.0117560287,0.0804792362,2.8944321675,0.4349958281,0.4923280815,0.298738284,0.0019908288,0.0014303423,0.950030125,0.0356621975,2.3249150671,0.5177194918,0.0379959452,0.3957651388,-2.9546e-06,2.21064e-05,4.22267e-05,2.44582e-05,0.1866919572,0.1714245593,2.8941438805,0.4428936068,-0.0412179907,0.2963956793,0.496675,0.0193650749,0.0380666384,0.0044010557,0.116046822,0.1668793708,3.1362233836,0.4377808166,-0.1023189559,0.318639891,0.4468233649,0.2744042565,0.0227408139,0.0132813627,0.9830075521,0.0041298262,2.2755683807,0.1985344784,0.7166468453,0.163713223,-0.0005125757,0.000303466,0.0002243827,0.000131217,0.9591687959,0.0247065138,2.3405886321,0.1906312345,0.730193204,0.1432316327,0.1623890256,0.0397843359,0.1435771102,0.0149177628,0.9470230983,0.0304691406,2.6352119803,0.3411289818,0.9063278579,0.1911830396,0.07429930389519716,1.341978347698741,-1.6399059049208444,1
214,116.41783648074964,4331,40,37.20220312388434,0.24015,0.0370030742,0.3990002042,3.4984571735,0.487511866,0.28215,0.0451179288,0.4746884917,3.0501186861,0.2662307991,0.4777,0.0466391466,0.3124385343,2.8520090224,0.1162998836,0.0372,0.0093091353,0.0335679857,3.7004723703,0.7405157216,0.4689130435,0.1433789182,0.9135366963,1.9565143032,-0.1554206784,0.084673913,0.0756809821,0.9095469659,2.7465762622,0.9268765723,0.4464130435,0.0793702321,0.7873754209,2.2154434098,-0.3189079826,0.0451086957,0.0131251969,-0.0897176369,2.4242728863,0.3441098071,0.4923020236,0.2997505834,0.0033730327,0.0022168158,0.9271130396,0.0327065963,2.4272171225,0.4768101545,0.0731805454,0.5064016436,1.24278e-05,8.13195e-05,0.0001082615,6.58997e-05,0.4023538392,0.149159348,2.920604322,0.34055146,-0.0786023821,0.3208450506,0.501505,0.0271854,0.0436723361,0.0057219802,0.3258758921,0.1402818597,2.8840517392,0.4748260554,-0.0047084992,0.2700940152,0.4429412562,0.2687345576,0.0262908627,0.0156921228,0.9644631094,0.0174808896,2.185605705,0.2596105382,0.6332749364,0.1544321521,-0.0012956018,0.0007912217,0.000584632,0.0003488246,0.9510252521,0.0259676073,2.2195316312,0.3599834392,0.6427160776,0.1964289639,0.1506214161,0.020563512,0.1449952721,0.0127251637,0.9322266648,0.0219037135,2.6218178317,0.405975165,0.9069359194,0.1939851613,3.7137003235792765,2.1457420649987093,-1.1286009456587038,1
215,286.70356991948984,9574,56,33.39337561331554,0.23895,0.0347008285,0.2544197647,3.0318795828,0.0348923103,0.2672,0.0324061723,0.3545617855,2.6391202823,-0.1139880727,0.49385,0.0314154023,0.0653167864,3.241897416,-0.2110913537,0.0367,0.0099050492,0.0058785054,2.6163934401,0.3187188504,0.4414583333,0.0977114427,0.8690537929,2.1335194876,-0.077354439,0.0859722222,0.0597252906,0.9004745725,2.3484936153,0.5585362919,0.4725694444,0.0496025387,0.483419171,2.3015775647,-0.2198826686,0.0411805556,0.0118583379,0.2000687365,3.5498349909,0.567612089,0.4987147274,0.3027482713,0.0019094915,0.001224581,0.9526504759,0.0260417999,2.3801317678,0.6239045695,0.0767824589,0.5769901498,-5.028e-07,3.16861e-05,4.00358e-05,2.42468e-05,0.216866846,0.1378434062,2.8934254472,0.3743048663,0.0177190641,0.2684553643,0.498745,0.0227077349,0.0388032554,0.0025867207,0.1516724183,0.1402673411,2.963976453,0.4320984198,0.0238069887,0.3137284837,0.4518024228,0.2753919943,0.0234503411,0.0139894037,0.9837262469,0.008892342,2.117593336,0.1873456203,0.5800671912,0.1363653275,-0.0005113557,0.0002999856,0.0002393175,0.0001426025,0.9666410638,0.0133845999,2.1266986303,0.1921783457,0.5668161622,0.1461799139,0.1643915308,0.0192040412,0.1460896548,0.0094559142,0.9562580804,0.0094224731,2.3995322881,0.2346699345,0.7836018035,0.1458312172,-2.0258856244983607,1.7160046424236512,-1.0932745053203954,4
216,101.08743319363025,3541,16,35.0290821334568,0.2789,0.0428402848,0.3001196168,2.3767085261,0.2516432752,0.2482,0.0354930979,0.4212184769,2.5637595372,-0.0688050185,0.4729,0.0427970793,0.1131906526,2.5139607385,0.1864573649,0.0382,0.009152049,-0.0204375636,2.5533718935,0.1182349107,0.5587634409,0.1506913386,0.9329753373,2.1275321065,-0.2830149291,0.0688172043,0.0621712768,0.9201226601,3.9628044645,1.2860899918,0.3724193548,0.098038869,0.8562031223,1.9272566716,-0.1573318641,0.0407526882,0.0096705471,0.1459810231,2.9584146781,0.4556208508,0.4922393769,0.2988881982,0.0024805178,0.001812999,0.9251874274,0.0548399161,2.5114691548,0.6652975151,0.0443380492,0.334130335,-1.04008e-05,6.63523e-05,8.65406e-05,5.91952e-05,0.5198893234,0.1781654953,2.6753939621,0.3849345618,0.0542066325,0.2699147682,0.4932525,0.0279036533,0.0466047655,0.0063277729,0.3502772147,0.166983601,2.7550083043,0.2681050743,0.0376237714,0.1958288724,0.4606744643,0.2790527557,0.0161358027,0.009565458,0.9665561754,0.0137997632,2.4904428929,0.1973857884,0.8362685806,0.1200924991,-0.0007321685,0.0004521808,0.0002489735,0.0001536024,0.9199071681,0.0384581313,3.1064229231,0.4016658358,0.9697036002,0.1543797697,0.1371192743,0.0194799651,0.1264665481,0.0095399129,0.9245929819,0.0355490427,3.1432362054,0.4893489674,1.0340725581,0.1847652666,5.3417371113575305,-2.070154601587522,-2.921534590522764,0
217,152.0068027373972,5556,14,36.55099574456805,0.26485,0.0467196693,0.4872296735,3.0560680874,0.1961090899,0.2291,0.0408557218,0.336857541,2.7265229223,0.3760126139,0.50605,0.0463427179,0.33870972,2.5947038075,0.1025090525,0.0422,0.0106845683,0.0998618995,3.2146146325,0.3532657409,0.5363846154,0.1311062625,0.9027274243,2.5124782554,-0.4840339391,0.0783846154,0.0731705473,0.8892780626,3.3876422096,1.1560706114,0.3852307692,0.0693731868,0.7811184855,2.693901937,-0.327775429,0.0433846154,0.0129230769,0.0183917604,3.1086118209,0.5079365079,0.4917411644,0.2989174387,0.0022363609,0.001447226,0.9289240856,0.0389827774,2.4848062926,0.5653041485,0.1930001821,0.4662748722,5.05147e-05,5.47101e-05,9.54969e-05,6.02661e-05,0.5576116183,0.139740398,2.7579066043,0.4956008113,-0.0772796103,0.2720451702,0.5147275,0.0333043221,0.0520431398,0.0087348141,0.4619676666,0.1301926007,2.7913458521,0.3894246517,0.0026918296,0.2802317211,0.4491843366,0.2713314028,0.0209217333,0.0124599124,0.9721567625,0.0094018284,2.408483086,0.1871962412,0.7788930843,0.1070424468,-0.0009900541,0.0006200961,0.0003218616,0.0001898071,0.9234055654,0.0146298395,3.4102586387,0.7676774895,1.0855913554,0.2534377907,0.1244929879,0.0290486011,0.1257828795,0.0202527508,0.9196285719,0.016182842,3.7865313413,0.8172863613,1.2629089239,0.2800481873,6.0702268122479905,-3.793582051239893,-2.59264180420348,0
218,214.39901327248293,8160,12,38.05987665451302,0.2529,0.0427386242,0.4052611281,3.0210119229,0.1538670699,0.2401,0.0329391864,0.1221270844,2.6611317683,0.2285199176,0.507,0.0399124041,0.1869612204,2.9401583907,0.1109067162,0.03565,0.0103115227,-0.0204727046,3.8767353322,0.6736937333,0.4256410256,0.1118244933,0.899138425,1.9524022521,-0.0785227473,0.1119230769,0.0889008046,0.9339587356,2.5783000914,0.802541697,0.4624358974,0.0458169686,0.3150834259,2.6347169572,-0.3754585957,0.0427564103,0.0108500099,0.3691492378,2.3119322684,0.3820211884,0.4919797269,0.2991350966,0.0020154137,0.0014856087,0.9396654775,0.0495100062,2.3928187028,0.583650366,0.1373594809,0.4924703548,-3.5782e-06,3.32876e-05,4.73863e-05,2.96247e-05,0.3043912206,0.204808116,2.8310882773,0.2819337154,0.0410945747,0.265497553,0.496745,0.0206961947,0.0408213723,0.0043517888,0.2160767055,0.1900571629,2.7695041208,0.3987487293,0.0922662945,0.2397771109,0.4550269808,0.2757633692,0.0205788842,0.0122252482,0.9804969643,0.0062973543,2.3038171219,0.2136000918,0.7207707886,0.1287983696,-0.0005534547,0.0003405536,0.0002378691,0.0001432228,0.9596498074,0.0081419584,2.4614524461,0.3235824698,0.7635959496,0.1597723646,0.1495480769,0.01769545,0.1449755103,0.0094946372,0.9497101274,0.0109352475,2.7908583787,0.3828674901,0.9813916613,0.1567191132,0.5926856980736207,1.3271035321934843,-2.0553352433645484,1
219,746.6062224100704,27270,25,36.525278227619786,0.236,0.0305450487,0.0819528925,3.543945989,0.2360648039,0.25465,0.0290021982,0.1119336579,2.8979397848,-0.2396241824,0.50935,0.0345879676,0.0343672227,3.0233812716,0.3343971134,0.0351,0.0099744674,0.1279516815,2.8013478551,0.4485792522,0.3787545788,0.0676658607,0.7906221687,2.3091079527,-0.0732315724,0.0846886447,0.0634666575,0.8861076277,3.050792844,0.9304603996,0.5365567766,0.0395586165,0.2424624411,2.72002109,-0.1082624586,0.0467765568,0.0140268411,0.2962370268,2.607600194,0.0442240945,0.5006434126,0.3038630922,0.0004504007,0.0003038874,0.9401843074,0.0480532675,2.6427330897,0.9372017732,-0.1500320885,0.6584382491,-1.445e-07,6.8695e-06,9.2888e-06,5.6178e-06,0.0324270215,0.1278669169,2.9988644544,0.3848089908,-0.1125495673,0.2189747394,0.4998075,0.0173405542,0.0352689871,0.0025988796,0.0052712287,0.1272372107,3.0869395663,0.4747748052,-0.0543974257,0.2234425951,0.4569204226,0.3148254613,0.0193923839,0.0121717738,0.9950704489,0.0019846972,2.2091609013,0.1119365413,0.63284097,0.1099211866,-0.0001249737,7.53423e-05,4.89638e-05,3.05507e-05,0.9666166613,0.0042257262,2.6650807824,0.1494809617,0.8284298813,0.1143413718,0.1572106372,0.0220760493,0.130935341,0.0044570877,0.9629696766,0.0067579715,2.8094029558,0.2056481358,0.9245370022,0.1441246663,-5.143335102342704,-0.6080753592405378,-0.8151745365065918,4
22,536.5079021853089,19768,69,36.845682830543225,0.2837,0.0300883698,0.0809834176,3.4226886996,0.4715761788,0.21715,0.0330851553,0.0683342631,3.6306164247,0.2933368533,0.49915,0.0384386199,0.0839666768,3.586507687,-0.1929854911,0.0348,0.009162969,0.1905804305,2.8000236506,0.1759781292,0.439695122,0.1092793678,0.9043798552,1.9722479837,-0.0978904069,0.0853353659,0.0679269045,0.9200414833,2.656381206,0.794561577,0.4749695122,0.0541297474,0.5997290218,2.2673735264,-0.2986531675,0.0424695122,0.0115623568,0.2416553704,2.9686149331,0.282931963,0.4975891698,0.3019890623,0.0012159857,0.0009783649,0.9564035797,0.0333549032,2.3202953872,0.595267917,0.0303580933,0.4875726801,-2.4697e-06,1.4346e-05,2.12774e-05,1.30334e-05,0.0829441856,0.1216200374,2.7911534836,0.3083604719,-0.0048525024,0.2207200782,0.49579,0.0191561648,0.0366531904,0.0027176978,0.0382890826,0.0762619348,2.7546611204,0.373445571,-0.01501856,0.2312703216,0.4593807372,0.2927855866,0.0196296792,0.01285564,0.9901774841,0.0041412961,2.1716570363,0.2627448486,0.5841642986,0.2205834718,-0.0002365136,0.000153308,0.0001088955,6.98592e-05,0.9419710673,0.0948214719,2.3472926778,0.387780908,0.6345029306,0.1630403226,0.18968238,0.0735156738,0.1380945913,0.0259757657,0.9230525645,0.1322276615,2.4712270034,0.2837801156,0.7656636952,0.2148380752,-2.6859939772225303,-0.017551883209100082,2.53403228768225,4
220,535.6307046449595,18971,72,35.41805918795273,0.26535,0.0342144341,0.2229692276,3.0746388338,0.4256815164,0.22665,0.0302246175,0.101958515,3.0408542846,-0.1010539752,0.508,0.0335261092,0.1047711643,3.2598244703,0.1253073414,0.03625,0.0093641604,-0.0538750671,2.2163711911,-0.1729726252,0.4374409449,0.1053133049,0.8828680648,2.1925377509,-0.1497075885,0.0928740157,0.0611617183,0.8584087925,2.6060631579,0.6492353252,0.4696850394,0.0551831169,0.6692578264,2.7704369994,0.0345772063,0.0442125984,0.0109836169,0.2306263455,3.7104808226,0.7175654145,0.5009681637,0.3043148907,0.0011480585,0.0010788086,0.9412733164,0.0447899406,2.4620616794,0.553373928,-0.1820583619,0.4608921057,2.7962e-06,1.78384e-05,2.57459e-05,1.65954e-05,0.3443916399,0.1632080727,2.7001616509,0.3135637903,0.0096728508,0.1819482259,0.5005275,0.0280671315,0.0429956594,0.0042829486,0.2903549776,0.129775045,2.7383234395,0.2701834796,0.0151254221,0.2404986222,0.4434764516,0.2831200121,0.0234798044,0.0139107369,0.9910696918,0.0040747768,2.1769515843,0.2521582263,0.6086517362,0.179785717,-0.0002702526,0.0001598387,0.0001200732,6.97402e-05,0.9660379795,0.0126651099,2.474852466,0.5981262265,0.7302678539,0.3038123744,0.1671004331,0.0398837826,0.1412252071,0.012546657,0.95953423,0.0083849342,2.7323208422,0.5192292502,0.8954735356,0.3025516909,-0.9013177998746826,-1.1935536909144968,-0.39468945647435383,4
221,466.02351733508925,17665,49,37.90581235259458,0.29695,0.0521147532,0.3833200488,2.6494819999,0.3467586442,0.21815,0.0519502406,0.6659626617,3.4521450719,0.8432031323,0.4849,0.0602369488,0.4566412,2.6333088296,-0.0490071504,0.03795,0.0111376613,0.2414836994,4.0569095463,0.7384611723,0.5823770492,0.1151321641,0.8852166871,3.5220612529,-1.1169274426,0.0826639344,0.0655499573,0.9192290657,2.7400240065,0.9040084756,0.3349590164,0.0592870756,0.6218445905,4.3520381932,1.1053967022,0.0363114754,0.0104175781,0.3838734071,2.8744643332,0.1332726598,0.5017823513,0.3041098937,0.0010822954,0.0007767224,0.9268820612,0.0357526087,2.3262052896,0.4079979622,-0.0154606071,0.3387027301,-2.7733e-06,2.9512e-05,5.52e-05,3.60878e-05,0.6671858022,0.0982869437,2.8568870362,0.7566525676,0.0551319732,0.4149371056,0.4959525,0.0242654563,0.0584511028,0.007406852,0.5385291467,0.1166206644,2.8013294103,0.5509979135,0.0563891598,0.2946739043,0.4460243276,0.2797907668,0.022468106,0.0138196484,0.9897452871,0.0058414767,2.1128239785,0.1187961234,0.5611610042,0.1083612445,-0.0003576007,0.0002128464,0.0001164753,7.11182e-05,0.9458658151,0.0151030496,3.0248682955,1.109281145,0.810598232,0.3583209616,0.1445377886,0.034961607,0.1171684124,0.0159970161,0.9409628369,0.0149520962,3.4054706484,1.3332651572,1.0066682929,0.4315508006,5.834208892133852,-8.875105285571584,0.0482997119679464,0
222,194.5033966985877,7146,36,36.73971828406576,0.27145,0.0458600861,0.6654929412,2.5053013191,0.1992680667,0.21445,0.0382811638,0.4092558357,2.4752977984,0.0480739947,0.5141,0.0394675816,0.4298472808,2.6520774748,-0.1184729094,0.03905,0.0106699344,0.3240580571,2.8596715918,0.2791307234,0.528313253,0.1272017587,0.9071966801,2.1279894887,-0.1016999299,0.0907228916,0.0668892833,0.8683818342,3.0960722905,0.9687331482,0.3809638554,0.0740825729,0.7671331095,2.3430673364,-0.3728777978,0.0394578313,0.0083237231,-0.029064186,3.5750305544,0.5795632056,0.4933198589,0.3001632519,0.0017505565,0.0013948037,0.9211716182,0.0497072359,2.5427417538,0.7814154619,0.0258313292,0.4496392694,3.9274e-06,5.31659e-05,5.52992e-05,3.48384e-05,0.3949846883,0.1489108486,2.798600192,0.4632466719,0.0399927702,0.2034947942,0.50038,0.0313387436,0.0446532834,0.0065305458,0.2913004962,0.1592782562,2.8845184474,0.4018841983,-0.0077343206,0.2629400261,0.4533014953,0.2746378617,0.0208568162,0.0126981384,0.9805998538,0.0055923224,2.1912552703,0.1569030946,0.6352662826,0.1109259905,-0.0006071291,0.0003755014,0.0002424489,0.000149612,0.9498447527,0.0091908846,2.6334568765,0.3182648907,0.801220428,0.1728062441,0.1465504488,0.0182975198,0.1374165094,0.011797986,0.941728525,0.0133113469,3.0295709024,0.5075045478,1.0351670115,0.2094510012,3.56195660679071,-0.8059227817214041,-2.7076444457599775,1
223,480.2134920804066,17376,33,36.18390629701545,0.23575,0.0297268818,0.1711943943,2.882831378,0.1168677623,0.24305,0.0341825613,0.3350796481,3.0525708095,-0.1252716841,0.5212,0.0343301617,0.2278511404,3.3927116744,0.3770488738,0.03655,0.009942208,0.0065872507,4.3133705379,0.5753020737,0.4334782609,0.1000221148,0.9070032151,1.9980247714,-0.1383529509,0.1016956522,0.0701733473,0.9095074139,2.7007631062,0.8050160997,0.464826087,0.0485347497,0.480698671,2.3589933814,-0.0269938331,0.0403478261,0.0115103307,0.2011658271,3.0283286912,0.0091042557,0.4936386869,0.2997852115,0.0012219987,0.000870676,0.9388822107,0.0430138504,2.4504195164,0.5525368376,-0.1959988892,0.3515465139,-1.1955e-06,1.33605e-05,2.41437e-05,1.48591e-05,0.0895471054,0.099224892,2.8925104403,0.6156840206,-0.0032013915,0.2371651604,0.4992925,0.0162599914,0.0370890088,0.0024145502,0.0666407239,0.1403300263,2.8510840687,0.458927072,0.0154019898,0.2347035745,0.4571832972,0.2899576882,0.0185571847,0.0127168135,0.8546821762,0.495726526,2.2771234349,0.5265752609,0.6911010024,0.2588712848,-0.0002672518,0.0001783023,0.0001234004,8.3074e-05,0.8337126035,0.4901827219,2.2344040385,0.4867516717,0.6315299619,0.2436073784,0.191087615,0.0839033467,0.1367064638,0.0329058259,0.829709432,0.4890299706,2.2874263936,0.4243181848,0.7203352833,0.2394026034,1.005251207107629,-0.41718181661643294,11.19120828625467,4
224,312.97926468214285,11562,20,36.94174440515156,0.26505,0.0366980585,0.3420401251,2.7352703572,-0.2468639634,0.20595,0.0374145359,0.4255143344,2.5331141319,0.2613540837,0.529,0.0319139468,0.0556378485,2.196508915,0.023119979,0.04025,0.0098583721,0.0739490286,2.591095212,0.2044062168,0.4349130435,0.1271732516,0.9373376225,1.8256504756,-0.0314022621,0.0900434783,0.0810997659,0.885554969,3.201943413,1.0318200488,0.4750434783,0.0657018816,0.6917037123,2.5790290735,-0.3561246325,0.0476956522,0.0102847916,0.1884544277,2.357962585,0.084925336,0.491999919,0.2998543368,0.0017013026,0.0010175773,0.9413637989,0.0307118769,2.6013186844,0.8437908785,0.0416043456,0.5360834338,-1.6243e-06,4.02912e-05,4.27284e-05,2.62678e-05,0.1937216749,0.0986243864,2.907525027,0.4613731274,-0.0288952662,0.2624931819,0.48708,0.0304565486,0.0375242933,0.0031858532,0.1373700304,0.1411119649,3.1126991461,0.4135345233,0.0203412034,0.2679788696,0.4446329054,0.2703330099,0.0236955195,0.01470228,0.9831012017,0.0061539606,2.2121063645,0.1223226196,0.6430660385,0.0801877537,-0.0005435449,0.0003261112,0.0002515843,0.0001560916,0.962894858,0.0085163337,2.2718452661,0.2079879456,0.6452534374,0.1107876376,0.1608811408,0.0140796938,0.1497075008,0.0076667936,0.9552212886,0.0099847217,2.5531865808,0.2959897222,0.8676053624,0.1288711403,-0.42240978141580576,2.442107256370873,-2.316549383534747,1
226,105.22494532874128,3805,24,36.16062700828695,0.24245,0.0394936387,0.4765602,3.7639656922,0.3581552338,0.26975,0.0504101924,0.5490546614,2.9287593134,-0.033940549,0.4878,0.0482406468,0.5790776524,2.1587836943,0.0336030603,0.0424,0.0100119928,0.4007241588,2.8424227186,-0.3667309767,0.454,0.1386375261,0.9381830274,1.7611291603,-0.1390382534,0.0764545455,0.0756407341,0.9079615565,2.65372212,0.93837997,0.4695454545,0.0763441534,0.8306095173,1.8748275205,-0.3241096692,0.0461818182,0.009998347,0.2166601599,2.2909355775,0.2463159693,0.4935707903,0.2999848486,0.002584401,0.0018243443,0.9132029126,0.0549662263,2.5512794302,0.5969256514,-0.0830521314,0.4571922957,-9.5333e-06,7.48155e-05,9.65185e-05,5.80196e-05,0.4348633154,0.149477643,2.8814182788,0.455812245,0.0171003924,0.2813664611,0.49936,0.027711927,0.0458766587,0.0050469486,0.3109849653,0.1420500815,2.845693912,0.4027321598,-0.0213660524,0.2763681134,0.4636539216,0.2810814069,0.0190879866,0.0111293181,0.9637805158,0.0151828706,2.3764830371,0.2433229342,0.7553968454,0.1424049898,-0.0010057957,0.0006149572,0.0003708702,0.0002154424,0.9288692425,0.0239319624,2.8347677416,0.4925940295,0.8729371801,0.2334287914,0.1326550335,0.0169915191,0.1340003771,0.0172157106,0.9225056499,0.021308673,3.1575748168,0.5274833709,1.0887120002,0.2163746493,4.908215336217918,-0.8018817396246987,-2.2500645596961366,1
227,432.7399399618498,15930,8,36.8119476131655,0.31545,0.0769548407,0.7846840194,2.643678615,0.7467167604,0.3138,0.0622660421,0.6643278497,2.4633622302,0.3388298804,0.37075,0.0625914331,0.6617363945,2.5950934058,0.2159689145,0.03675,0.0086710726,0.1074649152,2.5644430072,0.0861349948,0.5167708333,0.1222410369,0.8995805457,3.3238469242,-1.1552918906,0.0786458333,0.0602720071,0.9039463555,3.3640547699,1.0796862857,0.4045833333,0.0718034064,0.751247329,3.0375979975,0.9388447714,0.0401041667,0.0125342413,0.2430701406,3.0654914502,0.4101491247,0.4985878193,0.3027074647,0.0005726082,0.0004968894,0.9373476509,0.0410705114,2.5838303555,0.5783485514,-0.0513448583,0.4525069571,4.66e-08,1.58001e-05,2.20708e-05,1.46504e-05,0.56642245,0.1538596629,2.8440359388,0.4119635044,0.0144355637,0.3275857923,0.4936175,0.0326651928,0.0532591983,0.0127727902,0.4627886623,0.174210313,2.7887287135,0.3121035866,0.0106906064,0.3136060142,0.465801936,0.3026622725,0.0159378342,0.0100826691,0.9933861462,0.0026000678,2.0688184942,0.1326242553,0.5310542006,0.1614107701,-0.0001513204,8.96215e-05,5.61901e-05,3.50951e-05,0.9476248096,0.0383912276,2.5453709745,0.5279422989,0.678207863,0.2316669029,0.1709954238,0.0560732172,0.1214155512,0.0208232044,0.9316811128,0.059069397,2.709070201,0.5049224445,0.8081371049,0.2124389347,5.309125667480596,-7.035895858729473,0.12544163698276692,0
228,145.3122196631742,5362,48,36.89985613342652,0.22375,0.0702402128,0.6180907084,2.4436607008,0.473207966,0.2617,0.0574074037,0.4718770841,3.4297157871,0.6416085805,0.51455,0.0617458298,0.5149719993,2.6475556773,0.0999039515,0.0349,0.0101237345,0.014535345,2.1111221691,-0.0739720171,0.6385074627,0.1283244923,0.8279278843,4.3616666592,-1.0709057107,0.1100746269,0.1002180181,0.8111601223,5.0658527589,1.2887201472,0.2514179104,0.0419559646,0.3566964562,5.9247446025,1.1091685602,0.0317164179,0.0096410286,0.0529696754,2.5972438371,0.4949759525,0.4955627759,0.3022109383,0.0014628679,0.0010071322,0.9060245933,0.0576467369,2.4122850103,0.4398492467,0.1448383443,0.4442963635,1.18951e-05,3.97566e-05,0.0001134837,7.07409e-05,0.6858058482,0.1073465594,3.0426305589,1.6865773892,0.1449452003,0.581679271,0.4927575,0.0561590782,0.0795637648,0.0094577454,0.616083925,0.1110826731,3.0884666192,2.6053926062,0.0967979886,0.7450224511,0.4610733761,0.2802337923,0.016808701,0.010380528,0.977351418,0.0090030435,2.2201095979,0.1373478073,0.6529955447,0.0780143357,-0.0005968007,0.0003632541,0.000199987,0.0001238362,0.9064040896,0.0372440568,3.9577784573,1.8557361211,1.0624064583,0.4857055558,0.1230553151,0.0210882256,0.1190606251,0.0194109182,0.8938465656,0.0457383158,4.6171768673,2.3156543627,1.3448008499,0.5024014407,12.258026461924732,-17.388282821644772,0.4210340426635298,0
229,349.5861898293407,12741,75,36.44594772528011,0.23305,0.0298989548,0.0725730584,2.629007661,-0.0890165262,0.26835,0.036311534,0.4282257356,3.0534951325,0.142758429,0.4986,0.0401626692,0.2604529452,3.6092647464,0.3109566327,0.04185,0.0101650135,0.0089761859,2.9145562812,0.2917674272,0.5528651685,0.1243926541,0.9248824072,2.6204481656,-0.7243273945,0.0892134831,0.0782548375,0.9218230127,4.3623875107,1.3113501537,0.3579213483,0.057832133,0.6504996871,2.3860011762,0.2819420639,0.037247191,0.0106926215,0.0895049213,3.5328525791,0.467730962,0.4953306789,0.302060575,0.0009055012,0.0007169364,0.933255539,0.0461562478,2.4084445582,0.4364540402,-0.0202754494,0.4257067602,-5.927e-07,2.17019e-05,2.12564e-05,1.38931e-05,0.2924710565,0.1414306564,2.6967161087,0.3040792893,0.0152065306,0.1472685596,0.4925475,0.0286239999,0.040165735,0.0039658676,0.2137192837,0.1303054461,2.6949010852,0.3251924031,0.0339438294,0.1944626529,0.4581721486,0.2962579379,0.0194627339,0.0139029656,0.9802159743,0.0391586447,2.0517508118,0.1072180321,0.5186391195,0.1615863484,-0.0002047683,0.0001513388,9.01761e-05,5.98925e-05,0.8181540424,0.4823061827,2.5041984982,0.6002638595,0.6564079514,0.3697864421,0.1833255438,0.1020516086,0.1276950152,0.0298105655,0.8361828681,0.3898745545,2.7032478241,0.596468191,0.8687249698,0.2367867261,1.683097043641019,-4.507360279870248,6.328331903829667,0
236,866.3001564495909,31232,18,36.052169409734326,0.26525,0.0277522522,0.1354689379,3.4026542351,0.2023956751,0.2626,0.0331472472,0.1127163281,2.3668103537,-0.1392838892,0.47215,0.0353783479,0.0502039406,2.668615037,0.2671787975,0.03235,0.0101354576,0.113830876,5.0399105349,0.7674325374,0.4332129278,0.0952315584,0.8546352044,2.1846609097,-0.1956035824,0.0739923954,0.0597048503,0.8807269359,3.3306706234,1.0498632124,0.4927946768,0.0516687649,0.4594317916,2.6074455691,-0.2272047008,0.0420342205,0.0119388002,0.2175076476,2.6286307079,0.2578338609,0.5022630471,0.3054858466,0.0005081324,0.0003755442,0.9247386123,0.0746450559,2.5669855336,0.4243688957,-0.0850359796,0.419105594,4.984e-07,5.7638e-06,1.07552e-05,6.3863e-06,0.0696231063,0.0910691483,3.0047416308,0.4081144055,0.0334089538,0.2139210633,0.4960175,0.0161520608,0.0356802138,0.0021530138,0.0660255572,0.0818619033,2.9376222976,0.3719730721,-0.066744125,0.3030644419,0.4376947265,0.3023940055,0.0263233762,0.0178527019,0.9948707585,0.0018905324,2.2625510304,0.1957394482,0.6977837003,0.1542469843,-0.0001194013,7.54923e-05,6.40565e-05,4.29296e-05,0.9740459473,0.0046266429,1.9747761111,0.2500092503,0.4747829179,0.2216815274,0.1956987042,0.038641815,0.1562299554,0.0073638879,0.9688935018,0.0050129424,1.9943393937,0.327349714,0.539870694,0.2780117165,-3.8385695119090935,0.9884284160723955,1.3154050400547586,4
237,214.2247854938049,7421,24,34.64118301201242,0.2617,0.0324054008,0.1307202729,2.7743864371,-0.0531300212,0.245,0.0351425668,0.2386387217,2.3509482208,0.2170453402,0.4933,0.0402070889,0.1629605934,2.9560347148,0.2593051708,0.03795,0.0099271093,-0.0844480652,2.7516404491,-0.1830412444,0.4193644068,0.1047040758,0.8655914619,1.9909981114,-0.2026417627,0.0851694915,0.0651983031,0.8888637392,2.0481986838,0.5673656756,0.4954661017,0.0531905245,0.4537128566,2.9324726914,5.85544e-05,0.0424152542,0.0114005102,0.0102808092,2.6615647422,0.4037087312,0.4980161592,0.3009038438,0.001147353,0.0007478901,0.9452113502,0.0484290845,2.7398979878,1.1641309266,0.2826628156,0.5799791543,-1.02641e-05,3.56827e-05,2.53681e-05,1.51906e-05,0.0968348205,0.1194927576,2.8039315266,0.2887775538,-0.0397064744,0.1732760584,0.495895,0.0277330574,0.0365214054,0.0037267209,0.0475526421,0.1172615523,2.9482545367,0.4069895418,0.0473610602,0.2162951547,0.4538583726,0.2794597028,0.0231726084,0.0138368939,0.9888561931,0.00384738,2.0872307863,0.1007322982,0.5619138637,0.1025466047,-0.0003877088,0.000235178,0.0001725838,0.0001027614,0.9725486083,0.0043132602,2.1233737208,0.1246659067,0.5609388253,0.113970957,0.1612559861,0.0180456169,0.1444818522,0.0125456147,0.9605615136,0.0054323924,2.4574170366,0.2405915677,0.8034844224,0.1379934802,-2.415704484312907,1.812823177093808,-1.0059063427972441,4
239,742.4610082573838,27496,60,37.03359461870643,0.24175,0.0315148774,-0.0037866413,4.1098261,0.3457378022,0.25995,0.0316108763,0.0085550962,3.2217333731,0.4266343506,0.4983,0.0375114649,0.1321976895,2.8787104344,-0.2033585688,0.03455,0.0111376613,-0.0340764143,2.9366701438,0.395415191,0.4595833333,0.1122838532,0.913850051,2.1217849772,-0.2679747107,0.094702381,0.0807173365,0.9241043096,2.9025830066,0.9819627544,0.4457142857,0.0493980202,0.5456864211,2.2912749653,-0.2642153915,0.0419444444,0.0121575671,0.1334331993,3.0307611268,0.288453277,0.4981159373,0.3022755085,0.0008543412,0.0005772615,0.9616400659,0.0390165853,2.3913255102,0.6965238236,0.2461746622,0.4301251945,5.452e-07,1.27323e-05,1.4613e-05,8.859e-06,0.0620669968,0.1817014992,2.8180335178,0.4260462516,0.0695939949,0.2246446062,0.4986975,0.0193702057,0.0360592994,0.0026950051,0.0722980583,0.1075892481,2.9040480034,0.3756537655,-0.05589386,0.1757783019,0.4558405512,0.3021723433,0.0198864401,0.0123321369,0.9931278282,0.0033977772,2.1776679486,0.2310975173,0.5983384832,0.2002886156,-0.0001597436,9.53389e-05,7.47044e-05,4.54509e-05,0.9618001467,0.0280598122,2.2641734205,0.1994716163,0.6121541096,0.2008283419,0.186234165,0.0713552396,0.1368326714,0.0209178065,0.9466812537,0.049993132,2.474061561,0.2218912016,0.771833247,0.2450638441,-3.452364953686095,-0.11628062378116819,1.3027823092968989,4
24,217.0562139773752,7607,44,35.046220795102016,0.26745,0.0394746438,0.3630004259,2.7895574657,0.1143843287,0.2605,0.050217029,0.6449883907,2.4603615345,-0.2342188062,0.47205,0.0401378562,0.254259832,3.7281933356,0.2365643083,0.0383,0.0107522091,0.2100478724,2.9371686965,0.3173805628,0.4565841584,0.1373005857,0.9325919237,1.8685152806,-0.1889177502,0.0872277228,0.0744733165,0.9107268825,2.2840020621,0.7947174959,0.4561881188,0.0751043779,0.7648697842,2.1679953121,-0.2213100765,0.0448019802,0.0105050858,0.3405423392,2.6805312588,0.065096825,0.4956557957,0.3009148924,0.0020709735,0.0013404411,0.9278639233,0.0427230863,2.4772915841,0.8824188416,-0.0949519179,0.5113573058,1.4421e-05,7.57412e-05,5.52666e-05,3.24588e-05,0.2817474813,0.1367497249,3.1214486213,0.5452402307,0.1473571663,0.2451823508,0.508115,0.0322450349,0.0394002821,0.0052746821,0.1838365269,0.1147731175,3.0168528852,0.3712343052,0.1478781672,0.2163758016,0.4400920656,0.2673416325,0.0243544382,0.0147366654,0.9828779313,0.0062895485,2.2632660521,0.1219017824,0.6643039215,0.092836651,-0.0005927534,0.0003565854,0.0002294087,0.000142022,0.9486413967,0.0124470478,2.63163468,0.3560468086,0.7842992476,0.1777917614,0.1469253552,0.0154135972,0.13376922,0.0101898846,0.9478850262,0.0130071561,2.8574590174,0.3889343973,0.9678045489,0.165447009,1.7057748135584367,0.8014329142380824,-2.6253505297634723,1
240,112.99427031484132,3972,12,35.15222487770952,0.24525,0.036934909,0.0554008484,2.6980339881,0.2596565933,0.22645,0.0434010081,0.4001980483,2.6583114333,-0.0466123876,0.5283,0.041165641,0.1239757281,2.6939784349,0.0317507641,0.03815,0.010432042,0.1067002993,2.5270910946,0.0410239894,0.4281746032,0.1080538578,0.8712350016,1.866123203,0.0003630151,0.0867460317,0.0751356378,0.9226167077,1.9222594819,0.6230476558,0.4850793651,0.0495094352,0.38458209,3.3007489608,-0.3492121592,0.0427777778,0.0137661241,0.2788379863,2.9698769066,0.1614456418,0.492132193,0.2988448148,0.0022196476,0.0016207738,0.9383432147,0.0284956,2.4360728136,0.6534282802,0.1210770957,0.4852689261,2.9418e-05,4.78085e-05,5.80757e-05,3.55673e-05,0.243051487,0.1807970193,2.8389368819,0.4875935488,-0.0570588475,0.2946673335,0.518865,0.0200492899,0.0394264813,0.0039166723,0.184126021,0.1654454183,3.0080621504,0.5977997645,-0.0387782309,0.3008310637,0.4360174759,0.2648766963,0.0277619873,0.0171103286,0.9789615457,0.0092805551,2.1106794512,0.1280952642,0.5994942107,0.1066479208,-0.0007907209,0.0004773105,0.0003729801,0.0002299565,0.963857608,0.0127909456,2.1418336311,0.1461933905,0.6023945136,0.1137867256,0.1587177368,0.0226490445,0.1471578511,0.0123762807,0.950034973,0.0111152147,2.5358620083,0.2819301759,0.8575885522,0.1504239242,-0.34478323795713856,3.5396295491714866,-1.6003695976661882,1
241,472.34974634008216,16766,9,35.49488515640871,0.2501,0.0341758687,0.1830999086,2.9270643645,0.1457296736,0.27025,0.039047247,0.3280424866,2.5612513677,0.1575164603,0.47965,0.0392189686,0.1983247328,2.5584575774,-0.1407185371,0.03705,0.0114257385,0.0913024913,3.5892739161,0.3199699917,0.5163354037,0.1164974845,0.9186087921,2.2874090101,-0.4481971961,0.0583540373,0.0499495907,0.8816279428,4.1850211549,1.2943500152,0.425310559,0.0734988263,0.8178616967,2.0397214575,0.0461941082,0.0411490683,0.0109096864,-0.0100439915,4.0662645398,0.6772057432,0.4987872066,0.3023551999,0.0010499881,0.0007075098,0.9574080321,0.0337430167,2.2478683624,0.4789956499,-0.099884637,0.4382716958,6.4005e-06,1.49307e-05,2.553e-05,1.58778e-05,0.3620728406,0.1643337263,2.7851296827,0.3176269004,-0.0619709414,0.1507725488,0.5063325,0.0208032887,0.0424371131,0.0054750853,0.2435394684,0.1780859589,2.8926810773,0.423475907,-0.0472533822,0.2323754796,0.4581181624,0.2914572806,0.0170895456,0.0118629042,0.9512498396,0.1419835679,2.0974834869,0.1461573885,0.5212053428,0.1571797312,-0.0002953155,0.0002086928,0.0001051774,6.98174e-05,0.8937587951,0.2293442868,2.939578893,0.5885479127,0.845325341,0.3839485397,0.1591829735,0.0935901123,0.1192017901,0.0202777175,0.8883054527,0.2133758423,3.3635047864,0.9555084588,1.0644316499,0.4612057109,2.1441397994238205,-5.632187251360442,2.883796709160374,0
242,145.8512187707004,5250,14,35.9955853934534,0.2594,0.0342657263,0.2283057594,3.2238116579,-0.1635192817,0.24305,0.0415625733,0.2997992128,3.0450885122,0.4949253019,0.49755,0.038932602,0.1989400079,3.8193354002,0.518821651,0.0377,0.0123373417,0.0419534207,2.5976302989,0.5630942578,0.4506716418,0.102828997,0.8841854145,1.8901582028,-0.2162408671,0.0750746269,0.0575785806,0.917611328,2.4206156852,0.7319525561,0.4742537313,0.053984891,0.6211459734,1.9427124683,-0.1528821726,0.0458955224,0.012275609,0.1543402065,3.6264396948,0.4343110678,0.4943395899,0.2997339151,0.0021915341,0.0013091164,0.9307029227,0.0427617072,2.4912447601,0.756207904,0.0055347626,0.5040883735,-1.17121e-05,5.34571e-05,6.47269e-05,3.70282e-05,0.3501622396,0.1513242656,2.8636648769,0.34552095,0.0073772965,0.1730663114,0.494485,0.0224649955,0.0425922878,0.0057276323,0.290465691,0.1475292784,2.7743817925,0.2659408037,-0.0280931967,0.1641358303,0.4413533259,0.2666179409,0.0231110362,0.0143550552,0.9752482866,0.0093170037,2.2909620489,0.2404791387,0.7035915813,0.1680427044,-0.0007547696,0.0004792643,0.0003285443,0.0002038537,0.9553067438,0.0104174621,2.4104281193,0.3571186253,0.7183026779,0.2090265095,0.1527231582,0.0209327392,0.1446446491,0.0126035746,0.9417580163,0.0126316865,2.7103004402,0.3981252162,0.9158542391,0.2145855749,1.106166069066992,1.6313188545514727,-1.2918069711730353,1
243,249.32397799707263,9105,10,36.51874991384464,0.2448,0.0378940629,0.4107651111,2.5014005129,0.3741031698,0.2604,0.0453854602,0.4496213288,2.5165129475,0.0505218778,0.4948,0.038935331,-0.024145286,2.6569999477,-0.0718417415,0.0371,0.0095178779,-0.0570329523,3.3314074769,0.6930004404,0.3742696629,0.0744023021,0.8843032972,2.0533505249,0.0866117968,0.090505618,0.0677654785,0.911934129,2.5530169025,0.800151618,0.5352247191,0.0386129607,0.4058179241,2.6816268277,0.2440668174,0.0411235955,0.0128245027,-0.0619061738,3.3796226352,0.5648472858,0.4954057981,0.3015352016,0.0009408553,0.0006219535,0.9457715499,0.0295777259,2.6665115693,0.7094236153,0.0395751027,0.5022701319,-3.652e-07,2.2528e-05,2.17152e-05,1.27846e-05,0.137822388,0.1145004971,3.1025567263,0.6769592,0.0423814209,0.2749481724,0.49649,0.0232317218,0.037098022,0.0027117827,0.0580673383,0.1088696857,3.1074311216,0.6237024353,0.0204803306,0.2425798497,0.4647448558,0.2856942316,0.015056415,0.0091608236,0.9857836432,0.0074802019,2.2610003054,0.2492780317,0.6589833731,0.1429925923,-0.0002860018,0.0001662382,0.0001283712,7.8138e-05,0.9632369106,0.0153857538,2.2650881883,0.3098220872,0.6274100732,0.1643649645,0.1587084276,0.0213219241,0.1429572637,0.0081387783,0.9527249542,0.0100748104,2.5868764896,0.3364920642,0.8619220914,0.1741026083,-2.366677977383336,-0.3741538022304212,-0.6704450995729763,4
246,113.8741956757092,3731,50,32.764227030196885,0.21975,0.0375258244,0.2571179215,2.4356101771,0.2808753244,0.2673,0.0558543642,0.5593868029,2.0497319373,-0.0074070032,0.51295,0.0473661007,0.2990556735,2.7420759447,0.1422127872,0.04265,0.0101354576,0.1721231462,2.8500940829,-0.0326964751,0.5590277778,0.0942795742,0.8315101734,2.3575551387,-0.4906103937,0.0547222222,0.0490598337,0.888012515,2.7041021823,0.9304990376,0.38625,0.0528411535,0.6169996673,2.411749159,0.1497892076,0.0373611111,0.0110230888,0.4405654487,2.6038359972,-0.0483949743,0.4851096593,0.2935651373,0.0042155008,0.0029027729,0.9245674848,0.0382681366,2.3449700902,0.316690141,0.0221123085,0.3735769292,-1.12223e-05,8.18744e-05,0.0001418452,9.10138e-05,0.4154332766,0.136727531,2.9025908251,0.5259345461,0.0808453188,0.244634518,0.5015375,0.0238888461,0.0449828194,0.0051056427,0.3161081158,0.1369436677,2.8398290272,0.3853083443,0.0533292809,0.2618148366,0.4275075691,0.2604201559,0.0260109123,0.0160436535,0.9568508478,0.0158004973,2.4611438414,0.1688496878,0.839151449,0.0971297902,-0.0014520732,0.0008679824,0.000619709,0.0003819072,0.9397145125,0.0172706018,2.5254530806,0.2190323398,0.8337091905,0.1236150024,0.1412407907,0.0136392892,0.1440932849,0.012549722,0.9259879495,0.0196019854,2.9243402842,0.2972627826,1.0492984205,0.1175434405,5.563165400091796,1.9220203210496878,-1.8280286391063973,1
247,221.1999984300852,8424,38,38.08318291043107,0.2286,0.0393133565,0.2388849642,3.1324413737,0.1674037343,0.2811,0.0360317915,0.0602994427,2.9752661604,0.0295387009,0.4903,0.0382937332,-0.0338191368,2.5256485934,-0.1076461566,0.03465,0.0102287585,0.0993232666,3.147457539,0.3257789933,0.4162650602,0.1184153487,0.9289164169,1.903240514,-0.0835568406,0.1042771084,0.0847182877,0.9060796515,2.2950523391,0.724800313,0.4794578313,0.0477065077,0.6216367227,2.6979696318,-0.6148462196,0.0443975904,0.0108493959,-0.0388963193,2.2223902528,0.0275908338,0.4947013333,0.2994259967,0.0020406117,0.0012029956,0.937747105,0.0534878932,2.5433651784,0.4638905552,-0.0592474143,0.4928494728,-9.014e-07,3.50436e-05,4.85375e-05,2.87318e-05,0.2121930056,0.151221971,2.7656464101,0.3017612397,-0.0063970541,0.2336220809,0.50404,0.0208437916,0.0386426894,0.0043078192,0.1410538714,0.1396892729,2.8476141549,0.5008655688,0.0207425902,0.1897120335,0.4354096443,0.2644056047,0.0259035592,0.015987935,0.9815278044,0.0069909861,2.3196694618,0.1931875846,0.7285735382,0.132273701,-0.0006213818,0.0003765764,0.0002749467,0.0001689011,0.9618311529,0.0081328579,2.4065000174,0.2242293829,0.7454539684,0.1333897969,0.1546825681,0.0197037603,0.147464726,0.0076067345,0.9527578981,0.0076423323,2.7296939989,0.3451610129,0.943673178,0.1682682651,-0.09549104577658536,2.7314578649611176,-1.9650073285490628,1
248,116.1069711817137,4414,60,38.01666648501106,0.26335,0.0402309272,0.3159652191,2.872343705,0.2292480211,0.25655,0.0511844459,0.4608682232,2.7693304331,-0.2542947329,0.4801,0.0505666886,0.4854548959,2.270335303,-0.1020862287,0.0359,0.0097308787,0.1074485462,4.8090250558,0.5601243025,0.4677272727,0.1230181738,0.8241957515,2.0888765363,-0.4134916788,0.0713636364,0.0572312259,0.7932475001,2.4311327226,0.6921401994,0.4609090909,0.0719317284,0.6861977587,1.9786833683,0.2776929522,0.0472727273,0.0147499825,-0.455288622,2.3081116766,0.4441640223,0.4785074373,0.2915147365,0.0058125706,0.0035171035,0.9185369876,0.0391896082,2.3170306312,0.3943123127,-0.0735588948,0.3044954062,9.43146e-05,0.0002671562,0.0002535172,0.0001476883,0.5850492841,0.1189390822,2.6622048036,0.2840286506,-0.0119760984,0.2821244413,0.5111375,0.0446777654,0.0538125222,0.0076454778,0.5021995829,0.1419149852,2.7483306909,0.2000845359,0.0101958944,0.2400195523,0.4298817901,0.2611948914,0.0338776642,0.021418072,0.9416109161,0.0261756949,2.2960663564,0.4366975403,0.705040849,0.2095150993,-0.0027099588,0.001663306,0.0012203749,0.0007727125,0.9289095665,0.0298831482,2.2790673519,0.4510792897,0.6769950091,0.2154340351,0.1446529643,0.0247496855,0.1462041739,0.019963253,0.9095593354,0.0234839931,2.6335218148,0.4882683091,0.9250684997,0.2286877431,9.224748077575414,4.249425385176433,1.180006409817568,2
25,322.6978754165433,11858,65,36.74644583480295,0.23235,0.033063991,0.0442665377,3.2495254935,0.0198088047,0.2703,0.032425453,0.0948917543,3.8702700423,-0.3115439753,0.49735,0.0357243264,-0.0177719098,2.7691671084,0.0130694737,0.036,0.0099498744,0.2264620489,2.4759718396,0.3015113446,0.4416438356,0.1047748885,0.9011868825,1.9855813328,-0.1062082691,0.1000684932,0.0658609637,0.9019941817,2.2716150542,0.6348311764,0.4582876712,0.0522095303,0.514626859,2.5491425909,-0.1509000733,0.0424657534,0.0106829556,0.1001339768,3.065250843,0.3654751269,0.4956199944,0.3016629781,0.000913085,0.0006021194,0.9383479242,0.0670101689,2.4721798337,0.7084003122,-0.1219273015,0.423758577,3.011e-07,1.19753e-05,1.97748e-05,1.17756e-05,0.0782023289,0.1498580591,2.9501996845,0.4859425943,-0.058545255,0.1832690741,0.4963925,0.0171060024,0.035803064,0.0027791609,0.057454682,0.1292041059,2.8653818226,0.4920448213,0.0015404031,0.2007793479,0.447305621,0.2824442407,0.0231552567,0.0139405201,0.9911265457,0.0038571447,2.1281804669,0.1196612645,0.5947166825,0.1060289952,-0.0002954578,0.0001788947,0.0001244204,7.53976e-05,0.9675742433,0.0090447332,2.3635834296,0.156257207,0.695751702,0.0946903451,0.1529785253,0.0199427784,0.1352276775,0.0045315416,0.9576490082,0.006219869,2.6843140573,0.2318622128,0.9024934923,0.1168820183,-2.624200235488436,1.4123451283541426,-1.7288249837451313,4
250,443.60408203299056,16074,45,36.23501372290029,0.2458,0.0360812971,0.3582977027,2.3990477966,0.0619512603,0.2714,0.0393324294,0.3252764806,3.2558062298,0.1979444094,0.4828,0.0395936864,-0.0074455171,2.9622836945,0.2155199781,0.0317,0.0091983694,0.148478335,2.534581445,0.178055535,0.5152272727,0.1575869933,0.9639979748,1.6860030136,-0.0565313259,0.0952651515,0.075609429,0.9290577008,2.6872225663,0.8333620822,0.3895075758,0.094090261,0.8693340852,1.8897814135,-0.1761774575,0.0407575758,0.0105615951,0.0449823267,3.5067270775,0.3599632527,0.4891326244,0.297317655,0.0022949483,0.0018515915,0.951667441,0.0339543028,2.2635734744,0.6496905546,-0.0003987236,0.4343885684,4.9056e-06,4.41365e-05,4.19555e-05,2.56637e-05,0.1989786738,0.1634820264,3.0938343365,0.5821114191,0.0232301703,0.2534899537,0.503295,0.0258378497,0.0385429234,0.0048261329,0.1492770903,0.1430085262,2.9199162955,0.4515101553,0.0684548234,0.1954994123,0.4430577235,0.2717711835,0.023719153,0.01372904,0.9830818193,0.0084032843,2.3182128043,0.2504094535,0.7116802284,0.1791823693,-0.0004926565,0.0002973541,0.0002158411,0.0001252801,0.95964815,0.0185580975,2.3657861692,0.2795200914,0.7012978064,0.2037499457,0.1645925304,0.0379194551,0.1423708454,0.0133959484,0.9521464126,0.0095224025,2.6141970138,0.3549048848,0.8740411298,0.2398043696,1.324250767899401,1.351965587512503,-1.2178155779004578,1
253,315.9551377808507,11917,25,37.71738001698753,0.25545,0.0412255685,0.1662202281,2.6301979565,0.3447418053,0.2158,0.0376544818,0.2571533513,2.7508521585,0.0866591012,0.52875,0.0416795813,0.061219712,2.7582964941,0.1027226132,0.03875,0.0117553179,0.0114121037,3.0708521043,0.5595204315,0.4010555556,0.1230864521,0.8816848322,2.0086744664,0.2779928857,0.1057222222,0.0715214075,0.8814765571,2.2523411263,0.5844344045,0.4932222222,0.0676235951,0.6230423206,2.6026344441,-0.5053520849,0.0425,0.0118145391,0.2753623188,4.783827133,0.9803251306,0.5017795328,0.3034857742,0.0013944295,0.0009478642,0.9364956364,0.0371577704,2.4009537086,0.6342843472,-0.1574581968,0.4565623218,-1.9441e-06,2.75864e-05,3.4256e-05,2.1425e-05,0.2146326645,0.1187459086,2.9325526959,0.3878149283,-0.0666827773,0.2429071917,0.5039125,0.023465442,0.0393715622,0.0035578032,0.1657449592,0.1039662749,2.905644124,0.665321128,-0.0114080367,0.1915718987,0.4495933105,0.2746354194,0.0239541217,0.0143838306,0.9857213104,0.0059135208,2.22658397,0.1903600876,0.6794444527,0.1278564996,-0.0004790351,0.0002974487,0.000207964,0.0001266722,0.9680836182,0.008184022,2.3714144652,0.2449645045,0.7473096576,0.1246918097,0.1490071287,0.0221432292,0.1437688436,0.0120712891,0.954878006,0.0055967356,2.8184416883,0.3793878562,0.998368721,0.1608803297,-1.4331410161736349,1.8145807691202818,-1.7090374911595005,1
255,408.35047924517,15041,50,36.83355540026076,0.26795,0.0332422547,0.1130276753,3.0510714053,0.2855210437,0.23015,0.0303022689,0.0040530016,2.4838017839,-0.1985473323,0.5019,0.032709173,0.028078103,3.1897984572,-0.1688154121,0.0338,0.011070682,-0.1970434858,4.6647597127,0.9566053969,0.3637662338,0.0721567371,0.8183330463,2.1393863752,0.1065318373,0.0852922078,0.0678166862,0.8721230409,2.442891474,0.7706844207,0.5509415584,0.0403345163,0.1499596223,3.0535487757,-0.0817827727,0.0466233766,0.0145593626,0.2998456878,3.6132408476,0.3779048173,0.4953462224,0.3012380235,0.0010358623,0.0006528393,0.9502122957,0.0420342115,2.290900561,0.5968403311,-0.1014392492,0.47626803,3.8039e-06,1.1512e-05,2.05807e-05,1.21194e-05,0.0854900101,0.1293197872,2.8945938378,0.3599340703,-0.1464463791,0.2652274793,0.510525,0.0175950242,0.0360297189,0.0041950991,0.0609070313,0.137612745,2.721492547,0.3064887541,-0.1054825457,0.2518326838,0.4424494747,0.2912069065,0.0247109022,0.016529281,0.9919257081,0.0031816717,2.1082873737,0.1469407929,0.5587936692,0.1927388904,-0.0002490215,0.0001691475,0.0001128236,7.38063e-05,0.9370228219,0.1156100374,2.1719102572,0.1434160595,0.5596408648,0.179515225,0.1873556167,0.0804745586,0.1348129633,0.0266226532,0.9310559537,0.1020157331,2.3950648138,0.1633964084,0.6795126176,0.378402643,-4.197844102512107,1.0112330722573282,3.528681113139143,4
261,903.8225599508104,33982,64,37.59808783911019,0.25975,0.0287434775,-0.044980375,2.8025119679,0.2045859933,0.24655,0.0308277067,0.0429584707,2.3954423215,0.0733320052,0.4937,0.0350757751,-0.0730484108,2.853417028,0.1911269246,0.0369,0.0099694533,-0.1409059368,2.3167667171,0.3018759483,0.4026635514,0.0861254548,0.8298853428,2.1565106795,0.0486028593,0.101152648,0.0735053248,0.9203559636,2.4678527895,0.7347188758,0.4961838006,0.040992369,0.3297001477,2.9995251477,0.0031812143,0.0448598131,0.0121988575,0.1710341417,3.1616491941,0.3015418687,0.4988288588,0.3034500453,0.0003336695,0.0002851341,0.9324490456,0.0501720023,2.4696773473,0.5938656137,0.0742019408,0.4124293082,-3.334e-07,3.316e-06,6.9762e-06,4.2204e-06,0.0078407391,0.1150791833,2.9495525818,0.3173485205,0.0427670915,0.1964791425,0.4996925,0.0105813548,0.0356987594,0.0023079101,0.000261171,0.073272684,2.9232632549,0.3531958168,-0.0123731319,0.2230134838,0.460079543,0.3155050015,0.0186250996,0.0122608735,0.9960354262,0.0025156266,2.04938929,0.1814528086,0.4855461535,0.1482903386,-9.31804e-05,5.989e-05,4.11922e-05,2.67344e-05,0.9711887376,0.0029879719,2.2689584801,0.2153259713,0.5869657027,0.1400500931,0.1752079788,0.017360304,0.1369367076,0.0033525894,0.9599224766,0.0040813273,2.5071128609,0.2063123424,0.7653760602,0.1172231385,-5.9382676140327835,0.4017031686473001,0.7586586227395621,4
263,187.81226127160528,6392,63,34.0339866882077,0.2886,0.0306519167,-0.0226653399,2.8060016429,0.0877231207,0.2449,0.0302653267,0.1183342418,2.2798522701,-0.1725191156,0.4665,0.031729324,-0.1550131582,5.4219529105,0.9998513966,0.03425,0.0089826221,-0.0493812757,2.4154574271,0.3183270178,0.4089175258,0.0918543973,0.8513329947,2.2394814167,0.2306458169,0.1210824742,0.0886154288,0.9241798187,2.2272158643,0.5957744357,0.47,0.0423473608,0.3683830953,2.423793655,-0.1608672241,0.0377835052,0.010403436,0.0500187257,2.5809294605,-0.1626023994,0.4974216352,0.3029596933,0.0010859008,0.0007348411,0.9301958849,0.0466088561,2.6869554427,0.5598966189,0.2200417455,0.4632228906,4.1196e-06,2.40396e-05,2.80448e-05,1.5946e-05,0.100073448,0.1257415831,2.9571449656,0.461877948,0.0040998004,0.2437232756,0.4975475,0.0261673101,0.0372277827,0.0042879858,0.0838009837,0.1176769291,2.8573878498,0.3739139985,0.0209754904,0.2268827304,0.4583642323,0.2830070169,0.0176333458,0.0108139611,0.9850047869,0.0049184915,2.2066752051,0.129110059,0.6242340005,0.138941949,-0.0003296764,0.0002014195,0.0001475888,9.04443e-05,0.9533199269,0.0329035561,2.2551885758,0.0920947215,0.594816267,0.1799935169,0.1769950885,0.0560082891,0.1387261856,0.0209402362,0.9379699335,0.0594567881,2.4528169776,0.1762917138,0.757605817,0.2373821303,-2.926093755258544,0.5854709372294171,1.6427959305722188,4
264,357.2428240822306,12775,38,35.75999051294991,0.23165,0.0299420691,0.2882044603,2.6411825633,0.0902979002,0.2465,0.0290129282,0.0655648465,3.2088576303,0.0572750414,0.52185,0.033336579,0.089550825,3.4095225298,0.3795644846,0.03375,0.0103531396,-0.0060480897,2.8537514131,0.369600986,0.4268402778,0.1078848836,0.8825753689,1.8819963544,-0.086572137,0.0952430556,0.074727119,0.926761026,2.3948271278,0.7418006437,0.4779166667,0.0507290597,0.4606644387,2.4773667603,-0.1842847316,0.0431597222,0.0132385502,0.0906665772,3.3641627722,0.4874312847,0.5008261522,0.303592311,0.0010597817,0.0007542269,0.9476817649,0.0325481521,2.4044663319,0.408913199,-0.0887873439,0.4963638973,-1.8444e-06,1.72042e-05,2.19107e-05,1.29218e-05,0.0537656594,0.1486247746,3.015257051,0.4905053001,-0.0626875212,0.3120357018,0.4994075,0.0162198896,0.0363337104,0.0030802786,0.0700938343,0.1496724451,3.0538367959,0.5310719651,-0.0131775908,0.2451567471,0.4537647913,0.287310316,0.0220257672,0.0127090619,0.9901763085,0.0028738901,2.1526772777,0.1289549421,0.6087670125,0.1467422546,-0.0003104518,0.0001841192,0.0001359317,7.90458e-05,0.9643121817,0.0168264507,2.2421426006,0.1798489619,0.6273855436,0.1795104644,0.1693118472,0.0403978929,0.1379286345,0.0153528037,0.9507902494,0.026417396,2.5046870572,0.3044014195,0.8112376496,0.2150128268,-3.3660765150594463,0.6729138473628781,-0.20387625807046958,4
266,192.55805016182669,7340,69,38.11837518001158,0.23935,0.0395452589,0.099059907,4.401944735,0.6140812193,0.23,0.0421070065,0.4736097354,2.8800116048,0.362162458,0.53065,0.0433223672,0.1463292475,3.2827269381,-0.4004045598,0.03735,0.0087594235,0.0787893256,3.3017664333,0.3791809961,0.4825257732,0.1286750957,0.934773406,2.0376953998,0.0692369121,0.0747938144,0.0650848674,0.9270360371,3.1337957577,1.0427889616,0.4426804124,0.0774964644,0.8016121558,2.6367987678,-0.5785380404,0.0450515464,0.0118298688,0.0386626224,2.583035745,0.4407306598,0.4916680708,0.2983617639,0.0019322016,0.0015098427,0.9377349779,0.0454088907,2.3279471761,0.5546983456,-0.2435006052,0.3556661587,3.3568e-06,4.02577e-05,5.80985e-05,3.55919e-05,0.4285305204,0.196523447,2.8591782142,0.4797775341,0.0170794538,0.3042778596,0.50315,0.0325404402,0.0452921227,0.0090799711,0.3532962501,0.201208862,3.0389009919,0.6894158259,0.0657969634,0.3065976818,0.445320427,0.2699379383,0.0239661254,0.0147882221,0.9814363974,0.0058638328,2.124249738,0.1097824062,0.5835705778,0.1001578151,-0.0006655295,0.0004099385,0.000292244,0.0001826483,0.9560675428,0.0180459274,2.4447541698,0.3991673975,0.7559011626,0.1775992073,0.151277049,0.0160566946,0.143739084,0.0111807897,0.9436957652,0.0171621401,2.8158784615,0.4200922352,0.9818176314,0.1695371283,2.399083794762253,0.7640385729958706,-3.1687887796256544,1
267,477.11719417413633,17820,9,37.34931420957369,0.29165,0.0409881385,0.1729381524,2.6689558077,0.3090001595,0.26895,0.0407387715,0.2799425726,2.4315034842,-0.1659794521,0.4394,0.0384205674,-0.0521576431,2.9648173823,-0.2007036116,0.03325,0.0098836987,-0.1760564732,3.2758193002,0.5690946524,0.5237946429,0.1303553617,0.9088431423,2.6463183365,-0.7839916604,0.0850446429,0.0691610941,0.8858777388,3.1001220447,0.9586604229,0.3911607143,0.0704322818,0.7145538209,3.2855542302,0.675970385,0.0413392857,0.0116109197,0.2613028206,2.6179179802,0.5251412784,0.4949487431,0.3001780142,0.0008927773,0.0006714643,0.9374783548,0.0400008219,2.4422263741,0.4635471708,-0.1516453065,0.4463255372,5.997e-07,1.58067e-05,2.24389e-05,1.41505e-05,0.2004579896,0.1804297435,2.8129182484,0.2705073928,-0.007185883,0.2264195733,0.49175,0.0357326881,0.0410157075,0.0056435126,0.2088464737,0.178855639,2.9774225482,0.3440410589,0.0004344357,0.1840061541,0.4419274306,0.2794939694,0.0238944914,0.0152911803,0.9898633306,0.0046126948,2.4044941506,0.4014303652,0.7635043365,0.1812927043,-0.0002912405,0.0001827343,0.0001295068,8.62085e-05,0.9655432892,0.028844528,2.4436842352,0.6562261131,0.8145932247,0.2266520131,0.1485697715,0.0138030543,0.1435644223,0.0174231683,0.9649980841,0.009133927,2.6438241661,0.3495575186,0.9625528436,0.1310843055,1.7515910168911075,-1.488234577973842,-1.3497520574888968,1
268,619.2119131123973,22239,14,35.91500668683558,0.24335,0.0283377399,-0.0550187331,2.7737232059,-0.1453143794,0.2724,0.0368,0.0183460759,3.3876326732,0.4913743534,0.48425,0.0360996884,-0.0974643901,2.9954417452,-0.1016301528,0.0353,0.0096648849,-0.0361959903,6.5384718144,1.3025122292,0.4354205607,0.1039536685,0.8815720895,2.0755717881,-0.1287243019,0.0889719626,0.0722137867,0.9071736083,2.8251162878,0.9445837258,0.4756074766,0.0517574785,0.5260879336,2.9663267844,-0.3318315313,0.0431775701,0.010806119,0.118534242,4.3576288257,0.6190591406,0.4982075585,0.3030723303,0.0005049046,0.0003957206,0.927414752,0.0533287477,2.4430667832,0.5846060732,0.0031526222,0.400863989,1.187e-06,8.8362e-06,1.08178e-05,6.5206e-06,0.0258536329,0.1308408714,3.0779782615,0.4238732103,-0.0518413025,0.2524620527,0.5020875,0.0179979157,0.0359098589,0.00241597,0.0196812012,0.1215772574,3.1765708705,0.4882912499,-0.0311947251,0.2093051021,0.454744012,0.3021016714,0.0200938449,0.0123881999,0.994163348,0.0033419475,2.0937088881,0.1356907967,0.5511466407,0.138678823,-0.0001286686,7.69449e-05,6.14853e-05,3.76238e-05,0.9673751934,0.0115297007,2.1554983289,0.2600338434,0.5260344739,0.1904075363,0.1851013673,0.0445738021,0.140577912,0.0123709319,0.9573839816,0.015417264,2.3231676731,0.3343856719,0.6754029264,0.2324913971,-4.340666640916506,0.39794022003199325,1.1576905911764652,4
27,369.7961256977209,13764,42,37.22050893321414,0.2233,0.0490623073,0.6185276222,2.4641037923,0.1659944494,0.2386,0.036980265,0.4691092248,2.5712804056,-0.3089870006,0.5381,0.0470785514,0.417283366,3.2802743088,0.3767118361,0.04275,0.0125971227,0.2053236597,2.566524952,0.3408100235,0.6461654135,0.1451546844,0.9262663559,3.7263466078,-1.3465822462,0.0990977444,0.0893898166,0.9365553233,3.4948192126,1.3004807143,0.2547368421,0.0624719961,0.7661290215,4.2273183301,1.2564782663,0.0373684211,0.0102886708,0.1979047235,3.1757265438,0.2110641062,0.498388926,0.3026607263,0.0005988444,0.0003709005,0.9261897477,0.0309466017,2.3846845015,0.4872042384,-0.0072635538,0.469428976,7.4666e-06,1.26487e-05,2.29117e-05,1.36813e-05,0.4616491499,0.1416836874,2.8192810758,0.4630472744,-0.1031902578,0.2479683507,0.50088,0.0393195829,0.0487029526,0.0097912414,0.3576556134,0.1424813575,2.8125232355,0.3269414174,-0.0617906893,0.2630097244,0.4461026507,0.2910606752,0.0221461981,0.0138544975,0.9928360705,0.0030142021,2.2274124317,0.2063835164,0.6460665578,0.1500958155,-0.0001890973,0.0001129656,7.23466e-05,4.83453e-05,0.9512044147,0.0146158522,3.0676933546,1.1117203165,0.9337685531,0.3932162301,0.1510075548,0.02843633,0.1303142453,0.0091831607,0.9573136686,0.0076070316,3.0113589219,0.728734733,1.0001648571,0.2743815211,4.788835186304122,-6.714883072252291,-1.5582790889487794,0
270,283.33210624989874,10386,12,36.65662934379754,0.25065,0.0358096007,0.1176265104,2.6781258439,0.3151796945,0.2638,0.0405963053,0.1772878459,3.0570824225,0.0409496747,0.48555,0.0395278067,0.2092815078,2.498452485,-0.1364870143,0.03775,0.0086998563,0.0378495441,3.3783825803,0.457167492,0.4024166667,0.1048828381,0.8804492501,1.8652492289,-0.1439760038,0.10875,0.0861642085,0.920705989,2.4425849383,0.7430349355,0.4888333333,0.0429521698,0.2574748073,2.4602519945,-0.0266016519,0.0441666667,0.0116607128,0.1571212449,2.4992305212,0.0321191202,0.4987735353,0.3034298795,0.0011904944,0.000818041,0.9447200801,0.0308422535,2.4866098784,0.5768382206,0.0404148058,0.408506993,-8.275e-06,2.29373e-05,2.53615e-05,1.59241e-05,0.1384396272,0.1228360271,2.8759584699,0.2391158037,0.0147623369,0.2587250689,0.4895525,0.022530887,0.0370238035,0.0034255439,0.1335158321,0.1134081921,2.7554579864,0.2729847932,0.0353567715,0.2019370359,0.4505010401,0.2804094749,0.0214468333,0.012773912,0.9890196105,0.0050081602,2.1543938741,0.2198351303,0.5869878396,0.1627932182,-0.0003333291,0.0001979557,0.0001442081,8.6121e-05,0.9654402527,0.0085526784,2.4541532534,0.2496346245,0.725490359,0.1420623725,0.1660469874,0.0304914854,0.1403959191,0.0072850781,0.9555625141,0.0137141479,2.6663623271,0.319944853,0.8742605468,0.1738598616,-1.851230309224211,0.7582192509751259,-0.7681409395047114,4
271,369.3185828293503,13644,49,36.94371373212064,0.23385,0.0271924162,0.1056892711,2.7828123979,0.0568859586,0.2155,0.0298035233,0.0772780675,2.5542592572,-0.1232388668,0.55065,0.0302874149,0.0377492602,2.8679142948,0.1321715976,0.0387,0.0115676272,-0.0145646357,2.8131569446,0.0704557932,0.4072619048,0.0797444011,0.8220748143,2.0366395622,-0.0351596517,0.0933333333,0.0727001889,0.9168496158,2.1713371776,0.6992781074,0.4994047619,0.0387790196,0.1792853645,2.8473489406,-0.0128425983,0.0456547619,0.0132238007,0.0363336423,2.749514476,0.5804447256,0.4906548344,0.2995432654,0.0021014418,0.0015014595,0.9279839114,0.0998864654,2.2940263321,0.4764305621,-0.0207098363,0.4061800781,4.8185e-06,4.40214e-05,4.66485e-05,2.89847e-05,0.1277025304,0.1382529491,2.9470476903,0.550159618,-0.0135142103,0.2210991622,0.501095,0.0233564279,0.0372365506,0.0030891014,0.0829995043,0.1056030124,2.9655179144,0.4506451577,-0.0418696063,0.2859093075,0.4351720279,0.2659452648,0.0303217685,0.0181806983,0.9842187001,0.0073648042,2.2629497062,0.3059591077,0.695436116,0.1641180347,-0.0006068528,0.0003607072,0.0002833107,0.0001692837,0.9644660376,0.0130967884,2.2751696124,0.2405262668,0.684998908,0.1396597407,0.1610294368,0.0170549809,0.1480539052,0.0091031192,0.9553855534,0.0068341762,2.5321151714,0.2526918435,0.8799704185,0.1346999496,-2.0508467329814546,3.3001452049841142,-0.504897900307946,4
272,191.4265655721105,6954,45,36.32724632141208,0.31545,0.0409761821,0.499831346,2.718226549,0.1812030741,0.258,0.0373764632,0.3678069745,2.3279847551,0.0015800082,0.42655,0.0342395605,0.1752116133,3.1733868999,-0.0693533573,0.035,0.0107004673,0.1585903084,3.3475715566,0.5815360452,0.5701612903,0.1552442606,0.9327459108,2.065530804,-0.2338835124,0.0981182796,0.0756723056,0.8950323695,3.435404257,1.068031286,0.3317204301,0.0891612488,0.8494728766,1.9705872447,-0.212511847,0.0347849462,0.0112142857,-0.0756372257,3.968121695,0.5740863332,0.4951885927,0.3002503393,0.002877369,0.0018252698,0.9445414865,0.0454052763,2.3061734652,0.5632913783,-0.0840718931,0.4321870899,-5.9425e-06,6.71454e-05,8.35949e-05,4.56576e-05,0.4970971822,0.1880447103,2.6440366819,0.3763827843,0.0585711395,0.171671659,0.491245,0.0383767472,0.0522166447,0.0111858064,0.4170265705,0.1888917387,2.6893006877,0.3388055837,0.0759681875,0.1823237852,0.4452561724,0.2706791776,0.0241630342,0.0142726559,0.9761243696,0.009604255,2.2455812875,0.1255466557,0.6741502705,0.0971081112,-0.0008407014,0.0005063178,0.0003302763,0.0002003657,0.9408144166,0.0200187814,2.9159304747,0.5428131843,0.9597599972,0.2358770354,0.1374272708,0.0196433803,0.1356440442,0.0131705415,0.9344021656,0.0106749971,3.3652985915,0.7683629781,1.1471050856,0.3482083545,6.031765636137926,-2.1648826883069305,-3.059148937901233,0
274,787.230320838779,29052,48,36.90406635893501,0.24745,0.0360381395,0.2001616863,2.3533805166,-0.0157944458,0.26105,0.0305474631,0.066713556,2.6269164122,0.2437504773,0.4915,0.0369222155,0.0763207654,3.3582876448,0.0331682963,0.0395,0.0096824584,0.1460445705,2.7552213333,0.1825982548,0.4401141553,0.1170854612,0.902081947,2.0160338678,-0.1567732177,0.0931050228,0.068305939,0.9188776841,2.6798081307,0.8623587434,0.4667808219,0.0621294671,0.6564053997,2.7466784272,-0.3316408393,0.0432191781,0.0109180173,0.013615678,3.2407294271,0.4462999541,0.4979478905,0.3025007943,0.0006580999,0.0003891028,0.9559448583,0.0278071677,2.2062327144,0.5593479653,0.0064968336,0.426761477,-1.1711e-06,6.5334e-06,1.26884e-05,7.6737e-06,0.0970249862,0.1397843366,2.9981148462,0.4061567741,0.0214436336,0.1934143193,0.5001475,0.0151783108,0.0364267348,0.0021914867,0.0686664377,0.1018797346,3.0193910314,0.5164759191,-0.0583650587,0.2515240551,0.4507081502,0.2950586128,0.0230258867,0.0151050667,0.9940758391,0.0028811868,2.1025793691,0.1155474454,0.5707665988,0.0910702407,-0.0001680107,0.0001103596,7.79609e-05,5.09867e-05,0.972933786,0.004917621,2.1388350881,0.1050926271,0.556913613,0.0938410197,0.1710763622,0.0129835289,0.1464530266,0.00518087,0.9648849502,0.0037247344,2.3302598477,0.1260774802,0.7436837661,0.0921825806,-3.977333981221142,1.7868106533660049,-1.3286213343449498,4
275,1123.2097355699575,40643,57,36.18469348413924,0.2447,0.0318576521,0.0941951517,2.8261286481,0.2546480436,0.2346,0.033717058,0.1085980206,2.6748975335,0.3920276309,0.5207,0.0411036495,-0.0602265464,2.7602632138,0.2123504976,0.0349,0.0113793673,0.1089741644,3.0990769964,0.4827560982,0.4018413598,0.081089485,0.8409777401,2.1138121275,0.016952467,0.0956232295,0.0671329679,0.9166890964,2.6484477194,0.7213033972,0.5025354108,0.0378327843,0.2460851565,3.0817319192,0.0871440354,0.0419546742,0.0118359029,0.116486094,3.3163457883,0.2970786625,0.4989976722,0.3032050956,0.0003730638,0.0002425078,0.9615874995,0.0293232084,2.1224913816,0.4422804858,-0.0744239519,0.438515077,1.2548e-06,3.696e-06,6.7219e-06,4.1111e-06,-0.007659416,0.1028790244,2.8108790142,0.3866469283,-0.0498727061,0.20494761,0.5048275,0.0174236798,0.0350094226,0.0021478958,-0.0116365491,0.0812119987,2.8918175131,0.4935527539,-0.0589350074,0.1947784551,0.4635046764,0.3240753357,0.0184059937,0.0113890558,0.9968211037,0.0021182856,1.9805078653,0.1709573567,0.4068777938,0.1870013146,-7.35032e-05,4.46384e-05,3.62837e-05,2.14279e-05,0.9640118443,0.0245968079,2.0529885904,0.0767686824,0.4192242479,0.1587724982,0.2158657222,0.0635581092,0.1345872987,0.0231939831,0.9473623266,0.0406565026,2.2255174727,0.1108160827,0.5679106683,0.1954696398,-6.627318537157343,0.04737797556103554,3.491945651003021,4
276,326.59856594011126,12376,8,37.89361402851169,0.2613,0.0279787419,0.0725556363,3.1814145172,-0.1503355922,0.22375,0.0335959447,0.0915456027,2.7923225673,0.0942337833,0.51495,0.0313248703,0.068658358,2.4597184851,-0.0137962889,0.0404,0.0094519839,0.0612813623,2.554782531,0.044678117,0.3909615385,0.0790085101,0.795032478,2.2259954811,-0.2821593713,0.099,0.0712050128,0.9079420131,2.3926369399,0.7302110884,0.5100384615,0.0354937489,0.1250954832,3.2829609732,0.2321059865,0.0432307692,0.0107571361,0.1771912355,2.9766455316,0.2305887185,0.4976500726,0.3020813361,0.0006826736,0.0005048143,0.9442087551,0.0289082606,2.332721865,0.480876236,0.0800042699,0.3794547982,2.269e-07,9.0666e-06,1.42138e-05,8.8429e-06,0.0552920399,0.099963672,2.9494873174,0.3343597874,0.0279884307,0.2667733619,0.5060525,0.0170550174,0.0354156441,0.0030599471,0.0195973248,0.1094654851,3.1287764507,0.4054851748,0.0341150414,0.2802006248,0.4644401565,0.2981252355,0.0162608791,0.0099548772,0.9896082729,0.0041148172,2.4091742689,0.2691166156,0.7579888191,0.2304876866,-0.0001793678,0.0001122015,8.03336e-05,4.9178e-05,0.9559712244,0.0300463291,2.4001932118,0.2706241096,0.6700958665,0.2511015026,0.1912028593,0.0580715798,0.1428740322,0.0244446701,0.9520876692,0.040540854,2.3133972062,0.3650661373,0.6759226628,0.2674074316,-4.0802215023281905,-0.6259532255627939,2.3842448745235925,4
28,235.86244498602105,8155,27,34.57523727646988,0.2492,0.0485938268,0.480183505,2.3706694673,0.3042573502,0.3084,0.0538278738,0.5608261496,3.7806285774,0.567229332,0.4424,0.0475577544,0.3978028897,2.8049348077,-0.0108852394,0.03385,0.010046268,0.1135192173,2.5433134191,0.0650634589,0.535631068,0.1122598399,0.9249177331,2.0915185701,-0.3054075182,0.0760679612,0.0662653187,0.9059483814,2.835573862,0.9508658697,0.3883009709,0.0574183819,0.7524770921,2.0821128235,-0.0867916065,0.0398058252,0.0097024251,-0.0830121216,2.0866792721,-0.0090461342,0.4967833756,0.3015836844,0.0012955589,0.0008100552,0.9210026079,0.0528047748,2.396197988,0.6804895737,-0.0566615819,0.3608591521,-6.4201e-06,2.4498e-05,5.11488e-05,3.31377e-05,0.5288215691,0.185828971,2.7112472293,0.4361753379,-0.0201293254,0.2200455032,0.4946075,0.0257922482,0.0510784073,0.0093388801,0.451810614,0.173260293,2.6524396468,0.3990416678,0.0017633087,0.2090671315,0.4437334611,0.2749955666,0.0201483918,0.0123561152,0.9855579208,0.0044941484,2.3624868137,0.2095789946,0.727724272,0.1362778228,-0.0003914056,0.0002344024,0.0001429321,8.83106e-05,0.9453797482,0.0150807939,3.0338953787,0.4994738989,0.9374591966,0.1976133034,0.144667505,0.0374543754,0.1259882996,0.013599851,0.9457342875,0.012371215,3.2384985322,0.5811754991,1.0669439523,0.2405670993,4.891283501054494,-3.5965407156934726,-2.769920708639218,0
283,424.2790207563052,15664,25,36.91910095407945,0.25235,0.0323145091,-0.0225626242,3.7325611209,0.5088792491,0.2898,0.0399244286,0.2860445714,2.4248124489,0.1237293936,0.45785,0.0377243622,0.2811823409,3.3785426718,0.061474598,0.02765,0.0099109788,-0.1033642958,2.9287295502,0.2868237845,0.4632746479,0.1311904402,0.9045024135,1.9791044,-0.1699763614,0.0966197183,0.0847459943,0.9280329025,2.4938970573,0.8400788094,0.4401056338,0.0606637822,0.5928806036,2.5370489975,-0.4381598936,0.0401056338,0.0091441567,-0.0001792667,4.5639508241,0.7079345241,0.4935002758,0.2993546615,0.0015854457,0.0011228738,0.9388583416,0.0453453735,2.5315228266,0.7702023764,-0.0742049767,0.514663151,-4.107e-06,1.98419e-05,3.39391e-05,2.00252e-05,0.0567687868,0.1424566208,2.9955388433,0.3143309102,0.0333628372,0.2488743896,0.49782,0.0195441129,0.0366681796,0.0026916264,0.0564061124,0.1265661362,2.8907512672,0.3918093785,0.0439309408,0.2167725467,0.4415197044,0.2725411733,0.0253541883,0.0157276367,0.9865387272,0.0041102204,2.2640283045,0.1883618969,0.6935844381,0.1347458939,-0.0004336263,0.0002614718,0.0001937212,0.0001208247,0.9663926938,0.0065779251,2.2990913477,0.2382216208,0.6778320579,0.1508926459,0.1606537682,0.0227799659,0.1444546373,0.0108019613,0.9577260856,0.0091141756,2.6018525162,0.3309884603,0.8848257271,0.1728905151,-0.8186579820225195,1.7284052048221616,-1.0225221894411498,1
284,146.3197610546072,5405,22,36.93964479604932,0.3294,0.0554088441,0.4654250837,3.675400582,0.6358804217,0.331,0.0531366164,0.3542847299,2.8690535232,0.0799233566,0.3396,0.0492325096,0.4363122953,2.6809210275,0.0320214257,0.02845,0.0093993351,0.4641571791,3.1530377958,0.21771202,0.5933974359,0.1039338226,0.8175886328,4.5042219838,-1.3569971487,0.0693589744,0.0579475834,0.8510922903,3.1629576377,0.9791103272,0.3372435897,0.0584996572,0.586003975,4.0648546363,0.9917153637,0.0355128205,0.0098900929,0.0631503656,2.9635890496,-0.2418377654,0.4911259283,0.2979943112,0.0023412709,0.0014396679,0.9179361208,0.0263293535,2.5896567716,0.5846614503,0.1435474541,0.3953102926,6.0826e-06,0.0001178491,0.0001717786,0.0001136938,0.7166655224,0.1038282455,2.908188172,0.5823228232,0.0257443303,0.4509490877,0.4919675,0.053337464,0.0673865445,0.0107440682,0.6116110653,0.1211225596,2.779171832,0.4289285376,0.0007684614,0.2861907157,0.4547151171,0.275977087,0.0170824452,0.0102081123,0.9703603076,0.0109142558,2.3052376582,0.1159990616,0.680687715,0.0801939035,-0.0009866479,0.0006034448,0.0002732961,0.0001644859,0.8643782757,0.0250930477,4.8446020001,1.3555486697,1.3049921598,0.3096305338,0.1218316532,0.0212057293,0.1168932223,0.0163631214,0.8932227513,0.0233348002,4.2917053907,1.0696269354,1.2994268564,0.2871391412,11.25824288063765,-11.662240648949876,-0.5208870274131432,0
285,435.3668600621219,15955,4,36.647254220781534,0.2858,0.0607401021,0.56947063,2.4932461902,-0.1093745637,0.3694,0.0512751402,0.4305164236,2.9784388808,0.3873811524,0.3448,0.0449495273,0.4342377376,3.4310490216,0.4886358573,0.03315,0.0089904116,0.1174262778,3.0079868798,0.4075759767,0.6,0.1088609628,0.8377718463,3.7292575456,-1.0524420558,0.110141844,0.0780319612,0.8884459813,3.3717511494,0.9702666653,0.289858156,0.0448517782,0.3498795747,3.5141115311,0.6217302156,0.0332269504,0.0094930873,0.0684631958,3.1297009541,0.1854900653,0.4994621826,0.3034704976,0.0005827072,0.0003384533,0.9248820904,0.0350924625,2.5122351829,0.6108086139,-0.2241636845,0.3154850124,7.787e-07,1.18451e-05,3.02177e-05,1.90053e-05,0.6571143922,0.1126827092,2.7720215338,0.5942554158,-0.0076093853,0.3446427916,0.4955225,0.0376703513,0.0632970033,0.0106265471,0.5931398898,0.1391975593,2.7588387318,0.4022503627,-0.134491291,0.276188752,0.463139605,0.3015732375,0.0167371024,0.0118678377,0.9852552325,0.0241510267,2.0618560553,0.1402199745,0.4924204799,0.1820493283,-0.0002300444,0.0001547858,7.199e-05,4.79789e-05,0.8140248089,0.4188345819,3.6012550409,1.3596709877,1.0305834411,0.4442876907,0.1560297433,0.0914781251,0.105842367,0.0284531242,0.7869791442,0.4863345092,3.9312064945,1.6492239358,1.1173254281,0.5859335583,7.809803086265038,-14.31325066980091,7.620171738641049,0
286,336.18963084253863,12568,21,37.38366340598554,0.26515,0.0291929358,0.1535339918,4.037483844,0.4019548668,0.25335,0.0297913998,0.0937134815,2.8424845823,-0.0113838477,0.4815,0.041057886,0.1736802063,3.3847444169,-0.1706571521,0.03625,0.0100093706,0.0760852154,3.5787254014,0.4099402528,0.4267777778,0.096920102,0.8805073529,1.8375115843,-0.0735483677,0.0834444444,0.0632410634,0.8687206926,3.104386835,0.8904630342,0.4897777778,0.0491138762,0.5653985854,2.178122178,-0.0803541699,0.0446296296,0.0126143603,0.3615566238,2.9269173603,0.1803677278,0.4956665102,0.3010625937,0.0008759211,0.0005654339,0.9330642708,0.0380534857,2.3704814775,0.4954860521,0.0327707688,0.4342415898,2.868e-07,9.2713e-06,2.33556e-05,1.38486e-05,0.1683795026,0.1577537972,2.9105292822,0.4115425919,0.0055504805,0.2772284456,0.4984525,0.0186287176,0.0375401357,0.0037552409,0.1374479172,0.1264122764,2.8781382396,0.3180874884,-0.006555149,0.1892713746,0.4475024005,0.2826628841,0.0232632299,0.0138881317,0.9917020946,0.003067913,2.0676214178,0.106615777,0.520595419,0.1195438336,-0.0003007296,0.0001813373,0.0001292369,7.63607e-05,0.9671673511,0.007351514,2.2865974794,0.2698124257,0.6451982122,0.1695551238,0.1655117217,0.0334477505,0.1388707066,0.0125770586,0.9560987207,0.0135976188,2.5533037353,0.3169618526,0.8415724955,0.1884265359,-1.9877630104281045,0.9187016367600245,-0.9079437164686233,4
287,454.0522580638317,17092,8,37.64324413424053,0.3165,0.0527043641,0.6585476506,2.785277617,-0.3831005693,0.31,0.0418449519,0.3025482625,3.606937832,0.2176182454,0.3735,0.0516502662,0.3860528882,3.483145671,0.8300185203,0.035,0.0078102497,0.0658436214,3.9774254233,0.3620715047,0.4906764706,0.1162881109,0.8995697124,2.4175270534,-0.3328269098,0.0771176471,0.0664980162,0.8615377625,3.8591247423,1.1978348438,0.4322058824,0.0631267536,0.6467322393,2.5977480629,-0.1772079024,0.0356764706,0.0109805191,0.1426382556,3.5343049049,-0.0189936329,0.4941385949,0.3011254005,0.0009904873,0.0008399656,0.9197256155,0.0544798158,2.5825442091,0.5814803127,-0.0007970267,0.4736772017,2.3283e-06,2.13534e-05,3.00072e-05,1.82062e-05,0.4490556045,0.1724451193,2.8005183571,0.4160823034,-0.0068516459,0.2622778664,0.4994075,0.0252980744,0.0466318739,0.006856545,0.3590371954,0.1818590963,2.9258173078,0.5471170712,-0.0391957625,0.2384734462,0.4551890779,0.2876533694,0.0182925628,0.0107489521,0.9892548048,0.0048245141,2.2681049981,0.1781736403,0.6574259843,0.1672246914,-0.0002995935,0.000178113,0.0001016943,5.98776e-05,0.9426867516,0.0201955233,3.1868751961,0.602099689,0.9731641674,0.2439080622,0.1359083726,0.0397595592,0.1126384596,0.0124159307,0.9391463692,0.0166743645,3.5592749153,0.619348793,1.1475602203,0.2321428774,4.052389260990568,-5.79013510187656,-1.4134571423542848,0
290,684.2849638082655,24793,72,36.23198128162717,0.2414,0.0304062494,0.112133618,2.7591831658,-0.3461469615,0.27365,0.0324796475,0.2381979517,3.0900871827,0.3665300751,0.48495,0.0334775671,0.150214775,3.4516334244,-0.0255367887,0.0343,0.0099754699,-0.1041517774,4.3889341463,0.9185571176,0.4672149123,0.1127615181,0.9053495187,2.1512628489,-0.3144155347,0.0896710526,0.0669495204,0.8920920565,2.926976195,0.9039603095,0.4431140351,0.0572865617,0.684621417,2.2896239335,-0.1643805058,0.0376754386,0.0113686207,0.0627048739,3.888475162,0.4973408175,0.4956330947,0.3010048428,0.0007264732,0.0005402464,0.9567096366,0.0234644947,2.4232631916,0.6650569295,0.0018007657,0.4345741222,-3.0174e-06,8.9011e-06,1.43098e-05,8.8743e-06,0.0777660067,0.0952893714,3.1175969212,0.7338252473,-0.0068241811,0.2775918233,0.4995075,0.0199780459,0.0358058292,0.0027686135,0.0192005911,0.0862954582,2.9354857409,0.4338480288,-4.70468e-05,0.2426048322,0.4542123866,0.294202295,0.0212951969,0.0133718277,0.9929003109,0.0038622671,2.1850168987,0.2114619459,0.6109602444,0.1398872553,-0.0001938709,0.0001199198,8.42594e-05,5.2527e-05,0.9680599082,0.0088499513,2.3799475009,0.310513683,0.6818458372,0.1570499565,0.1597728049,0.0120272354,0.1388950194,0.0054564667,0.9592091855,0.00845841,2.6493343574,0.2260993058,0.8793528132,0.1095925435,-2.6985064966415546,-0.23982711693492587,-0.7462953495568638,4
292,111.54015257921137,4134,45,37.06288636340352,0.2523,0.0301116257,0.2979588642,2.7966129889,0.3002117156,0.21885,0.0360753032,0.2971977776,2.7902809235,0.1659807609,0.52885,0.0356149898,0.0515734392,2.9828932148,0.3552591965,0.04255,0.009810581,0.0578035238,4.0014701341,0.501327307,0.4200757576,0.1059033737,0.8806988299,2.0361513175,-0.0775919202,0.0925,0.0856802106,0.894528121,2.6993654738,0.8799323813,0.4874242424,0.0464842954,0.5118669526,2.6575861267,-0.3421017886,0.0471212121,0.0141437588,0.3555743846,2.1761986718,0.0232985404,0.4967494146,0.301267678,0.0024870576,0.0021866188,0.9476148939,0.0334489393,2.432826526,0.5725388888,-0.0579784663,0.4712182206,1.99877e-05,3.98202e-05,5.34801e-05,3.60737e-05,0.2739918251,0.1933472773,2.8475498885,0.4145538325,0.0929832387,0.2175003659,0.511555,0.0211069532,0.0404866058,0.0048180129,0.2193959333,0.1489989197,2.8158770595,0.3040101607,0.0684085886,0.2222365176,0.447371716,0.2722212642,0.0220451308,0.0136841683,0.9788225559,0.006005512,2.2138838921,0.2052335465,0.6659702333,0.146917918,-0.0005881255,0.0003523107,0.0002766227,0.0001712597,0.959574588,0.0082407518,2.2814443249,0.2824384029,0.6669437365,0.1642059509,0.1607397681,0.0262267875,0.1485177902,0.0111212618,0.948761181,0.010337486,2.5893826096,0.402913114,0.8702842049,0.2024462255,-0.4317328361360082,2.3798653228861406,-1.8419440202761885,1
293,620.2767852222586,21773,4,35.10207139575321,0.2418,0.0291506432,0.0965007615,3.5949721367,-0.3595744141,0.26175,0.0303593066,-0.1484882102,2.6846534153,-0.1160743594,0.49645,0.0320023046,0.0429898053,3.0228525859,0.0138263506,0.03775,0.0097050245,-0.0183310207,3.2870470871,0.3756801863,0.4427752294,0.1055913011,0.9168274845,2.0184240292,-0.2531588589,0.0804587156,0.0639848078,0.8892183049,3.3452674371,1.0537337446,0.476766055,0.0555268787,0.6723766569,2.2574748487,-0.1105232398,0.0480963303,0.0115108599,0.0683778868,3.2001358496,0.2258446969,0.4978825899,0.3025577694,0.0006100699,0.0004016,0.9451401303,0.0412651851,2.2777171085,0.3872255527,-0.105464506,0.365103564,7.883e-07,5.8191e-06,1.28736e-05,7.8647e-06,0.0782360965,0.1280272937,3.0277042938,0.9821873529,0.0355490356,0.2868953321,0.505915,0.0117148314,0.0351527945,0.0028603387,0.0332879231,0.1055229572,2.9850609559,0.4785287779,0.0204090346,0.2520085874,0.4563663953,0.30113927,0.0213031255,0.0128295286,0.9945341168,0.0039334029,2.0360750955,0.2981950063,0.4495183576,0.2202765709,-0.0001657155,9.50813e-05,7.12427e-05,4.18551e-05,0.9580042949,0.0266930655,2.3535798815,0.4011243092,0.5997729268,0.225735483,0.1783621068,0.0538958878,0.1279917478,0.0168655332,0.9448515625,0.0357426852,2.6196370796,0.3731574571,0.7809191265,0.2440035245,-3.5022685569463996,-1.4084957637567252,1.3336331437308682,4
296,468.6863252010037,16837,4,35.92381320871519,0.2645,0.0607144958,0.5554925983,2.9176675025,0.1614413659,0.3133,0.0531,0.3816920306,3.0726750141,0.1717853475,0.4222,0.0538438483,0.4113670793,2.3160694577,-0.178698007,0.0297,0.0094556861,0.022087938,3.2457249197,0.3524774129,0.603625731,0.0913959974,0.8088590006,4.3501782984,-1.3184362485,0.0766081871,0.0532061394,0.8304522073,3.4462759188,0.9790827882,0.3197660819,0.0490339805,0.5163677978,4.2356733078,1.0992025446,0.0430701754,0.0115249939,0.0764165075,2.8521838712,0.2577701017,0.4992913661,0.3036436517,0.0005299092,0.0004065627,0.9120350338,0.0617181144,2.5027035194,0.463246338,-0.0256668157,0.3299257495,-1.9651e-06,1.94117e-05,2.76933e-05,1.75964e-05,0.6671844646,0.1002749485,2.6248202652,0.5178501936,0.0674858169,0.2805654274,0.500045,0.0283858279,0.060621566,0.0088483606,0.5533182224,0.1213637547,2.5936965471,0.3126576674,-0.0087871076,0.2955099506,0.4516324731,0.2932688702,0.0232137702,0.0144894297,0.9949312193,0.0022323932,1.9522389101,0.070240985,0.4262087839,0.0796440151,-0.0001877163,0.0001192193,6.51768e-05,4.19644e-05,0.9432665146,0.033285087,3.0106771539,0.8994911519,0.7816966864,0.3174935471,0.1548752097,0.0225920084,0.1158413688,0.0081854986,0.9428223821,0.0187802538,3.3917774629,1.1182453519,0.9019383407,0.4918264481,5.444237387553117,-9.637306494252222,0.5721819042632535,0
297,497.82811416778384,17559,42,35.27121008292846,0.26725,0.0348093019,0.2470536691,2.9577298972,-0.0481063929,0.23625,0.0391240016,0.5080591652,2.961425529,-0.0395043374,0.4965,0.0346301891,0.2130486841,2.8454081226,-0.0090295618,0.0364,0.0102,0.1443985987,3.0727131389,0.2334961666,0.4862857143,0.1113788656,0.895625222,2.0961512935,-0.3723339097,0.073047619,0.0611438399,0.8798506381,3.7927195247,1.1601794299,0.4406666667,0.0616057614,0.6948088558,2.2348209504,0.0562456833,0.043047619,0.0115777956,0.0227541684,2.8396455891,0.1455576669,0.4964009829,0.3015493717,0.0006743511,0.0004584767,0.9392975663,0.0423842134,2.502929232,0.6705898524,-0.0756562021,0.5018350256,-3.0318e-06,9.1874e-06,1.6819e-05,1.02475e-05,0.2385231053,0.1870004487,2.7776368363,0.298777641,-0.0158617326,0.2044069517,0.4926575,0.0169828831,0.0393729406,0.0036712972,0.1472236306,0.1842051447,2.7311852724,0.2710335462,-0.0540727481,0.1740153197,0.453790021,0.2968483617,0.0220587341,0.0131250248,0.9936901551,0.002750381,2.1077882739,0.1289236477,0.5520242648,0.1330329779,-0.0002269531,0.0001371555,8.44057e-05,5.19769e-05,0.9596426406,0.0116806497,2.9592562255,0.3091305672,0.893742396,0.1378383303,0.1446249661,0.0271820931,0.125892084,0.009406843,0.9478469715,0.0159076624,3.4599695755,0.3428882012,1.1347659418,0.1510750696,0.1383072735632217,-2.27479971971361,-2.806967910165269,1
298,246.11028545624205,8592,8,34.91117806828777,0.23085,0.0497697448,0.5143566121,2.6366295843,0.1599736496,0.2519,0.0595725608,0.7118584479,2.7449695915,0.0687598668,0.51725,0.0428215775,0.2758789823,2.9136409862,-0.5115170597,0.0373,0.0118831814,0.2820437726,3.1405530732,0.2464112486,0.5763043478,0.1608394018,0.9135858089,2.0644607295,-0.4910529789,0.0968115942,0.0966390678,0.9060953758,3.4808215861,1.2381484336,0.326884058,0.0796327688,0.7539995127,1.9986060146,0.0442375582,0.0363768116,0.0107973446,0.2943216397,2.2361758231,0.1003829153,0.496826888,0.3014789577,0.0027959462,0.001875255,0.9252656152,0.0384579838,2.3928562358,0.4210143802,0.0546902216,0.3721282588,2.65e-06,0.0001128405,0.0001146366,7.17063e-05,0.521576355,0.1691396153,2.6281352746,0.2814738665,-0.0109263966,0.2480157052,0.498035,0.0430715657,0.0515490282,0.0068903334,0.41743208,0.1749971635,2.6771167078,0.2914804706,0.0229172407,0.2446056854,0.4412009516,0.2670075391,0.0240361077,0.0148401827,0.9660823928,0.0237047472,2.2000523223,0.2033012184,0.6430914408,0.1395686054,-0.0010057274,0.0006311415,0.0004391013,0.0002676167,0.9396817742,0.0332877115,2.2579656326,0.2742098106,0.6285102327,0.1535743989,0.1587000947,0.0234443262,0.1434527087,0.0167650748,0.9260559375,0.0258829987,2.5177893997,0.3436857899,0.8189840588,0.1814843698,6.231701408369711,1.1920282188797862,-1.5249803378551632,1
299,296.29541364431714,10862,72,36.65935920641386,0.27005,0.0356335165,0.1834831385,3.1728227006,0.5347106587,0.23575,0.0361481327,0.2883929994,2.8150083826,0.039765186,0.4942,0.0379586617,-0.0168966802,2.9951437326,-0.2584223516,0.0307,0.0100254676,0.2043261535,2.278323808,0.0755076308,0.4240865385,0.1228013648,0.9326392942,1.8444511167,0.0196049864,0.118125,0.0846406076,0.9373679961,2.2477953785,0.564374941,0.4577884615,0.0550691302,0.6638594752,2.4496107265,-0.2361698276,0.0415865385,0.0096392732,0.0214890554,2.5816707462,0.0694225405,0.4964077905,0.3010170203,0.0017945346,0.0012435842,0.947538041,0.0463340131,2.2543856694,0.625408404,0.0035776998,0.4098293972,-9.5421e-06,2.68156e-05,3.78621e-05,2.27899e-05,0.1399472167,0.1452795028,2.9659495582,0.4308773983,0.0387587837,0.2106635829,0.4918225,0.0220557106,0.0382917651,0.0023403735,0.1237146204,0.1221715326,2.8455797647,0.3854630313,0.1049722109,0.1528845201,0.4428446966,0.2744670538,0.0256072188,0.0152185871,0.9858577799,0.0065094655,2.2377640972,0.2659243873,0.6417044537,0.195893426,-0.0004698718,0.0002843273,0.0002141275,0.0001281888,0.9602552228,0.0209306696,2.3293181179,0.3718595691,0.6385007081,0.2361940612,0.1744063449,0.0493509231,0.1426613235,0.016957815,0.9498946184,0.0335718397,2.4919248289,0.3263674564,0.7912432211,0.2441341442,-1.0453145481933341,1.5978960025180444,0.31086928354880916,4
30,315.2671803409769,11757,52,37.2921786127063,0.24735,0.0305242117,-0.0793901806,2.6485774126,0.2851449609,0.2599,0.0346408718,0.1349227423,3.3843473776,0.4030075055,0.49275,0.0408862752,0.0052625845,2.4113732745,0.0077401376,0.0369,0.0109494292,0.0390565922,3.5893840282,0.7101765651,0.3684482759,0.071179756,0.717763061,2.6686682035,0.0063554938,0.1203448276,0.0842300937,0.9160528482,2.1778417636,0.5646099869,0.5112068966,0.0464591992,0.1861163953,3.0676097167,-0.158951693,0.0415948276,0.0137965378,0.4086887979,2.8759752489,0.3586789687,0.4993319953,0.302847793,0.0008278957,0.0007124642,0.9576409596,0.0392298312,2.2544422457,0.7387994746,-0.0570180007,0.4760824492,-2.8788e-06,1.06298e-05,1.53195e-05,9.6472e-06,0.0691439626,0.1126960153,2.9612706724,0.4222719167,0.0173721277,0.2231633394,0.4943675,0.0141263962,0.0355569029,0.0028616482,0.0724875609,0.0985345273,2.9258051059,0.3441766969,0.0069487957,0.1733993702,0.4621525143,0.292749273,0.0156809721,0.0100674621,0.9892580425,0.0041552928,2.3767759179,0.1398385481,0.7880431835,0.0784103006,-0.0001991242,0.0001240801,8.59706e-05,5.52115e-05,0.9686585158,0.0061119456,2.4038205396,0.1656811149,0.7739387473,0.0887360653,0.1490866524,0.0125800009,0.142780392,0.0061957767,0.9651852367,0.0040826209,2.6611833354,0.2064269026,0.9479566298,0.1005882371,-4.27824557408076,0.8680393118925838,-1.2690608700579231,4
300,938.978581935093,34746,56,37.00403892961408,0.257,0.031503968,0.1524509507,2.5069030322,0.1020862168,0.257,0.0352420204,0.287476518,3.5435618879,0.4254569174,0.486,0.0349642675,0.143495144,3.1736705685,0.2202423804,0.034,0.0081240384,-0.0778488726,3.414600551,0.4643906251,0.4945288754,0.1108834649,0.8943248428,2.201655506,-0.3489462943,0.0881762918,0.064551428,0.9017758168,3.0021550961,0.9422442445,0.4172948328,0.0578185612,0.6334483909,2.6056960508,-0.0007542598,0.039893617,0.0108346619,-0.0092827758,2.8955314955,0.2083920503,0.4976290028,0.3022829025,0.0004127921,0.0003001166,0.9217894066,0.0469607366,2.3934906411,0.4408945762,-0.0033440538,0.3330794176,-3.36e-08,6.2511e-06,9.4212e-06,5.5557e-06,0.0942968669,0.1012865809,3.0007965603,0.7523615452,0.0146806393,0.2856345131,0.5004125,0.0145868509,0.0363232176,0.0025228933,0.0401129157,0.0845519194,3.0022513514,0.408619443,-0.0024272557,0.2282645616,0.4487709809,0.30617267,0.0234067932,0.0159867514,0.9953939839,0.0023064106,2.1318222194,0.1157661946,0.5890984893,0.0908574463,-0.0001384951,9.54863e-05,5.98143e-05,4.0627e-05,0.9691092232,0.0092001327,2.5346759298,0.232232165,0.8018349394,0.0757658953,0.1546559495,0.0065828079,0.1413145614,0.0084187404,0.9634987978,0.0049191306,2.844468936,0.1948574895,0.9847836444,0.0836175968,-2.3692086309088816,-0.8132843044685476,-1.1350301462837955,4
302,113.33761223264165,4079,45,35.98981767524156,0.24135,0.0499692656,0.5892721284,2.1734552889,0.0879920295,0.2346,0.0573047991,0.7003760909,2.5306202513,0.3787504037,0.52405,0.0427942461,0.1732056161,2.9162305484,-0.0521691081,0.0337,0.010668177,0.11136967,3.537103828,0.5321076824,0.4824431818,0.1298644274,0.9365389551,1.8782273842,-0.2875184389,0.0814204545,0.0798612037,0.8967532892,2.9960536646,1.0359488798,0.4361363636,0.0655732037,0.7307136767,2.5525118481,-0.0287998738,0.0403409091,0.0107077779,0.2392044812,3.1750324446,0.3556809246,0.5003480268,0.3037021553,0.002764131,0.0019289046,0.963199479,0.0213601403,2.0413580383,0.3720553734,0.0101903555,0.2950239395,-4.7533e-06,4.76179e-05,5.78326e-05,3.48437e-05,0.3494147978,0.1843702369,2.8261989466,0.4044632258,0.0384964875,0.1919978797,0.4984475,0.0229021477,0.0414254411,0.0055566809,0.2575668784,0.1640440947,2.8746777139,0.3903760547,-0.0550025815,0.1951325486,0.4459484269,0.2705524918,0.0244070415,0.0148351118,0.9816375164,0.0070462324,2.0166751262,0.1192076175,0.5017896239,0.1026724658,-0.0006694522,0.0004098177,0.0003167948,0.0001937518,0.9640395634,0.0083685319,2.0379139128,0.1312675804,0.4859117022,0.1116360037,0.1736822504,0.0193227524,0.1496613746,0.0084533377,0.9515535577,0.0070945965,2.2862578292,0.2525555828,0.7053890958,0.1500063216,1.4358978361681607,2.4385779599463393,-2.2957737164855154,1
303,216.39537553844065,7876,60,36.396341559530704,0.2647,0.0347621921,0.0511584673,2.7276693505,0.0621348158,0.28235,0.043688986,0.3953716147,2.741592743,0.1357979749,0.45295,0.0476502623,0.3470289325,2.3101027652,0.0338400808,0.0366,0.0106273233,0.0776360747,2.8296090933,0.1468794135,0.4119444444,0.1140344598,0.8896891231,2.0463577531,-0.1141227485,0.0928472222,0.077121956,0.9340922668,2.4326595474,0.7604600592,0.4952083333,0.0502731256,0.5624933711,2.7176113663,-0.4500956855,0.0415972222,0.0137645476,0.2070860119,2.4280631908,0.2967352472,0.4950539472,0.3002801745,0.0025624776,0.0019347746,0.9463872063,0.0496408862,2.678973894,1.1894937783,0.0541409613,0.6272706909,8.863e-07,5.76548e-05,5.66832e-05,3.67253e-05,0.2828144022,0.1460514403,2.7690757176,0.5112566698,0.1267539945,0.248500156,0.4988,0.0276319019,0.0403183469,0.0029315367,0.1856335761,0.149871352,2.8758731279,0.4136613558,-0.0223357634,0.302841028,0.4515807865,0.2746619874,0.0231470096,0.0140601182,0.9781324993,0.0084588301,2.2257008731,0.1892305658,0.6950448329,0.1338550598,-0.0006630548,0.000401227,0.000295634,0.0001794315,0.9593977359,0.0116412849,2.2591464841,0.2131401419,0.6725949312,0.1399392449,0.1534744815,0.020045305,0.1432406836,0.0106361642,0.9491095869,0.008878537,2.5567157615,0.3547412029,0.880585356,0.1843015266,0.5767355966864981,1.4905783246288378,-1.5125064878670584,1
305,150.69211597796232,5619,40,37.28794942942961,0.23835,0.0402744025,0.4195627976,2.3208248683,0.0216571376,0.27345,0.0430098535,0.4372663522,2.8300359824,0.3654933933,0.4882,0.0497821253,0.4920214016,3.0465081503,-0.3251647264,0.0377,0.0116279835,0.3067589042,3.0215398158,0.421452563,0.47390625,0.0724863605,0.7491882858,3.3588416322,-0.9723297639,0.09046875,0.0525796921,0.8486262045,2.8505251502,0.7911952745,0.435625,0.0324819662,0.2029582377,2.5880481416,0.37152162,0.04453125,0.0125846741,0.2644746717,7.2408592309,1.2465773515,0.493372069,0.2990918524,0.0014888569,0.0009412348,0.9171673778,0.0662586625,2.2848335069,0.3383334565,0.0318772549,0.3888852941,-7.08e-07,6.05296e-05,6.03973e-05,3.88889e-05,0.5197804194,0.1597046602,2.7656190756,0.4774628518,-0.0190409394,0.2361057642,0.50253,0.0340048136,0.0500939189,0.0068644766,0.4651133618,0.1814908964,2.6277807928,0.2855204573,-0.021569092,0.2525132723,0.4510010468,0.2746268033,0.0211653411,0.0123029178,0.9810607833,0.008645772,2.2664977895,0.2530908183,0.6832719907,0.1412774774,-0.0005899036,0.0003532674,0.0002294829,0.0001376609,0.9492657367,0.0104518157,2.8947156008,0.4892486172,0.9210291648,0.2208715303,0.1360571261,0.0182291392,0.1349361967,0.0148095498,0.9384313882,0.0129315029,3.363554503,0.6188246106,1.1442598016,0.2155913741,4.041013046893591,-3.6150683310303195,-1.6612230144659632,0
307,441.6710011522288,16155,68,36.57699952646863,0.23555,0.0348847746,0.3843588371,2.8237201515,0.1402875832,0.24125,0.0363825164,0.4287714048,3.5668732109,-0.3086547869,0.5232,0.0370102688,0.2986800052,2.5218604387,-0.1568189142,0.0378,0.0113428392,0.2707286315,2.834467582,0.3459054996,0.44328125,0.112079836,0.9141648148,1.8753868179,-0.1028878791,0.1017708333,0.0785147915,0.915618325,2.1472887608,0.641354848,0.4549479167,0.0492786232,0.5169617571,2.3279034916,-0.314713476,0.03734375,0.0116581768,0.1597531131,3.6267360048,0.4365057068,0.5001351134,0.3031219901,0.0014523503,0.0009279631,0.9353412624,0.0504309453,2.2511820809,0.3941590043,-0.1253246945,0.3428037368,5.2409e-06,3.2723e-05,3.57765e-05,2.08153e-05,0.1730523935,0.1036421645,3.0693872301,0.5585514708,-0.0276068993,0.3361373952,0.5071,0.0216097952,0.0374499713,0.0023888067,0.1314895677,0.0967244826,3.0433008693,0.5420484484,-0.0334310555,0.2840663526,0.4409735202,0.2711562928,0.0213276056,0.0134120531,0.9845660032,0.005522387,2.2951281896,0.2052567214,0.7032860899,0.1298327074,-0.0004195388,0.0002449451,0.000192015,0.0001207619,0.9649412457,0.0078350605,2.3772450236,0.2179810773,0.7231145414,0.1365739967,0.1589182838,0.022870924,0.145596435,0.0085835477,0.9566683588,0.0056747547,2.6243039552,0.2250782678,0.9070874697,0.1352668159,-1.2171542027725828,1.4356701672658243,-1.6276059783218795,1
309,185.94205931980696,6699,6,36.027351877813736,0.2366,0.0308292069,0.2178460324,3.0688446216,0.1124963982,0.28985,0.0324611691,0.14286212,2.3351499677,0.4257516236,0.47355,0.0349663767,-0.0840866351,2.4685501678,0.0606484458,0.03225,0.0096533673,-0.0647582946,2.1234624379,-0.0574230669,0.429,0.0951393715,0.8536578181,1.9474632519,-0.0669749529,0.0915625,0.0733083972,0.917483797,2.4781607075,0.8059985612,0.4794375,0.0458052518,0.366355223,2.2159226794,-0.0865088518,0.041625,0.0128397576,0.0578299391,2.9493583935,-0.0702043978,0.4951183966,0.3007918176,0.0020342491,0.0016505985,0.9415288311,0.0446674538,2.4784752406,0.5580055812,0.0669394833,0.4403466231,1.37032e-05,2.6051e-05,4.55642e-05,2.9716e-05,0.2496816751,0.1401286157,2.9492593825,0.339291744,-0.0171748822,0.2247431223,0.5051675,0.0181706995,0.0390511193,0.0037643334,0.1847067469,0.1465274523,2.8514706407,0.3755483505,-0.0473049737,0.2033994853,0.4420092697,0.2683998668,0.0247745958,0.0151311639,0.9817053007,0.0065887989,2.2090008774,0.1588050448,0.6822635627,0.1209465077,-0.0006107829,0.0003711177,0.0002781187,0.0001701237,0.9644797742,0.0112530101,2.2528306771,0.1949273043,0.6889480829,0.131440708,0.1508424158,0.0173549308,0.1485533245,0.0102643013,0.9520010907,0.0100592988,2.6772705563,0.2963747067,0.9477296721,0.1437526422,-0.9538123076460568,2.2845958589219335,-1.529542432939396,1
31,445.2655192727985,15761,12,35.39685719599543,0.26155,0.0292804969,0.0250013431,2.4762118436,0.004515704,0.26745,0.0317529133,0.0679851528,2.6797636416,0.1483196969,0.471,0.0349213402,0.1032548747,2.8228908365,-0.048888647,0.03355,0.0088964881,0.0043471544,2.5009402991,0.0583556595,0.4182051282,0.0784722215,0.7805018526,2.0409619304,0.0662157314,0.0782051282,0.048178184,0.811114346,2.7245710895,0.6795943632,0.5035897436,0.0469171217,0.3375251746,2.6662123564,0.046536335,0.0483760684,0.0110907111,-0.1294658736,2.5157567603,-0.2874902446,0.4946992185,0.30120422,0.001066355,0.0007631063,0.9252555446,0.0550262222,2.2322512476,0.4255480486,-0.1165280804,0.3523019673,4.6709e-06,2.78688e-05,2.52313e-05,1.49826e-05,0.0521737969,0.1633217939,3.0599870941,0.4022780442,0.0218731017,0.2507219134,0.5006975,0.026628394,0.0364219384,0.0035244902,0.0528447845,0.1355821521,2.9980947476,0.4991191307,0.037014847,0.2385683158,0.4468270914,0.2818779082,0.024526154,0.0151777039,0.989486813,0.0054595224,2.0725568491,0.202916369,0.5514477571,0.1662663948,-0.0003371346,0.0002093801,0.0001628133,9.9076e-05,0.9601577105,0.0464702647,2.1381382107,0.2309430826,0.5445760411,0.2000064383,0.179637988,0.0626309553,0.1431321129,0.0207468729,0.9387273949,0.0858852719,2.4407733358,0.2382291004,0.7823963324,0.1950098851,-2.5961960460969977,0.48546074134453776,1.6218491293670492,4
313,801.3341959357336,29403,16,36.69255617584813,0.246,0.0341833293,0.1655886712,3.1855911735,0.4881554336,0.23095,0.0307952513,0.0534276415,2.9808278777,0.0867192939,0.52305,0.0370937663,0.0975401806,2.4269134884,-0.5396265945,0.0414,0.0097488461,0.0311812039,2.2606106307,0.1463395156,0.3841637011,0.0817910816,0.8401365109,2.2035007644,-0.0574437787,0.0998754448,0.0730261163,0.9141263896,2.2173667773,0.6298784726,0.5159608541,0.0349779071,0.1852234204,2.8977538081,-0.0760699649,0.0440569395,0.0117013685,0.0392100545,3.6772922252,0.4208329189,0.5006192202,0.3037828404,0.0004787965,0.0003150707,0.9489744249,0.0401520873,2.2660905477,0.614883275,-0.0739446915,0.5127949269,-1.872e-07,5.0956e-06,9.0787e-06,5.4783e-06,0.0236543504,0.1092784205,2.8531542062,0.4244796645,-0.0674760966,0.2465670363,0.5004475,0.0166274282,0.0354201394,0.0027211395,0.0146735679,0.1058978985,2.7850801186,0.3533518668,-0.0979709238,0.2471536875,0.4543550713,0.3137592091,0.0202014131,0.0134540781,0.9949199983,0.0022433045,2.2115395736,0.1395075383,0.647780205,0.1376893863,-0.0001069183,6.46995e-05,5.01874e-05,3.2698e-05,0.9694486456,0.0029946718,2.2720091036,0.1468083549,0.6179611213,0.1519587981,0.1799258924,0.0305187394,0.1422975386,0.0088403999,0.9649957238,0.0047350344,2.3708789736,0.2294619109,0.7217519674,0.1922871197,-5.222128634812877,0.5909864802478907,0.383104088975758,4
316,132.91150041647737,4908,28,36.926827134001286,0.2374,0.0418537931,0.2019499604,2.463329643,0.1441842035,0.2701,0.0392172156,0.2386830914,2.4736418908,0.0175095747,0.4925,0.0434309797,0.3233626264,2.2283937199,-0.0574023834,0.033,0.0133229126,0.1908035614,3.0679785757,0.3977051948,0.5488202247,0.140186518,0.9080560836,2.896660201,-0.7661748937,0.1081460674,0.088905271,0.8777970041,3.7020638258,1.1819235671,0.3430337079,0.0614141311,0.6613661878,3.1695769416,0.1237023339,0.0411235955,0.0110604267,0.1817879945,3.2624053076,0.2256552222,0.4901647691,0.2983129665,0.0024876373,0.0021883756,0.9161251441,0.0618195762,2.3335101013,0.5406591341,-0.0118616039,0.2759398025,1.71372e-05,5.27991e-05,8.22207e-05,5.42643e-05,0.4812418366,0.187760738,2.6921675401,0.4577076244,-0.0599222624,0.2960681205,0.505435,0.0224113147,0.047772145,0.0077615021,0.4062811341,0.1788828454,2.8190337913,0.4666037208,-0.1188714334,0.3014726167,0.4395042932,0.2669097184,0.0245452071,0.0148329115,0.9764789132,0.0078040864,2.3397115352,0.1452461982,0.7336272649,0.0891094233,-0.0007763177,0.000472744,0.000320049,0.000193608,0.9411432166,0.0418487252,2.7400069916,0.510444666,0.8752814181,0.1815124209,0.1450674054,0.017539466,0.1406905699,0.0145611313,0.9380582761,0.0320979625,3.0105229494,0.4848673304,1.0478619624,0.1638161739,5.454505130516538,-1.1078476389408505,-2.239510603527289,1
317,1148.2396694797371,41462,4,36.10918617607617,0.2455,0.031004032,-0.0281779181,3.0529976106,0.2243258716,0.24215,0.0273336331,0.0396043404,3.1990689345,0.0390437084,0.51235,0.0347955098,0.0076733318,3.1444746129,-0.3795552147,0.03635,0.0112662105,-0.0323315427,2.9353000715,0.134429604,0.3828353659,0.0810988389,0.8426950628,2.1294244383,-0.1224317192,0.0965091463,0.0734064024,0.9041414475,2.6965432574,0.7911026419,0.5206554878,0.0383455116,0.1418363302,3.2787846401,0.1912781325,0.0433841463,0.013170273,0.274062715,2.9396050909,0.2471346107,0.4993240384,0.3039780023,0.000365628,0.0002856892,0.9502838766,0.0352466335,2.3880646148,0.376114827,-0.0105704263,0.4814282979,-6.121e-07,2.6106e-06,6.9383e-06,4.1987e-06,0.0407641094,0.1157040624,3.0684815132,0.4672547697,-0.0040504366,0.2255699559,0.4975275,0.0119133379,0.0360633641,0.0030381559,0.0374888618,0.12891246,2.8879961217,0.4930828432,0.0628299145,0.2078516756,0.4671217183,0.3314588878,0.0142413497,0.0118980237,0.9885230962,0.0157824713,2.1336038273,0.1486305248,0.540217878,0.2305246313,-5.86569e-05,5.15966e-05,3.00563e-05,2.28553e-05,0.9112784309,0.1342023073,2.0939562686,0.0606756789,0.4518318543,0.186230681,0.2510454516,0.1082201292,0.1370931727,0.0476558733,0.8516383047,0.2628360602,2.0923286213,0.2414183932,0.4624726224,0.1301569163,-6.50865144885787,-0.9275235537689961,7.994220385519162,4
319,541.8406762551973,19611,36,36.19329603590626,0.25395,0.036015934,0.2348104997,2.5927145256,0.0103476705,0.2662,0.0371626156,0.2782395752,3.1122701768,0.3100697026,0.47985,0.0398400238,0.1193150928,2.6227964211,0.2687270814,0.0372,0.0095739229,-0.0278644236,3.2681546736,0.4978612087,0.5577061856,0.1242649367,0.88615828,2.7004712083,-0.7107520398,0.0663402062,0.0538158154,0.8608040676,4.3399840478,1.3113139217,0.3759536082,0.0779736468,0.7617101394,2.4521076872,0.4178286304,0.0351030928,0.011340089,0.0881853306,4.2783062064,0.568318139,0.4971189177,0.3027706359,0.0007753722,0.0005625707,0.9384010983,0.0388529092,2.3151620906,0.4626435575,0.2688902828,0.2778749608,-7.5665e-06,1.41235e-05,2.14018e-05,1.35766e-05,0.3678177989,0.1681037232,2.814241026,0.5760649714,0.1193511806,0.3256034504,0.48242,0.0253608083,0.0429862553,0.005516326,0.2986734158,0.162874758,2.7422070396,0.5151391239,0.1122637824,0.2884536555,0.457862014,0.2990743315,0.0198135842,0.0123117983,0.9923606606,0.0031354518,2.1687063848,0.1891931468,0.5899444034,0.1842176278,-0.0002074349,0.0001298757,7.97736e-05,4.66405e-05,0.9519571746,0.0254110429,2.8444050661,0.3637505587,0.845397163,0.2108781013,0.1597408922,0.0731654812,0.1235015663,0.0182344672,0.9470955346,0.0337640225,3.1484522995,0.4953309958,1.047587658,0.2515128906,2.0284276084750905,-5.417952759470029,-0.5674040622748611,0
320,359.7663009338027,12798,34,35.573092773786065,0.24725,0.0307601609,0.0998347865,2.6323793551,0.1170969878,0.24135,0.0280611386,0.1349648216,2.7441839396,0.0335899928,0.5114,0.0351715794,-0.0823858745,2.9624296064,0.3262382951,0.0374,0.0098610344,0.0790513509,3.254800321,0.4052072923,0.4166326531,0.0829641412,0.8083963829,2.0547988053,-0.1910481859,0.0902040816,0.0662860159,0.8991026687,2.3039286218,0.7137821726,0.4931632653,0.0386070454,0.1267121597,3.7536151703,-0.3157339124,0.0442857143,0.0128173989,0.1258345992,3.6644226689,0.624082371,0.4986438361,0.3029227609,0.0010493381,0.0007434314,0.9435842607,0.0407673727,2.6113198152,0.5569153094,-0.0131640831,0.5785375602,3.5614e-06,1.758e-05,2.3056e-05,1.42025e-05,0.1123159834,0.1794933918,2.8467640713,0.4766258037,-0.0114574521,0.2293835248,0.5030275,0.0224191686,0.0373865738,0.0027058683,0.0895589853,0.1457834247,2.9553836898,0.4751824951,-0.0566597043,0.2305157891,0.450627662,0.2816448162,0.0220072533,0.0135068476,0.988726972,0.0041983399,2.2859979108,0.2007847496,0.7244610737,0.121152382,-0.0002968568,0.0001797374,0.0001382406,8.50727e-05,0.9695225322,0.008540028,2.2155158355,0.2400173319,0.6623285791,0.142288955,0.1692030057,0.017021973,0.1518488205,0.0067416678,0.9648359421,0.0058361136,2.2903211801,0.2135425967,0.7549618283,0.149681275,-3.5268759658107682,1.628369102954506,-1.019438151592722,4
323,550.0299117898276,19848,54,36.08531022506306,0.23755,0.0342234934,0.1186504566,3.2388810349,0.4951984727,0.27575,0.0316415471,-0.1222650483,2.4129657607,-0.0627177669,0.4867,0.0392506051,-0.0072484146,2.9392866875,-0.0205395498,0.03285,0.0080391231,-0.0070765964,2.7892852877,-0.2780573329,0.3853846154,0.0847933734,0.8471372494,2.1930996286,-0.2815941623,0.0907371795,0.0761825668,0.9218755416,2.331660402,0.7742594407,0.5238782051,0.036336981,0.1553961285,3.0787559893,-0.2626654493,0.0505128205,0.0140646343,0.2252814454,3.0578216734,0.2165881181,0.4988084206,0.3028134654,0.0007805538,0.0006071751,0.9474380742,0.0306257716,2.3033876116,0.4364010304,0.1175085668,0.4477356792,3.477e-07,1.0147e-05,1.59732e-05,9.7706e-06,0.0269007283,0.1235707532,2.8981228362,0.3239114026,0.0196181509,0.2241828824,0.5007925,0.017882046,0.0371433263,0.0024576795,0.0363937935,0.0697779319,2.8797428872,0.382808725,-0.0106573075,0.1665101176,0.4663080571,0.302316755,0.0132229579,0.0091725414,0.9858228064,0.0140007833,2.3255115488,0.1874255186,0.6805192939,0.2404546378,-0.0001491609,0.0001078908,6.56965e-05,4.33315e-05,0.8897021513,0.2401823012,2.3251450566,0.3229548218,0.6801067405,0.1974511943,0.1885129225,0.0989133614,0.1357724571,0.0333296238,0.8688065729,0.298605416,2.500984226,0.3319011906,0.8042711119,0.2936850736,-4.235230086217794,-1.7954500794912407,6.007092015383639,4
326,376.4769800620113,13833,6,36.74328241190605,0.2534,0.0371677279,0.0911035475,3.1998663071,0.3810013303,0.2248,0.0331581061,0.3642751791,3.3651778721,-0.1690480054,0.5218,0.0382002618,0.1254875084,2.566999143,-0.0004634749,0.0434,0.0100717426,0.0024261821,2.5335852991,0.1698265719,0.4396638655,0.1298022593,0.9406466294,1.8855572562,-0.0072666564,0.0855462185,0.0737352461,0.9155777075,3.1017063301,0.9795409716,0.474789916,0.0714801346,0.744976147,2.4353543692,-0.3283417016,0.0458403361,0.0117451819,0.167784043,2.7592483194,-0.1436938938,0.4957911518,0.3005813083,0.0016398209,0.0011472367,0.9336075831,0.0581231066,2.4653136698,0.6393767813,0.0342528738,0.3758008054,-1.273e-07,2.65133e-05,3.87786e-05,2.28258e-05,0.1959677432,0.1357078228,2.9838089324,0.5927805548,0.0023281361,0.2212513836,0.504035,0.0221292064,0.0371267468,0.0044437224,0.1227715777,0.127185052,3.1886372876,0.5697065153,0.0701130713,0.3150065275,0.4478192046,0.2731842829,0.0242413666,0.0143101603,0.984155003,0.0065760544,2.250803913,0.2756128532,0.6964618399,0.165111511,-0.0005183521,0.0003096157,0.000225907,0.0001335455,0.96519852,0.0081578728,2.3119836694,0.2640061125,0.7028743222,0.1616132175,0.1552950719,0.0183976612,0.1436563735,0.0088715388,0.9551641772,0.0096664789,2.6439092598,0.2587248805,0.9247305181,0.1477804261,-0.5730230536294796,1.6703220850332392,-1.971436919549528,1
328,150.21679129304567,4960,56,33.018945201165565,0.2299,0.037696021,0.437401904,3.7838954328,0.4223563052,0.24255,0.033447683,0.1980670203,2.6487283948,-0.2450927154,0.52755,0.0359339324,0.236500407,2.5674625122,-0.2424239573,0.03815,0.0108548376,0.1765977863,2.7889387345,0.0813325893,0.4907142857,0.141477625,0.9337439551,1.8329636773,0.0117042314,0.0861428571,0.0826272673,0.8962672754,2.6140426134,0.9382113504,0.4231428571,0.0781672722,0.8320532722,2.3937537838,-0.4025492603,0.0418571429,0.0104939244,0.3426720459,2.2178421569,0.0136461164,0.4885915677,0.2962913773,0.0027788616,0.0017610996,0.949286557,0.0330472769,2.171495612,0.4123042532,-0.1896546168,0.354495719,6.2917e-06,5.9677e-05,7.10296e-05,4.03632e-05,0.373003615,0.1408721652,2.839717672,0.6175897126,-0.0411686431,0.2384871855,0.50995,0.0302492066,0.0437477557,0.005611762,0.2861017043,0.1279896554,2.8093102476,0.4446599766,-0.0091007153,0.2135271878,0.4464752271,0.271532282,0.0211379337,0.013062171,0.970794932,0.0121344056,2.4032681403,0.1709051728,0.7964506744,0.0923229433,-0.0007917343,0.0004735523,0.0003328231,0.0002068803,0.9512887331,0.0175572911,2.4625579009,0.1973015919,0.7953701341,0.1012639161,0.1475314179,0.0172041704,0.1417140534,0.0126774912,0.943588016,0.0099332177,2.8002285643,0.3707879134,0.9816557831,0.1646224986,2.4704873971213894,2.208090906442865,-2.9246975908688433,1
329,398.2058463326183,14995,42,37.65640343581192,0.229,0.0273861279,0.0626210286,2.9349653333,-0.253851148,0.26355,0.0372913864,0.2879928528,3.1719493207,0.0215702484,0.50745,0.0351887411,-0.0151556209,3.41765504,0.427172643,0.04115,0.0096657902,0.0387619893,2.8215084219,0.4206898756,0.3882421875,0.0732519993,0.7753614396,2.0932425533,-0.1262228421,0.07765625,0.0583729172,0.8976167367,2.2428130057,0.6516044573,0.5341015625,0.0368295991,0.0060885282,2.5200063861,-0.1121005253,0.04984375,0.0125613728,0.1516625268,2.9407655221,0.5024341128,0.4978047047,0.3022063878,0.000869062,0.0006975283,0.9443939577,0.0381699433,2.0932855378,0.4349844261,0.0039612864,0.3327930593,-2.1085e-06,7.8096e-06,1.68207e-05,9.9364e-06,0.1047368551,0.1487701323,2.8334930454,0.330411854,-0.0684585042,0.2373867392,0.497225,0.0151781545,0.0364769659,0.0024246564,0.0500436395,0.1198761737,2.933447413,0.3274737678,-0.0034283647,0.2442239019,0.4544984204,0.2902434541,0.018291443,0.0115739594,0.9909797048,0.0027593331,2.3007470902,0.1340663297,0.6934166917,0.084779786,-0.0002438036,0.0001547932,8.78816e-05,5.56125e-05,0.9571909875,0.0057591557,2.9797949314,0.19367505,0.9299965239,0.0715188008,0.148524372,0.0090082007,0.1334232415,0.0058617384,0.957321301,0.0061376983,2.9786331236,0.1798495354,0.9989029845,0.0950348551,-3.7176985913467258,0.09726735231203634,-2.2825662881957487,4
33,677.5446293317347,25187,12,37.17393498468441,0.2687,0.029271317,0.0585986429,2.5212548489,-0.2648028449,0.23515,0.0293211101,0.2640036037,3.0839004325,-0.0747032071,0.49615,0.0316611355,0.180942967,2.6995861107,0.3822344498,0.03415,0.0096450765,-0.1443372403,3.5277827442,0.2998964007,0.3716438356,0.0782458431,0.8154806216,2.0438693409,-0.0101124841,0.112739726,0.0723261943,0.9110831278,2.0850539718,0.5258533333,0.5156164384,0.0376532959,0.1264710163,2.9597332361,-0.0489583034,0.0426027397,0.0126177447,0.1956491427,2.876664659,0.2861642029,0.4994302935,0.3035765692,0.000467372,0.0003497955,0.9174516233,0.0612750782,2.6438792877,0.5967017587,0.0891435283,0.488632049,-1.12e-07,4.7733e-06,1.09587e-05,6.7209e-06,0.0203290983,0.1021098561,3.0242288537,0.4162829035,0.0467918067,0.2595725916,0.50033,0.0120502842,0.0349129515,0.0023382835,-0.012955715,0.107591972,2.9498648418,0.402989051,-0.0682346485,0.2286682278,0.4619633872,0.311950436,0.0164518486,0.011033637,0.993915015,0.0020596575,2.1629004158,0.161805723,0.5851826945,0.2085075946,-0.0001107062,7.48514e-05,5.15317e-05,3.36107e-05,0.9213396251,0.1337570814,2.3229708681,0.3990013027,0.6033502154,0.1147805567,0.2051660668,0.0920676132,0.1342279395,0.032462341,0.8939053933,0.1919204788,2.4263977811,0.3540711115,0.7254464024,0.1401685841,-5.086609722698343,-0.9305463743447506,5.284313431844285,4
331,1105.0125253846886,40853,12,36.97062165496977,0.25525,0.0318463106,0.044255912,2.4850372004,0.000792422,0.24825,0.0346220667,0.1499400545,2.7955156793,0.2627577317,0.4965,0.0390096142,0.068696913,4.7526770324,0.310358087,0.03545,0.0099773493,0.076025304,3.1155391599,0.1251180272,0.4176650943,0.1021512526,0.8960917091,2.0236446611,-0.205885849,0.0912382075,0.0750491182,0.9300609788,2.6436718171,0.8706716821,0.4910966981,0.0451730174,0.4680116681,2.5645346558,-0.259069607,0.0455896226,0.0124150504,0.1124692855,2.9962257864,0.2783156182,0.4975188763,0.3025814847,0.0003902853,0.000239719,0.9657272494,0.0223230654,2.2401749086,0.5258130721,0.1872962042,0.4272322674,2.596e-07,2.0564e-06,7.2661e-06,4.4275e-06,0.0128596499,0.1217914643,2.9468776795,0.5284334009,0.0312444933,0.2510540809,0.501425,0.0079983045,0.0354605451,0.002096722,0.0063047806,0.0870970599,2.9688940756,0.4111143189,-0.002773688,0.2572205897,0.4599426758,0.3251279188,0.0189174109,0.0127944082,0.9963424635,0.0019921303,1.9982813426,0.1046507976,0.4211415183,0.1582747599,-8.59443e-05,5.72116e-05,4.00115e-05,2.49854e-05,0.9515414981,0.0466416848,2.3189431133,0.0754186189,0.560106525,0.1950703323,0.2172300416,0.0869336036,0.1276887521,0.0294743021,0.9105232205,0.1233706806,2.4778476849,0.0961500272,0.6457538754,0.265479023,-5.723684944092516,-1.0060378893259658,4.175671525424378,4
332,116.33082979493422,4446,12,38.21858752178872,0.3098,0.0491880067,0.5557592686,2.8332464179,-0.2004758746,0.26265,0.0454722718,0.4381389452,3.3369397984,0.3709596249,0.42755,0.0351887411,0.1538447384,2.4161574901,0.1067666316,0.0325,0.0089861004,-0.1123160341,2.8364596613,-0.3152443461,0.5641447368,0.1314854108,0.9225312882,1.8440456773,-0.0184551639,0.0754605263,0.0608231779,0.8306724291,3.7716816869,1.042976944,0.3603947368,0.0810326573,0.8302080729,2.1898140515,-0.2360806496,0.0410526316,0.0099774677,-0.0406704184,3.950285913,0.2850725402,0.4942874959,0.3003404713,0.0023020107,0.0015233519,0.9251745585,0.0594362301,2.5017353004,0.5286332561,0.0399882125,0.4803866588,-1.18059e-05,4.75786e-05,6.95517e-05,4.07591e-05,0.3076209569,0.1424671204,2.879276779,0.3356049824,0.016971748,0.2752395519,0.4899425,0.0233374231,0.0431458675,0.0036582778,0.2498859076,0.1523333886,2.7307992793,0.2843064229,0.0312952753,0.2113438725,0.4476876061,0.2726821044,0.0241162235,0.014418107,0.9718802598,0.0148648199,2.0986761119,0.2554980102,0.5985439288,0.1985503965,-0.0009528368,0.0005672733,0.0004464559,0.0002685319,0.9590611293,0.0194052948,2.0963283963,0.2509623757,0.5779674066,0.2042473028,0.1598763762,0.0310658438,0.1491439539,0.0143397992,0.9416249271,0.017611839,2.4938745544,0.3770455156,0.831508164,0.2238648465,3.4780402912966877,0.8576513917401286,-0.31535452785563883,1
336,115.66459618436488,4329,20,37.42718293071929,0.24445,0.0402361467,0.5433636436,3.2722692061,0.2778649317,0.30315,0.046220423,0.537894305,2.9878359529,0.0777450559,0.4524,0.0452685321,0.4894382328,2.8929170555,0.3764214836,0.03395,0.0108234699,0.0465558727,4.3074958213,0.7621972593,0.4612878788,0.1111009322,0.924146302,1.8219255871,-0.037844808,0.0845454545,0.0706127257,0.8454744054,3.236816384,1.1191200932,0.4541666667,0.0637263523,0.7498671608,2.310497923,-0.125641008,0.0449242424,0.013385101,0.2793624699,2.5217524051,-0.0075031861,0.4961626393,0.3013528762,0.0026858933,0.0020870957,0.9251164582,0.038476378,2.5728206866,0.5793804829,-0.1367288274,0.407000302,-1.64643e-05,8.84e-05,8.60067e-05,5.61712e-05,0.4168197953,0.146810339,2.8696524766,0.5872761668,-0.042613163,0.2873457402,0.489435,0.0354950247,0.0448488604,0.0065298334,0.3389188178,0.1515851916,2.8675206445,0.4111490013,-0.0511531043,0.2663834091,0.4551091113,0.2762201339,0.0184388349,0.0112372157,0.9623294416,0.0166331768,2.3166078549,0.2109440948,0.7395450298,0.107435785,-0.0009064305,0.0005519485,0.0004013269,0.0002454119,0.9503729985,0.0134244473,2.3152407188,0.1899626021,0.7221406255,0.1041125262,0.1524358256,0.0208982862,0.1461629314,0.017411943,0.9414170715,0.010947484,2.5521784772,0.2746816318,0.9066373862,0.1475005596,3.689368810201702,0.8571269059387674,-1.8220798523868482,1
337,606.9930539356919,22540,48,37.133868095940365,0.2288,0.0312259507,0.0952922744,2.5525528798,0.1069703164,0.2725,0.0350035712,0.0972477064,3.5377988769,0.2694801841,0.4987,0.0419500894,0.2685868972,3.1154038647,-0.0339257919,0.03825,0.0088140513,0.1536469958,3.1358002238,0.2438419804,0.4515517241,0.1089342959,0.9074183735,2.114420466,-0.3264462612,0.0837684729,0.068109305,0.92669747,2.9134766592,0.9620161427,0.464679803,0.0540549888,0.6029962434,2.3300573497,-0.3171758035,0.04,0.0109970887,0.0269151139,3.0056640714,0.0777839635,0.496507769,0.3026067987,0.0007059451,0.0005065004,0.9478790213,0.0340717885,2.508665949,0.325379287,-0.0391039759,0.4490256578,-3.519e-07,1.11151e-05,1.44116e-05,8.8644e-06,0.0872474775,0.1183430045,2.9800357401,0.3786846632,0.0415416796,0.2077728511,0.494605,0.0235354886,0.0366813079,0.0035646042,0.0646804618,0.1070355871,2.9936999157,0.4944355743,0.0690285924,0.254225979,0.4464547671,0.2953237615,0.0231837079,0.014548061,0.9929598895,0.0028318747,2.2851915855,0.1617322741,0.691435833,0.1447741931,-0.0001586575,9.95058e-05,7.9935e-05,4.94976e-05,0.9725766024,0.0079550002,2.106051143,0.2287043969,0.5659406045,0.2319250573,0.1877038315,0.040853253,0.1563681281,0.0129276623,0.9675815322,0.01044944,2.1773467102,0.269698861,0.6649696445,0.2600804501,-2.626853618487846,0.8391013529942717,0.10498844229341443,4
338,651.986909549271,23912,10,36.67558297532499,0.25355,0.0350805858,0.1811859937,2.6149917336,-0.0702977933,0.2713,0.0375207942,0.2087659345,3.6409358135,0.5332960577,0.47515,0.0425173788,0.033317381,3.2490004903,-0.0897703041,0.03145,0.0089525136,0.0056106814,4.264544718,0.2816079046,0.5195862069,0.08908443,0.8411772983,3.3105800722,-0.7956580216,0.1227241379,0.0853370181,0.9140867645,3.02683451,0.9233894521,0.3576896552,0.0336053192,-0.0243954689,2.4391192964,-0.0683498539,0.038137931,0.0116699559,0.076223565,2.9398902689,0.3525647463,0.496947161,0.3022738548,0.000724717,0.0004852989,0.9479615074,0.0398808847,2.2445492046,0.5673968883,0.0597388329,0.4407399443,-1.1221e-06,9.6041e-06,1.49427e-05,9.1777e-06,0.2192145604,0.144399943,2.7176014535,0.3275793214,0.043955224,0.1922227564,0.4979075,0.0225454057,0.0415572469,0.0042818056,0.2253072079,0.148392986,2.8194535086,0.2956132668,0.0276411196,0.1836904929,0.4555165768,0.3001789768,0.0192697306,0.011846677,0.991405949,0.0044014954,2.3837654143,0.3023543027,0.7415904145,0.2225111873,-0.0001472699,8.49532e-05,6.86118e-05,4.28862e-05,0.953745006,0.0272636892,2.3715583641,0.4620458834,0.6644108389,0.2512852139,0.1920142775,0.0521014278,0.1401040266,0.0263050099,0.9470832752,0.0501112945,2.2274109946,0.2487176229,0.6224906,0.1558599992,-1.3921607532994928,-1.8388518384927264,2.3055755854971185,4
339,201.28342143632685,7559,62,37.55401188066143,0.24405,0.0339315119,0.2056713028,2.9023901607,-0.0066309803,0.2709,0.0396382391,0.2493358026,2.745793797,0.3829859105,0.48505,0.0398967104,0.1284340207,3.0608716476,-0.2628514874,0.03525,0.0096014322,0.0264987529,3.0404748061,0.1492362106,0.5221276596,0.1534280089,0.9381042733,2.2354250828,-0.4903445438,0.0810106383,0.0774582241,0.8988250864,4.4300819573,1.4189563905,0.3968617021,0.0864857141,0.8709417501,1.8894030358,0.0194281001,0.0427659574,0.0107093373,0.0381856435,2.8731746521,0.4400190542,0.4921248743,0.2986998285,0.002588785,0.0021930314,0.9205002431,0.043191888,2.5193434826,0.6001536151,-0.0552799905,0.4575814891,-1.93344e-05,5.89458e-05,7.00988e-05,4.71065e-05,0.2764163764,0.1444138241,2.8703935144,0.4526994756,0.0757271138,0.2110209132,0.4861075,0.029827501,0.0396428985,0.0047219403,0.2397098609,0.1653062156,2.7419401119,0.280818475,0.0858179917,0.2251424243,0.4400651326,0.2664194414,0.0265306134,0.0160698756,0.9745914472,0.0088724501,2.32335662,0.1651422952,0.7409218608,0.1038403338,-0.0008944187,0.0005572979,0.0004146371,0.0002496016,0.9583992205,0.0147458712,2.3174149788,0.2028386925,0.7186616855,0.1231265797,0.1549762299,0.0172836957,0.155056476,0.0119038701,0.9472454994,0.0090525948,2.6503866444,0.3458874802,0.9330379316,0.1518247768,3.5865595625375972,1.9342545913684803,-2.4620769704343854,1
34,445.44247721179056,16662,18,37.40550318482058,0.23705,0.0359450622,-0.0328218439,3.3025480682,0.2839312713,0.23815,0.0504958167,0.7215747716,2.7267586518,0.0856593606,0.5248,0.0526399088,0.4319631965,2.6415273107,-0.3413640752,0.0392,0.01203578,-0.0185265563,2.6259478342,0.3043734211,0.5456220096,0.0947022314,0.8484034911,3.4253782547,-0.8635221895,0.0826555024,0.0597262974,0.8789371502,3.761670565,1.0976893407,0.371722488,0.0491667363,0.4281148693,3.1463976855,0.2088594571,0.040861244,0.0094451264,0.07835099,2.9952153933,0.3006338164,0.4966756046,0.3013960367,0.0006447036,0.0004493153,0.9432017141,0.0275708876,2.3635649398,0.4861032146,0.0253821421,0.4481402174,2.1025e-06,1.0548e-05,1.59284e-05,9.5303e-06,0.2559844027,0.1806118017,3.0093230079,0.3858536273,0.0185946854,0.2864174702,0.50414,0.0200360525,0.0409278671,0.0044217296,0.1990821591,0.1504624106,2.9438687283,0.4184943473,-0.0223928259,0.2031217243,0.4574226945,0.3028751439,0.0186010091,0.0120106403,0.9935133457,0.0025543903,2.1312519905,0.1160873071,0.5489577562,0.1589183738,-0.0001525643,9.81707e-05,6.23832e-05,3.92987e-05,0.9443257266,0.0561388831,2.6149810906,0.3031303445,0.7445562774,0.2546252976,0.1747992573,0.072609686,0.1270182859,0.0267330425,0.9257047736,0.098406883,2.8397636848,0.3277452218,0.8996434529,0.2828790242,0.27273689103071763,-4.142178238772027,1.268598795596563,4
340,378.97453289832447,13779,40,36.35864366563329,0.2417,0.0291994863,0.1157672061,2.3767006266,-0.043610775,0.23855,0.027643218,0.2377888345,2.9569826984,0.0098629626,0.51975,0.0314831304,-0.0798136183,2.8988258901,-0.100153024,0.033,0.009591663,0.0430856272,3.2019139887,0.3824652975,0.444379562,0.1055874171,0.9141878544,2.1907854004,0.2377628801,0.073649635,0.0628911226,0.9190856643,2.5797754964,0.8397703509,0.4819708029,0.0618225553,0.6201601723,3.2582769962,-0.6769677763,0.0439416058,0.0123132866,0.3361721592,2.8313573956,0.1094393065,0.4956089969,0.3021904832,0.0009007556,0.000551429,0.938337473,0.0292880803,2.4342123133,0.6064482906,-0.0576527488,0.4259481594,-4.8494e-06,1.41516e-05,2.08258e-05,1.26288e-05,0.0431723528,0.1215202205,3.0621846242,0.6213126924,0.0014333205,0.2948421077,0.487305,0.0252700955,0.0360620405,0.0028528033,0.0440562368,0.0790937744,2.9430783235,0.4528445592,0.0355870106,0.2126889479,0.451758458,0.2821800344,0.0207158493,0.012422238,0.9894042987,0.0064365299,2.1124782475,0.1650619229,0.5861861179,0.1382523882,-0.0002822533,0.000169772,0.0001317773,7.88112e-05,0.9714050664,0.0065370308,2.1424883796,0.1384139891,0.5850175482,0.133741542,0.1655772605,0.030471679,0.1437024617,0.0065782749,0.9592764572,0.0077359626,2.4892792482,0.1856393465,0.8221869582,0.1479087458,-3.4130477331443925,1.5926420495636502,-0.7913658949377972,4
342,101.99502531175364,3804,48,37.29593662409373,0.34855,0.086974982,0.7911216609,2.4120646368,0.2357269279,0.36405,0.0909964148,0.8615104962,2.0094957283,-0.0052707332,0.2874,0.0497467587,0.5071791315,3.4491012439,0.6191647,0.02715,0.008638721,0.1103177188,2.9387899276,0.1124023683,0.5915789474,0.1403056122,0.8677734132,2.6936203495,-0.6826034643,0.0665789474,0.0506420002,0.8709282372,3.114376084,1.0349299399,0.3418421053,0.0930790627,0.7781920201,2.6335979257,0.4066799675,0.0369736842,0.0102302103,-0.186796308,2.6380451822,0.1606225341,0.4856527787,0.2955524045,0.0051401979,0.0037026412,0.9176139269,0.0557119601,2.4617656298,0.4960490694,0.0358188725,0.4081301393,-4.77089e-05,0.0001398416,0.00025039,0.0001589417,0.664200186,0.1211197249,2.7190217958,0.5261003988,0.2106953613,0.3351080316,0.4874425,0.0291498082,0.0640287656,0.0078852742,0.6194808334,0.0867123954,2.66958828,0.3307982661,0.029746206,0.2980710119,0.4419498364,0.2688658871,0.024008603,0.0143986073,0.9422991848,0.0243666228,2.4802989709,0.4220182643,0.8020086449,0.2009585112,-0.0015497225,0.0009367343,0.0007090052,0.0004339039,0.9240129672,0.031826571,2.3108865732,0.4397539098,0.6455601105,0.2262385614,0.1646531266,0.0341625812,0.1536580421,0.021418495,0.9255086837,0.018465493,2.2950308816,0.5011613367,0.7258625237,0.2560727016,12.15597726387317,-1.281252614723678,1.7552908887747747,2
343,206.33276385417108,7859,56,38.08895811406119,0.22565,0.0292374332,0.0837061732,2.8031008303,-0.1149698967,0.2518,0.0341285804,0.2150226937,2.8737293014,0.0012443271,0.52255,0.0341869493,-0.0277840956,3.4760759993,0.1638994083,0.0374,0.0094731199,0.0035037191,2.5900601142,0.0177010767,0.489040404,0.1176402597,0.9227433531,1.8436152362,-0.3089404882,0.0614646465,0.0564579602,0.8534722917,2.9653463347,0.9591226758,0.4494949495,0.0700702928,0.7715777105,1.8253111494,-0.0274083031,0.0458080808,0.0118642803,0.0022398747,3.1648120858,0.388096196,0.4980062438,0.3020743718,0.0015848273,0.0012917347,0.9453787979,0.0397036368,2.5813409983,0.8277344658,-0.0079367089,0.6355187569,6.477e-06,3.28233e-05,3.66426e-05,2.36976e-05,0.207227466,0.1649522423,2.7728472203,0.3073039357,0.0361063936,0.2186694842,0.51065,0.0295185069,0.0383284155,0.0045379306,0.1637861106,0.1459048434,2.8399897317,0.2181999136,-0.0176802797,0.1917418226,0.4589815312,0.2793447674,0.0196108996,0.0119122625,0.9830535364,0.0071528133,2.1220163167,0.1155834864,0.5928270319,0.0928962901,-0.0004459135,0.0002653863,0.0002047867,0.0001236818,0.9639960778,0.0126193902,2.17321599,0.178578803,0.5920070714,0.1183950439,0.165200236,0.0160016748,0.1472475147,0.0091644673,0.9514670445,0.013100914,2.4471993392,0.3380495015,0.8013412802,0.156239246,-0.9811807946094108,1.698918234067772,-2.308879985831666,1
344,124.75080199488382,4699,28,37.66709251450513,0.22285,0.0388088585,0.4456846929,3.0518296469,0.0708833799,0.27825,0.0444149468,0.4626603419,3.4708564173,0.2875957095,0.4989,0.0450864725,0.4059305762,2.8021356316,-0.2483647745,0.0345,0.0107121426,-0.0547003667,2.5670895809,-0.0103724451,0.5544705882,0.1428244985,0.9443081053,2.1647269864,-0.5935275111,0.0702352941,0.070184236,0.8983069145,2.9844826487,1.1305354524,0.3752941176,0.0817505278,0.8216742027,2.1774418716,0.2588755534,0.0475882353,0.010644296,0.1608996761,2.7439910324,-0.207319132,0.4857392474,0.2949444245,0.0043283629,0.0035548759,0.9551923688,0.0283145132,2.1855521695,0.4215292047,0.0483089866,0.4242383538,2.73462e-05,7.75065e-05,0.0001089384,7.64359e-05,0.4299878245,0.1997077805,2.776731908,0.3686489708,-0.0206245079,0.2758759737,0.501275,0.0283734978,0.0438658489,0.0074970862,0.3463476491,0.1776674885,2.7747114363,0.3635491427,-0.0682888652,0.3012471647,0.4292700792,0.2589449618,0.0365102573,0.0221923349,0.9730203377,0.0132587304,2.1242765077,0.1911994497,0.6134236204,0.1549994378,-0.0013611204,0.0008612304,0.000642552,0.0003896512,0.9580110765,0.0165490847,2.1348891348,0.1736266768,0.603572672,0.1533349839,0.1619010678,0.0260167505,0.1511059559,0.0127926155,0.9454559386,0.0132868623,2.4704219543,0.358606531,0.8397717909,0.1959279368,5.542932208940346,3.564876879900394,-1.802934199013039,1
345,333.72194529940754,12204,64,36.56936612020182,0.2469,0.0382542808,0.0231681921,3.0870382216,0.1455284453,0.243,0.0423143002,0.5771385816,2.366006603,-0.185926636,0.5101,0.0443338471,0.2398790524,2.8282116332,0.226255048,0.041,0.0104880885,-0.074553239,2.5097520661,0.0208028201,0.7035606061,0.1300837875,0.9029747347,3.2548942217,-0.9392006606,0.0715151515,0.0758660587,0.9136696038,5.5022662938,1.7246331723,0.2249242424,0.0644645335,0.7406558043,2.5104467081,0.3160576184,0.0378409091,0.0094986678,-0.0724560664,2.9230259127,0.1599606078,0.4951867935,0.3014541859,0.0016557746,0.0011625953,0.9136872579,0.0531515149,2.4944641477,0.5078282747,0.2717687018,0.3704653126,6.3971e-06,5.33656e-05,5.98282e-05,3.94097e-05,0.4318595252,0.1617640029,3.0818112999,0.4285094393,0.1129389365,0.3441803986,0.50063,0.0317980047,0.045489402,0.0053060627,0.3447630929,0.138769581,2.9980494023,0.4096118128,0.086934189,0.2978738724,0.4611796092,0.2806758718,0.0181247347,0.0105281657,0.9748141762,0.0161424563,2.3554655688,0.4394401103,0.7345134746,0.2072283565,-0.0005551002,0.0003379311,0.0002263227,0.0001324182,0.9428809426,0.0330918564,2.5019946031,0.3494087884,0.7342308988,0.149380913,0.1534189097,0.0255208504,0.1362547461,0.0156787966,0.943423577,0.0142709129,2.6837778302,0.4961570198,0.8590662539,0.2114466065,4.463663061821589,-3.50376268950738,-1.0155600425073414,0
346,127.90002188046576,4873,25,38.10007166812108,0.2164,0.0375837731,0.3301007348,3.7636201175,-0.3919941141,0.25795,0.0320943531,0.3065336423,2.6991342392,0.0623786398,0.52565,0.0417052455,0.3443668503,2.951151399,0.1384327827,0.03995,0.0113466956,0.1320412303,2.5193132185,0.2331247049,0.4683076923,0.1146374785,0.8897545686,2.356692236,-0.0535502802,0.0731538462,0.0563680845,0.8882977392,2.4979952975,0.8130109043,0.4585384615,0.0691860539,0.7203996965,2.4516412235,-0.4800043667,0.0446923077,0.0114648937,0.0748074305,2.8798230654,0.4582598858,0.4879034175,0.2964267263,0.0028551396,0.00226079,0.9284536985,0.0629439158,2.4186158828,0.5422418906,0.0322627651,0.4611306745,3.713e-06,4.41279e-05,6.5389e-05,4.27227e-05,0.2789321566,0.1874842401,2.7823240002,0.4185851464,0.0164867117,0.251081703,0.50056,0.0238547249,0.0419759644,0.0045641988,0.2217504105,0.1635055974,2.9495329466,0.5306882154,0.0159950198,0.2248794968,0.4410980612,0.2671255479,0.022202868,0.0135622509,0.9767148688,0.0039307353,2.35134879,0.2012313429,0.739455456,0.1176074865,-0.000666613,0.0004129437,0.0002909966,0.0001765634,0.9563406774,0.0067591457,2.3900315888,0.2141473345,0.729787191,0.1199828692,0.1586854876,0.0237280414,0.1482626861,0.0165733275,0.9498631895,0.0101054597,2.6236582101,0.3220195602,0.9031222782,0.1566855372,1.7258055014004523,2.445572704126538,-2.2615072924322854,1
347,101.126602557428,3560,70,35.20339762208801,0.2603,0.0389346889,0.2919334506,2.8832577292,-0.1820836283,0.2261,0.0326464393,0.1987992076,2.7867706931,0.2844309738,0.5136,0.036572394,0.0289038562,2.8524928424,-0.0015758926,0.0376,0.0097077289,-0.0978800583,3.1077485941,0.3632832552,0.4462280702,0.1338868359,0.9068748559,1.8385304198,0.0727792088,0.1053508772,0.0790117671,0.9228833198,1.9100290108,0.5135879037,0.4484210526,0.0668800831,0.6745600155,3.5742337388,-0.6185241923,0.0407017544,0.0106143976,-0.121227947,2.8083627695,0.0801064487,0.4960038508,0.3014506194,0.0023203682,0.0016220355,0.9098110258,0.0373221427,2.8051975669,0.7219106308,-0.0452897223,0.5636253135,-8.7056e-06,7.40544e-05,7.7429e-05,4.81463e-05,0.2890748273,0.2056668014,2.7633453643,0.2580573414,-0.1043227408,0.2053464006,0.497145,0.0243554044,0.0435398265,0.0090400089,0.2315653116,0.2134138243,2.8968262392,0.3985595466,-0.0441756492,0.2137120331,0.4426652703,0.2687531632,0.0281538167,0.0172692324,0.9734900233,0.0061542833,2.1173561444,0.1555301292,0.6320747639,0.1077308413,-0.0010888532,0.000666181,0.0005067239,0.0003129009,0.9610743633,0.0072737182,2.1527602281,0.1864682473,0.6365463916,0.1154714999,0.1548934887,0.0230971327,0.1500201149,0.0135269773,0.9428772998,0.0142353641,2.599960822,0.4354100165,0.9041335089,0.1885721601,1.3010930736222908,3.3686830518623223,-1.4345942134436833,1
350,712.1235844367877,26692,18,37.482258112698894,0.2561,0.0310369135,0.0754325579,2.2059472361,0.2169011288,0.2145,0.0321753011,0.3187860874,3.0032357351,0.2155692585,0.5294,0.0316249901,0.1805104187,4.1682829903,-0.289509978,0.03455,0.0101512315,-0.12372717,3.1728035338,0.337414278,0.4132142857,0.0858087277,0.8390741696,2.094793451,-0.0267314212,0.0931377551,0.0576493305,0.8620312197,2.6740069449,0.6290742898,0.4936479592,0.0445250852,0.3256105418,2.8154152633,-0.1547061853,0.0413265306,0.01156285,0.1219037915,2.89562987,0.1485347551,0.498551302,0.3032222512,0.0004118527,0.000248805,0.9386724106,0.0397141435,2.256599593,0.6010277848,-0.0450151055,0.3952113041,-2.71e-07,6.6955e-06,9.5532e-06,5.8984e-06,0.1113325463,0.132575116,3.0653078477,0.3989813541,0.0381548079,0.218000666,0.5014775,0.0179790536,0.0374035604,0.0029294695,0.0817258619,0.1332480526,2.8464480878,0.3699059984,0.0276164202,0.2227833042,0.4646901588,0.3187948703,0.0155492579,0.0102213596,0.994832091,0.0021210806,2.1880267187,0.2036468394,0.6147628137,0.2379510126,-9.99754e-05,6.23003e-05,4.43548e-05,2.84273e-05,0.9425181577,0.0703155344,2.547974493,0.1553574656,0.7254655205,0.2263882143,0.1833318555,0.0901864707,0.1273345374,0.0250240816,0.9261186232,0.0880301587,2.863035728,0.2591686212,0.8833857737,0.3173023787,-3.912800418356384,-2.3380029832858344,3.1554547168748353,4
351,714.8144877826625,26710,48,37.36633833885178,0.24025,0.0314195401,0.0727015347,2.5042479634,0.2981703755,0.2731,0.0345310006,0.1519954759,2.6453420793,-0.0557753579,0.48665,0.0362288214,-0.0255849018,3.236873409,0.3712251337,0.0367,0.0106822282,0.1936919907,4.4817841124,0.5194031637,0.4726168224,0.1134567571,0.9034762215,2.4052189337,-0.3673424887,0.0845794393,0.0709804112,0.915040293,3.5684305075,1.1102712153,0.4428037383,0.0548028649,0.6428800751,2.4497571506,-0.2691512503,0.039517134,0.0110507405,0.0406818749,3.6307985446,0.5723723626,0.4979331801,0.3018798828,0.0004896299,0.0003044782,0.9410642168,0.0418811588,2.4209700438,0.5122545855,-0.1084757979,0.4064742335,-1.4688e-06,7.177e-06,1.1709e-05,7.1691e-06,0.0770414352,0.1407563453,2.9599132032,0.4711451079,-0.0709439518,0.251565817,0.49658,0.0155711384,0.0369469742,0.0030682803,0.0731353872,0.0894623948,2.9691917368,0.5867679495,-0.1029365448,0.2869915432,0.4468561643,0.2971270897,0.0244229591,0.0160995314,0.995076836,0.0024632229,2.0766224022,0.0948207173,0.5304310776,0.088657487,-0.0001532945,0.0001035713,6.86254e-05,4.52294e-05,0.970081537,0.0088451041,2.3076684857,0.3130822225,0.6250255373,0.1447014051,0.1699216746,0.0144850167,0.1404826815,0.0075063048,0.9624481946,0.0083079579,2.5359298616,0.2881898474,0.8098926631,0.1326590842,-2.652371345000193,-0.08072533299249618,-1.0494908581840252,4
352,100.33831207329004,3580,40,35.679292645316416,0.2714,0.0541206061,0.5911152677,2.3124919403,-0.0517104376,0.25145,0.0419302695,0.5094506229,3.2715150311,0.3535051775,0.47715,0.0416368527,0.1527295688,2.525589387,0.0968293686,0.0391,0.0111664677,0.5150849335,2.8178286481,0.3500507069,0.4808333333,0.1435942393,0.9414081013,2.1632758208,-0.4215152393,0.07625,0.0755514449,0.9027229228,4.1365240479,1.3416527836,0.4429166667,0.0777672364,0.8613710712,1.9154955748,-0.0829646984,0.0508333333,0.0116607128,0.2221509123,3.5021091543,-0.2173880455,0.4876603346,0.2976449148,0.0045051485,0.0030695289,0.923994413,0.0339592691,2.3765902059,0.5282446651,0.0821255347,0.3059017995,2.69159e-05,0.0001596683,0.0001647232,0.0001068099,0.4657894321,0.1541426801,2.7331701329,0.4435563571,0.0886600787,0.2145625659,0.5009425,0.0321649704,0.0472663505,0.0089320203,0.3728997628,0.1421937977,2.7692752169,0.298897088,0.0089255913,0.2045691057,0.437567927,0.2667750973,0.0228425326,0.0149129705,0.9463962333,0.0222049629,2.6348404633,0.304114564,0.9019826636,0.1461398714,-0.0013526678,0.0008008466,0.0006159215,0.0004022825,0.9209587429,0.0519644838,2.6982628705,0.6698043353,0.889586238,0.2354710485,0.1528025313,0.0217984395,0.1494980767,0.0171970886,0.9272236585,0.0237006222,2.7302826473,0.3859653177,0.9708963624,0.1881081939,7.444670735650661,1.374246569184405,-1.6751789987599406,2
354,620.4932752457269,23043,30,37.13658297243357,0.26155,0.0377405286,0.2537766807,3.2603720364,-0.3805311308,0.25965,0.0380871041,0.1641658132,2.9713550359,0.120939864,0.4788,0.0366955038,0.1489253975,2.7702638837,0.3012250842,0.03225,0.0091207182,-0.1580775912,4.1312204321,0.4854742461,0.5211722488,0.1088980867,0.9109759711,2.3010416344,-0.5962704215,0.0842822967,0.0671334579,0.9171848915,2.9740031209,0.976585054,0.3945454545,0.0534159366,0.5832064222,2.4128668158,0.2043276037,0.0394497608,0.0103899387,0.060363836,2.530032987,0.1403616013,0.4938911547,0.3006680007,0.0005471962,0.0003916184,0.917514796,0.058174074,2.5221193105,0.9344844658,0.0300479839,0.489084267,-6.3384e-06,1.56665e-05,1.68583e-05,1.06993e-05,0.3434536847,0.1597602091,2.7554208584,0.4005110386,0.0654499169,0.2007078669,0.48845,0.0322670071,0.0423590103,0.0049017337,0.2679723009,0.1622921727,2.7695099015,0.3290741224,0.0472835866,0.2196675934,0.4551190985,0.300386081,0.0210155883,0.0127098888,0.9947469333,0.0028483665,2.0053733353,0.1132034233,0.4521701265,0.14573971,-0.0001712075,0.0001041223,6.48e-05,3.77522e-05,0.9534179317,0.0223015415,2.5668884018,0.3267899843,0.6675408491,0.2744554386,0.1641253441,0.0523212749,0.1187202351,0.0105941464,0.9418626173,0.0269784078,2.9013105094,0.3136596846,0.8312764335,0.3567409811,-0.05822146524986844,-3.1816925627693498,0.6149471105638437,4
355,101.00614474440296,3824,74,37.85908282784845,0.2724,0.0388553729,0.4616619135,2.6873938017,-0.063950825,0.25565,0.0534259066,0.5376454999,2.485999099,0.1606284219,0.47195,0.039248535,0.38452801,2.8311483589,0.09514039,0.0369,0.010338762,-0.0624429361,3.1207317639,0.5034502115,0.431779661,0.1094274882,0.8386172839,1.9694662032,-0.1820272582,0.091779661,0.0944913354,0.9072318805,2.964501162,1.1056486761,0.476440678,0.053186997,0.367425577,2.4739261068,0.3140223042,0.045,0.0120380752,0.3362573099,2.56350672,-0.1384495977,0.492579651,0.2990481502,0.0026206836,0.0019952118,0.9333509803,0.0322627875,2.375413774,0.3532592654,-0.0512661883,0.291759962,-4.5106e-06,6.57356e-05,7.49999e-05,5.0536e-05,0.3195099993,0.1797131829,2.9418437823,0.4612449243,0.043621598,0.2721779724,0.497365,0.0298401244,0.042615031,0.0038023521,0.2381966803,0.1606505989,2.9818605593,0.4470439613,0.002203358,0.2631031413,0.4487234451,0.2722915126,0.0235220728,0.0140359569,0.9728057626,0.0115066385,2.1986970545,0.2039822846,0.651618821,0.1308966739,-0.0008502749,0.0005210905,0.0003942286,0.0002340943,0.9571041106,0.0116103046,2.2282560979,0.1836911831,0.6444072915,0.1361383678,0.1592916563,0.0243265828,0.1501551868,0.0184481701,0.9399107693,0.0173802535,2.5487013118,0.3612596546,0.8672455214,0.1832798266,2.1785238035266477,1.6416030865428943,-1.0057640774134287,1
356,838.7211047949914,29143,9,34.74694965154528,0.2434,0.0297647442,0.1349584668,2.5073411466,-0.2030124068,0.258,0.0304302481,0.2364837653,2.8226702555,-0.1157268997,0.4986,0.0351289055,0.1532120816,2.3731179238,-0.1133618041,0.0378,0.0108240473,0.0017652993,2.8696100182,0.0484203159,0.4273611111,0.1023439606,0.8850902662,2.1234291127,-0.1942094762,0.09890625,0.076279149,0.9224925173,2.7877005857,0.8459803292,0.4737326389,0.0447237824,0.3975620858,2.8695147883,-0.1777521555,0.04265625,0.013042794,0.2528468976,2.7509587091,0.1663753247,0.4959810943,0.302041034,0.0005975646,0.0006136717,0.9364994337,0.0541105014,2.4823033708,0.6905929725,0.0454296851,0.5960677873,9.583e-07,6.5686e-06,9.7169e-06,5.9485e-06,0.0372718737,0.1086382894,3.0408522575,0.4835860169,0.0415100316,0.250291171,0.499975,0.0146443974,0.035320794,0.0026893334,0.0162217986,0.0977753447,2.81696181,0.3702360617,-0.0727430311,0.2104671911,0.4567302997,0.3139295297,0.019165736,0.0114881408,0.9950525444,0.0028347057,2.1080098465,0.1925691416,0.5446701939,0.2022575678,-0.0001051504,6.08026e-05,4.83874e-05,2.82522e-05,0.959568196,0.0285397163,2.2207652255,0.1535747326,0.5060601623,0.2220385812,0.201519998,0.0723788497,0.1321403494,0.0235159203,0.9403074631,0.0547553101,2.3709428398,0.1506950825,0.6453094624,0.2646804851,-4.547752947562677,-0.29432727695413685,3.1069679420242204,4
358,732.4072207933339,27794,70,37.94883394226221,0.2381,0.0269887013,-0.0100347723,2.9830460488,0.336177693,0.26075,0.0329497724,0.0025627429,2.455257955,-0.0979636449,0.50115,0.036275715,-0.1089178773,2.5801261524,0.0903879709,0.034,0.010511898,0.072412543,3.022747282,-0.3744948416,0.4116990291,0.0885236335,0.841120162,2.1448804418,-0.1045701834,0.0904368932,0.0599923409,0.8511123391,2.322211986,0.6059545816,0.4978640777,0.0442362476,0.346373347,2.94531335,-0.233046616,0.0433737864,0.012123999,0.1484206178,3.1775764385,0.3023208879,0.4954052011,0.3019199096,0.0004367144,0.0004236053,0.921360682,0.0470552377,2.5820859116,0.7574431923,-0.1934746391,0.4594055517,1.1466e-06,6.661e-06,1.0153e-05,6.2536e-06,0.0202718011,0.1179217438,2.8968897091,0.4457291776,-0.0662077355,0.1515980316,0.5051,0.0169265324,0.035240675,0.0032330053,0.0244817357,0.0945445378,2.8029944027,0.2459383653,-0.0583180713,0.2102224203,0.4492116214,0.3018978496,0.0239728682,0.0151081218,0.9951896408,0.0030112187,2.0739567474,0.199809764,0.5223175676,0.1574390861,-0.0001430323,8.87484e-05,6.58488e-05,4.20058e-05,0.9725148,0.005664266,2.28514447,0.3784244005,0.6564121687,0.1957333473,0.1719610514,0.0163648751,0.1428067087,0.0037426313,0.964861515,0.004337383,2.4505045884,0.2387682525,0.8174979365,0.1407369898,-4.311817357317762,0.9904933844032602,0.1967255545074735,4
359,101.94342491806576,3718,60,36.471209428055225,0.2515,0.0361973756,0.1941660883,2.9809150847,-0.1588631555,0.2911,0.0392019132,0.1338007107,3.3480881543,0.2435427943,0.4574,0.0388231889,0.1295171718,3.1443663511,0.1911284798,0.0348,0.0104623133,0.0297879719,3.4482998093,0.550717209,0.4271698113,0.1151598947,0.904051909,2.1646776096,-0.4149149499,0.1086792453,0.0895225857,0.9275295357,2.3173958267,0.7805803087,0.4641509434,0.0414903472,0.3850720203,3.2275345765,-0.0979929278,0.0355660377,0.0113545094,0.3149765492,2.9527816628,0.5656611714,0.4973409177,0.3022189922,0.0018011908,0.0013939482,0.932732119,0.0354835681,2.5262950924,0.7686387493,-0.0715725384,0.4803383263,-1.6228e-06,6.309e-05,4.95342e-05,3.20328e-05,0.3353444991,0.182073199,2.8199034367,0.5115981831,-0.0330300177,0.3158506345,0.494735,0.0313475721,0.0415394519,0.0057735113,0.2447184875,0.1696802924,2.8434493616,0.4420621364,-0.0374380479,0.2439168836,0.4700845357,0.2851022018,0.0141812939,0.0083298949,0.9704500916,0.0068536065,2.4002415502,0.2205144927,0.8235840979,0.1179321267,-0.0005991811,0.00036741,0.000242336,0.0001431322,0.9505752129,0.0117036529,2.4847764571,0.2554184147,0.8318421408,0.1280459682,0.1378608124,0.0176987918,0.1393535285,0.0134706274,0.9378861997,0.0105085859,2.9501359304,0.3430173465,1.0632679683,0.1416099472,1.218164795129027,-0.848964730401875,-1.7381181229058393,1
36,120.90530689176468,4481,48,37.06206216416476,0.2479,0.0328571149,0.1208016259,2.8409420065,-0.0944914835,0.26255,0.0369695483,0.336474233,2.8234561512,0.0086397626,0.48955,0.0420778742,0.2702016651,2.4135378775,0.1365296749,0.03725,0.0101581248,-0.0538628845,4.2287419368,0.8236507789,0.5088392857,0.1365224703,0.9019600599,1.6558909214,-0.3464750323,0.0866964286,0.0828632522,0.9472322762,2.3099959395,0.838448448,0.4044642857,0.0646120191,0.6902290746,2.101380684,0.1301357187,0.0454464286,0.0104487177,0.152443972,4.6063870257,0.4920313673,0.4951300908,0.3004337928,0.0031271886,0.0020754913,0.9529156194,0.0311308896,2.2270124455,0.4826333475,0.0805528769,0.413349559,2.5264e-06,4.88453e-05,7.83066e-05,4.6535e-05,0.3891199574,0.1464213203,2.9234862247,0.3941460433,0.119141145,0.3139626005,0.4983875,0.0266684546,0.0428329639,0.004938935,0.2856544271,0.1474667475,2.8911072696,0.3549098239,0.0756509039,0.2765313839,0.4451965243,0.2704215252,0.022687981,0.0139936234,0.9718940842,0.0137589389,2.1977695923,0.1289846026,0.6323085208,0.1021304174,-0.0008571867,0.000522831,0.0003881349,0.000238775,0.9512013783,0.0230702387,2.2067487996,0.1413128137,0.6215640039,0.100104394,0.1565017959,0.0267362842,0.1452040189,0.0156127897,0.941518631,0.0232200646,2.5145695343,0.2310734586,0.8472131021,0.1446068561,1.4026218800258252,2.335048093304102,-1.5820354292018874,1
360,530.6459833225329,19397,60,36.55356039548174,0.26145,0.0301520729,0.0839719899,3.2192369578,0.1696627058,0.24535,0.0317037458,0.098218621,2.7671014379,0.1163712907,0.4932,0.0334329179,-0.0369587756,2.6431415113,-0.4167319517,0.03995,0.0102833603,-0.0427757999,2.7435719757,-0.0555320473,0.3597209302,0.0837933021,0.8425070645,2.1531671861,-0.1116220819,0.0870465116,0.0686937773,0.900540337,2.8132918295,0.8920814279,0.5532325581,0.0404151924,0.2471649179,2.7404306613,0.0837915897,0.0525348837,0.0122367134,0.0252581487,3.1550150818,0.5884178151,0.4952037773,0.3015754755,0.0007392249,0.0004732643,0.9535954274,0.0285514821,2.2407819904,0.5078841824,0.0173338446,0.5072573283,-5.1733e-06,8.1358e-06,1.31114e-05,8.0903e-06,0.048764283,0.0803933,2.9743038887,0.3493851607,0.0008715344,0.2285997146,0.48946,0.0148396058,0.0361222003,0.0023143351,0.0468663928,0.0697000976,2.8615915665,0.4334680979,-0.0752720274,0.2443362136,0.4497963475,0.2995131229,0.0199436688,0.0132504082,0.9931168884,0.0022405134,2.3708832577,0.1233457802,0.7630180752,0.0769587399,-0.000161979,0.0001076455,6.51579e-05,4.29275e-05,0.966429526,0.0032902859,2.5311942342,0.1565848788,0.7822771942,0.0864154299,0.1551720999,0.0116291743,0.139451921,0.004414409,0.9647310795,0.0041785828,2.7014532757,0.1937288652,0.9204565053,0.1007833989,-4.492229852829511,0.8112599955855044,-1.581998517314059,4
361,191.55859493181973,6987,40,36.4744792708823,0.26495,0.0440482406,0.5478452686,2.7493293002,0.1397631628,0.1959,0.0346726117,0.2478614061,2.6641382802,0.135327326,0.53915,0.0425796606,0.4587295448,2.8863000322,0.0079352249,0.03935,0.0104080498,-0.083883294,3.4562142008,0.2862701061,0.6142741935,0.1594922558,0.9455490709,1.9095409962,-0.3561433274,0.0725806452,0.0618122935,0.8361395146,3.8218229022,1.225998103,0.3131451613,0.1051850668,0.927117958,1.7868331065,0.0242722733,0.0381451613,0.0097233453,0.3695136911,2.6380593381,0.3708752875,0.4851895587,0.2958117696,0.0040919103,0.0026445618,0.927217302,0.0363181052,2.3500846465,0.460844105,-0.0128267876,0.2673996868,6.28011e-05,0.0001342416,0.0001544623,9.35531e-05,0.542796209,0.1470356819,2.5768482505,0.2104308426,0.0197677385,0.188027066,0.5033725,0.0358789161,0.0491298585,0.0072335422,0.4355879654,0.1500734022,2.7096576144,0.2464253768,0.0455971705,0.2171440452,0.4382562123,0.2655409132,0.0327368511,0.0196394975,0.9550021189,0.0321527807,2.1209199143,0.1609913368,0.6296134288,0.1286368022,-0.0019677195,0.0012208333,0.0009144162,0.0005479798,0.9393275213,0.041564062,2.1656837578,0.1934151305,0.6311022302,0.1331784436,0.1497079955,0.0247767264,0.146475611,0.0206257343,0.9205512518,0.0301219831,2.5553296201,0.3325650678,0.8804841835,0.1723092467,7.365338108230419,3.839503454080602,-0.7552635922777736,2
362,545.531690972483,20496,60,37.57068624824187,0.22255,0.0369154101,0.1061751375,3.4317788526,0.5227398354,0.29745,0.0363214468,0.0658303408,2.8112419709,-0.063337159,0.48,0.0331888536,0.1939198526,2.3851950328,-0.351022149,0.03255,0.0128742961,0.1625511536,2.1545931342,0.0324292708,0.4435641026,0.0928880757,0.8802919867,2.2116866764,-0.399412227,0.085,0.0715523835,0.9169882709,3.8587251062,1.2814953275,0.4714358974,0.0437122261,0.3606311485,2.8952198634,-0.0121792581,0.0430512821,0.0112339885,0.1800687023,3.2388188244,0.5319484345,0.4973398375,0.3019980438,0.0008071959,0.0007510152,0.948355968,0.0308251279,2.3169058669,0.3687412802,0.0584543781,0.3947231528,4.454e-07,1.73524e-05,1.58755e-05,1.02594e-05,0.1633663328,0.1507932813,3.0272236776,0.6954541251,-0.0287033596,0.282677714,0.4959025,0.026975366,0.0378553212,0.0032522731,0.128111837,0.1290518638,3.0355030773,0.6121170999,-0.0043710754,0.2141438938,0.4541496465,0.2986049029,0.0217466837,0.0131520439,0.9937386961,0.0033084591,2.079530808,0.1498809061,0.5236079573,0.1463973533,-0.0001983739,0.0001147595,7.49051e-05,4.60581e-05,0.954288317,0.0174354735,2.7048529389,0.121909616,0.7353193053,0.123130489,0.1611945335,0.0346553497,0.1236018724,0.0146260022,0.9439308998,0.0283802059,2.9702634201,0.2481531878,0.9173815622,0.1748098905,-2.031066416296891,-1.8206291713808482,-0.6910717580161121,4
363,111.52262120433736,3930,69,35.239487357450614,0.3229,0.0640085151,0.706081726,2.512811021,0.1547421825,0.2035,0.0619939513,0.7284537361,2.3282940505,0.3784464912,0.4736,0.0394973417,0.255322071,3.6287260537,0.3525367899,0.0362,0.0104431796,0.1823944412,2.5805266074,0.2332498586,0.5255769231,0.137329103,0.8989952293,1.7665898215,-0.3939063922,0.0881730769,0.0815064229,0.8753232026,2.7694964557,0.9542297834,0.38625,0.0674813008,0.6980064415,2.1713437195,0.0540733931,0.0366346154,0.0105939548,0.0944614549,2.6225571386,0.2107294245,0.4874441808,0.2970768043,0.0028635494,0.0017688605,0.9148286101,0.0427865381,2.6634494269,0.5558195032,0.0871704795,0.3519673106,3.26732e-05,6.16161e-05,0.0001514487,0.0001019544,0.6277214446,0.1396267683,2.7528870812,0.4328613576,-0.015130204,0.283019135,0.5040625,0.029163144,0.0610325894,0.0104375596,0.5716947852,0.1336768837,2.8336101615,0.5176034559,0.027260699,0.3196100888,0.4211320826,0.2564173645,0.0326728847,0.0199819667,0.9714748065,0.017005211,2.1425745329,0.2508486554,0.5974902682,0.1491161453,-0.0012385021,0.0007477234,0.0005698028,0.0003483673,0.948295785,0.0272283989,2.2363364973,0.3680956986,0.6205068418,0.2093121869,0.1557547074,0.0249494597,0.1485740393,0.023494522,0.9365455672,0.0205183406,2.5909615509,0.5871107023,0.8657989613,0.2601710148,7.527760977042573,1.2425582582596642,-0.38813488668820456,2
367,235.9166330757648,7741,64,32.81243844097238,0.2705,0.0374666518,-0.0733216103,2.8151439861,-0.4512080198,0.25695,0.0393884183,0.4315206355,3.5689468957,0.1026503586,0.47255,0.043643413,0.2393325609,2.8196031772,0.2898284911,0.03355,0.0095208981,-0.0991866847,3.172310729,0.5835326032,0.4435576923,0.1347802219,0.9566590386,1.7744654965,0.1800922555,0.0966346154,0.0707835348,0.8205961047,3.2433256035,0.8047955897,0.4598076923,0.0799216055,0.8292961905,2.2737081729,-0.1545394967,0.0395192308,0.009964341,-0.0958627758,2.5272669407,0.3368091992,0.50034423,0.3004500158,0.0037657784,0.0025627814,0.9405657327,0.0606279261,2.3976973841,0.7336680296,-0.0232780307,0.4667257249,-1.78151e-05,0.0001337742,0.0001070205,6.53273e-05,0.3989026745,0.1425444092,2.6480657728,0.3968316989,-0.0640390639,0.2093671468,0.5034525,0.0394113324,0.0431608865,0.0054247118,0.3294480726,0.1274516709,2.8726720066,0.3826243074,-0.0110433233,0.2007734097,0.4423868177,0.2680109439,0.0293574062,0.01800938,0.9669783491,0.0172250718,2.3752702734,0.2069622651,0.7695874265,0.1279943983,-0.0012089663,0.0007496406,0.0005312558,0.0003237854,0.9483101759,0.0315460837,2.379853086,0.2675798668,0.7583102234,0.1407261979,0.1483857933,0.0280372126,0.1445810953,0.015843021,0.9389237966,0.0191612322,2.7231143936,0.3794152619,0.9708223441,0.1793638394,3.582301326718694,2.449061537778255,-1.0720064065649622,1
37,176.20772341521746,6674,70,37.87575181522167,0.2341,0.0372517114,0.1117534168,2.8171491006,-0.0360296015,0.2437,0.0319266346,0.2467050334,2.584770727,0.3740421718,0.5222,0.0339287489,0.0651473251,3.9082393359,-0.6529055157,0.0393,0.0106775465,0.132889669,2.4390465089,0.3304431468,0.4296428571,0.0944620915,0.8577127475,2.1010383211,-0.1642368316,0.0897857143,0.0754057392,0.8933050761,2.3099547259,0.8551173908,0.4805714286,0.0445897398,0.3568987311,3.0548932486,0.1369505317,0.0421428571,0.0135902126,0.6099724423,2.8823631757,0.1932190473,0.492645685,0.2998373229,0.0024549435,0.0018714418,0.9288980356,0.0536019995,2.663860683,0.534317539,0.0207626152,0.5032018668,-1.81335e-05,7.30989e-05,6.19811e-05,3.9677e-05,0.2911427125,0.2034214481,2.9140374739,0.4503375465,-0.0458330309,0.3267025556,0.491065,0.0314468564,0.0401529363,0.0082007748,0.2437631033,0.2152028996,2.7437383926,0.3469809574,0.0473945845,0.2383251018,0.452438682,0.2753582448,0.0232493501,0.0136463501,0.9759870387,0.0088836541,2.3016312038,0.2172504827,0.7157031424,0.1339494488,-0.0007281205,0.0004356535,0.000314756,0.0001846535,0.9579919447,0.0057488092,2.3568641699,0.2777126641,0.7093101512,0.1493309963,0.153552904,0.021348553,0.1460711921,0.0136951112,0.947003273,0.0087983609,2.6465286283,0.4415138319,0.9154027093,0.1909924944,1.1903649887354657,1.3636984801190701,-1.3325167075676305,1
371,753.0519352467602,27891,36,37.03728613466835,0.24435,0.0303698452,-0.1091467699,3.0492854996,-0.3757437436,0.23235,0.0325841603,0.0933659357,3.6277603789,0.4038991675,0.5233,0.0408363808,0.0080102215,4.2740250034,0.3743397878,0.0375,0.0106418983,0.1997761612,4.0798649182,0.5476292284,0.3782986111,0.0828520753,0.8417445315,2.0674799612,-0.1161343597,0.0811284722,0.0607021487,0.8884239084,2.6236507617,0.7805562894,0.5405729167,0.0418633055,0.2479932575,3.2031569172,0.0629240472,0.0447743056,0.0118673703,0.2195179111,3.8068109311,0.5491722847,0.5015345225,0.3044785636,0.00062089,0.0003580972,0.9565717419,0.025929044,2.1411465087,0.4492433861,0.0449731911,0.469226192,-1.3335e-06,8.4143e-06,1.11811e-05,6.7677e-06,0.0281069836,0.0915012477,2.9522860128,0.2503506928,-0.0219422321,0.1979129137,0.5004775,0.0180209009,0.0355496614,0.0024654006,0.019033047,0.1277573178,2.9967544872,0.4950346613,-0.0518069476,0.2175762075,0.4573968534,0.3136372981,0.0185071452,0.0113775355,0.9944096631,0.001960491,2.2053413348,0.1769000106,0.6281670083,0.2071873149,-0.0001236726,7.98969e-05,5.48446e-05,3.31588e-05,0.9593176727,0.0330436026,2.4101785392,0.1785659886,0.7046347751,0.181785436,0.1854044267,0.0782624682,0.1341116354,0.022345845,0.9472805153,0.0515167143,2.6163587579,0.295012867,0.8548884721,0.2274873977,-5.2779064113038885,-0.8275256539376952,2.341088583731737,4
372,203.9165532082404,7473,60,36.64734364339978,0.2559,0.0401458591,0.3919557404,2.9429246823,0.106258474,0.2393,0.0404970369,0.4898696882,2.6730882556,0.3101964131,0.5048,0.0413879209,0.2459155409,2.425080978,0.0967303968,0.03925,0.0093374247,-0.0479529145,3.6656738737,-0.6383146581,0.4403571429,0.0985223739,0.9303004349,1.9815987843,0.2281076637,0.0801428571,0.0609213277,0.8873412064,3.1251169932,0.8375515354,0.4795,0.0543543269,0.6993464388,2.4611444061,-0.3916200541,0.0427857143,0.0104415282,0.1238717868,2.233754949,0.0041642254,0.4978159563,0.3026636587,0.001879609,0.0012543268,0.9338467965,0.0320735298,2.496669119,0.5261779577,0.0352938561,0.4542421309,7.8498e-06,4.72264e-05,5.07541e-05,3.02769e-05,0.128964094,0.142932783,2.7727072196,0.3299811128,-0.0104942596,0.2026150351,0.5035575,0.0251922621,0.0377182692,0.0041759779,0.1117300515,0.1451522217,2.8915856999,0.4169207407,0.0398531263,0.2210065901,0.4432244235,0.2699092798,0.0234120027,0.0139313058,0.9801870695,0.0055573806,2.3864707665,0.1649548154,0.7596529697,0.1052639201,-0.0005902242,0.0003564733,0.0002464603,0.0001465288,0.9549201305,0.0118672761,2.3930713747,0.1962036864,0.7281360244,0.1087608149,0.1585583731,0.0206852528,0.1435530865,0.0111547176,0.951374118,0.0095030638,2.5544288915,0.2671175096,0.8748356407,0.1435008866,0.11408802536175765,1.8665359629501137,-2.3471062595822354,1
373,406.27817666863234,15444,64,38.01336347090186,0.2652,0.0315112678,-0.1196518319,2.8015117533,0.1930113872,0.2116,0.0307236066,0.003278576,2.21501655,-0.2157669033,0.5232,0.0367866824,-0.0807435334,2.42507822,-0.0828425634,0.04295,0.0100522386,-0.0233731404,2.66604343,0.1268095462,0.3578989362,0.0741761517,0.7957691131,2.1950570025,-0.0554383238,0.0888031915,0.0704055773,0.922018709,2.385898415,0.7084121613,0.5532978723,0.0364994403,0.0566568455,2.9511478472,-0.0613032209,0.050106383,0.0156163908,0.3644109578,3.4380428685,0.6150570195,0.498001921,0.3017445599,0.0008914642,0.0006834385,0.9519655842,0.0429337694,2.2295793644,0.5963147374,-0.0483041928,0.4465233856,-2.606e-07,1.15397e-05,1.71685e-05,1.07264e-05,0.0319642948,0.0964950039,2.8676121633,0.3524576808,0.0257651662,0.189906559,0.5017775,0.019112499,0.0355097968,0.0035978753,0.0038048009,0.1137132842,2.8124252564,0.3080546895,0.1144130893,0.1892100054,0.4444034977,0.2886170356,0.0227618148,0.0147127136,0.9923585249,0.0020643225,2.2354749935,0.087006057,0.6892501694,0.0641425091,-0.0002014198,0.0001247863,8.96217e-05,5.74427e-05,0.9687594341,0.0051484422,2.2825040003,0.0896349811,0.6790781719,0.0674472193,0.1710800344,0.0174325126,0.1454483109,0.006172533,0.9623541067,0.0060201789,2.4445702282,0.1642365837,0.8032761941,0.1010221288,-5.430873502304163,2.8870973111904448,-1.2828505883844872,4
374,309.8059404454125,11128,55,35.9192595984477,0.2741,0.0623272813,0.6556853119,2.7722086707,0.132348031,0.3347,0.0579086349,0.6004408504,3.0409635207,0.1817309975,0.3912,0.049005714,0.403369906,2.7899216972,-0.3446961341,0.0315,0.0082613558,0.0489060013,2.8947792135,0.2740151027,0.5393951613,0.1247490913,0.8977357811,2.3581448856,-0.6191919248,0.0797177419,0.0579046157,0.8516128585,3.1148712771,0.9182427609,0.3808870968,0.0734216951,0.7926211491,2.2619467244,0.4596315932,0.0381451613,0.0109520167,0.0269987988,2.7005850832,0.1645522177,0.4962516747,0.3022164076,0.0007694851,0.0004541883,0.931155389,0.041658925,2.4686658483,0.6214357029,0.0302273443,0.576821782,-3.5234e-06,1.53096e-05,4.02639e-05,2.35344e-05,0.6908763361,0.096944271,2.7556477129,0.6027954293,-0.0327194499,0.3706367459,0.491405,0.0318053844,0.0659008627,0.0094509149,0.6072109076,0.1018190074,2.8878152114,0.437133253,0.0440326492,0.3568151786,0.4534391067,0.2915436269,0.020034712,0.0126765148,0.9921332848,0.0028670369,2.0762607722,0.1158404426,0.5357444287,0.1520803996,-0.0002947617,0.0001769214,8.81172e-05,5.07511e-05,0.9226823522,0.056112903,3.9667994398,0.9924549581,1.1519202356,0.215272643,0.1353033197,0.0482067585,0.1087750961,0.0147132292,0.91138534,0.0759519093,4.3083745237,1.0289670883,1.3090666939,0.2100191969,6.845508348090393,-9.441510630278255,-1.3812804363187716,0
375,738.4688923699803,28159,60,38.131599436272616,0.2519,0.0283353137,0.0343574557,2.8625544276,0.1461163757,0.2463,0.0281302328,0.1491079601,2.9691840077,-0.3040604992,0.5018,0.0341139268,0.0927768467,3.2691648264,0.0365201143,0.0352,0.0102693719,-0.1027706161,3.0724144977,0.278590749,0.4243949045,0.1040323172,0.8903131151,1.9731049499,-0.1677088507,0.0896496815,0.0704718281,0.913727413,2.6570804518,0.7893986953,0.485955414,0.0496023479,0.494628277,2.5170147795,-0.0955841849,0.0435987261,0.0115009608,0.1636075993,2.812635019,0.2077003285,0.501320359,0.3046491038,0.0004628405,0.000435468,0.9347756594,0.0439583292,2.5534637311,0.7193532363,0.0032038641,0.4386377552,-1.4513e-06,7.5316e-06,9.3395e-06,5.6745e-06,0.0136642186,0.082404597,2.9362934936,0.4388385417,0.0442683443,0.2408896084,0.499505,0.0177573428,0.0354829297,0.0026397824,0.017679705,0.078845753,2.9876204299,0.2603383897,0.0663666959,0.1696832305,0.4615148398,0.3192447915,0.0168663226,0.0128440154,0.9941195367,0.0033708948,2.0867182259,0.1298681814,0.523726078,0.1913839763,-9.80333e-05,7.85089e-05,4.46315e-05,3.14821e-05,0.8864093102,0.2062285671,2.5386337343,0.5300668438,0.6876968437,0.0647187402,0.2069712507,0.112353678,0.1246714682,0.0346795035,0.9155827906,0.1160690549,2.6838655103,0.2617458729,0.8069794979,0.1289057231,-4.5743713095795515,-1.710953819599882,4.541045209896997,4
376,541.6703595347685,19799,56,36.55175080468687,0.24025,0.0302107183,0.0330473417,3.1299304322,0.4832352428,0.23945,0.0313679375,0.2267224234,2.6954665165,-0.1096755437,0.5203,0.0389603645,0.162433343,3.0018404071,0.3260382062,0.0387,0.0110140819,0.1250945025,3.6061588084,0.2808927975,0.3960755814,0.0670311459,0.7507720233,2.4841366238,-0.2430834191,0.0949709302,0.0638960299,0.9065115647,2.8241202818,0.8502260395,0.5089534884,0.0366363039,0.0572163487,3.4636340274,-0.0014489067,0.0443604651,0.0121592273,0.1252792486,2.7102482364,0.1417650116,0.4993809773,0.3029794504,0.0008412826,0.0005976185,0.9442895263,0.0322942935,2.3914968987,0.5682153163,0.0680669027,0.490559281,-4.118e-06,1.07394e-05,1.66933e-05,1.03653e-05,0.0788600029,0.1329344674,2.9750735136,0.4243818288,0.0584331542,0.2866138264,0.4922825,0.0164570447,0.0361360958,0.0017960953,0.0571217736,0.126772347,2.9062487763,0.3238201142,-0.0105327272,0.2063538227,0.4453960171,0.2998500243,0.0247243862,0.0170236968,0.993943798,0.0028824324,2.0314588589,0.0835823941,0.4735192303,0.1414112468,-0.0001882861,0.0001287665,8.42368e-05,5.34581e-05,0.9540224451,0.0441171709,2.3514108349,0.148881116,0.6696223283,0.0806791023,0.1924854515,0.0843043743,0.1297698006,0.0270041714,0.9267413444,0.0903180703,2.7291973928,0.2124125164,0.8370082466,0.1926407967,-4.364791608441037,-0.48550879388772905,2.232047726355572,4
377,721.2660233110493,26522,66,36.77145344826852,0.25815,0.0298718513,0.1557589813,3.1782722449,0.3663412291,0.2551,0.0410120714,0.3478556736,2.7668575137,0.1634182733,0.48675,0.037029549,0.2313595246,2.8334183901,-0.1804616868,0.0345,0.009367497,-0.1122824012,2.6099544647,0.1998180381,0.4136597938,0.0839597211,0.8262830135,2.4571290504,-0.2515138425,0.0899742268,0.0685668787,0.8985791775,3.8772529984,1.2236118957,0.4963659794,0.0409464709,0.2816563669,3.1213221833,-0.3112450225,0.0469329897,0.0111457377,0.2230198609,3.1749148093,-0.1806760704,0.4929007497,0.2990225448,0.0012692212,0.000965348,0.9535717685,0.0270828873,2.3035606596,0.4165797121,0.1168091456,0.4540004357,-1.0952e-06,2.25277e-05,2.29803e-05,1.37671e-05,0.1387090948,0.1198071981,3.1465004886,0.6724903021,-0.0277593838,0.3458810992,0.4994475,0.0230754549,0.0381730972,0.0020725043,0.0718236094,0.1054611619,3.1457020878,0.5445052342,0.0840177965,0.29596488,0.4406527133,0.2938615123,0.0257555474,0.0158104898,0.9923253858,0.0031892663,2.3493447394,0.2048827382,0.7195322702,0.1571553376,-0.000254551,0.0001535951,9.04409e-05,5.53628e-05,0.9417473194,0.0202894124,2.9527703991,0.3933070407,0.862858369,0.1320172542,0.1584933181,0.0329856407,0.1302091005,0.0107093879,0.9502614688,0.0228946128,2.8038101535,0.3592855111,0.9014204319,0.1972265053,-1.828243020453893,-1.6422272573296168,-0.23779867729479265,4
378,957.075546770634,34837,24,36.39942543464522,0.2603,0.031943857,-0.055039698,2.5770248836,-0.0122989961,0.23165,0.0310165682,-0.1662229091,2.935507319,0.1404956949,0.50805,0.0362622048,-0.0458239351,2.9737006403,-0.0240420016,0.03915,0.0109328633,0.1915388414,2.5898841938,0.1887537778,0.4035772358,0.0935693596,0.8432632851,2.0043337479,-0.153569263,0.0866260163,0.0685244085,0.9242532668,2.4094480003,0.7796004657,0.509796748,0.0448774228,0.2767282023,2.5430839611,-0.0843818094,0.0460433604,0.0121444899,0.2661399897,3.7642586817,0.3905123456,0.4986958767,0.3027728446,0.0003506259,0.0002580035,0.938062805,0.0379654983,2.4652986774,0.5869306684,0.000260196,0.5753156984,1.0096e-06,2.86e-06,7.1184e-06,4.266e-06,-0.0103010151,0.1149653315,2.9701039467,0.3983173136,-0.0074425549,0.2012825616,0.500185,0.0140272512,0.0352099214,0.0028352129,-0.0028417523,0.1120380462,3.0590568219,0.5079540357,-0.0167920738,0.1899789954,0.4515150862,0.3225277347,0.0225938875,0.0151359175,0.9966546846,0.0013487886,2.0641194639,0.0802484333,0.5195450897,0.0892020821,-8.44432e-05,5.52424e-05,4.10295e-05,2.76045e-05,0.9725153422,0.0052614397,2.1007978158,0.0934224246,0.5252967845,0.1115617063,0.1923511626,0.0261851636,0.1457483526,0.0047729139,0.9642408075,0.0064722629,2.2186325258,0.1152184079,0.6515662783,0.1415530372,-6.286180009866739,1.911082029530162,0.5118163571763916,4
380,855.6650654027658,32412,72,37.8793073487738,0.22265,0.028986678,-0.1179741941,4.4896665948,-0.52173917,0.2875,0.030809901,-0.0230165535,3.355020032,-0.0197460885,0.48985,0.0361071669,-0.0948171626,3.0667449914,0.1317169367,0.0368,0.0095005263,0.0197429664,3.157121051,0.3606503641,0.3894296578,0.0883502029,0.8517513238,2.0386693319,-0.0975234742,0.107851711,0.0657701152,0.9114796324,2.6122665835,0.7031063682,0.5027186312,0.0429223004,0.3569561575,2.5658443572,0.0641820158,0.0428707224,0.0121863859,0.1852020771,3.4531098017,0.1124698346,0.496569441,0.3023158606,0.0005601046,0.0004790624,0.9530863212,0.0407201911,2.3175809325,0.5029800671,0.058422926,0.4325601096,8.671e-07,4.8339e-06,8.9702e-06,5.339e-06,0.0850067773,0.1041665124,2.8885151524,0.397790555,-0.0486458926,0.2543085507,0.5010025,0.0142606493,0.0352705484,0.0022538385,0.0351732836,0.085276216,2.9310447983,0.5255961899,0.0400190596,0.1923234181,0.4574064781,0.3157452844,0.0204450978,0.0140763686,0.9952623713,0.0027697617,2.0180422266,0.1397567668,0.4649988718,0.1605406242,-0.00010233,6.94581e-05,4.89029e-05,3.21991e-05,0.9449225156,0.0789225492,2.1076999377,0.141144943,0.3948990888,0.2694719198,0.2160524673,0.0818569741,0.13244983,0.0338687165,0.935296202,0.0794816667,2.2957537736,0.2227616921,0.4999583492,0.3727017675,-6.0982639021510305,-0.16934859096516705,5.154416483545148,4
382,111.12078878225564,4150,74,37.34674713416626,0.263,0.0323496522,0.2100749956,3.5411570295,0.3102891119,0.25165,0.0350717479,0.2101821845,2.9265062165,-0.1235970179,0.48535,0.0442733272,0.305300983,2.8196168129,0.1320337967,0.0307,0.0092200868,0.0118490871,3.0211783245,0.377821077,0.3896610169,0.0889813559,0.9098342526,1.8289211311,-0.1370060796,0.0637288136,0.0644769912,0.8643907168,3.0963965051,1.1024976923,0.5466101695,0.0471334265,0.5373803202,1.9184172556,-0.1449958125,0.0529661017,0.0144127605,0.15996804,3.0210724969,0.451639201,0.497123929,0.301297897,0.0018812287,0.0011766142,0.9337414954,0.0421629715,2.4835047164,0.5410215155,0.0936898294,0.4105695734,-1.06791e-05,5.04673e-05,5.23152e-05,3.12724e-05,0.2917283317,0.1459731668,2.9864238099,0.5300585499,0.0091225704,0.2645775117,0.49889,0.0282269047,0.0404307388,0.0037570079,0.2163126185,0.1471438468,2.9124352374,0.5911768857,0.0092485189,0.2628807562,0.4703053026,0.2853395429,0.0082681514,0.0052955374,0.9516395188,0.0042773163,4.5311926067,0.6613149862,1.5823577534,0.2054786278,-0.0004243841,0.0002597126,0.000136569,8.81017e-05,0.8949514438,0.0197061221,4.5420029215,0.7040773562,1.5090622872,0.185903683,0.1363372265,0.0172285794,0.1379095574,0.0112926495,0.9405268851,0.0130898297,3.2938470784,0.4206362637,1.1728440657,0.1619339503,3.249430535282688,-3.551625431698667,-3.775414267607538,0
383,852.689028490026,31432,39,36.86220761590069,0.2256,0.0321269357,-0.0227711989,3.5339570467,0.2049769427,0.2819,0.0322705748,-0.0297633647,2.1520907183,0.053553068,0.4925,0.0351887766,-0.1462089279,2.0128242426,0.1118824879,0.03565,0.0092372886,0.0853831583,2.4713471847,0.2849381487,0.4047285068,0.0857000375,0.8700942163,2.0813103306,0.0434069019,0.0944117647,0.0607224056,0.8778840208,2.4506938892,0.6660284387,0.5008597285,0.0437411479,0.4415378231,2.8544594235,-0.3465850047,0.042918552,0.0110208634,-0.0684733823,2.8791781323,0.5496673202,0.5007718556,0.3037905791,0.0005127618,0.0003578551,0.9286577312,0.0577236416,2.560566798,0.6583863583,0.0308098519,0.4511803519,2.0734e-06,5.8801e-06,1.16806e-05,7.3263e-06,-0.0247942816,0.0940861301,2.9825968498,0.3468394759,-0.0627626524,0.2395633774,0.504075,0.0154057173,0.0358512741,0.0024329815,-0.0545555558,0.087059368,3.0029520529,0.3541932188,-0.1529720673,0.1831289877,0.4487146505,0.30373445,0.023544189,0.0145891857,0.995000762,0.0021614558,2.1089134593,0.1316627073,0.5638030791,0.1438221681,-0.0001431393,8.82197e-05,6.74399e-05,4.18655e-05,0.9733815039,0.0073859445,2.1377854194,0.115104718,0.543450694,0.1425475205,0.1824862925,0.0352196435,0.1436804426,0.0113128666,0.962100401,0.0135144129,2.3437303288,0.1938762027,0.7202846438,0.1836792376,-5.499501579275003,1.4417861625797617,1.1198620628337081,4
384,611.3607524988531,21360,52,34.93845477108881,0.25385,0.0274850414,0.3169527261,2.3284129467,-0.0137747365,0.2187,0.0362878768,0.3055638238,2.7236699173,-0.04666275,0.52745,0.0350677558,0.1585980056,2.3695757533,0.1356630633,0.03605,0.0113202253,0.1351181788,3.1104019643,0.1319592042,0.3858285714,0.0876667344,0.8480930564,2.3197887309,-0.2625390175,0.0766,0.0556032887,0.8792023924,3.2773623792,1.0197017588,0.5375714286,0.0465183747,0.5208557401,2.5631486095,-0.1466731699,0.0500571429,0.0131582519,0.1029102104,2.6318552879,0.0835385573,0.499474243,0.3027717542,0.0007555954,0.0005535856,0.9429606453,0.0387327185,2.3401514588,0.6362434256,0.0183388541,0.3614667142,-6.1644e-06,1.4215e-05,1.57775e-05,9.6373e-06,0.1004501453,0.1302358163,2.8555268281,0.2899677835,0.0188694377,0.1916265344,0.49429,0.0256958002,0.0368678379,0.002331154,0.0401884034,0.1077991375,2.8812887437,0.3291625099,0.0052442466,0.2264732074,0.4535506538,0.3038068638,0.0203500662,0.0139107953,0.9920301216,0.0043752679,2.1855595413,0.2154820714,0.6002661158,0.2163447357,-0.0001817702,0.0001304857,7.75504e-05,5.01539e-05,0.9173087647,0.1457268863,2.702947305,0.2761020656,0.8260760504,0.1744886171,0.1753539306,0.1028491937,0.1277916521,0.0263059174,0.9006016043,0.1648874957,3.0919897569,0.4745750589,1.0303436799,0.3032400726,-2.384465379168691,-2.581107440193306,2.5562012678322024,4
387,463.5276553891616,17398,48,37.53389856618857,0.2811,0.0382529737,0.2463374229,2.9768974933,0.2254536539,0.2777,0.0527987689,0.5013935291,3.0555833943,0.3203894079,0.4412,0.0446324994,0.1719801916,3.2508011554,-0.6811969847,0.0307,0.0110909873,0.2278823445,3.100749656,0.6038514842,0.5108661417,0.1123690743,0.8980569389,1.8795709579,-0.0507083999,0.0701968504,0.058482791,0.9120215289,2.3262573832,0.7717778048,0.4189370079,0.0646329123,0.7051304962,2.2729044885,-0.4554159552,0.0433070866,0.0108537245,0.3535956484,2.3682450544,-0.0417265059,0.5002426864,0.303461626,0.0011868968,0.0007265392,0.9443923642,0.0370486349,2.401720738,0.3812871967,-0.0529836515,0.3386176592,1.25938e-05,2.61234e-05,3.57372e-05,1.91684e-05,0.5007456104,0.1687379919,2.6891151655,0.2935404712,-0.1546404072,0.2371573649,0.5154475,0.0238650502,0.0487069836,0.0100859493,0.4121274891,0.184009428,2.8409132057,0.3824172926,-0.1279998288,0.2400347862,0.4556863092,0.2861672095,0.0184698106,0.0111307281,0.9858959359,0.0046490168,2.4350394555,0.2639882734,0.7853139232,0.2049223562,-0.0004324633,0.0002571875,0.0001421532,8.44071e-05,0.9371068038,0.0182330622,4.0519070706,0.6960546249,1.3123846065,0.2378738568,0.1305673699,0.0510560089,0.1168292004,0.0095454558,0.9335189751,0.0204803609,4.1472323536,0.7790403333,1.3452081466,0.2432399122,3.7378171076963946,-5.439719195531835,-2.9598160384609766,0
39,410.9121127952033,14271,30,34.730054324566964,0.26995,0.030963648,0.0420304472,2.8376349547,-0.1194973891,0.26745,0.0352668045,0.1946455567,2.6518616948,0.2418325186,0.4626,0.0395820666,0.0351171384,3.4204773378,-0.0032757983,0.0357,0.0099,0.0408662406,3.8272457222,0.2152285017,0.4364052288,0.0933586407,0.8630754411,1.9979102884,-0.1413180357,0.0863398693,0.0609725282,0.8776062199,2.545582358,0.7002542284,0.477254902,0.0478523778,0.4264809525,2.5607057414,-0.0310841552,0.0435294118,0.0129967612,0.0825175911,3.6750798254,0.6099611905,0.4991972924,0.3031275222,0.0007903705,0.0005013913,0.9460108575,0.0396064917,2.3290014208,0.6158644815,0.0041480761,0.3971175982,-1.3488e-06,1.15551e-05,1.65234e-05,1.01631e-05,0.0568430656,0.1154239357,2.985002682,0.4905862647,0.0305141148,0.2862952411,0.4946325,0.0181480114,0.0360585262,0.0025366937,0.0420602795,0.1017819285,2.850300577,0.2871931408,0.0564871107,0.2132474798,0.4477936324,0.2834596985,0.0225942049,0.014570085,0.9914884378,0.0038153514,2.1219552158,0.141429116,0.6314389816,0.0995237632,-0.00024075,0.000150837,0.0001143753,7.37725e-05,0.9739295897,0.0074407095,2.1277800331,0.2242428269,0.5932029592,0.1318054683,0.1664106274,0.0159613939,0.1501780731,0.0091471371,0.962827582,0.008710335,2.3765383434,0.247363636,0.7828739434,0.1356092854,-3.1134588007996586,1.3538405110522016,-0.8767061663453531,4
390,446.3340624289695,16363,57,36.66088111436496,0.20335,0.0404478368,0.4989142435,2.6500492778,0.2880911471,0.27925,0.0512512195,0.53025189,2.7076144091,0.1226534226,0.5174,0.04536783,0.3825461869,2.996469985,0.0558413605,0.037,0.0109316056,0.151600034,2.4679890058,-0.1952038246,0.4934210526,0.0835611712,0.7841104732,2.787233548,-0.4250612996,0.082406015,0.055999468,0.8309381169,4.0825486032,1.0611884047,0.4241729323,0.0420131579,0.3263727023,2.915222223,0.128821269,0.040037594,0.0101769355,0.3386842425,3.0478855824,0.4017640466,0.4954923149,0.3018449729,0.0008258965,0.0005350982,0.9562482194,0.0337120807,2.1561452865,0.4078096366,0.0915751454,0.463428541,9.995e-07,1.51876e-05,3.04071e-05,1.85922e-05,0.652316879,0.1367209854,2.6282423204,0.4660390118,-0.0804683444,0.2761619204,0.5018975,0.0222702968,0.0623738033,0.0100289352,0.5750376827,0.1437796691,2.6884704971,0.4128195145,-0.0613748636,0.2640051261,0.4602103123,0.2980345707,0.0188920227,0.0125290733,0.9921843704,0.0037436662,2.0699094433,0.1089845375,0.5058770859,0.1538623862,-0.0001968581,0.000122056,7.96961e-05,5.13817e-05,0.949170784,0.0475331488,2.5545185666,0.4409268825,0.7410185594,0.2708306229,0.1637512531,0.0541699182,0.1237417367,0.0208530425,0.9231099793,0.0868202736,2.9546379201,0.5982300912,0.9368492723,0.2804131593,2.286985335628815,-5.08559059799876,0.4938042339345731,0
395,501.7548882156904,18690,16,37.24926341318611,0.25405,0.0361088286,0.2098293241,2.6925038213,0.213370564,0.2738,0.0400069994,0.3233704126,3.04426632,0.1208153789,0.47215,0.0411962073,0.1884902749,2.862212323,0.3778482084,0.03095,0.010263893,0.3486115134,2.1105783141,-0.0276042052,0.4779378531,0.081465126,0.8149724589,2.3734280407,-0.3531829552,0.083700565,0.0612949307,0.8977806036,3.1289939209,0.9736346677,0.4383615819,0.0375804116,0.1629903758,3.099761323,0.0410061722,0.040480226,0.0113456681,0.0844360255,2.7982189301,0.3569829951,0.4994142983,0.3029061154,0.0007584595,0.0004991004,0.9339772596,0.0572940132,2.3802771028,0.5893933306,0.0062061674,0.482850959,-3.1951e-06,9.2671e-06,1.77856e-05,1.11807e-05,0.1545342296,0.1498382697,2.9021889068,0.4133142067,0.0358505117,0.2572726525,0.499615,0.0225305187,0.0384426253,0.0039328184,0.1568566828,0.1456417901,2.9887978065,0.5664678655,0.0011877439,0.250374286,0.4438248025,0.2934481223,0.0272118016,0.0161128657,0.9940189648,0.0033388322,2.0677517583,0.1748148456,0.523911261,0.1697683717,-0.0002019747,0.0001157127,9.24128e-05,5.45496e-05,0.966079626,0.0204455574,2.2231012696,0.3858444177,0.5616702606,0.2476219789,0.1743131518,0.0418443164,0.1365728652,0.0172917631,0.9502004984,0.0402630871,2.5016962741,0.427733337,0.7601425314,0.2834863068,-1.3646627818270385,-1.5666921789900792,0.9592081533532909,4
396,789.8447681743492,29502,65,37.351643245281046,0.2516,0.0337852039,-0.1652102306,4.2984407704,0.6906607667,0.2576,0.0273082405,-0.1035945544,3.2247348294,-0.2888235752,0.4908,0.0375813784,-0.0954623462,3.0310986577,-0.0237888699,0.034,0.0110679718,0.0236613722,3.3719616826,0.0597421552,0.4099802372,0.0921820441,0.8511481073,1.99776121,-0.0615471818,0.0950395257,0.0694814106,0.9074609456,2.5480023174,0.7378717863,0.4949802372,0.0444565294,0.3388540453,2.6633407803,-0.0356500967,0.0433596838,0.0124386667,0.1251037403,3.1354978696,0.28110052,0.4957546668,0.3014522619,0.000440604,0.0003167079,0.9356529349,0.0446175389,2.5480052706,0.5664737148,0.2644744947,0.4859497195,-8.39e-08,4.336e-06,1.03961e-05,6.3347e-06,0.0144716281,0.1152541855,2.9972115156,0.5066199255,0.0764474871,0.2667011634,0.5028775,0.0129265857,0.0352230192,0.002127156,0.0128047454,0.1185347664,2.9339863717,0.3813385708,0.047367147,0.214736507,0.4543947578,0.310649137,0.0206973757,0.0123540537,0.9946812012,0.0025692272,2.1760579018,0.1672578359,0.606514515,0.1863676747,-0.0001184937,7.0985e-05,5.57129e-05,3.26941e-05,0.9630228609,0.0260230528,2.1517924781,0.1185241636,0.5478540213,0.1806394801,0.1983718634,0.0636622888,0.1385152898,0.023751462,0.9446208937,0.0569906079,2.2832611625,0.0953014563,0.6543538121,0.2068743128,-5.32801499248246,0.6797096813733166,2.702766313309625,4
397,755.596577083842,27108,30,35.876287455696165,0.27215,0.0287076209,-0.0323891813,2.5467330477,0.1372934174,0.2144,0.0330551055,-0.0960797419,2.9182920608,0.1522667353,0.51345,0.0366653447,-0.0079524909,2.7996516974,-0.0055042593,0.0402,0.0100478853,-0.1037809204,2.2278436047,0.1448255154,0.3851858736,0.0960587782,0.8870259288,2.1742583372,-0.0735896983,0.0970817844,0.0779925695,0.9229610106,2.4557806228,0.7389446907,0.517732342,0.0411641346,0.3181393843,3.01319171,-0.3837519741,0.0465799257,0.0119872193,0.1380422975,2.6752714076,0.413522586,0.4957055049,0.3007922649,0.0006198117,0.0004711282,0.9522456678,0.0327946108,2.5171299,0.6522898353,0.1231500131,0.4456059649,1.2185e-06,7.9465e-06,1.14648e-05,6.9751e-06,0.0130276939,0.1005727961,3.0597507474,0.4826392619,-0.0151633712,0.2415870533,0.502265,0.0153930999,0.0362813946,0.0025559068,-0.0116701501,0.103949671,2.9458213387,0.4152196874,-0.0629991974,0.2251749921,0.4522528284,0.3023823183,0.0211434609,0.0136249712,0.9937576407,0.0035104938,2.2517781265,0.1880531663,0.6687372566,0.1308988804,-0.0001429372,9.07846e-05,6.38874e-05,4.04207e-05,0.9703005041,0.0050970414,2.268951347,0.1733735357,0.6438200026,0.1269330643,0.1725756674,0.0159894324,0.1454580417,0.0056886313,0.9652856285,0.004513541,2.3621370454,0.1339597475,0.7674321533,0.1095898696,-5.144278509223129,1.8303715417787807,-0.21118324675060354,4
4,573.9872024678868,19981,28,34.81088065045821,0.2247,0.0328010671,-0.0722792474,2.7953847749,-0.0951844486,0.26525,0.0309949593,0.084612056,2.5100323789,0.3349362357,0.51005,0.0341137436,-0.1379212045,3.1685031646,0.0814031574,0.03785,0.0099059326,-0.0399538546,3.1242236146,0.2819940639,0.3862671233,0.0827084574,0.8394346359,2.0918958403,-0.1140225775,0.0892123288,0.0689269227,0.8716639172,2.8976887427,0.895585381,0.5245205479,0.040439913,0.2534606774,2.5509605945,0.063816984,0.0432191781,0.0126564149,0.3049919831,2.2252200468,0.0836794025,0.4980781903,0.3020286258,0.0005582589,0.0004246393,0.9298536055,0.0478300507,2.3400680536,0.396280922,0.1613838042,0.3265703609,5.956e-07,7.2346e-06,1.31846e-05,8.207e-06,0.1869631275,0.101754891,2.881506116,0.4035170007,-0.0006631038,0.2325745775,0.500315,0.0186377044,0.0378531229,0.0035676098,0.1749625293,0.0967094728,2.9228386069,0.4525729539,-0.1026446469,0.2393006945,0.4578103899,0.3049580966,0.0170596146,0.011300197,0.9927680494,0.0033258575,2.2520431703,0.2679785913,0.6736311958,0.2526742603,-0.0001289967,9.73382e-05,6.1932e-05,4.06364e-05,0.9163693681,0.1427322152,2.3113387166,0.4375067123,0.6170337837,0.2354145807,0.1984784862,0.1053635515,0.133395218,0.0322922566,0.8930289427,0.1943022291,2.3407325447,0.3838390831,0.6913135507,0.2483404928,-3.43443643709229,-1.6382686636477697,5.244351090380985,4
40,226.5107681069608,8456,45,37.33155854209539,0.2762,0.0442273671,0.3804093973,2.6749185592,-0.1196495023,0.2655,0.0521656017,0.5547892355,2.8936598662,0.431458718,0.4583,0.0428381839,0.4173993092,2.4540599841,-0.0048786724,0.0318,0.0096311993,0.1025264974,3.6942357609,0.3730330341,0.4444117647,0.0972093307,0.9021994088,1.8184323517,-0.2904697614,0.0809803922,0.0533120632,0.876049351,2.6899597151,0.833032983,0.4746078431,0.0542583068,0.6598132593,2.1092549246,0.0851463058,0.0455882353,0.0098342668,-0.1458954763,2.7558427552,-0.0095767979,0.4940516143,0.3007766373,0.0024905637,0.0015924392,0.9327369956,0.0341168069,2.3270507952,0.7102597786,0.0405345479,0.2999481565,2.93634e-05,5.16257e-05,7.74211e-05,4.6176e-05,0.3592959119,0.1908943995,2.8420860093,0.3675920239,0.0377035889,0.2169252008,0.5078375,0.0308358674,0.0423487408,0.006389016,0.2634248571,0.1916739773,2.7221194688,0.3978676596,0.0394376438,0.2154175882,0.447474935,0.2720608305,0.0221259437,0.0137092275,0.9710112614,0.0103348203,2.5232738426,0.1627026942,0.832301908,0.078762324,-0.0008567144,0.0005120329,0.0003428394,0.0002140329,0.9407972914,0.0087946256,2.8922821972,0.3443837237,0.9248205433,0.12605863,0.1383672607,0.0138330051,0.1393206191,0.0106198871,0.9389659834,0.0124936829,3.1653996427,0.4693911852,1.1108289536,0.1684210309,3.7217563314014446,-0.5571265181265641,-3.3960960942376652,1
400,121.95664185513697,4146,20,33.99568844249351,0.25415,0.0526310507,0.5815052106,2.7246381465,0.4994732495,0.3115,0.0494646338,0.4847346108,3.2724407106,0.2303090506,0.43435,0.059618181,0.5683920918,2.5349551796,0.0347563708,0.0329,0.0103242433,0.1553936756,4.2769901171,0.6390757504,0.5781097561,0.1151977098,0.9086475898,1.8798518679,-0.1196633898,0.0975,0.08345895,0.9090190842,2.6567753524,0.8028945028,0.3243902439,0.0498435983,0.6124549632,2.1119815216,-0.2129259002,0.0405487805,0.0105056923,0.218655501,3.2620013902,0.5254701666,0.4963358994,0.3020548109,0.0015461669,0.0008847313,0.9320610015,0.0312490646,2.5246564726,0.6209636721,-0.0922879992,0.5085210336,5.0966e-06,3.33773e-05,5.12075e-05,3.04646e-05,0.3862725978,0.1603029073,2.5985660779,0.4411402294,0.0688549958,0.2335500306,0.50423,0.0265092408,0.0472021696,0.0069226031,0.3784281213,0.1480168996,2.6453511382,0.3405622959,-0.0480898943,0.2643252653,0.4517836265,0.2735069473,0.0204323755,0.0125894426,0.9751730777,0.0109779549,2.2884593332,0.228023811,0.6911373584,0.1437623997,-0.0005512638,0.0003472505,0.0002498141,0.000151981,0.9489382272,0.0158373569,2.1902796365,0.5172168543,0.5441406061,0.2630589503,0.1834399253,0.035009077,0.1470441072,0.0181416142,0.9515421075,0.0137663833,2.0616105276,0.49849546,0.5037516254,0.2687982299,3.594268365631338,-0.2551189319732655,-0.2763810580184888,1
404,649.3651923601808,24192,39,37.25484563173432,0.2668,0.0326459798,-0.0353420695,2.2835186918,0.0514924081,0.2549,0.0254458248,0.0434507355,3.2216504101,-0.2341752496,0.4783,0.0349658405,-0.1003602281,3.0867621943,-0.1459026052,0.0317,0.0086666026,0.0466806487,4.1447156871,0.6905707397,0.3980366492,0.0823362644,0.7928273143,2.3943518089,-0.117177145,0.0956020942,0.0687969072,0.8881257812,2.459136261,0.7436542986,0.5063612565,0.0408160266,0.0372027963,3.5326697331,-0.0692720915,0.0428272251,0.0113541971,0.0747512335,3.038277314,0.1711038902,0.4935322864,0.3004243522,0.0007521681,0.0004729474,0.9388895733,0.0321651668,2.6618356151,0.8047454016,0.00140051,0.6129004141,3.5341e-06,1.0403e-05,1.59368e-05,9.7966e-06,0.0075658466,0.0756485105,2.8836558198,0.311721881,-0.0790892313,0.2852532943,0.50361,0.0142774963,0.0358461875,0.0023551741,0.0164793742,0.1026248825,2.9949659137,0.3959326931,0.0018034714,0.2247670639,0.4470572543,0.2960324142,0.02275837,0.0140457369,0.9932312174,0.0025643576,2.1765488954,0.192119631,0.6166778177,0.1979033027,-0.000190047,0.0001232897,8.55881e-05,5.2576e-05,0.9633158288,0.0287038447,2.2385995149,0.1764430313,0.6151559014,0.1922630732,0.1862909465,0.0664148946,0.1373308702,0.0206278827,0.9471666872,0.0597500587,2.4054343691,0.1978100788,0.7434399441,0.2328054847,-4.627279066658231,0.17287166738565854,3.223067167800154,4
405,114.56528346460787,4247,63,37.07056685555189,0.25525,0.043922517,0.3997102535,2.769348707,0.1563035296,0.2703,0.0653636749,0.7682593217,2.3673179888,0.1729919488,0.47445,0.0508915268,0.5226669803,3.0104274991,-0.0881988415,0.03715,0.0107297484,0.1590943436,3.0407896516,0.2236231574,0.5401785714,0.1202005923,0.8578503148,2.3907457065,-0.5109779809,0.063125,0.0577986229,0.8122371826,6.7372804135,1.7830215296,0.3966964286,0.0737773968,0.6804099748,1.9602043918,0.0421025098,0.0407142857,0.0110368122,0.1389130607,3.9594747951,0.2571797196,0.4921156916,0.2984807927,0.0024574179,0.0016945766,0.9055592703,0.0913257371,2.5794472596,0.5992585349,0.0859653577,0.4258634383,-2.34126e-05,5.24075e-05,0.0001027879,6.76659e-05,0.5239171883,0.1478199823,2.7426418556,0.4305939522,0.0402652776,0.2252495985,0.49313,0.0223387298,0.0524952184,0.012029601,0.4254948631,0.2022489547,2.7452128539,0.3718299492,0.0316622033,0.2150473479,0.4423742979,0.2687626329,0.0229636808,0.0137981582,0.9716881805,0.0116015059,2.4072180266,0.2046175648,0.7834344037,0.1292977871,-0.0008600661,0.0005189171,0.0003361601,0.0002059592,0.9362162451,0.0319213954,2.9248083258,0.4776079547,0.9593535937,0.1646804793,0.1367129046,0.0198740549,0.1361653435,0.0163952051,0.9311772687,0.0242669079,3.2641033926,0.6208799172,1.132332162,0.1919227918,8.093391071692748,-3.0207750781687657,-2.8486467099874795,0
406,448.1800823720876,16526,72,36.87357080335356,0.23515,0.0365681214,0.2432164682,2.6781473486,0.0868507802,0.2459,0.0296511383,0.0858367858,2.9332457934,-0.245868498,0.51895,0.0421028206,0.2844820161,2.8422502448,0.2148667277,0.0378,0.0109389213,0.1001123919,2.606394702,0.0308674579,0.5282984293,0.1077815803,0.8791019955,2.6068028017,-0.4766218816,0.0689528796,0.0583988173,0.8883432095,4.0180001979,1.3000236957,0.4027486911,0.0616646027,0.6438117505,2.5761852742,0.0639863261,0.0367801047,0.0109004934,0.123055303,3.2069518127,0.3313690591,0.4976436777,0.3019312631,0.000818171,0.0005729912,0.9382004779,0.061952122,2.2225782474,0.3253373017,-0.0869423776,0.433498304,-1.117e-06,1.31505e-05,2.02376e-05,1.23949e-05,0.3160052502,0.1843523968,2.7828608714,0.3070484931,0.0158591168,0.246835086,0.504745,0.0240496149,0.0435964908,0.0060886769,0.2830063947,0.2060637949,2.7949119024,0.4305137596,-0.0273968997,0.237111088,0.4505351567,0.2967636138,0.0221859005,0.0140299552,0.9922451017,0.0040315391,2.1652594702,0.2037017599,0.5792776603,0.1999031505,-0.0001645565,0.000107847,8.29834e-05,5.32925e-05,0.9291222951,0.1231329978,2.2179756706,0.3737838313,0.5393222721,0.3051427,0.2034451229,0.0812725308,0.1436324513,0.0364392117,0.9042102083,0.1808205806,2.3127737574,0.4646208044,0.664845224,0.3410308075,0.4716021828551387,-2.394187769320304,2.971062161607099,4
407,272.0926452358352,9446,66,34.716116607314824,0.32565,0.0617197497,0.6899417893,3.1591522978,-0.150863858,0.2769,0.0446641915,0.4353493468,3.1096590362,-0.0163044845,0.39745,0.0526236401,0.5040495076,2.3756234033,-0.184126912,0.0275,0.0085293611,0.2138528139,2.7199135579,0.2961268939,0.5910576923,0.1464264601,0.9323698795,2.2463893842,-0.363101509,0.0802884615,0.0660231127,0.871656125,4.7128773949,1.4413375136,0.3286538462,0.0909359209,0.8880100969,1.8810714019,-0.1008251119,0.0388942308,0.0109183317,0.2179867279,3.3684380618,0.3279539105,0.49620399,0.3008218855,0.0023231518,0.0018307028,0.9181475696,0.0606151462,2.5687472015,0.783638716,0.198639866,0.4961184929,-3.86351e-05,6.56863e-05,8.34287e-05,5.55559e-05,0.408058256,0.2059622173,2.7817572832,0.5092582797,0.0127276454,0.3060639542,0.4817125,0.0301495559,0.0469651438,0.0113977803,0.3044136611,0.2172430471,2.7089597017,0.3737666791,0.0702615585,0.2293620751,0.4493252893,0.273293525,0.0225955866,0.0139142414,0.9715651116,0.0175264555,2.2639407584,0.1986004326,0.6765856359,0.1335892477,-0.0008965232,0.0005391417,0.0003609415,0.0002212724,0.9422023406,0.0333631831,2.5908643074,0.3292440012,0.8225547474,0.1520445596,0.1380175991,0.0188561457,0.1323759544,0.0152266994,0.9355483799,0.0153469963,2.9624309443,0.4647191819,1.030702317,0.1755073077,7.4149753733556905,-2.3393318966989476,-2.387029352032436,0
409,433.5252221039476,15881,45,36.63224004113921,0.27715,0.0341705648,0.2792657466,3.3390027991,0.6170688045,0.2526,0.0477780284,0.5849243682,2.3539229379,0.2549360359,0.47025,0.050957703,0.5644353538,2.8832434914,-0.1331893694,0.03455,0.009697809,0.2586605695,2.4959366665,-0.0703847591,0.4904761905,0.1399991901,0.9285068961,1.8915046814,-0.1473455992,0.0723214286,0.056047633,0.8892981405,2.5946287243,0.7796886332,0.437202381,0.0901762533,0.8380088207,2.0190143554,-0.1106012556,0.049047619,0.0123316325,0.09072569,4.1381442837,0.552743124,0.494316094,0.3003766832,0.0017561001,0.0011228456,0.9420823703,0.0431926355,2.2682561599,0.5490582985,0.0580827152,0.3757296343,-3.4616e-06,2.69971e-05,4.74011e-05,2.85686e-05,0.1910307122,0.1960041921,2.9098912366,0.6211157643,0.0521715497,0.2281928059,0.496185,0.0219320148,0.0395588784,0.0038049495,0.1091735181,0.1583436275,2.9876499089,0.4199489393,0.0460514954,0.1701256006,0.4464838311,0.2717420175,0.0228827299,0.0136211786,0.9807214591,0.0109569254,2.1295805858,0.2644999351,0.5895467463,0.1445446681,-0.0006151173,0.0003653221,0.0002848805,0.0001684159,0.9616520909,0.0146665262,2.1782356465,0.2606277726,0.5842290475,0.150536374,0.1635252367,0.0105774893,0.1497426954,0.0096540179,0.9487605787,0.011403303,2.4467671037,0.1883867832,0.8256817466,0.0929336464,1.1727415612010519,1.7808444363160698,-2.4300463721428134,1
413,413.0432238275488,15266,56,36.95981224079774,0.24125,0.0414570561,0.1355732144,2.6484284111,0.0759521095,0.2492,0.0317546847,0.2618337201,3.1736412451,0.0534218545,0.50955,0.040829493,-0.0287796738,3.1154784146,-0.1474794441,0.03835,0.0111815697,0.0212233976,3.1292828189,0.3573869296,0.4097222222,0.0875370292,0.8462220405,2.9018398835,-0.6721394023,0.0787654321,0.0630232706,0.8605502958,3.7588761225,1.1245470493,0.5115123457,0.0419659235,0.3134301645,2.6516255997,0.0171950669,0.0483950617,0.0150683046,0.4052152257,2.8461277953,0.2914222062,0.4927459364,0.2990407651,0.0008461726,0.0006976353,0.9392984923,0.061280267,2.1926931004,0.5798721728,0.1652793462,0.3383734992,-1.9568e-06,1.67963e-05,2.00577e-05,1.28654e-05,0.3220442981,0.1514902047,2.7989956969,0.3684122616,-0.0759715144,0.2347876668,0.4966425,0.0210541164,0.0426149683,0.0038798649,0.2914745477,0.1599780711,2.8494963487,0.4361976303,-0.0521341332,0.2565830465,0.4523797196,0.2943174729,0.0185414606,0.0114012374,0.9904018195,0.0024835022,2.6045378038,0.2241652379,0.8746431841,0.1312096862,-0.0002096268,0.000125529,8.65444e-05,5.34453e-05,0.9627501991,0.0116224684,2.8511150417,0.4459330882,0.9771845652,0.1919398934,0.1546372685,0.0250487255,0.1414445638,0.0114644852,0.9616346944,0.0064842724,2.8671721235,0.5041974707,0.9822895976,0.257437265,-0.11957188476086013,-2.165726581012639,-1.7656515247373195,1
415,439.1771124104326,16263,24,37.03061826409895,0.24355,0.0356741853,0.3806011744,2.7051006843,0.2885489868,0.24045,0.0311856938,-0.0965691776,2.1324910598,0.0384350917,0.516,0.040614037,0.3936149203,2.7929716088,-0.1159377387,0.0373,0.0101345942,-0.0473703231,2.3939846364,0.1913050012,0.4364772727,0.0857127838,0.8569051635,2.1876499218,0.0599940592,0.0798863636,0.0589393818,0.9135569953,2.5119980172,0.7253541894,0.4836363636,0.043931295,0.4920530108,2.6982178387,-0.2983785729,0.0463068182,0.0127362742,0.2157941598,4.5705118179,0.3587064313,0.4987199715,0.3029317707,0.0009654019,0.0006572635,0.9321554452,0.0496859909,2.3745751444,0.5446683315,0.0028741553,0.4158015186,-1.6499e-06,2.01266e-05,2.3811e-05,1.47023e-05,0.091297871,0.1482473797,2.8312111326,0.4305989326,0.0063355801,0.179530571,0.49305,0.0230292857,0.0368178499,0.0030282712,0.0790984918,0.1179251464,2.9920748877,0.4492901544,-0.0064990798,0.2301478877,0.4498438884,0.2798483717,0.0239660265,0.0157771449,0.9829559294,0.032596342,1.954241758,0.1746803812,0.3995361031,0.159999071,-0.0003705673,0.000250672,0.0001882853,0.0001202892,0.95678642,0.0777033403,2.0592770496,0.4312682751,0.3198035278,0.4159657222,0.1999997684,0.075530879,0.1407526045,0.0255260453,0.9144522467,0.190508263,2.186921341,0.1969904136,0.6052544475,0.1866850427,-3.0985860623227155,0.5851622492574018,3.585443823182218,4
418,420.9004080215069,14853,42,35.288632932950385,0.2388,0.0361601991,0.1597548807,3.0786465719,0.2477483118,0.27285,0.0414442698,0.3805076633,2.5925423145,0.1536455733,0.48835,0.0415935993,0.1190778037,3.6531030571,-0.3173809633,0.0366,0.0090244113,0.0329722283,3.0292739047,0.0374067251,0.5151882845,0.1138994368,0.8994113164,2.1418164275,-0.3858613039,0.0792677824,0.0654145731,0.9000039403,3.7149863204,1.1256134634,0.4055439331,0.0613116495,0.6489986319,2.2194225106,0.1272852781,0.0367782427,0.01126316,0.0073675564,2.8118992487,0.1992329086,0.4956637997,0.3020080854,0.0008012691,0.0007070975,0.9250990656,0.0440406031,2.5611143701,0.6588626644,-0.0693570412,0.586353144,6.44e-07,7.4658e-06,1.71941e-05,1.09355e-05,0.214457956,0.1951228221,2.7411192607,0.2330955149,0.0781336505,0.2183284495,0.4982925,0.01693016,0.0382518238,0.0038716409,0.1441667245,0.1620843712,2.8139851703,0.3397404464,0.0303354225,0.2738369056,0.4581471636,0.2998434016,0.0185545339,0.0118181453,0.9925648817,0.0020692878,2.1575544237,0.1870237001,0.5689464878,0.1852399181,-0.0001894272,0.0001176023,7.59589e-05,4.51598e-05,0.9474290397,0.043628908,2.6257920643,0.3934438066,0.7657823929,0.2241976382,0.1749934549,0.0701660282,0.1262460662,0.0226618852,0.9214758903,0.0999240162,2.8723465422,0.5980808836,0.9065543005,0.3161002618,0.3298059046327161,-3.230195618273421,0.7489983495514442,4
419,143.25263487504566,5264,30,36.74627000467814,0.26435,0.0554646509,0.4926352705,2.7179089048,0.2209074066,0.2464,0.0459133967,0.4585965324,3.1493296899,-0.0844792029,0.48925,0.0556972845,0.5088540692,2.9514365609,-0.0103216284,0.0355,0.0101365675,0.1546767013,2.7055783473,0.1951451708,0.542745098,0.1605820105,0.9562619512,2.2754360694,-0.6098270593,0.0899019608,0.0850460671,0.8716576779,2.9929273338,1.0604147631,0.3673529412,0.0845829036,0.8732898377,2.0490602073,0.1915505355,0.0342156863,0.0114349202,0.2851356165,3.4020960074,0.3601785287,0.4928406212,0.2982981824,0.0048631917,0.0030096765,0.9265588617,0.0591745889,2.3767032415,0.4426742918,-0.0363821513,0.431750048,-1.45124e-05,0.0001313172,0.0002071545,0.0001265879,0.6090831093,0.146577948,2.7726585622,0.5132028794,-0.0280927508,0.256947581,0.5004725,0.0311009424,0.0617492877,0.0144852028,0.534956869,0.1525830815,2.715250479,0.3812673441,0.0032336415,0.279035488,0.4500827323,0.2721176563,0.0252795443,0.0156991177,0.9444513688,0.0247119278,2.4040409656,0.3133557317,0.777255584,0.1832944975,-0.0018852094,0.001180432,0.0007974446,0.0004999909,0.921338179,0.0405611299,2.5662998437,0.4532914272,0.8165054334,0.2581371663,0.1381211826,0.0202077547,0.1443219588,0.0153565989,0.9095309517,0.0217720541,2.9224726484,0.5026385216,1.0570694239,0.2418896856,9.883792894866188,0.26189322285252664,-0.1783059929186411,2
420,883.7481517563795,31748,70,35.92426183512052,0.24815,0.0308273823,0.1429459431,2.7361659202,0.2201452491,0.2496,0.0317228624,0.2636668958,2.6174699337,-0.0691432468,0.50225,0.035681753,0.2380441057,2.3563139128,-0.2740320557,0.0361,0.010573079,0.2550468972,5.1764396636,1.0425541512,0.4421428571,0.1043082168,0.8941906644,2.3403976215,-0.2230346557,0.0999795918,0.0720168602,0.9317984138,3.19520617,0.9181418017,0.457877551,0.0466487669,0.5043098184,3.107909533,-0.4595153023,0.0379795918,0.0125722237,0.0605073372,2.5300310063,0.1265582659,0.4931747641,0.3001386206,0.0004798764,0.000289486,0.9383777053,0.0345346338,2.4872376696,0.6455892065,-0.1141220711,0.4901841945,1.8144e-06,1.24555e-05,1.17741e-05,7.2367e-06,0.1138876148,0.1200559814,2.9798315451,0.4083299632,0.0142223612,0.2687657872,0.5035225,0.0243029807,0.0366156684,0.0021592717,0.0181314806,0.0967474272,3.0469823082,0.2865415271,0.0379524284,0.2599949367,0.4551763019,0.3107205112,0.0207103398,0.0122201013,0.994542229,0.0030935234,2.1345720125,0.1518499977,0.5692434801,0.1559496429,-0.0001396179,8.06279e-05,5.66802e-05,3.3313e-05,0.9591354044,0.0158704532,2.3970862273,0.2086159039,0.6127025972,0.1821449945,0.180296447,0.0495931955,0.130652445,0.0182307779,0.9506831274,0.0281759213,2.4575502679,0.2510275596,0.6995241554,0.2586586159,-3.414220449076807,-0.6773966587548628,1.2688594018263335,4
421,119.36738966422428,4490,20,37.61496345551488,0.2658,0.0342178316,0.0902585569,2.5062666131,-0.0784508093,0.23545,0.0384323757,0.4101220866,2.4579051432,0.0981150891,0.49875,0.0413362734,0.169764356,3.1364863615,-0.0358444148,0.03875,0.0111214882,0.0595072647,3.4965227358,0.6430199741,0.4207333333,0.1241173996,0.8957481756,2.0581748148,-0.2524644876,0.0964,0.0778483997,0.9185508849,2.4079094698,0.765315942,0.4828666667,0.0580412114,0.5795723285,2.2102488612,-0.3568969471,0.0435333333,0.0094788654,-0.0667269727,2.5119367538,0.2487166638,0.493915052,0.2997275891,0.0024788268,0.0020080412,0.9522188569,0.0238406359,2.4622278423,0.5320807524,0.1151111008,0.5523473557,-6.8641e-06,4.87278e-05,5.38628e-05,3.52225e-05,0.2567818388,0.1763269178,2.9667503489,0.3894141387,-0.0688974322,0.229496276,0.4980275,0.0222166462,0.0416540253,0.0039886776,0.1963336465,0.1516835794,3.0408658216,0.3966204978,-0.0045977427,0.1978817124,0.4404572639,0.2685991623,0.0240271137,0.0152146147,0.980270948,0.0067152424,2.1762624797,0.1529778955,0.6336900655,0.1048735207,-0.00064429,0.0003765472,0.0003061353,0.0001947082,0.962614634,0.0092399551,2.2008999327,0.1474401116,0.6293443649,0.1095652934,0.1594760729,0.0212640782,0.1490294967,0.012223151,0.9504350297,0.0115487247,2.5196022386,0.2563606783,0.8593556574,0.1483471483,0.05226829360752839,3.0703362620351213,-1.883559290436918,1
422,671.6071466951223,25318,44,37.69763339265531,0.24865,0.0295199509,0.1654214879,2.560113449,-0.0121288377,0.2418,0.0338416903,0.152763368,2.454393574,-0.3193633511,0.50955,0.0394087237,0.0257222155,2.5288459728,0.0439999343,0.0385,0.0095262794,-0.0289371328,3.6549188352,0.5023077473,0.4440735294,0.1131420653,0.8789731151,2.0425634209,-0.1872781159,0.0957794118,0.0814621611,0.944522615,3.1753723778,1.0298123393,0.4601470588,0.0521421317,0.4493192306,2.9879960861,-0.2344630189,0.0409411765,0.0110212126,0.1035550492,3.4581943821,0.4346971229,0.4997008393,0.3040811054,0.0003926675,0.0002661921,0.9399166125,0.0516907676,2.4683797785,0.6155385035,-0.0648802272,0.4354458793,-6.536e-07,4.5946e-06,7.8619e-06,4.8173e-06,0.0634096501,0.1081939902,2.9235257544,0.4333106453,-0.0482018243,0.2429007119,0.4972725,0.0174601222,0.0351462691,0.0025361667,0.0422849791,0.0789441638,3.0272524059,0.5219542728,-0.0430003418,0.2338264981,0.4649471642,0.3165456868,0.01669326,0.0101982952,0.9954034014,0.0024734216,2.0420856405,0.1333249563,0.4884368521,0.1518377176,-0.0001005468,6.0568e-05,4.39035e-05,2.61313e-05,0.9615523647,0.0240932103,2.3415785096,0.1789200693,0.618285401,0.137842207,0.1844381132,0.062435915,0.1296010661,0.0191477927,0.9392611257,0.0555477606,2.5422986411,0.2596578725,0.7775049229,0.2011638577,-4.356131906397615,-1.1492771052016812,1.613430855616407,4
423,116.53431960167364,4344,42,37.27657238527021,0.27225,0.0447178656,0.5228193961,2.771913629,0.1035203186,0.2666,0.0458305575,0.4339595694,2.540954477,0.1022579326,0.46115,0.04204673,0.1308343581,4.2812539258,-0.6495157115,0.03245,0.0105236638,0.3150670618,2.6920210077,0.2102584056,0.4279,0.0979596345,0.8705233023,2.6787500494,-0.404006347,0.0777,0.0719806224,0.8435993283,5.0922377181,1.5884709085,0.4944,0.0461805154,0.6672070147,2.7247475809,-0.6147145515,0.0453,0.0124663547,0.2632873833,5.1534060977,1.2633471752,0.4909428327,0.2979888853,0.0025886367,0.0017175868,0.9413487644,0.0382465539,2.5021260268,0.5838952323,0.1658166283,0.4103811141,5.0155e-06,8.08536e-05,8.20955e-05,5.04528e-05,0.4287855741,0.1542975329,2.8417158181,0.4385886482,0.0954255259,0.2123520457,0.498795,0.0334310331,0.0460244272,0.004036224,0.3119413559,0.1721341199,2.8029823995,0.5201523047,0.0268599096,0.2330130664,0.4624519803,0.2809666142,0.015993816,0.0099843089,0.9602615583,0.0082487988,2.6286152536,0.2494358322,0.936265319,0.1217932937,-0.0008059377,0.0004858012,0.0003402949,0.0002130805,0.9406002786,0.0147104107,2.5888904703,0.2570488791,0.899851588,0.127577343,0.1403654565,0.0224296344,0.145400809,0.0203049956,0.9353791838,0.0160303483,2.8970180515,0.3880232867,1.0664633377,0.1491347616,3.846187945354523,-0.7574506267270348,-2.243678416631128,1
424,119.38443653331996,4411,60,36.94786463031887,0.26705,0.0343881884,0.3503125419,4.8786668514,0.7211235052,0.2304,0.0374344761,0.4222068622,2.419993216,0.3124060022,0.50255,0.0400405732,0.3686561812,2.7304476332,0.1462704686,0.03735,0.0097328054,-0.0705747258,2.8102026926,0.0167503771,0.3903278689,0.0882287863,0.8374247617,1.9945916986,0.0927843814,0.1222131148,0.0908679667,0.8983493903,2.2489801493,0.6576890182,0.4874590164,0.0385986383,0.2599194717,2.228726088,-0.0849062636,0.0408196721,0.0124854121,0.2127709702,4.624094574,0.7861391888,0.4887217164,0.2966444422,0.0022540547,0.0013671355,0.9380424821,0.0403121918,2.6190114938,0.5351028139,0.1268200957,0.4034249969,3.8726e-06,5.4137e-05,5.92327e-05,3.57449e-05,0.2423158423,0.1202977946,2.9080423495,0.4772675938,0.0226599308,0.2584904317,0.50386,0.0250230574,0.0403845772,0.0028953283,0.1719982939,0.1176281479,2.9178219798,0.4324293975,-0.0813158415,0.2538195925,0.4335487073,0.2649615484,0.0258927519,0.0151575252,0.979631109,0.0059802473,2.2000071919,0.1382182354,0.6299004782,0.1212563405,-0.0006831438,0.0004009946,0.0003225517,0.0001892293,0.9632507319,0.0097005377,2.2253342387,0.1466219943,0.6178628524,0.1193449303,0.1683627884,0.0231892153,0.1534467466,0.0132785196,0.9507557746,0.0072461112,2.4736354421,0.2229731389,0.8208389665,0.1342322732,-0.48311008422488444,3.7244186079557977,-0.6427226273006321,1
425,362.7338490935899,13300,36,36.66600189983492,0.2485,0.0281469359,-0.002627753,3.1491537866,-0.1124020772,0.2689,0.0331480014,-0.0328711086,3.1855933829,0.2386517141,0.4826,0.0388038658,-0.0235899854,3.0912763459,-0.1813300365,0.03545,0.0084880799,-0.1374034209,3.0697640083,0.0308967484,0.4010546875,0.0819862135,0.8531818792,2.036512622,0.066234799,0.0922265625,0.0608013177,0.9018466662,2.4531331605,0.6231690291,0.50671875,0.0388629277,0.2671359397,2.4741644644,-0.1017849486,0.04859375,0.0110385953,0.0649084216,3.1667846042,0.4365239303,0.4971088498,0.301943027,0.0008071429,0.000651953,0.942861376,0.0494028434,2.3117665486,0.4087085077,-0.2169857752,0.3868576794,-4.7315e-06,1.07364e-05,1.53211e-05,9.5757e-06,0.0974473518,0.1215645959,3.0284716163,0.5238507117,0.0555497278,0.2307152415,0.4923,0.0165341162,0.0364467731,0.0025769611,0.0503998054,0.1331014126,3.0442503711,0.6897223643,0.1577203305,0.2592688877,0.4624992268,0.3008246203,0.0158421009,0.0113408151,0.9607082377,0.0942062778,2.2950970645,0.1875242026,0.6585338799,0.2517236958,-0.0001844458,0.0001338463,7.98592e-05,5.65317e-05,0.8385448439,0.4067314577,2.3098167331,0.333539136,0.6456196938,0.3145420143,0.1880899845,0.0933577784,0.1360451287,0.0366683938,0.8374770658,0.3969267176,2.368110887,0.3960960382,0.7882394809,0.2210774359,-2.819810464366639,-1.9964150237545897,8.156796138578796,4
427,635.4391807785956,23081,48,36.32290972633941,0.26455,0.0323503864,0.0752605846,3.2677206526,0.1995698589,0.24105,0.0291315551,0.1229686477,3.3215799535,-0.2779115827,0.4944,0.0387058135,-0.0134001818,2.7276621286,0.0219337779,0.03715,0.0115380891,-0.1869814142,2.6609533744,0.2702664466,0.4102766798,0.0991890165,0.856960877,2.2501398835,-0.2157261484,0.1001383399,0.0773440074,0.9207082576,2.8990666185,0.8931204258,0.4895849802,0.0437646158,0.2403758131,2.8273879208,-0.1365800595,0.0436363636,0.0133150551,0.3345138578,3.0816795277,0.3943341076,0.4993585292,0.303634791,0.0004511212,0.0003190834,0.9401276227,0.0324827343,2.3013161568,0.3760007957,0.0669783836,0.3077914555,-4.66e-07,6.3134e-06,9.8868e-06,6.0056e-06,0.0323196787,0.0858127341,2.8535587172,0.3356220306,0.0535202533,0.1870898341,0.494885,0.019372365,0.0367502729,0.0025914657,-0.0092084056,0.1026383804,2.8830166023,0.4322901728,0.0391631284,0.2327783445,0.4546706464,0.3053296504,0.0211469925,0.0134529301,0.9950937435,0.0028173895,2.0765819958,0.1828241593,0.5336320569,0.1452113242,-0.0001332097,8.11518e-05,5.90204e-05,3.70599e-05,0.9705710365,0.0069549386,2.2210240317,0.1984240707,0.5831211758,0.1432925486,0.1695501283,0.0181279032,0.1401623208,0.0064554754,0.9620895514,0.003384888,2.4848742985,0.1618919885,0.7867428208,0.1179781317,-4.680215998873399,0.856940570630641,-0.028084384972785783,4
431,102.05728654446048,3779,40,37.028223343501374,0.23065,0.0422116986,0.5701751638,2.1901885828,0.0005838244,0.2711,0.0630895395,0.7410245503,2.3320752152,0.2392979016,0.49825,0.0437628553,0.3631926404,2.2981871144,0.0801338425,0.0404,0.0092649879,0.0972361844,2.4207735148,0.0432889678,0.5864492754,0.1952592135,0.9513967204,2.24392108,-0.7061639368,0.1034782609,0.115260588,0.9210047856,3.5953310356,1.3274184882,0.3100724638,0.0921344825,0.8862395397,1.6868184149,0.1651111179,0.0346376812,0.0098657231,0.1004048311,3.0972030841,0.5648892338,0.4953904532,0.3004568351,0.0034463783,0.0021753089,0.9296103142,0.0414077269,2.4190020551,0.49064983,-0.0806912515,0.4050678328,-1.55487e-05,9.58615e-05,0.0001245309,7.52616e-05,0.5217861977,0.1579696482,2.6946336661,0.3519671554,-0.0423785461,0.2817633975,0.4962375,0.0310704638,0.0498552277,0.0073663862,0.4104334099,0.1877288095,2.80204088,0.3321892999,-0.0767014196,0.2781817378,0.4479170002,0.2708534937,0.022642683,0.0137258577,0.9560411988,0.0184027643,2.2301351028,0.1661339617,0.6805504318,0.1069576277,-0.0013992981,0.0008792036,0.0006210938,0.0003775296,0.9380013563,0.030319722,2.2552699619,0.2272204406,0.6623391059,0.148306707,0.1420319152,0.0186176313,0.1436852541,0.0164333736,0.9141686711,0.028686115,2.670960421,0.3191863916,0.9446588819,0.146067989,7.482840658749149,1.0361441311392463,-2.0594580630031616,2
433,1013.0834769471952,36945,6,36.46787341881174,0.2403,0.0299901651,0.1242933747,2.1215463573,-0.0516988288,0.2725,0.0310362691,-0.0312085457,2.7145013047,-0.2719455891,0.4872,0.0330175711,-0.1401637535,3.0670630865,-0.0232175889,0.0382,0.0101616928,-0.0505793795,2.7742099143,0.1867308425,0.4028084416,0.0893336751,0.8697165617,2.1037531453,-0.0644411789,0.1123214286,0.0742651265,0.8952463692,2.3182667773,0.6644959468,0.4848701299,0.0385615887,0.2811428339,2.9025821253,-0.2329034649,0.0407142857,0.0121600337,0.1585376788,3.434360187,0.502518189,0.4990709839,0.3034840057,0.0003658436,0.0002742486,0.9318259067,0.0499402157,2.3342656842,0.4848148194,0.0714858329,0.4631290639,1.491e-07,3.4605e-06,7.9736e-06,4.8198e-06,0.0117642964,0.0976147562,2.8945560661,0.3033305286,0.021485388,0.2257263265,0.5011475,0.0123183854,0.0351687545,0.0025272181,0.0164105737,0.1010408068,2.9808149891,0.3426615594,-0.0607508645,0.2317800208,0.4550901956,0.3175299299,0.021562681,0.0135192908,0.9963396055,0.0019795867,2.0206900646,0.1280654627,0.4636429283,0.1487267268,-9.97979e-05,6.00535e-05,4.74924e-05,2.98281e-05,0.9718169116,0.0103165853,2.1150105724,0.1524799372,0.4934303656,0.1588978181,0.1902105447,0.0503770564,0.1357683617,0.0112355953,0.9594683287,0.0172022345,2.306306682,0.1482235502,0.6747032449,0.1822653826,-6.116407055822628,0.7452782654686575,2.101440670386653,4
435,739.9334746713209,27232,6,36.80330858405409,0.2551,0.0313845503,-0.0703225255,2.3627072533,0.0509325575,0.225,0.0272488532,0.1932972241,2.558446417,-0.0759924484,0.5199,0.0368712625,0.0443482618,2.1552158437,-0.117596432,0.03885,0.0102677894,0.1397427664,3.5652240072,0.6018395507,0.410045045,0.0941510084,0.8777766017,2.1145149964,-0.1481593957,0.1088963964,0.0764589219,0.9304376096,2.2947251117,0.6806945009,0.4810585586,0.0387429877,0.217798006,2.9468274402,-0.2545941865,0.042972973,0.0131925856,0.2226753057,2.8754790983,0.3954203649,0.4989782393,0.3037419448,0.0006170147,0.000476204,0.9496985808,0.0321424727,2.165184021,0.3076475978,-0.1270618108,0.3896397113,5.157e-07,7.1863e-06,1.20523e-05,7.4192e-06,0.0340953909,0.0893472811,2.9220792761,0.3999883892,-0.0541706154,0.2482827848,0.4978425,0.0172885097,0.0358604841,0.0025081484,0.0241855977,0.1003891956,2.9983592426,0.6204842884,0.0332505887,0.2208211316,0.4507889249,0.2965960308,0.0235255981,0.0149545432,0.9943853688,0.0027862968,2.0664076701,0.1136279786,0.5421719444,0.0945470195,-0.000160474,0.0001004261,7.70005e-05,4.94654e-05,0.9733718205,0.005772594,2.0988705069,0.1233212489,0.5126159772,0.0962826307,0.1761898018,0.0171402423,0.1442531137,0.0039083944,0.9622616599,0.0035237812,2.3306271209,0.1559479847,0.7255385716,0.0979769796,-5.325172744136387,2.1505351741761305,-0.3431374423686666,4
436,112.99193179796411,4112,39,36.39197891892392,0.26705,0.0523550141,0.6779820052,2.4701909596,0.1948865186,0.2727,0.046127107,0.5445100562,4.1383426908,0.262681114,0.46025,0.044555443,0.397885724,3.2629153182,0.121958541,0.03645,0.0104951179,0.1390998894,2.415688478,0.3473667205,0.5181481481,0.1447516913,0.8856904366,2.2424437024,-0.5299668783,0.0874074074,0.0952761131,0.8980237466,3.4588313169,1.2038866395,0.3944444444,0.0655437843,0.6683280396,2.1943056602,0.0791445551,0.0425,0.011775288,0.074352548,3.1342638398,0.8719202329,0.4948073294,0.3003492713,0.0049741563,0.0037023957,0.9316540535,0.0406586509,2.3975201575,0.4496373725,-0.1087113923,0.4712229911,-4.90447e-05,0.0001833391,0.0001720666,0.0001156028,0.4564509622,0.1864563055,2.7551707797,0.401600002,0.0387378477,0.2561200372,0.494845,0.0396902819,0.0486300961,0.0107061316,0.3821961486,0.1732013431,2.8172371008,0.4660408133,0.0823200617,0.2563049713,0.4227173268,0.256062454,0.0287036944,0.0178862259,0.955563967,0.0123845978,2.3527134311,0.2025189861,0.7574586419,0.1387617997,-0.0017435849,0.0010699429,0.0007521424,0.0004715495,0.9389021254,0.0170310927,2.3502036804,0.2383849947,0.7391915487,0.1513920422,0.1447123839,0.0217120044,0.1461048333,0.0164006038,0.9191004178,0.0122150674,2.7490606236,0.371858002,0.9771231798,0.1833681532,7.810994248430259,2.398520115011446,-1.4269548828934413,2
437,207.75660940284777,7337,8,35.3153626307661,0.26225,0.0326142224,0.1523657921,3.1662612084,-0.1622171742,0.2454,0.0288762879,0.1551542209,2.4671599924,-0.1704102193,0.49235,0.0364585724,0.0672229049,2.5612603452,0.2254297704,0.03525,0.0105445484,0.0646853639,3.8465998766,0.6058772081,0.4352020202,0.0989717825,0.8662570909,2.1986161822,-0.2185744435,0.1105050505,0.0873617088,0.9466059768,2.1777765352,0.6704297237,0.4542929293,0.0362720508,0.1869448591,4.082698231,0.0243041783,0.0452525253,0.012316814,-0.0949324638,3.2368894846,0.5216476094,0.4974431265,0.3019199633,0.0016995001,0.001001057,0.9525565041,0.0269587798,2.3223573302,0.4060201596,-0.2587090386,0.4625131718,5.851e-06,3.28592e-05,3.79906e-05,2.27215e-05,0.1699580625,0.1485559959,2.9408940514,0.3892530557,0.0893461512,0.2030065087,0.5033075,0.0195186403,0.0373413534,0.0030608744,0.1413314455,0.1096611603,2.835317442,0.2889600207,0.0917862131,0.1879360854,0.4345533439,0.2634605635,0.0316407995,0.0191035626,0.9881014592,0.0036878759,2.0359050714,0.0762616922,0.516031116,0.0717809897,-0.0005974016,0.0003724218,0.0002737212,0.0001650411,0.9720453175,0.0036195095,2.0631410781,0.0810822961,0.509672779,0.0701234832,0.1660510446,0.0168934875,0.1439237045,0.0097684112,0.9554406701,0.0054299878,2.4194281905,0.1911755171,0.7772220567,0.1065335801,-2.873496686573082,3.6401352355047867,-1.0119253445801706,4
44,373.81048589009777,13752,54,36.78869512516339,0.23305,0.0291881397,-0.0347885211,2.7355955857,0.3031177742,0.264,0.030273751,0.2341618122,2.7899368104,-0.2920972866,0.50295,0.0348933733,0.199915672,4.2580363798,0.7195070622,0.03515,0.0098095617,-0.1720474382,2.5515849544,0.1170022749,0.4458636364,0.1015803737,0.9125654396,2.089262156,0.2255697524,0.0783181818,0.0473827609,0.8607128352,2.8888640559,0.7573767047,0.4758181818,0.0667475817,0.7478899794,2.6456251313,-0.3175489616,0.0434090909,0.0123754122,0.0373572802,2.7138285961,0.5862435339,0.4946028543,0.3009687497,0.0008162136,0.0006403845,0.9312050967,0.0560389183,2.6127356603,0.9055758693,-0.1392421262,0.5282530725,-6.667e-07,1.3693e-05,1.84645e-05,1.19598e-05,0.0733316194,0.1536098376,2.9995130342,0.6522561782,-0.068337431,0.269520388,0.5009825,0.0220043761,0.0363004061,0.0039604475,0.0495819734,0.1241287133,2.8450737946,0.5933145307,-0.0595869915,0.2771384004,0.4572899353,0.2951159618,0.0181987012,0.01177592,0.9902331595,0.0045551778,2.1653640356,0.1475443522,0.5831061351,0.1799366406,-0.0002054977,0.00013546,9.20995e-05,5.69157e-05,0.9323918252,0.1098543969,2.3577397259,0.1995336933,0.6339349931,0.237756088,0.1825165553,0.0839343464,0.1324662563,0.0271953469,0.919975462,0.1227008113,2.6156342685,0.2474382366,0.7767501524,0.3752723874,-2.315471403164471,-1.3056429238071043,2.7159060365823233,4
441,100.34679554281615,3673,49,36.603062211715546,0.2237,0.0341293129,0.1929244016,3.1882676584,0.1461471019,0.24145,0.0378569346,0.3518490756,3.7896464596,0.3479708589,0.53485,0.0383891586,0.0687631991,3.2030037087,0.055137817,0.0358,0.0109022933,0.270497356,2.9862718202,0.1305895326,0.3562068966,0.1005301051,0.8899852722,1.9329969525,0.0466138021,0.1162068966,0.1100482275,0.9428984238,2.2821638045,0.8531536292,0.5275862069,0.0523766316,0.5704649461,2.4314645633,-0.0443969729,0.0472413793,0.0151479034,0.6224423741,2.9867247282,0.5250948148,0.4936826856,0.2989824475,0.0033221133,0.0025214443,0.9416712138,0.0362742414,2.3799155454,0.5103937786,0.1495895648,0.4379259933,1.28029e-05,8.3641e-05,8.65683e-05,5.60798e-05,0.3649611355,0.2130827514,2.8768601545,0.4453958016,0.1248280679,0.3174527349,0.5057575,0.0235956261,0.0435800761,0.005539593,0.2771940945,0.1905799023,2.8062968648,0.4538866013,0.0639497913,0.2774614645,0.4324161583,0.2624271683,0.028821579,0.0181176484,0.9745401437,0.0108856523,2.0900842074,0.185647124,0.5905415181,0.1277321589,-0.0009993862,0.0006117922,0.0004846553,0.0003038395,0.9591234465,0.0171532219,2.1365436939,0.2203729043,0.5834952022,0.1412007703,0.164827703,0.0225266384,0.1531974403,0.015641822,0.9453396776,0.0128347548,2.4387374557,0.2769530546,0.8125436283,0.1425826983,0.9061978919448904,4.910257809239269,-1.3395044732487253,1
446,165.81700351991262,6096,32,36.76341913432264,0.24035,0.0382443133,0.1322237132,2.6803533013,-0.045400064,0.2414,0.0419647471,0.2944170406,2.8416940238,0.3812960567,0.51825,0.0379036608,0.2132807314,3.567715145,0.3982450418,0.04125,0.011388042,0.009574597,2.7200522572,0.2999341466,0.3906923077,0.1225557233,0.8945348708,1.9241287442,-0.1581238677,0.0983076923,0.0864748826,0.8935088855,2.6584863788,0.9560685558,0.511,0.057553988,0.5579482363,2.5479520516,-0.4363211896,0.0466153846,0.0092031639,-0.0899982472,2.8310975385,0.2599537441,0.4828751234,0.2937121019,0.0038921855,0.002860438,0.9317309382,0.0560690039,2.198847338,0.3055511486,-0.0303091184,0.3412121674,3.33273e-05,9.25231e-05,0.0001020219,6.25616e-05,0.3146591797,0.1933405685,2.9804329854,0.4567034234,-0.0698263561,0.3142681943,0.5075625,0.0278481816,0.041909855,0.0046517659,0.2183277026,0.2052293295,2.9470528476,0.4380047451,-0.0541260229,0.2407491174,0.4328305552,0.2626569032,0.0281117769,0.0173242499,0.9694869672,0.008839906,2.6401361262,0.2430238782,0.879164451,0.1225236806,-0.0010762195,0.0006530619,0.0004448072,0.0002736232,0.9479190861,0.0096872978,2.676978803,0.2871260048,0.8561730813,0.1373315358,0.1434130808,0.0150724373,0.1433739991,0.010077062,0.9416487653,0.0122366446,2.961018895,0.3575535377,1.0407495645,0.1504062564,3.3819793454805738,3.2136368288357517,-2.682476170328887,1
449,533.0774045518098,19813,36,37.16721029783279,0.24645,0.0325291792,0.1547643465,2.5701059535,0.1372070851,0.26865,0.0337257691,0.1325090514,2.7144153055,0.1073442517,0.4849,0.0310079022,0.0509387829,2.7881268733,0.1396484074,0.0362,0.0100029996,0.2799923135,3.1045972856,0.2003756349,0.4623604061,0.1008511345,0.8785132976,2.1286639463,-0.2130042758,0.0820050761,0.0623374229,0.9003717478,3.2130733718,0.9426478368,0.4556345178,0.0523869673,0.4895537701,2.5922286292,-0.1438973179,0.0409898477,0.0114732042,0.2051515758,3.6418927739,0.535850543,0.4965221284,0.3014660029,0.0006701286,0.0004905301,0.9279707389,0.0750466145,2.2307452585,0.3913176468,-0.0006362278,0.3373152881,6.976e-07,8.4056e-06,1.6012e-05,9.5163e-06,0.1435500792,0.1498555014,2.8810931925,0.2970408616,-0.000209157,0.2247260981,0.5047725,0.0189748878,0.0376296868,0.002438452,0.1102588203,0.1425729849,2.7900394297,0.2417448082,-0.0168407763,0.1844549241,0.4599955308,0.3027646284,0.017325697,0.0122931856,0.9880625516,0.0131310652,2.1602516401,0.157877857,0.5825391653,0.2015042038,-0.0001937261,0.000139501,7.71461e-05,4.97424e-05,0.8730911864,0.2707679189,2.8106402219,0.2622857053,0.874497532,0.0826666475,0.1743835154,0.1016760964,0.1223864178,0.0296046546,0.8770579935,0.2311291955,3.0478348771,0.4087427009,1.0185707375,0.2151096885,-1.2117045510410278,-2.6839100724110994,3.6339878924286877,4
45,167.92470645984642,6036,51,35.944680965950106,0.2547,0.0310146739,0.2709663216,2.7370044792,-0.1560085575,0.2536,0.0333622541,0.1427480911,3.0314981613,0.0741247195,0.4917,0.0355121106,0.1722269266,3.0487050325,-0.1514820321,0.03165,0.0097738171,0.0814511267,2.7549360321,0.3120987903,0.5785294118,0.1640743319,0.9610869289,1.9455272902,-0.3976137344,0.0740196078,0.0741356706,0.929131594,3.833361363,1.3764580455,0.3474509804,0.101567965,0.9096530287,1.8709190709,-0.0296475515,0.0368137255,0.0093092094,0.0477033189,2.6731243619,0.1023152569,0.490604992,0.299380204,0.0024082088,0.0013805733,0.932735702,0.0411858545,2.4935154478,0.4155810046,-0.1049849235,0.4833592896,-7.4903e-06,5.97825e-05,7.61634e-05,4.25336e-05,0.351931099,0.2046612323,2.7757267321,0.3861199538,-0.0679128889,0.3060240845,0.4891025,0.0313597811,0.0433544674,0.0062818215,0.2792315434,0.1936489456,2.9021350342,0.4832165306,0.0217808208,0.2537466708,0.4485207114,0.272392249,0.0227504356,0.0134585444,0.9714354649,0.0140835478,2.4079797689,0.2365660477,0.7681396553,0.1292613364,-0.000866345,0.0005261843,0.000345214,0.0002021137,0.9411668383,0.0332508432,2.5961556038,0.2759999551,0.8270857649,0.1252289419,0.1404885257,0.0187679382,0.1361773668,0.0127874114,0.9324388883,0.0243070788,2.9504396098,0.3761673128,1.0395211953,0.1540137379,4.571749426298825,-0.15340210357668035,-2.8913102870866245,1
450,428.4840023465713,16243,49,37.908066371313794,0.24255,0.0304507389,0.1273608256,2.6704863358,-0.1087740159,0.25355,0.0287427817,-0.1051525877,3.3270902505,0.2229044851,0.5039,0.0387077512,-0.0289208534,2.9862725884,-0.1980209598,0.03745,0.0103560369,0.0320245917,3.0252155539,0.4328733855,0.4182170543,0.0957584948,0.891866345,1.967200602,-0.2809266728,0.0785077519,0.0661877317,0.9068571412,2.7171816698,0.889005029,0.5032751938,0.0441437689,0.5028563899,2.729014536,-0.1347493128,0.0463953488,0.0126211454,0.1288632116,2.9049874095,0.0617164467,0.4998518058,0.3031908649,0.0007233848,0.0005571532,0.9489729209,0.0336226332,2.3672006063,0.5940333861,0.0509472451,0.4287665418,-4.35e-08,9.7193e-06,1.40508e-05,8.7251e-06,0.0181273846,0.0921831763,2.8215429449,0.3362325374,-0.0543082179,0.2353727261,0.5014875,0.015016981,0.0356590178,0.002024741,0.0029510389,0.0970830608,3.0127967261,0.426777308,-0.0452581121,0.259030656,0.4516641668,0.3005882789,0.0241440176,0.0146417001,0.9941030111,0.002778987,2.1196305257,0.1571327965,0.5751558068,0.1454287374,-0.0001668471,0.000100705,7.88842e-05,4.78587e-05,0.9696113103,0.0118419483,2.1642065911,0.1556426499,0.5709376006,0.1366112713,0.1851107177,0.0369669796,0.1424562756,0.0139736095,0.9616947202,0.018272452,2.3217805876,0.1531611564,0.7128576861,0.1778782679,-4.521106777818155,1.411024089252676,0.3593025405748396,4
452,424.8890704517655,14646,12,34.47017355477646,0.2424,0.0363282259,0.0426112218,2.7978469354,0.3125856517,0.2888,0.0377234675,0.006108852,2.7252365826,-0.0802912553,0.4688,0.0391862221,-0.1199703846,2.3871373676,-0.1263487259,0.034,0.0102469508,0.0291774642,2.6859863946,0.3819951714,0.3876896552,0.0971632481,0.888662878,1.9827413847,0.0328108117,0.1055172414,0.0791957943,0.912356708,2.6456047322,0.7571472305,0.5067931034,0.0433656302,0.40457366,3.6616497217,-0.3414926857,0.0445862069,0.0109937827,0.0657909703,3.1465942652,0.3659958212,0.5015403108,0.3045256218,0.0010588177,0.0008836325,0.9268930481,0.0658510685,2.4587959981,0.6482055824,-0.0549052169,0.5080946976,2.98e-07,1.49017e-05,2.19688e-05,1.33287e-05,0.0425762013,0.1581285227,2.8952300851,0.2750956689,0.0058343273,0.2645854929,0.49979,0.0172819385,0.0359250924,0.0025056415,0.0176485192,0.1479443593,2.9389166581,0.3249278079,0.0956671777,0.2026804756,0.4501633677,0.2898235951,0.0198848944,0.0116264731,0.9899333333,0.0037032361,2.3400697625,0.1941737721,0.7148073224,0.1590031496,-0.0002323909,0.0001319927,9.97211e-05,5.79737e-05,0.9614728833,0.0074865542,2.3746155766,0.1846043934,0.6903981743,0.1643632408,0.1694599424,0.0459285445,0.1373802128,0.009688821,0.9560456561,0.0124582118,2.5506228606,0.2978165799,0.8281647732,0.2492277212,-3.135908272427759,0.3768154188962336,-0.1080332433189621,4
453,623.066693594745,23374,34,37.51444306089473,0.2636,0.0300589421,0.1194982224,2.6719585817,0.3045021165,0.22125,0.0337814668,0.2407739603,2.3260656004,0.1257385101,0.51515,0.03809498,0.1303318923,2.9925508563,-0.3100654099,0.0391,0.010059324,-0.0765539513,2.7433939031,0.3501728558,0.4591703057,0.1115461476,0.9080823431,2.2011435665,-0.514828654,0.0968777293,0.0694894851,0.9154319098,2.344491995,0.6999079514,0.4439519651,0.0526833862,0.6366807525,2.6300573111,0.4656018653,0.0435371179,0.0111039028,0.087789337,4.3043380701,0.4401822627,0.4945541467,0.3006957768,0.0006359618,0.0004097582,0.9479370371,0.0374760521,2.2649627284,0.3555398212,0.0520844744,0.3312167904,-4.204e-07,1.0648e-05,1.32343e-05,7.6835e-06,0.1834062865,0.1937925016,2.845704132,0.4717702034,0.0256396214,0.2596840016,0.49654,0.0226268789,0.0387205113,0.0032824916,0.1369332186,0.1782023516,2.9146201166,0.4790114288,0.0145045421,0.172766597,0.456322941,0.3126244656,0.0193591639,0.0151276657,0.9559342374,0.1029638657,2.1007111399,0.1962027494,0.4869755296,0.2818283525,-0.0001220084,9.71636e-05,5.90443e-05,3.82324e-05,0.7987027634,0.4550365985,2.3868525281,0.3314030321,0.7336203668,0.2811672993,0.2027545756,0.1105755574,0.1310297749,0.0243487519,0.7747311747,0.5028967946,2.5672271616,0.2335894772,0.8858841887,0.1756802767,-0.6618047692716414,-2.7590240489273454,8.559370645451231,4
455,129.89075034882637,4647,16,35.77621953464978,0.29,0.0492544414,0.4434801016,2.5533448781,0.3610305442,0.27775,0.0639506646,0.7048725384,3.1811289145,0.6968886682,0.43225,0.0602510373,0.643331902,2.2323067281,0.1785073898,0.0332,0.0089308454,0.0999853327,2.8582216056,0.0232141478,0.6514,0.140836927,0.9218651261,3.0246955813,-0.9611595017,0.0682,0.0627834373,0.8822396367,4.0746665046,1.3727578887,0.2804,0.0831414858,0.8341530639,2.683806541,0.6454577209,0.0343333333,0.0100774776,0.1285970389,2.8451584638,0.4267447401,0.4841643342,0.2943379515,0.0039570408,0.0027843918,0.929535835,0.043963197,2.453335146,0.6921723805,0.1062328813,0.4569122657,-4.56412e-05,0.0001178498,0.0001535946,0.0001000983,0.550988306,0.1740976167,2.8247918383,0.4944081578,0.0512775355,0.2497755811,0.4870475,0.0269528546,0.053951538,0.011044022,0.4726810799,0.1959303747,2.8399566577,0.4785468103,-0.0533948265,0.256936111,0.4567382286,0.277148251,0.0187696033,0.0111711144,0.9406192468,0.0369261987,2.452108253,0.3254879648,0.8032919463,0.1751510961,-0.001379197,0.000843144,0.0005771648,0.0003444945,0.9248435824,0.0283453196,2.4143896785,0.3938917577,0.769913862,0.1969673242,0.1361734746,0.0165784973,0.1430868881,0.0176476815,0.9109827988,0.028249822,2.8348216934,0.6460195632,1.0120257266,0.2644412528,10.63119098414218,-2.619705044718764,-0.38084008243157036,2
456,124.9930234070084,4551,9,36.41003214380063,0.27375,0.0337370345,0.2231990334,2.6398629527,0.3549280202,0.22485,0.0427519298,0.3202288651,2.7233615012,0.1275770914,0.5014,0.0452773674,0.4312871015,2.4954505026,-0.0841723457,0.03805,0.0106746194,0.0285267939,3.0079706332,0.4770498326,0.4064285714,0.1038319607,0.8431298253,1.8879982855,-0.0612588608,0.1115584416,0.0881308787,0.916744586,2.2038845668,0.6591824928,0.482012987,0.0418039623,0.1915187388,2.3367469698,0.074641143,0.042987013,0.0115730245,0.2647830374,2.1525182867,-0.1903370636,0.4906707205,0.298631088,0.001780132,0.0012206227,0.9332368697,0.0461548791,2.3433931312,0.595087362,-0.116973386,0.374111445,6.814e-07,3.51395e-05,4.4878e-05,2.75742e-05,0.2207486745,0.1522490801,2.875601164,0.369777051,0.0130992181,0.158738781,0.4998175,0.0254661063,0.0386812795,0.0019912906,0.1328509934,0.1427155616,2.9502696491,0.4444727725,-0.0824997083,0.2136474001,0.4538754481,0.2754016335,0.0187011447,0.0114417047,0.97834834,0.0053255019,2.3831761611,0.1756501597,0.7659546541,0.1040464077,-0.0005331479,0.0003262947,0.0002272762,0.0001367394,0.9576295506,0.0056848925,2.4204326769,0.1290997246,0.7606514375,0.0874643263,0.1538595389,0.018314188,0.1479105449,0.0153681564,0.9542922123,0.0090758241,2.6358777585,0.2615884667,0.9271934386,0.1181728111,-0.22025785870892478,2.1961644620568803,-1.7260108607828184,1
457,110.26036045499688,4098,34,37.16657539563016,0.2391,0.0430951273,0.4288189046,4.1772162113,0.9276799298,0.23385,0.0461077813,0.4108665086,3.2431530713,-0.4314374875,0.52705,0.0405406894,0.0836428129,4.4891303227,-0.1932699413,0.0397,0.0122437739,0.2545769559,2.5222246816,0.539343686,0.4715217391,0.1190947265,0.8878002598,1.8818714123,-0.2150824198,0.0883695652,0.0809391502,0.8856587655,3.1054542897,1.1294665753,0.4401086957,0.058676426,0.7108162991,2.5007134064,-0.104813831,0.0386956522,0.0119070121,0.5064968661,3.301448,-0.0756952574,0.4842752508,0.2943627427,0.0039220652,0.0030410414,0.91310403,0.0602267427,2.6211290148,0.5612283498,-0.1095004671,0.4773617131,1.1595e-05,9.97271e-05,0.000131389,8.83052e-05,0.4062747127,0.1966814958,3.0110872584,0.5905592447,-0.0892562977,0.2819671997,0.5054525,0.0286977241,0.0458728516,0.0076912194,0.3227170538,0.2110716201,3.1389675541,0.8544641953,-0.0709440947,0.3307761448,0.4307195684,0.261124843,0.0255147094,0.0157417518,0.9606383363,0.0104649497,2.2405744195,0.1628264072,0.7023988268,0.1033317057,-0.0013793472,0.000851455,0.0006184285,0.0003786844,0.9476245719,0.0144705242,2.2772127647,0.1851278903,0.7009604519,0.1119494282,0.1522523924,0.0203809484,0.150938162,0.0189361221,0.9327516846,0.0152239021,2.6427141128,0.3917427196,0.9259751396,0.1643412544,4.806947392520529,3.413436051933379,-1.497312941165426,1
459,228.0961915251893,8419,49,36.909866594902205,0.25685,0.037199832,0.2807176544,3.0176191994,0.322169223,0.2277,0.042658059,0.6650683948,2.6104954013,0.2068676927,0.51545,0.0391158216,0.3781377642,3.1023718202,-0.0152785219,0.03955,0.0098003826,-0.2397438727,2.6408669776,0.5003762064,0.396641791,0.1048982736,0.8882439736,1.9388271629,0.0233786018,0.0970895522,0.0807273338,0.9342901669,2.7276050691,0.8607336428,0.5062686567,0.050577584,0.4698696407,2.5514511225,-0.1550509912,0.045261194,0.0108124645,0.0430970363,2.9913248177,0.3356059311,0.4979402625,0.3013321464,0.0011603023,0.0007174615,0.9409157748,0.0332641051,2.3928385879,0.5800179614,-0.0262948056,0.4835637763,-4.9423e-06,2.77617e-05,2.98687e-05,1.8394e-05,0.1501649638,0.1131581711,2.9667633666,0.4069933742,-0.000897331,0.2277585443,0.4964425,0.0263397574,0.0368668908,0.0036682747,0.1050803597,0.1165072946,2.8894062877,0.520923358,-0.0057774508,0.2124465885,0.4486175036,0.2796566794,0.0232432624,0.0138650757,0.9883578439,0.0036305332,2.1927249134,0.1709383608,0.6201183914,0.1498997192,-0.0003579149,0.000213622,0.0001545161,9.16344e-05,0.9632779085,0.009278591,2.2532405032,0.2114658874,0.6176412739,0.167001206,0.1681835267,0.0277931232,0.13999091,0.0094505107,0.9534270866,0.0134036313,2.4836268936,0.3068040659,0.7943813334,0.2113851252,-1.6776541963023206,1.199737695539323,-0.9009851133897818,4
46,537.7907800818848,19137,66,35.58447022294836,0.26645,0.0351375511,0.2636323813,3.7325428758,-0.181640457,0.2655,0.0360173569,0.3118734906,2.5461920593,-0.1229252517,0.46805,0.0391592582,-0.0167149452,4.3594482137,0.6184455858,0.02915,0.0104416234,0.0177396254,3.0715666919,0.4369059389,0.3839928058,0.0727348092,0.8099883274,2.2361454755,-0.2001948304,0.0905755396,0.0593976937,0.869972466,2.4215718229,0.6105965147,0.5254316547,0.0374285027,-0.0005939313,2.9877258137,-0.1760951037,0.0462230216,0.0121270511,0.1084594669,3.0234108226,0.3488971441,0.4982378918,0.3029208884,0.0010721826,0.0008224538,0.9531159133,0.0355332362,2.3628578515,0.6015597522,-0.1023052873,0.4584223935,1.3162e-06,1.27522e-05,1.8983e-05,1.14749e-05,0.093738206,0.134040019,2.9866903877,0.4638320884,-0.0371347965,0.1925548192,0.4991475,0.0185923874,0.0348401016,0.0029199651,0.0590649598,0.1217680562,2.8978931398,0.4876941595,-0.0073615084,0.2321383607,0.4472040794,0.3033286415,0.0224342122,0.0167194269,0.9823989481,0.025274131,2.4491294076,0.2849221658,0.7735280909,0.3050918464,-0.0002007814,0.0001437837,8.75203e-05,6.05233e-05,0.8599836883,0.2962095962,2.3290569143,0.1408818653,0.6738148883,0.22808144,0.2016227884,0.0958303122,0.1356015336,0.0365448771,0.8581812333,0.3029811841,2.1423950767,0.2303290812,0.6469698037,0.2520721532,-3.126512809161092,-0.9062425409213689,7.360843610885509,4
461,927.8985757487244,34537,54,37.22066279941424,0.259,0.0308868904,-0.0094732201,2.6465659323,0.1309301487,0.26545,0.0318755,-0.0633125639,2.8254710071,-0.0186187309,0.47555,0.0376224335,-0.1427696881,2.6050632036,0.0390703187,0.0372,0.0106611444,0.0515933232,3.2018544802,0.3211862099,0.4317961165,0.1075924853,0.9030754314,2.0602232124,-0.0908916768,0.0865210356,0.0688317943,0.9213539043,2.4100403939,0.7781664843,0.4816828479,0.0537200257,0.5889638611,2.9423690047,-0.5319474049,0.0460355987,0.0109083574,0.0650978963,2.9273550796,0.3176987504,0.4965514521,0.3022423925,0.0006726036,0.0006349621,0.946367177,0.0328335214,2.4575167793,0.6951465843,-0.0733548597,0.4941450692,2.2247e-06,8.268e-06,1.25948e-05,7.9753e-06,0.0298150474,0.1315016502,3.0200615738,0.5628198172,0.016389693,0.2624832605,0.5042875,0.01696063,0.0350941012,0.002223946,0.0197860949,0.1099706044,2.9576176443,0.7535537152,-0.0702584493,0.313055549,0.4448774728,0.2973548758,0.0250760888,0.0163834235,0.9944195066,0.003011724,2.1692300353,0.208010484,0.6054519045,0.1421644055,-0.0001593083,0.0001009983,7.27454e-05,4.68807e-05,0.9708355709,0.0061933062,2.2271645443,0.2028412566,0.6065285565,0.1433079491,0.1748661279,0.0182198786,0.1435545035,0.0038907464,0.9643055362,0.0031208061,2.3626401222,0.1898984942,0.7496620942,0.1329215998,-4.279329635366855,1.2883319406778826,-0.41999457595553175,4
464,100.92149324325068,3653,72,36.19645213924044,0.21025,0.0434647846,0.380655458,2.7388394249,0.2676106044,0.3425,0.0666952022,0.6158351441,2.2964713835,0.2218827708,0.44725,0.0517270481,0.4908034746,4.2638862116,-0.7208788082,0.0329,0.0099040396,0.0656732252,2.3889156474,-0.026013723,0.5789583333,0.1342337759,0.9406760036,1.8375715625,-0.2745762103,0.0792708333,0.0775738196,0.9072284058,2.471665761,0.8796408893,0.3417708333,0.0672719108,0.7998461039,1.9519147721,-0.250470136,0.0360416667,0.0102549954,0.2034700174,1.9479106288,0.0950618652,0.4851394409,0.2952963264,0.003382241,0.0028249277,0.9049357087,0.0535291332,2.6508385321,0.6398127044,-0.1825089373,0.4764272796,4.662e-07,0.0001001004,0.0001577337,0.000109853,0.6020714195,0.1346848771,2.839784856,0.3276831538,-0.002205488,0.3779297931,0.5027025,0.0354682868,0.0623026894,0.0164357695,0.5804983007,0.1619309051,2.8227228067,0.2774273106,0.0653097863,0.3096190138,0.4380142288,0.2664229419,0.0273379831,0.0171901602,0.9617498869,0.0125725711,2.284064562,0.2261795641,0.7256784213,0.1422352145,-0.0014690899,0.0008865553,0.000647954,0.0004066583,0.9310474449,0.0251393734,2.8437793592,0.5266691962,0.9364682667,0.2228101112,0.1368814305,0.0166195446,0.1460692426,0.0181501012,0.9139097069,0.022159054,3.4559239592,0.7013962327,1.2225015464,0.2453868288,9.892666444944268,-0.4938048230912377,-1.5422123268947143,2
465,416.9772635098694,14709,20,35.27530464416282,0.27125,0.0351807831,0.2110847651,2.8523126329,0.5081313301,0.2457,0.0357212822,0.3616178012,5.1202701796,0.6662365247,0.48305,0.0356082504,-0.0075517574,2.8877405519,0.0228387959,0.03655,0.0084762905,0.0629587547,3.3679358172,0.3586784071,0.4644505495,0.1582831143,0.9472155972,1.7709670644,0.0224815082,0.1056593407,0.0949731275,0.8976388224,3.0184644022,0.9209954865,0.4298901099,0.0817291763,0.8466439946,2.1328165337,-0.4585864193,0.0414285714,0.0135728744,0.1967248773,3.9753410649,0.4620636613,0.4921177059,0.2991904066,0.0026272562,0.0017930207,0.9305217116,0.0466491389,2.4677506575,0.4964966519,0.1388920361,0.5324815347,-5.0062e-06,4.90267e-05,6.3994e-05,3.8427e-05,0.2595334772,0.178329621,2.8531173556,0.3886130691,0.064157402,0.2122588846,0.501395,0.0259819596,0.0391518727,0.0048085976,0.1750295383,0.1333429869,2.9168563171,0.5050456733,0.0579780975,0.2587509234,0.4346271753,0.2640396393,0.0262170741,0.0164295375,0.9773487884,0.0103391358,2.3449310735,0.2024947398,0.7432944802,0.1193974506,-0.0007674947,0.000466039,0.0003367276,0.0002099907,0.9581412424,0.015896494,2.3431269516,0.2049036475,0.7183358809,0.13149518,0.1497417024,0.0174149028,0.1445377879,0.0102906699,0.949604137,0.0119887345,2.6885709242,0.2587070912,0.953241005,0.1285691207,1.5109313387929764,3.113510810831522,-2.212150335387454,1
468,751.0251250728056,28164,56,37.50074273116993,0.2477,0.0333273161,-0.0176768329,2.864483763,0.023869206,0.26515,0.0389323452,0.2986997212,3.1984191426,0.4962507922,0.48715,0.0412689653,0.1059368427,2.4190590374,-0.0840684448,0.03765,0.0110103361,0.0955284953,2.7163566442,-0.012075807,0.4166210046,0.0878666368,0.8593748515,2.5107134189,-0.4711001966,0.1062785388,0.0651444482,0.8574641079,2.7419980367,0.8150090251,0.4771004566,0.0412218516,0.3633836606,2.7036582613,0.2187423907,0.0439954338,0.0113332653,-0.0811571931,3.355263648,0.4775642926,0.5004487364,0.3044448362,0.0004842051,0.0003243946,0.9350387888,0.0410214102,2.4178815359,0.5836027403,-0.1753705815,0.3279599485,3.2253e-06,1.04465e-05,1.2497e-05,7.7462e-06,0.2301042872,0.1156644906,2.8962316367,0.3206875277,-0.0201606124,0.2342201983,0.503685,0.0233553318,0.0389326394,0.0036226842,0.1755156182,0.1144246408,3.2148814211,0.6376784768,-0.0418006757,0.3341253675,0.4540322399,0.3054886832,0.0226728117,0.0139676512,0.995368024,0.0020180096,2.0614488373,0.1410460954,0.5167496783,0.1292818253,-0.0001583827,9.93925e-05,6.09947e-05,3.74669e-05,0.9621182033,0.010596379,2.6730630423,0.3009584371,0.7802730731,0.1479533457,0.1511177534,0.0196488578,0.1280100439,0.009125084,0.9570410947,0.010127692,3.0043852257,0.3957828574,0.9916356546,0.17720841,-2.4344962605343796,-2.3814119837181336,-0.7132441551822007,4
469,109.84353353432476,4143,16,37.71728627707851,0.22355,0.0345419672,0.1811086397,3.3914210961,-0.0573962527,0.30455,0.0392434389,0.3040181078,2.8124649227,0.0585389628,0.4719,0.0402789027,0.3529405479,2.8864339226,0.2283237085,0.0406,0.009702577,0.2897987491,2.9194583336,0.2330105769,0.4145454545,0.0956347505,0.826773728,1.9252463849,0.1786444564,0.0890909091,0.0594093981,0.9147535179,2.5676083906,0.5537085579,0.4963636364,0.048823627,0.3313280999,2.3862062137,-0.0727780184,0.0434848485,0.0160248315,0.5101369814,2.4180638143,-0.0118995007,0.4992328993,0.3018562928,0.0028894265,0.0020727963,0.9261096109,0.0497900987,2.5927550948,0.9751825391,0.1764366204,0.5052460363,-2.32129e-05,0.0001103279,8.78925e-05,5.74891e-05,0.3493864761,0.1850812069,2.906610325,0.5386251294,0.0418784098,0.303567945,0.4945975,0.0381719579,0.0429356928,0.0055478293,0.2422039307,0.1515476948,2.9195831041,0.4256310287,0.0091357038,0.241760597,0.4535617975,0.2762725001,0.0183675766,0.011524101,0.9627428848,0.0085656297,2.7004421871,0.2671119728,0.9252769889,0.129225699,-0.0008477705,0.0004988221,0.000346141,0.0002165107,0.9351957687,0.0138330802,2.7167935545,0.2933872303,0.8867570593,0.1429242255,0.1382964762,0.0182764606,0.1418968835,0.0117772045,0.9335108044,0.0210268943,2.9972606016,0.4414326274,1.0694270445,0.178402881,2.0216466518722433,0.554897952302111,-2.0158650126842375,1
47,472.8249393395992,16904,24,35.75107527874913,0.24125,0.0343756818,0.2361944897,3.1180939071,0.3406578359,0.2485,0.0422936165,0.3779292595,2.4246152359,0.2011197046,0.51025,0.0398959584,0.0585424663,3.4107034905,0.3135334418,0.0385,0.0103561576,0.0384929239,2.7946435849,0.2079773444,0.558287037,0.142276729,0.9494632171,1.8823420617,-0.1133340108,0.0850925926,0.0613655617,0.9029240965,3.0747613036,0.884821787,0.3566203704,0.0886337363,0.8880808636,2.0788125874,-0.1104041697,0.0363888889,0.0106899341,0.0023335241,3.4237359924,0.449377067,0.5033263468,0.3041245772,0.0019915867,0.0015568106,0.9255881667,0.0510310137,2.399966509,0.6643490195,0.0238554194,0.3840331956,-1.25608e-05,9.27616e-05,5.17565e-05,3.20024e-05,0.2436356206,0.1785964412,2.8711629094,0.4081954072,-0.0144888099,0.2981254559,0.4932975,0.0381272884,0.0390020157,0.0033714461,0.1840221391,0.1061423029,2.8146283319,0.303641591,-0.0046947051,0.2108713188,0.4343848142,0.2634991605,0.024825208,0.0152130739,0.9798693843,0.0096546781,2.419622385,0.2634981997,0.7774945536,0.1400574546,-0.0007185941,0.0004402719,0.0002871561,0.00017409,0.9555379341,0.012463482,2.6619419504,0.3018663919,0.8505977997,0.1459168155,0.1373904806,0.0148817239,0.1372406507,0.0104609699,0.9472950868,0.0105323129,3.0646638179,0.364548157,1.0807644203,0.1469357442,2.5542733911606175,0.30608645784018373,-2.8947165917269317,1
471,494.3366364878617,18199,36,36.814993380420574,0.25325,0.0359956595,0.1931472436,3.7767889951,0.136826508,0.214,0.031756889,0.2850121371,3.1586168043,0.4168849398,0.53275,0.0411665823,0.0191716132,2.8982598761,0.0563579138,0.0384,0.0106976633,0.1639580002,2.8544588538,0.2294548987,0.3496518987,0.0658587794,0.7649931869,2.3619511933,0.1721296855,0.1082911392,0.0699271143,0.9118957727,2.2169956141,0.4738654097,0.542056962,0.0394588784,0.2371297712,3.387489473,0.2103010643,0.0454113924,0.0113901633,0.225427595,3.1882919868,0.1587534216,0.4983168942,0.3025788742,0.0006399416,0.0004057625,0.9548364759,0.0437755729,2.3529069018,0.660738507,-0.1034938212,0.333233693,-2.846e-06,9.0283e-06,1.31512e-05,7.9487e-06,0.1264282911,0.1072021073,2.8776684372,0.4103314641,-0.003063012,0.1750180102,0.4935425,0.0205466681,0.0359600123,0.0028195995,0.0907652945,0.1174624138,2.9817173069,0.4222602798,0.0061916139,0.2357525258,0.4556333672,0.2936510264,0.0181209687,0.011635258,0.9918607294,0.0029885023,2.2527662273,0.1104136832,0.716600005,0.0717577701,-0.000177159,0.0001153721,7.75136e-05,4.93397e-05,0.9718891691,0.0058617758,2.2883466255,0.1235222764,0.7123100587,0.0726198067,0.1607202812,0.0124710643,0.1459714428,0.0074191537,0.9652640347,0.0051252853,2.563775563,0.2181662614,0.8863925159,0.1013610079,-4.354280083026089,1.1729759207637054,-1.2369422662662877,4
475,350.40357717416924,12701,75,36.2467760815322,0.24525,0.0450964245,0.4961778826,2.8081300791,0.181584334,0.2788,0.0443909901,0.5357409712,2.6185329452,-0.013109512,0.47595,0.0388503217,0.2547554402,3.2713484159,0.2096954003,0.0366,0.0102683981,-0.0576095298,2.7286677577,0.5285786034,0.4343037975,0.1001383037,0.8615386735,2.1198615096,-0.159540061,0.0721518987,0.049052307,0.815198288,3.0486516095,0.808588864,0.4935443038,0.0615781478,0.6384665715,2.7690631641,-0.073155263,0.0426582278,0.0113303514,0.0114693762,2.3986638653,0.2296468187,0.4924779927,0.2994807813,0.0017683367,0.0013561182,0.9317985111,0.0398552761,2.4250264234,0.5583408335,0.1012839981,0.4392707869,1.313e-06,3.82212e-05,5.56327e-05,3.50616e-05,0.5713811401,0.1322350685,2.781438153,0.4345491839,-0.024580374,0.2472399148,0.5013625,0.0307536294,0.0538049058,0.0064441821,0.5052529124,0.1332262525,2.6876889721,0.3863455045,0.0041733679,0.2617903391,0.4503983841,0.273458548,0.0202702869,0.0128257449,0.9819717134,0.0067426274,2.1931385913,0.2168883081,0.6202315712,0.1442162301,-0.0006149449,0.0003717133,0.0002495512,0.000157779,0.954946646,0.00930089,2.8286310559,0.431164531,0.9437336646,0.1741685563,0.1448138993,0.0267089785,0.1376835817,0.0186329547,0.9450260711,0.0093345586,3.266792124,0.6264865234,1.117106616,0.2265287304,3.2538060038149568,-2.3834951113704905,-1.7572575411150848,1
478,487.9628324530274,18338,6,37.58073111391176,0.28,0.0627136349,0.692590443,2.5043234669,0.0975156464,0.32625,0.0493780062,0.4833295265,3.3220363024,0.3023111215,0.39375,0.0401271417,0.1672863897,3.4417025898,0.1754142778,0.03085,0.0093288531,0.0059787791,2.8420173113,0.2232087313,0.6134302326,0.093221609,0.8309097006,3.3103528405,-0.735213473,0.0906686047,0.0697586416,0.8562971352,4.6848289028,1.40898679,0.2959011628,0.0402849819,0.2912200478,2.7486400589,0.0744875871,0.0324709302,0.0087020629,-0.1909501409,2.5900061702,0.0792253109,0.4994280048,0.3036655923,0.0005690301,0.0003617059,0.9179533675,0.069727172,2.4344637172,0.5827644089,0.1344993828,0.3155811499,-2.5397e-06,1.24271e-05,2.08853e-05,1.3258e-05,0.5519433932,0.1213745654,2.8005276978,0.5001056031,-0.0168243738,0.2986662456,0.4963775,0.0213317456,0.0545304889,0.0066311691,0.4915233219,0.1250323239,2.8397849201,0.3737769572,-0.0024904531,0.3098747837,0.4600878606,0.2989841313,0.0200046693,0.0123075411,0.9945135218,0.0027017046,2.0181902339,0.1054328081,0.4677622802,0.1055019147,-0.0002008604,0.0001238085,6.69783e-05,4.45156e-05,0.9492146301,0.0129274296,3.6227711364,1.1353664046,1.0529483467,0.3101764174,0.1355381162,0.0202207126,0.1095947112,0.0077932323,0.9370422515,0.0116488637,4.3332921533,1.660155404,1.24516465,0.4719751449,5.595327205726562,-11.375569520548881,-0.9890804387594097,0
48,114.78370073816582,4229,32,36.8432100795113,0.35095,0.0578605868,0.5047291305,2.5623612296,0.1450325553,0.4006,0.0557865575,0.4964057406,2.8244692704,0.1292535634,0.24845,0.051762414,0.4906080196,2.5813636908,-0.0118686729,0.02015,0.0055432391,0.1223570794,3.9363814727,0.4692027605,0.7125961538,0.1463448587,0.9431774547,1.808364765,-0.3626374412,0.1013461538,0.0728348724,0.9075733167,2.3614699704,0.6297601419,0.1860576923,0.0778209022,0.8841444043,1.8827428988,0.2800639368,0.0264423077,0.0072281859,-0.0574484555,4.1217744483,0.520094735,0.4822600165,0.2940053666,0.0040927872,0.0031918219,0.8973877121,0.0463454522,2.5081440289,0.4227326599,0.1825483637,0.2598151195,3.90575e-05,0.0001455136,0.0002274311,0.0001616105,0.6538571488,0.1289870958,2.7953504932,0.4001632819,0.0553901103,0.315902889,0.49073,0.0753679232,0.0609454533,0.0116788258,0.5726572745,0.1580111451,2.6852778004,0.3208645145,0.0707344169,0.2629179848,0.4554156447,0.2775511959,0.0196947294,0.0120614711,0.8829786447,0.2175696193,2.1910865329,0.2698143407,0.6721813488,0.2046574166,-0.0019643705,0.0011600098,0.0009470976,0.0005810055,0.8705490917,0.2267433918,2.2276348726,0.3114983976,0.6296449094,0.3503254116,0.1468304543,0.0397865224,0.1518760925,0.032582627,0.8489715557,0.2008825782,2.65119878,0.5245906833,0.936980572,0.2713540002,13.873131237055587,-1.3816169658494286,5.987738515649562,2
481,671.7079277084231,23835,54,35.48417253509976,0.2554,0.0415492479,0.5023508849,3.1257053945,-0.3912575519,0.24945,0.0352412755,0.4771692036,2.5208173807,0.118823155,0.49515,0.0369219108,0.0817365894,2.4958299884,0.0446584914,0.03655,0.0100671495,-0.1458905251,3.9749279645,0.7191750642,0.4636864407,0.1109625222,0.9078575323,1.8039529319,-0.1682969383,0.0897033898,0.0726242138,0.9310212038,2.4563405123,0.8010577553,0.4466101695,0.0543894515,0.5931886857,2.4773352302,0.0089054672,0.04125,0.0118081863,0.1144945803,3.4741587054,0.4954552056,0.4951590707,0.3013191604,0.0006437487,0.0005240599,0.9521589994,0.036737248,2.2713687586,0.3719001786,-0.0028012703,0.4178590719,9.582e-07,1.01483e-05,1.37269e-05,8.5588e-06,0.1768495661,0.1320471558,2.6977808808,0.3196122547,0.0818681807,0.1978889284,0.5006475,0.0193198892,0.03720179,0.0039732786,0.0884502388,0.1285489981,2.8414479839,0.2590802155,0.0170379208,0.2708845471,0.4599593156,0.305433967,0.0182334649,0.0121612329,0.9928947048,0.0042397258,2.0533061218,0.1117421966,0.517325636,0.1381902644,-0.0001867734,0.0001188471,6.63117e-05,4.08999e-05,0.9384866951,0.0552746206,2.8873036896,0.2311565218,0.8408880576,0.0725163476,0.1716419251,0.0702237501,0.1210605751,0.0253094634,0.9225424476,0.0865907886,2.9310629862,0.3611982318,0.906870259,0.2000401937,-1.9142404341586545,-1.771727760532294,0.7082704578068719,4
484,1203.3155238974234,44164,56,36.70192823321771,0.2387,0.030287126,-0.0526605495,2.4101155004,0.1535922905,0.2661,0.0339674845,-0.0751868494,2.6504129957,0.1061755374,0.4952,0.0368301507,-0.0707792398,2.6112350738,-0.0486179101,0.03755,0.0081699143,0.0497128368,2.4025705114,0.1403764022,0.3820588235,0.0877301444,0.8684360977,2.0068519142,-0.0198371154,0.1077124183,0.0793220599,0.9248420226,2.4655169,0.745012999,0.5102287582,0.0396258641,0.2695607171,2.7400894847,0.0168072091,0.0477777778,0.011623012,0.1467471818,2.8339359897,0.1065608586,0.500938596,0.304392635,0.0004832691,0.0003340191,0.9480513468,0.0342682524,2.3222886371,0.4659748686,0.0214262794,0.4560281689,1.8646e-06,8.154e-06,1.02596e-05,6.3299e-06,0.0304628624,0.1030792532,3.0616902634,0.4896837129,0.0479917481,0.2214875865,0.5045675,0.0169099621,0.0357441584,0.0030345949,-0.0043316621,0.1161786889,2.8266146628,0.5228817765,0.0523642207,0.185105262,0.448257621,0.3085276154,0.020645172,0.0139817297,0.9933021271,0.0019706165,2.6659314886,0.2298471415,0.910424384,0.1248369386,-0.0001480419,9.57471e-05,5.89454e-05,4.0463e-05,0.9603005016,0.0061561173,2.8732132262,0.3743820695,0.9744439553,0.1463223311,0.1702453519,0.0228689778,0.1390309279,0.0056765488,0.9623711574,0.0058433156,2.5826456621,0.1891317831,0.814054271,0.1175302384,-4.820639812871728,-0.2623029387612117,-0.39718568574711727,4
485,267.07310190996543,10270,6,38.453891187672575,0.2438,0.0283911958,0.1395467541,3.1825580028,0.0823047148,0.25735,0.0306549751,0.2713044556,2.7162921225,0.122562351,0.49885,0.0325257975,0.1204911754,2.7378908087,-0.102873754,0.0398,0.0087155034,0.0849082934,2.9335294954,0.083959987,0.4094329897,0.0986634295,0.9033067263,2.2342843048,-0.0489727902,0.0978865979,0.0780028913,0.9301805189,2.9497981243,0.9583498241,0.4926804124,0.0436307246,0.5286225155,2.9767519205,-0.358833239,0.046185567,0.0125544832,0.0746997322,2.3980198828,0.2778776056,0.4964513228,0.3021883111,0.0014374063,0.0008454903,0.9447012976,0.0476086254,2.3062247715,0.6021867348,-0.1018149453,0.5027484092,1.5234e-06,3.72416e-05,3.34406e-05,1.99338e-05,0.132911529,0.1539091681,2.827304803,0.3759275972,0.0637632965,0.2617544825,0.503425,0.0229802986,0.0375513143,0.0027702067,0.1003748275,0.1276316825,2.9847062026,0.4138310661,-0.0116249628,0.2383092501,0.4491569018,0.2804292787,0.0205302283,0.0134716604,0.9814024236,0.0167727848,2.2385200567,0.1847904873,0.6843522814,0.1716908561,-0.0003938391,0.000263399,0.0001815322,0.000113532,0.9599104204,0.0272986501,2.3084637648,0.1860615801,0.674945057,0.1908406296,0.1732208858,0.072508348,0.1434430653,0.0237424396,0.9421201229,0.0607663528,2.6629889751,0.3255437037,0.8848494552,0.2366847975,-2.0515161738853895,0.7794009740957695,0.46983017825561835,4
487,435.6513807662047,16272,48,37.350966204632506,0.26005,0.0283592577,0.0463779096,2.9604460349,0.0736856764,0.2389,0.0292709754,0.1717278392,3.0722914631,0.1951322854,0.50105,0.0328351565,0.1168338627,2.5400605914,-0.0973435338,0.03745,0.0105946921,-0.1052481572,3.4974942924,0.2283202372,0.38,0.0792112838,0.7877523262,2.2087704965,-0.1529427049,0.1020610687,0.0826213432,0.9306000021,2.2096935961,0.6136958821,0.5179389313,0.0359435001,0.0405298112,3.0757578728,0.0176082327,0.043778626,0.0152346983,0.3470037522,2.396843631,0.3165874742,0.4939125588,0.3010036233,0.0010743376,0.0007813178,0.9623399729,0.0271633984,2.3064016261,0.6724061356,-0.0111753474,0.5321525,4.2696e-06,1.35787e-05,2.0676e-05,1.25212e-05,0.0549489245,0.1496730656,2.9329113853,0.3620282111,-0.0398552238,0.3140609188,0.503435,0.0209412398,0.0365684161,0.0031009989,0.0344059288,0.1323373515,3.0198833819,0.565798182,0.0195034673,0.2383916709,0.443444736,0.2758985276,0.0271965402,0.0167807427,0.9920238971,0.004072659,1.9885472279,0.0644591222,0.4751018371,0.0615778612,-0.0003137505,0.0001995665,0.0001484801,9.16597e-05,0.9745803916,0.004846077,2.0123566797,0.0687091729,0.4574281601,0.0570041735,0.1776966248,0.0161312185,0.1454919532,0.0051271248,0.962661764,0.0036981976,2.2234362354,0.1302343824,0.6712466538,0.0924590603,-4.9920000610024875,3.444549795395637,-0.6979122184760662,4
488,181.53261812171772,6610,9,36.41218899607336,0.28365,0.0590120962,0.6696304366,1.9098834728,-0.1484509223,0.2581,0.0696016523,0.8145856569,2.8223876129,0.7834222158,0.45825,0.0412272665,0.3408703317,2.3392794638,-0.1660404621,0.0395,0.0110340382,0.2345880726,2.3596886608,-0.1635782015,0.6208,0.1546475347,0.9287361529,2.2529072756,-0.4663174667,0.0675,0.0663682906,0.880224239,4.1016736988,1.3315298561,0.3117,0.0980388188,0.8298882442,2.1816513189,0.0946114247,0.0387,0.0105503554,0.1577534396,2.6504821691,-0.0457219226,0.4924421361,0.2991125684,0.0040567158,0.0031661907,0.931521103,0.0491284256,2.3526330644,0.4647115112,-0.0663606856,0.3945381235,-1.19106e-05,0.0001026549,0.0001373087,9.05871e-05,0.4922274075,0.18702789,2.7241788296,0.3821371487,-0.0336041886,0.2766860373,0.49626,0.0289612267,0.0493606525,0.0126880153,0.4128908987,0.1861999183,2.8068640792,0.3207739505,-0.0421641726,0.2067053021,0.439166358,0.2659824358,0.0249397797,0.0152390045,0.9591643696,0.0145415124,2.3010320347,0.2210373843,0.7413427593,0.1344366144,-0.0013898951,0.0008660578,0.0006255667,0.0003804276,0.9409032449,0.0211753973,2.3460266676,0.2427620836,0.7429883692,0.1308241595,0.1495386408,0.0236963043,0.1500784516,0.0149343849,0.9304427335,0.013096224,2.6712733037,0.3466402568,0.9521909967,0.1640297773,8.796507318949784,0.8793773352002251,-2.3810094072085435,2
489,494.2764857695015,18227,54,36.87612201827439,0.26575,0.0349526465,0.0910148397,2.9619221952,0.0207144299,0.358,0.0428369,0.4565586707,2.9455480403,-0.3474556682,0.37625,0.0450964245,0.4828049415,2.4318310386,0.1544832016,0.0329,0.0079113842,0.0304115292,2.844786894,-0.1694799776,0.5231818182,0.11557772,0.8996653932,3.3106698005,-1.002556442,0.0826666667,0.0652304385,0.8732409425,5.9714336042,1.684927994,0.3941515152,0.0630503028,0.6547360269,2.9515674792,0.6095812125,0.0383636364,0.010775444,0.0589988687,2.6505435223,-0.0277457201,0.4995603303,0.3034575938,0.0004738791,0.0003089456,0.9439227504,0.0392640561,2.7827963899,0.8413778439,-0.2238594503,0.5749136084,-3.473e-07,8.7007e-06,1.41698e-05,8.6143e-06,0.3892547932,0.2324988831,2.963698214,0.6616058013,0.0678649254,0.330710352,0.484125,0.0409620266,0.0464929794,0.0061400011,0.3453384446,0.1966768673,2.774553664,0.4463170179,0.0639262295,0.2940555082,0.4656069603,0.3075033039,0.0143209796,0.0089529514,0.9930221564,0.0022387786,2.272842233,0.2454814975,0.6808969506,0.2481526809,-0.0001284823,8.09357e-05,5.16202e-05,3.47336e-05,0.9211643628,0.1206162492,2.4839706095,0.5239830554,0.6804244522,0.3527449095,0.1688720244,0.0680394509,0.1215911805,0.0269684693,0.8991996633,0.1623969022,2.6999624195,0.3407731012,0.8490748131,0.2926496359,3.1886920766600886,-7.985995318075158,2.0993706322847183,0
490,603.8658426702254,22031,34,36.48326903634994,0.2389,0.0365894794,0.2471606486,2.5669499637,0.2808851955,0.2593,0.0347204551,-0.1519427184,2.3968948694,-0.2334341472,0.5018,0.0393288698,0.1149294605,3.0763943882,-0.0917823906,0.03655,0.0102882214,-0.0531123695,3.2429134661,0.0691794853,0.4491573034,0.1049364065,0.9049575731,1.8615333048,-0.1126692156,0.0951685393,0.071851319,0.9265976371,2.7393690249,0.8325120905,0.4556741573,0.0506319114,0.5315912969,2.3791040714,-0.0050833421,0.041488764,0.0114608463,0.0702388219,2.9971055317,0.279383452,0.4976478964,0.3033587053,0.0008807047,0.0006176385,0.9502978962,0.0306766762,2.3305608374,0.4357018373,0.0738835335,0.4284078934,1.3437e-06,1.88759e-05,1.77619e-05,1.09669e-05,0.0763015201,0.1423541456,2.8609347475,0.3112986638,0.0087045436,0.1505737203,0.500665,0.0210297652,0.0368611005,0.0029565215,0.0515523451,0.1113633284,3.021783306,0.5072098772,0.0882179608,0.2395428843,0.454789179,0.2926126461,0.0202401164,0.0122000017,0.9919937946,0.0032713852,2.1339338561,0.1416763409,0.5705396089,0.1533556981,-0.0002331449,0.0001361476,9.80703e-05,5.90382e-05,0.9633594492,0.014516981,2.4908477429,0.2445326406,0.7410062446,0.1758521122,0.1633596932,0.0446947626,0.1343858312,0.0129801933,0.9508343791,0.0216092901,2.7740195337,0.359000023,0.9076948738,0.2493090542,-2.9441134695358206,-0.47386299210820615,-0.23206635549522264,4
491,436.59760657046735,16178,70,37.0547152722168,0.26115,0.0444907575,0.503901498,2.5701354239,0.0035848503,0.2581,0.0455235104,0.4418837929,3.1938104375,-0.4821054515,0.48075,0.0390920388,0.2250387104,2.5296190232,-0.1329527685,0.03855,0.0119015755,0.2353280659,3.6144384571,0.4748201186,0.5236153846,0.1296964138,0.9253584345,3.2199410118,-1.0623471076,0.0855769231,0.0667908176,0.8985395195,4.1176546922,1.2487473314,0.3908076923,0.0701586221,0.7706397151,2.9530309759,0.8398663391,0.0377307692,0.010192598,0.056625932,2.5469558789,0.0859810602,0.4998126107,0.3037733884,0.0009385032,0.0006338848,0.9435376471,0.0327211531,2.4507638036,0.5387647871,0.0467685699,0.4685321271,2.1977e-06,2.30958e-05,2.82859e-05,1.68865e-05,0.5097536722,0.1768427909,2.8178985359,0.5158382142,0.0411620007,0.2900111691,0.4948375,0.0379139086,0.0503932246,0.0092692795,0.4343632768,0.19780521,2.8216248846,0.3977220398,0.0576056004,0.3047524016,0.4544830551,0.2874848957,0.0218493235,0.0132278909,0.9910718806,0.0041817274,2.0727968759,0.1045883762,0.541210395,0.1359767014,-0.0002531353,0.0001492893,0.0001106907,6.54708e-05,0.9594552037,0.0322217197,2.2575500874,0.5225675997,0.6120724385,0.2036834022,0.1628017755,0.0303705002,0.1361116114,0.0189528758,0.9500020505,0.0338253341,2.4620619978,0.4733597201,0.7841919273,0.2457568466,3.085573171669847,-4.016617029881783,-1.278393658315294,0
492,500.7343493790289,18395,56,36.73604581513536,0.25155,0.0404085078,0.4822113485,3.3332435493,0.3114882584,0.2225,0.0407216159,0.5998636932,2.3350808285,0.1203969643,0.52595,0.0361779975,0.2028007887,3.28240159,-0.3941233125,0.0375,0.0106418983,-0.0467937608,2.9804979314,0.0995689506,0.5051271186,0.1088644427,0.8795409245,2.1094523592,-0.3867619977,0.0729237288,0.0572103103,0.9086576445,2.918180925,0.9593717125,0.4219491525,0.0618843711,0.6092501927,2.5724352739,0.1317652151,0.0395762712,0.0126487132,0.1719952623,2.8411866341,0.2209341807,0.4929739883,0.300821256,0.0010379282,0.0007356128,0.9536883052,0.0442368842,2.2216326036,0.5202723087,0.116364237,0.3548448946,2.934e-06,2.42177e-05,2.6667e-05,1.75619e-05,0.3474947454,0.1537593185,2.7880875171,0.3432982672,0.0870214509,0.1638719463,0.49854,0.0408123774,0.0468350017,0.0068301441,0.3461701175,0.1621075091,2.8326944273,0.4842725593,0.1176819106,0.1694928905,0.4525583319,0.2868011947,0.0193192473,0.0121636546,0.9893950893,0.0054171896,2.1659338434,0.230937041,0.5807124783,0.1783764826,-0.0002652673,0.0001697152,0.0001186007,7.3305e-05,0.9483655887,0.0616663506,2.4554679852,0.4305580362,0.7275766612,0.1155013377,0.1715236153,0.0713896991,0.1322294839,0.0247197143,0.934241277,0.0838140415,2.774924574,0.5077316781,0.9067282157,0.2432490646,0.776660549215058,-1.9269178872017385,-0.0728595992399055,1
495,109.30342504233398,3908,24,35.75368291054378,0.25315,0.0439753056,0.3906933727,2.7606944965,0.1209753643,0.23385,0.0423429746,0.3955198943,3.8270872417,0.5085872907,0.513,0.0432261495,0.2338766486,2.2505676802,-0.1114116145,0.0422,0.0109617517,0.2806412199,2.6755495558,0.3995675307,0.6082876712,0.1721703107,0.9271795226,2.1908162851,-0.5721838853,0.0787671233,0.0821949771,0.8763948322,4.3780218536,1.4104355779,0.3129452055,0.0993914208,0.8755032761,1.8287915443,0.1586219644,0.0380136986,0.0104926499,0.1943863916,2.4698525543,0.1137056105,0.4845173995,0.2926680036,0.0040412388,0.0029194035,0.9288725895,0.0477128004,2.400858148,0.4735055147,-0.0283077029,0.4075175231,-5.19357e-05,0.0001437439,0.0001498396,9.76981e-05,0.5094565683,0.1885205767,2.76073908,0.4180946799,-0.0080415324,0.3120157981,0.493755,0.0336121663,0.0508048695,0.0115309361,0.4141987155,0.1790979161,2.9074949726,0.4624498231,0.0239553221,0.2669931695,0.4499357728,0.2729042896,0.023357891,0.0139929444,0.9473595288,0.0370902277,2.3004272704,0.3139462702,0.7303626326,0.1871742951,-0.0015394554,0.0009548109,0.0006800633,0.0004038986,0.9303914262,0.0431609615,2.2980210664,0.2403629764,0.7097056814,0.1540632526,0.1475102155,0.0258702727,0.1470810869,0.0213675947,0.9145441278,0.0381548846,2.647424285,0.416625623,0.9287168193,0.1912409909,8.709811093942664,1.5230051116861627,-0.7140266542745364,2
496,202.82129019439824,7608,42,37.510854963539366,0.2542,0.0508906671,0.5633043666,2.8866888033,0.4533673034,0.2575,0.0504008928,0.633410442,2.1401661476,0.0559435401,0.4883,0.0411291867,0.1759956205,3.3143330224,0.113218479,0.0418,0.0099378066,0.0947707451,3.9264099623,0.1766392845,0.4793548387,0.1299828893,0.8991107199,2.5382629374,-0.5435013727,0.0833870968,0.0695015328,0.8782997721,3.0710181625,0.9913151109,0.4372580645,0.06902359,0.7263269121,2.3564928635,0.0808079195,0.0457258065,0.0121763512,-0.11846619,2.9698645193,0.3737696588,0.4971143169,0.3005263243,0.0028388655,0.0020374415,0.9360447397,0.0384166022,2.5841578711,0.6977960967,0.1233248355,0.5410024401,-3.36255e-05,8.45316e-05,9.44978e-05,5.68238e-05,0.5539856635,0.1062759575,2.8264568034,0.5398639413,0.0327166354,0.3273759598,0.49077,0.0331816493,0.0507034664,0.0070066926,0.4714047449,0.0997890182,2.8485967749,0.4797340885,-0.0162705687,0.2732904123,0.4453330341,0.270141597,0.0210617137,0.0130050244,0.9686387271,0.0143706287,2.5655978444,0.7264630673,0.8216551615,0.2483672704,-0.000917659,0.0005610458,0.0003691846,0.0002271216,0.9347780725,0.038952674,2.9623167006,0.6210772857,0.9624422371,0.202156542,0.1338277458,0.0201574354,0.1401959777,0.0145280417,0.9350832956,0.0175772641,3.3663870797,0.5912525346,1.1910989126,0.2121955848,5.921182656476469,-2.4255019070241803,-1.4295476772624942,0
497,117.75778715146774,4467,45,37.93379705967346,0.2832,0.0716363036,0.7798447106,2.4878323404,0.0576677484,0.27505,0.076421512,0.807983062,2.6834899109,0.2952199139,0.44175,0.0578592041,0.5918341899,2.6200208806,-0.2128969147,0.0314,0.0095152509,0.2897940945,2.7188530696,0.1619109094,0.4872972973,0.1288073913,0.898793574,1.7701309481,-0.1322760739,0.0658108108,0.0604880322,0.8133552898,3.4593045493,1.140845651,0.4468918919,0.0820542944,0.7210392612,1.8790282141,-0.0875518083,0.0431081081,0.0145820767,0.2722511483,1.9799575958,0.1604204289,0.4837010898,0.293270468,0.0066149618,0.0046214127,0.9110928121,0.0584099927,2.6534881168,0.748443868,0.0659917788,0.5502587667,-1.86415e-05,0.0001517356,0.0002991849,0.0001982519,0.6030893133,0.1713756781,2.8198621358,0.5936499537,0.0567354669,0.3573762475,0.496335,0.0221611321,0.0557566105,0.010658442,0.5148948448,0.1738118758,2.8042475131,0.5087672548,0.0642531422,0.2834244338,0.4208287975,0.2554827949,0.0252811336,0.0164841195,0.9259690355,0.0224679642,2.7386181752,0.3367203932,0.9880565972,0.1541042647,-0.002408431,0.0014725699,0.000953391,0.0006206263,0.8987334182,0.0448999844,2.7988278599,0.3588119857,0.9722733356,0.1481001879,0.1277799563,0.0167421036,0.1395924145,0.0194469958,0.8841054319,0.0370610336,3.2348676498,0.4935577083,1.1669087027,0.1748018593,12.836277923333546,1.7044194285944074,-0.7326290710583248,2
498,218.18854871228007,8073,35,37.00010861085872,0.25555,0.0401179199,0.2104401336,2.4371546228,0.2170667114,0.2238,0.0465087089,0.5847766967,2.2704992104,-0.0434265112,0.52065,0.0414768309,0.199370456,2.8415849552,-0.2730924156,0.04305,0.0108373198,-0.1210431372,2.813482685,-0.0229940913,0.4193846154,0.1408641126,0.9165565242,1.5705188933,0.0188715384,0.1318461538,0.0945335481,0.9131150655,2.0084176513,0.5769163095,0.4487692308,0.0656390525,0.6315603986,2.1106644584,-0.1117428394,0.0406923077,0.0108796537,-0.0916117035,3.7168374963,0.7272313559,0.4900182694,0.297403365,0.0020119126,0.0013527203,0.924258638,0.0494966495,2.5404529238,0.66723191,0.0242638457,0.478414739,-1.9878e-05,7.04305e-05,6.38196e-05,3.89232e-05,0.3395690104,0.1488549244,2.943841505,0.4242190221,0.0857948378,0.211369861,0.4888175,0.0284458225,0.0463829365,0.0064224276,0.3287232524,0.146814864,2.9134194978,0.4311419648,0.0500003246,0.2323318637,0.4361098039,0.2640114044,0.0231611063,0.0146892166,0.9744935277,0.0136259841,2.4424486826,0.4192972558,0.7780618085,0.1988255164,-0.0006852815,0.0004281921,0.0003035888,0.0001881175,0.9593930555,0.0116544155,2.2605512646,0.3157057302,0.6824085155,0.1833175375,0.1595225852,0.0271253469,0.1506641712,0.0163763758,0.9532449927,0.0088539878,2.4380101763,0.3817637389,0.8480331971,0.1980106575,2.0730433416665908,2.8579335182483905,-0.8717023866066247,1
500,728.260529242672,26870,42,36.896136644865926,0.2513,0.0280679533,-0.0103284534,2.9940540422,-0.2400101563,0.2572,0.0314668079,0.0106256898,2.7637423721,0.1903027502,0.4915,0.0293726063,0.0558207337,3.4219585855,-0.1989150791,0.03875,0.0111663557,-0.011267249,2.760265325,0.3955895142,0.4018298969,0.0795614716,0.8035794326,2.2554800039,-0.0206138281,0.0765721649,0.0585915219,0.9011877858,2.8123442519,0.8151609368,0.5215979381,0.0418456072,0.2034746591,2.987178371,-0.3261149951,0.0491752577,0.0120924363,0.132614863,2.6147981191,0.0839491207,0.496495828,0.301478021,0.0006834342,0.0005155285,0.9499314036,0.0503715527,2.3885133604,0.6605994054,-0.0885511637,0.486116407,-5.242e-07,5.695e-06,1.38422e-05,8.4969e-06,0.0392046413,0.1237176003,2.9735238234,0.5255711876,0.0221455804,0.2369818824,0.4997975,0.0159141327,0.0359191894,0.001968173,0.0167568976,0.0972761887,2.8824419327,0.3657154711,0.0214683459,0.2241810634,0.4600914949,0.3083567628,0.0172986714,0.0106695913,0.9921974713,0.0033229083,2.4185104983,0.2585561566,0.7550670536,0.2365786289,-0.0001507951,9.43193e-05,6.29376e-05,3.73948e-05,0.9530352986,0.0306427903,2.5287330915,0.228611355,0.7232399287,0.2625653208,0.1787720659,0.0751087023,0.1306372597,0.0216001534,0.9446247717,0.0490450489,2.6369641278,0.2580348182,0.823003643,0.2947403049,-4.609989157096725,-1.4372713029347863,2.3727641781009963,4
501,11.951247087206363,462,4,38.65705366384436,0.31855,0.1564277709,0.672843273,2.2308834681,0.2392643128,0.314,0.0971673814,0.6495232567,2.6912367206,0.3052089822,0.36745,0.0916883171,0.586925522,2.8139163415,-0.0282116441,0.0219,0.0082698247,0.2062744151,3.6422330612,0.8015194368,0.7826666667,0.1993394648,0.8419873706,4.0184832257,-1.3449622201,0.1,0.0937905468,0.8095706971,4.0417450603,1.190451406,0.1173333333,0.1093978468,0.8169761855,4.2356663069,1.5156030692,0.0181666667,0.0055502753,0.4510747412,2.0441465475,0.174051812,0.4406535212,0.2680554152,0.0147762593,0.0089991562,0.7420581466,0.0815578576,2.7812745618,0.4753382556,-0.0530645223,0.318129298,1.76764e-05,0.0011522842,0.0030399261,0.0018695672,0.6932523279,0.1001267719,2.8269976708,0.4375119724,-0.0706332432,0.285436342,0.4993125,0.0314080797,0.1247211795,0.019501276,0.6820999552,0.0961293892,2.6498032791,0.2930193027,-0.129647731,0.2204889086,0.4027326389,0.2457483697,0.0343181319,0.0226173065,0.5758338038,0.3647832023,2.1567163544,0.4487923474,0.6746156496,0.2646330653,-0.0133866982,0.0080402152,0.006886505,0.00461479,0.5732182245,0.3653501342,2.1421228818,0.4967248856,0.6330830147,0.2871462087,0.1510220543,0.0405431705,0.1646851909,0.0479815142,0.5138808902,0.3649362356,2.4299934549,0.568335361,0.8456052713,0.3767958545,48.89477410850628,16.70451135099998,32.00923087899793,3
502,18.86401743915196,681,4,36.10047553214172,0.24945,0.0744207464,0.6525014621,3.0323462367,0.2527743177,0.21875,0.069793893,0.5753652625,3.6534775843,0.6659236705,0.5318,0.0777480546,0.6448665277,3.9868752406,-0.1901937432,0.0384,0.0135440024,0.2963010796,3.7813496546,0.4727721571,0.6515909091,0.1702430506,0.9084286653,2.1343515267,-0.55742748,0.0756818182,0.0844136925,0.6921962041,6.1402210666,1.9838303988,0.2727272727,0.1064801227,0.9576947601,1.59366864,0.1931554188,0.0311363636,0.0078235975,0.3843333741,1.6520664423,0.474796218,0.4680273019,0.2823004044,0.010126013,0.0060552299,0.8708292464,0.0472730838,2.5589022736,0.2576726816,-0.0074031869,0.3452195188,-0.000254462,0.0006601135,0.0010911207,0.0006381634,0.7575054829,0.094334577,2.7259461994,0.3560354887,0.0084991115,0.3249430216,0.489025,0.0411394898,0.0957991303,0.0181098973,0.7228408968,0.0975516191,2.564755766,0.2623194689,0.0265779948,0.2674326119,0.4398551971,0.2657869565,0.0248549744,0.0154270808,0.8075043322,0.107018902,2.2897502824,0.2820196083,0.7230926811,0.1623051832,-0.0055050479,0.0034667961,0.0025564904,0.001601512,0.804633857,0.0935350897,2.2179289535,0.3220360501,0.6772369757,0.1769447631,0.1557187032,0.0440358238,0.1614904209,0.0378499489,0.7796603396,0.088113317,2.4975267781,0.6202915716,0.8754709514,0.3035918606,25.871415004951675,7.374678548109432,9.753658112735499,2
503,31.97296488578748,1168,4,36.53086300167288,0.3159,0.0714401148,0.6207814128,2.6779627749,0.4008804745,0.21365,0.0703912459,0.7081044298,3.1800896421,0.7312305544,0.47045,0.0632024327,0.5416277781,2.7428045368,-0.4338281678,0.0285,0.0098107084,0.2408233545,3.372393321,0.2398651197,0.6977419355,0.1674035048,0.9190511741,2.3421395967,-0.5574425439,0.0630645161,0.0602371311,0.6905945075,5.4777055733,1.5270891919,0.2391935484,0.1147022567,0.9376394983,1.9549104625,0.2842904039,0.0248387097,0.0067780327,0.1945734131,2.7615209398,0.446923546,0.4677500029,0.2825616033,0.0081948925,0.0053074204,0.886583726,0.0558120052,2.9037761041,1.1712675331,0.0307711332,0.585470444,-7.43347e-05,0.0003399981,0.000608639,0.0003854888,0.729113574,0.1010986454,2.8891777255,0.9207478446,0.0302203146,0.5173326672,0.49776,0.0431125463,0.0735808127,0.0138863155,0.6790022818,0.1358706345,2.687875315,0.5876430922,0.0257018812,0.3853247366,0.4386467357,0.2657703486,0.0268940805,0.0154731977,0.8794635505,0.0377781095,2.4939051987,0.2354066598,0.8456901414,0.1226308496,-0.0041370483,0.0025589845,0.0018370315,0.0010705344,0.8674113341,0.0394119626,2.5153311587,0.2860524129,0.841095661,0.1320088908,0.1448168967,0.0269180526,0.1604984403,0.0244562557,0.8459741621,0.0359823991,2.8643292898,0.3743930505,1.0698901545,0.2005063158,21.31462532153411,2.920736447705518,3.5531894559528925,2
504,27.474640804226905,1047,4,38.10786854177623,0.2744,0.0744656968,0.7552475776,2.4479741249,0.0205219227,0.21615,0.0589485157,0.6108637316,4.6436474791,0.6345566076,0.50945,0.0744879017,0.7395225412,2.4586109377,-0.1484449585,0.03755,0.0114563301,0.1681156699,2.6051731656,0.0768981913,0.5797297297,0.1699043688,0.9399579539,1.900127075,-0.6189824915,0.0921621622,0.1062349547,0.9237731813,2.7986093981,1.1446248219,0.3281081081,0.0771218004,0.8470624978,1.8326998569,0.3421830242,0.0363513514,0.0081081081,0.1382079685,2.3631842593,0.1671944444,0.4791239636,0.2902627095,0.0070620488,0.0045847152,0.9110413913,0.0417176039,2.2355550687,0.397646847,0.1336451073,0.3350309904,4.5869e-05,0.0001674423,0.0004127168,0.0002561185,0.678448078,0.1250873898,2.6048371888,0.5049564708,0.0389559677,0.2771820166,0.504265,0.0205726402,0.0677474208,0.0152541214,0.6149368079,0.1503988783,2.6798582573,0.5308804923,0.0632607124,0.2279546107,0.4276108578,0.2581397987,0.0266916426,0.0163865847,0.9165158983,0.0265936289,2.221677742,0.2185538492,0.6850103165,0.1453586684,-0.0031034057,0.0019875362,0.0013632711,0.0008327275,0.9048798816,0.0255269331,2.2270322249,0.2295467137,0.6665364173,0.141384506,0.1481951579,0.0320129985,0.1481401398,0.0209425866,0.878395809,0.0307421919,2.6164718685,0.5034512214,0.8979142233,0.2337794255,14.354721399443017,4.269635016287684,1.6127311176659327,2
505,49.7735318206724,1866,4,37.489804957441166,0.2481,0.0528052081,0.5538616359,3.1664126661,-0.1696825664,0.26405,0.0612727305,0.5851349787,2.8950239036,0.1372462102,0.48785,0.0504095973,0.4080662357,3.2571757405,0.039610235,0.0359,0.0093909531,0.2824880222,2.307505863,0.0919573646,0.4836111111,0.1281687858,0.8696728864,2.3672844821,0.2916417513,0.1263888889,0.0792465484,0.9354678186,1.8312602709,0.1755488408,0.39,0.0641179469,0.59140625,2.7133044193,-0.3438026324,0.0327777778,0.0118112731,0.0254577158,2.6314315921,0.6890988485,0.4647122938,0.2827223211,0.0073815564,0.0048653006,0.9152066365,0.0254053052,2.4451453005,0.4636979599,0.0009485585,0.4009370541,-8.91643e-05,0.0002302582,0.0003605466,0.0002295397,0.6463478099,0.095279254,2.8136233759,0.4550033788,0.0830673655,0.3291127183,0.4903675,0.0366147248,0.0578852096,0.0075559169,0.568270718,0.1066682635,2.8465418309,0.4739732794,-0.0299220228,0.2622990269,0.4200771657,0.2547843978,0.0245514948,0.0158113332,0.9135302062,0.009609556,2.9688223702,0.4988871539,1.0354692415,0.2381067745,-0.0024655289,0.0015020041,0.0010091139,0.0006539384,0.8899681909,0.0204813947,3.0447385513,0.6772807164,1.018048924,0.2705764662,0.1420659418,0.0254336747,0.1475148208,0.0163153415,0.8976765845,0.0173103948,3.0092691013,0.7020571651,1.0661000035,0.2766686312,12.115276238199943,3.725175682656581,2.185424501815853,2
51,664.2118368835577,24253,30,36.51395331012713,0.26615,0.032671509,-0.2505070984,3.1844252328,0.1820702871,0.2464,0.0335341617,-0.0269640708,2.7242948614,-0.0034688476,0.48745,0.036663981,-0.0561231077,2.5891379032,0.1655422099,0.03375,0.0094174041,0.0329432943,2.5095465198,0.2553636388,0.4328191489,0.1049220206,0.8659635807,1.9781222065,0.0231238272,0.0840070922,0.0628129607,0.898740983,2.4393897969,0.7205511863,0.4831737589,0.0576669481,0.5399941123,2.4559568636,-0.268986114,0.0430673759,0.0116800915,0.1550690882,3.0039972697,0.2502813212,0.499396234,0.3035836218,0.0006543938,0.0005112426,0.9475429565,0.0327122408,2.2599226726,0.4008539296,0.0507485954,0.3632144551,1.943e-07,6.3234e-06,1.16687e-05,6.9184e-06,0.0060051609,0.1082946579,2.7789021306,0.2902445069,-0.0095791328,0.1527389616,0.5036075,0.0140163322,0.0362267572,0.0021361029,0.0061981763,0.1095297387,2.8717775783,0.3424606914,0.0542824266,0.1803716457,0.4481786238,0.3074006415,0.0242507044,0.0145191936,0.9952298816,0.0026696386,2.0746697355,0.1502047461,0.5224239698,0.1717491197,-0.0001332008,7.68143e-05,6.54313e-05,3.82056e-05,0.9640153555,0.0222828669,2.1154217602,0.1641588473,0.5086630197,0.1888991537,0.1951776125,0.0574154299,0.1406400024,0.0184279968,0.9532108512,0.0289494312,2.3334469706,0.2395110685,0.6715837673,0.2559245646,-4.847737719164846,1.2753978494857197,1.7570018273419763,4
52,839.1748612505455,31119,56,37.08285535821009,0.2506,0.030143656,0.1708480849,2.6901796984,0.2080791472,0.2601,0.0409693788,0.2807664967,2.7034872656,0.3171804716,0.4893,0.039598106,0.2916944863,3.2787304396,-0.0633245559,0.0336,0.0101754607,0.1164060417,2.7377984875,0.3109550112,0.4247569444,0.0695579541,0.7163201408,2.3683826448,-0.0876529085,0.0982291667,0.0586078918,0.8791055344,2.7826402596,0.6766349996,0.4770138889,0.0359171474,0.0716296482,2.3498205271,0.0548152991,0.0448958333,0.0112649399,-0.0939993235,3.0443469463,0.3064652155,0.4995069804,0.3031486154,0.0007132746,0.0006101021,0.9320545325,0.0418380976,2.483004031,0.4868786476,0.0027645737,0.3560186611,2.2695e-06,1.41035e-05,1.70253e-05,1.05902e-05,0.237988257,0.152190907,2.902792821,0.4459696486,-0.0171632329,0.2126584278,0.500505,0.030460158,0.0403677177,0.0043152193,0.1959358744,0.1633595206,2.8573083371,0.4089550828,-0.0524256019,0.2014617047,0.4526592662,0.2981494703,0.0193088847,0.0126983395,0.9919327939,0.0031146157,2.4108622662,0.1729399676,0.7702215643,0.1272783613,-0.0001864233,0.0001167799,6.97816e-05,4.49744e-05,0.9608454638,0.0051645599,2.9988457418,0.3689700379,0.9809060982,0.1724276319,0.1457314222,0.0177986158,0.1329662162,0.0057343173,0.9618456512,0.0029283529,3.2449190715,0.5286222726,1.1179718376,0.2092598747,-1.326095516897303,-2.909090438505159,-1.6581672564271506,4
53,648.0453202495141,24207,16,37.35386900206251,0.26895,0.0329036092,0.2272491783,3.2347052481,0.1640862804,0.2284,0.0327481297,0.3014687221,2.9346460996,0.0755061924,0.50265,0.0365202341,0.2425932125,3.1931076081,0.3365359511,0.03345,0.0106464783,0.0515723844,3.387094195,0.1653527816,0.4265368852,0.0771096374,0.8192246783,2.5271418273,-0.4782727853,0.096147541,0.0649094163,0.9088454742,2.5628701417,0.7675930112,0.4773155738,0.0359739603,0.0548678304,2.5794680672,0.1274323443,0.0440163934,0.0125145709,0.2128528332,3.7490517088,0.5624784451,0.4970649208,0.3019218178,0.0004315307,0.0002799022,0.9547315596,0.040177939,2.4300899939,0.6638290939,0.0663411096,0.4524148972,-1.2356e-06,4.9069e-06,9.2715e-06,5.8703e-06,0.0443260717,0.1299395619,2.7887843414,0.2655259926,0.0784387576,0.1622591025,0.49616,0.0129308507,0.036402466,0.0024815262,0.0440279853,0.1142693276,2.8521706458,0.3390012749,-0.0137166511,0.1612979087,0.4584596461,0.3154617525,0.0190997478,0.0122199533,0.9952838793,0.0022411019,2.1518190136,0.1465198124,0.5974644139,0.1261939213,-0.0001156738,7.54361e-05,4.46963e-05,2.88257e-05,0.9649979658,0.0075795646,2.7056902494,0.352825658,0.8320028355,0.1693411283,0.1538398268,0.0201193741,0.1280423259,0.0061949921,0.9547167072,0.0068067394,2.9585081099,0.2778924853,0.9755939248,0.1475071773,-3.635181213135165,-1.5823794108056322,-0.5892572712925583,4
54,580.4255917624478,21699,30,37.38463690774132,0.2676,0.0316660702,0.2817536194,2.5631355017,0.1149047629,0.28115,0.0395275537,0.4527555756,3.2937649502,0.0242775269,0.45125,0.0346509379,0.1502427915,3.5926973062,0.1210605706,0.03605,0.0095208981,0.0003486319,2.6901986659,0.1414209735,0.3936940299,0.0999214787,0.8843965679,1.8663108362,-0.0234474892,0.1134328358,0.0738655947,0.8443972035,2.2970846989,0.5841415101,0.4928731343,0.043654755,0.4261702869,2.6665418088,-0.390891189,0.0436567164,0.0117206951,0.1291156856,3.9523254567,0.7381319038,0.499249812,0.3031920843,0.0009746881,0.0007223743,0.9438839927,0.040999835,2.4522642225,0.5433461082,0.0087076326,0.4469530395,-6.7074e-06,1.83479e-05,1.94681e-05,1.1991e-05,0.1357782758,0.103046931,2.827964584,0.4361635968,0.0475437747,0.2356095111,0.4939125,0.0249995544,0.0367998247,0.0028635687,0.0898269983,0.1064117952,2.7870123093,0.3631616258,0.0931412452,0.1868159445,0.4490019888,0.289805893,0.0221734253,0.0137904686,0.9925449497,0.0036606521,2.0748408825,0.199129895,0.5370344954,0.1828602354,-0.0002356058,0.000140756,0.0001043321,6.51772e-05,0.9648472977,0.0112913371,2.3594576387,0.2093109123,0.6594463344,0.1339194428,0.1693012501,0.0510043779,0.1346616053,0.0106038565,0.9564190577,0.0114922274,2.6831326962,0.2487361947,0.8700213697,0.1662906075,-2.695892224355158,0.2931064543853797,0.1709723925896329,4
56,939.7670611487354,33074,30,35.19382766998835,0.25885,0.029015987,0.0384588749,2.8005390187,0.1211624483,0.23585,0.0315915732,-0.0825856982,2.5783475647,0.1999148086,0.5053,0.0307312544,-0.0469725664,2.5069400318,0.0477210688,0.03635,0.0092697087,0.1597122571,3.0079197783,0.3933135521,0.4337540984,0.1133444852,0.899775834,1.9899962768,0.0285674325,0.0962295082,0.0767274062,0.9240092185,2.5279715343,0.7523307414,0.4700163934,0.0549761474,0.5400343707,2.8957522547,-0.4341241679,0.0439180328,0.0120372306,0.1543119793,2.7133549319,0.405729729,0.4971918372,0.30276286,0.0005196268,0.000362229,0.942676992,0.0392616709,2.6539984191,0.6803170324,0.0596640626,0.5951112476,2.068e-07,6.565e-06,1.0736e-05,6.3242e-06,0.0455927282,0.1072154046,3.029553151,0.3617028441,0.0189415922,0.2102110258,0.4959975,0.0147508345,0.0358136694,0.0024771871,0.0550746087,0.0910264042,2.9215523237,0.3220611413,-0.004182872,0.2570307978,0.4613729107,0.3129763993,0.0176744832,0.0124200405,0.9934637333,0.0038571178,2.1448346597,0.3099955145,0.5351602565,0.2464489143,-0.0001173617,8.13164e-05,5.32508e-05,3.54156e-05,0.889375064,0.2108531773,2.3258544538,0.3952302452,0.5671672456,0.2659122122,0.203130206,0.0989395973,0.1274452893,0.0343356839,0.8403215484,0.3283177159,2.5554949443,0.3730650412,0.675993328,0.3411702301,-4.1434440312797225,-1.9221299423887357,7.111536672493451,4
59,114.5963768916335,4249,32,37.07796105995576,0.2919,0.0432306604,0.4840206279,2.6766264986,-0.3205342066,0.2349,0.0320232728,0.0868643383,2.4719860333,-0.0427792759,0.4732,0.0447410326,0.4711031483,2.8948709621,0.3039871587,0.03375,0.0095229985,0.1735594393,3.6121978663,0.2903848256,0.475,0.08365301,0.830224525,2.6268376227,-0.1026908744,0.0826086957,0.0506880821,0.8562668369,2.6360450227,0.5038654925,0.4423913043,0.0461300045,0.3124040407,2.5713103565,0.0215121061,0.0366304348,0.010583742,0.0574680368,4.0914163468,0.6687832775,0.4923613165,0.3000918962,0.0021510413,0.0015072632,0.9198305535,0.042333345,2.5774009611,0.6650509048,-0.0505782742,0.4245650983,3.4516e-06,4.95928e-05,5.92392e-05,3.58005e-05,0.2149086811,0.1850781063,2.9828772714,0.5966237773,0.0761209902,0.2798301198,0.501205,0.0247518227,0.0394986098,0.0049071452,0.1291174036,0.189799529,3.0031767515,0.4341134976,0.0258522402,0.286596561,0.4444599265,0.2690031514,0.0242325508,0.0144312031,0.9769917678,0.0088675074,2.1366259161,0.1178661483,0.6107934568,0.0940659723,-0.0007788478,0.0004872846,0.0003494843,0.0002074718,0.9577558312,0.0196392724,2.1946563683,0.1631233003,0.6043306696,0.1082039805,0.1609155152,0.0256772035,0.1484804366,0.0134678807,0.9439160765,0.0172750401,2.5397809367,0.3453410595,0.8495484942,0.1797262151,1.2022943015632859,1.0724353908364972,-0.7376585776063639,1
60,636.6781372655578,22482,72,35.31140569166863,0.24475,0.0314751886,-0.0838707495,3.4250867272,-0.2815950665,0.2703,0.0317239657,-0.029116096,2.524775624,0.0423369126,0.48495,0.0388039624,-0.0038630419,2.8363443218,-0.1152747998,0.0339,0.0087629904,-0.1454921781,2.6989462978,0.3711313386,0.4201737452,0.0937448517,0.874010888,2.1169706053,-0.0777343944,0.0969305019,0.0723431534,0.9080713897,2.5983605197,0.7702305434,0.4828957529,0.0428825362,0.3332495254,3.1789244712,-0.2919034477,0.0402509653,0.0127583249,0.3009994582,2.6046473533,0.2396095638,0.4968547418,0.3016363759,0.0005346852,0.0003347292,0.9333029592,0.0558219052,2.1690400523,0.500831822,-0.0083209051,0.3388161156,-8.235e-07,6.9919e-06,1.12086e-05,6.8823e-06,0.0255811725,0.0941981014,2.8852253113,0.3982141327,0.0768272579,0.1806085322,0.49754,0.0151168499,0.0362917073,0.0030807838,0.0025746287,0.0925344193,2.9421808411,0.7003864338,-0.0451824032,0.222843857,0.4568889274,0.3111550021,0.0193677203,0.0132515213,0.994838145,0.0024869293,2.042255804,0.1036518233,0.4806795585,0.184165898,-0.0001225159,8.29576e-05,5.89971e-05,3.82406e-05,0.9331707222,0.1059895731,2.1267013213,0.1060705029,0.4573284096,0.2845525439,0.2056106048,0.0929105991,0.1343487373,0.0298211232,0.908600799,0.1464406094,2.3860380115,0.1286714843,0.6348721415,0.3523163635,-4.9845961027370125,-0.5480297402272087,5.404850934230058,4
61,102.48722170774,3767,25,36.75580172074769,0.28065,0.0402035757,0.3409713444,2.6811367714,0.1570683262,0.2183,0.0514500729,0.5835411032,2.6589333739,0.2264980355,0.50105,0.0479442124,0.2623448384,2.9724420247,-0.2527578711,0.0374,0.0099619275,0.1164880551,2.7285429725,0.4467310454,0.463880597,0.1051609317,0.8824825995,1.9236511127,0.0784407949,0.1088059701,0.1005621867,0.8947889203,2.8583212248,0.9702371095,0.4273134328,0.051610831,0.4854399765,3.7266120632,0.2694863848,0.0405970149,0.0126231955,0.458868842,2.8595611539,0.3495991225,0.4853883017,0.2954749486,0.0034455513,0.0023808418,0.9125041089,0.0710841496,2.4480216903,0.403858213,-0.0538338489,0.3588906053,-1.05812e-05,0.0001202593,9.61584e-05,6.01863e-05,0.3287824436,0.1696389086,2.9260311921,0.5978858368,-0.0719905179,0.327232828,0.4969675,0.0321042609,0.0426215296,0.0058170516,0.291490704,0.1475460759,3.0010868396,0.456573933,-0.0410761325,0.2957690723,0.4572937338,0.2766221257,0.0220949271,0.0125890057,0.9644669113,0.0086289261,2.7576812352,0.2444086058,0.9527398199,0.1104298195,-0.0009733698,0.0006109381,0.0003891084,0.0002201818,0.9416926687,0.0109341607,2.7844937326,0.2676619927,0.9350290118,0.1166481611,0.147901212,0.0215786608,0.1443835046,0.0169508335,0.9406650555,0.0128545751,2.8872547355,0.3725352038,1.0159241008,0.1601841978,4.6000562794200075,1.081833159749596,-1.3662113335179042,1
63,873.0892683502341,31528,63,36.11085503269838,0.24885,0.031826522,-0.1365078723,2.8335337702,-0.1397461051,0.2397,0.0307312544,0.1127668894,2.3271977311,0.1535854578,0.51145,0.0374185449,-0.1089626466,2.6093481656,0.0149367744,0.0341,0.0099342841,-0.0889559791,3.1450713127,0.2266306763,0.4326122449,0.0938622126,0.8555021859,2.1795754475,-0.066857448,0.0753469388,0.0536426388,0.8908956506,2.8908109045,0.8810620067,0.4920408163,0.0539322928,0.4950417051,2.7591949984,-0.2762317333,0.0416938776,0.0115479552,0.1494932695,4.5954969289,0.6815801554,0.4973068522,0.3024449947,0.0006204852,0.0004866266,0.9473118463,0.0391634186,2.3442066434,0.5618039424,-0.2632121483,0.3768029958,-7.679e-07,8.4089e-06,1.13532e-05,6.9056e-06,0.0576135005,0.105127049,2.8929377342,0.5408406839,0.0023312057,0.1848000853,0.495595,0.0194241789,0.0363274553,0.0031919028,0.0371876686,0.1215710556,2.9027763771,0.502989415,-0.0084042068,0.2292002708,0.4437683801,0.2983083342,0.024430739,0.0158354205,0.9944529134,0.0030071692,2.1793303895,0.2136072341,0.6153510992,0.1448751292,-0.0001406267,8.41798e-05,7.00054e-05,4.40628e-05,0.9713242798,0.0076952653,2.0678290918,0.3765190074,0.473197836,0.2215218317,0.1864848449,0.0208301546,0.1488256698,0.0034129335,0.9658597295,0.0017576863,2.0990235276,0.2786085685,0.580184553,0.184602113,-4.463905378646824,1.1764377733165636,0.5173834516495387,4
64,683.3845402729643,24541,57,35.910967476960465,0.2781,0.0332323637,0.1022307251,3.2555900438,-0.0165693,0.2366,0.0296637826,0.1061556573,3.3217042862,0.0564965247,0.4853,0.0322553871,0.0823814029,3.018874207,0.3833150625,0.03655,0.0101659972,-0.0461921438,4.7384574939,1.0536152862,0.3865656566,0.0883766231,0.8443053905,2.1877859322,0.1799795447,0.1028030303,0.0704842313,0.9091509348,2.4409085226,0.7110737268,0.5106313131,0.0441500018,0.4107650316,2.8320532514,-0.2799599526,0.0462373737,0.0107946497,0.264190097,2.9124116862,0.0706855178,0.4991657927,0.3035096075,0.0007122584,0.0005201639,0.9379773762,0.0714806347,2.4879156428,0.6298914182,0.1358182145,0.5460727544,-1.8808e-06,1.02811e-05,1.55241e-05,9.2362e-06,0.0511387876,0.099541025,2.7170625869,0.1689588015,-0.0253623808,0.150487753,0.49829,0.0177733129,0.0349714661,0.0024963598,0.036431285,0.0966782688,2.9957796239,0.3821541336,0.0055616438,0.1421025538,0.448387844,0.2931763846,0.0255300116,0.0154554118,0.9932967772,0.0041796666,2.1105686851,0.1692850515,0.5668953781,0.1401841434,-0.000200322,0.0001170212,9.4206e-05,5.6895e-05,0.968448202,0.0137416884,2.1975298651,0.2171993933,0.5864453233,0.1477983678,0.1802282436,0.0263730379,0.1412817962,0.0088376336,0.9588212268,0.0085152818,2.3462444936,0.181500237,0.7211344542,0.1548697355,-4.844782569862788,2.025917748368613,0.6178217250485207,4
67,424.27085949228695,15511,10,36.55919244268056,0.2315,0.0255685354,0.1556684817,3.4177894117,0.2509507685,0.23455,0.0303652351,0.1179866757,3.2462822045,-0.3167667283,0.53395,0.0360852809,0.1296928423,3.8573043222,0.0698401128,0.03595,0.0100919522,-0.1326550154,2.6731591257,0.0609309266,0.3904568528,0.0964670029,0.8695365861,2.1033180151,-0.1169478383,0.0921827411,0.0788193791,0.9132731297,2.8230799708,0.9567671455,0.5173604061,0.0451465415,0.341011226,2.7666121956,-0.1295826461,0.0442893401,0.0128739511,0.385897414,2.5921717259,0.3537149856,0.4947307421,0.3012288459,0.0008852311,0.0007439848,0.9436344726,0.0493753671,2.4035577314,0.6683173995,0.1503036995,0.501549981,-8.214e-07,1.29354e-05,1.64923e-05,1.03257e-05,0.089943045,0.1205435804,2.9045728542,0.3328514885,0.0677675491,0.1801303031,0.4897,0.0214977848,0.0377563895,0.0027991614,0.0566735753,0.1383137721,2.9626703132,0.5368495483,-0.0399370751,0.1611327144,0.4562140955,0.2931016602,0.0220183437,0.0135286397,0.9924603366,0.0037603264,2.1098380373,0.1240161366,0.581814038,0.1323248889,-0.0002028809,0.0001250295,9.45585e-05,5.83842e-05,0.9692078934,0.0124883553,2.2008542423,0.2192874833,0.60421242,0.1481129391,0.1730068623,0.0249078402,0.1464347601,0.013846449,0.9585827984,0.018003134,2.4585091886,0.2897175411,0.789328172,0.1898332504,-3.851009619364053,1.5767388053192954,-0.10915200146084846,4
68,441.44179743102166,16177,45,36.64582759073186,0.22525,0.0300197851,0.0389182072,3.0331239228,0.076712706,0.27575,0.0323911639,0.1056569725,3.5039439894,-0.1357929864,0.499,0.0370540146,-0.0580908321,3.1971822618,0.43459321,0.04085,0.0102969656,0.1885095199,2.9275209657,0.4170010967,0.4258908046,0.0978530133,0.8597522232,1.9824865712,-0.0169597258,0.0922988506,0.0742986541,0.915077865,2.7837706617,0.8646650231,0.4818103448,0.0472706041,0.4041212917,2.3644302058,-0.0610624727,0.0459482759,0.0130027704,0.2391065645,3.7948690997,0.3758889698,0.497873518,0.3018529162,0.0008681461,0.0006258471,0.9434112326,0.0397334591,2.4915097111,0.5506536482,0.0660998312,0.5314429097,3.3696e-06,1.58125e-05,1.75708e-05,1.09034e-05,0.1606531556,0.1506265447,2.8148967421,0.2922706922,0.0435550041,0.1706076382,0.5053075,0.0211334999,0.0374945202,0.0036849806,0.1398729763,0.1398236003,2.9405933314,0.3060697628,-0.013313084,0.2401632171,0.465746158,0.2943254664,0.0152882975,0.0093021261,0.990288024,0.0029332527,2.20284337,0.16419805,0.6286762332,0.1396106745,-0.0001852686,0.0001118148,7.87318e-05,4.76765e-05,0.9601419406,0.008754394,2.24088633,0.1726033737,0.6030399171,0.1463939115,0.1751711715,0.0343477373,0.1387150793,0.0082301554,0.9541217171,0.0120652299,2.4060736595,0.2561174434,0.7517471118,0.2112807974,-3.53267934891663,0.7086937272814766,-0.6108503627391642,4
7,140.43028761379438,4880,12,34.750338284720854,0.22235,0.0360239851,0.0233054358,3.0260722575,-0.1634399686,0.32545,0.035623693,0.3417284984,2.6331170926,-0.0826079932,0.4522,0.0435736159,0.1611795453,3.3284618877,0.0544919046,0.03215,0.0098299288,0.114436737,3.6103161627,0.5901661309,0.3923404255,0.075567717,0.856846936,2.213172818,0.435880132,0.0762765957,0.0558442752,0.8018592221,3.2377805871,0.8268871317,0.5313829787,0.04209541,0.3988560438,2.4522207094,-0.3011459763,0.0453191489,0.0117330346,-0.0747819001,1.8144986024,0.1209057464,0.4992390594,0.3025776914,0.0019292995,0.0014658895,0.9398037499,0.0358198854,2.5876588736,0.8136443116,-0.0706088323,0.5420129333,-3.984e-07,4.07106e-05,4.82417e-05,3.06209e-05,0.2289670356,0.1686869799,3.0267158411,0.6175339643,0.0766224928,0.2898443416,0.502665,0.0255758827,0.0395684522,0.0038483227,0.1594185655,0.1474055014,3.0209572105,0.6037613352,0.070809178,0.2244173204,0.4550983286,0.2769537145,0.0210533015,0.0126040313,0.9802870196,0.0054016102,2.1707867764,0.1314100325,0.6063253285,0.1002829218,-0.0006041546,0.0003595039,0.0002675143,0.0001602684,0.9608155248,0.0078690932,2.2574541953,0.1410045382,0.6203672706,0.1098462952,0.1578918149,0.0187167862,0.1453050446,0.014164662,0.9475166447,0.0111778949,2.6099102936,0.2505814398,0.8735918447,0.1394520393,-0.9710384710060052,1.0250360082527619,-1.354485250187099,1
72,199.30437374850288,7042,15,35.332892437604606,0.26395,0.0600345526,0.6159609868,2.4356009083,0.0941912171,0.25405,0.0581364559,0.7042302632,2.7872677031,0.2828846585,0.482,0.0464919348,0.304688739,2.6618338108,-0.2343910529,0.03435,0.0092372886,-0.1134124891,3.172233411,0.2288942578,0.5795698925,0.131160363,0.8964419988,2.3858428376,-0.4805020357,0.086344086,0.0722195718,0.8966014263,3.0405764052,0.975882981,0.3340860215,0.0670858311,0.7241312212,2.3666172208,0.0621942009,0.0388172043,0.0122122328,0.1915718884,2.7593956397,0.2708052919,0.4989222528,0.3023445273,0.0015566718,0.0012274432,0.929317328,0.0548803137,2.4019130366,0.583333674,0.0942472538,0.5277865614,8.4929e-06,3.72587e-05,5.33678e-05,3.21375e-05,0.5433273264,0.1411107011,2.8851910598,0.483231168,0.0414996491,0.2697752269,0.51486,0.0296298313,0.0506137989,0.0095483956,0.4260368526,0.1479980854,2.8144881707,0.3711040005,0.0397321136,0.1398580214,0.4510288956,0.2746250946,0.0197584073,0.012156816,0.9826812838,0.0074111935,2.1961236291,0.3111556987,0.6297260122,0.1710582323,-0.0005248796,0.0003146907,0.000207491,0.0001259658,0.9509209317,0.0165951593,2.721470304,0.6416110914,0.8204130025,0.2804096067,0.1387063226,0.0155027356,0.1317860987,0.0124703391,0.9369266341,0.015526999,3.157228778,0.734198773,1.0500453081,0.2707055061,4.944813591469533,-3.356318396112731,-1.7493048602019006,0
74,621.7954602300013,23131,60,37.200335929509485,0.24615,0.0364132874,0.0724755695,2.4270578791,0.2182058474,0.26255,0.0347166747,0.1179667967,2.9252162196,0.4393180016,0.4913,0.0412529999,0.0821915931,3.015338115,-0.2372596126,0.038,0.0096695398,-0.0955811203,2.890503017,0.0265456782,0.4824074074,0.1195268368,0.9051793869,2.0229397294,-0.3288839836,0.0824074074,0.0644217104,0.8843706924,3.8307823935,1.1091446483,0.4351851852,0.0661835079,0.7198063381,2.199173602,0.0110181266,0.0375925926,0.0107839852,0.1542412799,3.1000385553,0.4809717504,0.4997908255,0.3029537265,0.0006907904,0.0004712732,0.9274031351,0.0697783112,2.5385691719,0.5931643885,0.0154828033,0.4303318159,2.1584e-06,8.4463e-06,1.6876e-05,1.021e-05,0.1243505156,0.124884667,2.9898956219,0.5129067242,0.0018073031,0.2455921802,0.505,0.0180246498,0.0384201155,0.0034215088,0.0896213595,0.1089625343,2.9907559218,0.3908501064,0.0222358635,0.2576618684,0.4507415112,0.2891958056,0.0214385906,0.0134654092,0.9917802895,0.0026340615,2.2576384283,0.1717221585,0.6765572268,0.1127604502,-0.0002648708,0.0001637249,0.0001068435,6.74605e-05,0.9658845952,0.0058976276,2.8658398001,0.3585556624,0.9630294945,0.1460386644,0.146773473,0.0141400924,0.1354182125,0.0054897868,0.9548723913,0.0043151761,3.2369761094,0.3952789695,1.121814043,0.1461802018,-0.53153259221281,-1.7969844061917408,-2.228108952080567,1
75,174.57437814345852,6491,24,37.18185949753718,0.21355,0.0289248596,0.1858400533,2.4148538384,-0.3573891076,0.23025,0.0336925437,0.3910368135,4.4336905134,0.5334315027,0.5562,0.0315920876,-0.050484833,2.5724684551,-0.1687158009,0.03895,0.0099823594,-0.0964601084,2.8183155786,0.1319945558,0.3977848101,0.0768227733,0.7888673178,2.2376258662,-0.0518348852,0.0786708861,0.0563763847,0.8539410407,2.322628483,0.6182476134,0.5235443038,0.0419927051,0.0831951346,3.6273073433,-0.0569689297,0.0453797468,0.0122156818,0.2558734668,2.387318582,-0.2391179152,0.4911014779,0.2998408312,0.0014967067,0.0008749652,0.9441837874,0.0318532993,2.3280148054,0.51760383,-0.0841241928,0.4100115407,1.8676e-06,2.55488e-05,3.4728e-05,2.03583e-05,0.1680008739,0.2139749097,2.9327418587,0.5155343278,-0.0086183326,0.2768408658,0.496765,0.0189742859,0.0380055952,0.0066227625,0.1185849939,0.1940522166,2.941572505,0.4945646461,0.0944641891,0.2708472326,0.4492815857,0.2764280332,0.0224038517,0.0128546704,0.9866077433,0.0036592591,2.1036985961,0.1173171632,0.5552536849,0.1284282733,-0.0004121827,0.0002474934,0.0001906887,0.0001097098,0.9638075028,0.016003165,2.1586897783,0.1245609779,0.5556800654,0.1173992096,0.1762867131,0.0385257414,0.1454360579,0.0156755297,0.9520215592,0.0241873345,2.3876008803,0.2124387173,0.7617609926,0.1433597301,-2.5806620623205516,1.7160524354310198,-0.4306553526520992,4
76,144.77466411186242,5288,28,36.52572798175614,0.24305,0.0599537113,0.6565980012,2.8360321106,0.6558973362,0.195,0.0524404424,0.5801109999,2.5824958678,0.2130728852,0.56195,0.0506008646,0.4072497055,2.5406868372,0.0244496472,0.04995,0.0114781314,0.0779451109,2.6041323268,0.4437280409,0.576147541,0.0877841683,0.7915983385,4.672412048,-1.1307338443,0.0844262295,0.0576030677,0.8641170316,2.692510211,0.6916707,0.3394262295,0.0464749039,0.3382412391,3.7011054439,0.8474891302,0.0442622951,0.0083879336,0.0748402187,2.1526703535,0.1499399538,0.4970565376,0.3014624507,0.0013882976,0.0009674344,0.8938724765,0.0666242985,2.632064962,0.597122008,-0.1108696563,0.3719890749,-4.635e-07,3.24444e-05,9.17669e-05,5.9022e-05,0.6689424661,0.108051404,2.9297131971,0.5363977451,-0.0075567861,0.3084576153,0.4922125,0.0314851587,0.0624176076,0.0116337604,0.5608989488,0.1092710401,2.898464138,0.403690839,-0.0544368562,0.2543662371,0.4657549845,0.283175621,0.0118399273,0.0071278204,0.9700910716,0.0035502506,2.7543773161,0.2647460011,0.9235193979,0.1366996385,-0.0005988114,0.0003561103,0.0001733473,0.0001067328,0.8907613704,0.0272008199,4.8809232746,1.3867878197,1.472990736,0.3258973596,0.1229636049,0.026222142,0.1228450095,0.0216461412,0.9154501071,0.0201158626,4.3303918475,1.1716574009,1.38044815,0.2730144353,8.226117241788204,-11.135916469897944,-1.472720512706928,0
77,429.6865817966724,16206,48,37.715862413568864,0.2387,0.030988869,0.1799762344,2.7427889975,0.0152023658,0.24825,0.0291579749,0.221209952,2.9997668524,0.176992285,0.51305,0.0333533731,0.1751228977,3.5008507412,0.5069950768,0.04045,0.0110248583,0.0295900853,2.5910948313,0.2552675583,0.3523360656,0.0761043945,0.7774504053,2.0377544434,-0.2286470066,0.0980737705,0.067321247,0.9267856056,2.0778841173,0.4964122674,0.5495901639,0.0349155314,0.0054020282,2.7242818265,-0.0522586232,0.0476229508,0.0141452233,0.1524616783,3.099003671,0.4965753976,0.4954661617,0.3004577722,0.0009719288,0.0006038467,0.945875266,0.0278959849,2.4523946391,0.439801145,0.0789783609,0.4891821635,-1.997e-06,1.65774e-05,2.13515e-05,1.24496e-05,0.0431906807,0.1201997861,2.9190994817,0.3656611857,-0.0744166471,0.2759789862,0.49634,0.0232197631,0.0371807708,0.0024108677,0.0162599387,0.1242719222,2.7063477193,0.2786910108,0.0301693642,0.1679359458,0.4509998277,0.2874064924,0.019742047,0.0116723741,0.9892460088,0.0039503125,2.3090510623,0.183061557,0.7307264113,0.1773264094,-0.0002587707,0.000150998,0.000109352,6.50151e-05,0.9646265094,0.0080390802,2.4087807706,0.1723229527,0.745835805,0.1691927146,0.1651458216,0.0423750774,0.1362064931,0.0090719352,0.9563058617,0.0120499951,2.6793797319,0.2352965871,0.8914723304,0.1974804254,-3.944127006623052,0.7495993762694511,-0.05020566679831923,4
79,114.46852567891511,4273,27,37.3290384815979,0.2381,0.0377675787,0.2491261341,2.8102016179,0.0408804343,0.2633,0.0761026281,0.7749815945,2.220136008,0.4176161282,0.4986,0.0631073688,0.5821055986,2.6125169142,-0.3315417056,0.03955,0.0100770779,0.3604131582,2.6387976094,-0.1407890727,0.6291666667,0.124471747,0.881921133,2.4673464618,-0.6469757672,0.0780769231,0.0765951343,0.8792698489,3.6968316212,1.2654233139,0.2927564103,0.0589254605,0.7112427783,2.4265628631,-0.0894849845,0.0408974359,0.0109703443,0.340438884,3.0901639277,0.5066046561,0.4885935609,0.2966853845,0.0040103825,0.0026538167,0.903739145,0.0479301582,2.3019406385,0.5624909912,0.0465702705,0.3750490582,6.5037e-06,0.0001091888,0.0001473118,9.53183e-05,0.4054449522,0.1441657119,2.7377319306,0.3999915417,0.0589308927,0.3148113407,0.4935125,0.038169716,0.0456992644,0.0070089128,0.3269916941,0.1622205039,2.8434897608,0.4253413323,0.0257768586,0.2107463383,0.4211909444,0.2558303895,0.0335816868,0.0203892932,0.9623629066,0.015685166,2.1922498122,0.2053192461,0.6740556731,0.1313577002,-0.0017159321,0.001038073,0.0008135579,0.0004907317,0.9456541925,0.0264775434,2.244494917,0.2704575738,0.6833597086,0.1407246029,0.1547878464,0.0186944265,0.1547094117,0.0129317712,0.9269146292,0.0222019111,2.6826528628,0.3588006091,0.9457472095,0.1551638697,8.254497138165142,2.687686272228349,-1.4254258940070288,2
80,425.0642934598922,15773,45,37.1073276271047,0.2011,0.0290566688,0.0879419845,3.117548563,0.3243693676,0.32815,0.0407839123,0.1742776412,2.5410916799,0.0126634317,0.47075,0.0411787263,0.1660116428,2.6470126259,-0.1239787124,0.0379,0.0103966341,0.0527211891,3.8704246651,0.1336819002,0.4351546392,0.1150491908,0.9044523968,2.0723695029,-0.1167372667,0.0836082474,0.0739313636,0.8880026553,3.4399566783,1.2196213447,0.4812371134,0.0601202872,0.7140824009,2.3927933393,-0.4769076086,0.0518556701,0.0132641597,0.1833171409,3.6163795146,0.3528521453,0.4980723151,0.3021780823,0.0015279346,0.001076155,0.9041730861,0.067390847,2.7312560005,0.7988587808,0.0304661069,0.5506082911,-6.7156e-06,3.62104e-05,4.39408e-05,2.66584e-05,0.1602794904,0.1449920804,2.8614823417,0.3780010133,0.0787903332,0.2111843501,0.49599,0.0189841157,0.0390258325,0.003206657,0.1098789822,0.1460983142,2.762646616,0.2782195152,0.0332060073,0.184703764,0.4569003715,0.2770160475,0.0185406096,0.011231591,0.9783788201,0.0067253885,2.4146119153,0.185383748,0.7849929839,0.1117969185,-0.0005205637,0.0003205155,0.0002145762,0.0001295866,0.9560075318,0.0155945462,2.4694966923,0.3184319945,0.7769726084,0.1581140327,0.1484023272,0.0181495788,0.1419136231,0.0094912879,0.9499449222,0.0135021946,2.7638676294,0.3269253241,0.9707115365,0.1444226662,-0.23533542417210362,0.5738574160503548,-2.142751691855652,1
81,113.55254597968782,4027,66,35.463757903942955,0.23745,0.0437749643,0.4582021265,2.8226123624,0.1853713066,0.23855,0.0525941774,0.5820061359,2.7412156266,-0.2342053754,0.524,0.0383731677,0.1452647371,2.4147032898,0.1393429102,0.04015,0.0100113685,0.436206362,2.8265278922,0.2054427779,0.3808974359,0.1089187641,0.9140113409,1.9774499345,-0.1591689932,0.0911538462,0.0825938591,0.9265996592,2.8024120038,0.9806448915,0.5279487179,0.0479679106,0.5621426219,2.9424294094,-0.4325338385,0.0485897436,0.0134425996,0.3480906848,2.1949908907,0.4517873234,0.4931117879,0.2997619483,0.0024310128,0.0017702243,0.9293335878,0.0406430584,2.2748445406,0.3600863986,0.0056708591,0.3077063228,4.256e-06,6.02013e-05,6.67404e-05,4.21873e-05,0.2644236669,0.1680688426,3.0382671785,0.4884176563,0.0229910839,0.2515338187,0.4957125,0.0259059929,0.0404116896,0.0034827749,0.2018487811,0.1486467184,2.8992608097,0.5132298639,-0.0622589001,0.1576918787,0.4411808372,0.2668233916,0.0264166012,0.016074658,0.9768158348,0.0094116733,2.1777360597,0.24753389,0.6342943115,0.1425345076,-0.0008450847,0.0005299715,0.0003819966,0.0002319926,0.9602712172,0.0134712198,2.2059497417,0.3077413189,0.6211448277,0.179047826,0.1563700831,0.0218671687,0.1465267444,0.0119281256,0.9470439116,0.016226856,2.5927228352,0.4341132925,0.873760938,0.1979776817,1.035131281352749,2.675309682953684,-1.6577477564842888,1
82,589.9976837741779,20056,38,33.99335379031157,0.24815,0.0344285855,0.2949412778,2.6704426452,0.3414344461,0.2584,0.0362827783,0.0908768998,2.9378154911,0.3637775603,0.49345,0.0461502709,0.2118631492,2.672912884,-0.0111527252,0.03875,0.0112110437,0.0574108818,2.9750655334,0.1167643498,0.4619282511,0.1013655829,0.8878794146,2.1865930057,-0.3884371295,0.0804484305,0.062740306,0.8670383238,3.8930068541,1.1409756909,0.4576233184,0.0520581065,0.6273480897,2.7947524827,0.0263571567,0.0416143498,0.0110581087,0.0574708284,3.1722259521,0.3598091921,0.4976733462,0.3022262512,0.0005548948,0.0003892398,0.934092156,0.0361708262,2.4619145352,0.5374198334,0.0523380507,0.4022235569,-2.2388e-06,1.1028e-05,1.37474e-05,8.2361e-06,0.2872061224,0.1451691302,2.8800425874,0.4833040554,0.0277409383,0.247311086,0.4907725,0.0230333643,0.0398693545,0.003929306,0.1806512066,0.1448825297,3.0141169313,0.4080581915,0.0238061549,0.2025238401,0.4481283599,0.3000728546,0.0214704807,0.0145296153,0.9946090079,0.0018707755,2.177711819,0.0725544266,0.6184134955,0.0553010618,-0.0001531026,9.91811e-05,5.93563e-05,4.07766e-05,0.9635878683,0.0025611277,2.6456070887,0.1885656298,0.8252558202,0.0587916622,0.1448309782,0.0175889994,0.1280754876,0.0076725304,0.9587640486,0.0061190899,2.9937042398,0.2654791819,1.0149090594,0.1019073331,-0.7854425207350936,-1.5398813217519287,-2.874418602183276,1
86,571.5451273470478,21152,52,37.00845128044684,0.2373,0.0305975489,0.1523021059,2.8828853353,-0.1296708387,0.28405,0.0387794727,0.2473801393,2.5642992859,0.1827994316,0.47865,0.0391909109,0.2912042866,2.6176509099,0.1049386151,0.0329,0.0094387499,0.0084926954,4.4976740979,0.8122600043,0.3904932735,0.0796023114,0.8256259066,1.9973213164,-0.2335742557,0.0925560538,0.0644289524,0.9039568135,2.5171574301,0.7696815718,0.5169506726,0.0352363231,0.1581969452,3.1037297597,0.0076038287,0.0447982063,0.0124320429,0.0986506491,3.3890732442,0.5921881804,0.4959795868,0.3020633058,0.0006299719,0.0004237831,0.9526567303,0.0353620567,2.2898993935,0.6251207233,0.12745225,0.4847439148,-2.7722e-06,7.1196e-06,1.30918e-05,7.9115e-06,0.1758531321,0.1203341285,2.7898516406,0.3681254859,-0.0333342637,0.2083449654,0.49152,0.0138794759,0.0368367191,0.0026983098,0.102113133,0.1087189155,2.9758086876,0.5688328122,0.0441786171,0.2200714876,0.4597229165,0.3149089377,0.0162332905,0.0106797556,0.9930373089,0.001344291,2.6915860173,0.2321253842,0.9073177083,0.1212897981,-0.0001837613,0.0001234919,5.01576e-05,3.34596e-05,0.9373616973,0.0135801081,4.3751710825,0.8314769652,1.3285181438,0.2236814968,0.1318875504,0.0122995928,0.1166485993,0.0118982666,0.9525263864,0.0092105302,3.8212143363,0.3891412753,1.2318371703,0.1051896768,-1.5368362265355273,-4.989061323379725,-2.0443135776414163,4
87,102.53397942951942,3677,45,35.86128247882473,0.2565,0.046252027,0.471396928,2.6271113443,-0.1882112903,0.26545,0.0536986732,0.4757114511,2.6888934126,0.1925074583,0.47805,0.0639448786,0.6307033577,2.3299745298,0.2809587332,0.0351,0.0112245267,0.2838314817,3.1358315496,0.1606601012,0.6391346154,0.1777387916,0.9343453508,2.0264448448,-0.5302234663,0.0947115385,0.1044510074,0.8870453581,3.4141942298,1.2410906557,0.2661538462,0.0874016776,0.9054238508,1.9525454609,-0.1076542727,0.0334615385,0.012346693,0.489901064,2.9014236104,0.5315670221,0.4751166757,0.2884888281,0.0063546897,0.0041029135,0.9208177853,0.0386632485,2.516402012,0.5511267778,-0.1030923597,0.4738569669,7.26001e-05,0.0003466317,0.0003421458,0.0002104064,0.7168471858,0.107470444,2.6957465546,0.5366488208,-0.1411834333,0.4266020946,0.5091875,0.0502658305,0.0666954922,0.0114251891,0.6640973343,0.097435104,2.6027092837,0.3985001345,-0.0791144967,0.3356088765,0.4296200321,0.2622567817,0.026943432,0.0166279657,0.9201560626,0.0352246991,2.4920239033,0.6483842211,0.8137390439,0.2798285727,-0.0028121265,0.0016642386,0.0013003738,0.0008110747,0.906723566,0.0319436012,2.4967571224,0.5255780749,0.8192579308,0.244131083,0.1391199086,0.022780544,0.1540577773,0.0185939622,0.8859390808,0.0276639882,2.9831328119,0.4441134039,1.1016156213,0.1953979141,15.0684523339348,3.1807621524458547,1.58097199853754,2
88,351.1550478649121,12989,40,36.98935862940183,0.2612,0.0431863404,0.5077822169,2.7496313383,0.5191693554,0.22,0.0384252521,0.32787171,2.2503302386,0.0485151246,0.5188,0.0345913284,0.1187531936,3.138420947,0.1363677746,0.04065,0.010335739,0.1995927077,2.4069459358,0.2061889905,0.4856666667,0.1021224755,0.9022709614,2.0952947086,-0.2671429111,0.0996111111,0.0688324365,0.9096361389,2.0649032542,0.6086215082,0.4147222222,0.0463223075,0.4950213088,2.8144573813,-0.3248990934,0.0401666667,0.0106835803,0.0215760027,4.5768657692,0.5648290039,0.4976015756,0.3027216301,0.0013917494,0.0007953217,0.9488164719,0.0422880174,2.3776393198,0.4634925439,-0.0236757016,0.484782829,-6.151e-07,2.96204e-05,3.23494e-05,1.79735e-05,0.2124724795,0.1501798325,2.8698785022,0.4858316902,-0.042146398,0.2453160762,0.49115,0.0263889371,0.0389152218,0.0040412882,0.1548178776,0.1098821101,2.9437589243,0.3067625075,-0.0718331856,0.2445893774,0.4461023036,0.2742934051,0.0245693758,0.0148890075,0.9880079913,0.0044938799,2.0590052538,0.1081214176,0.5313653486,0.1052958331,-0.0004635178,0.0002765854,0.0002020813,0.000123283,0.9650897685,0.0069334048,2.3014368258,0.1444045066,0.6514293119,0.1064615825,0.1600955369,0.026618327,0.1391073068,0.011515543,0.9502811365,0.0133925834,2.6831154064,0.2636511392,0.8811549688,0.1531817517,-1.081558393714658,0.9507192090136165,-1.544349855351224,1
9,854.8997360093806,32089,32,37.53539584628892,0.25825,0.0290032326,0.2697114763,2.7762647306,-0.2952047379,0.2495,0.0336340601,0.1760756516,2.6807129453,0.3316685252,0.49225,0.0336405633,-0.0187455229,2.6243057213,-0.2512839303,0.03755,0.008230887,-0.2150278051,3.3206826904,0.3656603308,0.4101715686,0.090269721,0.8483338232,2.1531657508,-0.173737106,0.0792401961,0.0600880575,0.9102370044,2.4023741897,0.6635622286,0.5105882353,0.0456128966,0.3537438931,3.1940197258,0.1239040777,0.0473039216,0.0115081295,0.0780863083,3.3565966105,0.3241025836,0.4958252315,0.3015276182,0.0006540517,0.0005465024,0.9501416004,0.0317435713,2.5660229384,1.0860467248,-0.0920529138,0.5912148738,-2.4227e-06,5.8342e-06,1.29016e-05,7.704e-06,0.0519624056,0.1192122458,3.0825424167,0.4577414965,0.023328462,0.2592243542,0.4956775,0.0160966726,0.0364407816,0.0017804662,0.050213158,0.1096631911,3.0387245729,0.4915014106,-0.0605226253,0.2194287841,0.4615374062,0.3056002825,0.0164635307,0.0104945535,0.9928781463,0.0039338012,2.1669300757,0.2375448152,0.5792262217,0.2048505367,-0.0001435207,9.20514e-05,6.08646e-05,3.67081e-05,0.9503076186,0.0435781967,2.3701941109,0.2523181043,0.6190000353,0.185638917,0.1855844535,0.0786273236,0.1262656605,0.0240104865,0.9380750017,0.0579067855,2.5585180023,0.2069533149,0.7759812292,0.2097974611,-4.88437695728325,-1.5038396811623083,2.9640361875818195,4
91,165.10779479220537,6389,35,38.69593200030808,0.22275,0.0373455151,0.2153959963,3.0787950017,0.1971626676,0.23845,0.033186556,-0.0600168235,3.3618606611,0.4014026716,0.5388,0.0374040105,0.1223416195,3.0816381367,-0.264027057,0.0402,0.0101469207,-0.0635674471,3.5197202435,0.7640426953,0.4288888889,0.1003204741,0.9159900879,2.1357722952,-0.1579831009,0.077345679,0.0670502227,0.9116665089,2.9885926924,0.9953211736,0.4937654321,0.0497867729,0.5659578312,2.6020049331,-0.3028687338,0.0428395062,0.0135158405,0.3560139086,3.3368682131,0.1542444848,0.4955115932,0.3003642341,0.001886384,0.0013404981,0.944206306,0.0299295183,2.5138280788,0.5682244293,0.0416894926,0.513157259,-6.6598e-06,3.11149e-05,4.34369e-05,2.66993e-05,0.1621139072,0.1734272754,2.7578112883,0.403341055,0.0252972819,0.2032316845,0.4941675,0.0246260801,0.0387892537,0.0042801192,0.1441831172,0.1321119909,2.8424114739,0.3916497336,0.0072800009,0.2628522638,0.4467674368,0.2718148423,0.021144869,0.0130726117,0.9810618532,0.0052557664,2.3153174218,0.207109018,0.7250888928,0.1372859501,-0.000502752,0.0003023129,0.0002256616,0.000138636,0.9613404103,0.0057964775,2.3552200961,0.220421963,0.7138190671,0.1453892851,0.1592481129,0.016212531,0.1486653643,0.0107243273,0.9531014469,0.0085948708,2.6032033898,0.3063652368,0.8987069752,0.1636531802,-0.7919103709212374,1.9215499789685402,-1.8887691453424706,1
93,802.5134132398139,30176,36,37.60186372234821,0.25135,0.0298902576,0.0473056182,2.8919755357,-0.0180526402,0.22295,0.0292069769,-0.0187524775,3.8977640623,0.5992833244,0.5257,0.0350001429,0.0025133827,3.3898020486,-0.1923676503,0.0407,0.0099503769,-0.0400697798,2.9183278358,0.2402955424,0.4314473684,0.1030533434,0.8840831747,2.0077790692,-0.0179593354,0.0947368421,0.0745936758,0.9382035156,2.5264574047,0.7881092951,0.4738157895,0.0479270268,0.4206198106,3.0070389426,-0.2985475086,0.0432518797,0.0111064778,0.1204669482,3.1737010488,0.2095744787,0.4976143805,0.3027375356,0.0006690097,0.0004375778,0.9493239837,0.0705946918,2.2893750348,0.5603737162,0.0967702905,0.5011811303,1.3474e-06,5.8143e-06,1.15552e-05,7.2247e-06,0.0463124509,0.1359281575,2.8577318461,0.3181366635,0.0144277625,0.2428313405,0.50105,0.0148224323,0.03530585,0.0025816578,0.0433752238,0.1287794127,2.7314028366,0.3914086358,-0.054231882,0.1861625192,0.4565276806,0.3082575706,0.0195888185,0.0125436048,0.9945618422,0.0024876336,2.0486545114,0.1132145592,0.5000076517,0.1524946163,-0.0001301863,8.66737e-05,5.92903e-05,3.76882e-05,0.9340099242,0.1079689782,2.1636913013,0.1191565347,0.4772396624,0.2908459918,0.195727071,0.0795090726,0.1310814684,0.0299556727,0.915053485,0.1365637069,2.3891414468,0.1367158232,0.6714933688,0.3032788163,-4.719120374963316,-0.19715309626271166,4.033911851548847,4
94,111.23857835382375,4060,60,36.49812915700967,0.2511,0.0440373705,0.5051405245,2.2935163568,0.1434289843,0.28715,0.0380871041,0.519723915,3.2907586694,0.4486818866,0.46175,0.0438028253,0.2949432541,2.3764342324,0.2137308495,0.0329,0.0102513414,0.090266558,2.5577472616,0.219367907,0.4706779661,0.10033612,0.8414011267,2.3312154133,-0.29127503,0.0751694915,0.0683706629,0.8335139553,3.9722405338,1.2063213043,0.4541525424,0.0481976206,0.4863030428,2.1819500601,-0.2579550107,0.0491525424,0.0112804219,0.0504774388,3.9096060847,0.8398130569,0.4792863328,0.2939493832,0.0031964782,0.0024824916,0.9133100469,0.0590314652,2.3495111294,0.4029272051,0.0819199605,0.3217659552,3.34065e-05,0.000102616,9.35981e-05,6.26298e-05,0.2598779778,0.1505387287,2.9162309277,0.5629484056,0.0796469875,0.2380603294,0.51283,0.0269887866,0.0410530685,0.0040208288,0.2197209065,0.1309165695,2.9565968833,0.4485026816,0.0451200877,0.2441589207,0.427054075,0.2585248162,0.0281560293,0.0172341518,0.9688809699,0.0162646437,2.354812334,0.1826991062,0.7503714575,0.1154230357,-0.0011101581,0.0006935407,0.0004774141,0.0002918198,0.9508523136,0.0214981496,2.391981392,0.1798446231,0.7421712369,0.108175076,0.1488457596,0.0202296749,0.1467157341,0.0164719886,0.937513828,0.0313096881,2.6806967562,0.3080654339,0.9477806543,0.1581274295,4.052707485044697,2.567890413352043,-1.3633506662584955,1
95,103.85849812869792,3771,42,36.309017248902485,0.23575,0.0724961206,0.7395147192,2.6718067305,0.7176203784,0.2973,0.0839119181,0.8257586606,2.27657607,0.0848467641,0.46695,0.0438000856,0.4941349311,2.6020857964,-0.0441706987,0.0344,0.0100816665,0.1172453963,3.7888981971,0.573990108,0.624,0.152485056,0.9231893366,2.390990414,-0.9275998104,0.0714615385,0.071595676,0.9016678005,3.5296341137,1.2255779248,0.3045384615,0.0893425692,0.8174408412,2.5393101945,0.888316159,0.0397692308,0.0125707465,0.0749891554,2.761922348,0.0579833592,0.4960165057,0.3019247211,0.0023888198,0.0015959046,0.909940445,0.03679378,2.4514044736,0.5499697647,0.1209363311,0.3358541378,-1.00616e-05,7.20009e-05,0.0001227114,7.63583e-05,0.6157539351,0.1321663455,2.6741657895,0.3058727201,-0.0439709511,0.2803255749,0.489725,0.0295616453,0.0604047824,0.0113157308,0.5384600393,0.130511742,2.7927803327,0.3327380785,-0.02014318,0.2975267699,0.4463090524,0.2704779311,0.0256470792,0.0151064204,0.9743488333,0.007767451,2.14202676,0.1805615359,0.6025556358,0.1216303008,-0.0011031216,0.0006853842,0.0004348673,0.0002563227,0.93871706,0.0203471142,2.804525402,0.5257833955,0.8558331967,0.1892413386,0.1337218835,0.0181294999,0.1341917957,0.0140275747,0.9203254881,0.0219143219,3.5163081569,0.8194865075,1.1893112668,0.2543089379,9.405778587510962,-3.9773444633003394,-2.333767609020998,0
96,255.5971453765868,8729,56,34.15139862825554,0.24305,0.036379218,0.3848591317,2.3522569691,0.0856422969,0.3482,0.0415242098,0.2002447937,3.1601706507,0.1491907083,0.40875,0.038680583,0.1016770063,2.7530531607,0.071041375,0.03265,0.0094195276,0.0698560935,5.7056950875,0.9269963012,0.5231048387,0.1344411862,0.9162726596,2.0006497938,-0.3542855891,0.0599193548,0.0524557566,0.9078278196,4.1892529711,1.2481545812,0.4169758065,0.0896494485,0.8343983568,1.875891582,0.087199155,0.0442741935,0.0107518481,0.0791637427,3.1580283691,0.3488095303,0.4966038056,0.3026014788,0.0014787551,0.0010707543,0.939446237,0.0482603462,2.3617019442,0.5673077364,0.0678482194,0.5316190344,9.8216e-06,3.13809e-05,4.22321e-05,2.63476e-05,0.4131400325,0.1791923833,2.807708372,0.4428465157,-0.0754385919,0.259715131,0.504545,0.0296635083,0.0452565516,0.0072414632,0.3392030524,0.1719141741,2.8552576418,0.497890086,0.0017763405,0.2164923705,0.4548700945,0.2775419237,0.0200733323,0.0119569771,0.984487203,0.0053290156,2.2821350741,0.1495129165,0.6766589906,0.1023899208,-0.0004590468,0.0002803839,0.0001835965,0.0001117101,0.9576877633,0.0159914524,2.9150008713,0.3730318335,0.9725831573,0.1569737248,0.1422666762,0.013067789,0.137814235,0.0078774969,0.9503189016,0.0114422163,3.213865869,0.5081348728,1.1381518864,0.1805354469,3.094246091912099,-2.619382954052237,-3.837897741353105,1
97,524.8577229793729,19417,70,36.994787634596925,0.25125,0.0337073805,0.4485956055,2.2955271514,0.2216464292,0.2562,0.0355536215,0.3034049244,2.7363573162,0.3497883319,0.49255,0.0326917038,0.0958409997,2.743923401,-0.1414243325,0.0342,0.0095057877,-0.1606323101,3.0356919673,0.4306176425,0.4660734463,0.1019428788,0.8694965547,2.1025339274,-0.2586751605,0.0879943503,0.0581864815,0.8712278044,2.8264142966,0.7496066457,0.4459322034,0.0537635116,0.6300197621,2.2700636367,-0.1846041436,0.039519774,0.0118689122,0.0926170633,2.9107000383,0.2840652556,0.4983521129,0.3027281963,0.0006662469,0.0004749563,0.9483568187,0.0275077368,2.3556191256,0.4461420896,-0.1924084851,0.3320385663,-8.642e-07,1.23003e-05,1.50198e-05,9.6907e-06,0.1892186981,0.1158805368,2.893925152,0.5124127353,-0.0829993688,0.2957468417,0.497765,0.0241695992,0.0378707608,0.0041642195,0.1398732855,0.1332891639,2.9433144689,0.5220939924,-0.0844103732,0.2754606137,0.4593793604,0.3031941087,0.0179562802,0.0129697243,0.9849574435,0.0263058435,2.0568376066,0.1483964256,0.5041182255,0.1655282005,-0.0001662128,0.0001211986,7.31099e-05,4.69126e-05,0.9206013375,0.1378534441,2.6084326948,0.5892535682,0.5939919838,0.5540227606,0.1801365756,0.1026072229,0.1229916696,0.0260433805,0.8460490265,0.339192649,2.858389024,0.5005130101,0.8995599264,0.2957139789,-1.0411400344475144,-4.603509532061615,4.9428305866709055,4
99,180.79912262707933,6616,36,36.593097930272165,0.27705,0.0452387831,0.491055546,3.1397142639,0.7708339783,0.2745,0.0412583325,0.5481415012,2.1210085155,0.0867980451,0.44845,0.0405197174,0.1192254608,4.0201787799,-0.2279208503,0.03405,0.0105521325,0.2152016143,3.1994708785,0.244220501,0.4947368421,0.1347192371,0.9270010104,2.0494588866,-0.1101392308,0.0986842105,0.0754912352,0.9282745614,2.3332095911,0.6742083593,0.4065789474,0.06887828,0.796482368,2.2084038113,-0.271059983,0.0432236842,0.0115195471,0.2582727426,2.8183055585,0.0821544617,0.4853106005,0.2943733159,0.002886242,0.0022081096,0.9376452941,0.0351741739,2.3609573516,0.5019696093,0.1305062364,0.4903685069,-1.78228e-05,6.67121e-05,7.96855e-05,4.92496e-05,0.3844251235,0.2255538818,2.7044092265,0.3425449733,0.0649455411,0.20504861,0.5015325,0.0248301494,0.0442616049,0.0082074939,0.3449078908,0.1730424459,2.6682733686,0.262042222,-0.0476504654,0.2238850541,0.4373232554,0.2660595319,0.0268736814,0.0164659048,0.9724886913,0.0120770651,2.2762916485,0.2097005606,0.7115300164,0.1328179622,-0.0008926572,0.0005350139,0.0004281568,0.0002627869,0.9553556678,0.0197107801,2.2007385806,0.3724511502,0.6278440558,0.2028665515,0.1653861985,0.0215046464,0.1526992923,0.014054362,0.9476639828,0.0142303463,2.3344054862,0.309228571,0.7714584036,0.1656884678,3.916182448207724,3.1474757022380024,-1.6856819030520511,1
A,77.18418443273734,3196,42,41.40744666137109,0.2315,0.0490790179,0.595959068,2.3427359439,0.0694240701,0.22815,0.045763823,0.246353166,2.4119764576,0.0545008101,0.54035,0.0559207251,0.5696815925,2.7705877283,-0.5236125627,0.0515,0.0154191439,0.4186657516,2.7327667705,0.2064294432,0.5351020408,0.109009875,0.84943835,2.5204950442,-0.1316943298,0.0730612245,0.07328179,0.7833853567,6.7536524242,1.9803398531,0.3918367347,0.0614094146,0.7188709127,2.3513030813,-0.4686050393,0.0412244898,0.0142331394,0.3276867126,2.4287260061,0.2190259344,0.4631799401,0.280093672,0.0128754505,0.00888035,0.934265313,0.0357547407,2.4645105674,0.4261411777,-0.0168549656,0.5035366662,-0.000100857,0.0002910274,0.0004805783,0.0002923341,0.6074533581,0.139842151,2.7088648924,0.4232035222,0.0470830964,0.3693563706,0.4945725,0.0248903067,0.0611241137,0.0105945786,0.5786917895,0.1168903547,2.7065600815,0.3842416508,0.0542234517,0.2977005248,0.3656769047,0.2211159237,0.0363759803,0.022166534,0.9243816613,0.0097534342,3.8539796055,0.6612551633,1.3673143199,0.2258173305,-0.0032200145,0.0019926322,0.0011637317,0.0007074982,0.9035638034,0.0280643341,3.4191941067,0.6221980725,1.2227524811,0.2256101464,0.1335619538,0.0246027334,0.1484278608,0.0230805968,0.9203147615,0.0340695337,3.2966198866,0.7433342264,1.2235269367,0.2527382817,17.582683152500977,5.749219173428663,-0.7161639523981831,2
E,259.420057822752,11478,40,44.244844043024266,0.2325,0.0508453538,0.6395679087,2.327386203,0.174593821,0.26225,0.040548582,0.4559112859,2.527634296,0.504565177,0.50525,0.0415774879,0.246588971,2.8272118932,-0.0449781492,0.03845,0.0105046418,0.0594282037,3.138319975,0.3153917025,0.4347777778,0.0754685774,0.6821422906,3.1765087786,-0.5810805618,0.0848888889,0.0538824738,0.9001589485,2.566474968,0.564269963,0.4803333333,0.0411825206,-0.0058082412,3.0892901032,0.4395979532,0.0418888889,0.0128577209,0.3495533323,3.7241667095,0.7348323715,0.5128133166,0.3098369421,0.0024615903,0.0015159248,0.9298089657,0.0328834063,2.5903943474,0.6118771171,0.1248272659,0.3896393566,2.6699e-06,6.41196e-05,8.06488e-05,4.7798e-05,0.3743615822,0.1060688432,2.9039096814,0.400680834,0.0696764154,0.277448945,0.50047,0.0229863405,0.0461062003,0.0059917062,0.3455351397,0.1246021524,2.8555850776,0.4009890824,-0.0044823622,0.1740488757,0.3903219537,0.2501504863,0.0416324187,0.0252219798,0.9849841603,0.0038437469,2.6132375533,0.3275144366,0.9011142447,0.2134364686,-0.0006572052,0.0003896503,0.0002843468,0.0001747628,0.9504385583,0.0148448717,2.4792925301,0.3611437911,0.7898688646,0.2132024953,0.1670479064,0.0470175964,0.1420592976,0.0197724675,0.9540359517,0.0277139239,2.4654263534,0.3956484567,0.8078771133,0.2588677352,1.213755086043849,0.6446499691966979,0.6798459698469485,1
I,588.6254831340942,20211,36,34.33592424913033,0.26845,0.0332392464,-0.0795143338,3.348070677,-0.2674655668,0.2221,0.0320326396,-0.0747824708,3.9033371007,-0.0767037705,0.50945,0.0331955946,-0.034182553,3.3151495681,-0.3455560008,0.0337,0.010644717,0.0675814776,3.2212032767,0.4718357083,0.3939810427,0.0778641399,0.7844957826,2.2775891999,-0.0677718568,0.1015165877,0.0774417589,0.930909311,2.2295667018,0.6666034053,0.5045023697,0.0406215191,0.1281798365,2.9003035032,-0.1952206254,0.0447393365,0.0133598861,0.3045689193,2.9053912888,0.2779115442,0.4943650292,0.2989289975,0.0014493348,0.001150599,0.9217838706,0.0470190666,2.771830792,0.870970934,0.1661666303,0.5147443295,-3.2977e-06,1.85059e-05,3.38071e-05,2.09579e-05,0.0219285628,0.0793339248,3.0003762548,0.4174390087,-0.0154878214,0.1691324123,0.4987375,0.0130605022,0.0355713418,0.0020485409,0.0320371986,0.126011933,2.9531130576,0.8198398781,-0.0280148803,0.2600735115,0.4016233904,0.2962804049,0.0392159734,0.0284557479,0.9896089049,0.0084904383,2.4039129921,0.2817094537,0.738105222,0.2777399961,-0.0003115044,0.0002404407,0.0001348061,8.90026e-05,0.8149051766,0.4030090548,2.568552467,0.1699521637,0.639438733,0.4978477192,0.1975211217,0.1094529515,0.1284034439,0.0328218005,0.8473579729,0.3074076193,2.7505472853,0.3049410594,0.67368558,0.6357142819,-2.4120903968335092,-0.08550288231372169,10.024666283662942,4
