Instance,INF_avg,INF_sd,INF_r1,INF_kr,INF_sk,SUP_avg,SUP_sd,SUP_r1,SUP_kr,SUP_sk,INC_avg,INC_sd,INC_r1,INC_kr,INC_sk,IND_avg,IND_sd,IND_r1,IND_kr,IND_sk
284,0.2757000000,0.0588430965,0.3880744502,3.1889420826,0.0213791262,0.2805000000,0.0668786214,0.5363114022,2.3565522901,0.2216442681,0.4438000000,0.0541808084,0.3855657100,2.2376863891,0.1813238614,0.4438000000,0.0541808084,0.3855657100,2.2376863891,0.1813238614
