Instance,INF_avg,INF_sd,INF_r1,INF_kr,INF_sk,SUP_avg,SUP_sd,SUP_r1,SUP_kr,SUP_sk,INC_avg,INC_sd,INC_r1,INC_kr,INC_sk,IND_avg,IND_sd,IND_r1,IND_kr,IND_sk
54,0.3050000000,0.1465435089,0.0498143168,4.8788856198,0.7905092865,0.2140000000,0.1385784976,0.0199530141,2.8075842614,0.4023234894,0.4810000000,0.1494623698,-0.0833330665,2.7253967235,-0.3563567115,0.4810000000,0.1494623698,-0.0833330665,2.7253967235,-0.3563567115
