Instance,INF_avg,INF_sd,INF_r1,INF_kr,INF_sk,SUP_avg,SUP_sd,SUP_r1,SUP_kr,SUP_sk,INC_avg,INC_sd,INC_r1,INC_kr,INC_sk,IND_avg,IND_sd,IND_r1,IND_kr,IND_sk
476,0.2250000000,0.0782623792,-0.2371134021,2.1261974177,-0.2346893504,0.2450000000,0.0850000000,-0.0280373832,2.3746961842,0.1563199674,0.5300000000,0.0640312424,0.2980295567,2.3837001785,-0.6513588606,0.5300000000,0.0640312424,0.2980295567,2.3837001785,-0.6513588606
