Instance,INF_avg,INF_sd,INF_r1,INF_kr,INF_sk,SUP_avg,SUP_sd,SUP_r1,SUP_kr,SUP_sk,INC_avg,INC_sd,INC_r1,INC_kr,INC_sk,IND_avg,IND_sd,IND_r1,IND_kr,IND_sk
291,0.3276056338,0.0632781650,0.4291790609,2.4743018046,-0.2946113143,0.1157746479,0.0631488733,0.5637555876,3.1639131195,0.6825897773,0.5566197183,0.0450021490,0.0548354755,3.6540620117,-0.3361435635,0.5566197183,0.0450021490,0.0548354755,3.6540620117,-0.3361435635
