Instance,INF_avg,INF_sd,INF_r1,INF_kr,INF_sk,SUP_avg,SUP_sd,SUP_r1,SUP_kr,SUP_sk,INC_avg,INC_sd,INC_r1,INC_kr,INC_sk,IND_avg,IND_sd,IND_r1,IND_kr,IND_sk
102,0.2444444444,0.1116652847,0.0563301729,2.3994706401,-0.4590963670,0.2888888889,0.1486565351,-0.1559308720,2.6627446085,0.1908256075,0.4666666667,0.1452966315,0.5802047782,1.9196675900,-0.0603725615,0.4666666667,0.1452966315,0.5802047782,1.9196675900,-0.0603725615
