Instance,INF_avg,INF_sd,INF_r1,INF_kr,INF_sk,SUP_avg,SUP_sd,SUP_r1,SUP_kr,SUP_sk,INC_avg,INC_sd,INC_r1,INC_kr,INC_sk,IND_avg,IND_sd,IND_r1,IND_kr,IND_sk
191,0.2205000000,0.0293385412,0.1056069948,3.3157006403,0.1477538484,0.2690500000,0.0321612733,0.1526183512,3.4201474824,0.2029102212,0.5104500000,0.0368041778,0.0277670260,3.0017217739,-0.3371908993,0.5104500000,0.0368041778,0.0277670260,3.0017217739,-0.3371908993
