Instance,INF_avg,INF_sd,INF_r1,INF_kr,INF_sk,SUP_avg,SUP_sd,SUP_r1,SUP_kr,SUP_sk,INC_avg,INC_sd,INC_r1,INC_kr,INC_sk,IND_avg,IND_sd,IND_r1,IND_kr,IND_sk
109,0.3300000000,0.1004987562,0.0009990010,2.2249779433,0.5556445300,0.2300000000,0.1100000000,-0.1990008326,3.0719896182,-0.1622839970,0.4400000000,0.1280624847,0.1396508728,2.3837001785,0.6513588606,0.4400000000,0.1280624847,0.1396508728,2.3837001785,0.6513588606
