Instance,INF_avg,INF_sd,INF_r1,INF_kr,INF_sk,SUP_avg,SUP_sd,SUP_r1,SUP_kr,SUP_sk,INC_avg,INC_sd,INC_r1,INC_kr,INC_sk,IND_avg,IND_sd,IND_r1,IND_kr,IND_sk
380,0.3446000000,0.0893467403,0.4854677872,2.4927995877,0.0983391285,0.1411000000,0.0754505799,0.6408542131,3.3924435889,0.7551900023,0.5143000000,0.0670932933,0.0132656786,2.5743954201,0.0580125436,0.5143000000,0.0670932933,0.0132656786,2.5743954201,0.0580125436
