Instance,INF_avg,INF_sd,INF_r1,INF_kr,INF_sk,SUP_avg,SUP_sd,SUP_r1,SUP_kr,SUP_sk,INC_avg,INC_sd,INC_r1,INC_kr,INC_sk,IND_avg,IND_sd,IND_r1,IND_kr,IND_sk
418,0.4154782609,0.0910445995,0.7505619736,2.1472171594,-0.0543892509,0.1186956522,0.0669265885,0.8465378269,2.6882759621,0.6644069011,0.4658260870,0.0529804330,0.1660137610,2.6366725462,-0.3017012131,0.4658260870,0.0529804330,0.1660137610,2.6366725462,-0.3017012131
