Instance,INF_avg,INF_sd,INF_r1,INF_kr,INF_sk,SUP_avg,SUP_sd,SUP_r1,SUP_kr,SUP_sk,INC_avg,INC_sd,INC_r1,INC_kr,INC_sk,IND_avg,IND_sd,IND_r1,IND_kr,IND_sk
292,0.2400000000,0.0663324958,-0.3370473538,1.9845041322,0.6270065461,0.2700000000,0.0678232998,0.4517543860,2.9310018904,1.1731251294,0.4900000000,0.0734846923,-0.3007159905,1.3724279835,-0.0302406141,0.4900000000,0.0734846923,-0.3007159905,1.3724279835,-0.0302406141
