Instance,INF_avg,INF_sd,INF_r1,INF_kr,INF_sk,SUP_avg,SUP_sd,SUP_r1,SUP_kr,SUP_sk,INC_avg,INC_sd,INC_r1,INC_kr,INC_sk,IND_avg,IND_sd,IND_r1,IND_kr,IND_sk
7,0.2958000000,0.0330357382,-0.1471961105,4.6425714741,-0.9075243229,0.2190000000,0.0307896086,0.5370880869,3.2191422315,0.4738159477,0.4852000000,0.0386388406,0.2484009626,4.0103444583,0.7625598999,0.4852000000,0.0386388406,0.2484009626,4.0103444583,0.7625598999
