Instance,INF_avg,INF_sd,INF_r1,INF_kr,INF_sk,SUP_avg,SUP_sd,SUP_r1,SUP_kr,SUP_sk,INC_avg,INC_sd,INC_r1,INC_kr,INC_sk,IND_avg,IND_sd,IND_r1,IND_kr,IND_sk
75,0.2539000000,0.0290480636,0.0009685015,3.2178815060,0.1694516158,0.2395500000,0.0308876593,0.2683262563,3.4659726472,0.3375426208,0.5065500000,0.0346027094,0.0217775115,3.1516819535,0.1923021487,0.5065500000,0.0346027094,0.0217775115,3.1516819535,0.1923021487
