Instance,INF_avg,INF_sd,INF_r1,INF_kr,INF_sk,SUP_avg,SUP_sd,SUP_r1,SUP_kr,SUP_sk,INC_avg,INC_sd,INC_r1,INC_kr,INC_sk,IND_avg,IND_sd,IND_r1,IND_kr,IND_sk
193,0.2683000000,0.0357995810,0.1822823015,2.9386743263,0.1370634937,0.2741000000,0.0318541991,0.0204792292,2.2142746409,0.0687730511,0.4576000000,0.0411854343,-0.3276567711,2.4015338561,0.0249318995,0.4576000000,0.0411854343,-0.3276567711,2.4015338561,0.0249318995
