Instance,INF_avg,INF_sd,INF_r1,INF_kr,INF_sk,SUP_avg,SUP_sd,SUP_r1,SUP_kr,SUP_sk,INC_avg,INC_sd,INC_r1,INC_kr,INC_sk,IND_avg,IND_sd,IND_r1,IND_kr,IND_sk
499,0.2000000000,0.1095445115,-0.3333333333,2.5000000000,0.0000000000,0.2800000000,0.1166190379,0.3421052632,1.6280276817,-0.3631734744,0.5200000000,0.1536229150,-0.0740072202,2.0129273197,0.4898633600,0.5200000000,0.1536229150,-0.0740072202,2.0129273197,0.4898633600
