Instance,INF_avg,INF_sd,INF_r1,INF_kr,INF_sk,SUP_avg,SUP_sd,SUP_r1,SUP_kr,SUP_sk,INC_avg,INC_sd,INC_r1,INC_kr,INC_sk,IND_avg,IND_sd,IND_r1,IND_kr,IND_sk
502,0.2976000000,0.0980318316,0.4484513050,1.7187723612,-0.0579894929,0.3208000000,0.0921702772,0.2422907890,3.5267864969,0.8154209087,0.3816000000,0.0746018767,0.1529884115,3.8289759210,0.8851845759,0.3816000000,0.0746018767,0.1529884115,3.8289759210,0.8851845759
