Instance,INF_avg,INF_sd,INF_r1,INF_kr,INF_sk,SUP_avg,SUP_sd,SUP_r1,SUP_kr,SUP_sk,INC_avg,INC_sd,INC_r1,INC_kr,INC_sk,IND_avg,IND_sd,IND_r1,IND_kr,IND_sk
366,0.2547000000,0.0329000000,0.2577514457,2.0294732616,0.2533380917,0.2307000000,0.0301829422,-0.1015925370,2.8028433087,0.2496288847,0.5146000000,0.0395074676,0.1253513213,2.7875254642,-0.2852829781,0.5146000000,0.0395074676,0.1253513213,2.7875254642,-0.2852829781
