Instance,INF_avg,INF_sd,INF_r1,INF_kr,INF_sk,SUP_avg,SUP_sd,SUP_r1,SUP_kr,SUP_sk,INC_avg,INC_sd,INC_r1,INC_kr,INC_sk,IND_avg,IND_sd,IND_r1,IND_kr,IND_sk
453,0.2568000000,0.0452521823,0.0287437069,2.4498026514,0.2783261702,0.2506000000,0.0531002825,0.1689723798,2.2908331852,-0.0619512422,0.4926000000,0.0496713197,0.1362365403,3.2606481815,0.2375985192,0.4926000000,0.0496713197,0.1362365403,3.2606481815,0.2375985192
