Instance,INF_avg,INF_sd,INF_r1,INF_kr,INF_sk,SUP_avg,SUP_sd,SUP_r1,SUP_kr,SUP_sk,INC_avg,INC_sd,INC_r1,INC_kr,INC_sk,IND_avg,IND_sd,IND_r1,IND_kr,IND_sk
227,0.3030000000,0.0538237866,0.4110021536,4.3827325925,0.8603998119,0.3314000000,0.0651769898,0.3529021432,2.8122797094,-0.0457409904,0.3656000000,0.0541169105,0.1041293054,3.0400635673,0.6422102792,0.3656000000,0.0541169105,0.1041293054,3.0400635673,0.6422102792
