Instance,INF_avg,INF_sd,INF_r1,INF_kr,INF_sk,SUP_avg,SUP_sd,SUP_r1,SUP_kr,SUP_sk,INC_avg,INC_sd,INC_r1,INC_kr,INC_sk,IND_avg,IND_sd,IND_r1,IND_kr,IND_sk
291,0.2222222222,0.1547598697,0.0824985268,1.5755659475,-0.1939227191,0.2777777778,0.2042752923,0.1510136533,1.9020867617,0.4579940599,0.5000000000,0.1414213562,-0.2857142857,2.8333333333,-0.7071067812,0.5000000000,0.1414213562,-0.2857142857,2.8333333333,-0.7071067812
