Instance,INF_avg,INF_sd,INF_r1,INF_kr,INF_sk,SUP_avg,SUP_sd,SUP_r1,SUP_kr,SUP_sk,INC_avg,INC_sd,INC_r1,INC_kr,INC_sk,IND_avg,IND_sd,IND_r1,IND_kr,IND_sk
443,0.2324000000,0.0582257675,0.1419323404,3.5407670040,-0.0155195667,0.2748000000,0.0607697293,0.1816284968,2.8350525715,0.0555689066,0.4928000000,0.0718620901,0.2233905645,2.8156535954,0.0791121638,0.4928000000,0.0718620901,0.2233905645,2.8156535954,0.0791121638
