Instance,INF_avg,INF_sd,INF_r1,INF_kr,INF_sk,SUP_avg,SUP_sd,SUP_r1,SUP_kr,SUP_sk,INC_avg,INC_sd,INC_r1,INC_kr,INC_sk,IND_avg,IND_sd,IND_r1,IND_kr,IND_sk
82,0.2600000000,0.1019803903,0.1235059761,1.9556213018,-0.2715454179,0.2400000000,0.1280624847,-0.1097256858,2.3837001785,0.6513588606,0.5000000000,0.1183215957,-0.2857142857,4.3877551020,-1.4488358652,0.5000000000,0.1183215957,-0.2857142857,4.3877551020,-1.4488358652
