Instance,INF_avg,INF_sd,INF_r1,INF_kr,INF_sk,SUP_avg,SUP_sd,SUP_r1,SUP_kr,SUP_sk,INC_avg,INC_sd,INC_r1,INC_kr,INC_sk,IND_avg,IND_sd,IND_r1,IND_kr,IND_sk
337,0.2500000000,0.0848528137,-0.3382352941,3.2986111111,0.7365695637,0.2840000000,0.0902441134,-0.1771156468,3.2215098753,-0.2925267946,0.4660000000,0.1120000000,-0.2315487546,3.6853959776,0.1308195153,0.4660000000,0.1120000000,-0.2315487546,3.6853959776,0.1308195153
