Instance,INF_avg,INF_sd,INF_r1,INF_kr,INF_sk,SUP_avg,SUP_sd,SUP_r1,SUP_kr,SUP_sk,INC_avg,INC_sd,INC_r1,INC_kr,INC_sk,IND_avg,IND_sd,IND_r1,IND_kr,IND_sk
301,0.2680000000,0.0936803074,0.0122294313,2.7899319766,0.1006691844,0.2495000000,0.0965647451,0.1420143012,4.7685382093,1.1552516723,0.4825000000,0.1040132203,0.1129598366,2.5412014774,-0.1225514125,0.4825000000,0.1040132203,0.1129598366,2.5412014774,-0.1225514125
