Instance,INF_avg,INF_sd,INF_r1,INF_kr,INF_sk,SUP_avg,SUP_sd,SUP_r1,SUP_kr,SUP_sk,INC_avg,INC_sd,INC_r1,INC_kr,INC_sk,IND_avg,IND_sd,IND_r1,IND_kr,IND_sk
42,0.2648000000,0.0677123327,0.2068645509,2.9798603337,0.1363982827,0.2048000000,0.0649381244,-0.2354664526,3.1685013777,0.2896755671,0.5304000000,0.0828724321,0.1154608385,2.6607387192,0.1736584881,0.5304000000,0.0828724321,0.1154608385,2.6607387192,0.1736584881
