Instance,INF_avg,INF_sd,INF_r1,INF_kr,INF_sk,SUP_avg,SUP_sd,SUP_r1,SUP_kr,SUP_sk,INC_avg,INC_sd,INC_r1,INC_kr,INC_sk,IND_avg,IND_sd,IND_r1,IND_kr,IND_sk
488,0.3357142857,0.1166423687,0.1132110778,3.2787375000,-1.0260300160,0.1809523810,0.1005652956,-0.1153433476,2.1124394217,0.2472675925,0.4833333333,0.1312334646,-0.1454121306,3.1175115207,0.7754616050,0.4833333333,0.1312334646,-0.1454121306,3.1175115207,0.7754616050
