Instance,INF_avg,INF_sd,INF_r1,INF_kr,INF_sk,SUP_avg,SUP_sd,SUP_r1,SUP_kr,SUP_sk,INC_avg,INC_sd,INC_r1,INC_kr,INC_sk,IND_avg,IND_sd,IND_r1,IND_kr,IND_sk
96,0.2200000000,0.1661324773,-0.2989840348,3.2696912413,0.9892576623,0.2500000000,0.1431782106,-0.2839506173,3.9411064842,1.1243024273,0.5300000000,0.1417744688,0.2653673163,2.0122521720,-0.3284594510,0.5300000000,0.1417744688,0.2653673163,2.0122521720,-0.3284594510
