Instance,INF_avg,INF_sd,INF_r1,INF_kr,INF_sk,SUP_avg,SUP_sd,SUP_r1,SUP_kr,SUP_sk,INC_avg,INC_sd,INC_r1,INC_kr,INC_sk,IND_avg,IND_sd,IND_r1,IND_kr,IND_sk
424,0.2832000000,0.0557652221,-0.0022739787,2.6336582128,-0.3587114222,0.3208000000,0.0623486969,0.2205306020,3.4695720186,-0.5085169175,0.3960000000,0.0546991773,0.0134359085,3.0188166662,0.3507761307,0.3960000000,0.0546991773,0.0134359085,3.0188166662,0.3507761307
