Instance,INF_avg,INF_sd,INF_r1,INF_kr,INF_sk,SUP_avg,SUP_sd,SUP_r1,SUP_kr,SUP_sk,INC_avg,INC_sd,INC_r1,INC_kr,INC_sk,IND_avg,IND_sd,IND_r1,IND_kr,IND_sk
373,0.2192000000,0.0341666504,0.0560228611,2.2904180102,0.0321469986,0.2716000000,0.0374891984,-0.0438768200,2.7415463535,0.5217386248,0.5092000000,0.0492276345,0.0056239579,3.0810189511,-0.0504912976,0.5092000000,0.0492276345,0.0056239579,3.0810189511,-0.0504912976
