Instance,INF_avg,INF_sd,INF_r1,INF_kr,INF_sk,SUP_avg,SUP_sd,SUP_r1,SUP_kr,SUP_sk,INC_avg,INC_sd,INC_r1,INC_kr,INC_sk,IND_avg,IND_sd,IND_r1,IND_kr,IND_sk
196,0.2315000000,0.0336934712,-0.0962322586,2.2388812959,0.3241917291,0.2745000000,0.0149080515,-0.4899030052,3.7933156274,-0.6953761966,0.4940000000,0.0365923489,0.1443080188,1.9982124143,-0.1726018575,0.4940000000,0.0365923489,0.1443080188,1.9982124143,-0.1726018575
