Instance,INF_avg,INF_sd,INF_r1,INF_kr,INF_sk,SUP_avg,SUP_sd,SUP_r1,SUP_kr,SUP_sk,INC_avg,INC_sd,INC_r1,INC_kr,INC_sk,IND_avg,IND_sd,IND_r1,IND_kr,IND_sk
308,0.2260000000,0.0349857114,-0.8804861580,1.3717160067,-0.1972794182,0.2580000000,0.0312409987,-0.4885892116,2.6453238377,-0.9949095260,0.5160000000,0.0535163526,-0.8502130449,2.1412643176,0.8248927518,0.5160000000,0.0535163526,-0.8502130449,2.1412643176,0.8248927518
