Instance,INF_avg,INF_sd,INF_r1,INF_kr,INF_sk,SUP_avg,SUP_sd,SUP_r1,SUP_kr,SUP_sk,INC_avg,INC_sd,INC_r1,INC_kr,INC_sk,IND_avg,IND_sd,IND_r1,IND_kr,IND_sk
20,0.2255000000,0.0346013006,-0.0236481265,2.0210640981,0.0438488425,0.2845000000,0.0282356158,-0.0811859420,2.2227686482,-0.3205788186,0.4900000000,0.0197484177,-0.0328947368,2.6183431953,-0.8179817965,0.4900000000,0.0197484177,-0.0328947368,2.6183431953,-0.8179817965
