Instance,INF_avg,INF_sd,INF_r1,INF_kr,INF_sk,SUP_avg,SUP_sd,SUP_r1,SUP_kr,SUP_sk,INC_avg,INC_sd,INC_r1,INC_kr,INC_sk,IND_avg,IND_sd,IND_r1,IND_kr,IND_sk
314,0.2502000000,0.0304131550,0.0984772301,3.6199162755,-0.5207781114,0.2414000000,0.0268521880,0.1460630743,2.0433172708,-0.2492633109,0.5084000000,0.0319599750,0.4270962827,3.1774244410,-0.1817416519,0.5084000000,0.0319599750,0.4270962827,3.1774244410,-0.1817416519
