Instance,INF_avg,INF_sd,INF_r1,INF_kr,INF_sk,SUP_avg,SUP_sd,SUP_r1,SUP_kr,SUP_sk,INC_avg,INC_sd,INC_r1,INC_kr,INC_sk,IND_avg,IND_sd,IND_r1,IND_kr,IND_sk
25,0.2973214286,0.1131606171,0.2407319912,4.5156931439,0.7226178765,0.1812500000,0.0947565019,0.3929016707,3.0934311002,0.6092453327,0.5214285714,0.1148979139,0.0649837721,3.1780550305,-0.4158881348,0.5214285714,0.1148979139,0.0649837721,3.1780550305,-0.4158881348
