Instance,INF_avg,INF_sd,INF_r1,INF_kr,INF_sk,SUP_avg,SUP_sd,SUP_r1,SUP_kr,SUP_sk,INC_avg,INC_sd,INC_r1,INC_kr,INC_sk,IND_avg,IND_sd,IND_r1,IND_kr,IND_sk
239,0.2700000000,0.0646529195,-0.0229007634,2.5637004647,-0.6305291479,0.2440000000,0.0427083130,-0.2730465320,2.7248384118,-0.1996406598,0.4860000000,0.0820000000,-0.1799029544,1.8437571330,0.0195005876,0.4860000000,0.0820000000,-0.1799029544,1.8437571330,0.0195005876
