Instance,INF_avg,INF_sd,INF_r1,INF_kr,INF_sk,SUP_avg,SUP_sd,SUP_r1,SUP_kr,SUP_sk,INC_avg,INC_sd,INC_r1,INC_kr,INC_sk,IND_avg,IND_sd,IND_r1,IND_kr,IND_sk
254,0.2532500000,0.0417215472,0.3650350227,2.5587858914,0.0149085169,0.2739000000,0.0365073965,0.0394672286,2.6362768172,0.1233034477,0.4728500000,0.0398262162,0.1095319533,2.9130173499,0.3777016925,0.4728500000,0.0398262162,0.1095319533,2.9130173499,0.3777016925
