Instance,INF_avg,INF_sd,INF_r1,INF_kr,INF_sk,SUP_avg,SUP_sd,SUP_r1,SUP_kr,SUP_sk,INC_avg,INC_sd,INC_r1,INC_kr,INC_sk,IND_avg,IND_sd,IND_r1,IND_kr,IND_sk
321,0.2666666667,0.1885618083,-0.2000000000,1.5000000000,-0.7071067812,0.2000000000,0.1414213562,-0.5000000000,1.5000000000,-0.7071067812,0.5333333333,0.1699673171,-0.6621621622,1.5000000000,-0.5280049792,0.5333333333,0.1699673171,-0.6621621622,1.5000000000,-0.5280049792
