Instance,INF_avg,INF_sd,INF_r1,INF_kr,INF_sk,SUP_avg,SUP_sd,SUP_r1,SUP_kr,SUP_sk,INC_avg,INC_sd,INC_r1,INC_kr,INC_sk,IND_avg,IND_sd,IND_r1,IND_kr,IND_sk
41,0.2750000000,0.0247991935,-0.5347826087,3.2688875669,-0.6196110223,0.2285000000,0.0337675880,0.0592749898,2.4667896570,-0.4227668468,0.4965000000,0.0389262122,0.0143779243,3.1011487974,1.0357316332,0.4965000000,0.0389262122,0.0143779243,3.1011487974,1.0357316332
