Instance,INF_avg,INF_sd,INF_r1,INF_kr,INF_sk,SUP_avg,SUP_sd,SUP_r1,SUP_kr,SUP_sk,INC_avg,INC_sd,INC_r1,INC_kr,INC_sk,IND_avg,IND_sd,IND_r1,IND_kr,IND_sk
295,0.2456500000,0.0337687355,0.0686436622,2.7039446293,0.0665413808,0.2532500000,0.0302024420,-0.0764399873,3.1568725721,0.0553748708,0.5011000000,0.0351538049,-0.0918198802,2.7519249154,-0.0090219488,0.5011000000,0.0351538049,-0.0918198802,2.7519249154,-0.0090219488
