Instance,INF_avg,INF_sd,INF_r1,INF_kr,INF_sk,SUP_avg,SUP_sd,SUP_r1,SUP_kr,SUP_sk,INC_avg,INC_sd,INC_r1,INC_kr,INC_sk,IND_avg,IND_sd,IND_r1,IND_kr,IND_sk
316,0.2845000000,0.0510954988,0.6186517034,2.7207664276,0.1455330070,0.2865000000,0.0363765034,0.2616221591,3.0105710878,0.0628853622,0.4290000000,0.0508330601,0.6078500307,4.2336161326,0.2770633579,0.4290000000,0.0508330601,0.6078500307,4.2336161326,0.2770633579
