Instance,INF_avg,INF_sd,INF_r1,INF_kr,INF_sk,SUP_avg,SUP_sd,SUP_r1,SUP_kr,SUP_sk,INC_avg,INC_sd,INC_r1,INC_kr,INC_sk,IND_avg,IND_sd,IND_r1,IND_kr,IND_sk
419,0.3720000000,0.0652380257,0.5533141210,1.2872689242,0.3236269296,0.2160000000,0.0585149554,-0.5986717268,2.3050484758,-0.2817396204,0.4120000000,0.0926066952,0.1377937077,2.4024420806,0.9326877946,0.4120000000,0.0926066952,0.1377937077,2.4024420806,0.9326877946
