Instance,INF_avg,INF_sd,INF_r1,INF_kr,INF_sk,SUP_avg,SUP_sd,SUP_r1,SUP_kr,SUP_sk,INC_avg,INC_sd,INC_r1,INC_kr,INC_sk,IND_avg,IND_sd,IND_r1,IND_kr,IND_sk
371,0.2760000000,0.1504127654,-0.0284776094,1.9077321351,0.0948450902,0.2380000000,0.1294449690,-0.0476400002,4.8045747365,0.8183312347,0.4860000000,0.1496796579,-0.1232885576,2.2851817819,0.0607474800,0.4860000000,0.1496796579,-0.1232885576,2.2851817819,0.0607474800
