Instance,INF_avg,INF_sd,INF_r1,INF_kr,INF_sk,SUP_avg,SUP_sd,SUP_r1,SUP_kr,SUP_sk,INC_avg,INC_sd,INC_r1,INC_kr,INC_sk,IND_avg,IND_sd,IND_r1,IND_kr,IND_sk
56,0.3481325301,0.0904447207,0.7001649598,2.2404746835,0.1152913288,0.1473493976,0.0706183419,0.7599170213,2.5357047129,0.4032803026,0.5045180723,0.0529555079,0.0876318354,2.8743369033,-0.0405637418,0.5045180723,0.0529555079,0.0876318354,2.8743369033,-0.0405637418
