Instance,INF_avg,INF_sd,INF_r1,INF_kr,INF_sk,SUP_avg,SUP_sd,SUP_r1,SUP_kr,SUP_sk,INC_avg,INC_sd,INC_r1,INC_kr,INC_sk,IND_avg,IND_sd,IND_r1,IND_kr,IND_sk
416,0.2508500000,0.0372159576,0.3208810733,3.3583132001,0.2144492968,0.2333000000,0.0336319788,0.2460117456,2.6954345802,0.2622420910,0.5158500000,0.0404910793,0.1436025316,2.3799467683,0.1691591676,0.5158500000,0.0404910793,0.1436025316,2.3799467683,0.1691591676
