Instance,INF_avg,INF_sd,INF_r1,INF_kr,INF_sk,SUP_avg,SUP_sd,SUP_r1,SUP_kr,SUP_sk,INC_avg,INC_sd,INC_r1,INC_kr,INC_sk,IND_avg,IND_sd,IND_r1,IND_kr,IND_sk
171,0.2705000000,0.0242332416,-0.4368147721,2.7826840801,0.9719294527,0.2115000000,0.0216852484,-0.0921592666,3.6640551405,-0.9690621771,0.5180000000,0.0383536178,-0.4846217218,2.6777970285,-0.9343797983,0.5180000000,0.0383536178,-0.4846217218,2.6777970285,-0.9343797983
