Instance,INF_avg,INF_sd,INF_r1,INF_kr,INF_sk,SUP_avg,SUP_sd,SUP_r1,SUP_kr,SUP_sk,INC_avg,INC_sd,INC_r1,INC_kr,INC_sk,IND_avg,IND_sd,IND_r1,IND_kr,IND_sk
39,0.2420000000,0.1110675470,-0.0573405801,3.3664066324,0.6507240054,0.2360000000,0.0830903123,-0.2305759747,2.7068869676,0.4492452225,0.5220000000,0.1183891887,0.1785902037,1.9716908660,0.0477875920,0.5220000000,0.1183891887,0.1785902037,1.9716908660,0.0477875920
