Instance,INF_avg,INF_sd,INF_r1,INF_kr,INF_sk,SUP_avg,SUP_sd,SUP_r1,SUP_kr,SUP_sk,INC_avg,INC_sd,INC_r1,INC_kr,INC_sk,IND_avg,IND_sd,IND_r1,IND_kr,IND_sk
367,0.2714000000,0.0360560675,0.1602159014,2.6366827077,0.1014859947,0.2740000000,0.0508330601,-0.0410529906,2.5182164115,-0.0389181405,0.4546000000,0.0441456680,0.0198430449,2.0439995442,0.0124216747,0.4546000000,0.0441456680,0.0198430449,2.0439995442,0.0124216747
