Instance,INF_avg,INF_sd,INF_r1,INF_kr,INF_sk,SUP_avg,SUP_sd,SUP_r1,SUP_kr,SUP_sk,INC_avg,INC_sd,INC_r1,INC_kr,INC_sk,IND_avg,IND_sd,IND_r1,IND_kr,IND_sk
138,0.2814000000,0.0346848670,0.1210638693,3.4811773843,0.2815780784,0.2755500000,0.0338075066,0.1645705624,2.5661385881,0.1306985881,0.4430500000,0.0335923726,0.0350394184,2.8157742865,-0.2133476247,0.4430500000,0.0335923726,0.0350394184,2.8157742865,-0.2133476247
