Instance,INF_avg,INF_sd,INF_r1,INF_kr,INF_sk,SUP_avg,SUP_sd,SUP_r1,SUP_kr,SUP_sk,INC_avg,INC_sd,INC_r1,INC_kr,INC_sk,IND_avg,IND_sd,IND_r1,IND_kr,IND_sk
461,0.2020000000,0.0994786409,0.0612842057,2.4983714217,-0.1466660310,0.3100000000,0.1086278049,-0.0491460439,2.4336397587,0.3276621521,0.4880000000,0.1107068200,-0.0883537297,2.3232306103,-0.1599737285,0.4880000000,0.1107068200,-0.0883537297,2.3232306103,-0.1599737285
