Instance,INF_avg,INF_sd,INF_r1,INF_kr,INF_sk,SUP_avg,SUP_sd,SUP_r1,SUP_kr,SUP_sk,INC_avg,INC_sd,INC_r1,INC_kr,INC_sk,IND_avg,IND_sd,IND_r1,IND_kr,IND_sk
423,0.2490000000,0.1486573241,0.0292374083,2.6990681868,0.4577523368,0.2180000000,0.1235961164,0.0729027219,2.9754150239,0.3226941133,0.5330000000,0.1643502358,0.1159321131,2.6577621464,-0.2658156717,0.5330000000,0.1643502358,0.1159321131,2.6577621464,-0.2658156717
