Instance,INF_avg,INF_sd,INF_r1,INF_kr,INF_sk,SUP_avg,SUP_sd,SUP_r1,SUP_kr,SUP_sk,INC_avg,INC_sd,INC_r1,INC_kr,INC_sk,IND_avg,IND_sd,IND_r1,IND_kr,IND_sk
379,0.2280000000,0.0906421535,0.1109818153,2.3938618356,-0.0162424348,0.2890000000,0.1011385189,-0.0825413662,2.4758590598,0.1125015322,0.4830000000,0.0957131130,0.0152372007,3.9096211556,0.6952607803,0.4830000000,0.0957131130,0.0152372007,3.9096211556,0.6952607803
