Instance,INF_avg,INF_sd,INF_r1,INF_kr,INF_sk,SUP_avg,SUP_sd,SUP_r1,SUP_kr,SUP_sk,INC_avg,INC_sd,INC_r1,INC_kr,INC_sk,IND_avg,IND_sd,IND_r1,IND_kr,IND_sk
370,0.2550000000,0.1437880384,-0.0027590856,2.2549782214,-0.0295174508,0.2520000000,0.1195658814,-0.1142748246,2.6533162939,-0.0999137759,0.4930000000,0.1505024917,-0.0163568382,2.4564913147,0.0838988913,0.4930000000,0.1505024917,-0.0163568382,2.4564913147,0.0838988913
