Instance,INF_avg,INF_sd,INF_r1,INF_kr,INF_sk,SUP_avg,SUP_sd,SUP_r1,SUP_kr,SUP_sk,INC_avg,INC_sd,INC_r1,INC_kr,INC_sk,IND_avg,IND_sd,IND_r1,IND_kr,IND_sk
137,0.2627000000,0.0539973147,0.2545689318,2.8929336823,0.0912920439,0.3075000000,0.0613901458,0.4877947457,2.6179678721,-0.0844934413,0.4298000000,0.0545340261,0.2140910930,2.6545570831,0.2387711404,0.4298000000,0.0545340261,0.2140910930,2.6545570831,0.2387711404
