Instance,INF_avg,INF_sd,INF_r1,INF_kr,INF_sk,SUP_avg,SUP_sd,SUP_r1,SUP_kr,SUP_sk,INC_avg,INC_sd,INC_r1,INC_kr,INC_sk,IND_avg,IND_sd,IND_r1,IND_kr,IND_sk
459,0.2794117647,0.1000864678,-0.2665114569,1.9280025415,-0.1735774335,0.1852941176,0.0887241361,-0.4116163812,2.6027122328,-0.1825053657,0.5352941176,0.0966569219,0.0292337060,3.2140946502,-0.7532875667,0.5352941176,0.0966569219,0.0292337060,3.2140946502,-0.7532875667
