Instance,INF_avg,INF_sd,INF_r1,INF_kr,INF_sk,SUP_avg,SUP_sd,SUP_r1,SUP_kr,SUP_sk,INC_avg,INC_sd,INC_r1,INC_kr,INC_sk,IND_avg,IND_sd,IND_r1,IND_kr,IND_sk
463,0.3375000000,0.0819679816,0.1292517007,2.1487290427,-0.9575491626,0.1500000000,0.1060660172,0.5555555556,1.4074074074,-0.3142696805,0.5125000000,0.0739509973,-0.2747252747,1.8457142857,-0.4346507596,0.5125000000,0.0739509973,-0.2747252747,1.8457142857,-0.4346507596
