Instance,INF_avg,INF_sd,INF_r1,INF_kr,INF_sk,SUP_avg,SUP_sd,SUP_r1,SUP_kr,SUP_sk,INC_avg,INC_sd,INC_r1,INC_kr,INC_sk,IND_avg,IND_sd,IND_r1,IND_kr,IND_sk
245,0.1900000000,0.1044030651,-0.1145510836,2.1594983587,0.7275964809,0.2800000000,0.1777638883,-0.2801013942,3.5774715590,1.2646557671,0.5300000000,0.1734935157,0.0848292855,2.1798545270,-0.2366839057,0.5300000000,0.1734935157,0.0848292855,2.1798545270,-0.2366839057
