Instance,INF_avg,INF_sd,INF_r1,INF_kr,INF_sk,SUP_avg,SUP_sd,SUP_r1,SUP_kr,SUP_sk,INC_avg,INC_sd,INC_r1,INC_kr,INC_sk,IND_avg,IND_sd,IND_r1,IND_kr,IND_sk
25,0.2626000000,0.0447799062,-0.1096225356,2.7006693609,0.3410182800,0.2189000000,0.0484952575,0.1489194943,2.9050836778,0.3275056669,0.5185000000,0.0542655508,-0.0637406774,2.6050247807,-0.1887079895,0.5185000000,0.0542655508,-0.0637406774,2.6050247807,-0.1887079895
