Instance,INF_avg,INF_sd,INF_r1,INF_kr,INF_sk,SUP_avg,SUP_sd,SUP_r1,SUP_kr,SUP_sk,INC_avg,INC_sd,INC_r1,INC_kr,INC_sk,IND_avg,IND_sd,IND_r1,IND_kr,IND_sk
254,0.2100000000,0.0943398113,-0.0012360939,2.3654841560,0.5145158249,0.2400000000,0.1280624847,0.0166204986,3.0975609756,0.0799914390,0.5500000000,0.1360147051,-0.2328767123,2.5894813733,0.0000000000,0.5500000000,0.1360147051,-0.2328767123,2.5894813733,0.0000000000
