Instance,INF_avg,INF_sd,INF_r1,INF_kr,INF_sk,SUP_avg,SUP_sd,SUP_r1,SUP_kr,SUP_sk,INC_avg,INC_sd,INC_r1,INC_kr,INC_sk,IND_avg,IND_sd,IND_r1,IND_kr,IND_sk
422,0.2524000000,0.0688058137,0.0826181879,3.0755891487,0.0330924692,0.2412000000,0.0576763383,0.0157717964,3.0790622885,0.2127689330,0.5064000000,0.0709298245,0.0979717299,2.8347358532,-0.1068741157,0.5064000000,0.0709298245,0.0979717299,2.8347358532,-0.1068741157
