Instance,INF_avg,INF_sd,INF_r1,INF_kr,INF_sk,SUP_avg,SUP_sd,SUP_r1,SUP_kr,SUP_sk,INC_avg,INC_sd,INC_r1,INC_kr,INC_sk,IND_avg,IND_sd,IND_r1,IND_kr,IND_sk
97,0.2361000000,0.0318165052,0.1060040217,2.4371332674,0.4345447167,0.2927000000,0.0349028652,-0.1070445436,3.0592476523,0.4164093208,0.4712000000,0.0406762830,-0.1628248204,3.6476115751,-0.1025706604,0.4712000000,0.0406762830,-0.1628248204,3.6476115751,-0.1025706604
