Instance,INF_avg,INF_sd,INF_r1,INF_kr,INF_sk,SUP_avg,SUP_sd,SUP_r1,SUP_kr,SUP_sk,INC_avg,INC_sd,INC_r1,INC_kr,INC_sk,IND_avg,IND_sd,IND_r1,IND_kr,IND_sk
481,0.2160000000,0.0313687743,-0.2275693312,2.3762641285,-0.7946382936,0.3040000000,0.0440908154,-1.0105820106,1.5781893004,0.3477670622,0.4800000000,0.0600000000,-0.8903225806,1.7537037037,-0.1111111111,0.4800000000,0.0600000000,-0.8903225806,1.7537037037,-0.1111111111
