Instance,INF_avg,INF_sd,INF_r1,INF_kr,INF_sk,SUP_avg,SUP_sd,SUP_r1,SUP_kr,SUP_sk,INC_avg,INC_sd,INC_r1,INC_kr,INC_sk,IND_avg,IND_sd,IND_r1,IND_kr,IND_sk
30,0.2280000000,0.0466476152,-0.1938202247,2.0659602076,0.0794441975,0.2960000000,0.0763151361,-0.7289719626,1.2846576500,-0.0622059134,0.4760000000,0.0637495098,-0.8481848185,1.3299336599,0.1823080253,0.4760000000,0.0637495098,-0.8481848185,1.3299336599,0.1823080253
