Instance,INF_avg,INF_sd,INF_r1,INF_kr,INF_sk,SUP_avg,SUP_sd,SUP_r1,SUP_kr,SUP_sk,INC_avg,INC_sd,INC_r1,INC_kr,INC_sk,IND_avg,IND_sd,IND_r1,IND_kr,IND_sk
443,0.2598000000,0.0434046081,-0.0330761425,2.8503798216,-0.0531916425,0.2505000000,0.0404567670,0.1057568790,3.6429695453,0.2137611016,0.4897000000,0.0447315325,-0.1286524377,2.9686000883,-0.0392067728,0.4897000000,0.0447315325,-0.1286524377,2.9686000883,-0.0392067728
