Instance,INF_avg,INF_sd,INF_r1,INF_kr,INF_sk,SUP_avg,SUP_sd,SUP_r1,SUP_kr,SUP_sk,INC_avg,INC_sd,INC_r1,INC_kr,INC_sk,IND_avg,IND_sd,IND_r1,IND_kr,IND_sk
338,0.3060000000,0.1102905254,0.0643692542,3.5373145981,0.4963065952,0.2690000000,0.1074197375,0.0768500508,2.8023175488,0.5307860599,0.4250000000,0.1156503351,-0.1098644226,3.1895362040,0.0072729707,0.4250000000,0.1156503351,-0.1098644226,3.1895362040,0.0072729707
