Instance,INF_avg,INF_sd,INF_r1,INF_kr,INF_sk,SUP_avg,SUP_sd,SUP_r1,SUP_kr,SUP_sk,INC_avg,INC_sd,INC_r1,INC_kr,INC_sk,IND_avg,IND_sd,IND_r1,IND_kr,IND_sk
355,0.3030000000,0.0340734501,0.0133794081,3.9799713781,-1.0895295582,0.1880000000,0.0357910603,0.8297703880,2.3927241415,-0.4532551504,0.5090000000,0.0367287353,0.4941550007,2.9607891192,0.7260369659,0.5090000000,0.0367287353,0.4941550007,2.9607891192,0.7260369659
