Instance,INF_avg,INF_sd,INF_r1,INF_kr,INF_sk,SUP_avg,SUP_sd,SUP_r1,SUP_kr,SUP_sk,INC_avg,INC_sd,INC_r1,INC_kr,INC_sk,IND_avg,IND_sd,IND_r1,IND_kr,IND_sk
459,0.2660000000,0.0267207784,-0.1594347134,1.9599251465,-0.1974983977,0.2605000000,0.0283240181,-0.0863714216,1.6499886722,-0.1283284448,0.4735000000,0.0251047804,-0.4298743833,2.5243530701,0.4520205967,0.4735000000,0.0251047804,-0.4298743833,2.5243530701,0.4520205967
