Instance,INF_avg,INF_sd,INF_r1,INF_kr,INF_sk,SUP_avg,SUP_sd,SUP_r1,SUP_kr,SUP_sk,INC_avg,INC_sd,INC_r1,INC_kr,INC_sk,IND_avg,IND_sd,IND_r1,IND_kr,IND_sk
23,0.2460000000,0.0506359556,0.2029555101,2.7342636919,-0.7453405232,0.2560000000,0.0564269439,-0.2399077278,1.9607333148,0.4979979521,0.4980000000,0.0602992537,-0.0358039371,2.1785046491,0.0958913728,0.4980000000,0.0602992537,-0.0358039371,2.1785046491,0.0958913728
