Instance,INF_avg,INF_sd,INF_r1,INF_kr,INF_sk,SUP_avg,SUP_sd,SUP_r1,SUP_kr,SUP_sk,INC_avg,INC_sd,INC_r1,INC_kr,INC_sk,IND_avg,IND_sd,IND_r1,IND_kr,IND_sk
469,0.2120000000,0.1177115118,-0.1222440209,2.9620164383,0.5024222076,0.3260000000,0.1353661701,-0.0813479494,2.1231653993,0.1020589129,0.4620000000,0.1412657071,0.1989585052,2.6597756194,0.3085582200,0.4620000000,0.1412657071,0.1989585052,2.6597756194,0.3085582200
