Instance,INF_avg,INF_sd,INF_r1,INF_kr,INF_sk,SUP_avg,SUP_sd,SUP_r1,SUP_kr,SUP_sk,INC_avg,INC_sd,INC_r1,INC_kr,INC_sk,IND_avg,IND_sd,IND_r1,IND_kr,IND_sk
492,0.2260000000,0.0131909060,-0.9881305638,1.8008323424,-0.3476794476,0.2370000000,0.0287402157,0.3265759511,2.4074157672,-0.8957254061,0.5370000000,0.0312409987,0.2324124181,2.1058393241,0.5865951933,0.5370000000,0.0312409987,0.2324124181,2.1058393241,0.5865951933
