Instance,INF_avg,INF_sd,INF_r1,INF_kr,INF_sk,SUP_avg,SUP_sd,SUP_r1,SUP_kr,SUP_sk,INC_avg,INC_sd,INC_r1,INC_kr,INC_sk,IND_avg,IND_sd,IND_r1,IND_kr,IND_sk
377,0.4289634146,0.0937278032,0.6743897046,2.2607011414,0.0102601048,0.0865243902,0.0647659436,0.7743006308,3.2273161523,0.9934681457,0.4845121951,0.0598810292,0.1981142353,2.8906872505,-0.2192727463,0.4845121951,0.0598810292,0.1981142353,2.8906872505,-0.2192727463
