Instance,INF_avg,INF_sd,INF_r1,INF_kr,INF_sk,SUP_avg,SUP_sd,SUP_r1,SUP_kr,SUP_sk,INC_avg,INC_sd,INC_r1,INC_kr,INC_sk,IND_avg,IND_sd,IND_r1,IND_kr,IND_sk
273,0.2150000000,0.0950000000,-0.4439430753,1.9915209368,-0.1714535647,0.3350000000,0.0807774721,-0.0340370530,1.3995243757,0.2077511063,0.4500000000,0.0670820393,-0.1764705882,1.6666666667,-0.2484519975,0.4500000000,0.0670820393,-0.1764705882,1.6666666667,-0.2484519975
