Instance,INF_avg,INF_sd,INF_r1,INF_kr,INF_sk,SUP_avg,SUP_sd,SUP_r1,SUP_kr,SUP_sk,INC_avg,INC_sd,INC_r1,INC_kr,INC_sk,IND_avg,IND_sd,IND_r1,IND_kr,IND_sk
82,0.4241139241,0.0896133025,0.6685265999,2.5846461789,-0.2949733953,0.0912658228,0.0605223484,0.8127065446,2.7527521226,0.7543842757,0.4846202532,0.0550332014,0.1623407183,2.8177590521,0.0815901140,0.4846202532,0.0550332014,0.1623407183,2.8177590521,0.0815901140
