Instance,INF_avg,INF_sd,INF_r1,INF_kr,INF_sk,SUP_avg,SUP_sd,SUP_r1,SUP_kr,SUP_sk,INC_avg,INC_sd,INC_r1,INC_kr,INC_sk,IND_avg,IND_sd,IND_r1,IND_kr,IND_sk
49,0.2500000000,0.1707825128,-0.2786885246,1.7314285714,0.0000000000,0.2166666667,0.1343709625,-0.1945701357,1.8482840237,-0.3053162698,0.5333333333,0.1247219129,0.1750000000,2.6020408163,-0.6490630161,0.5333333333,0.1247219129,0.1750000000,2.6020408163,-0.6490630161
