Instance,INF_avg,INF_sd,INF_r1,INF_kr,INF_sk,SUP_avg,SUP_sd,SUP_r1,SUP_kr,SUP_sk,INC_avg,INC_sd,INC_r1,INC_kr,INC_sk,IND_avg,IND_sd,IND_r1,IND_kr,IND_sk
363,0.2380000000,0.0305941171,0.1092745638,1.2543282928,0.3989370954,0.1500000000,0.0141421356,-0.3333333333,1.7000000000,-0.0000000000,0.6120000000,0.0213541565,0.3233743409,1.7206832872,-0.1380231722,0.6120000000,0.0213541565,0.3233743409,1.7206832872,-0.1380231722
