Instance,INF_avg,INF_sd,INF_r1,INF_kr,INF_sk,SUP_avg,SUP_sd,SUP_r1,SUP_kr,SUP_sk,INC_avg,INC_sd,INC_r1,INC_kr,INC_sk,IND_avg,IND_sd,IND_r1,IND_kr,IND_sk
176,0.2800000000,0.1442220510,0.1640866873,3.3542899408,0.8720527123,0.2300000000,0.1640121947,-0.0146273508,2.8336949462,0.5466997603,0.4900000000,0.1769180601,0.2205051399,1.9230675009,0.1300217449,0.4900000000,0.1769180601,0.2205051399,1.9230675009,0.1300217449
