Instance,INF_avg,INF_sd,INF_r1,INF_kr,INF_sk,SUP_avg,SUP_sd,SUP_r1,SUP_kr,SUP_sk,INC_avg,INC_sd,INC_r1,INC_kr,INC_sk,IND_avg,IND_sd,IND_r1,IND_kr,IND_sk
453,0.2364000000,0.0396867736,0.1987758120,1.8185408339,-0.1475471018,0.2504000000,0.0428467035,-0.0319474172,2.1804017261,0.0731877769,0.5132000000,0.0396706441,-0.0060624321,3.2107160523,-0.5756794928,0.5132000000,0.0396706441,-0.0060624321,3.2107160523,-0.5756794928
