Instance,INF_avg,INF_sd,INF_r1,INF_kr,INF_sk,SUP_avg,SUP_sd,SUP_r1,SUP_kr,SUP_sk,INC_avg,INC_sd,INC_r1,INC_kr,INC_sk,IND_avg,IND_sd,IND_r1,IND_kr,IND_sk
91,0.2280000000,0.0430813185,0.5985401460,1.2285969084,0.3169627324,0.2720000000,0.0785875308,-0.4882226981,1.9273134849,0.3987501228,0.5000000000,0.0769415362,-0.3000000000,1.8425858291,0.2529122813,0.5000000000,0.0769415362,-0.3000000000,1.8425858291,0.2529122813
