Instance,INF_avg,INF_sd,INF_r1,INF_kr,INF_sk,SUP_avg,SUP_sd,SUP_r1,SUP_kr,SUP_sk,INC_avg,INC_sd,INC_r1,INC_kr,INC_sk,IND_avg,IND_sd,IND_r1,IND_kr,IND_sk
129,0.2800000000,0.0400000000,-0.5492957746,2.0781250000,0.8437500000,0.3100000000,0.0800000000,-0.0035211268,1.4189453125,-0.0351562500,0.4100000000,0.0969535971,-0.4010282776,1.4081032141,0.3752617726,0.4100000000,0.0969535971,-0.4010282776,1.4081032141,0.3752617726
