Instance,INF_avg,INF_sd,INF_r1,INF_kr,INF_sk,SUP_avg,SUP_sd,SUP_r1,SUP_kr,SUP_sk,INC_avg,INC_sd,INC_r1,INC_kr,INC_sk,IND_avg,IND_sd,IND_r1,IND_kr,IND_sk
99,0.2863000000,0.0454456819,0.5908798956,2.8018566856,0.2639382779,0.2614500000,0.0335059323,0.2162230542,3.0518232114,0.1944600948,0.4522500000,0.0384407011,0.2475630838,2.7988597389,0.1175189406,0.4522500000,0.0384407011,0.2475630838,2.7988597389,0.1175189406
