Instance,INF_avg,INF_sd,INF_r1,INF_kr,INF_sk,SUP_avg,SUP_sd,SUP_r1,SUP_kr,SUP_sk,INC_avg,INC_sd,INC_r1,INC_kr,INC_sk,IND_avg,IND_sd,IND_r1,IND_kr,IND_sk
176,0.2512000000,0.0471440346,0.1963342870,2.1730013181,-0.1038642653,0.3068000000,0.0427756940,0.3543664820,2.0519995776,0.1728451892,0.4420000000,0.0321869539,0.2940544580,2.4426551483,-0.2904123945,0.4420000000,0.0321869539,0.2940544580,2.4426551483,-0.2904123945
