Instance,INF_avg,INF_sd,INF_r1,INF_kr,INF_sk,SUP_avg,SUP_sd,SUP_r1,SUP_kr,SUP_sk,INC_avg,INC_sd,INC_r1,INC_kr,INC_sk,IND_avg,IND_sd,IND_r1,IND_kr,IND_sk
369,0.4391830065,0.0780511344,0.8112368399,1.9796512229,-0.0563104617,0.1078431373,0.0714480585,0.9175996323,2.0994989864,0.5525230591,0.4529738562,0.0329261300,-0.0024324595,2.2814825656,-0.1284416224,0.4529738562,0.0329261300,-0.0024324595,2.2814825656,-0.1284416224
