Instance,INF_avg,INF_sd,INF_r1,INF_kr,INF_sk,SUP_avg,SUP_sd,SUP_r1,SUP_kr,SUP_sk,INC_avg,INC_sd,INC_r1,INC_kr,INC_sk,IND_avg,IND_sd,IND_r1,IND_kr,IND_sk
370,0.2727000000,0.0308092519,0.0170336148,3.4214813139,0.3203758667,0.2331000000,0.0310465779,0.2122841829,3.3235398299,0.7265891024,0.4942000000,0.0304197304,0.0088773575,2.8894549128,-0.1013749528,0.4942000000,0.0304197304,0.0088773575,2.8894549128,-0.1013749528
