Instance,INF_avg,INF_sd,INF_r1,INF_kr,INF_sk,SUP_avg,SUP_sd,SUP_r1,SUP_kr,SUP_sk,INC_avg,INC_sd,INC_r1,INC_kr,INC_sk,IND_avg,IND_sd,IND_r1,IND_kr,IND_sk
312,0.2650000000,0.0743303437,0.0776919582,3.5948690649,-0.5223106400,0.2600000000,0.0734846923,-0.2118320611,2.1954732510,0.4082482905,0.4750000000,0.0813941030,0.1428571429,2.2303310787,0.0000000000,0.4750000000,0.0813941030,0.1428571429,2.2303310787,0.0000000000
