Instance,INF_avg,INF_sd,INF_r1,INF_kr,INF_sk,SUP_avg,SUP_sd,SUP_r1,SUP_kr,SUP_sk,INC_avg,INC_sd,INC_r1,INC_kr,INC_sk,IND_avg,IND_sd,IND_r1,IND_kr,IND_sk
379,0.2626000000,0.0587642749,0.0971421904,4.2652365557,0.2247464335,0.2492000000,0.0598945740,0.0872271312,2.9503582964,0.0575722810,0.4882000000,0.0706594650,0.2103441183,3.1278614384,-0.1172758931,0.4882000000,0.0706594650,0.2103441183,3.1278614384,-0.1172758931
