Instance,INF_avg,INF_sd,INF_r1,INF_kr,INF_sk,SUP_avg,SUP_sd,SUP_r1,SUP_kr,SUP_sk,INC_avg,INC_sd,INC_r1,INC_kr,INC_sk,IND_avg,IND_sd,IND_r1,IND_kr,IND_sk
232,0.3160000000,0.0463033476,-0.5821256039,1.3968589886,0.2436882574,0.2320000000,0.0640000000,0.0665993946,1.4509887695,-0.2211914063,0.4520000000,0.1008761617,-0.1310377810,1.3958407500,0.1511286984,0.4520000000,0.1008761617,-0.1310377810,1.3958407500,0.1511286984
