Instance,INF_avg,INF_sd,INF_r1,INF_kr,INF_sk,SUP_avg,SUP_sd,SUP_r1,SUP_kr,SUP_sk,INC_avg,INC_sd,INC_r1,INC_kr,INC_sk,IND_avg,IND_sd,IND_r1,IND_kr,IND_sk
355,0.2201000000,0.0467652649,0.3353783773,2.9363342423,0.1931446572,0.2401000000,0.0479060539,0.3670881380,3.0172137382,0.0036518802,0.5398000000,0.0584291023,0.3594457829,2.8919509213,-0.1838410136,0.5398000000,0.0584291023,0.3594457829,2.8919509213,-0.1838410136
