Instance,INF_avg,INF_sd,INF_r1,INF_kr,INF_sk,SUP_avg,SUP_sd,SUP_r1,SUP_kr,SUP_sk,INC_avg,INC_sd,INC_r1,INC_kr,INC_sk,IND_avg,IND_sd,IND_r1,IND_kr,IND_sk
407,0.2800000000,0.0438178046,-0.3478260870,1.5625000000,0.1141088661,0.3440000000,0.0233238076,-0.5168539326,1.6280276817,0.3631734744,0.3760000000,0.0463033476,-0.0932721713,2.5997995099,0.8238983939,0.3760000000,0.0463033476,-0.0932721713,2.5997995099,0.8238983939
