Instance,INF_avg,INF_sd,INF_r1,INF_kr,INF_sk,SUP_avg,SUP_sd,SUP_r1,SUP_kr,SUP_sk,INC_avg,INC_sd,INC_r1,INC_kr,INC_sk,IND_avg,IND_sd,IND_r1,IND_kr,IND_sk
483,0.2705000000,0.0437864134,-0.2714283510,1.9203159115,0.3500497276,0.2785000000,0.0242950612,0.1897846320,1.9858807916,-0.2146419582,0.4510000000,0.0326955654,-0.3620395997,1.3293392057,-0.0717564549,0.4510000000,0.0326955654,-0.3620395997,1.3293392057,-0.0717564549
