Instance,INF_avg,INF_sd,INF_r1,INF_kr,INF_sk,SUP_avg,SUP_sd,SUP_r1,SUP_kr,SUP_sk,INC_avg,INC_sd,INC_r1,INC_kr,INC_sk,IND_avg,IND_sd,IND_r1,IND_kr,IND_sk
364,0.1800000000,0.0419523539,-0.6111111111,2.8305785124,1.1701586323,0.1960000000,0.0265329983,0.1552511416,2.2169421488,0.3700366502,0.6240000000,0.0366606056,-0.6076696165,1.2091836735,-0.2961528510,0.6240000000,0.0366606056,-0.6076696165,1.2091836735,-0.2961528510
