Instance,INF_avg,INF_sd,INF_r1,INF_kr,INF_sk,SUP_avg,SUP_sd,SUP_r1,SUP_kr,SUP_sk,INC_avg,INC_sd,INC_r1,INC_kr,INC_sk,IND_avg,IND_sd,IND_r1,IND_kr,IND_sk
396,0.2320000000,0.0391918359,-0.7628205128,2.4361979167,-1.0269996057,0.2160000000,0.0611882342,-0.3648834019,1.2543282928,0.3989370954,0.5520000000,0.0530659966,-0.4179104478,2.3622159091,-0.5936004596,0.5520000000,0.0530659966,-0.4179104478,2.3622159091,-0.5936004596
