Instance,INF_avg,INF_sd,INF_r1,INF_kr,INF_sk,SUP_avg,SUP_sd,SUP_r1,SUP_kr,SUP_sk,INC_avg,INC_sd,INC_r1,INC_kr,INC_sk,IND_avg,IND_sd,IND_r1,IND_kr,IND_sk
21,0.2900000000,0.0911043358,-0.1083804375,2.4881695457,-0.2182060590,0.1710000000,0.0985342580,-0.1350997164,2.6932511128,0.3622694577,0.5390000000,0.1087612063,-0.1471617323,2.8016158786,0.4812829575,0.5390000000,0.1087612063,-0.1471617323,2.8016158786,0.4812829575
