Instance,INF_avg,INF_sd,INF_r1,INF_kr,INF_sk,SUP_avg,SUP_sd,SUP_r1,SUP_kr,SUP_sk,INC_avg,INC_sd,INC_r1,INC_kr,INC_sk,IND_avg,IND_sd,IND_r1,IND_kr,IND_sk
268,0.2560000000,0.0765767589,0.1157176206,2.4655176265,0.0650979912,0.2480000000,0.0727736216,-0.3046027558,2.0071991858,0.3808524501,0.4960000000,0.1182539640,-0.2724686997,2.2714298525,0.0954680359,0.4960000000,0.1182539640,-0.2724686997,2.2714298525,0.0954680359
