Instance,INF_avg,INF_sd,INF_r1,INF_kr,INF_sk,SUP_avg,SUP_sd,SUP_r1,SUP_kr,SUP_sk,INC_avg,INC_sd,INC_r1,INC_kr,INC_sk,IND_avg,IND_sd,IND_r1,IND_kr,IND_sk
496,0.2970000000,0.1717294384,0.1750309505,2.0172867255,-0.0482881450,0.2780000000,0.1559358843,0.0196725150,2.3355175120,0.4788053650,0.4250000000,0.1739971264,0.0904086386,3.1188949903,0.0462720134,0.4250000000,0.1739971264,0.0904086386,3.1188949903,0.0462720134
