Instance,INF_avg,INF_sd,INF_r1,INF_kr,INF_sk,SUP_avg,SUP_sd,SUP_r1,SUP_kr,SUP_sk,INC_avg,INC_sd,INC_r1,INC_kr,INC_sk,IND_avg,IND_sd,IND_r1,IND_kr,IND_sk
465,0.2908000000,0.0586801500,0.0827390147,2.3700615818,0.0711454315,0.2288000000,0.0606841001,0.3299151086,4.6783870349,0.9823965386,0.4804000000,0.0661501323,0.1412901860,2.5927975702,-0.0341704905,0.4804000000,0.0661501323,0.1412901860,2.5927975702,-0.0341704905
