Instance,INF_avg,INF_sd,INF_r1,INF_kr,INF_sk,SUP_avg,SUP_sd,SUP_r1,SUP_kr,SUP_sk,INC_avg,INC_sd,INC_r1,INC_kr,INC_sk,IND_avg,IND_sd,IND_r1,IND_kr,IND_sk
416,0.2300000000,0.0894427191,-0.1032222829,2.2043750000,-0.3941069810,0.2560000000,0.0930806102,-0.1886211800,2.2618470290,0.1597519189,0.5140000000,0.1245150593,-0.1554545893,3.1384338647,-0.4293809646,0.5140000000,0.1245150593,-0.1554545893,3.1384338647,-0.4293809646
