Instance,INF_avg,INF_sd,INF_r1,INF_kr,INF_sk,SUP_avg,SUP_sd,SUP_r1,SUP_kr,SUP_sk,INC_avg,INC_sd,INC_r1,INC_kr,INC_sk,IND_avg,IND_sd,IND_r1,IND_kr,IND_sk
8,0.2200000000,0.1469693846,0.1635618480,2.5967078189,0.5216505934,0.2320000000,0.1271849048,-0.0033616201,2.2574499497,-0.1485722104,0.5480000000,0.1590471628,0.1440177645,2.7655124240,-0.1872154810,0.5480000000,0.1590471628,0.1440177645,2.7655124240,-0.1872154810
