Instance,INF_avg,INF_sd,INF_r1,INF_kr,INF_sk,SUP_avg,SUP_sd,SUP_r1,SUP_kr,SUP_sk,INC_avg,INC_sd,INC_r1,INC_kr,INC_sk,IND_avg,IND_sd,IND_r1,IND_kr,IND_sk
299,0.2210000000,0.1185706540,-0.1700912627,2.7661441728,-0.0509770687,0.2420000000,0.1184736258,-0.1238360906,3.1505727121,0.3351839582,0.5370000000,0.1546964770,-0.1590961252,3.4005523548,0.0494338071,0.5370000000,0.1546964770,-0.1590961252,3.4005523548,0.0494338071
