Instance,INF_avg,INF_sd,INF_r1,INF_kr,INF_sk,SUP_avg,SUP_sd,SUP_r1,SUP_kr,SUP_sk,INC_avg,INC_sd,INC_r1,INC_kr,INC_sk,IND_avg,IND_sd,IND_r1,IND_kr,IND_sk
427,0.4160699588,0.0945233181,0.8445599085,2.2374145557,-0.1975952981,0.0924897119,0.0684339435,0.9087709894,2.2464164119,0.6735709873,0.4914403292,0.0448107995,0.2883762910,2.9713574759,-0.1677495128,0.4914403292,0.0448107995,0.2883762910,2.9713574759,-0.1677495128
