Instance,INF_avg,INF_sd,INF_r1,INF_kr,INF_sk,SUP_avg,SUP_sd,SUP_r1,SUP_kr,SUP_sk,INC_avg,INC_sd,INC_r1,INC_kr,INC_sk,IND_avg,IND_sd,IND_r1,IND_kr,IND_sk
193,0.2376000000,0.0471830478,-0.2408931210,1.9032371465,0.0841839836,0.2952000000,0.0512343635,-0.1047414822,3.1861562751,-0.5497137212,0.4672000000,0.0422866409,-0.1567946522,2.5118782758,0.2460150388,0.4672000000,0.0422866409,-0.1567946522,2.5118782758,0.2460150388
