Instance,INF_avg,INF_sd,INF_r1,INF_kr,INF_sk,SUP_avg,SUP_sd,SUP_r1,SUP_kr,SUP_sk,INC_avg,INC_sd,INC_r1,INC_kr,INC_sk,IND_avg,IND_sd,IND_r1,IND_kr,IND_sk
302,0.2593000000,0.0380264382,0.3031522277,2.6339792296,0.3161126690,0.2464500000,0.0349949639,0.3645215863,4.9102315224,0.6459577410,0.4942500000,0.0400523095,0.1102204596,3.9542913045,-0.0895529898,0.4942500000,0.0400523095,0.1102204596,3.9542913045,-0.0895529898
