Instance,INF_avg,INF_sd,INF_r1,INF_kr,INF_sk,SUP_avg,SUP_sd,SUP_r1,SUP_kr,SUP_sk,INC_avg,INC_sd,INC_r1,INC_kr,INC_sk,IND_avg,IND_sd,IND_r1,IND_kr,IND_sk
377,0.2600000000,0.0414728827,0.1818181818,1.8185505679,0.0504672721,0.2600000000,0.0644980620,-0.1851851852,1.7825443787,-0.2146755022,0.4800000000,0.0433589668,-0.6666666667,1.7032593934,0.5741284646,0.4800000000,0.0433589668,-0.6666666667,1.7032593934,0.5741284646
