Instance,INF_avg,INF_sd,INF_r1,INF_kr,INF_sk,SUP_avg,SUP_sd,SUP_r1,SUP_kr,SUP_sk,INC_avg,INC_sd,INC_r1,INC_kr,INC_sk,IND_avg,IND_sd,IND_r1,IND_kr,IND_sk
122,0.2684210526,0.1210812323,-0.1010636189,2.8809547026,0.5444381250,0.2000000000,0.0786397516,-0.2051282051,2.8297872340,-0.2029183268,0.5315789474,0.1248267497,-0.1971305192,2.8183573333,0.4222554223,0.5315789474,0.1248267497,-0.1971305192,2.8183573333,0.4222554223
