Instance,INF_avg,INF_sd,INF_r1,INF_kr,INF_sk,SUP_avg,SUP_sd,SUP_r1,SUP_kr,SUP_sk,INC_avg,INC_sd,INC_r1,INC_kr,INC_sk,IND_avg,IND_sd,IND_r1,IND_kr,IND_sk
388,0.2250000000,0.0680073525,0.0684931507,2.5894813733,-0.0000000000,0.2800000000,0.0600000000,-0.3006756757,2.4398148148,0.4583333333,0.4950000000,0.0960468636,-0.0495537088,1.6951770331,0.1422070027,0.4950000000,0.0960468636,-0.0495537088,1.6951770331,0.1422070027
