Instance,INF_avg,INF_sd,INF_r1,INF_kr,INF_sk,SUP_avg,SUP_sd,SUP_r1,SUP_kr,SUP_sk,INC_avg,INC_sd,INC_r1,INC_kr,INC_sk,IND_avg,IND_sd,IND_r1,IND_kr,IND_sk
227,0.2230000000,0.0985951317,0.2010731020,3.4528722937,0.4899444881,0.2460000000,0.1186760296,0.1607669575,2.7830987056,0.5573492255,0.5310000000,0.1244548111,-0.0027849935,2.8097937010,-0.0416396789,0.5310000000,0.1244548111,-0.0027849935,2.8097937010,-0.0416396789
