Instance,INF_avg,INF_sd,INF_r1,INF_kr,INF_sk,SUP_avg,SUP_sd,SUP_r1,SUP_kr,SUP_sk,INC_avg,INC_sd,INC_r1,INC_kr,INC_sk,IND_avg,IND_sd,IND_r1,IND_kr,IND_sk
316,0.2360000000,0.0320000000,-0.0301507538,1.4189453125,0.0351562500,0.2920000000,0.0676461381,-0.4461646728,2.1267788156,-0.3982054807,0.4720000000,0.0483321839,-0.7417417417,2.5052542691,0.8978957038,0.4720000000,0.0483321839,-0.7417417417,2.5052542691,0.8978957038
