Instance,INF_avg,INF_sd,INF_r1,INF_kr,INF_sk,SUP_avg,SUP_sd,SUP_r1,SUP_kr,SUP_sk,INC_avg,INC_sd,INC_r1,INC_kr,INC_sk,IND_avg,IND_sd,IND_r1,IND_kr,IND_sk
111,0.2839000000,0.0271530845,0.2392671105,2.7994854534,0.8222845443,0.2632000000,0.0302615267,0.2733534022,2.9617318878,-0.3999691730,0.4529000000,0.0307423161,-0.0647636245,2.6483596968,0.0046749778,0.4529000000,0.0307423161,-0.0647636245,2.6483596968,0.0046749778
