Instance,INF_avg,INF_sd,INF_r1,INF_kr,INF_sk,SUP_avg,SUP_sd,SUP_r1,SUP_kr,SUP_sk,INC_avg,INC_sd,INC_r1,INC_kr,INC_sk,IND_avg,IND_sd,IND_r1,IND_kr,IND_sk
25,0.3547826087,0.0867214213,0.4288598088,2.4229030006,0.1113749179,0.1402898551,0.0778324290,0.5301487897,2.2384612725,0.3977599541,0.5049275362,0.0684745417,-0.0937925100,2.4771971647,-0.0042789992,0.5049275362,0.0684745417,-0.0937925100,2.4771971647,-0.0042789992
