Instance,INF_avg,INF_sd,INF_r1,INF_kr,INF_sk,SUP_avg,SUP_sd,SUP_r1,SUP_kr,SUP_sk,INC_avg,INC_sd,INC_r1,INC_kr,INC_sk,IND_avg,IND_sd,IND_r1,IND_kr,IND_sk
2,0.2571428571,0.0979379229,-0.4175627240,3.5658669081,0.9403636686,0.1857142857,0.1456862718,-0.4957264957,5.2451923077,1.6349297035,0.5571428571,0.1449841652,0.3503140265,7.2997454991,-2.1811172371,0.5571428571,0.1449841652,0.3503140265,7.2997454991,-2.1811172371
