Instance,INF_avg,INF_sd,INF_r1,INF_kr,INF_sk,SUP_avg,SUP_sd,SUP_r1,SUP_kr,SUP_sk,INC_avg,INC_sd,INC_r1,INC_kr,INC_sk,IND_avg,IND_sd,IND_r1,IND_kr,IND_sk
218,0.3300000000,0.1288409873,0.2128279883,1.5489185658,0.0252482701,0.2900000000,0.1200000000,0.5801526718,1.3981481481,-0.1111111111,0.3800000000,0.0812403840,-0.5950920245,2.2685950413,-0.1790421687,0.3800000000,0.0812403840,-0.5950920245,2.2685950413,-0.1790421687
