Instance,INF_avg,INF_sd,INF_r1,INF_kr,INF_sk,SUP_avg,SUP_sd,SUP_r1,SUP_kr,SUP_sk,INC_avg,INC_sd,INC_r1,INC_kr,INC_sk,IND_avg,IND_sd,IND_r1,IND_kr,IND_sk
292,0.2322000000,0.0571240755,-0.0573299870,2.5309651463,0.3619672040,0.2788000000,0.0673985163,0.2269180523,2.6361470217,0.0722328641,0.4890000000,0.0733416662,-0.0692884985,2.9978763129,-0.3182774781,0.4890000000,0.0733416662,-0.0692884985,2.9978763129,-0.3182774781
