Instance,INF_avg,INF_sd,INF_r1,INF_kr,INF_sk,SUP_avg,SUP_sd,SUP_r1,SUP_kr,SUP_sk,INC_avg,INC_sd,INC_r1,INC_kr,INC_sk,IND_avg,IND_sd,IND_r1,IND_kr,IND_sk
459,0.2644000000,0.0333412657,-0.0364878271,2.8846840475,0.1240079838,0.2507000000,0.0297659201,-0.1323324628,3.5274327299,-0.5203622849,0.4849000000,0.0359929160,-0.0399102907,2.6938160498,-0.4446608529,0.4849000000,0.0359929160,-0.0399102907,2.6938160498,-0.4446608529
