Instance,INF_avg,INF_sd,INF_r1,INF_kr,INF_sk,SUP_avg,SUP_sd,SUP_r1,SUP_kr,SUP_sk,INC_avg,INC_sd,INC_r1,INC_kr,INC_sk,IND_avg,IND_sd,IND_r1,IND_kr,IND_sk
67,0.2524000000,0.0382915134,0.2708812100,2.6863988781,0.2306412344,0.2676000000,0.0428280282,-0.0052231970,2.5628455704,-0.3358031426,0.4800000000,0.0443621460,0.2069672131,2.9508724965,0.3023892067,0.4800000000,0.0443621460,0.2069672131,2.9508724965,0.3023892067
