Instance,INF_avg,INF_sd,INF_r1,INF_kr,INF_sk,SUP_avg,SUP_sd,SUP_r1,SUP_kr,SUP_sk,INC_avg,INC_sd,INC_r1,INC_kr,INC_sk,IND_avg,IND_sd,IND_r1,IND_kr,IND_sk
26,0.2700000000,0.0678232998,-0.5044247788,2.3638941399,-0.7500308204,0.2100000000,0.0583095189,-0.1363636364,2.6660899654,-1.1500493357,0.5200000000,0.0678232998,-0.8141592920,1.2296786389,0.2115471545,0.5200000000,0.0678232998,-0.8141592920,1.2296786389,0.2115471545
