Instance,INF_avg,INF_sd,INF_r1,INF_kr,INF_sk,SUP_avg,SUP_sd,SUP_r1,SUP_kr,SUP_sk,INC_avg,INC_sd,INC_r1,INC_kr,INC_sk,IND_avg,IND_sd,IND_r1,IND_kr,IND_sk
426,0.2450000000,0.0756637298,-0.1508553655,2.5624416010,0.3428176844,0.2750000000,0.1167261753,0.1004784689,1.7325982661,-0.7545299439,0.4800000000,0.1208304597,-0.2740384615,2.2519234378,-0.1224403232,0.4800000000,0.1208304597,-0.2740384615,2.2519234378,-0.1224403232
