Instance,INF_avg,INF_sd,INF_r1,INF_kr,INF_sk,SUP_avg,SUP_sd,SUP_r1,SUP_kr,SUP_sk,INC_avg,INC_sd,INC_r1,INC_kr,INC_sk,IND_avg,IND_sd,IND_r1,IND_kr,IND_sk
280,0.3420000000,0.1484452761,-0.1388698220,2.5841064841,-0.0093618735,0.1680000000,0.1066583330,-0.1788688663,2.5858213605,0.2677424372,0.4900000000,0.1723368794,-0.0604483309,2.8457980478,0.4595181221,0.4900000000,0.1723368794,-0.0604483309,2.8457980478,0.4595181221
