Instance,INF_avg,INF_sd,INF_r1,INF_kr,INF_sk,SUP_avg,SUP_sd,SUP_r1,SUP_kr,SUP_sk,INC_avg,INC_sd,INC_r1,INC_kr,INC_sk,IND_avg,IND_sd,IND_r1,IND_kr,IND_sk
322,0.2552000000,0.0395089863,0.0758723993,3.6171787179,-0.7895256457,0.2084000000,0.0371677279,0.2170795621,2.5495465106,0.1494792108,0.5364000000,0.0522210685,0.1961464667,3.6118800238,0.3630297859,0.5364000000,0.0522210685,0.1961464667,3.6118800238,0.3630297859
