Instance,INF_avg,INF_sd,INF_r1,INF_kr,INF_sk,SUP_avg,SUP_sd,SUP_r1,SUP_kr,SUP_sk,INC_avg,INC_sd,INC_r1,INC_kr,INC_sk,IND_avg,IND_sd,IND_r1,IND_kr,IND_sk
462,0.2440000000,0.1235475617,0.1116224076,2.7705556215,0.2333020496,0.2470000000,0.1260595098,-0.0086389046,2.5333776531,0.4720150219,0.5090000000,0.1442879066,-0.0680578294,2.9782328186,0.2220950608,0.5090000000,0.1442879066,-0.0680578294,2.9782328186,0.2220950608
