Instance,INF_avg,INF_sd,INF_r1,INF_kr,INF_sk,SUP_avg,SUP_sd,SUP_r1,SUP_kr,SUP_sk,INC_avg,INC_sd,INC_r1,INC_kr,INC_sk,IND_avg,IND_sd,IND_r1,IND_kr,IND_sk
345,0.2260000000,0.0214242853,-0.2736331119,2.0685633731,0.0683361087,0.2745000000,0.0364314425,0.1571785234,1.8728244162,-0.1374560653,0.4995000000,0.0392714909,0.1530989664,3.4574436981,0.8144111862,0.4995000000,0.0392714909,0.1530989664,3.4574436981,0.8144111862
