Instance,INF_avg,INF_sd,INF_r1,INF_kr,INF_sk,SUP_avg,SUP_sd,SUP_r1,SUP_kr,SUP_sk,INC_avg,INC_sd,INC_r1,INC_kr,INC_sk,IND_avg,IND_sd,IND_r1,IND_kr,IND_sk
229,0.3010000000,0.0408533964,-0.5980586015,3.8440432645,1.1335744279,0.2520000000,0.0517300686,-0.4654259343,4.2513020571,1.1380219807,0.4470000000,0.0355105618,0.0528366204,2.5988820977,-0.7709895259,0.4470000000,0.0355105618,0.0528366204,2.5988820977,-0.7709895259
