Instance,INF_avg,INF_sd,INF_r1,INF_kr,INF_sk,SUP_avg,SUP_sd,SUP_r1,SUP_kr,SUP_sk,INC_avg,INC_sd,INC_r1,INC_kr,INC_sk,IND_avg,IND_sd,IND_r1,IND_kr,IND_sk
52,0.2670000000,0.0951892851,0.1452090336,3.1303526147,0.3251857526,0.2680000000,0.0996293130,0.1198312823,2.9264113578,0.4304329559,0.4650000000,0.1158663023,0.2452971176,3.1762117287,-0.2892950963,0.4650000000,0.1158663023,0.2452971176,3.1762117287,-0.2892950963
