Instance,INF_avg,INF_sd,INF_r1,INF_kr,INF_sk,SUP_avg,SUP_sd,SUP_r1,SUP_kr,SUP_sk,INC_avg,INC_sd,INC_r1,INC_kr,INC_sk,IND_avg,IND_sd,IND_r1,IND_kr,IND_sk
118,0.2345000000,0.1019055936,-0.0081775822,3.1601742757,0.4232069713,0.2625000000,0.1010878331,-0.0451394238,2.8253233454,-0.0521846121,0.5030000000,0.1184947256,-0.0418079485,3.1257136906,0.0818038663,0.5030000000,0.1184947256,-0.0418079485,3.1257136906,0.0818038663
