Instance,INF_avg,INF_sd,INF_r1,INF_kr,INF_sk,SUP_avg,SUP_sd,SUP_r1,SUP_kr,SUP_sk,INC_avg,INC_sd,INC_r1,INC_kr,INC_sk,IND_avg,IND_sd,IND_r1,IND_kr,IND_sk
129,0.2651000000,0.0397427981,0.0035350878,2.5463244127,-0.2846964100,0.2491000000,0.0377980158,-0.1072539702,3.3801634414,0.7957292825,0.4858000000,0.0419685597,0.0345638564,2.3963425387,0.1395019068,0.4858000000,0.0419685597,0.0345638564,2.3963425387,0.1395019068
