Instance,INF_avg,INF_sd,INF_r1,INF_kr,INF_sk,SUP_avg,SUP_sd,SUP_r1,SUP_kr,SUP_sk,INC_avg,INC_sd,INC_r1,INC_kr,INC_sk,IND_avg,IND_sd,IND_r1,IND_kr,IND_sk
146,0.2400000000,0.1183215957,-0.1682808717,2.5840816327,0.7642609189,0.2140000000,0.1015086203,-0.1902770343,2.8146929613,0.3628183737,0.5460000000,0.1224091500,0.1318369178,2.7184150013,0.0435464657,0.5460000000,0.1224091500,0.1318369178,2.7184150013,0.0435464657
