Instance,INF_avg,INF_sd,INF_r1,INF_kr,INF_sk,SUP_avg,SUP_sd,SUP_r1,SUP_kr,SUP_sk,INC_avg,INC_sd,INC_r1,INC_kr,INC_sk,IND_avg,IND_sd,IND_r1,IND_kr,IND_sk
481,0.2200000000,0.2135415650,-0.7322097378,2.2746999077,0.8478566294,0.2400000000,0.1356465997,0.4277108434,1.2296786389,0.2115471545,0.5400000000,0.2332380758,-0.7455621302,1.6280276817,0.3631734744,0.5400000000,0.2332380758,-0.7455621302,1.6280276817,0.3631734744
