Instance,INF_avg,INF_sd,INF_r1,INF_kr,INF_sk,SUP_avg,SUP_sd,SUP_r1,SUP_kr,SUP_sk,INC_avg,INC_sd,INC_r1,INC_kr,INC_sk,IND_avg,IND_sd,IND_r1,IND_kr,IND_sk
14,0.2691000000,0.0491547556,0.2154002032,2.8969406707,-0.2443902939,0.2671000000,0.0551778035,0.1868714253,2.6796567719,-0.0560596798,0.4638000000,0.0546768690,0.1267120740,3.3203880249,-0.0780366642,0.4638000000,0.0546768690,0.1267120740,3.3203880249,-0.0780366642
