Instance,INF_avg,INF_sd,INF_r1,INF_kr,INF_sk,SUP_avg,SUP_sd,SUP_r1,SUP_kr,SUP_sk,INC_avg,INC_sd,INC_r1,INC_kr,INC_sk,IND_avg,IND_sd,IND_r1,IND_kr,IND_sk
44,0.2430000000,0.0627614531,-0.0394444146,2.7084058163,-0.1716626993,0.2650000000,0.0638357267,-0.0828838882,2.4613542098,0.1320490624,0.4920000000,0.0746726188,0.0526889743,2.6330883125,-0.0401177284,0.4920000000,0.0746726188,0.0526889743,2.6330883125,-0.0401177284
