Instance,INF_avg,INF_sd,INF_r1,INF_kr,INF_sk,SUP_avg,SUP_sd,SUP_r1,SUP_kr,SUP_sk,INC_avg,INC_sd,INC_r1,INC_kr,INC_sk,IND_avg,IND_sd,IND_r1,IND_kr,IND_sk
490,0.2240000000,0.0320000000,-0.5316901408,1.4189453125,-0.0351562500,0.2840000000,0.0320000000,0.0282131661,2.5908203125,0.5507812500,0.4920000000,0.0601331855,-0.2164662350,2.0385699742,-0.0988955201,0.4920000000,0.0601331855,-0.2164662350,2.0385699742,-0.0988955201
