Instance,INF_avg,INF_sd,INF_r1,INF_kr,INF_sk,SUP_avg,SUP_sd,SUP_r1,SUP_kr,SUP_sk,INC_avg,INC_sd,INC_r1,INC_kr,INC_sk,IND_avg,IND_sd,IND_r1,IND_kr,IND_sk
56,0.1900000000,0.0888819442,0.2700258398,1.8469796507,0.6237829122,0.3050000000,0.0820060973,-0.2065264062,2.5126380232,-0.0244790937,0.5050000000,0.1233896268,-0.1258167197,1.3639334450,-0.0750556103,0.5050000000,0.1233896268,-0.1258167197,1.3639334450,-0.0750556103
