Instance,INF_avg,INF_sd,INF_r1,INF_kr,INF_sk,SUP_avg,SUP_sd,SUP_r1,SUP_kr,SUP_sk,INC_avg,INC_sd,INC_r1,INC_kr,INC_sk,IND_avg,IND_sd,IND_r1,IND_kr,IND_sk
21,0.4101000000,0.0983208523,0.7646640146,2.3489854460,0.0741634634,0.1291000000,0.0717926876,0.8031146490,2.7608554481,0.7200085722,0.4608000000,0.0568450526,0.3317351589,3.3718160806,-0.2338533265,0.4608000000,0.0568450526,0.3317351589,3.3718160806,-0.2338533265
