Instance,INF_avg,INF_sd,INF_r1,INF_kr,INF_sk,SUP_avg,SUP_sd,SUP_r1,SUP_kr,SUP_sk,INC_avg,INC_sd,INC_r1,INC_kr,INC_sk,IND_avg,IND_sd,IND_r1,IND_kr,IND_sk
408,0.2410000000,0.0342636834,-1.2037914692,2.2234458120,0.1293207464,0.2570000000,0.0416653333,-0.5558126084,1.4837966404,0.0079633885,0.5020000000,0.0320312348,-0.5082230245,3.0863456562,1.3795014410,0.5020000000,0.0320312348,-0.5082230245,3.0863456562,1.3795014410
