Instance,INF_avg,INF_sd,INF_r1,INF_kr,INF_sk,SUP_avg,SUP_sd,SUP_r1,SUP_kr,SUP_sk,INC_avg,INC_sd,INC_r1,INC_kr,INC_sk,IND_avg,IND_sd,IND_r1,IND_kr,IND_sk
92,0.3286567164,0.0807963262,0.3593445107,2.7383199147,-0.1021620142,0.1658208955,0.0771826532,0.5168812132,2.8384642977,0.4195594306,0.5055223881,0.0692989109,0.0339899113,3.5913354510,-0.1188426156,0.5055223881,0.0692989109,0.0339899113,3.5913354510,-0.1188426156
