Instance,INF_avg,INF_sd,INF_r1,INF_kr,INF_sk,SUP_avg,SUP_sd,SUP_r1,SUP_kr,SUP_sk,INC_avg,INC_sd,INC_r1,INC_kr,INC_sk,IND_avg,IND_sd,IND_r1,IND_kr,IND_sk
360,0.2404000000,0.0221774660,0.0577314173,3.5564978153,-0.6252676019,0.2640000000,0.0262297541,0.1655230026,2.7963088156,-0.0398978818,0.4956000000,0.0308972491,0.0976567148,3.0244397072,0.0215770748,0.4956000000,0.0308972491,0.0976567148,3.0244397072,0.0215770748
