Instance,INF_avg,INF_sd,INF_r1,INF_kr,INF_sk,SUP_avg,SUP_sd,SUP_r1,SUP_kr,SUP_sk,INC_avg,INC_sd,INC_r1,INC_kr,INC_sk,IND_avg,IND_sd,IND_r1,IND_kr,IND_sk
387,0.2900000000,0.0583095189,-0.7415730337,1.6280276817,-0.3631734744,0.1800000000,0.0927361850,-0.8006993007,1.5091941590,-0.1579875514,0.5300000000,0.0400000000,-0.7605633803,2.0781250000,0.8437500000,0.5300000000,0.0400000000,-0.7605633803,2.0781250000,0.8437500000
