Instance,INF_avg,INF_sd,INF_r1,INF_kr,INF_sk,SUP_avg,SUP_sd,SUP_r1,SUP_kr,SUP_sk,INC_avg,INC_sd,INC_r1,INC_kr,INC_sk,IND_avg,IND_sd,IND_r1,IND_kr,IND_sk
204,0.2590000000,0.0337490741,0.1039671683,2.1291854522,-0.0873304615,0.2375000000,0.0287445647,0.3398940197,2.6392528626,0.2589452250,0.5035000000,0.0264622372,-0.3279837750,2.2216904734,0.2208289202,0.5035000000,0.0264622372,-0.3279837750,2.2216904734,0.2208289202
