Instance,INF_avg,INF_sd,INF_r1,INF_kr,INF_sk,SUP_avg,SUP_sd,SUP_r1,SUP_kr,SUP_sk,INC_avg,INC_sd,INC_r1,INC_kr,INC_sk,IND_avg,IND_sd,IND_r1,IND_kr,IND_sk
268,0.2500000000,0.1031988372,-0.1327014218,3.0318058586,0.2524867405,0.2595000000,0.1050464183,0.0742802998,3.0020747190,0.3695796038,0.4905000000,0.1201447044,0.0278974331,3.2128018929,-0.6192860415,0.4905000000,0.1201447044,0.0278974331,3.2128018929,-0.6192860415
