Instance,INF_avg,INF_sd,INF_r1,INF_kr,INF_sk,SUP_avg,SUP_sd,SUP_r1,SUP_kr,SUP_sk,INC_avg,INC_sd,INC_r1,INC_kr,INC_sk,IND_avg,IND_sd,IND_r1,IND_kr,IND_sk
208,0.1800000000,0.0509901951,0.3181818182,1.9556213018,-0.2715454179,0.2300000000,0.0871779789,-0.8277945619,1.7957063712,-0.0543353054,0.5900000000,0.1113552873,-0.4943457189,2.5476066597,-0.3997666400,0.5900000000,0.1113552873,-0.4943457189,2.5476066597,-0.3997666400
