Instance,INF_avg,INF_sd,INF_r1,INF_kr,INF_sk,SUP_avg,SUP_sd,SUP_r1,SUP_kr,SUP_sk,INC_avg,INC_sd,INC_r1,INC_kr,INC_sk,IND_avg,IND_sd,IND_r1,IND_kr,IND_sk
484,0.2540000000,0.1099272487,0.1159040931,2.7208773935,-0.3162333433,0.2430000000,0.1005037313,-0.0296778167,2.6429615384,0.0442912954,0.5030000000,0.1155032467,0.0531989106,3.2243976972,-0.2288204340,0.5030000000,0.1155032467,0.0531989106,3.2243976972,-0.2288204340
