Instance,INF_avg,INF_sd,INF_r1,INF_kr,INF_sk,SUP_avg,SUP_sd,SUP_r1,SUP_kr,SUP_sk,INC_avg,INC_sd,INC_r1,INC_kr,INC_sk,IND_avg,IND_sd,IND_r1,IND_kr,IND_sk
52,0.2600000000,0.0489897949,0.4230769231,1.1666666667,-0.4082482905,0.2000000000,0.1788854382,0.2666666667,1.9531250000,0.6288941187,0.5400000000,0.1356465997,0.1855203620,2.3638941399,-0.7500308204,0.5400000000,0.1356465997,0.1855203620,2.3638941399,-0.7500308204
