Instance,INF_avg,INF_sd,INF_r1,INF_kr,INF_sk,SUP_avg,SUP_sd,SUP_r1,SUP_kr,SUP_sk,INC_avg,INC_sd,INC_r1,INC_kr,INC_sk,IND_avg,IND_sd,IND_r1,IND_kr,IND_sk
104,0.2940000000,0.1405844942,0.0133396480,2.7088335744,0.3656518384,0.2320000000,0.1406271666,0.0504091952,4.6045888711,0.8445522520,0.4740000000,0.1610093165,0.0999179955,2.3610590829,0.0238734711,0.4740000000,0.1610093165,0.0999179955,2.3610590829,0.0238734711
