Instance,INF_avg,INF_sd,INF_r1,INF_kr,INF_sk,SUP_avg,SUP_sd,SUP_r1,SUP_kr,SUP_sk,INC_avg,INC_sd,INC_r1,INC_kr,INC_sk,IND_avg,IND_sd,IND_r1,IND_kr,IND_sk
1,0.2620000000,0.0437264222,0.0752615592,2.1541814744,0.0301417670,0.2750000000,0.0424852916,0.0362981435,2.5706447925,0.2433300974,0.4630000000,0.0472122865,0.2040280921,2.6049879630,0.0993194483,0.4630000000,0.0472122865,0.2040280921,2.6049879630,0.0993194483
