Instance,INF_avg,INF_sd,INF_r1,INF_kr,INF_sk,SUP_avg,SUP_sd,SUP_r1,SUP_kr,SUP_sk,INC_avg,INC_sd,INC_r1,INC_kr,INC_sk,IND_avg,IND_sd,IND_r1,IND_kr,IND_sk
498,0.2132000000,0.0651901833,0.1494699348,2.4462577191,0.1327215799,0.2676000000,0.0761986877,0.2309025754,3.0331184257,0.0820444520,0.5192000000,0.0770931904,0.0604848156,3.5049049296,0.5049941534,0.5192000000,0.0770931904,0.0604848156,3.5049049296,0.5049941534
