Instance,INF_avg,INF_sd,INF_r1,INF_kr,INF_sk,SUP_avg,SUP_sd,SUP_r1,SUP_kr,SUP_sk,INC_avg,INC_sd,INC_r1,INC_kr,INC_sk,IND_avg,IND_sd,IND_r1,IND_kr,IND_sk
16,0.2800000000,0.0654217089,-0.3571428571,1.4553672810,0.0385707516,0.3620000000,0.0752063827,-0.6777024946,1.8869508592,-0.0511181747,0.3580000000,0.0560000000,-0.7991407089,1.9380466472,0.5160349854,0.3580000000,0.0560000000,-0.7991407089,1.9380466472,0.5160349854
