Instance,INF_avg,INF_sd,INF_r1,INF_kr,INF_sk,SUP_avg,SUP_sd,SUP_r1,SUP_kr,SUP_sk,INC_avg,INC_sd,INC_r1,INC_kr,INC_sk,IND_avg,IND_sd,IND_r1,IND_kr,IND_sk
404,0.2720000000,0.0483321839,-0.0205580029,1.8297053856,-0.1224403232,0.1760000000,0.0649923072,0.0354535975,1.3517561983,-0.1356803935,0.5520000000,0.0271293199,-0.8023255814,2.3638941399,0.7500308204,0.5520000000,0.0271293199,-0.8023255814,2.3638941399,0.7500308204
