Instance,INF_avg,INF_sd,INF_r1,INF_kr,INF_sk,SUP_avg,SUP_sd,SUP_r1,SUP_kr,SUP_sk,INC_avg,INC_sd,INC_r1,INC_kr,INC_sk,IND_avg,IND_sd,IND_r1,IND_kr,IND_sk
150,0.2500000000,0.0969535971,-0.0322580645,2.7444545043,0.3620946928,0.2640000000,0.0900222195,-0.4561929073,2.0737865790,0.3178550577,0.4860000000,0.1053755190,-0.2614075114,2.5225185617,-0.4750815003,0.4860000000,0.1053755190,-0.2614075114,2.5225185617,-0.4750815003
