Instance,INF_avg,INF_sd,INF_r1,INF_kr,INF_sk,SUP_avg,SUP_sd,SUP_r1,SUP_kr,SUP_sk,INC_avg,INC_sd,INC_r1,INC_kr,INC_sk,IND_avg,IND_sd,IND_r1,IND_kr,IND_sk
14,0.3030000000,0.0287402157,-0.2467464862,2.4337980524,0.2006788861,0.2170000000,0.0218174242,0.3165856294,1.4934150131,-0.2565215122,0.4800000000,0.0396232255,0.8389830508,2.2298064830,-0.8101791415,0.4800000000,0.0396232255,0.8389830508,2.2298064830,-0.8101791415
