Instance,INF_avg,INF_sd,INF_r1,INF_kr,INF_sk,SUP_avg,SUP_sd,SUP_r1,SUP_kr,SUP_sk,INC_avg,INC_sd,INC_r1,INC_kr,INC_sk,IND_avg,IND_sd,IND_r1,IND_kr,IND_sk
328,0.2000000000,0.1095445115,-0.3333333333,2.5000000000,-0.0000000000,0.2800000000,0.1469693846,-0.2894248609,2.1954732510,-0.4082482905,0.5200000000,0.1166190379,-0.4011799410,2.1470588235,-0.3934379306,0.5200000000,0.1166190379,-0.4011799410,2.1470588235,-0.3934379306
