Instance,INF_avg,INF_sd,INF_r1,INF_kr,INF_sk,SUP_avg,SUP_sd,SUP_r1,SUP_kr,SUP_sk,INC_avg,INC_sd,INC_r1,INC_kr,INC_sk,IND_avg,IND_sd,IND_r1,IND_kr,IND_sk
360,0.2260000000,0.1087382178,0.2366820829,2.0798609649,0.2995611753,0.2860000000,0.1015086203,-0.1342000125,3.1074243615,0.5263298670,0.4880000000,0.0828009662,0.1677665347,2.3224424024,0.2792824192,0.4880000000,0.0828009662,0.1677665347,2.3224424024,0.2792824192
