Instance,INF_avg,INF_sd,INF_r1,INF_kr,INF_sk,SUP_avg,SUP_sd,SUP_r1,SUP_kr,SUP_sk,INC_avg,INC_sd,INC_r1,INC_kr,INC_sk,IND_avg,IND_sd,IND_r1,IND_kr,IND_sk
307,0.2700000000,0.0540740233,0.0448695652,2.5906175788,0.1745593153,0.2568000000,0.0652821568,0.1824383666,3.8662598796,0.6308231947,0.4732000000,0.0654351587,-0.0886766568,3.3057116963,-0.1679565261,0.4732000000,0.0654351587,-0.0886766568,3.3057116963,-0.1679565261
