Instance,INF_avg,INF_sd,INF_r1,INF_kr,INF_sk,SUP_avg,SUP_sd,SUP_r1,SUP_kr,SUP_sk,INC_avg,INC_sd,INC_r1,INC_kr,INC_sk,IND_avg,IND_sd,IND_r1,IND_kr,IND_sk
263,0.3850980392,0.1025818191,0.4448496423,2.1369594371,0.0322830359,0.1462745098,0.0772558973,0.4341219695,3.1696020657,0.7552985064,0.4686274510,0.0855207717,-0.1111059716,2.4775914100,0.1382159242,0.4686274510,0.0855207717,-0.1111059716,2.4775914100,0.1382159242
