Instance,INF_avg,INF_sd,INF_r1,INF_kr,INF_sk,SUP_avg,SUP_sd,SUP_r1,SUP_kr,SUP_sk,INC_avg,INC_sd,INC_r1,INC_kr,INC_sk,IND_avg,IND_sd,IND_r1,IND_kr,IND_sk
398,0.3750000000,0.2487468593,-0.0430379747,2.0198959290,-0.2984657754,0.1750000000,0.1479019946,-0.6263736264,1.8457142857,0.4346507596,0.4500000000,0.1658312395,0.3142857143,1.6280991736,-0.4933822002,0.4500000000,0.1658312395,0.3142857143,1.6280991736,-0.4933822002
