Instance,INF_avg,INF_sd,INF_r1,INF_kr,INF_sk,SUP_avg,SUP_sd,SUP_r1,SUP_kr,SUP_sk,INC_avg,INC_sd,INC_r1,INC_kr,INC_sk,IND_avg,IND_sd,IND_r1,IND_kr,IND_sk
245,0.2150000000,0.0895823643,0.4516971279,2.1329082598,-0.3505362846,0.3000000000,0.1118033989,-0.4634146341,1.6400000000,-0.2146625258,0.4850000000,0.1304798835,0.5376155961,2.4254238713,0.3970433297,0.4850000000,0.1304798835,0.5376155961,2.4254238713,0.3970433297
