Instance,INF_avg,INF_sd,INF_r1,INF_kr,INF_sk,SUP_avg,SUP_sd,SUP_r1,SUP_kr,SUP_sk,INC_avg,INC_sd,INC_r1,INC_kr,INC_sk,IND_avg,IND_sd,IND_r1,IND_kr,IND_sk
399,0.5170714286,0.1102642698,0.8844512219,2.1704854830,-0.2417259485,0.0685000000,0.0584706886,0.8904955882,3.2730554961,1.1248462521,0.4144285714,0.0654792380,0.6319546280,2.2257450093,-0.1838853805,0.4144285714,0.0654792380,0.6319546280,2.2257450093,-0.1838853805
