Instance,INF_avg,INF_sd,INF_r1,INF_kr,INF_sk,SUP_avg,SUP_sd,SUP_r1,SUP_kr,SUP_sk,INC_avg,INC_sd,INC_r1,INC_kr,INC_sk,IND_avg,IND_sd,IND_r1,IND_kr,IND_sk
13,0.2600000000,0.1157583690,-0.5463494668,2.5997995099,0.6266269475,0.2250000000,0.0813941030,-0.0309278351,2.9138483446,0.5563427473,0.5150000000,0.0923309266,-0.3299613210,2.3293315331,-0.8251588728,0.5150000000,0.0923309266,-0.3299613210,2.3293315331,-0.8251588728
