Instance,INF_avg,INF_sd,INF_r1,INF_kr,INF_sk,SUP_avg,SUP_sd,SUP_r1,SUP_kr,SUP_sk,INC_avg,INC_sd,INC_r1,INC_kr,INC_sk,IND_avg,IND_sd,IND_r1,IND_kr,IND_sk
183,0.2420000000,0.0369594372,-0.0858510320,2.6364405163,0.9259092136,0.2600000000,0.0424264069,-0.5116279070,2.2925925926,0.3142696805,0.4980000000,0.0314006369,0.3522785458,2.0555134973,-0.5418424734,0.4980000000,0.0314006369,0.3522785458,2.0555134973,-0.5418424734
