Instance,INF_avg,INF_sd,INF_r1,INF_kr,INF_sk,SUP_avg,SUP_sd,SUP_r1,SUP_kr,SUP_sk,INC_avg,INC_sd,INC_r1,INC_kr,INC_sk,IND_avg,IND_sd,IND_r1,IND_kr,IND_sk
121,0.2650500000,0.0278791589,0.1417078990,2.8257656230,0.1005889562,0.2524000000,0.0312368372,0.1449415440,2.5705844536,0.3320593694,0.4825500000,0.0351033830,0.2298011703,2.7086937932,-0.1533779398,0.4825500000,0.0351033830,0.2298011703,2.7086937932,-0.1533779398
