Instance,INF_avg,INF_sd,INF_r1,INF_kr,INF_sk,SUP_avg,SUP_sd,SUP_r1,SUP_kr,SUP_sk,INC_avg,INC_sd,INC_r1,INC_kr,INC_sk,IND_avg,IND_sd,IND_r1,IND_kr,IND_sk
358,0.2800000000,0.1077032961,-0.3503649635,2.0535077289,-0.5570860145,0.2900000000,0.1300000000,0.1497366441,1.7932495361,-0.0873918980,0.4300000000,0.1486606875,0.6218771101,2.0224196884,0.2081937516,0.4300000000,0.1486606875,0.6218771101,2.0224196884,0.2081937516
