Instance,INF_avg,INF_sd,INF_r1,INF_kr,INF_sk,SUP_avg,SUP_sd,SUP_r1,SUP_kr,SUP_sk,INC_avg,INC_sd,INC_r1,INC_kr,INC_sk,IND_avg,IND_sd,IND_r1,IND_kr,IND_sk
439,0.2650000000,0.0850000000,0.0028391386,2.9861831156,0.4054549155,0.2660000000,0.1026839812,-0.0420462136,2.7089692503,-0.1433527428,0.4690000000,0.1071867529,0.0006783042,2.2040718373,0.0980682736,0.4690000000,0.1071867529,0.0006783042,2.2040718373,0.0980682736
