Instance,INF_avg,INF_sd,INF_r1,INF_kr,INF_sk,SUP_avg,SUP_sd,SUP_r1,SUP_kr,SUP_sk,INC_avg,INC_sd,INC_r1,INC_kr,INC_sk,IND_avg,IND_sd,IND_r1,IND_kr,IND_sk
75,0.2847826087,0.1087825739,-0.0764653268,2.9386215282,0.8741412221,0.2152173913,0.0993837344,-0.0349368941,2.4485268194,-0.2580914652,0.5000000000,0.0932504808,-0.0657894737,3.9531250000,-0.3619284287,0.5000000000,0.0932504808,-0.0657894737,3.9531250000,-0.3619284287
