Instance,INF_avg,INF_sd,INF_r1,INF_kr,INF_sk,SUP_avg,SUP_sd,SUP_r1,SUP_kr,SUP_sk,INC_avg,INC_sd,INC_r1,INC_kr,INC_sk,IND_avg,IND_sd,IND_r1,IND_kr,IND_sk
291,0.1700000000,0.0244948974,-0.5384615385,1.1666666667,0.4082482905,0.4200000000,0.1166190379,-0.6994382022,2.0659602076,0.0794441975,0.4100000000,0.1157583690,-0.4855072464,2.1988193362,0.3365218792,0.4100000000,0.1157583690,-0.4855072464,2.1988193362,0.3365218792
