Instance,INF_avg,INF_sd,INF_r1,INF_kr,INF_sk,SUP_avg,SUP_sd,SUP_r1,SUP_kr,SUP_sk,INC_avg,INC_sd,INC_r1,INC_kr,INC_sk,IND_avg,IND_sd,IND_r1,IND_kr,IND_sk
213,0.2450000000,0.0722841615,0.3877551020,2.5882420274,-0.2224077128,0.2350000000,0.1001249220,-0.3043478261,2.2194949036,-0.1075962619,0.5200000000,0.0842614977,-0.3101983003,2.4850228129,-0.3911364902,0.5200000000,0.0842614977,-0.3101983003,2.4850228129,-0.3911364902
