Instance,INF_avg,INF_sd,INF_r1,INF_kr,INF_sk,SUP_avg,SUP_sd,SUP_r1,SUP_kr,SUP_sk,INC_avg,INC_sd,INC_r1,INC_kr,INC_sk,IND_avg,IND_sd,IND_r1,IND_kr,IND_sk
307,0.2460000000,0.1043264108,-0.0473245099,2.4726661472,0.0666426737,0.2390000000,0.0867698104,0.1650419146,2.2401533568,0.1336129636,0.5150000000,0.1059481005,-0.2762354619,3.5022098105,0.6255952046,0.5150000000,0.1059481005,-0.2762354619,3.5022098105,0.6255952046
