Instance,INF_avg,INF_sd,INF_r1,INF_kr,INF_sk,SUP_avg,SUP_sd,SUP_r1,SUP_kr,SUP_sk,INC_avg,INC_sd,INC_r1,INC_kr,INC_sk,IND_avg,IND_sd,IND_r1,IND_kr,IND_sk
321,0.2380000000,0.0985190337,-0.1545859402,5.2771680270,0.6574221682,0.2545000000,0.0959413884,-0.0190496075,2.7496954382,-0.0176706585,0.5075000000,0.1094017824,-0.0322627882,3.4310338199,0.1405459652,0.5075000000,0.1094017824,-0.0322627882,3.4310338199,0.1405459652
