Instance,INF_avg,INF_sd,INF_r1,INF_kr,INF_sk,SUP_avg,SUP_sd,SUP_r1,SUP_kr,SUP_sk,INC_avg,INC_sd,INC_r1,INC_kr,INC_sk,IND_avg,IND_sd,IND_r1,IND_kr,IND_sk
228,0.3630000000,0.1112474719,0.3927600316,1.4902060633,-0.0333643543,0.3460000000,0.0587707410,0.5101821401,1.7986918149,0.2512978953,0.2910000000,0.0565597030,0.1955758312,1.4442664904,-0.1105261911,0.2910000000,0.0565597030,0.1955758312,1.4442664904,-0.1105261911
