Instance,INF_avg,INF_sd,INF_r1,INF_kr,INF_sk,SUP_avg,SUP_sd,SUP_r1,SUP_kr,SUP_sk,INC_avg,INC_sd,INC_r1,INC_kr,INC_sk,IND_avg,IND_sd,IND_r1,IND_kr,IND_sk
483,0.2808000000,0.0607894728,-0.1082515293,2.6353166476,0.5858761486,0.2312000000,0.0518706082,-0.0861696149,2.5686114262,-0.0616772953,0.4880000000,0.0752595509,0.1216368980,2.1583357273,0.0162150713,0.4880000000,0.0752595509,0.1216368980,2.1583357273,0.0162150713
