Instance,INF_avg,INF_sd,INF_r1,INF_kr,INF_sk,SUP_avg,SUP_sd,SUP_r1,SUP_kr,SUP_sk,INC_avg,INC_sd,INC_r1,INC_kr,INC_sk,IND_avg,IND_sd,IND_r1,IND_kr,IND_sk
79,0.2050000000,0.0329393382,0.1478060046,2.6191891949,0.6736304163,0.3385000000,0.0368137203,-0.0865162333,2.6735540434,-1.0134031180,0.4565000000,0.0370168880,0.4922893930,2.5916807498,-0.5496980632,0.4565000000,0.0370168880,0.4922893930,2.5916807498,-0.5496980632
