Instance,INF_avg,INF_sd,INF_r1,INF_kr,INF_sk,SUP_avg,SUP_sd,SUP_r1,SUP_kr,SUP_sk,INC_avg,INC_sd,INC_r1,INC_kr,INC_sk,IND_avg,IND_sd,IND_r1,IND_kr,IND_sk
339,0.2460000000,0.1374190671,-0.3301134795,2.7898160706,0.1066164510,0.2480000000,0.1431642413,0.0116761972,2.4685943176,0.2242392667,0.5060000000,0.1502131818,0.0882322462,2.0759908250,-0.2438087876,0.5060000000,0.1502131818,0.0882322462,2.0759908250,-0.2438087876
