Instance,INF_avg,INF_sd,INF_r1,INF_kr,INF_sk,SUP_avg,SUP_sd,SUP_r1,SUP_kr,SUP_sk,INC_avg,INC_sd,INC_r1,INC_kr,INC_sk,IND_avg,IND_sd,IND_r1,IND_kr,IND_sk
77,0.2540000000,0.0397994975,-0.0954371299,1.7740664218,0.3414844395,0.2190000000,0.0385875628,0.1095451634,2.8465460388,0.7443494894,0.5270000000,0.0257099203,-0.4176683839,1.6665186613,0.1221589131,0.5270000000,0.0257099203,-0.4176683839,1.6665186613,0.1221589131
