Instance,INF_avg,INF_sd,INF_r1,INF_kr,INF_sk,SUP_avg,SUP_sd,SUP_r1,SUP_kr,SUP_sk,INC_avg,INC_sd,INC_r1,INC_kr,INC_sk,IND_avg,IND_sd,IND_r1,IND_kr,IND_sk
228,0.6188679245,0.1216965043,0.7815818628,3.7953773669,-0.9361897931,0.1043396226,0.0715992367,0.7716592707,4.8720788772,1.3581729243,0.2767924528,0.0617595332,0.4534235028,3.2991504915,0.5116556776,0.2767924528,0.0617595332,0.4534235028,3.2991504915,0.5116556776
