Instance,INF_avg,INF_sd,INF_r1,INF_kr,INF_sk,SUP_avg,SUP_sd,SUP_r1,SUP_kr,SUP_sk,INC_avg,INC_sd,INC_r1,INC_kr,INC_sk,IND_avg,IND_sd,IND_r1,IND_kr,IND_sk
307,0.3530000000,0.0347994253,-0.3205520205,2.8898917915,-0.4336755467,0.1765000000,0.0232432786,-0.6476089070,4.0649803284,-1.0509524171,0.4705000000,0.0210297408,0.2589016980,2.5646184636,0.3251472045,0.4705000000,0.0210297408,0.2589016980,2.5646184636,0.3251472045
