Instance,INF_avg,INF_sd,INF_r1,INF_kr,INF_sk,SUP_avg,SUP_sd,SUP_r1,SUP_kr,SUP_sk,INC_avg,INC_sd,INC_r1,INC_kr,INC_sk,IND_avg,IND_sd,IND_r1,IND_kr,IND_sk
459,0.2680000000,0.1737124060,-0.5691363851,2.1809869901,0.2689199998,0.2640000000,0.1646329250,-0.1175588286,2.1779215204,0.5857831728,0.4680000000,0.1462053351,-0.0130863573,2.5269326616,0.2575329730,0.4680000000,0.1462053351,-0.0130863573,2.5269326616,0.2575329730
