Instance,INF_avg,INF_sd,INF_r1,INF_kr,INF_sk,SUP_avg,SUP_sd,SUP_r1,SUP_kr,SUP_sk,INC_avg,INC_sd,INC_r1,INC_kr,INC_sk,IND_avg,IND_sd,IND_r1,IND_kr,IND_sk
406,0.3893617021,0.1061593394,0.2440518839,2.7780940847,0.1593669569,0.1606382979,0.0675845965,0.0554433732,2.4943960746,-0.0281273606,0.4500000000,0.0905068470,0.0389610390,2.0888008096,0.2367618819,0.4500000000,0.0905068470,0.0389610390,2.0888008096,0.2367618819
