Instance,INF_avg,INF_sd,INF_r1,INF_kr,INF_sk,SUP_avg,SUP_sd,SUP_r1,SUP_kr,SUP_sk,INC_avg,INC_sd,INC_r1,INC_kr,INC_sk,IND_avg,IND_sd,IND_r1,IND_kr,IND_sk
295,0.2040000000,0.1280000000,-0.2403551877,2.5384635925,0.2686157227,0.2520000000,0.0943186090,-0.0686246002,7.9983955282,1.9445799077,0.5440000000,0.1358823020,-0.0724660751,2.5764517360,-0.0647415219,0.5440000000,0.1358823020,-0.0724660751,2.5764517360,-0.0647415219
