Instance,INF_avg,INF_sd,INF_r1,INF_kr,INF_sk,SUP_avg,SUP_sd,SUP_r1,SUP_kr,SUP_sk,INC_avg,INC_sd,INC_r1,INC_kr,INC_sk,IND_avg,IND_sd,IND_r1,IND_kr,IND_sk
171,0.2548500000,0.0330488653,0.0479115401,3.1942810654,-0.2611650748,0.2075500000,0.0252635607,0.0962282939,2.7407954306,0.1052488638,0.5376000000,0.0390158942,0.1806552831,2.9253398005,0.2739270265,0.5376000000,0.0390158942,0.1806552831,2.9253398005,0.2739270265
