Instance,INF_avg,INF_sd,INF_r1,INF_kr,INF_sk,SUP_avg,SUP_sd,SUP_r1,SUP_kr,SUP_sk,INC_avg,INC_sd,INC_r1,INC_kr,INC_sk,IND_avg,IND_sd,IND_r1,IND_kr,IND_sk
20,0.2592000000,0.0461233130,-0.1492316394,2.9279249045,-0.1077632284,0.2488000000,0.0630123797,0.0989101749,2.9784306500,-0.3001835599,0.4920000000,0.0777688884,-0.0755875503,4.2615688251,-0.1624675484,0.4920000000,0.0777688884,-0.0755875503,4.2615688251,-0.1624675484
