Instance,INF_avg,INF_sd,INF_r1,INF_kr,INF_sk,SUP_avg,SUP_sd,SUP_r1,SUP_kr,SUP_sk,INC_avg,INC_sd,INC_r1,INC_kr,INC_sk,IND_avg,IND_sd,IND_r1,IND_kr,IND_sk
23,0.2415000000,0.0987560125,-0.0338423383,2.6749771091,0.0031763206,0.2685000000,0.1066899714,-0.0509628095,3.3981715298,0.5316718656,0.4900000000,0.1210371844,-0.0499690275,2.3811343172,-0.0321453692,0.4900000000,0.1210371844,-0.0499690275,2.3811343172,-0.0321453692
