Instance,INF_avg,INF_sd,INF_r1,INF_kr,INF_sk,SUP_avg,SUP_sd,SUP_r1,SUP_kr,SUP_sk,INC_avg,INC_sd,INC_r1,INC_kr,INC_sk,IND_avg,IND_sd,IND_r1,IND_kr,IND_sk
337,0.3000000000,0.1748949264,-0.3846153846,2.0621301775,0.1979210336,0.2000000000,0.1188177052,-0.2000000000,1.7708333333,0.2104063529,0.5000000000,0.1495090003,-0.0588235294,1.5775623269,0.0000000000,0.5000000000,0.1495090003,-0.0588235294,1.5775623269,0.0000000000
