Instance,INF_avg,INF_sd,INF_r1,INF_kr,INF_sk,SUP_avg,SUP_sd,SUP_r1,SUP_kr,SUP_sk,INC_avg,INC_sd,INC_r1,INC_kr,INC_sk,IND_avg,IND_sd,IND_r1,IND_kr,IND_sk
170,0.1800000000,0.0979795897,0.0384615385,1.1666666667,0.4082482905,0.3000000000,0.1788854382,0.7142857143,1.9531250000,0.6288941187,0.5200000000,0.1600000000,-0.0050251256,2.5908203125,0.5507812500,0.5200000000,0.1600000000,-0.0050251256,2.5908203125,0.5507812500
