Instance,INF_avg,INF_sd,INF_r1,INF_kr,INF_sk,SUP_avg,SUP_sd,SUP_r1,SUP_kr,SUP_sk,INC_avg,INC_sd,INC_r1,INC_kr,INC_sk,IND_avg,IND_sd,IND_r1,IND_kr,IND_sk
335,0.2690000000,0.0216564078,0.0090090090,3.1467714731,-0.1296661186,0.2460000000,0.0261533937,-0.4854725415,1.9512029342,0.4107011201,0.4850000000,0.0187082869,-0.0719424460,5.3000000000,-1.6951998773,0.4850000000,0.0187082869,-0.0719424460,5.3000000000,-1.6951998773
