Instance,INF_avg,INF_sd,INF_r1,INF_kr,INF_sk,SUP_avg,SUP_sd,SUP_r1,SUP_kr,SUP_sk,INC_avg,INC_sd,INC_r1,INC_kr,INC_sk,IND_avg,IND_sd,IND_r1,IND_kr,IND_sk
426,0.3100000000,0.0969535971,0.2518248175,2.3587596197,-0.2830922144,0.1600000000,0.0489897949,-0.0924369748,2.7291666667,0.8675276172,0.5300000000,0.1288409873,0.2889561271,2.1150384671,0.5863209393,0.5300000000,0.1288409873,0.2889561271,2.1150384671,0.5863209393
