Instance,INF_avg,INF_sd,INF_r1,INF_kr,INF_sk,SUP_avg,SUP_sd,SUP_r1,SUP_kr,SUP_sk,INC_avg,INC_sd,INC_r1,INC_kr,INC_sk,IND_avg,IND_sd,IND_r1,IND_kr,IND_sk
472,0.2480000000,0.0299332591,-0.5878378378,2.3671077806,0.5959687069,0.2220000000,0.0354400903,-0.1897001304,2.2187715526,-0.7311163096,0.5300000000,0.0532916504,-0.2777777778,2.6269589367,1.1179512056,0.5300000000,0.0532916504,-0.2777777778,2.6269589367,1.1179512056
