Instance,INF_avg,INF_sd,INF_r1,INF_kr,INF_sk,SUP_avg,SUP_sd,SUP_r1,SUP_kr,SUP_sk,INC_avg,INC_sd,INC_r1,INC_kr,INC_sk,IND_avg,IND_sd,IND_r1,IND_kr,IND_sk
30,0.1800000000,0.0979795897,-0.9230769231,1.1666666667,0.4082482905,0.2400000000,0.1019803903,-0.4682539683,1.9556213018,0.2715454179,0.5800000000,0.1939071943,-0.7396313364,1.4081032141,-0.3752617726,0.5800000000,0.1939071943,-0.7396313364,1.4081032141,-0.3752617726
