Instance,INF_avg,INF_sd,INF_r1,INF_kr,INF_sk,SUP_avg,SUP_sd,SUP_r1,SUP_kr,SUP_sk,INC_avg,INC_sd,INC_r1,INC_kr,INC_sk,IND_avg,IND_sd,IND_r1,IND_kr,IND_sk
461,0.2610000000,0.0923525852,0.0582644538,2.8325556386,0.3424152496,0.2160000000,0.0987117014,-0.3128819741,2.5212706367,0.4399785826,0.5230000000,0.1127874106,0.1255337374,2.8144862598,-0.1097152492,0.5230000000,0.1127874106,0.1255337374,2.8144862598,-0.1097152492
