Instance,INF_avg,INF_sd,INF_r1,INF_kr,INF_sk,SUP_avg,SUP_sd,SUP_r1,SUP_kr,SUP_sk,INC_avg,INC_sd,INC_r1,INC_kr,INC_sk,IND_avg,IND_sd,IND_r1,IND_kr,IND_sk
49,0.2464000000,0.0396363470,0.0714681655,3.1197811771,-0.0177630787,0.2786000000,0.0373636187,0.1135112224,2.8622370178,0.1879966265,0.4750000000,0.0542309875,-0.0551476865,3.0649729157,-0.4345009175,0.4750000000,0.0542309875,-0.0551476865,3.0649729157,-0.4345009175
