Instance,INF_avg,INF_sd,INF_r1,INF_kr,INF_sk,SUP_avg,SUP_sd,SUP_r1,SUP_kr,SUP_sk,INC_avg,INC_sd,INC_r1,INC_kr,INC_sk,IND_avg,IND_sd,IND_r1,IND_kr,IND_sk
305,0.2980000000,0.1072194012,0.0347111149,2.6228144345,0.3196380352,0.2200000000,0.0927361850,-0.3303188958,2.2230935641,0.0827553841,0.4820000000,0.1121427662,-0.2247234388,2.0964942311,0.5601161738,0.4820000000,0.1121427662,-0.2247234388,2.0964942311,0.5601161738
