Instance,INF_avg,INF_sd,INF_r1,INF_kr,INF_sk,SUP_avg,SUP_sd,SUP_r1,SUP_kr,SUP_sk,INC_avg,INC_sd,INC_r1,INC_kr,INC_sk,IND_avg,IND_sd,IND_r1,IND_kr,IND_sk
189,0.2625000000,0.0487724307,0.0057030690,3.9651342889,0.5495187724,0.2383000000,0.0464339316,-0.0111351793,3.0639658291,0.3808664054,0.4992000000,0.0517625347,0.0477106120,2.2034851727,0.1041958869,0.4992000000,0.0517625347,0.0477106120,2.2034851727,0.1041958869
