Instance,INF_avg,INF_sd,INF_r1,INF_kr,INF_sk,SUP_avg,SUP_sd,SUP_r1,SUP_kr,SUP_sk,INC_avg,INC_sd,INC_r1,INC_kr,INC_sk,IND_avg,IND_sd,IND_r1,IND_kr,IND_sk
446,0.2380000000,0.0477074418,-0.2948020266,1.7420782614,0.3395033554,0.2540000000,0.0858137518,0.1819728889,1.6195343496,0.0164068164,0.5080000000,0.0830421580,-0.4478162223,1.4672993793,0.1180179354,0.5080000000,0.0830421580,-0.4478162223,1.4672993793,0.1180179354
