Instance,INF_avg,INF_sd,INF_r1,INF_kr,INF_sk,SUP_avg,SUP_sd,SUP_r1,SUP_kr,SUP_sk,INC_avg,INC_sd,INC_r1,INC_kr,INC_sk,IND_avg,IND_sd,IND_r1,IND_kr,IND_sk
351,0.2370000000,0.1301191761,-0.2007577417,3.8623404118,0.7081126521,0.2910000000,0.1386326080,0.0554354231,2.9334278133,0.4990436625,0.4720000000,0.1530228741,0.0321323846,2.7253112376,-0.0421703200,0.4720000000,0.1530228741,0.0321323846,2.7253112376,-0.0421703200
