Instance,INF_avg,INF_sd,INF_r1,INF_kr,INF_sk,SUP_avg,SUP_sd,SUP_r1,SUP_kr,SUP_sk,INC_avg,INC_sd,INC_r1,INC_kr,INC_sk,IND_avg,IND_sd,IND_r1,IND_kr,IND_sk
301,0.4000000000,0.1581138830,0.7058823529,1.3480000000,-0.0000000000,0.2300000000,0.0812403840,-0.3345864662,1.4421487603,0.3804646085,0.3700000000,0.1288409873,0.2711370262,1.2876324575,0.3955562318,0.3700000000,0.1288409873,0.2711370262,1.2876324575,0.3955562318
