Instance,INF_avg,INF_sd,INF_r1,INF_kr,INF_sk,SUP_avg,SUP_sd,SUP_r1,SUP_kr,SUP_sk,INC_avg,INC_sd,INC_r1,INC_kr,INC_sk,IND_avg,IND_sd,IND_r1,IND_kr,IND_sk
258,0.2506000000,0.0614787768,0.0317978687,2.5986375330,0.1465627116,0.2388000000,0.0688662472,0.1869369758,3.4779814804,0.3623824470,0.5106000000,0.0677321194,0.1414537911,3.3118890958,-0.0163420285,0.5106000000,0.0677321194,0.1414537911,3.3118890958,-0.0163420285
