Instance,INF_avg,INF_sd,INF_r1,INF_kr,INF_sk,SUP_avg,SUP_sd,SUP_r1,SUP_kr,SUP_sk,INC_avg,INC_sd,INC_r1,INC_kr,INC_sk,IND_avg,IND_sd,IND_r1,IND_kr,IND_sk
13,0.2720000000,0.1625299972,-0.1517825058,2.5878070336,0.2051748167,0.2520000000,0.1360000000,0.0131179400,2.8611756325,0.1486871565,0.4760000000,0.1975449316,-0.1953557662,2.8777340541,-0.3653457527,0.4760000000,0.1975449316,-0.1953557662,2.8777340541,-0.3653457527
