Instance,INF_avg,INF_sd,INF_r1,INF_kr,INF_sk,SUP_avg,SUP_sd,SUP_r1,SUP_kr,SUP_sk,INC_avg,INC_sd,INC_r1,INC_kr,INC_sk,IND_avg,IND_sd,IND_r1,IND_kr,IND_sk
292,0.2547000000,0.0324562783,0.0758492952,2.2933839236,0.0082070168,0.2192500000,0.0422810537,0.6228226260,2.3652024487,-0.0638157226,0.5260500000,0.0495847507,0.5069540801,3.2372947002,0.3164416566,0.5260500000,0.0495847507,0.5069540801,3.2372947002,0.3164416566
