Instance,INF_avg,INF_sd,INF_r1,INF_kr,INF_sk,SUP_avg,SUP_sd,SUP_r1,SUP_kr,SUP_sk,INC_avg,INC_sd,INC_r1,INC_kr,INC_sk,IND_avg,IND_sd,IND_r1,IND_kr,IND_sk
148,0.2520000000,0.0905317624,-0.0130160787,3.1746722145,0.3447662772,0.2550000000,0.0917877988,0.2895720814,3.0507004552,0.4732887932,0.4930000000,0.0943451112,-0.0379037953,3.9807882210,0.4522260664,0.4930000000,0.0943451112,-0.0379037953,3.9807882210,0.4522260664
