Instance,INF_avg,INF_sd,INF_r1,INF_kr,INF_sk,SUP_avg,SUP_sd,SUP_r1,SUP_kr,SUP_sk,INC_avg,INC_sd,INC_r1,INC_kr,INC_sk,IND_avg,IND_sd,IND_r1,IND_kr,IND_sk
388,0.2822222222,0.0966985899,-0.0142441195,2.6572449604,-0.1918393753,0.2211111111,0.0957362632,0.0545517605,2.6392783075,0.1476508057,0.4966666667,0.1058825345,0.0990251352,2.6690479441,0.1997775821,0.4966666667,0.1058825345,0.0990251352,2.6690479441,0.1997775821
