Instance,INF_avg,INF_sd,INF_r1,INF_kr,INF_sk,SUP_avg,SUP_sd,SUP_r1,SUP_kr,SUP_sk,INC_avg,INC_sd,INC_r1,INC_kr,INC_sk,IND_avg,IND_sd,IND_r1,IND_kr,IND_sk
212,0.2596000000,0.0438616005,0.2050324958,4.1571500628,-0.6656734968,0.2626000000,0.0449359544,-0.0046234351,2.4924735120,0.0301130494,0.4778000000,0.0378570997,-0.2642611701,2.5701927743,0.0554693284,0.4778000000,0.0378570997,-0.2642611701,2.5701927743,0.0554693284
