Instance,INF_avg,INF_sd,INF_r1,INF_kr,INF_sk,SUP_avg,SUP_sd,SUP_r1,SUP_kr,SUP_sk,INC_avg,INC_sd,INC_r1,INC_kr,INC_sk,IND_avg,IND_sd,IND_r1,IND_kr,IND_sk
368,0.2501000000,0.0313127769,0.0328479930,2.0352220052,-0.2059043667,0.2374000000,0.0310683118,0.3034262276,3.7342353505,0.5856084782,0.5125000000,0.0394873397,0.2254513074,3.0454167179,-0.0230223387,0.5125000000,0.0394873397,0.2254513074,3.0454167179,-0.0230223387
