Instance,INF_avg,INF_sd,INF_r1,INF_kr,INF_sk,SUP_avg,SUP_sd,SUP_r1,SUP_kr,SUP_sk,INC_avg,INC_sd,INC_r1,INC_kr,INC_sk,IND_avg,IND_sd,IND_r1,IND_kr,IND_sk
140,0.2490000000,0.0449110231,0.1237887414,2.9112742482,0.1783066163,0.2536000000,0.0513326407,0.0121842066,2.4158455662,-0.0004811939,0.4974000000,0.0520695688,0.1162545022,2.5436241183,0.2636851395,0.4974000000,0.0520695688,0.1162545022,2.5436241183,0.2636851395
