Instance,INF_avg,INF_sd,INF_r1,INF_kr,INF_sk,SUP_avg,SUP_sd,SUP_r1,SUP_kr,SUP_sk,INC_avg,INC_sd,INC_r1,INC_kr,INC_sk,IND_avg,IND_sd,IND_r1,IND_kr,IND_sk
347,0.2280000000,0.0960000000,-0.0746860048,2.3349247685,0.5017361111,0.2280000000,0.1371714256,0.2001976083,2.2820873247,0.2314993950,0.5440000000,0.1444437607,0.2132951511,2.6574391208,0.3188028305,0.5440000000,0.1444437607,0.2132951511,2.6574391208,0.3188028305
