Instance,INF_avg,INF_sd,INF_r1,INF_kr,INF_sk,SUP_avg,SUP_sd,SUP_r1,SUP_kr,SUP_sk,INC_avg,INC_sd,INC_r1,INC_kr,INC_sk,IND_avg,IND_sd,IND_r1,IND_kr,IND_sk
284,0.2472000000,0.0573773474,0.3810883302,2.0394478823,0.0738826641,0.3384000000,0.0639799969,0.3153362185,2.9622233995,0.0359399384,0.4144000000,0.0572768714,0.6668752985,2.2845526444,0.1086207936,0.4144000000,0.0572768714,0.6668752985,2.2845526444,0.1086207936
