Instance,INF_avg,INF_sd,INF_r1,INF_kr,INF_sk,SUP_avg,SUP_sd,SUP_r1,SUP_kr,SUP_sk,INC_avg,INC_sd,INC_r1,INC_kr,INC_sk,IND_avg,IND_sd,IND_r1,IND_kr,IND_sk
62,0.2655000000,0.1055213249,-0.0335038778,2.9152779059,0.4891769885,0.2485000000,0.0829020506,0.0360749771,3.0887847342,-0.0576013726,0.4860000000,0.1058489490,-0.0246979442,2.4211111424,-0.4082764892,0.4860000000,0.1058489490,-0.0246979442,2.4211111424,-0.4082764892
