Instance,INF_avg,INF_sd,INF_r1,INF_kr,INF_sk,SUP_avg,SUP_sd,SUP_r1,SUP_kr,SUP_sk,INC_avg,INC_sd,INC_r1,INC_kr,INC_sk,IND_avg,IND_sd,IND_r1,IND_kr,IND_sk
137,0.3847222222,0.0937190278,0.3688987373,2.9796026595,0.1134096951,0.1297222222,0.0620029619,0.4842927050,3.8743424831,0.8565784291,0.4855555556,0.0752198424,0.0133202652,2.4843352105,0.1623222982,0.4855555556,0.0752198424,0.0133202652,2.4843352105,0.1623222982
