Instance,INF_avg,INF_sd,INF_r1,INF_kr,INF_sk,SUP_avg,SUP_sd,SUP_r1,SUP_kr,SUP_sk,INC_avg,INC_sd,INC_r1,INC_kr,INC_sk,IND_avg,IND_sd,IND_r1,IND_kr,IND_sk
267,0.3730000000,0.1184103036,-0.0492190812,2.6045640038,0.3932489228,0.2640000000,0.0866256313,0.1905234112,2.6895739472,-0.0429389795,0.3630000000,0.1178176557,0.1449872611,2.3053302636,0.1919645592,0.3630000000,0.1178176557,0.1449872611,2.3053302636,0.1919645592
