Instance,INF_avg,INF_sd,INF_r1,INF_kr,INF_sk,SUP_avg,SUP_sd,SUP_r1,SUP_kr,SUP_sk,INC_avg,INC_sd,INC_r1,INC_kr,INC_sk,IND_avg,IND_sd,IND_r1,IND_kr,IND_sk
92,0.2857142857,0.1129384879,-0.1404035351,2.7590080000,0.2292018848,0.2163265306,0.0927954493,0.2001659792,4.9132396784,0.6288084896,0.4979591837,0.1241128452,0.2241903131,2.5720878571,-0.0173824326,0.4979591837,0.1241128452,0.2241903131,2.5720878571,-0.0173824326
