Instance,INF_avg,INF_sd,INF_r1,INF_kr,INF_sk,SUP_avg,SUP_sd,SUP_r1,SUP_kr,SUP_sk,INC_avg,INC_sd,INC_r1,INC_kr,INC_sk,IND_avg,IND_sd,IND_r1,IND_kr,IND_sk
251,0.2580000000,0.1588584275,-0.1561759198,2.3902948840,0.4075439902,0.2460000000,0.1252357776,0.1296378782,2.9920031174,0.5489630042,0.4960000000,0.1788407112,-0.0450873340,2.3637999590,-0.3804392106,0.4960000000,0.1788407112,-0.0450873340,2.3637999590,-0.3804392106
