Instance,INF_avg,INF_sd,INF_r1,INF_kr,INF_sk,SUP_avg,SUP_sd,SUP_r1,SUP_kr,SUP_sk,INC_avg,INC_sd,INC_r1,INC_kr,INC_sk,IND_avg,IND_sd,IND_r1,IND_kr,IND_sk
158,0.2780000000,0.1432340742,-0.2288894351,2.5485038930,0.2261982583,0.2440000000,0.1358823020,0.3400290760,3.7056339340,0.7483538333,0.4780000000,0.1446236495,-0.1327790043,2.7665846294,-0.4459236612,0.4780000000,0.1446236495,-0.1327790043,2.7665846294,-0.4459236612
