Instance,INF_avg,INF_sd,INF_r1,INF_kr,INF_sk,SUP_avg,SUP_sd,SUP_r1,SUP_kr,SUP_sk,INC_avg,INC_sd,INC_r1,INC_kr,INC_sk,IND_avg,IND_sd,IND_r1,IND_kr,IND_sk
166,0.2648000000,0.0413879209,0.0566322006,3.1944332411,-0.2716268324,0.2592000000,0.0479099155,0.2597894063,1.9358025527,0.2021394399,0.4760000000,0.0544793539,-0.0239443555,2.8964225776,0.4467678286,0.4760000000,0.0544793539,-0.0239443555,2.8964225776,0.4467678286
