Instance,INF_avg,INF_sd,INF_r1,INF_kr,INF_sk,SUP_avg,SUP_sd,SUP_r1,SUP_kr,SUP_sk,INC_avg,INC_sd,INC_r1,INC_kr,INC_sk,IND_avg,IND_sd,IND_r1,IND_kr,IND_sk
371,0.2540000000,0.1048045801,0.0564615802,2.6632397571,0.4414000121,0.2520000000,0.0854166260,0.2604479174,1.9324070868,-0.1585109869,0.4940000000,0.1080000000,-0.1908191683,2.7905651803,-0.0355890870,0.4940000000,0.1080000000,-0.1908191683,2.7905651803,-0.0355890870
