Instance,INF_avg,INF_sd,INF_r1,INF_kr,INF_sk,SUP_avg,SUP_sd,SUP_r1,SUP_kr,SUP_sk,INC_avg,INC_sd,INC_r1,INC_kr,INC_sk,IND_avg,IND_sd,IND_r1,IND_kr,IND_sk
346,0.2520000000,0.0515363949,-0.2092731830,4.2488750181,1.2175276921,0.3040000000,0.0407921561,0.0869140625,1.6643860947,-0.0594005602,0.4440000000,0.0618384993,-0.0341196293,3.4608462737,-0.9386036471,0.4440000000,0.0618384993,-0.0341196293,3.4608462737,-0.9386036471
