Instance,INF_avg,INF_sd,INF_r1,INF_kr,INF_sk,SUP_avg,SUP_sd,SUP_r1,SUP_kr,SUP_sk,INC_avg,INC_sd,INC_r1,INC_kr,INC_sk,IND_avg,IND_sd,IND_r1,IND_kr,IND_sk
182,0.2760000000,0.0292232784,-0.0874439462,2.6071030939,0.9801784632,0.2030000000,0.0380263067,-0.1914709696,2.1101765925,-0.0393918169,0.5210000000,0.0581721583,-0.2054494947,2.8245257197,-1.1799471249,0.5210000000,0.0581721583,-0.2054494947,2.8245257197,-1.1799471249
