Instance,INF_avg,INF_sd,INF_r1,INF_kr,INF_sk,SUP_avg,SUP_sd,SUP_r1,SUP_kr,SUP_sk,INC_avg,INC_sd,INC_r1,INC_kr,INC_sk,IND_avg,IND_sd,IND_r1,IND_kr,IND_sk
384,0.2502000000,0.0453647440,-0.1568651214,3.5575841014,0.5654014386,0.1928000000,0.0395494627,0.0516017417,2.6277886315,0.3291068317,0.5570000000,0.0518555686,0.0979403979,3.0586561147,-0.3266790218,0.5570000000,0.0518555686,0.0979403979,3.0586561147,-0.3266790218
