Instance,INF_avg,INF_sd,INF_r1,INF_kr,INF_sk,SUP_avg,SUP_sd,SUP_r1,SUP_kr,SUP_sk,INC_avg,INC_sd,INC_r1,INC_kr,INC_sk,IND_avg,IND_sd,IND_r1,IND_kr,IND_sk
452,0.3120000000,0.1365869686,0.3028625820,2.2250514138,-0.2171537860,0.2600000000,0.1414213562,-0.2570507655,2.6792000000,0.3054701295,0.4280000000,0.1562561999,0.1026418005,1.9765403173,0.0333155850,0.4280000000,0.1562561999,0.1026418005,1.9765403173,0.0333155850
