Instance,INF_avg,INF_sd,INF_r1,INF_kr,INF_sk,SUP_avg,SUP_sd,SUP_r1,SUP_kr,SUP_sk,INC_avg,INC_sd,INC_r1,INC_kr,INC_sk,IND_avg,IND_sd,IND_r1,IND_kr,IND_sk
270,0.2810000000,0.0310483494,-0.0120169651,1.7495093060,-0.6470967604,0.2030000000,0.0344383507,-0.1290322581,2.9935830900,1.3006598507,0.5160000000,0.0159373775,-0.4035087719,2.4459358919,0.9293262752,0.5160000000,0.0159373775,-0.4035087719,2.4459358919,0.9293262752
