Instance,INF_avg,INF_sd,INF_r1,INF_kr,INF_sk,SUP_avg,SUP_sd,SUP_r1,SUP_kr,SUP_sk,INC_avg,INC_sd,INC_r1,INC_kr,INC_sk,IND_avg,IND_sd,IND_r1,IND_kr,IND_sk
127,0.3150000000,0.1620956508,-0.1580665129,1.5956865873,0.1090028430,0.2550000000,0.1283549765,0.0585121467,3.8628376558,0.5983264626,0.4300000000,0.1452583905,-0.2514842080,2.1840704387,0.2525324998,0.4300000000,0.1452583905,-0.2514842080,2.1840704387,0.2525324998
