Instance,INF_avg,INF_sd,INF_r1,INF_kr,INF_sk,SUP_avg,SUP_sd,SUP_r1,SUP_kr,SUP_sk,INC_avg,INC_sd,INC_r1,INC_kr,INC_sk,IND_avg,IND_sd,IND_r1,IND_kr,IND_sk
224,0.2470000000,0.0220454077,-0.7125984252,1.5781893004,0.3477670622,0.2380000000,0.0206397674,-0.3319189062,1.8279111287,-0.3452926775,0.5150000000,0.0350713558,-0.6413502110,2.1113424549,0.6432878078,0.5150000000,0.0350713558,-0.6413502110,2.1113424549,0.6432878078
