Instance,INF_avg,INF_sd,INF_r1,INF_kr,INF_sk,SUP_avg,SUP_sd,SUP_r1,SUP_kr,SUP_sk,INC_avg,INC_sd,INC_r1,INC_kr,INC_sk,IND_avg,IND_sd,IND_r1,IND_kr,IND_sk
212,0.2800000000,0.1378404875,0.0397978522,2.3758448753,0.4077940185,0.2570000000,0.1365686640,0.0040525941,2.6202814881,0.3123053022,0.4630000000,0.1597842295,-0.0028123309,2.8726024942,0.2634163168,0.4630000000,0.1597842295,-0.0028123309,2.8726024942,0.2634163168
