Instance,INF_avg,INF_sd,INF_r1,INF_kr,INF_sk,SUP_avg,SUP_sd,SUP_r1,SUP_kr,SUP_sk,INC_avg,INC_sd,INC_r1,INC_kr,INC_sk,IND_avg,IND_sd,IND_r1,IND_kr,IND_sk
148,0.2286000000,0.0375638124,0.1918267325,2.7560607612,0.5679588003,0.2920000000,0.0364965752,0.0948054692,2.8277128480,0.1407018360,0.4794000000,0.0345635646,-0.1024197376,2.5373047246,-0.1437221084,0.4794000000,0.0345635646,-0.1024197376,2.5373047246,-0.1437221084
