Instance,INF_avg,INF_sd,INF_r1,INF_kr,INF_sk,SUP_avg,SUP_sd,SUP_r1,SUP_kr,SUP_sk,INC_avg,INC_sd,INC_r1,INC_kr,INC_sk,IND_avg,IND_sd,IND_r1,IND_kr,IND_sk
89,0.2525000000,0.0192678489,-0.4917647059,2.4512804816,0.1625149311,0.2425000000,0.0218231528,-0.8798283262,5.0698534730,1.6019972079,0.5050000000,0.0183030052,0.1559633028,1.5983515260,0.0733914221,0.5050000000,0.0183030052,0.1559633028,1.5983515260,0.0733914221
