Instance,INF_avg,INF_sd,INF_r1,INF_kr,INF_sk,SUP_avg,SUP_sd,SUP_r1,SUP_kr,SUP_sk,INC_avg,INC_sd,INC_r1,INC_kr,INC_sk,IND_avg,IND_sd,IND_r1,IND_kr,IND_sk
137,0.2880000000,0.0443395986,0.1985857395,2.0719168903,-0.6635872958,0.3395000000,0.0484484262,0.7783415057,1.9471681277,0.4140280046,0.3725000000,0.0336340601,-0.1837867851,3.3064497421,-1.0575309864,0.3725000000,0.0336340601,-0.1837867851,3.3064497421,-1.0575309864
