Instance,INF_avg,INF_sd,INF_r1,INF_kr,INF_sk,SUP_avg,SUP_sd,SUP_r1,SUP_kr,SUP_sk,INC_avg,INC_sd,INC_r1,INC_kr,INC_sk,IND_avg,IND_sd,IND_r1,IND_kr,IND_sk
459,0.3650000000,0.0669241821,0.3347729072,2.7825786133,-0.3342605799,0.1147435897,0.0649402952,0.8132821389,2.4465790653,0.5843865788,0.5202564103,0.0485685970,-0.1144276288,4.9393721294,0.7142119436,0.5202564103,0.0485685970,-0.1144276288,4.9393721294,0.7142119436
