Instance,INF_avg,INF_sd,INF_r1,INF_kr,INF_sk,SUP_avg,SUP_sd,SUP_r1,SUP_kr,SUP_sk,INC_avg,INC_sd,INC_r1,INC_kr,INC_sk,IND_avg,IND_sd,IND_r1,IND_kr,IND_sk
79,0.2766000000,0.0551583176,-0.0201598037,2.3798425522,0.1087632046,0.1970000000,0.0466583326,0.0954465177,2.6263298032,0.2622687685,0.5264000000,0.0531322877,0.0072161649,4.1611528039,0.0867730591,0.5264000000,0.0531322877,0.0072161649,4.1611528039,0.0867730591
