Instance,INF_avg,INF_sd,INF_r1,INF_kr,INF_sk,SUP_avg,SUP_sd,SUP_r1,SUP_kr,SUP_sk,INC_avg,INC_sd,INC_r1,INC_kr,INC_sk,IND_avg,IND_sd,IND_r1,IND_kr,IND_sk
181,0.2356500000,0.0296112732,0.0675547038,3.1776075684,0.1667179676,0.2573500000,0.0326148356,0.1005209509,2.9854681903,0.1208877089,0.5070000000,0.0352987252,0.1880557963,3.2675650364,-0.0696076866,0.5070000000,0.0352987252,0.1880557963,3.2675650364,-0.0696076866
