Instance,INF_avg,INF_sd,INF_r1,INF_kr,INF_sk,SUP_avg,SUP_sd,SUP_r1,SUP_kr,SUP_sk,INC_avg,INC_sd,INC_r1,INC_kr,INC_sk,IND_avg,IND_sd,IND_r1,IND_kr,IND_sk
205,0.4560563380,0.1333266546,0.8434790032,1.8373973508,-0.3900601119,0.1054929577,0.0862160524,0.8516111669,2.2542640754,0.7963391738,0.4384507042,0.0640124963,0.4232016476,3.1099683795,0.3967900415,0.4384507042,0.0640124963,0.4232016476,3.1099683795,0.3967900415
