Instance,INF_avg,INF_sd,INF_r1,INF_kr,INF_sk,SUP_avg,SUP_sd,SUP_r1,SUP_kr,SUP_sk,INC_avg,INC_sd,INC_r1,INC_kr,INC_sk,IND_avg,IND_sd,IND_r1,IND_kr,IND_sk
8,0.2570000000,0.0366196668,-0.2551922060,1.9712475414,0.2890831803,0.2650000000,0.0366742416,-0.2163742690,2.4513895607,-0.0243275190,0.4780000000,0.0324961536,-0.2960829493,3.7643767218,-1.1323018403,0.4780000000,0.0324961536,-0.2960829493,3.7643767218,-1.1323018403
