Instance,INF_avg,INF_sd,INF_r1,INF_kr,INF_sk,SUP_avg,SUP_sd,SUP_r1,SUP_kr,SUP_sk,INC_avg,INC_sd,INC_r1,INC_kr,INC_sk,IND_avg,IND_sd,IND_r1,IND_kr,IND_sk
427,0.1960000000,0.1455472432,-0.3451604969,3.6715117606,0.9257280122,0.2880000000,0.1142628549,-0.1340787602,2.3615196078,-0.0859730787,0.5160000000,0.1286234815,-0.1068912590,1.8414356745,-0.1871324910,0.5160000000,0.1286234815,-0.1068912590,1.8414356745,-0.1871324910
