Instance,INF_avg,INF_sd,INF_r1,INF_kr,INF_sk,SUP_avg,SUP_sd,SUP_r1,SUP_kr,SUP_sk,INC_avg,INC_sd,INC_r1,INC_kr,INC_sk,IND_avg,IND_sd,IND_r1,IND_kr,IND_sk
154,0.2520000000,0.1135605565,-0.0156541185,3.3054541312,0.3602760731,0.3280000000,0.1217209924,0.1808279852,4.5760137893,0.9168721809,0.4200000000,0.1296148140,-0.1153479504,3.3163265306,-0.4849533856,0.4200000000,0.1296148140,-0.1153479504,3.3163265306,-0.4849533856
