Instance,INF_avg,INF_sd,INF_r1,INF_kr,INF_sk,SUP_avg,SUP_sd,SUP_r1,SUP_kr,SUP_sk,INC_avg,INC_sd,INC_r1,INC_kr,INC_sk,IND_avg,IND_sd,IND_r1,IND_kr,IND_sk
362,0.2660000000,0.1569840756,-0.0728323385,3.0741603841,0.6030404572,0.3040000000,0.1441665703,-0.0303544201,2.8847896854,0.3305773211,0.4300000000,0.1500000000,-0.0712029600,2.8925037037,-0.3768888889,0.4300000000,0.1500000000,-0.0712029600,2.8925037037,-0.3768888889
