Instance,INF_avg,INF_sd,INF_r1,INF_kr,INF_sk,SUP_avg,SUP_sd,SUP_r1,SUP_kr,SUP_sk,INC_avg,INC_sd,INC_r1,INC_kr,INC_sk,IND_avg,IND_sd,IND_r1,IND_kr,IND_sk
252,0.3600000000,0.1240967365,-0.5653495441,2.0324675325,-0.6216348580,0.1700000000,0.0812403840,0.3788819876,2.2685950413,0.1790421687,0.4700000000,0.0678232998,-0.4759036145,1.2296786389,0.2115471545,0.4700000000,0.0678232998,-0.4759036145,1.2296786389,0.2115471545
