Instance,INF_avg,INF_sd,INF_r1,INF_kr,INF_sk,SUP_avg,SUP_sd,SUP_r1,SUP_kr,SUP_sk,INC_avg,INC_sd,INC_r1,INC_kr,INC_sk,IND_avg,IND_sd,IND_r1,IND_kr,IND_sk
7,0.2480000000,0.0557135531,0.1227572695,2.7109416516,0.0705005305,0.2736000000,0.0618953956,0.0303107390,2.4765866150,0.0272351984,0.4784000000,0.0658896046,0.1165071604,3.0171798927,0.4179709782,0.4784000000,0.0658896046,0.1165071604,3.0171798927,0.4179709782
