Instance,INF_avg,INF_sd,INF_r1,INF_kr,INF_sk,SUP_avg,SUP_sd,SUP_r1,SUP_kr,SUP_sk,INC_avg,INC_sd,INC_r1,INC_kr,INC_sk,IND_avg,IND_sd,IND_r1,IND_kr,IND_sk
464,0.3250000000,0.1209338662,0.0980392157,2.8654394039,-0.2544302248,0.3450000000,0.0850000000,0.3485226059,3.8114605907,1.3775697130,0.3300000000,0.0842614977,0.0414507772,3.8240428486,-0.2356848082,0.3300000000,0.0842614977,0.0414507772,3.8240428486,-0.2356848082
