Instance,INF_avg,INF_sd,INF_r1,INF_kr,INF_sk,SUP_avg,SUP_sd,SUP_r1,SUP_kr,SUP_sk,INC_avg,INC_sd,INC_r1,INC_kr,INC_sk,IND_avg,IND_sd,IND_r1,IND_kr,IND_sk
480,0.4155038760,0.1126217601,0.6043584417,2.3410876564,0.0013528707,0.1120930233,0.0632170424,0.5382960448,2.1168172185,0.2689346077,0.4724031008,0.0789541639,0.2197399493,2.8410222506,-0.0470014449,0.4724031008,0.0789541639,0.2197399493,2.8410222506,-0.0470014449
