Instance,INF_avg,INF_sd,INF_r1,INF_kr,INF_sk,SUP_avg,SUP_sd,SUP_r1,SUP_kr,SUP_sk,INC_avg,INC_sd,INC_r1,INC_kr,INC_sk,IND_avg,IND_sd,IND_r1,IND_kr,IND_sk
212,0.2220000000,0.0485386444,-0.0884700289,2.7941145102,-0.4524775842,0.2840000000,0.0557135531,-0.7592083562,2.0789138059,0.7372023979,0.4940000000,0.0593632883,-0.6217848086,2.0516580967,-0.6020758652,0.4940000000,0.0593632883,-0.6217848086,2.0516580967,-0.6020758652
