Instance,INF_avg,INF_sd,INF_r1,INF_kr,INF_sk,SUP_avg,SUP_sd,SUP_r1,SUP_kr,SUP_sk,INC_avg,INC_sd,INC_r1,INC_kr,INC_sk,IND_avg,IND_sd,IND_r1,IND_kr,IND_sk
221,0.2430000000,0.0163095064,-0.5898345154,1.2872689242,0.3236269296,0.3600000000,0.0356370594,-0.1363636364,1.6629983260,0.0894848350,0.3970000000,0.0378945906,-0.0186053784,2.1643085482,-0.8659852351,0.3970000000,0.0378945906,-0.0186053784,2.1643085482,-0.8659852351
