Instance,INF_avg,INF_sd,INF_r1,INF_kr,INF_sk,SUP_avg,SUP_sd,SUP_r1,SUP_kr,SUP_sk,INC_avg,INC_sd,INC_r1,INC_kr,INC_sk,IND_avg,IND_sd,IND_r1,IND_kr,IND_sk
146,0.2750000000,0.0782623792,-0.3608247423,1.7263640150,-0.5476084843,0.2600000000,0.0800000000,-0.4490161002,2.0048828125,0.2578125000,0.4650000000,0.1001249220,-0.3746420203,2.8762072375,-0.4901607489,0.4650000000,0.1001249220,-0.3746420203,2.8762072375,-0.4901607489
