Instance,INF_avg,INF_sd,INF_r1,INF_kr,INF_sk,SUP_avg,SUP_sd,SUP_r1,SUP_kr,SUP_sk,INC_avg,INC_sd,INC_r1,INC_kr,INC_sk,IND_avg,IND_sd,IND_r1,IND_kr,IND_sk
278,0.2520000000,0.0386781592,-0.7542503864,1.8711001172,-0.4006738304,0.2340000000,0.0372021505,-0.1185357350,1.9563132748,0.0335613640,0.5140000000,0.0549909083,-0.2815470338,1.7592802553,0.2817204509,0.5140000000,0.0549909083,-0.2815470338,1.7592802553,0.2817204509
