Instance,INF_avg,INF_sd,INF_r1,INF_kr,INF_sk,SUP_avg,SUP_sd,SUP_r1,SUP_kr,SUP_sk,INC_avg,INC_sd,INC_r1,INC_kr,INC_sk,IND_avg,IND_sd,IND_r1,IND_kr,IND_sk
373,0.2450000000,0.0054772256,-0.6666666667,2.5000000000,-0.9128709292,0.2990000000,0.0228910463,0.2607526882,1.4246401725,0.1290547595,0.4560000000,0.0247790234,0.2043222004,1.2837324534,-0.1194926856,0.4560000000,0.0247790234,0.2043222004,1.2837324534,-0.1194926856
