Instance,INF_avg,INF_sd,INF_r1,INF_kr,INF_sk,SUP_avg,SUP_sd,SUP_r1,SUP_kr,SUP_sk,INC_avg,INC_sd,INC_r1,INC_kr,INC_sk,IND_avg,IND_sd,IND_r1,IND_kr,IND_sk
75,0.2432000000,0.0634173478,-0.4969169561,2.1730046219,0.0266549824,0.3328000000,0.0775381197,-0.0233652737,2.1544532228,-0.2128059709,0.4240000000,0.0632455532,0.2843248501,2.8070080000,-0.3202754814,0.4240000000,0.0632455532,0.2843248501,2.8070080000,-0.3202754814
