Instance,INF_avg,INF_sd,INF_r1,INF_kr,INF_sk,SUP_avg,SUP_sd,SUP_r1,SUP_kr,SUP_sk,INC_avg,INC_sd,INC_r1,INC_kr,INC_sk,IND_avg,IND_sd,IND_r1,IND_kr,IND_sk
250,0.2440000000,0.0379473319,-0.0903809630,2.5915740741,0.7791500790,0.2528000000,0.0447678456,-0.0234118515,2.1861073562,-0.1580092706,0.5032000000,0.0427756940,-0.1049333054,2.7379987242,0.1778672378,0.5032000000,0.0427756940,-0.1049333054,2.7379987242,0.1778672378
