Instance,INF_avg,INF_sd,INF_r1,INF_kr,INF_sk,SUP_avg,SUP_sd,SUP_r1,SUP_kr,SUP_sk,INC_avg,INC_sd,INC_r1,INC_kr,INC_sk,IND_avg,IND_sd,IND_r1,IND_kr,IND_sk
336,0.2490000000,0.0537494186,0.3555548596,4.2147261051,-0.1832278507,0.2560000000,0.0505766745,0.3423831312,2.5930234051,-0.0732752868,0.4950000000,0.0583523778,0.3204491635,2.8500908873,-0.1159596245,0.4950000000,0.0583523778,0.3204491635,2.8500908873,-0.1159596245
