Instance,INF_avg,INF_sd,INF_r1,INF_kr,INF_sk,SUP_avg,SUP_sd,SUP_r1,SUP_kr,SUP_sk,INC_avg,INC_sd,INC_r1,INC_kr,INC_sk,IND_avg,IND_sd,IND_r1,IND_kr,IND_sk
173,0.2260000000,0.1323782459,-0.1764678944,2.7631205199,0.4722621384,0.2670000000,0.1549548321,-0.0000375019,2.6300289297,0.4792281321,0.5070000000,0.1674843276,-0.0010187913,3.1278989565,-0.0339315686,0.5070000000,0.1674843276,-0.0010187913,3.1278989565,-0.0339315686
