Instance,INF_avg,INF_sd,INF_r1,INF_kr,INF_sk,SUP_avg,SUP_sd,SUP_r1,SUP_kr,SUP_sk,INC_avg,INC_sd,INC_r1,INC_kr,INC_sk,IND_avg,IND_sd,IND_r1,IND_kr,IND_sk
187,0.2674000000,0.0319177067,0.0651188136,2.8704858004,0.2053229157,0.2405500000,0.0303306363,-0.0776476571,2.4173416680,-0.0805240482,0.4920500000,0.0321566090,0.1413574102,3.1171211581,0.3276771121,0.4920500000,0.0321566090,0.1413574102,3.1171211581,0.3276771121
