Instance,INF_avg,INF_sd,INF_r1,INF_kr,INF_sk,SUP_avg,SUP_sd,SUP_r1,SUP_kr,SUP_sk,INC_avg,INC_sd,INC_r1,INC_kr,INC_sk,IND_avg,IND_sd,IND_r1,IND_kr,IND_sk
307,0.3236842105,0.1321566266,0.3580732700,2.2117395469,0.3886505429,0.1671052632,0.0845081091,0.0968916449,2.2361428981,0.0112783265,0.5092105263,0.1018611433,0.1974356362,2.7043068407,-0.2502193621,0.5092105263,0.1018611433,0.1974356362,2.7043068407,-0.2502193621
