Instance,INF_avg,INF_sd,INF_r1,INF_kr,INF_sk,SUP_avg,SUP_sd,SUP_r1,SUP_kr,SUP_sk,INC_avg,INC_sd,INC_r1,INC_kr,INC_sk,IND_avg,IND_sd,IND_r1,IND_kr,IND_sk
41,0.2690000000,0.1088071689,-0.1951588374,3.3565766910,0.2529312805,0.2640000000,0.0932952303,-0.0455913859,2.4414214560,0.0882811823,0.4670000000,0.1012965942,-0.0260377694,2.9451388633,-0.1498204231,0.4670000000,0.1012965942,-0.0260377694,2.9451388633,-0.1498204231
