Instance,INF_avg,INF_sd,INF_r1,INF_kr,INF_sk,SUP_avg,SUP_sd,SUP_r1,SUP_kr,SUP_sk,INC_avg,INC_sd,INC_r1,INC_kr,INC_sk,IND_avg,IND_sd,IND_r1,IND_kr,IND_sk
455,0.3900000000,0.0734846923,-0.8700787402,1.5781893004,0.3477670622,0.2200000000,0.0678232998,0.0361445783,2.3638941399,-0.7500308204,0.3900000000,0.0663324958,-0.2500000000,2.2169421488,0.3700366502,0.3900000000,0.0663324958,-0.2500000000,2.2169421488,0.3700366502
