Instance,INF_avg,INF_sd,INF_r1,INF_kr,INF_sk,SUP_avg,SUP_sd,SUP_r1,SUP_kr,SUP_sk,INC_avg,INC_sd,INC_r1,INC_kr,INC_sk,IND_avg,IND_sd,IND_r1,IND_kr,IND_sk
19,0.4053333333,0.1094146039,0.5920728659,2.1612043649,0.0501096223,0.1336666667,0.0802904450,0.5485460973,2.6990625472,0.4702603505,0.4610000000,0.0741552426,-0.0142897343,2.7211810668,0.5353430083,0.4610000000,0.0741552426,-0.0142897343,2.7211810668,0.5353430083
