Instance,INF_avg,INF_sd,INF_r1,INF_kr,INF_sk,SUP_avg,SUP_sd,SUP_r1,SUP_kr,SUP_sk,INC_avg,INC_sd,INC_r1,INC_kr,INC_sk,IND_avg,IND_sd,IND_r1,IND_kr,IND_sk
8,0.2676000000,0.0515581225,0.3709578777,3.0284621832,0.6090536215,0.2632000000,0.0388556302,-0.0097768229,3.1296234367,0.0073903209,0.4692000000,0.0513747019,0.4187777234,3.1986708002,-0.7485823658,0.4692000000,0.0513747019,0.4187777234,3.1986708002,-0.7485823658
