Instance,INF_avg,INF_sd,INF_r1,INF_kr,INF_sk,SUP_avg,SUP_sd,SUP_r1,SUP_kr,SUP_sk,INC_avg,INC_sd,INC_r1,INC_kr,INC_sk,IND_avg,IND_sd,IND_r1,IND_kr,IND_sk
93,0.3000000000,0.0547722558,-1.0000000000,2.5000000000,0.9128709292,0.2200000000,0.0927361850,-0.6666666667,1.5091941590,0.1579875514,0.4800000000,0.1077032961,-0.7600700525,1.7636741974,0.4034071140,0.4800000000,0.1077032961,-0.7600700525,1.7636741974,0.4034071140
