Instance,INF_avg,INF_sd,INF_r1,INF_kr,INF_sk,SUP_avg,SUP_sd,SUP_r1,SUP_kr,SUP_sk,INC_avg,INC_sd,INC_r1,INC_kr,INC_sk,IND_avg,IND_sd,IND_r1,IND_kr,IND_sk
51,0.2450000000,0.1105667219,-0.2669795011,3.3269223531,0.9588081123,0.2300000000,0.0953939201,0.2682926829,1.8122207463,0.4077943211,0.5250000000,0.1188486432,0.0506912442,2.3795911974,0.1563675469,0.5250000000,0.1188486432,0.0506912442,2.3795911974,0.1563675469
