Instance,INF_avg,INF_sd,INF_r1,INF_kr,INF_sk,SUP_avg,SUP_sd,SUP_r1,SUP_kr,SUP_sk,INC_avg,INC_sd,INC_r1,INC_kr,INC_sk,IND_avg,IND_sd,IND_r1,IND_kr,IND_sk
451,0.3400000000,0.0663324958,-0.2328767123,2.2169421488,0.3700366502,0.2000000000,0.0707106781,-0.7777777778,1.7000000000,-0.0000000000,0.4600000000,0.0374165739,-0.3888888889,1.8469387755,-0.3436215967,0.4600000000,0.0374165739,-0.3888888889,1.8469387755,-0.3436215967
