Instance,INF_avg,INF_sd,INF_r1,INF_kr,INF_sk,SUP_avg,SUP_sd,SUP_r1,SUP_kr,SUP_sk,INC_avg,INC_sd,INC_r1,INC_kr,INC_sk,IND_avg,IND_sd,IND_r1,IND_kr,IND_sk
474,0.3070000000,0.0836719786,-0.0376360936,3.1264637425,0.1111939015,0.1970000000,0.0981885940,-0.0842438714,2.3504947521,-0.0113074057,0.4960000000,0.1019019136,-0.1241529146,2.0617905703,0.1367217052,0.4960000000,0.1019019136,-0.1241529146,2.0617905703,0.1367217052
