Instance,INF_avg,INF_sd,INF_r1,INF_kr,INF_sk,SUP_avg,SUP_sd,SUP_r1,SUP_kr,SUP_sk,INC_avg,INC_sd,INC_r1,INC_kr,INC_sk,IND_avg,IND_sd,IND_r1,IND_kr,IND_sk
207,0.2578000000,0.0376850103,0.2960544612,2.9959776206,0.6617065577,0.2726000000,0.0428980186,0.4690414848,3.0012444929,0.3321848466,0.4696000000,0.0383906239,0.2997508170,2.6752119224,-0.1367285996,0.4696000000,0.0383906239,0.2997508170,2.6752119224,-0.1367285996
