Instance,INF_avg,INF_sd,INF_r1,INF_kr,INF_sk,SUP_avg,SUP_sd,SUP_r1,SUP_kr,SUP_sk,INC_avg,INC_sd,INC_r1,INC_kr,INC_sk,IND_avg,IND_sd,IND_r1,IND_kr,IND_sk
305,0.2450000000,0.1299038106,0.0183776087,3.1988872428,0.4382730043,0.2590000000,0.1435931753,-0.2165161709,4.0418397251,0.7211212266,0.4960000000,0.1630460058,-0.0991152689,2.7216756538,-0.1155699207,0.4960000000,0.1630460058,-0.0991152689,2.7216756538,-0.1155699207
