Instance,INF_avg,INF_sd,INF_r1,INF_kr,INF_sk,SUP_avg,SUP_sd,SUP_r1,SUP_kr,SUP_sk,INC_avg,INC_sd,INC_r1,INC_kr,INC_sk,IND_avg,IND_sd,IND_r1,IND_kr,IND_sk
291,0.2943000000,0.0297154842,-0.0817663689,4.2145686806,0.8852129393,0.2469000000,0.0278727465,0.1369664900,3.6582959217,-0.6764381973,0.4588000000,0.0255648196,0.1621838965,1.9746468349,0.0888515233,0.4588000000,0.0255648196,0.1621838965,1.9746468349,0.0888515233
