Instance,INF_avg,INF_sd,INF_r1,INF_kr,INF_sk,SUP_avg,SUP_sd,SUP_r1,SUP_kr,SUP_sk,INC_avg,INC_sd,INC_r1,INC_kr,INC_sk,IND_avg,IND_sd,IND_r1,IND_kr,IND_sk
142,0.5362500000,0.1056749142,0.6045844456,2.9949398595,-0.6399430503,0.1117187500,0.0719169375,0.5792219646,5.0982207433,1.3200383642,0.3520312500,0.0694325142,0.2618998082,3.4906217119,0.6253410723,0.3520312500,0.0694325142,0.2618998082,3.4906217119,0.6253410723
