Instance,INF_avg,INF_sd,INF_r1,INF_kr,INF_sk,SUP_avg,SUP_sd,SUP_r1,SUP_kr,SUP_sk,INC_avg,INC_sd,INC_r1,INC_kr,INC_sk,IND_avg,IND_sd,IND_r1,IND_kr,IND_sk
339,0.3000000000,0.1095445115,-0.0000000000,2.5000000000,-0.9128709292,0.1600000000,0.1854723699,-0.9503546099,2.4826933478,0.9704949588,0.5400000000,0.1019803903,-0.9135802469,1.9556213018,0.2715454179,0.5400000000,0.1019803903,-0.9135802469,1.9556213018,0.2715454179
