Instance,INF_avg,INF_sd,INF_r1,INF_kr,INF_sk,SUP_avg,SUP_sd,SUP_r1,SUP_kr,SUP_sk,INC_avg,INC_sd,INC_r1,INC_kr,INC_sk,IND_avg,IND_sd,IND_r1,IND_kr,IND_sk
408,0.2360000000,0.0265329983,-0.1616161616,2.2169421488,0.3700366502,0.2320000000,0.0614491660,-0.5284178187,1.4904481471,-0.4071161708,0.5320000000,0.0448998886,-0.7489711934,1.2422524565,-0.1315095000,0.5320000000,0.0448998886,-0.7489711934,1.2422524565,-0.1315095000
