Instance,INF_avg,INF_sd,INF_r1,INF_kr,INF_sk,SUP_avg,SUP_sd,SUP_r1,SUP_kr,SUP_sk,INC_avg,INC_sd,INC_r1,INC_kr,INC_sk,IND_avg,IND_sd,IND_r1,IND_kr,IND_sk
92,0.3881914894,0.0797997862,0.6583829280,2.4274441820,-0.2085675182,0.1180851064,0.0691171776,0.7940890488,2.4377318334,0.5571445841,0.4937234043,0.0520225819,0.1996481859,3.3584085953,0.5936418573,0.4937234043,0.0520225819,0.1996481859,3.3584085953,0.5936418573
