Instance,INF_avg,INF_sd,INF_r1,INF_kr,INF_sk,SUP_avg,SUP_sd,SUP_r1,SUP_kr,SUP_sk,INC_avg,INC_sd,INC_r1,INC_kr,INC_sk,IND_avg,IND_sd,IND_r1,IND_kr,IND_sk
383,0.2180000000,0.0193907194,-0.6629955947,2.3587596197,0.2830922144,0.2580000000,0.0444522215,-0.5537488708,1.4688078808,-0.5229651693,0.5240000000,0.0300665928,-0.5365111562,1.2397603571,0.2754946631,0.5240000000,0.0300665928,-0.5365111562,1.2397603571,0.2754946631
