Instance,INF_avg,INF_sd,INF_r1,INF_kr,INF_sk,SUP_avg,SUP_sd,SUP_r1,SUP_kr,SUP_sk,INC_avg,INC_sd,INC_r1,INC_kr,INC_sk,IND_avg,IND_sd,IND_r1,IND_kr,IND_sk
285,0.5864077670,0.1039870639,0.5251176572,3.1743812031,-0.6474089124,0.1277669903,0.1031629123,0.7685464780,4.8892938776,1.5414274720,0.2858252427,0.0612257366,-0.1226771721,3.5687564960,0.3797100578,0.2858252427,0.0612257366,-0.1226771721,3.5687564960,0.3797100578
