Instance,INF_avg,INF_sd,INF_r1,INF_kr,INF_sk,SUP_avg,SUP_sd,SUP_r1,SUP_kr,SUP_sk,INC_avg,INC_sd,INC_r1,INC_kr,INC_sk,IND_avg,IND_sd,IND_r1,IND_kr,IND_sk
407,0.3995833333,0.1238607809,0.6330880421,2.1876527600,0.2678706336,0.1308333333,0.0768069369,0.6192435091,3.6400688699,0.8371841468,0.4695833333,0.0874632859,0.3162213353,2.3337735896,-0.0896445944,0.4695833333,0.0874632859,0.3162213353,2.3337735896,-0.0896445944
