Instance,INF_avg,INF_sd,INF_r1,INF_kr,INF_sk,SUP_avg,SUP_sd,SUP_r1,SUP_kr,SUP_sk,INC_avg,INC_sd,INC_r1,INC_kr,INC_sk,IND_avg,IND_sd,IND_r1,IND_kr,IND_sk
193,0.2865000000,0.0989583246,0.0356977138,2.8282461728,0.0674011903,0.2875000000,0.1000937061,0.0703087118,3.2835832222,0.0911497711,0.4260000000,0.1171494772,0.0883871538,2.7131426640,0.0260934561,0.4260000000,0.1171494772,0.0883871538,2.7131426640,0.0260934561
