Instance,INF_avg,INF_sd,INF_r1,INF_kr,INF_sk,SUP_avg,SUP_sd,SUP_r1,SUP_kr,SUP_sk,INC_avg,INC_sd,INC_r1,INC_kr,INC_sk,IND_avg,IND_sd,IND_r1,IND_kr,IND_sk
59,0.1960000000,0.0557135531,-0.3071065990,2.1905090870,-0.6261779404,0.3080000000,0.0560000000,-0.1197339246,2.0005206164,0.4067055394,0.4960000000,0.0080000000,-0.3157894737,3.2500000000,-1.5000000000,0.4960000000,0.0080000000,-0.3157894737,3.2500000000,-1.5000000000
