Instance,INF_avg,INF_sd,INF_r1,INF_kr,INF_sk,SUP_avg,SUP_sd,SUP_r1,SUP_kr,SUP_sk,INC_avg,INC_sd,INC_r1,INC_kr,INC_sk,IND_avg,IND_sd,IND_r1,IND_kr,IND_sk
307,0.2430000000,0.0214709106,-0.2699842378,2.2648914695,-0.0278841682,0.2780000000,0.0354400903,0.1168478261,2.2917968275,-0.5628948578,0.4790000000,0.0262488095,0.1495488577,1.4070095909,0.3742238971,0.4790000000,0.0262488095,0.1495488577,1.4070095909,0.3742238971
