Instance,INF_avg,INF_sd,INF_r1,INF_kr,INF_sk,SUP_avg,SUP_sd,SUP_r1,SUP_kr,SUP_sk,INC_avg,INC_sd,INC_r1,INC_kr,INC_sk,IND_avg,IND_sd,IND_r1,IND_kr,IND_sk
154,0.2561000000,0.0298209658,0.0617638749,2.7994984631,-0.0157803960,0.2064000000,0.0344824593,0.3439493793,2.7789523511,0.3066579064,0.5375000000,0.0336191909,0.0767186981,3.4007889453,-0.6489799785,0.5375000000,0.0336191909,0.0767186981,3.4007889453,-0.6489799785
