Instance,INF_avg,INF_sd,INF_r1,INF_kr,INF_sk,SUP_avg,SUP_sd,SUP_r1,SUP_kr,SUP_sk,INC_avg,INC_sd,INC_r1,INC_kr,INC_sk,IND_avg,IND_sd,IND_r1,IND_kr,IND_sk
42,0.3200000000,0.0871779789,0.3512658228,1.3801939058,0.5071295170,0.1900000000,0.1113552873,-0.7170329670,1.2989073881,0.4692912730,0.4900000000,0.1496662955,0.5588235294,1.8469387755,-0.3436215967,0.4900000000,0.1496662955,0.5588235294,1.8469387755,-0.3436215967
