Instance,INF_avg,INF_sd,INF_r1,INF_kr,INF_sk,SUP_avg,SUP_sd,SUP_r1,SUP_kr,SUP_sk,INC_avg,INC_sd,INC_r1,INC_kr,INC_sk,IND_avg,IND_sd,IND_r1,IND_kr,IND_sk
123,0.3333333333,0.1105541597,0.1011450382,1.5697314050,0.1935839883,0.1791666667,0.0828108621,0.0494638533,2.7470789938,-0.3115737126,0.4875000000,0.1309023173,0.2171372931,2.1870917674,-0.2559972886,0.4875000000,0.1309023173,0.2171372931,2.1870917674,-0.2559972886
