Instance,INF_avg,INF_sd,INF_r1,INF_kr,INF_sk,SUP_avg,SUP_sd,SUP_r1,SUP_kr,SUP_sk,INC_avg,INC_sd,INC_r1,INC_kr,INC_sk,IND_avg,IND_sd,IND_r1,IND_kr,IND_sk
493,0.2992000000,0.0742923953,0.2388059007,2.1804492511,0.0830319929,0.2056000000,0.0523129047,0.2100111857,3.0516809727,0.4577263574,0.4952000000,0.0757427224,0.0480293965,2.4293665813,0.0224673769,0.4952000000,0.0757427224,0.0480293965,2.4293665813,0.0224673769
