Instance,INF_avg,INF_sd,INF_r1,INF_kr,INF_sk,SUP_avg,SUP_sd,SUP_r1,SUP_kr,SUP_sk,INC_avg,INC_sd,INC_r1,INC_kr,INC_sk,IND_avg,IND_sd,IND_r1,IND_kr,IND_sk
395,0.2520000000,0.0448998886,-0.3427561837,3.0563114135,1.3532751773,0.1880000000,0.0711055553,-0.0883036406,2.5890482295,1.0318052965,0.5600000000,0.0748331477,-0.0444444444,1.9938775510,-0.3436215967,0.5600000000,0.0748331477,-0.0444444444,1.9938775510,-0.3436215967
