Instance,INF_avg,INF_sd,INF_r1,INF_kr,INF_sk,SUP_avg,SUP_sd,SUP_r1,SUP_kr,SUP_sk,INC_avg,INC_sd,INC_r1,INC_kr,INC_sk,IND_avg,IND_sd,IND_r1,IND_kr,IND_sk
129,0.2220000000,0.0396988665,0.0124095140,2.0668015151,0.6766677878,0.2620000000,0.0523067873,-0.3370382478,3.0063352827,-1.3208174854,0.5160000000,0.0768374908,-0.3763694356,2.7862108093,1.0204198914,0.5160000000,0.0768374908,-0.3763694356,2.7862108093,1.0204198914
