Instance,INF_avg,INF_sd,INF_r1,INF_kr,INF_sk,SUP_avg,SUP_sd,SUP_r1,SUP_kr,SUP_sk,INC_avg,INC_sd,INC_r1,INC_kr,INC_sk,IND_avg,IND_sd,IND_r1,IND_kr,IND_sk
268,0.2660000000,0.1477971583,-0.0215491149,2.1435121799,0.0766279840,0.2420000000,0.1575944161,0.0276088759,3.1455815636,0.6991736251,0.4920000000,0.1507846146,-0.0015128153,2.9750173456,0.2059879724,0.4920000000,0.1507846146,-0.0015128153,2.9750173456,0.2059879724
