Instance,INF_avg,INF_sd,INF_r1,INF_kr,INF_sk,SUP_avg,SUP_sd,SUP_r1,SUP_kr,SUP_sk,INC_avg,INC_sd,INC_r1,INC_kr,INC_sk,IND_avg,IND_sd,IND_r1,IND_kr,IND_sk
165,0.2600000000,0.1624807681,-0.5591397849,1.4421487603,0.3804646085,0.3400000000,0.1743559577,-0.4285714286,1.7957063712,0.0543353054,0.4000000000,0.2000000000,-0.9090909091,2.0500000000,-0.0000000000,0.4000000000,0.2000000000,-0.9090909091,2.0500000000,-0.0000000000
