Instance,INF_avg,INF_sd,INF_r1,INF_kr,INF_sk,SUP_avg,SUP_sd,SUP_r1,SUP_kr,SUP_sk,INC_avg,INC_sd,INC_r1,INC_kr,INC_sk,IND_avg,IND_sd,IND_r1,IND_kr,IND_sk
325,0.2460000000,0.0564269439,-0.1193080641,2.8238743971,-1.0248498627,0.2880000000,0.0430813185,-0.3093415008,1.6508063317,0.0018009246,0.4660000000,0.0531413210,-0.6450088600,2.1050686548,0.1995854091,0.4660000000,0.0531413210,-0.6450088600,2.1050686548,0.1995854091
