Instance,INF_avg,INF_sd,INF_r1,INF_kr,INF_sk,SUP_avg,SUP_sd,SUP_r1,SUP_kr,SUP_sk,INC_avg,INC_sd,INC_r1,INC_kr,INC_sk,IND_avg,IND_sd,IND_r1,IND_kr,IND_sk
211,0.2426000000,0.0258503385,0.4746183288,2.7364783722,0.4651525371,0.2236000000,0.0275506806,0.0398968120,2.1952703437,-0.1862220366,0.5338000000,0.0276506781,0.0073073819,1.9331078015,0.0380378942,0.5338000000,0.0276506781,0.0073073819,1.9331078015,0.0380378942
