Instance,INF_avg,INF_sd,INF_r1,INF_kr,INF_sk,SUP_avg,SUP_sd,SUP_r1,SUP_kr,SUP_sk,INC_avg,INC_sd,INC_r1,INC_kr,INC_sk,IND_avg,IND_sd,IND_r1,IND_kr,IND_sk
214,0.1800000000,0.1400000000,0.0953545232,1.8521449396,0.3586005831,0.3000000000,0.1549193338,-0.8000000000,2.2916666667,-0.4841229183,0.5200000000,0.2135415650,-0.1968085106,3.1057248384,1.0943265798,0.5200000000,0.2135415650,-0.1968085106,3.1057248384,1.0943265798
