Instance,INF_avg,INF_sd,INF_r1,INF_kr,INF_sk,SUP_avg,SUP_sd,SUP_r1,SUP_kr,SUP_sk,INC_avg,INC_sd,INC_r1,INC_kr,INC_sk,IND_avg,IND_sd,IND_r1,IND_kr,IND_sk
182,0.2180000000,0.0324961536,-0.1559139785,1.4421487603,-0.3804646085,0.2700000000,0.0209761770,-0.5555555556,1.3429752066,-0.3900528774,0.5120000000,0.0376297754,-0.0546378653,1.6071531169,0.4071784569,0.5120000000,0.0376297754,-0.0546378653,1.6071531169,0.4071784569
