Instance,INF_avg,INF_sd,INF_r1,INF_kr,INF_sk,SUP_avg,SUP_sd,SUP_r1,SUP_kr,SUP_sk,INC_avg,INC_sd,INC_r1,INC_kr,INC_sk,IND_avg,IND_sd,IND_r1,IND_kr,IND_sk
238,0.2150000000,0.0917877988,-0.2825841696,2.5232325723,0.1745737352,0.2090000000,0.0810493677,-0.2131093266,3.1022422700,0.5247953084,0.5760000000,0.1006180898,-0.1688088501,3.1315936828,-0.0660162982,0.5760000000,0.1006180898,-0.1688088501,3.1315936828,-0.0660162982
