Instance,INF_avg,INF_sd,INF_r1,INF_kr,INF_sk,SUP_avg,SUP_sd,SUP_r1,SUP_kr,SUP_sk,INC_avg,INC_sd,INC_r1,INC_kr,INC_sk,IND_avg,IND_sd,IND_r1,IND_kr,IND_sk
21,0.2320000000,0.0386781592,-0.0900155755,3.2237982213,0.5927152211,0.2622000000,0.0472139810,-0.3898315683,3.5604861502,0.5679649005,0.5058000000,0.0510721059,-0.1784356797,4.7483318036,-0.6945236365,0.5058000000,0.0510721059,-0.1784356797,4.7483318036,-0.6945236365
