Instance,INF_avg,INF_sd,INF_r1,INF_kr,INF_sk,SUP_avg,SUP_sd,SUP_r1,SUP_kr,SUP_sk,INC_avg,INC_sd,INC_r1,INC_kr,INC_sk,IND_avg,IND_sd,IND_r1,IND_kr,IND_sk
129,0.2609000000,0.0438427873,0.0438886143,2.4768615770,0.2854891214,0.2658000000,0.0519842284,0.0110642658,2.4817818437,-0.1158610798,0.4733000000,0.0530481856,-0.1909376541,3.2449415030,0.2281189149,0.4733000000,0.0530481856,-0.1909376541,3.2449415030,0.2281189149
