Instance,INF_avg,INF_sd,INF_r1,INF_kr,INF_sk,SUP_avg,SUP_sd,SUP_r1,SUP_kr,SUP_sk,INC_avg,INC_sd,INC_r1,INC_kr,INC_sk,IND_avg,IND_sd,IND_r1,IND_kr,IND_sk
89,0.3500000000,0.0774596669,-0.0500000000,2.2916666667,-0.1613743061,0.1950000000,0.0687386354,-0.3658020116,1.7619047619,-0.2817204509,0.4550000000,0.0756637298,-0.5413737155,2.3793787304,0.3497432942,0.4550000000,0.0756637298,-0.5413737155,2.3793787304,0.3497432942
