Instance,INF_avg,INF_sd,INF_r1,INF_kr,INF_sk,SUP_avg,SUP_sd,SUP_r1,SUP_kr,SUP_sk,INC_avg,INC_sd,INC_r1,INC_kr,INC_sk,IND_avg,IND_sd,IND_r1,IND_kr,IND_sk
145,0.2759000000,0.0288910021,-0.1264368865,2.5946574872,-0.1472895503,0.2576000000,0.0327145228,0.0122580214,2.2420241021,-0.3763081492,0.4665000000,0.0386037563,-0.1663691696,1.9866676595,0.2401908685,0.4665000000,0.0386037563,-0.1663691696,1.9866676595,0.2401908685
