Instance,INF_avg,INF_sd,INF_r1,INF_kr,INF_sk,SUP_avg,SUP_sd,SUP_r1,SUP_kr,SUP_sk,INC_avg,INC_sd,INC_r1,INC_kr,INC_sk,IND_avg,IND_sd,IND_r1,IND_kr,IND_sk
93,0.2840000000,0.0833306666,-0.0245562620,2.2626409565,-0.0044794060,0.2520000000,0.0670522185,-0.0711420653,2.9107502438,0.1261034491,0.4640000000,0.0943610089,0.0845488390,2.6661593082,-0.4067078017,0.4640000000,0.0943610089,0.0845488390,2.6661593082,-0.4067078017
