Instance,INF_avg,INF_sd,INF_r1,INF_kr,INF_sk,SUP_avg,SUP_sd,SUP_r1,SUP_kr,SUP_sk,INC_avg,INC_sd,INC_r1,INC_kr,INC_sk,IND_avg,IND_sd,IND_r1,IND_kr,IND_sk
324,0.2380000000,0.1474991525,0.0240897294,2.4264785176,0.3380949993,0.2630000000,0.1494356049,0.1088083644,2.2884897180,0.3594178274,0.4990000000,0.1615518493,0.2937112849,2.3420073802,0.1442715134,0.4990000000,0.1615518493,0.2937112849,2.3420073802,0.1442715134
