Instance,INF_avg,INF_sd,INF_r1,INF_kr,INF_sk,SUP_avg,SUP_sd,SUP_r1,SUP_kr,SUP_sk,INC_avg,INC_sd,INC_r1,INC_kr,INC_sk,IND_avg,IND_sd,IND_r1,IND_kr,IND_sk
182,0.2650000000,0.0895823643,-0.6039228092,2.5055754505,0.4840739168,0.2150000000,0.0708872344,-0.0226612435,3.4379594564,-0.9601122413,0.5200000000,0.0842614977,-0.4399293286,1.7708787939,0.3610490678,0.5200000000,0.0842614977,-0.4399293286,1.7708787939,0.3610490678
