Instance,INF_avg,INF_sd,INF_r1,INF_kr,INF_sk,SUP_avg,SUP_sd,SUP_r1,SUP_kr,SUP_sk,INC_avg,INC_sd,INC_r1,INC_kr,INC_sk,IND_avg,IND_sd,IND_r1,IND_kr,IND_sk
115,0.2490000000,0.0959114175,0.0382005866,3.0382927522,0.4704784251,0.2705000000,0.0954188137,-0.0031829759,2.9511202317,0.3023751167,0.4805000000,0.1106559985,-0.0995676601,3.1147736391,-0.4539023311,0.4805000000,0.1106559985,-0.0995676601,3.1147736391,-0.4539023311
