Instance,INF_avg,INF_sd,INF_r1,INF_kr,INF_sk,SUP_avg,SUP_sd,SUP_r1,SUP_kr,SUP_sk,INC_avg,INC_sd,INC_r1,INC_kr,INC_sk,IND_avg,IND_sd,IND_r1,IND_kr,IND_sk
21,0.2555555556,0.1116652847,0.0560488346,3.2093912362,0.6984964038,0.2055555556,0.1177201117,-0.0081930582,3.3530042014,0.7096805815,0.5388888889,0.1339107866,0.1652282417,1.9114323041,-0.3173290647,0.5388888889,0.1339107866,0.1652282417,1.9114323041,-0.3173290647
