Instance,INF_avg,INF_sd,INF_r1,INF_kr,INF_sk,SUP_avg,SUP_sd,SUP_r1,SUP_kr,SUP_sk,INC_avg,INC_sd,INC_r1,INC_kr,INC_sk,IND_avg,IND_sd,IND_r1,IND_kr,IND_sk
294,0.2260000000,0.0329241553,-0.7293340987,1.8458116039,-0.2753729167,0.2840000000,0.0259615100,0.2591267001,1.7304942370,0.3970726415,0.4900000000,0.0277488739,-0.7681159420,2.3144712430,0.9266785331,0.4900000000,0.0277488739,-0.7681159420,2.3144712430,0.9266785331
