Instance,INF_avg,INF_sd,INF_r1,INF_kr,INF_sk,SUP_avg,SUP_sd,SUP_r1,SUP_kr,SUP_sk,INC_avg,INC_sd,INC_r1,INC_kr,INC_sk,IND_avg,IND_sd,IND_r1,IND_kr,IND_sk
61,0.2580000000,0.1119642800,0.1718476315,3.8514866082,0.1094512167,0.3340000000,0.1150825790,0.1275479674,2.0716195368,0.2360706833,0.4080000000,0.1234341930,0.0823848608,2.9164532800,0.0312786577,0.4080000000,0.1234341930,0.0823848608,2.9164532800,0.0312786577
