Instance,INF_avg,INF_sd,INF_r1,INF_kr,INF_sk,SUP_avg,SUP_sd,SUP_r1,SUP_kr,SUP_sk,INC_avg,INC_sd,INC_r1,INC_kr,INC_sk,IND_avg,IND_sd,IND_r1,IND_kr,IND_sk
479,0.3000000000,0.1414213562,0.0000000000,1.7000000000,0.0000000000,0.2400000000,0.1854723699,0.2832167832,1.5091941590,0.1579875514,0.4600000000,0.1624807681,-0.1032028470,1.4421487603,0.3804646085,0.4600000000,0.1624807681,-0.1032028470,1.4421487603,0.3804646085
