Instance,INF_avg,INF_sd,INF_r1,INF_kr,INF_sk,SUP_avg,SUP_sd,SUP_r1,SUP_kr,SUP_sk,INC_avg,INC_sd,INC_r1,INC_kr,INC_sk,IND_avg,IND_sd,IND_r1,IND_kr,IND_sk
294,0.2544000000,0.0628700247,0.1180544382,3.0962075953,0.7147610786,0.2608000000,0.0643689366,0.1700576815,2.2588803922,-0.2304601746,0.4848000000,0.0720621954,-0.2492036604,2.0742556662,0.0051060978,0.4848000000,0.0720621954,-0.2492036604,2.0742556662,0.0051060978
