Instance,INF_avg,INF_sd,INF_r1,INF_kr,INF_sk,SUP_avg,SUP_sd,SUP_r1,SUP_kr,SUP_sk,INC_avg,INC_sd,INC_r1,INC_kr,INC_sk,IND_avg,IND_sd,IND_r1,IND_kr,IND_sk
19,0.3205128205,0.1284612826,0.2518230853,2.0790936652,-0.2230642768,0.1564102564,0.0681057692,0.0153088028,2.9639164487,0.3154123503,0.5230769231,0.1275238308,0.1955633392,2.4415034049,0.1095756273,0.5230769231,0.1275238308,0.1955633392,2.4415034049,0.1095756273
