Instance,INF_avg,INF_sd,INF_r1,INF_kr,INF_sk,SUP_avg,SUP_sd,SUP_r1,SUP_kr,SUP_sk,INC_avg,INC_sd,INC_r1,INC_kr,INC_sk,IND_avg,IND_sd,IND_r1,IND_kr,IND_sk
26,0.2576000000,0.0600186638,-0.0344668360,1.8548996773,-0.2596189846,0.2424000000,0.0651938647,0.0428559989,2.3225547782,0.2151811331,0.5000000000,0.0755777745,0.0258620690,2.9500035308,0.2423904097,0.5000000000,0.0755777745,0.0258620690,2.9500035308,0.2423904097
