Instance,INF_avg,INF_sd,INF_r1,INF_kr,INF_sk,SUP_avg,SUP_sd,SUP_r1,SUP_kr,SUP_sk,INC_avg,INC_sd,INC_r1,INC_kr,INC_sk,IND_avg,IND_sd,IND_r1,IND_kr,IND_sk
347,0.2485000000,0.0915027322,-0.0690509990,2.9621873166,0.1813410785,0.2300000000,0.0992471662,0.0712268591,2.4720554511,0.2240215352,0.5215000000,0.1030182023,0.0239727132,2.3622870870,-0.0029367339,0.5215000000,0.1030182023,0.0239727132,2.3622870870,-0.0029367339
