Instance,INF_avg,INF_sd,INF_r1,INF_kr,INF_sk,SUP_avg,SUP_sd,SUP_r1,SUP_kr,SUP_sk,INC_avg,INC_sd,INC_r1,INC_kr,INC_sk,IND_avg,IND_sd,IND_r1,IND_kr,IND_sk
54,0.2420000000,0.0586856030,-0.1833507081,3.3899606243,-0.2693144015,0.2708000000,0.0705645804,0.0162802405,4.0793646797,0.5768593578,0.4872000000,0.0694849624,0.0094210111,3.1605266776,-0.0515716916,0.4872000000,0.0694849624,0.0094210111,3.1605266776,-0.0515716916
