Instance,INF_avg,INF_sd,INF_r1,INF_kr,INF_sk,SUP_avg,SUP_sd,SUP_r1,SUP_kr,SUP_sk,INC_avg,INC_sd,INC_r1,INC_kr,INC_sk,IND_avg,IND_sd,IND_r1,IND_kr,IND_sk
465,0.2440000000,0.0938829058,-0.0450160772,2.6062760170,0.2644981874,0.2955000000,0.1142573849,0.0629301123,3.0323182704,0.4073341380,0.4605000000,0.1084654323,0.0467393485,2.8542426400,-0.3295255591,0.4605000000,0.1084654323,0.0467393485,2.8542426400,-0.3295255591
