Instance,INF_avg,INF_sd,INF_r1,INF_kr,INF_sk,SUP_avg,SUP_sd,SUP_r1,SUP_kr,SUP_sk,INC_avg,INC_sd,INC_r1,INC_kr,INC_sk,IND_avg,IND_sd,IND_r1,IND_kr,IND_sk
328,0.2310000000,0.0243721152,0.5782800441,1.7924531510,-0.0281825636,0.3160000000,0.0203469899,-0.2789415656,2.8539872576,1.2087391285,0.4530000000,0.0297657521,-0.2469556746,2.2042940346,0.7460055942,0.4530000000,0.0297657521,-0.2469556746,2.2042940346,0.7460055942
