Instance,INF_avg,INF_sd,INF_r1,INF_kr,INF_sk,SUP_avg,SUP_sd,SUP_r1,SUP_kr,SUP_sk,INC_avg,INC_sd,INC_r1,INC_kr,INC_sk,IND_avg,IND_sd,IND_r1,IND_kr,IND_sk
290,0.2440000000,0.0946784030,0.0930881511,2.5102904553,0.0931639689,0.2820000000,0.1035664038,-0.0844601061,3.0022603269,0.2498403823,0.4740000000,0.1289340917,-0.0057551545,2.6356737155,-0.0470056844,0.4740000000,0.1289340917,-0.0057551545,2.6356737155,-0.0470056844
