Instance,INF_avg,INF_sd,INF_r1,INF_kr,INF_sk,SUP_avg,SUP_sd,SUP_r1,SUP_kr,SUP_sk,INC_avg,INC_sd,INC_r1,INC_kr,INC_sk,IND_avg,IND_sd,IND_r1,IND_kr,IND_sk
51,0.2468000000,0.0255882786,0.0793062190,2.4985710250,-0.0663437969,0.2460000000,0.0333916157,0.0154624329,2.3320661988,0.1207037511,0.5072000000,0.0318929459,-0.2494519335,3.6774071209,-0.2203715648,0.5072000000,0.0318929459,-0.2494519335,3.6774071209,-0.2203715648
