Instance,INF_avg,INF_sd,INF_r1,INF_kr,INF_sk,SUP_avg,SUP_sd,SUP_r1,SUP_kr,SUP_sk,INC_avg,INC_sd,INC_r1,INC_kr,INC_sk,IND_avg,IND_sd,IND_r1,IND_kr,IND_sk
464,0.2490000000,0.0241660919,0.0143171806,2.1067859824,0.6007228359,0.3740000000,0.0239582971,0.0154169587,2.5705119645,-0.9454581788,0.3770000000,0.0441134900,0.0973846481,1.9904856617,0.4742975178,0.3770000000,0.0441134900,0.0973846481,1.9904856617,0.4742975178
