Instance,INF_avg,INF_sd,INF_r1,INF_kr,INF_sk,SUP_avg,SUP_sd,SUP_r1,SUP_kr,SUP_sk,INC_avg,INC_sd,INC_r1,INC_kr,INC_sk,IND_avg,IND_sd,IND_r1,IND_kr,IND_sk
389,0.3271428571,0.1084585880,0.1833196551,2.5688897466,0.1265239897,0.1828571429,0.0836172036,0.1279605793,2.6201392872,0.1105266746,0.4900000000,0.0973212647,0.0205868797,2.6052633375,-0.1710991298,0.4900000000,0.0973212647,0.0205868797,2.6052633375,-0.1710991298
