Instance,INF_avg,INF_sd,INF_r1,INF_kr,INF_sk,SUP_avg,SUP_sd,SUP_r1,SUP_kr,SUP_sk,INC_avg,INC_sd,INC_r1,INC_kr,INC_sk,IND_avg,IND_sd,IND_r1,IND_kr,IND_sk
454,0.3391566265,0.1148724260,0.2373179359,3.1781879815,-0.4134379130,0.1728915663,0.0861845892,-0.0444863051,4.0218171511,0.7136010015,0.4879518072,0.1150144992,0.0697771704,3.4873180135,0.4203358050,0.4879518072,0.1150144992,0.0697771704,3.4873180135,0.4203358050
