Instance,INF_avg,INF_sd,INF_r1,INF_kr,INF_sk,SUP_avg,SUP_sd,SUP_r1,SUP_kr,SUP_sk,INC_avg,INC_sd,INC_r1,INC_kr,INC_sk,IND_avg,IND_sd,IND_r1,IND_kr,IND_sk
205,0.2860000000,0.0490306027,0.3922273583,3.5583982326,1.4432223825,0.2020000000,0.0362767143,-0.4023060143,3.4236287544,-0.6515269869,0.5120000000,0.0574108004,0.2217898833,2.6037326798,-0.1288617857,0.5120000000,0.0574108004,0.2217898833,2.6037326798,-0.1288617857
