Instance,INF_avg,INF_sd,INF_r1,INF_kr,INF_sk,SUP_avg,SUP_sd,SUP_r1,SUP_kr,SUP_sk,INC_avg,INC_sd,INC_r1,INC_kr,INC_sk,IND_avg,IND_sd,IND_r1,IND_kr,IND_sk
478,0.2480000000,0.1203993355,-0.4249800291,2.4045509700,0.5282641197,0.2240000000,0.1449965517,-0.1524350089,3.2920046149,0.6011164841,0.5280000000,0.1844342701,-0.2709681408,2.4926838701,0.4655460875,0.5280000000,0.1844342701,-0.2709681408,2.4926838701,0.4655460875
