Instance,INF_avg,INF_sd,INF_r1,INF_kr,INF_sk,SUP_avg,SUP_sd,SUP_r1,SUP_kr,SUP_sk,INC_avg,INC_sd,INC_r1,INC_kr,INC_sk,IND_avg,IND_sd,IND_r1,IND_kr,IND_sk
102,0.2270000000,0.1006031809,-0.0039040714,2.8706946608,0.3025088882,0.2520000000,0.0913564448,-0.2407845286,3.4098472550,0.3540063553,0.5210000000,0.0943874992,0.0024695199,2.4913815916,0.0618053388,0.5210000000,0.0943874992,0.0024695199,2.4913815916,0.0618053388
