Instance,INF_avg,INF_sd,INF_r1,INF_kr,INF_sk,SUP_avg,SUP_sd,SUP_r1,SUP_kr,SUP_sk,INC_avg,INC_sd,INC_r1,INC_kr,INC_sk,IND_avg,IND_sd,IND_r1,IND_kr,IND_sk
237,0.2520000000,0.0466476152,0.1038812785,2.9499351211,-0.0321559847,0.2100000000,0.0567450438,-0.1144278607,2.7091933182,0.0394047602,0.5380000000,0.0315594677,-0.0088644998,2.7434557507,0.1649210098,0.5380000000,0.0315594677,-0.0088644998,2.7434557507,0.1649210098
