Instance,INF_avg,INF_sd,INF_r1,INF_kr,INF_sk,SUP_avg,SUP_sd,SUP_r1,SUP_kr,SUP_sk,INC_avg,INC_sd,INC_r1,INC_kr,INC_sk,IND_avg,IND_sd,IND_r1,IND_kr,IND_sk
228,0.3092000000,0.0948649566,0.6795422947,2.1612748614,0.0878960708,0.3180000000,0.0705974504,0.4185243479,2.9599720711,0.1748206769,0.3728000000,0.0738658243,0.4213190160,2.5607973341,0.1135077110,0.3728000000,0.0738658243,0.4213190160,2.5607973341,0.1135077110
