Instance,INF_avg,INF_sd,INF_r1,INF_kr,INF_sk,SUP_avg,SUP_sd,SUP_r1,SUP_kr,SUP_sk,INC_avg,INC_sd,INC_r1,INC_kr,INC_sk,IND_avg,IND_sd,IND_r1,IND_kr,IND_sk
500,0.2520000000,0.0381575681,-0.5156794425,2.6816809564,-0.2833824943,0.2400000000,0.0400000000,-0.0512820513,2.4250000000,-0.3750000000,0.5080000000,0.0474973683,-0.3902053712,2.1003470650,-0.3010245165,0.5080000000,0.0474973683,-0.3902053712,2.1003470650,-0.3010245165
