Instance,INF_avg,INF_sd,INF_r1,INF_kr,INF_sk,SUP_avg,SUP_sd,SUP_r1,SUP_kr,SUP_sk,INC_avg,INC_sd,INC_r1,INC_kr,INC_sk,IND_avg,IND_sd,IND_r1,IND_kr,IND_sk
438,0.3171717172,0.0844236599,0.3581936681,2.9767368082,-0.2349299759,0.1521212121,0.0715100152,0.5531260715,3.3184806433,0.6480929262,0.5307070707,0.0682427711,-0.0075306544,2.8728913847,0.2162826284,0.5307070707,0.0682427711,-0.0075306544,2.8728913847,0.2162826284
