Instance,INF_avg,INF_sd,INF_r1,INF_kr,INF_sk,SUP_avg,SUP_sd,SUP_r1,SUP_kr,SUP_sk,INC_avg,INC_sd,INC_r1,INC_kr,INC_sk,IND_avg,IND_sd,IND_r1,IND_kr,IND_sk
97,0.2100000000,0.0916515139,0.1740412979,1.2091836735,-0.2961528510,0.2200000000,0.0400000000,-0.3157894737,3.2500000000,1.5000000000,0.5700000000,0.0748331477,-0.0389610390,2.1339285714,0.7301958931,0.5700000000,0.0748331477,-0.0389610390,2.1339285714,0.7301958931
