Instance,INF_avg,INF_sd,INF_r1,INF_kr,INF_sk,SUP_avg,SUP_sd,SUP_r1,SUP_kr,SUP_sk,INC_avg,INC_sd,INC_r1,INC_kr,INC_sk,IND_avg,IND_sd,IND_r1,IND_kr,IND_sk
97,0.2460000000,0.1458903698,0.1170638345,2.7952976510,0.4848337088,0.2560000000,0.1416474497,0.1079455369,2.4848408538,0.2581380278,0.4980000000,0.1529575104,-0.2043434242,2.4977520111,0.2013036453,0.4980000000,0.1529575104,-0.2043434242,2.4977520111,0.2013036453
