Instance,INF_avg,INF_sd,INF_r1,INF_kr,INF_sk,SUP_avg,SUP_sd,SUP_r1,SUP_kr,SUP_sk,INC_avg,INC_sd,INC_r1,INC_kr,INC_sk,IND_avg,IND_sd,IND_r1,IND_kr,IND_sk
383,0.2600000000,0.0800000000,-0.0563380282,2.0781250000,0.8437500000,0.2800000000,0.0748331477,-0.4814814815,1.8469387755,0.3436215967,0.4600000000,0.1356465997,-0.1878453039,1.2296786389,-0.2115471545,0.4600000000,0.1356465997,-0.1878453039,1.2296786389,-0.2115471545
