Instance,INF_avg,INF_sd,INF_r1,INF_kr,INF_sk,SUP_avg,SUP_sd,SUP_r1,SUP_kr,SUP_sk,INC_avg,INC_sd,INC_r1,INC_kr,INC_sk,IND_avg,IND_sd,IND_r1,IND_kr,IND_sk
190,0.2515000000,0.0901263003,-0.0097259276,2.8299834964,-0.0038326075,0.2740000000,0.0975909832,-0.0940047740,3.1651538914,0.4415999990,0.4745000000,0.1107914708,-0.0117780972,2.6259690579,-0.0115080647,0.4745000000,0.1107914708,-0.0117780972,2.6259690579,-0.0115080647
