Instance,INF_avg,INF_sd,INF_r1,INF_kr,INF_sk,SUP_avg,SUP_sd,SUP_r1,SUP_kr,SUP_sk,INC_avg,INC_sd,INC_r1,INC_kr,INC_sk,IND_avg,IND_sd,IND_r1,IND_kr,IND_sk
52,0.2250000000,0.0665957957,0.1440357911,2.4516637031,-0.0628740545,0.2820000000,0.0698283610,0.1867492603,2.0571986748,0.0503284909,0.4930000000,0.0722979944,0.1470362524,2.2577338552,0.1378930326,0.4930000000,0.0722979944,0.1470362524,2.2577338552,0.1378930326
