Instance,INF_avg,INF_sd,INF_r1,INF_kr,INF_sk,SUP_avg,SUP_sd,SUP_r1,SUP_kr,SUP_sk,INC_avg,INC_sd,INC_r1,INC_kr,INC_sk,IND_avg,IND_sd,IND_r1,IND_kr,IND_sk
443,0.4577987421,0.1238730218,0.9266119987,1.9115073097,-0.1040045467,0.0964779874,0.0815138863,0.9351549463,3.8839559001,1.1526503110,0.4457232704,0.0631032808,0.7008963194,2.1309914631,-0.1800784596,0.4457232704,0.0631032808,0.7008963194,2.1309914631,-0.1800784596
