Instance,INF_avg,INF_sd,INF_r1,INF_kr,INF_sk,SUP_avg,SUP_sd,SUP_r1,SUP_kr,SUP_sk,INC_avg,INC_sd,INC_r1,INC_kr,INC_sk,IND_avg,IND_sd,IND_r1,IND_kr,IND_sk
367,0.2160000000,0.0320000000,-0.7605633803,2.0781250000,-0.8437500000,0.2680000000,0.0545527268,0.0635641317,1.9991328477,-0.3642525115,0.5160000000,0.0708801806,-0.4818355641,1.7075946286,0.0841107259,0.5160000000,0.0708801806,-0.4818355641,1.7075946286,0.0841107259
