Instance,INF_avg,INF_sd,INF_r1,INF_kr,INF_sk,SUP_avg,SUP_sd,SUP_r1,SUP_kr,SUP_sk,INC_avg,INC_sd,INC_r1,INC_kr,INC_sk,IND_avg,IND_sd,IND_r1,IND_kr,IND_sk
19,0.2216000000,0.0491267748,-0.0069244008,4.6432558421,0.7092458152,0.2636000000,0.0420361749,0.2479689899,2.8598866527,-0.3722514267,0.5148000000,0.0541198670,0.2287521882,2.8437106535,0.1208238526,0.5148000000,0.0541198670,0.2287521882,2.8437106535,0.1208238526
