Instance,INF_avg,INF_sd,INF_r1,INF_kr,INF_sk,SUP_avg,SUP_sd,SUP_r1,SUP_kr,SUP_sk,INC_avg,INC_sd,INC_r1,INC_kr,INC_sk,IND_avg,IND_sd,IND_r1,IND_kr,IND_sk
331,0.2360000000,0.0480000000,-0.1073151125,2.7630750868,0.6538628472,0.2290000000,0.0494873721,-0.0640775084,2.7371105547,-0.5738870769,0.5350000000,0.0598748695,-0.2548736462,4.8049754031,1.4758813096,0.5350000000,0.0598748695,-0.2548736462,4.8049754031,1.4758813096
