Instance,INF_avg,INF_sd,INF_r1,INF_kr,INF_sk,SUP_avg,SUP_sd,SUP_r1,SUP_kr,SUP_sk,INC_avg,INC_sd,INC_r1,INC_kr,INC_sk,IND_avg,IND_sd,IND_r1,IND_kr,IND_sk
342,0.3200000000,0.1200000000,0.2230576441,3.0885416667,0.2881944444,0.2400000000,0.1166190379,0.1714376590,2.0568771626,0.1475392240,0.4400000000,0.1272792206,0.1759284359,3.0281207133,0.7478454435,0.4400000000,0.1272792206,0.1759284359,3.0281207133,0.7478454435
