Instance,INF_avg,INF_sd,INF_r1,INF_kr,INF_sk,SUP_avg,SUP_sd,SUP_r1,SUP_kr,SUP_sk,INC_avg,INC_sd,INC_r1,INC_kr,INC_sk,IND_avg,IND_sd,IND_r1,IND_kr,IND_sk
315,0.2375000000,0.0356545930,-0.6171284635,2.3071936374,0.4608292255,0.2645000000,0.0183643677,-0.4837576822,2.8690483190,0.7578249241,0.4980000000,0.0292574777,-0.5901122020,3.5830667526,-1.0094471858,0.4980000000,0.0292574777,-0.5901122020,3.5830667526,-1.0094471858
