Instance,INF_avg,INF_sd,INF_r1,INF_kr,INF_sk,SUP_avg,SUP_sd,SUP_r1,SUP_kr,SUP_sk,INC_avg,INC_sd,INC_r1,INC_kr,INC_sk,IND_avg,IND_sd,IND_r1,IND_kr,IND_sk
197,0.2560000000,0.1098362417,-0.0426994514,2.2483131521,0.3906466675,0.2640000000,0.1438888460,-0.3701938057,2.4727382832,0.3231500071,0.4800000000,0.1624807681,-0.4117272148,2.7947658402,-0.2349928464,0.4800000000,0.1624807681,-0.4117272148,2.7947658402,-0.2349928464
