Instance,INF_avg,INF_sd,INF_r1,INF_kr,INF_sk,SUP_avg,SUP_sd,SUP_r1,SUP_kr,SUP_sk,INC_avg,INC_sd,INC_r1,INC_kr,INC_sk,IND_avg,IND_sd,IND_r1,IND_kr,IND_sk
328,0.1620000000,0.0972419662,0.0560896290,1.7521730355,0.4109274257,0.3020000000,0.1014692072,-0.0004076897,3.3521851109,0.3763815966,0.5360000000,0.1072567014,-0.1022772165,2.7339310896,-0.4612178622,0.5360000000,0.1072567014,-0.1022772165,2.7339310896,-0.4612178622
