Instance,INF_avg,INF_sd,INF_r1,INF_kr,INF_sk,SUP_avg,SUP_sd,SUP_r1,SUP_kr,SUP_sk,INC_avg,INC_sd,INC_r1,INC_kr,INC_sk,IND_avg,IND_sd,IND_r1,IND_kr,IND_sk
151,0.2160000000,0.0285306852,-0.6404233351,2.0699823120,0.7096975443,0.3090000000,0.0361109402,-0.3150239562,2.8301615605,-1.1884388490,0.4750000000,0.0250998008,-0.6290322581,1.8046107332,-0.4078954778,0.4750000000,0.0250998008,-0.6290322581,1.8046107332,-0.4078954778
