Instance,INF_avg,INF_sd,INF_r1,INF_kr,INF_sk,SUP_avg,SUP_sd,SUP_r1,SUP_kr,SUP_sk,INC_avg,INC_sd,INC_r1,INC_kr,INC_sk,IND_avg,IND_sd,IND_r1,IND_kr,IND_sk
424,0.2950000000,0.0986154146,-0.1931087683,2.3958141963,0.8430350074,0.3200000000,0.1435270009,-0.2471825695,2.9324630031,-0.0487036670,0.3850000000,0.1484082208,-0.4597567072,2.0269209610,0.4075025673,0.3850000000,0.1484082208,-0.4597567072,2.0269209610,0.4075025673
