Instance,INF_avg,INF_sd,INF_r1,INF_kr,INF_sk,SUP_avg,SUP_sd,SUP_r1,SUP_kr,SUP_sk,INC_avg,INC_sd,INC_r1,INC_kr,INC_sk,IND_avg,IND_sd,IND_r1,IND_kr,IND_sk
455,0.2540000000,0.0669626762,-0.1873939827,2.9429065262,0.6611855621,0.1780000000,0.0712460525,-0.0397501899,3.0998124023,0.0023890835,0.5680000000,0.0607947366,0.2433442317,2.1132849834,-0.4255323949,0.5680000000,0.0607947366,0.2433442317,2.1132849834,-0.4255323949
