Instance,INF_avg,INF_sd,INF_r1,INF_kr,INF_sk,SUP_avg,SUP_sd,SUP_r1,SUP_kr,SUP_sk,INC_avg,INC_sd,INC_r1,INC_kr,INC_sk,IND_avg,IND_sd,IND_r1,IND_kr,IND_sk
138,0.3245783133,0.0780685705,0.2958430752,3.0507778613,0.3418451357,0.1840963855,0.0868600334,0.7484165033,2.8038151543,0.1671325251,0.4913253012,0.0689468292,0.1445689855,2.8323536178,-0.0440352607,0.4913253012,0.0689468292,0.1445689855,2.8323536178,-0.0440352607
