Instance,INF_avg,INF_sd,INF_r1,INF_kr,INF_sk,SUP_avg,SUP_sd,SUP_r1,SUP_kr,SUP_sk,INC_avg,INC_sd,INC_r1,INC_kr,INC_sk,IND_avg,IND_sd,IND_r1,IND_kr,IND_sk
302,0.2520000000,0.0533666563,0.3318031115,2.1061103396,0.0404241810,0.2600000000,0.0777688884,0.2566844920,2.5415721844,0.1428734722,0.4880000000,0.0752595509,0.1832738164,3.8393660825,-0.6549087127,0.4880000000,0.0752595509,0.1832738164,3.8393660825,-0.6549087127
