Instance,INF_avg,INF_sd,INF_r1,INF_kr,INF_sk,SUP_avg,SUP_sd,SUP_r1,SUP_kr,SUP_sk,INC_avg,INC_sd,INC_r1,INC_kr,INC_sk,IND_avg,IND_sd,IND_r1,IND_kr,IND_sk
212,0.2520000000,0.1445544880,0.0001918097,1.9417050297,0.0793270081,0.3280000000,0.1249639948,-0.1784312798,2.4667554085,0.0749724148,0.4200000000,0.1356465997,-0.0890652557,2.1994328922,0.1153893570,0.4200000000,0.1356465997,-0.0890652557,2.1994328922,0.1153893570
