Instance,INF_avg,INF_sd,INF_r1,INF_kr,INF_sk,SUP_avg,SUP_sd,SUP_r1,SUP_kr,SUP_sk,INC_avg,INC_sd,INC_r1,INC_kr,INC_sk,IND_avg,IND_sd,IND_r1,IND_kr,IND_sk
405,0.2000000000,0.0632455532,-0.0000000000,3.9062500000,-0.8893905919,0.3150000000,0.1225765067,0.0346907994,2.3623882547,0.6287627987,0.4850000000,0.1119151464,0.3463334249,1.6553599388,0.0567153383,0.4850000000,0.1119151464,0.3463334249,1.6553599388,0.0567153383
