Instance,INF_avg,INF_sd,INF_r1,INF_kr,INF_sk,SUP_avg,SUP_sd,SUP_r1,SUP_kr,SUP_sk,INC_avg,INC_sd,INC_r1,INC_kr,INC_sk,IND_avg,IND_sd,IND_r1,IND_kr,IND_sk
74,0.2504000000,0.0371461977,-0.1172918628,3.0944860161,0.4694907425,0.2336000000,0.0380399790,0.3322824605,2.2499918820,-0.1125378550,0.5160000000,0.0448998886,0.2311819082,1.6353458050,-0.0970412843,0.5160000000,0.0448998886,0.2311819082,1.6353458050,-0.0970412843
