Instance,INF_avg,INF_sd,INF_r1,INF_kr,INF_sk,SUP_avg,SUP_sd,SUP_r1,SUP_kr,SUP_sk,INC_avg,INC_sd,INC_r1,INC_kr,INC_sk,IND_avg,IND_sd,IND_r1,IND_kr,IND_sk
267,0.2792000000,0.0626686525,0.0880922691,3.1843065175,0.3178344964,0.2890000000,0.0738850458,0.2461913732,2.6378604234,0.2652809221,0.4318000000,0.0746241248,0.0413033997,2.6611178670,0.1267262904,0.4318000000,0.0746241248,0.0413033997,2.6611178670,0.1267262904
