Instance,INF_avg,INF_sd,INF_r1,INF_kr,INF_sk,SUP_avg,SUP_sd,SUP_r1,SUP_kr,SUP_sk,INC_avg,INC_sd,INC_r1,INC_kr,INC_sk,IND_avg,IND_sd,IND_r1,IND_kr,IND_sk
457,0.2550000000,0.0820060973,-0.3339261894,1.9156313484,0.3835058020,0.1650000000,0.0634428877,-0.1146700833,2.7135141391,0.8928654540,0.5800000000,0.0678232998,-0.4720194647,1.7967863894,0.2692418330,0.5800000000,0.0678232998,-0.4720194647,1.7967863894,0.2692418330
