Instance,INF_avg,INF_sd,INF_r1,INF_kr,INF_sk,SUP_avg,SUP_sd,SUP_r1,SUP_kr,SUP_sk,INC_avg,INC_sd,INC_r1,INC_kr,INC_sk,IND_avg,IND_sd,IND_r1,IND_kr,IND_sk
278,0.3100000000,0.1200000000,-0.1260426321,2.0274884259,0.0677083333,0.2900000000,0.1178982612,-0.2706983441,1.6400289840,-0.2636097969,0.4000000000,0.1244989960,-0.2826086957,2.5962539022,-0.9327708336,0.4000000000,0.1244989960,-0.2826086957,2.5962539022,-0.9327708336
