Instance,INF_avg,INF_sd,INF_r1,INF_kr,INF_sk,SUP_avg,SUP_sd,SUP_r1,SUP_kr,SUP_sk,INC_avg,INC_sd,INC_r1,INC_kr,INC_sk,IND_avg,IND_sd,IND_r1,IND_kr,IND_sk
92,0.2760000000,0.1556406117,0.1544186295,2.2062519959,0.3389578960,0.2440000000,0.1416474497,-0.0983380832,2.1152102745,0.3752155473,0.4800000000,0.1574801575,0.1611624835,4.6644120708,-0.6513877482,0.4800000000,0.1574801575,0.1611624835,4.6644120708,-0.6513877482
