Instance,INF_avg,INF_sd,INF_r1,INF_kr,INF_sk,SUP_avg,SUP_sd,SUP_r1,SUP_kr,SUP_sk,INC_avg,INC_sd,INC_r1,INC_kr,INC_sk,IND_avg,IND_sd,IND_r1,IND_kr,IND_sk
395,0.2619047619,0.1557659737,0.1694542846,3.9387492357,0.8743275119,0.2380952381,0.1557659737,0.2607411117,2.4365219670,0.5620472784,0.5000000000,0.1603567451,-0.1555555556,3.4135802469,-0.6236095645,0.5000000000,0.1603567451,-0.1555555556,3.4135802469,-0.6236095645
