Instance,INF_avg,INF_sd,INF_r1,INF_kr,INF_sk,SUP_avg,SUP_sd,SUP_r1,SUP_kr,SUP_sk,INC_avg,INC_sd,INC_r1,INC_kr,INC_sk,IND_avg,IND_sd,IND_r1,IND_kr,IND_sk
463,0.2140000000,0.0630238050,-0.0397930519,2.5495538254,-0.0951062492,0.2948000000,0.0756634654,-0.1969493779,2.6932176727,0.1108339666,0.4912000000,0.0821861302,-0.1237620658,2.2299118327,-0.1923115726,0.4912000000,0.0821861302,-0.1237620658,2.2299118327,-0.1923115726
