Instance,INF_avg,INF_sd,INF_r1,INF_kr,INF_sk,SUP_avg,SUP_sd,SUP_r1,SUP_kr,SUP_sk,INC_avg,INC_sd,INC_r1,INC_kr,INC_sk,IND_avg,IND_sd,IND_r1,IND_kr,IND_sk
22,0.2376000000,0.0600852727,-0.0407079133,2.8879576590,-0.0217241334,0.2792000000,0.0594588934,-0.0883776033,3.4456491219,-0.1118632861,0.4832000000,0.0703545308,-0.2808645185,2.6958353220,0.3164775890,0.4832000000,0.0703545308,-0.2808645185,2.6958353220,0.3164775890
