Instance,INF_avg,INF_sd,INF_r1,INF_kr,INF_sk,SUP_avg,SUP_sd,SUP_r1,SUP_kr,SUP_sk,INC_avg,INC_sd,INC_r1,INC_kr,INC_sk,IND_avg,IND_sd,IND_r1,IND_kr,IND_sk
379,0.2630000000,0.1262180653,0.1355652869,2.9393586981,0.1536687257,0.2540000000,0.1337310734,0.0845059379,4.8224734254,0.6043234189,0.4830000000,0.1510331090,0.0665124232,3.8638547629,0.1330174848,0.4830000000,0.1510331090,0.0665124232,3.8638547629,0.1330174848
