Instance,INF_avg,INF_sd,INF_r1,INF_kr,INF_sk,SUP_avg,SUP_sd,SUP_r1,SUP_kr,SUP_sk,INC_avg,INC_sd,INC_r1,INC_kr,INC_sk,IND_avg,IND_sd,IND_r1,IND_kr,IND_sk
98,0.4336363636,0.1071922849,0.7709117577,2.1572788854,-0.1769122107,0.1089204545,0.0715690578,0.7613471030,3.1744608160,0.8311461661,0.4574431818,0.0606756200,0.3210597306,2.4660241373,-0.0246724690,0.4574431818,0.0606756200,0.3210597306,2.4660241373,-0.0246724690
