Instance,INF_avg,INF_sd,INF_r1,INF_kr,INF_sk,SUP_avg,SUP_sd,SUP_r1,SUP_kr,SUP_sk,INC_avg,INC_sd,INC_r1,INC_kr,INC_sk,IND_avg,IND_sd,IND_r1,IND_kr,IND_sk
446,0.2320000000,0.1384774350,0.0331295322,2.4599303573,0.1605517245,0.2190000000,0.1419119445,0.1251104074,3.4850199796,0.7541093972,0.5490000000,0.1609316625,-0.1197184717,2.6726701132,0.0972171308,0.5490000000,0.1609316625,-0.1197184717,2.6726701132,0.0972171308
