Instance,INF_avg,INF_sd,INF_r1,INF_kr,INF_sk,SUP_avg,SUP_sd,SUP_r1,SUP_kr,SUP_sk,INC_avg,INC_sd,INC_r1,INC_kr,INC_sk,IND_avg,IND_sd,IND_r1,IND_kr,IND_sk
317,0.1900000000,0.0800000000,-0.8181818182,1.4189453125,0.0351562500,0.3800000000,0.0509901951,-0.7857142857,1.9556213018,-0.2715454179,0.4300000000,0.1288409873,-0.8453105968,1.5489185658,0.0252482701,0.4300000000,0.1288409873,-0.8453105968,1.5489185658,0.0252482701
