Instance,INF_avg,INF_sd,INF_r1,INF_kr,INF_sk,SUP_avg,SUP_sd,SUP_r1,SUP_kr,SUP_sk,INC_avg,INC_sd,INC_r1,INC_kr,INC_sk,IND_avg,IND_sd,IND_r1,IND_kr,IND_sk
437,0.2690000000,0.0859592927,0.0009506871,3.3705048825,0.6053153660,0.2470000000,0.1041201229,0.0294770915,4.6188480869,0.6313051956,0.4840000000,0.1159482643,0.0266880511,3.0146241418,0.0108467463,0.4840000000,0.1159482643,0.0266880511,3.0146241418,0.0108467463
