Instance,INF_avg,INF_sd,INF_r1,INF_kr,INF_sk,SUP_avg,SUP_sd,SUP_r1,SUP_kr,SUP_sk,INC_avg,INC_sd,INC_r1,INC_kr,INC_sk,IND_avg,IND_sd,IND_r1,IND_kr,IND_sk
484,0.2440000000,0.0382622529,-0.2783375315,1.4309325450,-0.3076267313,0.2690000000,0.0488773976,-0.2322773360,2.8928698771,-0.3556793246,0.4870000000,0.0629364759,-0.5980893539,1.8434429579,0.2285518246,0.4870000000,0.0629364759,-0.5980893539,1.8434429579,0.2285518246
