Instance,INF_avg,INF_sd,INF_r1,INF_kr,INF_sk,SUP_avg,SUP_sd,SUP_r1,SUP_kr,SUP_sk,INC_avg,INC_sd,INC_r1,INC_kr,INC_sk,IND_avg,IND_sd,IND_r1,IND_kr,IND_sk
128,0.2551000000,0.0479269235,0.0497927429,4.0309856950,0.0079336955,0.2493000000,0.0345327381,-0.0769853600,2.8201749672,0.2456157822,0.4956000000,0.0502855844,0.0229446348,2.8931862160,0.2899098051,0.4956000000,0.0502855844,0.0229446348,2.8931862160,0.2899098051
