Instance,INF_avg,INF_sd,INF_r1,INF_kr,INF_sk,SUP_avg,SUP_sd,SUP_r1,SUP_kr,SUP_sk,INC_avg,INC_sd,INC_r1,INC_kr,INC_sk,IND_avg,IND_sd,IND_r1,IND_kr,IND_sk
36,0.2440000000,0.1267438361,0.1682070240,2.5033848669,0.3115736516,0.1880000000,0.1177115118,-0.1609795840,2.0719642219,0.3804659267,0.5680000000,0.1377534029,-0.1128574326,2.0805277422,0.1279506133,0.5680000000,0.1377534029,-0.1128574326,2.0805277422,0.1279506133
