Instance,INF_avg,INF_sd,INF_r1,INF_kr,INF_sk,SUP_avg,SUP_sd,SUP_r1,SUP_kr,SUP_sk,INC_avg,INC_sd,INC_r1,INC_kr,INC_sk,IND_avg,IND_sd,IND_r1,IND_kr,IND_sk
291,0.2260000000,0.0537028863,0.2598250243,3.6068278570,-0.8479386793,0.2080000000,0.0620966988,-0.1471321696,2.0068008471,0.4265867119,0.5660000000,0.0400499688,-0.4743751578,1.8015870548,-0.1912822435,0.5660000000,0.0400499688,-0.4743751578,1.8015870548,-0.1912822435
