Instance,INF_avg,INF_sd,INF_r1,INF_kr,INF_sk,SUP_avg,SUP_sd,SUP_r1,SUP_kr,SUP_sk,INC_avg,INC_sd,INC_r1,INC_kr,INC_sk,IND_avg,IND_sd,IND_r1,IND_kr,IND_sk
197,0.2742857143,0.1518323458,-0.1907775494,2.1359527602,-0.3931336794,0.2514285714,0.1480760974,-0.1494099645,2.9879790913,0.8169455551,0.4742857143,0.1518323458,-0.1637814663,2.3147495366,0.5374252942,0.4742857143,0.1518323458,-0.1637814663,2.3147495366,0.5374252942
