Instance,INF_avg,INF_sd,INF_r1,INF_kr,INF_sk,SUP_avg,SUP_sd,SUP_r1,SUP_kr,SUP_sk,INC_avg,INC_sd,INC_r1,INC_kr,INC_sk,IND_avg,IND_sd,IND_r1,IND_kr,IND_sk
103,0.3394000000,0.0564414741,0.1639063283,3.0952449703,-0.6104798565,0.1970000000,0.0433704969,0.1104876097,3.7668882224,0.5292479832,0.4636000000,0.0468512540,0.2177350220,3.4982599499,-0.4946801024,0.4636000000,0.0468512540,0.2177350220,3.4982599499,-0.4946801024
