Instance,INF_avg,INF_sd,INF_r1,INF_kr,INF_sk,SUP_avg,SUP_sd,SUP_r1,SUP_kr,SUP_sk,INC_avg,INC_sd,INC_r1,INC_kr,INC_sk,IND_avg,IND_sd,IND_r1,IND_kr,IND_sk
99,0.2240000000,0.0220000000,-0.5572232645,1.4705365071,-0.2110255447,0.2940000000,0.0320000000,-0.4255361202,4.3536396027,1.3953552246,0.4820000000,0.0279463772,-0.2341316582,2.2197599519,-0.0650138440,0.4820000000,0.0279463772,-0.2341316582,2.2197599519,-0.0650138440
