Instance,INF_avg,INF_sd,INF_r1,INF_kr,INF_sk,SUP_avg,SUP_sd,SUP_r1,SUP_kr,SUP_sk,INC_avg,INC_sd,INC_r1,INC_kr,INC_sk,IND_avg,IND_sd,IND_r1,IND_kr,IND_sk
356,0.2502000000,0.0410604433,-0.0319406353,2.8656957076,0.0463468021,0.2688000000,0.0390712170,0.1152851861,3.3218383481,-0.5254906322,0.4810000000,0.0443283205,-0.2198081651,3.5808721325,0.0615807448,0.4810000000,0.0443283205,-0.2198081651,3.5808721325,0.0615807448
