Instance,INF_avg,INF_sd,INF_r1,INF_kr,INF_sk,SUP_avg,SUP_sd,SUP_r1,SUP_kr,SUP_sk,INC_avg,INC_sd,INC_r1,INC_kr,INC_sk,IND_avg,IND_sd,IND_r1,IND_kr,IND_sk
3,0.2400000000,0.1356465997,-0.1042944785,2.5907372401,0.0192315595,0.2960000000,0.1341044369,-0.2498176779,2.3171027469,-0.1261034491,0.4640000000,0.1520000000,0.0775443796,2.5511966606,0.0062326870,0.4640000000,0.1520000000,0.0775443796,2.5511966606,0.0062326870
