Instance,INF_avg,INF_sd,INF_r1,INF_kr,INF_sk,SUP_avg,SUP_sd,SUP_r1,SUP_kr,SUP_sk,INC_avg,INC_sd,INC_r1,INC_kr,INC_sk,IND_avg,IND_sd,IND_r1,IND_kr,IND_sk
133,0.2670000000,0.0549636243,0.0490381113,2.0256282816,0.2524374263,0.2760000000,0.0477912126,-0.0813260813,2.3117552700,0.0831110736,0.4570000000,0.0529244745,-0.6490696463,2.1733576561,-0.2891498911,0.4570000000,0.0529244745,-0.6490696463,2.1733576561,-0.2891498911
