Instance,INF_avg,INF_sd,INF_r1,INF_kr,INF_sk,SUP_avg,SUP_sd,SUP_r1,SUP_kr,SUP_sk,INC_avg,INC_sd,INC_r1,INC_kr,INC_sk,IND_avg,IND_sd,IND_r1,IND_kr,IND_sk
228,0.3080000000,0.1324235629,0.1768871368,2.3591527252,0.2663979997,0.1840000000,0.1316966211,0.0078397539,2.6571771899,0.5063633852,0.5080000000,0.1163443166,-0.0329275981,3.2402545144,-0.6130007123,0.5080000000,0.1163443166,-0.0329275981,3.2402545144,-0.6130007123
