Instance,INF_avg,INF_sd,INF_r1,INF_kr,INF_sk,SUP_avg,SUP_sd,SUP_r1,SUP_kr,SUP_sk,INC_avg,INC_sd,INC_r1,INC_kr,INC_sk,IND_avg,IND_sd,IND_r1,IND_kr,IND_sk
203,0.3740000000,0.0921086315,-0.2745800494,2.4247716144,0.4997481413,0.2460000000,0.0613514466,0.1992208635,3.1043658757,-0.1176476472,0.3800000000,0.0925202680,0.0200000000,2.5727137741,0.3272836803,0.3800000000,0.0925202680,0.0200000000,2.5727137741,0.3272836803
