Instance,INF_avg,INF_sd,INF_r1,INF_kr,INF_sk,SUP_avg,SUP_sd,SUP_r1,SUP_kr,SUP_sk,INC_avg,INC_sd,INC_r1,INC_kr,INC_sk,IND_avg,IND_sd,IND_r1,IND_kr,IND_sk
406,0.2600000000,0.0624499800,-0.7286245353,2.0295857988,-0.0739053018,0.2950000000,0.1059481005,-0.3298237583,2.1393594278,-0.4994671391,0.4450000000,0.1082820391,-0.1971985117,2.0358927264,-0.4028806053,0.4450000000,0.1082820391,-0.1971985117,2.0358927264,-0.4028806053
