Instance,INF_avg,INF_sd,INF_r1,INF_kr,INF_sk,SUP_avg,SUP_sd,SUP_r1,SUP_kr,SUP_sk,INC_avg,INC_sd,INC_r1,INC_kr,INC_sk,IND_avg,IND_sd,IND_r1,IND_kr,IND_sk
95,0.3000000000,0.1549193338,-0.1250000000,2.2916666667,0.4841229183,0.2200000000,0.1400000000,-0.3713080169,1.8521449396,-0.3586005831,0.4800000000,0.1989974874,0.0708418891,2.6779920416,0.6578429336,0.4800000000,0.1989974874,0.0708418891,2.6779920416,0.6578429336
