Instance,INF_avg,INF_sd,INF_r1,INF_kr,INF_sk,SUP_avg,SUP_sd,SUP_r1,SUP_kr,SUP_sk,INC_avg,INC_sd,INC_r1,INC_kr,INC_sk,IND_avg,IND_sd,IND_r1,IND_kr,IND_sk
373,0.2380000000,0.0635295207,-0.3977420322,4.5272006844,-1.1067484602,0.2600000000,0.0521536192,0.1718750000,1.9117647059,0.2030201441,0.5020000000,0.0729109045,-0.3229978312,2.0770534712,-0.2040896526,0.5020000000,0.0729109045,-0.3229978312,2.0770534712,-0.2040896526
