Instance,INF_avg,INF_sd,INF_r1,INF_kr,INF_sk,SUP_avg,SUP_sd,SUP_r1,SUP_kr,SUP_sk,INC_avg,INC_sd,INC_r1,INC_kr,INC_sk,IND_avg,IND_sd,IND_r1,IND_kr,IND_sk
235,0.3250000000,0.2277608395,-1.1308411215,2.0979822906,0.8331504072,0.2000000000,0.1224744871,0.5000000000,2.0000000000,-0.8164965809,0.4750000000,0.1479019946,-1.0219780220,1.8457142857,0.4346507596,0.4750000000,0.1479019946,-1.0219780220,1.8457142857,0.4346507596
