Instance,INF_avg,INF_sd,INF_r1,INF_kr,INF_sk,SUP_avg,SUP_sd,SUP_r1,SUP_kr,SUP_sk,INC_avg,INC_sd,INC_r1,INC_kr,INC_sk,IND_avg,IND_sd,IND_r1,IND_kr,IND_sk
273,0.2320000000,0.0116619038,-0.0059171598,2.6660899654,-1.1500493357,0.2800000000,0.0328633535,-0.5777777778,1.1831275720,0.3719103786,0.4880000000,0.0292574777,-0.3943488943,1.8333915626,-0.5692290290,0.4880000000,0.0292574777,-0.3943488943,1.8333915626,-0.5692290290
