Instance,INF_avg,INF_sd,INF_r1,INF_kr,INF_sk,SUP_avg,SUP_sd,SUP_r1,SUP_kr,SUP_sk,INC_avg,INC_sd,INC_r1,INC_kr,INC_sk,IND_avg,IND_sd,IND_r1,IND_kr,IND_sk
281,0.2400000000,0.1854723699,-0.6314553991,1.5091941590,0.1579875514,0.3400000000,0.0800000000,-0.7605633803,2.0781250000,-0.8437500000,0.4200000000,0.1326649916,-0.2100456621,2.2169421488,-0.3700366502,0.4200000000,0.1326649916,-0.2100456621,2.2169421488,-0.3700366502
