Instance,INF_avg,INF_sd,INF_r1,INF_kr,INF_sk,SUP_avg,SUP_sd,SUP_r1,SUP_kr,SUP_sk,INC_avg,INC_sd,INC_r1,INC_kr,INC_sk,IND_avg,IND_sd,IND_r1,IND_kr,IND_sk
327,0.2650000000,0.1078192933,-0.0731770721,2.3532570239,0.4236479203,0.2350000000,0.0917877988,-0.1230929477,2.5993096708,0.1357795718,0.5000000000,0.1118033989,0.1566265060,3.0032000000,0.1717300207,0.5000000000,0.1118033989,0.1566265060,3.0032000000,0.1717300207
