Instance,INF_avg,INF_sd,INF_r1,INF_kr,INF_sk,SUP_avg,SUP_sd,SUP_r1,SUP_kr,SUP_sk,INC_avg,INC_sd,INC_r1,INC_kr,INC_sk,IND_avg,IND_sd,IND_r1,IND_kr,IND_sk
294,0.4204245283,0.1360981158,0.9393580889,1.9196632590,-0.0102658480,0.1134905660,0.0896354509,0.9140832717,1.9900991478,0.5738095884,0.4660849057,0.0621812806,0.6606539445,2.9560999878,-0.4403159256,0.4660849057,0.0621812806,0.6606539445,2.9560999878,-0.4403159256
