Instance,INF_avg,INF_sd,INF_r1,INF_kr,INF_sk,SUP_avg,SUP_sd,SUP_r1,SUP_kr,SUP_sk,INC_avg,INC_sd,INC_r1,INC_kr,INC_sk,IND_avg,IND_sd,IND_r1,IND_kr,IND_sk
76,0.5880327869,0.0938401094,0.6342277090,2.2521022872,-0.3729877389,0.0993442623,0.0836830251,0.9069162604,2.6465291017,0.9399999236,0.3126229508,0.0504374841,0.0147214651,2.3609980060,0.2866788373,0.3126229508,0.0504374841,0.0147214651,2.3609980060,0.2866788373
