Instance,INF_avg,INF_sd,INF_r1,INF_kr,INF_sk,SUP_avg,SUP_sd,SUP_r1,SUP_kr,SUP_sk,INC_avg,INC_sd,INC_r1,INC_kr,INC_sk,IND_avg,IND_sd,IND_r1,IND_kr,IND_sk
451,0.4303333333,0.0863127389,0.5111360745,2.5350831487,-0.0877368745,0.1056666667,0.0843675820,0.8676524605,2.8258946866,1.0583853532,0.4640000000,0.0551120072,-0.2298033017,2.0712487503,0.1737701504,0.4640000000,0.0551120072,-0.2298033017,2.0712487503,0.1737701504
