Instance,INF_avg,INF_sd,INF_r1,INF_kr,INF_sk,SUP_avg,SUP_sd,SUP_r1,SUP_kr,SUP_sk,INC_avg,INC_sd,INC_r1,INC_kr,INC_sk,IND_avg,IND_sd,IND_r1,IND_kr,IND_sk
121,0.2708000000,0.0419447255,0.0122069053,2.0529924172,0.4544566376,0.2364000000,0.0382497059,0.4574849356,2.3432051309,-0.3579736925,0.4928000000,0.0341197890,0.0867968579,3.1390049024,0.7089242334,0.4928000000,0.0341197890,0.0867968579,3.1390049024,0.7089242334
