Instance,INF_avg,INF_sd,INF_r1,INF_kr,INF_sk,SUP_avg,SUP_sd,SUP_r1,SUP_kr,SUP_sk,INC_avg,INC_sd,INC_r1,INC_kr,INC_sk,IND_avg,IND_sd,IND_r1,IND_kr,IND_sk
274,0.2320000000,0.1567673435,0.2285319282,1.9241383870,-0.1017630626,0.2360000000,0.1596997182,-0.5842046775,3.9450566664,0.8148605407,0.5320000000,0.1994392138,-0.1109589924,3.1602010681,0.3414562129,0.5320000000,0.1994392138,-0.1109589924,3.1602010681,0.3414562129
