Instance,INF_avg,INF_sd,INF_r1,INF_kr,INF_sk,SUP_avg,SUP_sd,SUP_r1,SUP_kr,SUP_sk,INC_avg,INC_sd,INC_r1,INC_kr,INC_sk,IND_avg,IND_sd,IND_r1,IND_kr,IND_sk
273,0.2682500000,0.0331992093,0.0878694785,3.8140577918,0.4975326950,0.2199000000,0.0333615048,0.2843764803,2.3615842407,-0.0995421586,0.5118500000,0.0382534639,0.0753070337,3.1780302064,-0.1234704712,0.5118500000,0.0382534639,0.0753070337,3.1780302064,-0.1234704712
