Instance,INF_avg,INF_sd,INF_r1,INF_kr,INF_sk,SUP_avg,SUP_sd,SUP_r1,SUP_kr,SUP_sk,INC_avg,INC_sd,INC_r1,INC_kr,INC_sk,IND_avg,IND_sd,IND_r1,IND_kr,IND_sk
208,0.2600000000,0.0489897949,-0.5384615385,1.1666666667,-0.4082482905,0.2400000000,0.1200000000,-0.4327485380,1.3981481481,-0.1111111111,0.5000000000,0.1264911064,-0.4285714286,1.5625000000,0.5929270613,0.5000000000,0.1264911064,-0.4285714286,1.5625000000,0.5929270613
