Instance,INF_avg,INF_sd,INF_r1,INF_kr,INF_sk,SUP_avg,SUP_sd,SUP_r1,SUP_kr,SUP_sk,INC_avg,INC_sd,INC_r1,INC_kr,INC_sk,IND_avg,IND_sd,IND_r1,IND_kr,IND_sk
350,0.2452000000,0.0398617611,0.1400184526,3.9822475920,0.8385328265,0.2568000000,0.0479766610,0.0913560432,3.7067314796,0.1942363174,0.4980000000,0.0420000000,-0.1023175654,2.5474416524,-0.3893747975,0.4980000000,0.0420000000,-0.1023175654,2.5474416524,-0.3893747975
