Instance,INF_avg,INF_sd,INF_r1,INF_kr,INF_sk,SUP_avg,SUP_sd,SUP_r1,SUP_kr,SUP_sk,INC_avg,INC_sd,INC_r1,INC_kr,INC_sk,IND_avg,IND_sd,IND_r1,IND_kr,IND_sk
446,0.2020000000,0.0430348696,0.1132264529,2.4640269815,-0.0963606557,0.2896000000,0.0536268589,0.1818687141,1.9488542659,0.1178239204,0.5084000000,0.0460590925,-0.1855828639,2.5512741699,0.3003431287,0.5084000000,0.0460590925,-0.1855828639,2.5512741699,0.3003431287
