Instance,INF_avg,INF_sd,INF_r1,INF_kr,INF_sk,SUP_avg,SUP_sd,SUP_r1,SUP_kr,SUP_sk,INC_avg,INC_sd,INC_r1,INC_kr,INC_sk,IND_avg,IND_sd,IND_r1,IND_kr,IND_sk
159,0.2267000000,0.0273241651,-0.1412498684,2.5286056434,-0.3656834810,0.2577000000,0.0297692795,0.0321567148,4.3269321486,0.7577000386,0.5156000000,0.0370491565,-0.0941297341,3.2433345950,-0.3739241044,0.5156000000,0.0370491565,-0.0941297341,3.2433345950,-0.3739241044
