Instance,INF_avg,INF_sd,INF_r1,INF_kr,INF_sk,SUP_avg,SUP_sd,SUP_r1,SUP_kr,SUP_sk,INC_avg,INC_sd,INC_r1,INC_kr,INC_sk,IND_avg,IND_sd,IND_r1,IND_kr,IND_sk
62,0.2968750000,0.1610209128,-0.5623993991,2.9151806101,0.2753002406,0.2156250000,0.1175515180,-0.1759421506,1.8601291064,0.2722285849,0.4875000000,0.1340475662,-0.2936926924,3.6722117202,-0.8611479186,0.4875000000,0.1340475662,-0.2936926924,3.6722117202,-0.8611479186
