Instance,INF_avg,INF_sd,INF_r1,INF_kr,INF_sk,SUP_avg,SUP_sd,SUP_r1,SUP_kr,SUP_sk,INC_avg,INC_sd,INC_r1,INC_kr,INC_sk,IND_avg,IND_sd,IND_r1,IND_kr,IND_sk
405,0.2400000000,0.1232882801,0.1392136026,2.5692520776,-0.1536834516,0.3080000000,0.1262378707,0.2764206054,3.2297382300,0.0879960480,0.4520000000,0.1330263132,-0.0409188801,2.4701218735,-0.1959122387,0.4520000000,0.1330263132,-0.0409188801,2.4701218735,-0.1959122387
