Instance,INF_avg,INF_sd,INF_r1,INF_kr,INF_sk,SUP_avg,SUP_sd,SUP_r1,SUP_kr,SUP_sk,INC_avg,INC_sd,INC_r1,INC_kr,INC_sk,IND_avg,IND_sd,IND_r1,IND_kr,IND_sk
393,0.2220000000,0.0812157620,0.2689676378,1.6016826266,-0.2695244068,0.2420000000,0.0672011905,0.4504416094,1.9464123624,0.4036370352,0.5360000000,0.0962496753,0.5392749245,2.1397352949,-0.0439272056,0.5360000000,0.0962496753,0.5392749245,2.1397352949,-0.0439272056
