Instance,INF_avg,INF_sd,INF_r1,INF_kr,INF_sk,SUP_avg,SUP_sd,SUP_r1,SUP_kr,SUP_sk,INC_avg,INC_sd,INC_r1,INC_kr,INC_sk,IND_avg,IND_sd,IND_r1,IND_kr,IND_sk
415,0.2400000000,0.0379473319,-0.4705882353,1.7592592593,-0.3513641845,0.2600000000,0.0374165739,-0.6086956522,2.7285714286,-1.0308647902,0.5000000000,0.0540370243,-0.3310344828,1.6443047476,-0.2129438002,0.5000000000,0.0540370243,-0.3310344828,1.6443047476,-0.2129438002
