Instance,INF_avg,INF_sd,INF_r1,INF_kr,INF_sk,SUP_avg,SUP_sd,SUP_r1,SUP_kr,SUP_sk,INC_avg,INC_sd,INC_r1,INC_kr,INC_sk,IND_avg,IND_sd,IND_r1,IND_kr,IND_sk
233,0.2500000000,0.1122167215,0.1764705882,2.3531574394,-0.2555454320,0.1462962963,0.0859865686,-0.0982663408,3.7330390918,0.5953510514,0.6037037037,0.1208962870,0.1468304650,2.6934952317,0.2748702334,0.6037037037,0.1208962870,0.1468304650,2.6934952317,0.2748702334
