Instance,INF_avg,INF_sd,INF_r1,INF_kr,INF_sk,SUP_avg,SUP_sd,SUP_r1,SUP_kr,SUP_sk,INC_avg,INC_sd,INC_r1,INC_kr,INC_sk,IND_avg,IND_sd,IND_r1,IND_kr,IND_sk
102,0.2510000000,0.0202237484,-0.1674431351,1.4625510369,-0.0638335445,0.2750000000,0.0326343377,0.1529411765,1.4570521722,-0.2071610410,0.4740000000,0.0374699880,0.1715031921,2.1135948572,-0.0515512290,0.4740000000,0.0374699880,0.1715031921,2.1135948572,-0.0515512290
