Instance,INF_avg,INF_sd,INF_r1,INF_kr,INF_sk,SUP_avg,SUP_sd,SUP_r1,SUP_kr,SUP_sk,INC_avg,INC_sd,INC_r1,INC_kr,INC_sk,IND_avg,IND_sd,IND_r1,IND_kr,IND_sk
469,0.2360000000,0.1445821566,0.1290542689,2.8039639302,0.4882671582,0.2390000000,0.1232030844,0.1056985094,2.8014677049,0.2217732125,0.5250000000,0.1499166435,-0.0249229908,3.1308115184,-0.3060655230,0.5250000000,0.1499166435,-0.0249229908,3.1308115184,-0.3060655230
