Instance,INF_avg,INF_sd,INF_r1,INF_kr,INF_sk,SUP_avg,SUP_sd,SUP_r1,SUP_kr,SUP_sk,INC_avg,INC_sd,INC_r1,INC_kr,INC_sk,IND_avg,IND_sd,IND_r1,IND_kr,IND_sk
453,0.2884000000,0.0651263388,0.1251380179,2.3961667375,0.3494305372,0.2008000000,0.0545468606,-0.0350600154,2.5294909810,-0.1070964004,0.5108000000,0.0753880627,0.0074664501,2.5217988992,-0.0036423122,0.5108000000,0.0753880627,0.0074664501,2.5217988992,-0.0036423122
