Instance,INF_avg,INF_sd,INF_r1,INF_kr,INF_sk,SUP_avg,SUP_sd,SUP_r1,SUP_kr,SUP_sk,INC_avg,INC_sd,INC_r1,INC_kr,INC_sk,IND_avg,IND_sd,IND_r1,IND_kr,IND_sk
5,0.3955714286,0.0986185878,0.7594321090,2.1855064197,0.0364901862,0.1081904762,0.0735919373,0.8157134342,2.2825932643,0.5815885069,0.4962380952,0.0564559708,0.1797297910,2.7664043721,-0.0170419631,0.4962380952,0.0564559708,0.1797297910,2.7664043721,-0.0170419631
