Instance,INF_avg,INF_sd,INF_r1,INF_kr,INF_sk,SUP_avg,SUP_sd,SUP_r1,SUP_kr,SUP_sk,INC_avg,INC_sd,INC_r1,INC_kr,INC_sk,IND_avg,IND_sd,IND_r1,IND_kr,IND_sk
429,0.2352000000,0.0598745355,0.0836725981,2.3169505586,0.0352857820,0.2578000000,0.0648626241,-0.0892688542,3.0102812655,0.1179163992,0.5070000000,0.0781984655,-0.0937589439,2.7743093301,0.3147786643,0.5070000000,0.0781984655,-0.0937589439,2.7743093301,0.3147786643
