Instance,INF_avg,INF_sd,INF_r1,INF_kr,INF_sk,SUP_avg,SUP_sd,SUP_r1,SUP_kr,SUP_sk,INC_avg,INC_sd,INC_r1,INC_kr,INC_sk,IND_avg,IND_sd,IND_r1,IND_kr,IND_sk
316,0.2010000000,0.0220000000,0.3430811613,2.5821409057,0.3659842224,0.2570000000,0.0328024389,0.2343733362,2.9767174307,0.8297392817,0.5420000000,0.0326496554,-0.4642173289,1.9494612604,-0.0920569751,0.5420000000,0.0326496554,-0.4642173289,1.9494612604,-0.0920569751
