Instance,INF_avg,INF_sd,INF_r1,INF_kr,INF_sk,SUP_avg,SUP_sd,SUP_r1,SUP_kr,SUP_sk,INC_avg,INC_sd,INC_r1,INC_kr,INC_sk,IND_avg,IND_sd,IND_r1,IND_kr,IND_sk
432,0.2594000000,0.0312832223,0.0308624497,3.6206661830,0.4563698252,0.2348000000,0.0304460178,-0.0580308380,2.2115411903,-0.0166115797,0.5058000000,0.0358937320,0.0235391830,3.4093299190,-0.0923919105,0.5058000000,0.0358937320,0.0235391830,3.4093299190,-0.0923919105
