Instance,INF_avg,INF_sd,INF_r1,INF_kr,INF_sk,SUP_avg,SUP_sd,SUP_r1,SUP_kr,SUP_sk,INC_avg,INC_sd,INC_r1,INC_kr,INC_sk,IND_avg,IND_sd,IND_r1,IND_kr,IND_sk
94,0.2200000000,0.1288409873,-0.3122923588,2.3327768907,0.8163607337,0.2600000000,0.0489897949,-0.1309523810,2.7291666667,0.8675276172,0.5200000000,0.1248999600,-0.6598778004,1.3269230769,-0.2278746804,0.5200000000,0.1248999600,-0.6598778004,1.3269230769,-0.2278746804
