Instance,INF_avg,INF_sd,INF_r1,INF_kr,INF_sk,SUP_avg,SUP_sd,SUP_r1,SUP_kr,SUP_sk,INC_avg,INC_sd,INC_r1,INC_kr,INC_sk,IND_avg,IND_sd,IND_r1,IND_kr,IND_sk
476,0.2720000000,0.1378985134,-0.0115655592,2.2451236069,0.1904054319,0.2630000000,0.1397533542,0.0009125266,2.4855298431,-0.0261606172,0.4650000000,0.1577181030,-0.0427030437,2.7825287240,0.3733523356,0.4650000000,0.1577181030,-0.0427030437,2.7825287240,0.3733523356
