Instance,INF_avg,INF_sd,INF_r1,INF_kr,INF_sk,SUP_avg,SUP_sd,SUP_r1,SUP_kr,SUP_sk,INC_avg,INC_sd,INC_r1,INC_kr,INC_sk,IND_avg,IND_sd,IND_r1,IND_kr,IND_sk
231,0.3018000000,0.0502668877,-0.0641709676,3.3534118138,-0.2043134681,0.2524000000,0.0368543078,0.0410359020,3.5768036885,0.3988822744,0.4458000000,0.0542250864,0.1360304778,4.0119811340,0.3980313374,0.4458000000,0.0542250864,0.1360304778,4.0119811340,0.3980313374
