Instance,INF_avg,INF_sd,INF_r1,INF_kr,INF_sk,SUP_avg,SUP_sd,SUP_r1,SUP_kr,SUP_sk,INC_avg,INC_sd,INC_r1,INC_kr,INC_sk,IND_avg,IND_sd,IND_r1,IND_kr,IND_sk
358,0.2100000000,0.0498397432,-0.0786699108,3.3378841980,0.2985414070,0.2720000000,0.0607947366,-0.2760856052,2.5028953730,-0.1426986144,0.5180000000,0.0627694193,-0.2368835525,2.5364353629,-0.1793365769,0.5180000000,0.0627694193,-0.2368835525,2.5364353629,-0.1793365769
