Instance,INF_avg,INF_sd,INF_r1,INF_kr,INF_sk,SUP_avg,SUP_sd,SUP_r1,SUP_kr,SUP_sk,INC_avg,INC_sd,INC_r1,INC_kr,INC_sk,IND_avg,IND_sd,IND_r1,IND_kr,IND_sk
464,0.2720000000,0.0435430821,-0.5951571793,2.4805586712,0.7802544490,0.3000000000,0.0303315018,-0.4285714286,1.7816635161,0.6450461153,0.4280000000,0.0474973683,-0.6270843861,1.1751546703,-0.3906151464,0.4280000000,0.0474973683,-0.6270843861,1.1751546703,-0.3906151464
