Instance,INF_avg,INF_sd,INF_r1,INF_kr,INF_sk,SUP_avg,SUP_sd,SUP_r1,SUP_kr,SUP_sk,INC_avg,INC_sd,INC_r1,INC_kr,INC_sk,IND_avg,IND_sd,IND_r1,IND_kr,IND_sk
326,0.2340000000,0.0490306027,-0.1738261738,2.5554940324,0.3129560951,0.2570000000,0.0346554469,-0.0349137572,1.6805985298,0.0080728107,0.5090000000,0.0720347139,-0.1160361541,2.4587693306,-0.7355289743,0.5090000000,0.0720347139,-0.1160361541,2.4587693306,-0.7355289743
