Instance,INF_avg,INF_sd,INF_r1,INF_kr,INF_sk,SUP_avg,SUP_sd,SUP_r1,SUP_kr,SUP_sk,INC_avg,INC_sd,INC_r1,INC_kr,INC_sk,IND_avg,IND_sd,IND_r1,IND_kr,IND_sk
32,0.2394000000,0.0435619100,-0.2252598632,2.5769182109,0.2554407942,0.2078000000,0.0355128146,-0.1121566767,2.4786881624,0.2508365910,0.5528000000,0.0448571065,-0.0906625557,2.3620314822,-0.1591418975,0.5528000000,0.0448571065,-0.0906625557,2.3620314822,-0.1591418975
