Instance,INF_avg,INF_sd,INF_r1,INF_kr,INF_sk,SUP_avg,SUP_sd,SUP_r1,SUP_kr,SUP_sk,INC_avg,INC_sd,INC_r1,INC_kr,INC_sk,IND_avg,IND_sd,IND_r1,IND_kr,IND_sk
294,0.2120000000,0.1282809417,-0.0384963196,4.0051715226,0.7417634036,0.2710000000,0.1464889074,-0.1487795907,2.2854067872,0.2040149150,0.5170000000,0.1536587127,-0.1514263531,2.7889680898,0.0939698538,0.5170000000,0.1536587127,-0.1514263531,2.7889680898,0.0939698538
