Instance,INF_avg,INF_sd,INF_r1,INF_kr,INF_sk,SUP_avg,SUP_sd,SUP_r1,SUP_kr,SUP_sk,INC_avg,INC_sd,INC_r1,INC_kr,INC_sk,IND_avg,IND_sd,IND_r1,IND_kr,IND_sk
36,0.2260000000,0.0620000000,0.2827381602,2.8831580441,0.1297036018,0.2728000000,0.0676177491,0.2013434393,2.8745674880,-0.3500724132,0.5012000000,0.0695597585,0.0384455988,2.4272546417,-0.4639182867,0.5012000000,0.0695597585,0.0384455988,2.4272546417,-0.4639182867
