Instance,INF_avg,INF_sd,INF_r1,INF_kr,INF_sk,SUP_avg,SUP_sd,SUP_r1,SUP_kr,SUP_sk,INC_avg,INC_sd,INC_r1,INC_kr,INC_sk,IND_avg,IND_sd,IND_r1,IND_kr,IND_sk
184,0.2552000000,0.0294781275,-0.1687186401,3.7064933500,0.8429963532,0.2984000000,0.0304867184,0.0355053150,3.3405692549,-0.6167015015,0.4464000000,0.0317023658,-0.1388131479,2.9509255079,0.1961916829,0.4464000000,0.0317023658,-0.1388131479,2.9509255079,0.1961916829
