Instance,INF_avg,INF_sd,INF_r1,INF_kr,INF_sk,SUP_avg,SUP_sd,SUP_r1,SUP_kr,SUP_sk,INC_avg,INC_sd,INC_r1,INC_kr,INC_sk,IND_avg,IND_sd,IND_r1,IND_kr,IND_sk
424,0.2570000000,0.0424381903,-0.0125384433,2.3311427639,-0.0113042870,0.2880000000,0.0370944740,-0.1298005359,1.6498952136,0.1932526299,0.4550000000,0.0436463057,-0.0577223089,1.5978465290,-0.0865944437,0.4550000000,0.0436463057,-0.0577223089,1.5978465290,-0.0865944437
