Instance,INF_avg,INF_sd,INF_r1,INF_kr,INF_sk,SUP_avg,SUP_sd,SUP_r1,SUP_kr,SUP_sk,INC_avg,INC_sd,INC_r1,INC_kr,INC_sk,IND_avg,IND_sd,IND_r1,IND_kr,IND_sk
89,0.2620000000,0.0467332858,0.0947771098,1.9238618524,0.1462590255,0.2100000000,0.0419523539,0.0022935780,2.8088842975,-0.5785784348,0.5280000000,0.0501996016,-0.2089804406,3.9179591837,-0.7945424470,0.5280000000,0.0501996016,-0.2089804406,3.9179591837,-0.7945424470
