Instance,INF_avg,INF_sd,INF_r1,INF_kr,INF_sk,SUP_avg,SUP_sd,SUP_r1,SUP_kr,SUP_sk,INC_avg,INC_sd,INC_r1,INC_kr,INC_sk,IND_avg,IND_sd,IND_r1,IND_kr,IND_sk
360,0.2360000000,0.1382172203,0.0417884376,3.2314293410,0.7006668262,0.2360000000,0.1195993311,0.0075890251,2.4098539105,0.1218834677,0.5280000000,0.1312097557,-0.3875301023,2.9381089261,-0.2072223283,0.5280000000,0.1312097557,-0.3875301023,2.9381089261,-0.2072223283
