Instance,INF_avg,INF_sd,INF_r1,INF_kr,INF_sk,SUP_avg,SUP_sd,SUP_r1,SUP_kr,SUP_sk,INC_avg,INC_sd,INC_r1,INC_kr,INC_sk,IND_avg,IND_sd,IND_r1,IND_kr,IND_sk
408,0.3784027778,0.0761090518,0.6679181489,2.4502135267,0.2057881896,0.1055555556,0.0538100798,0.6384765857,2.6521004397,0.5803088987,0.5160416667,0.0513595543,0.1033829180,3.4858439448,-0.2467333930,0.5160416667,0.0513595543,0.1033829180,3.4858439448,-0.2467333930
