Instance,INF_avg,INF_sd,INF_r1,INF_kr,INF_sk,SUP_avg,SUP_sd,SUP_r1,SUP_kr,SUP_sk,INC_avg,INC_sd,INC_r1,INC_kr,INC_sk,IND_avg,IND_sd,IND_r1,IND_kr,IND_sk
483,0.2050000000,0.0820060973,0.2602529705,1.7829631984,0.2475108367,0.2200000000,0.0509901951,-0.0358565737,1.9556213018,0.2715454179,0.5750000000,0.0813941030,0.5876288660,1.8885724457,0.2781713737,0.5750000000,0.0813941030,0.5876288660,1.8885724457,0.2781713737
