Instance,INF_avg,INF_sd,INF_r1,INF_kr,INF_sk,SUP_avg,SUP_sd,SUP_r1,SUP_kr,SUP_sk,INC_avg,INC_sd,INC_r1,INC_kr,INC_sk,IND_avg,IND_sd,IND_r1,IND_kr,IND_sk
322,0.2760000000,0.1581897595,-0.2454442959,3.2712174829,0.3980133546,0.2240000000,0.1304760514,0.0532299353,3.2516783029,0.6304847287,0.5000000000,0.1743559577,-0.0400000000,2.8220221607,0.0000000000,0.5000000000,0.1743559577,-0.0400000000,2.8220221607,0.0000000000
