Instance,INF_avg,INF_sd,INF_r1,INF_kr,INF_sk,SUP_avg,SUP_sd,SUP_r1,SUP_kr,SUP_sk,INC_avg,INC_sd,INC_r1,INC_kr,INC_sk,IND_avg,IND_sd,IND_r1,IND_kr,IND_sk
337,0.2350000000,0.0593717104,-0.2134189864,6.0387807454,2.0283318610,0.2400000000,0.0969535971,-0.1767838126,1.6797193300,-0.5398502693,0.5250000000,0.0813941030,-0.0476190476,2.9138483446,1.1126854946,0.5250000000,0.0813941030,-0.0476190476,2.9138483446,1.1126854946
