Instance,INF_avg,INF_sd,INF_r1,INF_kr,INF_sk,SUP_avg,SUP_sd,SUP_r1,SUP_kr,SUP_sk,INC_avg,INC_sd,INC_r1,INC_kr,INC_sk,IND_avg,IND_sd,IND_r1,IND_kr,IND_sk
344,0.2242000000,0.0340787324,0.0801654807,2.2449401485,0.2912696495,0.2686000000,0.0348574239,0.3880958871,3.2725033803,-0.5142257574,0.5072000000,0.0383687373,0.2940260086,2.3496591998,-0.1882255290,0.5072000000,0.0383687373,0.2940260086,2.3496591998,-0.1882255290
