Instance,INF_avg,INF_sd,INF_r1,INF_kr,INF_sk,SUP_avg,SUP_sd,SUP_r1,SUP_kr,SUP_sk,INC_avg,INC_sd,INC_r1,INC_kr,INC_sk,IND_avg,IND_sd,IND_r1,IND_kr,IND_sk
44,0.2500000000,0.0535537114,0.0481507327,2.8867083326,0.0593780755,0.2460000000,0.0687313611,-0.0659141370,3.4936860150,0.2445186049,0.5040000000,0.0576888204,0.0369266276,2.9945451183,0.4100247845,0.5040000000,0.0576888204,0.0369266276,2.9945451183,0.4100247845
