Instance,INF_avg,INF_sd,INF_r1,INF_kr,INF_sk,SUP_avg,SUP_sd,SUP_r1,SUP_kr,SUP_sk,INC_avg,INC_sd,INC_r1,INC_kr,INC_sk,IND_avg,IND_sd,IND_r1,IND_kr,IND_sk
455,0.6249152542,0.1747382826,0.8708627834,2.5537123960,-0.7400764281,0.1006779661,0.0995219830,0.7978510779,5.3114206739,1.6566166782,0.2744067797,0.0911558767,0.7691405951,1.9280768787,0.1512125977,0.2744067797,0.0911558767,0.7691405951,1.9280768787,0.1512125977
