Instance,INF_avg,INF_sd,INF_r1,INF_kr,INF_sk,SUP_avg,SUP_sd,SUP_r1,SUP_kr,SUP_sk,INC_avg,INC_sd,INC_r1,INC_kr,INC_sk,IND_avg,IND_sd,IND_r1,IND_kr,IND_sk
345,0.2700000000,0.1417744688,-0.0052295177,3.4379594564,0.9601122413,0.3300000000,0.1100000000,-0.0241465445,1.7606037839,0.2885048835,0.4000000000,0.1341640786,-0.0714285714,1.6666666667,0.2484519975,0.4000000000,0.1341640786,-0.0714285714,1.6666666667,0.2484519975
