Instance,INF_avg,INF_sd,INF_r1,INF_kr,INF_sk,SUP_avg,SUP_sd,SUP_r1,SUP_kr,SUP_sk,INC_avg,INC_sd,INC_r1,INC_kr,INC_sk,IND_avg,IND_sd,IND_r1,IND_kr,IND_sk
463,0.3360000000,0.0557135531,0.0896358543,1.4252843023,0.0399688047,0.1760000000,0.0320000000,0.3661971831,2.0781250000,-0.8437500000,0.4880000000,0.0744043010,0.3900481541,1.3047712921,-0.1995036637,0.4880000000,0.0744043010,0.3900481541,1.3047712921,-0.1995036637
