Instance,INF_avg,INF_sd,INF_r1,INF_kr,INF_sk,SUP_avg,SUP_sd,SUP_r1,SUP_kr,SUP_sk,INC_avg,INC_sd,INC_r1,INC_kr,INC_sk,IND_avg,IND_sd,IND_r1,IND_kr,IND_sk
484,0.2416000000,0.0647258835,-0.1906798822,2.2383463793,0.3742611144,0.2904000000,0.0590917930,-0.2492329802,2.1870408482,0.2404281653,0.4680000000,0.0856037382,-0.0623746124,2.2215918842,0.2656701512,0.4680000000,0.0856037382,-0.0623746124,2.2215918842,0.2656701512
