Instance,INF_avg,INF_sd,INF_r1,INF_kr,INF_sk,SUP_avg,SUP_sd,SUP_r1,SUP_kr,SUP_sk,INC_avg,INC_sd,INC_r1,INC_kr,INC_sk,IND_avg,IND_sd,IND_r1,IND_kr,IND_sk
302,0.2400000000,0.1232882801,0.0632754342,2.6108033241,-0.0256139086,0.2720000000,0.1217209924,-0.1130093965,2.3018976624,0.4139339340,0.4880000000,0.1680952111,0.0088579778,2.6396685089,-0.3160318635,0.4880000000,0.1680952111,0.0088579778,2.6396685089,-0.3160318635
