Instance,INF_avg,INF_sd,INF_r1,INF_kr,INF_sk,SUP_avg,SUP_sd,SUP_r1,SUP_kr,SUP_sk,INC_avg,INC_sd,INC_r1,INC_kr,INC_sk,IND_avg,IND_sd,IND_r1,IND_kr,IND_sk
76,0.2150000000,0.0410487515,-0.3620955316,2.2427334924,0.3166243105,0.3650000000,0.0767137537,0.2814645309,2.6513737892,-0.3156422740,0.4200000000,0.0501996016,0.6779661017,1.8480725624,-0.1660039735,0.4200000000,0.0501996016,0.6779661017,1.8480725624,-0.1660039735
