Instance,INF_avg,INF_sd,INF_r1,INF_kr,INF_sk,SUP_avg,SUP_sd,SUP_r1,SUP_kr,SUP_sk,INC_avg,INC_sd,INC_r1,INC_kr,INC_sk,IND_avg,IND_sd,IND_r1,IND_kr,IND_sk
284,0.2000000000,0.0632455532,-1.0000000000,2.5000000000,-0.0000000000,0.3200000000,0.0748331477,-0.5217391304,1.8469387755,-0.3436215967,0.4800000000,0.0748331477,-0.5740740741,1.8469387755,0.3436215967,0.4800000000,0.0748331477,-0.5740740741,1.8469387755,0.3436215967
