Instance,INF_avg,INF_sd,INF_r1,INF_kr,INF_sk,SUP_avg,SUP_sd,SUP_r1,SUP_kr,SUP_sk,INC_avg,INC_sd,INC_r1,INC_kr,INC_sk,IND_avg,IND_sd,IND_r1,IND_kr,IND_sk
294,0.2764000000,0.0404850590,-0.3692556775,2.7595785444,0.2041738374,0.1996000000,0.0473691883,-0.0549088845,2.2176949164,-0.2572924669,0.5240000000,0.0498798557,-0.0648448656,2.7376836468,0.5144193713,0.5240000000,0.0498798557,-0.0648448656,2.7376836468,0.5144193713
