Instance,INF_avg,INF_sd,INF_r1,INF_kr,INF_sk,SUP_avg,SUP_sd,SUP_r1,SUP_kr,SUP_sk,INC_avg,INC_sd,INC_r1,INC_kr,INC_sk,IND_avg,IND_sd,IND_r1,IND_kr,IND_sk
44,0.2596000000,0.0530267857,-0.1197817680,3.2989630776,0.7837159527,0.2684000000,0.0522057468,0.0302039680,2.0194996742,-0.0575877349,0.4720000000,0.0513030214,0.2426502579,2.4231714415,0.2914917465,0.4720000000,0.0513030214,0.2426502579,2.4231714415,0.2914917465
