Instance,INF_avg,INF_sd,INF_r1,INF_kr,INF_sk,SUP_avg,SUP_sd,SUP_r1,SUP_kr,SUP_sk,INC_avg,INC_sd,INC_r1,INC_kr,INC_sk,IND_avg,IND_sd,IND_r1,IND_kr,IND_sk
345,0.3800000000,0.1115048579,0.3940714908,2.7486217827,0.2733744009,0.2050000000,0.1051586104,0.4727759082,2.4787558158,0.2334722769,0.4150000000,0.1065754819,-0.0198070834,2.4896491437,-0.0016521827,0.4150000000,0.1065754819,-0.0198070834,2.4896491437,-0.0016521827
