Instance,INF_avg,INF_sd,INF_r1,INF_kr,INF_sk,SUP_avg,SUP_sd,SUP_r1,SUP_kr,SUP_sk,INC_avg,INC_sd,INC_r1,INC_kr,INC_sk,IND_avg,IND_sd,IND_r1,IND_kr,IND_sk
364,0.2336000000,0.0687534726,-0.1445318354,2.2071613079,0.4198804234,0.2632000000,0.0573215492,-0.3381408371,2.6638022311,0.0022508499,0.5032000000,0.0793332213,-0.2201332015,2.4725170596,0.5351989962,0.5032000000,0.0793332213,-0.2201332015,2.4725170596,0.5351989962
