Instance,INF_avg,INF_sd,INF_r1,INF_kr,INF_sk,SUP_avg,SUP_sd,SUP_r1,SUP_kr,SUP_sk,INC_avg,INC_sd,INC_r1,INC_kr,INC_sk,IND_avg,IND_sd,IND_r1,IND_kr,IND_sk
169,0.2833333333,0.1343709625,0.5731874145,3.0752662722,0.9235817160,0.2666666667,0.1490711985,-0.1590909091,2.1075000000,0.1285739087,0.4500000000,0.1607275127,0.0956521739,1.7825182102,-0.1204201968,0.4500000000,0.1607275127,0.0956521739,1.7825182102,-0.1204201968
