Instance,INF_avg,INF_sd,INF_r1,INF_kr,INF_sk,SUP_avg,SUP_sd,SUP_r1,SUP_kr,SUP_sk,INC_avg,INC_sd,INC_r1,INC_kr,INC_sk,IND_avg,IND_sd,IND_r1,IND_kr,IND_sk
370,0.2900000000,0.0911043358,0.0771649734,2.6580055160,0.1190214867,0.2340000000,0.0868562030,0.0837991224,2.3475601322,-0.0057871643,0.4760000000,0.1054703750,0.2277561365,2.9290446383,0.1063300570,0.4760000000,0.1054703750,0.2277561365,2.9290446383,0.1063300570
