Instance,INF_avg,INF_sd,INF_r1,INF_kr,INF_sk,SUP_avg,SUP_sd,SUP_r1,SUP_kr,SUP_sk,INC_avg,INC_sd,INC_r1,INC_kr,INC_sk,IND_avg,IND_sd,IND_r1,IND_kr,IND_sk
208,0.2542000000,0.0442985327,0.3389883026,2.5350321436,-0.1874483620,0.2713000000,0.0342755015,0.0526132803,2.0032833212,0.0795571545,0.4745000000,0.0416923254,0.0613037336,2.9621268806,-0.4574200275,0.4745000000,0.0416923254,0.0613037336,2.9621268806,-0.4574200275
