Instance,INF_avg,INF_sd,INF_r1,INF_kr,INF_sk,SUP_avg,SUP_sd,SUP_r1,SUP_kr,SUP_sk,INC_avg,INC_sd,INC_r1,INC_kr,INC_sk,IND_avg,IND_sd,IND_r1,IND_kr,IND_sk
499,0.2420000000,0.0172046505,-0.1418685121,2.6519357195,-1.0179522960,0.2220000000,0.0519230199,-0.6202672606,1.3421840467,0.0658358784,0.5360000000,0.0512249939,-0.4510197258,1.4237526026,-0.4467379027,0.5360000000,0.0512249939,-0.4510197258,1.4237526026,-0.4467379027
