Instance,INF_avg,INF_sd,INF_r1,INF_kr,INF_sk,SUP_avg,SUP_sd,SUP_r1,SUP_kr,SUP_sk,INC_avg,INC_sd,INC_r1,INC_kr,INC_sk,IND_avg,IND_sd,IND_r1,IND_kr,IND_sk
133,0.4622590361,0.0963170549,0.8566923510,2.2255063168,-0.2532637715,0.0945180723,0.0638551375,0.8898454243,2.9177335440,0.7830406572,0.4432228916,0.0486938279,0.3444678210,2.3448916456,-0.0514470125,0.4432228916,0.0486938279,0.3444678210,2.3448916456,-0.0514470125
