Instance,INF_avg,INF_sd,INF_r1,INF_kr,INF_sk,SUP_avg,SUP_sd,SUP_r1,SUP_kr,SUP_sk,INC_avg,INC_sd,INC_r1,INC_kr,INC_sk,IND_avg,IND_sd,IND_r1,IND_kr,IND_sk
468,0.2682000000,0.0676517553,-0.0398018863,3.2912946700,-0.1765345639,0.2590000000,0.0635216499,0.0444078907,2.8679447032,0.2647810769,0.4728000000,0.0766561152,0.0494102238,3.4211954576,0.3603965174,0.4728000000,0.0766561152,0.0494102238,3.4211954576,0.3603965174
