Instance,INF_avg,INF_sd,INF_r1,INF_kr,INF_sk,SUP_avg,SUP_sd,SUP_r1,SUP_kr,SUP_sk,INC_avg,INC_sd,INC_r1,INC_kr,INC_sk,IND_avg,IND_sd,IND_r1,IND_kr,IND_sk
31,0.2200000000,0.0714142843,0.3709327549,2.2479815456,0.0988433000,0.2800000000,0.0678232998,0.5411392405,2.3638941399,0.7500308204,0.5000000000,0.0774596669,-0.1304347826,2.9166666667,-0.0000000000,0.5000000000,0.0774596669,-0.1304347826,2.9166666667,-0.0000000000
