Instance,INF_avg,INF_sd,INF_r1,INF_kr,INF_sk,SUP_avg,SUP_sd,SUP_r1,SUP_kr,SUP_sk,INC_avg,INC_sd,INC_r1,INC_kr,INC_sk,IND_avg,IND_sd,IND_r1,IND_kr,IND_sk
391,0.2442000000,0.0301555965,-0.0431552627,2.1451720673,-0.0141134805,0.2456000000,0.0366693332,0.0670735193,3.5723313906,0.5918916397,0.5102000000,0.0398366665,-0.1664073866,2.7005298366,-0.4178664953,0.5102000000,0.0398366665,-0.1664073866,2.7005298366,-0.4178664953
