Instance,INF_avg,INF_sd,INF_r1,INF_kr,INF_sk,SUP_avg,SUP_sd,SUP_r1,SUP_kr,SUP_sk,INC_avg,INC_sd,INC_r1,INC_kr,INC_sk,IND_avg,IND_sd,IND_r1,IND_kr,IND_sk
420,0.2407000000,0.0263440695,0.3271465353,2.6405209723,0.2444743389,0.2739000000,0.0332308592,-0.1539744399,2.1540007735,0.1361979278,0.4854000000,0.0339534976,0.0081336751,2.7849271809,0.4684503317,0.4854000000,0.0339534976,0.0081336751,2.7849271809,0.4684503317
