Instance,INF_avg,INF_sd,INF_r1,INF_kr,INF_sk,SUP_avg,SUP_sd,SUP_r1,SUP_kr,SUP_sk,INC_avg,INC_sd,INC_r1,INC_kr,INC_sk,IND_avg,IND_sd,IND_r1,IND_kr,IND_sk
131,0.2420000000,0.1006777036,-0.1707386860,3.1614684334,0.1898891209,0.2500000000,0.0692820323,-0.2500000000,2.4739583333,-0.2706329387,0.5080000000,0.0976524449,-0.3776612944,2.8639496813,-0.7080823548,0.5080000000,0.0976524449,-0.3776612944,2.8639496813,-0.7080823548
