Instance,INF_avg,INF_sd,INF_r1,INF_kr,INF_sk,SUP_avg,SUP_sd,SUP_r1,SUP_kr,SUP_sk,INC_avg,INC_sd,INC_r1,INC_kr,INC_sk,IND_avg,IND_sd,IND_r1,IND_kr,IND_sk
168,0.2360000000,0.0627375486,0.3915603533,2.6481261154,0.2239293821,0.2504000000,0.0539985185,-0.1319789997,2.4215090174,0.2097218790,0.5136000000,0.0809384952,0.2038438232,2.4018252477,0.2365045357,0.5136000000,0.0809384952,0.2038438232,2.4018252477,0.2365045357
