Instance,INF_avg,INF_sd,INF_r1,INF_kr,INF_sk,SUP_avg,SUP_sd,SUP_r1,SUP_kr,SUP_sk,INC_avg,INC_sd,INC_r1,INC_kr,INC_sk,IND_avg,IND_sd,IND_r1,IND_kr,IND_sk
111,0.2650000000,0.1402676014,-0.0189277293,2.3949874792,0.0937579811,0.2220000000,0.1229471431,0.0771796386,2.4653643998,0.0278164444,0.5130000000,0.1559839735,0.0225168256,2.7534527579,-0.0898771765,0.5130000000,0.1559839735,0.0225168256,2.7534527579,-0.0898771765
