Instance,INF_avg,INF_sd,INF_r1,INF_kr,INF_sk,SUP_avg,SUP_sd,SUP_r1,SUP_kr,SUP_sk,INC_avg,INC_sd,INC_r1,INC_kr,INC_sk,IND_avg,IND_sd,IND_r1,IND_kr,IND_sk
503,0.1250000000,0.0680073525,-0.2615384615,1.8882395909,0.4768959711,0.3600000000,0.1220655562,0.3487109905,2.5695689383,0.1797911664,0.5150000000,0.1265898890,0.2909369155,2.0099663893,0.2898546479,0.5150000000,0.1265898890,0.2909369155,2.0099663893,0.2898546479
