Instance,INF_avg,INF_sd,INF_r1,INF_kr,INF_sk,SUP_avg,SUP_sd,SUP_r1,SUP_kr,SUP_sk,INC_avg,INC_sd,INC_r1,INC_kr,INC_sk,IND_avg,IND_sd,IND_r1,IND_kr,IND_sk
402,0.2662000000,0.0402437573,-0.0197538120,2.2476619612,0.1549293184,0.2604000000,0.0384686886,0.0950454020,2.9787652439,-0.1042707228,0.4734000000,0.0458087328,0.1224697850,2.0537069363,0.0351265754,0.4734000000,0.0458087328,0.1224697850,2.0537069363,0.0351265754
