Instance,INF_avg,INF_sd,INF_r1,INF_kr,INF_sk,SUP_avg,SUP_sd,SUP_r1,SUP_kr,SUP_sk,INC_avg,INC_sd,INC_r1,INC_kr,INC_sk,IND_avg,IND_sd,IND_r1,IND_kr,IND_sk
13,0.2360000000,0.0932952303,-0.2962043017,2.5918974035,-0.3653605543,0.2420000000,0.0783326241,0.0299137408,2.6886368775,0.2658405716,0.5220000000,0.0775628777,-0.2217944605,1.9811760836,0.3370978149,0.5220000000,0.0775628777,-0.2217944605,1.9811760836,0.3370978149
