Instance,INF_avg,INF_sd,INF_r1,INF_kr,INF_sk,SUP_avg,SUP_sd,SUP_r1,SUP_kr,SUP_sk,INC_avg,INC_sd,INC_r1,INC_kr,INC_sk,IND_avg,IND_sd,IND_r1,IND_kr,IND_sk
323,0.2080000000,0.0396988665,-0.3042888165,2.1170475921,0.0521693986,0.2760000000,0.0385227206,-0.4967523299,2.5147085534,0.2216635646,0.5160000000,0.0420000000,-0.3780958873,2.5956623012,0.4998380305,0.5160000000,0.0420000000,-0.3780958873,2.5956623012,0.4998380305
