Instance,INF_avg,INF_sd,INF_r1,INF_kr,INF_sk,SUP_avg,SUP_sd,SUP_r1,SUP_kr,SUP_sk,INC_avg,INC_sd,INC_r1,INC_kr,INC_sk,IND_avg,IND_sd,IND_r1,IND_kr,IND_sk
383,0.2300000000,0.1252996409,-0.2526330572,3.1401273885,0.5185023071,0.2580000000,0.1297536127,0.1011769319,2.4032639219,0.2084767066,0.5120000000,0.1409113196,0.2142293000,2.3503679352,0.0012351966,0.5120000000,0.1409113196,0.2142293000,2.3503679352,0.0012351966
