Instance,INF_avg,INF_sd,INF_r1,INF_kr,INF_sk,SUP_avg,SUP_sd,SUP_r1,SUP_kr,SUP_sk,INC_avg,INC_sd,INC_r1,INC_kr,INC_sk,IND_avg,IND_sd,IND_r1,IND_kr,IND_sk
162,0.2808000000,0.0260261407,-0.2468691782,2.3127418701,-0.2459674174,0.2182000000,0.0261105343,0.1349148447,2.2826795300,0.1304601217,0.5010000000,0.0291890390,0.1152978763,2.3530384183,0.0465638806,0.5010000000,0.0291890390,0.1152978763,2.3530384183,0.0465638806
