Instance,INF_avg,INF_sd,INF_r1,INF_kr,INF_sk,SUP_avg,SUP_sd,SUP_r1,SUP_kr,SUP_sk,INC_avg,INC_sd,INC_r1,INC_kr,INC_sk,IND_avg,IND_sd,IND_r1,IND_kr,IND_sk
361,0.2700000000,0.1100000000,0.5176571921,1.7606037839,-0.2885048835,0.2600000000,0.1019803903,0.2187500000,1.9556213018,-0.2715454179,0.4700000000,0.1268857754,0.2254840725,1.9728019752,0.2819575118,0.4700000000,0.1268857754,0.2254840725,1.9728019752,0.2819575118
