Instance,INF_avg,INF_sd,INF_r1,INF_kr,INF_sk,SUP_avg,SUP_sd,SUP_r1,SUP_kr,SUP_sk,INC_avg,INC_sd,INC_r1,INC_kr,INC_sk,IND_avg,IND_sd,IND_r1,IND_kr,IND_sk
464,0.2576000000,0.0746876161,0.3037803305,1.8330129731,0.2323841535,0.2560000000,0.0717774338,0.0899490620,2.0133289611,-0.0342674180,0.4864000000,0.0739123806,-0.1481887726,2.9678538286,0.5114772154,0.4864000000,0.0739123806,-0.1481887726,2.9678538286,0.5114772154
