Instance,INF_avg,INF_sd,INF_r1,INF_kr,INF_sk,SUP_avg,SUP_sd,SUP_r1,SUP_kr,SUP_sk,INC_avg,INC_sd,INC_r1,INC_kr,INC_sk,IND_avg,IND_sd,IND_r1,IND_kr,IND_sk
311,0.2525000000,0.0949670996,-0.0618386956,2.4541258034,0.0421417419,0.2700000000,0.1093160555,0.0547012856,3.8513681483,0.8210043212,0.4775000000,0.1077903057,-0.0217469688,2.9314773859,-0.2420125403,0.4775000000,0.1077903057,-0.0217469688,2.9314773859,-0.2420125403
