Instance,INF_avg,INF_sd,INF_r1,INF_kr,INF_sk,SUP_avg,SUP_sd,SUP_r1,SUP_kr,SUP_sk,INC_avg,INC_sd,INC_r1,INC_kr,INC_sk,IND_avg,IND_sd,IND_r1,IND_kr,IND_sk
13,0.4324719101,0.0907618306,0.7015203305,2.5869857190,-0.3139828284,0.1045505618,0.0655921192,0.7976701717,2.9005533035,0.7569687505,0.4629775281,0.0568321948,0.1323715693,2.6655373302,0.1010208516,0.4629775281,0.0568321948,0.1323715693,2.6655373302,0.1010208516
