Instance,INF_avg,INF_sd,INF_r1,INF_kr,INF_sk,SUP_avg,SUP_sd,SUP_r1,SUP_kr,SUP_sk,INC_avg,INC_sd,INC_r1,INC_kr,INC_sk,IND_avg,IND_sd,IND_r1,IND_kr,IND_sk
187,0.3595473251,0.0659545362,0.4477776844,2.7584897980,-0.0399826002,0.1212757202,0.0580515071,0.7049464862,2.6413024978,0.5347316497,0.5191769547,0.0503908751,-0.0306814697,3.0172423287,0.0043636786,0.5191769547,0.0503908751,-0.0306814697,3.0172423287,0.0043636786
