Instance,INF_avg,INF_sd,INF_r1,INF_kr,INF_sk,SUP_avg,SUP_sd,SUP_r1,SUP_kr,SUP_sk,INC_avg,INC_sd,INC_r1,INC_kr,INC_sk,IND_avg,IND_sd,IND_r1,IND_kr,IND_sk
334,0.2105000000,0.0297867420,-0.5591107063,2.8636402287,-0.7224645360,0.2885000000,0.0327910049,-0.0881583560,1.3948242356,-0.2742740708,0.5010000000,0.0330000000,-0.2230072644,1.5563321672,-0.1945905334,0.5010000000,0.0330000000,-0.2230072644,1.5563321672,-0.1945905334
