Instance,INF_avg,INF_sd,INF_r1,INF_kr,INF_sk,SUP_avg,SUP_sd,SUP_r1,SUP_kr,SUP_sk,INC_avg,INC_sd,INC_r1,INC_kr,INC_sk,IND_avg,IND_sd,IND_r1,IND_kr,IND_sk
496,0.2650000000,0.0895823643,-0.2242961088,3.7633272193,-1.3937990363,0.2500000000,0.0806225775,-0.0909090909,1.9822485207,-0.4293510043,0.4850000000,0.1225765067,-0.0963832607,1.8175392648,0.4300346603,0.4850000000,0.1225765067,-0.0963832607,1.8175392648,0.4300346603
