Instance,INF_avg,INF_sd,INF_r1,INF_kr,INF_sk,SUP_avg,SUP_sd,SUP_r1,SUP_kr,SUP_sk,INC_avg,INC_sd,INC_r1,INC_kr,INC_sk,IND_avg,IND_sd,IND_r1,IND_kr,IND_sk
164,0.2450000000,0.0334962684,-0.1823204420,2.4866071854,-0.3552155590,0.3018000000,0.0513006823,0.6198729259,2.3497981952,0.0625701519,0.4532000000,0.0501174620,0.4388796999,2.6842664024,0.5089989710,0.4532000000,0.0501174620,0.4388796999,2.6842664024,0.5089989710
