Instance,INF_avg,INF_sd,INF_r1,INF_kr,INF_sk,SUP_avg,SUP_sd,SUP_r1,SUP_kr,SUP_sk,INC_avg,INC_sd,INC_r1,INC_kr,INC_sk,IND_avg,IND_sd,IND_r1,IND_kr,IND_sk
99,0.2116000000,0.0538278738,0.1356171749,2.3715149883,-0.1712701221,0.3080000000,0.0789936706,0.3484792578,2.5827613412,0.0833562402,0.4804000000,0.0833776949,0.1094542440,1.9833905891,-0.2045832695,0.4804000000,0.0833776949,0.1094542440,1.9833905891,-0.2045832695
