Instance,INF_avg,INF_sd,INF_r1,INF_kr,INF_sk,SUP_avg,SUP_sd,SUP_r1,SUP_kr,SUP_sk,INC_avg,INC_sd,INC_r1,INC_kr,INC_sk,IND_avg,IND_sd,IND_r1,IND_kr,IND_sk
429,0.2750000000,0.0975961065,-0.2089356110,2.9982226631,0.3630582422,0.2900000000,0.1077032961,-0.2119640387,3.1156361474,0.3793947858,0.4350000000,0.1241974235,-0.1111111111,3.0120150569,-0.2270656802,0.4350000000,0.1241974235,-0.1111111111,3.0120150569,-0.2270656802
