Instance,INF_avg,INF_sd,INF_r1,INF_kr,INF_sk,SUP_avg,SUP_sd,SUP_r1,SUP_kr,SUP_sk,INC_avg,INC_sd,INC_r1,INC_kr,INC_sk,IND_avg,IND_sd,IND_r1,IND_kr,IND_sk
415,0.2460000000,0.0910164820,0.2077028340,2.2342703182,-0.2593276489,0.2540000000,0.1090137606,-0.4240368885,2.6782772002,0.4996667241,0.5000000000,0.1100000000,-0.2352941176,2.7269312205,0.0676183321,0.5000000000,0.1100000000,-0.2352941176,2.7269312205,0.0676183321
