Instance,INF_avg,INF_sd,INF_r1,INF_kr,INF_sk,SUP_avg,SUP_sd,SUP_r1,SUP_kr,SUP_sk,INC_avg,INC_sd,INC_r1,INC_kr,INC_sk,IND_avg,IND_sd,IND_r1,IND_kr,IND_sk
343,0.2040000000,0.1399428455,-0.0417036065,1.7457708574,0.1039640116,0.1920000000,0.0844748483,-0.4170040486,2.2094854109,-0.2458873956,0.6040000000,0.1509436981,-0.1818520215,2.3321964556,0.4206122206,0.6040000000,0.1509436981,-0.1818520215,2.3321964556,0.4206122206
