Instance,INF_avg,INF_sd,INF_r1,INF_kr,INF_sk,SUP_avg,SUP_sd,SUP_r1,SUP_kr,SUP_sk,INC_avg,INC_sd,INC_r1,INC_kr,INC_sk,IND_avg,IND_sd,IND_r1,IND_kr,IND_sk
396,0.2193000000,0.0264954713,0.0294585083,2.8234155743,0.3452706651,0.2623000000,0.0337521851,-0.0137027890,2.9328769200,0.4228721552,0.5184000000,0.0304703134,-0.1166820624,2.1684311967,-0.3925220155,0.5184000000,0.0304703134,-0.1166820624,2.1684311967,-0.3925220155
