Instance,INF_avg,INF_sd,INF_r1,INF_kr,INF_sk,SUP_avg,SUP_sd,SUP_r1,SUP_kr,SUP_sk,INC_avg,INC_sd,INC_r1,INC_kr,INC_sk,IND_avg,IND_sd,IND_r1,IND_kr,IND_sk
441,0.2505000000,0.1101124425,0.0482842116,2.8732701462,0.3356059494,0.2145000000,0.0920040760,0.2456661350,2.7031473988,0.2054269333,0.5350000000,0.1130265456,-0.1692861756,2.6945247606,-0.1033648733,0.5350000000,0.1130265456,-0.1692861756,2.6945247606,-0.1033648733
