Instance,INF_avg,INF_sd,INF_r1,INF_kr,INF_sk,SUP_avg,SUP_sd,SUP_r1,SUP_kr,SUP_sk,INC_avg,INC_sd,INC_r1,INC_kr,INC_sk,IND_avg,IND_sd,IND_r1,IND_kr,IND_sk
125,0.2440000000,0.1202663710,-0.1521864852,2.0047967734,0.4860891411,0.2720000000,0.1342236939,-0.1643786387,2.0921777839,-0.1756300365,0.4840000000,0.1591979899,-0.2526122965,2.8946472299,-0.3319670359,0.4840000000,0.1591979899,-0.2526122965,2.8946472299,-0.3319670359
