Instance,INF_avg,INF_sd,INF_r1,INF_kr,INF_sk,SUP_avg,SUP_sd,SUP_r1,SUP_kr,SUP_sk,INC_avg,INC_sd,INC_r1,INC_kr,INC_sk,IND_avg,IND_sd,IND_r1,IND_kr,IND_sk
369,0.2400000000,0.1356465997,-0.5158371041,2.3638941399,-0.7500308204,0.3000000000,0.1549193338,0.1818181818,2.9166666667,-1.2909944487,0.4600000000,0.2154065923,-0.3081395349,1.7636741974,0.4034071140,0.4600000000,0.2154065923,-0.3081395349,1.7636741974,0.4034071140
