Instance,INF_avg,INF_sd,INF_r1,INF_kr,INF_sk,SUP_avg,SUP_sd,SUP_r1,SUP_kr,SUP_sk,INC_avg,INC_sd,INC_r1,INC_kr,INC_sk,IND_avg,IND_sd,IND_r1,IND_kr,IND_sk
247,0.2800000000,0.0948683298,0.2497712717,2.7059259259,0.7238102200,0.2260000000,0.0981019877,-0.1593882377,4.0629484062,1.1298740761,0.4940000000,0.1098362417,-0.2713719144,2.0875327168,-0.2774446241,0.4940000000,0.1098362417,-0.2713719144,2.0875327168,-0.2774446241
