Instance,INF_avg,INF_sd,INF_r1,INF_kr,INF_sk,SUP_avg,SUP_sd,SUP_r1,SUP_kr,SUP_sk,INC_avg,INC_sd,INC_r1,INC_kr,INC_sk,IND_avg,IND_sd,IND_r1,IND_kr,IND_sk
315,0.2760000000,0.0631189354,0.3524563408,2.9084530895,0.2145500173,0.2476000000,0.0691537418,0.3042322795,2.4484690817,-0.1186358831,0.4764000000,0.0825290252,0.2186740175,4.9336050571,1.1428503525,0.4764000000,0.0825290252,0.2186740175,4.9336050571,1.1428503525
