Instance,INF_avg,INF_sd,INF_r1,INF_kr,INF_sk,SUP_avg,SUP_sd,SUP_r1,SUP_kr,SUP_sk,INC_avg,INC_sd,INC_r1,INC_kr,INC_sk,IND_avg,IND_sd,IND_r1,IND_kr,IND_sk
184,0.2240000000,0.0445421149,-0.8918918919,2.0793444329,0.6170311183,0.2600000000,0.0252982213,0.0000000000,1.5625000000,0.5929270613,0.5160000000,0.0427083130,-1.1122994652,1.7206832872,0.1380231722,0.5160000000,0.0427083130,-1.1122994652,1.7206832872,0.1380231722
