Instance,INF_avg,INF_sd,INF_r1,INF_kr,INF_sk,SUP_avg,SUP_sd,SUP_r1,SUP_kr,SUP_sk,INC_avg,INC_sd,INC_r1,INC_kr,INC_sk,IND_avg,IND_sd,IND_r1,IND_kr,IND_sk
82,0.2552000000,0.0531503528,0.0856055081,6.4760815825,1.5504076263,0.2216000000,0.0348344657,0.3441768671,2.1407359932,0.0135178211,0.5232000000,0.0547518036,0.2516651094,5.6381606151,-1.4428030952,0.5232000000,0.0547518036,0.2516651094,5.6381606151,-1.4428030952
