Instance,INF_avg,INF_sd,INF_r1,INF_kr,INF_sk,SUP_avg,SUP_sd,SUP_r1,SUP_kr,SUP_sk,INC_avg,INC_sd,INC_r1,INC_kr,INC_sk,IND_avg,IND_sd,IND_r1,IND_kr,IND_sk
328,0.2220000000,0.0370944740,-0.5876152833,1.8818618172,-0.6516986497,0.3060000000,0.0387814389,0.2042931162,1.4144692168,0.1802244039,0.4720000000,0.0597996656,-0.5090090090,2.3933381379,0.8994236741,0.4720000000,0.0597996656,-0.5090090090,2.3933381379,0.8994236741
