Instance,INF_avg,INF_sd,INF_r1,INF_kr,INF_sk,SUP_avg,SUP_sd,SUP_r1,SUP_kr,SUP_sk,INC_avg,INC_sd,INC_r1,INC_kr,INC_sk,IND_avg,IND_sd,IND_r1,IND_kr,IND_sk
394,0.2500000000,0.1360147051,-0.1384615385,1.8882395909,-0.4768959711,0.2100000000,0.0700000000,-0.4519427403,2.0395668471,-0.1399416910,0.5400000000,0.1200000000,-0.0810810811,1.5138888889,0.2361111111,0.5400000000,0.1200000000,-0.0810810811,1.5138888889,0.2361111111
