Instance,INF_avg,INF_sd,INF_r1,INF_kr,INF_sk,SUP_avg,SUP_sd,SUP_r1,SUP_kr,SUP_sk,INC_avg,INC_sd,INC_r1,INC_kr,INC_sk,IND_avg,IND_sd,IND_r1,IND_kr,IND_sk
254,0.2532000000,0.0662854433,0.0228090161,2.8394833851,0.2451125017,0.2406000000,0.0578587936,-0.0251382575,2.7443312428,0.3121168023,0.5062000000,0.0664346295,0.0501272654,2.5467993603,-0.1642850327,0.5062000000,0.0664346295,0.0501272654,2.5467993603,-0.1642850327
