Instance,INF_avg,INF_sd,INF_r1,INF_kr,INF_sk,SUP_avg,SUP_sd,SUP_r1,SUP_kr,SUP_sk,INC_avg,INC_sd,INC_r1,INC_kr,INC_sk,IND_avg,IND_sd,IND_r1,IND_kr,IND_sk
356,0.2750000000,0.1145643924,-0.4162679426,2.4585034014,-0.2743310620,0.2600000000,0.0888819442,0.0059790732,2.7122256049,0.6579627978,0.4650000000,0.1533786165,-0.1980186614,2.5514460502,-0.3670772880,0.4650000000,0.1533786165,-0.1980186614,2.5514460502,-0.3670772880
