Instance,INF_avg,INF_sd,INF_r1,INF_kr,INF_sk,SUP_avg,SUP_sd,SUP_r1,SUP_kr,SUP_sk,INC_avg,INC_sd,INC_r1,INC_kr,INC_sk,IND_avg,IND_sd,IND_r1,IND_kr,IND_sk
24,0.2518000000,0.0458122254,0.0508452501,3.0794540701,0.0823812522,0.2428000000,0.0500016000,-0.0443865911,3.8635259206,-0.4183862023,0.5054000000,0.0560788730,-0.0374272650,2.7926414670,0.2208909648,0.5054000000,0.0560788730,-0.0374272650,2.7926414670,0.2208909648
