Instance,INF_avg,INF_sd,INF_r1,INF_kr,INF_sk,SUP_avg,SUP_sd,SUP_r1,SUP_kr,SUP_sk,INC_avg,INC_sd,INC_r1,INC_kr,INC_sk,IND_avg,IND_sd,IND_r1,IND_kr,IND_sk
373,0.2760000000,0.1105621997,-0.0643502949,2.8493098291,0.1953012150,0.1800000000,0.0860232527,-0.2614678899,2.6760409058,0.2544880740,0.5440000000,0.0886791971,-0.0048381094,3.1643695623,0.3968721448,0.5440000000,0.0886791971,-0.0048381094,3.1643695623,0.3968721448
