Instance,INF_avg,INF_sd,INF_r1,INF_kr,INF_sk,SUP_avg,SUP_sd,SUP_r1,SUP_kr,SUP_sk,INC_avg,INC_sd,INC_r1,INC_kr,INC_sk,IND_avg,IND_sd,IND_r1,IND_kr,IND_sk
180,0.2650000000,0.0658710862,0.1319600715,2.2811550014,0.1348776241,0.2520000000,0.0565685425,-0.1414024880,2.5397000000,0.0753068722,0.4830000000,0.0717425954,0.0814369314,2.6118496993,-0.0208796457,0.4830000000,0.0717425954,0.0814369314,2.6118496993,-0.0208796457
