Instance,INF_avg,INF_sd,INF_r1,INF_kr,INF_sk,SUP_avg,SUP_sd,SUP_r1,SUP_kr,SUP_sk,INC_avg,INC_sd,INC_r1,INC_kr,INC_sk,IND_avg,IND_sd,IND_r1,IND_kr,IND_sk
322,0.2890000000,0.0401123422,-0.4606355961,2.5001755585,-0.1963410450,0.2520000000,0.0357211422,0.0200689871,2.1557079824,0.3496256683,0.4590000000,0.0326955654,-0.3286713287,1.7034331763,0.0717564549,0.4590000000,0.0326955654,-0.3286713287,1.7034331763,0.0717564549
