Instance,INF_avg,INF_sd,INF_r1,INF_kr,INF_sk,SUP_avg,SUP_sd,SUP_r1,SUP_kr,SUP_sk,INC_avg,INC_sd,INC_r1,INC_kr,INC_sk,IND_avg,IND_sd,IND_r1,IND_kr,IND_sk
107,0.2170000000,0.1442601816,0.0437833675,3.0674297568,0.5208602720,0.2560000000,0.1525254077,0.1654844219,2.0230805689,0.3088848802,0.5270000000,0.1725427483,0.0634306944,2.4447955109,-0.3039135393,0.5270000000,0.1725427483,0.0634306944,2.4447955109,-0.3039135393
