Instance,INF_avg,INF_sd,INF_r1,INF_kr,INF_sk,SUP_avg,SUP_sd,SUP_r1,SUP_kr,SUP_sk,INC_avg,INC_sd,INC_r1,INC_kr,INC_sk,IND_avg,IND_sd,IND_r1,IND_kr,IND_sk
446,0.2664000000,0.0612457345,0.0451951757,2.4373272865,0.1624387033,0.2190000000,0.0648305484,0.0371840055,2.8257996268,0.5045823173,0.5146000000,0.0693890481,-0.0003712436,3.7857674491,0.0320801047,0.5146000000,0.0693890481,-0.0003712436,3.7857674491,0.0320801047
