Instance,INF_avg,INF_sd,INF_r1,INF_kr,INF_sk,SUP_avg,SUP_sd,SUP_r1,SUP_kr,SUP_sk,INC_avg,INC_sd,INC_r1,INC_kr,INC_sk,IND_avg,IND_sd,IND_r1,IND_kr,IND_sk
338,0.2595000000,0.0276088754,-0.0593984716,3.2029273479,-0.3846068815,0.3650000000,0.0316227766,-0.4700000000,2.3552500000,-0.1114702875,0.3755000000,0.0318943569,-0.3729541802,2.6340790327,0.2607989334,0.3755000000,0.0318943569,-0.3729541802,2.6340790327,0.2607989334
