Instance,INF_avg,INF_sd,INF_r1,INF_kr,INF_sk,SUP_avg,SUP_sd,SUP_r1,SUP_kr,SUP_sk,INC_avg,INC_sd,INC_r1,INC_kr,INC_sk,IND_avg,IND_sd,IND_r1,IND_kr,IND_sk
429,0.4853658537,0.1133115188,0.3128873764,2.7138701955,0.2053264009,0.1326829268,0.0683971327,0.7043490020,3.5506165236,0.7154875949,0.3819512195,0.0914708940,-0.2648530199,2.7560648461,0.1282288635,0.3819512195,0.0914708940,-0.2648530199,2.7560648461,0.1282288635
