Instance,INF_avg,INF_sd,INF_r1,INF_kr,INF_sk,SUP_avg,SUP_sd,SUP_r1,SUP_kr,SUP_sk,INC_avg,INC_sd,INC_r1,INC_kr,INC_sk,IND_avg,IND_sd,IND_r1,IND_kr,IND_sk
58,0.2970000000,0.0488773976,0.2536075912,2.8162020324,0.2670934888,0.2532000000,0.0462791530,0.2660706134,2.4079025679,0.5666565181,0.4498000000,0.0463676611,0.1397366032,2.8864996146,-0.1220802976,0.4498000000,0.0463676611,0.1397366032,2.8864996146,-0.1220802976
