Instance,INF_avg,INF_sd,INF_r1,INF_kr,INF_sk,SUP_avg,SUP_sd,SUP_r1,SUP_kr,SUP_sk,INC_avg,INC_sd,INC_r1,INC_kr,INC_sk,IND_avg,IND_sd,IND_r1,IND_kr,IND_sk
82,0.2720000000,0.0754718491,0.0037243948,2.1453414973,0.5573921436,0.2480000000,0.0530659966,-0.4611872146,2.2169421488,-0.3700366502,0.4800000000,0.0505964426,-0.1739130435,1.2695312500,0.2223476480,0.4800000000,0.0505964426,-0.1739130435,1.2695312500,0.2223476480
