Instance,INF_avg,INF_sd,INF_r1,INF_kr,INF_sk,SUP_avg,SUP_sd,SUP_r1,SUP_kr,SUP_sk,INC_avg,INC_sd,INC_r1,INC_kr,INC_sk,IND_avg,IND_sd,IND_r1,IND_kr,IND_sk
408,0.2280000000,0.0574108004,0.0345330739,3.3990479781,-0.5053005453,0.2400000000,0.0748331477,0.5882352941,2.3122448980,0.4352540225,0.5320000000,0.0670522185,0.2910727682,3.1574701435,-0.9566029317,0.5320000000,0.0670522185,0.2910727682,3.1574701435,-0.9566029317
