Instance,INF_avg,INF_sd,INF_r1,INF_kr,INF_sk,SUP_avg,SUP_sd,SUP_r1,SUP_kr,SUP_sk,INC_avg,INC_sd,INC_r1,INC_kr,INC_sk,IND_avg,IND_sd,IND_r1,IND_kr,IND_sk
435,0.2600000000,0.0800000000,-0.2133891213,1.4189453125,-0.0351562500,0.2100000000,0.0800000000,-0.7605633803,2.0781250000,0.8437500000,0.5300000000,0.0871779789,0.3800539084,1.7957063712,-0.0543353054,0.5300000000,0.0871779789,0.3800539084,1.7957063712,-0.0543353054
