Instance,INF_avg,INF_sd,INF_r1,INF_kr,INF_sk,SUP_avg,SUP_sd,SUP_r1,SUP_kr,SUP_sk,INC_avg,INC_sd,INC_r1,INC_kr,INC_sk,IND_avg,IND_sd,IND_r1,IND_kr,IND_sk
444,0.2700000000,0.1711724277,-0.1421863131,2.6775501171,0.4713527462,0.2300000000,0.1063014581,0.1792235419,2.8244185136,0.0799196490,0.5000000000,0.1612451550,-0.0465116279,3.1183431953,-0.6010914061,0.5000000000,0.1612451550,-0.0465116279,3.1183431953,-0.6010914061
