Instance,INF_avg,INF_sd,INF_r1,INF_kr,INF_sk,SUP_avg,SUP_sd,SUP_r1,SUP_kr,SUP_sk,INC_avg,INC_sd,INC_r1,INC_kr,INC_sk,IND_avg,IND_sd,IND_r1,IND_kr,IND_sk
415,0.2740000000,0.1338805438,0.2418700388,2.4166315352,-0.4185367001,0.2240000000,0.1158619869,-0.1394084609,2.5208610057,-0.1673932737,0.5020000000,0.1435130656,0.1668267666,2.5232117469,-0.0350443777,0.5020000000,0.1435130656,0.1668267666,2.5232117469,-0.0350443777
