Instance,INF_avg,INF_sd,INF_r1,INF_kr,INF_sk,SUP_avg,SUP_sd,SUP_r1,SUP_kr,SUP_sk,INC_avg,INC_sd,INC_r1,INC_kr,INC_sk,IND_avg,IND_sd,IND_r1,IND_kr,IND_sk
166,0.2630000000,0.0308382879,-0.2619098031,1.7812861773,0.0371327492,0.2120000000,0.0408166633,-0.4031129423,3.1276191149,0.8683163658,0.5250000000,0.0443283205,0.1546099291,1.8352660101,-0.0077492548,0.5250000000,0.0443283205,0.1546099291,1.8352660101,-0.0077492548
