Instance,INF_avg,INF_sd,INF_r1,INF_kr,INF_sk,SUP_avg,SUP_sd,SUP_r1,SUP_kr,SUP_sk,INC_avg,INC_sd,INC_r1,INC_kr,INC_sk,IND_avg,IND_sd,IND_r1,IND_kr,IND_sk
390,0.2640000000,0.0985088828,0.2597705330,2.5065639551,0.2664294948,0.1960000000,0.0817557337,-0.1841803407,2.8138785298,0.1834953299,0.5400000000,0.1063014581,0.2799425391,2.5547027958,0.3746233547,0.5400000000,0.1063014581,0.2799425391,2.5547027958,0.3746233547
