Instance,INF_avg,INF_sd,INF_r1,INF_kr,INF_sk,SUP_avg,SUP_sd,SUP_r1,SUP_kr,SUP_sk,INC_avg,INC_sd,INC_r1,INC_kr,INC_sk,IND_avg,IND_sd,IND_r1,IND_kr,IND_sk
372,0.2240000000,0.0475815090,0.0801134350,2.0111438525,0.2633383345,0.2380000000,0.0222710575,-0.3327814570,2.7036940687,1.1210847078,0.5380000000,0.0515363949,0.2603193733,1.2678999129,-0.0164815097,0.5380000000,0.0515363949,0.2603193733,1.2678999129,-0.0164815097
