Instance,INF_avg,INF_sd,INF_r1,INF_kr,INF_sk,SUP_avg,SUP_sd,SUP_r1,SUP_kr,SUP_sk,INC_avg,INC_sd,INC_r1,INC_kr,INC_sk,IND_avg,IND_sd,IND_r1,IND_kr,IND_sk
331,0.2200000000,0.0678232998,-0.6150442478,2.3638941399,-0.7500308204,0.2300000000,0.0979795897,-0.6135881104,2.4361979167,0.5677202789,0.5500000000,0.0632455532,-0.5714285714,1.5625000000,0.5929270613,0.5500000000,0.0632455532,-0.5714285714,1.5625000000,0.5929270613
