Instance,INF_avg,INF_sd,INF_r1,INF_kr,INF_sk,SUP_avg,SUP_sd,SUP_r1,SUP_kr,SUP_sk,INC_avg,INC_sd,INC_r1,INC_kr,INC_sk,IND_avg,IND_sd,IND_r1,IND_kr,IND_sk
330,0.2482000000,0.0628709790,-0.2281205508,2.8677652010,0.2397078722,0.2718000000,0.0690562090,-0.0171223900,2.3456132734,0.3304547147,0.4800000000,0.0687604538,-0.0514834206,2.9018183068,0.3425413622,0.4800000000,0.0687604538,-0.0514834206,2.9018183068,0.3425413622
