Instance,INF_avg,INF_sd,INF_r1,INF_kr,INF_sk,SUP_avg,SUP_sd,SUP_r1,SUP_kr,SUP_sk,INC_avg,INC_sd,INC_r1,INC_kr,INC_sk,IND_avg,IND_sd,IND_r1,IND_kr,IND_sk
436,0.2240000000,0.0345832329,0.4241926289,2.7526845337,0.4879894894,0.2660000000,0.0311769145,0.1944644789,2.1391556165,0.2025477796,0.5100000000,0.0390128184,0.3504639543,2.8309930049,0.3279019300,0.5100000000,0.0390128184,0.3504639543,2.8309930049,0.3279019300
