Instance,INF_avg,INF_sd,INF_r1,INF_kr,INF_sk,SUP_avg,SUP_sd,SUP_r1,SUP_kr,SUP_sk,INC_avg,INC_sd,INC_r1,INC_kr,INC_sk,IND_avg,IND_sd,IND_r1,IND_kr,IND_sk
442,0.2820000000,0.0231516738,0.0928270042,1.3968589886,-0.2436882574,0.1980000000,0.0577581163,-0.3786867001,2.9626399600,1.2799596364,0.5200000000,0.0609918027,-0.1923076923,3.1035379813,-1.3751186879,0.5200000000,0.0609918027,-0.1923076923,3.1035379813,-1.3751186879
