Instance,INF_avg,INF_sd,INF_r1,INF_kr,INF_sk,SUP_avg,SUP_sd,SUP_r1,SUP_kr,SUP_sk,INC_avg,INC_sd,INC_r1,INC_kr,INC_sk,IND_avg,IND_sd,IND_r1,IND_kr,IND_sk
160,0.2464000000,0.0483222516,0.0379024339,1.9971926170,0.3355810925,0.2092000000,0.0510623149,0.1876454359,3.4081938573,0.5727761360,0.5444000000,0.0579710272,-0.1041542834,3.0123068849,-0.2948655417,0.5444000000,0.0579710272,-0.1041542834,3.0123068849,-0.2948655417
