Instance,INF_avg,INF_sd,INF_r1,INF_kr,INF_sk,SUP_avg,SUP_sd,SUP_r1,SUP_kr,SUP_sk,INC_avg,INC_sd,INC_r1,INC_kr,INC_sk,IND_avg,IND_sd,IND_r1,IND_kr,IND_sk
69,0.2610000000,0.0867698104,-0.0918120136,2.7672691140,-0.5469057436,0.2770000000,0.1064001880,-0.0490517485,2.9102115061,0.6233132132,0.4620000000,0.1124988889,0.0802838120,3.4472251035,0.4373241676,0.4620000000,0.1124988889,0.0802838120,3.4472251035,0.4373241676
