Instance,INF_avg,INF_sd,INF_r1,INF_kr,INF_sk,SUP_avg,SUP_sd,SUP_r1,SUP_kr,SUP_sk,INC_avg,INC_sd,INC_r1,INC_kr,INC_sk,IND_avg,IND_sd,IND_r1,IND_kr,IND_sk
188,0.2440000000,0.0739729680,-0.1808704871,3.6601005438,0.3467364294,0.2760000000,0.0751531769,0.1693300017,5.2771549407,0.9725180185,0.4800000000,0.0966643678,0.1975945017,2.9675478514,-0.2231985059,0.4800000000,0.0966643678,0.1975945017,2.9675478514,-0.2231985059
