Instance,INF_avg,INF_sd,INF_r1,INF_kr,INF_sk,SUP_avg,SUP_sd,SUP_r1,SUP_kr,SUP_sk,INC_avg,INC_sd,INC_r1,INC_kr,INC_sk,IND_avg,IND_sd,IND_r1,IND_kr,IND_sk
406,0.2536000000,0.0589833875,-0.0323712457,3.9319571754,1.0160529155,0.2280000000,0.0598665182,0.1853247617,2.2238520408,0.4259476043,0.5184000000,0.0743870957,0.3434437625,2.2200192698,-0.0769536441,0.5184000000,0.0743870957,0.3434437625,2.2200192698,-0.0769536441
