Instance,INF_avg,INF_sd,INF_r1,INF_kr,INF_sk,SUP_avg,SUP_sd,SUP_r1,SUP_kr,SUP_sk,INC_avg,INC_sd,INC_r1,INC_kr,INC_sk,IND_avg,IND_sd,IND_r1,IND_kr,IND_sk
291,0.2440000000,0.1313925416,-0.0515705861,2.3382418245,-0.2133840400,0.2540000000,0.1344767638,0.2172486950,2.0824530867,0.0382124464,0.5020000000,0.1593612249,0.0074607193,2.6540219586,0.1748435705,0.5020000000,0.1593612249,0.0074607193,2.6540219586,0.1748435705
