Instance,INF_avg,INF_sd,INF_r1,INF_kr,INF_sk,SUP_avg,SUP_sd,SUP_r1,SUP_kr,SUP_sk,INC_avg,INC_sd,INC_r1,INC_kr,INC_sk,IND_avg,IND_sd,IND_r1,IND_kr,IND_sk
253,0.3142000000,0.0570645249,0.5180112529,2.5990435089,-0.1388648042,0.2614000000,0.0517304552,0.3546043520,2.9965167117,-0.2310299258,0.4244000000,0.0506817521,0.1726546155,2.3257677476,-0.1314396572,0.4244000000,0.0506817521,0.1726546155,2.3257677476,-0.1314396572
