Instance,INF_avg,INF_sd,INF_r1,INF_kr,INF_sk,SUP_avg,SUP_sd,SUP_r1,SUP_kr,SUP_sk,INC_avg,INC_sd,INC_r1,INC_kr,INC_sk,IND_avg,IND_sd,IND_r1,IND_kr,IND_sk
124,0.2700000000,0.0733484833,-0.4860335196,3.2208648305,-1.0947383528,0.2260000000,0.0429418211,-0.7634806758,1.8357574075,0.0327335888,0.5040000000,0.0488262225,-0.2563915267,2.5695689383,0.1797911664,0.5040000000,0.0488262225,-0.2563915267,2.5695689383,0.1797911664
