Instance,INF_avg,INF_sd,INF_r1,INF_kr,INF_sk,SUP_avg,SUP_sd,SUP_r1,SUP_kr,SUP_sk,INC_avg,INC_sd,INC_r1,INC_kr,INC_sk,IND_avg,IND_sd,IND_r1,IND_kr,IND_sk
444,0.2416000000,0.0496129015,0.1693342316,2.5899003706,0.1560851616,0.2658000000,0.0481285778,0.1313438762,2.8542990491,0.3910926332,0.4926000000,0.0604585809,-0.3181026075,3.4263403398,-0.8778130278,0.4926000000,0.0604585809,-0.3181026075,3.4263403398,-0.8778130278
