Instance,INF_avg,INF_sd,INF_r1,INF_kr,INF_sk,SUP_avg,SUP_sd,SUP_r1,SUP_kr,SUP_sk,INC_avg,INC_sd,INC_r1,INC_kr,INC_sk,IND_avg,IND_sd,IND_r1,IND_kr,IND_sk
301,0.2420000000,0.1092520023,0.4090555615,2.6894141408,0.6648426320,0.2020000000,0.0910823803,0.3027830816,3.0133428618,-0.1386729831,0.5560000000,0.0828492607,-0.1092070598,2.6568577111,0.3362750569,0.5560000000,0.0828492607,-0.1092070598,2.6568577111,0.3362750569
