Instance,INF_avg,INF_sd,INF_r1,INF_kr,INF_sk,SUP_avg,SUP_sd,SUP_r1,SUP_kr,SUP_sk,INC_avg,INC_sd,INC_r1,INC_kr,INC_sk,IND_avg,IND_sd,IND_r1,IND_kr,IND_sk
138,0.2558000000,0.0350907395,0.1305514499,2.0195052279,0.5923309205,0.2604000000,0.0276014492,-0.1239910324,2.2361906068,0.4706001839,0.4838000000,0.0374507677,0.1156581743,2.0058862250,0.1766891896,0.4838000000,0.0374507677,0.1156581743,2.0058862250,0.1766891896
