Instance,INF_avg,INF_sd,INF_r1,INF_kr,INF_sk,SUP_avg,SUP_sd,SUP_r1,SUP_kr,SUP_sk,INC_avg,INC_sd,INC_r1,INC_kr,INC_sk,IND_avg,IND_sd,IND_r1,IND_kr,IND_sk
218,0.2200000000,0.1720465053,-0.4498644986,1.9945215486,0.3958703373,0.4000000000,0.2280350850,-0.7600000000,2.1449704142,-0.8095920178,0.3800000000,0.1720465053,0.0677966102,2.6519357195,1.0179522960,0.3800000000,0.1720465053,0.0677966102,2.6519357195,1.0179522960
