Instance,INF_avg,INF_sd,INF_r1,INF_kr,INF_sk,SUP_avg,SUP_sd,SUP_r1,SUP_kr,SUP_sk,INC_avg,INC_sd,INC_r1,INC_kr,INC_sk,IND_avg,IND_sd,IND_r1,IND_kr,IND_sk
140,0.2120000000,0.0857671266,-0.0179882655,3.6264114389,0.2194568796,0.2330000000,0.0846226920,0.0148800348,3.6240839178,0.4663892462,0.5550000000,0.0838152731,-0.0417123238,3.1333063158,-0.0050950889,0.5550000000,0.0838152731,-0.0417123238,3.1333063158,-0.0050950889
