Instance,INF_avg,INF_sd,INF_r1,INF_kr,INF_sk,SUP_avg,SUP_sd,SUP_r1,SUP_kr,SUP_sk,INC_avg,INC_sd,INC_r1,INC_kr,INC_sk,IND_avg,IND_sd,IND_r1,IND_kr,IND_sk
299,0.4352083333,0.1072281365,0.7644716200,2.3658528792,0.2409269664,0.1041666667,0.0719905472,0.8323685153,1.9298343309,0.3889666306,0.4606250000,0.0617085303,0.2599902205,3.4842771404,-0.3027464693,0.4606250000,0.0617085303,0.2599902205,3.4842771404,-0.3027464693
