Instance,INF_avg,INF_sd,INF_r1,INF_kr,INF_sk,SUP_avg,SUP_sd,SUP_r1,SUP_kr,SUP_sk,INC_avg,INC_sd,INC_r1,INC_kr,INC_sk,IND_avg,IND_sd,IND_r1,IND_kr,IND_sk
411,0.2360000000,0.1077218641,0.0803311084,3.1745459523,0.0520894120,0.2630000000,0.0994032193,-0.0921819897,2.3960877484,0.3257411469,0.5010000000,0.1012373449,-0.2203639750,2.9347926931,-0.1717917983,0.5010000000,0.1012373449,-0.2203639750,2.9347926931,-0.1717917983
