Instance,INF_avg,INF_sd,INF_r1,INF_kr,INF_sk,SUP_avg,SUP_sd,SUP_r1,SUP_kr,SUP_sk,INC_avg,INC_sd,INC_r1,INC_kr,INC_sk,IND_avg,IND_sd,IND_r1,IND_kr,IND_sk
228,0.2500000000,0.0554977477,-0.3660130719,1.7983639737,-0.0421217515,0.2360000000,0.0185472370,-0.8390804598,1.5091941590,-0.1579875514,0.5140000000,0.0595315043,-0.3662391205,2.4030211619,-0.6322505478,0.5140000000,0.0595315043,-0.3662391205,2.4030211619,-0.6322505478
