Instance,INF_avg,INF_sd,INF_r1,INF_kr,INF_sk,SUP_avg,SUP_sd,SUP_r1,SUP_kr,SUP_sk,INC_avg,INC_sd,INC_r1,INC_kr,INC_sk,IND_avg,IND_sd,IND_r1,IND_kr,IND_sk
11,0.3030000000,0.0445084262,0.2369751719,1.9864168969,0.0798900392,0.2260000000,0.0646838465,0.2393551054,3.4159101960,-0.2280839325,0.4710000000,0.0415812458,0.1196466965,1.7519586438,0.2964365277,0.4710000000,0.0415812458,0.1196466965,1.7519586438,0.2964365277
