Instance,INF_avg,INF_sd,INF_r1,INF_kr,INF_sk,SUP_avg,SUP_sd,SUP_r1,SUP_kr,SUP_sk,INC_avg,INC_sd,INC_r1,INC_kr,INC_sk,IND_avg,IND_sd,IND_r1,IND_kr,IND_sk
79,0.2660000000,0.0945727233,0.2345995993,2.5493373997,-0.2168306088,0.2220000000,0.0649307323,-0.1514783859,2.3323113539,0.2414483680,0.5120000000,0.0962081078,-0.0795300941,3.4848496507,-0.3761293154,0.5120000000,0.0962081078,-0.0795300941,3.4848496507,-0.3761293154
