Instance,INF_avg,INF_sd,INF_r1,INF_kr,INF_sk,SUP_avg,SUP_sd,SUP_r1,SUP_kr,SUP_sk,INC_avg,INC_sd,INC_r1,INC_kr,INC_sk,IND_avg,IND_sd,IND_r1,IND_kr,IND_sk
388,0.2530000000,0.0145258390,-0.0722950024,3.1240762786,0.6440557552,0.2595000000,0.0241298570,-0.0707887363,1.9551080050,0.6538260129,0.4875000000,0.0206458228,-0.3120243531,2.5223811285,-0.4431676178,0.4875000000,0.0206458228,-0.3120243531,2.5223811285,-0.4431676178
