Instance,INF_avg,INF_sd,INF_r1,INF_kr,INF_sk,SUP_avg,SUP_sd,SUP_r1,SUP_kr,SUP_sk,INC_avg,INC_sd,INC_r1,INC_kr,INC_sk,IND_avg,IND_sd,IND_r1,IND_kr,IND_sk
121,0.3200000000,0.1166190379,-0.2094395280,2.1470588235,-0.3934379306,0.2000000000,0.1183215957,-0.3076923077,1.9387755102,0.7244179326,0.4800000000,0.1536229150,-0.0801393728,3.0902039644,0.3376085319,0.4800000000,0.1536229150,-0.0801393728,3.0902039644,0.3376085319
