Instance,INF_avg,INF_sd,INF_r1,INF_kr,INF_sk,SUP_avg,SUP_sd,SUP_r1,SUP_kr,SUP_sk,INC_avg,INC_sd,INC_r1,INC_kr,INC_sk,IND_avg,IND_sd,IND_r1,IND_kr,IND_sk
380,0.2415000000,0.0325000000,-0.0066778525,2.5663747348,-0.1593154301,0.2878000000,0.0282517256,0.0531532259,2.7180100982,0.2762159854,0.4707000000,0.0352563469,-0.2646337466,2.8043175033,0.2481936389,0.4707000000,0.0352563469,-0.2646337466,2.8043175033,0.2481936389
