Instance,INF_avg,INF_sd,INF_r1,INF_kr,INF_sk,SUP_avg,SUP_sd,SUP_r1,SUP_kr,SUP_sk,INC_avg,INC_sd,INC_r1,INC_kr,INC_sk,IND_avg,IND_sd,IND_r1,IND_kr,IND_sk
338,0.2720000000,0.1371714256,-0.1929095010,2.7972806470,0.2334335159,0.2600000000,0.1326649916,-0.1732355637,2.3780991736,0.2466911001,0.4680000000,0.1515783626,-0.0179438937,2.6980858311,0.0684717126,0.4680000000,0.1515783626,-0.0179438937,2.6980858311,0.0684717126
