Instance,INF_avg,INF_sd,INF_r1,INF_kr,INF_sk,SUP_avg,SUP_sd,SUP_r1,SUP_kr,SUP_sk,INC_avg,INC_sd,INC_r1,INC_kr,INC_sk,IND_avg,IND_sd,IND_r1,IND_kr,IND_sk
319,0.3040000000,0.0884533775,-0.1733265462,2.2435796103,-0.4663647097,0.2120000000,0.0775628777,-0.2264933628,2.5868747171,0.4373939301,0.4840000000,0.0987117014,0.2721242800,2.4967765941,-0.6389707675,0.4840000000,0.0987117014,0.2721242800,2.4967765941,-0.6389707675
