Instance,INF_avg,INF_sd,INF_r1,INF_kr,INF_sk,SUP_avg,SUP_sd,SUP_r1,SUP_kr,SUP_sk,INC_avg,INC_sd,INC_r1,INC_kr,INC_sk,IND_avg,IND_sd,IND_r1,IND_kr,IND_sk
434,0.2920000000,0.0411825206,-0.5339335180,1.5261881452,-0.0226786086,0.2220000000,0.0312409987,0.4327176781,2.6453238377,0.9949095260,0.4860000000,0.0241660919,-0.6435506241,2.5052542691,0.8978957038,0.4860000000,0.0241660919,-0.6435506241,2.5052542691,0.8978957038
