Instance,INF_avg,INF_sd,INF_r1,INF_kr,INF_sk,SUP_avg,SUP_sd,SUP_r1,SUP_kr,SUP_sk,INC_avg,INC_sd,INC_r1,INC_kr,INC_sk,IND_avg,IND_sd,IND_r1,IND_kr,IND_sk
358,0.2940000000,0.1515387739,0.0608795784,3.0278531431,0.6188526886,0.2180000000,0.1244025723,0.0175680115,2.3839022775,0.0926963303,0.4880000000,0.1773583942,-0.0761412540,3.5330480840,-0.0333135827,0.4880000000,0.1773583942,-0.0761412540,3.5330480840,-0.0333135827
