Instance,INF_avg,INF_sd,INF_r1,INF_kr,INF_sk,SUP_avg,SUP_sd,SUP_r1,SUP_kr,SUP_sk,INC_avg,INC_sd,INC_r1,INC_kr,INC_sk,IND_avg,IND_sd,IND_r1,IND_kr,IND_sk
193,0.2800000000,0.0387298335,-0.1360000000,1.7946666667,-0.0000000000,0.2520000000,0.0263818119,-0.5468660150,2.1773682124,-0.6090925660,0.4680000000,0.0428485706,-0.4205416454,2.5555555556,-0.4344224052,0.4680000000,0.0428485706,-0.4205416454,2.5555555556,-0.4344224052
