Instance,INF_avg,INF_sd,INF_r1,INF_kr,INF_sk,SUP_avg,SUP_sd,SUP_r1,SUP_kr,SUP_sk,INC_avg,INC_sd,INC_r1,INC_kr,INC_sk,IND_avg,IND_sd,IND_r1,IND_kr,IND_sk
331,0.2826000000,0.0639784339,-0.0913302697,2.6342565519,0.1129343798,0.2306000000,0.0598969114,0.0638956789,4.0143976613,0.4705789558,0.4868000000,0.0673628978,0.0500284114,2.4268943439,0.2703355341,0.4868000000,0.0673628978,0.0500284114,2.4268943439,0.2703355341
