Instance,INF_avg,INF_sd,INF_r1,INF_kr,INF_sk,SUP_avg,SUP_sd,SUP_r1,SUP_kr,SUP_sk,INC_avg,INC_sd,INC_r1,INC_kr,INC_sk,IND_avg,IND_sd,IND_r1,IND_kr,IND_sk
435,0.2780000000,0.0263818119,-0.2869198312,2.3359096314,0.4783860068,0.2380000000,0.0274954542,-0.4764079148,2.5261610817,0.1801163538,0.4840000000,0.0323109888,-0.6107823800,2.3353591404,0.8302929489,0.4840000000,0.0323109888,-0.6107823800,2.3353591404,0.8302929489
