Instance,INF_avg,INF_sd,INF_r1,INF_kr,INF_sk,SUP_avg,SUP_sd,SUP_r1,SUP_kr,SUP_sk,INC_avg,INC_sd,INC_r1,INC_kr,INC_sk,IND_avg,IND_sd,IND_r1,IND_kr,IND_sk
23,0.2484000000,0.0317086739,0.1167522327,3.0351469989,0.8381188260,0.2814000000,0.0452000000,0.4615087547,2.6520071107,-0.2738469898,0.4702000000,0.0329993939,0.1909920884,3.3624965664,-0.7026122147,0.4702000000,0.0329993939,0.1909920884,3.3624965664,-0.7026122147
