Instance,INF_avg,INF_sd,INF_r1,INF_kr,INF_sk,SUP_avg,SUP_sd,SUP_r1,SUP_kr,SUP_sk,INC_avg,INC_sd,INC_r1,INC_kr,INC_sk,IND_avg,IND_sd,IND_r1,IND_kr,IND_sk
15,0.2000000000,0.0824621125,0.1694915254,3.0925605536,0.3210030331,0.3200000000,0.1086278049,0.1451223716,2.2069807527,-0.0514897668,0.4800000000,0.0927361850,0.0124640460,4.4296917253,-0.9103092249,0.4800000000,0.0927361850,0.0124640460,4.4296917253,-0.9103092249
