Instance,INF_avg,INF_sd,INF_r1,INF_kr,INF_sk,SUP_avg,SUP_sd,SUP_r1,SUP_kr,SUP_sk,INC_avg,INC_sd,INC_r1,INC_kr,INC_sk,IND_avg,IND_sd,IND_r1,IND_kr,IND_sk
307,0.2800000000,0.1296148140,0.1199226306,3.0442176871,0.0440866714,0.2560000000,0.1329059818,-0.2384048054,1.8551216919,-0.0780218097,0.4640000000,0.1546091847,-0.1120396830,2.4585813132,0.3539952933,0.4640000000,0.1546091847,-0.1120396830,2.4585813132,0.3539952933
