Instance,INF_avg,INF_sd,INF_r1,INF_kr,INF_sk,SUP_avg,SUP_sd,SUP_r1,SUP_kr,SUP_sk,INC_avg,INC_sd,INC_r1,INC_kr,INC_sk,IND_avg,IND_sd,IND_r1,IND_kr,IND_sk
6,0.2300000000,0.1486606875,0.0519043723,3.3393460412,0.6464963866,0.2920000000,0.1534144713,-0.1924480732,2.8414643220,0.2341266931,0.4780000000,0.1735396208,-0.0077472544,2.2359194953,-0.1878369764,0.4780000000,0.1735396208,-0.0077472544,2.2359194953,-0.1878369764
