Instance,INF_avg,INF_sd,INF_r1,INF_kr,INF_sk,SUP_avg,SUP_sd,SUP_r1,SUP_kr,SUP_sk,INC_avg,INC_sd,INC_r1,INC_kr,INC_sk,IND_avg,IND_sd,IND_r1,IND_kr,IND_sk
427,0.3000000000,0.1414213562,0.1111111111,1.7000000000,0.0000000000,0.1600000000,0.1019803903,-0.4393939394,1.9556213018,-0.2715454179,0.5400000000,0.1200000000,-0.0526315789,3.2500000000,-1.5000000000,0.5400000000,0.1200000000,-0.0526315789,3.2500000000,-1.5000000000
