Instance,INF_avg,INF_sd,INF_r1,INF_kr,INF_sk,SUP_avg,SUP_sd,SUP_r1,SUP_kr,SUP_sk,INC_avg,INC_sd,INC_r1,INC_kr,INC_sk,IND_avg,IND_sd,IND_r1,IND_kr,IND_sk
65,0.2520000000,0.0865794433,-0.0135281151,2.6340969898,0.4930912837,0.2360000000,0.0866256313,-0.4587294678,1.8723125918,-0.0262876641,0.5120000000,0.1070327053,-0.3434247144,2.0030502910,-0.1664896011,0.5120000000,0.1070327053,-0.3434247144,2.0030502910,-0.1664896011
