Instance,INF_avg,INF_sd,INF_r1,INF_kr,INF_sk,SUP_avg,SUP_sd,SUP_r1,SUP_kr,SUP_sk,INC_avg,INC_sd,INC_r1,INC_kr,INC_sk,IND_avg,IND_sd,IND_r1,IND_kr,IND_sk
164,0.2500000000,0.0948683298,0.0857142857,2.5000000000,0.8784104612,0.2850000000,0.0776208735,-0.2672913878,1.5057764157,0.3464012398,0.4650000000,0.0895823643,-0.1965010934,2.3192418552,0.0667688161,0.4650000000,0.0895823643,-0.1965010934,2.3192418552,0.0667688161
