Instance,INF_avg,INF_sd,INF_r1,INF_kr,INF_sk,SUP_avg,SUP_sd,SUP_r1,SUP_kr,SUP_sk,INC_avg,INC_sd,INC_r1,INC_kr,INC_sk,IND_avg,IND_sd,IND_r1,IND_kr,IND_sk
303,0.2626000000,0.0505493818,0.3598606880,2.8527119453,0.2540266185,0.2250000000,0.0558121850,0.3288965574,2.3997305020,-0.0370998914,0.5124000000,0.0470344555,-0.0385117138,2.5125304312,0.1731647055,0.5124000000,0.0470344555,-0.0385117138,2.5125304312,0.1731647055
