Instance,INF_avg,INF_sd,INF_r1,INF_kr,INF_sk,SUP_avg,SUP_sd,SUP_r1,SUP_kr,SUP_sk,INC_avg,INC_sd,INC_r1,INC_kr,INC_sk,IND_avg,IND_sd,IND_r1,IND_kr,IND_sk
465,0.2610000000,0.1548515418,0.0615405248,2.5518468981,0.2786992747,0.2340000000,0.1297844367,-0.0574723043,2.7515792594,0.3671433236,0.5050000000,0.1693369422,-0.1146798326,2.3816232634,-0.2018746149,0.5050000000,0.1693369422,-0.1146798326,2.3816232634,-0.2018746149
