Instance,INF_avg,INF_sd,INF_r1,INF_kr,INF_sk,SUP_avg,SUP_sd,SUP_r1,SUP_kr,SUP_sk,INC_avg,INC_sd,INC_r1,INC_kr,INC_sk,IND_avg,IND_sd,IND_r1,IND_kr,IND_sk
196,0.2814000000,0.0506758325,0.0537141164,2.6128923921,0.2953143316,0.2134000000,0.0454140947,-0.0329027098,1.6901900589,-0.0317752488,0.5052000000,0.0545248567,0.0377548351,2.6180702217,0.2862501764,0.5052000000,0.0545248567,0.0377548351,2.6180702217,0.2862501764
