Instance,INF_avg,INF_sd,INF_r1,INF_kr,INF_sk,SUP_avg,SUP_sd,SUP_r1,SUP_kr,SUP_sk,INC_avg,INC_sd,INC_r1,INC_kr,INC_sk,IND_avg,IND_sd,IND_r1,IND_kr,IND_sk
38,0.2550000000,0.0258843582,-0.7000000000,2.2861439073,0.0086492620,0.2510000000,0.0281780056,-0.2079281975,2.3825447785,0.5985696424,0.4940000000,0.0444297198,-0.6658524670,2.0354071008,0.6863748157,0.4940000000,0.0444297198,-0.6658524670,2.0354071008,0.6863748157
