Instance,INF_avg,INF_sd,INF_r1,INF_kr,INF_sk,SUP_avg,SUP_sd,SUP_r1,SUP_kr,SUP_sk,INC_avg,INC_sd,INC_r1,INC_kr,INC_sk,IND_avg,IND_sd,IND_r1,IND_kr,IND_sk
168,0.2660000000,0.0604317797,-0.0603719411,3.0069076465,-0.0182694036,0.2512000000,0.0539125217,0.0406449808,3.1992135018,-0.2605319044,0.4828000000,0.0692254289,0.0116987778,2.9078052921,-0.0037261063,0.4828000000,0.0692254289,0.0116987778,2.9078052921,-0.0037261063
