Instance,INF_avg,INF_sd,INF_r1,INF_kr,INF_sk,SUP_avg,SUP_sd,SUP_r1,SUP_kr,SUP_sk,INC_avg,INC_sd,INC_r1,INC_kr,INC_sk,IND_avg,IND_sd,IND_r1,IND_kr,IND_sk
99,0.2530000000,0.0466476152,-0.5423431330,2.0081774438,-0.5234805159,0.2930000000,0.0297657521,-0.5085024685,1.6233993549,0.5184955015,0.4540000000,0.0255734237,-0.6167859466,1.1919170665,0.3490578973,0.4540000000,0.0255734237,-0.6167859466,1.1919170665,0.3490578973
