Instance,INF_avg,INF_sd,INF_r1,INF_kr,INF_sk,SUP_avg,SUP_sd,SUP_r1,SUP_kr,SUP_sk,INC_avg,INC_sd,INC_r1,INC_kr,INC_sk,IND_avg,IND_sd,IND_r1,IND_kr,IND_sk
343,0.2144000000,0.0510748470,-0.0609589110,3.2842426670,-0.6520707946,0.2472000000,0.0639699930,-0.2163345810,2.7846754107,-0.3280823514,0.5384000000,0.0717595987,-0.3103098540,3.1000964254,0.6678941348,0.5384000000,0.0717595987,-0.3103098540,3.1000964254,0.6678941348
