Instance,INF_avg,INF_sd,INF_r1,INF_kr,INF_sk,SUP_avg,SUP_sd,SUP_r1,SUP_kr,SUP_sk,INC_avg,INC_sd,INC_r1,INC_kr,INC_sk,IND_avg,IND_sd,IND_r1,IND_kr,IND_sk
85,0.1800000000,0.0748331477,0.3478260870,1.8469387755,0.3436215967,0.2400000000,0.2416609195,0.0969162996,2.8430287108,1.1427763503,0.5800000000,0.1939071943,-0.1520737327,3.0377999095,-1.3627927530,0.5800000000,0.1939071943,-0.1520737327,3.0377999095,-1.3627927530
