Instance,INF_avg,INF_sd,INF_r1,INF_kr,INF_sk,SUP_avg,SUP_sd,SUP_r1,SUP_kr,SUP_sk,INC_avg,INC_sd,INC_r1,INC_kr,INC_sk,IND_avg,IND_sd,IND_r1,IND_kr,IND_sk
142,0.2759000000,0.0540711568,0.5566935129,2.3112449249,0.1116491201,0.2430500000,0.0412970641,0.4525192097,2.3168312179,0.0460816970,0.4810500000,0.0415228552,0.2129697457,2.9838546871,0.0956681335,0.4810500000,0.0415228552,0.2129697457,2.9838546871,0.0956681335
