Instance,INF_avg,INF_sd,INF_r1,INF_kr,INF_sk,SUP_avg,SUP_sd,SUP_r1,SUP_kr,SUP_sk,INC_avg,INC_sd,INC_r1,INC_kr,INC_sk,IND_avg,IND_sd,IND_r1,IND_kr,IND_sk
343,0.2560000000,0.0930806102,0.3458924549,2.3082069147,-0.1750485818,0.2660000000,0.0770973411,0.3155449003,2.1246583184,0.1103986206,0.4780000000,0.0861162006,0.0357784075,2.7504896262,-0.1016162929,0.4780000000,0.0861162006,0.0357784075,2.7504896262,-0.1016162929
