Instance,INF_avg,INF_sd,INF_r1,INF_kr,INF_sk,SUP_avg,SUP_sd,SUP_r1,SUP_kr,SUP_sk,INC_avg,INC_sd,INC_r1,INC_kr,INC_sk,IND_avg,IND_sd,IND_r1,IND_kr,IND_sk
286,0.3373015873,0.0983870934,0.0948283343,2.6227188990,-0.1314814137,0.1531746032,0.0811000831,0.1889954350,1.9107179025,0.1875209743,0.5095238095,0.1045994411,0.0128440678,2.8404569250,0.2878227066,0.5095238095,0.1045994411,0.0128440678,2.8404569250,0.2878227066
