Instance,INF_avg,INF_sd,INF_r1,INF_kr,INF_sk,SUP_avg,SUP_sd,SUP_r1,SUP_kr,SUP_sk,INC_avg,INC_sd,INC_r1,INC_kr,INC_sk,IND_avg,IND_sd,IND_r1,IND_kr,IND_sk
24,0.2630000000,0.1047902667,-0.1703811937,2.6926443827,0.2929029616,0.2890000000,0.0934291175,-0.2115770620,2.8245282680,0.0820165450,0.4480000000,0.1166018868,-0.1810732895,2.8633100904,0.0483082508,0.4480000000,0.1166018868,-0.1810732895,2.8633100904,0.0483082508
