Instance,INF_avg,INF_sd,INF_r1,INF_kr,INF_sk,SUP_avg,SUP_sd,SUP_r1,SUP_kr,SUP_sk,INC_avg,INC_sd,INC_r1,INC_kr,INC_sk,IND_avg,IND_sd,IND_r1,IND_kr,IND_sk
118,0.2464000000,0.0562053378,0.0167409898,1.8545819225,-0.0583239967,0.2176000000,0.0484380016,-0.1866959112,2.5400825742,0.3430507740,0.5360000000,0.0669328021,0.1917239404,2.0942346939,0.4238792890,0.5360000000,0.0669328021,0.1917239404,2.0942346939,0.4238792890
