Instance,INF_avg,INF_sd,INF_r1,INF_kr,INF_sk,SUP_avg,SUP_sd,SUP_r1,SUP_kr,SUP_sk,INC_avg,INC_sd,INC_r1,INC_kr,INC_sk,IND_avg,IND_sd,IND_r1,IND_kr,IND_sk
395,0.2500000000,0.0741619849,0.4285714286,2.4380165289,0.3677453795,0.3250000000,0.0750000000,0.2592592593,3.3703703704,-1.0666666667,0.4250000000,0.0873212460,-0.3814432990,2.5651706531,-0.6758537716,0.4250000000,0.0873212460,-0.3814432990,2.5651706531,-0.6758537716
