Instance,INF_avg,INF_sd,INF_r1,INF_kr,INF_sk,SUP_avg,SUP_sd,SUP_r1,SUP_kr,SUP_sk,INC_avg,INC_sd,INC_r1,INC_kr,INC_sk,IND_avg,IND_sd,IND_r1,IND_kr,IND_sk
234,0.2540000000,0.0934558719,-0.1528152620,2.9093630545,0.1226692641,0.2780000000,0.1025475499,-0.1165275764,2.7536987236,-0.2181919271,0.4680000000,0.1171580130,-0.1978393353,2.7511932555,0.0065070140,0.4680000000,0.1171580130,-0.1978393353,2.7511932555,0.0065070140
