Instance,INF_avg,INF_sd,INF_r1,INF_kr,INF_sk,SUP_avg,SUP_sd,SUP_r1,SUP_kr,SUP_sk,INC_avg,INC_sd,INC_r1,INC_kr,INC_sk,IND_avg,IND_sd,IND_r1,IND_kr,IND_sk
476,0.2760000000,0.1335065541,0.1493604484,2.4049328120,0.3938240881,0.2400000000,0.1248999600,-0.1157253599,2.4122287968,0.2586685561,0.4840000000,0.1301691208,-0.0118119679,2.5540397029,0.0804357815,0.4840000000,0.1301691208,-0.0118119679,2.5540397029,0.0804357815
