Instance,INF_avg,INF_sd,INF_r1,INF_kr,INF_sk,SUP_avg,SUP_sd,SUP_r1,SUP_kr,SUP_sk,INC_avg,INC_sd,INC_r1,INC_kr,INC_sk,IND_avg,IND_sd,IND_r1,IND_kr,IND_sk
171,0.2670000000,0.1027667261,-0.1591939441,2.2062935631,0.0359120091,0.2570000000,0.0959218432,-0.1706652757,2.5049764051,0.3783647724,0.4760000000,0.1030727898,-0.0819833125,3.5436704461,0.4235002807,0.4760000000,0.1030727898,-0.0819833125,3.5436704461,0.4235002807
