Instance,INF_avg,INF_sd,INF_r1,INF_kr,INF_sk,SUP_avg,SUP_sd,SUP_r1,SUP_kr,SUP_sk,INC_avg,INC_sd,INC_r1,INC_kr,INC_sk,IND_avg,IND_sd,IND_r1,IND_kr,IND_sk
359,0.2900000000,0.1166190379,-0.4036643026,2.6797145329,-0.1172747678,0.2640000000,0.0877724330,-0.0099109271,2.8684164556,-0.2533456047,0.4460000000,0.1207642331,-0.1731178549,2.9764057365,0.2470279821,0.4460000000,0.1207642331,-0.1731178549,2.9764057365,0.2470279821
