Instance,INF_avg,INF_sd,INF_r1,INF_kr,INF_sk,SUP_avg,SUP_sd,SUP_r1,SUP_kr,SUP_sk,INC_avg,INC_sd,INC_r1,INC_kr,INC_sk,IND_avg,IND_sd,IND_r1,IND_kr,IND_sk
430,0.3000000000,0.0632455532,0.0000000000,2.5000000000,0.0000000000,0.2600000000,0.1624807681,-0.5732087227,2.2685950413,-0.1790421687,0.4400000000,0.1356465997,-0.4932126697,2.3638941399,-0.7500308204,0.4400000000,0.1356465997,-0.4932126697,2.3638941399,-0.7500308204
