Instance,INF_avg,INF_sd,INF_r1,INF_kr,INF_sk,SUP_avg,SUP_sd,SUP_r1,SUP_kr,SUP_sk,INC_avg,INC_sd,INC_r1,INC_kr,INC_sk,IND_avg,IND_sd,IND_r1,IND_kr,IND_sk
333,0.1900000000,0.0374165739,-0.4814814815,1.8469387755,0.3436215967,0.2400000000,0.0583095189,-0.5259740260,1.6280276817,-0.3631734744,0.5700000000,0.0600000000,-0.7672413793,1.3981481481,-0.1111111111,0.5700000000,0.0600000000,-0.7672413793,1.3981481481,-0.1111111111
