Instance,INF_avg,INF_sd,INF_r1,INF_kr,INF_sk,SUP_avg,SUP_sd,SUP_r1,SUP_kr,SUP_sk,INC_avg,INC_sd,INC_r1,INC_kr,INC_sk,IND_avg,IND_sd,IND_r1,IND_kr,IND_sk
237,0.2295000000,0.0279687325,0.2843555672,2.6768601770,-0.2657398403,0.2860000000,0.0292232784,-0.0996222157,2.6569168920,0.1248964218,0.4845000000,0.0315317301,-0.0107404402,3.5237557494,-0.3360720247,0.4845000000,0.0315317301,-0.0107404402,3.5237557494,-0.3360720247
