Instance,INF_avg,INF_sd,INF_r1,INF_kr,INF_sk,SUP_avg,SUP_sd,SUP_r1,SUP_kr,SUP_sk,INC_avg,INC_sd,INC_r1,INC_kr,INC_sk,IND_avg,IND_sd,IND_r1,IND_kr,IND_sk
243,0.2148000000,0.0349994286,0.1452598533,2.1324048096,0.1457793617,0.2612000000,0.0424094329,-0.0411370130,2.1253528399,0.0975859355,0.5240000000,0.0370405184,0.0767525954,2.3813632075,0.1005911280,0.5240000000,0.0370405184,0.0767525954,2.3813632075,0.1005911280
