Instance,INF_avg,INF_sd,INF_r1,INF_kr,INF_sk,SUP_avg,SUP_sd,SUP_r1,SUP_kr,SUP_sk,INC_avg,INC_sd,INC_r1,INC_kr,INC_sk,IND_avg,IND_sd,IND_r1,IND_kr,IND_sk
370,0.2768000000,0.0363009642,0.1080970542,2.9276653462,-0.0231360682,0.2510000000,0.0322490310,0.0863819563,3.2870821006,0.8048542369,0.4722000000,0.0354987324,0.1069630418,2.8885598274,-0.1842600434,0.4722000000,0.0354987324,0.1069630418,2.8885598274,-0.1842600434
