Instance,INF_avg,INF_sd,INF_r1,INF_kr,INF_sk,SUP_avg,SUP_sd,SUP_r1,SUP_kr,SUP_sk,INC_avg,INC_sd,INC_r1,INC_kr,INC_sk,IND_avg,IND_sd,IND_r1,IND_kr,IND_sk
196,0.2440000000,0.0496386946,-0.7489114659,2.0324675325,-0.6216348580,0.2520000000,0.0348711915,-0.5889830508,1.7957063712,-0.0543353054,0.5040000000,0.0542586399,-0.6597077244,1.5398156900,-0.5120402716,0.5040000000,0.0542586399,-0.6597077244,1.5398156900,-0.5120402716
