Instance,INF_avg,INF_sd,INF_r1,INF_kr,INF_sk,SUP_avg,SUP_sd,SUP_r1,SUP_kr,SUP_sk,INC_avg,INC_sd,INC_r1,INC_kr,INC_sk,IND_avg,IND_sd,IND_r1,IND_kr,IND_sk
351,0.3080000000,0.1354104870,0.0220831407,2.3652357848,-0.5318712308,0.2960000000,0.1112834219,-0.1665068712,3.4662079603,1.1237456701,0.3960000000,0.1660843159,0.1739947563,2.2983066952,0.4826330058,0.3960000000,0.1660843159,0.1739947563,2.2983066952,0.4826330058
