Instance,INF_avg,INF_sd,INF_r1,INF_kr,INF_sk,SUP_avg,SUP_sd,SUP_r1,SUP_kr,SUP_sk,INC_avg,INC_sd,INC_r1,INC_kr,INC_sk,IND_avg,IND_sd,IND_r1,IND_kr,IND_sk
184,0.2700000000,0.1345362405,-0.1338813197,2.5926253777,0.2119004306,0.2680000000,0.1567673435,0.1523688764,2.4375330607,0.1952036809,0.4620000000,0.1598624409,0.0591784683,2.6873190027,0.0460796856,0.4620000000,0.1598624409,0.0591784683,2.6873190027,0.0460796856
