Instance,INF_avg,INF_sd,INF_r1,INF_kr,INF_sk,SUP_avg,SUP_sd,SUP_r1,SUP_kr,SUP_sk,INC_avg,INC_sd,INC_r1,INC_kr,INC_sk,IND_avg,IND_sd,IND_r1,IND_kr,IND_sk
310,0.3829411765,0.0983101159,0.7792171118,2.2684840728,-0.1414731085,0.0979411765,0.0671600114,0.8501097185,2.5351433998,0.7289266700,0.5191176471,0.0516702012,0.2777530684,2.8207534381,-0.5359360794,0.5191176471,0.0516702012,0.2777530684,2.8207534381,-0.5359360794
