Instance,INF_avg,INF_sd,INF_r1,INF_kr,INF_sk,SUP_avg,SUP_sd,SUP_r1,SUP_kr,SUP_sk,INC_avg,INC_sd,INC_r1,INC_kr,INC_sk,IND_avg,IND_sd,IND_r1,IND_kr,IND_sk
187,0.2760000000,0.0697423831,-0.6853303471,1.8654994806,-0.3843090871,0.2540000000,0.0429418211,0.7645780514,2.2423054663,0.6946794950,0.4700000000,0.0640312424,-0.2127139364,2.8655562165,0.3291076348,0.4700000000,0.0640312424,-0.2127139364,2.8655562165,0.3291076348
