Instance,INF_avg,INF_sd,INF_r1,INF_kr,INF_sk,SUP_avg,SUP_sd,SUP_r1,SUP_kr,SUP_sk,INC_avg,INC_sd,INC_r1,INC_kr,INC_sk,IND_avg,IND_sd,IND_r1,IND_kr,IND_sk
300,0.3306122449,0.1096452194,0.0672072425,2.9893650231,0.2669918893,0.2153061224,0.1006124519,-0.0072153514,2.9583192636,0.4793597244,0.4540816327,0.1296922317,-0.0570849063,2.9202685680,0.1558105417,0.4540816327,0.1296922317,-0.0570849063,2.9202685680,0.1558105417
