Instance,INF_avg,INF_sd,INF_r1,INF_kr,INF_sk,SUP_avg,SUP_sd,SUP_r1,SUP_kr,SUP_sk,INC_avg,INC_sd,INC_r1,INC_kr,INC_sk,IND_avg,IND_sd,IND_r1,IND_kr,IND_sk
449,0.2500000000,0.0586856030,0.0369723435,2.4907226424,-0.1116206073,0.2450000000,0.0559553393,-0.0537411163,2.6738645831,0.2522315450,0.5050000000,0.0660530090,-0.0064841912,2.1357857936,0.1458416505,0.5050000000,0.0660530090,-0.0064841912,2.1357857936,0.1458416505
