Instance,INF_avg,INF_sd,INF_r1,INF_kr,INF_sk,SUP_avg,SUP_sd,SUP_r1,SUP_kr,SUP_sk,INC_avg,INC_sd,INC_r1,INC_kr,INC_sk,IND_avg,IND_sd,IND_r1,IND_kr,IND_sk
315,0.2530000000,0.0382230297,-0.4364959297,2.4564466688,0.5859911541,0.2900000000,0.0449444101,-0.0903954802,2.5463189883,0.4163559215,0.4570000000,0.0483838816,0.1512608715,3.8079173312,-0.3884991165,0.4570000000,0.0483838816,0.1512608715,3.8079173312,-0.3884991165
