Instance,INF_avg,INF_sd,INF_r1,INF_kr,INF_sk,SUP_avg,SUP_sd,SUP_r1,SUP_kr,SUP_sk,INC_avg,INC_sd,INC_r1,INC_kr,INC_sk,IND_avg,IND_sd,IND_r1,IND_kr,IND_sk
95,0.2550000000,0.0878919792,-0.2334088702,2.0994438684,-0.1524377808,0.2550000000,0.1011187421,-0.2798026857,2.1799068633,0.6615476434,0.4900000000,0.0768114575,-0.3113006397,2.1852915829,-0.1588746032,0.4900000000,0.0768114575,-0.3113006397,2.1852915829,-0.1588746032
