Instance,INF_avg,INF_sd,INF_r1,INF_kr,INF_sk,SUP_avg,SUP_sd,SUP_r1,SUP_kr,SUP_sk,INC_avg,INC_sd,INC_r1,INC_kr,INC_sk,IND_avg,IND_sd,IND_r1,IND_kr,IND_sk
145,0.2080000000,0.1301383879,0.1619900610,2.7184077253,0.4505505015,0.3130000000,0.1383148582,0.1240227652,2.9345866597,0.0837813650,0.4790000000,0.1444264519,0.1594846579,2.9738971700,0.2699928078,0.4790000000,0.1444264519,0.1594846579,2.9738971700,0.2699928078
