Instance,INF_avg,INF_sd,INF_r1,INF_kr,INF_sk,SUP_avg,SUP_sd,SUP_r1,SUP_kr,SUP_sk,INC_avg,INC_sd,INC_r1,INC_kr,INC_sk,IND_avg,IND_sd,IND_r1,IND_kr,IND_sk
437,0.2550000000,0.0141421356,-1.0000000000,1.7000000000,0.0000000000,0.2800000000,0.0309838668,0.0699300699,1.5543619792,-0.0655583118,0.4650000000,0.0322490310,0.4137931034,2.0529770710,-0.6574437254,0.4650000000,0.0322490310,0.4137931034,2.0529770710,-0.6574437254
