Instance,INF_avg,INF_sd,INF_r1,INF_kr,INF_sk,SUP_avg,SUP_sd,SUP_r1,SUP_kr,SUP_sk,INC_avg,INC_sd,INC_r1,INC_kr,INC_sk,IND_avg,IND_sd,IND_r1,IND_kr,IND_sk
293,0.2670000000,0.0321869539,-0.2877283558,2.2493440766,-0.8194163845,0.2390000000,0.0305614136,-0.6878115088,1.9499860149,0.5807802254,0.4940000000,0.0131909060,-0.2060889930,2.3953626635,-0.9593861448,0.4940000000,0.0131909060,-0.2060889930,2.3953626635,-0.9593861448
