Instance,INF_avg,INF_sd,INF_r1,INF_kr,INF_sk,SUP_avg,SUP_sd,SUP_r1,SUP_kr,SUP_sk,INC_avg,INC_sd,INC_r1,INC_kr,INC_sk,IND_avg,IND_sd,IND_r1,IND_kr,IND_sk
216,0.2400000000,0.0860232527,-0.3157894737,2.6519357195,1.0179522960,0.3900000000,0.1113552873,-0.0296846011,2.7036940687,1.1210847078,0.3700000000,0.0927361850,-0.6010498688,1.5091941590,0.1579875514,0.3700000000,0.0927361850,-0.6010498688,1.5091941590,0.1579875514
