Instance,INF_avg,INF_sd,INF_r1,INF_kr,INF_sk,SUP_avg,SUP_sd,SUP_r1,SUP_kr,SUP_sk,INC_avg,INC_sd,INC_r1,INC_kr,INC_sk,IND_avg,IND_sd,IND_r1,IND_kr,IND_sk
111,0.2200000000,0.1939071943,-0.6055045872,3.0377999095,1.3627927530,0.2800000000,0.1166190379,0.1011235955,1.6280276817,-0.3631734744,0.5000000000,0.1414213562,-0.5000000000,1.7000000000,-0.0000000000,0.5000000000,0.1414213562,-0.5000000000,1.7000000000,-0.0000000000
