Instance,INF_avg,INF_sd,INF_r1,INF_kr,INF_sk,SUP_avg,SUP_sd,SUP_r1,SUP_kr,SUP_sk,INC_avg,INC_sd,INC_r1,INC_kr,INC_sk,IND_avg,IND_sd,IND_r1,IND_kr,IND_sk
285,0.2336000000,0.0758356117,0.2329833916,2.0885811740,0.0806223347,0.2128000000,0.0629615756,0.1272300348,2.9708054885,0.1714778046,0.5536000000,0.0859246181,0.2948030447,2.8139584688,0.2894402344,0.5536000000,0.0859246181,0.2948030447,2.8139584688,0.2894402344
