Instance,INF_avg,INF_sd,INF_r1,INF_kr,INF_sk,SUP_avg,SUP_sd,SUP_r1,SUP_kr,SUP_sk,INC_avg,INC_sd,INC_r1,INC_kr,INC_sk,IND_avg,IND_sd,IND_r1,IND_kr,IND_sk
140,0.2964000000,0.0445313373,0.0572268070,2.1557670560,0.2253886175,0.2940000000,0.0520000000,0.1768219112,1.9883582508,-0.2181383705,0.4096000000,0.0430330106,-0.2900655277,3.0558490218,0.1508625202,0.4096000000,0.0430330106,-0.2900655277,3.0558490218,0.1508625202
