Instance,INF_avg,INF_sd,INF_r1,INF_kr,INF_sk,SUP_avg,SUP_sd,SUP_r1,SUP_kr,SUP_sk,INC_avg,INC_sd,INC_r1,INC_kr,INC_sk,IND_avg,IND_sd,IND_r1,IND_kr,IND_sk
503,0.3430000000,0.0906145684,0.3549626682,2.9451940456,0.1035352821,0.2274000000,0.0817633170,0.3264812261,3.1763735866,0.1959403561,0.4296000000,0.0832576723,0.2283903591,2.9603382597,-0.2368305186,0.4296000000,0.0832576723,0.2283903591,2.9603382597,-0.2368305186
