Instance,INF_avg,INF_sd,INF_r1,INF_kr,INF_sk,SUP_avg,SUP_sd,SUP_r1,SUP_kr,SUP_sk,INC_avg,INC_sd,INC_r1,INC_kr,INC_sk,IND_avg,IND_sd,IND_r1,IND_kr,IND_sk
437,0.3375000000,0.1815729881,-0.2237442922,2.3026661575,1.1099684292,0.1750000000,0.1089724736,-1.0740740741,2.0969529086,-0.6520236647,0.4875000000,0.0960143218,0.5478260870,1.5733984487,-0.2780305557,0.4875000000,0.0960143218,0.5478260870,1.5733984487,-0.2780305557
