Instance,INF_avg,INF_sd,INF_r1,INF_kr,INF_sk,SUP_avg,SUP_sd,SUP_r1,SUP_kr,SUP_sk,INC_avg,INC_sd,INC_r1,INC_kr,INC_sk,IND_avg,IND_sd,IND_r1,IND_kr,IND_sk
395,0.2616000000,0.0618177968,0.2053412343,2.4936715983,0.0754043334,0.2804000000,0.0584451880,0.1314731009,2.6096222219,-0.1736083664,0.4580000000,0.0718052923,0.1286133222,2.3406126074,0.2447788355,0.4580000000,0.0718052923,0.1286133222,2.3406126074,0.2447788355
