Instance,INF_avg,INF_sd,INF_r1,INF_kr,INF_sk,SUP_avg,SUP_sd,SUP_r1,SUP_kr,SUP_sk,INC_avg,INC_sd,INC_r1,INC_kr,INC_sk,IND_avg,IND_sd,IND_r1,IND_kr,IND_sk
377,0.2904000000,0.0524960951,-0.0727308243,3.1636281718,-0.0557615624,0.2256000000,0.0538204422,-0.1466397451,2.5805739861,-0.2373286522,0.4840000000,0.0574108004,-0.2210660437,3.2466302196,-0.2313424183,0.4840000000,0.0574108004,-0.2210660437,3.2466302196,-0.2313424183
