Instance,INF_avg,INF_sd,INF_r1,INF_kr,INF_sk,SUP_avg,SUP_sd,SUP_r1,SUP_kr,SUP_sk,INC_avg,INC_sd,INC_r1,INC_kr,INC_sk,IND_avg,IND_sd,IND_r1,IND_kr,IND_sk
316,0.2592000000,0.0564212726,0.0218854288,1.9714183234,0.0942077238,0.3040000000,0.0542586399,0.1845541049,3.4413988658,-0.6202177938,0.4368000000,0.0719288537,0.1529223240,2.2716822204,-0.1949229432,0.4368000000,0.0719288537,0.1529223240,2.2716822204,-0.1949229432
