Instance,INF_avg,INF_sd,INF_r1,INF_kr,INF_sk,SUP_avg,SUP_sd,SUP_r1,SUP_kr,SUP_sk,INC_avg,INC_sd,INC_r1,INC_kr,INC_sk,IND_avg,IND_sd,IND_r1,IND_kr,IND_sk
108,0.2100000000,0.1067707825,0.0106951872,1.7206832872,-0.1380231722,0.1700000000,0.0927361850,-0.2412587413,1.5091941590,0.1579875514,0.6200000000,0.0927361850,0.1666666667,2.4826933478,-0.9704949588,0.6200000000,0.0927361850,0.1666666667,2.4826933478,-0.9704949588
