Instance,INF_avg,INF_sd,INF_r1,INF_kr,INF_sk,SUP_avg,SUP_sd,SUP_r1,SUP_kr,SUP_sk,INC_avg,INC_sd,INC_r1,INC_kr,INC_sk,IND_avg,IND_sd,IND_r1,IND_kr,IND_sk
110,0.2635000000,0.0929663918,0.1812485487,2.2611377147,-0.0419942353,0.2305000000,0.0999737466,-0.0024667712,2.9004125569,0.6863982176,0.5060000000,0.1136397818,0.0888513534,2.2750802662,-0.0307779499,0.5060000000,0.1136397818,0.0888513534,2.2750802662,-0.0307779499
