Instance,INF_avg,INF_sd,INF_r1,INF_kr,INF_sk,SUP_avg,SUP_sd,SUP_r1,SUP_kr,SUP_sk,INC_avg,INC_sd,INC_r1,INC_kr,INC_sk,IND_avg,IND_sd,IND_r1,IND_kr,IND_sk
414,0.3000000000,0.1264911064,-0.6666666667,2.0312500000,-0.2964635306,0.1800000000,0.0871779789,-0.4678899083,2.6786703601,-0.5071295170,0.5200000000,0.1166190379,-0.4814814815,2.1470588235,-0.3934379306,0.5200000000,0.1166190379,-0.4814814815,2.1470588235,-0.3934379306
