Instance,INF_avg,INF_sd,INF_r1,INF_kr,INF_sk,SUP_avg,SUP_sd,SUP_r1,SUP_kr,SUP_sk,INC_avg,INC_sd,INC_r1,INC_kr,INC_sk,IND_avg,IND_sd,IND_r1,IND_kr,IND_sk
469,0.2100000000,0.0938083152,0.0018876829,2.0552685950,0.3270692808,0.2340000000,0.0924337601,-0.0242625310,2.9112380592,-0.3618746893,0.5560000000,0.1202663710,0.0628642328,2.6455010059,0.2554892914,0.5560000000,0.1202663710,0.0628642328,2.6455010059,0.2554892914
