Instance,INF_avg,INF_sd,INF_r1,INF_kr,INF_sk,SUP_avg,SUP_sd,SUP_r1,SUP_kr,SUP_sk,INC_avg,INC_sd,INC_r1,INC_kr,INC_sk,IND_avg,IND_sd,IND_r1,IND_kr,IND_sk
399,0.2170000000,0.1058820098,0.1093201094,2.3774262715,-0.1404110637,0.3000000000,0.1637070554,0.1573033708,3.0797505012,0.4649732584,0.4830000000,0.1587797216,0.1524867069,2.7661132670,0.0401384407,0.4830000000,0.1587797216,0.1524867069,2.7661132670,0.0401384407
