Instance,INF_avg,INF_sd,INF_r1,INF_kr,INF_sk,SUP_avg,SUP_sd,SUP_r1,SUP_kr,SUP_sk,INC_avg,INC_sd,INC_r1,INC_kr,INC_sk,IND_avg,IND_sd,IND_r1,IND_kr,IND_sk
15,0.3300000000,0.0509901951,-0.2301587302,1.9556213018,-0.2715454179,0.1300000000,0.0927361850,-0.4201877934,2.4826933478,0.9704949588,0.5400000000,0.1240967365,-0.4190981432,1.7794737730,-0.1632576395,0.5400000000,0.1240967365,-0.4190981432,1.7794737730,-0.1632576395
