Instance,INF_avg,INF_sd,INF_r1,INF_kr,INF_sk,SUP_avg,SUP_sd,SUP_r1,SUP_kr,SUP_sk,INC_avg,INC_sd,INC_r1,INC_kr,INC_sk,IND_avg,IND_sd,IND_r1,IND_kr,IND_sk
228,0.6025000000,0.1239707627,0.0879450316,4.0800493692,1.0056123590,0.1475000000,0.0813557005,0.3400757105,2.3768186889,0.2895339928,0.2500000000,0.0935414347,-0.1857142857,3.9591836735,-0.5956107677,0.2500000000,0.0935414347,-0.1857142857,3.9591836735,-0.5956107677
