Instance,INF_avg,INF_sd,INF_r1,INF_kr,INF_sk,SUP_avg,SUP_sd,SUP_r1,SUP_kr,SUP_sk,INC_avg,INC_sd,INC_r1,INC_kr,INC_sk,IND_avg,IND_sd,IND_r1,IND_kr,IND_sk
282,0.2524000000,0.0273539759,0.1489250324,3.6490433393,0.1216009568,0.2150000000,0.0326190129,-0.0646871686,2.2481309006,-0.0579140072,0.5326000000,0.0369356197,0.2275071552,2.6761666637,-0.5615039007,0.5326000000,0.0369356197,0.2275071552,2.6761666637,-0.5615039007
