Instance,INF_avg,INF_sd,INF_r1,INF_kr,INF_sk,SUP_avg,SUP_sd,SUP_r1,SUP_kr,SUP_sk,INC_avg,INC_sd,INC_r1,INC_kr,INC_sk,IND_avg,IND_sd,IND_r1,IND_kr,IND_sk
416,0.2415000000,0.0253031619,-0.3430616956,2.4916957132,-0.8099825314,0.2620000000,0.0246170673,0.0382014875,2.5717576708,-0.5928431384,0.4965000000,0.0242950612,-0.0484113031,1.8179679642,-0.2560640905,0.4965000000,0.0242950612,-0.0484113031,1.8179679642,-0.2560640905
