Instance,INF_avg,INF_sd,INF_r1,INF_kr,INF_sk,SUP_avg,SUP_sd,SUP_r1,SUP_kr,SUP_sk,INC_avg,INC_sd,INC_r1,INC_kr,INC_sk,IND_avg,IND_sd,IND_r1,IND_kr,IND_sk
30,0.2630000000,0.0102956301,-0.3617463617,2.2821288715,-0.6927284075,0.2460000000,0.0287054002,-0.8949595998,1.3007411160,0.2960269761,0.4910000000,0.0263438797,-0.5251107829,2.1909533341,-0.7525166257,0.4910000000,0.0263438797,-0.5251107829,2.1909533341,-0.7525166257
