Instance,INF_avg,INF_sd,INF_r1,INF_kr,INF_sk,SUP_avg,SUP_sd,SUP_r1,SUP_kr,SUP_sk,INC_avg,INC_sd,INC_r1,INC_kr,INC_sk,IND_avg,IND_sd,IND_r1,IND_kr,IND_sk
113,0.2530000000,0.0250199920,0.1357804704,1.6967663240,-0.2896086613,0.2780000000,0.0332565783,0.2816702052,2.0823798515,0.1751954574,0.4690000000,0.0251793566,-0.0104270109,1.3869229468,-0.1736438231,0.4690000000,0.0251793566,-0.0104270109,1.3869229468,-0.1736438231
