Instance,INF_avg,INF_sd,INF_r1,INF_kr,INF_sk,SUP_avg,SUP_sd,SUP_r1,SUP_kr,SUP_sk,INC_avg,INC_sd,INC_r1,INC_kr,INC_sk,IND_avg,IND_sd,IND_r1,IND_kr,IND_sk
424,0.4433898305,0.0874954753,0.7832740157,2.3590359051,-0.2501077522,0.0572033898,0.0502811686,0.7008656975,6.8124744198,1.8127544528,0.4994067797,0.0521087906,0.6379586344,2.9736017291,-0.2515561941,0.4994067797,0.0521087906,0.6379586344,2.9736017291,-0.2515561941
