Instance,INF_avg,INF_sd,INF_r1,INF_kr,INF_sk,SUP_avg,SUP_sd,SUP_r1,SUP_kr,SUP_sk,INC_avg,INC_sd,INC_r1,INC_kr,INC_sk,IND_avg,IND_sd,IND_r1,IND_kr,IND_sk
422,0.2600000000,0.0860232527,0.4827586207,1.9945215486,0.3958703373,0.2600000000,0.0663324958,0.1552511416,2.2169421488,-0.3700366502,0.4800000000,0.1077032961,0.5133819951,1.2285969084,-0.3169627324,0.4800000000,0.1077032961,0.5133819951,1.2285969084,-0.3169627324
