Instance,INF_avg,INF_sd,INF_r1,INF_kr,INF_sk,SUP_avg,SUP_sd,SUP_r1,SUP_kr,SUP_sk,INC_avg,INC_sd,INC_r1,INC_kr,INC_sk,IND_avg,IND_sd,IND_r1,IND_kr,IND_sk
192,0.1660000000,0.0159373775,-0.0193003619,1.3299336599,-0.1823080253,0.3170000000,0.0480208288,-0.0685392237,2.8279562573,-1.2204157805,0.5170000000,0.0410609303,-0.0064087349,2.8350008232,1.1285199316,0.5170000000,0.0410609303,-0.0064087349,2.8350008232,1.1285199316
