Instance,INF_avg,INF_sd,INF_r1,INF_kr,INF_sk,SUP_avg,SUP_sd,SUP_r1,SUP_kr,SUP_sk,INC_avg,INC_sd,INC_r1,INC_kr,INC_sk,IND_avg,IND_sd,IND_r1,IND_kr,IND_sk
270,0.3776241135,0.0985508141,0.9164056742,2.1500424998,0.0160315408,0.1178014184,0.0915554492,0.9182986943,2.7128607716,0.8796061945,0.5045744681,0.0450275304,0.3521378614,2.9675217543,-0.0557241045,0.5045744681,0.0450275304,0.3521378614,2.9675217543,-0.0557241045
