Instance,INF_avg,INF_sd,INF_r1,INF_kr,INF_sk,SUP_avg,SUP_sd,SUP_r1,SUP_kr,SUP_sk,INC_avg,INC_sd,INC_r1,INC_kr,INC_sk,IND_avg,IND_sd,IND_r1,IND_kr,IND_sk
282,0.3983098592,0.0916051834,0.5327725448,2.5598511001,-0.0158802447,0.1188732394,0.0756483580,0.4685381864,3.6161895108,0.7104719125,0.4828169014,0.0674940394,-0.0596905112,3.2434250512,0.0740789074,0.4828169014,0.0674940394,-0.0596905112,3.2434250512,0.0740789074
