Instance,INF_avg,INF_sd,INF_r1,INF_kr,INF_sk,SUP_avg,SUP_sd,SUP_r1,SUP_kr,SUP_sk,INC_avg,INC_sd,INC_r1,INC_kr,INC_sk,IND_avg,IND_sd,IND_r1,IND_kr,IND_sk
214,0.2690000000,0.1324348897,-0.0440565330,2.5930351023,0.0649731315,0.2880000000,0.1328758819,-0.1541494096,2.8451052373,0.1437919290,0.4430000000,0.1498365776,-0.0437803404,2.2411538970,0.0637084454,0.4430000000,0.1498365776,-0.0437803404,2.2411538970,0.0637084454
