Instance,INF_avg,INF_sd,INF_r1,INF_kr,INF_sk,SUP_avg,SUP_sd,SUP_r1,SUP_kr,SUP_sk,INC_avg,INC_sd,INC_r1,INC_kr,INC_sk,IND_avg,IND_sd,IND_r1,IND_kr,IND_sk
152,0.2600000000,0.0681175455,-0.0093457944,2.4762187872,-0.2126142174,0.2380000000,0.0540000000,-0.1055624913,2.2673768113,-0.3511659808,0.5020000000,0.0683812840,-0.0009778647,2.4086864765,0.8154348060,0.5020000000,0.0683812840,-0.0009778647,2.4086864765,0.8154348060
