Instance,INF_avg,INF_sd,INF_r1,INF_kr,INF_sk,SUP_avg,SUP_sd,SUP_r1,SUP_kr,SUP_sk,INC_avg,INC_sd,INC_r1,INC_kr,INC_sk,IND_avg,IND_sd,IND_r1,IND_kr,IND_sk
310,0.2710000000,0.0228910463,-0.1117511521,2.5784190898,-0.7293094549,0.2330000000,0.0261916017,0.1021724372,1.3114476111,-0.1572845210,0.4960000000,0.0208326667,-0.4658634538,1.9807279832,0.4061328121,0.4960000000,0.0208326667,-0.4658634538,1.9807279832,0.4061328121
