Instance,INF_avg,INF_sd,INF_r1,INF_kr,INF_sk,SUP_avg,SUP_sd,SUP_r1,SUP_kr,SUP_sk,INC_avg,INC_sd,INC_r1,INC_kr,INC_sk,IND_avg,IND_sd,IND_r1,IND_kr,IND_sk
442,0.1800000000,0.1166190379,-0.1363636364,2.6660899654,1.1500493357,0.2600000000,0.1743559577,-0.1611374408,1.7957063712,-0.0543353054,0.5600000000,0.2154065923,0.1237113402,1.7636741974,0.4034071140,0.5600000000,0.2154065923,0.1237113402,1.7636741974,0.4034071140
