Instance,INF_avg,INF_sd,INF_r1,INF_kr,INF_sk,SUP_avg,SUP_sd,SUP_r1,SUP_kr,SUP_sk,INC_avg,INC_sd,INC_r1,INC_kr,INC_sk,IND_avg,IND_sd,IND_r1,IND_kr,IND_sk
84,0.3040000000,0.1080925529,-0.1162578913,3.0152719549,0.0987589892,0.1950000000,0.0820060973,0.0096781454,2.4595707633,0.0788770798,0.5010000000,0.1074662738,-0.1048118723,3.4243240978,-0.6906201478,0.5010000000,0.1074662738,-0.1048118723,3.4243240978,-0.6906201478
