Instance,INF_avg,INF_sd,INF_r1,INF_kr,INF_sk,SUP_avg,SUP_sd,SUP_r1,SUP_kr,SUP_sk,INC_avg,INC_sd,INC_r1,INC_kr,INC_sk,IND_avg,IND_sd,IND_r1,IND_kr,IND_sk
310,0.2171000000,0.0442107453,0.0736174632,3.6437421174,-0.0763844645,0.2251000000,0.0495276690,0.0909998610,2.9164102923,-0.3833489329,0.5578000000,0.0543245801,0.1112482451,3.5271514384,0.2504252236,0.5578000000,0.0543245801,0.1112482451,3.5271514384,0.2504252236
