Instance,INF_avg,INF_sd,INF_r1,INF_kr,INF_sk,SUP_avg,SUP_sd,SUP_r1,SUP_kr,SUP_sk,INC_avg,INC_sd,INC_r1,INC_kr,INC_sk,IND_avg,IND_sd,IND_r1,IND_kr,IND_sk
463,0.2060000000,0.0382622529,-0.5705656233,2.4835169757,0.3076267313,0.3420000000,0.0470744092,-0.4027066569,2.3283308788,-0.6432707064,0.4520000000,0.0491528229,0.1000340252,2.2007039165,0.1624882254,0.4520000000,0.0491528229,0.1000340252,2.2007039165,0.1624882254
