Instance,INF_avg,INF_sd,INF_r1,INF_kr,INF_sk,SUP_avg,SUP_sd,SUP_r1,SUP_kr,SUP_sk,INC_avg,INC_sd,INC_r1,INC_kr,INC_sk,IND_avg,IND_sd,IND_r1,IND_kr,IND_sk
471,0.2576000000,0.0431073080,0.1569897858,2.7456075396,0.1042791969,0.2523000000,0.0422339910,-0.1041117231,3.2259586334,-0.0593332882,0.4901000000,0.0485694348,0.0561945089,3.0294937971,-0.2197489812,0.4901000000,0.0485694348,0.0561945089,3.0294937971,-0.2197489812
