Instance,INF_avg,INF_sd,INF_r1,INF_kr,INF_sk,SUP_avg,SUP_sd,SUP_r1,SUP_kr,SUP_sk,INC_avg,INC_sd,INC_r1,INC_kr,INC_sk,IND_avg,IND_sd,IND_r1,IND_kr,IND_sk
472,0.2777777778,0.1030402055,-0.1789805745,1.9091738778,-0.2316523820,0.1916666667,0.1017212968,-0.1063632141,2.4565109680,0.2265258733,0.5305555556,0.1203454390,-0.0122428531,2.1408631361,0.2697989246,0.5305555556,0.1203454390,-0.0122428531,2.1408631361,0.2697989246
