Instance,INF_avg,INF_sd,INF_r1,INF_kr,INF_sk,SUP_avg,SUP_sd,SUP_r1,SUP_kr,SUP_sk,INC_avg,INC_sd,INC_r1,INC_kr,INC_sk,IND_avg,IND_sd,IND_r1,IND_kr,IND_sk
221,0.2600000000,0.1200000000,-0.5648854962,1.3981481481,0.1111111111,0.1800000000,0.1720465053,-0.6782006920,2.6519357195,1.0179522960,0.5600000000,0.1019803903,-0.7857142857,1.9556213018,-0.2715454179,0.5600000000,0.1019803903,-0.7857142857,1.9556213018,-0.2715454179
