Instance,INF_avg,INF_sd,INF_r1,INF_kr,INF_sk,SUP_avg,SUP_sd,SUP_r1,SUP_kr,SUP_sk,INC_avg,INC_sd,INC_r1,INC_kr,INC_sk,IND_avg,IND_sd,IND_r1,IND_kr,IND_sk
190,0.2200000000,0.0334664011,-0.2857142857,2.7487244898,0.9284365090,0.2900000000,0.0319374388,-0.0495049505,1.8050749712,0.0368367230,0.4900000000,0.0357770876,0.0551181102,1.8872070312,0.4323647066,0.4900000000,0.0357770876,0.0551181102,1.8872070312,0.4323647066
