Instance,INF_avg,INF_sd,INF_r1,INF_kr,INF_sk,SUP_avg,SUP_sd,SUP_r1,SUP_kr,SUP_sk,INC_avg,INC_sd,INC_r1,INC_kr,INC_sk,IND_avg,IND_sd,IND_r1,IND_kr,IND_sk
327,0.2525000000,0.0822724134,-0.0155736110,2.7016546323,0.1624560460,0.2435000000,0.0904585540,0.0594791475,3.2566929160,0.3155746207,0.5040000000,0.1031212878,-0.0320824838,3.2554851810,-0.0731101599,0.5040000000,0.1031212878,-0.0320824838,3.2554851810,-0.0731101599
