Instance,INF_avg,INF_sd,INF_r1,INF_kr,INF_sk,SUP_avg,SUP_sd,SUP_r1,SUP_kr,SUP_sk,INC_avg,INC_sd,INC_r1,INC_kr,INC_sk,IND_avg,IND_sd,IND_r1,IND_kr,IND_sk
108,0.3666666667,0.1213351648,-0.1205597417,2.2545389818,0.0984849326,0.1611111111,0.0950957932,0.4619896233,2.0572516861,0.1646943182,0.4722222222,0.0916245695,-0.3078723404,4.3528871107,-0.0196168520,0.4722222222,0.0916245695,-0.3078723404,4.3528871107,-0.0196168520
