Instance,INF_avg,INF_sd,INF_r1,INF_kr,INF_sk,SUP_avg,SUP_sd,SUP_r1,SUP_kr,SUP_sk,INC_avg,INC_sd,INC_r1,INC_kr,INC_sk,IND_avg,IND_sd,IND_r1,IND_kr,IND_sk
333,0.2300000000,0.0371483512,0.1472868217,2.6937618147,0.0000000000,0.2620000000,0.0328024389,-0.8117901568,1.9156313484,0.3835058020,0.5080000000,0.0421426150,0.0480678605,2.0036523009,0.1077422590,0.5080000000,0.0421426150,0.0480678605,2.0036523009,0.1077422590
