Instance,INF_avg,INF_sd,INF_r1,INF_kr,INF_sk,SUP_avg,SUP_sd,SUP_r1,SUP_kr,SUP_sk,INC_avg,INC_sd,INC_r1,INC_kr,INC_sk,IND_avg,IND_sd,IND_r1,IND_kr,IND_sk
316,0.3750000000,0.0860855057,-0.0749185668,3.3155755552,-0.5458288413,0.1428571429,0.0775912892,0.3515840220,5.2910083309,0.9268158017,0.4821428571,0.0722276729,0.0051632099,2.7096024055,0.2118113069,0.4821428571,0.0722276729,0.0051632099,2.7096024055,0.2118113069
