Instance,INF_avg,INF_sd,INF_r1,INF_kr,INF_sk,SUP_avg,SUP_sd,SUP_r1,SUP_kr,SUP_sk,INC_avg,INC_sd,INC_r1,INC_kr,INC_sk,IND_avg,IND_sd,IND_r1,IND_kr,IND_sk
30,0.2376000000,0.0363351070,0.0777352599,2.9885693856,0.5267665782,0.2506000000,0.0365327251,0.1624020495,2.0589010703,-0.2901586920,0.5118000000,0.0320274882,-0.3332776509,2.0417323677,0.0207005148,0.5118000000,0.0320274882,-0.3332776509,2.0417323677,0.0207005148
