Instance,INF_avg,INF_sd,INF_r1,INF_kr,INF_sk,SUP_avg,SUP_sd,SUP_r1,SUP_kr,SUP_sk,INC_avg,INC_sd,INC_r1,INC_kr,INC_sk,IND_avg,IND_sd,IND_r1,IND_kr,IND_sk
452,0.2480000000,0.0255147016,0.1391768772,2.3979344079,0.0339553039,0.2560000000,0.0316069613,-0.0910186860,2.2128705282,0.5685446893,0.4960000000,0.0335261092,-0.4731345948,2.3162716404,0.0484829548,0.4960000000,0.0335261092,-0.4731345948,2.3162716404,0.0484829548
