Instance,INF_avg,INF_sd,INF_r1,INF_kr,INF_sk,SUP_avg,SUP_sd,SUP_r1,SUP_kr,SUP_sk,INC_avg,INC_sd,INC_r1,INC_kr,INC_sk,IND_avg,IND_sd,IND_r1,IND_kr,IND_sk
317,0.2478500000,0.0319237764,0.0134347180,3.3480302904,-0.2893995187,0.2451500000,0.0321982531,0.0917980670,3.4717825527,0.4665020770,0.5070000000,0.0374833296,0.0494408895,2.6013338230,0.1578780128,0.5070000000,0.0374833296,0.0494408895,2.6013338230,0.1578780128
