Instance,INF_avg,INF_sd,INF_r1,INF_kr,INF_sk,SUP_avg,SUP_sd,SUP_r1,SUP_kr,SUP_sk,INC_avg,INC_sd,INC_r1,INC_kr,INC_sk,IND_avg,IND_sd,IND_r1,IND_kr,IND_sk
427,0.2370000000,0.1066817698,0.2015304001,3.1688412981,0.8100810203,0.2580000000,0.0850646813,0.0443713300,2.3101912586,0.4318633522,0.5050000000,0.1087428159,0.3342950486,2.3038631559,0.0466605148,0.5050000000,0.1087428159,0.3342950486,2.3038631559,0.0466605148
