Instance,INF_avg,INF_sd,INF_r1,INF_kr,INF_sk,SUP_avg,SUP_sd,SUP_r1,SUP_kr,SUP_sk,INC_avg,INC_sd,INC_r1,INC_kr,INC_sk,IND_avg,IND_sd,IND_r1,IND_kr,IND_sk
25,0.2475000000,0.0887059750,0.0096398910,3.2639574886,0.2797705040,0.2425000000,0.0933742470,0.3592418149,2.8477604347,0.1631773174,0.5100000000,0.1007472084,0.1821432118,2.7459535538,-0.1496209361,0.5100000000,0.1007472084,0.1821432118,2.7459535538,-0.1496209361
