Instance,INF_avg,INF_sd,INF_r1,INF_kr,INF_sk,SUP_avg,SUP_sd,SUP_r1,SUP_kr,SUP_sk,INC_avg,INC_sd,INC_r1,INC_kr,INC_sk,IND_avg,IND_sd,IND_r1,IND_kr,IND_sk
53,0.2370000000,0.0937069901,0.1886785124,3.0959294704,0.7074950606,0.2680000000,0.1052425769,-0.1810059297,3.6647768378,0.7301091642,0.4950000000,0.1114674840,-0.0416246114,2.8782149638,-0.3400762562,0.4950000000,0.1114674840,-0.0416246114,2.8782149638,-0.3400762562
