Instance,INF_avg,INF_sd,INF_r1,INF_kr,INF_sk,SUP_avg,SUP_sd,SUP_r1,SUP_kr,SUP_sk,INC_avg,INC_sd,INC_r1,INC_kr,INC_sk,IND_avg,IND_sd,IND_r1,IND_kr,IND_sk
332,0.3000000000,0.1483239697,-0.0476190476,2.4380165289,0.3677453795,0.3200000000,0.1886796226,0.1169853768,1.6269410428,0.2465388328,0.3800000000,0.2315167381,0.3098159509,2.1654043217,0.0502848785,0.3800000000,0.2315167381,0.3098159509,2.1654043217,0.0502848785
