Instance,INF_avg,INF_sd,INF_r1,INF_kr,INF_sk,SUP_avg,SUP_sd,SUP_r1,SUP_kr,SUP_sk,INC_avg,INC_sd,INC_r1,INC_kr,INC_sk,IND_avg,IND_sd,IND_r1,IND_kr,IND_sk
248,0.3640000000,0.1155162326,0.2794547225,2.3674326726,-0.0966571310,0.2160000000,0.0624819974,0.0093360996,1.3553480247,0.2644696208,0.4200000000,0.0954986911,0.4871794872,1.5581717452,-0.2865842530,0.4200000000,0.0954986911,0.4871794872,1.5581717452,-0.2865842530
