Instance,INF_avg,INF_sd,INF_r1,INF_kr,INF_sk,SUP_avg,SUP_sd,SUP_r1,SUP_kr,SUP_sk,INC_avg,INC_sd,INC_r1,INC_kr,INC_sk,IND_avg,IND_sd,IND_r1,IND_kr,IND_sk
438,0.2280000000,0.0409389790,-0.2903225806,3.0699699819,0.0650598660,0.2970000000,0.0407553677,-0.5851978217,3.0495026860,0.9701798391,0.4750000000,0.0300832179,-0.2581602374,1.6173193736,-0.1763065181,0.4750000000,0.0300832179,-0.2581602374,1.6173193736,-0.1763065181
