Instance,INF_avg,INF_sd,INF_r1,INF_kr,INF_sk,SUP_avg,SUP_sd,SUP_r1,SUP_kr,SUP_sk,INC_avg,INC_sd,INC_r1,INC_kr,INC_sk,IND_avg,IND_sd,IND_r1,IND_kr,IND_sk
462,0.3775000000,0.0769937976,0.8748984342,2.0536286803,0.0365299040,0.0965384615,0.0738862071,0.8914477692,2.5726267738,0.7284104292,0.5259615385,0.0372367486,0.4356051085,2.8315283617,0.0278293763,0.5259615385,0.0372367486,0.4356051085,2.8315283617,0.0278293763
