Instance,INF_avg,INF_sd,INF_r1,INF_kr,INF_sk,SUP_avg,SUP_sd,SUP_r1,SUP_kr,SUP_sk,INC_avg,INC_sd,INC_r1,INC_kr,INC_sk,IND_avg,IND_sd,IND_r1,IND_kr,IND_sk
6,0.3222222222,0.1157370370,-0.2054129077,2.3522372529,-0.4397560079,0.2222222222,0.0946077020,-0.0693069307,3.8440665874,-1.1440669794,0.4555555556,0.1212079124,-0.3329383886,2.5497669656,0.4317726954,0.4555555556,0.1212079124,-0.3329383886,2.5497669656,0.4317726954
