Instance,INF_avg,INF_sd,INF_r1,INF_kr,INF_sk,SUP_avg,SUP_sd,SUP_r1,SUP_kr,SUP_sk,INC_avg,INC_sd,INC_r1,INC_kr,INC_sk,IND_avg,IND_sd,IND_r1,IND_kr,IND_sk
135,0.2700000000,0.0959166305,-0.1232363316,2.7535444234,0.0169984577,0.2690000000,0.0937496667,0.3303179993,2.1320434224,-0.1035625482,0.4610000000,0.1045418576,-0.1782123306,3.1210975029,0.4949612343,0.4610000000,0.1045418576,-0.1782123306,3.1210975029,0.4949612343
