Instance,INF_avg,INF_sd,INF_r1,INF_kr,INF_sk,SUP_avg,SUP_sd,SUP_r1,SUP_kr,SUP_sk,INC_avg,INC_sd,INC_r1,INC_kr,INC_sk,IND_avg,IND_sd,IND_r1,IND_kr,IND_sk
239,0.4353679654,0.1054159710,0.8787490323,1.9275245186,0.1070932756,0.0925108225,0.0727265448,0.9062964953,2.6755084629,0.8250684514,0.4721212121,0.0534789924,0.5141273558,2.5782832418,-0.2671318337,0.4721212121,0.0534789924,0.5141273558,2.5782832418,-0.2671318337
