Instance,INF_avg,INF_sd,INF_r1,INF_kr,INF_sk,SUP_avg,SUP_sd,SUP_r1,SUP_kr,SUP_sk,INC_avg,INC_sd,INC_r1,INC_kr,INC_sk,IND_avg,IND_sd,IND_r1,IND_kr,IND_sk
319,0.2288000000,0.0712359460,0.1172080998,2.5174215239,0.2985139865,0.2612000000,0.0617621243,-0.0535525532,1.8711386861,-0.0725572280,0.5100000000,0.0596322061,0.3588134626,3.9667742601,-0.8873290009,0.5100000000,0.0596322061,0.3588134626,3.9667742601,-0.8873290009
