Instance,INF_avg,INF_sd,INF_r1,INF_kr,INF_sk,SUP_avg,SUP_sd,SUP_r1,SUP_kr,SUP_sk,INC_avg,INC_sd,INC_r1,INC_kr,INC_sk,IND_avg,IND_sd,IND_r1,IND_kr,IND_sk
275,0.2415000000,0.0232432786,-0.2462105312,1.5395414612,-0.1072692965,0.2580000000,0.0289136646,-0.4285714286,2.7313963737,-0.8336565886,0.5005000000,0.0413793427,-0.2849564285,1.5412565544,0.0147349863,0.5005000000,0.0413793427,-0.2849564285,1.5412565544,0.0147349863
