Instance,INF_avg,INF_sd,INF_r1,INF_kr,INF_sk,SUP_avg,SUP_sd,SUP_r1,SUP_kr,SUP_sk,INC_avg,INC_sd,INC_r1,INC_kr,INC_sk,IND_avg,IND_sd,IND_r1,IND_kr,IND_sk
153,0.3240000000,0.0224499443,0.1255144033,1.2422524565,0.1315095000,0.2020000000,0.0381575681,0.3306169965,1.8099565270,-0.4993752491,0.4740000000,0.0520000000,0.7387328543,2.0052956829,0.4970414201,0.4740000000,0.0520000000,0.7387328543,2.0052956829,0.4970414201
