Instance,INF_avg,INF_sd,INF_r1,INF_kr,INF_sk,SUP_avg,SUP_sd,SUP_r1,SUP_kr,SUP_sk,INC_avg,INC_sd,INC_r1,INC_kr,INC_sk,IND_avg,IND_sd,IND_r1,IND_kr,IND_sk
183,0.1840000000,0.1736202753,0.1148797893,4.0933405006,1.1638254455,0.3560000000,0.1745393938,0.2702036690,2.8810288821,0.3284515308,0.4600000000,0.1296148140,-0.1143131604,2.6564625850,-0.1102166785,0.4600000000,0.1296148140,-0.1143131604,2.6564625850,-0.1102166785
