Instance,INF_avg,INF_sd,INF_r1,INF_kr,INF_sk,SUP_avg,SUP_sd,SUP_r1,SUP_kr,SUP_sk,INC_avg,INC_sd,INC_r1,INC_kr,INC_sk,IND_avg,IND_sd,IND_r1,IND_kr,IND_sk
251,0.3000000000,0.1516575089,-1.0000000000,2.1219281664,0.3870276692,0.2800000000,0.0812403840,-0.7971530249,1.4421487603,0.3804646085,0.4200000000,0.1029563014,-0.6066481994,2.0685297259,-0.4068404933,0.4200000000,0.1029563014,-0.6066481994,2.0685297259,-0.4068404933
