Instance,INF_avg,INF_sd,INF_r1,INF_kr,INF_sk,SUP_avg,SUP_sd,SUP_r1,SUP_kr,SUP_sk,INC_avg,INC_sd,INC_r1,INC_kr,INC_sk,IND_avg,IND_sd,IND_r1,IND_kr,IND_sk
462,0.2680000000,0.0705407684,-0.3711414214,2.0702536161,-0.1274490469,0.2680000000,0.0448998886,0.6421845574,3.8405139834,-1.1941911047,0.4640000000,0.0535163526,-0.3721474547,2.1137604944,-0.3707946158,0.4640000000,0.0535163526,-0.3721474547,2.1137604944,-0.3707946158
