Instance,INF_avg,INF_sd,INF_r1,INF_kr,INF_sk,SUP_avg,SUP_sd,SUP_r1,SUP_kr,SUP_sk,INC_avg,INC_sd,INC_r1,INC_kr,INC_sk,IND_avg,IND_sd,IND_r1,IND_kr,IND_sk
380,0.2325000000,0.0289179875,0.3444816054,3.3817624860,0.3349506483,0.2660000000,0.0180000000,0.2133586578,1.7310813900,0.1589506173,0.5015000000,0.0260816027,-0.0513721297,2.6093181904,-0.3692929893,0.5015000000,0.0260816027,-0.0513721297,2.6093181904,-0.3692929893
