Instance,INF_avg,INF_sd,INF_r1,INF_kr,INF_sk,SUP_avg,SUP_sd,SUP_r1,SUP_kr,SUP_sk,INC_avg,INC_sd,INC_r1,INC_kr,INC_sk,IND_avg,IND_sd,IND_r1,IND_kr,IND_sk
169,0.2589000000,0.0409852412,-0.1227337475,3.5747739054,-0.0639880851,0.2198000000,0.0391402606,0.1465950589,2.2679570522,0.0550218766,0.5213000000,0.0487781713,-0.0313811076,2.9199540425,0.2726945787,0.5213000000,0.0487781713,-0.0313811076,2.9199540425,0.2726945787
