Instance,INF_avg,INF_sd,INF_r1,INF_kr,INF_sk,SUP_avg,SUP_sd,SUP_r1,SUP_kr,SUP_sk,INC_avg,INC_sd,INC_r1,INC_kr,INC_sk,IND_avg,IND_sd,IND_r1,IND_kr,IND_sk
475,0.2680000000,0.1362938003,0.2754086969,2.0633531194,0.0221439849,0.2840000000,0.1553833968,0.0942413235,3.0093382712,0.7471546499,0.4480000000,0.1769067551,0.2246370642,3.1024282685,0.2064100797,0.4480000000,0.1769067551,0.2246370642,3.1024282685,0.2064100797
