Instance,INF_avg,INF_sd,INF_r1,INF_kr,INF_sk,SUP_avg,SUP_sd,SUP_r1,SUP_kr,SUP_sk,INC_avg,INC_sd,INC_r1,INC_kr,INC_sk,IND_avg,IND_sd,IND_r1,IND_kr,IND_sk
469,0.3160000000,0.0611882342,-0.1478420569,1.7145518299,-0.3553557320,0.1920000000,0.0574108004,-0.5009746589,2.4234612122,-0.1034952924,0.4920000000,0.1024499878,-0.5738161560,2.4610815735,0.9995358831,0.4920000000,0.1024499878,-0.5738161560,2.4610815735,0.9995358831
