Instance,INF_avg,INF_sd,INF_r1,INF_kr,INF_sk,SUP_avg,SUP_sd,SUP_r1,SUP_kr,SUP_sk,INC_avg,INC_sd,INC_r1,INC_kr,INC_sk,IND_avg,IND_sd,IND_r1,IND_kr,IND_sk
11,0.2240000000,0.1175755077,-0.1013726581,4.9672228652,1.2986926231,0.3000000000,0.1549193338,0.4642857143,3.0833333333,0.7745966692,0.4760000000,0.1422111107,0.1981098932,2.1746389801,-0.4068207477,0.4760000000,0.1422111107,0.1981098932,2.1746389801,-0.4068207477
