Instance,INF_avg,INF_sd,INF_r1,INF_kr,INF_sk,SUP_avg,SUP_sd,SUP_r1,SUP_kr,SUP_sk,INC_avg,INC_sd,INC_r1,INC_kr,INC_sk,IND_avg,IND_sd,IND_r1,IND_kr,IND_sk
295,0.2590000000,0.0416413256,0.1791935099,3.7498493393,-1.0355363720,0.2225000000,0.0287445647,-0.0517023960,2.3096738312,0.6252579824,0.5185000000,0.0306634962,0.2089610821,2.8433787876,0.7985057291,0.5185000000,0.0306634962,0.2089610821,2.8433787876,0.7985057291
