Instance,INF_avg,INF_sd,INF_r1,INF_kr,INF_sk,SUP_avg,SUP_sd,SUP_r1,SUP_kr,SUP_sk,INC_avg,INC_sd,INC_r1,INC_kr,INC_sk,IND_avg,IND_sd,IND_r1,IND_kr,IND_sk
299,0.3218750000,0.0940446758,0.2389205135,2.2705471310,0.1255530969,0.1875000000,0.0981601582,-0.0164533821,2.5832870709,0.4501743883,0.4906250000,0.1244388446,0.1060929657,2.0043598385,-0.0451997595,0.4906250000,0.1244388446,0.1060929657,2.0043598385,-0.0451997595
