Instance,INF_avg,INF_sd,INF_r1,INF_kr,INF_sk,SUP_avg,SUP_sd,SUP_r1,SUP_kr,SUP_sk,INC_avg,INC_sd,INC_r1,INC_kr,INC_sk,IND_avg,IND_sd,IND_r1,IND_kr,IND_sk
109,0.2440000000,0.0307245830,-0.5222125436,2.5811907498,-0.5237897075,0.2790000000,0.0375366488,-0.1492611892,3.9242087140,-0.8975756026,0.4770000000,0.0500099990,-0.1521974280,1.9558585202,-0.3451049163,0.4770000000,0.0500099990,-0.1521974280,1.9558585202,-0.3451049163
