Instance,INF_avg,INF_sd,INF_r1,INF_kr,INF_sk,SUP_avg,SUP_sd,SUP_r1,SUP_kr,SUP_sk,INC_avg,INC_sd,INC_r1,INC_kr,INC_sk,IND_avg,IND_sd,IND_r1,IND_kr,IND_sk
364,0.2510000000,0.0286006993,-0.1984043437,1.8145904197,0.1461827577,0.2232000000,0.0265661439,-0.0361852715,2.7764711976,-0.5988517442,0.5258000000,0.0240698982,-0.2739355311,3.3915412075,-0.5629902692,0.5258000000,0.0240698982,-0.2739355311,3.3915412075,-0.5629902692
