Instance,INF_avg,INF_sd,INF_r1,INF_kr,INF_sk,SUP_avg,SUP_sd,SUP_r1,SUP_kr,SUP_sk,INC_avg,INC_sd,INC_r1,INC_kr,INC_sk,IND_avg,IND_sd,IND_r1,IND_kr,IND_sk
49,0.2360000000,0.1063202709,0.2495380608,2.2285007430,0.1685010221,0.2260000000,0.0861626369,0.0365635868,1.9633701973,0.2475520962,0.5380000000,0.1133843023,0.0898224469,3.4370825910,0.0099775766,0.5380000000,0.1133843023,0.0898224469,3.4370825910,0.0099775766
