Instance,INF_avg,INF_sd,INF_r1,INF_kr,INF_sk,SUP_avg,SUP_sd,SUP_r1,SUP_kr,SUP_sk,INC_avg,INC_sd,INC_r1,INC_kr,INC_sk,IND_avg,IND_sd,IND_r1,IND_kr,IND_sk
420,0.2792000000,0.0464258549,-0.0571757597,2.7542771449,-0.3376486911,0.2248000000,0.0447320914,-0.1873511312,2.7933490501,0.4075159800,0.4960000000,0.0478330430,0.1383839445,3.3779035650,0.2324518874,0.4960000000,0.0478330430,0.1383839445,3.3779035650,0.2324518874
