Instance,INF_avg,INF_sd,INF_r1,INF_kr,INF_sk,SUP_avg,SUP_sd,SUP_r1,SUP_kr,SUP_sk,INC_avg,INC_sd,INC_r1,INC_kr,INC_sk,IND_avg,IND_sd,IND_r1,IND_kr,IND_sk
369,0.2552000000,0.0415807648,0.0926790985,2.9673582437,0.4012661357,0.2420000000,0.0341760150,-0.1527541170,3.1241790205,0.3102392052,0.5028000000,0.0368260777,0.0420699890,2.7662882244,-0.4103494859,0.5028000000,0.0368260777,0.0420699890,2.7662882244,-0.4103494859
