Instance,INF_avg,INF_sd,INF_r1,INF_kr,INF_sk,SUP_avg,SUP_sd,SUP_r1,SUP_kr,SUP_sk,INC_avg,INC_sd,INC_r1,INC_kr,INC_sk,IND_avg,IND_sd,IND_r1,IND_kr,IND_sk
398,0.2520000000,0.0644980620,0.0751000308,3.3742307692,0.5159367902,0.2332000000,0.0508503687,-0.1844438579,3.3127943346,0.4631941236,0.5148000000,0.0566829780,-0.0758247242,2.5360732512,-0.1255062502,0.5148000000,0.0566829780,-0.0758247242,2.5360732512,-0.1255062502
