Instance,INF_avg,INF_sd,INF_r1,INF_kr,INF_sk,SUP_avg,SUP_sd,SUP_r1,SUP_kr,SUP_sk,INC_avg,INC_sd,INC_r1,INC_kr,INC_sk,IND_avg,IND_sd,IND_r1,IND_kr,IND_sk
169,0.2360000000,0.0985088828,-0.0331366243,1.9063576166,0.0787839950,0.3120000000,0.0919565115,-0.3254061423,3.4497148800,0.7637191618,0.4520000000,0.1322724461,-0.1087208340,3.3865273850,-0.3413580432,0.4520000000,0.1322724461,-0.1087208340,3.3865273850,-0.3413580432
