Instance,INF_avg,INF_sd,INF_r1,INF_kr,INF_sk,SUP_avg,SUP_sd,SUP_r1,SUP_kr,SUP_sk,INC_avg,INC_sd,INC_r1,INC_kr,INC_sk,IND_avg,IND_sd,IND_r1,IND_kr,IND_sk
360,0.2950000000,0.0850000000,-0.0466358135,3.9264017433,-0.5764298799,0.2200000000,0.1029563014,-0.3604417671,2.5491278035,-0.6817327185,0.4850000000,0.1073545528,-0.5500986626,2.7166115349,0.3309729531,0.4850000000,0.1073545528,-0.5500986626,2.7166115349,0.3309729531
