Instance,INF_avg,INF_sd,INF_r1,INF_kr,INF_sk,SUP_avg,SUP_sd,SUP_r1,SUP_kr,SUP_sk,INC_avg,INC_sd,INC_r1,INC_kr,INC_sk,IND_avg,IND_sd,IND_r1,IND_kr,IND_sk
34,0.3054000000,0.0397346197,0.2365973757,4.4445628795,-0.1206618224,0.2432000000,0.0438378832,0.4541659090,4.7363153544,1.1851419172,0.4514000000,0.0404479913,0.1720950445,2.7764278265,-0.0543881749,0.4514000000,0.0404479913,0.1720950445,2.7764278265,-0.0543881749
