Instance,INF_avg,INF_sd,INF_r1,INF_kr,INF_sk,SUP_avg,SUP_sd,SUP_r1,SUP_kr,SUP_sk,INC_avg,INC_sd,INC_r1,INC_kr,INC_sk,IND_avg,IND_sd,IND_r1,IND_kr,IND_sk
389,0.2530000000,0.0794166229,0.1435346587,2.6015670272,0.0851100971,0.2534000000,0.0689959419,0.1828692957,3.0054789160,0.1000581634,0.4936000000,0.0707604409,0.0069488652,2.6984787468,0.1239550314,0.4936000000,0.0707604409,0.0069488652,2.6984787468,0.1239550314
