Instance,INF_avg,INF_sd,INF_r1,INF_kr,INF_sk,SUP_avg,SUP_sd,SUP_r1,SUP_kr,SUP_sk,INC_avg,INC_sd,INC_r1,INC_kr,INC_sk,IND_avg,IND_sd,IND_r1,IND_kr,IND_sk
442,0.2626000000,0.0647243385,0.0255821707,3.0447073120,0.1399481522,0.2640000000,0.0592621296,-0.0813704497,2.8716642193,0.2776744776,0.4734000000,0.0672936847,0.0924933268,3.7918436654,-0.2710856314,0.4734000000,0.0672936847,0.0924933268,3.7918436654,-0.2710856314
