Instance,INF_avg,INF_sd,INF_r1,INF_kr,INF_sk,SUP_avg,SUP_sd,SUP_r1,SUP_kr,SUP_sk,INC_avg,INC_sd,INC_r1,INC_kr,INC_sk,IND_avg,IND_sd,IND_r1,IND_kr,IND_sk
372,0.2200000000,0.0593295879,0.7500000000,1.2913223140,0.2758090346,0.1880000000,0.0601331855,0.2190669371,2.5789411857,1.0701908065,0.5920000000,0.0483321839,-0.0360360360,1.3230437230,0.3877276903,0.5920000000,0.0483321839,-0.0360360360,1.3230437230,0.3877276903
