Instance,INF_avg,INF_sd,INF_r1,INF_kr,INF_sk,SUP_avg,SUP_sd,SUP_r1,SUP_kr,SUP_sk,INC_avg,INC_sd,INC_r1,INC_kr,INC_sk,IND_avg,IND_sd,IND_r1,IND_kr,IND_sk
150,0.2800000000,0.0927361850,-0.2232779097,2.4826933478,0.9704949588,0.2800000000,0.1029563014,-0.3531669866,1.3209327163,0.1319482681,0.4400000000,0.0734846923,-0.5598290598,1.5781893004,0.3477670622,0.4400000000,0.0734846923,-0.5598290598,1.5781893004,0.3477670622
