Instance,INF_avg,INF_sd,INF_r1,INF_kr,INF_sk,SUP_avg,SUP_sd,SUP_r1,SUP_kr,SUP_sk,INC_avg,INC_sd,INC_r1,INC_kr,INC_sk,IND_avg,IND_sd,IND_r1,IND_kr,IND_sk
347,0.2088000000,0.0384000000,0.1994352089,2.3024291992,-0.1965603299,0.2512000000,0.0657461786,-0.1649590285,2.6563120691,0.1348281540,0.5400000000,0.0754718491,0.0426136364,2.5557063502,0.1697187617,0.5400000000,0.0754718491,0.0426136364,2.5557063502,0.1697187617
