Instance,INF_avg,INF_sd,INF_r1,INF_kr,INF_sk,SUP_avg,SUP_sd,SUP_r1,SUP_kr,SUP_sk,INC_avg,INC_sd,INC_r1,INC_kr,INC_sk,IND_avg,IND_sd,IND_r1,IND_kr,IND_sk
321,0.2600000000,0.1077032961,-0.0373443983,2.4601664685,-0.1152591754,0.2460000000,0.1314686274,0.2274325310,2.9001798561,0.3245481586,0.4940000000,0.1287012043,0.1220019430,2.6352443780,0.1681052939,0.4940000000,0.1287012043,0.1220019430,2.6352443780,0.1681052939
