Instance,INF_avg,INF_sd,INF_r1,INF_kr,INF_sk,SUP_avg,SUP_sd,SUP_r1,SUP_kr,SUP_sk,INC_avg,INC_sd,INC_r1,INC_kr,INC_sk,IND_avg,IND_sd,IND_r1,IND_kr,IND_sk
296,0.3340000000,0.0086023253,-0.0704607046,1.9945215486,-0.3958703373,0.2630000000,0.0258069758,-0.3354281225,2.5247815383,0.8845991489,0.4030000000,0.0273130006,-0.5944685105,1.7994127752,-0.2756251594,0.4030000000,0.0273130006,-0.5944685105,1.7994127752,-0.2756251594
