Instance,INF_avg,INF_sd,INF_r1,INF_kr,INF_sk,SUP_avg,SUP_sd,SUP_r1,SUP_kr,SUP_sk,INC_avg,INC_sd,INC_r1,INC_kr,INC_sk,IND_avg,IND_sd,IND_r1,IND_kr,IND_sk
116,0.2635000000,0.0296690074,0.4418013652,1.8106137388,0.3542636342,0.2780000000,0.0257099203,-0.1406297305,3.8026027589,1.1488586798,0.4585000000,0.0365410728,-0.0345750272,1.9145032260,-0.4954862248,0.4585000000,0.0365410728,-0.0345750272,1.9145032260,-0.4954862248
