Instance,INF_avg,INF_sd,INF_r1,INF_kr,INF_sk,SUP_avg,SUP_sd,SUP_r1,SUP_kr,SUP_sk,INC_avg,INC_sd,INC_r1,INC_kr,INC_sk,IND_avg,IND_sd,IND_r1,IND_kr,IND_sk
296,0.2875000000,0.1308386411,0.3905979005,3.9169622831,0.7724622265,0.2905000000,0.1197278163,0.4530079938,2.4162423692,0.1067127724,0.4220000000,0.1294835897,0.1680170108,3.0342227199,0.1532970879,0.4220000000,0.1294835897,0.1680170108,3.0342227199,0.1532970879
