Instance,INF_avg,INF_sd,INF_r1,INF_kr,INF_sk,SUP_avg,SUP_sd,SUP_r1,SUP_kr,SUP_sk,INC_avg,INC_sd,INC_r1,INC_kr,INC_sk,IND_avg,IND_sd,IND_r1,IND_kr,IND_sk
3,0.2628000000,0.0425694726,0.0287735714,3.2045287388,0.7486892130,0.2416000000,0.0456666180,-0.1366330007,3.1292877172,0.5278080149,0.4956000000,0.0566801553,-0.0233847872,2.6124955909,-0.4471780767,0.4956000000,0.0566801553,-0.0233847872,2.6124955909,-0.4471780767
