Instance,INF_avg,INF_sd,INF_r1,INF_kr,INF_sk,SUP_avg,SUP_sd,SUP_r1,SUP_kr,SUP_sk,INC_avg,INC_sd,INC_r1,INC_kr,INC_sk,IND_avg,IND_sd,IND_r1,IND_kr,IND_sk
265,0.2320000000,0.0300000000,-0.0501611321,2.9201333333,0.4026666667,0.3074000000,0.0353587330,-0.1939654507,2.2264191024,-0.2826606555,0.4606000000,0.0350519614,-0.1799295119,2.9156854886,-0.1791836868,0.4606000000,0.0350519614,-0.1799295119,2.9156854886,-0.1791836868
