Instance,INF_avg,INF_sd,INF_r1,INF_kr,INF_sk,SUP_avg,SUP_sd,SUP_r1,SUP_kr,SUP_sk,INC_avg,INC_sd,INC_r1,INC_kr,INC_sk,IND_avg,IND_sd,IND_r1,IND_kr,IND_sk
442,0.2588000000,0.0377962961,-0.0043125096,2.0627090630,0.2486290178,0.2836000000,0.0261350340,-0.3368247937,2.9757496436,-0.4158520097,0.4576000000,0.0370167530,-0.0186466356,2.6240445971,-0.6894554899,0.4576000000,0.0370167530,-0.0186466356,2.6240445971,-0.6894554899
