Instance,INF_avg,INF_sd,INF_r1,INF_kr,INF_sk,SUP_avg,SUP_sd,SUP_r1,SUP_kr,SUP_sk,INC_avg,INC_sd,INC_r1,INC_kr,INC_sk,IND_avg,IND_sd,IND_r1,IND_kr,IND_sk
302,0.2396000000,0.0651140538,0.0444189025,3.0981604790,0.3290717170,0.2642000000,0.0588078226,0.0331299073,2.3570220659,0.0060506655,0.4962000000,0.0690330356,-0.0527273522,3.6821637985,0.1242085316,0.4962000000,0.0690330356,-0.0527273522,3.6821637985,0.1242085316
