Instance,INF_avg,INF_sd,INF_r1,INF_kr,INF_sk,SUP_avg,SUP_sd,SUP_r1,SUP_kr,SUP_sk,INC_avg,INC_sd,INC_r1,INC_kr,INC_sk,IND_avg,IND_sd,IND_r1,IND_kr,IND_sk
384,0.3450000000,0.1011187421,-0.5566625156,2.4094607278,0.4990622573,0.1750000000,0.0602079729,-0.4035087719,2.5980975030,0.6872729367,0.4800000000,0.1208304597,-0.5228873239,1.5200788140,-0.3775243300,0.4800000000,0.1208304597,-0.5228873239,1.5200788140,-0.3775243300
