Instance,INF_avg,INF_sd,INF_r1,INF_kr,INF_sk,SUP_avg,SUP_sd,SUP_r1,SUP_kr,SUP_sk,INC_avg,INC_sd,INC_r1,INC_kr,INC_sk,IND_avg,IND_sd,IND_r1,IND_kr,IND_sk
415,0.2195000000,0.0424116729,0.1814523823,3.6776920309,0.1204416212,0.2168000000,0.0412038833,-0.0468449609,2.9483490588,0.1388229646,0.5637000000,0.0556534815,0.0651095543,2.3828165102,0.1024458006,0.5637000000,0.0556534815,0.0651095543,2.3828165102,0.1024458006
