Instance,INF_avg,INF_sd,INF_r1,INF_kr,INF_sk,SUP_avg,SUP_sd,SUP_r1,SUP_kr,SUP_sk,INC_avg,INC_sd,INC_r1,INC_kr,INC_sk,IND_avg,IND_sd,IND_r1,IND_kr,IND_sk
270,0.2237000000,0.0366034151,0.0564415409,2.4207124533,-0.1274436650,0.2493000000,0.0310324024,0.2988344090,3.2658063510,-0.4222868092,0.5270000000,0.0418927201,-0.0139114890,2.6583982273,0.1497108532,0.5270000000,0.0418927201,-0.0139114890,2.6583982273,0.1497108532
