Instance,INF_avg,INF_sd,INF_r1,INF_kr,INF_sk,SUP_avg,SUP_sd,SUP_r1,SUP_kr,SUP_sk,INC_avg,INC_sd,INC_r1,INC_kr,INC_sk,IND_avg,IND_sd,IND_r1,IND_kr,IND_sk
254,0.2280000000,0.1077775487,-0.2585859700,2.7202376887,0.0976912701,0.2840000000,0.1677617358,-0.3189159199,2.8001875193,0.5072572177,0.4880000000,0.1544538766,0.0024245611,2.4991248632,-0.2549646701,0.4880000000,0.1544538766,0.0024245611,2.4991248632,-0.2549646701
