Instance,INF_avg,INF_sd,INF_r1,INF_kr,INF_sk,SUP_avg,SUP_sd,SUP_r1,SUP_kr,SUP_sk,INC_avg,INC_sd,INC_r1,INC_kr,INC_sk,IND_avg,IND_sd,IND_r1,IND_kr,IND_sk
269,0.2160000000,0.0475815090,-0.5766939687,2.3482688010,-0.9317097418,0.2660000000,0.0508330601,-0.5351594440,1.2398326448,-0.3146339806,0.5180000000,0.0466476152,-0.4935064935,2.6660899654,-1.1500493357,0.5180000000,0.0466476152,-0.4935064935,2.6660899654,-1.1500493357
