Instance,INF_avg,INF_sd,INF_r1,INF_kr,INF_sk,SUP_avg,SUP_sd,SUP_r1,SUP_kr,SUP_sk,INC_avg,INC_sd,INC_r1,INC_kr,INC_sk,IND_avg,IND_sd,IND_r1,IND_kr,IND_sk
177,0.2450000000,0.0906917857,-0.1185593711,2.9713047736,0.2594042633,0.2065000000,0.0915573591,-0.1129664715,2.5722086591,0.1596239201,0.5485000000,0.1003630908,-0.0938896813,2.9215961222,-0.1443412647,0.5485000000,0.1003630908,-0.0938896813,2.9215961222,-0.1443412647
