Instance,INF_avg,INF_sd,INF_r1,INF_kr,INF_sk,SUP_avg,SUP_sd,SUP_r1,SUP_kr,SUP_sk,INC_avg,INC_sd,INC_r1,INC_kr,INC_sk,IND_avg,IND_sd,IND_r1,IND_kr,IND_sk
22,0.2750000000,0.0642261629,0.1219512195,2.1900826446,0.4246357877,0.1900000000,0.0489897949,-0.6071428571,1.9479166667,-0.2296396634,0.5350000000,0.0593717104,0.2863514719,1.4514863437,-0.1218432567,0.5350000000,0.0593717104,0.2863514719,1.4514863437,-0.1218432567
