Instance,INF_avg,INF_sd,INF_r1,INF_kr,INF_sk,SUP_avg,SUP_sd,SUP_r1,SUP_kr,SUP_sk,INC_avg,INC_sd,INC_r1,INC_kr,INC_sk,IND_avg,IND_sd,IND_r1,IND_kr,IND_sk
44,0.3331343284,0.0926268224,0.4746921879,3.4313928122,0.4158397711,0.1737313433,0.0823685895,0.5103427583,2.8220892996,0.4922026928,0.4931343284,0.0610898276,-0.0999769761,2.8793526014,-0.2170998444,0.4931343284,0.0610898276,-0.0999769761,2.8793526014,-0.2170998444
