Instance,INF_avg,INF_sd,INF_r1,INF_kr,INF_sk,SUP_avg,SUP_sd,SUP_r1,SUP_kr,SUP_sk,INC_avg,INC_sd,INC_r1,INC_kr,INC_sk,IND_avg,IND_sd,IND_r1,IND_kr,IND_sk
328,0.4655405405,0.1532542658,0.8838918868,1.7255278228,-0.0748326190,0.1229729730,0.1032280306,0.8802096944,2.9686509720,0.9869168763,0.4114864865,0.0781661853,0.5475340094,2.5424853842,-0.0010618420,0.4114864865,0.0781661853,0.5475340094,2.5424853842,-0.0010618420
