Instance,INF_avg,INF_sd,INF_r1,INF_kr,INF_sk,SUP_avg,SUP_sd,SUP_r1,SUP_kr,SUP_sk,INC_avg,INC_sd,INC_r1,INC_kr,INC_sk,IND_avg,IND_sd,IND_r1,IND_kr,IND_sk
143,0.2500000000,0.1122497216,-0.0318725100,2.8722600151,0.3924073790,0.2850000000,0.1001249220,0.0258952587,2.2851661370,0.2510579445,0.4650000000,0.1184271928,0.0599905527,2.2677133080,-0.1697832347,0.4650000000,0.1184271928,0.0599905527,2.2677133080,-0.1697832347
