Instance,INF_avg,INF_sd,INF_r1,INF_kr,INF_sk,SUP_avg,SUP_sd,SUP_r1,SUP_kr,SUP_sk,INC_avg,INC_sd,INC_r1,INC_kr,INC_sk,IND_avg,IND_sd,IND_r1,IND_kr,IND_sk
16,0.3500000000,0.1615549442,-0.0633397313,4.3984233937,0.6118696967,0.2280000000,0.1233531516,-0.0620829035,2.9873883377,0.0958495482,0.4220000000,0.1712191578,-0.0237607863,2.7318598247,0.1104692354,0.4220000000,0.1712191578,-0.0237607863,2.7318598247,0.1104692354
