Instance,INF_avg,INF_sd,INF_r1,INF_kr,INF_sk,SUP_avg,SUP_sd,SUP_r1,SUP_kr,SUP_sk,INC_avg,INC_sd,INC_r1,INC_kr,INC_sk,IND_avg,IND_sd,IND_r1,IND_kr,IND_sk
315,0.2000000000,0.1341640786,-0.1176470588,3.1481481481,0.7453559925,0.2100000000,0.1135781669,-0.2838633687,2.2460789616,-0.1965657837,0.5900000000,0.1445683229,-0.0363153233,2.9179048099,0.9690621771,0.5900000000,0.1445683229,-0.0363153233,2.9179048099,0.9690621771
