Instance,INF_avg,INF_sd,INF_r1,INF_kr,INF_sk,SUP_avg,SUP_sd,SUP_r1,SUP_kr,SUP_sk,INC_avg,INC_sd,INC_r1,INC_kr,INC_sk,IND_avg,IND_sd,IND_r1,IND_kr,IND_sk
206,0.2640000000,0.0399249296,0.6516325584,1.7215955693,0.5685544939,0.3625000000,0.0443987612,0.1517587940,2.7634665083,-0.7905240350,0.3735000000,0.0294151322,-0.6284251034,1.8338939340,0.5317773120,0.3735000000,0.0294151322,-0.6284251034,1.8338939340,0.5317773120
