Instance,INF_avg,INF_sd,INF_r1,INF_kr,INF_sk,SUP_avg,SUP_sd,SUP_r1,SUP_kr,SUP_sk,INC_avg,INC_sd,INC_r1,INC_kr,INC_sk,IND_avg,IND_sd,IND_r1,IND_kr,IND_sk
432,0.2000000000,0.1264911064,0.0000000000,2.5000000000,0.0000000000,0.3800000000,0.1166190379,-0.1363636364,2.6660899654,1.1500493357,0.4200000000,0.1469693846,-0.5598290598,1.5781893004,-0.3477670622,0.4200000000,0.1469693846,-0.5598290598,1.5781893004,-0.3477670622
