Instance,INF_avg,INF_sd,INF_r1,INF_kr,INF_sk,SUP_avg,SUP_sd,SUP_r1,SUP_kr,SUP_sk,INC_avg,INC_sd,INC_r1,INC_kr,INC_sk,IND_avg,IND_sd,IND_r1,IND_kr,IND_sk
348,0.2380000000,0.0227156334,-0.8678739101,1.7627095727,-0.0081902410,0.2760000000,0.0481040539,-0.5114269253,2.7526935739,-1.1253694250,0.4860000000,0.0329241553,-0.4513747924,2.5545437834,0.7417248524,0.4860000000,0.0329241553,-0.4513747924,2.5545437834,0.7417248524
