Instance,INF_avg,INF_sd,INF_r1,INF_kr,INF_sk,SUP_avg,SUP_sd,SUP_r1,SUP_kr,SUP_sk,INC_avg,INC_sd,INC_r1,INC_kr,INC_sk,IND_avg,IND_sd,IND_r1,IND_kr,IND_sk
498,0.2090000000,0.0296479342,0.1231205324,2.4069742610,-0.2422053197,0.3040000000,0.0251793566,-0.4826649625,2.3870324115,0.0142823924,0.4870000000,0.0338526218,-0.4246710232,3.0031249143,-0.2902170296,0.4870000000,0.0338526218,-0.4246710232,3.0031249143,-0.2902170296
