Instance,INF_avg,INF_sd,INF_r1,INF_kr,INF_sk,SUP_avg,SUP_sd,SUP_r1,SUP_kr,SUP_sk,INC_avg,INC_sd,INC_r1,INC_kr,INC_sk,IND_avg,IND_sd,IND_r1,IND_kr,IND_sk
50,0.2480000000,0.1236769987,0.0381779107,2.2082421526,-0.0809911019,0.2200000000,0.1264911064,-0.1262241567,4.2175000000,0.9249662156,0.5320000000,0.1489160838,0.3071981078,2.6045145331,-0.1943044983,0.5320000000,0.1489160838,0.3071981078,2.6045145331,-0.1943044983
