Instance,INF_avg,INF_sd,INF_r1,INF_kr,INF_sk,SUP_avg,SUP_sd,SUP_r1,SUP_kr,SUP_sk,INC_avg,INC_sd,INC_r1,INC_kr,INC_sk,IND_avg,IND_sd,IND_r1,IND_kr,IND_sk
464,0.2412000000,0.0763581037,-0.0675665366,3.8275963149,0.6805954768,0.2808000000,0.0785834588,0.3225453874,2.6092459163,0.1600281080,0.4780000000,0.0787146746,-0.1155852476,2.5293216932,0.0785374896,0.4780000000,0.0787146746,-0.1155852476,2.5293216932,0.0785374896
