Instance,INF_avg,INF_sd,INF_r1,INF_kr,INF_sk,SUP_avg,SUP_sd,SUP_r1,SUP_kr,SUP_sk,INC_avg,INC_sd,INC_r1,INC_kr,INC_sk,IND_avg,IND_sd,IND_r1,IND_kr,IND_sk
177,0.2970000000,0.0183303028,-0.2185478073,1.3765943878,-0.4666355778,0.2150000000,0.0221359436,-0.3287671233,2.5000000000,0.8297521557,0.4880000000,0.0213541565,-0.5794573643,3.0754270545,1.3857772962,0.4880000000,0.0213541565,-0.5794573643,3.0754270545,1.3857772962
