Instance,INF_avg,INF_sd,INF_r1,INF_kr,INF_sk,SUP_avg,SUP_sd,SUP_r1,SUP_kr,SUP_sk,INC_avg,INC_sd,INC_r1,INC_kr,INC_sk,IND_avg,IND_sd,IND_r1,IND_kr,IND_sk
448,0.2482000000,0.0489771375,0.0659175514,2.2570426797,0.1593329519,0.2674000000,0.0410273080,0.1089563969,2.5678697186,0.1805251023,0.4844000000,0.0520638070,0.0766520045,2.5856671546,0.0593395539,0.4844000000,0.0520638070,0.0766520045,2.5856671546,0.0593395539
