Instance,INF_avg,INF_sd,INF_r1,INF_kr,INF_sk,SUP_avg,SUP_sd,SUP_r1,SUP_kr,SUP_sk,INC_avg,INC_sd,INC_r1,INC_kr,INC_sk,IND_avg,IND_sd,IND_r1,IND_kr,IND_sk
90,0.2420000000,0.0365513338,-0.6513437058,1.5551113342,-0.2093684094,0.2780000000,0.0312409987,0.1527655838,1.3553480247,0.2644696208,0.4800000000,0.0521536192,-0.3783783784,1.3375865052,0.1776426261,0.4800000000,0.0521536192,-0.3783783784,1.3375865052,0.1776426261
