Instance,INF_avg,INF_sd,INF_r1,INF_kr,INF_sk,SUP_avg,SUP_sd,SUP_r1,SUP_kr,SUP_sk,INC_avg,INC_sd,INC_r1,INC_kr,INC_sk,IND_avg,IND_sd,IND_r1,IND_kr,IND_sk
360,0.2080000000,0.0483321839,-0.4183381089,2.2730343404,0.2499823266,0.2540000000,0.0537028863,-0.9024841845,2.0186499333,-0.0198348229,0.5380000000,0.0509509568,-0.3220285759,2.5785717508,0.4383804110,0.5380000000,0.0509509568,-0.3220285759,2.5785717508,0.4383804110
