Instance,INF_avg,INF_sd,INF_r1,INF_kr,INF_sk,SUP_avg,SUP_sd,SUP_r1,SUP_kr,SUP_sk,INC_avg,INC_sd,INC_r1,INC_kr,INC_sk,IND_avg,IND_sd,IND_r1,IND_kr,IND_sk
274,0.1900000000,0.1356465997,0.6686746988,1.2296786389,0.2115471545,0.3100000000,0.1019803903,0.2148760331,1.9556213018,-0.2715454179,0.5000000000,0.0632455532,0.0000000000,2.5000000000,0.0000000000,0.5000000000,0.0632455532,0.0000000000,2.5000000000,0.0000000000
