Instance,INF_avg,INF_sd,INF_r1,INF_kr,INF_sk,SUP_avg,SUP_sd,SUP_r1,SUP_kr,SUP_sk,INC_avg,INC_sd,INC_r1,INC_kr,INC_sk,IND_avg,IND_sd,IND_r1,IND_kr,IND_sk
133,0.2485000000,0.0944603091,0.1105549089,3.6100456496,0.3902324482,0.2305000000,0.0908006057,0.0753006104,2.9531666332,0.0280282620,0.5210000000,0.0933220231,0.0797750497,2.8047694928,-0.1881631492,0.5210000000,0.0933220231,0.0797750497,2.8047694928,-0.1881631492
