Instance,INF_avg,INF_sd,INF_r1,INF_kr,INF_sk,SUP_avg,SUP_sd,SUP_r1,SUP_kr,SUP_sk,INC_avg,INC_sd,INC_r1,INC_kr,INC_sk,IND_avg,IND_sd,IND_r1,IND_kr,IND_sk
132,0.2775000000,0.0312449996,-0.6016205267,3.1043706073,-0.4622506626,0.2550000000,0.0378153408,-0.5858208955,2.1938725610,0.2052668996,0.4675000000,0.0330340733,-0.7501915709,2.7349503824,0.5835898689,0.4675000000,0.0330340733,-0.7501915709,2.7349503824,0.5835898689
