Instance,INF_avg,INF_sd,INF_r1,INF_kr,INF_sk,SUP_avg,SUP_sd,SUP_r1,SUP_kr,SUP_sk,INC_avg,INC_sd,INC_r1,INC_kr,INC_sk,IND_avg,IND_sd,IND_r1,IND_kr,IND_sk
220,0.2380000000,0.0352987252,-0.3623211702,2.4024241940,-0.2402334857,0.2950000000,0.0187082869,-0.2898550725,1.9938775510,0.3436215967,0.4670000000,0.0331058907,-0.1558345643,2.6655921999,-1.0688992367,0.4670000000,0.0331058907,-0.1558345643,2.6655921999,-1.0688992367
