Instance,INF_avg,INF_sd,INF_r1,INF_kr,INF_sk,SUP_avg,SUP_sd,SUP_r1,SUP_kr,SUP_sk,INC_avg,INC_sd,INC_r1,INC_kr,INC_sk,IND_avg,IND_sd,IND_r1,IND_kr,IND_sk
449,0.1600000000,0.1356465997,0.0331491713,1.2296786389,-0.2115471545,0.3400000000,0.0800000000,-0.5131578947,2.0781250000,-0.8437500000,0.5000000000,0.1788854382,0.0666666667,1.9531250000,0.6288941187,0.5000000000,0.1788854382,0.0666666667,1.9531250000,0.6288941187
