Instance,INF_avg,INF_sd,INF_r1,INF_kr,INF_sk,SUP_avg,SUP_sd,SUP_r1,SUP_kr,SUP_sk,INC_avg,INC_sd,INC_r1,INC_kr,INC_sk,IND_avg,IND_sd,IND_r1,IND_kr,IND_sk
152,0.2784000000,0.0388515122,-0.0385116967,2.2363414142,-0.1041980293,0.2668000000,0.0435173529,0.0470067127,2.5529482801,-0.5458847187,0.4548000000,0.0416768521,-0.2604659801,2.1113790010,0.1568866306,0.4548000000,0.0416768521,-0.2604659801,2.1113790010,0.1568866306
