Instance,INF_avg,INF_sd,INF_r1,INF_kr,INF_sk,SUP_avg,SUP_sd,SUP_r1,SUP_kr,SUP_sk,INC_avg,INC_sd,INC_r1,INC_kr,INC_sk,IND_avg,IND_sd,IND_r1,IND_kr,IND_sk
301,0.3040000000,0.1611955334,0.1259537638,4.6164718265,1.0237849221,0.2720000000,0.1114271062,-0.3197211155,2.0774192263,0.0469078333,0.4240000000,0.1817250671,-0.1802575107,2.7833203759,0.2813475752,0.4240000000,0.1817250671,-0.1802575107,2.7833203759,0.2813475752
