Instance,INF_avg,INF_sd,INF_r1,INF_kr,INF_sk,SUP_avg,SUP_sd,SUP_r1,SUP_kr,SUP_sk,INC_avg,INC_sd,INC_r1,INC_kr,INC_sk,IND_avg,IND_sd,IND_r1,IND_kr,IND_sk
54,0.2733333333,0.1768866555,-0.2115455325,1.9066212552,0.4075114267,0.2200000000,0.1222020185,-0.1503416856,1.9266581633,0.0526060985,0.5066666667,0.1569146973,0.1898435560,1.7783432600,0.4073741049,0.5066666667,0.1569146973,0.1898435560,1.7783432600,0.4073741049
