Instance,INF_avg,INF_sd,INF_r1,INF_kr,INF_sk,SUP_avg,SUP_sd,SUP_r1,SUP_kr,SUP_sk,INC_avg,INC_sd,INC_r1,INC_kr,INC_sk,IND_avg,IND_sd,IND_r1,IND_kr,IND_sk
408,0.3177777778,0.1044326234,0.0231427176,3.5558580318,0.6501513782,0.2177777778,0.0907717256,0.0914575013,3.9078340317,0.2888728788,0.4644444444,0.1302229807,0.2039879548,2.2382757525,-0.0158870111,0.4644444444,0.1302229807,0.2039879548,2.2382757525,-0.0158870111
