Instance,INF_avg,INF_sd,INF_r1,INF_kr,INF_sk,SUP_avg,SUP_sd,SUP_r1,SUP_kr,SUP_sk,INC_avg,INC_sd,INC_r1,INC_kr,INC_sk,IND_avg,IND_sd,IND_r1,IND_kr,IND_sk
57,0.2390000000,0.0257681975,-0.8733681462,1.5489185658,-0.0252482701,0.2350000000,0.0216794834,-0.3000000000,2.1106835672,-0.3091460963,0.5260000000,0.0367967390,-0.5421740422,2.7885001822,1.0238689070,0.5260000000,0.0367967390,-0.5421740422,2.7885001822,1.0238689070
