Instance,INF_avg,INF_sd,INF_r1,INF_kr,INF_sk,SUP_avg,SUP_sd,SUP_r1,SUP_kr,SUP_sk,INC_avg,INC_sd,INC_r1,INC_kr,INC_sk,IND_avg,IND_sd,IND_r1,IND_kr,IND_sk
7,0.2241000000,0.0420498514,-0.0269908015,2.8324679522,0.0316378576,0.2633000000,0.0456082229,-0.0003408235,2.9320285762,0.1541156889,0.5126000000,0.0504107131,-0.0848941530,2.6509979764,-0.2343318303,0.5126000000,0.0504107131,-0.0848941530,2.6509979764,-0.2343318303
