Instance,INF_avg,INF_sd,INF_r1,INF_kr,INF_sk,SUP_avg,SUP_sd,SUP_r1,SUP_kr,SUP_sk,INC_avg,INC_sd,INC_r1,INC_kr,INC_sk,IND_avg,IND_sd,IND_r1,IND_kr,IND_sk
387,0.2520000000,0.0661513416,-0.3775123246,1.9759114866,0.4074088172,0.2600000000,0.0438178046,-0.8500000000,1.5625000000,-0.1141088661,0.4880000000,0.0661513416,-0.4786529260,2.9715366182,-1.2530681448,0.4880000000,0.0661513416,-0.4786529260,2.9715366182,-1.2530681448
