Instance,INF_avg,INF_sd,INF_r1,INF_kr,INF_sk,SUP_avg,SUP_sd,SUP_r1,SUP_kr,SUP_sk,INC_avg,INC_sd,INC_r1,INC_kr,INC_sk,IND_avg,IND_sd,IND_r1,IND_kr,IND_sk
328,0.4591538462,0.1168252121,0.9133131986,1.9727692829,-0.3538740679,0.1083846154,0.0869089165,0.9261064656,3.0037822147,1.0029177050,0.4324615385,0.0482391724,0.4132026871,2.4132753347,0.0535275170,0.4324615385,0.0482391724,0.4132026871,2.4132753347,0.0535275170
