Instance,INF_avg,INF_sd,INF_r1,INF_kr,INF_sk,SUP_avg,SUP_sd,SUP_r1,SUP_kr,SUP_sk,INC_avg,INC_sd,INC_r1,INC_kr,INC_sk,IND_avg,IND_sd,IND_r1,IND_kr,IND_sk
239,0.2544000000,0.0601385068,-0.1729132698,2.4432918900,-0.1891722248,0.2708000000,0.0677890847,-0.0046300956,2.9002873552,0.3053803131,0.4748000000,0.0595731483,-0.0261055332,3.2294566610,0.2708525549,0.4748000000,0.0595731483,-0.0261055332,3.2294566610,0.2708525549
