Instance,INF_avg,INF_sd,INF_r1,INF_kr,INF_sk,SUP_avg,SUP_sd,SUP_r1,SUP_kr,SUP_sk,INC_avg,INC_sd,INC_r1,INC_kr,INC_sk,IND_avg,IND_sd,IND_r1,IND_kr,IND_sk
450,0.2240000000,0.0776144316,-0.1031945095,2.9506330587,0.5185506239,0.2600000000,0.0824621125,-0.2500000000,4.2032871972,0.7490070773,0.5160000000,0.1046135746,-0.1642996838,2.4193357572,0.3324264170,0.5160000000,0.1046135746,-0.1642996838,2.4193357572,0.3324264170
