Instance,INF_avg,INF_sd,INF_r1,INF_kr,INF_sk,SUP_avg,SUP_sd,SUP_r1,SUP_kr,SUP_sk,INC_avg,INC_sd,INC_r1,INC_kr,INC_sk,IND_avg,IND_sd,IND_r1,IND_kr,IND_sk
360,0.2606000000,0.0327206357,-0.2185133019,2.8003872947,0.1089754986,0.2520000000,0.0310966236,-0.0762717128,2.7095292534,-0.0947774782,0.4874000000,0.0299706523,0.2047163323,2.7277999107,-0.3482860283,0.4874000000,0.0299706523,0.2047163323,2.7277999107,-0.3482860283
