Instance,INF_avg,INF_sd,INF_r1,INF_kr,INF_sk,SUP_avg,SUP_sd,SUP_r1,SUP_kr,SUP_sk,INC_avg,INC_sd,INC_r1,INC_kr,INC_sk,IND_avg,IND_sd,IND_r1,IND_kr,IND_sk
168,0.2455000000,0.0172409396,-0.1232422046,2.8255483225,0.1056612310,0.2700000000,0.0317804972,0.3539603960,4.3066856191,1.3505387237,0.4845000000,0.0239217474,0.2235734331,4.1458631428,-1.4174657175,0.4845000000,0.0239217474,0.2235734331,4.1458631428,-1.4174657175
