Instance,INF_avg,INF_sd,INF_r1,INF_kr,INF_sk,SUP_avg,SUP_sd,SUP_r1,SUP_kr,SUP_sk,INC_avg,INC_sd,INC_r1,INC_kr,INC_sk,IND_avg,IND_sd,IND_r1,IND_kr,IND_sk
354,0.2604000000,0.0328609190,0.2615745857,4.0695808180,0.9284080564,0.2824000000,0.0440708520,0.1526283011,3.1644819650,-0.6121529850,0.4572000000,0.0362513448,-0.0253900725,3.1343860731,0.3963238735,0.4572000000,0.0362513448,-0.0253900725,3.1343860731,0.3963238735
