Instance,INF_avg,INF_sd,INF_r1,INF_kr,INF_sk,SUP_avg,SUP_sd,SUP_r1,SUP_kr,SUP_sk,INC_avg,INC_sd,INC_r1,INC_kr,INC_sk,IND_avg,IND_sd,IND_r1,IND_kr,IND_sk
50,0.2470000000,0.0271293199,0.3607077283,2.6856613303,-0.8200457167,0.2860000000,0.0419404340,-0.2237898511,1.7939436621,0.0477408990,0.4670000000,0.0352278299,-0.2203583348,1.4834330142,0.1857598442,0.4670000000,0.0352278299,-0.2203583348,1.4834330142,0.1857598442
