Instance,INF_avg,INF_sd,INF_r1,INF_kr,INF_sk,SUP_avg,SUP_sd,SUP_r1,SUP_kr,SUP_sk,INC_avg,INC_sd,INC_r1,INC_kr,INC_sk,IND_avg,IND_sd,IND_r1,IND_kr,IND_sk
70,0.3129032258,0.0861054698,-0.0856567643,3.9149407202,0.2797532525,0.2000000000,0.1054942286,-0.2786885246,2.0022054190,0.1442485671,0.4870967742,0.0999739820,-0.0325913732,2.5759099473,-0.5630085679,0.4870967742,0.0999739820,-0.0325913732,2.5759099473,-0.5630085679
