Instance,INF_avg,INF_sd,INF_r1,INF_kr,INF_sk,SUP_avg,SUP_sd,SUP_r1,SUP_kr,SUP_sk,INC_avg,INC_sd,INC_r1,INC_kr,INC_sk,IND_avg,IND_sd,IND_r1,IND_kr,IND_sk
250,0.2750000000,0.1078192933,0.0559006211,1.9545612210,-0.1196745537,0.1950000000,0.0650000000,0.3428063943,1.7932495361,-0.0873918980,0.5300000000,0.1053565375,-0.2629399586,2.8436815194,-0.6849329321,0.5300000000,0.1053565375,-0.2629399586,2.8436815194,-0.6849329321
