Instance,INF_avg,INF_sd,INF_r1,INF_kr,INF_sk,SUP_avg,SUP_sd,SUP_r1,SUP_kr,SUP_sk,INC_avg,INC_sd,INC_r1,INC_kr,INC_sk,IND_avg,IND_sd,IND_r1,IND_kr,IND_sk
438,0.2650000000,0.0795298686,0.0135703516,3.7048696277,-0.0805126699,0.2320000000,0.0858836422,-0.1130526843,3.2137241731,-0.1197579561,0.5030000000,0.0896716232,0.0756186949,3.3584479623,-0.1108051494,0.5030000000,0.0896716232,0.0756186949,3.3584479623,-0.1108051494
