Instance,INF_avg,INF_sd,INF_r1,INF_kr,INF_sk,SUP_avg,SUP_sd,SUP_r1,SUP_kr,SUP_sk,INC_avg,INC_sd,INC_r1,INC_kr,INC_sk,IND_avg,IND_sd,IND_r1,IND_kr,IND_sk
71,0.2104000000,0.0560342752,0.0970028004,2.1430094085,0.1588742815,0.2856000000,0.0549967272,-0.0790479714,2.3572125745,-0.5008230924,0.5040000000,0.0800000000,-0.0259135540,2.2876750000,0.3217500000,0.5040000000,0.0800000000,-0.0259135540,2.2876750000,0.3217500000
