Instance,INF_avg,INF_sd,INF_r1,INF_kr,INF_sk,SUP_avg,SUP_sd,SUP_r1,SUP_kr,SUP_sk,INC_avg,INC_sd,INC_r1,INC_kr,INC_sk,IND_avg,IND_sd,IND_r1,IND_kr,IND_sk
133,0.2700000000,0.0204939015,-0.3053892216,2.4447278912,-0.1481276896,0.2515000000,0.0339153358,0.4554918837,2.4592943777,0.3757390686,0.4785000000,0.0265565434,0.1446656785,2.1388149420,0.0434887021,0.4785000000,0.0265565434,0.1446656785,2.1388149420,0.0434887021
