Instance,INF_avg,INF_sd,INF_r1,INF_kr,INF_sk,SUP_avg,SUP_sd,SUP_r1,SUP_kr,SUP_sk,INC_avg,INC_sd,INC_r1,INC_kr,INC_sk,IND_avg,IND_sd,IND_r1,IND_kr,IND_sk
493,0.2675000000,0.0342965013,0.1604664076,3.9634334334,-0.9927801057,0.2120000000,0.0381575681,0.0611022667,3.3401442308,0.4536927815,0.5205000000,0.0444662794,-0.0630072849,1.8185309182,0.2197599072,0.5205000000,0.0444662794,-0.0630072849,1.8185309182,0.2197599072
