Instance,INF_avg,INF_sd,INF_r1,INF_kr,INF_sk,SUP_avg,SUP_sd,SUP_r1,SUP_kr,SUP_sk,INC_avg,INC_sd,INC_r1,INC_kr,INC_sk,IND_avg,IND_sd,IND_r1,IND_kr,IND_sk
496,0.2857000000,0.0320625950,0.4289305075,2.4343446904,-0.0968325026,0.2018000000,0.0374667853,0.5755707231,2.4967441667,-0.2848429350,0.5125000000,0.0358503835,0.3261355899,3.5840503784,0.5425192569,0.5125000000,0.0358503835,0.3261355899,3.5840503784,0.5425192569
