Instance,INF_avg,INF_sd,INF_r1,INF_kr,INF_sk,SUP_avg,SUP_sd,SUP_r1,SUP_kr,SUP_sk,INC_avg,INC_sd,INC_r1,INC_kr,INC_sk,IND_avg,IND_sd,IND_r1,IND_kr,IND_sk
250,0.2750000000,0.0293257566,-1.0000000000,2.6372363440,-1.1062582600,0.2340000000,0.0162480768,-0.1059190031,2.2685950413,0.1790421687,0.4910000000,0.0261533937,-0.3935230618,2.6369908690,1.0940849764,0.4910000000,0.0261533937,-0.3935230618,2.6369908690,1.0940849764
