Instance,INF_avg,INF_sd,INF_r1,INF_kr,INF_sk,SUP_avg,SUP_sd,SUP_r1,SUP_kr,SUP_sk,INC_avg,INC_sd,INC_r1,INC_kr,INC_sk,IND_avg,IND_sd,IND_r1,IND_kr,IND_sk
341,0.2380000000,0.0637808749,-0.0439441391,3.7498078390,0.1502193402,0.1948000000,0.0510388088,0.1363419851,2.3069657072,-0.1349489939,0.5672000000,0.0576555288,0.1620763993,3.3143505235,-0.5118284860,0.5672000000,0.0576555288,0.1620763993,3.3143505235,-0.5118284860
