Instance,INF_avg,INF_sd,INF_r1,INF_kr,INF_sk,SUP_avg,SUP_sd,SUP_r1,SUP_kr,SUP_sk,INC_avg,INC_sd,INC_r1,INC_kr,INC_sk,IND_avg,IND_sd,IND_r1,IND_kr,IND_sk
388,0.2462000000,0.0495939512,-0.0642113641,3.9073454432,1.0014310402,0.2248000000,0.0390507362,0.1089064560,2.9045187173,-0.1005866407,0.5290000000,0.0541571787,0.0149949880,2.4931064719,-0.0593038390,0.5290000000,0.0541571787,0.0149949880,2.4931064719,-0.0593038390
