Instance,INF_avg,INF_sd,INF_r1,INF_kr,INF_sk,SUP_avg,SUP_sd,SUP_r1,SUP_kr,SUP_sk,INC_avg,INC_sd,INC_r1,INC_kr,INC_sk,IND_avg,IND_sd,IND_r1,IND_kr,IND_sk
326,0.2646000000,0.0481958504,0.3267885642,4.9046573705,0.9747767241,0.2182000000,0.0452411317,0.0696741670,3.5229960747,-0.5162292798,0.5172000000,0.0529543199,0.0947171930,3.2038947329,-0.0952446412,0.5172000000,0.0529543199,0.0947171930,3.2038947329,-0.0952446412
