Instance,INF_avg,INF_sd,INF_r1,INF_kr,INF_sk,SUP_avg,SUP_sd,SUP_r1,SUP_kr,SUP_sk,INC_avg,INC_sd,INC_r1,INC_kr,INC_sk,IND_avg,IND_sd,IND_r1,IND_kr,IND_sk
364,0.1964000000,0.0508629531,0.0603364850,2.9401121789,-0.1703339906,0.2940000000,0.0554616985,-0.1948180328,4.2090854825,-0.3747709896,0.5096000000,0.0563190909,-0.1124817900,3.2413646872,0.6767216597,0.5096000000,0.0563190909,-0.1124817900,3.2413646872,0.6767216597
