Instance,INF_avg,INF_sd,INF_r1,INF_kr,INF_sk,SUP_avg,SUP_sd,SUP_r1,SUP_kr,SUP_sk,INC_avg,INC_sd,INC_r1,INC_kr,INC_sk,IND_avg,IND_sd,IND_r1,IND_kr,IND_sk
383,0.2500000000,0.0610900974,-0.0559478544,2.3954639289,0.1073739576,0.2408000000,0.0479933329,0.3272073300,2.8430412078,0.4305127012,0.5092000000,0.0676709687,-0.1767379452,2.2127837612,-0.2343060052,0.5092000000,0.0676709687,-0.1767379452,2.2127837612,-0.2343060052
