Instance,INF_avg,INF_sd,INF_r1,INF_kr,INF_sk,SUP_avg,SUP_sd,SUP_r1,SUP_kr,SUP_sk,INC_avg,INC_sd,INC_r1,INC_kr,INC_sk,IND_avg,IND_sd,IND_r1,IND_kr,IND_sk
91,0.2160000000,0.0131909060,-0.9047619048,2.3953626635,0.9593861448,0.2770000000,0.0292574777,-0.5132256956,1.5856897982,0.2398140816,0.5070000000,0.0215870331,-0.6080518279,1.9648639688,-0.7658388594,0.5070000000,0.0215870331,-0.6080518279,1.9648639688,-0.7658388594
