Instance,INF_avg,INF_sd,INF_r1,INF_kr,INF_sk,SUP_avg,SUP_sd,SUP_r1,SUP_kr,SUP_sk,INC_avg,INC_sd,INC_r1,INC_kr,INC_sk,IND_avg,IND_sd,IND_r1,IND_kr,IND_sk
112,0.2800000000,0.1720465053,-0.5853658537,1.9945215486,-0.3958703373,0.3200000000,0.2014944168,-0.2685093781,2.7326676212,1.1008873776,0.4000000000,0.0707106781,0.2000000000,1.7000000000,-0.0000000000,0.4000000000,0.0707106781,0.2000000000,1.7000000000,-0.0000000000
