Instance,INF_avg,INF_sd,INF_r1,INF_kr,INF_sk,SUP_avg,SUP_sd,SUP_r1,SUP_kr,SUP_sk,INC_avg,INC_sd,INC_r1,INC_kr,INC_sk,IND_avg,IND_sd,IND_r1,IND_kr,IND_sk
50,0.5467429577,0.0901985727,0.8282748382,3.5891826202,-0.9025336741,0.0941549296,0.0747942526,0.9060533351,4.1628335256,1.2280990916,0.3591021127,0.0360699652,0.0963011275,2.9176419508,-0.0405825172,0.3591021127,0.0360699652,0.0963011275,2.9176419508,-0.0405825172
