Instance,INF_avg,INF_sd,INF_r1,INF_kr,INF_sk,SUP_avg,SUP_sd,SUP_r1,SUP_kr,SUP_sk,INC_avg,INC_sd,INC_r1,INC_kr,INC_sk,IND_avg,IND_sd,IND_r1,IND_kr,IND_sk
461,0.2880000000,0.1632666531,0.1606714628,2.3309138782,-0.1375576887,0.1840000000,0.1189285500,0.2739738677,2.0642646547,0.0255676537,0.5280000000,0.1587954659,0.2535132525,2.6114158443,-0.2847260009,0.5280000000,0.1587954659,0.2535132525,2.6114158443,-0.2847260009
