Instance,INF_avg,INF_sd,INF_r1,INF_kr,INF_sk,SUP_avg,SUP_sd,SUP_r1,SUP_kr,SUP_sk,INC_avg,INC_sd,INC_r1,INC_kr,INC_sk,IND_avg,IND_sd,IND_r1,IND_kr,IND_sk
467,0.2075000000,0.0322684056,0.0370370370,1.7821654472,0.2912991742,0.2590000000,0.0301496269,-0.6122766123,2.0183896277,0.3257679514,0.5335000000,0.0497016096,-0.4364916498,1.3785094850,-0.1834080751,0.5335000000,0.0497016096,-0.4364916498,1.3785094850,-0.1834080751
