Instance,INF_avg,INF_sd,INF_r1,INF_kr,INF_sk,SUP_avg,SUP_sd,SUP_r1,SUP_kr,SUP_sk,INC_avg,INC_sd,INC_r1,INC_kr,INC_sk,IND_avg,IND_sd,IND_r1,IND_kr,IND_sk
409,0.1970000000,0.0229346899,-0.0161827701,1.4649698564,-0.0591860826,0.3210000000,0.0235372046,0.1499522445,2.7505962543,1.0132203830,0.4820000000,0.0150332964,-0.7662801070,1.5216931631,-0.2543027659,0.4820000000,0.0150332964,-0.7662801070,1.5216931631,-0.2543027659
