Instance,INF_avg,INF_sd,INF_r1,INF_kr,INF_sk,SUP_avg,SUP_sd,SUP_r1,SUP_kr,SUP_sk,INC_avg,INC_sd,INC_r1,INC_kr,INC_sk,IND_avg,IND_sd,IND_r1,IND_kr,IND_sk
370,0.2500000000,0.1403566885,-0.0076335878,2.8556520395,0.1952964822,0.2520000000,0.1252836781,0.1860269714,2.8956566195,0.4123242000,0.4980000000,0.1568311194,0.1057867994,2.3020744322,-0.1535783696,0.4980000000,0.1568311194,0.1057867994,2.3020744322,-0.1535783696
