Instance,INF_avg,INF_sd,INF_r1,INF_kr,INF_sk,SUP_avg,SUP_sd,SUP_r1,SUP_kr,SUP_sk,INC_avg,INC_sd,INC_r1,INC_kr,INC_sk,IND_avg,IND_sd,IND_r1,IND_kr,IND_sk
452,0.2789000000,0.0463658279,-0.1051702374,2.6861874260,-0.0159953179,0.2369000000,0.0389280105,0.0608554809,2.5963197411,0.0907410844,0.4842000000,0.0490138756,-0.1874485153,2.2648712180,-0.2276353080,0.4842000000,0.0490138756,-0.1874485153,2.2648712180,-0.2276353080
