Instance,INF_avg,INF_sd,INF_r1,INF_kr,INF_sk,SUP_avg,SUP_sd,SUP_r1,SUP_kr,SUP_sk,INC_avg,INC_sd,INC_r1,INC_kr,INC_sk,IND_avg,IND_sd,IND_r1,IND_kr,IND_sk
133,0.2680000000,0.0312409987,0.0916149068,1.8390889546,-0.2077975592,0.2460000000,0.0508330601,-0.5757162347,1.9299571548,0.5075802545,0.4860000000,0.0392937654,-0.3200498132,2.7004886037,1.1108039135,0.4860000000,0.0392937654,-0.3200498132,2.7004886037,1.1108039135
