Instance,INF_avg,INF_sd,INF_r1,INF_kr,INF_sk,SUP_avg,SUP_sd,SUP_r1,SUP_kr,SUP_sk,INC_avg,INC_sd,INC_r1,INC_kr,INC_sk,IND_avg,IND_sd,IND_r1,IND_kr,IND_sk
100,0.2280000000,0.1483778959,-0.2534177137,2.8612235499,0.6149054178,0.2360000000,0.1520000000,-0.4228601571,3.3676901651,0.7455168392,0.5360000000,0.1493452376,-0.3103223126,2.5699616516,0.1634682151,0.5360000000,0.1493452376,-0.3103223126,2.5699616516,0.1634682151
