Instance,INF_avg,INF_sd,INF_r1,INF_kr,INF_sk,SUP_avg,SUP_sd,SUP_r1,SUP_kr,SUP_sk,INC_avg,INC_sd,INC_r1,INC_kr,INC_sk,IND_avg,IND_sd,IND_r1,IND_kr,IND_sk
363,0.1900000000,0.0374165739,-0.0869565217,1.8469387755,0.3436215967,0.1700000000,0.0400000000,-0.7605633803,2.0781250000,-0.8437500000,0.6400000000,0.0374165739,-0.3888888889,1.8469387755,0.3436215967,0.6400000000,0.0374165739,-0.3888888889,1.8469387755,0.3436215967
