Instance,INF_avg,INF_sd,INF_r1,INF_kr,INF_sk,SUP_avg,SUP_sd,SUP_r1,SUP_kr,SUP_sk,INC_avg,INC_sd,INC_r1,INC_kr,INC_sk,IND_avg,IND_sd,IND_r1,IND_kr,IND_sk
490,0.2650000000,0.0254950976,-0.6777251185,2.2112426036,-0.4073181268,0.2415000000,0.0407461655,0.4283853864,2.2559128734,-0.4369920934,0.4935000000,0.0374866643,0.2392692768,2.2774020315,0.0823776316,0.4935000000,0.0374866643,0.2392692768,2.2774020315,0.0823776316
