Instance,INF_avg,INF_sd,INF_r1,INF_kr,INF_sk,SUP_avg,SUP_sd,SUP_r1,SUP_kr,SUP_sk,INC_avg,INC_sd,INC_r1,INC_kr,INC_sk,IND_avg,IND_sd,IND_r1,IND_kr,IND_sk
255,0.2752000000,0.0391530331,-0.1210509500,2.5106150503,0.0457383283,0.2068000000,0.0402213873,-0.2313976830,2.3564640286,0.3264751325,0.5180000000,0.0493558507,-0.0707675018,3.0527231106,-0.1505104526,0.5180000000,0.0493558507,-0.0707675018,3.0527231106,-0.1505104526
