Instance,INF_avg,INF_sd,INF_r1,INF_kr,INF_sk,SUP_avg,SUP_sd,SUP_r1,SUP_kr,SUP_sk,INC_avg,INC_sd,INC_r1,INC_kr,INC_sk,IND_avg,IND_sd,IND_r1,IND_kr,IND_sk
331,0.2462000000,0.0408357686,0.0491366738,3.2858768541,-0.1150571714,0.2674000000,0.0396892933,0.0146179480,2.2427787986,-0.0607092474,0.4864000000,0.0422733959,0.0362250772,2.9665873274,0.2259164415,0.4864000000,0.0422733959,0.0362250772,2.9665873274,0.2259164415
