Instance,INF_avg,INF_sd,INF_r1,INF_kr,INF_sk,SUP_avg,SUP_sd,SUP_r1,SUP_kr,SUP_sk,INC_avg,INC_sd,INC_r1,INC_kr,INC_sk,IND_avg,IND_sd,IND_r1,IND_kr,IND_sk
279,0.3998492462,0.0840673180,0.8503154062,1.9983160686,-0.0007543739,0.1083165829,0.0770665397,0.9256197362,2.5098563375,0.7076188115,0.4918341709,0.0380297112,0.2661317502,2.9278679874,-0.0227503694,0.4918341709,0.0380297112,0.2661317502,2.9278679874,-0.0227503694
