Instance,INF_avg,INF_sd,INF_r1,INF_kr,INF_sk,SUP_avg,SUP_sd,SUP_r1,SUP_kr,SUP_sk,INC_avg,INC_sd,INC_r1,INC_kr,INC_sk,IND_avg,IND_sd,IND_r1,IND_kr,IND_sk
253,0.2240000000,0.0366606056,-0.8440594059,1.2091836735,-0.2961528510,0.2240000000,0.0731026675,-0.5272373541,2.6308042597,1.0193194391,0.5520000000,0.0881816307,-0.8610547667,2.2386577249,-0.6277727484,0.5520000000,0.0881816307,-0.8610547667,2.2386577249,-0.6277727484
