Instance,INF_avg,INF_sd,INF_r1,INF_kr,INF_sk,SUP_avg,SUP_sd,SUP_r1,SUP_kr,SUP_sk,INC_avg,INC_sd,INC_r1,INC_kr,INC_sk,IND_avg,IND_sd,IND_r1,IND_kr,IND_sk
462,0.2720000000,0.0337045991,-0.7109562187,2.5219853452,-0.9839527331,0.1980000000,0.0337045991,-0.3004107543,3.1914953630,1.4540687068,0.5300000000,0.0158113883,0.1219512195,2.7880000000,1.1384199577,0.5300000000,0.0158113883,0.1219512195,2.7880000000,1.1384199577
