Instance,INF_avg,INF_sd,INF_r1,INF_kr,INF_sk,SUP_avg,SUP_sd,SUP_r1,SUP_kr,SUP_sk,INC_avg,INC_sd,INC_r1,INC_kr,INC_sk,IND_avg,IND_sd,IND_r1,IND_kr,IND_sk
282,0.2088000000,0.0460712492,0.1632782160,3.7014986060,0.6573638155,0.3216000000,0.0515115521,0.1303825797,2.4274220030,-0.2702652019,0.4696000000,0.0468597909,-0.0069171700,3.1853665097,0.4217347382,0.4696000000,0.0468597909,-0.0069171700,3.1853665097,0.4217347382
