Instance,INF_avg,INF_sd,INF_r1,INF_kr,INF_sk,SUP_avg,SUP_sd,SUP_r1,SUP_kr,SUP_sk,INC_avg,INC_sd,INC_r1,INC_kr,INC_sk,IND_avg,IND_sd,IND_r1,IND_kr,IND_sk
133,0.4534394904,0.1063925754,0.7443783758,2.3087239692,-0.1365903120,0.1024840764,0.0703282210,0.7778748423,3.0662039302,0.9383221616,0.4440764331,0.0605279891,0.3368161636,2.8155547442,-0.1655261410,0.4440764331,0.0605279891,0.3368161636,2.8155547442,-0.1655261410
