Instance,INF_avg,INF_sd,INF_r1,INF_kr,INF_sk,SUP_avg,SUP_sd,SUP_r1,SUP_kr,SUP_sk,INC_avg,INC_sd,INC_r1,INC_kr,INC_sk,IND_avg,IND_sd,IND_r1,IND_kr,IND_sk
3,0.2200000000,0.1371130920,0.1173950300,2.2566772295,0.1024158451,0.2800000000,0.1754992877,0.3212917351,3.0772474279,0.5949630096,0.5000000000,0.1697056275,0.0571428571,2.7199074074,-0.5401510134,0.5000000000,0.1697056275,0.0571428571,2.7199074074,-0.5401510134
