Instance,INF_avg,INF_sd,INF_r1,INF_kr,INF_sk,SUP_avg,SUP_sd,SUP_r1,SUP_kr,SUP_sk,INC_avg,INC_sd,INC_r1,INC_kr,INC_sk,IND_avg,IND_sd,IND_r1,IND_kr,IND_sk
300,0.2760000000,0.0492341345,0.3447364072,2.5472502696,-0.1110072634,0.2340000000,0.0358329457,0.1439761283,2.3963956095,-0.6796856828,0.4900000000,0.0485798312,0.5681818182,1.5376328641,0.3768042064,0.4900000000,0.0485798312,0.5681818182,1.5376328641,0.3768042064
