Instance,INF_avg,INF_sd,INF_r1,INF_kr,INF_sk,SUP_avg,SUP_sd,SUP_r1,SUP_kr,SUP_sk,INC_avg,INC_sd,INC_r1,INC_kr,INC_sk,IND_avg,IND_sd,IND_r1,IND_kr,IND_sk
25,0.3000000000,0.0547722558,-0.4000000000,2.5000000000,-0.9128709292,0.1700000000,0.0600000000,0.0458015267,1.3981481481,-0.1111111111,0.5300000000,0.0678232998,-0.1504424779,1.2296786389,-0.2115471545,0.5300000000,0.0678232998,-0.1504424779,1.2296786389,-0.2115471545
