Instance,INF_avg,INF_sd,INF_r1,INF_kr,INF_sk,SUP_avg,SUP_sd,SUP_r1,SUP_kr,SUP_sk,INC_avg,INC_sd,INC_r1,INC_kr,INC_sk,IND_avg,IND_sd,IND_r1,IND_kr,IND_sk
14,0.2807500000,0.0416855790,0.5228538402,3.6498052697,-0.4147627889,0.2670000000,0.0435143654,0.3471944505,2.6276011725,-0.0793014569,0.4522500000,0.0449965276,0.3122687872,3.2064464844,0.1859494208,0.4522500000,0.0449965276,0.3122687872,3.2064464844,0.1859494208
