Instance,INF_avg,INF_sd,INF_r1,INF_kr,INF_sk,SUP_avg,SUP_sd,SUP_r1,SUP_kr,SUP_sk,INC_avg,INC_sd,INC_r1,INC_kr,INC_sk,IND_avg,IND_sd,IND_r1,IND_kr,IND_sk
127,0.3200000000,0.1536229150,-0.3023952096,2.7023843723,-0.8340916670,0.1800000000,0.1326649916,-0.6300940439,1.6745867769,0.1130667542,0.5000000000,0.1612451550,-0.6000000000,1.9822485207,0.4293510043,0.5000000000,0.1612451550,-0.6000000000,1.9822485207,0.4293510043
