Instance,INF_avg,INF_sd,INF_r1,INF_kr,INF_sk,SUP_avg,SUP_sd,SUP_r1,SUP_kr,SUP_sk,INC_avg,INC_sd,INC_r1,INC_kr,INC_sk,IND_avg,IND_sd,IND_r1,IND_kr,IND_sk
302,0.2532000000,0.0470506110,0.1882269307,3.1899764607,0.5222329416,0.2460000000,0.0347562944,-0.0508066799,3.5626288321,0.3772721750,0.5008000000,0.0544000000,-0.0769574004,3.3859313825,0.6943138739,0.5008000000,0.0544000000,-0.0769574004,3.3859313825,0.6943138739
