Instance,INF_avg,INF_sd,INF_r1,INF_kr,INF_sk,SUP_avg,SUP_sd,SUP_r1,SUP_kr,SUP_sk,INC_avg,INC_sd,INC_r1,INC_kr,INC_sk,IND_avg,IND_sd,IND_r1,IND_kr,IND_sk
22,0.2880000000,0.1210619676,-0.0628568879,2.6343080796,-0.5808855208,0.2840000000,0.1405133446,-0.2496251125,2.6189238460,0.1989002271,0.4280000000,0.0960000000,-0.0574176016,2.7192201968,-0.3120659722,0.4280000000,0.0960000000,-0.0574176016,2.7192201968,-0.3120659722
