Instance,INF_avg,INF_sd,INF_r1,INF_kr,INF_sk,SUP_avg,SUP_sd,SUP_r1,SUP_kr,SUP_sk,INC_avg,INC_sd,INC_r1,INC_kr,INC_sk,IND_avg,IND_sd,IND_r1,IND_kr,IND_sk
343,0.2530000000,0.0486723741,0.2084840733,3.0520808295,0.5199434178,0.2858000000,0.0505604589,0.2256614761,2.8196610643,-0.0449960769,0.4612000000,0.0484825742,0.0245255098,3.5992034092,0.3363974418,0.4612000000,0.0484825742,0.0245255098,3.5992034092,0.3363974418
