Instance,INF_avg,INF_sd,INF_r1,INF_kr,INF_sk,SUP_avg,SUP_sd,SUP_r1,SUP_kr,SUP_sk,INC_avg,INC_sd,INC_r1,INC_kr,INC_sk,IND_avg,IND_sd,IND_r1,IND_kr,IND_sk
331,0.2556000000,0.0325367485,-0.2236260342,3.8162495580,0.8352294888,0.2408000000,0.0337544071,-0.1059018434,2.2733307820,-0.0916568044,0.5036000000,0.0298502931,-0.0879674604,3.0477941953,0.4643282373,0.5036000000,0.0298502931,-0.0879674604,3.0477941953,0.4643282373
