Instance,INF_avg,INF_sd,INF_r1,INF_kr,INF_sk,SUP_avg,SUP_sd,SUP_r1,SUP_kr,SUP_sk,INC_avg,INC_sd,INC_r1,INC_kr,INC_sk,IND_avg,IND_sd,IND_r1,IND_kr,IND_sk
451,0.3160000000,0.0135646600,0.0929203540,2.3638941399,0.7500308204,0.2200000000,0.0141421356,0.0000000000,1.7000000000,-0.0000000000,0.4640000000,0.0249799920,0.0959119497,1.3269230769,-0.2278746804,0.4640000000,0.0249799920,0.0959119497,1.3269230769,-0.2278746804
