Instance,INF_avg,INF_sd,INF_r1,INF_kr,INF_sk,SUP_avg,SUP_sd,SUP_r1,SUP_kr,SUP_sk,INC_avg,INC_sd,INC_r1,INC_kr,INC_sk,IND_avg,IND_sd,IND_r1,IND_kr,IND_sk
18,0.2630000000,0.0273130006,-0.0709436524,1.2754386217,-0.4081372552,0.1920000000,0.0224944438,0.3540344515,2.0280038745,-0.4080058930,0.5450000000,0.0336154726,0.2072072072,1.7090218498,-0.2132393518,0.5450000000,0.0336154726,0.2072072072,1.7090218498,-0.2132393518
