Instance,INF_avg,INF_sd,INF_r1,INF_kr,INF_sk,SUP_avg,SUP_sd,SUP_r1,SUP_kr,SUP_sk,INC_avg,INC_sd,INC_r1,INC_kr,INC_sk,IND_avg,IND_sd,IND_r1,IND_kr,IND_sk
24,0.2568000000,0.0592432275,0.1782082251,3.1607509093,0.5900387299,0.2784000000,0.0562622431,0.0186231236,2.2481989473,0.2326750613,0.4648000000,0.0693466654,0.1172593766,2.5905978435,0.5807763064,0.4648000000,0.0693466654,0.1172593766,2.5905978435,0.5807763064
