Instance,INF_avg,INF_sd,INF_r1,INF_kr,INF_sk,SUP_avg,SUP_sd,SUP_r1,SUP_kr,SUP_sk,INC_avg,INC_sd,INC_r1,INC_kr,INC_sk,IND_avg,IND_sd,IND_r1,IND_kr,IND_sk
371,0.2454000000,0.0532807658,-0.0619295441,2.9093750916,-0.3193711960,0.2262000000,0.0594437549,0.0535656988,2.7505614209,0.1959430291,0.5284000000,0.0662226547,-0.0535317200,2.8019879716,0.3132553689,0.5284000000,0.0662226547,-0.0535317200,2.8019879716,0.3132553689
