Instance,INF_avg,INF_sd,INF_r1,INF_kr,INF_sk,SUP_avg,SUP_sd,SUP_r1,SUP_kr,SUP_sk,INC_avg,INC_sd,INC_r1,INC_kr,INC_sk,IND_avg,IND_sd,IND_r1,IND_kr,IND_sk
138,0.2940000000,0.1554477404,0.0318201980,4.3306526683,0.9304966522,0.2760000000,0.1379275172,-0.2412899317,4.6544452548,1.1218090943,0.4300000000,0.1640121947,0.1000671592,2.4622241263,-0.6228569408,0.4300000000,0.1640121947,0.1000671592,2.4622241263,-0.6228569408
