Instance,INF_avg,INF_sd,INF_r1,INF_kr,INF_sk,SUP_avg,SUP_sd,SUP_r1,SUP_kr,SUP_sk,INC_avg,INC_sd,INC_r1,INC_kr,INC_sk,IND_avg,IND_sd,IND_r1,IND_kr,IND_sk
363,0.2550000000,0.0756637298,-0.5076071923,1.5555958124,0.0034628049,0.2350000000,0.0502493781,0.1050988554,1.7544358396,0.0354666721,0.5100000000,0.0916515139,-0.4822134387,2.5059523810,-0.5884089540,0.5100000000,0.0916515139,-0.4822134387,2.5059523810,-0.5884089540
