Instance,INF_avg,INF_sd,INF_r1,INF_kr,INF_sk,SUP_avg,SUP_sd,SUP_r1,SUP_kr,SUP_sk,INC_avg,INC_sd,INC_r1,INC_kr,INC_sk,IND_avg,IND_sd,IND_r1,IND_kr,IND_sk
441,0.2437500000,0.0409534797,0.3057514643,4.0686508020,0.6803381233,0.1668500000,0.0352891981,0.3677619367,2.8890332069,0.3844631295,0.5894000000,0.0480431056,0.3063321561,2.7433042376,-0.2140642639,0.5894000000,0.0480431056,0.3063321561,2.7433042376,-0.2140642639
