Instance,INF_avg,INF_sd,INF_r1,INF_kr,INF_sk,SUP_avg,SUP_sd,SUP_r1,SUP_kr,SUP_sk,INC_avg,INC_sd,INC_r1,INC_kr,INC_sk,IND_avg,IND_sd,IND_r1,IND_kr,IND_sk
148,0.2605000000,0.0443705984,0.3625610973,2.6784871232,0.1110044379,0.2565000000,0.0531107334,0.2713955386,2.7144976938,-0.0518599628,0.4830000000,0.0525832673,-0.0317474684,2.6430292110,0.0081709723,0.4830000000,0.0525832673,-0.0317474684,2.6430292110,0.0081709723
