Instance,INF_avg,INF_sd,INF_r1,INF_kr,INF_sk,SUP_avg,SUP_sd,SUP_r1,SUP_kr,SUP_sk,INC_avg,INC_sd,INC_r1,INC_kr,INC_sk,IND_avg,IND_sd,IND_r1,IND_kr,IND_sk
318,0.2260000000,0.0626418391,-0.0714734330,1.6856636958,0.2487809760,0.2480000000,0.0640000000,-0.3978494624,3.7237854004,1.0085449219,0.5260000000,0.0626418391,-0.1455108359,2.2542652913,-0.5518485386,0.5260000000,0.0626418391,-0.1455108359,2.2542652913,-0.5518485386
