Instance,INF_avg,INF_sd,INF_r1,INF_kr,INF_sk,SUP_avg,SUP_sd,SUP_r1,SUP_kr,SUP_sk,INC_avg,INC_sd,INC_r1,INC_kr,INC_sk,IND_avg,IND_sd,IND_r1,IND_kr,IND_sk
229,0.5100000000,0.1069021523,0.8713776930,2.2068233842,-0.5542763889,0.0962719298,0.0620194204,0.8373225645,3.5523625051,1.0470959713,0.3937280702,0.0570772461,0.6180089049,2.4520548688,0.3927270058,0.3937280702,0.0570772461,0.6180089049,2.4520548688,0.3927270058
