Instance,INF_avg,INF_sd,INF_r1,INF_kr,INF_sk,SUP_avg,SUP_sd,SUP_r1,SUP_kr,SUP_sk,INC_avg,INC_sd,INC_r1,INC_kr,INC_sk,IND_avg,IND_sd,IND_r1,IND_kr,IND_sk
102,0.2730000000,0.0813695275,0.1474298556,2.9919396666,-0.5967840512,0.2590000000,0.0978212656,-0.0086645734,3.1599717388,0.4042597261,0.4680000000,0.1147867588,0.0460278271,2.5929780149,-0.2858551500,0.4680000000,0.1147867588,0.0460278271,2.5929780149,-0.2858551500
