Instance,INF_avg,INF_sd,INF_r1,INF_kr,INF_sk,SUP_avg,SUP_sd,SUP_r1,SUP_kr,SUP_sk,INC_avg,INC_sd,INC_r1,INC_kr,INC_sk,IND_avg,IND_sd,IND_r1,IND_kr,IND_sk
231,0.2900000000,0.0382099463,0.1824817518,3.5250516044,-1.0755286081,0.2960000000,0.0674091982,-0.6855524079,2.9815760762,1.0348819636,0.4140000000,0.0657571289,-0.3121291703,3.7797059803,-0.8481298337,0.4140000000,0.0657571289,-0.3121291703,3.7797059803,-0.8481298337
