Instance,INF_avg,INF_sd,INF_r1,INF_kr,INF_sk,SUP_avg,SUP_sd,SUP_r1,SUP_kr,SUP_sk,INC_avg,INC_sd,INC_r1,INC_kr,INC_sk,IND_avg,IND_sd,IND_r1,IND_kr,IND_sk
289,0.2080000000,0.1197330364,-0.0325504554,2.1911023198,-0.4337775235,0.2720000000,0.1114271062,-0.1123456152,2.9118928685,0.5673349779,0.5200000000,0.1496662955,0.0779127949,3.4579081633,0.4438445625,0.5200000000,0.1496662955,0.0779127949,3.4579081633,0.4438445625
