Instance,INF_avg,INF_sd,INF_r1,INF_kr,INF_sk,SUP_avg,SUP_sd,SUP_r1,SUP_kr,SUP_sk,INC_avg,INC_sd,INC_r1,INC_kr,INC_sk,IND_avg,IND_sd,IND_r1,IND_kr,IND_sk
401,0.2686000000,0.0243524126,-0.1609099084,3.0468226244,-0.4134819762,0.2098000000,0.0260184550,-0.1965670148,2.0683559060,-0.0487590926,0.5216000000,0.0297227186,0.2219858032,2.7702201660,0.3368615910,0.5216000000,0.0297227186,0.2219858032,2.7702201660,0.3368615910
