Instance,INF_avg,INF_sd,INF_r1,INF_kr,INF_sk,SUP_avg,SUP_sd,SUP_r1,SUP_kr,SUP_sk,INC_avg,INC_sd,INC_r1,INC_kr,INC_sk,IND_avg,IND_sd,IND_r1,IND_kr,IND_sk
499,0.3479310345,0.0795669014,0.5649372968,2.8625090444,0.3444252718,0.1523448276,0.0806440779,0.7942664853,2.3237872425,0.3850035847,0.4997241379,0.0534847039,-0.0302416756,3.1069141337,-0.0252750390,0.4997241379,0.0534847039,-0.0302416756,3.1069141337,-0.0252750390
