Instance,INF_avg,INF_sd,INF_r1,INF_kr,INF_sk,SUP_avg,SUP_sd,SUP_r1,SUP_kr,SUP_sk,INC_avg,INC_sd,INC_r1,INC_kr,INC_sk,IND_avg,IND_sd,IND_r1,IND_kr,IND_sk
342,0.5300000000,0.2400000000,-0.7562724014,2.3096064815,0.6701388889,0.1700000000,0.1122497216,-0.2609970674,2.3760393046,0.1315095000,0.3000000000,0.1378404875,-1.1538461538,2.5000000000,-0.8591166120,0.3000000000,0.1378404875,-1.1538461538,2.5000000000,-0.8591166120
