Instance,INF_avg,INF_sd,INF_r1,INF_kr,INF_sk,SUP_avg,SUP_sd,SUP_r1,SUP_kr,SUP_sk,INC_avg,INC_sd,INC_r1,INC_kr,INC_sk,IND_avg,IND_sd,IND_r1,IND_kr,IND_sk
210,0.3210526316,0.1360299788,0.3050453196,3.3361719674,-0.2589064259,0.1947368421,0.1190916684,-0.1274075846,3.3567199707,0.8493567782,0.4842105263,0.1386519987,0.0142497245,2.2961697215,-0.0715432291,0.4842105263,0.1386519987,0.0142497245,2.2961697215,-0.0715432291
