Instance,INF_avg,INF_sd,INF_r1,INF_kr,INF_sk,SUP_avg,SUP_sd,SUP_r1,SUP_kr,SUP_sk,INC_avg,INC_sd,INC_r1,INC_kr,INC_sk,IND_avg,IND_sd,IND_r1,IND_kr,IND_sk
168,0.2934426230,0.0960171645,0.0067218867,2.8463480939,-0.2716709155,0.1909836066,0.0964569881,0.1946584049,3.6490037103,0.6465856972,0.5155737705,0.1090348807,-0.1530488852,3.3931037171,-0.2970425994,0.5155737705,0.1090348807,-0.1530488852,3.3931037171,-0.2970425994
