Instance,INF_avg,INF_sd,INF_r1,INF_kr,INF_sk,SUP_avg,SUP_sd,SUP_r1,SUP_kr,SUP_sk,INC_avg,INC_sd,INC_r1,INC_kr,INC_sk,IND_avg,IND_sd,IND_r1,IND_kr,IND_sk
18,0.4182936508,0.0939671563,0.8618099293,1.9969357377,-0.1212386184,0.0977777778,0.0654670508,0.8531692882,2.2744285599,0.6115730049,0.4839285714,0.0434686858,0.4206890825,2.9157983306,-0.1275443620,0.4839285714,0.0434686858,0.4206890825,2.9157983306,-0.1275443620
