Instance,INF_avg,INF_sd,INF_r1,INF_kr,INF_sk,SUP_avg,SUP_sd,SUP_r1,SUP_kr,SUP_sk,INC_avg,INC_sd,INC_r1,INC_kr,INC_sk,IND_avg,IND_sd,IND_r1,IND_kr,IND_sk
383,0.2490000000,0.0543046959,-0.4129717101,3.0649557224,0.3206353294,0.2250000000,0.0326343377,0.1990407674,2.1553263241,0.1035805205,0.5260000000,0.0447660586,-0.3878619840,2.0886251449,0.3780130802,0.5260000000,0.0447660586,-0.3878619840,2.0886251449,0.3780130802
