Instance,INF_avg,INF_sd,INF_r1,INF_kr,INF_sk,SUP_avg,SUP_sd,SUP_r1,SUP_kr,SUP_sk,INC_avg,INC_sd,INC_r1,INC_kr,INC_sk,IND_avg,IND_sd,IND_r1,IND_kr,IND_sk
177,0.3428217822,0.0621496750,0.6569944569,2.3362756402,-0.1447318857,0.0876237624,0.0613930450,0.9140144255,1.9555788596,0.4900012520,0.5695544554,0.0356766211,-0.1404104723,2.4569838897,-0.1735640386,0.5695544554,0.0356766211,-0.1404104723,2.4569838897,-0.1735640386
