Instance,INF_avg,INF_sd,INF_r1,INF_kr,INF_sk,SUP_avg,SUP_sd,SUP_r1,SUP_kr,SUP_sk,INC_avg,INC_sd,INC_r1,INC_kr,INC_sk,IND_avg,IND_sd,IND_r1,IND_kr,IND_sk
253,0.2780000000,0.0843563868,-0.0742550293,3.2751967634,0.1087892229,0.2630000000,0.0926336872,-0.0405779801,2.5886540650,-0.1564443529,0.4590000000,0.0936429389,0.1146083404,2.2242748428,-0.0060792426,0.4590000000,0.0936429389,0.1146083404,2.2242748428,-0.0060792426
