Instance,INF_avg,INF_sd,INF_r1,INF_kr,INF_sk,SUP_avg,SUP_sd,SUP_r1,SUP_kr,SUP_sk,INC_avg,INC_sd,INC_r1,INC_kr,INC_sk,IND_avg,IND_sd,IND_r1,IND_kr,IND_sk
396,0.2400000000,0.1200000000,-0.4973464746,1.5355902778,-0.2413194444,0.2400000000,0.0888819442,-0.2834978843,2.1353949688,0.1965343422,0.5200000000,0.0781024968,0.1419141914,2.2270894921,0.4218920142,0.5200000000,0.0781024968,0.1419141914,2.2270894921,0.4218920142
