Instance,INF_avg,INF_sd,INF_r1,INF_kr,INF_sk,SUP_avg,SUP_sd,SUP_r1,SUP_kr,SUP_sk,INC_avg,INC_sd,INC_r1,INC_kr,INC_sk,IND_avg,IND_sd,IND_r1,IND_kr,IND_sk
217,0.2240000000,0.1241933976,0.0395551624,2.2405261617,0.2900709456,0.2280000000,0.1183891887,-0.0460824897,2.2386313880,-0.1201053765,0.5480000000,0.1360000000,0.1499042146,2.2943271752,-0.2440972929,0.5480000000,0.1360000000,0.1499042146,2.2943271752,-0.2440972929
