Instance,INF_avg,INF_sd,INF_r1,INF_kr,INF_sk,SUP_avg,SUP_sd,SUP_r1,SUP_kr,SUP_sk,INC_avg,INC_sd,INC_r1,INC_kr,INC_sk,IND_avg,IND_sd,IND_r1,IND_kr,IND_sk
464,0.2040000000,0.1121784293,-0.0000512026,1.9696554096,0.2825962895,0.2400000000,0.1104536102,-0.4562151525,2.5550927170,0.3873742577,0.5560000000,0.0983056458,0.2791364734,2.0552024856,0.0535059175,0.5560000000,0.0983056458,0.2791364734,2.0552024856,0.0535059175
