Instance,INF_avg,INF_sd,INF_r1,INF_kr,INF_sk,SUP_avg,SUP_sd,SUP_r1,SUP_kr,SUP_sk,INC_avg,INC_sd,INC_r1,INC_kr,INC_sk,IND_avg,IND_sd,IND_r1,IND_kr,IND_sk
336,0.2640000000,0.1438888460,0.1271491528,5.3886454902,0.8870835058,0.2060000000,0.1173200750,0.1297743183,2.0844640518,0.1065349834,0.5300000000,0.1417744688,0.2889154467,3.6518155491,-0.3705696370,0.5300000000,0.1417744688,0.2889154467,3.6518155491,-0.3705696370
