Instance,INF_avg,INF_sd,INF_r1,INF_kr,INF_sk,SUP_avg,SUP_sd,SUP_r1,SUP_kr,SUP_sk,INC_avg,INC_sd,INC_r1,INC_kr,INC_sk,IND_avg,IND_sd,IND_r1,IND_kr,IND_sk
59,0.2760000000,0.1422111107,0.0228771564,2.8693894208,-0.0730328024,0.2600000000,0.1385640646,0.0719696970,2.5260416667,-0.3428017223,0.4640000000,0.1694225487,-0.1067926467,1.7060901630,-0.0191877418,0.4640000000,0.1694225487,-0.1067926467,1.7060901630,-0.0191877418
