Instance,INF_avg,INF_sd,INF_r1,INF_kr,INF_sk,SUP_avg,SUP_sd,SUP_r1,SUP_kr,SUP_sk,INC_avg,INC_sd,INC_r1,INC_kr,INC_sk,IND_avg,IND_sd,IND_r1,IND_kr,IND_sk
447,0.2882352941,0.1366935299,-0.3116826504,2.4945679012,-0.0635934303,0.2705882353,0.1225450980,0.0178639301,3.1710696766,-0.0013272314,0.4411764706,0.1574010372,-0.1293474013,1.9089681970,0.3889585413,0.4411764706,0.1574010372,-0.1293474013,1.9089681970,0.3889585413
