Instance,INF_avg,INF_sd,INF_r1,INF_kr,INF_sk,SUP_avg,SUP_sd,SUP_r1,SUP_kr,SUP_sk,INC_avg,INC_sd,INC_r1,INC_kr,INC_sk,IND_avg,IND_sd,IND_r1,IND_kr,IND_sk
284,0.2480000000,0.0411825206,-0.3834951456,2.2821288715,0.6927284075,0.3440000000,0.0793977330,-0.3763331640,2.6001829473,-0.8193664370,0.4080000000,0.1040000000,-0.4137819476,2.5935103813,0.9749658625,0.4080000000,0.1040000000,-0.4137819476,2.5935103813,0.9749658625
