Instance,INF_avg,INF_sd,INF_r1,INF_kr,INF_sk,SUP_avg,SUP_sd,SUP_r1,SUP_kr,SUP_sk,INC_avg,INC_sd,INC_r1,INC_kr,INC_sk,IND_avg,IND_sd,IND_r1,IND_kr,IND_sk
113,0.2632000000,0.0698982117,0.0995698733,2.5638318887,-0.2686222040,0.1984000000,0.0489636600,-0.1145697627,1.9567910701,0.4524488254,0.5384000000,0.0799839984,-0.0856314487,2.4764552880,0.2501340654,0.5384000000,0.0799839984,-0.0856314487,2.4764552880,0.2501340654
