Instance,INF_avg,INF_sd,INF_r1,INF_kr,INF_sk,SUP_avg,SUP_sd,SUP_r1,SUP_kr,SUP_sk,INC_avg,INC_sd,INC_r1,INC_kr,INC_sk,IND_avg,IND_sd,IND_r1,IND_kr,IND_sk
459,0.2584000000,0.0488000000,0.0143060531,2.5104769367,-0.0702580833,0.2448000000,0.0467435557,0.2411609548,2.6948274216,-0.1329055511,0.4968000000,0.0585641529,0.2921635291,3.3942363388,0.5030268175,0.4968000000,0.0585641529,0.2921635291,3.3942363388,0.5030268175
