Instance,INF_avg,INF_sd,INF_r1,INF_kr,INF_sk,SUP_avg,SUP_sd,SUP_r1,SUP_kr,SUP_sk,INC_avg,INC_sd,INC_r1,INC_kr,INC_sk,IND_avg,IND_sd,IND_r1,IND_kr,IND_sk
41,0.2724000000,0.0344418350,0.3258013292,2.3292358756,0.3611500396,0.2070000000,0.0236643191,0.1090231062,3.3916709184,0.5510103900,0.5206000000,0.0334759615,0.1202246411,2.0944790084,-0.2844864670,0.5206000000,0.0334759615,0.1202246411,2.0944790084,-0.2844864670
