Instance,INF_avg,INF_sd,INF_r1,INF_kr,INF_sk,SUP_avg,SUP_sd,SUP_r1,SUP_kr,SUP_sk,INC_avg,INC_sd,INC_r1,INC_kr,INC_sk,IND_avg,IND_sd,IND_r1,IND_kr,IND_sk
500,0.2460000000,0.0375366488,0.1596465995,2.3252914827,-0.2567256811,0.2595000000,0.0265941723,-0.1375632877,2.3165086494,-0.7816317894,0.4945000000,0.0306960910,0.1335882376,2.3893526536,0.0769619284,0.4945000000,0.0306960910,0.1335882376,2.3893526536,0.0769619284
