Instance,INF_avg,INF_sd,INF_r1,INF_kr,INF_sk,SUP_avg,SUP_sd,SUP_r1,SUP_kr,SUP_sk,INC_avg,INC_sd,INC_r1,INC_kr,INC_sk,IND_avg,IND_sd,IND_r1,IND_kr,IND_sk
95,0.1750000000,0.0282842712,-0.1863636364,2.7019531250,-0.3480291189,0.3230000000,0.0333316666,0.0734457639,1.6905545640,0.0168505275,0.5020000000,0.0208806130,0.1648243675,2.9414716775,-0.1426853606,0.5020000000,0.0208806130,0.1648243675,2.9414716775,-0.1426853606
