Instance,INF_avg,INF_sd,INF_r1,INF_kr,INF_sk,SUP_avg,SUP_sd,SUP_r1,SUP_kr,SUP_sk,INC_avg,INC_sd,INC_r1,INC_kr,INC_sk,IND_avg,IND_sd,IND_r1,IND_kr,IND_sk
398,0.2680000000,0.0254165301,-0.2846465276,2.9795215137,0.8273302348,0.2225000000,0.0191376592,-0.2253258845,2.9748162471,0.7918201203,0.5095000000,0.0309394570,0.2845330588,1.7710354124,0.4025925125,0.5095000000,0.0309394570,0.2845330588,1.7710354124,0.4025925125
