Instance,INF_avg,INF_sd,INF_r1,INF_kr,INF_sk,SUP_avg,SUP_sd,SUP_r1,SUP_kr,SUP_sk,INC_avg,INC_sd,INC_r1,INC_kr,INC_sk,IND_avg,IND_sd,IND_r1,IND_kr,IND_sk
416,0.2236000000,0.0502298716,-0.0073593289,2.0159883907,-0.1661418751,0.2544000000,0.0637545293,0.1592563042,2.5942450863,0.1814529266,0.5220000000,0.0798248082,0.2938204577,2.5132872986,0.3019795718,0.5220000000,0.0798248082,0.2938204577,2.5132872986,0.3019795718
