Instance,INF_avg,INF_sd,INF_r1,INF_kr,INF_sk,SUP_avg,SUP_sd,SUP_r1,SUP_kr,SUP_sk,INC_avg,INC_sd,INC_r1,INC_kr,INC_sk,IND_avg,IND_sd,IND_r1,IND_kr,IND_sk
173,0.2800000000,0.1400000000,-0.0126582278,3.3515201999,0.7959183673,0.2600000000,0.0800000000,0.1025641026,2.0781250000,0.8437500000,0.4600000000,0.1428285686,-0.0869565217,2.3056516724,-0.3047668418,0.4600000000,0.1428285686,-0.0869565217,2.3056516724,-0.3047668418
