Instance,INF_avg,INF_sd,INF_r1,INF_kr,INF_sk,SUP_avg,SUP_sd,SUP_r1,SUP_kr,SUP_sk,INC_avg,INC_sd,INC_r1,INC_kr,INC_sk,IND_avg,IND_sd,IND_r1,IND_kr,IND_sk
94,0.1840000000,0.0233238076,0.2532467532,2.6660899654,-1.1500493357,0.2720000000,0.0391918359,-0.1518324607,2.4361979167,0.5677202789,0.5440000000,0.0480000000,0.4802867384,2.3096064815,-0.6701388889,0.5440000000,0.0480000000,0.4802867384,2.3096064815,-0.6701388889
