Instance,INF_avg,INF_sd,INF_r1,INF_kr,INF_sk,SUP_avg,SUP_sd,SUP_r1,SUP_kr,SUP_sk,INC_avg,INC_sd,INC_r1,INC_kr,INC_sk,IND_avg,IND_sd,IND_r1,IND_kr,IND_sk
146,0.2100000000,0.1170469991,0.0944009455,2.0877510789,0.0299336990,0.3820000000,0.1570859637,0.0722007811,2.4172656326,-0.3512835502,0.4080000000,0.1507846146,0.1235770930,2.5200196509,-0.0309710029,0.4080000000,0.1507846146,0.1235770930,2.5200196509,-0.0309710029
