Instance,INF_avg,INF_sd,INF_r1,INF_kr,INF_sk,SUP_avg,SUP_sd,SUP_r1,SUP_kr,SUP_sk,INC_avg,INC_sd,INC_r1,INC_kr,INC_sk,IND_avg,IND_sd,IND_r1,IND_kr,IND_sk
72,0.5102857143,0.1089557109,0.6010431910,2.0894824576,-0.1949853734,0.0982857143,0.0642088429,0.6394964179,5.3440626077,1.3623386996,0.3914285714,0.0754848275,0.1769376181,2.3411572976,-0.2812437465,0.3914285714,0.0754848275,0.1769376181,2.3411572976,-0.2812437465
