Instance,INF_avg,INF_sd,INF_r1,INF_kr,INF_sk,SUP_avg,SUP_sd,SUP_r1,SUP_kr,SUP_sk,INC_avg,INC_sd,INC_r1,INC_kr,INC_sk,IND_avg,IND_sd,IND_r1,IND_kr,IND_sk
121,0.2570000000,0.1313430622,-0.0304360769,2.6918248313,0.0330505903,0.2350000000,0.1306713435,-0.0823266942,2.7123576333,0.2215162596,0.5080000000,0.1390539464,-0.1126281000,2.4846343366,-0.1207164479,0.5080000000,0.1390539464,-0.1126281000,2.4846343366,-0.1207164479
