Instance,INF_avg,INF_sd,INF_r1,INF_kr,INF_sk,SUP_avg,SUP_sd,SUP_r1,SUP_kr,SUP_sk,INC_avg,INC_sd,INC_r1,INC_kr,INC_sk,IND_avg,IND_sd,IND_r1,IND_kr,IND_sk
99,0.2688000000,0.0680188209,0.1472018208,2.9083517245,0.4079445056,0.2068000000,0.0596804826,0.2586971670,2.8540209537,0.4078969801,0.5244000000,0.0720322150,0.1046974229,2.7019058482,-0.0773118164,0.5244000000,0.0720322150,0.1046974229,2.7019058482,-0.0773118164
