Instance,INF_avg,INF_sd,INF_r1,INF_kr,INF_sk,SUP_avg,SUP_sd,SUP_r1,SUP_kr,SUP_sk,INC_avg,INC_sd,INC_r1,INC_kr,INC_sk,IND_avg,IND_sd,IND_r1,IND_kr,IND_sk
251,0.2540000000,0.0926498786,-0.0658324826,5.4584315170,0.9014486214,0.2540000000,0.0958331884,0.0302092556,3.6409901632,0.9597742132,0.4920000000,0.1205653350,-0.0394421083,2.9980511824,-0.6765183960,0.4920000000,0.1205653350,-0.0394421083,2.9980511824,-0.6765183960
