Instance,INF_avg,INF_sd,INF_r1,INF_kr,INF_sk,SUP_avg,SUP_sd,SUP_r1,SUP_kr,SUP_sk,INC_avg,INC_sd,INC_r1,INC_kr,INC_sk,IND_avg,IND_sd,IND_r1,IND_kr,IND_sk
270,0.2601000000,0.0406077579,-0.0712844774,2.7799160934,0.0053060412,0.2445000000,0.0465268740,0.0147839542,3.7879102216,0.4086093926,0.4954000000,0.0536734571,0.0752299124,2.1249368115,0.2089765741,0.4954000000,0.0536734571,0.0752299124,2.1249368115,0.2089765741
