Instance,INF_avg,INF_sd,INF_r1,INF_kr,INF_sk,SUP_avg,SUP_sd,SUP_r1,SUP_kr,SUP_sk,INC_avg,INC_sd,INC_r1,INC_kr,INC_sk,IND_avg,IND_sd,IND_r1,IND_kr,IND_sk
212,0.2100000000,0.0860232527,0.4447657606,1.9506939372,0.0188509684,0.3440000000,0.1032666451,0.2838492820,2.9589752089,0.5695130586,0.4460000000,0.1112834219,0.0334154439,1.7299403582,-0.2041369134,0.4460000000,0.1112834219,0.0334154439,1.7299403582,-0.2041369134
