Instance,INF_avg,INF_sd,INF_r1,INF_kr,INF_sk,SUP_avg,SUP_sd,SUP_r1,SUP_kr,SUP_sk,INC_avg,INC_sd,INC_r1,INC_kr,INC_sk,IND_avg,IND_sd,IND_r1,IND_kr,IND_sk
422,0.2630000000,0.0278567766,0.1930649579,2.1013325008,-0.4527022255,0.2284000000,0.0276665863,-0.0757011671,1.9898276424,0.2043814109,0.5086000000,0.0287235095,0.0839962634,2.4629516054,0.1284035071,0.5086000000,0.0287235095,0.0839962634,2.4629516054,0.1284035071
