Instance,INF_avg,INF_sd,INF_r1,INF_kr,INF_sk,SUP_avg,SUP_sd,SUP_r1,SUP_kr,SUP_sk,INC_avg,INC_sd,INC_r1,INC_kr,INC_sk,IND_avg,IND_sd,IND_r1,IND_kr,IND_sk
229,0.2720000000,0.0611882342,0.0279717228,3.7696142888,0.7304068879,0.2440000000,0.0663324958,0.1653208046,3.1391471074,0.3851670376,0.4840000000,0.0684689711,0.1171746856,3.0092487973,-0.2990816917,0.4840000000,0.0684689711,0.1171746856,3.0092487973,-0.2990816917
