Instance,INF_avg,INF_sd,INF_r1,INF_kr,INF_sk,SUP_avg,SUP_sd,SUP_r1,SUP_kr,SUP_sk,INC_avg,INC_sd,INC_r1,INC_kr,INC_sk,IND_avg,IND_sd,IND_r1,IND_kr,IND_sk
380,0.2640000000,0.1005186550,-0.1921815809,2.1900848750,0.0569965461,0.2140000000,0.0806473806,-0.2287358032,2.8763156820,0.4558132864,0.5220000000,0.0970360758,-0.2840115370,2.0121216693,0.3205632747,0.5220000000,0.0970360758,-0.2840115370,2.0121216693,0.3205632747
