Instance,INF_avg,INF_sd,INF_r1,INF_kr,INF_sk,SUP_avg,SUP_sd,SUP_r1,SUP_kr,SUP_sk,INC_avg,INC_sd,INC_r1,INC_kr,INC_sk,IND_avg,IND_sd,IND_r1,IND_kr,IND_sk
137,0.1850000000,0.1119151464,0.0606732514,1.9613348154,0.0032103022,0.3200000000,0.0781024968,0.0181518152,2.2270894921,0.4218920142,0.4950000000,0.1011187421,0.5212899975,2.3807664947,0.3539860197,0.4950000000,0.1011187421,0.5212899975,2.3807664947,0.3539860197
