Instance,INF_avg,INF_sd,INF_r1,INF_kr,INF_sk,SUP_avg,SUP_sd,SUP_r1,SUP_kr,SUP_sk,INC_avg,INC_sd,INC_r1,INC_kr,INC_sk,IND_avg,IND_sd,IND_r1,IND_kr,IND_sk
427,0.2548000000,0.0678008849,-0.0441171287,3.1522378512,0.4856717681,0.2696000000,0.0625766730,-0.1051505147,2.9786342999,-0.0113488626,0.4756000000,0.0724198868,0.0357800486,2.7309473767,-0.0445625185,0.4756000000,0.0724198868,0.0357800486,2.7309473767,-0.0445625185
