Instance,INF_avg,INF_sd,INF_r1,INF_kr,INF_sk,SUP_avg,SUP_sd,SUP_r1,SUP_kr,SUP_sk,INC_avg,INC_sd,INC_r1,INC_kr,INC_sk,IND_avg,IND_sd,IND_r1,IND_kr,IND_sk
495,0.2616000000,0.0706359682,0.2283063682,2.5940208316,0.2607200541,0.2484000000,0.0702099708,0.2083512281,3.5209423610,0.1719333242,0.4900000000,0.0707389567,-0.1387387387,3.3553492937,0.2162847870,0.4900000000,0.0707389567,-0.1387387387,3.3553492937,0.2162847870
