Instance,INF_avg,INF_sd,INF_r1,INF_kr,INF_sk,SUP_avg,SUP_sd,SUP_r1,SUP_kr,SUP_sk,INC_avg,INC_sd,INC_r1,INC_kr,INC_sk,IND_avg,IND_sd,IND_r1,IND_kr,IND_sk
199,0.2550000000,0.0230217289,-0.0288461538,2.2792808829,0.2950452970,0.2170000000,0.0276767050,-0.2141236150,2.8160461930,-0.6145651506,0.5280000000,0.0238956063,-0.1243641466,2.6558837692,0.4239104493,0.5280000000,0.0238956063,-0.1243641466,2.6558837692,0.4239104493
