Instance,INF_avg,INF_sd,INF_r1,INF_kr,INF_sk,SUP_avg,SUP_sd,SUP_r1,SUP_kr,SUP_sk,INC_avg,INC_sd,INC_r1,INC_kr,INC_sk,IND_avg,IND_sd,IND_r1,IND_kr,IND_sk
16,0.3120000000,0.0775628777,-0.4136825227,2.4330296514,-0.4369824589,0.3560000000,0.0598665182,-0.8630338733,1.5061383929,0.0590599619,0.3320000000,0.0825590698,0.0310077519,1.5105137869,0.5418228972,0.3320000000,0.0825590698,0.0310077519,1.5105137869,0.5418228972
