Instance,INF_avg,INF_sd,INF_r1,INF_kr,INF_sk,SUP_avg,SUP_sd,SUP_r1,SUP_kr,SUP_sk,INC_avg,INC_sd,INC_r1,INC_kr,INC_sk,IND_avg,IND_sd,IND_r1,IND_kr,IND_sk
309,0.3400000000,0.1428285686,-0.3772455090,1.7866205306,0.5106903836,0.2300000000,0.1268857754,0.2366412214,2.7135141391,0.8928654540,0.4300000000,0.1100000000,-0.2316968131,1.7606037839,0.2885048835,0.4300000000,0.1100000000,-0.2316968131,1.7606037839,0.2885048835
