Instance,INF_avg,INF_sd,INF_r1,INF_kr,INF_sk,SUP_avg,SUP_sd,SUP_r1,SUP_kr,SUP_sk,INC_avg,INC_sd,INC_r1,INC_kr,INC_sk,IND_avg,IND_sd,IND_r1,IND_kr,IND_sk
408,0.2511500000,0.0322634081,0.2014933173,2.7398829212,-0.1344833375,0.2688500000,0.0337628124,-0.1027320429,3.9307635475,0.1634446664,0.4800000000,0.0352349259,-0.0606490872,3.0898713750,-0.1824243492,0.4800000000,0.0352349259,-0.0606490872,3.0898713750,-0.1824243492
