Instance,INF_avg,INF_sd,INF_r1,INF_kr,INF_sk,SUP_avg,SUP_sd,SUP_r1,SUP_kr,SUP_sk,INC_avg,INC_sd,INC_r1,INC_kr,INC_sk,IND_avg,IND_sd,IND_r1,IND_kr,IND_sk
148,0.2700000000,0.0989949494,-0.1198519204,2.5791336943,0.2721227263,0.2220000000,0.0928224111,0.2582100123,2.8961044167,0.3197167567,0.5080000000,0.1074057727,0.0217569603,2.0192631016,-0.2561481427,0.5080000000,0.1074057727,0.0217569603,2.0192631016,-0.2561481427
