Instance,INF_avg,INF_sd,INF_r1,INF_kr,INF_sk,SUP_avg,SUP_sd,SUP_r1,SUP_kr,SUP_sk,INC_avg,INC_sd,INC_r1,INC_kr,INC_sk,IND_avg,IND_sd,IND_r1,IND_kr,IND_sk
396,0.2758928571,0.1026397442,-0.0246729528,2.5288278935,0.3274159189,0.2250000000,0.0986516237,-0.0265486726,2.9240804646,0.1673947255,0.4991071429,0.1050047071,-0.0549522437,3.4498007573,0.5209927288,0.4991071429,0.1050047071,-0.0549522437,3.4498007573,0.5209927288
