Instance,INF_avg,INF_sd,INF_r1,INF_kr,INF_sk,SUP_avg,SUP_sd,SUP_r1,SUP_kr,SUP_sk,INC_avg,INC_sd,INC_r1,INC_kr,INC_sk,IND_avg,IND_sd,IND_r1,IND_kr,IND_sk
301,0.2837000000,0.0324932301,0.0146767159,3.0071933824,0.0885354177,0.2281000000,0.0336435729,-0.1043987296,3.1427357085,-0.1731545525,0.4882000000,0.0379309900,-0.0490347061,2.8399037833,-0.1689436925,0.4882000000,0.0379309900,-0.0490347061,2.8399037833,-0.1689436925
