Instance,INF_avg,INF_sd,INF_r1,INF_kr,INF_sk,SUP_avg,SUP_sd,SUP_r1,SUP_kr,SUP_sk,INC_avg,INC_sd,INC_r1,INC_kr,INC_sk,IND_avg,IND_sd,IND_r1,IND_kr,IND_sk
187,0.2660000000,0.1210123961,-0.0579190046,2.1953227211,0.1314774974,0.2800000000,0.1296148140,-0.1838970939,2.8911564626,0.2094116892,0.4540000000,0.1472548811,-0.0450205345,2.0549998892,-0.0407982921,0.4540000000,0.1472548811,-0.0450205345,2.0549998892,-0.0407982921
