Instance,INF_avg,INF_sd,INF_r1,INF_kr,INF_sk,SUP_avg,SUP_sd,SUP_r1,SUP_kr,SUP_sk,INC_avg,INC_sd,INC_r1,INC_kr,INC_sk,IND_avg,IND_sd,IND_r1,IND_kr,IND_sk
300,0.4532876712,0.1035672608,0.7220356997,2.3090214762,-0.1727056264,0.1080821918,0.0634831629,0.7893644303,2.7746616552,0.6144128571,0.4386301370,0.0629194252,0.2300676814,2.9883062989,-0.0669924490,0.4386301370,0.0629194252,0.2300676814,2.9883062989,-0.0669924490
