Instance,INF_avg,INF_sd,INF_r1,INF_kr,INF_sk,SUP_avg,SUP_sd,SUP_r1,SUP_kr,SUP_sk,INC_avg,INC_sd,INC_r1,INC_kr,INC_sk,IND_avg,IND_sd,IND_r1,IND_kr,IND_sk
282,0.2400000000,0.1113552873,0.6013289037,1.6305931322,0.0347623165,0.3100000000,0.0943398113,-0.6069221261,2.9714682490,-0.9146947998,0.4500000000,0.1204159458,-0.3877551020,2.5980975030,-0.6872729367,0.4500000000,0.1204159458,-0.3877551020,2.5980975030,-0.6872729367
