Instance,INF_avg,INF_sd,INF_r1,INF_kr,INF_sk,SUP_avg,SUP_sd,SUP_r1,SUP_kr,SUP_sk,INC_avg,INC_sd,INC_r1,INC_kr,INC_sk,IND_avg,IND_sd,IND_r1,IND_kr,IND_sk
388,0.2320000000,0.1018626526,-0.0793795334,1.9434627326,0.1808412701,0.2400000000,0.0836660027,-0.3610149942,3.6730612245,-0.4507719327,0.5280000000,0.1175414820,-0.2776539685,2.6961935659,-0.3340589052,0.5280000000,0.1175414820,-0.2776539685,2.6961935659,-0.3340589052
