Instance,INF_avg,INF_sd,INF_r1,INF_kr,INF_sk,SUP_avg,SUP_sd,SUP_r1,SUP_kr,SUP_sk,INC_avg,INC_sd,INC_r1,INC_kr,INC_sk,IND_avg,IND_sd,IND_r1,IND_kr,IND_sk
3,0.4557758621,0.1197421861,0.8945997994,2.0810786726,-0.2542875910,0.1015086207,0.0870226383,0.9201836717,2.5713179949,0.8540072639,0.4427155172,0.0518011460,0.4476967240,2.8991990365,-0.2473450439,0.4427155172,0.0518011460,0.4476967240,2.8991990365,-0.2473450439
