Instance,INF_avg,INF_sd,INF_r1,INF_kr,INF_sk,SUP_avg,SUP_sd,SUP_r1,SUP_kr,SUP_sk,INC_avg,INC_sd,INC_r1,INC_kr,INC_sk,IND_avg,IND_sd,IND_r1,IND_kr,IND_sk
403,0.2440000000,0.0903548560,0.0289746011,2.8510841325,0.0164954705,0.2640000000,0.1058489490,0.1088980812,3.0470192150,0.2754695071,0.4920000000,0.1148303096,0.0373033403,2.4868535678,-0.2149875974,0.4920000000,0.1148303096,0.0373033403,2.4868535678,-0.2149875974
