Instance,INF_avg,INF_sd,INF_r1,INF_kr,INF_sk,SUP_avg,SUP_sd,SUP_r1,SUP_kr,SUP_sk,INC_avg,INC_sd,INC_r1,INC_kr,INC_sk,IND_avg,IND_sd,IND_r1,IND_kr,IND_sk
39,0.3349425287,0.0852430408,0.3857376060,2.8395901735,0.2239229486,0.1294252874,0.0698661499,0.5868361871,2.8989131517,0.5389662807,0.5356321839,0.0710140208,0.1240553769,2.8483551218,-0.3393086518,0.5356321839,0.0710140208,0.1240553769,2.8483551218,-0.3393086518
