Instance,INF_avg,INF_sd,INF_r1,INF_kr,INF_sk,SUP_avg,SUP_sd,SUP_r1,SUP_kr,SUP_sk,INC_avg,INC_sd,INC_r1,INC_kr,INC_sk,IND_avg,IND_sd,IND_r1,IND_kr,IND_sk
263,0.2440000000,0.1387948126,-0.1078553197,2.4031550424,0.2139203141,0.2710000000,0.1518519015,0.0253177993,2.2118467025,-0.0341214313,0.4850000000,0.1627114010,-0.0809228357,2.7801710417,0.2843108901,0.4850000000,0.1627114010,-0.0809228357,2.7801710417,0.2843108901
