Instance,INF_avg,INF_sd,INF_r1,INF_kr,INF_sk,SUP_avg,SUP_sd,SUP_r1,SUP_kr,SUP_sk,INC_avg,INC_sd,INC_r1,INC_kr,INC_sk,IND_avg,IND_sd,IND_r1,IND_kr,IND_sk
122,0.2480000000,0.0380263067,-0.8957136544,1.5919348267,-0.1157748414,0.2730000000,0.0260000000,-0.1083830235,1.3330503134,0.0491579426,0.4790000000,0.0463033476,-0.6352869724,2.6618652888,0.9937911746,0.4790000000,0.0463033476,-0.6352869724,2.6618652888,0.9937911746
