Instance,INF_avg,INF_sd,INF_r1,INF_kr,INF_sk,SUP_avg,SUP_sd,SUP_r1,SUP_kr,SUP_sk,INC_avg,INC_sd,INC_r1,INC_kr,INC_sk,IND_avg,IND_sd,IND_r1,IND_kr,IND_sk
206,0.2466000000,0.0641594888,0.2160698370,2.9544756519,0.2278114852,0.2464000000,0.0506264753,0.0860952871,3.1280519811,0.4832660958,0.5070000000,0.0641794360,0.0961817303,3.0314853785,-0.1377011469,0.5070000000,0.0641794360,0.0961817303,3.0314853785,-0.1377011469
