Instance,INF_avg,INF_sd,INF_r1,INF_kr,INF_sk,SUP_avg,SUP_sd,SUP_r1,SUP_kr,SUP_sk,INC_avg,INC_sd,INC_r1,INC_kr,INC_sk,IND_avg,IND_sd,IND_r1,IND_kr,IND_sk
72,0.3050000000,0.0973396117,0.0721594965,2.9676554744,0.2252538406,0.2940000000,0.1134195750,-0.0086569587,2.4779811878,0.2667992821,0.4010000000,0.1131326655,-0.1254608357,2.8350791760,0.3015238448,0.4010000000,0.1131326655,-0.1254608357,2.8350791760,0.3015238448
