Instance,INF_avg,INF_sd,INF_r1,INF_kr,INF_sk,SUP_avg,SUP_sd,SUP_r1,SUP_kr,SUP_sk,INC_avg,INC_sd,INC_r1,INC_kr,INC_sk,IND_avg,IND_sd,IND_r1,IND_kr,IND_sk
377,0.2600000000,0.0473286383,-0.3090909091,2.9719387755,-0.4074850871,0.2040000000,0.0496386946,-0.0837765957,2.2095631641,0.3987253887,0.5360000000,0.0591945943,-0.2174508908,2.1885907300,0.3110243276,0.5360000000,0.0591945943,-0.2174508908,2.1885907300,0.3110243276
