Instance,INF_avg,INF_sd,INF_r1,INF_kr,INF_sk,SUP_avg,SUP_sd,SUP_r1,SUP_kr,SUP_sk,INC_avg,INC_sd,INC_r1,INC_kr,INC_sk,IND_avg,IND_sd,IND_r1,IND_kr,IND_sk
406,0.2760000000,0.1080462864,0.0079406073,3.4051799370,0.2611143691,0.2395000000,0.1000737228,0.0549097415,2.6437573870,0.2074131792,0.4845000000,0.1135110127,-0.0791317343,2.5051173797,0.0216160212,0.4845000000,0.1135110127,-0.0791317343,2.5051173797,0.0216160212
