Instance,INF_avg,INF_sd,INF_r1,INF_kr,INF_sk,SUP_avg,SUP_sd,SUP_r1,SUP_kr,SUP_sk,INC_avg,INC_sd,INC_r1,INC_kr,INC_sk,IND_avg,IND_sd,IND_r1,IND_kr,IND_sk
492,0.2420000000,0.0966229786,-0.1474900275,4.6265852063,1.2244874496,0.2720000000,0.0884081444,-0.0533563530,3.9789000648,0.0122952589,0.4860000000,0.1005186550,0.0943091235,4.0519565638,0.1202315201,0.4860000000,0.1005186550,0.0943091235,4.0519565638,0.1202315201
