Instance,INF_avg,INF_sd,INF_r1,INF_kr,INF_sk,SUP_avg,SUP_sd,SUP_r1,SUP_kr,SUP_sk,INC_avg,INC_sd,INC_r1,INC_kr,INC_sk,IND_avg,IND_sd,IND_r1,IND_kr,IND_sk
256,0.2540000000,0.1329812017,-0.0595362800,4.3343940860,0.9855796054,0.2780000000,0.1188107739,-0.1719040296,2.8779054590,0.5737792209,0.4680000000,0.1580379701,-0.1354602108,2.4458429997,-0.1341563278,0.4680000000,0.1580379701,-0.1354602108,2.4458429997,-0.1341563278
