Instance,INF_avg,INF_sd,INF_r1,INF_kr,INF_sk,SUP_avg,SUP_sd,SUP_r1,SUP_kr,SUP_sk,INC_avg,INC_sd,INC_r1,INC_kr,INC_sk,IND_avg,IND_sd,IND_r1,IND_kr,IND_sk
182,0.2594000000,0.0438593206,0.2353030262,2.5874703080,-0.0058935011,0.2633000000,0.0477714350,0.1121116513,3.1575120169,0.1801617460,0.4773000000,0.0448520903,0.1043042394,2.3157194470,-0.0309817648,0.4773000000,0.0448520903,0.1043042394,2.3157194470,-0.0309817648
