Instance,INF_avg,INF_sd,INF_r1,INF_kr,INF_sk,SUP_avg,SUP_sd,SUP_r1,SUP_kr,SUP_sk,INC_avg,INC_sd,INC_r1,INC_kr,INC_sk,IND_avg,IND_sd,IND_r1,IND_kr,IND_sk
411,0.3120000000,0.1107068200,0.1426125967,1.9829060120,0.1157527730,0.2000000000,0.1095445115,-0.1724137931,2.1666666667,-0.0000000000,0.4880000000,0.1336263447,0.3160927925,2.9315624157,0.0186686515,0.4880000000,0.1336263447,0.3160927925,2.9315624157,0.0186686515
