Instance,INF_avg,INF_sd,INF_r1,INF_kr,INF_sk,SUP_avg,SUP_sd,SUP_r1,SUP_kr,SUP_sk,INC_avg,INC_sd,INC_r1,INC_kr,INC_sk,IND_avg,IND_sd,IND_r1,IND_kr,IND_sk
412,0.2950000000,0.1105667219,0.3818835693,2.0020700817,0.2929691454,0.2750000000,0.0873212460,-0.4246575342,2.5651706531,-0.3379268858,0.4300000000,0.0812403840,0.4026186579,2.8195592287,0.3804646085,0.4300000000,0.0812403840,0.4026186579,2.8195592287,0.3804646085
