Instance,INF_avg,INF_sd,INF_r1,INF_kr,INF_sk,SUP_avg,SUP_sd,SUP_r1,SUP_kr,SUP_sk,INC_avg,INC_sd,INC_r1,INC_kr,INC_sk,IND_avg,IND_sd,IND_r1,IND_kr,IND_sk
396,0.2450000000,0.0494469413,-0.5550891920,1.5345578180,0.1265532013,0.2380000000,0.0399499687,-0.8131716726,2.3168635875,-0.3139264883,0.5170000000,0.0464865572,-0.4677487058,2.4615270794,-0.8304411461,0.5170000000,0.0464865572,-0.4677487058,2.4615270794,-0.8304411461
