Instance,INF_avg,INF_sd,INF_r1,INF_kr,INF_sk,SUP_avg,SUP_sd,SUP_r1,SUP_kr,SUP_sk,INC_avg,INC_sd,INC_r1,INC_kr,INC_sk,IND_avg,IND_sd,IND_r1,IND_kr,IND_sk
278,0.3200000000,0.1228820573,-0.1159083361,2.8264988378,0.6257009276,0.1925000000,0.0965336729,0.1051023398,2.1523088902,-0.0791000141,0.4875000000,0.1094017824,-0.2853998533,3.0151204248,0.2917599635,0.4875000000,0.1094017824,-0.2853998533,3.0151204248,0.2917599635
