Instance,INF_avg,INF_sd,INF_r1,INF_kr,INF_sk,SUP_avg,SUP_sd,SUP_r1,SUP_kr,SUP_sk,INC_avg,INC_sd,INC_r1,INC_kr,INC_sk,IND_avg,IND_sd,IND_r1,IND_kr,IND_sk
369,0.2555555556,0.0831479419,-0.0146137787,2.4757653061,-0.1765833205,0.1888888889,0.0993807990,0.3944315545,3.7837500000,0.2236067977,0.5555555556,0.1422916497,-0.2338709677,2.4088340274,-0.1123689262,0.5555555556,0.1422916497,-0.2338709677,2.4088340274,-0.1123689262
