Instance,INF_avg,INF_sd,INF_r1,INF_kr,INF_sk,SUP_avg,SUP_sd,SUP_r1,SUP_kr,SUP_sk,INC_avg,INC_sd,INC_r1,INC_kr,INC_sk,IND_avg,IND_sd,IND_r1,IND_kr,IND_sk
161,0.2400000000,0.1428285686,-0.2674650699,2.2479815456,0.0988433000,0.3000000000,0.0632455532,-0.3333333333,2.5000000000,0.0000000000,0.4600000000,0.1200000000,0.0033783784,1.5138888889,-0.2361111111,0.4600000000,0.1200000000,0.0033783784,1.5138888889,-0.2361111111
