Instance,INF_avg,INF_sd,INF_r1,INF_kr,INF_sk,SUP_avg,SUP_sd,SUP_r1,SUP_kr,SUP_sk,INC_avg,INC_sd,INC_r1,INC_kr,INC_sk,IND_avg,IND_sd,IND_r1,IND_kr,IND_sk
145,0.2505000000,0.0291933212,-0.6426314069,2.8033619530,0.5550239383,0.2805000000,0.0241298570,0.0651301308,2.0551035620,0.1682609073,0.4690000000,0.0309677251,-0.5473641959,2.2688377818,-0.3610338247,0.4690000000,0.0309677251,-0.5473641959,2.2688377818,-0.3610338247
