Instance,INF_avg,INF_sd,INF_r1,INF_kr,INF_sk,SUP_avg,SUP_sd,SUP_r1,SUP_kr,SUP_sk,INC_avg,INC_sd,INC_r1,INC_kr,INC_sk,IND_avg,IND_sd,IND_r1,IND_kr,IND_sk
166,0.3050000000,0.0820060973,-0.2006489995,2.3136357983,0.7914906977,0.2450000000,0.0960468636,0.0958245719,2.6469914293,-0.3656751498,0.4500000000,0.0741619849,0.0952380952,2.4380165289,-0.7354907591,0.4500000000,0.0741619849,0.0952380952,2.4380165289,-0.7354907591
