Instance,INF_avg,INF_sd,INF_r1,INF_kr,INF_sk,SUP_avg,SUP_sd,SUP_r1,SUP_kr,SUP_sk,INC_avg,INC_sd,INC_r1,INC_kr,INC_sk,IND_avg,IND_sd,IND_r1,IND_kr,IND_sk
401,0.3149122807,0.0991033982,0.0743658261,2.4934765653,0.0971728030,0.1850877193,0.0945742595,-0.1065274971,2.9359363225,0.4484369273,0.5000000000,0.1119993734,-0.0425531915,3.0006601790,-0.2903362896,0.5000000000,0.1119993734,-0.0425531915,3.0006601790,-0.2903362896
