Instance,INF_avg,INF_sd,INF_r1,INF_kr,INF_sk,SUP_avg,SUP_sd,SUP_r1,SUP_kr,SUP_sk,INC_avg,INC_sd,INC_r1,INC_kr,INC_sk,IND_avg,IND_sd,IND_r1,IND_kr,IND_sk
375,0.1700000000,0.0812403840,-0.1963190184,2.2685950413,0.1790421687,0.3000000000,0.0894427191,-0.8000000000,1.9531250000,0.6288941187,0.5300000000,0.1029563014,-0.7983367983,2.2821288715,-0.6927284075,0.5300000000,0.1029563014,-0.7983367983,2.2821288715,-0.6927284075
