Instance,INF_avg,INF_sd,INF_r1,INF_kr,INF_sk,SUP_avg,SUP_sd,SUP_r1,SUP_kr,SUP_sk,INC_avg,INC_sd,INC_r1,INC_kr,INC_sk,IND_avg,IND_sd,IND_r1,IND_kr,IND_sk
488,0.3050000000,0.0522015325,0.0981169475,2.9675111523,-0.2003526542,0.2050000000,0.0610327781,0.1067830759,4.8059546867,-1.1810135337,0.4900000000,0.0624499800,-0.1898395722,4.7909270217,1.3056603310,0.4900000000,0.0624499800,-0.1898395722,4.7909270217,1.3056603310
