Instance,INF_avg,INF_sd,INF_r1,INF_kr,INF_sk,SUP_avg,SUP_sd,SUP_r1,SUP_kr,SUP_sk,INC_avg,INC_sd,INC_r1,INC_kr,INC_sk,IND_avg,IND_sd,IND_r1,IND_kr,IND_sk
380,0.2600000000,0.0800000000,0.1841004184,1.4189453125,-0.0351562500,0.2400000000,0.0800000000,-0.0804020101,2.5908203125,-0.5507812500,0.5000000000,0.1303840481,0.8333333333,1.6003460208,-0.4060402882,0.5000000000,0.1303840481,0.8333333333,1.6003460208,-0.4060402882
