Instance,INF_avg,INF_sd,INF_r1,INF_kr,INF_sk,SUP_avg,SUP_sd,SUP_r1,SUP_kr,SUP_sk,INC_avg,INC_sd,INC_r1,INC_kr,INC_sk,IND_avg,IND_sd,IND_r1,IND_kr,IND_sk
71,0.2360000000,0.0527636238,-0.5153538051,2.3953626635,-0.9593861448,0.2600000000,0.0606630036,-0.5000000000,1.4413988658,-0.1290092231,0.5040000000,0.0557135531,-0.3892013498,2.6687745775,-1.0391889224,0.5040000000,0.0557135531,-0.3892013498,2.6687745775,-1.0391889224
