Instance,INF_avg,INF_sd,INF_r1,INF_kr,INF_sk,SUP_avg,SUP_sd,SUP_r1,SUP_kr,SUP_sk,INC_avg,INC_sd,INC_r1,INC_kr,INC_sk,IND_avg,IND_sd,IND_r1,IND_kr,IND_sk
399,0.2872000000,0.0676177491,0.2628660310,3.1476795852,0.2910736777,0.2088000000,0.0568731923,0.1656946930,2.5342643729,0.2296488409,0.5040000000,0.0839047079,0.0541456800,2.5435330579,0.2073781132,0.5040000000,0.0839047079,0.0541456800,2.5435330579,0.2073781132
