Instance,INF_avg,INF_sd,INF_r1,INF_kr,INF_sk,SUP_avg,SUP_sd,SUP_r1,SUP_kr,SUP_sk,INC_avg,INC_sd,INC_r1,INC_kr,INC_sk,IND_avg,IND_sd,IND_r1,IND_kr,IND_sk
497,0.1700000000,0.0900000000,-0.9001919386,2.2583447645,-0.1975308642,0.4200000000,0.1720465053,0.1727941176,1.7479912345,0.0424146790,0.4100000000,0.1700000000,-0.0400866739,2.2022844554,0.5764298799,0.4100000000,0.1700000000,-0.0400866739,2.2022844554,0.5764298799
