Instance,INF_avg,INF_sd,INF_r1,INF_kr,INF_sk,SUP_avg,SUP_sd,SUP_r1,SUP_kr,SUP_sk,INC_avg,INC_sd,INC_r1,INC_kr,INC_sk,IND_avg,IND_sd,IND_r1,IND_kr,IND_sk
306,0.2654000000,0.0396085849,0.1447429806,2.5470230080,0.2035311100,0.2380000000,0.0450777107,0.2584353715,2.2674065348,-0.2017513324,0.4966000000,0.0484400661,0.0109480431,2.7517416471,-0.2618912593,0.4966000000,0.0484400661,0.0109480431,2.7517416471,-0.2618912593
