Instance,INF_avg,INF_sd,INF_r1,INF_kr,INF_sk,SUP_avg,SUP_sd,SUP_r1,SUP_kr,SUP_sk,INC_avg,INC_sd,INC_r1,INC_kr,INC_sk,IND_avg,IND_sd,IND_r1,IND_kr,IND_sk
39,0.2204000000,0.0455613872,-0.1961275053,3.0991577373,0.5272774741,0.2880000000,0.0424264069,-0.0242635867,3.7503111111,0.1640487732,0.4916000000,0.0522057468,-0.0487916932,2.0016903598,0.1132512007,0.4916000000,0.0522057468,-0.0487916932,2.0016903598,0.1132512007
