Instance,INF_avg,INF_sd,INF_r1,INF_kr,INF_sk,SUP_avg,SUP_sd,SUP_r1,SUP_kr,SUP_sk,INC_avg,INC_sd,INC_r1,INC_kr,INC_sk,IND_avg,IND_sd,IND_r1,IND_kr,IND_sk
13,0.2480000000,0.0682348884,-0.3212163579,2.1989230170,-0.2223973407,0.2420000000,0.0582752091,0.0536503764,1.8092330616,0.2406031934,0.5100000000,0.0614817046,-0.5014164306,2.0857478794,-0.4956952751,0.5100000000,0.0614817046,-0.5014164306,2.0857478794,-0.4956952751
