Instance,INF_avg,INF_sd,INF_r1,INF_kr,INF_sk,SUP_avg,SUP_sd,SUP_r1,SUP_kr,SUP_sk,INC_avg,INC_sd,INC_r1,INC_kr,INC_sk,IND_avg,IND_sd,IND_r1,IND_kr,IND_sk
369,0.2650000000,0.0867467579,0.0536487837,1.5440999547,0.1080013939,0.2450000000,0.0878919792,-0.1964107677,3.7584126685,0.8152107408,0.4900000000,0.1462873884,-0.1240494297,3.5365970827,-0.8088035361,0.4900000000,0.1462873884,-0.1240494297,3.5365970827,-0.8088035361
