Instance,INF_avg,INF_sd,INF_r1,INF_kr,INF_sk,SUP_avg,SUP_sd,SUP_r1,SUP_kr,SUP_sk,INC_avg,INC_sd,INC_r1,INC_kr,INC_sk,IND_avg,IND_sd,IND_r1,IND_kr,IND_sk
163,0.2280000000,0.0231516738,-0.6666666667,2.1988193362,-0.3365218792,0.2560000000,0.0249799920,-0.1080711354,2.5103550296,-1.0038803489,0.5160000000,0.0287054002,-0.7325056433,1.8296257894,-0.4078932113,0.5160000000,0.0287054002,-0.7325056433,1.8296257894,-0.4078932113
