Instance,INF_avg,INF_sd,INF_r1,INF_kr,INF_sk,SUP_avg,SUP_sd,SUP_r1,SUP_kr,SUP_sk,INC_avg,INC_sd,INC_r1,INC_kr,INC_sk,IND_avg,IND_sd,IND_r1,IND_kr,IND_sk
7,0.2390000000,0.0361801050,0.2444583203,1.6607461653,-0.0711996889,0.2360000000,0.0265329983,-0.1974009901,1.7084839876,-0.1117819047,0.5250000000,0.0374833296,-0.0136452242,3.0686668102,-0.8601688591,0.5250000000,0.0374833296,-0.0136452242,3.0686668102,-0.8601688591
