Instance,INF_avg,INF_sd,INF_r1,INF_kr,INF_sk,SUP_avg,SUP_sd,SUP_r1,SUP_kr,SUP_sk,INC_avg,INC_sd,INC_r1,INC_kr,INC_sk,IND_avg,IND_sd,IND_r1,IND_kr,IND_sk
446,0.2140000000,0.0300665928,0.1518650089,2.5084579842,-0.7841001948,0.2980000000,0.0248193473,-0.3760217984,2.0324675325,0.6216348580,0.4880000000,0.0354400903,-0.4993564994,2.5473852895,0.5693649136,0.4880000000,0.0354400903,-0.4993564994,2.5473852895,0.5693649136
