Instance,INF_avg,INF_sd,INF_r1,INF_kr,INF_sk,SUP_avg,SUP_sd,SUP_r1,SUP_kr,SUP_sk,INC_avg,INC_sd,INC_r1,INC_kr,INC_sk,IND_avg,IND_sd,IND_r1,IND_kr,IND_sk
126,0.3000000000,0.0894427191,0.0833333333,1.9531250000,0.6288941187,0.2300000000,0.0748331477,-0.3235294118,1.8469387755,0.3436215967,0.4700000000,0.0979795897,-0.1869747899,2.4361979167,-0.5677202789,0.4700000000,0.0979795897,-0.1869747899,2.4361979167,-0.5677202789
