Instance,INF_avg,INF_sd,INF_r1,INF_kr,INF_sk,SUP_avg,SUP_sd,SUP_r1,SUP_kr,SUP_sk,INC_avg,INC_sd,INC_r1,INC_kr,INC_sk,IND_avg,IND_sd,IND_r1,IND_kr,IND_sk
336,0.2800000000,0.0357770876,-0.1333333333,1.9531250000,0.6288941187,0.2720000000,0.0466476152,-0.1643835616,2.8445069204,1.0554729100,0.4480000000,0.0466476152,0.1011235955,1.6280276817,0.3631734744,0.4480000000,0.0466476152,0.1011235955,1.6280276817,0.3631734744
