Instance,INF_avg,INF_sd,INF_r1,INF_kr,INF_sk,SUP_avg,SUP_sd,SUP_r1,SUP_kr,SUP_sk,INC_avg,INC_sd,INC_r1,INC_kr,INC_sk,IND_avg,IND_sd,IND_r1,IND_kr,IND_sk
351,0.2250000000,0.1479019946,-0.7254901961,2.0024489796,0.7244179326,0.2000000000,0.1322875656,-0.6000000000,2.0408163265,0.3239695483,0.5750000000,0.1639359631,0.0628571429,2.9794483505,0.4042985353,0.5750000000,0.1639359631,0.0628571429,2.9794483505,0.4042985353
