Instance,INF_avg,INF_sd,INF_r1,INF_kr,INF_sk,SUP_avg,SUP_sd,SUP_r1,SUP_kr,SUP_sk,INC_avg,INC_sd,INC_r1,INC_kr,INC_sk,IND_avg,IND_sd,IND_r1,IND_kr,IND_sk
183,0.2157000000,0.0435029884,0.1097171202,3.4295892713,0.5043479461,0.2431000000,0.0433288587,0.0060585691,3.0020642744,0.0004976571,0.5412000000,0.0463741307,0.1417894598,3.5367055842,0.1455550484,0.5412000000,0.0463741307,0.1417894598,3.5367055842,0.1455550484
