Instance,INF_avg,INF_sd,INF_r1,INF_kr,INF_sk,SUP_avg,SUP_sd,SUP_r1,SUP_kr,SUP_sk,INC_avg,INC_sd,INC_r1,INC_kr,INC_sk,IND_avg,IND_sd,IND_r1,IND_kr,IND_sk
359,0.3760000000,0.0880000000,0.0318853974,2.2152346151,-0.8519909842,0.1520000000,0.0499599840,-1.0061099796,1.3269230769,0.2278746804,0.4720000000,0.1121427662,-0.0999648011,2.7535982752,0.9404587783,0.4720000000,0.1121427662,-0.0999648011,2.7535982752,0.9404587783
