Instance,INF_avg,INF_sd,INF_r1,INF_kr,INF_sk,SUP_avg,SUP_sd,SUP_r1,SUP_kr,SUP_sk,INC_avg,INC_sd,INC_r1,INC_kr,INC_sk,IND_avg,IND_sd,IND_r1,IND_kr,IND_sk
44,0.3039682540,0.1113772323,0.1937505904,3.7788881629,0.4689380731,0.2047619048,0.0867006736,0.2145202385,3.3283682425,0.3830562305,0.4912698413,0.1135780560,0.0434009670,3.4297303391,-0.2063613418,0.4912698413,0.1135780560,0.0434009670,3.4297303391,-0.2063613418
