Instance,INF_avg,INF_sd,INF_r1,INF_kr,INF_sk,SUP_avg,SUP_sd,SUP_r1,SUP_kr,SUP_sk,INC_avg,INC_sd,INC_r1,INC_kr,INC_sk,IND_avg,IND_sd,IND_r1,IND_kr,IND_sk
288,0.2480000000,0.0466476152,0.2307692308,1.6280276817,0.3631734744,0.3080000000,0.0688186021,-0.5141955836,1.4295562454,-0.0459492356,0.4440000000,0.0823650411,0.1244788565,1.9266865433,0.4927443137,0.4440000000,0.0823650411,0.1244788565,1.9266865433,0.4927443137
