Instance,INF_avg,INF_sd,INF_r1,INF_kr,INF_sk,SUP_avg,SUP_sd,SUP_r1,SUP_kr,SUP_sk,INC_avg,INC_sd,INC_r1,INC_kr,INC_sk,IND_avg,IND_sd,IND_r1,IND_kr,IND_sk
423,0.2276000000,0.0555179250,-0.3631154024,1.9486098280,0.0834852031,0.2068000000,0.0397713465,-0.0999401114,2.3819720210,0.2902246708,0.5656000000,0.0523129047,-0.2692971253,2.4220637971,-0.0401725637,0.5656000000,0.0523129047,-0.2692971253,2.4220637971,-0.0401725637
