Instance,INF_avg,INF_sd,INF_r1,INF_kr,INF_sk,SUP_avg,SUP_sd,SUP_r1,SUP_kr,SUP_sk,INC_avg,INC_sd,INC_r1,INC_kr,INC_sk,IND_avg,IND_sd,IND_r1,IND_kr,IND_sk
442,0.2380000000,0.1278905782,-0.0394974741,2.2011310341,0.0671887648,0.2520000000,0.1345213738,0.2180279444,2.9335767742,0.5736419915,0.5100000000,0.1431782106,-0.0376147695,2.5430814991,0.5192233028,0.5100000000,0.1431782106,-0.0376147695,2.5430814991,0.5192233028
