Instance,INF_avg,INF_sd,INF_r1,INF_kr,INF_sk,SUP_avg,SUP_sd,SUP_r1,SUP_kr,SUP_sk,INC_avg,INC_sd,INC_r1,INC_kr,INC_sk,IND_avg,IND_sd,IND_r1,IND_kr,IND_sk
265,0.3771621622,0.0977243817,0.7952764290,2.1493398821,0.3433024138,0.1290540541,0.0689921445,0.7747377505,2.5620983569,0.3850255056,0.4937837838,0.0572264988,0.3017832907,2.4338432313,-0.0590484305,0.4937837838,0.0572264988,0.3017832907,2.4338432313,-0.0590484305
