Instance,INF_avg,INF_sd,INF_r1,INF_kr,INF_sk,SUP_avg,SUP_sd,SUP_r1,SUP_kr,SUP_sk,INC_avg,INC_sd,INC_r1,INC_kr,INC_sk,IND_avg,IND_sd,IND_r1,IND_kr,IND_sk
97,0.2625000000,0.0454835135,0.0683498099,3.3023360502,-0.5705065086,0.2343000000,0.0427376883,-0.0611801538,2.5443697697,-0.1966605908,0.5032000000,0.0492723046,-0.1805025652,2.6213008729,-0.0103598915,0.5032000000,0.0492723046,-0.1805025652,2.6213008729,-0.0103598915
