Instance,INF_avg,INF_sd,INF_r1,INF_kr,INF_sk,SUP_avg,SUP_sd,SUP_r1,SUP_kr,SUP_sk,INC_avg,INC_sd,INC_r1,INC_kr,INC_sk,IND_avg,IND_sd,IND_r1,IND_kr,IND_sk
284,0.3730000000,0.1175627492,0.1739911590,2.9993312429,0.5672478362,0.2090000000,0.0870000000,-0.2282817150,2.0808817303,0.1782953153,0.4180000000,0.1116960160,0.0735821708,2.8262553426,-0.4661118856,0.4180000000,0.1116960160,0.0735821708,2.8262553426,-0.4661118856
