Instance,INF_avg,INF_sd,INF_r1,INF_kr,INF_sk,SUP_avg,SUP_sd,SUP_r1,SUP_kr,SUP_sk,INC_avg,INC_sd,INC_r1,INC_kr,INC_sk,IND_avg,IND_sd,IND_r1,IND_kr,IND_sk
39,0.2409000000,0.0433380895,0.1273362843,3.4868811869,0.4083453948,0.3016000000,0.0421359704,-0.0794954545,2.6476912400,0.2667266685,0.4575000000,0.0507222831,0.0376261705,3.2500463790,0.0692838636,0.4575000000,0.0507222831,0.0376261705,3.2500463790,0.0692838636
