Instance,INF_avg,INF_sd,INF_r1,INF_kr,INF_sk,SUP_avg,SUP_sd,SUP_r1,SUP_kr,SUP_sk,INC_avg,INC_sd,INC_r1,INC_kr,INC_sk,IND_avg,IND_sd,IND_r1,IND_kr,IND_sk
380,0.1816000000,0.0462756956,0.0671844286,3.1770278917,-0.6010599018,0.2784000000,0.0556905737,-0.0320043846,3.1883838997,0.4715756669,0.5400000000,0.0595986577,-0.2027027027,3.0161918675,-0.6076683203,0.5400000000,0.0595986577,-0.2027027027,3.0161918675,-0.6076683203
