Instance,INF_avg,INF_sd,INF_r1,INF_kr,INF_sk,SUP_avg,SUP_sd,SUP_r1,SUP_kr,SUP_sk,INC_avg,INC_sd,INC_r1,INC_kr,INC_sk,IND_avg,IND_sd,IND_r1,IND_kr,IND_sk
81,0.2800000000,0.1456021978,-0.0041761579,3.6244215023,0.7775126261,0.2180000000,0.1366601624,-0.0694435990,2.1098506066,0.0962533206,0.5020000000,0.1749171232,0.1340473715,2.9035895428,-0.2996365141,0.5020000000,0.1749171232,0.1340473715,2.9035895428,-0.2996365141
