Instance,INF_avg,INF_sd,INF_r1,INF_kr,INF_sk,SUP_avg,SUP_sd,SUP_r1,SUP_kr,SUP_sk,INC_avg,INC_sd,INC_r1,INC_kr,INC_sk,IND_avg,IND_sd,IND_r1,IND_kr,IND_sk
321,0.2200000000,0.0933809402,-0.3431952663,1.7755239458,0.5482131623,0.2460000000,0.0514198405,-0.0774724422,3.3144138185,0.5839619719,0.5340000000,0.1062261738,-0.0408236849,1.4982552867,0.0314752485,0.5340000000,0.1062261738,-0.0408236849,1.4982552867,0.0314752485
