Instance,INF_avg,INF_sd,INF_r1,INF_kr,INF_sk,SUP_avg,SUP_sd,SUP_r1,SUP_kr,SUP_sk,INC_avg,INC_sd,INC_r1,INC_kr,INC_sk,IND_avg,IND_sd,IND_r1,IND_kr,IND_sk
265,0.2890000000,0.0270924344,0.1000502765,2.4409602863,-0.1620247822,0.2150000000,0.0258843582,-0.6230769231,2.5000000000,-0.5449035088,0.4960000000,0.0404227659,-0.7247261627,1.2799768985,-0.0942910616,0.4960000000,0.0404227659,-0.7247261627,1.2799768985,-0.0942910616
