Instance,INF_avg,INF_sd,INF_r1,INF_kr,INF_sk,SUP_avg,SUP_sd,SUP_r1,SUP_kr,SUP_sk,INC_avg,INC_sd,INC_r1,INC_kr,INC_sk,IND_avg,IND_sd,IND_r1,IND_kr,IND_sk
284,0.3090000000,0.0972985098,0.3580266384,2.5762056560,-0.2186217959,0.3102000000,0.0996592193,0.5784794916,5.6680578080,1.2536336123,0.3808000000,0.0879963636,0.4551198301,3.5689388481,0.5050509630,0.3808000000,0.0879963636,0.4551198301,3.5689388481,0.5050509630
