Instance,INF_avg,INF_sd,INF_r1,INF_kr,INF_sk,SUP_avg,SUP_sd,SUP_r1,SUP_kr,SUP_sk,INC_avg,INC_sd,INC_r1,INC_kr,INC_sk,IND_avg,IND_sd,IND_r1,IND_kr,IND_sk
374,0.3780000000,0.0882949602,0.0385628182,2.1898317302,0.6595273368,0.3240000000,0.0842852300,-0.1826988060,2.3802958364,0.0125057979,0.2980000000,0.0540000000,0.5052249947,2.5925304973,0.0146319159,0.2980000000,0.0540000000,0.5052249947,2.5925304973,0.0146319159
