Instance,INF_avg,INF_sd,INF_r1,INF_kr,INF_sk,SUP_avg,SUP_sd,SUP_r1,SUP_kr,SUP_sk,INC_avg,INC_sd,INC_r1,INC_kr,INC_sk,IND_avg,IND_sd,IND_r1,IND_kr,IND_sk
145,0.2285714286,0.1047348450,0.0173986486,2.0966360195,-0.3568575032,0.2017857143,0.1013146997,-0.3054819487,6.2993100437,1.3422588001,0.5696428571,0.1071874907,0.0418083826,2.0050806491,0.2017200197,0.5696428571,0.1071874907,0.0418083826,2.0050806491,0.2017200197
