Instance,INF_avg,INF_sd,INF_r1,INF_kr,INF_sk,SUP_avg,SUP_sd,SUP_r1,SUP_kr,SUP_sk,INC_avg,INC_sd,INC_r1,INC_kr,INC_sk,IND_avg,IND_sd,IND_r1,IND_kr,IND_sk
472,0.2700000000,0.1144552314,-0.5556529360,2.0375852223,-0.3961680990,0.3000000000,0.1140175425,-0.1250000000,1.7899408284,-0.1011990022,0.4300000000,0.1187434209,0.0292648108,2.2135204467,-0.3709052078,0.4300000000,0.1187434209,0.0292648108,2.2135204467,-0.3709052078
