Instance,INF_avg,INF_sd,INF_r1,INF_kr,INF_sk,SUP_avg,SUP_sd,SUP_r1,SUP_kr,SUP_sk,INC_avg,INC_sd,INC_r1,INC_kr,INC_sk,IND_avg,IND_sd,IND_r1,IND_kr,IND_sk
409,0.2633000000,0.0452560493,0.3231183515,2.7136203294,-0.2116987805,0.2550000000,0.0472757866,0.1609868044,2.8800954912,0.4591081300,0.4817000000,0.0480844050,0.2452002796,2.4958632256,0.1075167247,0.4817000000,0.0480844050,0.2452002796,2.4958632256,0.1075167247
