Instance,INF_avg,INF_sd,INF_r1,INF_kr,INF_sk,SUP_avg,SUP_sd,SUP_r1,SUP_kr,SUP_sk,INC_avg,INC_sd,INC_r1,INC_kr,INC_sk,IND_avg,IND_sd,IND_r1,IND_kr,IND_sk
279,0.2734000000,0.0303552302,0.2376196226,3.0445037205,0.4753936082,0.2496000000,0.0325244523,0.3053377789,2.6311944578,0.1351368089,0.4770000000,0.0343365694,0.1532467999,2.3970436843,0.0890007271,0.4770000000,0.0343365694,0.1532467999,2.3970436843,0.0890007271
