Instance,INF_avg,INF_sd,INF_r1,INF_kr,INF_sk,SUP_avg,SUP_sd,SUP_r1,SUP_kr,SUP_sk,INC_avg,INC_sd,INC_r1,INC_kr,INC_sk,IND_avg,IND_sd,IND_r1,IND_kr,IND_sk
280,0.1500000000,0.0316227766,0.0000000000,2.5000000000,0.0000000000,0.2900000000,0.0583095189,0.2910447761,1.6280276817,-0.3631734744,0.5600000000,0.0583095189,-0.2130177515,1.6280276817,0.3631734744,0.5600000000,0.0583095189,-0.2130177515,1.6280276817,0.3631734744
