Instance,INF_avg,INF_sd,INF_r1,INF_kr,INF_sk,SUP_avg,SUP_sd,SUP_r1,SUP_kr,SUP_sk,INC_avg,INC_sd,INC_r1,INC_kr,INC_sk,IND_avg,IND_sd,IND_r1,IND_kr,IND_sk
311,0.2120000000,0.1531535178,-0.0286112166,2.9750199613,0.6663725409,0.3240000000,0.1772681584,-0.0315416143,2.5874633422,0.1945342319,0.4640000000,0.1609471963,0.0965349766,3.2396014590,0.3080435910,0.4640000000,0.1609471963,0.0965349766,3.2396014590,0.3080435910
