Instance,INF_avg,INF_sd,INF_r1,INF_kr,INF_sk,SUP_avg,SUP_sd,SUP_r1,SUP_kr,SUP_sk,INC_avg,INC_sd,INC_r1,INC_kr,INC_sk,IND_avg,IND_sd,IND_r1,IND_kr,IND_sk
98,0.2800000000,0.0458257569,-0.0447761194,2.1020408163,0.0935219530,0.1700000000,0.0678232998,-0.3291139241,1.7967863894,-0.2692418330,0.5500000000,0.0921954446,-0.1600000000,2.2664359862,0.2871138412,0.5500000000,0.0921954446,-0.1600000000,2.2664359862,0.2871138412
