Instance,INF_avg,INF_sd,INF_r1,INF_kr,INF_sk,SUP_avg,SUP_sd,SUP_r1,SUP_kr,SUP_sk,INC_avg,INC_sd,INC_r1,INC_kr,INC_sk,IND_avg,IND_sd,IND_r1,IND_kr,IND_sk
11,0.2886000000,0.0310650930,0.0540306520,2.4554257375,0.1871610553,0.2354000000,0.0369572726,0.2754837825,2.9462565438,0.0574694722,0.4760000000,0.0351852242,-0.0836074377,2.5953359032,0.0730039154,0.4760000000,0.0351852242,-0.0836074377,2.5953359032,0.0730039154
