Instance,INF_avg,INF_sd,INF_r1,INF_kr,INF_sk,SUP_avg,SUP_sd,SUP_r1,SUP_kr,SUP_sk,INC_avg,INC_sd,INC_r1,INC_kr,INC_sk,IND_avg,IND_sd,IND_r1,IND_kr,IND_sk
115,0.2100000000,0.0830662386,-0.0526315789,2.4190296156,-0.1884300309,0.3200000000,0.1345362405,0.5078031212,2.4470254266,0.7108520261,0.4700000000,0.1077032961,0.3814878893,2.7557966706,-0.4634379345,0.4700000000,0.1077032961,0.3814878893,2.7557966706,-0.4634379345
