Instance,INF_avg,INF_sd,INF_r1,INF_kr,INF_sk,SUP_avg,SUP_sd,SUP_r1,SUP_kr,SUP_sk,INC_avg,INC_sd,INC_r1,INC_kr,INC_sk,IND_avg,IND_sd,IND_r1,IND_kr,IND_sk
222,0.3000000000,0.0707106781,0.6666666667,1.7000000000,0.0000000000,0.1600000000,0.0374165739,-0.0869565217,1.8469387755,-0.3436215967,0.5400000000,0.0969535971,0.3830334190,1.8155273880,0.6122692079,0.5400000000,0.0969535971,0.3830334190,1.8155273880,0.6122692079
