Instance,INF_avg,INF_sd,INF_r1,INF_kr,INF_sk,SUP_avg,SUP_sd,SUP_r1,SUP_kr,SUP_sk,INC_avg,INC_sd,INC_r1,INC_kr,INC_sk,IND_avg,IND_sd,IND_r1,IND_kr,IND_sk
278,0.5093506494,0.1584694461,0.8964942993,2.0200279553,-0.3480633774,0.1393506494,0.1026953338,0.8793737275,2.5287691700,0.7884470299,0.3512987013,0.0746654991,0.5262113971,2.9267088624,0.2201242758,0.3512987013,0.0746654991,0.5262113971,2.9267088624,0.2201242758
