Instance,INF_avg,INF_sd,INF_r1,INF_kr,INF_sk,SUP_avg,SUP_sd,SUP_r1,SUP_kr,SUP_sk,INC_avg,INC_sd,INC_r1,INC_kr,INC_sk,IND_avg,IND_sd,IND_r1,IND_kr,IND_sk
155,0.2840000000,0.1083697375,-0.2136615455,2.0973910267,-0.0567237599,0.2360000000,0.1162067124,0.1674199534,2.6995575122,0.3408699343,0.4800000000,0.1442220510,-0.2071651090,2.5665680473,0.3520212784,0.4800000000,0.1442220510,-0.2071651090,2.5665680473,0.3520212784
