Instance,INF_avg,INF_sd,INF_r1,INF_kr,INF_sk,SUP_avg,SUP_sd,SUP_r1,SUP_kr,SUP_sk,INC_avg,INC_sd,INC_r1,INC_kr,INC_sk,IND_avg,IND_sd,IND_r1,IND_kr,IND_sk
457,0.2300000000,0.1009950494,-0.0849726222,3.6828143022,0.8590986035,0.2880000000,0.1022545842,-0.0320472610,2.3243482068,-0.1233251167,0.4820000000,0.1160861749,-0.0779499515,2.6325192215,0.2963070368,0.4820000000,0.1160861749,-0.0779499515,2.6325192215,0.2963070368
