Instance,INF_avg,INF_sd,INF_r1,INF_kr,INF_sk,SUP_avg,SUP_sd,SUP_r1,SUP_kr,SUP_sk,INC_avg,INC_sd,INC_r1,INC_kr,INC_sk,IND_avg,IND_sd,IND_r1,IND_kr,IND_sk
193,0.2580000000,0.1110675470,0.1778246026,2.5459141445,-0.0266952915,0.2420000000,0.0783326241,-0.2110426831,3.0201066143,-0.4831467639,0.5000000000,0.1240967365,0.2620689655,1.9206442908,-0.0470935498,0.5000000000,0.1240967365,0.2620689655,1.9206442908,-0.0470935498
