Instance,INF_avg,INF_sd,INF_r1,INF_kr,INF_sk,SUP_avg,SUP_sd,SUP_r1,SUP_kr,SUP_sk,INC_avg,INC_sd,INC_r1,INC_kr,INC_sk,IND_avg,IND_sd,IND_r1,IND_kr,IND_sk
285,0.4000000000,0.1264911064,-0.8571428571,1.5625000000,0.5929270613,0.2400000000,0.1496662955,-0.4814814815,1.8469387755,-0.3436215967,0.3600000000,0.0800000000,0.3661971831,2.0781250000,0.8437500000,0.3600000000,0.0800000000,0.3661971831,2.0781250000,0.8437500000
