Instance,INF_avg,INF_sd,INF_r1,INF_kr,INF_sk,SUP_avg,SUP_sd,SUP_r1,SUP_kr,SUP_sk,INC_avg,INC_sd,INC_r1,INC_kr,INC_sk,IND_avg,IND_sd,IND_r1,IND_kr,IND_sk
146,0.2600000000,0.0464758002,0.2830188679,1.8312757202,-0.2868876553,0.2560000000,0.0736478106,-0.1578464362,2.6216879422,-0.4777581362,0.4840000000,0.0974884609,0.0323715693,3.0168180118,1.1115534640,0.4840000000,0.0974884609,0.0323715693,3.0168180118,1.1115534640
