Instance,INF_avg,INF_sd,INF_r1,INF_kr,INF_sk,SUP_avg,SUP_sd,SUP_r1,SUP_kr,SUP_sk,INC_avg,INC_sd,INC_r1,INC_kr,INC_sk,IND_avg,IND_sd,IND_r1,IND_kr,IND_sk
484,0.2200000000,0.1536229150,0.0592334495,2.1852915829,0.1588746032,0.3100000000,0.1135781669,0.2242048099,2.2460789616,-0.1965657837,0.4700000000,0.1486606875,0.0097177233,2.0224196884,-0.2081937516,0.4700000000,0.1486606875,0.0097177233,2.0224196884,-0.2081937516
