Instance,INF_avg,INF_sd,INF_r1,INF_kr,INF_sk,SUP_avg,SUP_sd,SUP_r1,SUP_kr,SUP_sk,INC_avg,INC_sd,INC_r1,INC_kr,INC_sk,IND_avg,IND_sd,IND_r1,IND_kr,IND_sk
104,0.2820000000,0.1465469208,0.0015612832,3.2416393220,0.3131427780,0.2220000000,0.1375354500,-0.0284391674,4.1152958974,0.5692205912,0.4960000000,0.1496128337,0.1422321977,2.8661578448,-0.1825440753,0.4960000000,0.1496128337,0.1422321977,2.8661578448,-0.1825440753
