Instance,INF_avg,INF_sd,INF_r1,INF_kr,INF_sk,SUP_avg,SUP_sd,SUP_r1,SUP_kr,SUP_sk,INC_avg,INC_sd,INC_r1,INC_kr,INC_sk,IND_avg,IND_sd,IND_r1,IND_kr,IND_sk
313,0.2100000000,0.0894427191,0.0465631929,2.3543750000,0.4108774909,0.2580000000,0.0976524449,-0.1085190655,2.4100005349,-0.1281939882,0.5320000000,0.1302919798,0.0250039314,2.4147242079,0.6137596104,0.5320000000,0.1302919798,0.0250039314,2.4147242079,0.6137596104
