Instance,INF_avg,INF_sd,INF_r1,INF_kr,INF_sk,SUP_avg,SUP_sd,SUP_r1,SUP_kr,SUP_sk,INC_avg,INC_sd,INC_r1,INC_kr,INC_sk,IND_avg,IND_sd,IND_r1,IND_kr,IND_sk
253,0.4893292683,0.0907649141,0.8505286662,2.5990445896,-0.3821409965,0.0812195122,0.0526583615,0.8481529967,2.5033180571,0.7211621153,0.4294512195,0.0485019870,0.5988579697,3.0495355753,-0.0784018713,0.4294512195,0.0485019870,0.5988579697,3.0495355753,-0.0784018713
