Instance,INF_avg,INF_sd,INF_r1,INF_kr,INF_sk,SUP_avg,SUP_sd,SUP_r1,SUP_kr,SUP_sk,INC_avg,INC_sd,INC_r1,INC_kr,INC_sk,IND_avg,IND_sd,IND_r1,IND_kr,IND_sk
352,0.2230000000,0.0944510455,-0.2742384759,3.7058816330,0.4269937683,0.2380000000,0.1032279032,-0.0354235267,2.8224398385,0.3639502368,0.5390000000,0.1078378412,-0.0258321488,2.8177277058,-0.1334974681,0.5390000000,0.1078378412,-0.0258321488,2.8177277058,-0.1334974681
