Instance,INF_avg,INF_sd,INF_r1,INF_kr,INF_sk,SUP_avg,SUP_sd,SUP_r1,SUP_kr,SUP_sk,INC_avg,INC_sd,INC_r1,INC_kr,INC_sk,IND_avg,IND_sd,IND_r1,IND_kr,IND_sk
197,0.2420000000,0.1266333289,-0.0212031694,3.2383023082,0.5640323419,0.3050000000,0.1336974196,0.0374690555,2.8226573427,0.1346323666,0.4530000000,0.1526138919,-0.1044780353,2.6012428071,0.0444092448,0.4530000000,0.1526138919,-0.1044780353,2.6012428071,0.0444092448
