Instance,INF_avg,INF_sd,INF_r1,INF_kr,INF_sk,SUP_avg,SUP_sd,SUP_r1,SUP_kr,SUP_sk,INC_avg,INC_sd,INC_r1,INC_kr,INC_sk,IND_avg,IND_sd,IND_r1,IND_kr,IND_sk
490,0.2790000000,0.0911537163,-0.0853599415,2.6360866907,0.0597151112,0.2380000000,0.1065645344,-0.0140862053,2.5830261860,0.1409283506,0.4830000000,0.1138463877,-0.0601102694,2.7654431367,0.2191868413,0.4830000000,0.1138463877,-0.0601102694,2.7654431367,0.2191868413
