Instance,INF_avg,INF_sd,INF_r1,INF_kr,INF_sk,SUP_avg,SUP_sd,SUP_r1,SUP_kr,SUP_sk,INC_avg,INC_sd,INC_r1,INC_kr,INC_sk,IND_avg,IND_sd,IND_r1,IND_kr,IND_sk
362,0.2700000000,0.0277488739,0.4855072464,1.5554899646,-0.1263652545,0.2390000000,0.0156204994,-0.3093709884,1.3553480247,0.2644696208,0.4910000000,0.0320000000,0.1258058214,2.3914070129,-0.0884399414,0.4910000000,0.0320000000,0.1258058214,2.3914070129,-0.0884399414
