Instance,INF_avg,INF_sd,INF_r1,INF_kr,INF_sk,SUP_avg,SUP_sd,SUP_r1,SUP_kr,SUP_sk,INC_avg,INC_sd,INC_r1,INC_kr,INC_sk,IND_avg,IND_sd,IND_r1,IND_kr,IND_sk
79,0.2880000000,0.1365869686,0.1232284410,2.3960631265,0.3113391547,0.2440000000,0.1498799520,-0.0664966766,4.4002544622,1.0780137534,0.4680000000,0.1804882268,-0.0249748078,2.3838133634,-0.0067923167,0.4680000000,0.1804882268,-0.0249748078,2.3838133634,-0.0067923167
