Instance,INF_avg,INF_sd,INF_r1,INF_kr,INF_sk,SUP_avg,SUP_sd,SUP_r1,SUP_kr,SUP_sk,INC_avg,INC_sd,INC_r1,INC_kr,INC_sk,IND_avg,IND_sd,IND_r1,IND_kr,IND_sk
454,0.2520000000,0.0346410162,0.2203367183,2.5078666667,-0.4803554240,0.2640000000,0.0501198563,-0.1910029499,2.3311290519,-0.1147567606,0.4840000000,0.0541109970,-0.1281546654,2.5440741736,-0.6801441612,0.4840000000,0.0541109970,-0.1281546654,2.5440741736,-0.6801441612
