Instance,INF_avg,INF_sd,INF_r1,INF_kr,INF_sk,SUP_avg,SUP_sd,SUP_r1,SUP_kr,SUP_sk,INC_avg,INC_sd,INC_r1,INC_kr,INC_sk,IND_avg,IND_sd,IND_r1,IND_kr,IND_sk
21,0.2630000000,0.0203960781,-0.1964549483,1.7735992973,-0.5239977986,0.2760000000,0.0124096736,-0.4369310793,2.9432450666,1.2621071359,0.4610000000,0.0146287388,-0.1218568665,1.8333915626,0.5692290290,0.4610000000,0.0146287388,-0.1218568665,1.8333915626,0.5692290290
