Instance,INF_avg,INF_sd,INF_r1,INF_kr,INF_sk,SUP_avg,SUP_sd,SUP_r1,SUP_kr,SUP_sk,INC_avg,INC_sd,INC_r1,INC_kr,INC_sk,IND_avg,IND_sd,IND_r1,IND_kr,IND_sk
129,0.2840000000,0.0924337601,-0.0651483461,2.3621964819,0.6257745718,0.2760000000,0.1001199281,-0.3581184851,2.5292278579,0.7329119346,0.4400000000,0.1248999600,-0.3652579583,2.1286982249,-0.0492702012,0.4400000000,0.1248999600,-0.3652579583,2.1286982249,-0.0492702012
