Instance,INF_avg,INF_sd,INF_r1,INF_kr,INF_sk,SUP_avg,SUP_sd,SUP_r1,SUP_kr,SUP_sk,INC_avg,INC_sd,INC_r1,INC_kr,INC_sk,IND_avg,IND_sd,IND_r1,IND_kr,IND_sk
71,0.3824000000,0.0941182235,0.6842941288,2.9793502728,0.0489933781,0.1396000000,0.0768884907,0.6389474337,1.9751905981,0.1736527241,0.4780000000,0.0577234788,0.1976071109,3.8622906546,-0.5490430887,0.4780000000,0.0577234788,0.1976071109,3.8622906546,-0.5490430887
