Instance,INF_avg,INF_sd,INF_r1,INF_kr,INF_sk,SUP_avg,SUP_sd,SUP_r1,SUP_kr,SUP_sk,INC_avg,INC_sd,INC_r1,INC_kr,INC_sk,IND_avg,IND_sd,IND_r1,IND_kr,IND_sk
407,0.2820000000,0.0998799279,0.1271298354,2.3269386222,0.3809064401,0.2180000000,0.1038075142,0.0221923437,2.3328315170,-0.0024458494,0.5000000000,0.1058300524,-0.1759259259,2.1603954082,0.0253101210,0.5000000000,0.1058300524,-0.1759259259,2.1603954082,0.0253101210
