Instance,INF_avg,INF_sd,INF_r1,INF_kr,INF_sk,SUP_avg,SUP_sd,SUP_r1,SUP_kr,SUP_sk,INC_avg,INC_sd,INC_r1,INC_kr,INC_sk,IND_avg,IND_sd,IND_r1,IND_kr,IND_sk
499,0.2655000000,0.0404011138,-0.1250756412,2.6467344898,0.0176511483,0.2630000000,0.0387427413,0.3683928810,2.7433840464,0.5965141389,0.4715000000,0.0451137451,0.0535567017,2.2155157319,0.0844117833,0.4715000000,0.0451137451,0.0535567017,2.2155157319,0.0844117833
