Instance,INF_avg,INF_sd,INF_r1,INF_kr,INF_sk,SUP_avg,SUP_sd,SUP_r1,SUP_kr,SUP_sk,INC_avg,INC_sd,INC_r1,INC_kr,INC_sk,IND_avg,IND_sd,IND_r1,IND_kr,IND_sk
331,0.2390000000,0.0287923601,-0.1705342035,2.1522682727,0.0717671280,0.2645000000,0.0225222113,-0.3744628159,2.1123907870,0.1246018206,0.4965000000,0.0334701359,-0.2821357108,1.5395518314,-0.3895727763,0.4965000000,0.0334701359,-0.2821357108,1.5395518314,-0.3895727763
