Instance,INF_avg,INF_sd,INF_r1,INF_kr,INF_sk,SUP_avg,SUP_sd,SUP_r1,SUP_kr,SUP_sk,INC_avg,INC_sd,INC_r1,INC_kr,INC_sk,IND_avg,IND_sd,IND_r1,IND_kr,IND_sk
358,0.2528000000,0.0305640311,0.0465954911,2.5318178687,0.2548396484,0.2333000000,0.0316324201,-0.1276153403,4.0839142387,-0.1897045970,0.5139000000,0.0384485370,-0.0485699981,4.0616974474,0.0951331793,0.5139000000,0.0384485370,-0.0485699981,4.0616974474,0.0951331793
