Instance,INF_avg,INF_sd,INF_r1,INF_kr,INF_sk,SUP_avg,SUP_sd,SUP_r1,SUP_kr,SUP_sk,INC_avg,INC_sd,INC_r1,INC_kr,INC_sk,IND_avg,IND_sd,IND_r1,IND_kr,IND_sk
36,0.2602000000,0.0273671336,0.0897319754,1.9691279377,0.3647195549,0.2714000000,0.0363185903,0.2927976970,2.0016250626,-0.0874157842,0.4684000000,0.0333682484,0.0745186606,2.2468410319,0.1073547160,0.4684000000,0.0333682484,0.0745186606,2.2468410319,0.1073547160
