Instance,INF_avg,INF_sd,INF_r1,INF_kr,INF_sk,SUP_avg,SUP_sd,SUP_r1,SUP_kr,SUP_sk,INC_avg,INC_sd,INC_r1,INC_kr,INC_sk,IND_avg,IND_sd,IND_r1,IND_kr,IND_sk
455,0.3180000000,0.1075918213,-0.4898373386,2.2782094737,-0.0127950369,0.2840000000,0.1007174265,-0.2945445326,3.1974289474,-0.5862828108,0.3980000000,0.1081480467,-0.1605538975,2.2375641186,0.4072924197,0.3980000000,0.1081480467,-0.1605538975,2.2375641186,0.4072924197
