Instance,INF_avg,INF_sd,INF_r1,INF_kr,INF_sk,SUP_avg,SUP_sd,SUP_r1,SUP_kr,SUP_sk,INC_avg,INC_sd,INC_r1,INC_kr,INC_sk,IND_avg,IND_sd,IND_r1,IND_kr,IND_sk
166,0.2628000000,0.0568520888,0.0010424509,3.4400115604,-0.3559744179,0.2232000000,0.0616259686,0.0980302274,2.1462404276,0.3007543327,0.5140000000,0.0567450438,0.0124623766,2.2674325836,0.4681285511,0.5140000000,0.0567450438,0.0124623766,2.2674325836,0.4681285511
