Instance,INF_avg,INF_sd,INF_r1,INF_kr,INF_sk,SUP_avg,SUP_sd,SUP_r1,SUP_kr,SUP_sk,INC_avg,INC_sd,INC_r1,INC_kr,INC_sk,IND_avg,IND_sd,IND_r1,IND_kr,IND_sk
63,0.2400000000,0.1157583690,-0.4431239389,1.3968589886,0.2436882574,0.3200000000,0.1503329638,-0.2711864407,1.5216931631,-0.2543027659,0.4400000000,0.0583095189,-0.1194029851,1.6280276817,-0.3631734744,0.4400000000,0.0583095189,-0.1194029851,1.6280276817,-0.3631734744
