Instance,INF_avg,INF_sd,INF_r1,INF_kr,INF_sk,SUP_avg,SUP_sd,SUP_r1,SUP_kr,SUP_sk,INC_avg,INC_sd,INC_r1,INC_kr,INC_sk,IND_avg,IND_sd,IND_r1,IND_kr,IND_sk
48,0.2435000000,0.0396894192,0.4526113220,1.9580353690,-0.3178224440,0.2965000000,0.0450582956,0.3707443062,1.9634346996,0.0415174510,0.4600000000,0.0325576412,-0.4197530864,2.3711730153,-0.0499839187,0.4600000000,0.0325576412,-0.4197530864,2.3711730153,-0.0499839187
