Instance,INF_avg,INF_sd,INF_r1,INF_kr,INF_sk,SUP_avg,SUP_sd,SUP_r1,SUP_kr,SUP_sk,INC_avg,INC_sd,INC_r1,INC_kr,INC_sk,IND_avg,IND_sd,IND_r1,IND_kr,IND_sk
282,0.2815000000,0.0294151322,0.1742664841,3.9701175963,-1.5896741037,0.2430000000,0.0381575681,0.1033295870,2.7775564923,0.5736227586,0.4755000000,0.0428631543,-0.1385360117,2.8900916925,0.5203978172,0.4755000000,0.0428631543,-0.1385360117,2.8900916925,0.5203978172
