Instance,INF_avg,INF_sd,INF_r1,INF_kr,INF_sk,SUP_avg,SUP_sd,SUP_r1,SUP_kr,SUP_sk,INC_avg,INC_sd,INC_r1,INC_kr,INC_sk,IND_avg,IND_sd,IND_r1,IND_kr,IND_sk
324,0.2728000000,0.0556790805,-0.2501655026,2.5154980733,0.2621843465,0.2144000000,0.0638798873,-0.0248246121,3.8803018967,-0.3562716795,0.5128000000,0.0704000000,-0.1470869448,2.1669150817,0.1840750610,0.5128000000,0.0704000000,-0.1470869448,2.1669150817,0.1840750610
