Instance,INF_avg,INF_sd,INF_r1,INF_kr,INF_sk,SUP_avg,SUP_sd,SUP_r1,SUP_kr,SUP_sk,INC_avg,INC_sd,INC_r1,INC_kr,INC_sk,IND_avg,IND_sd,IND_r1,IND_kr,IND_sk
261,0.2530000000,0.0250199920,-0.7082396238,1.7484408333,-0.2177811163,0.2585000000,0.0329431328,0.0534672799,1.6635103775,-0.3195806847,0.4885000000,0.0407461655,0.1121291120,1.8555036575,0.0755667269,0.4885000000,0.0407461655,0.1121291120,1.8555036575,0.0755667269
