Instance,INF_avg,INF_sd,INF_r1,INF_kr,INF_sk,SUP_avg,SUP_sd,SUP_r1,SUP_kr,SUP_sk,INC_avg,INC_sd,INC_r1,INC_kr,INC_sk,IND_avg,IND_sd,IND_r1,IND_kr,IND_sk
31,0.2538000000,0.0439039862,-0.1450337237,2.7637883834,0.4786967790,0.2118000000,0.0446179336,-0.1826993179,2.7842035807,-0.0623250595,0.5344000000,0.0524274737,-0.0269530040,3.5497308923,-0.1752011600,0.5344000000,0.0524274737,-0.0269530040,3.5497308923,-0.1752011600
