Instance,INF_avg,INF_sd,INF_r1,INF_kr,INF_sk,SUP_avg,SUP_sd,SUP_r1,SUP_kr,SUP_sk,INC_avg,INC_sd,INC_r1,INC_kr,INC_sk,IND_avg,IND_sd,IND_r1,IND_kr,IND_sk
368,0.2080000000,0.1262378707,0.0732696206,2.0956839406,0.0879960480,0.2560000000,0.1061319933,0.2333169774,1.7314856663,0.1439031417,0.5360000000,0.1596997182,0.2186124871,2.2241663767,-0.3047123994,0.5360000000,0.1596997182,0.2186124871,2.2241663767,-0.3047123994
