Instance,INF_avg,INF_sd,INF_r1,INF_kr,INF_sk,SUP_avg,SUP_sd,SUP_r1,SUP_kr,SUP_sk,INC_avg,INC_sd,INC_r1,INC_kr,INC_sk,IND_avg,IND_sd,IND_r1,IND_kr,IND_sk
201,0.2220000000,0.1020588066,-0.2875368315,2.2471560945,0.2134397890,0.3200000000,0.0938083152,-0.2110646211,2.6007231405,-0.2979964558,0.4580000000,0.0783326241,-0.4478068990,2.0001997318,-0.1410093490,0.4580000000,0.0783326241,-0.4478068990,2.0001997318,-0.1410093490
