Instance,INF_avg,INF_sd,INF_r1,INF_kr,INF_sk,SUP_avg,SUP_sd,SUP_r1,SUP_kr,SUP_sk,INC_avg,INC_sd,INC_r1,INC_kr,INC_sk,IND_avg,IND_sd,IND_r1,IND_kr,IND_sk
273,0.2235000000,0.0909546590,0.0928203234,3.4163090125,0.6014302128,0.2235000000,0.0983501398,-0.0881529483,2.9343144194,0.3009968877,0.5530000000,0.1048379702,0.0656330645,2.4797897066,0.0247805615,0.5530000000,0.1048379702,0.0656330645,2.4797897066,0.0247805615
