Instance,INF_avg,INF_sd,INF_r1,INF_kr,INF_sk,SUP_avg,SUP_sd,SUP_r1,SUP_kr,SUP_sk,INC_avg,INC_sd,INC_r1,INC_kr,INC_sk,IND_avg,IND_sd,IND_r1,IND_kr,IND_sk
150,0.2292000000,0.0450262146,-0.1488961606,2.1933227974,0.0984415878,0.2818000000,0.0482157651,-0.0706537653,2.5024187550,-0.0638730553,0.4890000000,0.0501497757,-0.0632646651,3.0746057255,-0.3419894824,0.4890000000,0.0501497757,-0.0632646651,3.0746057255,-0.3419894824
