Instance,INF_avg,INF_sd,INF_r1,INF_kr,INF_sk,SUP_avg,SUP_sd,SUP_r1,SUP_kr,SUP_sk,INC_avg,INC_sd,INC_r1,INC_kr,INC_sk,IND_avg,IND_sd,IND_r1,IND_kr,IND_sk
284,0.2696000000,0.0528757033,0.2731365358,3.1926117240,-0.1334279936,0.2840000000,0.0416653333,0.1859376463,3.0606617257,0.2077117160,0.4464000000,0.0457716069,0.2284634353,2.7770770849,0.8358566074,0.4464000000,0.0457716069,0.2284634353,2.7770770849,0.8358566074
