Instance,INF_avg,INF_sd,INF_r1,INF_kr,INF_sk,SUP_avg,SUP_sd,SUP_r1,SUP_kr,SUP_sk,INC_avg,INC_sd,INC_r1,INC_kr,INC_sk,IND_avg,IND_sd,IND_r1,IND_kr,IND_sk
263,0.2472000000,0.0633416135,0.1103774878,2.3042769760,0.2770323976,0.2512000000,0.0606841001,-0.1622893188,2.8039825766,0.4481128723,0.5016000000,0.0638548354,-0.0241171569,2.9984208779,0.0157632695,0.5016000000,0.0638548354,-0.0241171569,2.9984208779,0.0157632695
