Instance,INF_avg,INF_sd,INF_r1,INF_kr,INF_sk,SUP_avg,SUP_sd,SUP_r1,SUP_kr,SUP_sk,INC_avg,INC_sd,INC_r1,INC_kr,INC_sk,IND_avg,IND_sd,IND_r1,IND_kr,IND_sk
303,0.2392000000,0.0620915453,-0.0693368041,1.9122897520,0.0212768990,0.2904000000,0.0779989744,-0.4157036175,2.0807131944,-0.2843650333,0.4704000000,0.0812147770,-0.3201027556,2.6203117837,0.5641523140,0.4704000000,0.0812147770,-0.3201027556,2.6203117837,0.5641523140
