Instance,INF_avg,INF_sd,INF_r1,INF_kr,INF_sk,SUP_avg,SUP_sd,SUP_r1,SUP_kr,SUP_sk,INC_avg,INC_sd,INC_r1,INC_kr,INC_sk,IND_avg,IND_sd,IND_r1,IND_kr,IND_sk
442,0.2400000000,0.1264911064,-0.0742971888,2.4550000000,0.0474341649,0.2840000000,0.1514727698,-0.0089242848,3.3990622246,0.6863710706,0.4760000000,0.1581897595,-0.0199533286,3.3969280028,-0.0263854820,0.4760000000,0.1581897595,-0.0199533286,3.3969280028,-0.0263854820
