Instance,INF_avg,INF_sd,INF_r1,INF_kr,INF_sk,SUP_avg,SUP_sd,SUP_r1,SUP_kr,SUP_sk,INC_avg,INC_sd,INC_r1,INC_kr,INC_sk,IND_avg,IND_sd,IND_r1,IND_kr,IND_sk
429,0.2520000000,0.1024499878,0.0773827860,2.7106540006,0.3924579977,0.3160000000,0.1405133446,-0.3425301720,1.9687868575,0.1471335709,0.4320000000,0.1348183964,-0.1248941276,2.0135761754,0.5804365223,0.4320000000,0.1348183964,-0.1248941276,2.0135761754,0.5804365223
