Instance,INF_avg,INF_sd,INF_r1,INF_kr,INF_sk,SUP_avg,SUP_sd,SUP_r1,SUP_kr,SUP_sk,INC_avg,INC_sd,INC_r1,INC_kr,INC_sk,IND_avg,IND_sd,IND_r1,IND_kr,IND_sk
335,0.2458000000,0.0404519468,0.3596859044,2.8377441430,0.2137993653,0.2057000000,0.0319375954,0.5153037977,2.6171911368,0.3385900745,0.5485000000,0.0290043100,0.0467447925,2.3923849433,0.0148156492,0.5485000000,0.0290043100,0.0467447925,2.3923849433,0.0148156492
