Instance,INF_avg,INF_sd,INF_r1,INF_kr,INF_sk,SUP_avg,SUP_sd,SUP_r1,SUP_kr,SUP_sk,INC_avg,INC_sd,INC_r1,INC_kr,INC_sk,IND_avg,IND_sd,IND_r1,IND_kr,IND_sk
118,0.2120000000,0.0914111591,-0.0999482828,2.4099856528,0.2519612813,0.2670000000,0.1151564154,0.0379028172,2.0778025270,0.2398523899,0.5210000000,0.1284873535,-0.1585342541,3.3546910634,0.3574263698,0.5210000000,0.1284873535,-0.1585342541,3.3546910634,0.3574263698
