Instance,INF_avg,INF_sd,INF_r1,INF_kr,INF_sk,SUP_avg,SUP_sd,SUP_r1,SUP_kr,SUP_sk,INC_avg,INC_sd,INC_r1,INC_kr,INC_sk,IND_avg,IND_sd,IND_r1,IND_kr,IND_sk
441,0.1940000000,0.0344093011,-0.6782006920,2.6519357195,-1.0179522960,0.2560000000,0.0492341345,-0.2010347376,2.7874228017,1.2061984884,0.5500000000,0.0244948974,0.2666666667,1.9666666667,0.4082482905,0.5500000000,0.0244948974,0.2666666667,1.9666666667,0.4082482905
