Instance,INF_avg,INF_sd,INF_r1,INF_kr,INF_sk,SUP_avg,SUP_sd,SUP_r1,SUP_kr,SUP_sk,INC_avg,INC_sd,INC_r1,INC_kr,INC_sk,IND_avg,IND_sd,IND_r1,IND_kr,IND_sk
129,0.2550000000,0.0269258240,-0.1479289941,2.8454221165,1.0296486338,0.2580000000,0.0435430821,0.0952994205,2.3123164023,0.1936100831,0.4870000000,0.0431393092,-0.2452873963,2.0861297581,0.4593294028,0.4870000000,0.0431393092,-0.2452873963,2.0861297581,0.4593294028
