Instance,INF_avg,INF_sd,INF_r1,INF_kr,INF_sk,SUP_avg,SUP_sd,SUP_r1,SUP_kr,SUP_sk,INC_avg,INC_sd,INC_r1,INC_kr,INC_sk,IND_avg,IND_sd,IND_r1,IND_kr,IND_sk
448,0.2700000000,0.0640312424,-0.5352697095,2.3837001785,0.6513588606,0.2400000000,0.0734846923,-0.2523191095,2.4012345679,-0.0302406141,0.4900000000,0.1044030651,-0.4653243848,1.8691187610,-0.5246076076,0.4900000000,0.1044030651,-0.4653243848,1.8691187610,-0.5246076076
