Instance,INF_avg,INF_sd,INF_r1,INF_kr,INF_sk,SUP_avg,SUP_sd,SUP_r1,SUP_kr,SUP_sk,INC_avg,INC_sd,INC_r1,INC_kr,INC_sk,IND_avg,IND_sd,IND_r1,IND_kr,IND_sk
154,0.2500000000,0.1024695077,-0.3170731707,1.8707482993,-0.0000000000,0.3400000000,0.1356465997,0.0721649485,2.0094517958,0.4519416482,0.4100000000,0.1813835715,0.1611091611,1.8271911752,0.5550044703,0.4100000000,0.1813835715,0.1611091611,1.8271911752,0.5550044703
