Instance,INF_avg,INF_sd,INF_r1,INF_kr,INF_sk,SUP_avg,SUP_sd,SUP_r1,SUP_kr,SUP_sk,INC_avg,INC_sd,INC_r1,INC_kr,INC_sk,IND_avg,IND_sd,IND_r1,IND_kr,IND_sk
250,0.3320000000,0.0370944740,-0.4207650273,1.5091941590,-0.1579875514,0.1660000000,0.0320000000,-0.1089341693,2.4763793945,0.3647460937,0.5020000000,0.0240000000,-0.0782442748,2.3096064815,-0.6701388889,0.5020000000,0.0240000000,-0.0782442748,2.3096064815,-0.6701388889
