Instance,INF_avg,INF_sd,INF_r1,INF_kr,INF_sk,SUP_avg,SUP_sd,SUP_r1,SUP_kr,SUP_sk,INC_avg,INC_sd,INC_r1,INC_kr,INC_sk,IND_avg,IND_sd,IND_r1,IND_kr,IND_sk
147,0.2956000000,0.0583150066,0.0290951400,3.1117224291,0.6408889778,0.2636000000,0.0340446765,-0.0816544120,2.9048467842,-0.2058911474,0.4408000000,0.0529845260,0.1440720714,2.6862347103,-0.3868200073,0.4408000000,0.0529845260,0.1440720714,2.6862347103,-0.3868200073
