Instance,INF_avg,INF_sd,INF_r1,INF_kr,INF_sk,SUP_avg,SUP_sd,SUP_r1,SUP_kr,SUP_sk,INC_avg,INC_sd,INC_r1,INC_kr,INC_sk,IND_avg,IND_sd,IND_r1,IND_kr,IND_sk
215,0.2643000000,0.0482960661,0.2554761831,3.0171778020,0.2425286961,0.2367000000,0.0435213741,0.0603907561,2.9413518613,0.1613118674,0.4990000000,0.0505470078,0.1207145909,2.6870198873,-0.0622078900,0.4990000000,0.0505470078,0.1207145909,2.6870198873,-0.0622078900
