Instance,INF_avg,INF_sd,INF_r1,INF_kr,INF_sk,SUP_avg,SUP_sd,SUP_r1,SUP_kr,SUP_sk,INC_avg,INC_sd,INC_r1,INC_kr,INC_sk,IND_avg,IND_sd,IND_r1,IND_kr,IND_sk
89,0.2200000000,0.0927361850,-0.3426371511,3.0465116279,0.5153403464,0.2970000000,0.0896716232,0.0286568764,2.0667220806,-0.1804369826,0.4830000000,0.0936002137,-0.3183842643,2.8393823651,-0.1777687869,0.4830000000,0.0936002137,-0.3183842643,2.8393823651,-0.1777687869
