Instance,INF_avg,INF_sd,INF_r1,INF_kr,INF_sk,SUP_avg,SUP_sd,SUP_r1,SUP_kr,SUP_sk,INC_avg,INC_sd,INC_r1,INC_kr,INC_sk,IND_avg,IND_sd,IND_r1,IND_kr,IND_sk
327,0.2960000000,0.0720000000,0.1688788739,2.5994941701,0.0596707819,0.2680000000,0.1038075142,0.2912783006,2.8443617178,-0.4047237174,0.4360000000,0.0922171351,0.0094348506,2.6071781615,0.3378055295,0.4360000000,0.0922171351,0.0094348506,2.6071781615,0.3378055295
