Instance,INF_avg,INF_sd,INF_r1,INF_kr,INF_sk,SUP_avg,SUP_sd,SUP_r1,SUP_kr,SUP_sk,INC_avg,INC_sd,INC_r1,INC_kr,INC_sk,IND_avg,IND_sd,IND_r1,IND_kr,IND_sk
324,0.2480000000,0.0623538291,0.3826267128,2.9374174414,0.1357743303,0.2731000000,0.0739688448,0.5467052638,2.2603874960,0.3800631828,0.4789000000,0.0685404260,0.4722525532,2.7815917406,0.0433370657,0.4789000000,0.0685404260,0.4722525532,2.7815917406,0.0433370657
