Instance,INF_avg,INF_sd,INF_r1,INF_kr,INF_sk,SUP_avg,SUP_sd,SUP_r1,SUP_kr,SUP_sk,INC_avg,INC_sd,INC_r1,INC_kr,INC_sk,IND_avg,IND_sd,IND_r1,IND_kr,IND_sk
139,0.3725806452,0.0863775561,0.4435105651,2.6869333730,-0.1090764929,0.1274193548,0.0845659789,0.7505303995,2.3954855008,0.5014403854,0.5000000000,0.0736162675,0.0061349693,2.2859863946,-0.2406300444,0.5000000000,0.0736162675,0.0061349693,2.2859863946,-0.2406300444
