Instance,INF_avg,INF_sd,INF_r1,INF_kr,INF_sk,SUP_avg,SUP_sd,SUP_r1,SUP_kr,SUP_sk,INC_avg,INC_sd,INC_r1,INC_kr,INC_sk,IND_avg,IND_sd,IND_r1,IND_kr,IND_sk
30,0.2754000000,0.0467208733,-0.0391895613,3.6163362749,-0.1094235478,0.2393000000,0.0408963324,-0.0673071970,2.5998272183,0.0819101304,0.4853000000,0.0502683797,-0.0052681195,3.0049398210,-0.2112735816,0.4853000000,0.0502683797,-0.0052681195,3.0049398210,-0.2112735816
