Instance,INF_avg,INF_sd,INF_r1,INF_kr,INF_sk,SUP_avg,SUP_sd,SUP_r1,SUP_kr,SUP_sk,INC_avg,INC_sd,INC_r1,INC_kr,INC_sk,IND_avg,IND_sd,IND_r1,IND_kr,IND_sk
18,0.2480000000,0.0457820926,0.1003062787,1.9326962298,0.0040016980,0.2580000000,0.0653911309,0.0599283571,4.3664572032,1.2390863430,0.4940000000,0.0810185164,0.2084881305,2.7434769676,-1.0636068181,0.4940000000,0.0810185164,0.2084881305,2.7434769676,-1.0636068181
