Instance,INF_avg,INF_sd,INF_r1,INF_kr,INF_sk,SUP_avg,SUP_sd,SUP_r1,SUP_kr,SUP_sk,INC_avg,INC_sd,INC_r1,INC_kr,INC_sk,IND_avg,IND_sd,IND_r1,IND_kr,IND_sk
3,0.2788000000,0.0336238011,-0.0904487813,2.8310301665,-0.2811683444,0.2220000000,0.0395979797,0.1010058676,3.3483444398,0.3849918116,0.4992000000,0.0422298473,-0.2456849310,4.1933502121,-0.9225664931,0.4992000000,0.0422298473,-0.2456849310,4.1933502121,-0.9225664931
