Instance,INF_avg,INF_sd,INF_r1,INF_kr,INF_sk,SUP_avg,SUP_sd,SUP_r1,SUP_kr,SUP_sk,INC_avg,INC_sd,INC_r1,INC_kr,INC_sk,IND_avg,IND_sd,IND_r1,IND_kr,IND_sk
122,0.2524000000,0.0591797263,0.0441848887,3.4544765243,-0.2618427669,0.2804000000,0.0589901687,-0.0300253161,2.6729063617,-0.0850359631,0.4672000000,0.0766039163,-0.1063239947,2.8176874780,0.2233351002,0.4672000000,0.0766039163,-0.1063239947,2.8176874780,0.2233351002
