Instance,INF_avg,INF_sd,INF_r1,INF_kr,INF_sk,SUP_avg,SUP_sd,SUP_r1,SUP_kr,SUP_sk,INC_avg,INC_sd,INC_r1,INC_kr,INC_sk,IND_avg,IND_sd,IND_r1,IND_kr,IND_sk
415,0.2240000000,0.0445421149,0.2486085343,2.7036940687,-1.1210847078,0.1920000000,0.0515363949,0.0942698706,1.5489185658,0.0252482701,0.5840000000,0.0585149554,0.7081218274,2.2264389903,-0.8682180139,0.5840000000,0.0585149554,0.7081218274,2.2264389903,-0.8682180139
