Instance,INF_avg,INF_sd,INF_r1,INF_kr,INF_sk,SUP_avg,SUP_sd,SUP_r1,SUP_kr,SUP_sk,INC_avg,INC_sd,INC_r1,INC_kr,INC_sk,IND_avg,IND_sd,IND_r1,IND_kr,IND_sk
200,0.2200000000,0.0927361850,-0.1971830986,1.5091941590,0.1579875514,0.2400000000,0.0916515139,-0.0869565217,1.2091836735,0.2961528510,0.5400000000,0.0860232527,-0.7474048443,2.6519357195,1.0179522960,0.5400000000,0.0860232527,-0.7474048443,2.6519357195,1.0179522960
