Instance,INF_avg,INF_sd,INF_r1,INF_kr,INF_sk,SUP_avg,SUP_sd,SUP_r1,SUP_kr,SUP_sk,INC_avg,INC_sd,INC_r1,INC_kr,INC_sk,IND_avg,IND_sd,IND_r1,IND_kr,IND_sk
6,0.4256250000,0.0971195071,0.8863974110,2.0395732287,-0.0588467554,0.0954464286,0.0755492396,0.9042533539,2.7502930995,0.8361013673,0.4789285714,0.0421489100,0.4449563306,3.4371865547,-0.3196606420,0.4789285714,0.0421489100,0.4449563306,3.4371865547,-0.3196606420
