Instance,INF_avg,INF_sd,INF_r1,INF_kr,INF_sk,SUP_avg,SUP_sd,SUP_r1,SUP_kr,SUP_sk,INC_avg,INC_sd,INC_r1,INC_kr,INC_sk,IND_avg,IND_sd,IND_r1,IND_kr,IND_sk
337,0.3460975610,0.0918476482,0.4197961850,2.6609993667,-0.3375829368,0.1390243902,0.0671294664,0.4108077035,3.4478607489,0.7021581968,0.5148780488,0.0744286187,0.0516349952,3.4542810150,0.1535366900,0.5148780488,0.0744286187,0.0516349952,3.4542810150,0.1535366900
