Instance,INF_avg,INF_sd,INF_r1,INF_kr,INF_sk,SUP_avg,SUP_sd,SUP_r1,SUP_kr,SUP_sk,INC_avg,INC_sd,INC_r1,INC_kr,INC_sk,IND_avg,IND_sd,IND_r1,IND_kr,IND_sk
379,0.2416000000,0.0454471121,0.0515354093,2.2375288238,-0.2688683240,0.2728000000,0.0498413483,-0.0161783145,2.3947582850,0.0147891654,0.4856000000,0.0553953067,0.0016990803,2.4098887764,0.1719603051,0.4856000000,0.0553953067,0.0016990803,2.4098887764,0.1719603051
