Instance,INF_avg,INF_sd,INF_r1,INF_kr,INF_sk,SUP_avg,SUP_sd,SUP_r1,SUP_kr,SUP_sk,INC_avg,INC_sd,INC_r1,INC_kr,INC_sk,IND_avg,IND_sd,IND_r1,IND_kr,IND_sk
329,0.2520000000,0.0299332591,0.0750670241,1.5061383929,-0.0590599619,0.1980000000,0.0324961536,-0.5940274415,2.7980371901,1.1931482023,0.5500000000,0.0260768096,-0.3000000000,1.6003460208,0.4060402882,0.5500000000,0.0260768096,-0.3000000000,1.6003460208,0.4060402882
