Instance,INF_avg,INF_sd,INF_r1,INF_kr,INF_sk,SUP_avg,SUP_sd,SUP_r1,SUP_kr,SUP_sk,INC_avg,INC_sd,INC_r1,INC_kr,INC_sk,IND_avg,IND_sd,IND_r1,IND_kr,IND_sk
149,0.2387000000,0.0339530558,0.4038565335,3.2014873871,0.5410037439,0.2302000000,0.0405704326,0.3638185541,2.8264887605,-0.2615796324,0.5311000000,0.0485416316,0.3312015742,2.6373647440,-0.5611175013,0.5311000000,0.0485416316,0.3312015742,2.6373647440,-0.5611175013
