Instance,INF_avg,INF_sd,INF_r1,INF_kr,INF_sk,SUP_avg,SUP_sd,SUP_r1,SUP_kr,SUP_sk,INC_avg,INC_sd,INC_r1,INC_kr,INC_sk,IND_avg,IND_sd,IND_r1,IND_kr,IND_sk
486,0.2590000000,0.1503961436,0.0287572448,2.6946068914,0.4706488091,0.2820000000,0.1381158934,-0.0076150489,2.4364216441,0.0515945128,0.4590000000,0.1673887690,0.0533493840,2.7936014242,-0.0031432394,0.4590000000,0.1673887690,0.0533493840,2.7936014242,-0.0031432394
