Instance,INF_avg,INF_sd,INF_r1,INF_kr,INF_sk,SUP_avg,SUP_sd,SUP_r1,SUP_kr,SUP_sk,INC_avg,INC_sd,INC_r1,INC_kr,INC_sk,IND_avg,IND_sd,IND_r1,IND_kr,IND_sk
47,0.2060000000,0.1271377206,-0.0030565998,2.8030833548,0.5298313030,0.3180000000,0.1321968230,-0.1916600450,2.7901072817,-0.0733835772,0.4760000000,0.1631686244,-0.1166238125,2.1983714809,0.1405901651,0.4760000000,0.1631686244,-0.1166238125,2.1983714809,0.1405901651
