Instance,INF_avg,INF_sd,INF_r1,INF_kr,INF_sk,SUP_avg,SUP_sd,SUP_r1,SUP_kr,SUP_sk,INC_avg,INC_sd,INC_r1,INC_kr,INC_sk,IND_avg,IND_sd,IND_r1,IND_kr,IND_sk
161,0.2755000000,0.0947351571,0.0357430506,2.6979997910,0.1477260087,0.2820000000,0.1001299156,0.0001757231,2.7274037831,-0.1123256454,0.4425000000,0.1277448629,0.1915171012,2.8506853352,-0.0845021430,0.4425000000,0.1277448629,0.1915171012,2.8506853352,-0.0845021430
