Instance,INF_avg,INF_sd,INF_r1,INF_kr,INF_sk,SUP_avg,SUP_sd,SUP_r1,SUP_kr,SUP_sk,INC_avg,INC_sd,INC_r1,INC_kr,INC_sk,IND_avg,IND_sd,IND_r1,IND_kr,IND_sk
253,0.2400000000,0.1356465997,0.2265193370,1.2296786389,0.2115471545,0.2200000000,0.0748331477,-0.5740740741,1.8469387755,-0.3436215967,0.5400000000,0.1624807681,-0.1370716511,1.4421487603,-0.3804646085,0.5400000000,0.1624807681,-0.1370716511,1.4421487603,-0.3804646085
