Instance,INF_avg,INF_sd,INF_r1,INF_kr,INF_sk,SUP_avg,SUP_sd,SUP_r1,SUP_kr,SUP_sk,INC_avg,INC_sd,INC_r1,INC_kr,INC_sk,IND_avg,IND_sd,IND_r1,IND_kr,IND_sk
287,0.2740000000,0.0422374242,-0.4740944521,2.6332823906,0.7395732287,0.2860000000,0.0516139516,-0.6085387853,2.6708735763,-1.0004976956,0.4400000000,0.0862554346,-0.6603773585,2.3807665626,0.5983727687,0.4400000000,0.0862554346,-0.6603773585,2.3807665626,0.5983727687
