Instance,INF_avg,INF_sd,INF_r1,INF_kr,INF_sk,SUP_avg,SUP_sd,SUP_r1,SUP_kr,SUP_sk,INC_avg,INC_sd,INC_r1,INC_kr,INC_sk,IND_avg,IND_sd,IND_r1,IND_kr,IND_sk
371,0.3521393035,0.0753212060,0.8227835458,2.2784169842,-0.0514256725,0.1133582090,0.0688302479,0.9015837924,2.5673498996,0.6102124316,0.5345024876,0.0372266320,0.2080611645,2.8922304677,-0.0206836264,0.5345024876,0.0372266320,0.2080611645,2.8922304677,-0.0206836264
