Instance,INF_avg,INF_sd,INF_r1,INF_kr,INF_sk,SUP_avg,SUP_sd,SUP_r1,SUP_kr,SUP_sk,INC_avg,INC_sd,INC_r1,INC_kr,INC_sk,IND_avg,IND_sd,IND_r1,IND_kr,IND_sk
166,0.2250000000,0.0330151480,0.2727272727,2.3939483208,0.9503560836,0.2430000000,0.0263818119,-0.3624841572,3.1087990488,1.3933319215,0.5320000000,0.0317175031,-0.4843948236,1.3663960571,-0.0186161330,0.5320000000,0.0317175031,-0.4843948236,1.3663960571,-0.0186161330
