Instance,INF_avg,INF_sd,INF_r1,INF_kr,INF_sk,SUP_avg,SUP_sd,SUP_r1,SUP_kr,SUP_sk,INC_avg,INC_sd,INC_r1,INC_kr,INC_sk,IND_avg,IND_sd,IND_r1,IND_kr,IND_sk
419,0.3060000000,0.1461642911,0.1185288103,3.2374937693,0.5300721901,0.2240000000,0.1407977273,0.1776409439,2.3509625626,0.2360468985,0.4700000000,0.1545962483,0.1249842774,2.6097057124,0.3621256285,0.4700000000,0.1545962483,0.1249842774,2.6097057124,0.3621256285
