Instance,INF_avg,INF_sd,INF_r1,INF_kr,INF_sk,SUP_avg,SUP_sd,SUP_r1,SUP_kr,SUP_sk,INC_avg,INC_sd,INC_r1,INC_kr,INC_sk,IND_avg,IND_sd,IND_r1,IND_kr,IND_sk
40,0.2600000000,0.0200000000,0.1500000000,2.0500000000,-0.0000000000,0.2460000000,0.0458693798,-0.0760257442,2.6707123133,-1.0847466054,0.4940000000,0.0326190129,-0.1888701518,2.0504550851,0.7136388703,0.4940000000,0.0326190129,-0.1888701518,2.0504550851,0.7136388703
