Instance,INF_avg,INF_sd,INF_r1,INF_kr,INF_sk,SUP_avg,SUP_sd,SUP_r1,SUP_kr,SUP_sk,INC_avg,INC_sd,INC_r1,INC_kr,INC_sk,IND_avg,IND_sd,IND_r1,IND_kr,IND_sk
227,0.4614457831,0.1368415893,0.7758632956,2.3580616108,-0.4783342245,0.1012048193,0.0697913861,0.6749984970,4.0899682168,1.2663588497,0.4373493976,0.0944111023,0.4569883164,2.2751763085,0.0341951594,0.4373493976,0.0944111023,0.4569883164,2.2751763085,0.0341951594
