Instance,INF_avg,INF_sd,INF_r1,INF_kr,INF_sk,SUP_avg,SUP_sd,SUP_r1,SUP_kr,SUP_sk,INC_avg,INC_sd,INC_r1,INC_kr,INC_sk,IND_avg,IND_sd,IND_r1,IND_kr,IND_sk
173,0.2280000000,0.0430813185,-0.2521891419,1.7636741974,-0.4034071140,0.1880000000,0.0688186021,-0.7749825297,1.9226168736,-0.2226770648,0.5840000000,0.0708801806,-0.7277992278,2.2187715526,-0.7311163096,0.5840000000,0.0708801806,-0.7277992278,2.2187715526,-0.7311163096
