Instance,INF_avg,INF_sd,INF_r1,INF_kr,INF_sk,SUP_avg,SUP_sd,SUP_r1,SUP_kr,SUP_sk,INC_avg,INC_sd,INC_r1,INC_kr,INC_sk,IND_avg,IND_sd,IND_r1,IND_kr,IND_sk
412,0.2000000000,0.1341640786,0.0697674419,3.5185185185,0.6956655930,0.2780000000,0.1136485812,-0.1880271871,2.8843185321,0.1928652351,0.5220000000,0.1513803158,-0.0762590359,2.5184201084,-0.1680884221,0.5220000000,0.1513803158,-0.0762590359,2.5184201084,-0.1680884221
