Instance,INF_avg,INF_sd,INF_r1,INF_kr,INF_sk,SUP_avg,SUP_sd,SUP_r1,SUP_kr,SUP_sk,INC_avg,INC_sd,INC_r1,INC_kr,INC_sk,IND_avg,IND_sd,IND_r1,IND_kr,IND_sk
242,0.2558823529,0.1055550497,0.0233491763,3.0610171290,0.1077346855,0.1941176471,0.1148942646,0.3731122024,1.6988580636,0.0276791114,0.5500000000,0.1071008321,0.1159420290,3.8392504931,0.1436460864,0.5500000000,0.1071008321,0.1159420290,3.8392504931,0.1436460864
