Instance,INF_avg,INF_sd,INF_r1,INF_kr,INF_sk,SUP_avg,SUP_sd,SUP_r1,SUP_kr,SUP_sk,INC_avg,INC_sd,INC_r1,INC_kr,INC_sk,IND_avg,IND_sd,IND_r1,IND_kr,IND_sk
278,0.2180000000,0.1227843638,0.0182138629,2.4065855841,0.4322107216,0.2520000000,0.1187265766,-0.0186641143,2.9008375840,0.5619221776,0.5300000000,0.1204159458,-0.0673753771,2.6802853746,-0.3848728446,0.5300000000,0.1204159458,-0.0673753771,2.6802853746,-0.3848728446
