Instance,INF_avg,INF_sd,INF_r1,INF_kr,INF_sk,SUP_avg,SUP_sd,SUP_r1,SUP_kr,SUP_sk,INC_avg,INC_sd,INC_r1,INC_kr,INC_sk,IND_avg,IND_sd,IND_r1,IND_kr,IND_sk
131,0.2900000000,0.0593295879,0.3678160920,2.3595686983,-0.0718252694,0.2180000000,0.0396988665,0.4684938525,1.3131103610,-0.1012700091,0.4920000000,0.0354400903,0.0284891165,2.0362083655,0.0776406700,0.4920000000,0.0354400903,0.0284891165,2.0362083655,0.0776406700
