Instance,INF_avg,INF_sd,INF_r1,INF_kr,INF_sk,SUP_avg,SUP_sd,SUP_r1,SUP_kr,SUP_sk,INC_avg,INC_sd,INC_r1,INC_kr,INC_sk,IND_avg,IND_sd,IND_r1,IND_kr,IND_sk
0,0.2504000000,0.0528000000,0.0476507767,2.0028364031,0.1340679522,0.2520000000,0.0496386946,0.0252565114,2.5566706021,-0.3076778590,0.4976000000,0.0679576339,0.1676462504,4.5368264997,0.9410551996,0.4976000000,0.0679576339,0.1676462504,4.5368264997,0.9410551996
