Instance,INF_avg,INF_sd,INF_r1,INF_kr,INF_sk,SUP_avg,SUP_sd,SUP_r1,SUP_kr,SUP_sk,INC_avg,INC_sd,INC_r1,INC_kr,INC_sk,IND_avg,IND_sd,IND_r1,IND_kr,IND_sk
357,0.2670000000,0.1364221390,-0.1146708272,2.6072806748,0.4680773010,0.2550000000,0.1381122732,0.0135040221,2.6176952053,0.3401984642,0.4780000000,0.1493854076,-0.0510401306,2.5360213918,0.1090397043,0.4780000000,0.1493854076,-0.0510401306,2.5360213918,0.1090397043
