Instance,INF_avg,INF_sd,INF_r1,INF_kr,INF_sk,SUP_avg,SUP_sd,SUP_r1,SUP_kr,SUP_sk,INC_avg,INC_sd,INC_r1,INC_kr,INC_sk,IND_avg,IND_sd,IND_r1,IND_kr,IND_sk
131,0.3700000000,0.0810181117,0.7733502538,2.1683591134,0.0782375842,0.1459016393,0.0727983302,0.8379916736,2.2400358754,0.2980336370,0.4840983607,0.0466018029,0.1892222544,2.5741573532,-0.2818448157,0.4840983607,0.0466018029,0.1892222544,2.5741573532,-0.2818448157
