Instance,INF_avg,INF_sd,INF_r1,INF_kr,INF_sk,SUP_avg,SUP_sd,SUP_r1,SUP_kr,SUP_sk,INC_avg,INC_sd,INC_r1,INC_kr,INC_sk,IND_avg,IND_sd,IND_r1,IND_kr,IND_sk
241,0.2648000000,0.0540459064,-0.0660371552,2.7732571180,0.0247525478,0.2808000000,0.0638698677,0.1691517984,4.1362024931,-0.8469488178,0.4544000000,0.0592000000,-0.1860944459,3.3504249368,0.0332260676,0.4544000000,0.0592000000,-0.1860944459,3.3504249368,0.0332260676
