Instance,INF_avg,INF_sd,INF_r1,INF_kr,INF_sk,SUP_avg,SUP_sd,SUP_r1,SUP_kr,SUP_sk,INC_avg,INC_sd,INC_r1,INC_kr,INC_sk,IND_avg,IND_sd,IND_r1,IND_kr,IND_sk
256,0.2320000000,0.0419046537,0.3578352181,1.9833697418,-0.2547273094,0.2700000000,0.0325576412,-0.0000000000,2.6254894980,-0.8171284101,0.4980000000,0.0381575681,0.1134751773,3.2862275088,-0.9909747591,0.4980000000,0.0381575681,0.1134751773,3.2862275088,-0.9909747591
