Instance,INF_avg,INF_sd,INF_r1,INF_kr,INF_sk,SUP_avg,SUP_sd,SUP_r1,SUP_kr,SUP_sk,INC_avg,INC_sd,INC_r1,INC_kr,INC_sk,IND_avg,IND_sd,IND_r1,IND_kr,IND_sk
16,0.2170000000,0.0458366665,-0.0762028860,1.8528148129,0.3056607790,0.2300000000,0.0313049517,0.4634146341,1.5389421075,-0.2542467963,0.5530000000,0.0436004587,0.0211568638,3.9866879776,1.2157162560,0.5530000000,0.0436004587,0.0211568638,3.9866879776,1.2157162560
