Instance,INF_avg,INF_sd,INF_r1,INF_kr,INF_sk,SUP_avg,SUP_sd,SUP_r1,SUP_kr,SUP_sk,INC_avg,INC_sd,INC_r1,INC_kr,INC_sk,IND_avg,IND_sd,IND_r1,IND_kr,IND_sk
92,0.2427500000,0.0277612590,-0.0868266008,2.6315426378,0.0678786596,0.2518000000,0.0292704629,0.0703654877,3.0578850576,0.3823173722,0.5054500000,0.0358684750,-0.1721448027,2.6935507725,-0.2491669148,0.5054500000,0.0358684750,-0.1721448027,2.6935507725,-0.2491669148
