Instance,INF_avg,INF_sd,INF_r1,INF_kr,INF_sk,SUP_avg,SUP_sd,SUP_r1,SUP_kr,SUP_sk,INC_avg,INC_sd,INC_r1,INC_kr,INC_sk,IND_avg,IND_sd,IND_r1,IND_kr,IND_sk
489,0.2456000000,0.0680047057,0.1833082824,2.5619951602,0.0647714087,0.2768000000,0.0749250292,0.2804364485,2.6648069106,0.0989152708,0.4776000000,0.0724033148,0.0909381312,2.2388601489,-0.2128859592,0.4776000000,0.0724033148,0.0909381312,2.2388601489,-0.2128859592
