Instance,INF_avg,INF_sd,INF_r1,INF_kr,INF_sk,SUP_avg,SUP_sd,SUP_r1,SUP_kr,SUP_sk,INC_avg,INC_sd,INC_r1,INC_kr,INC_sk,IND_avg,IND_sd,IND_r1,IND_kr,IND_sk
362,0.2282000000,0.0598060198,0.0981675232,2.6125200968,0.0075747862,0.2774000000,0.0623316934,0.1328552760,3.2292881253,0.0991125752,0.4944000000,0.0688813473,0.0680201920,2.4937386966,0.1230215807,0.4944000000,0.0688813473,0.0680201920,2.4937386966,0.1230215807
