Instance,INF_avg,INF_sd,INF_r1,INF_kr,INF_sk,SUP_avg,SUP_sd,SUP_r1,SUP_kr,SUP_sk,INC_avg,INC_sd,INC_r1,INC_kr,INC_sk,IND_avg,IND_sd,IND_r1,IND_kr,IND_sk
315,0.3000000000,0.0521536192,-0.2400000000,1.6003460208,0.4060402882,0.2240000000,0.0463033476,-0.5214067278,2.1988193362,0.3365218792,0.4760000000,0.0542586399,-0.1702127660,1.5398156900,0.5120402716,0.4760000000,0.0542586399,-0.1702127660,1.5398156900,0.5120402716
