Instance,INF_avg,INF_sd,INF_r1,INF_kr,INF_sk,SUP_avg,SUP_sd,SUP_r1,SUP_kr,SUP_sk,INC_avg,INC_sd,INC_r1,INC_kr,INC_sk,IND_avg,IND_sd,IND_r1,IND_kr,IND_sk
337,0.2680000000,0.0180554701,-0.7931937173,1.6948511423,-0.3883737120,0.2470000000,0.0188679623,-0.4319695528,1.4636093928,-0.2894151515,0.4850000000,0.0077459667,-0.1818181818,2.9166666667,-1.2909944487,0.4850000000,0.0077459667,-0.1818181818,2.9166666667,-1.2909944487
