Instance,INF_avg,INF_sd,INF_r1,INF_kr,INF_sk,SUP_avg,SUP_sd,SUP_r1,SUP_kr,SUP_sk,INC_avg,INC_sd,INC_r1,INC_kr,INC_sk,IND_avg,IND_sd,IND_r1,IND_kr,IND_sk
451,0.1800000000,0.1326649916,0.4358507734,4.8822314050,1.1923403172,0.3120000000,0.1423235750,0.2203041776,2.4866430074,-0.1286701533,0.5080000000,0.1354104870,0.0598474267,4.7694553329,-0.4352095503,0.5080000000,0.1354104870,0.0598474267,4.7694553329,-0.4352095503
