Instance,INF_avg,INF_sd,INF_r1,INF_kr,INF_sk,SUP_avg,SUP_sd,SUP_r1,SUP_kr,SUP_sk,INC_avg,INC_sd,INC_r1,INC_kr,INC_sk,IND_avg,IND_sd,IND_r1,IND_kr,IND_sk
357,0.2810000000,0.0124096736,-0.4547038328,2.0324675325,-0.6216348580,0.2880000000,0.0292574777,-0.4130180286,2.9941097476,1.3174202147,0.4310000000,0.0376031914,-0.5102892503,2.3082781000,-0.7112535439,0.4310000000,0.0376031914,-0.5102892503,2.3082781000,-0.7112535439
