Instance,INF_avg,INF_sd,INF_r1,INF_kr,INF_sk,SUP_avg,SUP_sd,SUP_r1,SUP_kr,SUP_sk,INC_avg,INC_sd,INC_r1,INC_kr,INC_sk,IND_avg,IND_sd,IND_r1,IND_kr,IND_sk
97,0.2160000000,0.0260000000,-0.0087013529,4.2060064424,0.4355939918,0.2704000000,0.0286677519,0.0695463762,2.1078928158,0.2081351642,0.5136000000,0.0330611555,0.0496090997,1.9707448381,-0.0340781571,0.5136000000,0.0330611555,0.0496090997,1.9707448381,-0.0340781571
