Instance,INF_avg,INF_sd,INF_r1,INF_kr,INF_sk,SUP_avg,SUP_sd,SUP_r1,SUP_kr,SUP_sk,INC_avg,INC_sd,INC_r1,INC_kr,INC_sk,IND_avg,IND_sd,IND_r1,IND_kr,IND_sk
52,0.2488000000,0.0288887521,0.0605179805,2.2273972957,-0.2784746547,0.2568000000,0.0425882613,0.2693678451,2.3413529085,-0.5053426657,0.4944000000,0.0471660895,0.4237256911,2.1740699790,-0.1552540681,0.4944000000,0.0471660895,0.4237256911,2.1740699790,-0.1552540681
