Instance,INF_avg,INF_sd,INF_r1,INF_kr,INF_sk,SUP_avg,SUP_sd,SUP_r1,SUP_kr,SUP_sk,INC_avg,INC_sd,INC_r1,INC_kr,INC_sk,IND_avg,IND_sd,IND_r1,IND_kr,IND_sk
315,0.2488000000,0.0430181357,0.2026625885,3.2580661284,-0.8011323413,0.2896000000,0.0405442968,-0.0119759080,2.6824008160,0.5475406253,0.4616000000,0.0394644144,0.1924011068,2.6575406111,-0.2128062516,0.4616000000,0.0394644144,0.1924011068,2.6575406111,-0.2128062516
