Instance,INF_avg,INF_sd,INF_r1,INF_kr,INF_sk,SUP_avg,SUP_sd,SUP_r1,SUP_kr,SUP_sk,INC_avg,INC_sd,INC_r1,INC_kr,INC_sk,IND_avg,IND_sd,IND_r1,IND_kr,IND_sk
406,0.2585000000,0.0374866643,0.2927148646,2.4414752972,-0.2778287424,0.2802000000,0.0404964196,0.3823870740,2.3276929598,-0.2550571336,0.4613000000,0.0354797125,-0.2043966496,2.3023844367,-0.3497151973,0.4613000000,0.0354797125,-0.2043966496,2.3023844367,-0.3497151973
