Instance,INF_avg,INF_sd,INF_r1,INF_kr,INF_sk,SUP_avg,SUP_sd,SUP_r1,SUP_kr,SUP_sk,INC_avg,INC_sd,INC_r1,INC_kr,INC_sk,IND_avg,IND_sd,IND_r1,IND_kr,IND_sk
407,0.3740000000,0.0372021505,-0.3102847182,2.4073808012,0.7327564471,0.2700000000,0.0303315018,0.4324324324,1.7816635161,0.6450461153,0.3560000000,0.0300665928,-0.5720081136,1.4512099616,-0.5403933775,0.3560000000,0.0300665928,-0.5720081136,1.4512099616,-0.5403933775
