Instance,INF_avg,INF_sd,INF_r1,INF_kr,INF_sk,SUP_avg,SUP_sd,SUP_r1,SUP_kr,SUP_sk,INC_avg,INC_sd,INC_r1,INC_kr,INC_sk,IND_avg,IND_sd,IND_r1,IND_kr,IND_sk
41,0.2494000000,0.0667805361,-0.0513252358,2.2454605735,-0.0304630946,0.2246000000,0.0607851956,0.1748530209,2.9642703357,0.3171707263,0.5260000000,0.0747529264,0.0295092767,2.9529075752,0.1413389149,0.5260000000,0.0747529264,0.0295092767,2.9529075752,0.1413389149
