Instance,INF_avg,INF_sd,INF_r1,INF_kr,INF_sk,SUP_avg,SUP_sd,SUP_r1,SUP_kr,SUP_sk,INC_avg,INC_sd,INC_r1,INC_kr,INC_sk,IND_avg,IND_sd,IND_r1,IND_kr,IND_sk
452,0.3855468750,0.0918457317,0.6594371416,2.3634454937,0.1518303567,0.1162500000,0.0763728519,0.8413896734,2.4536706056,0.6449319288,0.4982031250,0.0554869578,-0.0251227842,3.0807267748,0.1320784517,0.4982031250,0.0554869578,-0.0251227842,3.0807267748,0.1320784517
