Instance,INF_avg,INF_sd,INF_r1,INF_kr,INF_sk,SUP_avg,SUP_sd,SUP_r1,SUP_kr,SUP_sk,INC_avg,INC_sd,INC_r1,INC_kr,INC_sk,IND_avg,IND_sd,IND_r1,IND_kr,IND_sk
443,0.3060000000,0.0305614136,-0.6544907606,2.3791685963,0.7119444891,0.1690000000,0.0066332496,-0.2328767123,2.2169421488,0.3700366502,0.5250000000,0.0352136337,-0.5829959514,2.5692637877,-0.9859176195,0.5250000000,0.0352136337,-0.5829959514,2.5692637877,-0.9859176195
