Instance,INF_avg,INF_sd,INF_r1,INF_kr,INF_sk,SUP_avg,SUP_sd,SUP_r1,SUP_kr,SUP_sk,INC_avg,INC_sd,INC_r1,INC_kr,INC_sk,IND_avg,IND_sd,IND_r1,IND_kr,IND_sk
170,0.2486000000,0.0608115121,-0.0639427102,3.1465307282,0.2349418011,0.2494000000,0.0592928326,-0.2547615370,2.9425362878,0.3904412949,0.5020000000,0.0732393337,-0.1317445271,2.8148264926,-0.1287800812,0.5020000000,0.0732393337,-0.1317445271,2.8148264926,-0.1287800812
