Instance,INF_avg,INF_sd,INF_r1,INF_kr,INF_sk,SUP_avg,SUP_sd,SUP_r1,SUP_kr,SUP_sk,INC_avg,INC_sd,INC_r1,INC_kr,INC_sk,IND_avg,IND_sd,IND_r1,IND_kr,IND_sk
69,0.3080000000,0.1440000000,0.0385910560,2.4119513032,-0.2204218107,0.2360000000,0.1292439554,-0.0683932008,1.8236777205,-0.2458150933,0.4560000000,0.1525254077,0.2919803827,3.1698364707,0.6301608681,0.4560000000,0.1525254077,0.2919803827,3.1698364707,0.6301608681
