Instance,INF_avg,INF_sd,INF_r1,INF_kr,INF_sk,SUP_avg,SUP_sd,SUP_r1,SUP_kr,SUP_sk,INC_avg,INC_sd,INC_r1,INC_kr,INC_sk,IND_avg,IND_sd,IND_r1,IND_kr,IND_sk
401,0.2504000000,0.0600985857,0.1211782698,2.6038145404,0.1162119941,0.2562000000,0.0694374539,-0.0605064460,2.8579984341,0.0924162100,0.4934000000,0.0733242116,0.1178163490,2.6968971844,-0.2497544183,0.4934000000,0.0733242116,0.1178163490,2.6968971844,-0.2497544183
