Instance,INF_avg,INF_sd,INF_r1,INF_kr,INF_sk,SUP_avg,SUP_sd,SUP_r1,SUP_kr,SUP_sk,INC_avg,INC_sd,INC_r1,INC_kr,INC_sk,IND_avg,IND_sd,IND_r1,IND_kr,IND_sk
304,0.2600000000,0.1612451550,0.1650973007,2.8811834320,0.7213096873,0.2380000000,0.1426744546,0.1029925534,2.3657782028,0.0979739841,0.5020000000,0.1655173707,0.0807682235,2.5222579660,-0.3229417830,0.5020000000,0.1655173707,0.0807682235,2.5222579660,-0.3229417830
