Instance,INF_avg,INF_sd,INF_r1,INF_kr,INF_sk,SUP_avg,SUP_sd,SUP_r1,SUP_kr,SUP_sk,INC_avg,INC_sd,INC_r1,INC_kr,INC_sk,IND_avg,IND_sd,IND_r1,IND_kr,IND_sk
111,0.5417699115,0.1518760562,0.9339914110,2.5920441953,-0.8116970878,0.0822123894,0.0734453564,0.8750665178,2.9365361727,1.0314836329,0.3760176991,0.0850615584,0.8355286130,2.5170436651,0.5705999518,0.3760176991,0.0850615584,0.8355286130,2.5170436651,0.5705999518
