Instance,INF_avg,INF_sd,INF_r1,INF_kr,INF_sk,SUP_avg,SUP_sd,SUP_r1,SUP_kr,SUP_sk,INC_avg,INC_sd,INC_r1,INC_kr,INC_sk,IND_avg,IND_sd,IND_r1,IND_kr,IND_sk
484,0.1950000000,0.0960468636,-0.7542805647,1.6951770331,0.1422070027,0.3150000000,0.0593717104,-0.1239964318,2.4172325336,-0.2365192629,0.4900000000,0.0768114575,-0.6383701188,2.7023843723,0.8340916670,0.4900000000,0.0768114575,-0.6383701188,2.7023843723,0.8340916670
