Instance,INF_avg,INF_sd,INF_r1,INF_kr,INF_sk,SUP_avg,SUP_sd,SUP_r1,SUP_kr,SUP_sk,INC_avg,INC_sd,INC_r1,INC_kr,INC_sk,IND_avg,IND_sd,IND_r1,IND_kr,IND_sk
253,0.2704000000,0.0409736501,0.2897088992,2.2793004172,0.0953699580,0.2555000000,0.0292446576,-0.0268267895,2.3795193998,-0.2049257879,0.4741000000,0.0320263954,0.0500198662,2.6024565453,0.0402625901,0.4741000000,0.0320263954,0.0500198662,2.6024565453,0.0402625901
