Instance,INF_avg,INF_sd,INF_r1,INF_kr,INF_sk,SUP_avg,SUP_sd,SUP_r1,SUP_kr,SUP_sk,INC_avg,INC_sd,INC_r1,INC_kr,INC_sk,IND_avg,IND_sd,IND_r1,IND_kr,IND_sk
220,0.2183000000,0.0513430618,0.3188299206,2.6363803451,0.1384531476,0.2999000000,0.0479060539,0.0854232021,2.7550490374,-0.1313533546,0.4818000000,0.0504059520,-0.1808454627,2.2293359104,0.0572663140,0.4818000000,0.0504059520,-0.1808454627,2.2293359104,0.0572663140
