Instance,INF_avg,INF_sd,INF_r1,INF_kr,INF_sk,SUP_avg,SUP_sd,SUP_r1,SUP_kr,SUP_sk,INC_avg,INC_sd,INC_r1,INC_kr,INC_sk,IND_avg,IND_sd,IND_r1,IND_kr,IND_sk
177,0.2941176471,0.1008041485,-0.0216346154,2.7530161268,0.1465480500,0.1784313725,0.0971429621,0.2767636026,4.5698276778,1.0032209359,0.5274509804,0.1006419228,-0.0052738409,2.5150844880,-0.1509166584,0.5274509804,0.1006419228,-0.0052738409,2.5150844880,-0.1509166584
