Instance,INF_avg,INF_sd,INF_r1,INF_kr,INF_sk,SUP_avg,SUP_sd,SUP_r1,SUP_kr,SUP_sk,INC_avg,INC_sd,INC_r1,INC_kr,INC_sk,IND_avg,IND_sd,IND_r1,IND_kr,IND_sk
133,0.2000000000,0.0400000000,0.1500000000,2.0500000000,-0.0000000000,0.2120000000,0.0785875308,-0.2402015677,1.8548283175,0.5174257546,0.5880000000,0.0627375486,-0.5285451197,2.3762641285,0.7946382936,0.5880000000,0.0627375486,-0.5285451197,2.3762641285,0.7946382936
