Instance,INF_avg,INF_sd,INF_r1,INF_kr,INF_sk,SUP_avg,SUP_sd,SUP_r1,SUP_kr,SUP_sk,INC_avg,INC_sd,INC_r1,INC_kr,INC_sk,IND_avg,IND_sd,IND_r1,IND_kr,IND_sk
282,0.3957317073,0.1044267801,0.7469808556,2.4115406391,-0.1738979054,0.1106097561,0.0860281797,0.8725186395,2.5311842965,0.7563006705,0.4936585366,0.0491516368,0.1551746566,2.6148130649,0.0671341789,0.4936585366,0.0491516368,0.1551746566,2.6148130649,0.0671341789
