Instance,INF_avg,INF_sd,INF_r1,INF_kr,INF_sk,SUP_avg,SUP_sd,SUP_r1,SUP_kr,SUP_sk,INC_avg,INC_sd,INC_r1,INC_kr,INC_sk,IND_avg,IND_sd,IND_r1,IND_kr,IND_sk
429,0.4500000000,0.1030776406,-0.0490196078,2.5328719723,0.1426680147,0.1562500000,0.0971601985,0.3043478261,2.7147966706,0.6074219928,0.3937500000,0.1083132994,-0.0062281635,2.1779389284,0.2347825966,0.3937500000,0.1083132994,-0.0062281635,2.1779389284,0.2347825966
