Instance,INF_avg,INF_sd,INF_r1,INF_kr,INF_sk,SUP_avg,SUP_sd,SUP_r1,SUP_kr,SUP_sk,INC_avg,INC_sd,INC_r1,INC_kr,INC_sk,IND_avg,IND_sd,IND_r1,IND_kr,IND_sk
339,0.2600000000,0.0700000000,0.3251533742,1.6022490629,0.0787172012,0.3250000000,0.0955248659,0.2396694215,2.0838806530,0.3871902989,0.4150000000,0.0776208735,-0.1005353956,2.0842788519,-0.0256593511,0.4150000000,0.0776208735,-0.1005353956,2.0842788519,-0.0256593511
