Instance,INF_avg,INF_sd,INF_r1,INF_kr,INF_sk,SUP_avg,SUP_sd,SUP_r1,SUP_kr,SUP_sk,INC_avg,INC_sd,INC_r1,INC_kr,INC_sk,IND_avg,IND_sd,IND_r1,IND_kr,IND_sk
60,0.2160000000,0.1246755790,-0.0340299248,3.1090341326,0.3456175399,0.2510000000,0.1367442869,-0.1477457353,3.7645142442,0.6712610370,0.5330000000,0.1349481382,0.0146487057,2.5504375474,-0.0524207018,0.5330000000,0.1349481382,0.0146487057,2.5504375474,-0.0524207018
