Instance,INF_avg,INF_sd,INF_r1,INF_kr,INF_sk,SUP_avg,SUP_sd,SUP_r1,SUP_kr,SUP_sk,INC_avg,INC_sd,INC_r1,INC_kr,INC_sk,IND_avg,IND_sd,IND_r1,IND_kr,IND_sk
196,0.2800000000,0.0979795897,0.1025641026,2.7291666667,-0.8675276172,0.1400000000,0.0800000000,0.3661971831,2.0781250000,-0.8437500000,0.5800000000,0.0979795897,-0.1904761905,1.1666666667,0.4082482905,0.5800000000,0.0979795897,-0.1904761905,1.1666666667,0.4082482905
