Instance,INF_avg,INF_sd,INF_r1,INF_kr,INF_sk,SUP_avg,SUP_sd,SUP_r1,SUP_kr,SUP_sk,INC_avg,INC_sd,INC_r1,INC_kr,INC_sk,IND_avg,IND_sd,IND_r1,IND_kr,IND_sk
218,0.2837000000,0.0409244426,0.4259232604,2.7615024240,-0.1752032007,0.2422000000,0.0448013393,0.6041863400,2.1804634865,0.3002230693,0.4741000000,0.0293034128,-0.0502852980,3.5931525511,0.5419440140,0.4741000000,0.0293034128,-0.0502852980,3.5931525511,0.5419440140
