Instance,INF_avg,INF_sd,INF_r1,INF_kr,INF_sk,SUP_avg,SUP_sd,SUP_r1,SUP_kr,SUP_sk,INC_avg,INC_sd,INC_r1,INC_kr,INC_sk,IND_avg,IND_sd,IND_r1,IND_kr,IND_sk
310,0.2260000000,0.0573061951,0.0454601152,1.8146922813,0.1821103909,0.2500000000,0.0688476579,0.1717647059,1.8648186722,-0.5000951491,0.5240000000,0.0427083130,0.0836864407,1.6283471837,0.1084467782,0.5240000000,0.0427083130,0.0836864407,1.6283471837,0.1084467782
