Instance,INF_avg,INF_sd,INF_r1,INF_kr,INF_sk,SUP_avg,SUP_sd,SUP_r1,SUP_kr,SUP_sk,INC_avg,INC_sd,INC_r1,INC_kr,INC_sk,IND_avg,IND_sd,IND_r1,IND_kr,IND_sk
310,0.3100000000,0.0830662386,0.1291727141,3.4902331443,0.8584034742,0.2200000000,0.1077032961,-0.3148788927,4.9072532699,1.5175791430,0.4700000000,0.1345362405,-0.4047751249,2.2409877598,-0.6751246279,0.4700000000,0.1345362405,-0.4047751249,2.2409877598,-0.6751246279
