Instance,INF_avg,INF_sd,INF_r1,INF_kr,INF_sk,SUP_avg,SUP_sd,SUP_r1,SUP_kr,SUP_sk,INC_avg,INC_sd,INC_r1,INC_kr,INC_sk,IND_avg,IND_sd,IND_r1,IND_kr,IND_sk
79,0.2792000000,0.0633510852,0.4883635494,2.3289176329,0.0064211266,0.3860000000,0.0773175271,0.5835055318,2.3577802450,-0.0367370111,0.3348000000,0.0537862436,0.3253656838,3.5219114688,-0.8329563442,0.3348000000,0.0537862436,0.3253656838,3.5219114688,-0.8329563442
