Instance,INF_avg,INF_sd,INF_r1,INF_kr,INF_sk,SUP_avg,SUP_sd,SUP_r1,SUP_kr,SUP_sk,INC_avg,INC_sd,INC_r1,INC_kr,INC_sk,IND_avg,IND_sd,IND_r1,IND_kr,IND_sk
150,0.2480000000,0.0231516738,-0.1181434599,1.3968589886,0.2436882574,0.2120000000,0.0396988665,0.1065388952,1.6339122369,0.1396298610,0.5400000000,0.0228035085,-0.0384615385,2.5000000000,-0.6071940134,0.5400000000,0.0228035085,-0.0384615385,2.5000000000,-0.6071940134
