Instance,INF_avg,INF_sd,INF_r1,INF_kr,INF_sk,SUP_avg,SUP_sd,SUP_r1,SUP_kr,SUP_sk,INC_avg,INC_sd,INC_r1,INC_kr,INC_sk,IND_avg,IND_sd,IND_r1,IND_kr,IND_sk
497,0.2806000000,0.0495342306,-0.2084479506,3.4452426913,0.0224062087,0.3100000000,0.0621932472,0.1988826816,2.3521557841,-0.2643792812,0.4094000000,0.0538668729,0.3932942724,2.6233079632,0.3685369817,0.4094000000,0.0538668729,0.3932942724,2.6233079632,0.3685369817
