Instance,INF_avg,INF_sd,INF_r1,INF_kr,INF_sk,SUP_avg,SUP_sd,SUP_r1,SUP_kr,SUP_sk,INC_avg,INC_sd,INC_r1,INC_kr,INC_sk,IND_avg,IND_sd,IND_r1,IND_kr,IND_sk
144,0.2920000000,0.1383329317,0.2321140859,2.7867781121,0.2341305101,0.2000000000,0.1326649916,-0.1860465116,4.2871900826,0.8223036670,0.5080000000,0.1695169608,-0.0151238418,2.5423522205,0.3181580451,0.5080000000,0.1695169608,-0.0151238418,2.5423522205,0.3181580451
