Instance,INF_avg,INF_sd,INF_r1,INF_kr,INF_sk,SUP_avg,SUP_sd,SUP_r1,SUP_kr,SUP_sk,INC_avg,INC_sd,INC_r1,INC_kr,INC_sk,IND_avg,IND_sd,IND_r1,IND_kr,IND_sk
251,0.2470000000,0.0422965720,-0.2018943143,2.2790067617,-0.2166289200,0.2847000000,0.0388446908,-0.1325610741,2.7046896714,0.3874650820,0.4683000000,0.0416906464,0.0511074757,3.4372119289,0.2856532871,0.4683000000,0.0416906464,0.0511074757,3.4372119289,0.2856532871
