Instance,INF_avg,INF_sd,INF_r1,INF_kr,INF_sk,SUP_avg,SUP_sd,SUP_r1,SUP_kr,SUP_sk,INC_avg,INC_sd,INC_r1,INC_kr,INC_sk,IND_avg,IND_sd,IND_r1,IND_kr,IND_sk
258,0.2420000000,0.0426145515,-0.5702479339,1.5554445070,-0.0762908726,0.2980000000,0.0538144962,-0.5325229961,1.5513339031,0.4028572141,0.4600000000,0.0469041576,-0.2000000000,2.2619834711,0.5233108492,0.4600000000,0.0469041576,-0.2000000000,2.2619834711,0.5233108492
