Instance,INF_avg,INF_sd,INF_r1,INF_kr,INF_sk,SUP_avg,SUP_sd,SUP_r1,SUP_kr,SUP_sk,INC_avg,INC_sd,INC_r1,INC_kr,INC_sk,IND_avg,IND_sd,IND_r1,IND_kr,IND_sk
380,0.2336000000,0.0431629471,-0.3370811595,3.4252833783,0.8042414655,0.2964000000,0.0398878428,-0.0339423050,2.3165536740,-0.4564871185,0.4700000000,0.0537401154,-0.0901525659,2.6255361761,0.2597913819,0.4700000000,0.0537401154,-0.0901525659,2.6255361761,0.2597913819
