Instance,INF_avg,INF_sd,INF_r1,INF_kr,INF_sk,SUP_avg,SUP_sd,SUP_r1,SUP_kr,SUP_sk,INC_avg,INC_sd,INC_r1,INC_kr,INC_sk,IND_avg,IND_sd,IND_r1,IND_kr,IND_sk
476,0.2980000000,0.0373630834,0.0202405397,1.7988111756,0.2374284820,0.2560000000,0.0436348485,-0.1522287637,3.6979733070,1.1231482426,0.4460000000,0.0465188134,0.3303488155,2.0638750038,-0.6513374538,0.4460000000,0.0465188134,0.3303488155,2.0638750038,-0.6513374538
