Instance,INF_avg,INF_sd,INF_r1,INF_kr,INF_sk,SUP_avg,SUP_sd,SUP_r1,SUP_kr,SUP_sk,INC_avg,INC_sd,INC_r1,INC_kr,INC_sk,IND_avg,IND_sd,IND_r1,IND_kr,IND_sk
459,0.2627500000,0.0373321242,-0.0946449017,3.5142085447,0.3432686224,0.2332000000,0.0277625647,-0.0463599826,2.6136928511,-0.0589797092,0.5040500000,0.0401789435,-0.1476284450,3.5280834029,-0.1750156681,0.5040500000,0.0401789435,-0.1476284450,3.5280834029,-0.1750156681
