Instance,INF_avg,INF_sd,INF_r1,INF_kr,INF_sk,SUP_avg,SUP_sd,SUP_r1,SUP_kr,SUP_sk,INC_avg,INC_sd,INC_r1,INC_kr,INC_sk,IND_avg,IND_sd,IND_r1,IND_kr,IND_sk
203,0.2840000000,0.0666933280,0.1697244406,3.3534237358,0.2718337343,0.2220000000,0.0568858506,-0.1639348315,2.3381228790,0.1335052760,0.4940000000,0.0640312424,0.2461115123,3.1751319453,-0.1038517425,0.4940000000,0.0640312424,0.2461115123,3.1751319453,-0.1038517425
