Instance,INF_avg,INF_sd,INF_r1,INF_kr,INF_sk,SUP_avg,SUP_sd,SUP_r1,SUP_kr,SUP_sk,INC_avg,INC_sd,INC_r1,INC_kr,INC_sk,IND_avg,IND_sd,IND_r1,IND_kr,IND_sk
25,0.2272727273,0.1628770261,0.2680128499,4.2359740298,0.9446744217,0.2454545455,0.1157083824,-0.3696649030,2.7816643804,0.1105763691,0.5272727273,0.1387667047,-0.0264385692,2.8216581628,-0.3930730692,0.5272727273,0.1387667047,-0.0264385692,2.8216581628,-0.3930730692
