Instance,INF_avg,INF_sd,INF_r1,INF_kr,INF_sk,SUP_avg,SUP_sd,SUP_r1,SUP_kr,SUP_sk,INC_avg,INC_sd,INC_r1,INC_kr,INC_sk,IND_avg,IND_sd,IND_r1,IND_kr,IND_sk
86,0.3840990991,0.0764637882,0.6761805357,2.6441612034,-0.0783273766,0.1249549550,0.0851799777,0.8017955203,3.1574037659,0.8915466455,0.4909459459,0.0510211646,0.1694228414,3.1353237190,-0.2213713400,0.4909459459,0.0510211646,0.1694228414,3.1353237190,-0.2213713400
