Instance,INF_avg,INF_sd,INF_r1,INF_kr,INF_sk,SUP_avg,SUP_sd,SUP_r1,SUP_kr,SUP_sk,INC_avg,INC_sd,INC_r1,INC_kr,INC_sk,IND_avg,IND_sd,IND_r1,IND_kr,IND_sk
342,0.2800000000,0.0489897949,-0.7586206897,1.9666666667,0.4082482905,0.3080000000,0.0391918359,-0.1020881671,2.4361979167,1.0269996057,0.4120000000,0.0601331855,-0.1634103020,2.0385699742,-0.0988955201,0.4120000000,0.0601331855,-0.1634103020,2.0385699742,-0.0988955201
