Instance,INF_avg,INF_sd,INF_r1,INF_kr,INF_sk,SUP_avg,SUP_sd,SUP_r1,SUP_kr,SUP_sk,INC_avg,INC_sd,INC_r1,INC_kr,INC_sk,IND_avg,IND_sd,IND_r1,IND_kr,IND_sk
317,0.2562000000,0.0420899038,0.0971798149,2.2597506314,0.1940682192,0.2436000000,0.0413163406,-0.0306443463,2.7280613260,0.4678568759,0.5002000000,0.0501792786,0.1849847163,2.9252034381,-0.0687837289,0.5002000000,0.0501792786,0.1849847163,2.9252034381,-0.0687837289
