Instance,INF_avg,INF_sd,INF_r1,INF_kr,INF_sk,SUP_avg,SUP_sd,SUP_r1,SUP_kr,SUP_sk,INC_avg,INC_sd,INC_r1,INC_kr,INC_sk,IND_avg,IND_sd,IND_r1,IND_kr,IND_sk
409,0.2440000000,0.0991160935,-0.3796102992,1.4651667392,-0.0603378908,0.3080000000,0.1217209924,-0.3929088278,1.4373836702,0.2727620213,0.4480000000,0.0271293199,-0.3253012048,2.3638941399,-0.7500308204,0.4480000000,0.0271293199,-0.3253012048,2.3638941399,-0.7500308204
