Instance,INF_avg,INF_sd,INF_r1,INF_kr,INF_sk,SUP_avg,SUP_sd,SUP_r1,SUP_kr,SUP_sk,INC_avg,INC_sd,INC_r1,INC_kr,INC_sk,IND_avg,IND_sd,IND_r1,IND_kr,IND_sk
171,0.3284705882,0.0798455256,0.4215703761,2.3626612558,0.0355380542,0.1324705882,0.0753330782,0.5965151909,3.1439838980,0.6715718257,0.5390588235,0.0665736837,0.0508192817,2.3836160014,0.0889859839,0.5390588235,0.0665736837,0.0508192817,2.3836160014,0.0889859839
