Instance,INF_avg,INF_sd,INF_r1,INF_kr,INF_sk,SUP_avg,SUP_sd,SUP_r1,SUP_kr,SUP_sk,INC_avg,INC_sd,INC_r1,INC_kr,INC_sk,IND_avg,IND_sd,IND_r1,IND_kr,IND_sk
227,0.2900000000,0.1603121954,-0.2670246712,3.1550061318,0.3961142529,0.2980000000,0.1348925498,-0.1784100351,2.4583826023,0.4274524068,0.4120000000,0.1582908715,-0.4235504266,3.4346285776,-0.4094019894,0.4120000000,0.1582908715,-0.4235504266,3.4346285776,-0.4094019894
