Instance,INF_avg,INF_sd,INF_r1,INF_kr,INF_sk,SUP_avg,SUP_sd,SUP_r1,SUP_kr,SUP_sk,INC_avg,INC_sd,INC_r1,INC_kr,INC_sk,IND_avg,IND_sd,IND_r1,IND_kr,IND_sk
338,0.2500000000,0.1118033989,0.0204081633,1.6400000000,-0.2146625258,0.2800000000,0.1536229150,-0.6606498195,2.0129273197,-0.4898633600,0.4700000000,0.1552417470,-0.4568599717,2.0842788519,0.0256593511,0.4700000000,0.1552417470,-0.4568599717,2.0842788519,0.0256593511
