Instance,INF_avg,INF_sd,INF_r1,INF_kr,INF_sk,SUP_avg,SUP_sd,SUP_r1,SUP_kr,SUP_sk,INC_avg,INC_sd,INC_r1,INC_kr,INC_sk,IND_avg,IND_sd,IND_r1,IND_kr,IND_sk
101,0.3531250000,0.0707741787,0.4862844029,3.0527144522,-0.1210900651,0.1084375000,0.0755856044,0.8466758045,2.3050182362,0.3946897213,0.5384375000,0.0610895539,0.1718434969,3.6413259903,0.8730003472,0.5384375000,0.0610895539,0.1718434969,3.6413259903,0.8730003472
