Instance,INF_avg,INF_sd,INF_r1,INF_kr,INF_sk,SUP_avg,SUP_sd,SUP_r1,SUP_kr,SUP_sk,INC_avg,INC_sd,INC_r1,INC_kr,INC_sk,IND_avg,IND_sd,IND_r1,IND_kr,IND_sk
0,0.3506250000,0.0826414507,0.3736668181,2.5020622474,-0.0943345660,0.1387500000,0.0735760661,0.5778419416,3.0161008934,0.6168784638,0.5106250000,0.0711309312,0.0257669885,3.1136348318,0.1980453812,0.5106250000,0.0711309312,0.0257669885,3.1136348318,0.1980453812
