Instance,INF_avg,INF_sd,INF_r1,INF_kr,INF_sk,SUP_avg,SUP_sd,SUP_r1,SUP_kr,SUP_sk,INC_avg,INC_sd,INC_r1,INC_kr,INC_sk,IND_avg,IND_sd,IND_r1,IND_kr,IND_sk
491,0.2667000000,0.0435615656,0.4161278150,2.5959453354,-0.4612134497,0.2630000000,0.0469148164,0.5344895769,2.5057560264,0.6253080167,0.4703000000,0.0419572401,0.1672918153,3.5866068414,0.2229578977,0.4703000000,0.0419572401,0.1672918153,3.5866068414,0.2229578977
