Instance,INF_avg,INF_sd,INF_r1,INF_kr,INF_sk,SUP_avg,SUP_sd,SUP_r1,SUP_kr,SUP_sk,INC_avg,INC_sd,INC_r1,INC_kr,INC_sk,IND_avg,IND_sd,IND_r1,IND_kr,IND_sk
460,0.2160000000,0.0387814389,0.4412107101,1.8834314169,-0.0460847791,0.2620000000,0.0602992537,0.6221429515,1.6033976335,0.2981827620,0.5220000000,0.0831624915,0.5637723307,1.9719328798,-0.3211395717,0.5220000000,0.0831624915,0.5637723307,1.9719328798,-0.3211395717
