Instance,INF_avg,INF_sd,INF_r1,INF_kr,INF_sk,SUP_avg,SUP_sd,SUP_r1,SUP_kr,SUP_sk,INC_avg,INC_sd,INC_r1,INC_kr,INC_sk,IND_avg,IND_sd,IND_r1,IND_kr,IND_sk
311,0.2250000000,0.0715891053,-0.2602739726,2.2278405711,0.1022093116,0.3850000000,0.1050000000,-0.2496236073,1.5459453623,0.1399416910,0.3900000000,0.0700000000,-0.4792176039,1.8521449396,0.3586005831,0.3900000000,0.0700000000,-0.4792176039,1.8521449396,0.3586005831
