Instance,INF_avg,INF_sd,INF_r1,INF_kr,INF_sk,SUP_avg,SUP_sd,SUP_r1,SUP_kr,SUP_sk,INC_avg,INC_sd,INC_r1,INC_kr,INC_sk,IND_avg,IND_sd,IND_r1,IND_kr,IND_sk
193,0.2532000000,0.0701552564,0.1541718814,2.8351872983,0.2059685626,0.3232000000,0.0714825853,-0.1017127606,4.7859172127,-0.1887057988,0.4236000000,0.0615389308,-0.0348469117,2.2600483543,-0.2766212378,0.4236000000,0.0615389308,-0.0348469117,2.2600483543,-0.2766212378
