Instance,INF_avg,INF_sd,INF_r1,INF_kr,INF_sk,SUP_avg,SUP_sd,SUP_r1,SUP_kr,SUP_sk,INC_avg,INC_sd,INC_r1,INC_kr,INC_sk,IND_avg,IND_sd,IND_r1,IND_kr,IND_sk
333,0.2798000000,0.0694259318,0.2195509851,4.7342727537,0.8690547710,0.2216000000,0.0657072294,0.1878898520,2.4142613659,-0.0775777755,0.4986000000,0.0602829993,-0.0250228932,3.3366509625,-0.6493529403,0.4986000000,0.0602829993,-0.0250228932,3.3366509625,-0.6493529403
