Instance,INF_avg,INF_sd,INF_r1,INF_kr,INF_sk,SUP_avg,SUP_sd,SUP_r1,SUP_kr,SUP_sk,INC_avg,INC_sd,INC_r1,INC_kr,INC_sk,IND_avg,IND_sd,IND_r1,IND_kr,IND_sk
250,0.4217500000,0.1046992717,0.6446380577,2.2374886714,0.1721210123,0.1160000000,0.0778716893,0.7018216357,3.1950452865,0.8268117056,0.4622500000,0.0727319565,0.1531413278,2.5627107293,-0.0312372884,0.4622500000,0.0727319565,0.1531413278,2.5627107293,-0.0312372884
