Instance,INF_avg,INF_sd,INF_r1,INF_kr,INF_sk,SUP_avg,SUP_sd,SUP_r1,SUP_kr,SUP_sk,INC_avg,INC_sd,INC_r1,INC_kr,INC_sk,IND_avg,IND_sd,IND_r1,IND_kr,IND_sk
67,0.2280000000,0.0396988665,-0.6480446927,2.3296271483,-0.5232283802,0.2760000000,0.0578273292,-0.5931189230,1.2640106683,0.2740380747,0.4960000000,0.0300665928,-0.3133874239,2.5789411857,-1.0701908065,0.4960000000,0.0300665928,-0.3133874239,2.5789411857,-1.0701908065
