Instance,INF_avg,INF_sd,INF_r1,INF_kr,INF_sk,SUP_avg,SUP_sd,SUP_r1,SUP_kr,SUP_sk,INC_avg,INC_sd,INC_r1,INC_kr,INC_sk,IND_avg,IND_sd,IND_r1,IND_kr,IND_sk
171,0.3120000000,0.0627375486,-0.2912785775,2.1383105294,0.6826736025,0.1880000000,0.0545527268,-0.8956743003,1.8950745751,0.7001217104,0.5000000000,0.0593295879,0.1395348837,2.0351239669,0.5516180693,0.5000000000,0.0593295879,0.1395348837,2.0351239669,0.5516180693
