Instance,INF_avg,INF_sd,INF_r1,INF_kr,INF_sk,SUP_avg,SUP_sd,SUP_r1,SUP_kr,SUP_sk,INC_avg,INC_sd,INC_r1,INC_kr,INC_sk,IND_avg,IND_sd,IND_r1,IND_kr,IND_sk
251,0.2540000000,0.1465742133,0.1957064225,3.7516785861,0.8644419358,0.2830000000,0.1393233649,-0.0409412417,2.8312799026,0.1497090395,0.4630000000,0.1494356049,-0.0362782627,3.5605042173,0.1616381436,0.4630000000,0.1494356049,-0.0362782627,3.5605042173,0.1616381436
