Instance,INF_avg,INF_sd,INF_r1,INF_kr,INF_sk,SUP_avg,SUP_sd,SUP_r1,SUP_kr,SUP_sk,INC_avg,INC_sd,INC_r1,INC_kr,INC_sk,IND_avg,IND_sd,IND_r1,IND_kr,IND_sk
154,0.2520000000,0.1019607768,0.1658748793,2.3798772162,-0.0541366542,0.2420000000,0.1045753317,-0.0711472924,3.5674384555,0.4878965721,0.5060000000,0.1003194896,0.0075090172,3.6504024482,0.1175021762,0.5060000000,0.1003194896,0.0075090172,3.6504024482,0.1175021762
