Instance,INF_avg,INF_sd,INF_r1,INF_kr,INF_sk,SUP_avg,SUP_sd,SUP_r1,SUP_kr,SUP_sk,INC_avg,INC_sd,INC_r1,INC_kr,INC_sk,IND_avg,IND_sd,IND_r1,IND_kr,IND_sk
191,0.2545000000,0.0916774236,0.0075795730,3.7990243687,0.3733745713,0.2415000000,0.0943543852,-0.1673661096,2.5988230056,0.0492661724,0.5040000000,0.1057544325,-0.0463565580,2.5727506954,0.2310093008,0.5040000000,0.1057544325,-0.0463565580,2.5727506954,0.2310093008
