Instance,INF_avg,INF_sd,INF_r1,INF_kr,INF_sk,SUP_avg,SUP_sd,SUP_r1,SUP_kr,SUP_sk,INC_avg,INC_sd,INC_r1,INC_kr,INC_sk,IND_avg,IND_sd,IND_r1,IND_kr,IND_sk
468,0.2836000000,0.0451557305,-0.1050432809,3.0000055970,0.0411809845,0.2340000000,0.0415210790,0.2673461754,3.3367176103,0.3200230664,0.4824000000,0.0500023999,0.0855467433,2.5171595345,0.1270572873,0.4824000000,0.0500023999,0.0855467433,2.5171595345,0.1270572873
