Instance,INF_avg,INF_sd,INF_r1,INF_kr,INF_sk,SUP_avg,SUP_sd,SUP_r1,SUP_kr,SUP_sk,INC_avg,INC_sd,INC_r1,INC_kr,INC_sk,IND_avg,IND_sd,IND_r1,IND_kr,IND_sk
224,0.3400000000,0.0894427191,-0.4695153726,3.1418750000,0.9307632956,0.1760000000,0.0949947367,-0.2336461889,3.1906429191,0.8790520618,0.4840000000,0.0833306666,-0.0393278344,2.8524482894,0.3584354333,0.4840000000,0.0833306666,-0.0393278344,2.8524482894,0.3584354333
