Instance,INF_avg,INF_sd,INF_r1,INF_kr,INF_sk,SUP_avg,SUP_sd,SUP_r1,SUP_kr,SUP_sk,INC_avg,INC_sd,INC_r1,INC_kr,INC_sk,IND_avg,IND_sd,IND_r1,IND_kr,IND_sk
254,0.3090000000,0.0359026461,-0.1924897199,2.3123011987,0.7167041327,0.1840000000,0.0412795349,-0.1073087265,1.9667724658,0.1576336137,0.5070000000,0.0343656806,0.3971663207,1.9113073853,0.2108122917,0.5070000000,0.0343656806,0.3971663207,1.9113073853,0.2108122917
