Instance,INF_avg,INF_sd,INF_r1,INF_kr,INF_sk,SUP_avg,SUP_sd,SUP_r1,SUP_kr,SUP_sk,INC_avg,INC_sd,INC_r1,INC_kr,INC_sk,IND_avg,IND_sd,IND_r1,IND_kr,IND_sk
277,0.2520000000,0.0348711915,-0.1550632911,1.3801939058,-0.5071295170,0.2240000000,0.0585149554,-0.1318989710,2.3312516377,-0.7723882110,0.5240000000,0.0542586399,-0.6507747318,1.9651465028,-0.1514485311,0.5240000000,0.0542586399,-0.6507747318,1.9651465028,-0.1514485311
