Instance,INF_avg,INF_sd,INF_r1,INF_kr,INF_sk,SUP_avg,SUP_sd,SUP_r1,SUP_kr,SUP_sk,INC_avg,INC_sd,INC_r1,INC_kr,INC_sk,IND_avg,IND_sd,IND_r1,IND_kr,IND_sk
315,0.2140000000,0.0639061812,0.0422507597,1.9810972515,-0.1497052539,0.3320000000,0.0815843122,-0.0058593750,2.8700651812,0.5809233354,0.4540000000,0.0456508488,-0.4818488395,2.3554916170,-0.7386449656,0.4540000000,0.0456508488,-0.4818488395,2.3554916170,-0.7386449656
