Instance,INF_avg,INF_sd,INF_r1,INF_kr,INF_sk,SUP_avg,SUP_sd,SUP_r1,SUP_kr,SUP_sk,INC_avg,INC_sd,INC_r1,INC_kr,INC_sk,IND_avg,IND_sd,IND_r1,IND_kr,IND_sk
325,0.2520000000,0.0902551938,-0.2115588152,2.3465468676,0.1647346322,0.2385000000,0.0874228231,-0.0036780708,3.6864576677,0.1293806015,0.5095000000,0.1097030082,-0.0969060394,3.1552152270,-0.2481334425,0.5095000000,0.1097030082,-0.0969060394,3.1552152270,-0.2481334425
