Instance,INF_avg,INF_sd,INF_r1,INF_kr,INF_sk,SUP_avg,SUP_sd,SUP_r1,SUP_kr,SUP_sk,INC_avg,INC_sd,INC_r1,INC_kr,INC_sk,IND_avg,IND_sd,IND_r1,IND_kr,IND_sk
430,0.1840000000,0.0649923072,0.1427921783,1.9715909091,0.4154337821,0.2180000000,0.0468614981,0.0077243018,2.1668707138,0.2602716904,0.5980000000,0.0532541078,0.0133854715,2.0204801852,-0.3057433147,0.5980000000,0.0532541078,0.0133854715,2.0204801852,-0.3057433147
