Instance,INF_avg,INF_sd,INF_r1,INF_kr,INF_sk,SUP_avg,SUP_sd,SUP_r1,SUP_kr,SUP_sk,INC_avg,INC_sd,INC_r1,INC_kr,INC_sk,IND_avg,IND_sd,IND_r1,IND_kr,IND_sk
155,0.2040000000,0.0195959179,0.4230769231,1.1666666667,-0.4082482905,0.3080000000,0.0627375486,-0.1215334421,2.1977989292,-0.6049203448,0.4880000000,0.0722218803,-0.0178351784,2.6771989913,0.8470828206,0.4880000000,0.0722218803,-0.0178351784,2.6771989913,0.8470828206
