Instance,INF_avg,INF_sd,INF_r1,INF_kr,INF_sk,SUP_avg,SUP_sd,SUP_r1,SUP_kr,SUP_sk,INC_avg,INC_sd,INC_r1,INC_kr,INC_sk,IND_avg,IND_sd,IND_r1,IND_kr,IND_sk
168,0.2560000000,0.1202663710,-0.0567309409,2.4912042838,-0.6240572215,0.2240000000,0.1141227409,0.1296611481,2.5331604779,0.6515679675,0.5200000000,0.1574801575,-0.0619469027,2.6508844953,0.4670327251,0.5200000000,0.1574801575,-0.0619469027,2.6508844953,0.4670327251
