Instance,INF_avg,INF_sd,INF_r1,INF_kr,INF_sk,SUP_avg,SUP_sd,SUP_r1,SUP_kr,SUP_sk,INC_avg,INC_sd,INC_r1,INC_kr,INC_sk,IND_avg,IND_sd,IND_r1,IND_kr,IND_sk
39,0.2616000000,0.0605098339,-0.0355355802,2.6528116039,0.0557021795,0.2478000000,0.0628582532,0.1029330135,2.5131399562,0.1060878727,0.4906000000,0.0716354661,0.0496060191,2.5182953962,0.1754666199,0.4906000000,0.0716354661,0.0496060191,2.5182953962,0.1754666199
