Instance,INF_avg,INF_sd,INF_r1,INF_kr,INF_sk,SUP_avg,SUP_sd,SUP_r1,SUP_kr,SUP_sk,INC_avg,INC_sd,INC_r1,INC_kr,INC_sk,IND_avg,IND_sd,IND_r1,IND_kr,IND_sk
78,0.2731000000,0.0346827046,0.3740979569,2.0454768626,-0.2900124454,0.2280000000,0.0252190404,0.0045089700,2.1540435505,0.0267467870,0.4989000000,0.0358369921,0.0037201594,2.7843158717,-0.0590550061,0.4989000000,0.0358369921,0.0037201594,2.7843158717,-0.0590550061
