Instance,INF_avg,INF_sd,INF_r1,INF_kr,INF_sk,SUP_avg,SUP_sd,SUP_r1,SUP_kr,SUP_sk,INC_avg,INC_sd,INC_r1,INC_kr,INC_sk,IND_avg,IND_sd,IND_r1,IND_kr,IND_sk
388,0.3166666667,0.1067187373,-0.1967654987,1.9898869720,0.4875668664,0.1916666667,0.1255543264,-0.3230068337,3.6705738516,0.9151779583,0.4916666667,0.1381926996,-0.2658381328,2.8704396694,-0.4188266677,0.4916666667,0.1381926996,-0.2658381328,2.8704396694,-0.4188266677
