Instance,INF_avg,INF_sd,INF_r1,INF_kr,INF_sk,SUP_avg,SUP_sd,SUP_r1,SUP_kr,SUP_sk,INC_avg,INC_sd,INC_r1,INC_kr,INC_sk,IND_avg,IND_sd,IND_r1,IND_kr,IND_sk
169,0.2240000000,0.1304760514,0.0063965053,2.2446965628,0.1982906454,0.2360000000,0.1195993311,0.4138680185,2.4755416423,0.2621729102,0.5400000000,0.1574801575,0.0655418559,1.8173777315,-0.0614516744,0.5400000000,0.1574801575,0.0655418559,1.8173777315,-0.0614516744
