Instance,INF_avg,INF_sd,INF_r1,INF_kr,INF_sk,SUP_avg,SUP_sd,SUP_r1,SUP_kr,SUP_sk,INC_avg,INC_sd,INC_r1,INC_kr,INC_sk,IND_avg,IND_sd,IND_r1,IND_kr,IND_sk
385,0.2680000000,0.0619677335,-0.0123518611,2.2310416667,0.0274336320,0.2248000000,0.0543411446,-0.3374316039,3.1861184060,-0.3135420055,0.5072000000,0.0666645333,-0.2552124331,2.7269275833,-0.2961074019,0.5072000000,0.0666645333,-0.2552124331,2.7269275833,-0.2961074019
