Instance,INF_avg,INF_sd,INF_r1,INF_kr,INF_sk,SUP_avg,SUP_sd,SUP_r1,SUP_kr,SUP_sk,INC_avg,INC_sd,INC_r1,INC_kr,INC_sk,IND_avg,IND_sd,IND_r1,IND_kr,IND_sk
131,0.2256000000,0.0587931969,0.3187531050,3.7709830800,0.6833387756,0.2712000000,0.0729010288,0.1887192299,3.1889636202,0.3572862032,0.5032000000,0.0708079092,0.0941319310,3.3678522343,0.0220699438,0.5032000000,0.0708079092,0.0941319310,3.3678522343,0.0220699438
