Instance,INF_avg,INF_sd,INF_r1,INF_kr,INF_sk,SUP_avg,SUP_sd,SUP_r1,SUP_kr,SUP_sk,INC_avg,INC_sd,INC_r1,INC_kr,INC_sk,IND_avg,IND_sd,IND_r1,IND_kr,IND_sk
453,0.2750000000,0.1587713240,-0.2670807453,2.3275049518,-0.4606656543,0.2166666667,0.1142609100,-0.3367088608,2.4105930285,0.0062070209,0.5083333333,0.1552328001,0.2902338377,2.0360355123,0.3957367000,0.5083333333,0.1552328001,0.2902338377,2.0360355123,0.3957367000
