Instance,INF_avg,INF_sd,INF_r1,INF_kr,INF_sk,SUP_avg,SUP_sd,SUP_r1,SUP_kr,SUP_sk,INC_avg,INC_sd,INC_r1,INC_kr,INC_sk,IND_avg,IND_sd,IND_r1,IND_kr,IND_sk
415,0.2769230769,0.1249852062,-0.0254163015,2.5576790634,-0.7399477128,0.3000000000,0.1358732441,0.6000000000,2.7083333333,-0.3679900361,0.4230769231,0.1309952797,0.0121261116,2.6467300832,0.3899952217,0.4230769231,0.1309952797,0.0121261116,2.6467300832,0.3899952217
