Instance,INF_avg,INF_sd,INF_r1,INF_kr,INF_sk,SUP_avg,SUP_sd,SUP_r1,SUP_kr,SUP_sk,INC_avg,INC_sd,INC_r1,INC_kr,INC_sk,IND_avg,IND_sd,IND_r1,IND_kr,IND_sk
31,0.3200000000,0.2039607805,-0.4065510597,2.7045118343,1.0013237284,0.2600000000,0.1019803903,0.2148760331,1.9556213018,-0.2715454179,0.4200000000,0.1326649916,-0.7401960784,2.2169421488,-0.3700366502,0.4200000000,0.1326649916,-0.7401960784,2.2169421488,-0.3700366502
