Instance,INF_avg,INF_sd,INF_r1,INF_kr,INF_sk,SUP_avg,SUP_sd,SUP_r1,SUP_kr,SUP_sk,INC_avg,INC_sd,INC_r1,INC_kr,INC_sk,IND_avg,IND_sd,IND_r1,IND_kr,IND_sk
205,0.2355000000,0.0442125548,0.0793722251,2.9634628010,-0.0146920159,0.2403000000,0.0424606877,0.0055125485,2.7974628659,-0.0803712748,0.5242000000,0.0494202388,-0.1097051850,3.2329115308,0.1371325581,0.5242000000,0.0494202388,-0.1097051850,3.2329115308,0.1371325581
