Instance,INF_avg,INF_sd,INF_r1,INF_kr,INF_sk,SUP_avg,SUP_sd,SUP_r1,SUP_kr,SUP_sk,INC_avg,INC_sd,INC_r1,INC_kr,INC_sk,IND_avg,IND_sd,IND_r1,IND_kr,IND_sk
102,0.3020000000,0.0882949602,-0.4766345510,1.4632484433,0.1423931933,0.2120000000,0.0574108004,-0.6407815631,2.1972381940,0.7589654777,0.4860000000,0.0698856208,0.1184935449,2.3750198713,0.4379215958,0.4860000000,0.0698856208,0.1184935449,2.3750198713,0.4379215958
