Instance,INF_avg,INF_sd,INF_r1,INF_kr,INF_sk,SUP_avg,SUP_sd,SUP_r1,SUP_kr,SUP_sk,INC_avg,INC_sd,INC_r1,INC_kr,INC_sk,IND_avg,IND_sd,IND_r1,IND_kr,IND_sk
234,0.2240000000,0.1175755077,0.0454963903,3.0683513374,0.8557148773,0.2800000000,0.1442220510,-0.0969976905,2.7440828402,-0.1280077376,0.4960000000,0.1370547336,-0.3060612401,2.6909864207,-0.1144048587,0.4960000000,0.1370547336,-0.3060612401,2.6909864207,-0.1144048587
