Instance,INF_avg,INF_sd,INF_r1,INF_kr,INF_sk,SUP_avg,SUP_sd,SUP_r1,SUP_kr,SUP_sk,INC_avg,INC_sd,INC_r1,INC_kr,INC_sk,IND_avg,IND_sd,IND_r1,IND_kr,IND_sk
108,0.2300000000,0.1004987562,-0.4722863741,1.8279580433,0.3339778292,0.2250000000,0.1167261753,-0.1291866029,2.0558033836,-0.5658974579,0.5450000000,0.1556438242,-0.0295017750,3.2683114634,0.8091825880,0.5450000000,0.1556438242,-0.0295017750,3.2683114634,0.8091825880
