Instance,INF_avg,INF_sd,INF_r1,INF_kr,INF_sk,SUP_avg,SUP_sd,SUP_r1,SUP_kr,SUP_sk,INC_avg,INC_sd,INC_r1,INC_kr,INC_sk,IND_avg,IND_sd,IND_r1,IND_kr,IND_sk
50,0.5119607843,0.0882125243,0.6606638829,2.8298706487,-0.2236612836,0.0973529412,0.0654610567,0.8031739369,3.6559710137,0.9879700438,0.3906862745,0.0486838501,0.1343209174,3.4665411646,-0.1202062673,0.3906862745,0.0486838501,0.1343209174,3.4665411646,-0.1202062673
