Instance,INF_avg,INF_sd,INF_r1,INF_kr,INF_sk,SUP_avg,SUP_sd,SUP_r1,SUP_kr,SUP_sk,INC_avg,INC_sd,INC_r1,INC_kr,INC_sk,IND_avg,IND_sd,IND_r1,IND_kr,IND_sk
116,0.2420000000,0.0294957624,-0.0803579666,2.3307411811,-0.1947678960,0.2880000000,0.0298831056,-0.0260811520,4.0277121170,0.7877278205,0.4700000000,0.0364142829,0.0042503864,2.8979238754,-0.0820124715,0.4700000000,0.0364142829,0.0042503864,2.8979238754,-0.0820124715
