Instance,INF_avg,INF_sd,INF_r1,INF_kr,INF_sk,SUP_avg,SUP_sd,SUP_r1,SUP_kr,SUP_sk,INC_avg,INC_sd,INC_r1,INC_kr,INC_sk,IND_avg,IND_sd,IND_r1,IND_kr,IND_sk
22,0.2400000000,0.0593295879,0.0909090909,1.8026859504,0.3447612933,0.2860000000,0.0420000000,-0.1246300559,2.9527665942,-0.3343051506,0.4740000000,0.0681469001,-0.0672785861,2.5808166799,0.7425818497,0.4740000000,0.0681469001,-0.0672785861,2.5808166799,0.7425818497
