Instance,INF_avg,INF_sd,INF_r1,INF_kr,INF_sk,SUP_avg,SUP_sd,SUP_r1,SUP_kr,SUP_sk,INC_avg,INC_sd,INC_r1,INC_kr,INC_sk,IND_avg,IND_sd,IND_r1,IND_kr,IND_sk
122,0.2660000000,0.1246755790,0.0243946274,2.1457698552,-0.0878285650,0.2400000000,0.1248999600,-0.0129980220,1.8920118343,0.1354930532,0.4940000000,0.1098362417,-0.0064605692,2.4305309789,-0.5944103456,0.4940000000,0.1098362417,-0.0064605692,2.4305309789,-0.5944103456
