Instance,INF_avg,INF_sd,INF_r1,INF_kr,INF_sk,SUP_avg,SUP_sd,SUP_r1,SUP_kr,SUP_sk,INC_avg,INC_sd,INC_r1,INC_kr,INC_sk,IND_avg,IND_sd,IND_r1,IND_kr,IND_sk
296,0.3290000000,0.1511919310,0.0542598205,2.6146981214,0.1264079342,0.2520000000,0.1584171708,0.2281725014,2.9340509873,0.5896956418,0.4190000000,0.1677468331,-0.0429543611,3.5478255300,0.4870989143,0.4190000000,0.1677468331,-0.0429543611,3.5478255300,0.4870989143
