Instance,INF_avg,INF_sd,INF_r1,INF_kr,INF_sk,SUP_avg,SUP_sd,SUP_r1,SUP_kr,SUP_sk,INC_avg,INC_sd,INC_r1,INC_kr,INC_sk,IND_avg,IND_sd,IND_r1,IND_kr,IND_sk
154,0.2400000000,0.0384707681,0.2682926829,1.7111029949,-0.1896842110,0.2540000000,0.0320000000,-0.3478090767,1.8469543457,0.6423339844,0.5060000000,0.0480000000,-0.1558338303,2.2784107350,0.5019531250,0.5060000000,0.0480000000,-0.1558338303,2.2784107350,0.5019531250
