Instance,INF_avg,INF_sd,INF_r1,INF_kr,INF_sk,SUP_avg,SUP_sd,SUP_r1,SUP_kr,SUP_sk,INC_avg,INC_sd,INC_r1,INC_kr,INC_sk,IND_avg,IND_sd,IND_r1,IND_kr,IND_sk
433,0.3683000000,0.0639461492,0.5025207366,2.5159689976,-0.1935906247,0.1151500000,0.0564975884,0.6107022972,2.8941266052,0.5886820845,0.5165500000,0.0514450921,-0.0973934871,2.8077155572,-0.0802151680,0.5165500000,0.0514450921,-0.0973934871,2.8077155572,-0.0802151680
