Instance,INF_avg,INF_sd,INF_r1,INF_kr,INF_sk,SUP_avg,SUP_sd,SUP_r1,SUP_kr,SUP_sk,INC_avg,INC_sd,INC_r1,INC_kr,INC_sk,IND_avg,IND_sd,IND_r1,IND_kr,IND_sk
190,0.2540000000,0.0410365691,-0.4544156153,1.7601852844,-0.0791831834,0.2600000000,0.0379473319,0.2592592593,2.1296296296,-0.1756820922,0.4860000000,0.0586856030,0.0864103540,2.0014770929,-0.4859058778,0.4860000000,0.0586856030,0.0864103540,2.0014770929,-0.4859058778
