Instance,INF_avg,INF_sd,INF_r1,INF_kr,INF_sk,SUP_avg,SUP_sd,SUP_r1,SUP_kr,SUP_sk,INC_avg,INC_sd,INC_r1,INC_kr,INC_sk,IND_avg,IND_sd,IND_r1,IND_kr,IND_sk
187,0.2300000000,0.0953939201,-0.0874704492,3.3337761140,0.9261769327,0.1950000000,0.0934077085,0.1516193752,2.9416589355,-0.4067573219,0.5750000000,0.0955248659,-0.3722627737,1.9037342841,0.2151057216,0.5750000000,0.0955248659,-0.3722627737,1.9037342841,0.2151057216
