Instance,INF_avg,INF_sd,INF_r1,INF_kr,INF_sk,SUP_avg,SUP_sd,SUP_r1,SUP_kr,SUP_sk,INC_avg,INC_sd,INC_r1,INC_kr,INC_sk,IND_avg,IND_sd,IND_r1,IND_kr,IND_sk
255,0.2560000000,0.1722324011,0.1920655865,2.8639502449,0.6499835068,0.2080000000,0.1092520023,0.1083445491,2.3794500068,0.3934136890,0.5360000000,0.1717672844,-0.0118726390,1.9642153011,-0.3301394590,0.5360000000,0.1717672844,-0.0118726390,1.9642153011,-0.3301394590
