Instance,INF_avg,INF_sd,INF_r1,INF_kr,INF_sk,SUP_avg,SUP_sd,SUP_r1,SUP_kr,SUP_sk,INC_avg,INC_sd,INC_r1,INC_kr,INC_sk,IND_avg,IND_sd,IND_r1,IND_kr,IND_sk
487,0.2952380952,0.1045452305,0.1328076364,2.4023088445,0.3451121200,0.1809523810,0.0906014171,0.1849626502,3.0238545832,0.3838827480,0.5238095238,0.1305838972,0.0848995881,2.4245345745,0.1954241741,0.5238095238,0.1305838972,0.0848995881,2.4245345745,0.1954241741
