Instance,INF_avg,INF_sd,INF_r1,INF_kr,INF_sk,SUP_avg,SUP_sd,SUP_r1,SUP_kr,SUP_sk,INC_avg,INC_sd,INC_r1,INC_kr,INC_sk,IND_avg,IND_sd,IND_r1,IND_kr,IND_sk
290,0.2465000000,0.0321675302,0.1523836941,2.6475243211,0.0330550809,0.2409500000,0.0340565339,0.3113727384,2.4070496997,0.1982848298,0.5125500000,0.0320740939,0.0511591668,2.3175401988,0.1556924428,0.5125500000,0.0320740939,0.0511591668,2.3175401988,0.1556924428
