Instance,INF_avg,INF_sd,INF_r1,INF_kr,INF_sk,SUP_avg,SUP_sd,SUP_r1,SUP_kr,SUP_sk,INC_avg,INC_sd,INC_r1,INC_kr,INC_sk,IND_avg,IND_sd,IND_r1,IND_kr,IND_sk
133,0.2490000000,0.0311287648,0.0953232548,3.2137085566,0.1990135642,0.2826000000,0.0336339115,0.2040817958,3.5189656411,0.4829094682,0.4684000000,0.0356712770,0.1228768064,2.4309620780,-0.2211564086,0.4684000000,0.0356712770,0.1228768064,2.4309620780,-0.2211564086
