Instance,INF_avg,INF_sd,INF_r1,INF_kr,INF_sk,SUP_avg,SUP_sd,SUP_r1,SUP_kr,SUP_sk,INC_avg,INC_sd,INC_r1,INC_kr,INC_sk,IND_avg,IND_sd,IND_r1,IND_kr,IND_sk
42,0.3105500000,0.0447766401,0.4372911499,2.8181744001,0.1377381905,0.2363500000,0.0434790467,0.4511800044,3.4766465292,-0.4088491578,0.4531000000,0.0419629599,0.1254755394,3.3622106395,-0.0972507550,0.4531000000,0.0419629599,0.1254755394,3.3622106395,-0.0972507550
