Instance,INF_avg,INF_sd,INF_r1,INF_kr,INF_sk,SUP_avg,SUP_sd,SUP_r1,SUP_kr,SUP_sk,INC_avg,INC_sd,INC_r1,INC_kr,INC_sk,IND_avg,IND_sd,IND_r1,IND_kr,IND_sk
360,0.2583333333,0.0853912564,-0.2707774799,2.5847619048,0.3420297399,0.1722222222,0.0691661089,-0.0284308365,3.5811446410,-0.7032055673,0.5694444444,0.1094670028,-0.3962322781,2.8121766690,0.3244401403,0.5694444444,0.1094670028,-0.3962322781,2.8121766690,0.3244401403
