Instance,INF_avg,INF_sd,INF_r1,INF_kr,INF_sk,SUP_avg,SUP_sd,SUP_r1,SUP_kr,SUP_sk,INC_avg,INC_sd,INC_r1,INC_kr,INC_sk,IND_avg,IND_sd,IND_r1,IND_kr,IND_sk
12,0.3980000000,0.1345213738,0.5559222230,2.4256755014,0.1288190269,0.1480000000,0.0741350120,0.4553923945,2.6591375705,0.2159402582,0.4540000000,0.0978979060,0.3914507952,2.5074923147,-0.0160638884,0.4540000000,0.0978979060,0.3914507952,2.5074923147,-0.0160638884
