Instance,INF_avg,INF_sd,INF_r1,INF_kr,INF_sk,SUP_avg,SUP_sd,SUP_r1,SUP_kr,SUP_sk,INC_avg,INC_sd,INC_r1,INC_kr,INC_sk,IND_avg,IND_sd,IND_r1,IND_kr,IND_sk
438,0.2712000000,0.0631392113,-0.1473569277,2.4485205465,0.1665684590,0.2412000000,0.0724883439,0.0057091103,2.2637903045,0.2489978007,0.4876000000,0.0832240350,-0.0120920421,2.0501803790,-0.0879157567,0.4876000000,0.0832240350,-0.0120920421,2.0501803790,-0.0879157567
