Instance,INF_avg,INF_sd,INF_r1,INF_kr,INF_sk,SUP_avg,SUP_sd,SUP_r1,SUP_kr,SUP_sk,INC_avg,INC_sd,INC_r1,INC_kr,INC_sk,IND_avg,IND_sd,IND_r1,IND_kr,IND_sk
288,0.2400000000,0.1200000000,0.2129629630,2.4398148148,-0.4583333333,0.1700000000,0.1417744688,0.0168386746,3.4379594564,0.9601122413,0.5900000000,0.1640121947,-0.2456208641,3.7066513730,-1.1994755935,0.5900000000,0.1640121947,-0.2456208641,3.7066513730,-1.1994755935
