Instance,INF_avg,INF_sd,INF_r1,INF_kr,INF_sk,SUP_avg,SUP_sd,SUP_r1,SUP_kr,SUP_sk,INC_avg,INC_sd,INC_r1,INC_kr,INC_sk,IND_avg,IND_sd,IND_r1,IND_kr,IND_sk
195,0.2240000000,0.0352420204,0.4425943289,2.7777194334,0.1455772038,0.2600000000,0.0312409987,0.0274122807,1.9155426969,0.1898907620,0.5160000000,0.0333166625,0.0813482478,4.1426491356,0.8426917215,0.5160000000,0.0333166625,0.0813482478,4.1426491356,0.8426917215
