Instance,INF_avg,INF_sd,INF_r1,INF_kr,INF_sk,SUP_avg,SUP_sd,SUP_r1,SUP_kr,SUP_sk,INC_avg,INC_sd,INC_r1,INC_kr,INC_sk,IND_avg,IND_sd,IND_r1,IND_kr,IND_sk
236,0.2620000000,0.1384052022,0.0576525633,3.0028504628,0.4068419442,0.2350000000,0.1381122732,0.0542617331,2.3841959981,0.2217695428,0.5030000000,0.1734675762,0.0394168267,2.7641223989,0.2642152206,0.5030000000,0.1734675762,0.0394168267,2.7641223989,0.2642152206
