Instance,INF_avg,INF_sd,INF_r1,INF_kr,INF_sk,SUP_avg,SUP_sd,SUP_r1,SUP_kr,SUP_sk,INC_avg,INC_sd,INC_r1,INC_kr,INC_sk,IND_avg,IND_sd,IND_r1,IND_kr,IND_sk
305,0.2640000000,0.0307245830,-0.5959328028,2.5246337259,0.9035993059,0.1640000000,0.0224499443,0.0734824281,2.3760393046,0.1315095000,0.5720000000,0.0370944740,-0.0494203783,1.8818618172,-0.6516986497,0.5720000000,0.0370944740,-0.0494203783,1.8818618172,-0.6516986497
