Instance,INF_avg,INF_sd,INF_r1,INF_kr,INF_sk,SUP_avg,SUP_sd,SUP_r1,SUP_kr,SUP_sk,INC_avg,INC_sd,INC_r1,INC_kr,INC_sk,IND_avg,IND_sd,IND_r1,IND_kr,IND_sk
426,0.2680000000,0.1617899873,0.3112694681,3.4291147829,0.4121978600,0.2560000000,0.1601998752,-0.0268394146,2.2899235701,0.3290465545,0.4760000000,0.1965298959,0.3446795106,2.2023665459,-0.3906385948,0.4760000000,0.1965298959,0.3446795106,2.2023665459,-0.3906385948
