Instance,INF_avg,INF_sd,INF_r1,INF_kr,INF_sk,SUP_avg,SUP_sd,SUP_r1,SUP_kr,SUP_sk,INC_avg,INC_sd,INC_r1,INC_kr,INC_sk,IND_avg,IND_sd,IND_r1,IND_kr,IND_sk
456,0.2272000000,0.0614179127,0.0096354290,3.3883457310,1.1259933099,0.2584000000,0.0654632721,-0.0331867520,2.5791145305,0.1394965351,0.5144000000,0.0884569952,-0.1709617362,3.1771084164,-0.0987806264,0.5144000000,0.0884569952,-0.1709617362,3.1771084164,-0.0987806264
