Instance,INF_avg,INF_sd,INF_r1,INF_kr,INF_sk,SUP_avg,SUP_sd,SUP_r1,SUP_kr,SUP_sk,INC_avg,INC_sd,INC_r1,INC_kr,INC_sk,IND_avg,IND_sd,IND_r1,IND_kr,IND_sk
395,0.2403000000,0.0404587444,0.1805562226,2.8342588766,0.1068555038,0.3162000000,0.0462337539,0.0845050899,2.7537963556,0.0204705935,0.4435000000,0.0499874984,0.1379474682,2.6844034624,-0.2801280698,0.4435000000,0.0499874984,0.1379474682,2.6844034624,-0.2801280698
