Instance,INF_avg,INF_sd,INF_r1,INF_kr,INF_sk,SUP_avg,SUP_sd,SUP_r1,SUP_kr,SUP_sk,INC_avg,INC_sd,INC_r1,INC_kr,INC_sk,IND_avg,IND_sd,IND_r1,IND_kr,IND_sk
289,0.4820512821,0.1163368118,0.3100864281,2.4775549193,0.3150051729,0.0774358974,0.0481833011,0.4333620537,4.6973541984,0.9538031631,0.4405128205,0.0908633439,0.1445722525,2.6492746575,-0.4579876409,0.4405128205,0.0908633439,0.1445722525,2.6492746575,-0.4579876409
