Instance,INF_avg,INF_sd,INF_r1,INF_kr,INF_sk,SUP_avg,SUP_sd,SUP_r1,SUP_kr,SUP_sk,INC_avg,INC_sd,INC_r1,INC_kr,INC_sk,IND_avg,IND_sd,IND_r1,IND_kr,IND_sk
204,0.2405000000,0.1052841394,-0.0361065213,2.4887087158,0.1096978960,0.2335000000,0.0932885309,0.0596842246,2.7536863205,0.1989590626,0.5260000000,0.1141227409,0.0347043944,3.2639508086,0.1961550275,0.5260000000,0.1141227409,0.0347043944,3.2639508086,0.1961550275
