Instance,INF_avg,INF_sd,INF_r1,INF_kr,INF_sk,SUP_avg,SUP_sd,SUP_r1,SUP_kr,SUP_sk,INC_avg,INC_sd,INC_r1,INC_kr,INC_sk,IND_avg,IND_sd,IND_r1,IND_kr,IND_sk
396,0.2821505376,0.0622490569,0.0969148034,3.0216958529,0.0625029029,0.1879569892,0.0799537385,0.5935321409,2.6742612144,0.1964422221,0.5298924731,0.0705507462,0.2419341448,2.8115352282,-0.1123061076,0.5298924731,0.0705507462,0.2419341448,2.8115352282,-0.1123061076
