Instance,INF_avg,INF_sd,INF_r1,INF_kr,INF_sk,SUP_avg,SUP_sd,SUP_r1,SUP_kr,SUP_sk,INC_avg,INC_sd,INC_r1,INC_kr,INC_sk,IND_avg,IND_sd,IND_r1,IND_kr,IND_sk
481,0.2426000000,0.0415119260,0.1003506993,2.7388792937,-0.1610239208,0.2544000000,0.0439618016,-0.0031813643,2.6371649562,-0.3893022892,0.5030000000,0.0504876222,-0.0196444510,2.2867988293,0.1604749922,0.5030000000,0.0504876222,-0.0196444510,2.2867988293,0.1604749922
