Instance,INF_avg,INF_sd,INF_r1,INF_kr,INF_sk,SUP_avg,SUP_sd,SUP_r1,SUP_kr,SUP_sk,INC_avg,INC_sd,INC_r1,INC_kr,INC_sk,IND_avg,IND_sd,IND_r1,IND_kr,IND_sk
363,0.2400000000,0.0600000000,-0.3076923077,2.3777777778,-0.3777777778,0.2560000000,0.0504380809,0.2159763314,3.2359083897,0.1885367921,0.5040000000,0.0803990050,0.1976815131,4.1530977355,1.0728668318,0.5040000000,0.0803990050,0.1976815131,4.1530977355,1.0728668318
