Instance,INF_avg,INF_sd,INF_r1,INF_kr,INF_sk,SUP_avg,SUP_sd,SUP_r1,SUP_kr,SUP_sk,INC_avg,INC_sd,INC_r1,INC_kr,INC_sk,IND_avg,IND_sd,IND_r1,IND_kr,IND_sk
136,0.6083750000,0.1508906371,0.9232799540,2.8280556860,-0.9147037305,0.0933333333,0.0848781807,0.9112726801,4.2824842618,1.3297219687,0.2982916667,0.0730966707,0.7951137909,2.2767620331,0.5153169908,0.2982916667,0.0730966707,0.7951137909,2.2767620331,0.5153169908
