Instance,INF_avg,INF_sd,INF_r1,INF_kr,INF_sk,SUP_avg,SUP_sd,SUP_r1,SUP_kr,SUP_sk,INC_avg,INC_sd,INC_r1,INC_kr,INC_sk,IND_avg,IND_sd,IND_r1,IND_kr,IND_sk
154,0.2408000000,0.0559942854,-0.0642761817,2.4191733644,0.1394071050,0.2252000000,0.0575235604,-0.1275021037,2.2686057629,-0.5636156497,0.5340000000,0.0709083916,-0.1209242374,3.4279955875,-0.0161558414,0.5340000000,0.0709083916,-0.1209242374,3.4279955875,-0.0161558414
