Instance,INF_avg,INF_sd,INF_r1,INF_kr,INF_sk,SUP_avg,SUP_sd,SUP_r1,SUP_kr,SUP_sk,INC_avg,INC_sd,INC_r1,INC_kr,INC_sk,IND_avg,IND_sd,IND_r1,IND_kr,IND_sk
278,0.2740000000,0.0562138773,0.0459875133,3.6507578914,0.7112077793,0.2736000000,0.0345114474,-0.1715471040,2.7596000342,-0.1768634936,0.4524000000,0.0446569144,0.1090448176,3.4137701175,-0.5790963182,0.4524000000,0.0446569144,0.1090448176,3.4137701175,-0.5790963182
