Instance,INF_avg,INF_sd,INF_r1,INF_kr,INF_sk,SUP_avg,SUP_sd,SUP_r1,SUP_kr,SUP_sk,INC_avg,INC_sd,INC_r1,INC_kr,INC_sk,IND_avg,IND_sd,IND_r1,IND_kr,IND_sk
311,0.2696000000,0.0681457262,0.4364795067,2.5735059090,0.0599532356,0.2560000000,0.0663324958,0.1575651667,2.9806677686,0.2282714980,0.4744000000,0.0805024223,0.1866188906,3.3067072251,0.5801153548,0.4744000000,0.0805024223,0.1866188906,3.3067072251,0.5801153548
