Instance,INF_avg,INF_sd,INF_r1,INF_kr,INF_sk,SUP_avg,SUP_sd,SUP_r1,SUP_kr,SUP_sk,INC_avg,INC_sd,INC_r1,INC_kr,INC_sk,IND_avg,IND_sd,IND_r1,IND_kr,IND_sk
278,0.2200000000,0.1019803903,-0.3081036610,2.3561390533,0.4129753230,0.3380000000,0.0790948797,0.0235937944,2.7223837495,-0.6326695342,0.4420000000,0.0901997783,0.2561661263,2.0188462799,-0.4145501364,0.4420000000,0.0901997783,0.2561661263,2.0188462799,-0.4145501364
