Instance,INF_avg,INF_sd,INF_r1,INF_kr,INF_sk,SUP_avg,SUP_sd,SUP_r1,SUP_kr,SUP_sk,INC_avg,INC_sd,INC_r1,INC_kr,INC_sk,IND_avg,IND_sd,IND_r1,IND_kr,IND_sk
27,0.2560000000,0.0362491379,-0.0997841209,1.2361675806,0.3995686269,0.3240000000,0.0327719392,-0.9394647961,1.4017820917,0.2911606597,0.4200000000,0.0254950976,-0.3095238095,3.0633136095,1.3577270894,0.4200000000,0.0254950976,-0.3095238095,3.0633136095,1.3577270894
