Instance,INF_avg,INF_sd,INF_r1,INF_kr,INF_sk,SUP_avg,SUP_sd,SUP_r1,SUP_kr,SUP_sk,INC_avg,INC_sd,INC_r1,INC_kr,INC_sk,IND_avg,IND_sd,IND_r1,IND_kr,IND_sk
42,0.2606000000,0.0725233755,0.3322770457,3.1458015362,0.4288210358,0.2756000000,0.0806761427,0.2936820628,2.9012580867,0.1613417019,0.4638000000,0.0801346367,0.2028423904,4.3054509156,0.6655779518,0.4638000000,0.0801346367,0.2028423904,4.3054509156,0.6655779518
