Instance,INF_avg,INF_sd,INF_r1,INF_kr,INF_sk,SUP_avg,SUP_sd,SUP_r1,SUP_kr,SUP_sk,INC_avg,INC_sd,INC_r1,INC_kr,INC_sk,IND_avg,IND_sd,IND_r1,IND_kr,IND_sk
264,0.2900000000,0.0515751878,-0.3517241379,2.6968737634,0.6297835136,0.2520000000,0.0203960781,-0.0439560440,4.6183431953,-1.4029846591,0.4580000000,0.0362767143,-0.1923233973,2.0045731285,0.2493498345,0.4580000000,0.0362767143,-0.1923233973,2.0045731285,0.2493498345
