Instance,INF_avg,INF_sd,INF_r1,INF_kr,INF_sk,SUP_avg,SUP_sd,SUP_r1,SUP_kr,SUP_sk,INC_avg,INC_sd,INC_r1,INC_kr,INC_sk,IND_avg,IND_sd,IND_r1,IND_kr,IND_sk
305,0.3248000000,0.0563645279,0.2261243753,1.9038613878,0.1727902799,0.2240000000,0.0627375486,-0.0221174175,2.6362284355,-0.4882904583,0.4512000000,0.0693005050,0.3871014420,2.1937030172,0.1935853862,0.4512000000,0.0693005050,0.3871014420,2.1937030172,0.1935853862
