Instance,INF_avg,INF_sd,INF_r1,INF_kr,INF_sk,SUP_avg,SUP_sd,SUP_r1,SUP_kr,SUP_sk,INC_avg,INC_sd,INC_r1,INC_kr,INC_sk,IND_avg,IND_sd,IND_r1,IND_kr,IND_sk
180,0.2080000000,0.0976524449,-0.2167696026,1.9547317688,0.3550463172,0.2720000000,0.1342236939,-0.1356285488,2.0921777839,-0.1756300365,0.5200000000,0.1264911064,-0.1280487805,2.9050000000,0.3320391543,0.5200000000,0.1264911064,-0.1280487805,2.9050000000,0.3320391543
