Instance,INF_avg,INF_sd,INF_r1,INF_kr,INF_sk,SUP_avg,SUP_sd,SUP_r1,SUP_kr,SUP_sk,INC_avg,INC_sd,INC_r1,INC_kr,INC_sk,IND_avg,IND_sd,IND_r1,IND_kr,IND_sk
500,0.2548000000,0.0403107926,-0.1909266113,2.2127922953,0.3555536799,0.2388000000,0.0426445776,0.1233698730,2.7193813699,0.3737962595,0.5064000000,0.0436238467,0.2970507267,2.4651965491,0.3449795683,0.5064000000,0.0436238467,0.2970507267,2.4651965491,0.3449795683
