Instance,INF_avg,INF_sd,INF_r1,INF_kr,INF_sk,SUP_avg,SUP_sd,SUP_r1,SUP_kr,SUP_sk,INC_avg,INC_sd,INC_r1,INC_kr,INC_sk,IND_avg,IND_sd,IND_r1,IND_kr,IND_sk
494,0.2600000000,0.0900000000,-0.0601187531,2.8866026520,0.1111111111,0.2410000000,0.1042544963,0.0361780572,2.6304363102,0.3655251999,0.4990000000,0.1216511406,-0.0236555152,2.6352118181,-0.0725439622,0.4990000000,0.1216511406,-0.0236555152,2.6352118181,-0.0725439622
