Instance,INF_avg,INF_sd,INF_r1,INF_kr,INF_sk,SUP_avg,SUP_sd,SUP_r1,SUP_kr,SUP_sk,INC_avg,INC_sd,INC_r1,INC_kr,INC_sk,IND_avg,IND_sd,IND_r1,IND_kr,IND_sk
391,0.2848000000,0.0765830268,0.1001100206,2.9935296125,0.6709333126,0.2568000000,0.0631645470,-0.2619197351,2.3902185939,0.3755959863,0.4584000000,0.0717595987,0.2396006407,3.0924502344,0.6471105137,0.4584000000,0.0717595987,0.2396006407,3.0924502344,0.6471105137
