Instance,INF_avg,INF_sd,INF_r1,INF_kr,INF_sk,SUP_avg,SUP_sd,SUP_r1,SUP_kr,SUP_sk,INC_avg,INC_sd,INC_r1,INC_kr,INC_sk,IND_avg,IND_sd,IND_r1,IND_kr,IND_sk
165,0.2280000000,0.0804114420,0.0814073862,4.5967211584,0.5479551289,0.2260000000,0.1025865488,0.0575474174,2.7277994545,0.0199625639,0.5460000000,0.1101544370,-0.0900829203,3.0677748820,0.3259520100,0.5460000000,0.1101544370,-0.0900829203,3.0677748820,0.3259520100
