Instance,INF_avg,INF_sd,INF_r1,INF_kr,INF_sk,SUP_avg,SUP_sd,SUP_r1,SUP_kr,SUP_sk,INC_avg,INC_sd,INC_r1,INC_kr,INC_sk,IND_avg,IND_sd,IND_r1,IND_kr,IND_sk
76,0.2500000000,0.1264911064,0.4761904762,3.8769531250,0.8523326506,0.3150000000,0.1073545528,0.0879193159,1.8357574075,0.0327335888,0.4350000000,0.1025914226,0.4236164244,2.2476571448,-0.2875599820,0.4350000000,0.1025914226,0.4236164244,2.2476571448,-0.2875599820
