Instance,INF_avg,INF_sd,INF_r1,INF_kr,INF_sk,SUP_avg,SUP_sd,SUP_r1,SUP_kr,SUP_sk,INC_avg,INC_sd,INC_r1,INC_kr,INC_sk,IND_avg,IND_sd,IND_r1,IND_kr,IND_sk
102,0.3802840909,0.0836009799,0.7252715607,2.8999244413,0.3207291824,0.1188636364,0.0691331360,0.7265535714,3.2224205535,0.7913257255,0.5008522727,0.0547604369,0.1837595088,2.7680591627,-0.2303213928,0.5008522727,0.0547604369,0.1837595088,2.7680591627,-0.2303213928
