Instance,INF_avg,INF_sd,INF_r1,INF_kr,INF_sk,SUP_avg,SUP_sd,SUP_r1,SUP_kr,SUP_sk,INC_avg,INC_sd,INC_r1,INC_kr,INC_sk,IND_avg,IND_sd,IND_r1,IND_kr,IND_sk
254,0.2620000000,0.1391258423,-0.0030492195,3.3636190095,0.6986676682,0.2430000000,0.1380253600,-0.0095428086,2.6259068133,0.4536620699,0.4950000000,0.1608570794,0.0582374803,2.5114919835,-0.0196411641,0.4950000000,0.1608570794,0.0582374803,2.5114919835,-0.0196411641
