Instance,INF_avg,INF_sd,INF_r1,INF_kr,INF_sk,SUP_avg,SUP_sd,SUP_r1,SUP_kr,SUP_sk,INC_avg,INC_sd,INC_r1,INC_kr,INC_sk,IND_avg,IND_sd,IND_r1,IND_kr,IND_sk
307,0.2936000000,0.0289661872,0.0754256978,2.4701832060,0.2720444870,0.2208000000,0.0379388982,0.1621351558,2.6407227381,-0.1628885797,0.4856000000,0.0499663887,0.3740047541,2.2193809079,-0.2292553675,0.4856000000,0.0499663887,0.3740047541,2.2193809079,-0.2292553675
