Instance,INF_avg,INF_sd,INF_r1,INF_kr,INF_sk,SUP_avg,SUP_sd,SUP_r1,SUP_kr,SUP_sk,INC_avg,INC_sd,INC_r1,INC_kr,INC_sk,IND_avg,IND_sd,IND_r1,IND_kr,IND_sk
374,0.6180000000,0.1148773259,0.8126032895,4.0745537407,-1.2041183596,0.1027200000,0.0736301677,0.8112770078,2.8823806992,0.8698190343,0.2792800000,0.0655460266,0.4556715993,4.5654420572,1.1217174852,0.2792800000,0.0655460266,0.4556715993,4.5654420572,1.1217174852
