Instance,INF_avg,INF_sd,INF_r1,INF_kr,INF_sk,SUP_avg,SUP_sd,SUP_r1,SUP_kr,SUP_sk,INC_avg,INC_sd,INC_r1,INC_kr,INC_sk,IND_avg,IND_sd,IND_r1,IND_kr,IND_sk
428,0.2668000000,0.0488032786,-0.5047289175,2.0220619338,-0.0019127702,0.2200000000,0.0414728827,-0.1653543307,2.7076798269,-0.5416820537,0.5132000000,0.0478932146,-0.4893355643,2.2168661234,0.1866736628,0.5132000000,0.0478932146,-0.4893355643,2.2168661234,0.1866736628
