Instance,INF_avg,INF_sd,INF_r1,INF_kr,INF_sk,SUP_avg,SUP_sd,SUP_r1,SUP_kr,SUP_sk,INC_avg,INC_sd,INC_r1,INC_kr,INC_sk,IND_avg,IND_sd,IND_r1,IND_kr,IND_sk
320,0.2507000000,0.0307247457,0.1369870661,3.2324343097,-0.1091302239,0.2520000000,0.0319687347,-0.1002191792,3.4164582703,0.2575596206,0.4973000000,0.0346151701,0.0258983237,3.2960130201,-0.1429087010,0.4973000000,0.0346151701,0.0258983237,3.2960130201,-0.1429087010
