Instance,INF_avg,INF_sd,INF_r1,INF_kr,INF_sk,SUP_avg,SUP_sd,SUP_r1,SUP_kr,SUP_sk,INC_avg,INC_sd,INC_r1,INC_kr,INC_sk,IND_avg,IND_sd,IND_r1,IND_kr,IND_sk
496,0.2404000000,0.0660290845,-0.0637487879,2.5767782898,-0.0176182374,0.2860000000,0.0681469001,0.2999078597,2.4483460084,0.1492443914,0.4736000000,0.0776082470,0.0932648208,2.4994008429,0.1336317729,0.4736000000,0.0776082470,0.0932648208,2.4994008429,0.1336317729
