Instance,INF_avg,INF_sd,INF_r1,INF_kr,INF_sk,SUP_avg,SUP_sd,SUP_r1,SUP_kr,SUP_sk,INC_avg,INC_sd,INC_r1,INC_kr,INC_sk,IND_avg,IND_sd,IND_r1,IND_kr,IND_sk
126,0.2535000000,0.0537610454,0.5668783188,2.2035220885,0.6617332122,0.2135000000,0.0252041663,-0.2196499153,2.0800868124,0.4246781996,0.5330000000,0.0673127031,0.5759382198,2.1103677206,-0.6831481837,0.5330000000,0.0673127031,0.5759382198,2.1103677206,-0.6831481837
