Instance,INF_avg,INF_sd,INF_r1,INF_kr,INF_sk,SUP_avg,SUP_sd,SUP_r1,SUP_kr,SUP_sk,INC_avg,INC_sd,INC_r1,INC_kr,INC_sk,IND_avg,IND_sd,IND_r1,IND_kr,IND_sk
403,0.2640000000,0.1571750616,-0.1735864803,3.7189303740,0.4210018038,0.2640000000,0.1323026833,-0.1042605177,2.6033157425,0.3701003175,0.4720000000,0.1536749817,0.0335192476,2.6631028709,-0.4503221752,0.4720000000,0.1536749817,0.0335192476,2.6631028709,-0.4503221752
