Instance,INF_avg,INF_sd,INF_r1,INF_kr,INF_sk,SUP_avg,SUP_sd,SUP_r1,SUP_kr,SUP_sk,INC_avg,INC_sd,INC_r1,INC_kr,INC_sk,IND_avg,IND_sd,IND_r1,IND_kr,IND_sk
335,0.2924000000,0.0703579420,-0.0669067952,2.3218704593,-0.0624067105,0.2282000000,0.0585897602,-0.1675756511,3.2801592989,0.4027490519,0.4794000000,0.0712435260,0.0558742165,2.8607067950,0.0498231323,0.4794000000,0.0712435260,0.0558742165,2.8607067950,0.0498231323
