Instance,INF_avg,INF_sd,INF_r1,INF_kr,INF_sk,SUP_avg,SUP_sd,SUP_r1,SUP_kr,SUP_sk,INC_avg,INC_sd,INC_r1,INC_kr,INC_sk,IND_avg,IND_sd,IND_r1,IND_kr,IND_sk
420,0.2796875000,0.0635651425,0.2844213213,2.5715709057,-0.3927329174,0.2078125000,0.0884849696,0.1839406605,2.9394863260,0.0332684281,0.5125000000,0.0780624750,0.4427684117,2.9644970414,0.2217159053,0.5125000000,0.0780624750,0.4427684117,2.9644970414,0.2217159053
