Instance,INF_avg,INF_sd,INF_r1,INF_kr,INF_sk,SUP_avg,SUP_sd,SUP_r1,SUP_kr,SUP_sk,INC_avg,INC_sd,INC_r1,INC_kr,INC_sk,IND_avg,IND_sd,IND_r1,IND_kr,IND_sk
497,0.2540000000,0.1388668427,0.1298811104,3.9646422188,0.7014908143,0.3340000000,0.1632298992,0.0237286421,3.0076398973,0.2582163350,0.4120000000,0.1680952111,0.1930376035,2.5290474792,-0.1387338649,0.4120000000,0.1680952111,0.1930376035,2.5290474792,-0.1387338649
