Instance,INF_avg,INF_sd,INF_r1,INF_kr,INF_sk,SUP_avg,SUP_sd,SUP_r1,SUP_kr,SUP_sk,INC_avg,INC_sd,INC_r1,INC_kr,INC_sk,IND_avg,IND_sd,IND_r1,IND_kr,IND_sk
493,0.2480000000,0.1212270597,0.0458639566,2.7616617115,-0.1722182964,0.2840000000,0.1293986090,0.1972862229,2.6311576207,0.2989905651,0.4680000000,0.1495860956,0.0932250416,2.3805446077,-0.0176676288,0.4680000000,0.1495860956,0.0932250416,2.3805446077,-0.0176676288
