Instance,INF_avg,INF_sd,INF_r1,INF_kr,INF_sk,SUP_avg,SUP_sd,SUP_r1,SUP_kr,SUP_sk,INC_avg,INC_sd,INC_r1,INC_kr,INC_sk,IND_avg,IND_sd,IND_r1,IND_kr,IND_sk
391,0.2382000000,0.0448860780,-0.2675662984,3.0663394305,-0.0607561649,0.2484000000,0.0461891762,0.1403966996,2.8494361355,-0.3555382504,0.5134000000,0.0531266412,0.0377624837,3.1621646381,0.1853445086,0.5134000000,0.0531266412,0.0377624837,3.1621646381,0.1853445086
