Instance,INF_avg,INF_sd,INF_r1,INF_kr,INF_sk,SUP_avg,SUP_sd,SUP_r1,SUP_kr,SUP_sk,INC_avg,INC_sd,INC_r1,INC_kr,INC_sk,IND_avg,IND_sd,IND_r1,IND_kr,IND_sk
394,0.2080000000,0.0411825206,-0.8652849741,2.2821288715,0.6927284075,0.2560000000,0.0585149554,-0.1375126390,2.2264389903,0.8682180139,0.5360000000,0.0527636238,0.1025641026,2.1575505351,0.2169728883,0.5360000000,0.0527636238,0.1025641026,2.1575505351,0.2169728883
