Instance,INF_avg,INF_sd,INF_r1,INF_kr,INF_sk,SUP_avg,SUP_sd,SUP_r1,SUP_kr,SUP_sk,INC_avg,INC_sd,INC_r1,INC_kr,INC_sk,IND_avg,IND_sd,IND_r1,IND_kr,IND_sk
285,0.2745000000,0.0415000000,0.2187249194,2.8393490153,-0.5653014147,0.2235000000,0.0461546314,0.5733016638,1.5116381391,0.2512385374,0.5020000000,0.0291719043,0.2642840067,3.0116597464,0.5331659653,0.5020000000,0.0291719043,0.2642840067,3.0116597464,0.5331659653
