Instance,INF_avg,INF_sd,INF_r1,INF_kr,INF_sk,SUP_avg,SUP_sd,SUP_r1,SUP_kr,SUP_sk,INC_avg,INC_sd,INC_r1,INC_kr,INC_sk,IND_avg,IND_sd,IND_r1,IND_kr,IND_sk
197,0.2250000000,0.0873212460,0.3402061856,2.5651706531,-0.3379268858,0.2200000000,0.0748331477,-0.5789473684,3.6645408163,-0.7015607600,0.5550000000,0.0986154146,0.0576988733,1.8248425532,0.0172047961,0.5550000000,0.0986154146,0.0576988733,1.8248425532,0.0172047961
