Instance,INF_avg,INF_sd,INF_r1,INF_kr,INF_sk,SUP_avg,SUP_sd,SUP_r1,SUP_kr,SUP_sk,INC_avg,INC_sd,INC_r1,INC_kr,INC_sk,IND_avg,IND_sd,IND_r1,IND_kr,IND_sk
229,0.2646000000,0.0447866051,0.3938067014,2.8059437845,0.4594777137,0.2922000000,0.0369413048,0.2940033456,2.8594003773,0.0172595902,0.4432000000,0.0377923273,0.2352162559,2.6439683145,-0.2567574123,0.4432000000,0.0377923273,0.2352162559,2.6439683145,-0.2567574123
