Instance,INF_avg,INF_sd,INF_r1,INF_kr,INF_sk,SUP_avg,SUP_sd,SUP_r1,SUP_kr,SUP_sk,INC_avg,INC_sd,INC_r1,INC_kr,INC_sk,IND_avg,IND_sd,IND_r1,IND_kr,IND_sk
383,0.2400000000,0.0758946638,-0.6031746032,2.4884259259,-1.0321322919,0.2600000000,0.0692820323,0.6285714286,1.4500000000,-0.2886751346,0.5000000000,0.1186591758,-0.0232558140,2.0351239669,0.5516180693,0.5000000000,0.1186591758,-0.0232558140,2.0351239669,0.5516180693
