Instance,INF_avg,INF_sd,INF_r1,INF_kr,INF_sk,SUP_avg,SUP_sd,SUP_r1,SUP_kr,SUP_sk,INC_avg,INC_sd,INC_r1,INC_kr,INC_sk,IND_avg,IND_sd,IND_r1,IND_kr,IND_sk
140,0.2200000000,0.1661324773,-0.4540059347,1.8834278513,-0.0575758428,0.3000000000,0.2190890230,-0.0256410256,2.0312500000,0.5134898977,0.4800000000,0.1536229150,0.3603411514,2.1852915829,-0.1588746032,0.4800000000,0.1536229150,0.3603411514,2.1852915829,-0.1588746032
