Instance,INF_avg,INF_sd,INF_r1,INF_kr,INF_sk,SUP_avg,SUP_sd,SUP_r1,SUP_kr,SUP_sk,INC_avg,INC_sd,INC_r1,INC_kr,INC_sk,IND_avg,IND_sd,IND_r1,IND_kr,IND_sk
2,0.2578000000,0.0323752992,0.1887736655,1.9413975788,0.1817768099,0.2710000000,0.0312889757,0.1776783690,2.6313429830,0.2912649200,0.4712000000,0.0312019230,0.0513188577,2.8925423169,-0.2077741581,0.4712000000,0.0312019230,0.0513188577,2.8925423169,-0.2077741581
