Instance,INF_avg,INF_sd,INF_r1,INF_kr,INF_sk,SUP_avg,SUP_sd,SUP_r1,SUP_kr,SUP_sk,INC_avg,INC_sd,INC_r1,INC_kr,INC_sk,IND_avg,IND_sd,IND_r1,IND_kr,IND_sk
245,0.2120000000,0.1274990196,0.0616753968,4.3504053258,1.0484564177,0.2320000000,0.1256025477,-0.3195840252,4.0600475624,0.8340808317,0.5560000000,0.1626775953,-0.2534836426,3.5517582965,-0.6089447568,0.5560000000,0.1626775953,-0.2534836426,3.5517582965,-0.6089447568
