Instance,INF_avg,INF_sd,INF_r1,INF_kr,INF_sk,SUP_avg,SUP_sd,SUP_r1,SUP_kr,SUP_sk,INC_avg,INC_sd,INC_r1,INC_kr,INC_sk,IND_avg,IND_sd,IND_r1,IND_kr,IND_sk
66,0.4100990099,0.0860864756,0.5251204024,2.4842584365,-0.0105116752,0.1091089109,0.0666912349,0.7194582048,2.8928410747,0.6510210919,0.4807920792,0.0590298325,0.0430155867,2.5489036170,0.2223690969,0.4807920792,0.0590298325,0.0430155867,2.5489036170,0.2223690969
