Instance,INF_avg,INF_sd,INF_r1,INF_kr,INF_sk,SUP_avg,SUP_sd,SUP_r1,SUP_kr,SUP_sk,INC_avg,INC_sd,INC_r1,INC_kr,INC_sk,IND_avg,IND_sd,IND_r1,IND_kr,IND_sk
474,0.4065909091,0.0950106018,0.7397672090,1.8317262041,0.0689745007,0.1252272727,0.0702750646,0.6441928500,2.5236028705,0.3445239785,0.4681818182,0.0734621958,0.0039462416,2.2128957409,-0.1091800227,0.4681818182,0.0734621958,0.0039462416,2.2128957409,-0.1091800227
