Instance,INF_avg,INF_sd,INF_r1,INF_kr,INF_sk,SUP_avg,SUP_sd,SUP_r1,SUP_kr,SUP_sk,INC_avg,INC_sd,INC_r1,INC_kr,INC_sk,IND_avg,IND_sd,IND_r1,IND_kr,IND_sk
301,0.2625000000,0.0276812211,-0.0917030568,1.9408333311,-0.4667447733,0.2385000000,0.0185809042,-0.4212669255,2.7050768131,-0.9439510580,0.4990000000,0.0275499546,-0.3317447710,1.4150041400,-0.0213769066,0.4990000000,0.0275499546,-0.3317447710,1.4150041400,-0.0213769066
