Instance,INF_avg,INF_sd,INF_r1,INF_kr,INF_sk,SUP_avg,SUP_sd,SUP_r1,SUP_kr,SUP_sk,INC_avg,INC_sd,INC_r1,INC_kr,INC_sk,IND_avg,IND_sd,IND_r1,IND_kr,IND_sk
178,0.6272727273,0.1654612053,0.8333161616,2.6921168560,-0.8765759696,0.0562121212,0.0700003280,0.7800406801,4.8293128693,1.6553072158,0.3165151515,0.1033344441,0.7709506941,1.9172877078,0.4255606776,0.3165151515,0.1033344441,0.7709506941,1.9172877078,0.4255606776
