Instance,INF_avg,INF_sd,INF_r1,INF_kr,INF_sk,SUP_avg,SUP_sd,SUP_r1,SUP_kr,SUP_sk,INC_avg,INC_sd,INC_r1,INC_kr,INC_sk,IND_avg,IND_sd,IND_r1,IND_kr,IND_sk
138,0.2920000000,0.0292574777,0.2465753425,1.8333915626,0.5692290290,0.2420000000,0.0416653333,-0.6814595661,1.7513750557,0.6052175240,0.4660000000,0.0287054002,-0.9261477046,2.4234612122,-0.1034952924,0.4660000000,0.0287054002,-0.9261477046,2.4234612122,-0.1034952924
