Instance,INF_avg,INF_sd,INF_r1,INF_kr,INF_sk,SUP_avg,SUP_sd,SUP_r1,SUP_kr,SUP_sk,INC_avg,INC_sd,INC_r1,INC_kr,INC_sk,IND_avg,IND_sd,IND_r1,IND_kr,IND_sk
125,0.2584000000,0.0379663008,0.0351527638,2.5735233058,-0.2601497343,0.2272000000,0.0491951217,0.2300827777,3.0254801096,0.5344470087,0.5144000000,0.0456140329,0.3263256198,2.8665889401,-0.0618465472,0.5144000000,0.0456140329,0.3263256198,2.8665889401,-0.0618465472
