Instance,INF_avg,INF_sd,INF_r1,INF_kr,INF_sk,SUP_avg,SUP_sd,SUP_r1,SUP_kr,SUP_sk,INC_avg,INC_sd,INC_r1,INC_kr,INC_sk,IND_avg,IND_sd,IND_r1,IND_kr,IND_sk
28,0.2220000000,0.0672011905,-0.1518057732,2.2574646508,0.1315932654,0.3120000000,0.0723325653,0.2033034508,2.7833515697,0.0329771396,0.4660000000,0.0780000000,0.0698238568,3.4340261973,-0.4304860163,0.4660000000,0.0780000000,0.0698238568,3.4340261973,-0.4304860163
