Instance,INF_avg,INF_sd,INF_r1,INF_kr,INF_sk,SUP_avg,SUP_sd,SUP_r1,SUP_kr,SUP_sk,INC_avg,INC_sd,INC_r1,INC_kr,INC_sk,IND_avg,IND_sd,IND_r1,IND_kr,IND_sk
250,0.2450000000,0.0906917857,0.1367256368,2.8027919180,-0.0522830298,0.2260000000,0.0890168523,0.0521434856,2.9729469333,0.1054085781,0.5290000000,0.0980255069,0.2179313305,2.3775263441,-0.1198309301,0.5290000000,0.0980255069,0.2179313305,2.3775263441,-0.1198309301
