Instance,INF_avg,INF_sd,INF_r1,INF_kr,INF_sk,SUP_avg,SUP_sd,SUP_r1,SUP_kr,SUP_sk,INC_avg,INC_sd,INC_r1,INC_kr,INC_sk,IND_avg,IND_sd,IND_r1,IND_kr,IND_sk
167,0.2200000000,0.1077032961,-0.1492220651,3.4915279429,0.8572401172,0.2850000000,0.1184271928,-0.2079911051,2.3256694024,0.0433489110,0.4950000000,0.1021028893,0.0308263785,2.4552731915,-0.3156640919,0.4950000000,0.1021028893,0.0308263785,2.4552731915,-0.3156640919
