Instance,INF_avg,INF_sd,INF_r1,INF_kr,INF_sk,SUP_avg,SUP_sd,SUP_r1,SUP_kr,SUP_sk,INC_avg,INC_sd,INC_r1,INC_kr,INC_sk,IND_avg,IND_sd,IND_r1,IND_kr,IND_sk
221,0.3000000000,0.0806225775,-0.4615384615,2.1597633136,-0.2862340029,0.3800000000,0.0781024968,-0.0396039604,2.7108304219,0.8374871327,0.3200000000,0.0600000000,0.1432584270,1.5138888889,0.2361111111,0.3200000000,0.0600000000,0.1432584270,1.5138888889,0.2361111111
