Instance,INF_avg,INF_sd,INF_r1,INF_kr,INF_sk,SUP_avg,SUP_sd,SUP_r1,SUP_kr,SUP_sk,INC_avg,INC_sd,INC_r1,INC_kr,INC_sk,IND_avg,IND_sd,IND_r1,IND_kr,IND_sk
107,0.2620000000,0.0821948904,0.3241624645,2.9377520620,0.1801808683,0.2280000000,0.0928224111,0.1622637245,3.5693676078,0.4117546104,0.5100000000,0.0969535971,0.1551953819,2.5319148936,0.3258852236,0.5100000000,0.0969535971,0.1551953819,2.5319148936,0.3258852236
