Instance,INF_avg,INF_sd,INF_r1,INF_kr,INF_sk,SUP_avg,SUP_sd,SUP_r1,SUP_kr,SUP_sk,INC_avg,INC_sd,INC_r1,INC_kr,INC_sk,IND_avg,IND_sd,IND_r1,IND_kr,IND_sk
480,0.2600000000,0.1600000000,0.1634114583,3.7949218750,1.1953125000,0.2400000000,0.1414213562,0.3271555197,1.8872000000,0.2884995667,0.5000000000,0.2262741700,0.2913385827,2.0263671875,-0.0414320380,0.5000000000,0.2262741700,0.2913385827,2.0263671875,-0.0414320380
