Instance,INF_avg,INF_sd,INF_r1,INF_kr,INF_sk,SUP_avg,SUP_sd,SUP_r1,SUP_kr,SUP_sk,INC_avg,INC_sd,INC_r1,INC_kr,INC_sk,IND_avg,IND_sd,IND_r1,IND_kr,IND_sk
411,0.3200000000,0.0600000000,-0.6292134831,2.5555555556,-0.1111111111,0.2300000000,0.1100000000,0.2850990525,2.7441431596,-0.6130728775,0.4500000000,0.1118033989,0.2653061224,3.1760000000,0.6439875775,0.4500000000,0.1118033989,0.2653061224,3.1760000000,0.6439875775
