Instance,INF_avg,INF_sd,INF_r1,INF_kr,INF_sk,SUP_avg,SUP_sd,SUP_r1,SUP_kr,SUP_sk,INC_avg,INC_sd,INC_r1,INC_kr,INC_sk,IND_avg,IND_sd,IND_r1,IND_kr,IND_sk
177,0.2762000000,0.0662537546,0.1340894372,2.8656027553,0.2165422250,0.2398000000,0.0687310701,0.0170880381,2.6537403475,-0.1452667410,0.4840000000,0.0708801806,0.0651764859,2.6278652278,0.1221223039,0.4840000000,0.0708801806,0.0651764859,2.6278652278,0.1221223039
