Instance,INF_avg,INF_sd,INF_r1,INF_kr,INF_sk,SUP_avg,SUP_sd,SUP_r1,SUP_kr,SUP_sk,INC_avg,INC_sd,INC_r1,INC_kr,INC_sk,IND_avg,IND_sd,IND_r1,IND_kr,IND_sk
321,0.2510000000,0.0600749532,0.2758503506,3.4249416175,0.2743040505,0.2390000000,0.0375366488,-0.1178528089,2.7588321250,0.6452742704,0.5100000000,0.0433589668,0.2661870504,2.7863286555,-0.3459492030,0.5100000000,0.0433589668,0.2661870504,2.7863286555,-0.3459492030
