Instance,INF_avg,INF_sd,INF_r1,INF_kr,INF_sk,SUP_avg,SUP_sd,SUP_r1,SUP_kr,SUP_sk,INC_avg,INC_sd,INC_r1,INC_kr,INC_sk,IND_avg,IND_sd,IND_r1,IND_kr,IND_sk
120,0.3220000000,0.1616044554,-0.1448568776,2.1685118184,-0.0460385621,0.3240000000,0.1749971428,-0.0737967209,3.2083787830,0.6160064747,0.3540000000,0.1639634106,-0.1282472860,2.1643345685,0.1332416112,0.3540000000,0.1639634106,-0.1282472860,2.1643345685,0.1332416112
