Instance,INF_avg,INF_sd,INF_r1,INF_kr,INF_sk,SUP_avg,SUP_sd,SUP_r1,SUP_kr,SUP_sk,INC_avg,INC_sd,INC_r1,INC_kr,INC_sk,IND_avg,IND_sd,IND_r1,IND_kr,IND_sk
341,0.2632000000,0.0564779603,-0.0553000588,2.4583777236,-0.1523968386,0.2032000000,0.0523618182,-0.0255601878,2.5757597157,0.2934333915,0.5336000000,0.0673427056,-0.1046892470,1.6854652279,0.2461507965,0.5336000000,0.0673427056,-0.1046892470,1.6854652279,0.2461507965
