Instance,INF_avg,INF_sd,INF_r1,INF_kr,INF_sk,SUP_avg,SUP_sd,SUP_r1,SUP_kr,SUP_sk,INC_avg,INC_sd,INC_r1,INC_kr,INC_sk,IND_avg,IND_sd,IND_r1,IND_kr,IND_sk
196,0.2739130435,0.1131270594,0.4039380339,3.5794756605,0.1860202849,0.2043478261,0.0819769897,0.1896522832,3.2896585899,-0.5538689953,0.5217391304,0.1111462872,-0.0994765464,2.6928887416,0.3002991282,0.5217391304,0.1111462872,-0.0994765464,2.6928887416,0.3002991282
