Instance,INF_avg,INF_sd,INF_r1,INF_kr,INF_sk,SUP_avg,SUP_sd,SUP_r1,SUP_kr,SUP_sk,INC_avg,INC_sd,INC_r1,INC_kr,INC_sk,IND_avg,IND_sd,IND_r1,IND_kr,IND_sk
31,0.2700000000,0.1360147051,0.0552970458,2.6119211103,0.0286137583,0.2800000000,0.1414213562,0.1814799504,2.8712000000,0.3563818177,0.4500000000,0.1513274595,-0.1937639198,2.9981312332,0.1558262202,0.4500000000,0.1513274595,-0.1937639198,2.9981312332,0.1558262202
