Instance,INF_avg,INF_sd,INF_r1,INF_kr,INF_sk,SUP_avg,SUP_sd,SUP_r1,SUP_kr,SUP_sk,INC_avg,INC_sd,INC_r1,INC_kr,INC_sk,IND_avg,IND_sd,IND_r1,IND_kr,IND_sk
228,0.3078000000,0.1145825467,0.6525381297,2.3506548848,0.2806107392,0.2786000000,0.0723190155,0.3590191593,2.6197051394,0.1863645443,0.4136000000,0.0934079226,0.5688028717,3.4790704785,0.6945169851,0.4136000000,0.0934079226,0.5688028717,3.4790704785,0.6945169851
