Instance,INF_avg,INF_sd,INF_r1,INF_kr,INF_sk,SUP_avg,SUP_sd,SUP_r1,SUP_kr,SUP_sk,INC_avg,INC_sd,INC_r1,INC_kr,INC_sk,IND_avg,IND_sd,IND_r1,IND_kr,IND_sk
58,0.2460000000,0.0440908154,-0.0294241632,5.1292231875,1.2510654059,0.2620000000,0.0427083130,-0.3855421687,2.6844990766,-0.0055455739,0.4920000000,0.0449888875,-0.1348423463,4.9833382806,-1.1987149879,0.4920000000,0.0449888875,-0.1348423463,4.9833382806,-1.1987149879
