Instance,INF_avg,INF_sd,INF_r1,INF_kr,INF_sk,SUP_avg,SUP_sd,SUP_r1,SUP_kr,SUP_sk,INC_avg,INC_sd,INC_r1,INC_kr,INC_sk,IND_avg,IND_sd,IND_r1,IND_kr,IND_sk
205,0.2290000000,0.0925148637,0.0955023100,2.4584931537,0.2096119256,0.2635000000,0.0940358974,-0.0285774474,2.8340863414,0.3284984323,0.5075000000,0.1096300597,0.0230557991,2.7160946032,0.1843527995,0.5075000000,0.1096300597,0.0230557991,2.7160946032,0.1843527995
