Instance,INF_avg,INF_sd,INF_r1,INF_kr,INF_sk,SUP_avg,SUP_sd,SUP_r1,SUP_kr,SUP_sk,INC_avg,INC_sd,INC_r1,INC_kr,INC_sk,IND_avg,IND_sd,IND_r1,IND_kr,IND_sk
429,0.3000000000,0.0670820393,0.5000000000,2.0370370370,0.0000000000,0.2550000000,0.0567890835,-0.0752688172,2.2460789616,-0.1965657837,0.4450000000,0.0906917857,0.1305702711,2.0932641051,0.6515269869,0.4450000000,0.0906917857,0.1305702711,2.0932641051,0.6515269869
