Instance,INF_avg,INF_sd,INF_r1,INF_kr,INF_sk,SUP_avg,SUP_sd,SUP_r1,SUP_kr,SUP_sk,INC_avg,INC_sd,INC_r1,INC_kr,INC_sk,IND_avg,IND_sd,IND_r1,IND_kr,IND_sk
25,0.2810000000,0.0323882695,-0.2084096827,1.9764585819,0.3517850282,0.2080000000,0.0263818119,-0.3928350834,2.8115338882,-0.8940328652,0.5110000000,0.0398622629,-0.2258228169,4.2108790730,1.2050936438,0.5110000000,0.0398622629,-0.2258228169,4.2108790730,1.2050936438
