Instance,INF_avg,INF_sd,INF_r1,INF_kr,INF_sk,SUP_avg,SUP_sd,SUP_r1,SUP_kr,SUP_sk,INC_avg,INC_sd,INC_r1,INC_kr,INC_sk,IND_avg,IND_sd,IND_r1,IND_kr,IND_sk
196,0.3160000000,0.0618384993,-0.3144218276,1.7828294323,0.1875583412,0.2820000000,0.0683812840,-0.0569484575,1.2917220673,-0.1453131245,0.4020000000,0.0734574707,-0.4636125891,1.8641032728,-0.2492175925,0.4020000000,0.0734574707,-0.4636125891,1.8641032728,-0.2492175925
