Instance,INF_avg,INF_sd,INF_r1,INF_kr,INF_sk,SUP_avg,SUP_sd,SUP_r1,SUP_kr,SUP_sk,INC_avg,INC_sd,INC_r1,INC_kr,INC_sk,IND_avg,IND_sd,IND_r1,IND_kr,IND_sk
397,0.2360000000,0.1786169085,-0.1724165645,3.3571481747,0.9665036931,0.2760000000,0.1364697769,-0.1496499520,4.8880593049,0.7218848464,0.4880000000,0.1632666531,-0.0056843026,2.8064942664,-0.3581441041,0.4880000000,0.1632666531,-0.0056843026,2.8064942664,-0.3581441041
