Instance,INF_avg,INF_sd,INF_r1,INF_kr,INF_sk,SUP_avg,SUP_sd,SUP_r1,SUP_kr,SUP_sk,INC_avg,INC_sd,INC_r1,INC_kr,INC_sk,IND_avg,IND_sd,IND_r1,IND_kr,IND_sk
302,0.2920000000,0.0716658915,-0.0455552040,2.7807086500,0.3667068572,0.2020000000,0.0672011905,-0.0020331107,2.1610610360,-0.1341239051,0.5060000000,0.0335261092,0.2899642999,1.4895581363,0.2853249756,0.5060000000,0.0335261092,0.2899642999,1.4895581363,0.2853249756
