Instance,INF_avg,INF_sd,INF_r1,INF_kr,INF_sk,SUP_avg,SUP_sd,SUP_r1,SUP_kr,SUP_sk,INC_avg,INC_sd,INC_r1,INC_kr,INC_sk,IND_avg,IND_sd,IND_r1,IND_kr,IND_sk
284,0.6984269663,0.1171587694,0.8935546631,2.7301828773,-0.8433167634,0.0764044944,0.0776913685,0.9094445679,3.3507167346,1.1885466614,0.2251685393,0.0487336803,0.6114432592,2.4224844633,0.0568637233,0.2251685393,0.0487336803,0.6114432592,2.4224844633,0.0568637233
