Instance,INF_avg,INF_sd,INF_r1,INF_kr,INF_sk,SUP_avg,SUP_sd,SUP_r1,SUP_kr,SUP_sk,INC_avg,INC_sd,INC_r1,INC_kr,INC_sk,IND_avg,IND_sd,IND_r1,IND_kr,IND_sk
18,0.2600000000,0.0340587727,-0.6724137931,1.9054696790,-0.0000000000,0.1680000000,0.0457820926,-0.5534648922,1.4246401725,0.1290547595,0.5720000000,0.0587877538,-0.5197215777,2.4361979167,1.0269996057,0.5720000000,0.0587877538,-0.5197215777,2.4361979167,1.0269996057
