Instance,INF_avg,INF_sd,INF_r1,INF_kr,INF_sk,SUP_avg,SUP_sd,SUP_r1,SUP_kr,SUP_sk,INC_avg,INC_sd,INC_r1,INC_kr,INC_sk,IND_avg,IND_sd,IND_r1,IND_kr,IND_sk
429,0.2460000000,0.1264278450,-0.0020421238,2.7137655674,0.4908258465,0.2980000000,0.1004788535,0.0822162350,2.9174398045,0.2913781014,0.4560000000,0.1089219904,-0.2682048191,2.6934593407,-0.2234613190,0.4560000000,0.1089219904,-0.2682048191,2.6934593407,-0.2234613190
