Instance,INF_avg,INF_sd,INF_r1,INF_kr,INF_sk,SUP_avg,SUP_sd,SUP_r1,SUP_kr,SUP_sk,INC_avg,INC_sd,INC_r1,INC_kr,INC_sk,IND_avg,IND_sd,IND_r1,IND_kr,IND_sk
140,0.2310000000,0.0293938769,0.0843995774,3.0504677855,1.0831101202,0.2515000000,0.0254017716,-0.4183199662,2.3095813429,-0.7104423226,0.5175000000,0.0437178453,-0.2657037286,2.2241653731,-0.3962923818,0.5175000000,0.0437178453,-0.2657037286,2.2241653731,-0.3962923818
