Instance,INF_avg,INF_sd,INF_r1,INF_kr,INF_sk,SUP_avg,SUP_sd,SUP_r1,SUP_kr,SUP_sk,INC_avg,INC_sd,INC_r1,INC_kr,INC_sk,IND_avg,IND_sd,IND_r1,IND_kr,IND_sk
236,0.2530000000,0.0416653333,-0.2335909704,2.0503103166,-0.0515131692,0.2710000000,0.0312089731,-0.7978063901,1.4724964055,-0.3321979370,0.4760000000,0.0351283361,0.7545768108,1.3724339290,0.3061707045,0.4760000000,0.0351283361,0.7545768108,1.3724339290,0.3061707045
