Instance,INF_avg,INF_sd,INF_r1,INF_kr,INF_sk,SUP_avg,SUP_sd,SUP_r1,SUP_kr,SUP_sk,INC_avg,INC_sd,INC_r1,INC_kr,INC_sk,IND_avg,IND_sd,IND_r1,IND_kr,IND_sk
183,0.2140000000,0.0332264955,-0.3287250384,2.1472904852,-0.3192842191,0.3040000000,0.0344093011,-0.3669821241,1.9226168736,-0.2226770648,0.4820000000,0.0074833148,-0.4814814815,1.8469387755,-0.3436215967,0.4820000000,0.0074833148,-0.4814814815,1.8469387755,-0.3436215967
