Instance,INF_avg,INF_sd,INF_r1,INF_kr,INF_sk,SUP_avg,SUP_sd,SUP_r1,SUP_kr,SUP_sk,INC_avg,INC_sd,INC_r1,INC_kr,INC_sk,IND_avg,IND_sd,IND_r1,IND_kr,IND_sk
331,0.2392000000,0.0552753109,-0.2294290180,2.0657437148,-0.0948961220,0.2592000000,0.0583725963,-0.0966184399,2.1711985927,0.0781219374,0.5016000000,0.0669136757,-0.4277335130,2.6564116030,0.0008818100,0.5016000000,0.0669136757,-0.4277335130,2.6564116030,0.0008818100
