Instance,INF_avg,INF_sd,INF_r1,INF_kr,INF_sk,SUP_avg,SUP_sd,SUP_r1,SUP_kr,SUP_sk,INC_avg,INC_sd,INC_r1,INC_kr,INC_sk,IND_avg,IND_sd,IND_r1,IND_kr,IND_sk
381,0.2500000000,0.1161895004,-0.1509433962,2.3251028807,0.0000000000,0.2250000000,0.1289379696,-0.2116182573,2.3169766522,-0.1399518919,0.5250000000,0.1269842510,-0.4545454545,2.4508743465,-0.1648254204,0.5250000000,0.1269842510,-0.4545454545,2.4508743465,-0.1648254204
