Instance,INF_avg,INF_sd,INF_r1,INF_kr,INF_sk,SUP_avg,SUP_sd,SUP_r1,SUP_kr,SUP_sk,INC_avg,INC_sd,INC_r1,INC_kr,INC_sk,IND_avg,IND_sd,IND_r1,IND_kr,IND_sk
299,0.2688000000,0.0496644742,0.0307215508,2.9290632476,0.6984576387,0.2480000000,0.0595986577,0.2443581206,2.4958607256,0.4534838211,0.4832000000,0.0547518036,0.3794788840,2.7355663592,0.0428234784,0.4832000000,0.0547518036,0.3794788840,2.7355663592,0.0428234784
