Instance,INF_avg,INF_sd,INF_r1,INF_kr,INF_sk,SUP_avg,SUP_sd,SUP_r1,SUP_kr,SUP_sk,INC_avg,INC_sd,INC_r1,INC_kr,INC_sk,IND_avg,IND_sd,IND_r1,IND_kr,IND_sk
168,0.2350000000,0.0429534632,-0.4165497896,2.6649701456,-0.2839147544,0.2740000000,0.0488262225,-0.3146406985,2.8765652448,0.7828750677,0.4910000000,0.0450444225,0.2886291501,1.5492405463,0.0789101098,0.4910000000,0.0450444225,0.2886291501,1.5492405463,0.0789101098
