Instance,INF_avg,INF_sd,INF_r1,INF_kr,INF_sk,SUP_avg,SUP_sd,SUP_r1,SUP_kr,SUP_sk,INC_avg,INC_sd,INC_r1,INC_kr,INC_sk,IND_avg,IND_sd,IND_r1,IND_kr,IND_sk
313,0.2600000000,0.0337638860,0.1504424779,2.4422899354,0.6079370061,0.2160000000,0.0429418211,-0.2959962972,3.1697432254,-0.6492161773,0.5240000000,0.0668131724,-0.1282315474,2.7404276024,0.3063429143,0.5240000000,0.0668131724,-0.1282315474,2.7404276024,0.3063429143
