Instance,INF_avg,INF_sd,INF_r1,INF_kr,INF_sk,SUP_avg,SUP_sd,SUP_r1,SUP_kr,SUP_sk,INC_avg,INC_sd,INC_r1,INC_kr,INC_sk,IND_avg,IND_sd,IND_r1,IND_kr,IND_sk
472,0.2460000000,0.0165529454,-0.2916989915,2.1221428952,-0.1428726702,0.2280000000,0.0390640500,-0.6740453791,1.4171666647,0.0220426378,0.5260000000,0.0528583011,-0.6485139376,1.2665500620,-0.1347994218,0.5260000000,0.0528583011,-0.6485139376,1.2665500620,-0.1347994218
