Instance,INF_avg,INF_sd,INF_r1,INF_kr,INF_sk,SUP_avg,SUP_sd,SUP_r1,SUP_kr,SUP_sk,INC_avg,INC_sd,INC_r1,INC_kr,INC_sk,IND_avg,IND_sd,IND_r1,IND_kr,IND_sk
491,0.2732000000,0.0580840770,0.4396348950,2.3231174152,0.2917872503,0.2336000000,0.0577151627,0.3950421651,2.7662352903,-0.0924928366,0.4932000000,0.0644496703,0.3003259157,3.4535992357,0.4993907730,0.4932000000,0.0644496703,0.3003259157,3.4535992357,0.4993907730
