Instance,INF_avg,INF_sd,INF_r1,INF_kr,INF_sk,SUP_avg,SUP_sd,SUP_r1,SUP_kr,SUP_sk,INC_avg,INC_sd,INC_r1,INC_kr,INC_sk,IND_avg,IND_sd,IND_r1,IND_kr,IND_sk
129,0.3187200000,0.0730914605,0.1544444464,2.9939871011,0.1879240308,0.1561600000,0.0617450759,0.3677717234,2.7171472649,0.2781649029,0.5251200000,0.0606579393,-0.1927380534,3.3254828734,-0.3031471619,0.5251200000,0.0606579393,-0.1927380534,3.3254828734,-0.3031471619
