Instance,INF_avg,INF_sd,INF_r1,INF_kr,INF_sk,SUP_avg,SUP_sd,SUP_r1,SUP_kr,SUP_sk,INC_avg,INC_sd,INC_r1,INC_kr,INC_sk,IND_avg,IND_sd,IND_r1,IND_kr,IND_sk
185,0.2240000000,0.1393700111,-0.0175839838,4.2805191492,0.8524355628,0.3020000000,0.1618517840,-0.0232127751,1.9185228770,0.0242498039,0.4740000000,0.1453409784,-0.0423289084,2.7098756745,0.0668520448,0.4740000000,0.1453409784,-0.0423289084,2.7098756745,0.0668520448
