Instance,INF_avg,INF_sd,INF_r1,INF_kr,INF_sk,SUP_avg,SUP_sd,SUP_r1,SUP_kr,SUP_sk,INC_avg,INC_sd,INC_r1,INC_kr,INC_sk,IND_avg,IND_sd,IND_r1,IND_kr,IND_sk
211,0.2792000000,0.0567041445,-0.0138069303,2.6598351797,-0.2016332245,0.1832000000,0.0461926401,-0.3457525721,2.1453791425,-0.4094482856,0.5376000000,0.0560913541,-0.0651757345,3.1942795184,0.1230005553,0.5376000000,0.0560913541,-0.0651757345,3.1942795184,0.1230005553
