Instance,INF_avg,INF_sd,INF_r1,INF_kr,INF_sk,SUP_avg,SUP_sd,SUP_r1,SUP_kr,SUP_sk,INC_avg,INC_sd,INC_r1,INC_kr,INC_sk,IND_avg,IND_sd,IND_r1,IND_kr,IND_sk
75,0.2475000000,0.0276812211,-0.7757961783,1.9101761987,-0.5091761163,0.2730000000,0.0332565783,-0.6837673023,2.6680395279,0.7542865876,0.4795000000,0.0189010582,-0.3439986312,3.5834623301,-1.0776163635,0.4795000000,0.0189010582,-0.3439986312,3.5834623301,-1.0776163635
