Instance,INF_avg,INF_sd,INF_r1,INF_kr,INF_sk,SUP_avg,SUP_sd,SUP_r1,SUP_kr,SUP_sk,INC_avg,INC_sd,INC_r1,INC_kr,INC_sk,IND_avg,IND_sd,IND_r1,IND_kr,IND_sk
73,0.4895890411,0.1051084027,0.6049218108,3.2816801929,-0.4042143266,0.1942465753,0.0952274539,0.6011532364,2.8959878080,0.3409939457,0.3161643836,0.0583478031,-0.1332211469,2.3147350425,-0.1511714371,0.3161643836,0.0583478031,-0.1332211469,2.3147350425,-0.1511714371
