Instance,INF_avg,INF_sd,INF_r1,INF_kr,INF_sk,SUP_avg,SUP_sd,SUP_r1,SUP_kr,SUP_sk,INC_avg,INC_sd,INC_r1,INC_kr,INC_sk,IND_avg,IND_sd,IND_r1,IND_kr,IND_sk
429,0.3030000000,0.0407553677,0.2087256961,2.4788448093,0.7758956981,0.3000000000,0.0473286383,0.1457286432,1.4006696429,-0.2546781794,0.3970000000,0.0349428104,-0.2893676507,4.4195034883,-1.1410712359,0.3970000000,0.0349428104,-0.2893676507,4.4195034883,-1.1410712359
