Instance,INF_avg,INF_sd,INF_r1,INF_kr,INF_sk,SUP_avg,SUP_sd,SUP_r1,SUP_kr,SUP_sk,INC_avg,INC_sd,INC_r1,INC_kr,INC_sk,IND_avg,IND_sd,IND_r1,IND_kr,IND_sk
399,0.2400000000,0.0424264069,0.2692307692,2.7370370370,-1.0999438818,0.2120000000,0.0318747549,-0.5549348231,1.9437348875,-0.4046348854,0.5480000000,0.0435430821,-0.4787485242,2.4805586712,-0.7802544490,0.5480000000,0.0435430821,-0.4787485242,2.4805586712,-0.7802544490
