Instance,INF_avg,INF_sd,INF_r1,INF_kr,INF_sk,SUP_avg,SUP_sd,SUP_r1,SUP_kr,SUP_sk,INC_avg,INC_sd,INC_r1,INC_kr,INC_sk,IND_avg,IND_sd,IND_r1,IND_kr,IND_sk
336,0.2090909091,0.1239834700,-0.3822292324,2.1413458203,-0.4588635535,0.2181818182,0.1336085314,-0.6438888889,2.6640946502,0.3515471390,0.5727272727,0.2299838298,-0.5033077994,1.9569824219,0.2004834626,0.5727272727,0.2299838298,-0.5033077994,1.9569824219,0.2004834626
