Instance,INF_avg,INF_sd,INF_r1,INF_kr,INF_sk,SUP_avg,SUP_sd,SUP_r1,SUP_kr,SUP_sk,INC_avg,INC_sd,INC_r1,INC_kr,INC_sk,IND_avg,IND_sd,IND_r1,IND_kr,IND_sk
254,0.2750000000,0.0973396117,0.0935633709,2.9262188372,0.0691212146,0.2480000000,0.0927146159,0.1362221323,2.8875739709,0.2466627434,0.4770000000,0.1064001880,0.0735917059,3.7205728901,0.1189782270,0.4770000000,0.1064001880,0.0735917059,3.7205728901,0.1189782270
