Instance,INF_avg,INF_sd,INF_r1,INF_kr,INF_sk,SUP_avg,SUP_sd,SUP_r1,SUP_kr,SUP_sk,INC_avg,INC_sd,INC_r1,INC_kr,INC_sk,IND_avg,IND_sd,IND_r1,IND_kr,IND_sk
99,0.2984000000,0.0743870957,-0.2492805191,2.0713302136,-0.5807234993,0.2696000000,0.0739989189,-0.2126738974,2.4934670158,0.4093991049,0.4320000000,0.0767333044,-0.3931697694,5.5786271267,1.2629854047,0.4320000000,0.0767333044,-0.3931697694,5.5786271267,1.2629854047
