Instance,INF_avg,INF_sd,INF_r1,INF_kr,INF_sk,SUP_avg,SUP_sd,SUP_r1,SUP_kr,SUP_sk,INC_avg,INC_sd,INC_r1,INC_kr,INC_sk,IND_avg,IND_sd,IND_r1,IND_kr,IND_sk
430,0.1820000000,0.0591269820,-0.0452238117,2.3874581738,-0.5475551930,0.2760000000,0.0523832034,-0.2801330008,1.9999362511,-0.4077375798,0.5420000000,0.0842377588,-0.5297778863,1.5964412680,-0.0749208112,0.5420000000,0.0842377588,-0.5297778863,1.5964412680,-0.0749208112
