Instance,INF_avg,INF_sd,INF_r1,INF_kr,INF_sk,SUP_avg,SUP_sd,SUP_r1,SUP_kr,SUP_sk,INC_avg,INC_sd,INC_r1,INC_kr,INC_sk,IND_avg,IND_sd,IND_r1,IND_kr,IND_sk
150,0.2240000000,0.0320000000,-0.7711598746,1.4189453125,-0.0351562500,0.2920000000,0.0411825206,-0.0515021459,1.3209327163,0.1319482681,0.4840000000,0.0445421149,-0.1688311688,2.7036940687,-1.1210847078,0.4840000000,0.0445421149,-0.1688311688,2.7036940687,-1.1210847078
