Instance,INF_avg,INF_sd,INF_r1,INF_kr,INF_sk,SUP_avg,SUP_sd,SUP_r1,SUP_kr,SUP_sk,INC_avg,INC_sd,INC_r1,INC_kr,INC_sk,IND_avg,IND_sd,IND_r1,IND_kr,IND_sk
132,0.2640000000,0.1466424222,-0.1001223187,2.0530466093,-0.0478569369,0.2920000000,0.1354104870,0.0220831407,2.9819951938,0.7251945918,0.4440000000,0.1698940847,0.0952921789,2.1583755734,-0.1173027690,0.4440000000,0.1698940847,0.0952921789,2.1583755734,-0.1173027690
