Instance,INF_avg,INF_sd,INF_r1,INF_kr,INF_sk,SUP_avg,SUP_sd,SUP_r1,SUP_kr,SUP_sk,INC_avg,INC_sd,INC_r1,INC_kr,INC_sk,IND_avg,IND_sd,IND_r1,IND_kr,IND_sk
75,0.2568000000,0.0653434006,0.1350170750,2.5058390300,0.0529836208,0.2442000000,0.0651334016,0.1878844904,2.8362095386,0.3091791432,0.4990000000,0.0773239937,-0.0286103892,3.0030477972,0.0690819975,0.4990000000,0.0773239937,-0.0286103892,3.0030477972,0.0690819975
