Instance,INF_avg,INF_sd,INF_r1,INF_kr,INF_sk,SUP_avg,SUP_sd,SUP_r1,SUP_kr,SUP_sk,INC_avg,INC_sd,INC_r1,INC_kr,INC_sk,IND_avg,IND_sd,IND_r1,IND_kr,IND_sk
379,0.2797872340,0.1123537226,-0.2297019666,2.3629966329,0.2511235516,0.1957446809,0.1035691707,0.1882534438,2.4642897997,0.3866674524,0.5244680851,0.1179940228,-0.0555096812,2.7752794444,-0.5452144041,0.5244680851,0.1179940228,-0.0555096812,2.7752794444,-0.5452144041
