Instance,INF_avg,INF_sd,INF_r1,INF_kr,INF_sk,SUP_avg,SUP_sd,SUP_r1,SUP_kr,SUP_sk,INC_avg,INC_sd,INC_r1,INC_kr,INC_sk,IND_avg,IND_sd,IND_r1,IND_kr,IND_sk
145,0.2370000000,0.0467546789,-0.1138991927,1.3822390510,0.4018952828,0.2510000000,0.0416413256,-0.6425747467,1.8934299956,0.5847431752,0.5120000000,0.0388072158,-0.0234526783,2.1274979762,0.8188397893,0.5120000000,0.0388072158,-0.0234526783,2.1274979762,0.8188397893
