Instance,INF_avg,INF_sd,INF_r1,INF_kr,INF_sk,SUP_avg,SUP_sd,SUP_r1,SUP_kr,SUP_sk,INC_avg,INC_sd,INC_r1,INC_kr,INC_sk,IND_avg,IND_sd,IND_r1,IND_kr,IND_sk
157,0.2560000000,0.0542586399,-0.1485745614,2.7139059546,-0.5396856384,0.1840000000,0.0618384993,0.1868664610,2.2633882460,-0.3702450372,0.5600000000,0.0843800924,0.0473372781,2.3399823255,0.1038638936,0.5600000000,0.0843800924,0.0473372781,2.3399823255,0.1038638936
