Instance,INF_avg,INF_sd,INF_r1,INF_kr,INF_sk,SUP_avg,SUP_sd,SUP_r1,SUP_kr,SUP_sk,INC_avg,INC_sd,INC_r1,INC_kr,INC_sk,IND_avg,IND_sd,IND_r1,IND_kr,IND_sk
280,0.2372000000,0.0471185738,0.3904677470,2.7526582997,0.2480747946,0.2804000000,0.0428000000,0.0139897932,2.8253534049,0.3107254194,0.4824000000,0.0532751349,-0.0510594296,2.8389467239,0.4012420038,0.4824000000,0.0532751349,-0.0510594296,2.8389467239,0.4012420038
