Instance,INF_avg,INF_sd,INF_r1,INF_kr,INF_sk,SUP_avg,SUP_sd,SUP_r1,SUP_kr,SUP_sk,INC_avg,INC_sd,INC_r1,INC_kr,INC_sk,IND_avg,IND_sd,IND_r1,IND_kr,IND_sk
444,0.1988000000,0.0549778137,0.1728032159,3.1798154381,-0.1107097664,0.2618000000,0.0667589694,0.2945485908,3.3130858734,0.3312879143,0.5394000000,0.0754959602,0.1870015707,3.4193209006,-0.1618881369,0.5394000000,0.0754959602,0.1870015707,3.4193209006,-0.1618881369
