Instance,INF_avg,INF_sd,INF_r1,INF_kr,INF_sk,SUP_avg,SUP_sd,SUP_r1,SUP_kr,SUP_sk,INC_avg,INC_sd,INC_r1,INC_kr,INC_sk,IND_avg,IND_sd,IND_r1,IND_kr,IND_sk
427,0.2300000000,0.1100000000,-0.1407160699,2.7441431596,-0.6130728775,0.2800000000,0.1536229150,0.3205574913,2.0560183855,0.0066197751,0.4900000000,0.1813835715,-0.1707163143,3.0245193596,-1.1582701989,0.4900000000,0.1813835715,-0.1707163143,3.0245193596,-1.1582701989
