Instance,INF_avg,INF_sd,INF_r1,INF_kr,INF_sk,SUP_avg,SUP_sd,SUP_r1,SUP_kr,SUP_sk,INC_avg,INC_sd,INC_r1,INC_kr,INC_sk,IND_avg,IND_sd,IND_r1,IND_kr,IND_sk
84,0.2372000000,0.0375787174,-0.1033494862,2.4389682514,-0.1974084103,0.2908000000,0.0446246569,-0.1709651840,2.7492381228,0.9896073189,0.4720000000,0.0423320210,-0.0839054927,4.1967075893,-0.6897007962,0.4720000000,0.0423320210,-0.0839054927,4.1967075893,-0.6897007962
