Instance,INF_avg,INF_sd,INF_r1,INF_kr,INF_sk,SUP_avg,SUP_sd,SUP_r1,SUP_kr,SUP_sk,INC_avg,INC_sd,INC_r1,INC_kr,INC_sk,IND_avg,IND_sd,IND_r1,IND_kr,IND_sk
66,0.2857142857,0.1328648231,-0.2325886991,1.4834942698,0.3999395875,0.2214285714,0.1277753130,0.3103987490,2.0282421875,-0.2253537259,0.4928571429,0.0903507903,0.1742627346,4.1279687500,1.5208579122,0.4928571429,0.0903507903,0.1742627346,4.1279687500,1.5208579122
