Instance,INF_avg,INF_sd,INF_r1,INF_kr,INF_sk,SUP_avg,SUP_sd,SUP_r1,SUP_kr,SUP_sk,INC_avg,INC_sd,INC_r1,INC_kr,INC_sk,IND_avg,IND_sd,IND_r1,IND_kr,IND_sk
456,0.3380000000,0.0556417110,-0.2055387846,4.1500110170,-1.2342255010,0.2120000000,0.0289136646,-0.5380906461,2.0010301962,0.0486516872,0.4500000000,0.0611555394,-0.2219178082,2.2092424719,-0.0577120535,0.4500000000,0.0611555394,-0.2219178082,2.2092424719,-0.0577120535
