Instance,INF_avg,INF_sd,INF_r1,INF_kr,INF_sk,SUP_avg,SUP_sd,SUP_r1,SUP_kr,SUP_sk,INC_avg,INC_sd,INC_r1,INC_kr,INC_sk,IND_avg,IND_sd,IND_r1,IND_kr,IND_sk
472,0.2000000000,0.0836660027,-0.4285714286,2.5000000000,-0.7683612489,0.3200000000,0.0400000000,-0.1184210526,2.0781250000,-0.8437500000,0.4800000000,0.0678232998,-0.2831858407,2.3638941399,0.7500308204,0.4800000000,0.0678232998,-0.2831858407,2.3638941399,0.7500308204
