Instance,INF_avg,INF_sd,INF_r1,INF_kr,INF_sk,SUP_avg,SUP_sd,SUP_r1,SUP_kr,SUP_sk,INC_avg,INC_sd,INC_r1,INC_kr,INC_sk,IND_avg,IND_sd,IND_r1,IND_kr,IND_sk
85,0.2800000000,0.0288963666,-0.0880503145,1.4961095773,0.3947619369,0.2095000000,0.0205487226,-0.3396473301,2.0649537757,0.3741054440,0.5105000000,0.0389518934,-0.1019328077,2.4611952658,-0.6588605406,0.5105000000,0.0389518934,-0.1019328077,2.4611952658,-0.6588605406
