Instance,INF_avg,INF_sd,INF_r1,INF_kr,INF_sk,SUP_avg,SUP_sd,SUP_r1,SUP_kr,SUP_sk,INC_avg,INC_sd,INC_r1,INC_kr,INC_sk,IND_avg,IND_sd,IND_r1,IND_kr,IND_sk
121,0.2580000000,0.0696562991,-0.1554892861,2.7400611267,-0.4076072929,0.2600000000,0.0617089945,0.0107066381,2.3453499047,0.0980476220,0.4820000000,0.0725809892,-0.2777718720,2.5089723832,0.0675390369,0.4820000000,0.0725809892,-0.2777718720,2.5089723832,0.0675390369
