Instance,INF_avg,INF_sd,INF_r1,INF_kr,INF_sk,SUP_avg,SUP_sd,SUP_r1,SUP_kr,SUP_sk,INC_avg,INC_sd,INC_r1,INC_kr,INC_sk,IND_avg,IND_sd,IND_r1,IND_kr,IND_sk
253,0.2800000000,0.1200000000,-0.4460511680,2.1481481481,-0.0277777778,0.2160000000,0.1254750971,-0.1207970112,2.0038419592,0.1823313893,0.5040000000,0.1611955334,-0.3638516803,2.4097330074,0.3361887087,0.5040000000,0.1611955334,-0.3638516803,2.4097330074,0.3361887087
