Instance,INF_avg,INF_sd,INF_r1,INF_kr,INF_sk,SUP_avg,SUP_sd,SUP_r1,SUP_kr,SUP_sk,INC_avg,INC_sd,INC_r1,INC_kr,INC_sk,IND_avg,IND_sd,IND_r1,IND_kr,IND_sk
349,0.2527000000,0.0358637700,-0.2354459682,3.0225336701,0.6352822632,0.2106000000,0.0319787429,-0.0587042151,2.6251518427,-0.3337936650,0.5367000000,0.0361193854,-0.1668364653,2.3934830411,0.0378610188,0.5367000000,0.0361193854,-0.1668364653,2.3934830411,0.0378610188
