Instance,INF_avg,INF_sd,INF_r1,INF_kr,INF_sk,SUP_avg,SUP_sd,SUP_r1,SUP_kr,SUP_sk,INC_avg,INC_sd,INC_r1,INC_kr,INC_sk,IND_avg,IND_sd,IND_r1,IND_kr,IND_sk
126,0.2543000000,0.0480261387,0.4610084529,2.5921484925,0.1351100465,0.2459000000,0.0585934297,0.5830112957,2.7187053090,0.5484731278,0.4998000000,0.0464807487,0.2535099047,3.2028207930,-0.0357620316,0.4998000000,0.0464807487,0.2535099047,3.2028207930,-0.0357620316
