Instance,INF_avg,INF_sd,INF_r1,INF_kr,INF_sk,SUP_avg,SUP_sd,SUP_r1,SUP_kr,SUP_sk,INC_avg,INC_sd,INC_r1,INC_kr,INC_sk,IND_avg,IND_sd,IND_r1,IND_kr,IND_sk
225,0.2700000000,0.0670820393,-0.0868596882,2.5881481481,0.1510588145,0.2440000000,0.0366606056,0.1044776119,3.4413265306,-0.7832463560,0.4860000000,0.0490306027,-0.2296594531,2.3623882547,0.6287627987,0.4860000000,0.0490306027,-0.2296594531,2.3623882547,0.6287627987
