Instance,INF_avg,INF_sd,INF_r1,INF_kr,INF_sk,SUP_avg,SUP_sd,SUP_r1,SUP_kr,SUP_sk,INC_avg,INC_sd,INC_r1,INC_kr,INC_sk,IND_avg,IND_sd,IND_r1,IND_kr,IND_sk
398,0.2724000000,0.0419313725,-0.1630628186,2.8879580447,0.3636038874,0.2452000000,0.0476336016,-0.2219258239,2.2510243857,0.3099926687,0.4824000000,0.0485205111,-0.0850401814,2.6453630990,-0.5266997861,0.4824000000,0.0485205111,-0.0850401814,2.6453630990,-0.5266997861
