Instance,INF_avg,INF_sd,INF_r1,INF_kr,INF_sk,SUP_avg,SUP_sd,SUP_r1,SUP_kr,SUP_sk,INC_avg,INC_sd,INC_r1,INC_kr,INC_sk,IND_avg,IND_sd,IND_r1,IND_kr,IND_sk
239,0.2570000000,0.0291290233,-0.0806874804,3.1170601939,-0.0665156812,0.2554500000,0.0343008382,0.0715163318,2.7180050731,-0.0058151690,0.4875500000,0.0386878211,-0.0880764806,3.1095930711,0.1336141968,0.4875500000,0.0386878211,-0.0880764806,3.1095930711,0.1336141968
