Instance,INF_avg,INF_sd,INF_r1,INF_kr,INF_sk,SUP_avg,SUP_sd,SUP_r1,SUP_kr,SUP_sk,INC_avg,INC_sd,INC_r1,INC_kr,INC_sk,IND_avg,IND_sd,IND_r1,IND_kr,IND_sk
413,0.2560000000,0.0962496753,-0.1659843499,2.3427049496,0.5697616959,0.2360000000,0.1118212860,0.0384246040,2.3138465940,0.0736025008,0.5080000000,0.1180508365,-0.3817119103,1.9766210236,-0.1185151717,0.5080000000,0.1180508365,-0.3817119103,1.9766210236,-0.1185151717
