Instance,INF_avg,INF_sd,INF_r1,INF_kr,INF_sk,SUP_avg,SUP_sd,SUP_r1,SUP_kr,SUP_sk,INC_avg,INC_sd,INC_r1,INC_kr,INC_sk,IND_avg,IND_sd,IND_r1,IND_kr,IND_sk
421,0.2900000000,0.1148912529,0.1041570793,2.6618457300,0.6013591751,0.2040000000,0.0740540343,0.0754158742,2.1492545651,-0.0637065128,0.5060000000,0.1181693700,0.1736898494,2.3384399431,-0.2524475411,0.5060000000,0.1181693700,0.1736898494,2.3384399431,-0.2524475411
