Instance,INF_avg,INF_sd,INF_r1,INF_kr,INF_sk,SUP_avg,SUP_sd,SUP_r1,SUP_kr,SUP_sk,INC_avg,INC_sd,INC_r1,INC_kr,INC_sk,IND_avg,IND_sd,IND_r1,IND_kr,IND_sk
461,0.2295000000,0.0179513231,0.2049132708,2.3209679565,-0.1778795351,0.2760000000,0.0254754784,0.0673575130,2.4692415260,-0.2977575556,0.4945000000,0.0271523480,0.3640522147,2.2215917460,-0.6197650876,0.4945000000,0.0271523480,0.3640522147,2.2215917460,-0.6197650876
