Instance,INF_avg,INF_sd,INF_r1,INF_kr,INF_sk,SUP_avg,SUP_sd,SUP_r1,SUP_kr,SUP_sk,INC_avg,INC_sd,INC_r1,INC_kr,INC_sk,IND_avg,IND_sd,IND_r1,IND_kr,IND_sk
427,0.2598000000,0.0512831356,0.0648254069,2.8697750425,0.3834580617,0.2352000000,0.0426258138,0.0845917057,2.9341268668,0.1037427810,0.5050000000,0.0577321401,-0.0168564920,3.2053992978,-0.2547536038,0.5050000000,0.0577321401,-0.0168564920,3.2053992978,-0.2547536038
