Instance,INF_avg,INF_sd,INF_r1,INF_kr,INF_sk,SUP_avg,SUP_sd,SUP_r1,SUP_kr,SUP_sk,INC_avg,INC_sd,INC_r1,INC_kr,INC_sk,IND_avg,IND_sd,IND_r1,IND_kr,IND_sk
175,0.2760000000,0.0708801806,-0.9558599696,1.2329303420,-0.4011434619,0.2120000000,0.0844748483,-0.8861490031,1.5292987995,0.4070519321,0.5120000000,0.0203960781,-0.1111111111,1.9556213018,-0.2715454179,0.5120000000,0.0203960781,-0.1111111111,1.9556213018,-0.2715454179
