Instance,INF_avg,INF_sd,INF_r1,INF_kr,INF_sk,SUP_avg,SUP_sd,SUP_r1,SUP_kr,SUP_sk,INC_avg,INC_sd,INC_r1,INC_kr,INC_sk,IND_avg,IND_sd,IND_r1,IND_kr,IND_sk
257,0.2440000000,0.0286705424,0.1679182938,2.7706590655,0.4778678320,0.2380000000,0.0248596058,-0.0313367711,2.7164828605,0.1390332055,0.5180000000,0.0289827535,-0.2533790809,2.2664795918,0.1535395870,0.5180000000,0.0289827535,-0.2533790809,2.2664795918,0.1535395870
