Instance,INF_avg,INF_sd,INF_r1,INF_kr,INF_sk,SUP_avg,SUP_sd,SUP_r1,SUP_kr,SUP_sk,INC_avg,INC_sd,INC_r1,INC_kr,INC_sk,IND_avg,IND_sd,IND_r1,IND_kr,IND_sk
483,0.1500000000,0.1118033989,-0.2653061224,3.1760000000,1.0733126292,0.2200000000,0.0979795897,0.4117647059,2.7291666667,0.8675276172,0.6300000000,0.1417744688,-0.7431725741,1.5370164105,-0.1179085209,0.6300000000,0.1417744688,-0.7431725741,1.5370164105,-0.1179085209
