Instance,INF_avg,INF_sd,INF_r1,INF_kr,INF_sk,SUP_avg,SUP_sd,SUP_r1,SUP_kr,SUP_sk,INC_avg,INC_sd,INC_r1,INC_kr,INC_sk,IND_avg,IND_sd,IND_r1,IND_kr,IND_sk
499,0.3713548387,0.1069945879,0.6013833072,2.4061822513,0.1230451571,0.1356129032,0.0834504595,0.6595017950,2.4374269251,0.4521823755,0.4930322581,0.0731094998,0.0090013014,2.7458040294,-0.0722109078,0.4930322581,0.0731094998,0.0090013014,2.7458040294,-0.0722109078
