Instance,INF_avg,INF_sd,INF_r1,INF_kr,INF_sk,SUP_avg,SUP_sd,SUP_r1,SUP_kr,SUP_sk,INC_avg,INC_sd,INC_r1,INC_kr,INC_sk,IND_avg,IND_sd,IND_r1,IND_kr,IND_sk
86,0.2900000000,0.1067707825,0.3233743409,1.7206832872,0.1380231722,0.2400000000,0.0489897949,-0.6666666667,1.1666666667,0.4082482905,0.4700000000,0.1288409873,0.3918053777,1.2876324575,0.3955562318,0.4700000000,0.1288409873,0.3918053777,1.2876324575,0.3955562318
