Instance,INF_avg,INF_sd,INF_r1,INF_kr,INF_sk,SUP_avg,SUP_sd,SUP_r1,SUP_kr,SUP_sk,INC_avg,INC_sd,INC_r1,INC_kr,INC_sk,IND_avg,IND_sd,IND_r1,IND_kr,IND_sk
86,0.2575500000,0.0325921386,-0.1376977271,2.8023056540,0.1929751052,0.2366500000,0.0330836440,0.1327903387,5.6081618618,0.9549276935,0.5058000000,0.0371531964,-0.0204114437,2.5491853656,-0.1096987318,0.5058000000,0.0371531964,-0.0204114437,2.5491853656,-0.1096987318
