Instance,INF_avg,INF_sd,INF_r1,INF_kr,INF_sk,SUP_avg,SUP_sd,SUP_r1,SUP_kr,SUP_sk,INC_avg,INC_sd,INC_r1,INC_kr,INC_sk,IND_avg,IND_sd,IND_r1,IND_kr,IND_sk
135,0.3300000000,0.0334664011,-0.4954954955,2.4904336735,-0.5922784627,0.3270000000,0.0390000000,-0.1683716637,2.2746104180,0.3981186466,0.3430000000,0.0382230297,0.3384185484,2.5486453401,-0.2090830190,0.3430000000,0.0382230297,0.3384185484,2.5486453401,-0.2090830190
