Instance,INF_avg,INF_sd,INF_r1,INF_kr,INF_sk,SUP_avg,SUP_sd,SUP_r1,SUP_kr,SUP_sk,INC_avg,INC_sd,INC_r1,INC_kr,INC_sk,IND_avg,IND_sd,IND_r1,IND_kr,IND_sk
247,0.2400000000,0.1356465997,-0.0180995475,2.3638941399,-0.7500308204,0.2800000000,0.1833030278,-0.1209439528,1.2091836735,0.2961528510,0.4800000000,0.0979795897,-0.1309523810,2.7291666667,-0.8675276172,0.4800000000,0.0979795897,-0.1309523810,2.7291666667,-0.8675276172
