Instance,INF_avg,INF_sd,INF_r1,INF_kr,INF_sk,SUP_avg,SUP_sd,SUP_r1,SUP_kr,SUP_sk,INC_avg,INC_sd,INC_r1,INC_kr,INC_sk,IND_avg,IND_sd,IND_r1,IND_kr,IND_sk
106,0.2156000000,0.0645340220,0.1853349755,2.5966686640,0.2018835997,0.2324000000,0.0515193168,-0.0114818181,2.4561780957,0.1146344675,0.5520000000,0.0700856619,0.2247950525,2.9102802152,-0.3346300528,0.5520000000,0.0700856619,0.2247950525,2.9102802152,-0.3346300528
