Instance,INF_avg,INF_sd,INF_r1,INF_kr,INF_sk,SUP_avg,SUP_sd,SUP_r1,SUP_kr,SUP_sk,INC_avg,INC_sd,INC_r1,INC_kr,INC_sk,IND_avg,IND_sd,IND_r1,IND_kr,IND_sk
351,0.2200000000,0.1248999600,-0.4652956298,2.0295857988,-0.0739053018,0.2700000000,0.1187434209,-0.3456889605,3.1415421759,-0.8385682959,0.5100000000,0.1445683229,-0.3712544439,2.2585792450,0.4209860278,0.5100000000,0.1445683229,-0.3712544439,2.2585792450,0.4209860278
