Instance,INF_avg,INF_sd,INF_r1,INF_kr,INF_sk,SUP_avg,SUP_sd,SUP_r1,SUP_kr,SUP_sk,INC_avg,INC_sd,INC_r1,INC_kr,INC_sk,IND_avg,IND_sd,IND_r1,IND_kr,IND_sk
82,0.2494000000,0.0272147019,0.1877040741,2.0106644380,-0.0119879163,0.2840000000,0.0319061123,-0.0389942551,3.8992882535,-0.5883544195,0.4666000000,0.0292136954,-0.2320049945,2.3129453623,-0.2855995947,0.4666000000,0.0292136954,-0.2320049945,2.3129453623,-0.2855995947
