Instance,INF_avg,INF_sd,INF_r1,INF_kr,INF_sk,SUP_avg,SUP_sd,SUP_r1,SUP_kr,SUP_sk,INC_avg,INC_sd,INC_r1,INC_kr,INC_sk,IND_avg,IND_sd,IND_r1,IND_kr,IND_sk
239,0.1913043478,0.1411537659,-0.1852055723,4.0103752219,0.9889388495,0.2869565217,0.1328757112,-0.2207754292,3.0749533447,0.1286418740,0.5217391304,0.1863995749,-0.1813613185,1.9855196960,0.0849000326,0.5217391304,0.1863995749,-0.1813613185,1.9855196960,0.0849000326
