Instance,INF_avg,INF_sd,INF_r1,INF_kr,INF_sk,SUP_avg,SUP_sd,SUP_r1,SUP_kr,SUP_sk,INC_avg,INC_sd,INC_r1,INC_kr,INC_sk,IND_avg,IND_sd,IND_r1,IND_kr,IND_sk
336,0.3329411765,0.0918928216,0.5215303673,2.8842728295,0.5092621469,0.1400000000,0.0966497619,0.6550335570,2.1739558020,0.5332297041,0.5270588235,0.0720918292,0.1080761119,6.4062979321,-1.5569422331,0.5270588235,0.0720918292,0.1080761119,6.4062979321,-1.5569422331
