Instance,INF_avg,INF_sd,INF_r1,INF_kr,INF_sk,SUP_avg,SUP_sd,SUP_r1,SUP_kr,SUP_sk,INC_avg,INC_sd,INC_r1,INC_kr,INC_sk,IND_avg,IND_sd,IND_r1,IND_kr,IND_sk
105,0.3150000000,0.1054751155,-0.1543551787,2.5830728443,-0.0907610640,0.2060000000,0.0816333265,-0.0355649826,2.3592865718,0.3857174061,0.4790000000,0.1072800075,-0.1151746851,2.3743634891,-0.0552140559,0.4790000000,0.1072800075,-0.1151746851,2.3743634891,-0.0552140559
