Instance,INF_avg,INF_sd,INF_r1,INF_kr,INF_sk,SUP_avg,SUP_sd,SUP_r1,SUP_kr,SUP_sk,INC_avg,INC_sd,INC_r1,INC_kr,INC_sk,IND_avg,IND_sd,IND_r1,IND_kr,IND_sk
136,0.2400000000,0.1428285686,-0.0177865613,2.2479815456,0.0988433000,0.3400000000,0.0916515139,-0.4179104478,4.8231292517,-1.6522211689,0.4200000000,0.1886796226,-0.2092238470,2.7631612170,0.2465388328,0.4200000000,0.1886796226,-0.2092238470,2.7631612170,0.2465388328
