Instance,INF_avg,INF_sd,INF_r1,INF_kr,INF_sk,SUP_avg,SUP_sd,SUP_r1,SUP_kr,SUP_sk,INC_avg,INC_sd,INC_r1,INC_kr,INC_sk,IND_avg,IND_sd,IND_r1,IND_kr,IND_sk
10,0.2660000000,0.0382622529,-0.3879408419,2.1072740303,-0.0565553322,0.2480000000,0.0444522215,-0.5946458685,1.7785982396,-0.2360720513,0.4860000000,0.0300665928,-0.5248226950,2.2030307777,-0.2313448773,0.4860000000,0.0300665928,-0.5248226950,2.2030307777,-0.2313448773
