Instance,INF_avg,INF_sd,INF_r1,INF_kr,INF_sk,SUP_avg,SUP_sd,SUP_r1,SUP_kr,SUP_sk,INC_avg,INC_sd,INC_r1,INC_kr,INC_sk,IND_avg,IND_sd,IND_r1,IND_kr,IND_sk
366,0.2400000000,0.0384707681,0.5000000000,1.4919649379,-0.0843040938,0.2790000000,0.0520480547,0.0434913130,2.7371208804,-0.9856297420,0.4810000000,0.0482597140,0.2198033406,2.3028801633,-0.3655617681,0.4810000000,0.0482597140,0.2198033406,2.3028801633,-0.3655617681
