Instance,INF_avg,INF_sd,INF_r1,INF_kr,INF_sk,SUP_avg,SUP_sd,SUP_r1,SUP_kr,SUP_sk,INC_avg,INC_sd,INC_r1,INC_kr,INC_sk,IND_avg,IND_sd,IND_r1,IND_kr,IND_sk
343,0.2460000000,0.0947839649,-0.1351493348,2.9499018340,0.5288917192,0.2410000000,0.0970515327,-0.0298176704,2.3785292858,0.0410686295,0.5130000000,0.1040720904,-0.0194042777,3.3437596211,0.2043940886,0.5130000000,0.1040720904,-0.0194042777,3.3437596211,0.2043940886
