Instance,INF_avg,INF_sd,INF_r1,INF_kr,INF_sk,SUP_avg,SUP_sd,SUP_r1,SUP_kr,SUP_sk,INC_avg,INC_sd,INC_r1,INC_kr,INC_sk,IND_avg,IND_sd,IND_r1,IND_kr,IND_sk
225,0.2480000000,0.0940531764,0.1550024039,2.7048269715,0.1118805609,0.2660000000,0.1046135746,0.1463936688,3.1159142717,0.0638418876,0.4860000000,0.1111485492,-0.0190520552,2.7919334151,0.1632126122,0.4860000000,0.1111485492,-0.0190520552,2.7919334151,0.1632126122
