Instance,INF_avg,INF_sd,INF_r1,INF_kr,INF_sk,SUP_avg,SUP_sd,SUP_r1,SUP_kr,SUP_sk,INC_avg,INC_sd,INC_r1,INC_kr,INC_sk,IND_avg,IND_sd,IND_r1,IND_kr,IND_sk
73,0.5348039216,0.1283433690,0.8334539379,2.1910110221,-0.4137080084,0.1280392157,0.0826051228,0.8326789051,2.3382027824,0.4961391682,0.3371568627,0.0664561989,0.3754559584,4.4187720230,0.7836363795,0.3371568627,0.0664561989,0.3754559584,4.4187720230,0.7836363795
