Instance,INF_avg,INF_sd,INF_r1,INF_kr,INF_sk,SUP_avg,SUP_sd,SUP_r1,SUP_kr,SUP_sk,INC_avg,INC_sd,INC_r1,INC_kr,INC_sk,IND_avg,IND_sd,IND_r1,IND_kr,IND_sk
229,0.2334000000,0.0423135912,0.1092435698,2.8595889146,0.0226796360,0.3040000000,0.0439545220,0.1204282263,2.4069930430,0.4473850562,0.4626000000,0.0456425240,0.0863855805,2.4567452206,0.1925990503,0.4626000000,0.0456425240,0.0863855805,2.4567452206,0.1925990503
