Instance,INF_avg,INF_sd,INF_r1,INF_kr,INF_sk,SUP_avg,SUP_sd,SUP_r1,SUP_kr,SUP_sk,INC_avg,INC_sd,INC_r1,INC_kr,INC_sk,IND_avg,IND_sd,IND_r1,IND_kr,IND_sk
222,0.2450000000,0.0545710546,0.6549122807,2.8984773497,0.2712712727,0.2541000000,0.0452514088,0.6079231640,2.7668958353,-0.1508512699,0.5009000000,0.0451186214,0.4172115235,2.6794981705,0.2096998008,0.5009000000,0.0451186214,0.4172115235,2.6794981705,0.2096998008
