Instance,INF_avg,INF_sd,INF_r1,INF_kr,INF_sk,SUP_avg,SUP_sd,SUP_r1,SUP_kr,SUP_sk,INC_avg,INC_sd,INC_r1,INC_kr,INC_sk,IND_avg,IND_sd,IND_r1,IND_kr,IND_sk
222,0.2140000000,0.1311640195,0.0017463045,2.5859629601,0.1926342473,0.2710000000,0.1491945039,-0.0954770204,3.5051668300,0.5573521019,0.5150000000,0.1639359631,0.0805047989,2.9236240130,-0.0641770728,0.5150000000,0.1639359631,0.0805047989,2.9236240130,-0.0641770728
