Instance,INF_avg,INF_sd,INF_r1,INF_kr,INF_sk,SUP_avg,SUP_sd,SUP_r1,SUP_kr,SUP_sk,INC_avg,INC_sd,INC_r1,INC_kr,INC_sk,IND_avg,IND_sd,IND_r1,IND_kr,IND_sk
442,0.2740000000,0.0460868745,-0.3028974457,2.1129411514,0.5398794388,0.2000000000,0.0487852437,-0.7510917031,2.3596497422,0.5684319755,0.5260000000,0.0447660586,-0.1681112679,2.1555571492,0.1639929357,0.5260000000,0.0447660586,-0.1681112679,2.1555571492,0.1639929357
