Instance,INF_avg,INF_sd,INF_r1,INF_kr,INF_sk,SUP_avg,SUP_sd,SUP_r1,SUP_kr,SUP_sk,INC_avg,INC_sd,INC_r1,INC_kr,INC_sk,IND_avg,IND_sd,IND_r1,IND_kr,IND_sk
85,0.1980000000,0.0647765390,-0.0222779439,2.2512674925,-0.2458256824,0.2980000000,0.0761314652,0.0431028381,2.6403573822,0.6317936838,0.5040000000,0.0624819974,-0.1179867987,4.1998454716,1.3687877103,0.5040000000,0.0624819974,-0.1179867987,4.1998454716,1.3687877103
