Instance,INF_avg,INF_sd,INF_r1,INF_kr,INF_sk,SUP_avg,SUP_sd,SUP_r1,SUP_kr,SUP_sk,INC_avg,INC_sd,INC_r1,INC_kr,INC_sk,IND_avg,IND_sd,IND_r1,IND_kr,IND_sk
345,0.4551785714,0.1253849939,0.8644380796,2.1433823323,0.2271392106,0.1387500000,0.0895437343,0.9101244515,2.1692198188,0.5416297962,0.4060714286,0.0620391170,0.3479276899,3.5012759082,-0.7209555710,0.4060714286,0.0620391170,0.3479276899,3.5012759082,-0.7209555710
