Instance,INF_avg,INF_sd,INF_r1,INF_kr,INF_sk,SUP_avg,SUP_sd,SUP_r1,SUP_kr,SUP_sk,INC_avg,INC_sd,INC_r1,INC_kr,INC_sk,IND_avg,IND_sd,IND_r1,IND_kr,IND_sk
292,0.2240000000,0.0516139516,-0.4753544902,2.0459243027,0.5292234845,0.2600000000,0.0485798312,0.3870967742,1.5634875036,0.0314003505,0.5160000000,0.0538887743,-0.8269812462,1.5218336635,0.5579291062,0.5160000000,0.0538887743,-0.8269812462,1.5218336635,0.5579291062
