Instance,INF_avg,INF_sd,INF_r1,INF_kr,INF_sk,SUP_avg,SUP_sd,SUP_r1,SUP_kr,SUP_sk,INC_avg,INC_sd,INC_r1,INC_kr,INC_sk,IND_avg,IND_sd,IND_r1,IND_kr,IND_sk
410,0.2400000000,0.0334664011,-0.0714285714,2.5000000000,-0.7683612489,0.2680000000,0.0483321839,-0.6966966967,1.8297053856,0.1224403232,0.4920000000,0.0560000000,-0.5338427948,1.9380466472,-0.5160349854,0.4920000000,0.0560000000,-0.5338427948,1.9380466472,-0.5160349854
