Instance,INF_avg,INF_sd,INF_r1,INF_kr,INF_sk,SUP_avg,SUP_sd,SUP_r1,SUP_kr,SUP_sk,INC_avg,INC_sd,INC_r1,INC_kr,INC_sk,IND_avg,IND_sd,IND_r1,IND_kr,IND_sk
44,0.4604437870,0.1116442924,0.8968302364,1.8528972661,-0.2252695439,0.0778106509,0.0682663571,0.8909713385,2.8757007600,0.9726509792,0.4617455621,0.0571440648,0.6156837407,2.0624279391,-0.1742460790,0.4617455621,0.0571440648,0.6156837407,2.0624279391,-0.1742460790
