Instance,INF_avg,INF_sd,INF_r1,INF_kr,INF_sk,SUP_avg,SUP_sd,SUP_r1,SUP_kr,SUP_sk,INC_avg,INC_sd,INC_r1,INC_kr,INC_sk,IND_avg,IND_sd,IND_r1,IND_kr,IND_sk
422,0.3276923077,0.0818397915,0.3927064390,2.6250029340,-0.1754796931,0.1460000000,0.0728180028,0.4437159059,2.3445441902,0.3532661282,0.5263076923,0.0645474001,0.0085334242,2.5834161768,0.1134450053,0.5263076923,0.0645474001,0.0085334242,2.5834161768,0.1134450053
