Instance,INF_avg,INF_sd,INF_r1,INF_kr,INF_sk,SUP_avg,SUP_sd,SUP_r1,SUP_kr,SUP_sk,INC_avg,INC_sd,INC_r1,INC_kr,INC_sk,IND_avg,IND_sd,IND_r1,IND_kr,IND_sk
50,0.3100000000,0.0404969135,0.0000000000,1.3102320048,0.0000000000,0.2100000000,0.0394968353,0.0000000000,2.5000000000,0.6816514971,0.4800000000,0.0363318042,-0.5645161290,2.2245179063,0.3503066525,0.4800000000,0.0363318042,-0.5645161290,2.2245179063,0.3503066525
