Instance,INF_avg,INF_sd,INF_r1,INF_kr,INF_sk,SUP_avg,SUP_sd,SUP_r1,SUP_kr,SUP_sk,INC_avg,INC_sd,INC_r1,INC_kr,INC_sk,IND_avg,IND_sd,IND_r1,IND_kr,IND_sk
438,0.2720000000,0.0480416486,-0.2049553587,3.4896479430,0.4082246481,0.2280000000,0.0373630834,-0.2545339398,2.7116115631,-0.0432524754,0.5000000000,0.0428485706,0.0866510539,2.6054793740,0.0228803935,0.5000000000,0.0428485706,0.0866510539,2.6054793740,0.0228803935
