Instance,INF_avg,INF_sd,INF_r1,INF_kr,INF_sk,SUP_avg,SUP_sd,SUP_r1,SUP_kr,SUP_sk,INC_avg,INC_sd,INC_r1,INC_kr,INC_sk,IND_avg,IND_sd,IND_r1,IND_kr,IND_sk
126,0.2600000000,0.1113552873,-0.0025873221,2.8168574402,-0.7300086469,0.2340000000,0.1335814358,-0.1034247467,2.3904367629,0.3694403310,0.5060000000,0.1332816567,0.0753959854,5.9685724631,0.7518248270,0.5060000000,0.1332816567,0.0753959854,5.9685724631,0.7518248270
