Instance,INF_avg,INF_sd,INF_r1,INF_kr,INF_sk,SUP_avg,SUP_sd,SUP_r1,SUP_kr,SUP_sk,INC_avg,INC_sd,INC_r1,INC_kr,INC_sk,IND_avg,IND_sd,IND_r1,IND_kr,IND_sk
496,0.2632000000,0.0529694251,-0.1580793420,2.9089861857,-0.0307366407,0.2760000000,0.0731026675,-0.1014331604,3.5150238445,0.5632305097,0.4608000000,0.0707627020,-0.2299414658,2.4104407392,-0.3472939757,0.4608000000,0.0707627020,-0.2299414658,2.4104407392,-0.3472939757
