Instance,INF_avg,INF_sd,INF_r1,INF_kr,INF_sk,SUP_avg,SUP_sd,SUP_r1,SUP_kr,SUP_sk,INC_avg,INC_sd,INC_r1,INC_kr,INC_sk,IND_avg,IND_sd,IND_r1,IND_kr,IND_sk
13,0.2400000000,0.1462873884,0.0314037079,3.0131889248,0.1878264136,0.2590000000,0.1497297566,0.0498519647,3.0343021039,0.4160097630,0.5010000000,0.1627851345,0.1552589505,2.7638953089,0.2342572009,0.5010000000,0.1627851345,0.1552589505,2.7638953089,0.2342572009
