Instance,INF_avg,INF_sd,INF_r1,INF_kr,INF_sk,SUP_avg,SUP_sd,SUP_r1,SUP_kr,SUP_sk,INC_avg,INC_sd,INC_r1,INC_kr,INC_sk,IND_avg,IND_sd,IND_r1,IND_kr,IND_sk
347,0.2000000000,0.0521536192,0.2333333333,1.6003460208,0.4060402882,0.3000000000,0.0334664011,-0.9000000000,2.5000000000,0.7683612489,0.5000000000,0.0669328021,-0.4000000000,1.2755102041,0.2561204163,0.5000000000,0.0669328021,-0.4000000000,1.2755102041,0.2561204163
