Instance,INF_avg,INF_sd,INF_r1,INF_kr,INF_sk,SUP_avg,SUP_sd,SUP_r1,SUP_kr,SUP_sk,INC_avg,INC_sd,INC_r1,INC_kr,INC_sk,IND_avg,IND_sd,IND_r1,IND_kr,IND_sk
152,0.2455500000,0.0354252382,0.1792326105,2.6372552952,-0.2404486234,0.2672500000,0.0330709465,0.1579852120,2.9703658999,0.5062989466,0.4872000000,0.0424577437,-0.0237541822,2.7576577717,-0.0240498971,0.4872000000,0.0424577437,-0.0237541822,2.7576577717,-0.0240498971
