Instance,INF_avg,INF_sd,INF_r1,INF_kr,INF_sk,SUP_avg,SUP_sd,SUP_r1,SUP_kr,SUP_sk,INC_avg,INC_sd,INC_r1,INC_kr,INC_sk,IND_avg,IND_sd,IND_r1,IND_kr,IND_sk
285,0.3320000000,0.0231516738,0.1438979964,1.1963689018,0.3365218792,0.2920000000,0.0386781592,0.1073354908,1.8711001172,-0.4006738304,0.3760000000,0.0392937654,0.2955874535,1.3957555908,-0.3133036679,0.3760000000,0.0392937654,0.2955874535,1.3957555908,-0.3133036679
