Instance,INF_avg,INF_sd,INF_r1,INF_kr,INF_sk,SUP_avg,SUP_sd,SUP_r1,SUP_kr,SUP_sk,INC_avg,INC_sd,INC_r1,INC_kr,INC_sk,IND_avg,IND_sd,IND_r1,IND_kr,IND_sk
134,0.2228000000,0.0316727012,-0.0283765509,2.8822534206,0.4383154691,0.2640000000,0.0357211422,-0.0163589777,2.1619063295,0.2078535129,0.5132000000,0.0404445299,-0.0040357920,2.1879657982,0.1508359494,0.5132000000,0.0404445299,-0.0040357920,2.1879657982,0.1508359494
