Instance,INF_avg,INF_sd,INF_r1,INF_kr,INF_sk,SUP_avg,SUP_sd,SUP_r1,SUP_kr,SUP_sk,INC_avg,INC_sd,INC_r1,INC_kr,INC_sk,IND_avg,IND_sd,IND_r1,IND_kr,IND_sk
484,0.2500000000,0.0836660027,-0.4615384615,2.5000000000,0.7683612489,0.2600000000,0.1462873884,-0.3360323887,1.8333915626,0.5692290290,0.4900000000,0.1356465997,-0.2790697674,1.9651465028,0.1514485311,0.4900000000,0.1356465997,-0.2790697674,1.9651465028,0.1514485311
