Instance,INF_avg,INF_sd,INF_r1,INF_kr,INF_sk,SUP_avg,SUP_sd,SUP_r1,SUP_kr,SUP_sk,INC_avg,INC_sd,INC_r1,INC_kr,INC_sk,IND_avg,IND_sd,IND_r1,IND_kr,IND_sk
78,0.2100000000,0.0622896460,-0.0947368421,2.9400042512,1.2214305121,0.2720000000,0.0318747549,-0.3806380638,1.9437348875,-0.4046348854,0.5180000000,0.0760000000,-0.0050427231,2.1254690342,-0.0800408223,0.5180000000,0.0760000000,-0.0050427231,2.1254690342,-0.0800408223
