Instance,INF_avg,INF_sd,INF_r1,INF_kr,INF_sk,SUP_avg,SUP_sd,SUP_r1,SUP_kr,SUP_sk,INC_avg,INC_sd,INC_r1,INC_kr,INC_sk,IND_avg,IND_sd,IND_r1,IND_kr,IND_sk
95,0.2614000000,0.0742969717,0.6592199804,2.4015034488,0.1986556128,0.2786000000,0.0672014881,0.6269586438,2.5967577339,-0.0458998171,0.4600000000,0.0506754378,0.1862821512,2.6323259673,-0.0885237800,0.4600000000,0.0506754378,0.1862821512,2.6323259673,-0.0885237800
