Instance,INF_avg,INF_sd,INF_r1,INF_kr,INF_sk,SUP_avg,SUP_sd,SUP_r1,SUP_kr,SUP_sk,INC_avg,INC_sd,INC_r1,INC_kr,INC_sk,IND_avg,IND_sd,IND_r1,IND_kr,IND_sk
247,0.2660000000,0.0940425436,0.3317154781,3.6569213879,0.2361297417,0.2100000000,0.0932737905,-0.0956541734,3.2124455014,0.4658144117,0.5240000000,0.1105621997,0.1436693940,3.0448578969,-0.3395840276,0.5240000000,0.1105621997,0.1436693940,3.0448578969,-0.3395840276
