Instance,INF_avg,INF_sd,INF_r1,INF_kr,INF_sk,SUP_avg,SUP_sd,SUP_r1,SUP_kr,SUP_sk,INC_avg,INC_sd,INC_r1,INC_kr,INC_sk,IND_avg,IND_sd,IND_r1,IND_kr,IND_sk
284,0.2860000000,0.0193390796,-0.1886586696,1.7424147102,0.2214905025,0.2580000000,0.0201494417,0.0701381509,2.1138707564,-0.3674514165,0.4560000000,0.0341174442,0.1986508490,1.2439419705,-0.2912921691,0.4560000000,0.0341174442,0.1986508490,1.2439419705,-0.2912921691
