Instance,INF_avg,INF_sd,INF_r1,INF_kr,INF_sk,SUP_avg,SUP_sd,SUP_r1,SUP_kr,SUP_sk,INC_avg,INC_sd,INC_r1,INC_kr,INC_sk,IND_avg,IND_sd,IND_r1,IND_kr,IND_sk
313,0.2780000000,0.0526877595,-0.8008279669,1.4709074903,0.0305207354,0.2260000000,0.0387814389,-0.2747194014,1.4144692168,0.1802244039,0.4960000000,0.0387814389,-0.3084702908,2.1274615211,-0.5604238314,0.4960000000,0.0387814389,-0.3084702908,2.1274615211,-0.5604238314
