Instance,INF_avg,INF_sd,INF_r1,INF_kr,INF_sk,SUP_avg,SUP_sd,SUP_r1,SUP_kr,SUP_sk,INC_avg,INC_sd,INC_r1,INC_kr,INC_sk,IND_avg,IND_sd,IND_r1,IND_kr,IND_sk
419,0.6231818182,0.1351896434,0.8759483571,2.3504069940,-0.2968856466,0.1215909091,0.0787961461,0.8509383020,2.0551553368,0.4186044482,0.2552272727,0.0674364562,0.6394316446,2.5089476903,0.1030703585,0.2552272727,0.0674364562,0.6394316446,2.5089476903,0.1030703585
