Instance,INF_avg,INF_sd,INF_r1,INF_kr,INF_sk,SUP_avg,SUP_sd,SUP_r1,SUP_kr,SUP_sk,INC_avg,INC_sd,INC_r1,INC_kr,INC_sk,IND_avg,IND_sd,IND_r1,IND_kr,IND_sk
363,0.2400000000,0.0456070170,0.8000000000,2.1449704142,0.8095920178,0.1560000000,0.0233238076,-0.4285714286,1.6280276817,-0.3631734744,0.6040000000,0.0463033476,0.4082125604,1.3968589886,-0.2436882574,0.6040000000,0.0463033476,0.4082125604,1.3968589886,-0.2436882574
