Instance,INF_avg,INF_sd,INF_r1,INF_kr,INF_sk,SUP_avg,SUP_sd,SUP_r1,SUP_kr,SUP_sk,INC_avg,INC_sd,INC_r1,INC_kr,INC_sk,IND_avg,IND_sd,IND_r1,IND_kr,IND_sk
230,0.3300000000,0.1417744688,0.5881161377,2.3686789931,0.3031933394,0.2000000000,0.1183215957,-0.2000000000,2.5510204082,0.3622089663,0.4700000000,0.1268857754,-0.1867582761,3.2690482620,-0.3054539711,0.4700000000,0.1268857754,-0.1867582761,3.2690482620,-0.3054539711
