Instance,INF_avg,INF_sd,INF_r1,INF_kr,INF_sk,SUP_avg,SUP_sd,SUP_r1,SUP_kr,SUP_sk,INC_avg,INC_sd,INC_r1,INC_kr,INC_sk,IND_avg,IND_sd,IND_r1,IND_kr,IND_sk
381,0.2206000000,0.0320568245,0.1635157809,2.4428718552,-0.3225270394,0.2589000000,0.0372865928,0.2042774031,3.1713841732,0.2511958858,0.5205000000,0.0460135850,-0.0450194043,2.4123929380,0.1643002282,0.5205000000,0.0460135850,-0.0450194043,2.4123929380,0.1643002282
