Instance,INF_avg,INF_sd,INF_r1,INF_kr,INF_sk,SUP_avg,SUP_sd,SUP_r1,SUP_kr,SUP_sk,INC_avg,INC_sd,INC_r1,INC_kr,INC_sk,IND_avg,IND_sd,IND_r1,IND_kr,IND_sk
157,0.2500000000,0.0707106781,-0.5263157895,2.6000000000,-0.6363961031,0.2300000000,0.0678232998,-0.5085158151,1.7967863894,0.2692418330,0.5200000000,0.0812403840,-0.6375968992,1.8553719008,-0.1007112199,0.5200000000,0.0812403840,-0.6375968992,1.8553719008,-0.1007112199
