Instance,INF_avg,INF_sd,INF_r1,INF_kr,INF_sk,SUP_avg,SUP_sd,SUP_r1,SUP_kr,SUP_sk,INC_avg,INC_sd,INC_r1,INC_kr,INC_sk,IND_avg,IND_sd,IND_r1,IND_kr,IND_sk
500,0.2450000000,0.0207364414,-0.5901639344,1.5265008112,0.1514018163,0.2900000000,0.0214476106,-0.1627906977,1.9399810964,0.3953009513,0.4650000000,0.0089442719,0.2500000000,1.9531250000,0.6288941187,0.4650000000,0.0089442719,0.2500000000,1.9531250000,0.6288941187
