Instance,INF_avg,INF_sd,INF_r1,INF_kr,INF_sk,SUP_avg,SUP_sd,SUP_r1,SUP_kr,SUP_sk,INC_avg,INC_sd,INC_r1,INC_kr,INC_sk,IND_avg,IND_sd,IND_r1,IND_kr,IND_sk
252,0.2760000000,0.0557135531,0.1748323878,3.4818259114,0.5395788635,0.2560000000,0.0427083130,-0.6505706760,3.9367497692,1.1239029739,0.4680000000,0.0749399760,-0.1794067313,2.7113984464,-0.9525572226,0.4680000000,0.0749399760,-0.1794067313,2.7113984464,-0.9525572226
