Instance,INF_avg,INF_sd,INF_r1,INF_kr,INF_sk,SUP_avg,SUP_sd,SUP_r1,SUP_kr,SUP_sk,INC_avg,INC_sd,INC_r1,INC_kr,INC_sk,IND_avg,IND_sd,IND_r1,IND_kr,IND_sk
132,0.2100000000,0.0969535971,0.1359447005,3.0377999095,1.3627927530,0.4100000000,0.1392838828,-0.2467700258,2.6687745775,-1.0391889224,0.3800000000,0.0678232998,-0.6867469880,1.2296786389,-0.2115471545,0.3800000000,0.0678232998,-0.6867469880,1.2296786389,-0.2115471545
