Instance,INF_avg,INF_sd,INF_r1,INF_kr,INF_sk,SUP_avg,SUP_sd,SUP_r1,SUP_kr,SUP_sk,INC_avg,INC_sd,INC_r1,INC_kr,INC_sk,IND_avg,IND_sd,IND_r1,IND_kr,IND_sk
285,0.3520000000,0.0881816307,0.0157480315,1.5781893004,-0.3477670622,0.2800000000,0.0867179336,0.0752688172,2.1106835672,0.3091460963,0.3680000000,0.0203960781,0.1975308642,1.9556213018,0.2715454179,0.3680000000,0.0203960781,0.1975308642,1.9556213018,0.2715454179
