Instance,INF_avg,INF_sd,INF_r1,INF_kr,INF_sk,SUP_avg,SUP_sd,SUP_r1,SUP_kr,SUP_sk,INC_avg,INC_sd,INC_r1,INC_kr,INC_sk,IND_avg,IND_sd,IND_r1,IND_kr,IND_sk
336,0.2960000000,0.0182756669,-0.1577992745,3.1041091470,-1.3889087439,0.2990000000,0.0101980390,0.1353383459,2.7045118343,-1.0013237284,0.4050000000,0.0275680975,-0.0839160839,3.2245498615,1.4819761557,0.4050000000,0.0275680975,-0.0839160839,3.2245498615,1.4819761557
