Instance,INF_avg,INF_sd,INF_r1,INF_kr,INF_sk,SUP_avg,SUP_sd,SUP_r1,SUP_kr,SUP_sk,INC_avg,INC_sd,INC_r1,INC_kr,INC_sk,IND_avg,IND_sd,IND_r1,IND_kr,IND_sk
451,0.2680000000,0.0299332591,0.3478260870,1.8469387755,-0.3436215967,0.2400000000,0.0536656315,-0.0571428571,1.6203703704,-0.1242259987,0.4920000000,0.0348711915,-0.5256797583,1.7957063712,-0.0543353054,0.4920000000,0.0348711915,-0.5256797583,1.7957063712,-0.0543353054
