Instance,INF_avg,INF_sd,INF_r1,INF_kr,INF_sk,SUP_avg,SUP_sd,SUP_r1,SUP_kr,SUP_sk,INC_avg,INC_sd,INC_r1,INC_kr,INC_sk,IND_avg,IND_sd,IND_r1,IND_kr,IND_sk
316,0.2770000000,0.0901165911,0.1824997965,3.4460707819,0.4782705413,0.2650000000,0.1025914226,0.0176658254,2.3397351629,0.0375078237,0.4580000000,0.1074057727,-0.1039713144,2.4840987437,0.2644191089,0.4580000000,0.1074057727,-0.1039713144,2.4840987437,0.2644191089
