Instance,INF_avg,INF_sd,INF_r1,INF_kr,INF_sk,SUP_avg,SUP_sd,SUP_r1,SUP_kr,SUP_sk,INC_avg,INC_sd,INC_r1,INC_kr,INC_sk,IND_avg,IND_sd,IND_r1,IND_kr,IND_sk
315,0.3000000000,0.1612451550,0.0909090909,2.1597633136,0.2862340029,0.1400000000,0.1200000000,0.1168091168,2.9027777778,0.9305555556,0.5600000000,0.1562049935,0.4830659537,2.2270894921,-0.4218920142,0.5600000000,0.1562049935,0.4830659537,2.2270894921,-0.4218920142
