Instance,INF_avg,INF_sd,INF_r1,INF_kr,INF_sk,SUP_avg,SUP_sd,SUP_r1,SUP_kr,SUP_sk,INC_avg,INC_sd,INC_r1,INC_kr,INC_sk,IND_avg,IND_sd,IND_r1,IND_kr,IND_sk
377,0.2375000000,0.0920258116,-0.0060896844,2.5291186122,-0.0631541088,0.2945000000,0.0857015169,-0.0211796054,3.0600563250,0.0160531420,0.4680000000,0.0998799279,-0.0218836110,2.6482792061,-0.0948773535,0.4680000000,0.0998799279,-0.0218836110,2.6482792061,-0.0948773535
