Instance,INF_avg,INF_sd,INF_r1,INF_kr,INF_sk,SUP_avg,SUP_sd,SUP_r1,SUP_kr,SUP_sk,INC_avg,INC_sd,INC_r1,INC_kr,INC_sk,IND_avg,IND_sd,IND_r1,IND_kr,IND_sk
172,0.2500000000,0.0707106781,-0.6666666667,1.7000000000,-0.0000000000,0.2000000000,0.0836660027,-1.2000000000,2.5000000000,0.7683612489,0.5500000000,0.1048808848,-0.8333333333,1.3429752066,0.3900528774,0.5500000000,0.1048808848,-0.8333333333,1.3429752066,0.3900528774
