Instance,INF_avg,INF_sd,INF_r1,INF_kr,INF_sk,SUP_avg,SUP_sd,SUP_r1,SUP_kr,SUP_sk,INC_avg,INC_sd,INC_r1,INC_kr,INC_sk,IND_avg,IND_sd,IND_r1,IND_kr,IND_sk
419,0.3500000000,0.1224744871,-0.6666666667,1.1666666667,-0.4082482905,0.2200000000,0.0678232998,-0.2895927602,2.3638941399,-0.7500308204,0.4300000000,0.0927361850,-0.5209790210,1.5091941590,-0.1579875514,0.4300000000,0.0927361850,-0.5209790210,1.5091941590,-0.1579875514
