Instance,INF_avg,INF_sd,INF_r1,INF_kr,INF_sk,SUP_avg,SUP_sd,SUP_r1,SUP_kr,SUP_sk,INC_avg,INC_sd,INC_r1,INC_kr,INC_sk,IND_avg,IND_sd,IND_r1,IND_kr,IND_sk
376,0.2610000000,0.0298998328,-0.1869478484,2.3933381379,0.8994236741,0.2440000000,0.0316859590,-1.0754716981,1.3432842336,0.0939247448,0.4950000000,0.0430116263,-0.7431693989,1.2897735573,0.1696587160,0.4950000000,0.0430116263,-0.7431693989,1.2897735573,0.1696587160
