Instance,INF_avg,INF_sd,INF_r1,INF_kr,INF_sk,SUP_avg,SUP_sd,SUP_r1,SUP_kr,SUP_sk,INC_avg,INC_sd,INC_r1,INC_kr,INC_sk,IND_avg,IND_sd,IND_r1,IND_kr,IND_sk
366,0.2286000000,0.0308389364,0.2092967787,2.5005086378,0.7191539889,0.3124000000,0.0304998361,0.0510876867,2.1379513499,-0.2524146948,0.4590000000,0.0292574777,0.3118837329,2.4622838239,-0.1056523576,0.4590000000,0.0292574777,0.3118837329,2.4622838239,-0.1056523576
