Instance,INF_avg,INF_sd,INF_r1,INF_kr,INF_sk,SUP_avg,SUP_sd,SUP_r1,SUP_kr,SUP_sk,INC_avg,INC_sd,INC_r1,INC_kr,INC_sk,IND_avg,IND_sd,IND_r1,IND_kr,IND_sk
456,0.2970000000,0.1031552228,-0.0090100088,2.5910763425,0.3674093885,0.2560000000,0.0892412461,-0.0476426748,2.8285892745,0.5788968545,0.4470000000,0.1078934660,-0.0661173986,2.4893859131,0.0894085091,0.4470000000,0.1078934660,-0.0661173986,2.4893859131,0.0894085091
