Instance,INF_avg,INF_sd,INF_r1,INF_kr,INF_sk,SUP_avg,SUP_sd,SUP_r1,SUP_kr,SUP_sk,INC_avg,INC_sd,INC_r1,INC_kr,INC_sk,IND_avg,IND_sd,IND_r1,IND_kr,IND_sk
72,0.2576500000,0.0526471984,0.4642113258,3.2329254010,0.2843431894,0.2618000000,0.0458340485,0.3862679636,2.7383092976,0.2907480465,0.4805500000,0.0434159821,0.1823992947,2.4920723261,-0.0132773902,0.4805500000,0.0434159821,0.1823992947,2.4920723261,-0.0132773902
