Instance,INF_avg,INF_sd,INF_r1,INF_kr,INF_sk,SUP_avg,SUP_sd,SUP_r1,SUP_kr,SUP_sk,INC_avg,INC_sd,INC_r1,INC_kr,INC_sk,IND_avg,IND_sd,IND_r1,IND_kr,IND_sk
405,0.3016000000,0.0701814790,-0.1433463108,2.5652340930,-0.1609785552,0.2744000000,0.0672951707,-0.1061444630,2.1767257756,-0.1729360566,0.4240000000,0.0585149554,-0.1655642413,3.6925058957,-0.3603200587,0.4240000000,0.0585149554,-0.1655642413,3.6925058957,-0.3603200587
