Instance,INF_avg,INF_sd,INF_r1,INF_kr,INF_sk,SUP_avg,SUP_sd,SUP_r1,SUP_kr,SUP_sk,INC_avg,INC_sd,INC_r1,INC_kr,INC_sk,IND_avg,IND_sd,IND_r1,IND_kr,IND_sk
78,0.2276000000,0.0638610993,0.0182500203,2.6125959049,-0.0116066567,0.2716000000,0.0670629555,-0.0762900112,2.5554287739,0.4175177090,0.5008000000,0.0776618310,-0.0426092189,1.8416158236,0.1952240876,0.5008000000,0.0776618310,-0.0426092189,1.8416158236,0.1952240876
