Instance,INF_avg,INF_sd,INF_r1,INF_kr,INF_sk,SUP_avg,SUP_sd,SUP_r1,SUP_kr,SUP_sk,INC_avg,INC_sd,INC_r1,INC_kr,INC_sk,IND_avg,IND_sd,IND_r1,IND_kr,IND_sk
362,0.2190000000,0.0325115364,0.0424660405,3.0333479824,0.1312975463,0.2872000000,0.0291917797,-0.1280648588,3.2271513451,0.2689370474,0.4938000000,0.0353208154,0.1326375799,1.8548567824,-0.2044046166,0.4938000000,0.0353208154,0.1326375799,1.8548567824,-0.2044046166
