Instance,INF_avg,INF_sd,INF_r1,INF_kr,INF_sk,SUP_avg,SUP_sd,SUP_r1,SUP_kr,SUP_sk,INC_avg,INC_sd,INC_r1,INC_kr,INC_sk,IND_avg,IND_sd,IND_r1,IND_kr,IND_sk
490,0.2436000000,0.0602249118,-0.0348137512,2.9644104864,-0.0916446450,0.2256000000,0.0598050165,-0.0442745783,3.5500377830,0.6443019098,0.5308000000,0.0648949921,-0.0559661890,3.1453420536,0.0967895877,0.5308000000,0.0648949921,-0.0559661890,3.1453420536,0.0967895877
