Instance,INF_avg,INF_sd,INF_r1,INF_kr,INF_sk,SUP_avg,SUP_sd,SUP_r1,SUP_kr,SUP_sk,INC_avg,INC_sd,INC_r1,INC_kr,INC_sk,IND_avg,IND_sd,IND_r1,IND_kr,IND_sk
410,0.2810000000,0.0273678644,-0.3353906579,2.8875117870,0.7147829482,0.2600000000,0.0357770876,-0.1370967742,2.5317382813,0.1703254905,0.4590000000,0.0406078810,-0.3407709266,1.5752042604,0.0007168202,0.4590000000,0.0406078810,-0.3407709266,1.5752042604,0.0007168202
