Instance,INF_avg,INF_sd,INF_r1,INF_kr,INF_sk,SUP_avg,SUP_sd,SUP_r1,SUP_kr,SUP_sk,INC_avg,INC_sd,INC_r1,INC_kr,INC_sk,IND_avg,IND_sd,IND_r1,IND_kr,IND_sk
108,0.2428571429,0.1049781318,-0.0635359116,1.7386831276,-0.1814436847,0.2428571429,0.1761261144,0.0606451613,1.8779432133,0.4322347076,0.5142857143,0.1641303613,-0.2609271523,2.4331955923,-0.6171844166,0.5142857143,0.1641303613,-0.2609271523,2.4331955923,-0.6171844166
