Instance,INF_avg,INF_sd,INF_r1,INF_kr,INF_sk,SUP_avg,SUP_sd,SUP_r1,SUP_kr,SUP_sk,INC_avg,INC_sd,INC_r1,INC_kr,INC_sk,IND_avg,IND_sd,IND_r1,IND_kr,IND_sk
123,0.2540000000,0.1564736400,-0.1939638402,2.9029177449,0.2234678985,0.2240000000,0.1257934815,-0.3214337272,2.3917153399,0.3249584453,0.5220000000,0.1500533239,-0.0821849152,2.2008573852,0.1904030895,0.5220000000,0.1500533239,-0.0821849152,2.2008573852,0.1904030895
