Instance,INF_avg,INF_sd,INF_r1,INF_kr,INF_sk,SUP_avg,SUP_sd,SUP_r1,SUP_kr,SUP_sk,INC_avg,INC_sd,INC_r1,INC_kr,INC_sk,IND_avg,IND_sd,IND_r1,IND_kr,IND_sk
447,0.2540000000,0.0923796514,-0.1014970986,5.1904354350,0.7959836567,0.2520000000,0.1095262526,-0.1628915068,3.8357369540,0.6168888304,0.4940000000,0.1168931136,-0.1783097330,3.2249037111,-0.1745725010,0.4940000000,0.1168931136,-0.1783097330,3.2249037111,-0.1745725010
