Instance,INF_avg,INF_sd,INF_r1,INF_kr,INF_sk,SUP_avg,SUP_sd,SUP_r1,SUP_kr,SUP_sk,INC_avg,INC_sd,INC_r1,INC_kr,INC_sk,IND_avg,IND_sd,IND_r1,IND_kr,IND_sk
229,0.2675000000,0.0285700893,-0.0039777247,2.7686681097,-0.1286430900,0.2380000000,0.0238956063,-0.0533869116,1.5296450446,0.1380787148,0.4945000000,0.0246424431,-0.2615143129,1.7642550281,0.1352234224,0.4945000000,0.0246424431,-0.2615143129,1.7642550281,0.1352234224
