Instance,INF_avg,INF_sd,INF_r1,INF_kr,INF_sk,SUP_avg,SUP_sd,SUP_r1,SUP_kr,SUP_sk,INC_avg,INC_sd,INC_r1,INC_kr,INC_sk,IND_avg,IND_sd,IND_r1,IND_kr,IND_sk
391,0.2702000000,0.0586170624,-0.0865966631,2.9184945528,-0.2758687262,0.2396000000,0.0515348426,0.1297285254,2.7750098873,0.0221166777,0.4902000000,0.0593629514,-0.0531907272,2.8202789791,0.0794751379,0.4902000000,0.0593629514,-0.0531907272,2.8202789791,0.0794751379
