Instance,INF_avg,INF_sd,INF_r1,INF_kr,INF_sk,SUP_avg,SUP_sd,SUP_r1,SUP_kr,SUP_sk,INC_avg,INC_sd,INC_r1,INC_kr,INC_sk,IND_avg,IND_sd,IND_r1,IND_kr,IND_sk
296,0.4400000000,0.1157583690,-0.0703363914,2.5997995099,0.8238983939,0.3100000000,0.1529705854,-0.2249761678,1.9775367083,0.1877351037,0.2500000000,0.0836660027,-0.8000000000,2.5000000000,0.7683612489,0.2500000000,0.0836660027,-0.8000000000,2.5000000000,0.7683612489
