Instance,INF_avg,INF_sd,INF_r1,INF_kr,INF_sk,SUP_avg,SUP_sd,SUP_r1,SUP_kr,SUP_sk,INC_avg,INC_sd,INC_r1,INC_kr,INC_sk,IND_avg,IND_sd,IND_r1,IND_kr,IND_sk
52,0.2810000000,0.0727255113,-0.2020147176,2.4938561363,0.0931559714,0.2550000000,0.0906917857,-0.0594040852,2.7850537227,0.5348956127,0.4640000000,0.0969742234,0.0228277003,2.1646846207,-0.1181123089,0.4640000000,0.0969742234,0.0228277003,2.1646846207,-0.1181123089
