Instance,INF_avg,INF_sd,INF_r1,INF_kr,INF_sk,SUP_avg,SUP_sd,SUP_r1,SUP_kr,SUP_sk,INC_avg,INC_sd,INC_r1,INC_kr,INC_sk,IND_avg,IND_sd,IND_r1,IND_kr,IND_sk
158,0.2481000000,0.0321230447,-0.1357850883,3.9211872715,0.5916332279,0.2523000000,0.0278605456,0.2491014284,2.8705522318,0.4008892394,0.4996000000,0.0339829369,0.0121940574,2.6086391255,-0.3406593821,0.4996000000,0.0339829369,0.0121940574,2.6086391255,-0.3406593821
