Instance,INF_avg,INF_sd,INF_r1,INF_kr,INF_sk,SUP_avg,SUP_sd,SUP_r1,SUP_kr,SUP_sk,INC_avg,INC_sd,INC_r1,INC_kr,INC_sk,IND_avg,IND_sd,IND_r1,IND_kr,IND_sk
208,0.2380000000,0.0691086102,-0.4204263758,1.2247460081,-0.3100501605,0.2980000000,0.0421426150,-0.6179653680,1.9899561724,0.7169990806,0.4640000000,0.0700285656,-0.5125288493,2.1867969417,0.3782189959,0.4640000000,0.0700285656,-0.5125288493,2.1867969417,0.3782189959
