Instance,INF_avg,INF_sd,INF_r1,INF_kr,INF_sk,SUP_avg,SUP_sd,SUP_r1,SUP_kr,SUP_sk,INC_avg,INC_sd,INC_r1,INC_kr,INC_sk,IND_avg,IND_sd,IND_r1,IND_kr,IND_sk
365,0.2960000000,0.0237486842,-0.0715560314,3.0071487853,-0.4212999371,0.2960000000,0.0267207784,-0.1701374132,1.7021749876,0.1877492729,0.4080000000,0.0306757233,0.1697691735,2.9073543080,-0.7853915815,0.4080000000,0.0306757233,0.1697691735,2.9073543080,-0.7853915815
