Instance,INF_avg,INF_sd,INF_r1,INF_kr,INF_sk,SUP_avg,SUP_sd,SUP_r1,SUP_kr,SUP_sk,INC_avg,INC_sd,INC_r1,INC_kr,INC_sk,IND_avg,IND_sd,IND_r1,IND_kr,IND_sk
444,0.5310892857,0.0910443920,0.8413845153,2.6991951834,-0.5222379958,0.0893392857,0.0566727059,0.8431038089,3.1215031534,0.7585755602,0.3795714286,0.0468355242,0.4490662990,2.6687203599,0.2370205088,0.3795714286,0.0468355242,0.4490662990,2.6687203599,0.2370205088
