Instance,INF_avg,INF_sd,INF_r1,INF_kr,INF_sk,SUP_avg,SUP_sd,SUP_r1,SUP_kr,SUP_sk,INC_avg,INC_sd,INC_r1,INC_kr,INC_sk,IND_avg,IND_sd,IND_r1,IND_kr,IND_sk
24,0.3260000000,0.1520657752,0.3454843141,2.2816488924,0.2726539802,0.2580000000,0.1386939076,0.0713422627,2.5608330554,0.5539244851,0.4160000000,0.1781684596,0.3204997715,2.4137739009,0.3946745038,0.4160000000,0.1781684596,0.3204997715,2.4137739009,0.3946745038
