Instance,INF_avg,INF_sd,INF_r1,INF_kr,INF_sk,SUP_avg,SUP_sd,SUP_r1,SUP_kr,SUP_sk,INC_avg,INC_sd,INC_r1,INC_kr,INC_sk,IND_avg,IND_sd,IND_r1,IND_kr,IND_sk
71,0.2480000000,0.0323109888,0.1056371018,5.4423415687,-1.3229903500,0.2460000000,0.0306594194,0.0730808820,2.6173245813,0.0278974346,0.5060000000,0.0407185461,0.2363440805,3.9024614364,0.6332268621,0.5060000000,0.0407185461,0.2363440805,3.9024614364,0.6332268621
