Instance,INF_avg,INF_sd,INF_r1,INF_kr,INF_sk,SUP_avg,SUP_sd,SUP_r1,SUP_kr,SUP_sk,INC_avg,INC_sd,INC_r1,INC_kr,INC_sk,IND_avg,IND_sd,IND_r1,IND_kr,IND_sk
79,0.4997540984,0.1009927210,0.8863341676,2.5221606112,-0.6440644708,0.0741803279,0.0686591744,0.8787156431,3.5385741485,1.2601521733,0.4260655738,0.0452598577,0.5923286081,2.1557602460,-0.1886484756,0.4260655738,0.0452598577,0.5923286081,2.1557602460,-0.1886484756
