Instance,INF_avg,INF_sd,INF_r1,INF_kr,INF_sk,SUP_avg,SUP_sd,SUP_r1,SUP_kr,SUP_sk,INC_avg,INC_sd,INC_r1,INC_kr,INC_sk,IND_avg,IND_sd,IND_r1,IND_kr,IND_sk
362,0.2414500000,0.0325675836,-0.0023703753,2.5608841495,0.1704956561,0.2587000000,0.0365282083,0.1608192640,3.7672393009,0.6431788234,0.4998500000,0.0410149668,0.0242675100,2.3966306577,0.0264615686,0.4998500000,0.0410149668,0.0242675100,2.3966306577,0.0264615686
