Instance,INF_avg,INF_sd,INF_r1,INF_kr,INF_sk,SUP_avg,SUP_sd,SUP_r1,SUP_kr,SUP_sk,INC_avg,INC_sd,INC_r1,INC_kr,INC_sk,IND_avg,IND_sd,IND_r1,IND_kr,IND_sk
394,0.2520000000,0.0339263909,0.0640942399,5.7935093648,1.8870004177,0.2685000000,0.0317056777,0.0739717376,1.4996607898,0.0985029790,0.4795000000,0.0346734769,0.1102958642,1.9624540802,-0.1315543665,0.4795000000,0.0346734769,0.1102958642,1.9624540802,-0.1315543665
