Instance,INF_avg,INF_sd,INF_r1,INF_kr,INF_sk,SUP_avg,SUP_sd,SUP_r1,SUP_kr,SUP_sk,INC_avg,INC_sd,INC_r1,INC_kr,INC_sk,IND_avg,IND_sd,IND_r1,IND_kr,IND_sk
450,0.2492000000,0.0483255626,-0.1046618940,2.2946417219,-0.1403062442,0.2648000000,0.0456175405,0.0789481814,2.9394348186,0.1736425069,0.4860000000,0.0509901951,-0.4893690460,2.1890603550,-0.0532229019,0.4860000000,0.0509901951,-0.4893690460,2.1890603550,-0.0532229019
