Instance,INF_avg,INF_sd,INF_r1,INF_kr,INF_sk,SUP_avg,SUP_sd,SUP_r1,SUP_kr,SUP_sk,INC_avg,INC_sd,INC_r1,INC_kr,INC_sk,IND_avg,IND_sd,IND_r1,IND_kr,IND_sk
279,0.2800000000,0.1661324773,-0.6037735849,2.4190296156,0.1884300309,0.2500000000,0.1431782106,0.0123456790,3.9411064842,1.3287210505,0.4700000000,0.1417744688,0.2653673163,2.3686789931,-0.3031933394,0.4700000000,0.1417744688,0.2653673163,2.3686789931,-0.3031933394
