Instance,INF_avg,INF_sd,INF_r1,INF_kr,INF_sk,SUP_avg,SUP_sd,SUP_r1,SUP_kr,SUP_sk,INC_avg,INC_sd,INC_r1,INC_kr,INC_sk,IND_avg,IND_sd,IND_r1,IND_kr,IND_sk
463,0.4415942029,0.0814118744,0.5676765727,2.6972846787,0.2122794552,0.0818840580,0.0554108597,0.7139669066,2.8842688783,0.8052678336,0.4765217391,0.0556340550,-0.0260026533,2.5724391837,-0.2868821330,0.4765217391,0.0556340550,-0.0260026533,2.5724391837,-0.2868821330
