Instance,INF_avg,INF_sd,INF_r1,INF_kr,INF_sk,SUP_avg,SUP_sd,SUP_r1,SUP_kr,SUP_sk,INC_avg,INC_sd,INC_r1,INC_kr,INC_sk,IND_avg,IND_sd,IND_r1,IND_kr,IND_sk
14,0.2836000000,0.0632063288,0.0289922666,2.5317301853,0.0779643212,0.2328000000,0.0664240920,0.1875452422,2.8460952789,-0.3450466162,0.4836000000,0.0711831441,0.1161452127,2.9617111504,-0.0413950414,0.4836000000,0.0711831441,0.1161452127,2.9617111504,-0.0413950414
