Instance,INF_avg,INF_sd,INF_r1,INF_kr,INF_sk,SUP_avg,SUP_sd,SUP_r1,SUP_kr,SUP_sk,INC_avg,INC_sd,INC_r1,INC_kr,INC_sk,IND_avg,IND_sd,IND_r1,IND_kr,IND_sk
174,0.2826000000,0.0601102321,0.0601816582,2.7178290487,0.3036895510,0.2716000000,0.0642607190,-0.1346312046,3.0061185807,0.3093697230,0.4458000000,0.0745275788,-0.0554853085,2.4389440296,0.2099731696,0.4458000000,0.0745275788,-0.0554853085,2.4389440296,0.2099731696
