Instance,INF_avg,INF_sd,INF_r1,INF_kr,INF_sk,SUP_avg,SUP_sd,SUP_r1,SUP_kr,SUP_sk,INC_avg,INC_sd,INC_r1,INC_kr,INC_sk,IND_avg,IND_sd,IND_r1,IND_kr,IND_sk
422,0.2579500000,0.0298839003,0.0258951236,3.0958694922,-0.2148137015,0.2407500000,0.0273255833,0.1738922395,2.9897440082,-0.0575493853,0.5013000000,0.0379777566,0.0728091936,3.4093117910,0.2530372858,0.5013000000,0.0379777566,0.0728091936,3.4093117910,0.2530372858
