Instance,INF_avg,INF_sd,INF_r1,INF_kr,INF_sk,SUP_avg,SUP_sd,SUP_r1,SUP_kr,SUP_sk,INC_avg,INC_sd,INC_r1,INC_kr,INC_sk,IND_avg,IND_sd,IND_r1,IND_kr,IND_sk
243,0.2270000000,0.1025719260,-0.2520188146,3.2700647289,0.7001895334,0.2930000000,0.1024743870,0.1026272468,2.8440795328,0.0774698218,0.4800000000,0.1009950494,-0.0018159806,2.3246828143,-0.1456099328,0.4800000000,0.1009950494,-0.0018159806,2.3246828143,-0.1456099328
