Instance,INF_avg,INF_sd,INF_r1,INF_kr,INF_sk,SUP_avg,SUP_sd,SUP_r1,SUP_kr,SUP_sk,INC_avg,INC_sd,INC_r1,INC_kr,INC_sk,IND_avg,IND_sd,IND_r1,IND_kr,IND_sk
193,0.2720000000,0.0530659966,-0.2227324914,2.3622159091,-0.5936004596,0.2640000000,0.0463033476,-0.1181434599,1.3968589886,-0.2436882574,0.4640000000,0.0813879598,0.0815802976,2.1188475810,0.4964591471,0.4640000000,0.0813879598,0.0815802976,2.1188475810,0.4964591471
