Instance,INF_avg,INF_sd,INF_r1,INF_kr,INF_sk,SUP_avg,SUP_sd,SUP_r1,SUP_kr,SUP_sk,INC_avg,INC_sd,INC_r1,INC_kr,INC_sk,IND_avg,IND_sd,IND_r1,IND_kr,IND_sk
63,0.2492000000,0.0413202130,0.0200872417,3.2232842293,0.2245006025,0.2437000000,0.0394374188,-0.0661852982,2.4706399770,-0.1285446152,0.5071000000,0.0504042657,-0.1172119140,2.5073368611,-0.0056418658,0.5071000000,0.0504042657,-0.1172119140,2.5073368611,-0.0056418658
