Instance,INF_avg,INF_sd,INF_r1,INF_kr,INF_sk,SUP_avg,SUP_sd,SUP_r1,SUP_kr,SUP_sk,INC_avg,INC_sd,INC_r1,INC_kr,INC_sk,IND_avg,IND_sd,IND_r1,IND_kr,IND_sk
394,0.2960000000,0.0725534286,-0.5014738394,1.9893293669,-0.6681167944,0.2320000000,0.0620966988,-0.7153748412,1.5496806184,-0.0857984552,0.4720000000,0.0560000000,0.1023339318,2.3441274469,-0.3520408163,0.4720000000,0.0560000000,0.1023339318,2.3441274469,-0.3520408163
