Instance,INF_avg,INF_sd,INF_r1,INF_kr,INF_sk,SUP_avg,SUP_sd,SUP_r1,SUP_kr,SUP_sk,INC_avg,INC_sd,INC_r1,INC_kr,INC_sk,IND_avg,IND_sd,IND_r1,IND_kr,IND_sk
375,0.2535000000,0.1035024154,0.0454192363,2.5872694580,0.1837338353,0.2475000000,0.0922970747,-0.0571254021,2.7734885231,0.4167298855,0.4990000000,0.1117989266,0.1797430176,2.5797087177,0.1055536436,0.4990000000,0.1117989266,0.1797430176,2.5797087177,0.1055536436
