Instance,INF_avg,INF_sd,INF_r1,INF_kr,INF_sk,SUP_avg,SUP_sd,SUP_r1,SUP_kr,SUP_sk,INC_avg,INC_sd,INC_r1,INC_kr,INC_sk,IND_avg,IND_sd,IND_r1,IND_kr,IND_sk
409,0.2764000000,0.0430701753,0.0383719445,3.4676450160,0.8476059736,0.2188000000,0.0368043476,0.0080478590,2.3509050167,-0.4244791712,0.5048000000,0.0551449000,0.1240456019,1.8375363367,-0.0342316084,0.5048000000,0.0551449000,0.1240456019,1.8375363367,-0.0342316084
