Instance,INF_avg,INF_sd,INF_r1,INF_kr,INF_sk,SUP_avg,SUP_sd,SUP_r1,SUP_kr,SUP_sk,INC_avg,INC_sd,INC_r1,INC_kr,INC_sk,IND_avg,IND_sd,IND_r1,IND_kr,IND_sk
119,0.1800000000,0.1600000000,-0.2075134168,1.5654296875,0.3281250000,0.2400000000,0.1624807681,-0.3645621181,1.6831955923,0.5986722516,0.5800000000,0.1661324773,0.0207715134,3.1751732829,-0.8584034742,0.5800000000,0.1661324773,0.0207715134,3.1751732829,-0.8584034742
