Instance,INF_avg,INF_sd,INF_r1,INF_kr,INF_sk,SUP_avg,SUP_sd,SUP_r1,SUP_kr,SUP_sk,INC_avg,INC_sd,INC_r1,INC_kr,INC_sk,IND_avg,IND_sd,IND_r1,IND_kr,IND_sk
346,0.2478000000,0.0568608829,0.1240609709,2.4202998248,0.0118010231,0.1994000000,0.0492101616,-0.1500736879,2.9487496082,-0.2478896250,0.5528000000,0.0539273585,-0.0408048170,2.6886550004,-0.3048567421,0.5528000000,0.0539273585,-0.0408048170,2.6886550004,-0.3048567421
