Instance,INF_avg,INF_sd,INF_r1,INF_kr,INF_sk,SUP_avg,SUP_sd,SUP_r1,SUP_kr,SUP_sk,INC_avg,INC_sd,INC_r1,INC_kr,INC_sk,IND_avg,IND_sd,IND_r1,IND_kr,IND_sk
94,0.2790000000,0.1010395962,0.3444233337,2.9522221250,0.0435554275,0.1760000000,0.0867409938,-0.0088367627,2.7625274825,0.4145506194,0.5450000000,0.1123610253,-0.0398167865,3.1298617783,0.1987934305,0.5450000000,0.1123610253,-0.0398167865,3.1298617783,0.1987934305
