Instance,INF_avg,INF_sd,INF_r1,INF_kr,INF_sk,SUP_avg,SUP_sd,SUP_r1,SUP_kr,SUP_sk,INC_avg,INC_sd,INC_r1,INC_kr,INC_sk,IND_avg,IND_sd,IND_r1,IND_kr,IND_sk
76,0.3400000000,0.2653299832,-0.4672364672,2.3622159091,0.5936004596,0.2800000000,0.2135415650,-0.6844919786,1.7206832872,0.1380231722,0.3800000000,0.1600000000,0.6234309623,1.4189453125,0.0351562500,0.3800000000,0.1600000000,0.6234309623,1.4189453125,0.0351562500
