Instance,INF_avg,INF_sd,INF_r1,INF_kr,INF_sk,SUP_avg,SUP_sd,SUP_r1,SUP_kr,SUP_sk,INC_avg,INC_sd,INC_r1,INC_kr,INC_sk,IND_avg,IND_sd,IND_r1,IND_kr,IND_sk
129,0.2250000000,0.0275317998,-0.0610079576,2.0291038074,0.3033191998,0.2638000000,0.0226839150,-0.4707285243,2.7501398819,0.1768422197,0.5112000000,0.0321334716,0.0343326523,2.2650070263,-0.1907472596,0.5112000000,0.0321334716,0.0343326523,2.2650070263,-0.1907472596
