Instance,INF_avg,INF_sd,INF_r1,INF_kr,INF_sk,SUP_avg,SUP_sd,SUP_r1,SUP_kr,SUP_sk,INC_avg,INC_sd,INC_r1,INC_kr,INC_sk,IND_avg,IND_sd,IND_r1,IND_kr,IND_sk
374,0.5368831169,0.0970775529,0.5135997441,3.4641038300,-0.7935373138,0.1293506494,0.0691758096,0.6203320696,3.3990773703,0.8612648848,0.3337662338,0.0790370448,0.1035081918,2.6577023307,0.4454304555,0.3337662338,0.0790370448,0.1035081918,2.6577023307,0.4454304555
