Instance,INF_avg,INF_sd,INF_r1,INF_kr,INF_sk,SUP_avg,SUP_sd,SUP_r1,SUP_kr,SUP_sk,INC_avg,INC_sd,INC_r1,INC_kr,INC_sk,IND_avg,IND_sd,IND_r1,IND_kr,IND_sk
234,0.2000000000,0.1157583690,-0.2388059701,3.0936734239,0.6575714881,0.2740000000,0.1167218917,0.0967522469,1.9010476486,0.2045303127,0.5260000000,0.1114629983,-0.0041819064,2.6105448234,0.2010028346,0.5260000000,0.1114629983,-0.0041819064,2.6105448234,0.2010028346
