Instance,INF_avg,INF_sd,INF_r1,INF_kr,INF_sk,SUP_avg,SUP_sd,SUP_r1,SUP_kr,SUP_sk,INC_avg,INC_sd,INC_r1,INC_kr,INC_sk,IND_avg,IND_sd,IND_r1,IND_kr,IND_sk
145,0.2726500000,0.0324765685,0.1549417018,3.0112567674,0.1583776451,0.2489500000,0.0340682770,-0.2209838996,2.4432291072,-0.0623792139,0.4784000000,0.0353474186,-0.2681416321,2.8756691803,0.0774130728,0.4784000000,0.0353474186,-0.2681416321,2.8756691803,0.0774130728
