Instance,INF_avg,INF_sd,INF_r1,INF_kr,INF_sk,SUP_avg,SUP_sd,SUP_r1,SUP_kr,SUP_sk,INC_avg,INC_sd,INC_r1,INC_kr,INC_sk,IND_avg,IND_sd,IND_r1,IND_kr,IND_sk
139,0.2970000000,0.0349428104,0.2718404320,5.2244182981,1.6715273244,0.2220000000,0.0271293199,0.0936807095,1.9695770321,0.3593897681,0.4810000000,0.0380657326,0.5720564423,1.8310607587,-0.1096501435,0.4810000000,0.0380657326,0.5720564423,1.8310607587,-0.1096501435
