Instance,INF_avg,INF_sd,INF_r1,INF_kr,INF_sk,SUP_avg,SUP_sd,SUP_r1,SUP_kr,SUP_sk,INC_avg,INC_sd,INC_r1,INC_kr,INC_sk,IND_avg,IND_sd,IND_r1,IND_kr,IND_sk
121,0.2500000000,0.0974679434,-0.2315789474,2.9058171745,0.2105955565,0.2660000000,0.1120000000,-0.1339301840,2.0293629689,0.3763837008,0.4840000000,0.1286234815,-0.1867428159,3.3130257652,-0.2146632534,0.4840000000,0.1286234815,-0.1867428159,3.3130257652,-0.2146632534
