Instance,INF_avg,INF_sd,INF_r1,INF_kr,INF_sk,SUP_avg,SUP_sd,SUP_r1,SUP_kr,SUP_sk,INC_avg,INC_sd,INC_r1,INC_kr,INC_sk,IND_avg,IND_sd,IND_r1,IND_kr,IND_sk
438,0.2640000000,0.0399749922,0.1374954890,2.7794231212,0.6401060737,0.2234000000,0.0340505507,-0.0475609773,4.8690896652,-0.5628377347,0.5126000000,0.0376860717,0.0859712324,3.4448327865,-0.3820852005,0.5126000000,0.0376860717,0.0859712324,3.4448327865,-0.3820852005
