Instance,INF_avg,INF_sd,INF_r1,INF_kr,INF_sk,SUP_avg,SUP_sd,SUP_r1,SUP_kr,SUP_sk,INC_avg,INC_sd,INC_r1,INC_kr,INC_sk,IND_avg,IND_sd,IND_r1,IND_kr,IND_sk
502,0.3465000000,0.1360615669,0.2876348860,2.4711467410,-0.0364540895,0.2620000000,0.1124988889,0.4442332647,2.7740835586,0.2371536276,0.3915000000,0.1382126984,0.2656963892,2.7443967618,0.1539571577,0.3915000000,0.1382126984,0.2656963892,2.7443967618,0.1539571577
