Instance,INF_avg,INF_sd,INF_r1,INF_kr,INF_sk,SUP_avg,SUP_sd,SUP_r1,SUP_kr,SUP_sk,INC_avg,INC_sd,INC_r1,INC_kr,INC_sk,IND_avg,IND_sd,IND_r1,IND_kr,IND_sk
327,0.1600000000,0.1200000000,-0.3358778626,1.3981481481,0.1111111111,0.2400000000,0.1624807681,0.8118279570,1.4421487603,-0.3804646085,0.6000000000,0.1673320053,0.1538461538,2.5000000000,-0.7683612489,0.6000000000,0.1673320053,0.1538461538,2.5000000000,-0.7683612489
