Instance,INF_avg,INF_sd,INF_r1,INF_kr,INF_sk,SUP_avg,SUP_sd,SUP_r1,SUP_kr,SUP_sk,INC_avg,INC_sd,INC_r1,INC_kr,INC_sk,IND_avg,IND_sd,IND_r1,IND_kr,IND_sk
230,0.2422500000,0.0359261395,0.1345804696,3.0708840139,0.0920912710,0.2463000000,0.0371053904,0.2083914016,2.5397395294,0.2642692820,0.5114500000,0.0430133410,0.0331199875,2.6275653240,-0.0267330088,0.5114500000,0.0430133410,0.0331199875,2.6275653240,-0.0267330088
