Instance,INF_avg,INF_sd,INF_r1,INF_kr,INF_sk,SUP_avg,SUP_sd,SUP_r1,SUP_kr,SUP_sk,INC_avg,INC_sd,INC_r1,INC_kr,INC_sk,IND_avg,IND_sd,IND_r1,IND_kr,IND_sk
336,0.2340000000,0.0756042327,-0.2168599991,2.1670911603,0.3374354270,0.2844000000,0.0765548170,0.0910756012,2.8199953114,0.2292923750,0.4816000000,0.0885293172,0.0508157519,3.0304265577,0.4323400258,0.4816000000,0.0885293172,0.0508157519,3.0304265577,0.4323400258
