Instance,INF_avg,INF_sd,INF_r1,INF_kr,INF_sk,SUP_avg,SUP_sd,SUP_r1,SUP_kr,SUP_sk,INC_avg,INC_sd,INC_r1,INC_kr,INC_sk,IND_avg,IND_sd,IND_r1,IND_kr,IND_sk
77,0.2200000000,0.0600000000,-0.3707865169,2.7925925926,0.2000000000,0.2500000000,0.0421900462,-0.2655367232,1.9877540715,0.0319581211,0.5300000000,0.0705691151,-0.5734406439,2.7210044999,-0.5804785194,0.5300000000,0.0705691151,-0.5734406439,2.7210044999,-0.5804785194
