Instance,INF_avg,INF_sd,INF_r1,INF_kr,INF_sk,SUP_avg,SUP_sd,SUP_r1,SUP_kr,SUP_sk,INC_avg,INC_sd,INC_r1,INC_kr,INC_sk,IND_avg,IND_sd,IND_r1,IND_kr,IND_sk
177,0.2420000000,0.0448998886,0.2752900833,3.3821570295,-0.0082193437,0.2556000000,0.0469961701,0.1086289243,2.1510121080,0.2867043744,0.5024000000,0.0520983685,0.1846185952,2.7182542642,-0.2630437451,0.5024000000,0.0520983685,0.1846185952,2.7182542642,-0.2630437451
