Instance,INF_avg,INF_sd,INF_r1,INF_kr,INF_sk,SUP_avg,SUP_sd,SUP_r1,SUP_kr,SUP_sk,INC_avg,INC_sd,INC_r1,INC_kr,INC_sk,IND_avg,IND_sd,IND_r1,IND_kr,IND_sk
42,0.2510000000,0.0406571027,0.1500206124,2.3297979914,-0.2740818932,0.2460000000,0.0385227206,0.1383959873,3.9737214929,0.9059658567,0.5030000000,0.0446878059,-0.0598233973,2.6336853803,-0.0329442961,0.5030000000,0.0446878059,-0.0598233973,2.6336853803,-0.0329442961
