Instance,INF_avg,INF_sd,INF_r1,INF_kr,INF_sk,SUP_avg,SUP_sd,SUP_r1,SUP_kr,SUP_sk,INC_avg,INC_sd,INC_r1,INC_kr,INC_sk,IND_avg,IND_sd,IND_r1,IND_kr,IND_sk
339,0.2200000000,0.0497995984,0.3225806452,1.9719042664,-0.1554618056,0.3660000000,0.0780000000,-0.0982125190,2.8099169160,-0.5194962828,0.4140000000,0.0558927544,-0.5809818322,2.2627954902,0.7768673280,0.4140000000,0.0558927544,-0.5809818322,2.2627954902,0.7768673280
