Instance,INF_avg,INF_sd,INF_r1,INF_kr,INF_sk,SUP_avg,SUP_sd,SUP_r1,SUP_kr,SUP_sk,INC_avg,INC_sd,INC_r1,INC_kr,INC_sk,IND_avg,IND_sd,IND_r1,IND_kr,IND_sk
380,0.3870954357,0.0901121202,0.7963327255,2.1866278197,-0.0028448924,0.1116597510,0.0701786724,0.7928409983,2.3563694994,0.6178430475,0.5012448133,0.0504595708,0.1462415215,3.3343501290,-0.2296269722,0.5012448133,0.0504595708,0.1462415215,3.3343501290,-0.2296269722
