Instance,INF_avg,INF_sd,INF_r1,INF_kr,INF_sk,SUP_avg,SUP_sd,SUP_r1,SUP_kr,SUP_sk,INC_avg,INC_sd,INC_r1,INC_kr,INC_sk,IND_avg,IND_sd,IND_r1,IND_kr,IND_sk
310,0.2581500000,0.0297628544,0.0489281139,2.5155904921,0.1536681934,0.2119500000,0.0333308791,0.2696125419,3.2323805628,0.4453902627,0.5299000000,0.0379208386,0.1374931710,2.7147808812,-0.1523681368,0.5299000000,0.0379208386,0.1374931710,2.7147808812,-0.1523681368
