Instance,INF_avg,INF_sd,INF_r1,INF_kr,INF_sk,SUP_avg,SUP_sd,SUP_r1,SUP_kr,SUP_sk,INC_avg,INC_sd,INC_r1,INC_kr,INC_sk,IND_avg,IND_sd,IND_r1,IND_kr,IND_sk
36,0.3260000000,0.1114629983,-0.2222351286,4.8153214040,1.5874683260,0.1700000000,0.0812403840,0.1694800810,2.3236914601,0.4028448796,0.5040000000,0.1009158065,0.0598234503,3.0468294612,-0.5762933599,0.5040000000,0.1009158065,0.0598234503,3.0468294612,-0.5762933599
