Instance,INF_avg,INF_sd,INF_r1,INF_kr,INF_sk,SUP_avg,SUP_sd,SUP_r1,SUP_kr,SUP_sk,INC_avg,INC_sd,INC_r1,INC_kr,INC_sk,IND_avg,IND_sd,IND_r1,IND_kr,IND_sk
253,0.2209500000,0.0288937277,0.1968286867,3.2249681042,0.0195290629,0.2563500000,0.0349131422,0.1448982723,2.4629426756,0.1681204577,0.5227000000,0.0399838717,0.2269199634,2.4038566906,-0.1655788628,0.5227000000,0.0399838717,0.2269199634,2.4038566906,-0.1655788628
