Instance,INF_avg,INF_sd,INF_r1,INF_kr,INF_sk,SUP_avg,SUP_sd,SUP_r1,SUP_kr,SUP_sk,INC_avg,INC_sd,INC_r1,INC_kr,INC_sk,IND_avg,IND_sd,IND_r1,IND_kr,IND_sk
493,0.3160000000,0.1433317829,0.0170830801,2.1496491688,0.4516023637,0.1800000000,0.1200000000,0.7398190045,1.8703703704,0.2500000000,0.5040000000,0.1248358923,-0.0251036494,1.9819432557,0.2944975175,0.5040000000,0.1248358923,-0.0251036494,1.9819432557,0.2944975175
