Instance,INF_avg,INF_sd,INF_r1,INF_kr,INF_sk,SUP_avg,SUP_sd,SUP_r1,SUP_kr,SUP_sk,INC_avg,INC_sd,INC_r1,INC_kr,INC_sk,IND_avg,IND_sd,IND_r1,IND_kr,IND_sk
325,0.2700000000,0.1029563014,-0.2176165803,2.2821288715,0.6927284075,0.2800000000,0.0400000000,-0.7741935484,2.0781250000,0.8437500000,0.4500000000,0.0836660027,-0.3076923077,2.5000000000,-0.7683612489,0.4500000000,0.0836660027,-0.3076923077,2.5000000000,-0.7683612489
