Instance,INF_avg,INF_sd,INF_r1,INF_kr,INF_sk,SUP_avg,SUP_sd,SUP_r1,SUP_kr,SUP_sk,INC_avg,INC_sd,INC_r1,INC_kr,INC_sk,IND_avg,IND_sd,IND_r1,IND_kr,IND_sk
99,0.5236842105,0.1344205443,0.9171958694,1.9081158956,-0.1263423517,0.0831578947,0.0694630508,0.8414670937,2.4184251915,0.7764985947,0.3931578947,0.0828051591,0.6784911807,2.3264551585,0.0142011513,0.3931578947,0.0828051591,0.6784911807,2.3264551585,0.0142011513
