Instance,INF_avg,INF_sd,INF_r1,INF_kr,INF_sk,SUP_avg,SUP_sd,SUP_r1,SUP_kr,SUP_sk,INC_avg,INC_sd,INC_r1,INC_kr,INC_sk,IND_avg,IND_sd,IND_r1,IND_kr,IND_sk
312,0.2730000000,0.0980866963,0.3825133445,2.3048096930,0.1234343271,0.2220000000,0.0878407650,0.2677631721,2.9066132300,0.3321080855,0.5050000000,0.1064189833,0.1006225440,2.5014546146,0.1182381289,0.5050000000,0.1064189833,0.1006225440,2.5014546146,0.1182381289
