Instance,INF_avg,INF_sd,INF_r1,INF_kr,INF_sk,SUP_avg,SUP_sd,SUP_r1,SUP_kr,SUP_sk,INC_avg,INC_sd,INC_r1,INC_kr,INC_sk,IND_avg,IND_sd,IND_r1,IND_kr,IND_sk
259,0.2400000000,0.1200000000,-0.0830527497,2.2314814815,-0.3888888889,0.2840000000,0.1460958589,0.0685186296,2.4205936762,0.2785544537,0.4760000000,0.1141227409,0.0544799640,2.3633737602,0.1557872658,0.4760000000,0.1141227409,0.0544799640,2.3633737602,0.1557872658
