Instance,INF_avg,INF_sd,INF_r1,INF_kr,INF_sk,SUP_avg,SUP_sd,SUP_r1,SUP_kr,SUP_sk,INC_avg,INC_sd,INC_r1,INC_kr,INC_sk,IND_avg,IND_sd,IND_r1,IND_kr,IND_sk
213,0.2648000000,0.0358742247,0.2658153632,3.4445926753,0.3694534795,0.2315500000,0.0312705532,0.3171399794,3.5818563995,-0.3619277076,0.5036500000,0.0384763239,0.2989899788,2.6321540497,0.2650819614,0.5036500000,0.0384763239,0.2989899788,2.6321540497,0.2650819614
