Instance,INF_avg,INF_sd,INF_r1,INF_kr,INF_sk,SUP_avg,SUP_sd,SUP_r1,SUP_kr,SUP_sk,INC_avg,INC_sd,INC_r1,INC_kr,INC_sk,IND_avg,IND_sd,IND_r1,IND_kr,IND_sk
279,0.3240740741,0.1001113920,-0.0133524872,2.9683257169,0.0513953999,0.1800925926,0.0981164781,0.0916461521,3.5975848298,0.7775604511,0.4958333333,0.1136769709,-0.0282963279,2.8719580835,-0.0578118536,0.4958333333,0.1136769709,-0.0282963279,2.8719580835,-0.0578118536
