Instance,INF_avg,INF_sd,INF_r1,INF_kr,INF_sk,SUP_avg,SUP_sd,SUP_r1,SUP_kr,SUP_sk,INC_avg,INC_sd,INC_r1,INC_kr,INC_sk,IND_avg,IND_sd,IND_r1,IND_kr,IND_sk
242,0.2650000000,0.0122474487,0.2500000000,1.9666666667,-0.0000000000,0.2375000000,0.0481274350,0.5826972010,2.6038914157,0.7252736106,0.4975000000,0.0521656017,0.5251725019,3.4484174869,-1.0194205480,0.4975000000,0.0521656017,0.5251725019,3.4484174869,-1.0194205480
