Instance,INF_avg,INF_sd,INF_r1,INF_kr,INF_sk,SUP_avg,SUP_sd,SUP_r1,SUP_kr,SUP_sk,INC_avg,INC_sd,INC_r1,INC_kr,INC_sk,IND_avg,IND_sd,IND_r1,IND_kr,IND_sk
313,0.2420000000,0.1497865147,-0.0355797659,2.6845992329,0.3508219978,0.2790000000,0.1416297991,-0.0447048143,3.3004475299,0.3530429062,0.4790000000,0.1698793690,-0.0763611190,2.7347140063,0.1096119655,0.4790000000,0.1698793690,-0.0763611190,2.7347140063,0.1096119655
