Instance,INF_avg,INF_sd,INF_r1,INF_kr,INF_sk,SUP_avg,SUP_sd,SUP_r1,SUP_kr,SUP_sk,INC_avg,INC_sd,INC_r1,INC_kr,INC_sk,IND_avg,IND_sd,IND_r1,IND_kr,IND_sk
126,0.2440000000,0.0897997773,-0.0661883263,2.4714811272,-0.2756794408,0.2460000000,0.1156892389,-0.1197507693,3.2172218374,0.4073096111,0.5100000000,0.1166190379,-0.2518830973,2.2904411765,0.1172747678,0.5100000000,0.1166190379,-0.2518830973,2.2904411765,0.1172747678
