Instance,INF_avg,INF_sd,INF_r1,INF_kr,INF_sk,SUP_avg,SUP_sd,SUP_r1,SUP_kr,SUP_sk,INC_avg,INC_sd,INC_r1,INC_kr,INC_sk,IND_avg,IND_sd,IND_r1,IND_kr,IND_sk
377,0.2530000000,0.0634586480,0.0867011261,2.9306292903,0.3062829980,0.2744000000,0.0729427173,0.0986744097,2.6343478305,0.2559182472,0.4726000000,0.0755595130,0.1209948974,3.1528283275,-0.1349359041,0.4726000000,0.0755595130,0.1209948974,3.1528283275,-0.1349359041
