Instance,INF_avg,INF_sd,INF_r1,INF_kr,INF_sk,SUP_avg,SUP_sd,SUP_r1,SUP_kr,SUP_sk,INC_avg,INC_sd,INC_r1,INC_kr,INC_sk,IND_avg,IND_sd,IND_r1,IND_kr,IND_sk
150,0.2560000000,0.1202663710,0.0634165852,2.5967455361,-0.0032008595,0.2440000000,0.1444437607,0.0631345763,3.4822372878,0.6373508226,0.5000000000,0.1483239697,-0.1363636364,3.1322314050,-0.1470981518,0.5000000000,0.1483239697,-0.1363636364,3.1322314050,-0.1470981518
