Instance,INF_avg,INF_sd,INF_r1,INF_kr,INF_sk,SUP_avg,SUP_sd,SUP_r1,SUP_kr,SUP_sk,INC_avg,INC_sd,INC_r1,INC_kr,INC_sk,IND_avg,IND_sd,IND_r1,IND_kr,IND_sk
188,0.2680000000,0.0798498591,-0.0102089567,3.8505995664,-0.7171866404,0.2480000000,0.1004788535,-0.0567127207,1.9285182376,-0.3000844298,0.4840000000,0.1083697375,-0.2062660533,2.3383976234,-0.1274398834,0.4840000000,0.1083697375,-0.2062660533,2.3383976234,-0.1274398834
