Instance,INF_avg,INF_sd,INF_r1,INF_kr,INF_sk,SUP_avg,SUP_sd,SUP_r1,SUP_kr,SUP_sk,INC_avg,INC_sd,INC_r1,INC_kr,INC_sk,IND_avg,IND_sd,IND_r1,IND_kr,IND_sk
444,0.1950000000,0.0415331193,0.2970123023,1.4738500315,0.1884300309,0.2750000000,0.1167261753,-0.0218978102,2.2174059423,-0.3772649719,0.5300000000,0.1268857754,-0.0522331567,1.9554415339,-0.1718178588,0.5300000000,0.1268857754,-0.0522331567,1.9554415339,-0.1718178588
