Instance,INF_avg,INF_sd,INF_r1,INF_kr,INF_sk,SUP_avg,SUP_sd,SUP_r1,SUP_kr,SUP_sk,INC_avg,INC_sd,INC_r1,INC_kr,INC_sk,IND_avg,IND_sd,IND_r1,IND_kr,IND_sk
314,0.2360000000,0.1034601373,0.1080075633,2.5488246295,0.4580954568,0.2840000000,0.1189285500,-0.3923195900,3.1517778992,0.7924545883,0.4800000000,0.1240967365,-0.1008143780,1.5750548153,-0.0251165599,0.4800000000,0.1240967365,-0.1008143780,1.5750548153,-0.0251165599
