Instance,INF_avg,INF_sd,INF_r1,INF_kr,INF_sk,SUP_avg,SUP_sd,SUP_r1,SUP_kr,SUP_sk,INC_avg,INC_sd,INC_r1,INC_kr,INC_sk,IND_avg,IND_sd,IND_r1,IND_kr,IND_sk
20,0.4163257576,0.1005305243,0.8760103720,1.9515811459,0.0350469246,0.0913636364,0.0685816559,0.9060048203,2.2982330400,0.6640574272,0.4923106061,0.0508093782,0.4307084268,2.8221377291,-0.2782037880,0.4923106061,0.0508093782,0.4307084268,2.8221377291,-0.2782037880
