Instance,INF_avg,INF_sd,INF_r1,INF_kr,INF_sk,SUP_avg,SUP_sd,SUP_r1,SUP_kr,SUP_sk,INC_avg,INC_sd,INC_r1,INC_kr,INC_sk,IND_avg,IND_sd,IND_r1,IND_kr,IND_sk
173,0.2000000000,0.0000000000,0.0000000000,0.0000000000,0.0000000000,0.2400000000,0.1496662955,0.8648648649,2.1339285714,0.7301958931,0.5600000000,0.1496662955,0.8648648649,2.1339285714,-0.7301958931,0.5600000000,0.1496662955,0.8648648649,2.1339285714,-0.7301958931
