Instance,INF_avg,INF_sd,INF_r1,INF_kr,INF_sk,SUP_avg,SUP_sd,SUP_r1,SUP_kr,SUP_sk,INC_avg,INC_sd,INC_r1,INC_kr,INC_sk,IND_avg,IND_sd,IND_r1,IND_kr,IND_sk
417,0.2800000000,0.0678232998,-0.6298342541,1.2296786389,-0.2115471545,0.2900000000,0.0374165739,-0.4814814815,1.8469387755,0.3436215967,0.4300000000,0.0748331477,-0.4575645756,2.1339285714,-0.7301958931,0.4300000000,0.0748331477,-0.4575645756,2.1339285714,-0.7301958931
