Instance,INF_avg,INF_sd,INF_r1,INF_kr,INF_sk,SUP_avg,SUP_sd,SUP_r1,SUP_kr,SUP_sk,INC_avg,INC_sd,INC_r1,INC_kr,INC_sk,IND_avg,IND_sd,IND_r1,IND_kr,IND_sk
446,0.2540000000,0.1564736400,-0.1950180094,2.5057644479,0.1921453067,0.2040000000,0.1455472432,0.2948463977,2.8671653234,0.5532199422,0.5420000000,0.1686297720,-0.2619533063,2.3273404953,-0.0744551346,0.5420000000,0.1686297720,-0.2619533063,2.3273404953,-0.0744551346
