Instance,INF_avg,INF_sd,INF_r1,INF_kr,INF_sk,SUP_avg,SUP_sd,SUP_r1,SUP_kr,SUP_sk,INC_avg,INC_sd,INC_r1,INC_kr,INC_sk,IND_avg,IND_sd,IND_r1,IND_kr,IND_sk
176,0.3221000000,0.0656246143,0.2997683380,2.4871059202,-0.0371199520,0.2925000000,0.0687659073,0.3497664695,2.9986411936,0.2957429766,0.3854000000,0.0800552309,0.6136285715,3.7086402268,0.9110011803,0.3854000000,0.0800552309,0.6136285715,3.7086402268,0.9110011803
