Instance,INF_avg,INF_sd,INF_r1,INF_kr,INF_sk,SUP_avg,SUP_sd,SUP_r1,SUP_kr,SUP_sk,INC_avg,INC_sd,INC_r1,INC_kr,INC_sk,IND_avg,IND_sd,IND_r1,IND_kr,IND_sk
462,0.2440000000,0.0624819974,0.1626516033,2.9164203171,-0.4769898519,0.2464000000,0.0600586380,-0.1027386972,3.0784059032,0.7190134187,0.5096000000,0.0693097396,0.1885592994,4.7306260507,0.5967350709,0.5096000000,0.0693097396,0.1885592994,4.7306260507,0.5967350709
