Instance,INF_avg,INF_sd,INF_r1,INF_kr,INF_sk,SUP_avg,SUP_sd,SUP_r1,SUP_kr,SUP_sk,INC_avg,INC_sd,INC_r1,INC_kr,INC_sk,IND_avg,IND_sd,IND_r1,IND_kr,IND_sk
452,0.2489500000,0.0338474150,0.0726505322,3.5041903928,0.3152289297,0.2149000000,0.0282840945,0.1605324315,3.5048766834,0.6091175333,0.5361500000,0.0359433930,0.0566499269,2.6966162103,-0.2008650391,0.5361500000,0.0359433930,0.0566499269,2.6966162103,-0.2008650391
