Instance,INF_avg,INF_sd,INF_r1,INF_kr,INF_sk,SUP_avg,SUP_sd,SUP_r1,SUP_kr,SUP_sk,INC_avg,INC_sd,INC_r1,INC_kr,INC_sk,IND_avg,IND_sd,IND_r1,IND_kr,IND_sk
450,0.2340000000,0.1415768343,-0.0066671858,2.5033585860,0.3158146159,0.2550000000,0.1359227722,0.0086574637,2.6320119534,0.1812897641,0.5110000000,0.1636429039,0.1734193977,2.9812316728,0.2886595608,0.5110000000,0.1636429039,0.1734193977,2.9812316728,0.2886595608
