Instance,INF_avg,INF_sd,INF_r1,INF_kr,INF_sk,SUP_avg,SUP_sd,SUP_r1,SUP_kr,SUP_sk,INC_avg,INC_sd,INC_r1,INC_kr,INC_sk,IND_avg,IND_sd,IND_r1,IND_kr,IND_sk
7,0.4137500000,0.1088888003,0.7516028279,1.9781399915,-0.0761511308,0.1023611111,0.0815388976,0.8660176322,2.1773933664,0.6993462003,0.4838888889,0.0571925489,-0.0256063886,2.5403097719,0.0819731527,0.4838888889,0.0571925489,-0.0256063886,2.5403097719,0.0819731527
