Instance,INF_avg,INF_sd,INF_r1,INF_kr,INF_sk,SUP_avg,SUP_sd,SUP_r1,SUP_kr,SUP_sk,INC_avg,INC_sd,INC_r1,INC_kr,INC_sk,IND_avg,IND_sd,IND_r1,IND_kr,IND_sk
123,0.2320000000,0.0603986755,-0.1272321429,2.1722068329,0.0365989204,0.2552000000,0.0552173886,0.0885736294,3.2618700920,0.6491949785,0.5128000000,0.0654534949,0.3099671079,3.5741161120,-0.2951675697,0.5128000000,0.0654534949,0.3099671079,3.5741161120,-0.2951675697
