Instance,INF_avg,INF_sd,INF_r1,INF_kr,INF_sk,SUP_avg,SUP_sd,SUP_r1,SUP_kr,SUP_sk,INC_avg,INC_sd,INC_r1,INC_kr,INC_sk,IND_avg,IND_sd,IND_r1,IND_kr,IND_sk
143,0.2414000000,0.0497397226,0.1437883363,2.1009108176,-0.0750354082,0.2918000000,0.0677846590,0.4836898696,2.5715362779,0.1017885132,0.4668000000,0.0610226188,0.1079688636,2.9250995151,0.0623185340,0.4668000000,0.0610226188,0.1079688636,2.9250995151,0.0623185340
