Instance,INF_avg,INF_sd,INF_r1,INF_kr,INF_sk,SUP_avg,SUP_sd,SUP_r1,SUP_kr,SUP_sk,INC_avg,INC_sd,INC_r1,INC_kr,INC_sk,IND_avg,IND_sd,IND_r1,IND_kr,IND_sk
369,0.3184615385,0.0739486468,0.0301779226,2.5243945419,-0.0103193859,0.1895384615,0.0751701817,0.1334024190,2.6351822512,-0.2103100623,0.4920000000,0.0743215467,0.0719472260,3.1349874174,-0.4193370129,0.4920000000,0.0743215467,0.0719472260,3.1349874174,-0.4193370129
