Instance,INF_avg,INF_sd,INF_r1,INF_kr,INF_sk,SUP_avg,SUP_sd,SUP_r1,SUP_kr,SUP_sk,INC_avg,INC_sd,INC_r1,INC_kr,INC_sk,IND_avg,IND_sd,IND_r1,IND_kr,IND_sk
291,0.2400000000,0.1019803903,-0.2870514821,1.9556213018,0.2715454179,0.2200000000,0.1296148140,0.1247582205,2.4659863946,0.0661300071,0.5400000000,0.1574801575,-0.0926049300,2.2388137357,-0.2458066974,0.5400000000,0.1574801575,-0.0926049300,2.2388137357,-0.2458066974
