Instance,INF_avg,INF_sd,INF_r1,INF_kr,INF_sk,SUP_avg,SUP_sd,SUP_r1,SUP_kr,SUP_sk,INC_avg,INC_sd,INC_r1,INC_kr,INC_sk,IND_avg,IND_sd,IND_r1,IND_kr,IND_sk
100,0.2588000000,0.0664421553,0.5905046310,2.9269507838,0.5815433109,0.2654000000,0.0608673969,0.4824831595,2.3134880672,-0.0063673913,0.4758000000,0.0500035999,0.3751273927,2.1370631393,0.0918091605,0.4758000000,0.0500035999,0.3751273927,2.1370631393,0.0918091605
