Instance,INF_avg,INF_sd,INF_r1,INF_kr,INF_sk,SUP_avg,SUP_sd,SUP_r1,SUP_kr,SUP_sk,INC_avg,INC_sd,INC_r1,INC_kr,INC_sk,IND_avg,IND_sd,IND_r1,IND_kr,IND_sk
242,0.2830000000,0.1010494928,0.0114232703,3.1797627210,0.4464689773,0.2425000000,0.1049702339,-0.0149128430,2.9943561627,0.4059979247,0.4745000000,0.1073533884,-0.0884212889,2.5832528411,0.0440299281,0.4745000000,0.1073533884,-0.0884212889,2.5832528411,0.0440299281
