Instance,INF_avg,INF_sd,INF_r1,INF_kr,INF_sk,SUP_avg,SUP_sd,SUP_r1,SUP_kr,SUP_sk,INC_avg,INC_sd,INC_r1,INC_kr,INC_sk,IND_avg,IND_sd,IND_r1,IND_kr,IND_sk
129,0.2800000000,0.1536229150,-0.6114982578,3.0902039644,0.3376085319,0.3100000000,0.1374772708,-0.3211249182,3.1056521374,-0.8728715609,0.4100000000,0.1135781669,-0.2660393499,1.9576347575,0.6224583152,0.4100000000,0.1135781669,-0.2660393499,1.9576347575,0.6224583152
