Instance,INF_avg,INF_sd,INF_r1,INF_kr,INF_sk,SUP_avg,SUP_sd,SUP_r1,SUP_kr,SUP_sk,INC_avg,INC_sd,INC_r1,INC_kr,INC_sk,IND_avg,IND_sd,IND_r1,IND_kr,IND_sk
25,0.2100000000,0.1577973384,0.1215226940,2.0466927953,0.2931929063,0.2600000000,0.0916515139,-0.1691542289,2.1020408163,0.0935219530,0.5300000000,0.1791647287,0.1817815397,1.5273240749,-0.1418837342,0.5300000000,0.1791647287,0.1817815397,1.5273240749,-0.1418837342
