Instance,INF_avg,INF_sd,INF_r1,INF_kr,INF_sk,SUP_avg,SUP_sd,SUP_r1,SUP_kr,SUP_sk,INC_avg,INC_sd,INC_r1,INC_kr,INC_sk,IND_avg,IND_sd,IND_r1,IND_kr,IND_sk
322,0.2160000000,0.0605309838,0.2024832856,2.3364733701,0.6241705820,0.2520000000,0.0614491660,0.2487266553,3.9708776214,1.0202728426,0.5320000000,0.0574108004,-0.5866388309,1.5185691394,-0.4586261978,0.5320000000,0.0574108004,-0.5866388309,1.5185691394,-0.4586261978
