Instance,INF_avg,INF_sd,INF_r1,INF_kr,INF_sk,SUP_avg,SUP_sd,SUP_r1,SUP_kr,SUP_sk,INC_avg,INC_sd,INC_r1,INC_kr,INC_sk,IND_avg,IND_sd,IND_r1,IND_kr,IND_sk
366,0.2700000000,0.0363318042,-0.1774193548,1.8939393939,-0.5504818826,0.1900000000,0.0268328157,-0.5714285714,2.7314814815,-0.9938079900,0.5400000000,0.0433589668,-0.1720430108,1.3773200543,-0.2208186402,0.5400000000,0.0433589668,-0.1720430108,1.3773200543,-0.2208186402
