Instance,INF_avg,INF_sd,INF_r1,INF_kr,INF_sk,SUP_avg,SUP_sd,SUP_r1,SUP_kr,SUP_sk,INC_avg,INC_sd,INC_r1,INC_kr,INC_sk,IND_avg,IND_sd,IND_r1,IND_kr,IND_sk
398,0.2680000000,0.1522366579,-0.1587436926,2.4352138888,0.2600913874,0.2540000000,0.1283900308,-0.0316062705,3.7399705382,0.3081335155,0.4780000000,0.1439305388,-0.0942607441,2.5883144761,-0.0946102248,0.4780000000,0.1439305388,-0.0942607441,2.5883144761,-0.0946102248
