Instance,INF_avg,INF_sd,INF_r1,INF_kr,INF_sk,SUP_avg,SUP_sd,SUP_r1,SUP_kr,SUP_sk,INC_avg,INC_sd,INC_r1,INC_kr,INC_sk,IND_avg,IND_sd,IND_r1,IND_kr,IND_sk
383,0.2694000000,0.0321735917,0.0787476872,3.4754991000,0.4444178390,0.2417500000,0.0304415423,0.2444661040,2.8733849391,-0.0408269070,0.4888500000,0.0384503251,0.2440436177,2.9528632509,-0.2924418426,0.4888500000,0.0384503251,0.2440436177,2.9528632509,-0.2924418426
