Instance,INF_avg,INF_sd,INF_r1,INF_kr,INF_sk,SUP_avg,SUP_sd,SUP_r1,SUP_kr,SUP_sk,INC_avg,INC_sd,INC_r1,INC_kr,INC_sk,IND_avg,IND_sd,IND_r1,IND_kr,IND_sk
284,0.1985000000,0.0265565434,0.4746026327,2.4223017951,-0.5972288240,0.3620000000,0.0369594372,0.3758892769,3.1451341832,-0.2803516666,0.4395000000,0.0306960910,-0.3126256455,2.4221290117,0.8911817903,0.4395000000,0.0306960910,-0.3126256455,2.4221290117,0.8911817903
