Instance,INF_avg,INF_sd,INF_r1,INF_kr,INF_sk,SUP_avg,SUP_sd,SUP_r1,SUP_kr,SUP_sk,INC_avg,INC_sd,INC_r1,INC_kr,INC_sk,IND_avg,IND_sd,IND_r1,IND_kr,IND_sk
455,0.3038000000,0.0362016574,0.0177272611,3.0146619671,0.6205098306,0.2756000000,0.0303090745,0.1577353174,4.0848938257,0.6921360212,0.4206000000,0.0397321029,0.2833292864,2.5950781362,-0.4387051856,0.4206000000,0.0397321029,0.2833292864,2.5950781362,-0.4387051856
