Instance,INF_avg,INF_sd,INF_r1,INF_kr,INF_sk,SUP_avg,SUP_sd,SUP_r1,SUP_kr,SUP_sk,INC_avg,INC_sd,INC_r1,INC_kr,INC_sk,IND_avg,IND_sd,IND_r1,IND_kr,IND_sk
137,0.3320000000,0.0545527268,-0.5598060345,2.2766215747,0.2459887091,0.1980000000,0.0423792402,0.1267542883,2.5917381362,-0.9409153682,0.4700000000,0.0608276253,-0.8048780488,2.2552227904,0.1386283352,0.4700000000,0.0608276253,-0.8048780488,2.2552227904,0.1386283352
