Instance,INF_avg,INF_sd,INF_r1,INF_kr,INF_sk,SUP_avg,SUP_sd,SUP_r1,SUP_kr,SUP_sk,INC_avg,INC_sd,INC_r1,INC_kr,INC_sk,IND_avg,IND_sd,IND_r1,IND_kr,IND_sk
274,0.2308000000,0.0551666566,-0.1305602460,2.7483733049,0.4086878805,0.2508000000,0.0571608257,-0.0490330103,2.5588888710,-0.0621217909,0.5184000000,0.0685670475,-0.1188465671,4.5009660195,-0.7687865266,0.5184000000,0.0685670475,-0.1188465671,4.5009660195,-0.7687865266
