Instance,INF_avg,INF_sd,INF_r1,INF_kr,INF_sk,SUP_avg,SUP_sd,SUP_r1,SUP_kr,SUP_sk,INC_avg,INC_sd,INC_r1,INC_kr,INC_sk,IND_avg,IND_sd,IND_r1,IND_kr,IND_sk
63,0.2210000000,0.0378021163,-0.0631676339,2.1072921650,-0.2996710935,0.2750000000,0.0431856458,-0.5248120301,2.1127514752,0.3724800359,0.5040000000,0.0303973683,-0.6435385950,4.4323944454,1.1766227064,0.5040000000,0.0303973683,-0.6435385950,4.4323944454,1.1766227064
