Instance,INF_avg,INF_sd,INF_r1,INF_kr,INF_sk,SUP_avg,SUP_sd,SUP_r1,SUP_kr,SUP_sk,INC_avg,INC_sd,INC_r1,INC_kr,INC_sk,IND_avg,IND_sd,IND_r1,IND_kr,IND_sk
398,0.3560000000,0.1722324011,-0.3406205313,2.3511955258,0.4151085694,0.2280000000,0.1342236939,0.0092531151,2.4530174875,0.2748784748,0.4160000000,0.1826033954,-0.1503681178,2.5393022793,0.6299168303,0.4160000000,0.1826033954,-0.1503681178,2.5393022793,0.6299168303
