Instance,INF_avg,INF_sd,INF_r1,INF_kr,INF_sk,SUP_avg,SUP_sd,SUP_r1,SUP_kr,SUP_sk,INC_avg,INC_sd,INC_r1,INC_kr,INC_sk,IND_avg,IND_sd,IND_r1,IND_kr,IND_sk
473,0.2580000000,0.0269443872,-1.2096530920,2.4439018282,-0.7456435718,0.2890000000,0.0305614136,-0.1102719033,2.4121826410,0.3285412567,0.4530000000,0.0364142829,0.0330867242,2.7889375729,-0.9855165325,0.4530000000,0.0364142829,0.0330867242,2.7889375729,-0.9855165325
