Instance,INF_avg,INF_sd,INF_r1,INF_kr,INF_sk,SUP_avg,SUP_sd,SUP_r1,SUP_kr,SUP_sk,INC_avg,INC_sd,INC_r1,INC_kr,INC_sk,IND_avg,IND_sd,IND_r1,IND_kr,IND_sk
442,0.4041904762,0.1020343635,0.7711910959,2.2675659996,0.0748590310,0.1099047619,0.0740333932,0.8071596695,2.9709430331,0.7861876871,0.4859047619,0.0609167306,0.2987732819,2.4986805907,-0.0709398095,0.4859047619,0.0609167306,0.2987732819,2.4986805907,-0.0709398095
