Instance,INF_avg,INF_sd,INF_r1,INF_kr,INF_sk,SUP_avg,SUP_sd,SUP_r1,SUP_kr,SUP_sk,INC_avg,INC_sd,INC_r1,INC_kr,INC_sk,IND_avg,IND_sd,IND_r1,IND_kr,IND_sk
271,0.3700000000,0.1791647287,-0.0408098703,2.1329082598,0.3505362846,0.2300000000,0.1100000000,0.0682036503,4.0555289939,1.1900826446,0.4000000000,0.1549193338,-0.0500000000,2.2916666667,0.4841229183,0.4000000000,0.1549193338,-0.0500000000,2.2916666667,0.4841229183
