Instance,INF_avg,INF_sd,INF_r1,INF_kr,INF_sk,SUP_avg,SUP_sd,SUP_r1,SUP_kr,SUP_sk,INC_avg,INC_sd,INC_r1,INC_kr,INC_sk,IND_avg,IND_sd,IND_r1,IND_kr,IND_sk
48,0.3720000000,0.1732512626,0.1417080827,2.0257488828,-0.1185898556,0.3040000000,0.1708332520,-0.1107699730,4.2430639716,1.0449555679,0.3240000000,0.1795104454,0.0159752172,2.3655567926,0.6337660540,0.3240000000,0.1795104454,0.0159752172,2.3655567926,0.6337660540
