Instance,INF_avg,INF_sd,INF_r1,INF_kr,INF_sk,SUP_avg,SUP_sd,SUP_r1,SUP_kr,SUP_sk,INC_avg,INC_sd,INC_r1,INC_kr,INC_sk,IND_avg,IND_sd,IND_r1,IND_kr,IND_sk
237,0.2916000000,0.0658592438,-0.3873944857,2.7232883762,-0.1109842135,0.2144000000,0.0613240573,-0.0332131049,2.3440565538,-0.0055747325,0.4940000000,0.0675573830,-0.2814048046,2.6461228023,0.4990985427,0.4940000000,0.0675573830,-0.2814048046,2.6461228023,0.4990985427
