Instance,INF_avg,INF_sd,INF_r1,INF_kr,INF_sk,SUP_avg,SUP_sd,SUP_r1,SUP_kr,SUP_sk,INC_avg,INC_sd,INC_r1,INC_kr,INC_sk,IND_avg,IND_sd,IND_r1,IND_kr,IND_sk
178,0.1500000000,0.0894427191,-0.5806451613,1.9531250000,-0.6288941187,0.3350000000,0.0975961065,-0.2276847020,1.8422096844,0.1016563078,0.5150000000,0.1162970335,-0.2087686949,3.9334873121,1.2082643542,0.5150000000,0.1162970335,-0.2087686949,3.9334873121,1.2082643542
