Instance,INF_avg,INF_sd,INF_r1,INF_kr,INF_sk,SUP_avg,SUP_sd,SUP_r1,SUP_kr,SUP_sk,INC_avg,INC_sd,INC_r1,INC_kr,INC_sk,IND_avg,IND_sd,IND_r1,IND_kr,IND_sk
239,0.2880000000,0.0169115345,-0.5067406820,1.6866594944,0.5321811564,0.2490000000,0.0226715681,-0.4801959984,1.7848945480,0.3490890817,0.4630000000,0.0287402157,-0.4238972370,2.4689744326,-0.3048094920,0.4630000000,0.0287402157,-0.4238972370,2.4689744326,-0.3048094920
