Instance,INF_avg,INF_sd,INF_r1,INF_kr,INF_sk,SUP_avg,SUP_sd,SUP_r1,SUP_kr,SUP_sk,INC_avg,INC_sd,INC_r1,INC_kr,INC_sk,IND_avg,IND_sd,IND_r1,IND_kr,IND_sk
212,0.2578000000,0.0441492922,0.1333378401,3.5053872606,0.4587246176,0.2742000000,0.0541512696,0.1680720980,3.7195431491,0.0940744400,0.4680000000,0.0592958683,0.3073879387,2.9716867213,0.0553710831,0.4680000000,0.0592958683,0.3073879387,2.9716867213,0.0553710831
