Instance,INF_avg,INF_sd,INF_r1,INF_kr,INF_sk,SUP_avg,SUP_sd,SUP_r1,SUP_kr,SUP_sk,INC_avg,INC_sd,INC_r1,INC_kr,INC_sk,IND_avg,IND_sd,IND_r1,IND_kr,IND_sk
426,0.2340000000,0.0997196069,0.1488067758,3.6680733103,0.5207763916,0.2540000000,0.1038460399,0.0561979230,2.9008730375,0.5362452307,0.5120000000,0.1172859753,-0.0820450635,3.0836811826,-0.5962268632,0.5120000000,0.1172859753,-0.0820450635,3.0836811826,-0.5962268632
