Instance,INF_avg,INF_sd,INF_r1,INF_kr,INF_sk,SUP_avg,SUP_sd,SUP_r1,SUP_kr,SUP_sk,INC_avg,INC_sd,INC_r1,INC_kr,INC_sk,IND_avg,IND_sd,IND_r1,IND_kr,IND_sk
366,0.2205000000,0.0812696130,0.0804929440,2.6178720768,0.0632357174,0.2330000000,0.0970103087,0.1992546856,2.8955419710,0.0902269954,0.5465000000,0.1061261042,0.1171687069,3.9996067157,-0.4040489016,0.5465000000,0.1061261042,0.1171687069,3.9996067157,-0.4040489016
