Instance,INF_avg,INF_sd,INF_r1,INF_kr,INF_sk,SUP_avg,SUP_sd,SUP_r1,SUP_kr,SUP_sk,INC_avg,INC_sd,INC_r1,INC_kr,INC_sk,IND_avg,IND_sd,IND_r1,IND_kr,IND_sk
481,0.2400000000,0.0715541753,0.0833333333,1.6455078125,0.0786117648,0.2240000000,0.0344093011,0.6264367816,1.9945215486,0.3958703373,0.5360000000,0.0496386946,-0.3063660477,2.0324675325,0.6216348580,0.5360000000,0.0496386946,-0.3063660477,2.0324675325,0.6216348580
