Instance,INF_avg,INF_sd,INF_r1,INF_kr,INF_sk,SUP_avg,SUP_sd,SUP_r1,SUP_kr,SUP_sk,INC_avg,INC_sd,INC_r1,INC_kr,INC_sk,IND_avg,IND_sd,IND_r1,IND_kr,IND_sk
328,0.2485000000,0.0952509842,0.2176002200,2.4823302222,0.4855200161,0.2710000000,0.1010395962,0.1072154785,2.9798550005,0.3127172665,0.4805000000,0.1036568859,-0.0082211090,3.4420018466,-0.4693684563,0.4805000000,0.1036568859,-0.0082211090,3.4420018466,-0.4693684563
