Instance,INF_avg,INF_sd,INF_r1,INF_kr,INF_sk,SUP_avg,SUP_sd,SUP_r1,SUP_kr,SUP_sk,INC_avg,INC_sd,INC_r1,INC_kr,INC_sk,IND_avg,IND_sd,IND_r1,IND_kr,IND_sk
359,0.2746000000,0.0542295123,0.1037271584,2.8803918991,0.2899359140,0.2683000000,0.0528404201,0.1873670812,2.2534462027,-0.0668671256,0.4571000000,0.0514450192,0.0919758123,2.9061605357,-0.0232110767,0.4571000000,0.0514450192,0.0919758123,2.9061605357,-0.0232110767
