Instance,INF_avg,INF_sd,INF_r1,INF_kr,INF_sk,SUP_avg,SUP_sd,SUP_r1,SUP_kr,SUP_sk,INC_avg,INC_sd,INC_r1,INC_kr,INC_sk,IND_avg,IND_sd,IND_r1,IND_kr,IND_sk
244,0.2456000000,0.0468256340,-0.1488163288,3.3460193657,-0.3760719471,0.2568000000,0.0687441634,0.3004424273,2.7028208190,0.5554250713,0.4976000000,0.0738257408,0.1583503667,2.5894220941,-0.0479770950,0.4976000000,0.0738257408,0.1583503667,2.5894220941,-0.0479770950
