Instance,INF_avg,INF_sd,INF_r1,INF_kr,INF_sk,SUP_avg,SUP_sd,SUP_r1,SUP_kr,SUP_sk,INC_avg,INC_sd,INC_r1,INC_kr,INC_sk,IND_avg,IND_sd,IND_r1,IND_kr,IND_sk
271,0.3100000000,0.1240967365,0.5013123360,1.7541743970,0.2417468892,0.2600000000,0.0888819442,0.2015209125,3.2890562410,0.4443385128,0.4300000000,0.0714142843,0.1916167665,2.2479815456,-0.0988433000,0.4300000000,0.0714142843,0.1916167665,2.2479815456,-0.0988433000
