Instance,INF_avg,INF_sd,INF_r1,INF_kr,INF_sk,SUP_avg,SUP_sd,SUP_r1,SUP_kr,SUP_sk,INC_avg,INC_sd,INC_r1,INC_kr,INC_sk,IND_avg,IND_sd,IND_r1,IND_kr,IND_sk
121,0.2424000000,0.0564467891,0.1224119187,3.2392232063,0.0778705201,0.2474000000,0.0615568030,-0.0998412011,2.8510374668,-0.0389548366,0.5102000000,0.0687310701,-0.0049116521,2.9281489963,-0.1505912234,0.5102000000,0.0687310701,-0.0049116521,2.9281489963,-0.1505912234
