Instance,INF_avg,INF_sd,INF_r1,INF_kr,INF_sk,SUP_avg,SUP_sd,SUP_r1,SUP_kr,SUP_sk,INC_avg,INC_sd,INC_r1,INC_kr,INC_sk,IND_avg,IND_sd,IND_r1,IND_kr,IND_sk
192,0.1680000000,0.0530659966,-0.5811965812,2.3622159091,0.5936004596,0.3440000000,0.0852291030,-0.9747899160,2.2016825477,0.2028220760,0.4880000000,0.0545527268,-0.4434180139,3.1437738467,-1.4286267334,0.4880000000,0.0545527268,-0.4434180139,3.1437738467,-1.4286267334
