Instance,INF_avg,INF_sd,INF_r1,INF_kr,INF_sk,SUP_avg,SUP_sd,SUP_r1,SUP_kr,SUP_sk,INC_avg,INC_sd,INC_r1,INC_kr,INC_sk,IND_avg,IND_sd,IND_r1,IND_kr,IND_sk
326,0.2532000000,0.0607433947,0.1238976706,2.9245109211,-0.0903698533,0.2608000000,0.0582353844,0.0521949965,2.0208959230,0.0430397292,0.4860000000,0.0698856208,-0.0591667910,3.1097461097,-0.3186674169,0.4860000000,0.0698856208,-0.0591667910,3.1097461097,-0.3186674169
