Instance,INF_avg,INF_sd,INF_r1,INF_kr,INF_sk,SUP_avg,SUP_sd,SUP_r1,SUP_kr,SUP_sk,INC_avg,INC_sd,INC_r1,INC_kr,INC_sk,IND_avg,IND_sd,IND_r1,IND_kr,IND_sk
468,0.3650000000,0.0975961065,-0.2576442436,2.6688780044,0.3017417391,0.2100000000,0.0800000000,-0.3942307692,2.7739257813,-0.1816406250,0.4250000000,0.1209338662,-0.3244444444,2.2342756958,0.5088604496,0.4250000000,0.1209338662,-0.3244444444,2.2342756958,0.5088604496
