Instance,INF_avg,INF_sd,INF_r1,INF_kr,INF_sk,SUP_avg,SUP_sd,SUP_r1,SUP_kr,SUP_sk,INC_avg,INC_sd,INC_r1,INC_kr,INC_sk,IND_avg,IND_sd,IND_r1,IND_kr,IND_sk
42,0.2620000000,0.0468614981,-0.2585299279,1.9324653866,0.2819609979,0.1950000000,0.0400624512,0.4502369668,2.0355489562,0.6018640593,0.5430000000,0.0374299345,0.1002151176,2.3365063499,0.8631687865,0.5430000000,0.0374299345,0.1002151176,2.3365063499,0.8631687865
