Instance,INF_avg,INF_sd,INF_r1,INF_kr,INF_sk,SUP_avg,SUP_sd,SUP_r1,SUP_kr,SUP_sk,INC_avg,INC_sd,INC_r1,INC_kr,INC_sk,IND_avg,IND_sd,IND_r1,IND_kr,IND_sk
483,0.2760000000,0.0344093011,-0.0734463277,1.9945215486,-0.3958703373,0.2360000000,0.0674091982,-1.2549019608,2.6300833168,0.9251882364,0.4880000000,0.0805977667,-0.9830899308,2.1138707564,0.3674514165,0.4880000000,0.0805977667,-0.9830899308,2.1138707564,0.3674514165
