Instance,INF_avg,INF_sd,INF_r1,INF_kr,INF_sk,SUP_avg,SUP_sd,SUP_r1,SUP_kr,SUP_sk,INC_avg,INC_sd,INC_r1,INC_kr,INC_sk,IND_avg,IND_sd,IND_r1,IND_kr,IND_sk
389,0.2360000000,0.0420475921,0.3671488821,3.1893593497,0.4326061101,0.2730000000,0.0498497743,-0.1256779366,2.7317535798,0.3312003273,0.4910000000,0.0480936586,-0.1589613132,3.4016647573,-0.3085203604,0.4910000000,0.0480936586,-0.1589613132,3.4016647573,-0.3085203604
