Instance,INF_avg,INF_sd,INF_r1,INF_kr,INF_sk,SUP_avg,SUP_sd,SUP_r1,SUP_kr,SUP_sk,INC_avg,INC_sd,INC_r1,INC_kr,INC_sk,IND_avg,IND_sd,IND_r1,IND_kr,IND_sk
2,0.2560000000,0.1084619749,-0.0773590670,2.7008478312,0.3570149205,0.2550000000,0.0965660396,0.0822532266,2.5245707221,0.1499203225,0.4890000000,0.1262101422,0.0947540594,2.7328856119,0.4536347916,0.4890000000,0.1262101422,0.0947540594,2.7328856119,0.4536347916
