Instance,INF_avg,INF_sd,INF_r1,INF_kr,INF_sk,SUP_avg,SUP_sd,SUP_r1,SUP_kr,SUP_sk,INC_avg,INC_sd,INC_r1,INC_kr,INC_sk,IND_avg,IND_sd,IND_r1,IND_kr,IND_sk
328,0.2700000000,0.0518073354,0.1998508576,3.2428743717,-0.0241638154,0.2596000000,0.0440436147,0.0650249586,4.0074434163,0.7416863008,0.4704000000,0.0558197098,0.0610714638,3.3996249667,0.0125394534,0.4704000000,0.0558197098,0.0610714638,3.3996249667,0.0125394534
