Instance,INF_avg,INF_sd,INF_r1,INF_kr,INF_sk,SUP_avg,SUP_sd,SUP_r1,SUP_kr,SUP_sk,INC_avg,INC_sd,INC_r1,INC_kr,INC_sk,IND_avg,IND_sd,IND_r1,IND_kr,IND_sk
480,0.2520000000,0.0560000000,-0.2059471366,2.2699396085,0.1672740525,0.2180000000,0.0561782876,0.5453889450,1.9150149152,0.4272113127,0.5300000000,0.0688476579,-0.1558073654,3.2321209208,0.4412604257,0.5300000000,0.0688476579,-0.1558073654,3.2321209208,0.4412604257
