Instance,INF_avg,INF_sd,INF_r1,INF_kr,INF_sk,SUP_avg,SUP_sd,SUP_r1,SUP_kr,SUP_sk,INC_avg,INC_sd,INC_r1,INC_kr,INC_sk,IND_avg,IND_sd,IND_r1,IND_kr,IND_sk
480,0.1892000000,0.0252855690,-0.2825700053,2.5837204509,0.0083490750,0.2868000000,0.0225778653,0.4380574758,3.6921563029,0.6139790035,0.5240000000,0.0277488739,0.0631858612,2.0622668241,0.1996571021,0.5240000000,0.0277488739,0.0631858612,2.0622668241,0.1996571021
