Instance,INF_avg,INF_sd,INF_r1,INF_kr,INF_sk,SUP_avg,SUP_sd,SUP_r1,SUP_kr,SUP_sk,INC_avg,INC_sd,INC_r1,INC_kr,INC_sk,IND_avg,IND_sd,IND_r1,IND_kr,IND_sk
56,0.2607142857,0.1104836307,0.2257968866,3.0087328806,0.6019214125,0.2107142857,0.1197893559,-0.1007530604,2.4780112593,0.4477701280,0.5285714286,0.1097306535,-0.1449051950,2.3463983051,-0.0757136781,0.5285714286,0.1097306535,-0.1449051950,2.3463983051,-0.0757136781
