Instance,INF_avg,INF_sd,INF_r1,INF_kr,INF_sk,SUP_avg,SUP_sd,SUP_r1,SUP_kr,SUP_sk,INC_avg,INC_sd,INC_r1,INC_kr,INC_sk,IND_avg,IND_sd,IND_r1,IND_kr,IND_sk
39,0.2442000000,0.0343563677,0.0292616851,2.7829833581,0.0886096329,0.2966000000,0.0465879813,-0.0100270236,2.7520377997,-0.3251915823,0.4592000000,0.0442194527,0.2422020543,4.2435850082,-0.2769518082,0.4592000000,0.0442194527,0.2422020543,4.2435850082,-0.2769518082
