Instance,INF_avg,INF_sd,INF_r1,INF_kr,INF_sk,SUP_avg,SUP_sd,SUP_r1,SUP_kr,SUP_sk,INC_avg,INC_sd,INC_r1,INC_kr,INC_sk,IND_avg,IND_sd,IND_r1,IND_kr,IND_sk
306,0.2380000000,0.0593632883,0.1573514777,3.0104694773,0.0238627630,0.2172000000,0.0586528772,0.1111227368,3.1129900169,0.1139847051,0.5448000000,0.0712808530,0.1930962729,3.1775000559,-0.3719648112,0.5448000000,0.0712808530,0.1930962729,3.1775000559,-0.3719648112
