Instance,INF_avg,INF_sd,INF_r1,INF_kr,INF_sk,SUP_avg,SUP_sd,SUP_r1,SUP_kr,SUP_sk,INC_avg,INC_sd,INC_r1,INC_kr,INC_sk,IND_avg,IND_sd,IND_r1,IND_kr,IND_sk
420,0.2800000000,0.1077032961,0.0490430622,1.9531807372,-0.0168086297,0.2300000000,0.1288409873,0.0736688549,2.5668456960,0.8317902321,0.4900000000,0.0830662386,-0.2046444122,3.3957151859,-0.7275492860,0.4900000000,0.0830662386,-0.2046444122,3.3957151859,-0.7275492860
