Instance,INF_avg,INF_sd,INF_r1,INF_kr,INF_sk,SUP_avg,SUP_sd,SUP_r1,SUP_kr,SUP_sk,INC_avg,INC_sd,INC_r1,INC_kr,INC_sk,IND_avg,IND_sd,IND_r1,IND_kr,IND_sk
177,0.2328000000,0.0685577129,-0.0475943407,2.1463969075,0.3370758642,0.2968000000,0.0514369517,-0.1082403442,2.0321223764,0.0222798722,0.4704000000,0.0676745151,-0.0699052651,3.4030102443,-0.1538882052,0.4704000000,0.0676745151,-0.0699052651,3.4030102443,-0.1538882052
