Instance,INF_avg,INF_sd,INF_r1,INF_kr,INF_sk,SUP_avg,SUP_sd,SUP_r1,SUP_kr,SUP_sk,INC_avg,INC_sd,INC_r1,INC_kr,INC_sk,IND_avg,IND_sd,IND_r1,IND_kr,IND_sk
468,0.3100000000,0.1240967365,-0.7685305592,1.3240850059,0.0062791400,0.2200000000,0.0678232998,-0.3800904977,2.3638941399,-0.7500308204,0.4700000000,0.1029563014,-0.7585551331,2.0685297259,-0.4068404933,0.4700000000,0.1029563014,-0.7585551331,2.0685297259,-0.4068404933
