Instance,INF_avg,INF_sd,INF_r1,INF_kr,INF_sk,SUP_avg,SUP_sd,SUP_r1,SUP_kr,SUP_sk,INC_avg,INC_sd,INC_r1,INC_kr,INC_sk,IND_avg,IND_sd,IND_r1,IND_kr,IND_sk
485,0.2800000000,0.0842614977,-0.4518413598,1.6816107915,0.0150437112,0.2900000000,0.0943398113,0.5100864553,2.0814291125,-0.0678875047,0.4300000000,0.0640312424,-0.0150375940,2.0267697799,0.4913759825,0.4300000000,0.0640312424,-0.0150375940,2.0267697799,0.4913759825
