Instance,INF_avg,INF_sd,INF_r1,INF_kr,INF_sk,SUP_avg,SUP_sd,SUP_r1,SUP_kr,SUP_sk,INC_avg,INC_sd,INC_r1,INC_kr,INC_sk,IND_avg,IND_sd,IND_r1,IND_kr,IND_sk
394,0.3250000000,0.0750000000,0.4814814815,3.3703703704,-1.0666666667,0.2200000000,0.1004987562,0.4226327945,1.7838447211,0.1832444727,0.4550000000,0.1273773920,0.3805585895,2.0429604868,0.0696763567,0.4550000000,0.1273773920,0.3805585895,2.0429604868,0.0696763567
