Instance,INF_avg,INF_sd,INF_r1,INF_kr,INF_sk,SUP_avg,SUP_sd,SUP_r1,SUP_kr,SUP_sk,INC_avg,INC_sd,INC_r1,INC_kr,INC_sk,IND_avg,IND_sd,IND_r1,IND_kr,IND_sk
301,0.3373214286,0.0908489931,0.3205238755,4.4844568490,0.6123129460,0.1639285714,0.0713061451,0.5768118054,3.0360932315,0.3365342133,0.4987500000,0.0699633195,-0.1368713057,3.2933184675,-0.5372857046,0.4987500000,0.0699633195,-0.1368713057,3.2933184675,-0.5372857046
