Instance,INF_avg,INF_sd,INF_r1,INF_kr,INF_sk,SUP_avg,SUP_sd,SUP_r1,SUP_kr,SUP_sk,INC_avg,INC_sd,INC_r1,INC_kr,INC_sk,IND_avg,IND_sd,IND_r1,IND_kr,IND_sk
479,0.2400000000,0.0438178046,-0.4000000000,2.5000000000,-0.9128709292,0.1840000000,0.0697423831,-0.1224489796,2.3637898199,-0.7618262610,0.5760000000,0.0542586399,-0.0190703218,1.9651465028,0.1514485311,0.5760000000,0.0542586399,-0.0190703218,1.9651465028,0.1514485311
