Instance,INF_avg,INF_sd,INF_r1,INF_kr,INF_sk,SUP_avg,SUP_sd,SUP_r1,SUP_kr,SUP_sk,INC_avg,INC_sd,INC_r1,INC_kr,INC_sk,IND_avg,IND_sd,IND_r1,IND_kr,IND_sk
345,0.3166000000,0.0436055042,-0.1603197816,4.9139109886,1.2403203592,0.3196000000,0.0470727097,-0.1696208459,2.1335267946,0.1559750682,0.3638000000,0.0352215843,-0.0926327101,2.2000952634,0.1310861892,0.3638000000,0.0352215843,-0.0926327101,2.2000952634,0.1310861892
