Instance,INF_avg,INF_sd,INF_r1,INF_kr,INF_sk,SUP_avg,SUP_sd,SUP_r1,SUP_kr,SUP_sk,INC_avg,INC_sd,INC_r1,INC_kr,INC_sk,IND_avg,IND_sd,IND_r1,IND_kr,IND_sk
73,0.3848000000,0.0684175416,0.1573902817,3.0677974837,-0.3052410058,0.3476000000,0.0649171780,0.1101104860,3.1840054437,0.6408310227,0.2676000000,0.0597849479,0.0708553699,2.6011960028,0.1070186091,0.2676000000,0.0597849479,0.0708553699,2.6011960028,0.1070186091
