Instance,INF_avg,INF_sd,INF_r1,INF_kr,INF_sk,SUP_avg,SUP_sd,SUP_r1,SUP_kr,SUP_sk,INC_avg,INC_sd,INC_r1,INC_kr,INC_sk,IND_avg,IND_sd,IND_r1,IND_kr,IND_sk
274,0.2560000000,0.0726636085,-0.2676930718,2.0839118457,0.3563119094,0.2464000000,0.0616363529,-0.0782705978,2.1966596981,0.1410848706,0.4976000000,0.0591459212,-0.3961768430,4.5339751213,-1.2840518990,0.4976000000,0.0591459212,-0.3961768430,4.5339751213,-1.2840518990
