Instance,INF_avg,INF_sd,INF_r1,INF_kr,INF_sk,SUP_avg,SUP_sd,SUP_r1,SUP_kr,SUP_sk,INC_avg,INC_sd,INC_r1,INC_kr,INC_sk,IND_avg,IND_sd,IND_r1,IND_kr,IND_sk
41,0.2320000000,0.1515783626,0.2742266229,2.0215896835,-0.3441227297,0.2520000000,0.1445544880,-0.3586522170,2.1395784329,0.4765976816,0.5160000000,0.1759090674,-0.0490631456,3.7176092329,0.4612235371,0.5160000000,0.1759090674,-0.0490631456,3.7176092329,0.4612235371
