Instance,INF_avg,INF_sd,INF_r1,INF_kr,INF_sk,SUP_avg,SUP_sd,SUP_r1,SUP_kr,SUP_sk,INC_avg,INC_sd,INC_r1,INC_kr,INC_sk,IND_avg,IND_sd,IND_r1,IND_kr,IND_sk
150,0.2404000000,0.0531398156,-0.0695740419,3.0956677960,0.4007196752,0.2788000000,0.0655328925,0.0494463592,2.4716096192,0.1794451826,0.4808000000,0.0723281411,-0.1315784966,3.0455455657,-0.2708315808,0.4808000000,0.0723281411,-0.1315784966,3.0455455657,-0.2708315808
