Instance,INF_avg,INF_sd,INF_r1,INF_kr,INF_sk,SUP_avg,SUP_sd,SUP_r1,SUP_kr,SUP_sk,INC_avg,INC_sd,INC_r1,INC_kr,INC_sk,IND_avg,IND_sd,IND_r1,IND_kr,IND_sk
454,0.2587000000,0.0368281143,0.4487004353,2.4316997869,0.1584434872,0.2559500000,0.0389403069,0.4898671775,2.5810556795,0.0780954047,0.4853500000,0.0323052240,0.1364700932,3.0856133860,0.1399362716,0.4853500000,0.0323052240,0.1364700932,3.0856133860,0.1399362716
