Instance,INF_avg,INF_sd,INF_r1,INF_kr,INF_sk,SUP_avg,SUP_sd,SUP_r1,SUP_kr,SUP_sk,INC_avg,INC_sd,INC_r1,INC_kr,INC_sk,IND_avg,IND_sd,IND_r1,IND_kr,IND_sk
288,0.2533500000,0.0302742052,0.1149801167,2.1688131800,0.0678467453,0.2494500000,0.0312321549,-0.1239791227,3.2106218539,0.2141255421,0.4972000000,0.0324678302,0.0756471439,3.7863042224,0.6725647857,0.4972000000,0.0324678302,0.0756471439,3.7863042224,0.6725647857
