Instance,INF_avg,INF_sd,INF_r1,INF_kr,INF_sk,SUP_avg,SUP_sd,SUP_r1,SUP_kr,SUP_sk,INC_avg,INC_sd,INC_r1,INC_kr,INC_sk,IND_avg,IND_sd,IND_r1,IND_kr,IND_sk
79,0.2632000000,0.0250551392,-0.2190954210,2.5637216717,-0.2599888301,0.3150000000,0.0318119474,0.1246105919,2.9264439376,-0.2497383741,0.4218000000,0.0399969999,0.0851340439,2.0848605000,0.0250128777,0.4218000000,0.0399969999,0.0851340439,2.0848605000,0.0250128777
