Instance,INF_avg,INF_sd,INF_r1,INF_kr,INF_sk,SUP_avg,SUP_sd,SUP_r1,SUP_kr,SUP_sk,INC_avg,INC_sd,INC_r1,INC_kr,INC_sk,IND_avg,IND_sd,IND_r1,IND_kr,IND_sk
132,0.2450000000,0.1437880384,0.0500974352,2.8332838643,0.5542721314,0.2600000000,0.1385640646,0.1870704467,2.4414062500,0.4014388590,0.4950000000,0.1633248297,0.0606489889,2.3340453882,0.2043409180,0.4950000000,0.1633248297,0.0606489889,2.3340453882,0.2043409180
