Instance,INF_avg,INF_sd,INF_r1,INF_kr,INF_sk,SUP_avg,SUP_sd,SUP_r1,SUP_kr,SUP_sk,INC_avg,INC_sd,INC_r1,INC_kr,INC_sk,IND_avg,IND_sd,IND_r1,IND_kr,IND_sk
476,0.2880000000,0.1305986217,0.1117683445,3.2953423047,0.7612801538,0.2040000000,0.1843474979,0.1679993908,2.2633608903,0.7457667043,0.5080000000,0.1978282083,-0.0800568046,2.0717325799,-0.0490526939,0.5080000000,0.1978282083,-0.0800568046,2.0717325799,-0.0490526939
