Instance,INF_avg,INF_sd,INF_r1,INF_kr,INF_sk,SUP_avg,SUP_sd,SUP_r1,SUP_kr,SUP_sk,INC_avg,INC_sd,INC_r1,INC_kr,INC_sk,IND_avg,IND_sd,IND_r1,IND_kr,IND_sk
225,0.2400000000,0.1456021978,0.0297937357,2.6183695265,0.3343304292,0.2780000000,0.1533492745,0.0841848132,3.5599732382,0.6718234813,0.4820000000,0.1627144738,0.0282997855,2.8110763145,0.2775134902,0.4820000000,0.1627144738,0.0282997855,2.8110763145,0.2775134902
