Instance,INF_avg,INF_sd,INF_r1,INF_kr,INF_sk,SUP_avg,SUP_sd,SUP_r1,SUP_kr,SUP_sk,INC_avg,INC_sd,INC_r1,INC_kr,INC_sk,IND_avg,IND_sd,IND_r1,IND_kr,IND_sk
273,0.2200000000,0.0424264069,-0.8295454545,1.8481481481,0.2357022604,0.3200000000,0.0319374388,-0.5686274510,2.7854671280,-0.1657652535,0.4600000000,0.0296647939,-0.2738095238,1.5547520661,0.0229840862,0.4600000000,0.0296647939,-0.2738095238,1.5547520661,0.0229840862
