Instance,INF_avg,INF_sd,INF_r1,INF_kr,INF_sk,SUP_avg,SUP_sd,SUP_r1,SUP_kr,SUP_sk,INC_avg,INC_sd,INC_r1,INC_kr,INC_sk,IND_avg,IND_sd,IND_r1,IND_kr,IND_sk
347,0.2540000000,0.1203494911,-0.0254892699,2.3351445483,0.2501964802,0.2120000000,0.1210619676,0.0036251665,2.9114051982,0.4456197047,0.5340000000,0.1557048490,-0.0158728032,2.9493183760,0.0603479551,0.5340000000,0.1557048490,-0.0158728032,2.9493183760,0.0603479551
