Instance,INF_avg,INF_sd,INF_r1,INF_kr,INF_sk,SUP_avg,SUP_sd,SUP_r1,SUP_kr,SUP_sk,INC_avg,INC_sd,INC_r1,INC_kr,INC_sk,IND_avg,IND_sd,IND_r1,IND_kr,IND_sk
365,0.2360000000,0.0198494332,-0.3598759049,3.0871833853,1.3671451224,0.2290000000,0.0188148877,0.4218551461,1.6071531169,-0.4071784569,0.5350000000,0.0126491106,-0.7500000000,1.5625000000,0.5929270613,0.5350000000,0.0126491106,-0.7500000000,1.5625000000,0.5929270613
