Instance,INF_avg,INF_sd,INF_r1,INF_kr,INF_sk,SUP_avg,SUP_sd,SUP_r1,SUP_kr,SUP_sk,INC_avg,INC_sd,INC_r1,INC_kr,INC_sk,IND_avg,IND_sd,IND_r1,IND_kr,IND_sk
148,0.2466000000,0.0366802399,0.3563081062,3.2842286703,0.2239625969,0.2629000000,0.0356102513,0.3179904125,2.5664411779,0.1387542906,0.4905000000,0.0392969464,0.0239712840,2.4891785103,-0.0804820890,0.4905000000,0.0392969464,0.0239712840,2.4891785103,-0.0804820890
