Instance,INF_avg,INF_sd,INF_r1,INF_kr,INF_sk,SUP_avg,SUP_sd,SUP_r1,SUP_kr,SUP_sk,INC_avg,INC_sd,INC_r1,INC_kr,INC_sk,IND_avg,IND_sd,IND_r1,IND_kr,IND_sk
335,0.2880000000,0.0574108004,-0.6365688488,1.4902912621,-0.5053005453,0.2680000000,0.0785875308,-0.4764201501,2.2414158769,-0.2800744910,0.4440000000,0.0463033476,-0.0091743119,2.1988193362,0.3365218792,0.4440000000,0.0463033476,-0.0091743119,2.1988193362,0.3365218792
