Instance,INF_avg,INF_sd,INF_r1,INF_kr,INF_sk,SUP_avg,SUP_sd,SUP_r1,SUP_kr,SUP_sk,INC_avg,INC_sd,INC_r1,INC_kr,INC_sk,IND_avg,IND_sd,IND_r1,IND_kr,IND_sk
477,0.2380000000,0.0977547953,0.0527795450,2.6412194092,-0.0955483537,0.2790000000,0.1030000000,0.1523419094,2.4300996542,0.0779041792,0.4830000000,0.1247437373,0.0957075066,3.1642578613,0.0958324794,0.4830000000,0.1247437373,0.0957075066,3.1642578613,0.0958324794
