Instance,INF_avg,INF_sd,INF_r1,INF_kr,INF_sk,SUP_avg,SUP_sd,SUP_r1,SUP_kr,SUP_sk,INC_avg,INC_sd,INC_r1,INC_kr,INC_sk,IND_avg,IND_sd,IND_r1,IND_kr,IND_sk
204,0.2520000000,0.1389100428,-0.0971697032,3.2060138775,0.0034382823,0.2320000000,0.1121427662,0.0315582873,2.4326185343,-0.4822097558,0.5160000000,0.1616910635,-0.1023906645,1.6044766281,-0.0328837807,0.5160000000,0.1616910635,-0.1023906645,1.6044766281,-0.0328837807
