Instance,INF_avg,INF_sd,INF_r1,INF_kr,INF_sk,SUP_avg,SUP_sd,SUP_r1,SUP_kr,SUP_sk,INC_avg,INC_sd,INC_r1,INC_kr,INC_sk,IND_avg,IND_sd,IND_r1,IND_kr,IND_sk
364,0.1900000000,0.0583095189,-0.4285714286,1.6280276817,-0.3631734744,0.2300000000,0.0927361850,-0.4201877934,2.4826933478,0.9704949588,0.5800000000,0.1288409873,-0.5193704600,2.6376106837,-0.6760925664,0.5800000000,0.1288409873,-0.5193704600,2.6376106837,-0.6760925664
