Instance,INF_avg,INF_sd,INF_r1,INF_kr,INF_sk,SUP_avg,SUP_sd,SUP_r1,SUP_kr,SUP_sk,INC_avg,INC_sd,INC_r1,INC_kr,INC_sk,IND_avg,IND_sd,IND_r1,IND_kr,IND_sk
74,0.2200000000,0.1131370850,0.1884816754,2.9492187500,0.4308931948,0.3480000000,0.1920833153,-0.1713544535,1.8280382486,-0.1557216726,0.4320000000,0.1541946821,-0.1098864089,2.6035560249,0.0449345429,0.4320000000,0.1541946821,-0.1098864089,2.6035560249,0.0449345429
