Instance,INF_avg,INF_sd,INF_r1,INF_kr,INF_sk,SUP_avg,SUP_sd,SUP_r1,SUP_kr,SUP_sk,INC_avg,INC_sd,INC_r1,INC_kr,INC_sk,IND_avg,IND_sd,IND_r1,IND_kr,IND_sk
442,0.2445000000,0.0929771477,-0.0964504402,2.6999487553,-0.2033497516,0.2485000000,0.0804534027,0.0191924502,2.7927730976,-0.1096855068,0.5070000000,0.1100045454,-0.0496218190,2.2476299577,0.3403304615,0.5070000000,0.1100045454,-0.0496218190,2.2476299577,0.3403304615
