Instance,INF_avg,INF_sd,INF_r1,INF_kr,INF_sk,SUP_avg,SUP_sd,SUP_r1,SUP_kr,SUP_sk,INC_avg,INC_sd,INC_r1,INC_kr,INC_sk,IND_avg,IND_sd,IND_r1,IND_kr,IND_sk
273,0.2744000000,0.0552868881,0.0014718462,2.9208771559,0.4109491648,0.2552000000,0.0595395667,0.0345783816,3.3968519309,-0.3670994417,0.4704000000,0.0644037266,0.0692820464,2.4312320388,0.2061214332,0.4704000000,0.0644037266,0.0692820464,2.4312320388,0.2061214332
