Instance,INF_avg,INF_sd,INF_r1,INF_kr,INF_sk,SUP_avg,SUP_sd,SUP_r1,SUP_kr,SUP_sk,INC_avg,INC_sd,INC_r1,INC_kr,INC_sk,IND_avg,IND_sd,IND_r1,IND_kr,IND_sk
22,0.2360000000,0.0637495098,0.7406513872,1.3299336599,0.1823080253,0.2600000000,0.0400000000,-0.5454545455,2.0500000000,0.0000000000,0.5040000000,0.0741889480,0.3319477435,2.0035492158,-0.5106383359,0.5040000000,0.0741889480,0.3319477435,2.0035492158,-0.5106383359
