Instance,INF_avg,INF_sd,INF_r1,INF_kr,INF_sk,SUP_avg,SUP_sd,SUP_r1,SUP_kr,SUP_sk,INC_avg,INC_sd,INC_r1,INC_kr,INC_sk,IND_avg,IND_sd,IND_r1,IND_kr,IND_sk
405,0.3480000000,0.1486472334,0.1059989870,3.1468984527,0.3311252643,0.2910000000,0.1435931753,0.1321543849,3.6167593838,0.6442433483,0.3610000000,0.1580474612,-0.1240714942,2.4972795508,0.1549854433,0.3610000000,0.1580474612,-0.1240714942,2.4972795508,0.1549854433
