Instance,INF_avg,INF_sd,INF_r1,INF_kr,INF_sk,SUP_avg,SUP_sd,SUP_r1,SUP_kr,SUP_sk,INC_avg,INC_sd,INC_r1,INC_kr,INC_sk,IND_avg,IND_sd,IND_r1,IND_kr,IND_sk
455,0.4500000000,0.1465284554,0.5767790262,3.0640833177,0.0420695321,0.1691176471,0.1300535556,0.5543612900,5.1333639572,1.5731343068,0.3808823529,0.0891254122,0.1593260953,2.9680281469,-0.3488898718,0.3808823529,0.0891254122,0.1593260953,2.9680281469,-0.3488898718
