Instance,INF_avg,INF_sd,INF_r1,INF_kr,INF_sk,SUP_avg,SUP_sd,SUP_r1,SUP_kr,SUP_sk,INC_avg,INC_sd,INC_r1,INC_kr,INC_sk,IND_avg,IND_sd,IND_r1,IND_kr,IND_sk
8,0.2667000000,0.0427096008,0.3594510130,2.7876391252,-0.0911070006,0.2946000000,0.0478731658,0.5754700457,2.9713335294,-0.3388218092,0.4387000000,0.0421877944,0.2067131204,4.5166460163,0.3999860511,0.4387000000,0.0421877944,0.2067131204,4.5166460163,0.3999860511
