Instance,INF_avg,INF_sd,INF_r1,INF_kr,INF_sk,SUP_avg,SUP_sd,SUP_r1,SUP_kr,SUP_sk,INC_avg,INC_sd,INC_r1,INC_kr,INC_sk,IND_avg,IND_sd,IND_r1,IND_kr,IND_sk
300,0.2586000000,0.0445874422,0.0772561945,2.2171677584,0.0533892778,0.2436000000,0.0405344298,0.0964068182,2.2996324094,0.2427715821,0.4978000000,0.0507263245,0.0031276945,1.9612541876,-0.2539436967,0.4978000000,0.0507263245,0.0031276945,1.9612541876,-0.2539436967
