Instance,INF_avg,INF_sd,INF_r1,INF_kr,INF_sk,SUP_avg,SUP_sd,SUP_r1,SUP_kr,SUP_sk,INC_avg,INC_sd,INC_r1,INC_kr,INC_sk,IND_avg,IND_sd,IND_r1,IND_kr,IND_sk
95,0.3208000000,0.0779702507,0.2918038309,2.7617808097,0.3445692951,0.3224000000,0.0793614516,0.2500633936,2.8851409084,-0.1032358621,0.3568000000,0.0821569230,0.3643143014,2.9505415948,0.4383284841,0.3568000000,0.0821569230,0.3643143014,2.9505415948,0.4383284841
