Instance,INF_avg,INF_sd,INF_r1,INF_kr,INF_sk,SUP_avg,SUP_sd,SUP_r1,SUP_kr,SUP_sk,INC_avg,INC_sd,INC_r1,INC_kr,INC_sk,IND_avg,IND_sd,IND_r1,IND_kr,IND_sk
358,0.1700000000,0.0678232998,-0.4380530973,2.9310018904,1.1731251294,0.3000000000,0.1224744871,-0.7586206897,1.9666666667,-0.4082482905,0.5300000000,0.0748331477,-0.6883116883,2.1339285714,-0.7301958931,0.5300000000,0.0748331477,-0.6883116883,2.1339285714,-0.7301958931
