Instance,INF_avg,INF_sd,INF_r1,INF_kr,INF_sk,SUP_avg,SUP_sd,SUP_r1,SUP_kr,SUP_sk,INC_avg,INC_sd,INC_r1,INC_kr,INC_sk,IND_avg,IND_sd,IND_r1,IND_kr,IND_sk
80,0.3360000000,0.0880000000,0.4046865104,2.0615565877,0.4158527423,0.1520000000,0.0370944740,-0.5258215962,2.9694429421,-1.2864700617,0.5120000000,0.1016661202,0.1223510596,1.5590152307,-0.2598196983,0.5120000000,0.1016661202,0.1223510596,1.5590152307,-0.2598196983
