Instance,INF_avg,INF_sd,INF_r1,INF_kr,INF_sk,SUP_avg,SUP_sd,SUP_r1,SUP_kr,SUP_sk,INC_avg,INC_sd,INC_r1,INC_kr,INC_sk,IND_avg,IND_sd,IND_r1,IND_kr,IND_sk
216,0.3400000000,0.1649242250,-0.2628534704,2.6643598616,0.6313059652,0.1760000000,0.1175755077,-0.1083286960,3.6410268776,0.7685368570,0.4840000000,0.1616910635,0.0002372542,2.3572980229,-0.1942141520,0.4840000000,0.1616910635,0.0002372542,2.3572980229,-0.1942141520
