Instance,INF_avg,INF_sd,INF_r1,INF_kr,INF_sk,SUP_avg,SUP_sd,SUP_r1,SUP_kr,SUP_sk,INC_avg,INC_sd,INC_r1,INC_kr,INC_sk,IND_avg,IND_sd,IND_r1,IND_kr,IND_sk
89,0.2178000000,0.0594572115,0.0472196829,3.0290447547,0.0748972234,0.2568000000,0.0515922475,0.0076344180,4.0186247769,0.8166371734,0.5254000000,0.0680502755,0.1529388056,2.9676908836,-0.0473997237,0.5254000000,0.0680502755,0.1529388056,2.9676908836,-0.0473997237
