Instance,INF_avg,INF_sd,INF_r1,INF_kr,INF_sk,SUP_avg,SUP_sd,SUP_r1,SUP_kr,SUP_sk,INC_avg,INC_sd,INC_r1,INC_kr,INC_sk,IND_avg,IND_sd,IND_r1,IND_kr,IND_sk
184,0.2300000000,0.1228820573,-0.1521252796,2.8264988378,0.7889975521,0.2500000000,0.1024695077,-0.2195121951,2.4829931973,0.2091214442,0.5200000000,0.1029563014,-0.2349397590,1.8015307939,0.2803900697,0.5200000000,0.1029563014,-0.2349397590,1.8015307939,0.2803900697
