Instance,INF_avg,INF_sd,INF_r1,INF_kr,INF_sk,SUP_avg,SUP_sd,SUP_r1,SUP_kr,SUP_sk,INC_avg,INC_sd,INC_r1,INC_kr,INC_sk,IND_avg,IND_sd,IND_r1,IND_kr,IND_sk
204,0.1909090909,0.1504813214,-0.1244606704,5.2744685385,1.5954114844,0.2818181818,0.1898237547,-0.5259452412,2.1278091070,0.5806272642,0.5272727273,0.2048986849,-0.3046075085,2.1670128340,0.1372957119,0.5272727273,0.2048986849,-0.3046075085,2.1670128340,0.1372957119
