Instance,INF_avg,INF_sd,INF_r1,INF_kr,INF_sk,SUP_avg,SUP_sd,SUP_r1,SUP_kr,SUP_sk,INC_avg,INC_sd,INC_r1,INC_kr,INC_sk,IND_avg,IND_sd,IND_r1,IND_kr,IND_sk
227,0.2000000000,0.0334664011,-0.3000000000,1.2755102041,0.2561204163,0.2280000000,0.0483321839,0.2576791809,1.3230437230,-0.3877276903,0.5720000000,0.0530659966,-0.2100456621,2.2169421488,0.3700366502,0.5720000000,0.0530659966,-0.2100456621,2.2169421488,0.3700366502
