Instance,INF_avg,INF_sd,INF_r1,INF_kr,INF_sk,SUP_avg,SUP_sd,SUP_r1,SUP_kr,SUP_sk,INC_avg,INC_sd,INC_r1,INC_kr,INC_sk,IND_avg,IND_sd,IND_r1,IND_kr,IND_sk
481,0.2605000000,0.1022973607,0.0281264572,4.0358861423,0.6122772226,0.2560000000,0.0977957054,-0.0228016583,3.0757561684,0.3048502877,0.4835000000,0.1005124370,-0.0725960895,2.4461748730,0.1165276619,0.4835000000,0.1005124370,-0.0725960895,2.4461748730,0.1165276619
