Instance,INF_avg,INF_sd,INF_r1,INF_kr,INF_sk,SUP_avg,SUP_sd,SUP_r1,SUP_kr,SUP_sk,INC_avg,INC_sd,INC_r1,INC_kr,INC_sk,IND_avg,IND_sd,IND_r1,IND_kr,IND_sk
400,0.2500000000,0.1024695077,-0.2121212121,1.8707482993,0.0000000000,0.2900000000,0.0943398113,-0.2484548826,2.9714682490,0.9146947998,0.4600000000,0.1113552873,0.3072289157,2.8792924037,0.8342955965,0.4600000000,0.1113552873,0.3072289157,2.8792924037,0.8342955965
