Instance,INF_avg,INF_sd,INF_r1,INF_kr,INF_sk,SUP_avg,SUP_sd,SUP_r1,SUP_kr,SUP_sk,INC_avg,INC_sd,INC_r1,INC_kr,INC_sk,IND_avg,IND_sd,IND_r1,IND_kr,IND_sk
487,0.2460000000,0.1431223253,-0.0762324819,2.7595640680,0.6739639332,0.2440000000,0.1235475617,-0.1270580122,1.7631290956,-0.1803089373,0.5100000000,0.1552417470,0.0820429464,2.7983161447,0.1218819177,0.5100000000,0.1552417470,0.0820429464,2.7983161447,0.1218819177
