Instance,INF_avg,INF_sd,INF_r1,INF_kr,INF_sk,SUP_avg,SUP_sd,SUP_r1,SUP_kr,SUP_sk,INC_avg,INC_sd,INC_r1,INC_kr,INC_sk,IND_avg,IND_sd,IND_r1,IND_kr,IND_sk
62,0.3836220472,0.1086036592,0.6123410507,2.8327329686,-0.0535206398,0.1209448819,0.0833117007,0.6972288945,3.2435954066,0.8659966449,0.4954330709,0.0706411125,0.0268841919,2.5750672256,-0.0275417343,0.4954330709,0.0706411125,0.0268841919,2.5750672256,-0.0275417343
