Instance,INF_avg,INF_sd,INF_r1,INF_kr,INF_sk,SUP_avg,SUP_sd,SUP_r1,SUP_kr,SUP_sk,INC_avg,INC_sd,INC_r1,INC_kr,INC_sk,IND_avg,IND_sd,IND_r1,IND_kr,IND_sk
288,0.2900000000,0.0517687164,-0.0110410095,2.2039429717,-0.4428422167,0.2480000000,0.0461302504,0.0639114724,2.2538724631,0.2601329909,0.4620000000,0.0541109970,0.3520199728,1.5494266774,0.0266604393,0.4620000000,0.0541109970,0.3520199728,1.5494266774,0.0266604393
