Instance,INF_avg,INF_sd,INF_r1,INF_kr,INF_sk,SUP_avg,SUP_sd,SUP_r1,SUP_kr,SUP_sk,INC_avg,INC_sd,INC_r1,INC_kr,INC_sk,IND_avg,IND_sd,IND_r1,IND_kr,IND_sk
483,0.2300000000,0.0316227766,-0.5365853659,2.7880000000,-1.1384199577,0.1980000000,0.0305941171,-0.5965092402,1.2543282928,0.3989370954,0.5720000000,0.0172046505,-0.0569105691,2.6519357195,-1.0179522960,0.5720000000,0.0172046505,-0.0569105691,2.6519357195,-1.0179522960
