Instance,INF_avg,INF_sd,INF_r1,INF_kr,INF_sk,SUP_avg,SUP_sd,SUP_r1,SUP_kr,SUP_sk,INC_avg,INC_sd,INC_r1,INC_kr,INC_sk,IND_avg,IND_sd,IND_r1,IND_kr,IND_sk
358,0.3705527638,0.0838591544,0.6879116026,2.6096225064,-0.2620723896,0.1064321608,0.0649455448,0.8087058830,2.7845683587,0.7179593440,0.5230150754,0.0497324982,0.0624737949,2.9313218460,0.3743202001,0.5230150754,0.0497324982,0.0624737949,2.9313218460,0.3743202001
