Instance,INF_avg,INF_sd,INF_r1,INF_kr,INF_sk,SUP_avg,SUP_sd,SUP_r1,SUP_kr,SUP_sk,INC_avg,INC_sd,INC_r1,INC_kr,INC_sk,IND_avg,IND_sd,IND_r1,IND_kr,IND_sk
132,0.2750000000,0.0308220700,-0.5820105820,2.5975069252,-0.6915755322,0.2550000000,0.0254950976,0.2248062016,1.7852071006,0.2715454179,0.4700000000,0.0327108545,-0.6095238095,1.8798585029,-0.1157122549,0.4700000000,0.0327108545,-0.6095238095,1.8798585029,-0.1157122549
