Instance,INF_avg,INF_sd,INF_r1,INF_kr,INF_sk,SUP_avg,SUP_sd,SUP_r1,SUP_kr,SUP_sk,INC_avg,INC_sd,INC_r1,INC_kr,INC_sk,IND_avg,IND_sd,IND_r1,IND_kr,IND_sk
99,0.2680000000,0.0604648658,-0.5538156154,2.4524441103,-0.1459154335,0.2640000000,0.0591945943,-0.3869216242,2.1756896228,-0.1837450269,0.4680000000,0.0146969385,-0.3034188034,2.8127572016,-1.1642636432,0.4680000000,0.0146969385,-0.3034188034,2.8127572016,-1.1642636432
