Instance,INF_avg,INF_sd,INF_r1,INF_kr,INF_sk,SUP_avg,SUP_sd,SUP_r1,SUP_kr,SUP_sk,INC_avg,INC_sd,INC_r1,INC_kr,INC_sk,IND_avg,IND_sd,IND_r1,IND_kr,IND_sk
4,0.2714285714,0.1000849979,-0.1145347410,3.4330323042,0.5234454535,0.1416666667,0.0723061173,0.0288896624,2.7605651552,0.4338851287,0.5869047619,0.1046874736,-0.0675570889,2.2631837144,0.1774828806,0.5869047619,0.1046874736,-0.0675570889,2.2631837144,0.1774828806
