Instance,INF_avg,INF_sd,INF_r1,INF_kr,INF_sk,SUP_avg,SUP_sd,SUP_r1,SUP_kr,SUP_sk,INC_avg,INC_sd,INC_r1,INC_kr,INC_sk,IND_avg,IND_sd,IND_r1,IND_kr,IND_sk
144,0.2480000000,0.0348711915,-0.4150943396,3.0422437673,-1.3040473294,0.2960000000,0.0662117814,-0.5104947526,2.4098513506,-0.6508643867,0.4560000000,0.0685857128,-0.4830813535,1.8747049840,0.1702026400,0.4560000000,0.0685857128,-0.4830813535,1.8747049840,0.1702026400
