Instance,INF_avg,INF_sd,INF_r1,INF_kr,INF_sk,SUP_avg,SUP_sd,SUP_r1,SUP_kr,SUP_sk,INC_avg,INC_sd,INC_r1,INC_kr,INC_sk,IND_avg,IND_sd,IND_r1,IND_kr,IND_sk
65,0.2650000000,0.1395528574,0.2549870907,2.7326911003,0.1316325950,0.2440000000,0.1395134402,0.0016981745,3.2079894058,0.3113869410,0.4910000000,0.1477125587,-0.0122964325,2.5837942284,0.1178557350,0.4910000000,0.1477125587,-0.0122964325,2.5837942284,0.1178557350
