Instance,INF_avg,INF_sd,INF_r1,INF_kr,INF_sk,SUP_avg,SUP_sd,SUP_r1,SUP_kr,SUP_sk,INC_avg,INC_sd,INC_r1,INC_kr,INC_sk,IND_avg,IND_sd,IND_r1,IND_kr,IND_sk
223,0.2490000000,0.0902718118,-0.1478858113,2.9963150128,0.5599972857,0.2600000000,0.1019803903,0.2389620449,3.3452292899,0.5346050415,0.4910000000,0.1164860507,0.0497607900,2.5684062984,-0.0287283452,0.4910000000,0.1164860507,0.0497607900,2.5684062984,-0.0287283452
