Instance,INF_avg,INF_sd,INF_r1,INF_kr,INF_sk,SUP_avg,SUP_sd,SUP_r1,SUP_kr,SUP_sk,INC_avg,INC_sd,INC_r1,INC_kr,INC_sk,IND_avg,IND_sd,IND_r1,IND_kr,IND_sk
421,0.3060000000,0.0553534100,-0.6078900179,1.5247939518,-0.0540556960,0.2000000000,0.0473286383,-0.2962962963,2.1683673469,0.5433134495,0.4940000000,0.0608604962,-0.3422074321,2.2098834253,0.6879735291,0.4940000000,0.0608604962,-0.3422074321,2.2098834253,0.6879735291
