Instance,INF_avg,INF_sd,INF_r1,INF_kr,INF_sk,SUP_avg,SUP_sd,SUP_r1,SUP_kr,SUP_sk,INC_avg,INC_sd,INC_r1,INC_kr,INC_sk,IND_avg,IND_sd,IND_r1,IND_kr,IND_sk
105,0.2468000000,0.0727307363,-0.1088336831,2.7042113130,0.2597534563,0.2472000000,0.0588910859,-0.0305679451,3.3879249574,-0.4485107750,0.5060000000,0.0751797845,-0.0617361418,3.2836055253,0.3983091797,0.5060000000,0.0751797845,-0.0617361418,3.2836055253,0.3983091797
