Instance,INF_avg,INF_sd,INF_r1,INF_kr,INF_sk,SUP_avg,SUP_sd,SUP_r1,SUP_kr,SUP_sk,INC_avg,INC_sd,INC_r1,INC_kr,INC_sk,IND_avg,IND_sd,IND_r1,IND_kr,IND_sk
336,0.3126000000,0.0372725100,0.3133100159,2.7029988105,0.2432645745,0.1701000000,0.0243000000,-0.1161340032,2.6515230751,0.3045773452,0.5173000000,0.0378973614,0.2069422534,3.5936242602,-0.4502142215,0.5173000000,0.0378973614,0.2069422534,3.5936242602,-0.4502142215
