Instance,INF_avg,INF_sd,INF_r1,INF_kr,INF_sk,SUP_avg,SUP_sd,SUP_r1,SUP_kr,SUP_sk,INC_avg,INC_sd,INC_r1,INC_kr,INC_sk,IND_avg,IND_sd,IND_r1,IND_kr,IND_sk
429,0.2800000000,0.0509901951,-0.9135802469,1.9556213018,-0.2715454179,0.2800000000,0.0927361850,-0.6901408451,1.5091941590,-0.1579875514,0.4400000000,0.1067707825,-0.6359918200,1.7206832872,0.1380231722,0.4400000000,0.1067707825,-0.6359918200,1.7206832872,0.1380231722
