Instance,INF_avg,INF_sd,INF_r1,INF_kr,INF_sk,SUP_avg,SUP_sd,SUP_r1,SUP_kr,SUP_sk,INC_avg,INC_sd,INC_r1,INC_kr,INC_sk,IND_avg,IND_sd,IND_r1,IND_kr,IND_sk
93,0.2540000000,0.0407921561,0.2146470730,2.6056998891,0.0820293450,0.2500000000,0.0424264069,-0.6158536585,1.9222222222,-0.5499719409,0.4960000000,0.0520000000,-0.5329933550,2.0226926578,-0.3391556668,0.4960000000,0.0520000000,-0.5329933550,2.0226926578,-0.3391556668
