Instance,INF_avg,INF_sd,INF_r1,INF_kr,INF_sk,SUP_avg,SUP_sd,SUP_r1,SUP_kr,SUP_sk,INC_avg,INC_sd,INC_r1,INC_kr,INC_sk,IND_avg,IND_sd,IND_r1,IND_kr,IND_sk
312,0.2576000000,0.0513248478,-0.3962062752,4.3174053045,-0.2643426630,0.2560000000,0.0499599840,-0.0323159785,4.2391518738,0.5358134377,0.4864000000,0.0532826426,-0.2334829844,2.0773458977,-0.3197674041,0.4864000000,0.0532826426,-0.2334829844,2.0773458977,-0.3197674041
