Instance,INF_avg,INF_sd,INF_r1,INF_kr,INF_sk,SUP_avg,SUP_sd,SUP_r1,SUP_kr,SUP_sk,INC_avg,INC_sd,INC_r1,INC_kr,INC_sk,IND_avg,IND_sd,IND_r1,IND_kr,IND_sk
75,0.2490000000,0.1596840631,0.0412392143,2.6358591668,0.2907811470,0.2400000000,0.1529705854,-0.0263653484,2.2454525531,0.2816026556,0.5110000000,0.1574134683,0.0987147134,2.4298962431,0.0643401847,0.5110000000,0.1574134683,0.0987147134,2.4298962431,0.0643401847
