Instance,INF_avg,INF_sd,INF_r1,INF_kr,INF_sk,SUP_avg,SUP_sd,SUP_r1,SUP_kr,SUP_sk,INC_avg,INC_sd,INC_r1,INC_kr,INC_sk,IND_avg,IND_sd,IND_r1,IND_kr,IND_sk
188,0.2216000000,0.0465987124,0.0102960303,2.4892529004,0.0562624737,0.2501000000,0.0460976138,0.0590803599,2.9177116129,-0.3775892477,0.5283000000,0.0587376370,-0.1233129636,2.8362654236,0.0270932077,0.5283000000,0.0587376370,-0.1233129636,2.8362654236,0.0270932077
