Instance,INF_avg,INF_sd,INF_r1,INF_kr,INF_sk,SUP_avg,SUP_sd,SUP_r1,SUP_kr,SUP_sk,INC_avg,INC_sd,INC_r1,INC_kr,INC_sk,IND_avg,IND_sd,IND_r1,IND_kr,IND_sk
41,0.2840000000,0.0516139516,-0.2947240752,1.6820469118,0.0666765736,0.2660000000,0.0344093011,-0.0724431818,2.4516298393,-0.7935079530,0.4500000000,0.0479583152,-0.2710280374,1.9603024575,0.0598345710,0.4500000000,0.0479583152,-0.2710280374,1.9603024575,0.0598345710
