Instance,INF_avg,INF_sd,INF_r1,INF_kr,INF_sk,SUP_avg,SUP_sd,SUP_r1,SUP_kr,SUP_sk,INC_avg,INC_sd,INC_r1,INC_kr,INC_sk,IND_avg,IND_sd,IND_r1,IND_kr,IND_sk
128,0.2080000000,0.0271293199,0.1161616162,1.7967863894,-0.2692418330,0.2960000000,0.0703135833,-0.1378519974,2.1198667798,0.0005523108,0.4960000000,0.0747261668,-0.2522768670,2.8197387542,-0.3722473681,0.4960000000,0.0747261668,-0.2522768670,2.8197387542,-0.3722473681
