Instance,INF_avg,INF_sd,INF_r1,INF_kr,INF_sk,SUP_avg,SUP_sd,SUP_r1,SUP_kr,SUP_sk,INC_avg,INC_sd,INC_r1,INC_kr,INC_sk,IND_avg,IND_sd,IND_r1,IND_kr,IND_sk
316,0.5989108911,0.1254923057,0.9154512609,2.1198120550,-0.6219161134,0.0890594059,0.0756251598,0.8836607208,3.2007851707,1.0273873501,0.3120297030,0.0586193385,0.7398841200,2.0329518415,0.3109952727,0.3120297030,0.0586193385,0.7398841200,2.0329518415,0.3109952727
