Instance,INF_avg,INF_sd,INF_r1,INF_kr,INF_sk,SUP_avg,SUP_sd,SUP_r1,SUP_kr,SUP_sk,INC_avg,INC_sd,INC_r1,INC_kr,INC_sk,IND_avg,IND_sd,IND_r1,IND_kr,IND_sk
270,0.2840000000,0.0538887743,-0.2384808713,2.0136033513,-0.1438530791,0.1880000000,0.0231516738,0.3886462882,2.5997995099,0.8238983939,0.5280000000,0.0519230199,-0.1153119093,2.1980514049,0.8599811613,0.5280000000,0.0519230199,-0.1153119093,2.1980514049,0.8599811613
