Instance,INF_avg,INF_sd,INF_r1,INF_kr,INF_sk,SUP_avg,SUP_sd,SUP_r1,SUP_kr,SUP_sk,INC_avg,INC_sd,INC_r1,INC_kr,INC_sk,IND_avg,IND_sd,IND_r1,IND_kr,IND_sk
332,0.2500000000,0.1500000000,0.1428571429,2.1851851852,0.0000000000,0.3500000000,0.2291287847,-0.0924369748,1.7619047619,0.0000000000,0.4000000000,0.1500000000,-0.1428571429,1.6296296296,-0.0000000000,0.4000000000,0.1500000000,-0.1428571429,1.6296296296,-0.0000000000
