Instance,INF_avg,INF_sd,INF_r1,INF_kr,INF_sk,SUP_avg,SUP_sd,SUP_r1,SUP_kr,SUP_sk,INC_avg,INC_sd,INC_r1,INC_kr,INC_sk,IND_avg,IND_sd,IND_r1,IND_kr,IND_sk
113,0.2669500000,0.0477330860,0.5321294183,2.6193461917,-0.1856204328,0.2688500000,0.0428243797,0.4788752520,2.8439256644,-0.5310590090,0.4642000000,0.0417834896,0.4016422899,2.6383189725,-0.0419397220,0.4642000000,0.0417834896,0.4016422899,2.6383189725,-0.0419397220
