Instance,INF_avg,INF_sd,INF_r1,INF_kr,INF_sk,SUP_avg,SUP_sd,SUP_r1,SUP_kr,SUP_sk,INC_avg,INC_sd,INC_r1,INC_kr,INC_sk,IND_avg,IND_sd,IND_r1,IND_kr,IND_sk
358,0.2307692308,0.1144190368,-0.2150700875,2.2420262377,0.0917280643,0.2346153846,0.0958456600,-0.1268410463,2.6768497126,-0.4425779430,0.5346153846,0.0885451110,-0.2486195873,2.5061872553,-0.3184030496,0.5346153846,0.0885451110,-0.2486195873,2.5061872553,-0.3184030496
