Instance,INF_avg,INF_sd,INF_r1,INF_kr,INF_sk,SUP_avg,SUP_sd,SUP_r1,SUP_kr,SUP_sk,INC_avg,INC_sd,INC_r1,INC_kr,INC_sk,IND_avg,IND_sd,IND_r1,IND_kr,IND_sk
46,0.3600000000,0.0734846923,-0.3888888889,2.8127572016,1.1642636432,0.2200000000,0.1077032961,0.0024330900,1.7636741974,-0.4034071140,0.4200000000,0.0509901951,0.1975308642,1.9556213018,0.2715454179,0.4200000000,0.0509901951,0.1975308642,1.9556213018,0.2715454179
