Instance,INF_avg,INF_sd,INF_r1,INF_kr,INF_sk,SUP_avg,SUP_sd,SUP_r1,SUP_kr,SUP_sk,INC_avg,INC_sd,INC_r1,INC_kr,INC_sk,IND_avg,IND_sd,IND_r1,IND_kr,IND_sk
423,0.2714000000,0.0635770399,0.0379334335,3.0329715357,-0.1523821660,0.2236000000,0.0606880548,0.0825840310,3.1621588820,0.1074484810,0.5050000000,0.0701640934,0.0294761493,3.6220408551,0.4100251550,0.5050000000,0.0701640934,0.0294761493,3.6220408551,0.4100251550
