Instance,INF_avg,INF_sd,INF_r1,INF_kr,INF_sk,SUP_avg,SUP_sd,SUP_r1,SUP_kr,SUP_sk,INC_avg,INC_sd,INC_r1,INC_kr,INC_sk,IND_avg,IND_sd,IND_r1,IND_kr,IND_sk
210,0.2212000000,0.0344609924,0.3069990715,2.9891934092,0.4408864539,0.3114000000,0.0396741730,0.2422553846,2.6208278976,-0.4087146348,0.4674000000,0.0375531623,0.1760623580,3.2401993228,0.4073426530,0.4674000000,0.0375531623,0.1760623580,3.2401993228,0.4073426530
