Instance,INF_avg,INF_sd,INF_r1,INF_kr,INF_sk,SUP_avg,SUP_sd,SUP_r1,SUP_kr,SUP_sk,INC_avg,INC_sd,INC_r1,INC_kr,INC_sk,IND_avg,IND_sd,IND_r1,IND_kr,IND_sk
300,0.2752000000,0.0508425019,0.0111320619,3.3121719707,-0.7075167900,0.2556000000,0.0440980725,-0.1813487179,3.2708200035,-0.1777807719,0.4692000000,0.0454242226,-0.1754631546,2.1151090524,0.3951130847,0.4692000000,0.0454242226,-0.1754631546,2.1151090524,0.3951130847
