Instance,INF_avg,INF_sd,INF_r1,INF_kr,INF_sk,SUP_avg,SUP_sd,SUP_r1,SUP_kr,SUP_sk,INC_avg,INC_sd,INC_r1,INC_kr,INC_sk,IND_avg,IND_sd,IND_r1,IND_kr,IND_sk
249,0.3120000000,0.0515363949,-0.3273763274,2.1498766149,0.5021600389,0.2056000000,0.0547050272,0.0061680056,2.7501778186,0.2449907223,0.4824000000,0.0503809488,0.2469450827,2.0469173298,-0.2255973668,0.4824000000,0.0503809488,0.2469450827,2.0469173298,-0.2255973668
