Instance,INF_avg,INF_sd,INF_r1,INF_kr,INF_sk,SUP_avg,SUP_sd,SUP_r1,SUP_kr,SUP_sk,INC_avg,INC_sd,INC_r1,INC_kr,INC_sk,IND_avg,IND_sd,IND_r1,IND_kr,IND_sk
381,0.3100000000,0.0126491106,0.0000000000,2.5000000000,0.0000000000,0.2380000000,0.0324961536,-0.1460855529,2.7980371901,1.1931482023,0.4520000000,0.0324961536,-0.1057304278,2.7980371901,-1.1931482023,0.4520000000,0.0324961536,-0.1057304278,2.7980371901,-1.1931482023
