Instance,INF_avg,INF_sd,INF_r1,INF_kr,INF_sk,SUP_avg,SUP_sd,SUP_r1,SUP_kr,SUP_sk,INC_avg,INC_sd,INC_r1,INC_kr,INC_sk,IND_avg,IND_sd,IND_r1,IND_kr,IND_sk
22,0.2820000000,0.1023523327,-0.0960982776,2.8482006764,0.2532410943,0.2420000000,0.1036146708,-0.1490142942,3.0917028325,0.3084985688,0.4760000000,0.1209297317,-0.3729737476,2.6872354548,0.2978563928,0.4760000000,0.1209297317,-0.3729737476,2.6872354548,0.2978563928
