Instance,INF_avg,INF_sd,INF_r1,INF_kr,INF_sk,SUP_avg,SUP_sd,SUP_r1,SUP_kr,SUP_sk,INC_avg,INC_sd,INC_r1,INC_kr,INC_sk,IND_avg,IND_sd,IND_r1,IND_kr,IND_sk
156,0.3854838710,0.1151391503,0.2280186200,2.5479905131,0.4674031582,0.1774193548,0.1030492442,0.3154873211,4.2130118701,0.7931790206,0.4370967742,0.0999739820,-0.2129457030,2.4610662285,0.5749762162,0.4370967742,0.0999739820,-0.2129457030,2.4610662285,0.5749762162
