Instance,INF_avg,INF_sd,INF_r1,INF_kr,INF_sk,SUP_avg,SUP_sd,SUP_r1,SUP_kr,SUP_sk,INC_avg,INC_sd,INC_r1,INC_kr,INC_sk,IND_avg,IND_sd,IND_r1,IND_kr,IND_sk
236,0.2440000000,0.0429418211,0.0051457976,1.6275426899,-0.4494806680,0.2630000000,0.0245153013,-0.3705754068,2.6813242488,-0.0228048683,0.4930000000,0.0590000000,-0.0968407237,1.7232148980,0.0941868448,0.4930000000,0.0590000000,-0.0968407237,1.7232148980,0.0941868448
