Instance,INF_avg,INF_sd,INF_r1,INF_kr,INF_sk,SUP_avg,SUP_sd,SUP_r1,SUP_kr,SUP_sk,INC_avg,INC_sd,INC_r1,INC_kr,INC_sk,IND_avg,IND_sd,IND_r1,IND_kr,IND_sk
465,0.4993835616,0.1230295243,0.9096047497,1.8912012965,-0.3465339025,0.0982191781,0.0682429677,0.9142533145,2.0420759494,0.5544688730,0.4023972603,0.0630889217,0.7141113677,2.1341612999,0.2711965284,0.4023972603,0.0630889217,0.7141113677,2.1341612999,0.2711965284
