Instance,INF_avg,INF_sd,INF_r1,INF_kr,INF_sk,SUP_avg,SUP_sd,SUP_r1,SUP_kr,SUP_sk,INC_avg,INC_sd,INC_r1,INC_kr,INC_sk,IND_avg,IND_sd,IND_r1,IND_kr,IND_sk
224,0.2320000000,0.0160000000,-0.3157894737,3.2500000000,-1.5000000000,0.2440000000,0.0585149554,-0.1294416244,2.5670800943,-0.6765584081,0.5240000000,0.0611882342,-0.4393939394,1.9556213018,0.2715454179,0.5240000000,0.0611882342,-0.4393939394,1.9556213018,0.2715454179
