Instance,INF_avg,INF_sd,INF_r1,INF_kr,INF_sk,SUP_avg,SUP_sd,SUP_r1,SUP_kr,SUP_sk,INC_avg,INC_sd,INC_r1,INC_kr,INC_sk,IND_avg,IND_sd,IND_r1,IND_kr,IND_sk
337,0.2240000000,0.1335065541,0.0814087545,4.1424484849,0.8668809676,0.2520000000,0.1330263132,0.0111349660,2.4578593174,0.0079930888,0.5240000000,0.1556406117,-0.1088990366,2.0066617340,-0.1479885285,0.5240000000,0.1556406117,-0.1088990366,2.0066617340,-0.1479885285
