Instance,INF_avg,INF_sd,INF_r1,INF_kr,INF_sk,SUP_avg,SUP_sd,SUP_r1,SUP_kr,SUP_sk,INC_avg,INC_sd,INC_r1,INC_kr,INC_sk,IND_avg,IND_sd,IND_r1,IND_kr,IND_sk
25,0.4238157895,0.1178029924,0.8063032559,1.8747679696,0.0048718926,0.1132894737,0.0803100596,0.8353714093,2.2807838404,0.6623961421,0.4628947368,0.0660604944,0.3161351999,2.5249416554,-0.0293510316,0.4628947368,0.0660604944,0.3161351999,2.5249416554,-0.0293510316
