Instance,INF_avg,INF_sd,INF_r1,INF_kr,INF_sk,SUP_avg,SUP_sd,SUP_r1,SUP_kr,SUP_sk,INC_avg,INC_sd,INC_r1,INC_kr,INC_sk,IND_avg,IND_sd,IND_r1,IND_kr,IND_sk
387,0.3666666667,0.1247219129,-0.0687500000,3.4285714286,0.3398035790,0.2533333333,0.1359738537,0.2782711127,2.7909000555,0.3275280887,0.3800000000,0.1375984496,0.0384615385,2.9883951597,0.2088133584,0.3800000000,0.1375984496,0.0384615385,2.9883951597,0.2088133584
