Instance,INF_avg,INF_sd,INF_r1,INF_kr,INF_sk,SUP_avg,SUP_sd,SUP_r1,SUP_kr,SUP_sk,INC_avg,INC_sd,INC_r1,INC_kr,INC_sk,IND_avg,IND_sd,IND_r1,IND_kr,IND_sk
431,0.2532000000,0.0453404896,0.4694151333,3.2462220075,-0.7368166427,0.2596000000,0.0609412832,0.7281546982,1.9095196667,0.1087221660,0.4872000000,0.0505386980,0.3159873442,3.1368164707,-0.0035876196,0.4872000000,0.0505386980,0.3159873442,3.1368164707,-0.0035876196
