Instance,INF_avg,INF_sd,INF_r1,INF_kr,INF_sk,SUP_avg,SUP_sd,SUP_r1,SUP_kr,SUP_sk,INC_avg,INC_sd,INC_r1,INC_kr,INC_sk,IND_avg,IND_sd,IND_r1,IND_kr,IND_sk
337,0.2208000000,0.0313266660,0.2146571128,2.0390925392,-0.0447512531,0.2654000000,0.0353247788,-0.0205828498,3.6885651492,0.6298261018,0.5138000000,0.0347643496,0.1860429918,2.6059435610,0.2835320732,0.5138000000,0.0347643496,0.1860429918,2.6059435610,0.2835320732
