Instance,INF_avg,INF_sd,INF_r1,INF_kr,INF_sk,SUP_avg,SUP_sd,SUP_r1,SUP_kr,SUP_sk,INC_avg,INC_sd,INC_r1,INC_kr,INC_sk,IND_avg,IND_sd,IND_r1,IND_kr,IND_sk
183,0.2702702703,0.0968835045,0.1270771329,2.8303079532,0.0430169273,0.1729729730,0.0673781128,0.2002698484,2.9308161100,-0.3446026056,0.5567567568,0.0855523881,-0.0239060410,2.5008627954,0.5988377020,0.5567567568,0.0855523881,-0.0239060410,2.5008627954,0.5988377020
