Instance,INF_avg,INF_sd,INF_r1,INF_kr,INF_sk,SUP_avg,SUP_sd,SUP_r1,SUP_kr,SUP_sk,INC_avg,INC_sd,INC_r1,INC_kr,INC_sk,IND_avg,IND_sd,IND_r1,IND_kr,IND_sk
254,0.2656000000,0.0606682784,-0.1551307735,2.3644477425,0.1493502774,0.2456000000,0.0683567114,0.2371345104,3.7996710078,0.3738311688,0.4888000000,0.0637695852,0.0253167951,2.3968814452,-0.1994373311,0.4888000000,0.0637695852,0.0253167951,2.3968814452,-0.1994373311
