Instance,INF_avg,INF_sd,INF_r1,INF_kr,INF_sk,SUP_avg,SUP_sd,SUP_r1,SUP_kr,SUP_sk,INC_avg,INC_sd,INC_r1,INC_kr,INC_sk,IND_avg,IND_sd,IND_r1,IND_kr,IND_sk
316,0.2630000000,0.1368612436,0.0968171270,4.5625118140,0.8737086414,0.3030000000,0.1452274079,0.2261197520,2.6245046861,0.0653459259,0.4340000000,0.1537660561,-0.0127777279,3.5618350997,0.0959961810,0.4340000000,0.1537660561,-0.0127777279,3.5618350997,0.0959961810
