Instance,INF_avg,INF_sd,INF_r1,INF_kr,INF_sk,SUP_avg,SUP_sd,SUP_r1,SUP_kr,SUP_sk,INC_avg,INC_sd,INC_r1,INC_kr,INC_sk,IND_avg,IND_sd,IND_r1,IND_kr,IND_sk
6,0.2636000000,0.0304801575,0.1172218230,1.8225560314,0.0783871745,0.2190000000,0.0300998339,-0.0694088539,3.5010087277,0.6235320763,0.5174000000,0.0319098731,0.3704209701,2.7848751408,-0.6027701204,0.5174000000,0.0319098731,0.3704209701,2.7848751408,-0.6027701204
