Instance,INF_avg,INF_sd,INF_r1,INF_kr,INF_sk,SUP_avg,SUP_sd,SUP_r1,SUP_kr,SUP_sk,INC_avg,INC_sd,INC_r1,INC_kr,INC_sk,IND_avg,IND_sd,IND_r1,IND_kr,IND_sk
313,0.2530000000,0.0934933153,0.1759354386,3.2738301396,0.0780739633,0.2550000000,0.0873212460,0.0902498517,2.8004622413,0.0495626099,0.4920000000,0.1050523679,0.0402446385,2.5536718540,-0.2153122803,0.4920000000,0.1050523679,0.0402446385,2.5536718540,-0.2153122803
