Instance,INF_avg,INF_sd,INF_r1,INF_kr,INF_sk,SUP_avg,SUP_sd,SUP_r1,SUP_kr,SUP_sk,INC_avg,INC_sd,INC_r1,INC_kr,INC_sk,IND_avg,IND_sd,IND_r1,IND_kr,IND_sk
166,0.2628000000,0.0283577150,0.2819724687,2.4793169431,-0.3006864531,0.2130000000,0.0295634910,0.2715785562,2.7602569003,0.4312171304,0.5242000000,0.0243178946,0.1035664138,3.3520553657,0.8128834311,0.5242000000,0.0243178946,0.1035664138,3.3520553657,0.8128834311
