Instance,INF_avg,INF_sd,INF_r1,INF_kr,INF_sk,SUP_avg,SUP_sd,SUP_r1,SUP_kr,SUP_sk,INC_avg,INC_sd,INC_r1,INC_kr,INC_sk,IND_avg,IND_sd,IND_r1,IND_kr,IND_sk
235,0.2896000000,0.0415191522,0.1656438770,3.5414782420,0.6252226755,0.1956000000,0.0468256340,0.0716480021,2.2382295606,-0.1119292024,0.5148000000,0.0544147039,0.4655858770,3.0449716543,0.7744027345,0.5148000000,0.0544147039,0.4655858770,3.0449716543,0.7744027345
