Instance,INF_avg,INF_sd,INF_r1,INF_kr,INF_sk,SUP_avg,SUP_sd,SUP_r1,SUP_kr,SUP_sk,INC_avg,INC_sd,INC_r1,INC_kr,INC_sk,IND_avg,IND_sd,IND_r1,IND_kr,IND_sk
349,0.2458333333,0.1189508535,-0.3367025940,2.4935601641,0.0989393166,0.2916666667,0.1351439562,0.1460585807,2.3129002877,-0.0511119995,0.4625000000,0.1522402159,-0.1653641763,2.1242014897,-0.2025923075,0.4625000000,0.1522402159,-0.1653641763,2.1242014897,-0.2025923075
