Instance,INF_avg,INF_sd,INF_r1,INF_kr,INF_sk,SUP_avg,SUP_sd,SUP_r1,SUP_kr,SUP_sk,INC_avg,INC_sd,INC_r1,INC_kr,INC_sk,IND_avg,IND_sd,IND_r1,IND_kr,IND_sk
7,0.2580000000,0.0308382879,-0.1037362167,1.5688251119,0.0141165823,0.2275000000,0.0122983739,-0.1606217617,2.1026569223,-0.1411192413,0.5145000000,0.0238170107,-0.1482153125,1.9961725683,0.1009237515,0.5145000000,0.0238170107,-0.1482153125,1.9961725683,0.1009237515
