Instance,INF_avg,INF_sd,INF_r1,INF_kr,INF_sk,SUP_avg,SUP_sd,SUP_r1,SUP_kr,SUP_sk,INC_avg,INC_sd,INC_r1,INC_kr,INC_sk,IND_avg,IND_sd,IND_r1,IND_kr,IND_sk
289,0.2857142857,0.1355261854,-0.4801271860,3.7148148148,-0.7730012058,0.1714285714,0.1030157507,-0.6863636364,1.8565088757,-0.1920116064,0.5428571429,0.1178030179,-0.3605633803,1.5354671280,0.1712016177,0.5428571429,0.1178030179,-0.3605633803,1.5354671280,0.1712016177
