Instance,INF_avg,INF_sd,INF_r1,INF_kr,INF_sk,SUP_avg,SUP_sd,SUP_r1,SUP_kr,SUP_sk,INC_avg,INC_sd,INC_r1,INC_kr,INC_sk,IND_avg,IND_sd,IND_r1,IND_kr,IND_sk
296,0.2465000000,0.0235637433,0.2093177406,1.7512782188,0.5224412222,0.2410000000,0.0274590604,-0.1544682572,1.9464746815,0.0150694560,0.5125000000,0.0273175768,-0.2954333644,2.3133675076,-0.1324455124,0.5125000000,0.0273175768,-0.2954333644,2.3133675076,-0.1324455124
