Instance,INF_avg,INF_sd,INF_r1,INF_kr,INF_sk,SUP_avg,SUP_sd,SUP_r1,SUP_kr,SUP_sk,INC_avg,INC_sd,INC_r1,INC_kr,INC_sk,IND_avg,IND_sd,IND_r1,IND_kr,IND_sk
391,0.2420000000,0.0373630834,-0.0134470318,1.6411770018,0.4987838653,0.2680000000,0.0754718491,1.0047258979,2.8187886630,1.1062983492,0.4900000000,0.0670820393,0.5136778116,1.9813333333,-0.0874551031,0.4900000000,0.0670820393,0.5136778116,1.9813333333,-0.0874551031
