Instance,INF_avg,INF_sd,INF_r1,INF_kr,INF_sk,SUP_avg,SUP_sd,SUP_r1,SUP_kr,SUP_sk,INC_avg,INC_sd,INC_r1,INC_kr,INC_sk,IND_avg,IND_sd,IND_r1,IND_kr,IND_sk
111,0.2768000000,0.0563006217,0.6774937494,2.5416481259,0.5804257440,0.2442000000,0.0390558574,0.2896140079,1.9851767288,-0.2173527252,0.4790000000,0.0416653333,0.3422244941,3.0300813353,-0.6707495749,0.4790000000,0.0416653333,0.3422244941,3.0300813353,-0.6707495749
