Instance,INF_avg,INF_sd,INF_r1,INF_kr,INF_sk,SUP_avg,SUP_sd,SUP_r1,SUP_kr,SUP_sk,INC_avg,INC_sd,INC_r1,INC_kr,INC_sk,IND_avg,IND_sd,IND_r1,IND_kr,IND_sk
217,0.2300000000,0.1268857754,-0.3323239970,2.7135141391,0.8928654540,0.2900000000,0.1135781669,-0.1714507370,4.5536325942,-1.4414824141,0.4800000000,0.1600000000,-0.2164579606,1.8950195312,-0.1113281250,0.4800000000,0.1600000000,-0.2164579606,1.8950195312,-0.1113281250
