Instance,INF_avg,INF_sd,INF_r1,INF_kr,INF_sk,SUP_avg,SUP_sd,SUP_r1,SUP_kr,SUP_sk,INC_avg,INC_sd,INC_r1,INC_kr,INC_sk,IND_avg,IND_sd,IND_r1,IND_kr,IND_sk
278,0.2560000000,0.0532165388,0.0411345915,2.6989370870,-0.2051101873,0.2768000000,0.0622716629,0.3157306426,4.2362921016,0.9639908262,0.4672000000,0.0689068937,0.1303731103,3.7155390088,-0.6314961184,0.4672000000,0.0689068937,0.1303731103,3.7155390088,-0.6314961184
