Instance,INF_avg,INF_sd,INF_r1,INF_kr,INF_sk,SUP_avg,SUP_sd,SUP_r1,SUP_kr,SUP_sk,INC_avg,INC_sd,INC_r1,INC_kr,INC_sk,IND_avg,IND_sd,IND_r1,IND_kr,IND_sk
0,0.4018650794,0.0879624607,0.6878124521,2.3588405011,0.0701507206,0.1098809524,0.0663772416,0.8053868401,2.5432515603,0.6095047671,0.4882539683,0.0517024356,0.1135656973,2.9461229888,-0.1548767976,0.4882539683,0.0517024356,0.1135656973,2.9461229888,-0.1548767976
