Instance,INF_avg,INF_sd,INF_r1,INF_kr,INF_sk,SUP_avg,SUP_sd,SUP_r1,SUP_kr,SUP_sk,INC_avg,INC_sd,INC_r1,INC_kr,INC_sk,IND_avg,IND_sd,IND_r1,IND_kr,IND_sk
501,0.2618000000,0.1157357335,0.3118554124,2.8495924334,0.5095831348,0.2424000000,0.0980930171,0.5464826800,2.7503826429,0.3737213245,0.4958000000,0.1075749041,0.4083325088,2.2784560255,0.2182559260,0.4958000000,0.1075749041,0.4083325088,2.2784560255,0.2182559260
