Instance,INF_avg,INF_sd,INF_r1,INF_kr,INF_sk,SUP_avg,SUP_sd,SUP_r1,SUP_kr,SUP_sk,INC_avg,INC_sd,INC_r1,INC_kr,INC_sk,IND_avg,IND_sd,IND_r1,IND_kr,IND_sk
257,0.1200000000,0.0400000000,-0.3157894737,3.2500000000,1.5000000000,0.3200000000,0.2400000000,0.2672413793,1.3981481481,0.1111111111,0.5600000000,0.2332380758,0.2199488491,1.5469290657,0.1097086537,0.5600000000,0.2332380758,0.2199488491,1.5469290657,0.1097086537
