Instance,INF_avg,INF_sd,INF_r1,INF_kr,INF_sk,SUP_avg,SUP_sd,SUP_r1,SUP_kr,SUP_sk,INC_avg,INC_sd,INC_r1,INC_kr,INC_sk,IND_avg,IND_sd,IND_r1,IND_kr,IND_sk
86,0.2400000000,0.0938083152,-0.2362637363,2.2024793388,0.2907282496,0.2000000000,0.1095445115,0.0666666667,1.8333333333,0.1825741858,0.5600000000,0.1414213562,0.0690208668,2.0792000000,-0.1187939392,0.5600000000,0.1414213562,0.0690208668,2.0792000000,-0.1187939392
