Instance,INF_avg,INF_sd,INF_r1,INF_kr,INF_sk,SUP_avg,SUP_sd,SUP_r1,SUP_kr,SUP_sk,INC_avg,INC_sd,INC_r1,INC_kr,INC_sk,IND_avg,IND_sd,IND_r1,IND_kr,IND_sk
364,0.2300000000,0.0583095189,-0.2922077922,1.9020761246,-0.1815867372,0.2000000000,0.0414728827,0.3658536585,2.0781503515,0.5887848410,0.5700000000,0.0509901951,-0.8730158730,1.3591715976,0.2715454179,0.5700000000,0.0509901951,-0.8730158730,1.3591715976,0.2715454179
