Instance,INF_avg,INF_sd,INF_r1,INF_kr,INF_sk,SUP_avg,SUP_sd,SUP_r1,SUP_kr,SUP_sk,INC_avg,INC_sd,INC_r1,INC_kr,INC_sk,IND_avg,IND_sd,IND_r1,IND_kr,IND_sk
193,0.2453500000,0.0292254598,-0.0617710614,2.9936616643,-0.1079880503,0.2989500000,0.0308973704,0.0081124703,2.6689709816,0.0764354422,0.4557000000,0.0345472141,-0.1250412817,2.3468530367,-0.0534582408,0.4557000000,0.0345472141,-0.1250412817,2.3468530367,-0.0534582408
