Instance,INF_avg,INF_sd,INF_r1,INF_kr,INF_sk,SUP_avg,SUP_sd,SUP_r1,SUP_kr,SUP_sk,INC_avg,INC_sd,INC_r1,INC_kr,INC_sk,IND_avg,IND_sd,IND_r1,IND_kr,IND_sk
228,0.2150000000,0.1080509139,0.1140597200,2.9926360339,0.5618336385,0.2805000000,0.1095205460,0.3118368710,3.1159883400,0.6454107478,0.5045000000,0.1097941255,0.1607146307,2.3165967365,-0.0805266111,0.5045000000,0.1097941255,0.1607146307,2.3165967365,-0.0805266111
