Instance,INF_avg,INF_sd,INF_r1,INF_kr,INF_sk,SUP_avg,SUP_sd,SUP_r1,SUP_kr,SUP_sk,INC_avg,INC_sd,INC_r1,INC_kr,INC_sk,IND_avg,IND_sd,IND_r1,IND_kr,IND_sk
113,0.2800000000,0.0456070170,0.3000000000,2.5000000000,-0.6071940134,0.2520000000,0.0574108004,0.3670150987,1.4902912621,0.5053005453,0.4680000000,0.0785875308,0.7800237812,2.0239603748,0.5506549315,0.4680000000,0.0785875308,0.7800237812,2.0239603748,0.5506549315
