Instance,INF_avg,INF_sd,INF_r1,INF_kr,INF_sk,SUP_avg,SUP_sd,SUP_r1,SUP_kr,SUP_sk,INC_avg,INC_sd,INC_r1,INC_kr,INC_sk,IND_avg,IND_sd,IND_r1,IND_kr,IND_sk
115,0.3362068966,0.1113371330,0.3003491470,2.4377789279,-0.2323306682,0.1655172414,0.0841831422,0.6147530040,2.5821464968,0.4161278918,0.4982758621,0.1054405852,0.0166904960,2.7652354943,0.1556913808,0.4982758621,0.1054405852,0.0166904960,2.7652354943,0.1556913808
