Instance,INF_avg,INF_sd,INF_r1,INF_kr,INF_sk,SUP_avg,SUP_sd,SUP_r1,SUP_kr,SUP_sk,INC_avg,INC_sd,INC_r1,INC_kr,INC_sk,IND_avg,IND_sd,IND_r1,IND_kr,IND_sk
20,0.2400000000,0.1019803903,0.6969696970,1.9556213018,0.2715454179,0.2800000000,0.1326649916,-0.0431654676,2.2169421488,0.3700366502,0.4800000000,0.1166190379,-0.2721893491,1.6280276817,-0.3631734744,0.4800000000,0.1166190379,-0.2721893491,1.6280276817,-0.3631734744
