Instance,INF_avg,INF_sd,INF_r1,INF_kr,INF_sk,SUP_avg,SUP_sd,SUP_r1,SUP_kr,SUP_sk,INC_avg,INC_sd,INC_r1,INC_kr,INC_sk,IND_avg,IND_sd,IND_r1,IND_kr,IND_sk
466,0.2620000000,0.0941063228,-0.0351153040,2.7461081612,0.0113462161,0.2320000000,0.0957914401,-0.0426484449,2.9860585478,0.0413387185,0.5060000000,0.1102905254,0.0309193414,2.2826757324,-0.0739191454,0.5060000000,0.1102905254,0.0309193414,2.2826757324,-0.0739191454
