Instance,INF_avg,INF_sd,INF_r1,INF_kr,INF_sk,SUP_avg,SUP_sd,SUP_r1,SUP_kr,SUP_sk,INC_avg,INC_sd,INC_r1,INC_kr,INC_sk,IND_avg,IND_sd,IND_r1,IND_kr,IND_sk
251,0.2560000000,0.0697423831,-0.2179065174,1.5847039474,0.1958334965,0.2920000000,0.0711055553,0.1502227880,1.7238022753,0.2499404134,0.4520000000,0.0722218803,-0.1316113161,2.5078286725,0.6819475415,0.4520000000,0.0722218803,-0.1316113161,2.5078286725,0.6819475415
