Instance,INF_avg,INF_sd,INF_r1,INF_kr,INF_sk,SUP_avg,SUP_sd,SUP_r1,SUP_kr,SUP_sk,INC_avg,INC_sd,INC_r1,INC_kr,INC_sk,IND_avg,IND_sd,IND_r1,IND_kr,IND_sk
7,0.2400000000,0.0761577311,-0.1208100559,2.0469678954,-0.1358342409,0.2700000000,0.1122497216,-0.0515021459,2.5876795163,0.3648328064,0.4900000000,0.1191637529,0.2862231087,2.6056338028,-0.2854398564,0.4900000000,0.1191637529,0.2862231087,2.6056338028,-0.2854398564
