Instance,INF_avg,INF_sd,INF_r1,INF_kr,INF_sk,SUP_avg,SUP_sd,SUP_r1,SUP_kr,SUP_sk,INC_avg,INC_sd,INC_r1,INC_kr,INC_sk,IND_avg,IND_sd,IND_r1,IND_kr,IND_sk
81,0.2700000000,0.0927361850,-0.1898890259,2.7260681449,0.1579875514,0.2350000000,0.0975961065,0.2723263506,1.9414098828,0.2630155266,0.4950000000,0.1273773920,0.0814162180,3.9119019186,0.9464371787,0.4950000000,0.1273773920,0.0814162180,3.9119019186,0.9464371787
