Instance,INF_avg,INF_sd,INF_r1,INF_kr,INF_sk,SUP_avg,SUP_sd,SUP_r1,SUP_kr,SUP_sk,INC_avg,INC_sd,INC_r1,INC_kr,INC_sk,IND_avg,IND_sd,IND_r1,IND_kr,IND_sk
206,0.2640000000,0.1284678948,0.1994212918,2.1280184372,0.0561673817,0.2260000000,0.0934023554,-0.0849000285,3.8681188733,0.7878237533,0.5100000000,0.1417744688,0.2004179520,2.2330882899,-0.0768510895,0.5100000000,0.1417744688,0.2004179520,2.2330882899,-0.0768510895
