Instance,INF_avg,INF_sd,INF_r1,INF_kr,INF_sk,SUP_avg,SUP_sd,SUP_r1,SUP_kr,SUP_sk,INC_avg,INC_sd,INC_r1,INC_kr,INC_sk,IND_avg,IND_sd,IND_r1,IND_kr,IND_sk
75,0.2520000000,0.0640000000,0.1659768212,3.2934875488,0.9689941406,0.3000000000,0.0681175455,-0.0956521739,1.9054696790,-0.2429876770,0.4480000000,0.0483321839,-0.3465627215,1.6326702946,0.2074683255,0.4480000000,0.0483321839,-0.3465627215,1.6326702946,0.2074683255
