Instance,INF_avg,INF_sd,INF_r1,INF_kr,INF_sk,SUP_avg,SUP_sd,SUP_r1,SUP_kr,SUP_sk,INC_avg,INC_sd,INC_r1,INC_kr,INC_sk,IND_avg,IND_sd,IND_r1,IND_kr,IND_sk
325,0.2640000000,0.0436348485,0.2064923354,2.4268766330,-0.5453970890,0.2520000000,0.0594642750,-0.0414725070,2.1114842038,0.2310220139,0.4840000000,0.0643739078,-0.2359984550,1.8784305541,-0.0187130663,0.4840000000,0.0643739078,-0.2359984550,1.8784305541,-0.0187130663
