Instance,INF_avg,INF_sd,INF_r1,INF_kr,INF_sk,SUP_avg,SUP_sd,SUP_r1,SUP_kr,SUP_sk,INC_avg,INC_sd,INC_r1,INC_kr,INC_sk,IND_avg,IND_sd,IND_r1,IND_kr,IND_sk
273,0.3100000000,0.0943398113,-0.1372064277,1.1535159702,-0.2000894875,0.2400000000,0.1280624847,0.2105263158,2.1160023795,-0.2056922718,0.4500000000,0.0670820393,0.5555555556,2.7777777778,0.9938079900,0.4500000000,0.0670820393,0.5555555556,2.7777777778,0.9938079900
