Instance,INF_avg,INF_sd,INF_r1,INF_kr,INF_sk,SUP_avg,SUP_sd,SUP_r1,SUP_kr,SUP_sk,INC_avg,INC_sd,INC_r1,INC_kr,INC_sk,IND_avg,IND_sd,IND_r1,IND_kr,IND_sk
50,0.1800000000,0.0927361850,-0.0164512338,2.7057869118,0.8764547496,0.2250000000,0.0928708781,-0.2566371681,2.0888468809,0.5617898108,0.5950000000,0.1404457191,-0.2684287422,4.1819263928,-1.1159474214,0.5950000000,0.1404457191,-0.2684287422,4.1819263928,-1.1159474214
