Instance,INF_avg,INF_sd,INF_r1,INF_kr,INF_sk,SUP_avg,SUP_sd,SUP_r1,SUP_kr,SUP_sk,INC_avg,INC_sd,INC_r1,INC_kr,INC_sk,IND_avg,IND_sd,IND_r1,IND_kr,IND_sk
10,0.2804000000,0.0362882901,0.1710758488,3.3347334851,0.3139992509,0.2232000000,0.0384416441,0.2164143080,3.1834329840,0.1675083745,0.4964000000,0.0365655576,0.1450121333,3.0734043715,-0.0545271650,0.4964000000,0.0365655576,0.1450121333,3.0734043715,-0.0545271650
