Instance,INF_avg,INF_sd,INF_r1,INF_kr,INF_sk,SUP_avg,SUP_sd,SUP_r1,SUP_kr,SUP_sk,INC_avg,INC_sd,INC_r1,INC_kr,INC_sk,IND_avg,IND_sd,IND_r1,IND_kr,IND_sk
373,0.2420000000,0.0503587132,0.2831880763,2.6318353253,-0.1458307432,0.2660000000,0.0945727233,-0.0825196454,2.9498617516,0.2442394505,0.4920000000,0.1110675470,0.0542532514,2.3377353682,-0.1484706633,0.4920000000,0.1110675470,0.0542532514,2.3377353682,-0.1484706633
