Instance,INF_avg,INF_sd,INF_r1,INF_kr,INF_sk,SUP_avg,SUP_sd,SUP_r1,SUP_kr,SUP_sk,INC_avg,INC_sd,INC_r1,INC_kr,INC_sk,IND_avg,IND_sd,IND_r1,IND_kr,IND_sk
24,0.2185000000,0.1016501353,0.0757142708,2.4999569235,0.0989700397,0.2755000000,0.1057106901,-0.0821970705,2.5044377837,0.4527254173,0.5060000000,0.1196411301,0.1102750124,3.6363343489,0.0421198150,0.5060000000,0.1196411301,0.1102750124,3.6363343489,0.0421198150
