Instance,INF_avg,INF_sd,INF_r1,INF_kr,INF_sk,SUP_avg,SUP_sd,SUP_r1,SUP_kr,SUP_sk,INC_avg,INC_sd,INC_r1,INC_kr,INC_sk,IND_avg,IND_sd,IND_r1,IND_kr,IND_sk
250,0.2720000000,0.1661806246,-0.0067216808,2.8554229566,0.7630223848,0.2300000000,0.1063014581,0.1606043649,2.2981439424,-0.1198794735,0.4980000000,0.1448999655,-0.0579221009,2.9031102677,-0.3990428783,0.4980000000,0.1448999655,-0.0579221009,2.9031102677,-0.3990428783
