Instance,INF_avg,INF_sd,INF_r1,INF_kr,INF_sk,SUP_avg,SUP_sd,SUP_r1,SUP_kr,SUP_sk,INC_avg,INC_sd,INC_r1,INC_kr,INC_sk,IND_avg,IND_sd,IND_r1,IND_kr,IND_sk
108,0.2460000000,0.0351283361,0.1456894631,1.3724339290,0.3061707045,0.2050000000,0.0167332005,0.1428571429,2.5000000000,0.7683612489,0.5490000000,0.0339705755,0.0719002201,1.5539364249,-0.0385694173,0.5490000000,0.0339705755,0.0719002201,1.5539364249,-0.0385694173
