Instance,INF_avg,INF_sd,INF_r1,INF_kr,INF_sk,SUP_avg,SUP_sd,SUP_r1,SUP_kr,SUP_sk,INC_avg,INC_sd,INC_r1,INC_kr,INC_sk,IND_avg,IND_sd,IND_r1,IND_kr,IND_sk
355,0.2740000000,0.0405462699,-0.2229265716,2.3021826771,0.0691289166,0.2380000000,0.0337045991,-0.3630679450,3.0689843285,-0.0463847761,0.4880000000,0.0381575681,0.1411042945,2.8481010747,-0.2457997550,0.4880000000,0.0381575681,0.1411042945,2.8481010747,-0.2457997550
