Instance,INF_avg,INF_sd,INF_r1,INF_kr,INF_sk,SUP_avg,SUP_sd,SUP_r1,SUP_kr,SUP_sk,INC_avg,INC_sd,INC_r1,INC_kr,INC_sk,IND_avg,IND_sd,IND_r1,IND_kr,IND_sk
408,0.2700000000,0.1459451952,0.2293179889,2.4462738875,0.3744411541,0.2320000000,0.1406271666,-0.1030881471,2.4027437396,0.4993580020,0.4980000000,0.1771891645,0.1534396960,2.3215309784,0.1596942384,0.4980000000,0.1771891645,0.1534396960,2.3215309784,0.1596942384
