Instance,INF_avg,INF_sd,INF_r1,INF_kr,INF_sk,SUP_avg,SUP_sd,SUP_r1,SUP_kr,SUP_sk,INC_avg,INC_sd,INC_r1,INC_kr,INC_sk,IND_avg,IND_sd,IND_r1,IND_kr,IND_sk
71,0.2406000000,0.0701686540,0.1845015783,2.6434060400,0.0792428523,0.2688000000,0.0702179464,0.0983840695,2.7768646097,0.3004841073,0.4906000000,0.0701686540,0.0367628484,2.9912076946,0.0571869142,0.4906000000,0.0701686540,0.0367628484,2.9912076946,0.0571869142
