Instance,INF_avg,INF_sd,INF_r1,INF_kr,INF_sk,SUP_avg,SUP_sd,SUP_r1,SUP_kr,SUP_sk,INC_avg,INC_sd,INC_r1,INC_kr,INC_sk,IND_avg,IND_sd,IND_r1,IND_kr,IND_sk
147,0.2440000000,0.0241660919,-0.8656716418,2.8430287108,1.1427763503,0.3160000000,0.0233238076,-0.0064935065,2.6660899654,1.1500493357,0.4400000000,0.0316227766,-0.2926829268,1.3480000000,-0.0000000000,0.4400000000,0.0316227766,-0.2926829268,1.3480000000,-0.0000000000
