Instance,INF_avg,INF_sd,INF_r1,INF_kr,INF_sk,SUP_avg,SUP_sd,SUP_r1,SUP_kr,SUP_sk,INC_avg,INC_sd,INC_r1,INC_kr,INC_sk,IND_avg,IND_sd,IND_r1,IND_kr,IND_sk
137,0.2293500000,0.0511842505,0.6149938680,2.5809697366,0.4943750966,0.2339000000,0.0427818887,0.3778129307,2.5113843361,0.3190325285,0.5367500000,0.0484684176,0.4270192179,2.7535056748,-0.0790640524,0.5367500000,0.0484684176,0.4270192179,2.7535056748,-0.0790640524
