Instance,INF_avg,INF_sd,INF_r1,INF_kr,INF_sk,SUP_avg,SUP_sd,SUP_r1,SUP_kr,SUP_sk,INC_avg,INC_sd,INC_r1,INC_kr,INC_sk,IND_avg,IND_sd,IND_r1,IND_kr,IND_sk
218,0.2838000000,0.0398818254,0.4697884256,2.0334807954,0.0732684686,0.2646000000,0.0458676356,0.5695814431,4.2541239281,1.0044198292,0.4516000000,0.0397924616,0.2408975319,3.2969640148,-0.4661972015,0.4516000000,0.0397924616,0.2408975319,3.2969640148,-0.4661972015
