Instance,INF_avg,INF_sd,INF_r1,INF_kr,INF_sk,SUP_avg,SUP_sd,SUP_r1,SUP_kr,SUP_sk,INC_avg,INC_sd,INC_r1,INC_kr,INC_sk,IND_avg,IND_sd,IND_r1,IND_kr,IND_sk
208,0.2570000000,0.0911098238,0.0812324177,2.6205427982,0.0996109166,0.2475000000,0.1066243406,0.1736976397,3.7503455221,0.7395990720,0.4955000000,0.1095661900,0.0914858584,2.8421232024,0.1261335006,0.4955000000,0.1095661900,0.0914858584,2.8421232024,0.1261335006
