Instance,INF_avg,INF_sd,INF_r1,INF_kr,INF_sk,SUP_avg,SUP_sd,SUP_r1,SUP_kr,SUP_sk,INC_avg,INC_sd,INC_r1,INC_kr,INC_sk,IND_avg,IND_sd,IND_r1,IND_kr,IND_sk
404,0.2960000000,0.0542586399,-0.0559866962,5.2127244802,1.6238648052,0.2240000000,0.0471593045,0.1396688265,1.7720097303,0.2178442071,0.4800000000,0.0600000000,0.1797752809,2.6148148148,-0.3333333333,0.4800000000,0.0600000000,0.1797752809,2.6148148148,-0.3333333333
