Instance,INF_avg,INF_sd,INF_r1,INF_kr,INF_sk,SUP_avg,SUP_sd,SUP_r1,SUP_kr,SUP_sk,INC_avg,INC_sd,INC_r1,INC_kr,INC_sk,IND_avg,IND_sd,IND_r1,IND_kr,IND_sk
439,0.2630000000,0.1076150547,-0.0708755530,3.4051246037,0.4923765940,0.2050000000,0.0715891053,0.1177192208,3.4796668650,-0.2780093275,0.5320000000,0.1160861749,0.0072793557,2.8763483619,-0.0297012749,0.5320000000,0.1160861749,0.0072793557,2.8763483619,-0.0297012749
