Instance,INF_avg,INF_sd,INF_r1,INF_kr,INF_sk,SUP_avg,SUP_sd,SUP_r1,SUP_kr,SUP_sk,INC_avg,INC_sd,INC_r1,INC_kr,INC_sk,IND_avg,IND_sd,IND_r1,IND_kr,IND_sk
165,0.2750000000,0.0330151480,0.0099009901,3.1009595152,1.3838518410,0.2210000000,0.0231084400,-0.0581745236,2.0798510289,0.5285291061,0.5040000000,0.0549909083,0.0156874808,2.7544931553,-1.1182223635,0.5040000000,0.0549909083,0.0156874808,2.7544931553,-1.1182223635
