Instance,INF_avg,INF_sd,INF_r1,INF_kr,INF_sk,SUP_avg,SUP_sd,SUP_r1,SUP_kr,SUP_sk,INC_avg,INC_sd,INC_r1,INC_kr,INC_sk,IND_avg,IND_sd,IND_r1,IND_kr,IND_sk
204,0.4429768786,0.1108934266,0.9072819811,2.1147757473,-0.1542316344,0.0754768786,0.0678519792,0.9359802512,3.2534206483,1.0885357826,0.4815462428,0.0583094634,0.6930105684,2.4680755573,-0.3651410323,0.4815462428,0.0583094634,0.6930105684,2.4680755573,-0.3651410323
