Instance,INF_avg,INF_sd,INF_r1,INF_kr,INF_sk,SUP_avg,SUP_sd,SUP_r1,SUP_kr,SUP_sk,INC_avg,INC_sd,INC_r1,INC_kr,INC_sk,IND_avg,IND_sd,IND_r1,IND_kr,IND_sk
117,0.2240000000,0.1477294825,0.1110644620,3.0333373466,0.7738246531,0.2880000000,0.1177115118,-0.3250311908,3.1920299324,0.6747619714,0.4880000000,0.1365869686,-0.1066398390,2.7491195655,-0.2537730574,0.4880000000,0.1365869686,-0.1066398390,2.7491195655,-0.2537730574
