Instance,INF_avg,INF_sd,INF_r1,INF_kr,INF_sk,SUP_avg,SUP_sd,SUP_r1,SUP_kr,SUP_sk,INC_avg,INC_sd,INC_r1,INC_kr,INC_sk,IND_avg,IND_sd,IND_r1,IND_kr,IND_sk
246,0.2200000000,0.0509901951,-0.5909090909,1.9556213018,0.2715454179,0.2800000000,0.0812403840,-0.3862928349,1.4421487603,0.3804646085,0.5000000000,0.0707106781,0.0000000000,1.7000000000,-0.0000000000,0.5000000000,0.0707106781,0.0000000000,1.7000000000,-0.0000000000
