Instance,INF_avg,INF_sd,INF_r1,INF_kr,INF_sk,SUP_avg,SUP_sd,SUP_r1,SUP_kr,SUP_sk,INC_avg,INC_sd,INC_r1,INC_kr,INC_sk,IND_avg,IND_sd,IND_r1,IND_kr,IND_sk
8,0.5039312977,0.0996022771,0.8626834411,2.1704906833,-0.4864794223,0.0815267176,0.0592217115,0.9074760671,3.0273263234,0.9540910280,0.4145419847,0.0543786919,0.4917333105,2.6792838656,0.2556291726,0.4145419847,0.0543786919,0.4917333105,2.6792838656,0.2556291726
