Instance,INF_avg,INF_sd,INF_r1,INF_kr,INF_sk,SUP_avg,SUP_sd,SUP_r1,SUP_kr,SUP_sk,INC_avg,INC_sd,INC_r1,INC_kr,INC_sk,IND_avg,IND_sd,IND_r1,IND_kr,IND_sk
370,0.2760000000,0.0427083130,0.1684322034,2.2746999077,0.3844931226,0.2280000000,0.0507543102,-0.1737235367,4.5710813626,-1.2232844132,0.4960000000,0.0697423831,0.1936063218,1.7486365997,0.2382829538,0.4960000000,0.0697423831,0.1936063218,1.7486365997,0.2382829538
