Instance,INF_avg,INF_sd,INF_r1,INF_kr,INF_sk,SUP_avg,SUP_sd,SUP_r1,SUP_kr,SUP_sk,INC_avg,INC_sd,INC_r1,INC_kr,INC_sk,IND_avg,IND_sd,IND_r1,IND_kr,IND_sk
189,0.2380000000,0.0951630180,0.0325265599,3.4420519672,0.7284134387,0.2340000000,0.0966643678,-0.2650964051,2.4861774899,0.4235988787,0.5280000000,0.1183891887,-0.2339252208,2.4591474714,0.1149274231,0.5280000000,0.1183891887,-0.2339252208,2.4591474714,0.1149274231
