Instance,INF_avg,INF_sd,INF_r1,INF_kr,INF_sk,SUP_avg,SUP_sd,SUP_r1,SUP_kr,SUP_sk,INC_avg,INC_sd,INC_r1,INC_kr,INC_sk,IND_avg,IND_sd,IND_r1,IND_kr,IND_sk
186,0.2700000000,0.0927361850,-0.5734265734,1.5091941590,0.1579875514,0.2400000000,0.1019803903,-0.1078998073,2.7045118343,-1.0013237284,0.4900000000,0.1019803903,0.6240601504,1.3731508876,-0.1527442976,0.4900000000,0.1019803903,0.6240601504,1.3731508876,-0.1527442976
