Instance,INF_avg,INF_sd,INF_r1,INF_kr,INF_sk,SUP_avg,SUP_sd,SUP_r1,SUP_kr,SUP_sk,INC_avg,INC_sd,INC_r1,INC_kr,INC_sk,IND_avg,IND_sd,IND_r1,IND_kr,IND_sk
231,0.2332000000,0.0539051018,0.0013039655,2.4554363595,0.3263117555,0.2604000000,0.0680576226,0.1885396274,4.2867631302,0.9238964019,0.5064000000,0.0714915380,0.0566892055,3.3329858996,-0.4041480133,0.5064000000,0.0714915380,0.0566892055,3.3329858996,-0.4041480133
