Instance,INF_avg,INF_sd,INF_r1,INF_kr,INF_sk,SUP_avg,SUP_sd,SUP_r1,SUP_kr,SUP_sk,INC_avg,INC_sd,INC_r1,INC_kr,INC_sk,IND_avg,IND_sd,IND_r1,IND_kr,IND_sk
360,0.3734900990,0.0733891189,0.7739840160,2.2237543157,0.0732919314,0.0942574257,0.0654700678,0.9020405210,2.4255259322,0.6584358311,0.5322524752,0.0381113613,0.1245413511,2.7828576752,-0.2647643826,0.5322524752,0.0381113613,0.1245413511,2.7828576752,-0.2647643826
