Instance,INF_avg,INF_sd,INF_r1,INF_kr,INF_sk,SUP_avg,SUP_sd,SUP_r1,SUP_kr,SUP_sk,INC_avg,INC_sd,INC_r1,INC_kr,INC_sk,IND_avg,IND_sd,IND_r1,IND_kr,IND_sk
465,0.2680000000,0.0376297754,-0.3485738255,2.2678827923,-0.2270109981,0.2800000000,0.0536656315,-0.1587301587,1.5726273148,-0.0349385621,0.4520000000,0.0331058907,0.0198237885,2.5856731845,0.4193577451,0.4520000000,0.0331058907,0.0198237885,2.5856731845,0.4193577451
