Instance,INF_avg,INF_sd,INF_r1,INF_kr,INF_sk,SUP_avg,SUP_sd,SUP_r1,SUP_kr,SUP_sk,INC_avg,INC_sd,INC_r1,INC_kr,INC_sk,IND_avg,IND_sd,IND_r1,IND_kr,IND_sk
384,0.2166000000,0.0275942023,0.0477584402,2.2659952735,-0.1108453424,0.2628000000,0.0302019867,0.0008068185,1.8635018841,0.0807978667,0.5206000000,0.0369951348,-0.2174553290,3.6804035910,0.5334706739,0.5206000000,0.0369951348,-0.2174553290,3.6804035910,0.5334706739
