Instance,INF_avg,INF_sd,INF_r1,INF_kr,INF_sk,SUP_avg,SUP_sd,SUP_r1,SUP_kr,SUP_sk,INC_avg,INC_sd,INC_r1,INC_kr,INC_sk,IND_avg,IND_sd,IND_r1,IND_kr,IND_sk
448,0.2490000000,0.0566480362,0.1169588660,1.6154954693,0.0359108405,0.2920000000,0.0389358447,0.2806041335,2.5781427308,0.7334980658,0.4590000000,0.0583866423,0.2979189127,2.0652677618,0.4427651318,0.4590000000,0.0583866423,0.2979189127,2.0652677618,0.4427651318
