Instance,INF_avg,INF_sd,INF_r1,INF_kr,INF_sk,SUP_avg,SUP_sd,SUP_r1,SUP_kr,SUP_sk,INC_avg,INC_sd,INC_r1,INC_kr,INC_sk,IND_avg,IND_sd,IND_r1,IND_kr,IND_sk
31,0.2550000000,0.0311448230,-0.2736842105,2.3023169306,0.7646353613,0.2510000000,0.0255734237,-0.0692824320,1.9830962601,0.7809856551,0.4940000000,0.0285306852,-0.6918623352,1.2912272335,0.1945403170,0.4940000000,0.0285306852,-0.6918623352,1.2912272335,0.1945403170
