Instance,INF_avg,INF_sd,INF_r1,INF_kr,INF_sk,SUP_avg,SUP_sd,SUP_r1,SUP_kr,SUP_sk,INC_avg,INC_sd,INC_r1,INC_kr,INC_sk,IND_avg,IND_sd,IND_r1,IND_kr,IND_sk
395,0.2340000000,0.0467332858,-0.0906981242,1.6134726080,0.1580161819,0.2790000000,0.0465725241,-0.1902448054,2.9107109037,0.5683071094,0.4870000000,0.0536749476,-0.2762879715,2.0193845637,-0.0086912928,0.4870000000,0.0536749476,-0.2762879715,2.0193845637,-0.0086912928
