Instance,INF_avg,INF_sd,INF_r1,INF_kr,INF_sk,SUP_avg,SUP_sd,SUP_r1,SUP_kr,SUP_sk,INC_avg,INC_sd,INC_r1,INC_kr,INC_sk,IND_avg,IND_sd,IND_r1,IND_kr,IND_sk
361,0.2360000000,0.0300166620,0.1047751401,3.9654656745,-0.2327231315,0.2782000000,0.0415302300,0.3874420530,2.3959714526,-0.0539645581,0.4858000000,0.0388890730,0.2255703253,3.2642859050,-0.2638844921,0.4858000000,0.0388890730,0.2255703253,3.2642859050,-0.2638844921
