Instance,INF_avg,INF_sd,INF_r1,INF_kr,INF_sk,SUP_avg,SUP_sd,SUP_r1,SUP_kr,SUP_sk,INC_avg,INC_sd,INC_r1,INC_kr,INC_sk,IND_avg,IND_sd,IND_r1,IND_kr,IND_sk
192,0.3550000000,0.0313847097,0.2076677316,2.0290396557,-0.0970436022,0.3870000000,0.0190000000,0.2307692308,2.6544992749,-0.0909753608,0.2580000000,0.0381575681,0.3619451697,1.9107142857,0.1429872037,0.2580000000,0.0381575681,0.3619451697,1.9107142857,0.1429872037
