Instance,INF_avg,INF_sd,INF_r1,INF_kr,INF_sk,SUP_avg,SUP_sd,SUP_r1,SUP_kr,SUP_sk,INC_avg,INC_sd,INC_r1,INC_kr,INC_sk,IND_avg,IND_sd,IND_r1,IND_kr,IND_sk
455,0.2449000000,0.0429649857,0.4258556283,2.9885278280,-0.0967837351,0.2545000000,0.0475788819,0.5619991151,2.7557213922,0.4756737783,0.5006000000,0.0423572898,0.2831563868,3.4693656892,-0.2598156710,0.5006000000,0.0423572898,0.2831563868,3.4693656892,-0.2598156710
