Instance,INF_avg,INF_sd,INF_r1,INF_kr,INF_sk,SUP_avg,SUP_sd,SUP_r1,SUP_kr,SUP_sk,INC_avg,INC_sd,INC_r1,INC_kr,INC_sk,IND_avg,IND_sd,IND_r1,IND_kr,IND_sk
435,0.2210000000,0.0324653662,0.1111730287,2.0817073478,0.4781624543,0.2900000000,0.0443846820,0.5240000000,1.4033471617,0.1132233122,0.4890000000,0.0233238076,0.2136498516,2.1217155061,0.8478776558,0.4890000000,0.0233238076,0.2136498516,2.1217155061,0.8478776558
