Instance,INF_avg,INF_sd,INF_r1,INF_kr,INF_sk,SUP_avg,SUP_sd,SUP_r1,SUP_kr,SUP_sk,INC_avg,INC_sd,INC_r1,INC_kr,INC_sk,IND_avg,IND_sd,IND_r1,IND_kr,IND_sk
425,0.2240000000,0.0445421149,-0.9498069498,2.0793444329,0.6170311183,0.2800000000,0.0456070170,-0.7307692308,1.4349112426,-0.0000000000,0.4960000000,0.0637495098,-0.5071507151,1.9437348875,0.4046348854,0.4960000000,0.0637495098,-0.5071507151,1.9437348875,0.4046348854
