Instance,INF_avg,INF_sd,INF_r1,INF_kr,INF_sk,SUP_avg,SUP_sd,SUP_r1,SUP_kr,SUP_sk,INC_avg,INC_sd,INC_r1,INC_kr,INC_sk,IND_avg,IND_sd,IND_r1,IND_kr,IND_sk
184,0.2670000000,0.0964935231,-0.0851289897,4.2127805798,0.3731154262,0.2715000000,0.0846330314,-0.1155270765,2.7710154327,0.1019691770,0.4615000000,0.1065023474,0.0074018608,3.4731460169,0.3567001052,0.4615000000,0.1065023474,0.0074018608,3.4731460169,0.3567001052
