Instance,INF_avg,INF_sd,INF_r1,INF_kr,INF_sk,SUP_avg,SUP_sd,SUP_r1,SUP_kr,SUP_sk,INC_avg,INC_sd,INC_r1,INC_kr,INC_sk,IND_avg,IND_sd,IND_r1,IND_kr,IND_sk
37,0.2574000000,0.0714789479,0.0382890551,3.7362002108,0.4243930240,0.1904000000,0.0567436340,0.1166146763,3.0955557950,0.4834893611,0.5522000000,0.0704213036,-0.0237375462,2.7420247094,-0.1618446902,0.5522000000,0.0704213036,-0.0237375462,2.7420247094,-0.1618446902
