Instance,INF_avg,INF_sd,INF_r1,INF_kr,INF_sk,SUP_avg,SUP_sd,SUP_r1,SUP_kr,SUP_sk,INC_avg,INC_sd,INC_r1,INC_kr,INC_sk,IND_avg,IND_sd,IND_r1,IND_kr,IND_sk
476,0.2574000000,0.0474472338,0.0805247251,3.5033468297,0.3283921887,0.2390000000,0.0456618002,0.0302413353,2.9054472681,0.1894441233,0.5036000000,0.0478648096,-0.1930343636,2.6509961791,-0.4044301456,0.5036000000,0.0478648096,-0.1930343636,2.6509961791,-0.4044301456
