Instance,INF_avg,INF_sd,INF_r1,INF_kr,INF_sk,SUP_avg,SUP_sd,SUP_r1,SUP_kr,SUP_sk,INC_avg,INC_sd,INC_r1,INC_kr,INC_sk,IND_avg,IND_sd,IND_r1,IND_kr,IND_sk
377,0.2926000000,0.0406846408,-0.0759653915,4.1035293753,-0.7583351739,0.2628000000,0.0456963894,0.0005381570,3.9546452742,0.7847037002,0.4446000000,0.0531492239,-0.0908095523,2.3485724455,0.2590940209,0.4446000000,0.0531492239,-0.0908095523,2.3485724455,0.2590940209
