Instance,INF_avg,INF_sd,INF_r1,INF_kr,INF_sk,SUP_avg,SUP_sd,SUP_r1,SUP_kr,SUP_sk,INC_avg,INC_sd,INC_r1,INC_kr,INC_sk,IND_avg,IND_sd,IND_r1,IND_kr,IND_sk
245,0.2580000000,0.0541848687,0.3288416688,4.1114753246,-0.1620247822,0.2620000000,0.0481248377,-0.2303757276,4.3894601197,-1.3772470925,0.4800000000,0.0565685425,0.2903225806,4.2488281250,1.1236368695,0.4800000000,0.0565685425,0.2903225806,4.2488281250,1.1236368695
