Instance,INF_avg,INF_sd,INF_r1,INF_kr,INF_sk,SUP_avg,SUP_sd,SUP_r1,SUP_kr,SUP_sk,INC_avg,INC_sd,INC_r1,INC_kr,INC_sk,IND_avg,IND_sd,IND_r1,IND_kr,IND_sk
445,0.2550000000,0.0223606798,0.6158536585,1.9010000000,0.4360332556,0.2405000000,0.0482415796,0.1801107224,2.3465355172,0.2355611392,0.5045000000,0.0333504123,-0.1166655408,2.6105859666,-0.3920850148,0.5045000000,0.0333504123,-0.1166655408,2.6105859666,-0.3920850148
