Instance,INF_avg,INF_sd,INF_r1,INF_kr,INF_sk,SUP_avg,SUP_sd,SUP_r1,SUP_kr,SUP_sk,INC_avg,INC_sd,INC_r1,INC_kr,INC_sk,IND_avg,IND_sd,IND_r1,IND_kr,IND_sk
264,0.2600000000,0.1200000000,-0.1148648649,1.5138888889,-0.2361111111,0.2500000000,0.0921954446,0.2727272727,2.1626297578,-0.3828184550,0.4900000000,0.1135781669,0.1702309666,1.9576347575,-0.6224583152,0.4900000000,0.1135781669,0.1702309666,1.9576347575,-0.6224583152
