Instance,INF_avg,INF_sd,INF_r1,INF_kr,INF_sk,SUP_avg,SUP_sd,SUP_r1,SUP_kr,SUP_sk,INC_avg,INC_sd,INC_r1,INC_kr,INC_sk,IND_avg,IND_sd,IND_r1,IND_kr,IND_sk
439,0.3379545455,0.1018037226,0.5533588317,2.8445658240,0.1840994837,0.1663636364,0.0927139028,0.7142341962,2.6135933769,0.5457162646,0.4956818182,0.0764822537,-0.0232606400,2.6465904674,-0.0281545856,0.4956818182,0.0764822537,-0.0232606400,2.6465904674,-0.0281545856
