Instance,INF_avg,INF_sd,INF_r1,INF_kr,INF_sk,SUP_avg,SUP_sd,SUP_r1,SUP_kr,SUP_sk,INC_avg,INC_sd,INC_r1,INC_kr,INC_sk,IND_avg,IND_sd,IND_r1,IND_kr,IND_sk
275,0.2663000000,0.0315247522,-0.0986854525,2.6596528970,0.0769062780,0.2619000000,0.0300980066,0.3088313920,2.0729869747,-0.0299988082,0.4718000000,0.0380888435,0.1124021275,2.2776090850,-0.4459089776,0.4718000000,0.0380888435,0.1124021275,2.2776090850,-0.4459089776
