Instance,INF_avg,INF_sd,INF_r1,INF_kr,INF_sk,SUP_avg,SUP_sd,SUP_r1,SUP_kr,SUP_sk,INC_avg,INC_sd,INC_r1,INC_kr,INC_sk,IND_avg,IND_sd,IND_r1,IND_kr,IND_sk
444,0.2520000000,0.0376297754,-0.2547649301,2.8137029589,-1.2143286723,0.2420000000,0.0538144962,-0.3227430009,2.3754845701,0.9831194398,0.5060000000,0.0174355958,-0.4652567976,1.3801939058,-0.5071295170,0.5060000000,0.0174355958,-0.4652567976,1.3801939058,-0.5071295170
