Instance,INF_avg,INF_sd,INF_r1,INF_kr,INF_sk,SUP_avg,SUP_sd,SUP_r1,SUP_kr,SUP_sk,INC_avg,INC_sd,INC_r1,INC_kr,INC_sk,IND_avg,IND_sd,IND_r1,IND_kr,IND_sk
204,0.2400000000,0.1280624847,0.4605809129,2.3837001785,0.6513588606,0.2700000000,0.1417744688,-0.1065782764,3.4379594564,0.9601122413,0.4900000000,0.1513274595,-0.0575427683,1.6471272478,0.3428176844,0.4900000000,0.1513274595,-0.0575427683,1.6471272478,0.3428176844
