Instance,INF_avg,INF_sd,INF_r1,INF_kr,INF_sk,SUP_avg,SUP_sd,SUP_r1,SUP_kr,SUP_sk,INC_avg,INC_sd,INC_r1,INC_kr,INC_sk,IND_avg,IND_sd,IND_r1,IND_kr,IND_sk
118,0.4230188679,0.0994624212,0.7523995772,2.2072938400,-0.0293383340,0.1247169811,0.0774012767,0.8261312958,2.4451781940,0.4765208095,0.4522641509,0.0546391770,0.1426876279,2.9484093697,-0.0359001478,0.4522641509,0.0546391770,0.1426876279,2.9484093697,-0.0359001478
