Instance,INF_avg,INF_sd,INF_r1,INF_kr,INF_sk,SUP_avg,SUP_sd,SUP_r1,SUP_kr,SUP_sk,INC_avg,INC_sd,INC_r1,INC_kr,INC_sk,IND_avg,IND_sd,IND_r1,IND_kr,IND_sk
63,0.2000000000,0.1264911064,-0.3125000000,3.9062500000,0.8893905919,0.2700000000,0.1004987562,-0.6233090531,1.7544358396,0.0354666721,0.5300000000,0.1187434209,0.0742101396,3.1415421759,0.8385682959,0.5300000000,0.1187434209,0.0742101396,3.1415421759,0.8385682959
