Instance,INF_avg,INF_sd,INF_r1,INF_kr,INF_sk,SUP_avg,SUP_sd,SUP_r1,SUP_kr,SUP_sk,INC_avg,INC_sd,INC_r1,INC_kr,INC_sk,IND_avg,IND_sd,IND_r1,IND_kr,IND_sk
408,0.2340000000,0.0486209831,-0.3058174702,1.8386542640,0.0171219761,0.2550000000,0.0332415403,0.0702947846,3.0913576708,-0.0653382991,0.5110000000,0.0546717477,0.0753992034,2.3913418007,0.3679736971,0.5110000000,0.0546717477,0.0753992034,2.3913418007,0.3679736971
