Instance,INF_avg,INF_sd,INF_r1,INF_kr,INF_sk,SUP_avg,SUP_sd,SUP_r1,SUP_kr,SUP_sk,INC_avg,INC_sd,INC_r1,INC_kr,INC_sk,IND_avg,IND_sd,IND_r1,IND_kr,IND_sk
219,0.1900000000,0.1135781669,-0.0010764263,2.2460789616,0.1965657837,0.2700000000,0.0640312424,-0.2468827930,5.1499107674,-1.9197945364,0.5400000000,0.1356465997,-0.2752525253,1.7967863894,-0.2692418330,0.5400000000,0.1356465997,-0.2752525253,1.7967863894,-0.2692418330
