Instance,INF_avg,INF_sd,INF_r1,INF_kr,INF_sk,SUP_avg,SUP_sd,SUP_r1,SUP_kr,SUP_sk,INC_avg,INC_sd,INC_r1,INC_kr,INC_sk,IND_avg,IND_sd,IND_r1,IND_kr,IND_sk
31,0.2662000000,0.0317893064,-0.1640646747,3.2238541558,0.3713698198,0.2150000000,0.0243721152,0.0715596330,2.6115532429,-0.2569586680,0.5188000000,0.0296405128,-0.0005673743,2.4325373939,0.2079240605,0.5188000000,0.0296405128,-0.0005673743,2.4325373939,0.2079240605
