Instance,INF_avg,INF_sd,INF_r1,INF_kr,INF_sk,SUP_avg,SUP_sd,SUP_r1,SUP_kr,SUP_sk,INC_avg,INC_sd,INC_r1,INC_kr,INC_sk,IND_avg,IND_sd,IND_r1,IND_kr,IND_sk
467,0.3250000000,0.0328633535,0.1581395349,2.2826646091,0.4099466673,0.2170000000,0.0263818119,-0.1709601874,2.1575505351,-0.2169728883,0.4580000000,0.0160000000,0.1699449253,2.0369262695,0.5844726562,0.4580000000,0.0160000000,0.1699449253,2.0369262695,0.5844726562
