Instance,INF_avg,INF_sd,INF_r1,INF_kr,INF_sk,SUP_avg,SUP_sd,SUP_r1,SUP_kr,SUP_sk,INC_avg,INC_sd,INC_r1,INC_kr,INC_sk,IND_avg,IND_sd,IND_r1,IND_kr,IND_sk
155,0.2750000000,0.0335410197,0.2941176471,2.7777777778,0.9938079900,0.2350000000,0.0923309266,-0.1264453562,2.0816556445,-0.0323965377,0.4900000000,0.1019803903,0.0688775510,2.1636464497,-0.0820293450,0.4900000000,0.1019803903,0.0688775510,2.1636464497,-0.0820293450
