Instance,INF_avg,INF_sd,INF_r1,INF_kr,INF_sk,SUP_avg,SUP_sd,SUP_r1,SUP_kr,SUP_sk,INC_avg,INC_sd,INC_r1,INC_kr,INC_sk,IND_avg,IND_sd,IND_r1,IND_kr,IND_sk
377,0.2651000000,0.0340292521,0.0441396113,2.6637972183,0.1402747656,0.2305500000,0.0308698477,-0.0926840159,2.8127846429,0.4324394530,0.5043500000,0.0324704096,-0.1108906614,2.7500390815,-0.1141404997,0.5043500000,0.0324704096,-0.1108906614,2.7500390815,-0.1141404997
