Instance,INF_avg,INF_sd,INF_r1,INF_kr,INF_sk,SUP_avg,SUP_sd,SUP_r1,SUP_kr,SUP_sk,INC_avg,INC_sd,INC_r1,INC_kr,INC_sk,IND_avg,IND_sd,IND_r1,IND_kr,IND_sk
486,0.2840000000,0.0358329457,-0.5527654164,2.0819576673,-0.1058911693,0.2390000000,0.0356230263,-0.0738908265,2.3129080995,0.3607516031,0.4770000000,0.0519711458,-0.0966260509,2.9713921140,0.0643708651,0.4770000000,0.0519711458,-0.0966260509,2.9713921140,0.0643708651
