Instance,INF_avg,INF_sd,INF_r1,INF_kr,INF_sk,SUP_avg,SUP_sd,SUP_r1,SUP_kr,SUP_sk,INC_avg,INC_sd,INC_r1,INC_kr,INC_sk,IND_avg,IND_sd,IND_r1,IND_kr,IND_sk
474,0.2600000000,0.0456070170,-0.3269230769,2.8550295858,-1.0119900223,0.2440000000,0.0649923072,-0.2593242650,2.2384641873,-0.1440729951,0.4960000000,0.0397994975,-0.0095389507,3.4126109581,0.2010075631,0.4960000000,0.0397994975,-0.0095389507,3.4126109581,0.2010075631
