Instance,INF_avg,INF_sd,INF_r1,INF_kr,INF_sk,SUP_avg,SUP_sd,SUP_r1,SUP_kr,SUP_sk,INC_avg,INC_sd,INC_r1,INC_kr,INC_sk,IND_avg,IND_sd,IND_r1,IND_kr,IND_sk
384,0.2622000000,0.0319790556,0.2697780043,2.3966701025,-0.2293380798,0.2135500000,0.0312593586,-0.0402192638,3.4811504750,0.5847074103,0.5242500000,0.0364031249,0.0935084945,2.5608378502,0.2832829620,0.5242500000,0.0364031249,0.0935084945,2.5608378502,0.2832829620
