Instance,INF_avg,INF_sd,INF_r1,INF_kr,INF_sk,SUP_avg,SUP_sd,SUP_r1,SUP_kr,SUP_sk,INC_avg,INC_sd,INC_r1,INC_kr,INC_sk,IND_avg,IND_sd,IND_r1,IND_kr,IND_sk
77,0.3200000000,0.1363818170,-0.5308804205,1.3747832119,0.1088026982,0.2200000000,0.1077032961,-0.9303201507,1.2285969084,0.3169627324,0.4600000000,0.0860232527,0.0119760479,1.9945215486,0.3958703373,0.4600000000,0.0860232527,0.0119760479,1.9945215486,0.3958703373
