Instance,INF_avg,INF_sd,INF_r1,INF_kr,INF_sk,SUP_avg,SUP_sd,SUP_r1,SUP_kr,SUP_sk,INC_avg,INC_sd,INC_r1,INC_kr,INC_sk,IND_avg,IND_sd,IND_r1,IND_kr,IND_sk
446,0.3996226415,0.1137559829,0.9221603696,2.0961732870,0.0956172040,0.0928301887,0.0695165885,0.9155392366,2.2345608940,0.6331883121,0.5075471698,0.0584034653,0.6539704374,2.2891714595,-0.5509146504,0.5075471698,0.0584034653,0.6539704374,2.2891714595,-0.5509146504
