Instance,INF_avg,INF_sd,INF_r1,INF_kr,INF_sk,SUP_avg,SUP_sd,SUP_r1,SUP_kr,SUP_sk,INC_avg,INC_sd,INC_r1,INC_kr,INC_sk,IND_avg,IND_sd,IND_r1,IND_kr,IND_sk
113,0.2710000000,0.1005435229,-0.0758825150,2.7851220098,-0.3184078707,0.2670000000,0.1042161216,0.0680059916,5.0947932077,0.9220638087,0.4620000000,0.1088852607,-0.1526079210,2.4555646161,0.0979562508,0.4620000000,0.1088852607,-0.1526079210,2.4555646161,0.0979562508
