Instance,INF_avg,INF_sd,INF_r1,INF_kr,INF_sk,SUP_avg,SUP_sd,SUP_r1,SUP_kr,SUP_sk,INC_avg,INC_sd,INC_r1,INC_kr,INC_sk,IND_avg,IND_sd,IND_r1,IND_kr,IND_sk
248,0.2344000000,0.0913052025,-0.2410671253,3.1661170802,0.6756773848,0.2960000000,0.0632455532,-0.0843760026,2.7801280000,0.1381282882,0.4696000000,0.1043256440,-0.1589573991,1.8881622454,-0.0874526726,0.4696000000,0.1043256440,-0.1589573991,1.8881622454,-0.0874526726
