Instance,INF_avg,INF_sd,INF_r1,INF_kr,INF_sk,SUP_avg,SUP_sd,SUP_r1,SUP_kr,SUP_sk,INC_avg,INC_sd,INC_r1,INC_kr,INC_sk,IND_avg,IND_sd,IND_r1,IND_kr,IND_sk
58,0.4500000000,0.1174433852,0.9068497159,2.1828099731,-0.0771894487,0.1067948718,0.0779791818,0.8976061915,2.5239379499,0.6671312327,0.4432051282,0.0543845187,0.5413480558,2.8595870122,-0.2579277820,0.4432051282,0.0543845187,0.5413480558,2.8595870122,-0.2579277820
