Instance,INF_avg,INF_sd,INF_r1,INF_kr,INF_sk,SUP_avg,SUP_sd,SUP_r1,SUP_kr,SUP_sk,INC_avg,INC_sd,INC_r1,INC_kr,INC_sk,IND_avg,IND_sd,IND_r1,IND_kr,IND_sk
397,0.2680000000,0.1333266665,0.2115128140,2.4888477147,0.0418832823,0.2520000000,0.1299846145,0.0917464297,2.9353746987,0.4478676905,0.4800000000,0.1811077028,0.0928011753,2.3706127305,0.0363616000,0.4800000000,0.1811077028,0.0928011753,2.3706127305,0.0363616000
