Instance,INF_avg,INF_sd,INF_r1,INF_kr,INF_sk,SUP_avg,SUP_sd,SUP_r1,SUP_kr,SUP_sk,INC_avg,INC_sd,INC_r1,INC_kr,INC_sk,IND_avg,IND_sd,IND_r1,IND_kr,IND_sk
275,0.2330000000,0.0314006369,0.4418842806,1.9259100017,-0.6871864845,0.2440000000,0.0217715411,-0.5186915888,2.8170432089,1.0511922831,0.5230000000,0.0431972221,0.1259068570,1.4720122828,0.0992977987,0.5230000000,0.0431972221,0.1259068570,1.4720122828,0.0992977987
