Instance,INF_avg,INF_sd,INF_r1,INF_kr,INF_sk,SUP_avg,SUP_sd,SUP_r1,SUP_kr,SUP_sk,INC_avg,INC_sd,INC_r1,INC_kr,INC_sk,IND_avg,IND_sd,IND_r1,IND_kr,IND_sk
99,0.2540000000,0.1108332080,-0.0521223047,3.1064308807,-0.1230077558,0.3430000000,0.1423060083,0.0350708095,2.6917164573,0.1312058041,0.4030000000,0.1195449706,0.0836738417,2.0982535944,0.0827397442,0.4030000000,0.1195449706,0.0836738417,2.0982535944,0.0827397442
