Instance,INF_avg,INF_sd,INF_r1,INF_kr,INF_sk,SUP_avg,SUP_sd,SUP_r1,SUP_kr,SUP_sk,INC_avg,INC_sd,INC_r1,INC_kr,INC_sk,IND_avg,IND_sd,IND_r1,IND_kr,IND_sk
427,0.2300000000,0.0584807661,-0.2392638037,1.9508566738,0.2609944931,0.2400000000,0.0565685425,-0.1660516605,1.5957031250,0.2618504799,0.5300000000,0.0556776436,0.2857142857,2.2599375650,0.4101953350,0.5300000000,0.0556776436,0.2857142857,2.2599375650,0.4101953350
