Instance,INF_avg,INF_sd,INF_r1,INF_kr,INF_sk,SUP_avg,SUP_sd,SUP_r1,SUP_kr,SUP_sk,INC_avg,INC_sd,INC_r1,INC_kr,INC_sk,IND_avg,IND_sd,IND_r1,IND_kr,IND_sk
388,0.2587000000,0.0351825241,0.1912398199,2.8643454455,0.3450609507,0.2476000000,0.0316581743,0.0333217588,2.5459463331,-0.0737508735,0.4937000000,0.0363979395,-0.0081039945,3.4224271756,0.1702902463,0.4937000000,0.0363979395,-0.0081039945,3.4224271756,0.1702902463
