Instance,INF_avg,INF_sd,INF_r1,INF_kr,INF_sk,SUP_avg,SUP_sd,SUP_r1,SUP_kr,SUP_sk,INC_avg,INC_sd,INC_r1,INC_kr,INC_sk,IND_avg,IND_sd,IND_r1,IND_kr,IND_sk
410,0.2800000000,0.1400000000,0.2687074830,2.6018325698,-0.5160349854,0.2300000000,0.0781024968,-0.1764705882,3.1542596076,0.6800647393,0.4900000000,0.1513274595,0.4104921579,1.5555958124,-0.0034628049,0.4900000000,0.1513274595,0.4104921579,1.5555958124,-0.0034628049
