Instance,INF_avg,INF_sd,INF_r1,INF_kr,INF_sk,SUP_avg,SUP_sd,SUP_r1,SUP_kr,SUP_sk,INC_avg,INC_sd,INC_r1,INC_kr,INC_sk,IND_avg,IND_sd,IND_r1,IND_kr,IND_sk
396,0.2548000000,0.0430924587,-0.2187662364,3.2462585163,-0.4015299380,0.2220000000,0.0415692194,-0.2165916276,2.6877572016,0.2793199219,0.5232000000,0.0478096225,0.0520870265,2.4325903192,-0.3475073607,0.5232000000,0.0478096225,0.0520870265,2.4325903192,-0.3475073607
