Instance,INF_avg,INF_sd,INF_r1,INF_kr,INF_sk,SUP_avg,SUP_sd,SUP_r1,SUP_kr,SUP_sk,INC_avg,INC_sd,INC_r1,INC_kr,INC_sk,IND_avg,IND_sd,IND_r1,IND_kr,IND_sk
389,0.2798000000,0.0294611609,-0.1456140401,2.3337833270,0.2553969775,0.2560000000,0.0366742416,0.0535065556,2.7108154945,0.1221241451,0.4642000000,0.0434207324,-0.0254027616,2.4871403139,-0.1664916441,0.4642000000,0.0434207324,-0.0254027616,2.4871403139,-0.1664916441
