Instance,INF_avg,INF_sd,INF_r1,INF_kr,INF_sk,SUP_avg,SUP_sd,SUP_r1,SUP_kr,SUP_sk,INC_avg,INC_sd,INC_r1,INC_kr,INC_sk,IND_avg,IND_sd,IND_r1,IND_kr,IND_sk
153,0.2560000000,0.1080000000,-0.2274900512,2.7566068011,0.2380163085,0.2280000000,0.0800999376,-0.1996275186,2.3161594144,0.1539224303,0.5160000000,0.1060377291,-0.0565086383,2.6138086880,-0.1709385327,0.5160000000,0.1060377291,-0.0565086383,2.6138086880,-0.1709385327
