Instance,INF_avg,INF_sd,INF_r1,INF_kr,INF_sk,SUP_avg,SUP_sd,SUP_r1,SUP_kr,SUP_sk,INC_avg,INC_sd,INC_r1,INC_kr,INC_sk,IND_avg,IND_sd,IND_r1,IND_kr,IND_sk
174,0.2780000000,0.1077775487,0.0283685984,2.3155877900,-0.2617497257,0.1740000000,0.0788923317,-0.0112793793,2.4788330767,0.3422385854,0.5480000000,0.1187265766,0.2342384392,2.8766802249,0.4239942605,0.5480000000,0.1187265766,0.2342384392,2.8766802249,0.4239942605
