Instance,INF_avg,INF_sd,INF_r1,INF_kr,INF_sk,SUP_avg,SUP_sd,SUP_r1,SUP_kr,SUP_sk,INC_avg,INC_sd,INC_r1,INC_kr,INC_sk,IND_avg,IND_sd,IND_r1,IND_kr,IND_sk
308,0.3400000000,0.0969535971,0.1151385928,2.3587596197,0.2830922144,0.2100000000,0.0734846923,0.0384615385,1.1666666667,0.4082482905,0.4500000000,0.1140175425,0.2400000000,2.1449704142,0.8095920178,0.4500000000,0.1140175425,0.2400000000,2.1449704142,0.8095920178
