Instance,INF_avg,INF_sd,INF_r1,INF_kr,INF_sk,SUP_avg,SUP_sd,SUP_r1,SUP_kr,SUP_sk,INC_avg,INC_sd,INC_r1,INC_kr,INC_sk,IND_avg,IND_sd,IND_r1,IND_kr,IND_sk
60,0.2850000000,0.0672681202,-0.5253122945,2.8270504563,-0.4287287783,0.2650000000,0.0390512484,0.2335115865,3.1542596076,0.6800647393,0.4500000000,0.0741619849,-0.4285714286,2.4380165289,0.3677453795,0.4500000000,0.0741619849,-0.4285714286,2.4380165289,0.3677453795
