Instance,INF_avg,INF_sd,INF_r1,INF_kr,INF_sk,SUP_avg,SUP_sd,SUP_r1,SUP_kr,SUP_sk,INC_avg,INC_sd,INC_r1,INC_kr,INC_sk,IND_avg,IND_sd,IND_r1,IND_kr,IND_sk
499,0.2480000000,0.0381575681,0.1453696070,3.7039759691,-0.6993845401,0.2560000000,0.0427083130,-0.2005090498,2.1123903509,-0.1931708236,0.4960000000,0.0338230691,-1.0666290232,2.9098244413,-0.0415572698,0.4960000000,0.0338230691,-1.0666290232,2.9098244413,-0.0415572698
