Instance,INF_avg,INF_sd,INF_r1,INF_kr,INF_sk,SUP_avg,SUP_sd,SUP_r1,SUP_kr,SUP_sk,INC_avg,INC_sd,INC_r1,INC_kr,INC_sk,IND_avg,IND_sd,IND_r1,IND_kr,IND_sk
227,0.3115384615,0.1227158164,0.1302636757,1.8919662191,0.0761073849,0.1961538462,0.1379263160,0.0247928030,3.9286284403,1.0694527832,0.4923076923,0.1157685919,-0.0760414772,2.2167814277,-0.4820602608,0.4923076923,0.1157685919,-0.0760414772,2.2167814277,-0.4820602608
