Instance,INF_avg,INF_sd,INF_r1,INF_kr,INF_sk,SUP_avg,SUP_sd,SUP_r1,SUP_kr,SUP_sk,INC_avg,INC_sd,INC_r1,INC_kr,INC_sk,IND_avg,IND_sd,IND_r1,IND_kr,IND_sk
4,0.2700000000,0.1029563014,-0.1884469697,4.8987184051,-1.6438555067,0.2450000000,0.1233896268,-0.2974215799,2.0239834340,-0.0447139806,0.4850000000,0.1415097170,0.1576052993,1.7445374929,-0.0381122833,0.4850000000,0.1415097170,0.1576052993,1.7445374929,-0.0381122833
