Instance,INF_avg,INF_sd,INF_r1,INF_kr,INF_sk,SUP_avg,SUP_sd,SUP_r1,SUP_kr,SUP_sk,INC_avg,INC_sd,INC_r1,INC_kr,INC_sk,IND_avg,IND_sd,IND_r1,IND_kr,IND_sk
423,0.2500000000,0.1024695077,-0.0731707317,1.8707482993,-0.5576571845,0.1600000000,0.0663324958,-0.0377358491,2.3719008264,0.6578429336,0.5900000000,0.1300000000,0.0118085768,1.9613108785,0.4588074647,0.5900000000,0.1300000000,0.0118085768,1.9613108785,0.4588074647
