Instance,INF_avg,INF_sd,INF_r1,INF_kr,INF_sk,SUP_avg,SUP_sd,SUP_r1,SUP_kr,SUP_sk,INC_avg,INC_sd,INC_r1,INC_kr,INC_sk,IND_avg,IND_sd,IND_r1,IND_kr,IND_sk
89,0.2328000000,0.0441379655,-0.1566266679,3.7462153850,0.7951533702,0.2672000000,0.0611568475,-0.0129176544,2.6765516713,-0.1743522452,0.5000000000,0.0664529909,0.2800000000,2.6031821046,0.1570250258,0.5000000000,0.0664529909,0.2800000000,2.6031821046,0.1570250258
