Instance,INF_avg,INF_sd,INF_r1,INF_kr,INF_sk,SUP_avg,SUP_sd,SUP_r1,SUP_kr,SUP_sk,INC_avg,INC_sd,INC_r1,INC_kr,INC_sk,IND_avg,IND_sd,IND_r1,IND_kr,IND_sk
356,0.2588000000,0.0620206417,0.1083840700,1.9413015836,-0.0405365859,0.2564000000,0.0575068692,0.0366778945,2.7865841471,0.0946625465,0.4848000000,0.0701495545,0.0602438497,3.8755081657,0.5897616604,0.4848000000,0.0701495545,0.0602438497,3.8755081657,0.5897616604
