Instance,INF_avg,INF_sd,INF_r1,INF_kr,INF_sk,SUP_avg,SUP_sd,SUP_r1,SUP_kr,SUP_sk,INC_avg,INC_sd,INC_r1,INC_kr,INC_sk,IND_avg,IND_sd,IND_r1,IND_kr,IND_sk
18,0.2120000000,0.1336263447,-0.1215062147,3.2883594443,0.5596974365,0.2230000000,0.1263764219,-0.0696047968,2.5301457986,0.3051163623,0.5650000000,0.1570827807,-0.0880781746,3.0803084475,-0.5098661040,0.5650000000,0.1570827807,-0.0880781746,3.0803084475,-0.5098661040
