Instance,INF_avg,INF_sd,INF_r1,INF_kr,INF_sk,SUP_avg,SUP_sd,SUP_r1,SUP_kr,SUP_sk,INC_avg,INC_sd,INC_r1,INC_kr,INC_sk,IND_avg,IND_sd,IND_r1,IND_kr,IND_sk
498,0.2700000000,0.0871779789,-0.5889830508,1.7957063712,0.0543353054,0.3100000000,0.0860232527,0.0160642570,1.9945215486,0.3958703373,0.4200000000,0.1400000000,-0.5188470067,1.9380466472,0.5160349854,0.4200000000,0.1400000000,-0.5188470067,1.9380466472,0.5160349854
