Instance,INF_avg,INF_sd,INF_r1,INF_kr,INF_sk,SUP_avg,SUP_sd,SUP_r1,SUP_kr,SUP_sk,INC_avg,INC_sd,INC_r1,INC_kr,INC_sk,IND_avg,IND_sd,IND_r1,IND_kr,IND_sk
148,0.4643548387,0.1430443307,0.9286561424,1.8624430676,-0.2321441454,0.0883870968,0.0872416656,0.9155259420,2.8357632806,1.0579385665,0.4472580645,0.0731970243,0.7407873039,2.4982838299,-0.2742042805,0.4472580645,0.0731970243,0.7407873039,2.4982838299,-0.2742042805
