Instance,INF_avg,INF_sd,INF_r1,INF_kr,INF_sk,SUP_avg,SUP_sd,SUP_r1,SUP_kr,SUP_sk,INC_avg,INC_sd,INC_r1,INC_kr,INC_sk,IND_avg,IND_sd,IND_r1,IND_kr,IND_sk
313,0.3200000000,0.1326649916,-0.2909836066,2.9142561983,0.4008730377,0.2200000000,0.0748331477,0.3525179856,4.1428571429,1.0881350564,0.4600000000,0.1562049935,-0.2131519274,2.0658425155,0.2077975592,0.4600000000,0.1562049935,-0.2131519274,2.0658425155,0.2077975592
