Instance,INF_avg,INF_sd,INF_r1,INF_kr,INF_sk,SUP_avg,SUP_sd,SUP_r1,SUP_kr,SUP_sk,INC_avg,INC_sd,INC_r1,INC_kr,INC_sk,IND_avg,IND_sd,IND_r1,IND_kr,IND_sk
199,0.2360000000,0.0412795349,-0.5708931918,1.2724657806,0.2688642588,0.2560000000,0.0574804315,-0.6258218769,1.5086592523,0.2259533051,0.5080000000,0.0597996656,-0.4633493847,2.1140714382,0.6044791501,0.5080000000,0.0597996656,-0.4633493847,2.1140714382,0.6044791501
