Instance,INF_avg,INF_sd,INF_r1,INF_kr,INF_sk,SUP_avg,SUP_sd,SUP_r1,SUP_kr,SUP_sk,INC_avg,INC_sd,INC_r1,INC_kr,INC_sk,IND_avg,IND_sd,IND_r1,IND_kr,IND_sk
238,0.2600000000,0.0414728827,-0.4883720930,2.5000000000,0.3532709046,0.2020000000,0.0324961536,0.1000807103,1.7649793388,-0.4937647309,0.5380000000,0.0570613705,-0.3775382301,3.0841749724,1.3571318530,0.5380000000,0.0570613705,-0.3775382301,3.0841749724,1.3571318530
