Instance,INF_avg,INF_sd,INF_r1,INF_kr,INF_sk,SUP_avg,SUP_sd,SUP_r1,SUP_kr,SUP_sk,INC_avg,INC_sd,INC_r1,INC_kr,INC_sk,IND_avg,IND_sd,IND_r1,IND_kr,IND_sk
338,0.2400000000,0.0334664011,-0.3000000000,2.5000000000,-0.7683612489,0.2040000000,0.0480000000,-0.4066852368,1.6151620370,0.5451388889,0.5560000000,0.0731026675,-0.3691194210,2.1037147262,-0.2329592161,0.5560000000,0.0731026675,-0.3691194210,2.1037147262,-0.2329592161
