Instance,INF_avg,INF_sd,INF_r1,INF_kr,INF_sk,SUP_avg,SUP_sd,SUP_r1,SUP_kr,SUP_sk,INC_avg,INC_sd,INC_r1,INC_kr,INC_sk,IND_avg,IND_sd,IND_r1,IND_kr,IND_sk
100,0.2060000000,0.1061319933,-0.0414272581,2.0530551879,0.3948503057,0.3160000000,0.1230609605,0.2991901237,1.9202772245,0.0316542639,0.4780000000,0.1158274579,-0.1745492389,2.7180143219,0.5605772046,0.4780000000,0.1158274579,-0.1745492389,2.7180143219,0.5605772046
