Instance,INF_avg,INF_sd,INF_r1,INF_kr,INF_sk,SUP_avg,SUP_sd,SUP_r1,SUP_kr,SUP_sk,INC_avg,INC_sd,INC_r1,INC_kr,INC_sk,IND_avg,IND_sd,IND_r1,IND_kr,IND_sk
58,0.2980000000,0.1058111525,0.1590269649,2.6917242301,-0.0867893367,0.3020000000,0.0932523458,0.0688931227,2.6725421875,0.1452864049,0.4000000000,0.1240967365,0.3159609121,2.7049249452,0.0941870997,0.4000000000,0.1240967365,0.3159609121,2.7049249452,0.0941870997
