Instance,INF_avg,INF_sd,INF_r1,INF_kr,INF_sk,SUP_avg,SUP_sd,SUP_r1,SUP_kr,SUP_sk,INC_avg,INC_sd,INC_r1,INC_kr,INC_sk,IND_avg,IND_sd,IND_r1,IND_kr,IND_sk
406,0.2680000000,0.0870402206,-0.0050006494,2.2787856723,-0.0605626144,0.2680000000,0.0858836422,-0.1869920530,3.4398047722,0.4749401260,0.4640000000,0.1212600511,0.0114424448,2.1141584208,0.0082377655,0.4640000000,0.1212600511,0.0114424448,2.1141584208,0.0082377655
