Instance,INF_avg,INF_sd,INF_r1,INF_kr,INF_sk,SUP_avg,SUP_sd,SUP_r1,SUP_kr,SUP_sk,INC_avg,INC_sd,INC_r1,INC_kr,INC_sk,IND_avg,IND_sd,IND_r1,IND_kr,IND_sk
345,0.2360000000,0.0467332858,-0.6752199413,2.5629352333,0.2123342444,0.2810000000,0.0250798724,0.1429811239,2.1331889263,-0.4556507613,0.4830000000,0.0529244745,-0.4083555422,2.7117485327,-0.7631873385,0.4830000000,0.0529244745,-0.4083555422,2.7117485327,-0.7631873385
