Instance,INF_avg,INF_sd,INF_r1,INF_kr,INF_sk,SUP_avg,SUP_sd,SUP_r1,SUP_kr,SUP_sk,INC_avg,INC_sd,INC_r1,INC_kr,INC_sk,IND_avg,IND_sd,IND_r1,IND_kr,IND_sk
183,0.2356000000,0.0315379137,0.0601378961,2.3281587863,-0.3339478866,0.2152000000,0.0284773594,-0.3296611917,3.0925366136,0.4468007390,0.5492000000,0.0395646307,-0.4028337343,5.1359978374,1.3556185678,0.5492000000,0.0395646307,-0.4028337343,5.1359978374,1.3556185678
