Instance,INF_avg,INF_sd,INF_r1,INF_kr,INF_sk,SUP_avg,SUP_sd,SUP_r1,SUP_kr,SUP_sk,INC_avg,INC_sd,INC_r1,INC_kr,INC_sk,IND_avg,IND_sd,IND_r1,IND_kr,IND_sk
254,0.2040000000,0.0691664659,-0.1082662765,1.8058746546,0.0487409240,0.2460000000,0.0537028863,-0.3979324178,3.4129224128,-1.0338901441,0.5500000000,0.0775886590,-0.4309484193,2.1344687145,-0.1644244823,0.5500000000,0.0775886590,-0.4309484193,2.1344687145,-0.1644244823
