Instance,INF_avg,INF_sd,INF_r1,INF_kr,INF_sk,SUP_avg,SUP_sd,SUP_r1,SUP_kr,SUP_sk,INC_avg,INC_sd,INC_r1,INC_kr,INC_sk,IND_avg,IND_sd,IND_r1,IND_kr,IND_sk
8,0.2360000000,0.1162067124,0.2303449659,2.6258563375,0.1879311626,0.3240000000,0.1030727898,0.0193361660,2.4151092321,-0.0536525740,0.4400000000,0.1414213562,0.0975020145,2.3672000000,0.2884995667,0.4400000000,0.1414213562,0.0975020145,2.3672000000,0.2884995667
