Instance,INF_avg,INF_sd,INF_r1,INF_kr,INF_sk,SUP_avg,SUP_sd,SUP_r1,SUP_kr,SUP_sk,INC_avg,INC_sd,INC_r1,INC_kr,INC_sk,IND_avg,IND_sd,IND_r1,IND_kr,IND_sk
23,0.2692000000,0.0345667470,0.1997529194,2.3353087934,0.1987940497,0.2202500000,0.0286563693,0.0058883566,2.6099366819,0.0410221572,0.5105500000,0.0364890052,-0.0195083833,2.8628023418,-0.1210460691,0.5105500000,0.0364890052,-0.0195083833,2.8628023418,-0.1210460691
