Instance,INF_avg,INF_sd,INF_r1,INF_kr,INF_sk,SUP_avg,SUP_sd,SUP_r1,SUP_kr,SUP_sk,INC_avg,INC_sd,INC_r1,INC_kr,INC_sk,IND_avg,IND_sd,IND_r1,IND_kr,IND_sk
184,0.2833333333,0.0920446751,-0.4210526316,2.5847890352,0.4155739163,0.2666666667,0.0942809042,0.0625000000,5.7451171875,-1.6048009370,0.4500000000,0.0935414347,-0.5263157895,2.9795918367,-0.6872431935,0.4500000000,0.0935414347,-0.5263157895,2.9795918367,-0.6872431935
