Instance,INF_avg,INF_sd,INF_r1,INF_kr,INF_sk,SUP_avg,SUP_sd,SUP_r1,SUP_kr,SUP_sk,INC_avg,INC_sd,INC_r1,INC_kr,INC_sk,IND_avg,IND_sd,IND_r1,IND_kr,IND_sk
344,0.2650000000,0.0732871066,0.1246092839,2.4735029460,-0.0194347387,0.2218000000,0.0685329118,0.0052172821,3.9725513277,0.6541255681,0.5132000000,0.0706665409,0.1003195176,2.7367599378,0.1757681693,0.5132000000,0.0706665409,0.1003195176,2.7367599378,0.1757681693
