Instance,INF_avg,INF_sd,INF_r1,INF_kr,INF_sk,SUP_avg,SUP_sd,SUP_r1,SUP_kr,SUP_sk,INC_avg,INC_sd,INC_r1,INC_kr,INC_sk,IND_avg,IND_sd,IND_r1,IND_kr,IND_sk
176,0.2320000000,0.1348183964,0.0889779666,2.8330285410,0.4824956944,0.2460000000,0.1551902059,0.1768808273,2.7974716792,0.3796745642,0.5220000000,0.1513803158,0.0680441528,2.6719782657,-0.3929350518,0.5220000000,0.1513803158,0.0680441528,2.6719782657,-0.3929350518
