Instance,INF_avg,INF_sd,INF_r1,INF_kr,INF_sk,SUP_avg,SUP_sd,SUP_r1,SUP_kr,SUP_sk,INC_avg,INC_sd,INC_r1,INC_kr,INC_sk,IND_avg,IND_sd,IND_r1,IND_kr,IND_sk
56,0.2060000000,0.0326190129,-0.1966824645,3.0680366329,1.3608927294,0.3020000000,0.0305941171,0.2088998764,2.1747753671,-0.5665577237,0.4920000000,0.0370944740,-0.2851782364,2.0035492158,0.1946632330,0.4920000000,0.0370944740,-0.2851782364,2.0035492158,0.1946632330
