Instance,INF_avg,INF_sd,INF_r1,INF_kr,INF_sk,SUP_avg,SUP_sd,SUP_r1,SUP_kr,SUP_sk,INC_avg,INC_sd,INC_r1,INC_kr,INC_sk,IND_avg,IND_sd,IND_r1,IND_kr,IND_sk
332,0.2928000000,0.0464129292,0.0628137379,2.3667493160,-0.1591994059,0.2887000000,0.0555455669,0.2018389163,3.3631967829,0.4346303643,0.4185000000,0.0468481590,0.2691978565,3.4942863670,0.2568542189,0.4185000000,0.0468481590,0.2691978565,3.4942863670,0.2568542189
