Instance,INF_avg,INF_sd,INF_r1,INF_kr,INF_sk,SUP_avg,SUP_sd,SUP_r1,SUP_kr,SUP_sk,INC_avg,INC_sd,INC_r1,INC_kr,INC_sk,IND_avg,IND_sd,IND_r1,IND_kr,IND_sk
455,0.1832000000,0.0624000000,0.1248295176,2.5402455693,-0.2040282203,0.2436000000,0.0603576010,0.1816076034,4.4934364816,-0.2948424966,0.5732000000,0.0764837238,0.2254623936,2.5423694544,-0.1120008584,0.5732000000,0.0764837238,0.2254623936,2.5423694544,-0.1120008584
