Instance,INF_avg,INF_sd,INF_r1,INF_kr,INF_sk,SUP_avg,SUP_sd,SUP_r1,SUP_kr,SUP_sk,INC_avg,INC_sd,INC_r1,INC_kr,INC_sk,IND_avg,IND_sd,IND_r1,IND_kr,IND_sk
96,0.2200000000,0.0178885438,-0.3333333333,1.2500000000,0.0000000000,0.2760000000,0.0320000000,-0.0739436620,1.4189453125,0.0351562500,0.5040000000,0.0387814389,0.0687679083,1.5439112721,0.0460847791,0.5040000000,0.0387814389,0.0687679083,1.5439112721,0.0460847791
