Instance,INF_avg,INF_sd,INF_r1,INF_kr,INF_sk,SUP_avg,SUP_sd,SUP_r1,SUP_kr,SUP_sk,INC_avg,INC_sd,INC_r1,INC_kr,INC_sk,IND_avg,IND_sd,IND_r1,IND_kr,IND_sk
375,0.3779245283,0.0853595833,0.6584728197,2.5348755930,-0.0293070271,0.1275943396,0.0774131623,0.8387988204,2.3922542689,0.5507086249,0.4944811321,0.0504621530,-0.0037152100,2.8428316619,0.0779909520,0.4944811321,0.0504621530,-0.0037152100,2.8428316619,0.0779909520
