Instance,INF_avg,INF_sd,INF_r1,INF_kr,INF_sk,SUP_avg,SUP_sd,SUP_r1,SUP_kr,SUP_sk,INC_avg,INC_sd,INC_r1,INC_kr,INC_sk,IND_avg,IND_sd,IND_r1,IND_kr,IND_sk
107,0.3160000000,0.0662117814,-0.3074957411,2.6655921999,1.0688992367,0.2800000000,0.0748331477,-0.3777777778,1.9938775510,-0.3436215967,0.4040000000,0.0889044431,-0.2026394210,1.9998770673,-0.3786989157,0.4040000000,0.0889044431,-0.2026394210,1.9998770673,-0.3786989157
