Instance,INF_avg,INF_sd,INF_r1,INF_kr,INF_sk,SUP_avg,SUP_sd,SUP_r1,SUP_kr,SUP_sk,INC_avg,INC_sd,INC_r1,INC_kr,INC_sk,IND_avg,IND_sd,IND_r1,IND_kr,IND_sk
294,0.2228000000,0.0468632052,0.2127065844,2.4771357276,0.2753648731,0.2580000000,0.0277128129,0.3769535320,2.2493489583,0.2018470668,0.5192000000,0.0419685597,-0.1544749870,2.3049729537,-0.1431544182,0.5192000000,0.0419685597,-0.1544749870,2.3049729537,-0.1431544182
