Instance,INF_avg,INF_sd,INF_r1,INF_kr,INF_sk,SUP_avg,SUP_sd,SUP_r1,SUP_kr,SUP_sk,INC_avg,INC_sd,INC_r1,INC_kr,INC_sk,IND_avg,IND_sd,IND_r1,IND_kr,IND_sk
18,0.2840000000,0.1189285500,-0.1309047238,2.2178241641,0.3109209317,0.2040000000,0.0999199680,-0.1603307904,2.4895525148,-0.3206412311,0.5120000000,0.1142628549,-0.2107635644,3.0035503172,0.5686063797,0.5120000000,0.1142628549,-0.2107635644,3.0035503172,0.5686063797
