Instance,INF_avg,INF_sd,INF_r1,INF_kr,INF_sk,SUP_avg,SUP_sd,SUP_r1,SUP_kr,SUP_sk,INC_avg,INC_sd,INC_r1,INC_kr,INC_sk,IND_avg,IND_sd,IND_r1,IND_kr,IND_sk
151,0.2000000000,0.0126491106,0.0000000000,2.5000000000,-0.0000000000,0.2920000000,0.0515363949,-0.8770764120,2.3327768907,-0.8163607337,0.5080000000,0.0411825206,-0.9660194175,2.2821288715,0.6927284075,0.5080000000,0.0411825206,-0.9660194175,2.2821288715,0.6927284075
