Instance,INF_avg,INF_sd,INF_r1,INF_kr,INF_sk,SUP_avg,SUP_sd,SUP_r1,SUP_kr,SUP_sk,INC_avg,INC_sd,INC_r1,INC_kr,INC_sk,IND_avg,IND_sd,IND_r1,IND_kr,IND_sk
215,0.2481000000,0.0369579491,0.0802511463,4.7285304340,0.9993945965,0.2492000000,0.0378597412,0.0572781403,2.6070688102,0.2860979859,0.5027000000,0.0335888374,-0.1801343751,2.1123536573,0.0747934129,0.5027000000,0.0335888374,-0.1801343751,2.1123536573,0.0747934129
