Instance,INF_avg,INF_sd,INF_r1,INF_kr,INF_sk,SUP_avg,SUP_sd,SUP_r1,SUP_kr,SUP_sk,INC_avg,INC_sd,INC_r1,INC_kr,INC_sk,IND_avg,IND_sd,IND_r1,IND_kr,IND_sk
140,0.2268000000,0.0588707058,0.1714940584,2.4622301657,-0.2123980150,0.2188000000,0.0713761865,-0.1187478278,4.3604258935,0.9520168632,0.5544000000,0.0826597847,-0.0647063682,2.9342028867,-0.0689750311,0.5544000000,0.0826597847,-0.0647063682,2.9342028867,-0.0689750311
