Instance,INF_avg,INF_sd,INF_r1,INF_kr,INF_sk,SUP_avg,SUP_sd,SUP_r1,SUP_kr,SUP_sk,INC_avg,INC_sd,INC_r1,INC_kr,INC_sk,IND_avg,IND_sd,IND_r1,IND_kr,IND_sk
210,0.2726000000,0.0443310275,0.1001672418,2.6834023108,-0.1504394081,0.2976000000,0.0571860123,0.2050158666,2.3846686973,0.1895041756,0.4298000000,0.0512441216,0.0301292646,3.4206782207,-0.0865337556,0.4298000000,0.0512441216,0.0301292646,3.4206782207,-0.0865337556
