Instance,INF_avg,INF_sd,INF_r1,INF_kr,INF_sk,SUP_avg,SUP_sd,SUP_r1,SUP_kr,SUP_sk,INC_avg,INC_sd,INC_r1,INC_kr,INC_sk,IND_avg,IND_sd,IND_r1,IND_kr,IND_sk
244,0.2360000000,0.0571314274,0.1713014461,1.6640715110,0.2018050709,0.2480000000,0.0483321839,-0.6439909297,1.3230437230,-0.3877276903,0.5160000000,0.0637495098,0.0437601297,2.4459358919,-0.9293262752,0.5160000000,0.0637495098,0.0437601297,2.4459358919,-0.9293262752
