Instance,INF_avg,INF_sd,INF_r1,INF_kr,INF_sk,SUP_avg,SUP_sd,SUP_r1,SUP_kr,SUP_sk,INC_avg,INC_sd,INC_r1,INC_kr,INC_sk,IND_avg,IND_sd,IND_r1,IND_kr,IND_sk
345,0.2620000000,0.0828009662,-0.0839810334,2.2433014409,0.4077202014,0.3300000000,0.0692820323,0.1393786734,2.0312500000,0.4690970937,0.4080000000,0.1006777036,0.0165416180,1.9549099882,-0.1604908795,0.4080000000,0.1006777036,0.0165416180,1.9549099882,-0.1604908795
