Instance,INF_avg,INF_sd,INF_r1,INF_kr,INF_sk,SUP_avg,SUP_sd,SUP_r1,SUP_kr,SUP_sk,INC_avg,INC_sd,INC_r1,INC_kr,INC_sk,IND_avg,IND_sd,IND_r1,IND_kr,IND_sk
182,0.2276000000,0.0595167203,0.0098032065,3.2430309935,0.3191212969,0.2572000000,0.0608618107,-0.1117352411,3.8428050162,0.5696230591,0.5152000000,0.0721731252,0.0204816015,2.4272641313,0.0976723410,0.5152000000,0.0721731252,0.0204816015,2.4272641313,0.0976723410
