Instance,INF_avg,INF_sd,INF_r1,INF_kr,INF_sk,SUP_avg,SUP_sd,SUP_r1,SUP_kr,SUP_sk,INC_avg,INC_sd,INC_r1,INC_kr,INC_sk,IND_avg,IND_sd,IND_r1,IND_kr,IND_sk
61,0.3400000000,0.1191637529,0.2536845406,2.2232691926,-0.3829503663,0.2340000000,0.1238709005,-0.2248326131,2.7710227786,0.9210453707,0.4260000000,0.1040384544,0.0423230243,2.7516719846,-0.0682418660,0.4260000000,0.1040384544,0.0423230243,2.7516719846,-0.0682418660
