Instance,INF_avg,INF_sd,INF_r1,INF_kr,INF_sk,SUP_avg,SUP_sd,SUP_r1,SUP_kr,SUP_sk,INC_avg,INC_sd,INC_r1,INC_kr,INC_sk,IND_avg,IND_sd,IND_r1,IND_kr,IND_sk
491,0.2540000000,0.1220000000,-0.0044684968,3.1016517523,0.4027473665,0.2980000000,0.1363671515,0.2497250586,2.5763373505,0.4620022874,0.4480000000,0.1389100428,0.2362508523,3.4664240984,0.0413310184,0.4480000000,0.1389100428,0.2362508523,3.4664240984,0.0413310184
