Instance,INF_avg,INF_sd,INF_r1,INF_kr,INF_sk,SUP_avg,SUP_sd,SUP_r1,SUP_kr,SUP_sk,INC_avg,INC_sd,INC_r1,INC_kr,INC_sk,IND_avg,IND_sd,IND_r1,IND_kr,IND_sk
379,0.2744000000,0.0523893119,-0.3942802773,2.6047554603,0.4632148285,0.2576000000,0.0320349809,0.0886873473,2.3035841849,0.7653934299,0.4680000000,0.0497192116,-0.3285362116,3.0758632608,0.4569349730,0.4680000000,0.0497192116,-0.3285362116,3.0758632608,0.4569349730
