Instance,INF_avg,INF_sd,INF_r1,INF_kr,INF_sk,SUP_avg,SUP_sd,SUP_r1,SUP_kr,SUP_sk,INC_avg,INC_sd,INC_r1,INC_kr,INC_sk,IND_avg,IND_sd,IND_r1,IND_kr,IND_sk
352,0.2760000000,0.0546260011,0.5685840708,3.3055689324,0.6887684271,0.2920000000,0.0513419906,0.7342692404,2.6674134949,-0.1198780939,0.4320000000,0.0309192497,-0.3970912296,3.7759668073,-0.7356184293,0.4320000000,0.0309192497,-0.3970912296,3.7759668073,-0.7356184293
