Instance,INF_avg,INF_sd,INF_r1,INF_kr,INF_sk,SUP_avg,SUP_sd,SUP_r1,SUP_kr,SUP_sk,INC_avg,INC_sd,INC_r1,INC_kr,INC_sk,IND_avg,IND_sd,IND_r1,IND_kr,IND_sk
146,0.2632000000,0.0559084967,0.2230214029,2.4259433098,0.3847634831,0.2000000000,0.0469893605,-0.1395348837,2.3235664776,0.3331003816,0.5368000000,0.0478932146,-0.1362228056,2.1093588070,-0.0905474227,0.5368000000,0.0478932146,-0.1362228056,2.1093588070,-0.0905474227
