Instance,INF_avg,INF_sd,INF_r1,INF_kr,INF_sk,SUP_avg,SUP_sd,SUP_r1,SUP_kr,SUP_sk,INC_avg,INC_sd,INC_r1,INC_kr,INC_sk,IND_avg,IND_sd,IND_r1,IND_kr,IND_sk
307,0.2660000000,0.0845221864,-0.3016359154,2.2499438836,-0.0612891286,0.2480000000,0.0974474217,0.1058971654,1.9901293073,-0.0086625679,0.4860000000,0.1292439554,-0.2006221295,2.3212700103,0.6296343728,0.4860000000,0.1292439554,-0.2006221295,2.3212700103,0.6296343728
