Instance,INF_avg,INF_sd,INF_r1,INF_kr,INF_sk,SUP_avg,SUP_sd,SUP_r1,SUP_kr,SUP_sk,INC_avg,INC_sd,INC_r1,INC_kr,INC_sk,IND_avg,IND_sd,IND_r1,IND_kr,IND_sk
118,0.2488000000,0.0425506757,0.0203451324,3.6066984613,1.0082968339,0.2472000000,0.0486226285,-0.1207807708,2.1640937623,0.0473320296,0.5040000000,0.0584465568,-0.0132692856,1.7889556790,0.0031254158,0.5040000000,0.0584465568,-0.0132692856,1.7889556790,0.0031254158
