Instance,INF_avg,INF_sd,INF_r1,INF_kr,INF_sk,SUP_avg,SUP_sd,SUP_r1,SUP_kr,SUP_sk,INC_avg,INC_sd,INC_r1,INC_kr,INC_sk,IND_avg,IND_sd,IND_r1,IND_kr,IND_sk
18,0.2510000000,0.0314483704,0.1421459505,3.3212322402,0.2680497238,0.2559000000,0.0235730779,-0.0023328322,2.5641717450,-0.2445616345,0.4931000000,0.0335989583,-0.1123557271,2.8327960024,-0.2296619137,0.4931000000,0.0335989583,-0.1123557271,2.8327960024,-0.2296619137
