Instance,INF_avg,INF_sd,INF_r1,INF_kr,INF_sk,SUP_avg,SUP_sd,SUP_r1,SUP_kr,SUP_sk,INC_avg,INC_sd,INC_r1,INC_kr,INC_sk,IND_avg,IND_sd,IND_r1,IND_kr,IND_sk
145,0.2800000000,0.1307669683,-0.5939479240,1.4475223146,0.1717263973,0.2000000000,0.0670820393,0.2777777778,3.1481481481,0.7453559925,0.5200000000,0.1248999600,-0.7151848938,1.4563609467,-0.1893823358,0.5200000000,0.1248999600,-0.7151848938,1.4563609467,-0.1893823358
