Instance,INF_avg,INF_sd,INF_r1,INF_kr,INF_sk,SUP_avg,SUP_sd,SUP_r1,SUP_kr,SUP_sk,INC_avg,INC_sd,INC_r1,INC_kr,INC_sk,IND_avg,IND_sd,IND_r1,IND_kr,IND_sk
107,0.1800000000,0.1077032961,-0.1131386861,2.7669441141,0.4034071140,0.2700000000,0.1187434209,-0.3847251963,2.4172325336,0.2365192629,0.5500000000,0.1118033989,-0.2653061224,1.6400000000,-0.2146625258,0.5500000000,0.1118033989,-0.2653061224,1.6400000000,-0.2146625258
