Instance,INF_avg,INF_sd,INF_r1,INF_kr,INF_sk,SUP_avg,SUP_sd,SUP_r1,SUP_kr,SUP_sk,INC_avg,INC_sd,INC_r1,INC_kr,INC_sk,IND_avg,IND_sd,IND_r1,IND_kr,IND_sk
366,0.4601544402,0.1080324887,0.7570195876,2.2019939931,-0.2718475613,0.1030115830,0.0682220700,0.8093244943,3.0496363672,0.8566559287,0.4368339768,0.0593466312,0.3412721532,2.9390653331,0.0489578845,0.4368339768,0.0593466312,0.3412721532,2.9390653331,0.0489578845
