Instance,INF_avg,INF_sd,INF_r1,INF_kr,INF_sk,SUP_avg,SUP_sd,SUP_r1,SUP_kr,SUP_sk,INC_avg,INC_sd,INC_r1,INC_kr,INC_sk,IND_avg,IND_sd,IND_r1,IND_kr,IND_sk
72,0.2640000000,0.1127120224,0.3433722050,2.8788679580,-0.2662991286,0.3440000000,0.1329059818,0.0692658822,3.2827366887,-0.5353571972,0.3920000000,0.1383329317,0.3143875767,4.3335309448,0.6874501160,0.3920000000,0.1383329317,0.3143875767,4.3335309448,0.6874501160
