Instance,INF_avg,INF_sd,INF_r1,INF_kr,INF_sk,SUP_avg,SUP_sd,SUP_r1,SUP_kr,SUP_sk,INC_avg,INC_sd,INC_r1,INC_kr,INC_sk,IND_avg,IND_sd,IND_r1,IND_kr,IND_sk
136,0.3131000000,0.0496275125,0.4242317894,2.5705900288,0.3062154847,0.2226000000,0.0371246549,0.4768237344,2.8138075734,-0.3053324287,0.4643000000,0.0471912068,0.4514409663,2.8762075034,-0.1372129624,0.4643000000,0.0471912068,0.4514409663,2.8762075034,-0.1372129624
