Instance,INF_avg,INF_sd,INF_r1,INF_kr,INF_sk,SUP_avg,SUP_sd,SUP_r1,SUP_kr,SUP_sk,INC_avg,INC_sd,INC_r1,INC_kr,INC_sk,IND_avg,IND_sd,IND_r1,IND_kr,IND_sk
56,0.2528000000,0.0546640650,0.0570657448,2.2042905818,0.1564633648,0.2468000000,0.0525524500,0.0208033302,2.5764941675,-0.1996340371,0.5004000000,0.0682923129,0.0142656577,2.3413012984,-0.1316046789,0.5004000000,0.0682923129,0.0142656577,2.3413012984,-0.1316046789
