Instance,INF_avg,INF_sd,INF_r1,INF_kr,INF_sk,SUP_avg,SUP_sd,SUP_r1,SUP_kr,SUP_sk,INC_avg,INC_sd,INC_r1,INC_kr,INC_sk,IND_avg,IND_sd,IND_r1,IND_kr,IND_sk
41,0.2160000000,0.0152970585,-0.6599190283,2.1747753671,-0.5665577237,0.2810000000,0.0188148877,0.0406607370,1.6071531169,0.4071784569,0.5030000000,0.0208806130,0.1723968566,1.8612280111,-0.3598439117,0.5030000000,0.0208806130,0.1723968566,1.8612280111,-0.3598439117
