Instance,INF_avg,INF_sd,INF_r1,INF_kr,INF_sk,SUP_avg,SUP_sd,SUP_r1,SUP_kr,SUP_sk,INC_avg,INC_sd,INC_r1,INC_kr,INC_sk,IND_avg,IND_sd,IND_r1,IND_kr,IND_sk
123,0.4317792793,0.1124596461,0.8941319348,1.9894934644,0.1197339578,0.0928153153,0.0741381541,0.9228970283,2.6276915791,0.8097461654,0.4754054054,0.0556437961,0.6071891914,2.9161221121,-0.5429698464,0.4754054054,0.0556437961,0.6071891914,2.9161221121,-0.5429698464
