Instance,INF_avg,INF_sd,INF_r1,INF_kr,INF_sk,SUP_avg,SUP_sd,SUP_r1,SUP_kr,SUP_sk,INC_avg,INC_sd,INC_r1,INC_kr,INC_sk,IND_avg,IND_sd,IND_r1,IND_kr,IND_sk
401,0.2236000000,0.0338236604,-0.0065506334,2.6285598205,0.1690814602,0.2494500000,0.0297648702,0.0089477750,2.5154628505,0.2653849044,0.5269500000,0.0363035467,-0.0517341471,2.3308453562,-0.0527452422,0.5269500000,0.0363035467,-0.0517341471,2.3308453562,-0.0527452422
