Instance,INF_avg,INF_sd,INF_r1,INF_kr,INF_sk,SUP_avg,SUP_sd,SUP_r1,SUP_kr,SUP_sk,INC_avg,INC_sd,INC_r1,INC_kr,INC_sk,IND_avg,IND_sd,IND_r1,IND_kr,IND_sk
443,0.2360000000,0.1382172203,-0.2788881394,2.4107429947,-0.0264676966,0.2840000000,0.1189285500,0.0468212280,3.1679736287,0.7389508487,0.4800000000,0.1385640646,-0.0545129580,1.9427083333,-0.2706329387,0.4800000000,0.1385640646,-0.0545129580,1.9427083333,-0.2706329387
