Instance,INF_avg,INF_sd,INF_r1,INF_kr,INF_sk,SUP_avg,SUP_sd,SUP_r1,SUP_kr,SUP_sk,INC_avg,INC_sd,INC_r1,INC_kr,INC_sk,IND_avg,IND_sd,IND_r1,IND_kr,IND_sk
289,0.2700000000,0.0200000000,-0.6315789474,2.0500000000,-0.0000000000,0.2900000000,0.0442718872,0.1685393258,2.5000000000,-0.8297521557,0.4400000000,0.0433589668,-0.0256410256,2.5181077411,1.0157657450,0.4400000000,0.0433589668,-0.0256410256,2.5181077411,1.0157657450
