Instance,INF_avg,INF_sd,INF_r1,INF_kr,INF_sk,SUP_avg,SUP_sd,SUP_r1,SUP_kr,SUP_sk,INC_avg,INC_sd,INC_r1,INC_kr,INC_sk,IND_avg,IND_sd,IND_r1,IND_kr,IND_sk
50,0.2760000000,0.0890168523,0.0741396224,3.0904819918,0.6795757036,0.2230000000,0.0901165911,-0.0826734811,2.2870221534,0.3005915922,0.5010000000,0.1070000000,-0.1198811337,2.6329321601,-0.3198646905,0.5010000000,0.1070000000,-0.1198811337,2.6329321601,-0.3198646905
