Instance,INF_avg,INF_sd,INF_r1,INF_kr,INF_sk,SUP_avg,SUP_sd,SUP_r1,SUP_kr,SUP_sk,INC_avg,INC_sd,INC_r1,INC_kr,INC_sk,IND_avg,IND_sd,IND_r1,IND_kr,IND_sk
82,0.2864000000,0.0445313373,-0.0298039292,3.1236650033,-0.4051359529,0.2516000000,0.0331879496,-0.2319001071,1.9743132734,-0.4620769460,0.4620000000,0.0460434577,0.1045013520,2.1374083304,0.3338929277,0.4620000000,0.0460434577,0.1045013520,2.1374083304,0.3338929277
