Instance,INF_avg,INF_sd,INF_r1,INF_kr,INF_sk,SUP_avg,SUP_sd,SUP_r1,SUP_kr,SUP_sk,INC_avg,INC_sd,INC_r1,INC_kr,INC_sk,IND_avg,IND_sd,IND_r1,IND_kr,IND_sk
360,0.2130000000,0.0360693776,0.4015145346,1.8751595917,-0.4994218562,0.2940000000,0.0382622529,0.0755957272,2.4028934874,0.3136250241,0.4930000000,0.0392555729,0.4309056630,1.7402156332,0.0430464183,0.4930000000,0.0392555729,0.4309056630,1.7402156332,0.0430464183
