Instance,INF_avg,INF_sd,INF_r1,INF_kr,INF_sk,SUP_avg,SUP_sd,SUP_r1,SUP_kr,SUP_sk,INC_avg,INC_sd,INC_r1,INC_kr,INC_sk,IND_avg,IND_sd,IND_r1,IND_kr,IND_sk
92,0.2175000000,0.0389390549,-0.0758746025,2.2861600319,-0.5513086062,0.2465000000,0.0275726314,-0.1333849938,2.1032145248,0.5361105881,0.5360000000,0.0301496269,-0.4185544768,2.5156175684,0.1750345948,0.5360000000,0.0301496269,-0.4185544768,2.5156175684,0.1750345948
