Instance,INF_avg,INF_sd,INF_r1,INF_kr,INF_sk,SUP_avg,SUP_sd,SUP_r1,SUP_kr,SUP_sk,INC_avg,INC_sd,INC_r1,INC_kr,INC_sk,IND_avg,IND_sd,IND_r1,IND_kr,IND_sk
5,0.2524000000,0.0322217318,-0.0040777764,3.9381190595,-0.1054930208,0.2416000000,0.0319599750,0.0866878885,1.8908290647,0.1293602860,0.5060000000,0.0346410162,-0.1177644711,1.7067416667,-0.2079904345,0.5060000000,0.0346410162,-0.1177644711,1.7067416667,-0.2079904345
