Instance,INF_avg,INF_sd,INF_r1,INF_kr,INF_sk,SUP_avg,SUP_sd,SUP_r1,SUP_kr,SUP_sk,INC_avg,INC_sd,INC_r1,INC_kr,INC_sk,IND_avg,IND_sd,IND_r1,IND_kr,IND_sk
258,0.2285000000,0.0307449183,-0.1923411662,2.2055332272,-0.4819240377,0.2715000000,0.0282886903,-0.1491255520,1.7764771260,-0.1410017031,0.5000000000,0.0320156212,-0.4156479218,3.5601427722,-0.9210442835,0.5000000000,0.0320156212,-0.4156479218,3.5601427722,-0.9210442835
