Instance,INF_avg,INF_sd,INF_r1,INF_kr,INF_sk,SUP_avg,SUP_sd,SUP_r1,SUP_kr,SUP_sk,INC_avg,INC_sd,INC_r1,INC_kr,INC_sk,IND_avg,IND_sd,IND_r1,IND_kr,IND_sk
484,0.2565000000,0.0929125933,-0.0009211323,2.6880301091,0.2121164677,0.2580000000,0.1001798383,-0.0199610907,2.6256226091,0.1378787849,0.4855000000,0.1111968974,0.0759703930,2.6743649459,-0.0366091720,0.4855000000,0.1111968974,0.0759703930,2.6743649459,-0.0366091720
