Instance,INF_avg,INF_sd,INF_r1,INF_kr,INF_sk,SUP_avg,SUP_sd,SUP_r1,SUP_kr,SUP_sk,INC_avg,INC_sd,INC_r1,INC_kr,INC_sk,IND_avg,IND_sd,IND_r1,IND_kr,IND_sk
32,0.2440000000,0.1107429456,0.0369897110,2.4692077619,0.0853866460,0.2890000000,0.1420528071,-0.1657371793,2.6445847870,0.1943977636,0.4670000000,0.1483610461,-0.1442055097,2.7627275673,-0.2679387256,0.4670000000,0.1483610461,-0.1442055097,2.7627275673,-0.2679387256
