Instance,INF_avg,INF_sd,INF_r1,INF_kr,INF_sk,SUP_avg,SUP_sd,SUP_r1,SUP_kr,SUP_sk,INC_avg,INC_sd,INC_r1,INC_kr,INC_sk,IND_avg,IND_sd,IND_r1,IND_kr,IND_sk
416,0.2520000000,0.1499866661,-0.0206301439,2.3197382079,0.1393011453,0.2240000000,0.1364697769,-0.2331639362,2.6461898183,0.6945384343,0.5240000000,0.1606984754,-0.1756328264,2.2615243939,-0.3357091923,0.5240000000,0.1606984754,-0.1756328264,2.2615243939,-0.3357091923
