Instance,INF_avg,INF_sd,INF_r1,INF_kr,INF_sk,SUP_avg,SUP_sd,SUP_r1,SUP_kr,SUP_sk,INC_avg,INC_sd,INC_r1,INC_kr,INC_sk,IND_avg,IND_sd,IND_r1,IND_kr,IND_sk
391,0.2640000000,0.1072567014,0.0034933404,2.4582816692,0.1208284987,0.1840000000,0.0796492310,-0.0746678184,2.0961160787,0.1753590454,0.5520000000,0.1126765282,-0.0304795999,2.6129343687,-0.2384999465,0.5520000000,0.1126765282,-0.0304795999,2.6129343687,-0.2384999465
