Instance,INF_avg,INF_sd,INF_r1,INF_kr,INF_sk,SUP_avg,SUP_sd,SUP_r1,SUP_kr,SUP_sk,INC_avg,INC_sd,INC_r1,INC_kr,INC_sk,IND_avg,IND_sd,IND_r1,IND_kr,IND_sk
147,0.2300000000,0.0678232998,0.5930232558,2.3638941399,0.7500308204,0.3100000000,0.0860232527,0.1916167665,1.9945215486,0.3958703373,0.4600000000,0.0800000000,-0.5316901408,1.4189453125,-0.0351562500,0.4600000000,0.0800000000,-0.5316901408,1.4189453125,-0.0351562500
