Instance,INF_avg,INF_sd,INF_r1,INF_kr,INF_sk,SUP_avg,SUP_sd,SUP_r1,SUP_kr,SUP_sk,INC_avg,INC_sd,INC_r1,INC_kr,INC_sk,IND_avg,IND_sd,IND_r1,IND_kr,IND_sk
336,0.2820000000,0.0444522215,0.5433789954,1.9113655362,0.1131178579,0.2900000000,0.0167332005,-0.3000000000,2.5000000000,0.7683612489,0.4280000000,0.0305941171,0.8063973064,1.7145518299,-0.3553557320,0.4280000000,0.0305941171,0.8063973064,1.7145518299,-0.3553557320
