Instance,INF_avg,INF_sd,INF_r1,INF_kr,INF_sk,SUP_avg,SUP_sd,SUP_r1,SUP_kr,SUP_sk,INC_avg,INC_sd,INC_r1,INC_kr,INC_sk,IND_avg,IND_sd,IND_r1,IND_kr,IND_sk
489,0.5164379085,0.1012030141,0.8658959540,2.7349330151,-0.7997833022,0.0643137255,0.0484095370,0.8730446397,3.5979556332,1.1509150296,0.4192483660,0.0615374142,0.6201111347,2.5403708086,0.4320096605,0.4192483660,0.0615374142,0.6201111347,2.5403708086,0.4320096605
