Instance,INF_avg,INF_sd,INF_r1,INF_kr,INF_sk,SUP_avg,SUP_sd,SUP_r1,SUP_kr,SUP_sk,INC_avg,INC_sd,INC_r1,INC_kr,INC_sk,IND_avg,IND_sd,IND_r1,IND_kr,IND_sk
407,0.5363291139,0.1361698234,0.8870522719,2.3679643601,-0.3134531189,0.0865822785,0.0674843831,0.8195016884,2.8111451287,0.9620115504,0.3770886076,0.0814295051,0.6967656971,2.5032769627,-0.1620392176,0.3770886076,0.0814295051,0.6967656971,2.5032769627,-0.1620392176
