Instance,INF_avg,INF_sd,INF_r1,INF_kr,INF_sk,SUP_avg,SUP_sd,SUP_r1,SUP_kr,SUP_sk,INC_avg,INC_sd,INC_r1,INC_kr,INC_sk,IND_avg,IND_sd,IND_r1,IND_kr,IND_sk
85,0.2475000000,0.0481326293,-0.0157065172,2.9284939933,0.4157539456,0.2410000000,0.0483838816,0.2533558182,3.0423565872,0.1968452027,0.5115000000,0.0523521728,0.1150535001,2.1966787958,-0.1852938980,0.5115000000,0.0523521728,0.1150535001,2.1966787958,-0.1852938980
