Instance,INF_avg,INF_sd,INF_r1,INF_kr,INF_sk,SUP_avg,SUP_sd,SUP_r1,SUP_kr,SUP_sk,INC_avg,INC_sd,INC_r1,INC_kr,INC_sk,IND_avg,IND_sd,IND_r1,IND_kr,IND_sk
364,0.2040000000,0.1455472432,-0.0022961419,1.9387441699,0.2418624781,0.3160000000,0.1405133446,0.2597457352,2.7026536096,-0.1123917776,0.4800000000,0.1356465997,0.1557876414,2.7948960302,0.1730840355,0.4800000000,0.1356465997,0.1557876414,2.7948960302,0.1730840355
