Instance,INF_avg,INF_sd,INF_r1,INF_kr,INF_sk,SUP_avg,SUP_sd,SUP_r1,SUP_kr,SUP_sk,INC_avg,INC_sd,INC_r1,INC_kr,INC_sk,IND_avg,IND_sd,IND_r1,IND_kr,IND_sk
1,0.3333333333,0.1374368542,0.1576354680,3.5086505190,-0.8060742832,0.2083333333,0.1187317237,0.1385974600,2.1542138853,0.1376065210,0.4583333333,0.1753963765,-0.0672625698,2.1326630964,0.4635314152,0.4583333333,0.1753963765,-0.0672625698,2.1326630964,0.4635314152
