Instance,INF_avg,INF_sd,INF_r1,INF_kr,INF_sk,SUP_avg,SUP_sd,SUP_r1,SUP_kr,SUP_sk,INC_avg,INC_sd,INC_r1,INC_kr,INC_sk,IND_avg,IND_sd,IND_r1,IND_kr,IND_sk
55,0.2760000000,0.1134636506,-0.1579672123,3.2950602183,0.3000223784,0.2390000000,0.0983819089,-0.0308251891,2.6495817637,0.0480320846,0.4850000000,0.1211404144,-0.1525226413,2.6610083902,-0.2257084823,0.4850000000,0.1211404144,-0.1525226413,2.6610083902,-0.2257084823
