Instance,INF_avg,INF_sd,INF_r1,INF_kr,INF_sk,SUP_avg,SUP_sd,SUP_r1,SUP_kr,SUP_sk,INC_avg,INC_sd,INC_r1,INC_kr,INC_sk,IND_avg,IND_sd,IND_r1,IND_kr,IND_sk
422,0.2210000000,0.1282926342,0.0058908590,2.8071526749,0.3427887901,0.2480000000,0.1244829306,-0.0376409966,2.6971752698,0.3099988997,0.5310000000,0.1494623698,0.0161672287,2.7850323066,-0.0351373544,0.5310000000,0.1494623698,0.0161672287,2.7850323066,-0.0351373544
