Instance,INF_avg,INF_sd,INF_r1,INF_kr,INF_sk,SUP_avg,SUP_sd,SUP_r1,SUP_kr,SUP_sk,INC_avg,INC_sd,INC_r1,INC_kr,INC_sk,IND_avg,IND_sd,IND_r1,IND_kr,IND_sk
182,0.3909433962,0.1006256682,0.7450004548,1.9876652539,0.1755174539,0.1099056604,0.0770872488,0.8776006298,2.1917174220,0.5451154806,0.4991509434,0.0527743134,0.2361243078,2.9974471288,-0.2677080285,0.4991509434,0.0527743134,0.2361243078,2.9974471288,-0.2677080285
