Instance,INF_avg,INF_sd,INF_r1,INF_kr,INF_sk,SUP_avg,SUP_sd,SUP_r1,SUP_kr,SUP_sk,INC_avg,INC_sd,INC_r1,INC_kr,INC_sk,IND_avg,IND_sd,IND_r1,IND_kr,IND_sk
415,0.2670000000,0.0533760246,0.1402928009,4.0421600825,0.3467389461,0.2462000000,0.0474084381,0.2372279009,3.0340333357,0.0178038206,0.4868000000,0.0485567709,-0.1899067043,3.1006705255,0.5023117215,0.4868000000,0.0485567709,-0.1899067043,3.1006705255,0.5023117215
