Instance,INF_avg,INF_sd,INF_r1,INF_kr,INF_sk,SUP_avg,SUP_sd,SUP_r1,SUP_kr,SUP_sk,INC_avg,INC_sd,INC_r1,INC_kr,INC_sk,IND_avg,IND_sd,IND_r1,IND_kr,IND_sk
291,0.2080000000,0.1172006826,0.0165528970,2.7658113442,0.3663802181,0.2100000000,0.1417744688,0.1059256679,2.6585728076,0.5600654741,0.5820000000,0.1366601624,-0.0155970515,2.5282076552,0.0447978526,0.5820000000,0.1366601624,-0.0155970515,2.5282076552,0.0447978526
