Instance,INF_avg,INF_sd,INF_r1,INF_kr,INF_sk,SUP_avg,SUP_sd,SUP_r1,SUP_kr,SUP_sk,INC_avg,INC_sd,INC_r1,INC_kr,INC_sk,IND_avg,IND_sd,IND_r1,IND_kr,IND_sk
31,0.2544000000,0.0445492985,0.4374555217,2.0247071323,-0.1782791750,0.2560000000,0.0473286383,-0.1721821171,2.6470280612,0.5854202418,0.4896000000,0.0551710069,0.0506426021,3.1216717708,-0.3815082042,0.4896000000,0.0551710069,0.0506426021,3.1216717708,-0.3815082042
