Instance,INF_avg,INF_sd,INF_r1,INF_kr,INF_sk,SUP_avg,SUP_sd,SUP_r1,SUP_kr,SUP_sk,INC_avg,INC_sd,INC_r1,INC_kr,INC_sk,IND_avg,IND_sd,IND_r1,IND_kr,IND_sk
455,0.1922000000,0.0515476479,0.0519883151,6.5894482037,1.1517244302,0.2662000000,0.0460821006,-0.0017913410,2.1551470306,0.3164117657,0.5416000000,0.0584930765,0.2448234502,3.3442121416,0.0806123396,0.5416000000,0.0584930765,0.2448234502,3.3442121416,0.0806123396
