Instance,INF_avg,INF_sd,INF_r1,INF_kr,INF_sk,SUP_avg,SUP_sd,SUP_r1,SUP_kr,SUP_sk,INC_avg,INC_sd,INC_r1,INC_kr,INC_sk,IND_avg,IND_sd,IND_r1,IND_kr,IND_sk
461,0.3654594595,0.0850686828,0.7175235184,2.2076489244,-0.0259046338,0.1311891892,0.0676852165,0.7382870065,2.5670873247,0.3600757201,0.5033513514,0.0509542541,0.0263313194,3.2914667942,0.1295167197,0.5033513514,0.0509542541,0.0263313194,3.2914667942,0.1295167197
