Instance,INF_avg,INF_sd,INF_r1,INF_kr,INF_sk,SUP_avg,SUP_sd,SUP_r1,SUP_kr,SUP_sk,INC_avg,INC_sd,INC_r1,INC_kr,INC_sk,IND_avg,IND_sd,IND_r1,IND_kr,IND_sk
138,0.2560000000,0.0255734237,0.0426263321,1.5622562635,-0.1158743071,0.2640000000,0.0217715411,-0.1430542778,2.1600972066,0.3825688729,0.4800000000,0.0077459667,-0.1818181818,2.9166666667,1.2909944487,0.4800000000,0.0077459667,-0.1818181818,2.9166666667,1.2909944487
