Instance,INF_avg,INF_sd,INF_r1,INF_kr,INF_sk,SUP_avg,SUP_sd,SUP_r1,SUP_kr,SUP_sk,INC_avg,INC_sd,INC_r1,INC_kr,INC_sk,IND_avg,IND_sd,IND_r1,IND_kr,IND_sk
362,0.4229268293,0.0816569436,0.6742222079,2.6681726311,-0.3155168849,0.1086991870,0.0541145931,0.6694258223,3.2082608251,0.6546344922,0.4683739837,0.0518028468,0.2643046321,2.6221273410,0.2204041590,0.4683739837,0.0518028468,0.2643046321,2.6221273410,0.2204041590
