Instance,INF_avg,INF_sd,INF_r1,INF_kr,INF_sk,SUP_avg,SUP_sd,SUP_r1,SUP_kr,SUP_sk,INC_avg,INC_sd,INC_r1,INC_kr,INC_sk,IND_avg,IND_sd,IND_r1,IND_kr,IND_sk
331,0.2410000000,0.1449793089,0.1009509008,3.7365347243,0.5630330742,0.2750000000,0.1395528574,-0.1960090119,2.4314853479,0.3628865039,0.4840000000,0.1547384891,-0.0800758019,3.3454804724,0.1385694764,0.4840000000,0.1547384891,-0.0800758019,3.3454804724,0.1385694764
