Instance,INF_avg,INF_sd,INF_r1,INF_kr,INF_sk,SUP_avg,SUP_sd,SUP_r1,SUP_kr,SUP_sk,INC_avg,INC_sd,INC_r1,INC_kr,INC_sk,IND_avg,IND_sd,IND_r1,IND_kr,IND_sk
184,0.2738000000,0.0308149314,0.0725850423,2.8113242571,-0.3483300697,0.2614000000,0.0317260146,0.1907523472,2.7463738978,0.1981394919,0.4648000000,0.0354183568,-0.0480847689,2.6657583001,-0.1614262614,0.4648000000,0.0354183568,-0.0480847689,2.6657583001,-0.1614262614
