Instance,INF_avg,INF_sd,INF_r1,INF_kr,INF_sk,SUP_avg,SUP_sd,SUP_r1,SUP_kr,SUP_sk,INC_avg,INC_sd,INC_r1,INC_kr,INC_sk,IND_avg,IND_sd,IND_r1,IND_kr,IND_sk
443,0.3800000000,0.1208304597,0.0249433107,1.8297053856,-0.1224403232,0.1900000000,0.0860232527,-0.0569105691,2.6519357195,1.0179522960,0.4300000000,0.0979795897,0.1025641026,2.7291666667,-0.8675276172,0.4300000000,0.0979795897,0.1025641026,2.7291666667,-0.8675276172
