Instance,INF_avg,INF_sd,INF_r1,INF_kr,INF_sk,SUP_avg,SUP_sd,SUP_r1,SUP_kr,SUP_sk,INC_avg,INC_sd,INC_r1,INC_kr,INC_sk,IND_avg,IND_sd,IND_r1,IND_kr,IND_sk
16,0.3600000000,0.0800000000,-0.0080645161,2.5908203125,0.5507812500,0.3800000000,0.0400000000,-0.2500000000,3.2500000000,-1.5000000000,0.2600000000,0.0489897949,-0.0119047619,2.7291666667,0.8675276172,0.2600000000,0.0489897949,-0.0119047619,2.7291666667,0.8675276172
