Instance,INF_avg,INF_sd,INF_r1,INF_kr,INF_sk,SUP_avg,SUP_sd,SUP_r1,SUP_kr,SUP_sk,INC_avg,INC_sd,INC_r1,INC_kr,INC_sk,IND_avg,IND_sd,IND_r1,IND_kr,IND_sk
148,0.2850000000,0.1001249220,0.2938015736,4.0702296628,0.4901607489,0.2450000000,0.1116915395,0.3600738884,2.8329083016,-0.1706316908,0.4700000000,0.1317193987,0.1964800923,4.2729197984,-1.0114506063,0.4700000000,0.1317193987,0.1964800923,4.2729197984,-1.0114506063
