Instance,INF_avg,INF_sd,INF_r1,INF_kr,INF_sk,SUP_avg,SUP_sd,SUP_r1,SUP_kr,SUP_sk,INC_avg,INC_sd,INC_r1,INC_kr,INC_sk,IND_avg,IND_sd,IND_r1,IND_kr,IND_sk
97,0.3741176471,0.0797096808,0.3177269197,2.5817639729,0.0011092492,0.1476470588,0.0634340242,0.3604306849,2.9994895797,0.3205814763,0.4782352941,0.0710207339,-0.0007301002,2.3496319895,-0.2348101884,0.4782352941,0.0710207339,-0.0007301002,2.3496319895,-0.2348101884
