Instance,INF_avg,INF_sd,INF_r1,INF_kr,INF_sk,SUP_avg,SUP_sd,SUP_r1,SUP_kr,SUP_sk,INC_avg,INC_sd,INC_r1,INC_kr,INC_sk,IND_avg,IND_sd,IND_r1,IND_kr,IND_sk
79,0.1850000000,0.0250000000,-0.6804733728,2.0444800000,-0.0768000000,0.3110000000,0.0524309069,0.4279184636,2.4477298600,0.0641909073,0.5040000000,0.0512249939,0.3506493506,2.7831554878,0.3574617431,0.5040000000,0.0512249939,0.3506493506,2.7831554878,0.3574617431
