Instance,INF_avg,INF_sd,INF_r1,INF_kr,INF_sk,SUP_avg,SUP_sd,SUP_r1,SUP_kr,SUP_sk,INC_avg,INC_sd,INC_r1,INC_kr,INC_sk,IND_avg,IND_sd,IND_r1,IND_kr,IND_sk
427,0.2559000000,0.0442966139,-0.1138035795,3.8154448879,0.4697954725,0.2220000000,0.0396988665,0.0247439616,2.5685858950,0.0926390424,0.5221000000,0.0525413171,-0.0707024636,3.5502378578,-0.0994930854,0.5221000000,0.0525413171,-0.0707024636,3.5502378578,-0.0994930854
