Instance,INF_avg,INF_sd,INF_r1,INF_kr,INF_sk,SUP_avg,SUP_sd,SUP_r1,SUP_kr,SUP_sk,INC_avg,INC_sd,INC_r1,INC_kr,INC_sk,IND_avg,IND_sd,IND_r1,IND_kr,IND_sk
42,0.2890000000,0.1468979237,0.2160894946,3.6560043550,0.2660762991,0.1640000000,0.1072567014,0.0601372896,2.2687726927,0.2667096545,0.5470000000,0.1584013889,0.1847116794,4.3329350742,-0.0431893803,0.5470000000,0.1584013889,0.1847116794,4.3329350742,-0.0431893803
