Instance,INF_avg,INF_sd,INF_r1,INF_kr,INF_sk,SUP_avg,SUP_sd,SUP_r1,SUP_kr,SUP_sk,INC_avg,INC_sd,INC_r1,INC_kr,INC_sk,IND_avg,IND_sd,IND_r1,IND_kr,IND_sk
371,0.2750000000,0.1063335233,-0.1802853437,2.4452160299,-0.1843067862,0.1727272727,0.0786639468,-0.0283790694,2.7872776274,0.0312550195,0.5522727273,0.1081636730,0.1405678348,1.9436591962,-0.1663142777,0.5522727273,0.1081636730,0.1405678348,1.9436591962,-0.1663142777
