Instance,INF_avg,INF_sd,INF_r1,INF_kr,INF_sk,SUP_avg,SUP_sd,SUP_r1,SUP_kr,SUP_sk,INC_avg,INC_sd,INC_r1,INC_kr,INC_sk,IND_avg,IND_sd,IND_r1,IND_kr,IND_sk
279,0.2960000000,0.1019019136,-0.1233625917,3.1479703277,0.6753979655,0.2430000000,0.0900055554,-0.1588633415,2.1606293651,-0.1810858061,0.4610000000,0.0928924109,0.1388238815,2.6394644718,0.3136500054,0.4610000000,0.0928924109,0.1388238815,2.6394644718,0.3136500054
