Instance,INF_avg,INF_sd,INF_r1,INF_kr,INF_sk,SUP_avg,SUP_sd,SUP_r1,SUP_kr,SUP_sk,INC_avg,INC_sd,INC_r1,INC_kr,INC_sk,IND_avg,IND_sd,IND_r1,IND_kr,IND_sk
284,0.3516000000,0.1124341585,0.5310814889,2.3061523348,-0.0398802679,0.2988000000,0.0951134060,0.5187202509,2.6320932084,0.0785744808,0.3496000000,0.0966014493,0.4862735691,2.2249515242,0.3004409374,0.3496000000,0.0966014493,0.4862735691,2.2249515242,0.3004409374
