Instance,INF_avg,INF_sd,INF_r1,INF_kr,INF_sk,SUP_avg,SUP_sd,SUP_r1,SUP_kr,SUP_sk,INC_avg,INC_sd,INC_r1,INC_kr,INC_sk,IND_avg,IND_sd,IND_r1,IND_kr,IND_sk
482,0.2565000000,0.0991602239,0.0837439283,2.5599436049,0.3428007030,0.3165000000,0.1212548968,0.1332929813,2.3710610583,0.1172167621,0.4270000000,0.1241813190,0.0695511988,2.3399236064,0.0698255831,0.4270000000,0.1241813190,0.0695511988,2.3399236064,0.0698255831
