Instance,INF_avg,INF_sd,INF_r1,INF_kr,INF_sk,SUP_avg,SUP_sd,SUP_r1,SUP_kr,SUP_sk,INC_avg,INC_sd,INC_r1,INC_kr,INC_sk,IND_avg,IND_sd,IND_r1,IND_kr,IND_sk
380,0.2552000000,0.0458144082,0.0347936854,3.0012959569,-0.0102366606,0.2330000000,0.0468934964,-0.1306205046,2.5575701965,0.2732964350,0.5118000000,0.0503662585,-0.0232486387,2.7814336104,0.0571012681,0.5118000000,0.0503662585,-0.0232486387,2.7814336104,0.0571012681
