Instance,INF_avg,INF_sd,INF_r1,INF_kr,INF_sk,SUP_avg,SUP_sd,SUP_r1,SUP_kr,SUP_sk,INC_avg,INC_sd,INC_r1,INC_kr,INC_sk,IND_avg,IND_sd,IND_r1,IND_kr,IND_sk
478,0.2900000000,0.0969535971,-0.8691588785,1.8155273880,0.6122692079,0.2500000000,0.1303840481,-0.5000000000,1.6003460208,0.4060402882,0.4600000000,0.0800000000,0.1373239437,1.4189453125,-0.0351562500,0.4600000000,0.0800000000,0.1373239437,1.4189453125,-0.0351562500
