Instance,INF_avg,INF_sd,INF_r1,INF_kr,INF_sk,SUP_avg,SUP_sd,SUP_r1,SUP_kr,SUP_sk,INC_avg,INC_sd,INC_r1,INC_kr,INC_sk,IND_avg,IND_sd,IND_r1,IND_kr,IND_sk
296,0.2030000000,0.0929569793,0.4645199317,4.3060839383,1.0516192881,0.3570000000,0.1005037313,0.0201470182,2.8076186677,0.4728542007,0.4400000000,0.1024695077,0.2233473443,2.2696598639,-0.3708420277,0.4400000000,0.1024695077,0.2233473443,2.2696598639,-0.3708420277
