Instance,INF_avg,INF_sd,INF_r1,INF_kr,INF_sk,SUP_avg,SUP_sd,SUP_r1,SUP_kr,SUP_sk,INC_avg,INC_sd,INC_r1,INC_kr,INC_sk,IND_avg,IND_sd,IND_r1,IND_kr,IND_sk
500,0.2482000000,0.0413129520,-0.0513384738,2.5543614998,-0.0308839036,0.2431000000,0.0419927375,-0.0890900766,3.5394260669,0.0513261837,0.5087000000,0.0481176683,-0.1230068452,2.6450811587,-0.1996107104,0.5087000000,0.0481176683,-0.1230068452,2.6450811587,-0.1996107104
