Instance,INF_avg,INF_sd,INF_r1,INF_kr,INF_sk,SUP_avg,SUP_sd,SUP_r1,SUP_kr,SUP_sk,INC_avg,INC_sd,INC_r1,INC_kr,INC_sk,IND_avg,IND_sd,IND_r1,IND_kr,IND_sk
5,0.2100000000,0.0485798312,-0.1578947368,1.8220338983,0.5966066602,0.2820000000,0.0292574777,0.5468998410,1.5975631059,-0.0057497882,0.5080000000,0.0560000000,0.2919905373,1.2659634007,-0.0374453353,0.5080000000,0.0560000000,0.2919905373,1.2659634007,-0.0374453353
