Instance,INF_avg,INF_sd,INF_r1,INF_kr,INF_sk,SUP_avg,SUP_sd,SUP_r1,SUP_kr,SUP_sk,INC_avg,INC_sd,INC_r1,INC_kr,INC_sk,IND_avg,IND_sd,IND_r1,IND_kr,IND_sk
275,0.2690000000,0.0453982379,0.0108080188,2.7473577008,0.0560461385,0.2192000000,0.0421824608,-0.1338853396,2.9353063284,0.2396950079,0.5118000000,0.0429739456,0.0080972666,2.4660586503,-0.1733605285,0.5118000000,0.0429739456,0.0080972666,2.4660586503,-0.1733605285
