Instance,INF_avg,INF_sd,INF_r1,INF_kr,INF_sk,SUP_avg,SUP_sd,SUP_r1,SUP_kr,SUP_sk,INC_avg,INC_sd,INC_r1,INC_kr,INC_sk,IND_avg,IND_sd,IND_r1,IND_kr,IND_sk
415,0.2420000000,0.0832826513,-0.2963480855,2.0274282316,0.2544384827,0.2480000000,0.0974474217,0.1531896960,2.9589228010,0.4452144905,0.5100000000,0.0979795897,-0.1206896552,2.1119791667,-0.2168819043,0.5100000000,0.0979795897,-0.1206896552,2.1119791667,-0.2168819043
