Instance,INF_avg,INF_sd,INF_r1,INF_kr,INF_sk,SUP_avg,SUP_sd,SUP_r1,SUP_kr,SUP_sk,INC_avg,INC_sd,INC_r1,INC_kr,INC_sk,IND_avg,IND_sd,IND_r1,IND_kr,IND_sk
273,0.2270000000,0.0258069758,-0.1291695031,1.8470768065,-0.2911427349,0.2845000000,0.0287619540,0.3460062256,2.5531125174,0.0894578571,0.4885000000,0.0350035712,0.0011144861,1.9803118685,-0.3758732691,0.4885000000,0.0350035712,0.0011144861,1.9803118685,-0.3758732691
