Instance,INF_avg,INF_sd,INF_r1,INF_kr,INF_sk,SUP_avg,SUP_sd,SUP_r1,SUP_kr,SUP_sk,INC_avg,INC_sd,INC_r1,INC_kr,INC_sk,IND_avg,IND_sd,IND_r1,IND_kr,IND_sk
342,0.2828000000,0.0771113481,0.6380377466,3.1741035462,0.4236932383,0.2979000000,0.0668175875,0.5027121654,2.5698381671,0.0149714428,0.4193000000,0.0651959355,0.3824081089,3.3518225161,0.3714560800,0.4193000000,0.0651959355,0.3824081089,3.3518225161,0.3714560800
