Instance,INF_avg,INF_sd,INF_r1,INF_kr,INF_sk,SUP_avg,SUP_sd,SUP_r1,SUP_kr,SUP_sk,INC_avg,INC_sd,INC_r1,INC_kr,INC_sk,IND_avg,IND_sd,IND_r1,IND_kr,IND_sk
218,0.2487500000,0.0313478468,0.0843581584,3.4478561377,0.4203286341,0.2787500000,0.0340762014,0.0819699155,2.8056795136,0.3595038265,0.4725000000,0.0315317301,0.1930709498,2.6778963324,-0.0009569249,0.4725000000,0.0315317301,0.1930709498,2.6778963324,-0.0009569249
