Instance,INF_avg,INF_sd,INF_r1,INF_kr,INF_sk,SUP_avg,SUP_sd,SUP_r1,SUP_kr,SUP_sk,INC_avg,INC_sd,INC_r1,INC_kr,INC_sk,IND_avg,IND_sd,IND_r1,IND_kr,IND_sk
424,0.2805000000,0.0228527898,0.3530849419,2.2340315052,-0.5359086687,0.2300000000,0.0416533312,0.3720930233,2.0036292968,0.2262395552,0.4895000000,0.0315000000,-0.1368730971,1.7436986608,0.0472231221,0.4895000000,0.0315000000,-0.1368730971,1.7436986608,0.0472231221
