Instance,INF_avg,INF_sd,INF_r1,INF_kr,INF_sk,SUP_avg,SUP_sd,SUP_r1,SUP_kr,SUP_sk,INC_avg,INC_sd,INC_r1,INC_kr,INC_sk,IND_avg,IND_sd,IND_r1,IND_kr,IND_sk
275,0.2479000000,0.0417203787,-0.0185027189,3.5237277749,0.4217266628,0.2501000000,0.0442830667,-0.0163421387,2.5423866810,0.3823378369,0.5020000000,0.0541294744,-0.0664352390,2.1994441403,-0.2110222891,0.5020000000,0.0541294744,-0.0664352390,2.1994441403,-0.2110222891
