Instance,INF_avg,INF_sd,INF_r1,INF_kr,INF_sk,SUP_avg,SUP_sd,SUP_r1,SUP_kr,SUP_sk,INC_avg,INC_sd,INC_r1,INC_kr,INC_sk,IND_avg,IND_sd,IND_r1,IND_kr,IND_sk
436,0.3500000000,0.1354006401,-0.2105263158,2.7396694215,0.5035560995,0.1666666667,0.1178511302,-0.3350000000,1.8456000000,0.0565685425,0.4833333333,0.0623609564,0.7457627119,1.5000000000,-0.3818017742,0.4833333333,0.0623609564,0.7457627119,1.5000000000,-0.3818017742
