Instance,INF_avg,INF_sd,INF_r1,INF_kr,INF_sk,SUP_avg,SUP_sd,SUP_r1,SUP_kr,SUP_sk,INC_avg,INC_sd,INC_r1,INC_kr,INC_sk,IND_avg,IND_sd,IND_r1,IND_kr,IND_sk
229,0.3600000000,0.1280624847,-0.2718204489,2.0267697799,0.4913759825,0.1400000000,0.1113552873,0.0863787375,3.5036420395,0.9038202296,0.5000000000,0.1341640786,-0.2777777778,1.6666666667,0.2484519975,0.5000000000,0.1341640786,-0.2777777778,1.6666666667,0.2484519975
