Instance,INF_avg,INF_sd,INF_r1,INF_kr,INF_sk,SUP_avg,SUP_sd,SUP_r1,SUP_kr,SUP_sk,INC_avg,INC_sd,INC_r1,INC_kr,INC_sk,IND_avg,IND_sd,IND_r1,IND_kr,IND_sk
335,0.2325000000,0.0475683718,0.2414637619,2.7369663096,0.0228897883,0.2542000000,0.0455890338,0.0261041473,2.2885545512,-0.2841298519,0.5133000000,0.0525177113,0.1467491756,2.4722435248,0.1067919508,0.5133000000,0.0525177113,0.1467491756,2.4722435248,0.1067919508
