Instance,INF_avg,INF_sd,INF_r1,INF_kr,INF_sk,SUP_avg,SUP_sd,SUP_r1,SUP_kr,SUP_sk,INC_avg,INC_sd,INC_r1,INC_kr,INC_sk,IND_avg,IND_sd,IND_r1,IND_kr,IND_sk
389,0.2440000000,0.0952050419,0.0744337141,2.9839747010,-0.1757158825,0.2880000000,0.0803492377,-0.0713651019,1.9160344200,-0.2426211418,0.4680000000,0.0870402206,-0.0542494696,1.5616597291,-0.0150678620,0.4680000000,0.0870402206,-0.0542494696,1.5616597291,-0.0150678620
