Instance,INF_avg,INF_sd,INF_r1,INF_kr,INF_sk,SUP_avg,SUP_sd,SUP_r1,SUP_kr,SUP_sk,INC_avg,INC_sd,INC_r1,INC_kr,INC_sk,IND_avg,IND_sd,IND_r1,IND_kr,IND_sk
118,0.3484931507,0.0886994499,0.5486997249,2.7581035511,0.5336451516,0.1375342466,0.0609464355,0.4059593974,2.3665200771,0.2710218234,0.5139726027,0.0663477705,0.1629626796,2.9009288658,-0.2527747614,0.5139726027,0.0663477705,0.1629626796,2.9009288658,-0.2527747614
