Instance,INF_avg,INF_sd,INF_r1,INF_kr,INF_sk,SUP_avg,SUP_sd,SUP_r1,SUP_kr,SUP_sk,INC_avg,INC_sd,INC_r1,INC_kr,INC_sk,IND_avg,IND_sd,IND_r1,IND_kr,IND_sk
122,0.2674000000,0.0405615582,-0.1765117903,2.7888086116,0.1895666853,0.2555000000,0.0416983213,-0.0599940468,3.4209287910,0.2881848010,0.4771000000,0.0421496145,-0.0059240445,2.6352896207,0.0834736424,0.4771000000,0.0421496145,-0.0059240445,2.6352896207,0.0834736424
