Instance,INF_avg,INF_sd,INF_r1,INF_kr,INF_sk,SUP_avg,SUP_sd,SUP_r1,SUP_kr,SUP_sk,INC_avg,INC_sd,INC_r1,INC_kr,INC_sk,IND_avg,IND_sd,IND_r1,IND_kr,IND_sk
223,0.2560000000,0.0505964426,0.1873984248,3.7112500000,0.2401354598,0.2628000000,0.0569926311,-0.1460920985,2.1420411269,-0.0481117059,0.4812000000,0.0703602160,-0.1911284126,2.6763964607,-0.0387679381,0.4812000000,0.0703602160,-0.1911284126,2.6763964607,-0.0387679381
