Instance,INF_avg,INF_sd,INF_r1,INF_kr,INF_sk,SUP_avg,SUP_sd,SUP_r1,SUP_kr,SUP_sk,INC_avg,INC_sd,INC_r1,INC_kr,INC_sk,IND_avg,IND_sd,IND_r1,IND_kr,IND_sk
346,0.2540000000,0.0907413908,0.1048163607,2.7653343964,0.0918512453,0.2135000000,0.0842184659,0.0481574958,3.8403238802,0.2620502773,0.5325000000,0.1105384548,-0.0679436863,3.2335248985,-0.1032148240,0.5325000000,0.1105384548,-0.0679436863,3.2335248985,-0.1032148240
