Instance,INF_avg,INF_sd,INF_r1,INF_kr,INF_sk,SUP_avg,SUP_sd,SUP_r1,SUP_kr,SUP_sk,INC_avg,INC_sd,INC_r1,INC_kr,INC_sk,IND_avg,IND_sd,IND_r1,IND_kr,IND_sk
370,0.2960000000,0.0786384130,0.4008969350,2.9427031993,-0.1762862626,0.2500000000,0.0894427191,0.1500000000,2.0000000000,0.1677050983,0.4540000000,0.0947839649,0.0598187423,2.1652626337,-0.0092444371,0.4540000000,0.0947839649,0.0598187423,2.1652626337,-0.0092444371
