Instance,INF_avg,INF_sd,INF_r1,INF_kr,INF_sk,SUP_avg,SUP_sd,SUP_r1,SUP_kr,SUP_sk,INC_avg,INC_sd,INC_r1,INC_kr,INC_sk,IND_avg,IND_sd,IND_r1,IND_kr,IND_sk
460,0.3180000000,0.0146969385,0.3918918919,2.8127572016,-1.1642636432,0.2360000000,0.0320000000,-0.7110519308,1.6707153320,-0.1479492187,0.4460000000,0.0417612260,-1.0036991369,2.3031100076,0.7935019592,0.4460000000,0.0417612260,-1.0036991369,2.3031100076,0.7935019592
