Instance,INF_avg,INF_sd,INF_r1,INF_kr,INF_sk,SUP_avg,SUP_sd,SUP_r1,SUP_kr,SUP_sk,INC_avg,INC_sd,INC_r1,INC_kr,INC_sk,IND_avg,IND_sd,IND_r1,IND_kr,IND_sk
476,0.2690000000,0.0625219961,-0.2549560927,2.8200304039,-0.4385133604,0.2350000000,0.0283725219,0.1515151515,2.3018016280,-0.3283730016,0.4960000000,0.0595315043,-0.1798352654,1.9795795138,-0.0900939967,0.4960000000,0.0595315043,-0.1798352654,1.9795795138,-0.0900939967
