Instance,INF_avg,INF_sd,INF_r1,INF_kr,INF_sk,SUP_avg,SUP_sd,SUP_r1,SUP_kr,SUP_sk,INC_avg,INC_sd,INC_r1,INC_kr,INC_sk,IND_avg,IND_sd,IND_r1,IND_kr,IND_sk
438,0.2519000000,0.0418735000,-0.0173088217,2.4310469270,0.1687376844,0.2385000000,0.0429738292,0.2115681434,3.1714974640,0.1595696038,0.5096000000,0.0512624619,0.0879686885,3.1439107101,0.2511586783,0.5096000000,0.0512624619,0.0879686885,3.1439107101,0.2511586783
