Instance,INF_avg,INF_sd,INF_r1,INF_kr,INF_sk,SUP_avg,SUP_sd,SUP_r1,SUP_kr,SUP_sk,INC_avg,INC_sd,INC_r1,INC_kr,INC_sk,IND_avg,IND_sd,IND_r1,IND_kr,IND_sk
76,0.2115000000,0.0216852484,0.0979203234,3.7983622000,-0.9028694055,0.2445000000,0.0210297408,-0.2499226916,2.4281049710,-0.1477355354,0.5440000000,0.0293938769,-0.3513843152,1.4726964378,0.2576358569,0.5440000000,0.0293938769,-0.3513843152,1.4726964378,0.2576358569
