Instance,INF_avg,INF_sd,INF_r1,INF_kr,INF_sk,SUP_avg,SUP_sd,SUP_r1,SUP_kr,SUP_sk,INC_avg,INC_sd,INC_r1,INC_kr,INC_sk,IND_avg,IND_sd,IND_r1,IND_kr,IND_sk
33,0.2000000000,0.1414213562,0.4444444444,1.7000000000,-0.0000000000,0.2200000000,0.1939071943,-0.3965884861,3.0377999095,1.3627927530,0.5800000000,0.2481934729,-0.0477453581,1.7794737730,-0.1632576395,0.5800000000,0.2481934729,-0.0477453581,1.7794737730,-0.1632576395
