Instance,INF_avg,INF_sd,INF_r1,INF_kr,INF_sk,SUP_avg,SUP_sd,SUP_r1,SUP_kr,SUP_sk,INC_avg,INC_sd,INC_r1,INC_kr,INC_sk,IND_avg,IND_sd,IND_r1,IND_kr,IND_sk
217,0.2350000000,0.0923309266,0.2770008926,2.2880522183,-0.5088162102,0.3500000000,0.1244989960,-0.0217391304,2.5026014568,0.9716362850,0.4150000000,0.0950000000,-0.2336374455,2.3598422357,-0.6088351072,0.4150000000,0.0950000000,-0.2336374455,2.3598422357,-0.6088351072
