Instance,INF_avg,INF_sd,INF_r1,INF_kr,INF_sk,SUP_avg,SUP_sd,SUP_r1,SUP_kr,SUP_sk,INC_avg,INC_sd,INC_r1,INC_kr,INC_sk,IND_avg,IND_sd,IND_r1,IND_kr,IND_sk
245,0.2320000000,0.0433128157,0.1466643888,3.2141470533,-0.0062027073,0.2946000000,0.0443716125,0.0680305339,3.1199449513,0.6038496598,0.4734000000,0.0513267961,0.0867984764,2.4074527008,-0.1876282092,0.4734000000,0.0513267961,0.0867984764,2.4074527008,-0.1876282092
