Instance,INF_avg,INF_sd,INF_r1,INF_kr,INF_sk,SUP_avg,SUP_sd,SUP_r1,SUP_kr,SUP_sk,INC_avg,INC_sd,INC_r1,INC_kr,INC_sk,IND_avg,IND_sd,IND_r1,IND_kr,IND_sk
73,0.3880000000,0.1511820095,-0.0590660691,2.7991939674,0.1691674746,0.2790000000,0.1275107839,-0.0150978893,2.3169017773,0.0499604998,0.3330000000,0.1442601816,0.0385296042,2.7476866751,0.1711325804,0.3330000000,0.1442601816,0.0385296042,2.7476866751,0.1711325804
