Instance,INF_avg,INF_sd,INF_r1,INF_kr,INF_sk,SUP_avg,SUP_sd,SUP_r1,SUP_kr,SUP_sk,INC_avg,INC_sd,INC_r1,INC_kr,INC_sk,IND_avg,IND_sd,IND_r1,IND_kr,IND_sk
39,0.3040000000,0.0253771551,0.5787545788,2.9124358628,-1.2599976308,0.2430000000,0.0163095064,-0.8878357030,1.2872689242,0.3236269296,0.4530000000,0.0320312348,-0.5922381712,2.4228936539,0.7565714626,0.4530000000,0.0320312348,-0.5922381712,2.4228936539,0.7565714626
