Instance,INF_avg,INF_sd,INF_r1,INF_kr,INF_sk,SUP_avg,SUP_sd,SUP_r1,SUP_kr,SUP_sk,INC_avg,INC_sd,INC_r1,INC_kr,INC_sk,IND_avg,IND_sd,IND_r1,IND_kr,IND_sk
313,0.2455000000,0.0982585874,0.0677968077,2.8996578781,0.4260529132,0.2590000000,0.1015824788,0.0249691427,2.4983125232,0.0053976724,0.4955000000,0.1170672883,-0.0056785135,3.4932422240,-0.1487459700,0.4955000000,0.1170672883,-0.0056785135,3.4932422240,-0.1487459700
