Instance,INF_avg,INF_sd,INF_r1,INF_kr,INF_sk,SUP_avg,SUP_sd,SUP_r1,SUP_kr,SUP_sk,INC_avg,INC_sd,INC_r1,INC_kr,INC_sk,IND_avg,IND_sd,IND_r1,IND_kr,IND_sk
348,0.2585000000,0.0379506258,0.3399183770,1.6928901793,-0.1441315810,0.2065000000,0.0263675937,-0.3770395537,3.0626760337,0.6944387792,0.5350000000,0.0394968353,-0.2532258065,3.1740014793,-1.1356800835,0.5350000000,0.0394968353,-0.2532258065,3.1740014793,-1.1356800835
