Instance,INF_avg,INF_sd,INF_r1,INF_kr,INF_sk,SUP_avg,SUP_sd,SUP_r1,SUP_kr,SUP_sk,INC_avg,INC_sd,INC_r1,INC_kr,INC_sk,IND_avg,IND_sd,IND_r1,IND_kr,IND_sk
315,0.2220000000,0.0278208555,0.2411593902,2.5915810348,0.2432506744,0.3058000000,0.0326092012,0.1302054087,2.3958803381,-0.2711604669,0.4722000000,0.0388607771,0.1527079814,1.8740961852,0.1790426605,0.4722000000,0.0388607771,0.1527079814,1.8740961852,0.1790426605
