Instance,INF_avg,INF_sd,INF_r1,INF_kr,INF_sk,SUP_avg,SUP_sd,SUP_r1,SUP_kr,SUP_sk,INC_avg,INC_sd,INC_r1,INC_kr,INC_sk,IND_avg,IND_sd,IND_r1,IND_kr,IND_sk
428,0.2655000000,0.0298705541,0.4464280170,2.5657583778,0.2879333432,0.3210000000,0.0303150128,-0.1347805897,2.0672479549,-0.2865450181,0.4135000000,0.0320195253,0.5402726565,2.4930310323,0.1532075422,0.4135000000,0.0320195253,0.5402726565,2.4930310323,0.1532075422
