Instance,INF_avg,INF_sd,INF_r1,INF_kr,INF_sk,SUP_avg,SUP_sd,SUP_r1,SUP_kr,SUP_sk,INC_avg,INC_sd,INC_r1,INC_kr,INC_sk,IND_avg,IND_sd,IND_r1,IND_kr,IND_sk
425,0.2400000000,0.0583095189,-0.1363636364,2.6660899654,1.1500493357,0.2700000000,0.1166190379,-0.3245033113,3.1040224913,1.4035141564,0.4900000000,0.1067707825,0.8803827751,2.2746999077,-0.8478566294,0.4900000000,0.1067707825,0.8803827751,2.2746999077,-0.8478566294
