Instance,INF_avg,INF_sd,INF_r1,INF_kr,INF_sk,SUP_avg,SUP_sd,SUP_r1,SUP_kr,SUP_sk,INC_avg,INC_sd,INC_r1,INC_kr,INC_sk,IND_avg,IND_sd,IND_r1,IND_kr,IND_sk
182,0.2265000000,0.0931276006,0.2035077104,2.5845639996,0.3474883512,0.2655000000,0.0915682805,0.2057241860,3.5478729771,0.3778899303,0.5080000000,0.1085633456,0.1524916762,2.6260431050,-0.0534384725,0.5080000000,0.1085633456,0.1524916762,2.6260431050,-0.0534384725
