Instance,INF_avg,INF_sd,INF_r1,INF_kr,INF_sk,SUP_avg,SUP_sd,SUP_r1,SUP_kr,SUP_sk,INC_avg,INC_sd,INC_r1,INC_kr,INC_sk,IND_avg,IND_sd,IND_r1,IND_kr,IND_sk
112,0.2540000000,0.0865101150,0.0399579160,3.3602637346,0.2241560898,0.2290000000,0.0872295821,0.0055498686,3.0542553234,0.4310910268,0.5170000000,0.1042161216,-0.1648005803,2.7001099538,-0.0851000448,0.5170000000,0.1042161216,-0.1648005803,2.7001099538,-0.0851000448
