Instance,INF_avg,INF_sd,INF_r1,INF_kr,INF_sk,SUP_avg,SUP_sd,SUP_r1,SUP_kr,SUP_sk,INC_avg,INC_sd,INC_r1,INC_kr,INC_sk,IND_avg,IND_sd,IND_r1,IND_kr,IND_sk
180,0.2916000000,0.0366666061,-0.1599989251,3.6891194936,0.0420437727,0.2321000000,0.0351580716,-0.0712815844,2.2738155293,0.1434901378,0.4763000000,0.0326007669,-0.1014273387,2.4411067332,-0.0300058695,0.4763000000,0.0326007669,-0.1014273387,2.4411067332,-0.0300058695
