Instance,INF_avg,INF_sd,INF_r1,INF_kr,INF_sk,SUP_avg,SUP_sd,SUP_r1,SUP_kr,SUP_sk,INC_avg,INC_sd,INC_r1,INC_kr,INC_sk,IND_avg,IND_sd,IND_r1,IND_kr,IND_sk
221,0.2690000000,0.0476550102,0.1112199383,2.6702446039,0.1341100787,0.2559000000,0.0561265534,0.3041510073,2.0891705799,-0.0488308117,0.4751000000,0.0665807029,0.5286870897,2.3721445379,-0.1626533605,0.4751000000,0.0665807029,0.5286870897,2.3721445379,-0.1626533605
