Instance,INF_avg,INF_sd,INF_r1,INF_kr,INF_sk,SUP_avg,SUP_sd,SUP_r1,SUP_kr,SUP_sk,INC_avg,INC_sd,INC_r1,INC_kr,INC_sk,IND_avg,IND_sd,IND_r1,IND_kr,IND_sk
102,0.2317000000,0.0303744959,-0.0386849266,2.1898113733,0.1770735441,0.2930000000,0.0317962262,-0.1496397451,2.9261476870,0.4239720804,0.4753000000,0.0313593686,0.0821371434,2.7174961569,-0.3329406644,0.4753000000,0.0313593686,0.0821371434,2.7174961569,-0.3329406644
