Instance,INF_avg,INF_sd,INF_r1,INF_kr,INF_sk,SUP_avg,SUP_sd,SUP_r1,SUP_kr,SUP_sk,INC_avg,INC_sd,INC_r1,INC_kr,INC_sk,IND_avg,IND_sd,IND_r1,IND_kr,IND_sk
52,0.2498000000,0.0463352997,0.5836494873,2.3240603383,0.6087973728,0.3110000000,0.0540555270,0.5953765266,2.6711016195,-0.7674061932,0.4392000000,0.0291094486,-0.2059844269,3.9111043163,0.9768100962,0.4392000000,0.0291094486,-0.2059844269,3.9111043163,0.9768100962
