Instance,INF_avg,INF_sd,INF_r1,INF_kr,INF_sk,SUP_avg,SUP_sd,SUP_r1,SUP_kr,SUP_sk,INC_avg,INC_sd,INC_r1,INC_kr,INC_sk,IND_avg,IND_sd,IND_r1,IND_kr,IND_sk
99,0.2700000000,0.0600000000,0.5801526718,1.3981481481,-0.1111111111,0.3100000000,0.0969535971,-0.6740088106,1.8155273880,-0.6122692079,0.4200000000,0.0979795897,-0.6454352442,2.4361979167,-0.5677202789,0.4200000000,0.0979795897,-0.6454352442,2.4361979167,-0.5677202789
