Instance,INF_avg,INF_sd,INF_r1,INF_kr,INF_sk,SUP_avg,SUP_sd,SUP_r1,SUP_kr,SUP_sk,INC_avg,INC_sd,INC_r1,INC_kr,INC_sk,IND_avg,IND_sd,IND_r1,IND_kr,IND_sk
115,0.2620000000,0.1060942977,-0.0549741281,2.1822633709,0.1616617132,0.3000000000,0.1077032961,-0.2434782609,2.4895957194,-0.2401232821,0.4380000000,0.0874985714,0.1552368354,2.8787665871,0.3692312858,0.4380000000,0.0874985714,0.1552368354,2.8787665871,0.3692312858
