Instance,INF_avg,INF_sd,INF_r1,INF_kr,INF_sk,SUP_avg,SUP_sd,SUP_r1,SUP_kr,SUP_sk,INC_avg,INC_sd,INC_r1,INC_kr,INC_sk,IND_avg,IND_sd,IND_r1,IND_kr,IND_sk
42,0.2390000000,0.0955458005,0.1156349914,3.3668244842,0.1004175911,0.2175000000,0.0909326674,0.0329829872,2.9248015659,0.3215605970,0.5435000000,0.1085483763,0.1433356440,3.0004875608,0.0674654881,0.5435000000,0.1085483763,0.1433356440,3.0004875608,0.0674654881
