Instance,INF_avg,INF_sd,INF_r1,INF_kr,INF_sk,SUP_avg,SUP_sd,SUP_r1,SUP_kr,SUP_sk,INC_avg,INC_sd,INC_r1,INC_kr,INC_sk,IND_avg,IND_sd,IND_r1,IND_kr,IND_sk
302,0.2480000000,0.1062826420,-0.0182483840,1.9677265486,0.4271175731,0.2440000000,0.0840476056,-0.1485920120,2.4520937194,0.2903224410,0.5080000000,0.1074057727,-0.1124910538,3.3826607559,0.6154993483,0.5080000000,0.1074057727,-0.1124910538,3.3826607559,0.6154993483
