Instance,INF_avg,INF_sd,INF_r1,INF_kr,INF_sk,SUP_avg,SUP_sd,SUP_r1,SUP_kr,SUP_sk,INC_avg,INC_sd,INC_r1,INC_kr,INC_sk,IND_avg,IND_sd,IND_r1,IND_kr,IND_sk
225,0.2432000000,0.0467093138,0.1360133164,2.0529605987,0.1576152531,0.2592000000,0.0390814534,0.0502272093,4.0672797028,0.5304976962,0.4976000000,0.0510905079,0.5049174996,1.8092903281,-0.0731295637,0.4976000000,0.0510905079,0.5049174996,1.8092903281,-0.0731295637
