Instance,INF_avg,INF_sd,INF_r1,INF_kr,INF_sk,SUP_avg,SUP_sd,SUP_r1,SUP_kr,SUP_sk,INC_avg,INC_sd,INC_r1,INC_kr,INC_sk,IND_avg,IND_sd,IND_r1,IND_kr,IND_sk
236,0.2344000000,0.0320099984,-0.0382837576,3.2916325134,-0.1088588664,0.2624000000,0.0436605085,0.3287560143,3.1537646316,0.4722152125,0.5032000000,0.0368477950,0.0904413743,2.2848513327,0.1241790646,0.5032000000,0.0368477950,0.0904413743,2.2848513327,0.1241790646
