Instance,INF_avg,INF_sd,INF_r1,INF_kr,INF_sk,SUP_avg,SUP_sd,SUP_r1,SUP_kr,SUP_sk,INC_avg,INC_sd,INC_r1,INC_kr,INC_sk,IND_avg,IND_sd,IND_r1,IND_kr,IND_sk
343,0.3000000000,0.0636867333,0.0356435644,2.8646289229,0.1226417259,0.2294000000,0.0694236271,0.0678290337,2.7489160953,-0.1449637861,0.4706000000,0.0679679336,-0.0939568062,2.5917074048,0.1197004524,0.4706000000,0.0679679336,-0.0939568062,2.5917074048,0.1197004524
