Instance,INF_avg,INF_sd,INF_r1,INF_kr,INF_sk,SUP_avg,SUP_sd,SUP_r1,SUP_kr,SUP_sk,INC_avg,INC_sd,INC_r1,INC_kr,INC_sk,IND_avg,IND_sd,IND_r1,IND_kr,IND_sk
188,0.2528000000,0.0530298029,0.0109849670,2.3351111469,-0.3047315557,0.2840000000,0.0724430811,-0.0429406169,3.0875966686,0.3232142227,0.4632000000,0.0728131856,0.0781679320,2.4065116188,-0.2231118600,0.4632000000,0.0728131856,0.0781679320,2.4065116188,-0.2231118600
