Instance,INF_avg,INF_sd,INF_r1,INF_kr,INF_sk,SUP_avg,SUP_sd,SUP_r1,SUP_kr,SUP_sk,INC_avg,INC_sd,INC_r1,INC_kr,INC_sk,IND_avg,IND_sd,IND_r1,IND_kr,IND_sk
310,0.2820000000,0.0523067873,-0.1848341232,1.7957063712,0.0543353054,0.2280000000,0.0499599840,0.2387011847,1.3014977811,-0.1220207326,0.4900000000,0.0244948974,-0.4230769231,1.9666666667,0.4082482905,0.4900000000,0.0244948974,-0.4230769231,1.9666666667,0.4082482905
