Instance,INF_avg,INF_sd,INF_r1,INF_kr,INF_sk,SUP_avg,SUP_sd,SUP_r1,SUP_kr,SUP_sk,INC_avg,INC_sd,INC_r1,INC_kr,INC_sk,IND_avg,IND_sd,IND_r1,IND_kr,IND_sk
54,0.2740000000,0.1467105995,-0.2234712213,4.0188696240,0.9489039847,0.2580000000,0.1443468046,0.1190600175,1.9577681701,-0.0799890938,0.4680000000,0.1391977011,-0.1719851977,3.3833044327,-0.0397227438,0.4680000000,0.1391977011,-0.1719851977,3.3833044327,-0.0397227438
