Instance,INF_avg,INF_sd,INF_r1,INF_kr,INF_sk,SUP_avg,SUP_sd,SUP_r1,SUP_kr,SUP_sk,INC_avg,INC_sd,INC_r1,INC_kr,INC_sk,IND_avg,IND_sd,IND_r1,IND_kr,IND_sk
329,0.2410000000,0.1393520721,-0.0978925207,3.6044182131,0.5072071303,0.2830000000,0.1265345803,0.0392112462,3.1959698005,0.2623338525,0.4760000000,0.1668052757,-0.1231886200,2.5408662550,-0.3151881312,0.4760000000,0.1668052757,-0.1231886200,2.5408662550,-0.3151881312
