Instance,INF_avg,INF_sd,INF_r1,INF_kr,INF_sk,SUP_avg,SUP_sd,SUP_r1,SUP_kr,SUP_sk,INC_avg,INC_sd,INC_r1,INC_kr,INC_sk,IND_avg,IND_sd,IND_r1,IND_kr,IND_sk
2,0.3648936170,0.0844978242,0.7219202671,2.7597683326,0.2962045759,0.1265957447,0.0786394031,0.8313783467,2.5996143314,0.6575348797,0.5085106383,0.0481345067,0.2090085766,3.0796574619,0.0857957577,0.5085106383,0.0481345067,0.2090085766,3.0796574619,0.0857957577
