Instance,INF_avg,INF_sd,INF_r1,INF_kr,INF_sk,SUP_avg,SUP_sd,SUP_r1,SUP_kr,SUP_sk,INC_avg,INC_sd,INC_r1,INC_kr,INC_sk,IND_avg,IND_sd,IND_r1,IND_kr,IND_sk
4,0.2560000000,0.1061319933,-0.3847391404,1.9187526230,-0.0568545895,0.2500000000,0.0836660027,-0.2714285714,2.2551020408,0.2561204163,0.4940000000,0.1336562756,-0.4445366478,2.2415609083,-0.0097301276,0.4940000000,0.1336562756,-0.4445366478,2.2415609083,-0.0097301276
