Instance,INF_avg,INF_sd,INF_r1,INF_kr,INF_sk,SUP_avg,SUP_sd,SUP_r1,SUP_kr,SUP_sk,INC_avg,INC_sd,INC_r1,INC_kr,INC_sk,IND_avg,IND_sd,IND_r1,IND_kr,IND_sk
41,0.2450000000,0.0960468636,-0.0354510355,1.5894198779,-0.3656751498,0.2600000000,0.0800000000,0.4951923077,1.8950195313,0.1113281250,0.4950000000,0.1105667219,-0.3216453136,3.5075840265,0.8478349511,0.4950000000,0.1105667219,-0.3216453136,3.5075840265,0.8478349511
