Instance,INF_avg,INF_sd,INF_r1,INF_kr,INF_sk,SUP_avg,SUP_sd,SUP_r1,SUP_kr,SUP_sk,INC_avg,INC_sd,INC_r1,INC_kr,INC_sk,IND_avg,IND_sd,IND_r1,IND_kr,IND_sk
367,0.2560000000,0.1235475617,-0.1625940644,2.1380812995,0.3712063159,0.2520000000,0.1526302722,-0.2102223860,1.8621750845,-0.1729022002,0.4920000000,0.1809309260,0.0383040577,1.7953162311,-0.1238949182,0.4920000000,0.1809309260,0.0383040577,1.7953162311,-0.1238949182
