Instance,INF_avg,INF_sd,INF_r1,INF_kr,INF_sk,SUP_avg,SUP_sd,SUP_r1,SUP_kr,SUP_sk,INC_avg,INC_sd,INC_r1,INC_kr,INC_sk,IND_avg,IND_sd,IND_r1,IND_kr,IND_sk
411,0.2580000000,0.0312409987,0.0093360996,1.3553480247,0.2644696208,0.2560000000,0.0349857114,0.0705363703,2.5251185441,0.9236263670,0.4860000000,0.0564269439,-0.0135985898,2.6913019873,-1.0916414335,0.4860000000,0.0564269439,-0.0135985898,2.6913019873,-1.0916414335
