Instance,INF_avg,INF_sd,INF_r1,INF_kr,INF_sk,SUP_avg,SUP_sd,SUP_r1,SUP_kr,SUP_sk,INC_avg,INC_sd,INC_r1,INC_kr,INC_sk,IND_avg,IND_sd,IND_r1,IND_kr,IND_sk
92,0.1950000000,0.0906917857,-0.3232713233,2.0045731285,0.2493498345,0.2850000000,0.0950000000,-0.2271307452,2.3230101058,-0.6158332118,0.5200000000,0.0900000000,-0.4343163539,3.0128029264,0.1111111111,0.5200000000,0.0900000000,-0.4343163539,3.0128029264,0.1111111111
