Instance,INF_avg,INF_sd,INF_r1,INF_kr,INF_sk,SUP_avg,SUP_sd,SUP_r1,SUP_kr,SUP_sk,INC_avg,INC_sd,INC_r1,INC_kr,INC_sk,IND_avg,IND_sd,IND_r1,IND_kr,IND_sk
441,0.2416000000,0.0319599750,0.1463710398,2.0146660118,-0.0424873530,0.2056000000,0.0366693332,0.1904632594,2.7791814985,0.1386096246,0.5528000000,0.0419065627,0.2619803096,1.9095820778,0.2596154666,0.5528000000,0.0419065627,0.2619803096,1.9095820778,0.2596154666
