Instance,INF_avg,INF_sd,INF_r1,INF_kr,INF_sk,SUP_avg,SUP_sd,SUP_r1,SUP_kr,SUP_sk,INC_avg,INC_sd,INC_r1,INC_kr,INC_sk,IND_avg,IND_sd,IND_r1,IND_kr,IND_sk
166,0.3000000000,0.1009950494,0.3265306122,2.9555940023,0.3494638387,0.2580000000,0.0832826513,0.0217669953,2.2369563742,-0.1505690825,0.4420000000,0.0808455317,-0.0572621160,2.0735854823,-0.0238907025,0.4420000000,0.0808455317,-0.0572621160,2.0735854823,-0.0238907025
