Instance,INF_avg,INF_sd,INF_r1,INF_kr,INF_sk,SUP_avg,SUP_sd,SUP_r1,SUP_kr,SUP_sk,INC_avg,INC_sd,INC_r1,INC_kr,INC_sk,IND_avg,IND_sd,IND_r1,IND_kr,IND_sk
82,0.2330000000,0.0343656806,-0.4812516621,3.7559244917,-1.1569544145,0.2510000000,0.0242693222,-0.0562488696,1.9224463206,-0.2006347730,0.5160000000,0.0349857114,-0.1158376963,3.4158016148,-0.4214605753,0.5160000000,0.0349857114,-0.1158376963,3.4158016148,-0.4214605753
