Instance,INF_avg,INF_sd,INF_r1,INF_kr,INF_sk,SUP_avg,SUP_sd,SUP_r1,SUP_kr,SUP_sk,INC_avg,INC_sd,INC_r1,INC_kr,INC_sk,IND_avg,IND_sd,IND_r1,IND_kr,IND_sk
172,0.2656000000,0.0681222431,-0.1448618289,3.2464099084,0.3429644626,0.2428000000,0.0628662071,0.1790065042,2.2800925407,0.0408114538,0.4916000000,0.0657376604,-0.0975844520,2.7570975093,-0.3867448741,0.4916000000,0.0657376604,-0.0975844520,2.7570975093,-0.3867448741
