Instance,INF_avg,INF_sd,INF_r1,INF_kr,INF_sk,SUP_avg,SUP_sd,SUP_r1,SUP_kr,SUP_sk,INC_avg,INC_sd,INC_r1,INC_kr,INC_sk,IND_avg,IND_sd,IND_r1,IND_kr,IND_sk
283,0.2400000000,0.1113552873,-0.3026819923,1.6305931322,0.0347623165,0.2700000000,0.1268857754,-0.4573213046,1.4172678523,-0.3054539711,0.4900000000,0.1044030651,-0.2764003673,1.7554919620,-0.3268911726,0.4900000000,0.1044030651,-0.2764003673,1.7554919620,-0.3268911726
