Instance,INF_avg,INF_sd,INF_r1,INF_kr,INF_sk,SUP_avg,SUP_sd,SUP_r1,SUP_kr,SUP_sk,INC_avg,INC_sd,INC_r1,INC_kr,INC_sk,IND_avg,IND_sd,IND_r1,IND_kr,IND_sk
6,0.2160000000,0.0407921561,-0.7919799499,2.7045118343,-1.0013237284,0.3280000000,0.0203960781,0.1975308642,1.9556213018,0.2715454179,0.4560000000,0.0463033476,-0.4984709480,2.5997995099,0.8238983939,0.4560000000,0.0463033476,-0.4984709480,2.5997995099,0.8238983939
