Instance,INF_avg,INF_sd,INF_r1,INF_kr,INF_sk,SUP_avg,SUP_sd,SUP_r1,SUP_kr,SUP_sk,INC_avg,INC_sd,INC_r1,INC_kr,INC_sk,IND_avg,IND_sd,IND_r1,IND_kr,IND_sk
188,0.2540000000,0.1410106379,-0.0444629268,3.5643253502,0.8493048161,0.2690000000,0.1383437747,0.1043082772,2.7896324103,0.3171426122,0.4770000000,0.1623915022,-0.0838699204,2.7591304193,-0.0462901136,0.4770000000,0.1623915022,-0.0838699204,2.7591304193,-0.0462901136
