Instance,INF_avg,INF_sd,INF_r1,INF_kr,INF_sk,SUP_avg,SUP_sd,SUP_r1,SUP_kr,SUP_sk,INC_avg,INC_sd,INC_r1,INC_kr,INC_sk,IND_avg,IND_sd,IND_r1,IND_kr,IND_sk
463,0.2840000000,0.1316966211,-0.4805789396,1.9231696192,-0.0189970327,0.2440000000,0.1098362417,-0.2304887775,2.3274665972,-0.0284001286,0.4720000000,0.1400571312,0.0413825694,2.6592281428,0.1564031990,0.4720000000,0.1400571312,0.0413825694,2.6592281428,0.1564031990
