Instance,INF_avg,INF_sd,INF_r1,INF_kr,INF_sk,SUP_avg,SUP_sd,SUP_r1,SUP_kr,SUP_sk,INC_avg,INC_sd,INC_r1,INC_kr,INC_sk,IND_avg,IND_sd,IND_r1,IND_kr,IND_sk
358,0.2000000000,0.1385640646,-0.0851063830,2.0833333333,0.1804219591,0.2760000000,0.1175755077,0.0684575390,2.1540798611,0.1778998627,0.5240000000,0.1364697769,-0.0279327624,2.1424611188,0.0335409033,0.5240000000,0.1364697769,-0.0279327624,2.1424611188,0.0335409033
