Instance,INF_avg,INF_sd,INF_r1,INF_kr,INF_sk,SUP_avg,SUP_sd,SUP_r1,SUP_kr,SUP_sk,INC_avg,INC_sd,INC_r1,INC_kr,INC_sk,IND_avg,IND_sd,IND_r1,IND_kr,IND_sk
60,0.2424000000,0.0342087708,0.2108128724,2.0473088908,0.1369000647,0.2616000000,0.0454030836,-0.4576942661,2.4567703736,0.0831340466,0.4960000000,0.0425205833,-0.3136347455,3.3126908920,0.4495480256,0.4960000000,0.0425205833,-0.3136347455,3.3126908920,0.4495480256
