Instance,INF_avg,INF_sd,INF_r1,INF_kr,INF_sk,SUP_avg,SUP_sd,SUP_r1,SUP_kr,SUP_sk,INC_avg,INC_sd,INC_r1,INC_kr,INC_sk,IND_avg,IND_sd,IND_r1,IND_kr,IND_sk
240,0.2296000000,0.0577220928,-0.2348977879,3.1092755647,0.8142556089,0.2800000000,0.0579655070,0.4029126214,3.5884353741,-0.0788646354,0.4904000000,0.0819990244,-0.1214029394,3.8305927384,-0.7545659555,0.4904000000,0.0819990244,-0.1214029394,3.8305927384,-0.7545659555
