Instance,INF_avg,INF_sd,INF_r1,INF_kr,INF_sk,SUP_avg,SUP_sd,SUP_r1,SUP_kr,SUP_sk,INC_avg,INC_sd,INC_r1,INC_kr,INC_sk,IND_avg,IND_sd,IND_r1,IND_kr,IND_sk
359,0.2504000000,0.0669614815,-0.1296658602,2.1406734361,0.2827672396,0.2452000000,0.0598411230,0.1919429605,2.3849933481,0.2411532842,0.5044000000,0.0768676785,-0.1557406232,2.4403496510,0.0729237684,0.5044000000,0.0768676785,-0.1557406232,2.4403496510,0.0729237684
