Instance,INF_avg,INF_sd,INF_r1,INF_kr,INF_sk,SUP_avg,SUP_sd,SUP_r1,SUP_kr,SUP_sk,INC_avg,INC_sd,INC_r1,INC_kr,INC_sk,IND_avg,IND_sd,IND_r1,IND_kr,IND_sk
96,0.2590000000,0.0195959179,0.2527261065,1.2460123698,0.3293096562,0.2480000000,0.0201494417,0.0717981889,1.2475551457,-0.0740770321,0.4930000000,0.0040000000,-0.5492957746,2.0781250000,0.8437500000,0.4930000000,0.0040000000,-0.5492957746,2.0781250000,0.8437500000
