Instance,INF_avg,INF_sd,INF_r1,INF_kr,INF_sk,SUP_avg,SUP_sd,SUP_r1,SUP_kr,SUP_sk,INC_avg,INC_sd,INC_r1,INC_kr,INC_sk,IND_avg,IND_sd,IND_r1,IND_kr,IND_sk
24,0.5028421053,0.1052907069,0.8744893367,2.7540285164,-0.7105460759,0.0698421053,0.0648295442,0.9167505119,4.3594183481,1.3584397401,0.4273157895,0.0520314203,0.5544368350,2.5906627732,0.1732009296,0.4273157895,0.0520314203,0.5544368350,2.5906627732,0.1732009296
