Instance,INF_avg,INF_sd,INF_r1,INF_kr,INF_sk,SUP_avg,SUP_sd,SUP_r1,SUP_kr,SUP_sk,INC_avg,INC_sd,INC_r1,INC_kr,INC_sk,IND_avg,IND_sd,IND_r1,IND_kr,IND_sk
250,0.2360000000,0.0615792173,-0.0714589175,2.6884046360,0.3239626610,0.2688000000,0.0707853092,0.0188598711,3.1864284514,0.6365274005,0.4952000000,0.0692312068,-0.2043862068,3.0884240581,-0.3934357114,0.4952000000,0.0692312068,-0.2043862068,3.0884240581,-0.3934357114
