Instance,INF_avg,INF_sd,INF_r1,INF_kr,INF_sk,SUP_avg,SUP_sd,SUP_r1,SUP_kr,SUP_sk,INC_avg,INC_sd,INC_r1,INC_kr,INC_sk,IND_avg,IND_sd,IND_r1,IND_kr,IND_sk
301,0.2396000000,0.0389337900,-0.1831493599,2.3196739371,0.3636058755,0.2392000000,0.0409799951,-0.0063689853,2.0293867394,-0.3331730479,0.5212000000,0.0414072457,-0.1247457145,2.7486696119,-0.2779644537,0.5212000000,0.0414072457,-0.1247457145,2.7486696119,-0.2779644537
