Instance,INF_avg,INF_sd,INF_r1,INF_kr,INF_sk,SUP_avg,SUP_sd,SUP_r1,SUP_kr,SUP_sk,INC_avg,INC_sd,INC_r1,INC_kr,INC_sk,IND_avg,IND_sd,IND_r1,IND_kr,IND_sk
321,0.2144000000,0.0569968420,-0.0237063696,2.7302756959,0.5013591194,0.2800000000,0.0692820323,-0.1204013378,2.0566666667,0.0923760431,0.5056000000,0.0807009294,-0.2151114445,2.3314321248,0.0295523940,0.5056000000,0.0807009294,-0.2151114445,2.3314321248,0.0295523940
