Instance,INF_avg,INF_sd,INF_r1,INF_kr,INF_sk,SUP_avg,SUP_sd,SUP_r1,SUP_kr,SUP_sk,INC_avg,INC_sd,INC_r1,INC_kr,INC_sk,IND_avg,IND_sd,IND_r1,IND_kr,IND_sk
326,0.2540000000,0.0353270435,-0.2088848120,3.0828402367,0.1088727917,0.2048000000,0.0355662762,-0.0248262583,2.7273768385,-0.1939549268,0.5412000000,0.0461579896,-0.0500397093,2.7396164278,-0.2158962085,0.5412000000,0.0461579896,-0.0500397093,2.7396164278,-0.2158962085
