Instance,INF_avg,INF_sd,INF_r1,INF_kr,INF_sk,SUP_avg,SUP_sd,SUP_r1,SUP_kr,SUP_sk,INC_avg,INC_sd,INC_r1,INC_kr,INC_sk,IND_avg,IND_sd,IND_r1,IND_kr,IND_sk
345,0.3300000000,0.0678232998,-0.3510101010,2.3638941399,0.7500308204,0.2850000000,0.1141271221,0.0886368006,2.7445264348,-0.3350138369,0.3850000000,0.0776208735,0.2726461401,2.0842788519,0.0256593511,0.3850000000,0.0776208735,0.2726461401,2.0842788519,0.0256593511
