Instance,INF_avg,INF_sd,INF_r1,INF_kr,INF_sk,SUP_avg,SUP_sd,SUP_r1,SUP_kr,SUP_sk,INC_avg,INC_sd,INC_r1,INC_kr,INC_sk,IND_avg,IND_sd,IND_r1,IND_kr,IND_sk
429,0.2644000000,0.0385310265,0.4536328291,2.7178949233,0.2268619063,0.2814000000,0.0284436285,0.0512463552,2.1592270617,0.0740607311,0.4542000000,0.0324555080,0.1898589981,3.1614343394,0.1848221337,0.4542000000,0.0324555080,0.1898589981,3.1614343394,0.1848221337
