Instance,INF_avg,INF_sd,INF_r1,INF_kr,INF_sk,SUP_avg,SUP_sd,SUP_r1,SUP_kr,SUP_sk,INC_avg,INC_sd,INC_r1,INC_kr,INC_sk,IND_avg,IND_sd,IND_r1,IND_kr,IND_sk
327,0.2800000000,0.1939071943,-0.6417910448,2.3587596197,0.2830922144,0.1200000000,0.1166190379,-0.0112359551,1.6280276817,0.3631734744,0.6000000000,0.1788854382,-0.6666666667,1.2500000000,0.0000000000,0.6000000000,0.1788854382,-0.6666666667,1.2500000000,0.0000000000
