Instance,INF_avg,INF_sd,INF_r1,INF_kr,INF_sk,SUP_avg,SUP_sd,SUP_r1,SUP_kr,SUP_sk,INC_avg,INC_sd,INC_r1,INC_kr,INC_sk,IND_avg,IND_sd,IND_r1,IND_kr,IND_sk
136,0.2200000000,0.1048808848,0.2065390750,2.6461157025,0.1924260862,0.3150000000,0.0944722181,0.1480298190,4.1331120684,-0.8094505426,0.4650000000,0.1257974563,0.1691858293,2.4988582167,0.1416555290,0.4650000000,0.1257974563,0.1691858293,2.4988582167,0.1416555290
