Instance,INF_avg,INF_sd,INF_r1,INF_kr,INF_sk,SUP_avg,SUP_sd,SUP_r1,SUP_kr,SUP_sk,INC_avg,INC_sd,INC_r1,INC_kr,INC_sk,IND_avg,IND_sd,IND_r1,IND_kr,IND_sk
465,0.2386000000,0.0624342855,0.1586190775,2.6149825301,-0.1322484715,0.2396000000,0.0594629296,0.0967834386,2.3290177049,0.1175881416,0.5218000000,0.0699768533,0.1518253053,3.4154724170,-0.1661365782,0.5218000000,0.0699768533,0.1518253053,3.4154724170,-0.1661365782
