Instance,INF_avg,INF_sd,INF_r1,INF_kr,INF_sk,SUP_avg,SUP_sd,SUP_r1,SUP_kr,SUP_sk,INC_avg,INC_sd,INC_r1,INC_kr,INC_sk,IND_avg,IND_sd,IND_r1,IND_kr,IND_sk
416,0.2400000000,0.0536656315,0.0740740741,1.6203703704,-0.1242259987,0.2020000000,0.0574108004,-0.1062788801,1.4916167876,-0.1225201623,0.5580000000,0.0285657137,-0.1288604899,1.8370818916,-0.7248508670,0.5580000000,0.0285657137,-0.1288604899,1.8370818916,-0.7248508670
