Instance,INF_avg,INF_sd,INF_r1,INF_kr,INF_sk,SUP_avg,SUP_sd,SUP_r1,SUP_kr,SUP_sk,INC_avg,INC_sd,INC_r1,INC_kr,INC_sk,IND_avg,IND_sd,IND_r1,IND_kr,IND_sk
270,0.2300000000,0.0445421149,0.2197580645,5.9780664672,1.5072723179,0.2724000000,0.0494190247,-0.0505574087,4.0067905492,-0.6150968069,0.4976000000,0.0494190247,0.0311007655,3.8806047114,0.1975087912,0.4976000000,0.0494190247,0.0311007655,3.8806047114,0.1975087912
