Instance,INF_avg,INF_sd,INF_r1,INF_kr,INF_sk,SUP_avg,SUP_sd,SUP_r1,SUP_kr,SUP_sk,INC_avg,INC_sd,INC_r1,INC_kr,INC_sk,IND_avg,IND_sd,IND_r1,IND_kr,IND_sk
45,0.2500000000,0.0894427191,0.0000000000,1.9531250000,0.6288941187,0.2200000000,0.0812403840,0.2204301075,2.2685950413,0.1790421687,0.5300000000,0.1568438714,0.2082890542,2.3762641285,-0.7946382936,0.5300000000,0.1568438714,0.2082890542,2.3762641285,-0.7946382936
