Instance,INF_avg,INF_sd,INF_r1,INF_kr,INF_sk,SUP_avg,SUP_sd,SUP_r1,SUP_kr,SUP_sk,INC_avg,INC_sd,INC_r1,INC_kr,INC_sk,IND_avg,IND_sd,IND_r1,IND_kr,IND_sk
419,0.3222000000,0.0750277282,0.4800934048,3.8092206976,0.7575284318,0.2524000000,0.0626277894,0.5833141205,2.7251398283,-0.0925494180,0.4254000000,0.0681824024,0.4128322172,2.1023465950,-0.2144331304,0.4254000000,0.0681824024,0.4128322172,2.1023465950,-0.2144331304
