Instance,INF_avg,INF_sd,INF_r1,INF_kr,INF_sk,SUP_avg,SUP_sd,SUP_r1,SUP_kr,SUP_sk,INC_avg,INC_sd,INC_r1,INC_kr,INC_sk,IND_avg,IND_sd,IND_r1,IND_kr,IND_sk
11,0.2480000000,0.0299332591,-0.1594202899,1.8469387755,-0.3436215967,0.2920000000,0.0601331855,-0.0879218472,2.7434019892,-0.9818912350,0.4600000000,0.0769415362,-0.1756756757,1.8425858291,0.2529122813,0.4600000000,0.0769415362,-0.1756756757,1.8425858291,0.2529122813
