Instance,INF_avg,INF_sd,INF_r1,INF_kr,INF_sk,SUP_avg,SUP_sd,SUP_r1,SUP_kr,SUP_sk,INC_avg,INC_sd,INC_r1,INC_kr,INC_sk,IND_avg,IND_sd,IND_r1,IND_kr,IND_sk
370,0.3076923077,0.1591396990,-0.5950184502,2.4210193030,-0.1260371404,0.2076923077,0.1140953613,-0.7264195214,2.3353719008,0.1599692401,0.4846153846,0.1026281851,-0.4437529919,2.1739048100,-0.5431999319,0.4846153846,0.1026281851,-0.4437529919,2.1739048100,-0.5431999319
