Instance,INF_avg,INF_sd,INF_r1,INF_kr,INF_sk,SUP_avg,SUP_sd,SUP_r1,SUP_kr,SUP_sk,INC_avg,INC_sd,INC_r1,INC_kr,INC_sk,IND_avg,IND_sd,IND_r1,IND_kr,IND_sk
489,0.2696000000,0.0261120662,-0.0960374124,3.7891820187,0.7412989095,0.2672000000,0.0354141215,-0.0789656667,3.5658315051,-0.3603087505,0.4632000000,0.0418301327,-0.0679850075,4.0330760420,0.9114234400,0.4632000000,0.0418301327,-0.0679850075,4.0330760420,0.9114234400
