Instance,INF_avg,INF_sd,INF_r1,INF_kr,INF_sk,SUP_avg,SUP_sd,SUP_r1,SUP_kr,SUP_sk,INC_avg,INC_sd,INC_r1,INC_kr,INC_sk,IND_avg,IND_sd,IND_r1,IND_kr,IND_sk
388,0.2468000000,0.0420209472,0.0017141777,2.6514143028,-0.0220479796,0.2681000000,0.0440838973,-0.1128439689,2.7668308130,0.0956457463,0.4851000000,0.0511174139,0.0134378905,2.3190517976,-0.2088908142,0.4851000000,0.0511174139,0.0134378905,2.3190517976,-0.2088908142
