Instance,INF_avg,INF_sd,INF_r1,INF_kr,INF_sk,SUP_avg,SUP_sd,SUP_r1,SUP_kr,SUP_sk,INC_avg,INC_sd,INC_r1,INC_kr,INC_sk,IND_avg,IND_sd,IND_r1,IND_kr,IND_sk
46,0.2360000000,0.0326190129,-0.6666666667,2.4066086268,-0.5061857103,0.2260000000,0.0241660919,0.6258503401,1.3230437230,0.3877276903,0.5380000000,0.0396988665,0.0055935364,2.3914684738,0.9344459927,0.5380000000,0.0396988665,0.0055935364,2.3914684738,0.9344459927
