Instance,INF_avg,INF_sd,INF_r1,INF_kr,INF_sk,SUP_avg,SUP_sd,SUP_r1,SUP_kr,SUP_sk,INC_avg,INC_sd,INC_r1,INC_kr,INC_sk,IND_avg,IND_sd,IND_r1,IND_kr,IND_sk
426,0.2390000000,0.0406571027,-0.1748836418,2.9910167182,0.4062125779,0.2460000000,0.0421426150,0.0381235636,3.0732286340,0.0269355647,0.5150000000,0.0448664685,0.0602349413,3.2132976191,-0.2889846966,0.5150000000,0.0448664685,0.0602349413,3.2132976191,-0.2889846966
