Instance,INF_avg,INF_sd,INF_r1,INF_kr,INF_sk,SUP_avg,SUP_sd,SUP_r1,SUP_kr,SUP_sk,INC_avg,INC_sd,INC_r1,INC_kr,INC_sk,IND_avg,IND_sd,IND_r1,IND_kr,IND_sk
50,0.2900000000,0.0242899156,-0.2173913043,2.3391266877,0.2826031548,0.2800000000,0.0187082869,-0.2898550725,2.7285714286,1.0308647902,0.4300000000,0.0304959014,-0.6557377049,1.3137356920,0.1480897049,0.4300000000,0.0304959014,-0.6557377049,1.3137356920,0.1480897049
