Instance,INF_avg,INF_sd,INF_r1,INF_kr,INF_sk,SUP_avg,SUP_sd,SUP_r1,SUP_kr,SUP_sk,INC_avg,INC_sd,INC_r1,INC_kr,INC_sk,IND_avg,IND_sd,IND_r1,IND_kr,IND_sk
221,0.3100000000,0.1813835715,-0.2565812566,1.8271911752,0.5550044703,0.3800000000,0.1536229150,0.2963752665,1.4958345303,0.1721141535,0.3100000000,0.1374772708,-0.2599258867,1.8962794995,-0.1801163538,0.3100000000,0.1374772708,-0.2599258867,1.8962794995,-0.1801163538
