Instance,INF_avg,INF_sd,INF_r1,INF_kr,INF_sk,SUP_avg,SUP_sd,SUP_r1,SUP_kr,SUP_sk,INC_avg,INC_sd,INC_r1,INC_kr,INC_sk,IND_avg,IND_sd,IND_r1,IND_kr,IND_sk
142,0.3080000000,0.0674091982,-0.1845332564,4.0927395358,-0.2595040175,0.2864000000,0.0529815062,0.0365994881,1.8357992069,0.1307324515,0.4056000000,0.0738690734,0.1215828893,2.2098267781,0.1825776288,0.4056000000,0.0738690734,0.1215828893,2.2098267781,0.1825776288
