Instance,INF_avg,INF_sd,INF_r1,INF_kr,INF_sk,SUP_avg,SUP_sd,SUP_r1,SUP_kr,SUP_sk,INC_avg,INC_sd,INC_r1,INC_kr,INC_sk,IND_avg,IND_sd,IND_r1,IND_kr,IND_sk
377,0.2800000000,0.1326649916,-0.0730593607,2.2169421488,0.3700366502,0.2800000000,0.0979795897,-0.6666666667,1.1666666667,0.4082482905,0.4400000000,0.1200000000,-0.3358778626,1.3981481481,-0.1111111111,0.4400000000,0.1200000000,-0.3358778626,1.3981481481,-0.1111111111
