Instance,INF_avg,INF_sd,INF_r1,INF_kr,INF_sk,SUP_avg,SUP_sd,SUP_r1,SUP_kr,SUP_sk,INC_avg,INC_sd,INC_r1,INC_kr,INC_sk,IND_avg,IND_sd,IND_r1,IND_kr,IND_sk
474,0.2680000000,0.0376297754,-0.7476383266,3.9915254237,1.1242449429,0.2370000000,0.0200249844,0.2086996761,2.7568049950,0.7890392543,0.4950000000,0.0398120585,-0.5071090047,4.0436764223,-0.8557558171,0.4950000000,0.0398120585,-0.5071090047,4.0436764223,-0.8557558171
