Instance,INF_avg,INF_sd,INF_r1,INF_kr,INF_sk,SUP_avg,SUP_sd,SUP_r1,SUP_kr,SUP_sk,INC_avg,INC_sd,INC_r1,INC_kr,INC_sk,IND_avg,IND_sd,IND_r1,IND_kr,IND_sk
354,0.2820000000,0.1492514657,0.1028502979,3.3166315108,0.5981654458,0.2310000000,0.1339365521,0.0536788925,2.7995811729,0.3212577169,0.4870000000,0.1634961773,0.0536219613,2.5331749146,-0.1751078032,0.4870000000,0.1634961773,0.0536219613,2.5331749146,-0.1751078032
