Instance,INF_avg,INF_sd,INF_r1,INF_kr,INF_sk,SUP_avg,SUP_sd,SUP_r1,SUP_kr,SUP_sk,INC_avg,INC_sd,INC_r1,INC_kr,INC_sk,IND_avg,IND_sd,IND_r1,IND_kr,IND_sk
76,0.2346000000,0.0712659807,0.0957254781,2.8049913004,0.2390248028,0.2314000000,0.0841548573,0.1782893213,3.4780598888,0.6578532538,0.5340000000,0.0853463532,0.1073464375,3.1922093243,0.1463944676,0.5340000000,0.0853463532,0.1073464375,3.1922093243,0.1463944676
