Instance,INF_avg,INF_sd,INF_r1,INF_kr,INF_sk,SUP_avg,SUP_sd,SUP_r1,SUP_kr,SUP_sk,INC_avg,INC_sd,INC_r1,INC_kr,INC_sk,IND_avg,IND_sd,IND_r1,IND_kr,IND_sk
321,0.2200000000,0.1248999600,-0.7313915858,2.0295857988,-0.0739053018,0.3100000000,0.1044030651,-0.2764003673,2.1594983587,-0.7275964809,0.4700000000,0.1486606875,-0.9416970328,1.7275854303,0.3396845421,0.4700000000,0.1486606875,-0.9416970328,1.7275854303,0.3396845421
