Instance,INF_avg,INF_sd,INF_r1,INF_kr,INF_sk,SUP_avg,SUP_sd,SUP_r1,SUP_kr,SUP_sk,INC_avg,INC_sd,INC_r1,INC_kr,INC_sk,IND_avg,IND_sd,IND_r1,IND_kr,IND_sk
307,0.2600000000,0.0489897949,-0.6666666667,1.1666666667,-0.4082482905,0.2900000000,0.1319090596,0.5920745921,2.1575505351,0.2169728883,0.4500000000,0.1140175425,0.4705882353,1.4349112426,0.0000000000,0.4500000000,0.1140175425,0.4705882353,1.4349112426,0.0000000000
