Instance,INF_avg,INF_sd,INF_r1,INF_kr,INF_sk,SUP_avg,SUP_sd,SUP_r1,SUP_kr,SUP_sk,INC_avg,INC_sd,INC_r1,INC_kr,INC_sk,IND_avg,IND_sd,IND_r1,IND_kr,IND_sk
22,0.2700000000,0.0178885438,-0.5714285714,1.9531250000,0.6288941187,0.2440000000,0.0349857114,-0.8636056718,1.3717160067,0.1972794182,0.4860000000,0.0287054002,-0.4492753623,1.3206239985,0.2009026265,0.4860000000,0.0287054002,-0.4492753623,1.3206239985,0.2009026265
