Instance,INF_avg,INF_sd,INF_r1,INF_kr,INF_sk,SUP_avg,SUP_sd,SUP_r1,SUP_kr,SUP_sk,INC_avg,INC_sd,INC_r1,INC_kr,INC_sk,IND_avg,IND_sd,IND_r1,IND_kr,IND_sk
77,0.2150000000,0.0895823643,-0.5034260379,2.1329082598,-0.3505362846,0.2400000000,0.0943398113,0.0767230169,1.8541850776,0.2894151515,0.5450000000,0.1273773920,-0.0124724872,3.0913910461,0.0754827198,0.5450000000,0.1273773920,-0.0124724872,3.0913910461,0.0754827198
