Instance,INF_avg,INF_sd,INF_r1,INF_kr,INF_sk,SUP_avg,SUP_sd,SUP_r1,SUP_kr,SUP_sk,INC_avg,INC_sd,INC_r1,INC_kr,INC_sk,IND_avg,IND_sd,IND_r1,IND_kr,IND_sk
328,0.2733000000,0.0391102288,0.4756047760,3.3785721166,0.1135997674,0.2107000000,0.0410488733,0.5115624449,2.5005601460,0.2945539281,0.5160000000,0.0404722127,0.0811678796,2.8294321673,-0.3868027188,0.5160000000,0.0404722127,0.0811678796,2.8294321673,-0.3868027188
