Instance,INF_avg,INF_sd,INF_r1,INF_kr,INF_sk,SUP_avg,SUP_sd,SUP_r1,SUP_kr,SUP_sk,INC_avg,INC_sd,INC_r1,INC_kr,INC_sk,IND_avg,IND_sd,IND_r1,IND_kr,IND_sk
175,0.2320000000,0.0345832329,-0.1788936838,1.8058746546,0.0487409240,0.2480000000,0.0394461658,0.2663779101,1.3698495252,-0.2811420085,0.5200000000,0.0495983871,-0.1928934010,2.6740035693,-0.6196110223,0.5200000000,0.0495983871,-0.1928934010,2.6740035693,-0.6196110223
