Instance,INF_avg,INF_sd,INF_r1,INF_kr,INF_sk,SUP_avg,SUP_sd,SUP_r1,SUP_kr,SUP_sk,INC_avg,INC_sd,INC_r1,INC_kr,INC_sk,IND_avg,IND_sd,IND_r1,IND_kr,IND_sk
285,0.2280000000,0.0787908624,0.4036433866,2.7496944415,0.2465093009,0.2712000000,0.0710672921,0.4382969447,2.8790644904,0.1469264521,0.5008000000,0.0648641658,0.1621744320,2.8574105531,-0.2996559525,0.5008000000,0.0648641658,0.1621744320,2.8574105531,-0.2996559525
