Instance,INF_avg,INF_sd,INF_r1,INF_kr,INF_sk,SUP_avg,SUP_sd,SUP_r1,SUP_kr,SUP_sk,INC_avg,INC_sd,INC_r1,INC_kr,INC_sk,IND_avg,IND_sd,IND_r1,IND_kr,IND_sk
468,0.3400000000,0.1854723699,-0.0245901639,2.4826933478,-0.9704949588,0.2600000000,0.1356465997,0.6132596685,1.2296786389,-0.2115471545,0.4000000000,0.2000000000,0.2727272727,2.0500000000,-0.0000000000,0.4000000000,0.2000000000,0.2727272727,2.0500000000,-0.0000000000
