Instance,INF_avg,INF_sd,INF_r1,INF_kr,INF_sk,SUP_avg,SUP_sd,SUP_r1,SUP_kr,SUP_sk,INC_avg,INC_sd,INC_r1,INC_kr,INC_sk,IND_avg,IND_sd,IND_r1,IND_kr,IND_sk
291,0.3000000000,0.1080123450,0.0880503145,2.8316326531,0.2149225232,0.1888888889,0.1099943882,0.3525779562,2.8726897647,0.5806444441,0.5111111111,0.1253390464,0.1938166895,2.8551881458,-0.2102134947,0.5111111111,0.1253390464,0.1938166895,2.8551881458,-0.2102134947
