Instance,INF_avg,INF_sd,INF_r1,INF_kr,INF_sk,SUP_avg,SUP_sd,SUP_r1,SUP_kr,SUP_sk,INC_avg,INC_sd,INC_r1,INC_kr,INC_sk,IND_avg,IND_sd,IND_r1,IND_kr,IND_sk
25,0.2505000000,0.0176705970,0.3954375922,1.9523686203,-0.4088701680,0.2325000000,0.0212426458,-1.1565836299,4.1662126595,1.3574846273,0.5170000000,0.0251197134,-0.6231532079,3.5241196400,0.8520845809,0.5170000000,0.0251197134,-0.6231532079,3.5241196400,0.8520845809
