Instance,INF_avg,INF_sd,INF_r1,INF_kr,INF_sk,SUP_avg,SUP_sd,SUP_r1,SUP_kr,SUP_sk,INC_avg,INC_sd,INC_r1,INC_kr,INC_sk,IND_avg,IND_sd,IND_r1,IND_kr,IND_sk
469,0.3060000000,0.0185472370,-0.8867924528,2.9694429421,-1.2864700617,0.1880000000,0.0318747549,0.0208877285,1.4415338831,-0.4846725550,0.5060000000,0.0300665928,0.3987049029,1.2397603571,-0.2754946631,0.5060000000,0.0300665928,0.3987049029,1.2397603571,-0.2754946631
