Instance,INF_avg,INF_sd,INF_r1,INF_kr,INF_sk,SUP_avg,SUP_sd,SUP_r1,SUP_kr,SUP_sk,INC_avg,INC_sd,INC_r1,INC_kr,INC_sk,IND_avg,IND_sd,IND_r1,IND_kr,IND_sk
321,0.2472000000,0.0324986154,-0.0116244181,2.9487646719,0.3296172501,0.2638000000,0.0405778265,-0.0092938735,2.0316354761,-0.2933622753,0.4890000000,0.0425205833,0.1654383796,3.0597039216,-0.5076926921,0.4890000000,0.0425205833,0.1654383796,3.0597039216,-0.5076926921
