Instance,INF_avg,INF_sd,INF_r1,INF_kr,INF_sk,SUP_avg,SUP_sd,SUP_r1,SUP_kr,SUP_sk,INC_avg,INC_sd,INC_r1,INC_kr,INC_sk,IND_avg,IND_sd,IND_r1,IND_kr,IND_sk
261,0.2600000000,0.1280624847,-0.0723192020,2.0267697799,0.4913759825,0.2700000000,0.1004987562,0.3028095734,1.7544358396,0.0354666721,0.4700000000,0.1187434209,0.2425463336,1.4514863437,-0.1218432567,0.4700000000,0.1187434209,0.2425463336,1.4514863437,-0.1218432567
