Instance,INF_avg,INF_sd,INF_r1,INF_kr,INF_sk,SUP_avg,SUP_sd,SUP_r1,SUP_kr,SUP_sk,INC_avg,INC_sd,INC_r1,INC_kr,INC_sk,IND_avg,IND_sd,IND_r1,IND_kr,IND_sk
327,0.2600000000,0.1624807681,-0.1388684791,2.5303030303,0.4364152862,0.3080000000,0.1741723285,0.1190486844,2.4745500187,0.4677456813,0.4320000000,0.1462053351,-0.2573117514,2.0857304851,0.1264319796,0.4320000000,0.1462053351,-0.2573117514,2.0857304851,0.1264319796
