Instance,INF_avg,INF_sd,INF_r1,INF_kr,INF_sk,SUP_avg,SUP_sd,SUP_r1,SUP_kr,SUP_sk,INC_avg,INC_sd,INC_r1,INC_kr,INC_sk,IND_avg,IND_sd,IND_r1,IND_kr,IND_sk
331,0.2590000000,0.1056834897,0.0018687195,2.8065127743,0.1314899821,0.2370000000,0.0887749965,0.1284822894,2.3550416654,0.2244825263,0.5040000000,0.1148216008,-0.0020205703,3.1239393035,-0.0830831924,0.5040000000,0.1148216008,-0.0020205703,3.1239393035,-0.0830831924
