Instance,INF_avg,INF_sd,INF_r1,INF_kr,INF_sk,SUP_avg,SUP_sd,SUP_r1,SUP_kr,SUP_sk,INC_avg,INC_sd,INC_r1,INC_kr,INC_sk,IND_avg,IND_sd,IND_r1,IND_kr,IND_sk
300,0.2600000000,0.0700000000,-0.1453744493,1.8521449396,-0.3586005831,0.3100000000,0.1640121947,0.0735694823,3.6506819972,1.0464812576,0.4300000000,0.1345362405,-0.1341222880,2.6667989378,-0.3412582517,0.4300000000,0.1345362405,-0.1341222880,2.6667989378,-0.3412582517
