Instance,INF_avg,INF_sd,INF_r1,INF_kr,INF_sk,SUP_avg,SUP_sd,SUP_r1,SUP_kr,SUP_sk,INC_avg,INC_sd,INC_r1,INC_kr,INC_sk,IND_avg,IND_sd,IND_r1,IND_kr,IND_sk
160,0.3092000000,0.0439472411,0.2090297733,2.6708560727,-0.0467049958,0.3134000000,0.0477748888,0.0012676576,3.3467140150,0.1700224138,0.3774000000,0.0519542106,0.1566028706,2.6099884983,0.0876491811,0.3774000000,0.0519542106,0.1566028706,2.6099884983,0.0876491811
