Instance,INF_avg,INF_sd,INF_r1,INF_kr,INF_sk,SUP_avg,SUP_sd,SUP_r1,SUP_kr,SUP_sk,INC_avg,INC_sd,INC_r1,INC_kr,INC_sk,IND_avg,IND_sd,IND_r1,IND_kr,IND_sk
4,0.2920000000,0.0489489530,0.5481468946,2.0720315718,-0.6274125068,0.2230000000,0.0477598157,0.4306788569,2.0662113362,0.3758394299,0.4850000000,0.0229128785,-0.0717703349,2.6326530612,0.0748175624,0.4850000000,0.0229128785,-0.0717703349,2.6326530612,0.0748175624
