Instance,INF_avg,INF_sd,INF_r1,INF_kr,INF_sk,SUP_avg,SUP_sd,SUP_r1,SUP_kr,SUP_sk,INC_avg,INC_sd,INC_r1,INC_kr,INC_sk,IND_avg,IND_sd,IND_r1,IND_kr,IND_sk
379,0.2562000000,0.0319305496,-0.0286459776,2.7947945845,0.0954644566,0.2443000000,0.0308384500,-0.1812738888,2.4760168284,0.0276177371,0.4995000000,0.0317372021,0.1073671252,4.2989330703,0.4851364214,0.4995000000,0.0317372021,0.1073671252,4.2989330703,0.4851364214
