Instance,INF_avg,INF_sd,INF_r1,INF_kr,INF_sk,SUP_avg,SUP_sd,SUP_r1,SUP_kr,SUP_sk,INC_avg,INC_sd,INC_r1,INC_kr,INC_sk,IND_avg,IND_sd,IND_r1,IND_kr,IND_sk
206,0.2800000000,0.1637070554,0.0223295112,2.7723323680,0.4321516166,0.2080000000,0.1339253523,-0.1844507511,2.7305547089,0.5033227133,0.5120000000,0.1491844496,-0.2043255058,2.7161138075,0.3725792731,0.5120000000,0.1491844496,-0.2043255058,2.7161138075,0.3725792731
