Instance,INF_avg,INF_sd,INF_r1,INF_kr,INF_sk,SUP_avg,SUP_sd,SUP_r1,SUP_kr,SUP_sk,INC_avg,INC_sd,INC_r1,INC_kr,INC_sk,IND_avg,IND_sd,IND_r1,IND_kr,IND_sk
184,0.2388888889,0.1208253509,-0.0791085625,1.9600185939,-0.2115276672,0.2277777778,0.1366485986,-0.4385926811,1.9968717984,0.2744433244,0.5333333333,0.1414213562,-0.1812500000,2.3148148148,-0.1309457002,0.5333333333,0.1414213562,-0.1812500000,2.3148148148,-0.1309457002
