Instance,INF_avg,INF_sd,INF_r1,INF_kr,INF_sk,SUP_avg,SUP_sd,SUP_r1,SUP_kr,SUP_sk,INC_avg,INC_sd,INC_r1,INC_kr,INC_sk,IND_avg,IND_sd,IND_r1,IND_kr,IND_sk
476,0.2396000000,0.0535895512,-0.0084558794,3.4017576422,-0.3466765054,0.3056000000,0.0628700247,0.3554676746,3.1732860068,0.0346878982,0.4548000000,0.0642258515,0.0563818386,2.5722214626,0.3551516056,0.4548000000,0.0642258515,0.0563818386,2.5722214626,0.3551516056
