Instance,INF_avg,INF_sd,INF_r1,INF_kr,INF_sk,SUP_avg,SUP_sd,SUP_r1,SUP_kr,SUP_sk,INC_avg,INC_sd,INC_r1,INC_kr,INC_sk,IND_avg,IND_sd,IND_r1,IND_kr,IND_sk
218,0.2840000000,0.0412795349,-0.0773220179,2.4627058123,0.0723340392,0.2400000000,0.0469041576,-0.2178217822,2.8570247934,-1.2210586482,0.4760000000,0.0320000000,-1.0292887029,1.4189453125,0.0351562500,0.4760000000,0.0320000000,-1.0292887029,1.4189453125,0.0351562500
