Instance,INF_avg,INF_sd,INF_r1,INF_kr,INF_sk,SUP_avg,SUP_sd,SUP_r1,SUP_kr,SUP_sk,INC_avg,INC_sd,INC_r1,INC_kr,INC_sk,IND_avg,IND_sd,IND_r1,IND_kr,IND_sk
79,0.2806000000,0.0632743234,0.0109094371,3.4252078011,0.2661898221,0.2544000000,0.0768416554,0.3023067359,2.7585798981,0.1463749219,0.4650000000,0.0800687205,0.2942100098,3.0467912142,0.1940892425,0.4650000000,0.0800687205,0.2942100098,3.0467912142,0.1940892425
