Instance,INF_avg,INF_sd,INF_r1,INF_kr,INF_sk,SUP_avg,SUP_sd,SUP_r1,SUP_kr,SUP_sk,INC_avg,INC_sd,INC_r1,INC_kr,INC_sk,IND_avg,IND_sd,IND_r1,IND_kr,IND_sk
136,0.2544000000,0.0572069926,0.0593450707,2.7712997245,0.2749521822,0.3144000000,0.0564326147,0.1973082748,2.7906253372,-0.3668112969,0.4312000000,0.0617297335,-0.2438174053,2.3178246300,0.0891073188,0.4312000000,0.0617297335,-0.2438174053,2.3178246300,0.0891073188
