Instance,INF_avg,INF_sd,INF_r1,INF_kr,INF_sk,SUP_avg,SUP_sd,SUP_r1,SUP_kr,SUP_sk,INC_avg,INC_sd,INC_r1,INC_kr,INC_sk,IND_avg,IND_sd,IND_r1,IND_kr,IND_sk
275,0.2632000000,0.0461059649,-0.1037703206,3.4304918582,0.4656650896,0.2284000000,0.0398677815,-0.0750732608,2.3094915064,-0.1130957990,0.5084000000,0.0483056932,-0.2250829995,3.8912804563,0.2789659694,0.5084000000,0.0483056932,-0.2250829995,3.8912804563,0.2789659694
