Instance,INF_avg,INF_sd,INF_r1,INF_kr,INF_sk,SUP_avg,SUP_sd,SUP_r1,SUP_kr,SUP_sk,INC_avg,INC_sd,INC_r1,INC_kr,INC_sk,IND_avg,IND_sd,IND_r1,IND_kr,IND_sk
279,0.2520000000,0.0391918359,-0.3972134595,3.0496012370,-0.4190126497,0.2580000000,0.0451220567,-0.2720650042,1.9955419348,-0.4177274789,0.4900000000,0.0447213595,-0.4705882353,2.3210000000,0.5165317028,0.4900000000,0.0447213595,-0.4705882353,2.3210000000,0.5165317028
