Instance,INF_avg,INF_sd,INF_r1,INF_kr,INF_sk,SUP_avg,SUP_sd,SUP_r1,SUP_kr,SUP_sk,INC_avg,INC_sd,INC_r1,INC_kr,INC_sk,IND_avg,IND_sd,IND_r1,IND_kr,IND_sk
352,0.2250000000,0.0873212460,0.1404958678,2.5651706531,0.6758537716,0.3200000000,0.1077032961,-0.3640510949,2.6666171225,0.8572401172,0.4550000000,0.1059481005,0.0112153811,2.1393594278,0.4994671391,0.4550000000,0.1059481005,0.0112153811,2.1393594278,0.4994671391
