Instance,INF_avg,INF_sd,INF_r1,INF_kr,INF_sk,SUP_avg,SUP_sd,SUP_r1,SUP_kr,SUP_sk,INC_avg,INC_sd,INC_r1,INC_kr,INC_sk,IND_avg,IND_sd,IND_r1,IND_kr,IND_sk
166,0.2425500000,0.0368476254,0.2636344143,2.9517285035,-0.2708307353,0.2381000000,0.0328007622,0.2249820742,2.7901423267,0.1758126916,0.5193500000,0.0424361579,0.3272644814,2.4001373397,-0.0861599647,0.5193500000,0.0424361579,0.3272644814,2.4001373397,-0.0861599647
