Instance,INF_avg,INF_sd,INF_r1,INF_kr,INF_sk,SUP_avg,SUP_sd,SUP_r1,SUP_kr,SUP_sk,INC_avg,INC_sd,INC_r1,INC_kr,INC_sk,IND_avg,IND_sd,IND_r1,IND_kr,IND_sk
348,0.2810000000,0.0512737750,-0.0423207334,3.6314352843,-1.0459147091,0.2440000000,0.0558927544,-0.7158056659,2.7352027425,0.5397660999,0.4750000000,0.0623297682,-0.1556175855,2.1025079133,0.0681392595,0.4750000000,0.0623297682,-0.1556175855,2.1025079133,0.0681392595
