Instance,INF_avg,INF_sd,INF_r1,INF_kr,INF_sk,SUP_avg,SUP_sd,SUP_r1,SUP_kr,SUP_sk,INC_avg,INC_sd,INC_r1,INC_kr,INC_sk,IND_avg,IND_sd,IND_r1,IND_kr,IND_sk
327,0.2453000000,0.0322631369,0.2954585696,3.0979546429,0.4013383335,0.2510500000,0.0319319198,0.1828876317,2.7573020454,0.3501519380,0.5036500000,0.0342626254,0.1455264650,3.5552266377,-0.1548134926,0.5036500000,0.0342626254,0.1455264650,3.5552266377,-0.1548134926
