Instance,INF_avg,INF_sd,INF_r1,INF_kr,INF_sk,SUP_avg,SUP_sd,SUP_r1,SUP_kr,SUP_sk,INC_avg,INC_sd,INC_r1,INC_kr,INC_sk,IND_avg,IND_sd,IND_r1,IND_kr,IND_sk
322,0.2552000000,0.0599413046,0.0881166527,2.5219809020,0.4190490539,0.2336000000,0.0559199428,0.0308258435,2.7753015164,0.3411871331,0.5112000000,0.0717952645,0.0405090626,2.9090792909,-0.5634513863,0.5112000000,0.0717952645,0.0405090626,2.9090792909,-0.5634513863
