Instance,INF_avg,INF_sd,INF_r1,INF_kr,INF_sk,SUP_avg,SUP_sd,SUP_r1,SUP_kr,SUP_sk,INC_avg,INC_sd,INC_r1,INC_kr,INC_sk,IND_avg,IND_sd,IND_r1,IND_kr,IND_sk
406,0.2280000000,0.0435430821,0.0207062225,2.9800779790,0.1689000875,0.2844000000,0.0467829029,0.1950243349,3.2854614397,0.3196061135,0.4876000000,0.0497015090,0.1369544209,2.7611960849,-0.1194094003,0.4876000000,0.0497015090,0.1369544209,2.7611960849,-0.1194094003
