Instance,INF_avg,INF_sd,INF_r1,INF_kr,INF_sk,SUP_avg,SUP_sd,SUP_r1,SUP_kr,SUP_sk,INC_avg,INC_sd,INC_r1,INC_kr,INC_sk,IND_avg,IND_sd,IND_r1,IND_kr,IND_sk
273,0.2440000000,0.0152970585,-0.8771043771,1.7145518299,-0.3553557320,0.2810000000,0.0146287388,0.7842639594,2.2264389903,-0.8682180139,0.4750000000,0.0268328157,-0.3636363636,2.7314814815,0.9938079900,0.4750000000,0.0268328157,-0.3636363636,2.7314814815,0.9938079900
