Instance,INF_avg,INF_sd,INF_r1,INF_kr,INF_sk,SUP_avg,SUP_sd,SUP_r1,SUP_kr,SUP_sk,INC_avg,INC_sd,INC_r1,INC_kr,INC_sk,IND_avg,IND_sd,IND_r1,IND_kr,IND_sk
161,0.3333333333,0.1699673171,-0.3511450382,1.8195266272,0.2866312744,0.1500000000,0.1258305739,0.1034482759,2.9501385042,1.0038561022,0.5166666667,0.1674979270,-0.1206611570,1.4219194197,-0.2640296703,0.5166666667,0.1674979270,-0.1206611570,1.4219194197,-0.2640296703
