Instance,INF_avg,INF_sd,INF_r1,INF_kr,INF_sk,SUP_avg,SUP_sd,SUP_r1,SUP_kr,SUP_sk,INC_avg,INC_sd,INC_r1,INC_kr,INC_sk,IND_avg,IND_sd,IND_r1,IND_kr,IND_sk
505,0.1920000000,0.0370944740,0.1939890710,2.4826933478,0.9704949588,0.2920000000,0.0640000000,0.0676632573,2.4763793945,0.3647460938,0.5160000000,0.0823650411,0.2321160580,1.4727883588,-0.2522136166,0.5160000000,0.0823650411,0.2321160580,1.4727883588,-0.2522136166
