Instance,INF_avg,INF_sd,INF_r1,INF_kr,INF_sk,SUP_avg,SUP_sd,SUP_r1,SUP_kr,SUP_sk,INC_avg,INC_sd,INC_r1,INC_kr,INC_sk,IND_avg,IND_sd,IND_r1,IND_kr,IND_sk
273,0.2150000000,0.1030776406,-0.0227218823,3.9522380623,0.5944120166,0.2500000000,0.0905538514,-0.0429447853,2.7810826889,0.1414062224,0.5350000000,0.1030776406,-0.1577626562,2.8520581315,-0.0876552282,0.5350000000,0.1030776406,-0.1577626562,2.8520581315,-0.0876552282
