Instance,INF_avg,INF_sd,INF_r1,INF_kr,INF_sk,SUP_avg,SUP_sd,SUP_r1,SUP_kr,SUP_sk,INC_avg,INC_sd,INC_r1,INC_kr,INC_sk,IND_avg,IND_sd,IND_r1,IND_kr,IND_sk
273,0.3108860759,0.0899956381,0.3566239894,2.5191316433,0.2515013768,0.1316455696,0.0611789320,0.5870866549,2.9761499832,0.4904947727,0.5574683544,0.0763315280,0.0603125866,2.4329821524,0.3759559845,0.5574683544,0.0763315280,0.0603125866,2.4329821524,0.3759559845
