Instance,INF_avg,INF_sd,INF_r1,INF_kr,INF_sk,SUP_avg,SUP_sd,SUP_r1,SUP_kr,SUP_sk,INC_avg,INC_sd,INC_r1,INC_kr,INC_sk,IND_avg,IND_sd,IND_r1,IND_kr,IND_sk
251,0.2808000000,0.0549850889,0.1231370172,2.6701302678,0.1517292272,0.2356000000,0.0586910555,-0.0307342407,2.6836564639,-0.1015265021,0.4836000000,0.0656280428,-0.0710044026,3.2355050590,-0.0543499130,0.4836000000,0.0656280428,-0.0710044026,3.2355050590,-0.0543499130
