Instance,INF_avg,INF_sd,INF_r1,INF_kr,INF_sk,SUP_avg,SUP_sd,SUP_r1,SUP_kr,SUP_sk,INC_avg,INC_sd,INC_r1,INC_kr,INC_sk,IND_avg,IND_sd,IND_r1,IND_kr,IND_sk
223,0.2400000000,0.1562049935,0.2811158798,1.7433485622,0.1070472275,0.1600000000,0.0916515139,-0.2864077670,2.1020408163,0.0935219530,0.6000000000,0.1264911064,-0.0000000000,2.0312500000,-0.2964635306,0.6000000000,0.1264911064,-0.0000000000,2.0312500000,-0.2964635306
