Instance,INF_avg,INF_sd,INF_r1,INF_kr,INF_sk,SUP_avg,SUP_sd,SUP_r1,SUP_kr,SUP_sk,INC_avg,INC_sd,INC_r1,INC_kr,INC_sk,IND_avg,IND_sd,IND_r1,IND_kr,IND_sk
481,0.2300000000,0.0094868330,-0.5714285714,1.7592592593,0.3513641845,0.2930000000,0.0240000000,-0.3396057348,2.2146629051,0.7243923611,0.4770000000,0.0169115345,0.0147783251,2.8309697296,-1.0904131386,0.4770000000,0.0169115345,0.0147783251,2.8309697296,-1.0904131386
