Instance,INF_avg,INF_sd,INF_r1,INF_kr,INF_sk,SUP_avg,SUP_sd,SUP_r1,SUP_kr,SUP_sk,INC_avg,INC_sd,INC_r1,INC_kr,INC_sk,IND_avg,IND_sd,IND_r1,IND_kr,IND_sk
465,0.2324000000,0.0420742201,0.0833345523,2.5549044761,0.4312542314,0.2492000000,0.0269696125,0.0498149020,3.7838702734,0.0359988670,0.5184000000,0.0439708995,0.0358510329,2.6734704963,-0.2653104342,0.5184000000,0.0439708995,0.0358510329,2.6734704963,-0.2653104342
