Instance,INF_avg,INF_sd,INF_r1,INF_kr,INF_sk,SUP_avg,SUP_sd,SUP_r1,SUP_kr,SUP_sk,INC_avg,INC_sd,INC_r1,INC_kr,INC_sk,IND_avg,IND_sd,IND_r1,IND_kr,IND_sk
319,0.3200000000,0.1939071943,-0.4096916300,1.5439112721,0.0460847791,0.2000000000,0.0894427191,-0.2500000000,1.2500000000,-0.0000000000,0.4800000000,0.1166190379,-0.5259740260,1.6280276817,-0.3631734744,0.4800000000,0.1166190379,-0.5259740260,1.6280276817,-0.3631734744
