Instance,INF_avg,INF_sd,INF_r1,INF_kr,INF_sk,SUP_avg,SUP_sd,SUP_r1,SUP_kr,SUP_sk,INC_avg,INC_sd,INC_r1,INC_kr,INC_sk,IND_avg,IND_sd,IND_r1,IND_kr,IND_sk
44,0.2450000000,0.0283725219,-0.6363636364,1.7462675051,-0.0656746003,0.2900000000,0.0485798312,-0.3838862559,1.9254524562,0.1570017527,0.4650000000,0.0307408523,0.0878186969,3.8594944150,-1.2392381879,0.4650000000,0.0307408523,0.0878186969,3.8594944150,-1.2392381879
