Instance,INF_avg,INF_sd,INF_r1,INF_kr,INF_sk,SUP_avg,SUP_sd,SUP_r1,SUP_kr,SUP_sk,INC_avg,INC_sd,INC_r1,INC_kr,INC_sk,IND_avg,IND_sd,IND_r1,IND_kr,IND_sk
331,0.2307692308,0.0991084517,-0.1288515406,2.0658295834,0.3029792414,0.3384615385,0.1388882314,-0.0616854909,3.9110053069,-0.5361799803,0.4307692308,0.1487621508,0.2122752150,3.6427550116,0.8660527514,0.4307692308,0.1487621508,0.2122752150,3.6427550116,0.8660527514
