Instance,INF_avg,INF_sd,INF_r1,INF_kr,INF_sk,SUP_avg,SUP_sd,SUP_r1,SUP_kr,SUP_sk,INC_avg,INC_sd,INC_r1,INC_kr,INC_sk,IND_avg,IND_sd,IND_r1,IND_kr,IND_sk
493,0.2640000000,0.1104717158,0.2271429332,2.4304615699,0.2334139907,0.2430000000,0.1046470258,-0.0019224235,2.9023017342,0.2969608155,0.4930000000,0.1191679487,0.1942371232,2.6851866446,0.1439244925,0.4930000000,0.1191679487,0.1942371232,2.6851866446,0.1439244925
