Instance,INF_avg,INF_sd,INF_r1,INF_kr,INF_sk,SUP_avg,SUP_sd,SUP_r1,SUP_kr,SUP_sk,INC_avg,INC_sd,INC_r1,INC_kr,INC_sk,IND_avg,IND_sd,IND_r1,IND_kr,IND_sk
129,0.2600000000,0.1019803903,-0.0742187500,1.9556213018,-0.2715454179,0.2500000000,0.1431782106,-0.3333333333,2.2278405711,0.1022093116,0.4900000000,0.1220655562,0.2755004766,1.7790640061,0.1913373881,0.4900000000,0.1220655562,0.2755004766,1.7790640061,0.1913373881
