Instance,INF_avg,INF_sd,INF_r1,INF_kr,INF_sk,SUP_avg,SUP_sd,SUP_r1,SUP_kr,SUP_sk,INC_avg,INC_sd,INC_r1,INC_kr,INC_sk,IND_avg,IND_sd,IND_r1,IND_kr,IND_sk
138,0.3240000000,0.0542586399,-0.0500544070,2.8158081285,-1.2332237528,0.2080000000,0.0515363949,0.1057441253,1.5489185658,-0.0252482701,0.4680000000,0.0324961536,-0.3701067616,1.4421487603,-0.3804646085,0.4680000000,0.0324961536,-0.3701067616,1.4421487603,-0.3804646085
