Instance,INF_avg,INF_sd,INF_r1,INF_kr,INF_sk,SUP_avg,SUP_sd,SUP_r1,SUP_kr,SUP_sk,INC_avg,INC_sd,INC_r1,INC_kr,INC_sk,IND_avg,IND_sd,IND_r1,IND_kr,IND_sk
154,0.2220000000,0.0136381817,-0.6996699670,1.9991328477,-0.3642525115,0.2450000000,0.0375499667,-0.0329670330,1.6700618681,0.1133241790,0.5330000000,0.0390640500,-0.4766878595,1.6768850626,-0.5969629447,0.5330000000,0.0390640500,-0.4766878595,1.6768850626,-0.5969629447
