Instance,INF_avg,INF_sd,INF_r1,INF_kr,INF_sk,SUP_avg,SUP_sd,SUP_r1,SUP_kr,SUP_sk,INC_avg,INC_sd,INC_r1,INC_kr,INC_sk,IND_avg,IND_sd,IND_r1,IND_kr,IND_sk
122,0.2410000000,0.0920271699,-0.1441123976,2.7285249486,0.2654578048,0.2390000000,0.1021224755,-0.1240957900,2.7893444765,0.0873097824,0.5200000000,0.1157583690,-0.2119124177,2.7224326131,-0.0174063041,0.5200000000,0.1157583690,-0.2119124177,2.7224326131,-0.0174063041
