Instance,INF_avg,INF_sd,INF_r1,INF_kr,INF_sk,SUP_avg,SUP_sd,SUP_r1,SUP_kr,SUP_sk,INC_avg,INC_sd,INC_r1,INC_kr,INC_sk,IND_avg,IND_sd,IND_r1,IND_kr,IND_sk
407,0.2565000000,0.0248042335,0.1088912082,1.4784291180,0.3220996604,0.2085000000,0.0409298180,0.3345781701,2.3330592932,0.6169743748,0.5350000000,0.0413521463,0.2661764706,2.6231148046,-0.7042634943,0.5350000000,0.0413521463,0.2661764706,2.6231148046,-0.7042634943
