Instance,INF_avg,INF_sd,INF_r1,INF_kr,INF_sk,SUP_avg,SUP_sd,SUP_r1,SUP_kr,SUP_sk,INC_avg,INC_sd,INC_r1,INC_kr,INC_sk,IND_avg,IND_sd,IND_r1,IND_kr,IND_sk
166,0.3804444444,0.1123082179,0.8377827975,2.7900739823,0.1448770370,0.1266666667,0.0767101326,0.6837591567,2.3565639233,0.5361468410,0.4928888889,0.0627029052,0.2099829676,2.8018866867,-0.2020457411,0.4928888889,0.0627029052,0.2099829676,2.8018866867,-0.2020457411
