Instance,INF_avg,INF_sd,INF_r1,INF_kr,INF_sk,SUP_avg,SUP_sd,SUP_r1,SUP_kr,SUP_sk,INC_avg,INC_sd,INC_r1,INC_kr,INC_sk,IND_avg,IND_sd,IND_r1,IND_kr,IND_sk
150,0.2320000000,0.0392937654,-0.2596019553,3.1699106016,-0.6064324784,0.2700000000,0.0349857114,0.1442953020,3.8655004485,0.4595713720,0.4980000000,0.0528015151,0.0224306421,3.0041333117,0.2509058039,0.4980000000,0.0528015151,0.0224306421,3.0041333117,0.2509058039
