Instance,INF_avg,INF_sd,INF_r1,INF_kr,INF_sk,SUP_avg,SUP_sd,SUP_r1,SUP_kr,SUP_sk,INC_avg,INC_sd,INC_r1,INC_kr,INC_sk,IND_avg,IND_sd,IND_r1,IND_kr,IND_sk
258,0.4052061856,0.0927915231,0.8774183346,2.3145120735,0.0976738232,0.0835567010,0.0679104882,0.9099531099,3.0819513797,0.9455932966,0.5112371134,0.0462792450,0.3991302498,3.1045692448,-0.5847595591,0.5112371134,0.0462792450,0.3991302498,3.1045692448,-0.5847595591
