Instance,INF_avg,INF_sd,INF_r1,INF_kr,INF_sk,SUP_avg,SUP_sd,SUP_r1,SUP_kr,SUP_sk,INC_avg,INC_sd,INC_r1,INC_kr,INC_sk,IND_avg,IND_sd,IND_r1,IND_kr,IND_sk
182,0.2780000000,0.0706823882,-0.2273963834,3.5769829635,-0.4610663597,0.2180000000,0.0554616985,0.1457484558,3.4084374857,0.5537156964,0.5040000000,0.0747261668,0.2696267696,3.6620963703,0.9244066287,0.5040000000,0.0747261668,0.2696267696,3.6620963703,0.9244066287
