Instance,INF_avg,INF_sd,INF_r1,INF_kr,INF_sk,SUP_avg,SUP_sd,SUP_r1,SUP_kr,SUP_sk,INC_avg,INC_sd,INC_r1,INC_kr,INC_sk,IND_avg,IND_sd,IND_r1,IND_kr,IND_sk
118,0.2450000000,0.1035615759,-0.2401055409,2.4102075081,0.2012248333,0.2350000000,0.0807774721,0.1396968456,1.6109129343,-0.2191347286,0.5200000000,0.1029563014,-0.1408296943,3.0831256675,0.6927284075,0.5200000000,0.1029563014,-0.1408296943,3.0831256675,0.6927284075
