Instance,INF_avg,INF_sd,INF_r1,INF_kr,INF_sk,SUP_avg,SUP_sd,SUP_r1,SUP_kr,SUP_sk,INC_avg,INC_sd,INC_r1,INC_kr,INC_sk,IND_avg,IND_sd,IND_r1,IND_kr,IND_sk
263,0.2570000000,0.0273130006,0.0699747437,2.7751259622,0.5332875680,0.2575000000,0.0327299557,-0.2161042037,1.5180700089,0.2620360835,0.4855000000,0.0404011138,-0.2565835154,2.7880505841,-0.6078727936,0.4855000000,0.0404011138,-0.2565835154,2.7880505841,-0.6078727936
