Instance,INF_avg,INF_sd,INF_r1,INF_kr,INF_sk,SUP_avg,SUP_sd,SUP_r1,SUP_kr,SUP_sk,INC_avg,INC_sd,INC_r1,INC_kr,INC_sk,IND_avg,IND_sd,IND_r1,IND_kr,IND_sk
95,0.2923000000,0.0534528764,0.7589675463,2.0143062655,0.0634180041,0.2159000000,0.0379695931,0.5188472142,4.2096012189,1.0294814404,0.4918000000,0.0430204602,0.5358520047,2.3231048516,0.1711249735,0.4918000000,0.0430204602,0.5358520047,2.3231048516,0.1711249735
