Instance,INF_avg,INF_sd,INF_r1,INF_kr,INF_sk,SUP_avg,SUP_sd,SUP_r1,SUP_kr,SUP_sk,INC_avg,INC_sd,INC_r1,INC_kr,INC_sk,IND_avg,IND_sd,IND_r1,IND_kr,IND_sk
391,0.3103225806,0.0867879831,0.3807579989,2.4589482933,0.1961554613,0.1445161290,0.0645999456,0.6198209423,2.0599005721,0.0206314849,0.5451612903,0.0684327298,0.1908318920,2.5567261401,-0.1356986394,0.5451612903,0.0684327298,0.1908318920,2.5567261401,-0.1356986394
