Instance,INF_avg,INF_sd,INF_r1,INF_kr,INF_sk,SUP_avg,SUP_sd,SUP_r1,SUP_kr,SUP_sk,INC_avg,INC_sd,INC_r1,INC_kr,INC_sk,IND_avg,IND_sd,IND_r1,IND_kr,IND_sk
348,0.2600000000,0.0638748777,0.0506072874,2.8431372549,-0.2578570610,0.2392000000,0.0561369753,-0.0128285510,3.2201556263,0.2905681411,0.5008000000,0.0736434654,0.1071941310,2.3515817504,0.0523377176,0.5008000000,0.0736434654,0.1071941310,2.3515817504,0.0523377176
