Instance,INF_avg,INF_sd,INF_r1,INF_kr,INF_sk,SUP_avg,SUP_sd,SUP_r1,SUP_kr,SUP_sk,INC_avg,INC_sd,INC_r1,INC_kr,INC_sk,IND_avg,IND_sd,IND_r1,IND_kr,IND_sk
363,0.2700000000,0.0363318042,-0.9333333333,1.8939393939,0.5504818826,0.2580000000,0.0350142828,-0.6663796073,1.9089666790,-0.5459436061,0.4720000000,0.0317175031,-1.0345988977,1.3663960571,-0.0186161330,0.4720000000,0.0317175031,-1.0345988977,1.3663960571,-0.0186161330
