Instance,INF_avg,INF_sd,INF_r1,INF_kr,INF_sk,SUP_avg,SUP_sd,SUP_r1,SUP_kr,SUP_sk,INC_avg,INC_sd,INC_r1,INC_kr,INC_sk,IND_avg,IND_sd,IND_r1,IND_kr,IND_sk
73,0.3100000000,0.1345362405,0.1490772461,5.2943744086,0.9510879794,0.1640000000,0.1127120224,0.0433882733,2.5457651530,0.4041417792,0.5260000000,0.1382895513,-0.0647560919,2.6047212610,0.0267528847,0.5260000000,0.1382895513,-0.0647560919,2.6047212610,0.0267528847
