Instance,INF_avg,INF_sd,INF_r1,INF_kr,INF_sk,SUP_avg,SUP_sd,SUP_r1,SUP_kr,SUP_sk,INC_avg,INC_sd,INC_r1,INC_kr,INC_sk,IND_avg,IND_sd,IND_r1,IND_kr,IND_sk
137,0.2992000000,0.0377274436,-0.1078354859,2.4327322764,-0.0764142331,0.2368000000,0.0461926401,-0.1219233229,2.0654236279,0.0295936018,0.4640000000,0.0373095162,-0.0343836247,3.3556282204,-0.5785710748,0.4640000000,0.0373095162,-0.0343836247,3.3556282204,-0.5785710748
