Instance,INF_avg,INF_sd,INF_r1,INF_kr,INF_sk,SUP_avg,SUP_sd,SUP_r1,SUP_kr,SUP_sk,INC_avg,INC_sd,INC_r1,INC_kr,INC_sk,IND_avg,IND_sd,IND_r1,IND_kr,IND_sk
62,0.2808000000,0.0610521089,-0.0276217056,3.7845503355,-0.7803818232,0.2592000000,0.0725490179,0.1460294617,2.4198191163,0.4847762233,0.4600000000,0.0590592922,-0.1566820276,2.7407204781,0.2236906111,0.4600000000,0.0590592922,-0.1566820276,2.7407204781,0.2236906111
