Instance,INF_avg,INF_sd,INF_r1,INF_kr,INF_sk,SUP_avg,SUP_sd,SUP_r1,SUP_kr,SUP_sk,INC_avg,INC_sd,INC_r1,INC_kr,INC_sk,IND_avg,IND_sd,IND_r1,IND_kr,IND_sk
287,0.2802000000,0.0605801948,0.3931568867,2.3901407343,-0.0502952383,0.2686000000,0.0540743932,0.2210601029,3.5347952239,0.5871884869,0.4512000000,0.0554306774,0.0469564927,2.8011807766,0.0097294127,0.4512000000,0.0554306774,0.0469564927,2.8011807766,0.0097294127
