Instance,INF_avg,INF_sd,INF_r1,INF_kr,INF_sk,SUP_avg,SUP_sd,SUP_r1,SUP_kr,SUP_sk,INC_avg,INC_sd,INC_r1,INC_kr,INC_sk,IND_avg,IND_sd,IND_r1,IND_kr,IND_sk
94,0.2300000000,0.1039230485,0.1255690440,1.9650205761,0.0588041941,0.2980000000,0.1161722859,0.1686902830,2.3510992214,0.1441352107,0.4720000000,0.1175414820,0.1846128345,2.2416715814,-0.4233521235,0.4720000000,0.1175414820,0.1846128345,2.2416715814,-0.4233521235
