Instance,INF_avg,INF_sd,INF_r1,INF_kr,INF_sk,SUP_avg,SUP_sd,SUP_r1,SUP_kr,SUP_sk,INC_avg,INC_sd,INC_r1,INC_kr,INC_sk,IND_avg,IND_sd,IND_r1,IND_kr,IND_sk
286,0.2050000000,0.0456618002,-0.2581818182,1.8521298069,-0.6585798697,0.2620000000,0.0203960781,-0.4244465833,3.6059541420,1.3548984913,0.5330000000,0.0490000000,-0.0821693721,2.5516400306,0.7009324346,0.5330000000,0.0490000000,-0.0821693721,2.5516400306,0.7009324346
