Instance,INF_avg,INF_sd,INF_r1,INF_kr,INF_sk,SUP_avg,SUP_sd,SUP_r1,SUP_kr,SUP_sk,INC_avg,INC_sd,INC_r1,INC_kr,INC_sk,IND_avg,IND_sd,IND_r1,IND_kr,IND_sk
480,0.2604651163,0.0979784857,-0.3674635488,2.1179263638,-0.0713071909,0.2023255814,0.0908317435,-0.0170608763,2.4956923710,0.0705786751,0.5372093023,0.1110693389,-0.1104830391,2.9173418751,0.4127748516,0.5372093023,0.1110693389,-0.1104830391,2.9173418751,0.4127748516
