Instance,INF_avg,INF_sd,INF_r1,INF_kr,INF_sk,SUP_avg,SUP_sd,SUP_r1,SUP_kr,SUP_sk,INC_avg,INC_sd,INC_r1,INC_kr,INC_sk,IND_avg,IND_sd,IND_r1,IND_kr,IND_sk
96,0.2885500000,0.0416611030,0.4334259807,2.5593551839,-0.0415665436,0.2607000000,0.0367696886,0.1796415539,2.2298254367,0.0574384319,0.4507500000,0.0415835003,0.1189903423,2.6045256140,-0.3588360155,0.4507500000,0.0415835003,0.1189903423,2.6045256140,-0.3588360155
