Instance,INF_avg,INF_sd,INF_r1,INF_kr,INF_sk,SUP_avg,SUP_sd,SUP_r1,SUP_kr,SUP_sk,INC_avg,INC_sd,INC_r1,INC_kr,INC_sk,IND_avg,IND_sd,IND_r1,IND_kr,IND_sk
144,0.3400000000,0.0663324958,-0.1111111111,2.2169421488,0.3700366502,0.1800000000,0.0812403840,-0.2883435583,2.2685950413,-0.1790421687,0.4800000000,0.0927361850,-0.2835249042,1.5091941590,-0.1579875514,0.4800000000,0.0927361850,-0.2835249042,1.5091941590,-0.1579875514
