Instance,INF_avg,INF_sd,INF_r1,INF_kr,INF_sk,SUP_avg,SUP_sd,SUP_r1,SUP_kr,SUP_sk,INC_avg,INC_sd,INC_r1,INC_kr,INC_sk,IND_avg,IND_sd,IND_r1,IND_kr,IND_sk
422,0.2480000000,0.0552810998,-0.3182079265,3.2511992544,-0.9864860064,0.2440000000,0.0397994975,0.5866454690,2.3719008264,0.1035493507,0.5080000000,0.0705407684,-0.4429530201,2.1679573205,-0.0864246756,0.5080000000,0.0705407684,-0.4429530201,2.1679573205,-0.0864246756
