Instance,INF_avg,INF_sd,INF_r1,INF_kr,INF_sk,SUP_avg,SUP_sd,SUP_r1,SUP_kr,SUP_sk,INC_avg,INC_sd,INC_r1,INC_kr,INC_sk,IND_avg,IND_sd,IND_r1,IND_kr,IND_sk
239,0.2420000000,0.0470744092,-0.2809917355,2.1171981910,-0.7813116305,0.2240000000,0.0313687743,-0.8721973094,2.3762641285,0.7946382936,0.5340000000,0.0233238076,0.0704500978,1.5469290657,-0.1097086537,0.5340000000,0.0233238076,0.0704500978,1.5469290657,-0.1097086537
