Instance,INF_avg,INF_sd,INF_r1,INF_kr,INF_sk,SUP_avg,SUP_sd,SUP_r1,SUP_kr,SUP_sk,INC_avg,INC_sd,INC_r1,INC_kr,INC_sk,IND_avg,IND_sd,IND_r1,IND_kr,IND_sk
279,0.2760000000,0.0575499783,-0.0217738714,2.8495414129,0.1022425750,0.2464000000,0.0546904014,0.0031334381,2.4801167918,0.2116984876,0.4776000000,0.0658653171,0.0264286601,2.7944126088,0.2622288413,0.4776000000,0.0658653171,0.0264286601,2.7944126088,0.2622288413
