Instance,INF_avg,INF_sd,INF_r1,INF_kr,INF_sk,SUP_avg,SUP_sd,SUP_r1,SUP_kr,SUP_sk,INC_avg,INC_sd,INC_r1,INC_kr,INC_sk,IND_avg,IND_sd,IND_r1,IND_kr,IND_sk
335,0.2200000000,0.1469693846,-0.3988095238,2.1954732510,0.4082482905,0.3000000000,0.1000000000,-0.4444444444,2.2000000000,-0.6000000000,0.4800000000,0.1166190379,-0.4611872146,2.1470588235,0.3934379306,0.4800000000,0.1166190379,-0.4611872146,2.1470588235,0.3934379306
