Instance,INF_avg,INF_sd,INF_r1,INF_kr,INF_sk,SUP_avg,SUP_sd,SUP_r1,SUP_kr,SUP_sk,INC_avg,INC_sd,INC_r1,INC_kr,INC_sk,IND_avg,IND_sd,IND_r1,IND_kr,IND_sk
245,0.1840000000,0.0454312668,-0.1538461538,1.7142599603,0.1617572595,0.3000000000,0.0497995984,0.0754716981,2.3465140479,0.5441163196,0.5160000000,0.0293938769,-0.5632458234,1.5781893004,0.3477670622,0.5160000000,0.0293938769,-0.5632458234,1.5781893004,0.3477670622
