Instance,INF_avg,INF_sd,INF_r1,INF_kr,INF_sk,SUP_avg,SUP_sd,SUP_r1,SUP_kr,SUP_sk,INC_avg,INC_sd,INC_r1,INC_kr,INC_sk,IND_avg,IND_sd,IND_r1,IND_kr,IND_sk
30,0.2560000000,0.0195959179,-0.1309523810,2.7291666667,-0.8675276172,0.3080000000,0.0381575681,0.0317834020,1.9367528076,0.4561766982,0.4360000000,0.0480000000,-0.1293066780,1.3466073495,-0.2521701389,0.4360000000,0.0480000000,-0.1293066780,1.3466073495,-0.2521701389
