Instance,INF_avg,INF_sd,INF_r1,INF_kr,INF_sk,SUP_avg,SUP_sd,SUP_r1,SUP_kr,SUP_sk,INC_avg,INC_sd,INC_r1,INC_kr,INC_sk,IND_avg,IND_sd,IND_r1,IND_kr,IND_sk
289,0.2208000000,0.0322391067,-0.1216107271,5.4439211253,1.0390051508,0.2334000000,0.0306176420,0.0517661948,1.9944141979,0.1011702158,0.5458000000,0.0408578022,-0.4457749189,2.5207877567,-0.0650522130,0.5458000000,0.0408578022,-0.4457749189,2.5207877567,-0.0650522130
