Instance,INF_avg,INF_sd,INF_r1,INF_kr,INF_sk,SUP_avg,SUP_sd,SUP_r1,SUP_kr,SUP_sk,INC_avg,INC_sd,INC_r1,INC_kr,INC_sk,IND_avg,IND_sd,IND_r1,IND_kr,IND_sk
223,0.2280000000,0.1304453909,-0.1037160815,2.8366207064,0.4183994459,0.2600000000,0.1624807681,-0.0385081868,2.9469696970,0.5623043111,0.5120000000,0.1722091751,0.0127984594,2.2002190535,-0.1741409542,0.5120000000,0.1722091751,0.0127984594,2.2002190535,-0.1741409542
