Instance,INF_avg,INF_sd,INF_r1,INF_kr,INF_sk,SUP_avg,SUP_sd,SUP_r1,SUP_kr,SUP_sk,INC_avg,INC_sd,INC_r1,INC_kr,INC_sk,IND_avg,IND_sd,IND_r1,IND_kr,IND_sk
313,0.2488000000,0.0594857966,0.0688800263,3.9436082445,0.2993934549,0.2596000000,0.0621597941,-0.0559797123,2.8121098193,-0.1352483004,0.4916000000,0.0646949766,-0.1051375896,3.1819838327,0.3420741478,0.4916000000,0.0646949766,-0.1051375896,3.1819838327,0.3420741478
