Instance,INF_avg,INF_sd,INF_r1,INF_kr,INF_sk,SUP_avg,SUP_sd,SUP_r1,SUP_kr,SUP_sk,INC_avg,INC_sd,INC_r1,INC_kr,INC_sk,IND_avg,IND_sd,IND_r1,IND_kr,IND_sk
371,0.2286000000,0.0427555844,-0.1472516666,4.1867117522,0.1164360020,0.2732000000,0.0468375917,0.0794852120,2.3960678365,-0.2337008494,0.4982000000,0.0517567387,-0.0558392288,2.6124105725,0.4250539976,0.4982000000,0.0517567387,-0.0558392288,2.6124105725,0.4250539976
