Instance,INF_avg,INF_sd,INF_r1,INF_kr,INF_sk,SUP_avg,SUP_sd,SUP_r1,SUP_kr,SUP_sk,INC_avg,INC_sd,INC_r1,INC_kr,INC_sk,IND_avg,IND_sd,IND_r1,IND_kr,IND_sk
404,0.2880000000,0.1336263447,0.1004308764,3.1182410298,0.1192540581,0.2760000000,0.1068831137,-0.2281304913,3.4805333898,-0.4943749699,0.4360000000,0.1382172203,-0.1606033122,4.9727574220,-0.8444940348,0.4360000000,0.1382172203,-0.1606033122,4.9727574220,-0.8444940348
