Instance,INF_avg,INF_sd,INF_r1,INF_kr,INF_sk,SUP_avg,SUP_sd,SUP_r1,SUP_kr,SUP_sk,INC_avg,INC_sd,INC_r1,INC_kr,INC_sk,IND_avg,IND_sd,IND_r1,IND_kr,IND_sk
374,0.3408000000,0.0538921145,0.4100836186,2.1213936791,0.3433318584,0.3161000000,0.0423708626,0.4564356570,2.5379093169,0.2241641051,0.3431000000,0.0518352197,0.5653717497,2.1059823856,0.3138715819,0.3431000000,0.0518352197,0.5653717497,2.1059823856,0.3138715819
