Instance,INF_avg,INF_sd,INF_r1,INF_kr,INF_sk,SUP_avg,SUP_sd,SUP_r1,SUP_kr,SUP_sk,INC_avg,INC_sd,INC_r1,INC_kr,INC_sk,IND_avg,IND_sd,IND_r1,IND_kr,IND_sk
210,0.2816000000,0.0620760824,0.1991116341,2.4828032132,0.0136258528,0.2900000000,0.0605640157,-0.0646766169,2.5092788703,-0.3219463571,0.4284000000,0.0682454394,0.0517585800,2.2634653234,0.2163285066,0.4284000000,0.0682454394,0.0517585800,2.2634653234,0.2163285066
