Instance,INF_avg,INF_sd,INF_r1,INF_kr,INF_sk,SUP_avg,SUP_sd,SUP_r1,SUP_kr,SUP_sk,INC_avg,INC_sd,INC_r1,INC_kr,INC_sk,IND_avg,IND_sd,IND_r1,IND_kr,IND_sk
489,0.2750000000,0.1465435089,-0.0837555887,2.4756363153,0.2847930652,0.2560000000,0.1306292463,0.0136584816,2.4180901156,-0.0100347346,0.4690000000,0.1579208663,-0.0462252859,2.1901450076,-0.0002239495,0.4690000000,0.1579208663,-0.0462252859,2.1901450076,-0.0002239495
