Instance,INF_avg,INF_sd,INF_r1,INF_kr,INF_sk,SUP_avg,SUP_sd,SUP_r1,SUP_kr,SUP_sk,INC_avg,INC_sd,INC_r1,INC_kr,INC_sk,IND_avg,IND_sd,IND_r1,IND_kr,IND_sk
459,0.1833333333,0.0897527468,-0.9731543624,1.3234244946,0.3329709512,0.2166666667,0.1572330189,-0.4465753425,2.4220426714,0.4954596832,0.6000000000,0.2081665999,-0.7058823529,3.0000000000,-0.6651477158,0.6000000000,0.2081665999,-0.7058823529,3.0000000000,-0.6651477158
