Instance,INF_avg,INF_sd,INF_r1,INF_kr,INF_sk,SUP_avg,SUP_sd,SUP_r1,SUP_kr,SUP_sk,INC_avg,INC_sd,INC_r1,INC_kr,INC_sk,IND_avg,IND_sd,IND_r1,IND_kr,IND_sk
49,0.3100000000,0.1213809430,-0.0119667014,2.0843553572,0.5351313765,0.1700000000,0.0881286938,0.2013718765,2.4541435650,0.2936595020,0.5200000000,0.1275408431,0.0343614159,2.7349754770,0.0679627998,0.5200000000,0.1275408431,0.0343614159,2.7349754770,0.0679627998
