Instance,INF_avg,INF_sd,INF_r1,INF_kr,INF_sk,SUP_avg,SUP_sd,SUP_r1,SUP_kr,SUP_sk,INC_avg,INC_sd,INC_r1,INC_kr,INC_sk,IND_avg,IND_sd,IND_r1,IND_kr,IND_sk
450,0.2544000000,0.0269562609,-0.0493957378,3.2754172261,0.1464285070,0.2545000000,0.0246221445,-0.2401284461,2.3162356042,-0.0836059061,0.4911000000,0.0324852274,-0.1805804055,3.0856817318,-0.5129989154,0.4911000000,0.0324852274,-0.1805804055,3.0856817318,-0.5129989154
