Instance,INF_avg,INF_sd,INF_r1,INF_kr,INF_sk,SUP_avg,SUP_sd,SUP_r1,SUP_kr,SUP_sk,INC_avg,INC_sd,INC_r1,INC_kr,INC_sk,IND_avg,IND_sd,IND_r1,IND_kr,IND_sk
446,0.2590000000,0.0528109837,0.2980872450,1.7496239966,-0.0238101973,0.2655000000,0.0469813793,0.3205236583,3.8932590823,-0.4418867397,0.4755000000,0.0404011138,-0.3914284370,2.0617646810,0.0745169612,0.4755000000,0.0404011138,-0.3914284370,2.0617646810,0.0745169612
