Instance,INF_avg,INF_sd,INF_r1,INF_kr,INF_sk,SUP_avg,SUP_sd,SUP_r1,SUP_kr,SUP_sk,INC_avg,INC_sd,INC_r1,INC_kr,INC_sk,IND_avg,IND_sd,IND_r1,IND_kr,IND_sk
95,0.1500000000,0.0500000000,-0.3333333333,1.0000000000,-0.0000000000,0.2250000000,0.1479019946,-1.2372881356,1.8457142857,-0.4346507596,0.6250000000,0.1299038106,-1.1016949153,1.2798353909,0.2138334330,0.6250000000,0.1299038106,-1.1016949153,1.2798353909,0.2138334330
