Instance,INF_avg,INF_sd,INF_r1,INF_kr,INF_sk,SUP_avg,SUP_sd,SUP_r1,SUP_kr,SUP_sk,INC_avg,INC_sd,INC_r1,INC_kr,INC_sk,IND_avg,IND_sd,IND_r1,IND_kr,IND_sk
14,0.2790000000,0.1491945039,-0.1450599150,2.4690452304,0.1269461298,0.2200000000,0.1272792206,0.1156462585,4.2149062643,0.6110799344,0.5010000000,0.1769152339,0.1277993315,2.3646008622,0.0173554841,0.5010000000,0.1769152339,0.1277993315,2.3646008622,0.0173554841
