Instance,INF_avg,INF_sd,INF_r1,INF_kr,INF_sk,SUP_avg,SUP_sd,SUP_r1,SUP_kr,SUP_sk,INC_avg,INC_sd,INC_r1,INC_kr,INC_sk,IND_avg,IND_sd,IND_r1,IND_kr,IND_sk
388,0.2400000000,0.0800000000,0.0397350993,2.6640625000,0.3281250000,0.2500000000,0.1118033989,-0.5102040816,3.1760000000,0.6439875775,0.5100000000,0.1220655562,-0.5850986121,2.2114769605,0.1385546604,0.5100000000,0.1220655562,-0.5850986121,2.2114769605,0.1385546604
