Instance,INF_avg,INF_sd,INF_r1,INF_kr,INF_sk,SUP_avg,SUP_sd,SUP_r1,SUP_kr,SUP_sk,INC_avg,INC_sd,INC_r1,INC_kr,INC_sk,IND_avg,IND_sd,IND_r1,IND_kr,IND_sk
50,0.1600000000,0.0916515139,-0.1407766990,2.1020408163,0.0935219530,0.2800000000,0.1600000000,-0.1717352415,2.3344726562,0.7675781250,0.5600000000,0.1428285686,-0.1496746204,2.2479815456,-0.0988433000,0.5600000000,0.1428285686,-0.1496746204,2.2479815456,-0.0988433000
