Instance,INF_avg,INF_sd,INF_r1,INF_kr,INF_sk,SUP_avg,SUP_sd,SUP_r1,SUP_kr,SUP_sk,INC_avg,INC_sd,INC_r1,INC_kr,INC_sk,IND_avg,IND_sd,IND_r1,IND_kr,IND_sk
197,0.2330000000,0.0352987252,-0.7398090342,2.1087074143,0.8511168186,0.2660000000,0.0239582971,-0.3927637315,1.6599752334,-0.1452872974,0.5010000000,0.0276405499,-0.2105678233,2.6051437735,-0.9597781479,0.5010000000,0.0276405499,-0.2105678233,2.6051437735,-0.9597781479
