Instance,INF_avg,INF_sd,INF_r1,INF_kr,INF_sk,SUP_avg,SUP_sd,SUP_r1,SUP_kr,SUP_sk,INC_avg,INC_sd,INC_r1,INC_kr,INC_sk,IND_avg,IND_sd,IND_r1,IND_kr,IND_sk
493,0.2500000000,0.1264911064,-0.2052980132,2.6523437500,0.1630549419,0.2220000000,0.0861162006,-0.1198108367,2.9250444242,0.5713661677,0.5280000000,0.1175414820,-0.0875443836,2.3466579872,-0.2971120258,0.5280000000,0.1175414820,-0.0875443836,2.3466579872,-0.2971120258
