Instance,INF_avg,INF_sd,INF_r1,INF_kr,INF_sk,SUP_avg,SUP_sd,SUP_r1,SUP_kr,SUP_sk,INC_avg,INC_sd,INC_r1,INC_kr,INC_sk,IND_avg,IND_sd,IND_r1,IND_kr,IND_sk
270,0.2120000000,0.0545527268,-0.2759815242,1.9991328477,0.3642525115,0.3040000000,0.0941488184,-0.0393986522,1.2726674400,0.0469339142,0.4840000000,0.0823650411,-0.1971411554,1.3659887860,0.2865751448,0.4840000000,0.0823650411,-0.1971411554,1.3659887860,0.2865751448
