Instance,INF_avg,INF_sd,INF_r1,INF_kr,INF_sk,SUP_avg,SUP_sd,SUP_r1,SUP_kr,SUP_sk,INC_avg,INC_sd,INC_r1,INC_kr,INC_sk,IND_avg,IND_sd,IND_r1,IND_kr,IND_sk
300,0.2760000000,0.0545527268,0.2183705012,3.2221644121,0.5534745954,0.2440000000,0.0640000000,0.0569630734,2.1945800781,-0.0205078125,0.4800000000,0.0785875308,0.2314285714,2.3158339821,0.2373512636,0.4800000000,0.0785875308,0.2314285714,2.3158339821,0.2373512636
