Instance,INF_avg,INF_sd,INF_r1,INF_kr,INF_sk,SUP_avg,SUP_sd,SUP_r1,SUP_kr,SUP_sk,INC_avg,INC_sd,INC_r1,INC_kr,INC_sk,IND_avg,IND_sd,IND_r1,IND_kr,IND_sk
118,0.2327000000,0.0270408950,0.0510828071,2.9957653454,0.3499805549,0.2085000000,0.0325307547,-0.0193245663,3.2126898389,0.0989958914,0.5588000000,0.0360632777,-0.1488831684,3.1549281033,0.3764993420,0.5588000000,0.0360632777,-0.1488831684,3.1549281033,0.3764993420
