Instance,INF_avg,INF_sd,INF_r1,INF_kr,INF_sk,SUP_avg,SUP_sd,SUP_r1,SUP_kr,SUP_sk,INC_avg,INC_sd,INC_r1,INC_kr,INC_sk,IND_avg,IND_sd,IND_r1,IND_kr,IND_sk
362,0.2430000000,0.0439203825,0.1095958357,2.1583339178,0.0482989049,0.2438000000,0.0428200887,-0.0637819424,2.5661491118,-0.0160158543,0.5132000000,0.0532706298,-0.0598958671,2.4506042674,-0.1850592081,0.5132000000,0.0532706298,-0.0598958671,2.4506042674,-0.1850592081
