Instance,INF_avg,INF_sd,INF_r1,INF_kr,INF_sk,SUP_avg,SUP_sd,SUP_r1,SUP_kr,SUP_sk,INC_avg,INC_sd,INC_r1,INC_kr,INC_sk,IND_avg,IND_sd,IND_r1,IND_kr,IND_sk
241,0.2800000000,0.1536229150,-0.1324041812,2.7023843723,0.8340916670,0.2500000000,0.1360147051,-0.4520547945,2.5894813733,0.0000000000,0.4700000000,0.1552417470,-0.5484158858,3.8197861607,-0.9365663149,0.4700000000,0.1552417470,-0.5484158858,3.8197861607,-0.9365663149
