Instance,INF_avg,INF_sd,INF_r1,INF_kr,INF_sk,SUP_avg,SUP_sd,SUP_r1,SUP_kr,SUP_sk,INC_avg,INC_sd,INC_r1,INC_kr,INC_sk,IND_avg,IND_sd,IND_r1,IND_kr,IND_sk
317,0.2714000000,0.0323734459,0.1225736718,2.4042841473,-0.2256060390,0.2216000000,0.0284506590,0.0942481822,3.9428171719,-0.4504912195,0.5070000000,0.0337786915,0.0923155359,3.6027540152,0.5317905870,0.5070000000,0.0337786915,0.0923155359,3.6027540152,0.5317905870
