Instance,INF_avg,INF_sd,INF_r1,INF_kr,INF_sk,SUP_avg,SUP_sd,SUP_r1,SUP_kr,SUP_sk,INC_avg,INC_sd,INC_r1,INC_kr,INC_sk,IND_avg,IND_sd,IND_r1,IND_kr,IND_sk
20,0.2544000000,0.0355054925,-0.0701333479,2.6410278658,0.4538545470,0.2550000000,0.0366606056,-0.4465361446,2.5978555485,-0.4943999076,0.4906000000,0.0393527636,0.0451765869,3.1504244802,0.8789688752,0.4906000000,0.0393527636,0.0451765869,3.1504244802,0.8789688752
