Instance,INF_avg,INF_sd,INF_r1,INF_kr,INF_sk,SUP_avg,SUP_sd,SUP_r1,SUP_kr,SUP_sk,INC_avg,INC_sd,INC_r1,INC_kr,INC_sk,IND_avg,IND_sd,IND_r1,IND_kr,IND_sk
358,0.2552000000,0.0340728631,-0.0887058168,2.5594833495,0.6415619917,0.2558000000,0.0363505158,0.1387169124,2.0762894291,-0.1399433616,0.4890000000,0.0383405790,0.2139434856,2.0101985284,0.1188062924,0.4890000000,0.0383405790,0.2139434856,2.0101985284,0.1188062924
