Instance,INF_avg,INF_sd,INF_r1,INF_kr,INF_sk,SUP_avg,SUP_sd,SUP_r1,SUP_kr,SUP_sk,INC_avg,INC_sd,INC_r1,INC_kr,INC_sk,IND_avg,IND_sd,IND_r1,IND_kr,IND_sk
472,0.2488000000,0.0669519230,0.2064394056,2.6567475842,0.1269473885,0.2352000000,0.0615220286,-0.2174733229,2.1134160139,0.0036675333,0.5160000000,0.0637495098,-0.1062370394,2.0097650195,0.3527586180,0.5160000000,0.0637495098,-0.1062370394,2.0097650195,0.3527586180
