Instance,INF_avg,INF_sd,INF_r1,INF_kr,INF_sk,SUP_avg,SUP_sd,SUP_r1,SUP_kr,SUP_sk,INC_avg,INC_sd,INC_r1,INC_kr,INC_sk,IND_avg,IND_sd,IND_r1,IND_kr,IND_sk
235,0.2380000000,0.0198997487,-0.2750836120,1.6047597184,0.0106594920,0.2810000000,0.0380000000,-0.0573757642,1.5960071669,0.4627496720,0.4810000000,0.0302324329,-0.3142919676,2.6032707842,-0.9940488910,0.4810000000,0.0302324329,-0.3142919676,2.6032707842,-0.9940488910
