Instance,INF_avg,INF_sd,INF_r1,INF_kr,INF_sk,SUP_avg,SUP_sd,SUP_r1,SUP_kr,SUP_sk,INC_avg,INC_sd,INC_r1,INC_kr,INC_sk,IND_avg,IND_sd,IND_r1,IND_kr,IND_sk
211,0.2880000000,0.0299332591,0.1805283757,1.4254225128,0.2604007413,0.2110000000,0.0356230263,-0.7976201290,1.6124440421,0.3028826925,0.5010000000,0.0514684369,-0.4823507755,1.4942278267,0.3517092481,0.5010000000,0.0514684369,-0.4823507755,1.4942278267,0.3517092481
