Instance,INF_avg,INF_sd,INF_r1,INF_kr,INF_sk,SUP_avg,SUP_sd,SUP_r1,SUP_kr,SUP_sk,INC_avg,INC_sd,INC_r1,INC_kr,INC_sk,IND_avg,IND_sd,IND_r1,IND_kr,IND_sk
104,0.2544000000,0.0747304489,-0.1120267426,3.8924192135,-0.1918865257,0.1980000000,0.0645290632,0.0236487137,2.6413391026,0.0150056372,0.5476000000,0.0655914629,0.0655413974,4.4872272842,0.3249933806,0.5476000000,0.0655914629,0.0655413974,4.4872272842,0.3249933806
