Instance,INF_avg,INF_sd,INF_r1,INF_kr,INF_sk,SUP_avg,SUP_sd,SUP_r1,SUP_kr,SUP_sk,INC_avg,INC_sd,INC_r1,INC_kr,INC_sk,IND_avg,IND_sd,IND_r1,IND_kr,IND_sk
287,0.2320000000,0.1580379701,-0.1949266595,2.8844447107,0.5901808285,0.2780000000,0.1487144916,0.0669536624,2.0939911660,0.1612371196,0.4900000000,0.1513274595,-0.0563813880,3.0384050647,-0.1073469517,0.4900000000,0.1513274595,-0.0563813880,3.0384050647,-0.1073469517
