Instance,INF_avg,INF_sd,INF_r1,INF_kr,INF_sk,SUP_avg,SUP_sd,SUP_r1,SUP_kr,SUP_sk,INC_avg,INC_sd,INC_r1,INC_kr,INC_sk,IND_avg,IND_sd,IND_r1,IND_kr,IND_sk
304,0.2425000000,0.0282179021,0.1499450463,2.9311874490,-0.0080112141,0.2466000000,0.0311518860,0.0796203876,2.6945138278,0.5075178993,0.5109000000,0.0295413270,-0.3942775780,3.0190762414,0.5069935894,0.5109000000,0.0295413270,-0.3942775780,3.0190762414,0.5069935894
