Instance,INF_avg,INF_sd,INF_r1,INF_kr,INF_sk,SUP_avg,SUP_sd,SUP_r1,SUP_kr,SUP_sk,INC_avg,INC_sd,INC_r1,INC_kr,INC_sk,IND_avg,IND_sd,IND_r1,IND_kr,IND_sk
448,0.2300000000,0.0219089023,-0.1789473684,1.4257812500,-0.0142636083,0.2600000000,0.0240831892,-0.8059701493,1.4521403092,-0.2792046305,0.5100000000,0.0398748041,-0.5070921986,1.3275780230,-0.3288594854,0.5100000000,0.0398748041,-0.5070921986,1.3275780230,-0.3288594854
