Instance,INF_avg,INF_sd,INF_r1,INF_kr,INF_sk,SUP_avg,SUP_sd,SUP_r1,SUP_kr,SUP_sk,INC_avg,INC_sd,INC_r1,INC_kr,INC_sk,IND_avg,IND_sd,IND_r1,IND_kr,IND_sk
136,0.3000000000,0.1400000000,0.0510204082,2.6655560183,0.1967930029,0.2650000000,0.1430908802,0.0274851856,2.8056327067,0.2808225802,0.4350000000,0.1639359631,0.0933867811,2.6162578691,0.3961274491,0.4350000000,0.1639359631,0.0933867811,2.6162578691,0.3961274491
