Instance,INF_avg,INF_sd,INF_r1,INF_kr,INF_sk,SUP_avg,SUP_sd,SUP_r1,SUP_kr,SUP_sk,INC_avg,INC_sd,INC_r1,INC_kr,INC_sk,IND_avg,IND_sd,IND_r1,IND_kr,IND_sk
408,0.3572549020,0.0875388638,0.2674752698,2.5751609234,-0.1074625880,0.1480392157,0.0675196299,0.4040367974,3.3478703087,0.6116512046,0.4947058824,0.0826960639,-0.1526877334,2.2207564954,-0.1592518597,0.4947058824,0.0826960639,-0.1526877334,2.2207564954,-0.1592518597
