Instance,INF_avg,INF_sd,INF_r1,INF_kr,INF_sk,SUP_avg,SUP_sd,SUP_r1,SUP_kr,SUP_sk,INC_avg,INC_sd,INC_r1,INC_kr,INC_sk,IND_avg,IND_sd,IND_r1,IND_kr,IND_sk
331,0.2548000000,0.0578010381,0.0904498462,2.2707277976,0.1156826337,0.2328000000,0.0614179127,0.0923497437,2.5158092711,0.6102080728,0.5124000000,0.0675147391,-0.0234197381,2.7548415997,0.0235479644,0.5124000000,0.0675147391,-0.0234197381,2.7548415997,0.0235479644
