Instance,INF_avg,INF_sd,INF_r1,INF_kr,INF_sk,SUP_avg,SUP_sd,SUP_r1,SUP_kr,SUP_sk,INC_avg,INC_sd,INC_r1,INC_kr,INC_sk,IND_avg,IND_sd,IND_r1,IND_kr,IND_sk
397,0.2450000000,0.1116915395,-0.0933773620,2.4126690254,0.0392937332,0.2520000000,0.1506519167,0.0687439027,3.0141902244,0.5143946270,0.5030000000,0.1577688182,-0.0864045826,2.9647794891,-0.1105279821,0.5030000000,0.1577688182,-0.0864045826,2.9647794891,-0.1105279821
