Instance,INF_avg,INF_sd,INF_r1,INF_kr,INF_sk,SUP_avg,SUP_sd,SUP_r1,SUP_kr,SUP_sk,INC_avg,INC_sd,INC_r1,INC_kr,INC_sk,IND_avg,IND_sd,IND_r1,IND_kr,IND_sk
419,0.4309090909,0.1346682486,0.8372290490,1.8575619324,0.1111079647,0.1218181818,0.0819997984,0.7286817854,2.7842662931,0.7380863070,0.4472727273,0.0843252264,0.3682169659,2.3419077241,0.4259080947,0.4472727273,0.0843252264,0.3682169659,2.3419077241,0.4259080947
