Instance,INF_avg,INF_sd,INF_r1,INF_kr,INF_sk,SUP_avg,SUP_sd,SUP_r1,SUP_kr,SUP_sk,INC_avg,INC_sd,INC_r1,INC_kr,INC_sk,IND_avg,IND_sd,IND_r1,IND_kr,IND_sk
71,0.2651000000,0.0433934327,-0.0485281235,3.2784568658,0.0228566359,0.2169000000,0.0442649975,0.1076551164,2.5684225687,0.4144024695,0.5180000000,0.0535910440,0.0788556937,2.8836213251,-0.0226101056,0.5180000000,0.0535910440,0.0788556937,2.8836213251,-0.0226101056
