Instance,INF_avg,INF_sd,INF_r1,INF_kr,INF_sk,SUP_avg,SUP_sd,SUP_r1,SUP_kr,SUP_sk,INC_avg,INC_sd,INC_r1,INC_kr,INC_sk,IND_avg,IND_sd,IND_r1,IND_kr,IND_sk
387,0.2455500000,0.0403044352,0.1704690099,2.5171799440,0.1805835466,0.3101500000,0.0398211941,0.2984191318,3.6096723535,0.3522047844,0.4443000000,0.0459294023,0.3312506690,3.0676768908,-0.5854891588,0.4443000000,0.0459294023,0.3312506690,3.0676768908,-0.5854891588
