Instance,INF_avg,INF_sd,INF_r1,INF_kr,INF_sk,SUP_avg,SUP_sd,SUP_r1,SUP_kr,SUP_sk,INC_avg,INC_sd,INC_r1,INC_kr,INC_sk,IND_avg,IND_sd,IND_r1,IND_kr,IND_sk
196,0.2392000000,0.0656000000,0.1948964750,2.9345739077,0.5455485266,0.2440000000,0.0638748777,-0.2159471085,3.1142329873,0.1606081123,0.5168000000,0.0595126877,-0.0103659367,2.8966638407,0.1553929088,0.5168000000,0.0595126877,-0.0103659367,2.8966638407,0.1553929088
