Instance,INF_avg,INF_sd,INF_r1,INF_kr,INF_sk,SUP_avg,SUP_sd,SUP_r1,SUP_kr,SUP_sk,INC_avg,INC_sd,INC_r1,INC_kr,INC_sk,IND_avg,IND_sd,IND_r1,IND_kr,IND_sk
453,0.2480000000,0.0274954542,-0.1842105263,2.0852439741,-0.2528556506,0.2740000000,0.0410365691,-0.0622446527,2.7021230979,-0.3136070818,0.4780000000,0.0442266888,-0.1228945727,1.7818886672,-0.1439876766,0.4780000000,0.0442266888,-0.1228945727,1.7818886672,-0.1439876766
