Instance,INF_avg,INF_sd,INF_r1,INF_kr,INF_sk,SUP_avg,SUP_sd,SUP_r1,SUP_kr,SUP_sk,INC_avg,INC_sd,INC_r1,INC_kr,INC_sk,IND_avg,IND_sd,IND_r1,IND_kr,IND_sk
456,0.2474000000,0.0379636668,0.2767031984,2.7299875858,0.2657281011,0.2873000000,0.0354289430,0.2729620709,2.3167191460,0.0818376775,0.4653000000,0.0421830535,0.1217473315,2.3006990889,0.1939890789,0.4653000000,0.0421830535,0.1217473315,2.3006990889,0.1939890789
