Instance,INF_avg,INF_sd,INF_r1,INF_kr,INF_sk,SUP_avg,SUP_sd,SUP_r1,SUP_kr,SUP_sk,INC_avg,INC_sd,INC_r1,INC_kr,INC_sk,IND_avg,IND_sd,IND_r1,IND_kr,IND_sk
362,0.2640000000,0.1269015366,-0.1803727985,2.8468686770,0.2793510264,0.2530000000,0.0827103379,-0.0524966027,2.4975737768,0.2755356973,0.4830000000,0.1310000000,-0.1721153171,2.4935243938,0.0723387087,0.4830000000,0.1310000000,-0.1721153171,2.4935243938,0.0723387087
