Instance,INF_avg,INF_sd,INF_r1,INF_kr,INF_sk,SUP_avg,SUP_sd,SUP_r1,SUP_kr,SUP_sk,INC_avg,INC_sd,INC_r1,INC_kr,INC_sk,IND_avg,IND_sd,IND_r1,IND_kr,IND_sk
80,0.2420000000,0.0622575297,-0.3375993395,1.6273487397,0.3246278229,0.3000000000,0.0726636085,-0.0650406504,2.3553719008,-0.2126861819,0.4580000000,0.0677938050,0.2750493004,2.6989049395,0.6867699301,0.4580000000,0.0677938050,0.2750493004,2.6989049395,0.6867699301
