Instance,INF_avg,INF_sd,INF_r1,INF_kr,INF_sk,SUP_avg,SUP_sd,SUP_r1,SUP_kr,SUP_sk,INC_avg,INC_sd,INC_r1,INC_kr,INC_sk,IND_avg,IND_sd,IND_r1,IND_kr,IND_sk
373,0.2420000000,0.1436523581,0.0116885682,4.2450860090,0.6158985975,0.2570000000,0.1380253600,0.1623611421,3.4048772543,0.5959587015,0.5010000000,0.1627851345,-0.0576742892,3.4293495893,0.2759852689,0.5010000000,0.1627851345,-0.0576742892,3.4293495893,0.2759852689
