Instance,INF_avg,INF_sd,INF_r1,INF_kr,INF_sk,SUP_avg,SUP_sd,SUP_r1,SUP_kr,SUP_sk,INC_avg,INC_sd,INC_r1,INC_kr,INC_sk,IND_avg,IND_sd,IND_r1,IND_kr,IND_sk
36,0.2700000000,0.0678232998,-0.2209302326,2.3638941399,-0.7500308204,0.3100000000,0.1157583690,-0.3149847095,2.1988193362,0.3365218792,0.4200000000,0.1288409873,-0.7950391645,1.9843954130,-0.7265891066,0.4200000000,0.1288409873,-0.7950391645,1.9843954130,-0.7265891066
