Instance,INF_avg,INF_sd,INF_r1,INF_kr,INF_sk,SUP_avg,SUP_sd,SUP_r1,SUP_kr,SUP_sk,INC_avg,INC_sd,INC_r1,INC_kr,INC_sk,IND_avg,IND_sd,IND_r1,IND_kr,IND_sk
122,0.2336000000,0.0578881680,0.1336870555,2.2738949250,0.2406473471,0.2432000000,0.0461926401,0.0136776466,2.4017765733,0.3697408094,0.5232000000,0.0603138458,0.0336702232,3.3940330798,-0.7310388808,0.5232000000,0.0603138458,0.0336702232,3.3940330798,-0.7310388808
