Instance,INF_avg,INF_sd,INF_r1,INF_kr,INF_sk,SUP_avg,SUP_sd,SUP_r1,SUP_kr,SUP_sk,INC_avg,INC_sd,INC_r1,INC_kr,INC_sk,IND_avg,IND_sd,IND_r1,IND_kr,IND_sk
366,0.2250000000,0.1437880384,-0.0197029403,2.7855596122,0.4856503655,0.2550000000,0.1465435089,-0.0758308904,2.6333202779,0.5021414129,0.5200000000,0.1612451550,-0.1489821098,2.4267455621,0.0744208408,0.5200000000,0.1612451550,-0.1489821098,2.4267455621,0.0744208408
