Instance,INF_avg,INF_sd,INF_r1,INF_kr,INF_sk,SUP_avg,SUP_sd,SUP_r1,SUP_kr,SUP_sk,INC_avg,INC_sd,INC_r1,INC_kr,INC_sk,IND_avg,IND_sd,IND_r1,IND_kr,IND_sk
428,0.3695000000,0.1120033482,0.2123965265,3.4065708436,-0.0551813310,0.2835000000,0.1024829254,0.1285846798,2.9221299520,0.1143939786,0.3470000000,0.1085863712,0.0351465663,2.1853702429,0.0301841250,0.3470000000,0.1085863712,0.0351465663,2.1853702429,0.0301841250
