Instance,INF_avg,INF_sd,INF_r1,INF_kr,INF_sk,SUP_avg,SUP_sd,SUP_r1,SUP_kr,SUP_sk,INC_avg,INC_sd,INC_r1,INC_kr,INC_sk,IND_avg,IND_sd,IND_r1,IND_kr,IND_sk
137,0.2580000000,0.0702566723,-0.1238449143,2.4613148791,0.1471335709,0.1740000000,0.0873155198,-0.0891442670,2.0081396463,0.2362168093,0.5680000000,0.0988736568,0.0554331037,3.4471995950,-0.7228885236,0.5680000000,0.0988736568,0.0554331037,3.4471995950,-0.7228885236
