Instance,INF_avg,INF_sd,INF_r1,INF_kr,INF_sk,SUP_avg,SUP_sd,SUP_r1,SUP_kr,SUP_sk,INC_avg,INC_sd,INC_r1,INC_kr,INC_sk,IND_avg,IND_sd,IND_r1,IND_kr,IND_sk
171,0.2700000000,0.0588217647,-0.1365485183,2.8475725885,0.3254664115,0.2452000000,0.0587618924,0.0852593789,3.3747912967,0.4348553204,0.4848000000,0.0672380844,-0.0872778306,2.5023691738,0.3823518655,0.4848000000,0.0672380844,-0.0872778306,2.5023691738,0.3823518655
