Instance,INF_avg,INF_sd,INF_r1,INF_kr,INF_sk,SUP_avg,SUP_sd,SUP_r1,SUP_kr,SUP_sk,INC_avg,INC_sd,INC_r1,INC_kr,INC_sk,IND_avg,IND_sd,IND_r1,IND_kr,IND_sk
429,0.2170000000,0.0260000000,-0.3252113376,2.3256626169,0.3092853892,0.2450000000,0.0137840488,-0.8181818182,1.5027700831,0.1718233224,0.5380000000,0.0156843871,0.1126461211,2.3762641285,-0.7946382936,0.5380000000,0.0156843871,0.1126461211,2.3762641285,-0.7946382936
