Instance,INF_avg,INF_sd,INF_r1,INF_kr,INF_sk,SUP_avg,SUP_sd,SUP_r1,SUP_kr,SUP_sk,INC_avg,INC_sd,INC_r1,INC_kr,INC_sk,IND_avg,IND_sd,IND_r1,IND_kr,IND_sk
154,0.2550000000,0.1344432966,0.0972443508,2.8365386271,0.3873357030,0.2290000000,0.1358639025,-0.0011061977,2.5067772805,0.3746854291,0.5160000000,0.1494790955,-0.0302853982,2.6693348378,-0.0049725133,0.5160000000,0.1494790955,-0.0302853982,2.6693348378,-0.0049725133
