Instance,INF_avg,INF_sd,INF_r1,INF_kr,INF_sk,SUP_avg,SUP_sd,SUP_r1,SUP_kr,SUP_sk,INC_avg,INC_sd,INC_r1,INC_kr,INC_sk,IND_avg,IND_sd,IND_r1,IND_kr,IND_sk
351,0.2355000000,0.0920040760,0.0990826074,2.5605833244,0.3820216953,0.2635000000,0.1002135220,-0.2038603938,2.4592424559,-0.2389081156,0.5010000000,0.1095399471,-0.1085099663,2.6633744120,0.0886371536,0.5010000000,0.1095399471,-0.1085099663,2.6633744120,0.0886371536
