Instance,INF_avg,INF_sd,INF_r1,INF_kr,INF_sk,SUP_avg,SUP_sd,SUP_r1,SUP_kr,SUP_sk,INC_avg,INC_sd,INC_r1,INC_kr,INC_sk,IND_avg,IND_sd,IND_r1,IND_kr,IND_sk
165,0.3000000000,0.1000000000,-0.0833333333,2.7250000000,-0.2250000000,0.2150000000,0.0838152731,-0.5589051964,1.6719266473,0.0305705331,0.4850000000,0.1205197079,-0.0825719703,1.6228681631,-0.1173917602,0.4850000000,0.1205197079,-0.0825719703,1.6228681631,-0.1173917602
