Instance,INF_avg,INF_sd,INF_r1,INF_kr,INF_sk,SUP_avg,SUP_sd,SUP_r1,SUP_kr,SUP_sk,INC_avg,INC_sd,INC_r1,INC_kr,INC_sk,IND_avg,IND_sd,IND_r1,IND_kr,IND_sk
45,0.1836000000,0.0252198335,-0.1245765959,2.9835191176,-0.2170018350,0.3618000000,0.0314127363,0.0514032520,2.7960575695,-0.1929015220,0.4546000000,0.0324012345,0.0031034309,2.1103264752,-0.1546363673,0.4546000000,0.0324012345,0.0031034309,2.1103264752,-0.1546363673
