Instance,INF_avg,INF_sd,INF_r1,INF_kr,INF_sk,SUP_avg,SUP_sd,SUP_r1,SUP_kr,SUP_sk,INC_avg,INC_sd,INC_r1,INC_kr,INC_sk,IND_avg,IND_sd,IND_r1,IND_kr,IND_sk
19,0.2410000000,0.0529433660,0.0714201113,2.5803683149,0.0851076706,0.2420000000,0.0616116872,0.0390209332,2.7575996473,-0.0632124537,0.5170000000,0.0722979944,-0.0454742860,2.7083323558,-0.1923516512,0.5170000000,0.0722979944,-0.0454742860,2.7083323558,-0.1923516512
