Instance,INF_avg,INF_sd,INF_r1,INF_kr,INF_sk,SUP_avg,SUP_sd,SUP_r1,SUP_kr,SUP_sk,INC_avg,INC_sd,INC_r1,INC_kr,INC_sk,IND_avg,IND_sd,IND_r1,IND_kr,IND_sk
344,0.3550000000,0.0850000000,-0.3167259786,1.8574609978,-0.4005699165,0.1500000000,0.0500000000,-0.0000000000,2.2000000000,0.6000000000,0.4950000000,0.0960468636,-0.3139695712,3.8103201357,0.1422070027,0.4950000000,0.0960468636,-0.3139695712,3.8103201357,0.1422070027
