Instance,INF_avg,INF_sd,INF_r1,INF_kr,INF_sk,SUP_avg,SUP_sd,SUP_r1,SUP_kr,SUP_sk,INC_avg,INC_sd,INC_r1,INC_kr,INC_sk,IND_avg,IND_sd,IND_r1,IND_kr,IND_sk
303,0.2620000000,0.1617281670,-0.0825673755,2.7305536831,0.3869015004,0.2230000000,0.1455025773,0.0459430696,4.4590498724,0.8430737692,0.5150000000,0.1669580786,-0.0729154490,2.6874403266,-0.1606697462,0.5150000000,0.1669580786,-0.0729154490,2.6874403266,-0.1606697462
