Instance,INF_avg,INF_sd,INF_r1,INF_kr,INF_sk,SUP_avg,SUP_sd,SUP_r1,SUP_kr,SUP_sk,INC_avg,INC_sd,INC_r1,INC_kr,INC_sk,IND_avg,IND_sd,IND_r1,IND_kr,IND_sk
282,0.2592000000,0.0347614729,-0.1556513026,3.1203483212,0.1892797190,0.2560000000,0.0399499687,-0.2113899614,2.6296804040,-0.1631740200,0.4848000000,0.0308051944,-0.4305309484,2.5118575833,0.0403444103,0.4848000000,0.0308051944,-0.4305309484,2.5118575833,0.0403444103
