Instance,INF_avg,INF_sd,INF_r1,INF_kr,INF_sk,SUP_avg,SUP_sd,SUP_r1,SUP_kr,SUP_sk,INC_avg,INC_sd,INC_r1,INC_kr,INC_sk,IND_avg,IND_sd,IND_r1,IND_kr,IND_sk
474,0.2788000000,0.0761482764,0.1442986686,2.3694444728,0.2462155088,0.2696000000,0.0679105294,0.1333875988,2.3397656639,0.0236732109,0.4516000000,0.0740907552,0.0298203035,3.4160262524,0.0854810911,0.4516000000,0.0740907552,0.0298203035,3.4160262524,0.0854810911
