Instance,INF_avg,INF_sd,INF_r1,INF_kr,INF_sk,SUP_avg,SUP_sd,SUP_r1,SUP_kr,SUP_sk,INC_avg,INC_sd,INC_r1,INC_kr,INC_sk,IND_avg,IND_sd,IND_r1,IND_kr,IND_sk
499,0.3000000000,0.0551361950,-0.1363636364,1.5027700831,0.1718233224,0.2120000000,0.0699714227,-0.6284403670,2.5251185441,0.9236263670,0.4880000000,0.0926066952,-0.4754098361,1.3968589886,-0.2436882574,0.4880000000,0.0926066952,-0.4754098361,1.3968589886,-0.2436882574
