Instance,INF_avg,INF_sd,INF_r1,INF_kr,INF_sk,SUP_avg,SUP_sd,SUP_r1,SUP_kr,SUP_sk,INC_avg,INC_sd,INC_r1,INC_kr,INC_sk,IND_avg,IND_sd,IND_r1,IND_kr,IND_sk
240,0.2010000000,0.0283548938,-0.5045094288,1.6906326576,-0.1047490877,0.3350000000,0.0192353841,-0.3230769231,2.5000000000,0.8851929846,0.4640000000,0.0131909060,-0.6217798595,2.1575505351,0.2169728883,0.4640000000,0.0131909060,-0.6217798595,2.1575505351,0.2169728883
