Instance,INF_avg,INF_sd,INF_r1,INF_kr,INF_sk,SUP_avg,SUP_sd,SUP_r1,SUP_kr,SUP_sk,INC_avg,INC_sd,INC_r1,INC_kr,INC_sk,IND_avg,IND_sd,IND_r1,IND_kr,IND_sk
102,0.2800000000,0.0234520788,-0.3606557377,1.4685950413,-0.4070195494,0.2350000000,0.0275680975,-0.5314685315,1.8533587258,0.4939920519,0.4850000000,0.0192353841,0.2068965517,1.2728268809,-0.2107602344,0.4850000000,0.0192353841,0.2068965517,1.2728268809,-0.2107602344
