Instance,INF_avg,INF_sd,INF_r1,INF_kr,INF_sk,SUP_avg,SUP_sd,SUP_r1,SUP_kr,SUP_sk,INC_avg,INC_sd,INC_r1,INC_kr,INC_sk,IND_avg,IND_sd,IND_r1,IND_kr,IND_sk
459,0.2190000000,0.1172134805,-0.0303641419,3.5078894498,0.5961378414,0.2600000000,0.1319090596,-0.0148802604,3.9896948078,0.5541958112,0.5210000000,0.1380543371,0.0039791352,3.1988658298,-0.1520148234,0.5210000000,0.1380543371,0.0039791352,3.1988658298,-0.1520148234
