Instance,INF_avg,INF_sd,INF_r1,INF_kr,INF_sk,SUP_avg,SUP_sd,SUP_r1,SUP_kr,SUP_sk,INC_avg,INC_sd,INC_r1,INC_kr,INC_sk,IND_avg,IND_sd,IND_r1,IND_kr,IND_sk
252,0.2400000000,0.1200000000,-0.2925969448,4.0833333333,1.0000000000,0.1960000000,0.1535708306,-0.3963169212,3.5512529250,1.0610902447,0.5640000000,0.1786169085,-0.1004119131,3.3571481747,-0.9665036931,0.5640000000,0.1786169085,-0.1004119131,3.3571481747,-0.9665036931
