Instance,INF_avg,INF_sd,INF_r1,INF_kr,INF_sk,SUP_avg,SUP_sd,SUP_r1,SUP_kr,SUP_sk,INC_avg,INC_sd,INC_r1,INC_kr,INC_sk,IND_avg,IND_sd,IND_r1,IND_kr,IND_sk
25,0.2800000000,0.0418330013,-0.1115241636,1.3597551020,0.3995478494,0.2260000000,0.0391663121,-0.0682740511,1.4613064327,0.4680671522,0.4940000000,0.0302324329,-0.0013717421,2.6851481214,0.9614784817,0.4940000000,0.0302324329,-0.0013717421,2.6851481214,0.9614784817
