Instance,INF_avg,INF_sd,INF_r1,INF_kr,INF_sk,SUP_avg,SUP_sd,SUP_r1,SUP_kr,SUP_sk,INC_avg,INC_sd,INC_r1,INC_kr,INC_sk,IND_avg,IND_sd,IND_r1,IND_kr,IND_sk
36,0.2690000000,0.0274590604,-0.0241443354,2.6198066545,-0.6816030875,0.3630000000,0.0294278779,0.0679639030,1.3615225427,-0.0508543565,0.3680000000,0.0250199920,-0.0099958351,2.1377221366,-0.6343808771,0.3680000000,0.0250199920,-0.0099958351,2.1377221366,-0.6343808771
