Instance,INF_avg,INF_sd,INF_r1,INF_kr,INF_sk,SUP_avg,SUP_sd,SUP_r1,SUP_kr,SUP_sk,INC_avg,INC_sd,INC_r1,INC_kr,INC_sk,IND_avg,IND_sd,IND_r1,IND_kr,IND_sk
316,0.2596000000,0.0760515615,0.1377627112,3.7188606463,0.7443577078,0.2368000000,0.0666165145,-0.0296709578,2.5711161956,-0.0874231364,0.5036000000,0.0741555123,-0.0991058668,3.7549714470,0.2438636159,0.5036000000,0.0741555123,-0.0991058668,3.7549714470,0.2438636159
