Instance,INF_avg,INF_sd,INF_r1,INF_kr,INF_sk,SUP_avg,SUP_sd,SUP_r1,SUP_kr,SUP_sk,INC_avg,INC_sd,INC_r1,INC_kr,INC_sk,IND_avg,IND_sd,IND_r1,IND_kr,IND_sk
339,0.2180000000,0.0312409987,0.3221110100,1.1941010481,-0.3652199526,0.3000000000,0.0268328157,-0.6666666667,1.2500000000,-0.0000000000,0.4820000000,0.0411825206,0.1825095057,2.0685297259,0.4068404933,0.4820000000,0.0411825206,0.1825095057,2.0685297259,0.4068404933
