Instance,INF_avg,INF_sd,INF_r1,INF_kr,INF_sk,SUP_avg,SUP_sd,SUP_r1,SUP_kr,SUP_sk,INC_avg,INC_sd,INC_r1,INC_kr,INC_sk,IND_avg,IND_sd,IND_r1,IND_kr,IND_sk
369,0.3965333333,0.1046326059,0.7206911810,2.2720760252,-0.0579703777,0.1052000000,0.0747771801,0.8459012318,2.8942829224,0.9036270138,0.4982666667,0.0590451428,0.1486885994,2.8762888489,-0.1092015033,0.4982666667,0.0590451428,0.1486885994,2.8762888489,-0.1092015033
