Instance,INF_avg,INF_sd,INF_r1,INF_kr,INF_sk,SUP_avg,SUP_sd,SUP_r1,SUP_kr,SUP_sk,INC_avg,INC_sd,INC_r1,INC_kr,INC_sk,IND_avg,IND_sd,IND_r1,IND_kr,IND_sk
170,0.2511000000,0.0293477427,0.1020647028,4.8674403477,1.2101519997,0.2477000000,0.0267247077,-0.0763881975,3.0171491380,0.1560071074,0.5012000000,0.0288194379,0.2109325242,2.6603228173,-0.2841605370,0.5012000000,0.0288194379,0.2109325242,2.6603228173,-0.2841605370
