Instance,INF_avg,INF_sd,INF_r1,INF_kr,INF_sk,SUP_avg,SUP_sd,SUP_r1,SUP_kr,SUP_sk,INC_avg,INC_sd,INC_r1,INC_kr,INC_sk,IND_avg,IND_sd,IND_r1,IND_kr,IND_sk
353,0.2464000000,0.0629209027,0.1484247964,2.3897203190,0.2821456866,0.3296000000,0.0850637408,0.0955663554,2.8177394869,0.3119426410,0.4240000000,0.0779743548,0.0188738929,2.6244321330,-0.0413091284,0.4240000000,0.0779743548,0.0188738929,2.6244321330,-0.0413091284
