Instance,INF_avg,INF_sd,INF_r1,INF_kr,INF_sk,SUP_avg,SUP_sd,SUP_r1,SUP_kr,SUP_sk,INC_avg,INC_sd,INC_r1,INC_kr,INC_sk,IND_avg,IND_sd,IND_r1,IND_kr,IND_sk
499,0.2510000000,0.0460543158,0.0107215744,2.5842224352,0.5783712510,0.2636000000,0.0524503575,-0.0420223795,2.1804068059,0.4657335931,0.4854000000,0.0478418227,0.0957935937,2.9381522520,0.3245898516,0.4854000000,0.0478418227,0.0957935937,2.9381522520,0.3245898516
