Instance,INF_avg,INF_sd,INF_r1,INF_kr,INF_sk,SUP_avg,SUP_sd,SUP_r1,SUP_kr,SUP_sk,INC_avg,INC_sd,INC_r1,INC_kr,INC_sk,IND_avg,IND_sd,IND_r1,IND_kr,IND_sk
327,0.2360000000,0.0685857128,-0.1528268551,3.3601971401,-0.7522242553,0.2140000000,0.0521919534,0.4982539974,1.3076067198,-0.0081029251,0.5500000000,0.0904433524,0.0457354759,3.3690915286,1.0348370500,0.5500000000,0.0904433524,0.0457354759,3.3690915286,1.0348370500
