Instance,INF_avg,INF_sd,INF_r1,INF_kr,INF_sk,SUP_avg,SUP_sd,SUP_r1,SUP_kr,SUP_sk,INC_avg,INC_sd,INC_r1,INC_kr,INC_sk,IND_avg,IND_sd,IND_r1,IND_kr,IND_sk
439,0.3775789474,0.0810810613,0.6529687783,2.5083997095,0.0410458189,0.0944210526,0.0600476265,0.7597953710,3.4433226962,0.8396454735,0.5280000000,0.0525677508,0.1880566145,2.4543509062,0.0019478140,0.5280000000,0.0525677508,0.1880566145,2.4543509062,0.0019478140
