Instance,INF_avg,INF_sd,INF_r1,INF_kr,INF_sk,SUP_avg,SUP_sd,SUP_r1,SUP_kr,SUP_sk,INC_avg,INC_sd,INC_r1,INC_kr,INC_sk,IND_avg,IND_sd,IND_r1,IND_kr,IND_sk
89,0.2380000000,0.1088852607,-0.0233938118,2.7172234151,0.4713947038,0.2960000000,0.1009158065,-0.0078081701,2.5712903009,0.3135775686,0.4660000000,0.1172348071,-0.0319935522,2.6318362988,-0.2940577769,0.4660000000,0.1172348071,-0.0319935522,2.6318362988,-0.2940577769
