Instance,INF_avg,INF_sd,INF_r1,INF_kr,INF_sk,SUP_avg,SUP_sd,SUP_r1,SUP_kr,SUP_sk,INC_avg,INC_sd,INC_r1,INC_kr,INC_sk,IND_avg,IND_sd,IND_r1,IND_kr,IND_sk
66,0.2588000000,0.0435265436,-0.3074855906,2.5933886431,-0.0278650780,0.2438000000,0.0474506059,0.0145993713,2.2603747886,0.2075793970,0.4974000000,0.0531341698,-0.0456160860,2.5869357579,0.1835794529,0.4974000000,0.0531341698,-0.0456160860,2.5869357579,0.1835794529
