Instance,INF_avg,INF_sd,INF_r1,INF_kr,INF_sk,SUP_avg,SUP_sd,SUP_r1,SUP_kr,SUP_sk,INC_avg,INC_sd,INC_r1,INC_kr,INC_sk,IND_avg,IND_sd,IND_r1,IND_kr,IND_sk
61,0.3400000000,0.1019803903,0.2578125000,3.7307692308,-0.8598938233,0.1400000000,0.1200000000,-0.4245014245,2.7870370370,0.5833333333,0.5200000000,0.1469693846,0.0630797774,2.9670781893,-0.5367709004,0.5200000000,0.1469693846,0.0630797774,2.9670781893,-0.5367709004
