Instance,INF_avg,INF_sd,INF_r1,INF_kr,INF_sk,SUP_avg,SUP_sd,SUP_r1,SUP_kr,SUP_sk,INC_avg,INC_sd,INC_r1,INC_kr,INC_sk,IND_avg,IND_sd,IND_r1,IND_kr,IND_sk
416,0.2869047619,0.0926202718,0.1033344521,3.3092492990,0.0037118073,0.1916666667,0.0950668103,0.0775774762,2.8525522309,0.4264530318,0.5214285714,0.1075389504,-0.0200094162,2.3332006920,0.2701776588,0.5214285714,0.1075389504,-0.0200094162,2.3332006920,0.2701776588
