Instance,INF_avg,INF_sd,INF_r1,INF_kr,INF_sk,SUP_avg,SUP_sd,SUP_r1,SUP_kr,SUP_sk,INC_avg,INC_sd,INC_r1,INC_kr,INC_sk,IND_avg,IND_sd,IND_r1,IND_kr,IND_sk
284,0.3240000000,0.1530490118,0.0437990559,2.5096216295,0.2955765895,0.2560000000,0.1185917366,-0.2061754354,2.4164870878,0.1808481736,0.4200000000,0.1456021978,0.3129622421,2.8127447490,-0.0777512626,0.4200000000,0.1456021978,0.3129622421,2.8127447490,-0.0777512626
