Instance,INF_avg,INF_sd,INF_r1,INF_kr,INF_sk,SUP_avg,SUP_sd,SUP_r1,SUP_kr,SUP_sk,INC_avg,INC_sd,INC_r1,INC_kr,INC_sk,IND_avg,IND_sd,IND_r1,IND_kr,IND_sk
19,0.2552000000,0.0669997015,-0.0053389918,3.0578616688,-0.1741207661,0.2824000000,0.0588747824,-0.2380176633,3.7230465179,-0.4281324333,0.4624000000,0.0623076239,-0.1348960459,2.8107316388,-0.1354563038,0.4624000000,0.0623076239,-0.1348960459,2.8107316388,-0.1354563038
