Instance,INF_avg,INF_sd,INF_r1,INF_kr,INF_sk,SUP_avg,SUP_sd,SUP_r1,SUP_kr,SUP_sk,INC_avg,INC_sd,INC_r1,INC_kr,INC_sk,IND_avg,IND_sd,IND_r1,IND_kr,IND_sk
289,0.2000000000,0.1095445115,-0.0172413793,3.3333333333,0.6846531969,0.2960000000,0.1190965994,0.0218491600,2.6589465216,-0.1182335880,0.5040000000,0.1085541340,0.0361865948,2.3124433973,0.6476913383,0.5040000000,0.1085541340,0.0361865948,2.3124433973,0.6476913383
