Instance,INF_avg,INF_sd,INF_r1,INF_kr,INF_sk,SUP_avg,SUP_sd,SUP_r1,SUP_kr,SUP_sk,INC_avg,INC_sd,INC_r1,INC_kr,INC_sk,IND_avg,IND_sd,IND_r1,IND_kr,IND_sk
0,0.2000000000,0.1264911064,-0.1428571429,1.5625000000,0.5929270613,0.2600000000,0.1496662955,0.3478260870,1.8469387755,0.3436215967,0.5400000000,0.1496662955,0.1774891775,2.1339285714,0.7301958931,0.5400000000,0.1496662955,0.1774891775,2.1339285714,0.7301958931
