Instance,INF_avg,INF_sd,INF_r1,INF_kr,INF_sk,SUP_avg,SUP_sd,SUP_r1,SUP_kr,SUP_sk,INC_avg,INC_sd,INC_r1,INC_kr,INC_sk,IND_avg,IND_sd,IND_r1,IND_kr,IND_sk
82,0.2624000000,0.0352454252,0.3582783591,3.3651174311,0.0228865464,0.2250000000,0.0450777107,0.4229249012,2.8703151156,0.4231537685,0.5126000000,0.0360033332,0.0852645535,3.2549419423,0.2147412728,0.5126000000,0.0360033332,0.0852645535,3.2549419423,0.2147412728
