Instance,INF_avg,INF_sd,INF_r1,INF_kr,INF_sk,SUP_avg,SUP_sd,SUP_r1,SUP_kr,SUP_sk,INC_avg,INC_sd,INC_r1,INC_kr,INC_sk,IND_avg,IND_sd,IND_r1,IND_kr,IND_sk
69,0.3060000000,0.0335261092,-0.0234034113,4.5841238080,-1.4501896641,0.2190000000,0.0320780299,-0.0223304053,1.4264436303,-0.2003132987,0.4750000000,0.0358468967,-0.2397660819,1.7899589699,0.3191263340,0.4750000000,0.0358468967,-0.2397660819,1.7899589699,0.3191263340
