Instance,INF_avg,INF_sd,INF_r1,INF_kr,INF_sk,SUP_avg,SUP_sd,SUP_r1,SUP_kr,SUP_sk,INC_avg,INC_sd,INC_r1,INC_kr,INC_sk,IND_avg,IND_sd,IND_r1,IND_kr,IND_sk
69,0.3066666667,0.1339983416,-0.0402521823,2.4204244682,0.5433297133,0.1933333333,0.0997775303,0.1722905915,2.6321747449,0.1336306210,0.5000000000,0.1632993162,0.0256410256,3.5250000000,-0.5511351921,0.5000000000,0.1632993162,0.0256410256,3.5250000000,-0.5511351921
