Instance,INF_avg,INF_sd,INF_r1,INF_kr,INF_sk,SUP_avg,SUP_sd,SUP_r1,SUP_kr,SUP_sk,INC_avg,INC_sd,INC_r1,INC_kr,INC_sk,IND_avg,IND_sd,IND_r1,IND_kr,IND_sk
345,0.2347000000,0.0486919911,0.7091721349,2.2167826754,-0.0321900092,0.2656500000,0.0386177097,0.4819402166,3.3194368159,-0.1097314105,0.4996500000,0.0428033585,0.5587664056,2.2718051076,-0.0650012061,0.4996500000,0.0428033585,0.5587664056,2.2718051076,-0.0650012061
