Instance,INF_avg,INF_sd,INF_r1,INF_kr,INF_sk,SUP_avg,SUP_sd,SUP_r1,SUP_kr,SUP_sk,INC_avg,INC_sd,INC_r1,INC_kr,INC_sk,IND_avg,IND_sd,IND_r1,IND_kr,IND_sk
308,0.2495000000,0.0996230395,-0.0788237740,2.8036855807,0.4385783787,0.2805000000,0.0961496230,-0.1352714212,3.0022167991,0.3931723673,0.4700000000,0.1090871211,-0.2040306606,2.4891603700,0.1063062123,0.4700000000,0.1090871211,-0.2040306606,2.4891603700,0.1063062123
