Instance,INF_avg,INF_sd,INF_r1,INF_kr,INF_sk,SUP_avg,SUP_sd,SUP_r1,SUP_kr,SUP_sk,INC_avg,INC_sd,INC_r1,INC_kr,INC_sk,IND_avg,IND_sd,IND_r1,IND_kr,IND_sk
430,0.2776000000,0.0503809488,-0.0253073905,2.6667852999,0.2255973668,0.2176000000,0.0428280282,-0.1377106088,3.0827876361,0.1316288488,0.5048000000,0.0484247870,0.0464921281,2.2801153916,0.2765374345,0.5048000000,0.0484247870,0.0464921281,2.2801153916,0.2765374345
