Instance,INF_avg,INF_sd,INF_r1,INF_kr,INF_sk,SUP_avg,SUP_sd,SUP_r1,SUP_kr,SUP_sk,INC_avg,INC_sd,INC_r1,INC_kr,INC_sk,IND_avg,IND_sd,IND_r1,IND_kr,IND_sk
446,0.2400000000,0.0258843582,-0.1132075472,2.2193138784,0.7005902256,0.2640000000,0.0139283883,-0.5606595995,1.5209374004,0.3730421773,0.4960000000,0.0288790582,-0.6586073501,2.9626399600,-1.2799596364,0.4960000000,0.0288790582,-0.6586073501,2.9626399600,-1.2799596364
