Instance,INF_avg,INF_sd,INF_r1,INF_kr,INF_sk,SUP_avg,SUP_sd,SUP_r1,SUP_kr,SUP_sk,INC_avg,INC_sd,INC_r1,INC_kr,INC_sk,IND_avg,IND_sd,IND_r1,IND_kr,IND_sk
251,0.2280000000,0.0928224111,0.3340183430,2.2058682040,0.0178854127,0.2640000000,0.0842852300,0.0322227892,2.7209870343,-0.0436099620,0.5080000000,0.1163443166,0.2413170309,3.1020624801,-0.2891576053,0.5080000000,0.1163443166,0.2413170309,3.1020624801,-0.2891576053
