Instance,INF_avg,INF_sd,INF_r1,INF_kr,INF_sk,SUP_avg,SUP_sd,SUP_r1,SUP_kr,SUP_sk,INC_avg,INC_sd,INC_r1,INC_kr,INC_sk,IND_avg,IND_sd,IND_r1,IND_kr,IND_sk
225,0.2519000000,0.0332849816,0.1630031581,2.9318324246,0.3171612115,0.2718000000,0.0353660854,-0.2253636601,3.2129662563,0.4609540268,0.4763000000,0.0311096448,0.0961005902,3.0278672938,-0.6524514739,0.4763000000,0.0311096448,0.0961005902,3.0278672938,-0.6524514739
