Instance,INF_avg,INF_sd,INF_r1,INF_kr,INF_sk,SUP_avg,SUP_sd,SUP_r1,SUP_kr,SUP_sk,INC_avg,INC_sd,INC_r1,INC_kr,INC_sk,IND_avg,IND_sd,IND_r1,IND_kr,IND_sk
356,0.2800000000,0.0748331477,0.4155844156,2.1339285714,-0.7301958931,0.2800000000,0.0509901951,-0.7283950617,1.9556213018,-0.2715454179,0.4400000000,0.0969535971,0.5437956204,1.5439112721,-0.0460847791,0.4400000000,0.0969535971,0.5437956204,1.5439112721,-0.0460847791
