Instance,INF_avg,INF_sd,INF_r1,INF_kr,INF_sk,SUP_avg,SUP_sd,SUP_r1,SUP_kr,SUP_sk,INC_avg,INC_sd,INC_r1,INC_kr,INC_sk,IND_avg,IND_sd,IND_r1,IND_kr,IND_sk
183,0.2630000000,0.0659317829,0.1296347936,2.8083442203,-0.1139894542,0.2718000000,0.0585897602,-0.2560353714,3.8308795505,0.3132250785,0.4652000000,0.0661888208,0.1985377189,2.3061368936,-0.0270495858,0.4652000000,0.0661888208,0.1985377189,2.3061368936,-0.0270495858
