Instance,INF_avg,INF_sd,INF_r1,INF_kr,INF_sk,SUP_avg,SUP_sd,SUP_r1,SUP_kr,SUP_sk,INC_avg,INC_sd,INC_r1,INC_kr,INC_sk,IND_avg,IND_sd,IND_r1,IND_kr,IND_sk
267,0.3153846154,0.0968436793,-0.1404621106,2.6852441561,0.1969466738,0.1307692308,0.0760527690,-0.0951165372,2.3569377490,0.4687303265,0.5538461538,0.0929465075,-0.2670513085,2.7480296491,0.0314603608,0.5538461538,0.0929465075,-0.2670513085,2.7480296491,0.0314603608
