Instance,INF_avg,INF_sd,INF_r1,INF_kr,INF_sk,SUP_avg,SUP_sd,SUP_r1,SUP_kr,SUP_sk,INC_avg,INC_sd,INC_r1,INC_kr,INC_sk,IND_avg,IND_sd,IND_r1,IND_kr,IND_sk
38,0.2560000000,0.1485395570,0.1783943852,3.8789272002,0.8536192762,0.2460000000,0.1381448515,0.0630202090,2.5095145551,0.3448213673,0.4980000000,0.1702821188,0.2698259790,2.3996820926,0.0068828350,0.4980000000,0.1702821188,0.2698259790,2.3996820926,0.0068828350
