Instance,INF_avg,INF_sd,INF_r1,INF_kr,INF_sk,SUP_avg,SUP_sd,SUP_r1,SUP_kr,SUP_sk,INC_avg,INC_sd,INC_r1,INC_kr,INC_sk,IND_avg,IND_sd,IND_r1,IND_kr,IND_sk
275,0.4046575342,0.0838727786,0.8490040197,2.1252839294,-0.0589800680,0.1147945205,0.0706825256,0.9038456363,2.2546439881,0.5705030082,0.4805479452,0.0346910202,0.1288209225,3.1418076163,-0.2903170417,0.4805479452,0.0346910202,0.1288209225,3.1418076163,-0.2903170417
