Instance,INF_avg,INF_sd,INF_r1,INF_kr,INF_sk,SUP_avg,SUP_sd,SUP_r1,SUP_kr,SUP_sk,INC_avg,INC_sd,INC_r1,INC_kr,INC_sk,IND_avg,IND_sd,IND_r1,IND_kr,IND_sk
265,0.4581739130,0.1454308897,0.9354571201,1.7716727590,-0.0605402707,0.0976086957,0.0798731272,0.9283317717,2.5250488918,0.8455580624,0.4442173913,0.0793330659,0.7492137002,2.3347376303,-0.3281652829,0.4442173913,0.0793330659,0.7492137002,2.3347376303,-0.3281652829
