Instance,INF_avg,INF_sd,INF_r1,INF_kr,INF_sk,SUP_avg,SUP_sd,SUP_r1,SUP_kr,SUP_sk,INC_avg,INC_sd,INC_r1,INC_kr,INC_sk,IND_avg,IND_sd,IND_r1,IND_kr,IND_sk
277,0.2550000000,0.0986154146,0.1828071106,2.8399032520,-0.2956096779,0.2100000000,0.0768114575,0.1159135560,2.5300201092,-0.5031029102,0.5350000000,0.0838152731,-0.0648315828,2.6445587062,0.4789383520,0.5350000000,0.0838152731,-0.0648315828,2.6445587062,0.4789383520
