Instance,INF_avg,INF_sd,INF_r1,INF_kr,INF_sk,SUP_avg,SUP_sd,SUP_r1,SUP_kr,SUP_sk,INC_avg,INC_sd,INC_r1,INC_kr,INC_sk,IND_avg,IND_sd,IND_r1,IND_kr,IND_sk
420,0.2584000000,0.0690321664,-0.0642653579,2.2660244277,-0.2125484985,0.2792000000,0.0762060365,-0.0060051050,2.5624276119,-0.2555650643,0.4624000000,0.0630732907,-0.3071271665,2.8101788013,-0.5465358520,0.4624000000,0.0630732907,-0.3071271665,2.8101788013,-0.5465358520
