Instance,INF_avg,INF_sd,INF_r1,INF_kr,INF_sk,SUP_avg,SUP_sd,SUP_r1,SUP_kr,SUP_sk,INC_avg,INC_sd,INC_r1,INC_kr,INC_sk,IND_avg,IND_sd,IND_r1,IND_kr,IND_sk
349,0.2350000000,0.0776208735,0.0450691656,3.8197861607,-0.9365663149,0.2250000000,0.0602079729,0.0877192982,2.5980975030,-0.6872729367,0.5400000000,0.1135781669,0.1025641026,2.4353704705,0.3501328023,0.5400000000,0.1135781669,0.1025641026,2.4353704705,0.3501328023
