Instance,INF_avg,INF_sd,INF_r1,INF_kr,INF_sk,SUP_avg,SUP_sd,SUP_r1,SUP_kr,SUP_sk,INC_avg,INC_sd,INC_r1,INC_kr,INC_sk,IND_avg,IND_sd,IND_r1,IND_kr,IND_sk
212,0.3000000000,0.1140175425,0.0000000000,2.1449704142,-0.8095920178,0.2700000000,0.0400000000,-0.0526315789,3.2500000000,1.5000000000,0.4300000000,0.1363818170,0.0993071594,1.9991328477,0.3642525115,0.4300000000,0.1363818170,0.0993071594,1.9991328477,0.3642525115
