Instance,INF_avg,INF_sd,INF_r1,INF_kr,INF_sk,SUP_avg,SUP_sd,SUP_r1,SUP_kr,SUP_sk,INC_avg,INC_sd,INC_r1,INC_kr,INC_sk,IND_avg,IND_sd,IND_r1,IND_kr,IND_sk
474,0.2613000000,0.0453575793,0.2660684076,2.9451222030,0.3596896249,0.2257000000,0.0430175546,0.2679028757,3.0129563148,-0.0836500590,0.5130000000,0.0496286208,0.2316197243,2.8580729263,-0.0264571706,0.5130000000,0.0496286208,0.2316197243,2.8580729263,-0.0264571706
