Instance,INF_avg,INF_sd,INF_r1,INF_kr,INF_sk,SUP_avg,SUP_sd,SUP_r1,SUP_kr,SUP_sk,INC_avg,INC_sd,INC_r1,INC_kr,INC_sk,IND_avg,IND_sd,IND_r1,IND_kr,IND_sk
280,0.2280000000,0.0574108004,-0.0887096774,3.0031576963,0.2049612654,0.2540000000,0.0693108938,0.2991667618,4.0666201701,0.9162640092,0.5180000000,0.0831624915,0.2070746038,3.1328188113,-0.4633489870,0.5180000000,0.0831624915,0.2070746038,3.1328188113,-0.4633489870
