Instance,INF_avg,INF_sd,INF_r1,INF_kr,INF_sk,SUP_avg,SUP_sd,SUP_r1,SUP_kr,SUP_sk,INC_avg,INC_sd,INC_r1,INC_kr,INC_sk,IND_avg,IND_sd,IND_r1,IND_kr,IND_sk
321,0.2345000000,0.0323921287,0.1605378322,3.2390260377,0.1024348964,0.2361000000,0.0279336714,0.0989964176,3.0415935650,-0.2759078471,0.5294000000,0.0370761379,0.0448457687,2.3270622684,0.1262513205,0.5294000000,0.0370761379,0.0448457687,2.3270622684,0.1262513205
