Instance,INF_avg,INF_sd,INF_r1,INF_kr,INF_sk,SUP_avg,SUP_sd,SUP_r1,SUP_kr,SUP_sk,INC_avg,INC_sd,INC_r1,INC_kr,INC_sk,IND_avg,IND_sd,IND_r1,IND_kr,IND_sk
229,0.4250781250,0.0874731753,0.7549468518,2.4448317829,-0.2248632662,0.0947656250,0.0574859337,0.7328148705,3.2300568873,0.8826098021,0.4801562500,0.0525592579,0.2844639929,3.4404879595,0.2953087538,0.4801562500,0.0525592579,0.2844639929,3.4404879595,0.2953087538
