Instance,INF_avg,INF_sd,INF_r1,INF_kr,INF_sk,SUP_avg,SUP_sd,SUP_r1,SUP_kr,SUP_sk,INC_avg,INC_sd,INC_r1,INC_kr,INC_sk,IND_avg,IND_sd,IND_r1,IND_kr,IND_sk
299,0.2000000000,0.1000000000,-0.2222222222,2.7250000000,-0.6750000000,0.2250000000,0.0873212460,-0.7168141593,2.3071754905,0.4505691811,0.5750000000,0.1188486432,0.0400000000,2.3795911974,-0.5137790827,0.5750000000,0.1188486432,0.0400000000,2.3795911974,-0.5137790827
