Instance,INF_avg,INF_sd,INF_r1,INF_kr,INF_sk,SUP_avg,SUP_sd,SUP_r1,SUP_kr,SUP_sk,INC_avg,INC_sd,INC_r1,INC_kr,INC_sk,IND_avg,IND_sd,IND_r1,IND_kr,IND_sk
177,0.2829000000,0.0476507083,0.1420104411,2.3646558958,-0.0764222474,0.2465000000,0.0408258497,-0.0544445795,2.8239162738,0.0198944883,0.4706000000,0.0503948410,0.1612027612,2.8935050651,-0.1130725930,0.4706000000,0.0503948410,0.1612027612,2.8935050651,-0.1130725930
