Instance,INF_avg,INF_sd,INF_r1,INF_kr,INF_sk,SUP_avg,SUP_sd,SUP_r1,SUP_kr,SUP_sk,INC_avg,INC_sd,INC_r1,INC_kr,INC_sk,IND_avg,IND_sd,IND_r1,IND_kr,IND_sk
43,0.2500000000,0.0921954446,0.3939393939,2.1626297578,0.3828184550,0.3100000000,0.1135781669,0.2465016146,1.9576347575,0.6224583152,0.4400000000,0.1356465997,0.6677215190,1.7967863894,-0.2692418330,0.4400000000,0.1356465997,0.6677215190,1.7967863894,-0.2692418330
