Instance,INF_avg,INF_sd,INF_r1,INF_kr,INF_sk,SUP_avg,SUP_sd,SUP_r1,SUP_kr,SUP_sk,INC_avg,INC_sd,INC_r1,INC_kr,INC_sk,IND_avg,IND_sd,IND_r1,IND_kr,IND_sk
386,0.2575000000,0.0261963738,0.0890725436,1.7784446634,-0.5006324234,0.2495000000,0.0298705541,0.0634656525,4.5022996585,1.2823051783,0.4930000000,0.0365513338,-0.2791828794,1.9316038582,-0.0363691603,0.4930000000,0.0365513338,-0.2791828794,1.9316038582,-0.0363691603
