Instance,INF_avg,INF_sd,INF_r1,INF_kr,INF_sk,SUP_avg,SUP_sd,SUP_r1,SUP_kr,SUP_sk,INC_avg,INC_sd,INC_r1,INC_kr,INC_sk,IND_avg,IND_sd,IND_r1,IND_kr,IND_sk
83,0.2542000000,0.0315017460,-0.0401150391,2.7569725077,0.4032867376,0.2549000000,0.0295210095,0.2771505970,2.5328293739,0.1540757663,0.4909000000,0.0389832015,0.2097980503,2.8007229457,0.0683397240,0.4909000000,0.0389832015,0.2097980503,2.8007229457,0.0683397240
