Instance,INF_avg,INF_sd,INF_r1,INF_kr,INF_sk,SUP_avg,SUP_sd,SUP_r1,SUP_kr,SUP_sk,INC_avg,INC_sd,INC_r1,INC_kr,INC_sk,IND_avg,IND_sd,IND_r1,IND_kr,IND_sk
305,0.2600000000,0.0860232527,-0.5853658537,1.9945215486,0.3958703373,0.1500000000,0.0707106781,0.6666666667,1.7000000000,0.0000000000,0.5900000000,0.0860232527,-0.4878892734,2.6519357195,1.0179522960,0.5900000000,0.0860232527,-0.4878892734,2.6519357195,1.0179522960
