Instance,INF_avg,INF_sd,INF_r1,INF_kr,INF_sk,SUP_avg,SUP_sd,SUP_r1,SUP_kr,SUP_sk,INC_avg,INC_sd,INC_r1,INC_kr,INC_sk,IND_avg,IND_sd,IND_r1,IND_kr,IND_sk
324,0.3440000000,0.1358823020,-0.1112658681,3.5225994131,0.5092081406,0.2200000000,0.1296148140,0.0715667311,1.6836734694,-0.0440866714,0.4360000000,0.1261110622,-0.0887392637,2.1149452044,0.1374662603,0.4360000000,0.1261110622,-0.0887392637,2.1149452044,0.1374662603
