Instance,INF_avg,INF_sd,INF_r1,INF_kr,INF_sk,SUP_avg,SUP_sd,SUP_r1,SUP_kr,SUP_sk,INC_avg,INC_sd,INC_r1,INC_kr,INC_sk,IND_avg,IND_sd,IND_r1,IND_kr,IND_sk
240,0.4376000000,0.1149474083,0.9029110447,1.9761856145,-0.0612417030,0.0860000000,0.0696084286,0.8280356400,2.6126143386,0.8585489811,0.4764000000,0.0649233394,0.5771328995,2.5902047269,-0.0976081690,0.4764000000,0.0649233394,0.5771328995,2.5902047269,-0.0976081690
