Instance,INF_avg,INF_sd,INF_r1,INF_kr,INF_sk,SUP_avg,SUP_sd,SUP_r1,SUP_kr,SUP_sk,INC_avg,INC_sd,INC_r1,INC_kr,INC_sk,IND_avg,IND_sd,IND_r1,IND_kr,IND_sk
267,0.2200000000,0.1661324773,0.1050903120,1.7574039067,0.2041325335,0.2700000000,0.1345362405,-0.1300397501,2.0944720857,0.8032504696,0.5100000000,0.1577973384,0.2866188265,1.9692746891,0.5986021836,0.5100000000,0.1577973384,0.2866188265,1.9692746891,0.5986021836
