Instance,INF_avg,INF_sd,INF_r1,INF_kr,INF_sk,SUP_avg,SUP_sd,SUP_r1,SUP_kr,SUP_sk,INC_avg,INC_sd,INC_r1,INC_kr,INC_sk,IND_avg,IND_sd,IND_r1,IND_kr,IND_sk
66,0.2314000000,0.0432208283,-0.0615515762,3.0333299621,0.3229137674,0.2756000000,0.0429259828,-0.1352811526,2.8284436679,-0.0186096252,0.4930000000,0.0517783739,-0.1196542465,2.6482373301,-0.0114970830,0.4930000000,0.0517783739,-0.1196542465,2.6482373301,-0.0114970830
