Instance,INF_avg,INF_sd,INF_r1,INF_kr,INF_sk,SUP_avg,SUP_sd,SUP_r1,SUP_kr,SUP_sk,INC_avg,INC_sd,INC_r1,INC_kr,INC_sk,IND_avg,IND_sd,IND_r1,IND_kr,IND_sk
93,0.2160000000,0.1120000000,-0.2983299016,2.7023766139,-0.3176020408,0.2080000000,0.1494523335,-0.2757848186,2.5354122708,0.5102871833,0.5760000000,0.1656019324,-0.1479692300,2.0390667017,0.1207433529,0.5760000000,0.1656019324,-0.1479692300,2.0390667017,0.1207433529
