Instance,INF_avg,INF_sd,INF_r1,INF_kr,INF_sk,SUP_avg,SUP_sd,SUP_r1,SUP_kr,SUP_sk,INC_avg,INC_sd,INC_r1,INC_kr,INC_sk,IND_avg,IND_sd,IND_r1,IND_kr,IND_sk
362,0.3725252525,0.0981685155,0.6194574331,2.3309637539,-0.0382276977,0.1381818182,0.0770197880,0.5189732013,2.8638064354,0.6762503789,0.4892929293,0.0701693842,0.0485181809,2.6083742498,0.1205417101,0.4892929293,0.0701693842,0.0485181809,2.6083742498,0.1205417101
