Instance,INF_avg,INF_sd,INF_r1,INF_kr,INF_sk,SUP_avg,SUP_sd,SUP_r1,SUP_kr,SUP_sk,INC_avg,INC_sd,INC_r1,INC_kr,INC_sk,IND_avg,IND_sd,IND_r1,IND_kr,IND_sk
31,0.3244444444,0.0952320104,0.1720221462,2.2672642114,-0.0021981620,0.1655555556,0.0929887820,0.3886933876,3.2165035987,0.6818705024,0.5100000000,0.0879393731,-0.0434032768,4.6582936980,1.2136104025,0.5100000000,0.0879393731,-0.0434032768,4.6582936980,1.2136104025
