Instance,INF_avg,INF_sd,INF_r1,INF_kr,INF_sk,SUP_avg,SUP_sd,SUP_r1,SUP_kr,SUP_sk,INC_avg,INC_sd,INC_r1,INC_kr,INC_sk,IND_avg,IND_sd,IND_r1,IND_kr,IND_sk
58,0.2340000000,0.0452106182,-0.5715442218,3.2285300684,-1.0084567914,0.2980000000,0.0503587132,0.0195595003,3.5856710685,-0.9911228605,0.4680000000,0.0649307323,-0.1088772038,2.4824577196,-0.2721335274,0.4680000000,0.0649307323,-0.1088772038,2.4824577196,-0.2721335274
