Instance,INF_avg,INF_sd,INF_r1,INF_kr,INF_sk,SUP_avg,SUP_sd,SUP_r1,SUP_kr,SUP_sk,INC_avg,INC_sd,INC_r1,INC_kr,INC_sk,IND_avg,IND_sd,IND_r1,IND_kr,IND_sk
255,0.2120000000,0.0854166260,-0.5550239234,2.2746999077,-0.8478566294,0.2720000000,0.0545527268,-0.0814249364,1.8950745751,-0.7001217104,0.5160000000,0.0773563184,-0.6750418760,1.4078326518,0.0273752306,0.5160000000,0.0773563184,-0.6750418760,1.4078326518,0.0273752306
