Instance,INF_avg,INF_sd,INF_r1,INF_kr,INF_sk,SUP_avg,SUP_sd,SUP_r1,SUP_kr,SUP_sk,INC_avg,INC_sd,INC_r1,INC_kr,INC_sk,IND_avg,IND_sd,IND_r1,IND_kr,IND_sk
426,0.2120000000,0.0394461658,0.1439816333,2.8607199265,-0.3249360348,0.2330000000,0.0374299345,0.3268458173,1.7593719384,0.2224284360,0.5550000000,0.0385356977,-0.1973018550,2.2771485903,0.4246357877,0.5550000000,0.0385356977,-0.1973018550,2.2771485903,0.4246357877
