Instance,INF_avg,INF_sd,INF_r1,INF_kr,INF_sk,SUP_avg,SUP_sd,SUP_r1,SUP_kr,SUP_sk,INC_avg,INC_sd,INC_r1,INC_kr,INC_sk,IND_avg,IND_sd,IND_r1,IND_kr,IND_sk
389,0.2930000000,0.1457772273,0.0736881349,2.7966364283,0.1409381610,0.2460000000,0.1424219084,0.0004362666,2.8895492331,0.4235099634,0.4610000000,0.1617992583,0.2166565488,2.4383952156,-0.1765305492,0.4610000000,0.1617992583,0.2166565488,2.4383952156,-0.1765305492
