Instance,INF_avg,INF_sd,INF_r1,INF_kr,INF_sk,SUP_avg,SUP_sd,SUP_r1,SUP_kr,SUP_sk,INC_avg,INC_sd,INC_r1,INC_kr,INC_sk,IND_avg,IND_sd,IND_r1,IND_kr,IND_sk
209,0.2222500000,0.0299530883,-0.0665072607,3.9725103301,0.1977351870,0.2941500000,0.0315440565,-0.1482474172,2.0907094211,0.2390841927,0.4836000000,0.0383476205,-0.2018987863,2.3686563033,-0.0231148870,0.4836000000,0.0383476205,-0.2018987863,2.3686563033,-0.0231148870
