Instance,INF_avg,INF_sd,INF_r1,INF_kr,INF_sk,SUP_avg,SUP_sd,SUP_r1,SUP_kr,SUP_sk,INC_avg,INC_sd,INC_r1,INC_kr,INC_sk,IND_avg,IND_sd,IND_r1,IND_kr,IND_sk
221,0.2995000000,0.1156492542,0.2321677931,3.0210932836,0.4873429427,0.2690000000,0.1163572086,0.1910911554,2.8242426001,0.1929196833,0.4315000000,0.1080867707,0.1448028648,3.1451203468,0.1076809918,0.4315000000,0.1080867707,0.1448028648,3.1451203468,0.1076809918
