Instance,INF_avg,INF_sd,INF_r1,INF_kr,INF_sk,SUP_avg,SUP_sd,SUP_r1,SUP_kr,SUP_sk,INC_avg,INC_sd,INC_r1,INC_kr,INC_sk,IND_avg,IND_sd,IND_r1,IND_kr,IND_sk
274,0.3583206107,0.1006858365,0.5610928221,2.4402700371,0.1222570398,0.1474809160,0.0763413738,0.6182414061,2.4222566225,0.3879404738,0.4941984733,0.0685504684,0.0127548453,2.4523419150,-0.0245579051,0.4941984733,0.0685504684,0.0127548453,2.4523419150,-0.0245579051
