Instance,INF_avg,INF_sd,INF_r1,INF_kr,INF_sk,SUP_avg,SUP_sd,SUP_r1,SUP_kr,SUP_sk,INC_avg,INC_sd,INC_r1,INC_kr,INC_sk,IND_avg,IND_sd,IND_r1,IND_kr,IND_sk
424,0.2448000000,0.0419637939,-0.1280362868,2.4230389556,0.2367036219,0.2316000000,0.0414420077,-0.1141701713,2.3569077764,0.3584473832,0.5236000000,0.0519137747,0.0784275390,2.6558864360,-0.4648218697,0.5236000000,0.0519137747,0.0784275390,2.6558864360,-0.4648218697
