Instance,INF_avg,INF_sd,INF_r1,INF_kr,INF_sk,SUP_avg,SUP_sd,SUP_r1,SUP_kr,SUP_sk,INC_avg,INC_sd,INC_r1,INC_kr,INC_sk,IND_avg,IND_sd,IND_r1,IND_kr,IND_sk
239,0.2800000000,0.0521536192,-0.5600000000,1.6003460208,-0.4060402882,0.2560000000,0.0320000000,0.8387096774,2.0781250000,-0.8437500000,0.4640000000,0.0496386946,-0.2808842653,1.3240850059,0.0062791400,0.4640000000,0.0496386946,-0.2808842653,1.3240850059,0.0062791400
