Instance,INF_avg,INF_sd,INF_r1,INF_kr,INF_sk,SUP_avg,SUP_sd,SUP_r1,SUP_kr,SUP_sk,INC_avg,INC_sd,INC_r1,INC_kr,INC_sk,IND_avg,IND_sd,IND_r1,IND_kr,IND_sk
384,0.2444000000,0.0729152933,-0.1551552365,2.1120848184,-0.0801333184,0.2804000000,0.0711606633,0.0681071419,3.0387430116,0.4950886716,0.4752000000,0.0782365643,0.2131163877,2.3746253858,0.3045680308,0.4752000000,0.0782365643,0.2131163877,2.3746253858,0.3045680308
