Instance,INF_avg,INF_sd,INF_r1,INF_kr,INF_sk,SUP_avg,SUP_sd,SUP_r1,SUP_kr,SUP_sk,INC_avg,INC_sd,INC_r1,INC_kr,INC_sk,IND_avg,IND_sd,IND_r1,IND_kr,IND_sk
19,0.2120000000,0.1336263447,-0.1398453458,2.2571106486,0.1825021617,0.3520000000,0.1170299107,0.0143959353,2.5408769325,0.1015795910,0.4360000000,0.1546091847,-0.3234237719,3.1272533239,0.1005774711,0.4360000000,0.1546091847,-0.3234237719,3.1272533239,0.1005774711
