Instance,INF_avg,INF_sd,INF_r1,INF_kr,INF_sk,SUP_avg,SUP_sd,SUP_r1,SUP_kr,SUP_sk,INC_avg,INC_sd,INC_r1,INC_kr,INC_sk,IND_avg,IND_sd,IND_r1,IND_kr,IND_sk
52,0.2430000000,0.0386846223,0.2790832023,2.1015073706,0.1627958153,0.2390000000,0.0383927076,0.0655988581,2.2748338915,-0.2084170812,0.5180000000,0.0434741302,0.2878023206,2.7429923574,-0.0906030521,0.5180000000,0.0434741302,0.2878023206,2.7429923574,-0.0906030521
