Instance,INF_avg,INF_sd,INF_r1,INF_kr,INF_sk,SUP_avg,SUP_sd,SUP_r1,SUP_kr,SUP_sk,INC_avg,INC_sd,INC_r1,INC_kr,INC_sk,IND_avg,IND_sd,IND_r1,IND_kr,IND_sk
216,0.2300000000,0.0252982213,0.5357142857,1.2695312500,-0.2223476480,0.3180000000,0.0495580468,-0.5405117271,2.2768464387,-0.8269840323,0.4520000000,0.0444522215,-1.0401337793,1.2917848186,0.2770567825,0.4520000000,0.0444522215,-1.0401337793,1.2917848186,0.2770567825
