Instance,INF_avg,INF_sd,INF_r1,INF_kr,INF_sk,SUP_avg,SUP_sd,SUP_r1,SUP_kr,SUP_sk,INC_avg,INC_sd,INC_r1,INC_kr,INC_sk,IND_avg,IND_sd,IND_r1,IND_kr,IND_sk
8,0.4678518519,0.1100126941,0.7752576640,2.2913619238,-0.3384988863,0.1001481481,0.0721930045,0.8273403369,3.4573988285,0.9823309748,0.4320000000,0.0592146128,0.3030731101,2.5448099304,0.0239658971,0.4320000000,0.0592146128,0.3030731101,2.5448099304,0.0239658971
