Instance,INF_avg,INF_sd,INF_r1,INF_kr,INF_sk,SUP_avg,SUP_sd,SUP_r1,SUP_kr,SUP_sk,INC_avg,INC_sd,INC_r1,INC_kr,INC_sk,IND_avg,IND_sd,IND_r1,IND_kr,IND_sk
140,0.4773096447,0.1011049139,0.8799125401,2.4090230763,-0.5235256542,0.0847208122,0.0666382630,0.8923326871,3.3483669774,1.0168201274,0.4379695431,0.0495813856,0.4026014065,2.7416352579,0.0327705632,0.4379695431,0.0495813856,0.4026014065,2.7416352579,0.0327705632
