Instance,INF_avg,INF_sd,INF_r1,INF_kr,INF_sk,SUP_avg,SUP_sd,SUP_r1,SUP_kr,SUP_sk,INC_avg,INC_sd,INC_r1,INC_kr,INC_sk,IND_avg,IND_sd,IND_r1,IND_kr,IND_sk
58,0.3235294118,0.1214103967,-0.3460162925,2.5824985122,0.4795542078,0.1794117647,0.1015451559,-0.0245421024,2.3485372281,0.2303530433,0.4970588235,0.0992183988,-0.3650654543,3.1988951727,-0.4605936997,0.4970588235,0.0992183988,-0.3650654543,3.1988951727,-0.4605936997
