Instance,INF_avg,INF_sd,INF_r1,INF_kr,INF_sk,SUP_avg,SUP_sd,SUP_r1,SUP_kr,SUP_sk,INC_avg,INC_sd,INC_r1,INC_kr,INC_sk,IND_avg,IND_sd,IND_r1,IND_kr,IND_sk
454,0.2500000000,0.0632455532,0.0000000000,1.5625000000,0.5929270613,0.2300000000,0.0678232998,-0.3122171946,2.3638941399,0.7500308204,0.5200000000,0.0871779789,-0.1550632911,1.3801939058,0.5071295170,0.5200000000,0.0871779789,-0.1550632911,1.3801939058,0.5071295170
