Instance,INF_avg,INF_sd,INF_r1,INF_kr,INF_sk,SUP_avg,SUP_sd,SUP_r1,SUP_kr,SUP_sk,INC_avg,INC_sd,INC_r1,INC_kr,INC_sk,IND_avg,IND_sd,IND_r1,IND_kr,IND_sk
348,0.2582000000,0.0290131005,-0.1036411233,2.3909175681,-0.0832715741,0.2920000000,0.0353553391,0.0244100631,3.1906803200,-0.7294626692,0.4498000000,0.0362347899,-0.1097769530,2.1888734838,0.3418358842,0.4498000000,0.0362347899,-0.1097769530,2.1888734838,0.3418358842
