Instance,INF_avg,INF_sd,INF_r1,INF_kr,INF_sk,SUP_avg,SUP_sd,SUP_r1,SUP_kr,SUP_sk,INC_avg,INC_sd,INC_r1,INC_kr,INC_sk,IND_avg,IND_sd,IND_r1,IND_kr,IND_sk
231,0.3700000000,0.0927361850,-0.1619718310,1.5091941590,0.1579875514,0.1300000000,0.0748331477,0.8648648649,2.1339285714,-0.7301958931,0.5000000000,0.1264911064,0.2608695652,1.2695312500,-0.2223476480,0.5000000000,0.1264911064,0.2608695652,1.2695312500,-0.2223476480
