Instance,INF_avg,INF_sd,INF_r1,INF_kr,INF_sk,SUP_avg,SUP_sd,SUP_r1,SUP_kr,SUP_sk,INC_avg,INC_sd,INC_r1,INC_kr,INC_sk,IND_avg,IND_sd,IND_r1,IND_kr,IND_sk
454,0.3988129496,0.0782614203,0.6086072887,2.7445182310,-0.1764938816,0.0998561151,0.0582476184,0.6631716418,3.8142225455,0.9652398162,0.5013309353,0.0550018820,0.0118721476,2.6916866882,-0.1028089887,0.5013309353,0.0550018820,0.0118721476,2.6916866882,-0.1028089887
