Instance,INF_avg,INF_sd,INF_r1,INF_kr,INF_sk,SUP_avg,SUP_sd,SUP_r1,SUP_kr,SUP_sk,INC_avg,INC_sd,INC_r1,INC_kr,INC_sk,IND_avg,IND_sd,IND_r1,IND_kr,IND_sk
155,0.2602000000,0.0367145748,0.1836174627,2.8160695236,0.1462163757,0.2298000000,0.0359160131,-0.1134118790,2.6897356959,-0.0196635370,0.5100000000,0.0416052881,-0.0050280982,2.8309088925,-0.1385055903,0.5100000000,0.0416052881,-0.0050280982,2.8309088925,-0.1385055903
