Instance,INF_avg,INF_sd,INF_r1,INF_kr,INF_sk,SUP_avg,SUP_sd,SUP_r1,SUP_kr,SUP_sk,INC_avg,INC_sd,INC_r1,INC_kr,INC_sk,IND_avg,IND_sd,IND_r1,IND_kr,IND_sk
328,0.2010000000,0.1360110290,-0.1142040084,3.7444252359,0.7450124486,0.2940000000,0.1592607924,-0.0715730214,3.1885883657,0.6477965093,0.5050000000,0.1705139290,0.0406477111,3.2951376233,-0.0294996110,0.5050000000,0.1705139290,0.0406477111,3.2951376233,-0.0294996110
