Instance,INF_avg,INF_sd,INF_r1,INF_kr,INF_sk,SUP_avg,SUP_sd,SUP_r1,SUP_kr,SUP_sk,INC_avg,INC_sd,INC_r1,INC_kr,INC_sk,IND_avg,IND_sd,IND_r1,IND_kr,IND_sk
143,0.2500000000,0.1431782106,0.1623931624,2.4562760262,0.3066279347,0.2500000000,0.1431782106,0.1874213836,2.5133848899,0.2657442101,0.5000000000,0.1612451550,0.2231075697,2.4792899408,-0.0000000000,0.5000000000,0.1612451550,0.2231075697,2.4792899408,-0.0000000000
