Instance,INF_avg,INF_sd,INF_r1,INF_kr,INF_sk,SUP_avg,SUP_sd,SUP_r1,SUP_kr,SUP_sk,INC_avg,INC_sd,INC_r1,INC_kr,INC_sk,IND_avg,IND_sd,IND_r1,IND_kr,IND_sk
36,0.2670000000,0.1005534684,0.0173463235,3.3925967210,-0.2415411995,0.3020000000,0.1043839068,0.0317512179,3.1191270935,0.5140082093,0.4310000000,0.1115302650,0.2240176445,2.3870412333,-0.2426381766,0.4310000000,0.1115302650,0.2240176445,2.3870412333,-0.2426381766
