Instance,INF_avg,INF_sd,INF_r1,INF_kr,INF_sk,SUP_avg,SUP_sd,SUP_r1,SUP_kr,SUP_sk,INC_avg,INC_sd,INC_r1,INC_kr,INC_sk,IND_avg,IND_sd,IND_r1,IND_kr,IND_sk
280,0.3032000000,0.0670951563,-0.0194274145,3.4616436321,0.4458599230,0.2792000000,0.0615740205,-0.0473647726,2.2854813913,0.4323841852,0.4176000000,0.0727340360,0.1840454079,2.8217859780,0.5007102713,0.4176000000,0.0727340360,0.1840454079,2.8217859780,0.5007102713
