Instance,INF_avg,INF_sd,INF_r1,INF_kr,INF_sk,SUP_avg,SUP_sd,SUP_r1,SUP_kr,SUP_sk,INC_avg,INC_sd,INC_r1,INC_kr,INC_sk,IND_avg,IND_sd,IND_r1,IND_kr,IND_sk
476,0.2644000000,0.0261273803,-0.1608701341,2.2389866537,-0.6316600081,0.2366000000,0.0321471616,-0.0602868346,1.7535921318,0.1786576044,0.4990000000,0.0424970587,0.0468590681,2.4748604688,0.3356886608,0.4990000000,0.0424970587,0.0468590681,2.4748604688,0.3356886608
