Instance,INF_avg,INF_sd,INF_r1,INF_kr,INF_sk,SUP_avg,SUP_sd,SUP_r1,SUP_kr,SUP_sk,INC_avg,INC_sd,INC_r1,INC_kr,INC_sk,IND_avg,IND_sd,IND_r1,IND_kr,IND_sk
294,0.2786000000,0.0433363589,0.0123730398,2.7551581894,0.0465736869,0.2113000000,0.0416330398,0.2187079443,3.9524006033,0.3695509783,0.5101000000,0.0490406974,-0.1026270375,2.8795620362,-0.3087227500,0.5101000000,0.0490406974,-0.1026270375,2.8795620362,-0.3087227500
