Instance,INF_avg,INF_sd,INF_r1,INF_kr,INF_sk,SUP_avg,SUP_sd,SUP_r1,SUP_kr,SUP_sk,INC_avg,INC_sd,INC_r1,INC_kr,INC_sk,IND_avg,IND_sd,IND_r1,IND_kr,IND_sk
27,0.3560000000,0.1416474497,-0.1143488424,2.3393733355,-0.2907684040,0.2920000000,0.1440000000,-0.0393461140,1.9877471994,-0.1814557613,0.3520000000,0.1602997193,-0.0692146178,2.3295820933,0.2259776846,0.3520000000,0.1602997193,-0.0692146178,2.3295820933,0.2259776846
