Instance,INF_avg,INF_sd,INF_r1,INF_kr,INF_sk,SUP_avg,SUP_sd,SUP_r1,SUP_kr,SUP_sk,INC_avg,INC_sd,INC_r1,INC_kr,INC_sk,IND_avg,IND_sd,IND_r1,IND_kr,IND_sk
468,0.2450000000,0.0522015325,-0.5041322314,2.3663496339,0.3395450244,0.2350000000,0.0294108823,-0.5622895623,1.9815229376,-0.4245214064,0.5200000000,0.0619677335,-0.5653333333,1.9913736979,-0.0226932618,0.5200000000,0.0619677335,-0.5653333333,1.9913736979,-0.0226932618
