Instance,INF_avg,INF_sd,INF_r1,INF_kr,INF_sk,SUP_avg,SUP_sd,SUP_r1,SUP_kr,SUP_sk,INC_avg,INC_sd,INC_r1,INC_kr,INC_sk,IND_avg,IND_sd,IND_r1,IND_kr,IND_sk
363,0.2530000000,0.0487954916,0.1544968646,2.1843473840,-0.2389008999,0.2420000000,0.0401995025,-0.3336663337,3.8525757279,1.2668251950,0.5050000000,0.0452216762,-0.2411260710,3.7822884846,0.6974607077,0.5050000000,0.0452216762,-0.2411260710,3.7822884846,0.6974607077
