Instance,INF_avg,INF_sd,INF_r1,INF_kr,INF_sk,SUP_avg,SUP_sd,SUP_r1,SUP_kr,SUP_sk,INC_avg,INC_sd,INC_r1,INC_kr,INC_sk,IND_avg,IND_sd,IND_r1,IND_kr,IND_sk
156,0.2520000000,0.0609261848,0.4088915470,2.3156212842,0.2801581218,0.2296000000,0.0690785061,-0.1922315834,2.4259218459,-0.2390357392,0.5184000000,0.0797837076,-0.1707886833,2.2517280223,0.0967163438,0.5184000000,0.0797837076,-0.1707886833,2.2517280223,0.0967163438
