Instance,INF_avg,INF_sd,INF_r1,INF_kr,INF_sk,SUP_avg,SUP_sd,SUP_r1,SUP_kr,SUP_sk,INC_avg,INC_sd,INC_r1,INC_kr,INC_sk,IND_avg,IND_sd,IND_r1,IND_kr,IND_sk
322,0.4657692308,0.0968150510,0.8877851293,2.2404243755,-0.3785109912,0.0749665552,0.0557601668,0.8991561698,2.5360649137,0.7494590888,0.4592642140,0.0500246804,0.6229170616,2.6106188035,0.1371746519,0.4592642140,0.0500246804,0.6229170616,2.6106188035,0.1371746519
