Instance,INF_avg,INF_sd,INF_r1,INF_kr,INF_sk,SUP_avg,SUP_sd,SUP_r1,SUP_kr,SUP_sk,INC_avg,INC_sd,INC_r1,INC_kr,INC_sk,IND_avg,IND_sd,IND_r1,IND_kr,IND_sk
150,0.2870000000,0.0400124980,0.1167306717,2.5783764129,0.7732749415,0.1880000000,0.0315594677,0.0538368823,3.2394154933,0.8330038040,0.5250000000,0.0463141447,0.4620334620,1.9201427943,0.4348533319,0.5250000000,0.0463141447,0.4620334620,1.9201427943,0.4348533319
