Instance,INF_avg,INF_sd,INF_r1,INF_kr,INF_sk,SUP_avg,SUP_sd,SUP_r1,SUP_kr,SUP_sk,INC_avg,INC_sd,INC_r1,INC_kr,INC_sk,IND_avg,IND_sd,IND_r1,IND_kr,IND_sk
223,0.2548000000,0.0318270325,0.0952227894,3.1010948713,0.1052368323,0.2395000000,0.0322374006,-0.0116908027,2.3237845407,-0.2663515192,0.5057000000,0.0376564735,0.0106492235,2.3828191202,-0.0914028990,0.5057000000,0.0376564735,0.0106492235,2.3828191202,-0.0914028990
