Instance,INF_avg,INF_sd,INF_r1,INF_kr,INF_sk,SUP_avg,SUP_sd,SUP_r1,SUP_kr,SUP_sk,INC_avg,INC_sd,INC_r1,INC_kr,INC_sk,IND_avg,IND_sd,IND_r1,IND_kr,IND_sk
456,0.2480000000,0.1360000000,-0.2611749681,2.2943271752,-0.2440972929,0.2680000000,0.1348183964,-0.0076126783,2.2809152450,0.0072084449,0.4840000000,0.1591979899,0.2250966756,1.9889281068,0.2033869139,0.4840000000,0.1591979899,0.2250966756,1.9889281068,0.2033869139
