Instance,INF_avg,INF_sd,INF_r1,INF_kr,INF_sk,SUP_avg,SUP_sd,SUP_r1,SUP_kr,SUP_sk,INC_avg,INC_sd,INC_r1,INC_kr,INC_sk,IND_avg,IND_sd,IND_r1,IND_kr,IND_sk
44,0.2379000000,0.0368387025,-0.0870815552,3.0664647276,0.2898666210,0.2526000000,0.0391693758,0.0836778498,3.8457386384,0.4531200749,0.5095000000,0.0412825629,0.0483519571,2.6767256156,-0.1356817624,0.5095000000,0.0412825629,0.0483519571,2.6767256156,-0.1356817624
