Instance,INF_avg,INF_sd,INF_r1,INF_kr,INF_sk,SUP_avg,SUP_sd,SUP_r1,SUP_kr,SUP_sk,INC_avg,INC_sd,INC_r1,INC_kr,INC_sk,IND_avg,IND_sd,IND_r1,IND_kr,IND_sk
7,0.2520000000,0.0676461381,-0.4502332815,1.6866594944,0.5321811564,0.2640000000,0.0527636238,-0.3521288838,2.6331747919,0.8286795856,0.4840000000,0.0542586399,0.4430538173,1.2562618147,0.4495377033,0.4840000000,0.0542586399,0.4430538173,1.2562618147,0.4495377033
