Instance,INF_avg,INF_sd,INF_r1,INF_kr,INF_sk,SUP_avg,SUP_sd,SUP_r1,SUP_kr,SUP_sk,INC_avg,INC_sd,INC_r1,INC_kr,INC_sk,IND_avg,IND_sd,IND_r1,IND_kr,IND_sk
411,0.2580000000,0.1569585933,0.1395206413,2.3517648526,0.2943556969,0.2260000000,0.1316206671,0.0777822301,2.7411515282,0.3820512944,0.5160000000,0.1736202753,0.1165371154,2.5302488607,0.2462912031,0.5160000000,0.1736202753,0.1165371154,2.5302488607,0.2462912031
