Instance,INF_avg,INF_sd,INF_r1,INF_kr,INF_sk,SUP_avg,SUP_sd,SUP_r1,SUP_kr,SUP_sk,INC_avg,INC_sd,INC_r1,INC_kr,INC_sk,IND_avg,IND_sd,IND_r1,IND_kr,IND_sk
33,0.2660000000,0.1101998185,0.0858749530,2.9142887459,0.4318960077,0.2730000000,0.1105486318,0.1784885368,2.2085550887,0.2087941552,0.4610000000,0.1209504031,-0.0240261223,3.5915053005,0.3099452530,0.4610000000,0.1209504031,-0.0240261223,3.5915053005,0.3099452530
