Instance,INF_avg,INF_sd,INF_r1,INF_kr,INF_sk,SUP_avg,SUP_sd,SUP_r1,SUP_kr,SUP_sk,INC_avg,INC_sd,INC_r1,INC_kr,INC_sk,IND_avg,IND_sd,IND_r1,IND_kr,IND_sk
416,0.2360000000,0.0323109888,0.0066148758,3.0236931343,-0.2717839815,0.2522000000,0.0504892068,0.0424387816,2.5901718342,0.2848753126,0.5118000000,0.0551974637,-0.0263885632,2.6653719902,-0.0768155613,0.5118000000,0.0551974637,-0.0263885632,2.6653719902,-0.0768155613
