Instance,INF_avg,INF_sd,INF_r1,INF_kr,INF_sk,SUP_avg,SUP_sd,SUP_r1,SUP_kr,SUP_sk,INC_avg,INC_sd,INC_r1,INC_kr,INC_sk,IND_avg,IND_sd,IND_r1,IND_kr,IND_sk
27,0.3218000000,0.0651518227,0.5599297124,2.7266746490,0.0429300260,0.3054000000,0.0698916304,0.5088019388,2.5860198244,0.2434851537,0.3728000000,0.0597340774,0.4283954980,3.1687191960,0.1792501190,0.3728000000,0.0597340774,0.4283954980,3.1687191960,0.1792501190
