Instance,INF_avg,INF_sd,INF_r1,INF_kr,INF_sk,SUP_avg,SUP_sd,SUP_r1,SUP_kr,SUP_sk,INC_avg,INC_sd,INC_r1,INC_kr,INC_sk,IND_avg,IND_sd,IND_r1,IND_kr,IND_sk
308,0.2430000000,0.1298114017,0.0809530690,2.9942695176,0.5379382213,0.2730000000,0.1434259391,-0.1417940891,3.6091078419,0.6425990936,0.4840000000,0.1616910635,-0.0545708270,3.0504274228,-0.3503439807,0.4840000000,0.1616910635,-0.0545708270,3.0504274228,-0.3503439807
