Instance,INF_avg,INF_sd,INF_r1,INF_kr,INF_sk,SUP_avg,SUP_sd,SUP_r1,SUP_kr,SUP_sk,INC_avg,INC_sd,INC_r1,INC_kr,INC_sk,IND_avg,IND_sd,IND_r1,IND_kr,IND_sk
419,0.2970000000,0.1041201229,0.1276101360,2.3567350035,0.2725063752,0.2380000000,0.0974987179,0.1733878634,2.3956476667,0.1930725027,0.4650000000,0.1110180166,0.0000203537,2.5437874667,0.3869773734,0.4650000000,0.1110180166,0.0000203537,2.5437874667,0.3869773734
