Instance,INF_avg,INF_sd,INF_r1,INF_kr,INF_sk,SUP_avg,SUP_sd,SUP_r1,SUP_kr,SUP_sk,INC_avg,INC_sd,INC_r1,INC_kr,INC_sk,IND_avg,IND_sd,IND_r1,IND_kr,IND_sk
146,0.2360000000,0.0165529454,-0.3995568685,2.2340295168,0.7170091414,0.2720000000,0.0310805405,0.2671774592,1.2836889009,-0.3115528124,0.4920000000,0.0329545141,-0.0258738084,2.2746914522,0.7244205786,0.4920000000,0.0329545141,-0.0258738084,2.2746914522,0.7244205786
