Instance,INF_avg,INF_sd,INF_r1,INF_kr,INF_sk,SUP_avg,SUP_sd,SUP_r1,SUP_kr,SUP_sk,INC_avg,INC_sd,INC_r1,INC_kr,INC_sk,IND_avg,IND_sd,IND_r1,IND_kr,IND_sk
474,0.3757446809,0.1195691677,0.8280743085,2.0308687073,0.2306781658,0.1446808511,0.0712457857,0.6459076598,3.0179226585,0.2963469195,0.4795744681,0.0786578220,0.4571702103,2.2764393826,-0.1121309130,0.4795744681,0.0786578220,0.4571702103,2.2764393826,-0.1121309130
