Instance,INF_avg,INF_sd,INF_r1,INF_kr,INF_sk,SUP_avg,SUP_sd,SUP_r1,SUP_kr,SUP_sk,INC_avg,INC_sd,INC_r1,INC_kr,INC_sk,IND_avg,IND_sd,IND_r1,IND_kr,IND_sk
157,0.2446000000,0.0450870270,0.1357742663,3.0416560846,-0.2510566836,0.2582000000,0.0431133390,0.1578971378,3.6126351589,0.6786240872,0.4972000000,0.0491951217,0.0584992025,5.5118830988,-0.8171396797,0.4972000000,0.0491951217,0.0584992025,5.5118830988,-0.8171396797
