Instance,INF_avg,INF_sd,INF_r1,INF_kr,INF_sk,SUP_avg,SUP_sd,SUP_r1,SUP_kr,SUP_sk,INC_avg,INC_sd,INC_r1,INC_kr,INC_sk,IND_avg,IND_sd,IND_r1,IND_kr,IND_sk
461,0.2736000000,0.0298000000,-0.0064095779,2.5315899011,0.2454319882,0.2305500000,0.0329081677,0.1610339922,2.9182221522,0.3526231679,0.4958500000,0.0360697588,0.0319004803,2.6329832696,-0.1870851384,0.4958500000,0.0360697588,0.0319004803,2.6329832696,-0.1870851384
