Instance,INF_avg,INF_sd,INF_r1,INF_kr,INF_sk,SUP_avg,SUP_sd,SUP_r1,SUP_kr,SUP_sk,INC_avg,INC_sd,INC_r1,INC_kr,INC_sk,IND_avg,IND_sd,IND_r1,IND_kr,IND_sk
232,0.2417000000,0.0338468610,0.0160914592,2.8061009875,0.4351990814,0.2723000000,0.0315627946,0.0697206044,2.5832279196,-0.0175241864,0.4860000000,0.0401559460,-0.1310510138,2.8531902650,-0.2266512498,0.4860000000,0.0401559460,-0.1310510138,2.8531902650,-0.2266512498
