Instance,INF_avg,INF_sd,INF_r1,INF_kr,INF_sk,SUP_avg,SUP_sd,SUP_r1,SUP_kr,SUP_sk,INC_avg,INC_sd,INC_r1,INC_kr,INC_sk,IND_avg,IND_sd,IND_r1,IND_kr,IND_sk
313,0.2336000000,0.0457716069,0.1280438960,2.6950574443,0.4781031559,0.2796000000,0.0419980952,-0.0074033441,2.6974048639,-0.2862300661,0.4868000000,0.0536447574,0.2714663999,1.9666310450,0.2252882438,0.4868000000,0.0536447574,0.2714663999,1.9666310450,0.2252882438
