Instance,INF_avg,INF_sd,INF_r1,INF_kr,INF_sk,SUP_avg,SUP_sd,SUP_r1,SUP_kr,SUP_sk,INC_avg,INC_sd,INC_r1,INC_kr,INC_sk,IND_avg,IND_sd,IND_r1,IND_kr,IND_sk
198,0.2460000000,0.1043264108,-0.2244372546,2.5557311401,0.2780054195,0.2760000000,0.1136837719,-0.1309988476,1.8914631844,0.2139541939,0.4780000000,0.1292903709,-0.1074272866,2.8044985121,0.3650275255,0.4780000000,0.1292903709,-0.1074272866,2.8044985121,0.3650275255
