Instance,INF_avg,INF_sd,INF_r1,INF_kr,INF_sk,SUP_avg,SUP_sd,SUP_r1,SUP_kr,SUP_sk,INC_avg,INC_sd,INC_r1,INC_kr,INC_sk,IND_avg,IND_sd,IND_r1,IND_kr,IND_sk
197,0.2903500000,0.0349016833,0.0010470826,2.6534186170,-0.0633975244,0.2423500000,0.0312446395,0.0513234663,2.4661874539,0.0679751051,0.4673000000,0.0344776739,0.1591494055,2.5683551286,-0.1812725458,0.4673000000,0.0344776739,0.1591494055,2.5683551286,-0.1812725458
