Instance,INF_avg,INF_sd,INF_r1,INF_kr,INF_sk,SUP_avg,SUP_sd,SUP_r1,SUP_kr,SUP_sk,INC_avg,INC_sd,INC_r1,INC_kr,INC_sk,IND_avg,IND_sd,IND_r1,IND_kr,IND_sk
433,0.2404000000,0.0336130927,0.1862348780,2.7132882597,0.3883657527,0.2570000000,0.0269072481,-0.0104838040,3.5818007692,0.1325917666,0.5026000000,0.0387071053,0.0671671679,3.4172814969,-0.2694975900,0.5026000000,0.0387071053,0.0671671679,3.4172814969,-0.2694975900
