Instance,INF_avg,INF_sd,INF_r1,INF_kr,INF_sk,SUP_avg,SUP_sd,SUP_r1,SUP_kr,SUP_sk,INC_avg,INC_sd,INC_r1,INC_kr,INC_sk,IND_avg,IND_sd,IND_r1,IND_kr,IND_sk
292,0.2000000000,0.0547722558,-0.4000000000,2.5000000000,0.9128709292,0.3300000000,0.0678232998,-0.0840707965,2.3638941399,0.7500308204,0.4700000000,0.0812403840,-0.5732087227,1.4421487603,-0.3804646085,0.4700000000,0.0812403840,-0.5732087227,1.4421487603,-0.3804646085
