Instance,INF_avg,INF_sd,INF_r1,INF_kr,INF_sk,SUP_avg,SUP_sd,SUP_r1,SUP_kr,SUP_sk,INC_avg,INC_sd,INC_r1,INC_kr,INC_sk,IND_avg,IND_sd,IND_r1,IND_kr,IND_sk
10,0.2660000000,0.0262297541,0.2073968186,2.7885765955,0.6599774610,0.2401000000,0.0328099070,0.0180420397,2.3207808035,-0.1199179938,0.4939000000,0.0353594400,-0.0661445332,2.8279459194,0.5840318550,0.4939000000,0.0353594400,-0.0661445332,2.8279459194,0.5840318550
