Instance,INF_avg,INF_sd,INF_r1,INF_kr,INF_sk,SUP_avg,SUP_sd,SUP_r1,SUP_kr,SUP_sk,INC_avg,INC_sd,INC_r1,INC_kr,INC_sk,IND_avg,IND_sd,IND_r1,IND_kr,IND_sk
426,0.2384000000,0.0430515970,0.2398335680,2.9097963995,-0.2092824747,0.3028000000,0.0465205331,0.2647875248,2.5225005290,-0.0182850101,0.4588000000,0.0437556853,0.2891054425,2.3183847493,-0.4061678910,0.4588000000,0.0437556853,0.2891054425,2.3183847493,-0.4061678910
