Instance,INF_avg,INF_sd,INF_r1,INF_kr,INF_sk,SUP_avg,SUP_sd,SUP_r1,SUP_kr,SUP_sk,INC_avg,INC_sd,INC_r1,INC_kr,INC_sk,IND_avg,IND_sd,IND_r1,IND_kr,IND_sk
188,0.2800000000,0.1442220510,-0.1198805461,2.5554733728,0.2320140244,0.2660000000,0.1582529621,-0.0874756780,3.4589724098,0.5686673452,0.4540000000,0.1722904524,0.0772594465,3.5034397899,-0.0442432663,0.4540000000,0.1722904524,0.0772594465,3.5034397899,-0.0442432663
