Instance,INF_avg,INF_sd,INF_r1,INF_kr,INF_sk,SUP_avg,SUP_sd,SUP_r1,SUP_kr,SUP_sk,INC_avg,INC_sd,INC_r1,INC_kr,INC_sk,IND_avg,IND_sd,IND_r1,IND_kr,IND_sk
175,0.2360000000,0.1438888460,0.3799577401,2.0203471497,0.2407834916,0.2440000000,0.1416474497,-0.2839442768,2.2678319330,-0.1314673128,0.5200000000,0.1326649916,-0.1579980373,2.2789256198,0.0411151834,0.5200000000,0.1326649916,-0.1579980373,2.2789256198,0.0411151834
