Instance,INF_avg,INF_sd,INF_r1,INF_kr,INF_sk,SUP_avg,SUP_sd,SUP_r1,SUP_kr,SUP_sk,INC_avg,INC_sd,INC_r1,INC_kr,INC_sk,IND_avg,IND_sd,IND_r1,IND_kr,IND_sk
393,0.2710000000,0.1423341140,0.0124717620,2.9757021735,0.2070096441,0.2810000000,0.1262497525,0.0347898608,2.6663658657,-0.1762256699,0.4480000000,0.1602997193,0.0871752360,3.5486931014,0.1673157795,0.4480000000,0.1602997193,0.0871752360,3.5486931014,0.1673157795
