Instance,INF_avg,INF_sd,INF_r1,INF_kr,INF_sk,SUP_avg,SUP_sd,SUP_r1,SUP_kr,SUP_sk,INC_avg,INC_sd,INC_r1,INC_kr,INC_sk,IND_avg,IND_sd,IND_r1,IND_kr,IND_sk
111,0.2800000000,0.1371130920,-0.0695764909,2.3517428701,-0.0558631882,0.2500000000,0.1431782106,-0.2207792208,2.5704937537,0.2657442101,0.4700000000,0.1664331698,-0.1930133803,2.6634127905,0.0650731157,0.4700000000,0.1664331698,-0.1930133803,2.6634127905,0.0650731157
