Instance,INF_avg,INF_sd,INF_r1,INF_kr,INF_sk,SUP_avg,SUP_sd,SUP_r1,SUP_kr,SUP_sk,INC_avg,INC_sd,INC_r1,INC_kr,INC_sk,IND_avg,IND_sd,IND_r1,IND_kr,IND_sk
108,0.2340000000,0.0518073354,-0.1098527746,2.8569743759,-0.9713853810,0.2240000000,0.0400499688,-0.2683137030,2.8323642266,0.7049796746,0.5420000000,0.0517300686,0.0872321819,3.0005228338,0.2971617421,0.5420000000,0.0517300686,0.0872321819,3.0005228338,0.2971617421
