Instance,INF_avg,INF_sd,INF_r1,INF_kr,INF_sk,SUP_avg,SUP_sd,SUP_r1,SUP_kr,SUP_sk,INC_avg,INC_sd,INC_r1,INC_kr,INC_sk,IND_avg,IND_sd,IND_r1,IND_kr,IND_sk
191,0.2584000000,0.0578051901,0.0318081002,3.1749232112,0.2686115273,0.2528000000,0.0604992562,0.1082722428,2.9930667359,0.1159368530,0.4888000000,0.0712920753,0.0824400221,3.0052820099,0.4151248810,0.4888000000,0.0712920753,0.0824400221,3.0052820099,0.4151248810
