Instance,INF_avg,INF_sd,INF_r1,INF_kr,INF_sk,SUP_avg,SUP_sd,SUP_r1,SUP_kr,SUP_sk,INC_avg,INC_sd,INC_r1,INC_kr,INC_sk,IND_avg,IND_sd,IND_r1,IND_kr,IND_sk
103,0.2910000000,0.1470340097,0.0511711757,2.2956135303,0.2310490048,0.2830000000,0.1356871401,-0.1239697037,2.9738039973,0.4298701220,0.4260000000,0.1610093165,-0.0099253012,3.0981429558,0.1342480256,0.4260000000,0.1610093165,-0.0099253012,3.0981429558,0.1342480256
