Instance,INF_avg,INF_sd,INF_r1,INF_kr,INF_sk,SUP_avg,SUP_sd,SUP_r1,SUP_kr,SUP_sk,INC_avg,INC_sd,INC_r1,INC_kr,INC_sk,IND_avg,IND_sd,IND_r1,IND_kr,IND_sk
236,0.2400000000,0.0927361850,-0.2407274468,3.1292590590,0.5755260802,0.2600000000,0.1144552314,0.1973868409,2.5889516928,0.3141332906,0.5000000000,0.1126942767,-0.0196850394,2.6613553227,0.3248982495,0.5000000000,0.1126942767,-0.0196850394,2.6613553227,0.3248982495
