Instance,INF_avg,INF_sd,INF_r1,INF_kr,INF_sk,SUP_avg,SUP_sd,SUP_r1,SUP_kr,SUP_sk,INC_avg,INC_sd,INC_r1,INC_kr,INC_sk,IND_avg,IND_sd,IND_r1,IND_kr,IND_sk
23,0.3100000000,0.1462873884,-0.7444717445,1.8333915626,0.5692290290,0.1700000000,0.0748331477,-0.9369369369,2.1339285714,0.7301958931,0.5200000000,0.1503329638,-0.6458519179,2.5084579842,-0.7841001948,0.5200000000,0.1503329638,-0.6458519179,2.5084579842,-0.7841001948
