Instance,INF_avg,INF_sd,INF_r1,INF_kr,INF_sk,SUP_avg,SUP_sd,SUP_r1,SUP_kr,SUP_sk,INC_avg,INC_sd,INC_r1,INC_kr,INC_sk,IND_avg,IND_sd,IND_r1,IND_kr,IND_sk
104,0.2450000000,0.0650000000,-0.3175885643,2.8016175904,-0.9066909422,0.2500000000,0.0774596669,0.6000000000,1.4583333333,0.1613743061,0.5050000000,0.0788986692,0.1135500211,2.0466927953,0.2931929063,0.5050000000,0.0788986692,0.1135500211,2.0466927953,0.2931929063
