Instance,INF_avg,INF_sd,INF_r1,INF_kr,INF_sk,SUP_avg,SUP_sd,SUP_r1,SUP_kr,SUP_sk,INC_avg,INC_sd,INC_r1,INC_kr,INC_sk,IND_avg,IND_sd,IND_r1,IND_kr,IND_sk
14,0.2528000000,0.0592972175,0.1139291289,1.7344149073,-0.2186955546,0.2208000000,0.0523006692,-0.1079569934,3.3467327776,0.6810697257,0.5264000000,0.0587114980,0.1481420475,2.3033979528,-0.2113110267,0.5264000000,0.0587114980,0.1481420475,2.3033979528,-0.2113110267
