Instance,INF_avg,INF_sd,INF_r1,INF_kr,INF_sk,SUP_avg,SUP_sd,SUP_r1,SUP_kr,SUP_sk,INC_avg,INC_sd,INC_r1,INC_kr,INC_sk,IND_avg,IND_sd,IND_r1,IND_kr,IND_sk
389,0.4713333333,0.0865152523,0.4857262117,3.2273766923,-0.1263341855,0.1110000000,0.0645936013,0.4689152857,3.1451528582,0.6774690568,0.4176666667,0.0696746407,0.0159635931,3.1901989900,-0.0997481055,0.4176666667,0.0696746407,0.0159635931,3.1901989900,-0.0997481055
