Instance,INF_avg,INF_sd,INF_r1,INF_kr,INF_sk,SUP_avg,SUP_sd,SUP_r1,SUP_kr,SUP_sk,INC_avg,INC_sd,INC_r1,INC_kr,INC_sk,IND_avg,IND_sd,IND_r1,IND_kr,IND_sk
145,0.3244943820,0.0791387806,0.2478911332,3.2069762955,0.4946571893,0.1487640449,0.0786946913,0.6312714880,3.1653925700,0.6710246183,0.5267415730,0.0747095542,0.1628761953,3.1832518291,-0.1653897142,0.5267415730,0.0747095542,0.1628761953,3.1832518291,-0.1653897142
