Instance,INF_avg,INF_sd,INF_r1,INF_kr,INF_sk,SUP_avg,SUP_sd,SUP_r1,SUP_kr,SUP_sk,INC_avg,INC_sd,INC_r1,INC_kr,INC_sk,IND_avg,IND_sd,IND_r1,IND_kr,IND_sk
76,0.2400000000,0.1232882801,-0.2035851472,2.2368421053,0.1024556344,0.2480000000,0.1268700122,-0.2996880749,2.4975811137,0.8087675575,0.5120000000,0.1394847662,-0.2350041680,1.8151835180,-0.2145112577,0.5120000000,0.1394847662,-0.2350041680,1.8151835180,-0.2145112577
