Instance,INF_avg,INF_sd,INF_r1,INF_kr,INF_sk,SUP_avg,SUP_sd,SUP_r1,SUP_kr,SUP_sk,INC_avg,INC_sd,INC_r1,INC_kr,INC_sk,IND_avg,IND_sd,IND_r1,IND_kr,IND_sk
397,0.2920000000,0.0955824252,0.1470904887,2.2064004220,-0.0117081076,0.2280000000,0.0788416134,0.0117452269,3.5701043018,0.8690508931,0.4800000000,0.0894427191,-0.1916965659,2.0543750000,-0.1425493336,0.4800000000,0.0894427191,-0.1916965659,2.0543750000,-0.1425493336
