Instance,INF_avg,INF_sd,INF_r1,INF_kr,INF_sk,SUP_avg,SUP_sd,SUP_r1,SUP_kr,SUP_sk,INC_avg,INC_sd,INC_r1,INC_kr,INC_sk,IND_avg,IND_sd,IND_r1,IND_kr,IND_sk
105,0.2710000000,0.1505290670,0.1324698490,2.6584703075,0.4473158627,0.2330000000,0.1208759695,-0.0708138500,2.8794371054,0.2987194309,0.4960000000,0.1580632785,0.0838764832,2.8663865719,-0.1013225209,0.4960000000,0.1580632785,0.0838764832,2.8663865719,-0.1013225209
