Instance,INF_avg,INF_sd,INF_r1,INF_kr,INF_sk,SUP_avg,SUP_sd,SUP_r1,SUP_kr,SUP_sk,INC_avg,INC_sd,INC_r1,INC_kr,INC_sk,IND_avg,IND_sd,IND_r1,IND_kr,IND_sk
493,0.2000000000,0.1183215957,-0.0000000000,1.9387755102,-0.0000000000,0.1700000000,0.1100000000,-0.4440825190,2.7441431596,0.6130728775,0.6300000000,0.1791647287,-0.6928657799,2.3192418552,0.0667688161,0.6300000000,0.1791647287,-0.6928657799,2.3192418552,0.0667688161
