Instance,INF_avg,INF_sd,INF_r1,INF_kr,INF_sk,SUP_avg,SUP_sd,SUP_r1,SUP_kr,SUP_sk,INC_avg,INC_sd,INC_r1,INC_kr,INC_sk,IND_avg,IND_sd,IND_r1,IND_kr,IND_sk
19,0.4044927536,0.1003982827,0.8229093873,2.0619483819,-0.1546876136,0.0878260870,0.0599726886,0.6710839945,4.8142660358,1.1805052102,0.5076811594,0.0590049108,0.4826867054,3.1478217334,0.2827588132,0.5076811594,0.0590049108,0.4826867054,3.1478217334,0.2827588132
