Instance,INF_avg,INF_sd,INF_r1,INF_kr,INF_sk,SUP_avg,SUP_sd,SUP_r1,SUP_kr,SUP_sk,INC_avg,INC_sd,INC_r1,INC_kr,INC_sk,IND_avg,IND_sd,IND_r1,IND_kr,IND_sk
399,0.2400000000,0.0800000000,0.2633228840,1.4189453125,0.0351562500,0.2400000000,0.0969535971,-0.2177650430,1.5439112721,-0.0460847791,0.5200000000,0.0812403840,-0.9892473118,2.2685950413,0.1790421687,0.5200000000,0.0812403840,-0.9892473118,2.2685950413,0.1790421687
