Instance,INF_avg,INF_sd,INF_r1,INF_kr,INF_sk,SUP_avg,SUP_sd,SUP_r1,SUP_kr,SUP_sk,INC_avg,INC_sd,INC_r1,INC_kr,INC_sk,IND_avg,IND_sd,IND_r1,IND_kr,IND_sk
97,0.2656000000,0.0476722141,-0.0448479519,2.6753133981,-0.3045544183,0.2180000000,0.0423320210,-0.0540021930,2.2194674745,0.1455331955,0.5164000000,0.0501900389,-0.1226595647,3.3825187857,0.6663909770,0.5164000000,0.0501900389,-0.1226595647,3.3825187857,0.6663909770
