Instance,INF_avg,INF_sd,INF_r1,INF_kr,INF_sk,SUP_avg,SUP_sd,SUP_r1,SUP_kr,SUP_sk,INC_avg,INC_sd,INC_r1,INC_kr,INC_sk,IND_avg,IND_sd,IND_r1,IND_kr,IND_sk
392,0.2430000000,0.0174928557,0.0399737877,2.4482250417,-0.0851888397,0.2490000000,0.0222261108,0.3113284434,1.9998770673,0.3786989157,0.5080000000,0.0143527001,-0.1257309942,2.6779621076,1.1140963830,0.5080000000,0.0143527001,-0.1257309942,2.6779621076,1.1140963830
