Instance,INF_avg,INF_sd,INF_r1,INF_kr,INF_sk,SUP_avg,SUP_sd,SUP_r1,SUP_kr,SUP_sk,INC_avg,INC_sd,INC_r1,INC_kr,INC_sk,IND_avg,IND_sd,IND_r1,IND_kr,IND_sk
274,0.2300000000,0.0431277173,-0.1801242236,2.5095386750,0.7180473225,0.1980000000,0.0596322061,-0.0195005132,1.6979644980,-0.0162978796,0.5720000000,0.0530659966,-0.1594707521,2.2895790289,-0.1117819047,0.5720000000,0.0530659966,-0.1594707521,2.2895790289,-0.1117819047
