Instance,INF_avg,INF_sd,INF_r1,INF_kr,INF_sk,SUP_avg,SUP_sd,SUP_r1,SUP_kr,SUP_sk,INC_avg,INC_sd,INC_r1,INC_kr,INC_sk,IND_avg,IND_sd,IND_r1,IND_kr,IND_sk
136,0.5749090909,0.0878194993,0.3964329057,2.1136280309,0.0100282154,0.1163636364,0.0706428568,0.4546825115,2.8907477570,0.6554510395,0.3087272727,0.0646966220,-0.0341297204,2.4780213356,0.1375130003,0.3087272727,0.0646966220,-0.0341297204,2.4780213356,0.1375130003
