Instance,INF_avg,INF_sd,INF_r1,INF_kr,INF_sk,SUP_avg,SUP_sd,SUP_r1,SUP_kr,SUP_sk,INC_avg,INC_sd,INC_r1,INC_kr,INC_sk,IND_avg,IND_sd,IND_r1,IND_kr,IND_sk
289,0.4668965517,0.1069636886,0.8459878712,2.0001592619,-0.1851221211,0.0918965517,0.0797562428,0.8496517593,3.2559972083,1.0704859891,0.4412068966,0.0508234804,0.3408251788,2.1282042243,0.0332883746,0.4412068966,0.0508234804,0.3408251788,2.1282042243,0.0332883746
