Instance,INF_avg,INF_sd,INF_r1,INF_kr,INF_sk,SUP_avg,SUP_sd,SUP_r1,SUP_kr,SUP_sk,INC_avg,INC_sd,INC_r1,INC_kr,INC_sk,IND_avg,IND_sd,IND_r1,IND_kr,IND_sk
166,0.3200000000,0.1166190379,-0.3126843658,2.1470588235,-0.3934379306,0.2700000000,0.1345362405,-0.3467397928,2.2409877598,-0.6751246279,0.4100000000,0.1044030651,-0.4241486068,1.7554919620,0.3268911726,0.4100000000,0.1044030651,-0.4241486068,1.7554919620,0.3268911726
