Instance,INF_avg,INF_sd,INF_r1,INF_kr,INF_sk,SUP_avg,SUP_sd,SUP_r1,SUP_kr,SUP_sk,INC_avg,INC_sd,INC_r1,INC_kr,INC_sk,IND_avg,IND_sd,IND_r1,IND_kr,IND_sk
403,0.2200000000,0.1833030278,-0.0869565217,1.2091836735,-0.2961528510,0.3000000000,0.1549193338,-0.3333333333,2.9166666667,1.2909944487,0.4800000000,0.1166190379,0.2532467532,2.6660899654,1.1500493357,0.4800000000,0.1166190379,0.2532467532,2.6660899654,1.1500493357
