Instance,INF_avg,INF_sd,INF_r1,INF_kr,INF_sk,SUP_avg,SUP_sd,SUP_r1,SUP_kr,SUP_sk,INC_avg,INC_sd,INC_r1,INC_kr,INC_sk,IND_avg,IND_sd,IND_r1,IND_kr,IND_sk
239,0.2800000000,0.0979795897,0.1071428571,1.1666666667,0.4082482905,0.2100000000,0.1445683229,-0.0100526568,2.4783544333,0.6195643428,0.5100000000,0.1445683229,-0.4883026381,1.5992536801,-0.1747489172,0.5100000000,0.1445683229,-0.4883026381,1.5992536801,-0.1747489172
