Instance,INF_avg,INF_sd,INF_r1,INF_kr,INF_sk,SUP_avg,SUP_sd,SUP_r1,SUP_kr,SUP_sk,INC_avg,INC_sd,INC_r1,INC_kr,INC_sk,IND_avg,IND_sd,IND_r1,IND_kr,IND_sk
426,0.1920000000,0.0081240384,-0.1032028470,1.4421487603,-0.3804646085,0.2710000000,0.0305614136,0.1378215306,1.6776201459,-0.2339516435,0.5370000000,0.0237907545,0.1638981174,1.9886688559,0.3301754752,0.5370000000,0.0237907545,0.1638981174,1.9886688559,0.3301754752
