Instance,INF_avg,INF_sd,INF_r1,INF_kr,INF_sk,SUP_avg,SUP_sd,SUP_r1,SUP_kr,SUP_sk,INC_avg,INC_sd,INC_r1,INC_kr,INC_sk,IND_avg,IND_sd,IND_r1,IND_kr,IND_sk
439,0.2540000000,0.1009158065,-0.1109168640,2.6256706915,-0.1092430642,0.2480000000,0.0741350120,-0.4367230487,3.5927264291,0.5840871795,0.4980000000,0.0984682690,-0.2511681463,2.9953783126,0.3385017682,0.4980000000,0.0984682690,-0.2511681463,2.9953783126,0.3385017682
