Instance,INF_avg,INF_sd,INF_r1,INF_kr,INF_sk,SUP_avg,SUP_sd,SUP_r1,SUP_kr,SUP_sk,INC_avg,INC_sd,INC_r1,INC_kr,INC_sk,IND_avg,IND_sd,IND_r1,IND_kr,IND_sk
52,0.2560000000,0.1168931136,0.1553144001,2.5137279314,0.1557899544,0.2120000000,0.1351147660,-0.0660754780,3.3705899387,0.8517834299,0.5320000000,0.1580379701,0.0597671377,2.3211877765,-0.1394583726,0.5320000000,0.1580379701,0.0597671377,2.3211877765,-0.1394583726
