Instance,INF_avg,INF_sd,INF_r1,INF_kr,INF_sk,SUP_avg,SUP_sd,SUP_r1,SUP_kr,SUP_sk,INC_avg,INC_sd,INC_r1,INC_kr,INC_sk,IND_avg,IND_sd,IND_r1,IND_kr,IND_sk
0,0.2445000000,0.0445056176,-0.0727468304,2.7091428513,0.0812068565,0.2499000000,0.0522014368,-0.0074660427,2.9062391232,-0.1520755456,0.5056000000,0.0472719790,-0.0548040139,2.7586238921,0.1293351767,0.5056000000,0.0472719790,-0.0548040139,2.7586238921,0.1293351767
