Instance,INF_avg,INF_sd,INF_r1,INF_kr,INF_sk,SUP_avg,SUP_sd,SUP_r1,SUP_kr,SUP_sk,INC_avg,INC_sd,INC_r1,INC_kr,INC_sk,IND_avg,IND_sd,IND_r1,IND_kr,IND_sk
218,0.3100000000,0.1700000000,0.3388715819,3.2367548281,1.0649297781,0.2000000000,0.1183215957,-0.5384615385,4.3877551020,1.4488358652,0.4900000000,0.1813835715,-0.0688688065,1.4724272688,-0.1528273179,0.4900000000,0.1813835715,-0.0688688065,1.4724272688,-0.1528273179
