Instance,INF_avg,INF_sd,INF_r1,INF_kr,INF_sk,SUP_avg,SUP_sd,SUP_r1,SUP_kr,SUP_sk,INC_avg,INC_sd,INC_r1,INC_kr,INC_sk,IND_avg,IND_sd,IND_r1,IND_kr,IND_sk
488,0.2800000000,0.0657267069,-0.5660377358,2.6646090535,0.8452508603,0.1760000000,0.0496386946,-0.9604863222,2.0324675325,0.6216348580,0.5440000000,0.0897997773,-0.5547703180,1.6957671958,-0.5557336935,0.5440000000,0.0897997773,-0.5547703180,1.6957671958,-0.5557336935
