Instance,INF_avg,INF_sd,INF_r1,INF_kr,INF_sk,SUP_avg,SUP_sd,SUP_r1,SUP_kr,SUP_sk,INC_avg,INC_sd,INC_r1,INC_kr,INC_sk,IND_avg,IND_sd,IND_r1,IND_kr,IND_sk
109,0.2780000000,0.0906421535,-0.0916849751,3.0778349225,0.3563828677,0.2770000000,0.0998548947,-0.1245240440,2.6709437813,0.0051885538,0.4450000000,0.1066536450,-0.0918291946,2.3599710180,-0.1106591134,0.4450000000,0.1066536450,-0.0918291946,2.3599710180,-0.1106591134
