Instance,INF_avg,INF_sd,INF_r1,INF_kr,INF_sk,SUP_avg,SUP_sd,SUP_r1,SUP_kr,SUP_sk,INC_avg,INC_sd,INC_r1,INC_kr,INC_sk,IND_avg,IND_sd,IND_r1,IND_kr,IND_sk
214,0.2744000000,0.0597380950,-0.4759640025,3.2535829410,0.6678218406,0.2448000000,0.0503682440,0.2237351282,2.9807630430,0.3743649463,0.4808000000,0.0677595750,-0.2214480590,2.7034192643,0.4346399395,0.4808000000,0.0677595750,-0.2214480590,2.7034192643,0.4346399395
