Instance,INF_avg,INF_sd,INF_r1,INF_kr,INF_sk,SUP_avg,SUP_sd,SUP_r1,SUP_kr,SUP_sk,INC_avg,INC_sd,INC_r1,INC_kr,INC_sk,IND_avg,IND_sd,IND_r1,IND_kr,IND_sk
463,0.2740000000,0.0861626369,0.3332371033,2.2943099268,-0.1537539391,0.2440000000,0.1032666451,0.0555757356,2.9874660150,-0.3294772088,0.4820000000,0.1075918213,0.1357596683,3.2229589709,0.8558415218,0.4820000000,0.1075918213,0.1357596683,3.2229589709,0.8558415218
