Instance,INF_avg,INF_sd,INF_r1,INF_kr,INF_sk,SUP_avg,SUP_sd,SUP_r1,SUP_kr,SUP_sk,INC_avg,INC_sd,INC_r1,INC_kr,INC_sk,IND_avg,IND_sd,IND_r1,IND_kr,IND_sk
410,0.2760000000,0.0407921561,-0.3695219124,2.6074334320,0.3422603705,0.2660000000,0.0558927544,-0.5549288553,3.9468375847,0.9824925089,0.4580000000,0.0695413546,-0.2332417354,2.4387380010,-0.3870806702,0.4580000000,0.0695413546,-0.2332417354,2.4387380010,-0.3870806702
