Instance,INF_avg,INF_sd,INF_r1,INF_kr,INF_sk,SUP_avg,SUP_sd,SUP_r1,SUP_kr,SUP_sk,INC_avg,INC_sd,INC_r1,INC_kr,INC_sk,IND_avg,IND_sd,IND_r1,IND_kr,IND_sk
468,0.2440000000,0.0739188745,-0.3329263329,3.1650703446,-0.8329736463,0.2380000000,0.0828009662,0.0476246088,3.2721339399,0.5963605517,0.5180000000,0.0968297475,-0.2706653314,2.6326187550,-0.2832281957,0.5180000000,0.0968297475,-0.2706653314,2.6326187550,-0.2832281957
