Instance,INF_avg,INF_sd,INF_r1,INF_kr,INF_sk,SUP_avg,SUP_sd,SUP_r1,SUP_kr,SUP_sk,INC_avg,INC_sd,INC_r1,INC_kr,INC_sk,IND_avg,IND_sd,IND_r1,IND_kr,IND_sk
485,0.2040000000,0.1341044369,0.2010391829,1.7234552501,0.1261034491,0.2200000000,0.0979795897,-0.0102739726,2.9375000000,-0.6634034720,0.5760000000,0.1241933976,0.1511858124,2.6440574370,-0.2900709456,0.5760000000,0.1241933976,0.1511858124,2.6440574370,-0.2900709456
