Instance,INF_avg,INF_sd,INF_r1,INF_kr,INF_sk,SUP_avg,SUP_sd,SUP_r1,SUP_kr,SUP_sk,INC_avg,INC_sd,INC_r1,INC_kr,INC_sk,IND_avg,IND_sd,IND_r1,IND_kr,IND_sk
402,0.2460000000,0.1220000000,-0.2421689933,2.5209719655,0.1259312453,0.2680000000,0.1333266665,0.0875119886,3.7891577637,0.4469440399,0.4860000000,0.1496796579,-0.0344605912,2.0939235638,0.0607474800,0.4860000000,0.1496796579,-0.0344605912,2.0939235638,0.0607474800
