Instance,INF_avg,INF_sd,INF_r1,INF_kr,INF_sk,SUP_avg,SUP_sd,SUP_r1,SUP_kr,SUP_sk,INC_avg,INC_sd,INC_r1,INC_kr,INC_sk,IND_avg,IND_sd,IND_r1,IND_kr,IND_sk
418,0.2458000000,0.0321147941,-0.0616674943,2.3622877712,0.2147890364,0.2284000000,0.0235253055,0.1647593246,2.3729232313,0.0422899041,0.5258000000,0.0415374530,-0.0097791186,2.4597619888,-0.4057844155,0.5258000000,0.0415374530,-0.0097791186,2.4597619888,-0.4057844155
