Instance,INF_avg,INF_sd,INF_r1,INF_kr,INF_sk,SUP_avg,SUP_sd,SUP_r1,SUP_kr,SUP_sk,INC_avg,INC_sd,INC_r1,INC_kr,INC_sk,IND_avg,IND_sd,IND_r1,IND_kr,IND_sk
54,0.2440000000,0.0701997151,0.2567846811,2.7752993759,0.4440022459,0.2480000000,0.0652380257,0.4630071599,1.8528746679,0.1396851277,0.5080000000,0.0587877538,-0.1745468137,2.2276234568,0.5500011691,0.5080000000,0.0587877538,-0.1745468137,2.2276234568,0.5500011691
