Instance,INF_avg,INF_sd,INF_r1,INF_kr,INF_sk,SUP_avg,SUP_sd,SUP_r1,SUP_kr,SUP_sk,INC_avg,INC_sd,INC_r1,INC_kr,INC_sk,IND_avg,IND_sd,IND_r1,IND_kr,IND_sk
207,0.2360000000,0.0407921561,0.7685185185,1.3731508876,-0.1527442976,0.3360000000,0.0731026675,0.2392188771,1.2969450321,-0.2329592161,0.4280000000,0.0430813185,-0.3559322034,1.7636741974,-0.4034071140,0.4280000000,0.0430813185,-0.3559322034,1.7636741974,-0.4034071140
