Instance,INF_avg,INF_sd,INF_r1,INF_kr,INF_sk,SUP_avg,SUP_sd,SUP_r1,SUP_kr,SUP_sk,INC_avg,INC_sd,INC_r1,INC_kr,INC_sk,IND_avg,IND_sd,IND_r1,IND_kr,IND_sk
268,0.2400000000,0.1854723699,-0.5492957746,2.9694429421,1.2864700617,0.2200000000,0.1166190379,0.0828402367,1.6280276817,0.3631734744,0.5400000000,0.1624807681,-0.4174454829,2.2685950413,0.1790421687,0.5400000000,0.1624807681,-0.4174454829,2.2685950413,0.1790421687
