Instance,INF_avg,INF_sd,INF_r1,INF_kr,INF_sk,SUP_avg,SUP_sd,SUP_r1,SUP_kr,SUP_sk,INC_avg,INC_sd,INC_r1,INC_kr,INC_sk,IND_avg,IND_sd,IND_r1,IND_kr,IND_sk
137,0.2512000000,0.0486883970,0.1815204787,2.4791700712,0.3481605052,0.2518000000,0.0521417299,0.4488770324,3.9674677007,0.4377292048,0.4970000000,0.0467011777,0.2069323390,2.9952434020,0.2619010324,0.4970000000,0.0467011777,0.2069323390,2.9952434020,0.2619010324
