Instance,INF_avg,INF_sd,INF_r1,INF_kr,INF_sk,SUP_avg,SUP_sd,SUP_r1,SUP_kr,SUP_sk,INC_avg,INC_sd,INC_r1,INC_kr,INC_sk,IND_avg,IND_sd,IND_r1,IND_kr,IND_sk
487,0.2250000000,0.0239791576,0.2139737991,3.5187145558,0.6527407744,0.2540000000,0.0210713075,-0.3799728752,3.8046932067,1.2380739938,0.5210000000,0.0258650343,-0.2827029451,3.4610187215,0.7219261925,0.5210000000,0.0258650343,-0.2827029451,3.4610187215,0.7219261925
