Instance,INF_avg,INF_sd,INF_r1,INF_kr,INF_sk,SUP_avg,SUP_sd,SUP_r1,SUP_kr,SUP_sk,INC_avg,INC_sd,INC_r1,INC_kr,INC_sk,IND_avg,IND_sd,IND_r1,IND_kr,IND_sk
340,0.2572000000,0.0349021489,-0.0794627750,3.0174102341,-0.1951130307,0.2028000000,0.0367989130,-0.0951836364,2.7792556309,0.4030193196,0.5400000000,0.0431277173,-0.0513528437,2.1871314603,-0.4162430572,0.5400000000,0.0431277173,-0.0513528437,2.1871314603,-0.4162430572
