Instance,INF_avg,INF_sd,INF_r1,INF_kr,INF_sk,SUP_avg,SUP_sd,SUP_r1,SUP_kr,SUP_sk,INC_avg,INC_sd,INC_r1,INC_kr,INC_sk,IND_avg,IND_sd,IND_r1,IND_kr,IND_sk
500,0.2300000000,0.1077032961,-0.4218455744,1.7636741974,0.4034071140,0.2300000000,0.1122497216,-0.1433172303,2.3760393046,-0.1315095000,0.5400000000,0.0663324958,-0.2500000000,2.2169421488,0.3700366502,0.5400000000,0.0663324958,-0.2500000000,2.2169421488,0.3700366502
