Instance,INF_avg,INF_sd,INF_r1,INF_kr,INF_sk,SUP_avg,SUP_sd,SUP_r1,SUP_kr,SUP_sk,INC_avg,INC_sd,INC_r1,INC_kr,INC_sk,IND_avg,IND_sd,IND_r1,IND_kr,IND_sk
335,0.2980000000,0.0324961536,-0.6155988858,2.7980371901,1.1931482023,0.1980000000,0.0416653333,0.7287968442,1.9807279832,-0.4061328121,0.5040000000,0.0300665928,0.0321141838,2.5084579842,-0.7841001948,0.5040000000,0.0300665928,0.0321141838,2.5084579842,-0.7841001948
