Instance,INF_avg,INF_sd,INF_r1,INF_kr,INF_sk,SUP_avg,SUP_sd,SUP_r1,SUP_kr,SUP_sk,INC_avg,INC_sd,INC_r1,INC_kr,INC_sk,IND_avg,IND_sd,IND_r1,IND_kr,IND_sk
478,0.2600000000,0.1356465997,-0.3131313131,1.7967863894,0.2692418330,0.2800000000,0.0600000000,0.1573033708,2.5555555556,0.1111111111,0.4600000000,0.1743559577,-0.0970464135,1.5879501385,-0.2807324112,0.4600000000,0.1743559577,-0.0970464135,1.5879501385,-0.2807324112
