Instance,INF_avg,INF_sd,INF_r1,INF_kr,INF_sk,SUP_avg,SUP_sd,SUP_r1,SUP_kr,SUP_sk,INC_avg,INC_sd,INC_r1,INC_kr,INC_sk,IND_avg,IND_sd,IND_r1,IND_kr,IND_sk
223,0.4772972973,0.1311363773,0.9287645670,1.6930708328,-0.1188481399,0.0823648649,0.0721261235,0.9255744896,2.4723363654,0.8154425386,0.4403378378,0.0713614282,0.7848749874,1.8952202786,-0.1794658473,0.4403378378,0.0713614282,0.7848749874,1.8952202786,-0.1794658473
