Instance,INF_avg,INF_sd,INF_r1,INF_kr,INF_sk,SUP_avg,SUP_sd,SUP_r1,SUP_kr,SUP_sk,INC_avg,INC_sd,INC_r1,INC_kr,INC_sk,IND_avg,IND_sd,IND_r1,IND_kr,IND_sk
265,0.2180000000,0.1291355877,-0.2662890486,2.6639426081,0.4428509279,0.2240000000,0.1304760514,0.0036179866,3.1721797445,0.7385332495,0.5580000000,0.1484452761,-0.1341633149,2.1491674493,0.1927841608,0.5580000000,0.1484452761,-0.1341633149,2.1491674493,0.1927841608
