Instance,INF_avg,INF_sd,INF_r1,INF_kr,INF_sk,SUP_avg,SUP_sd,SUP_r1,SUP_kr,SUP_sk,INC_avg,INC_sd,INC_r1,INC_kr,INC_sk,IND_avg,IND_sd,IND_r1,IND_kr,IND_sk
242,0.2400000000,0.0894427191,0.0820410205,2.7293750000,-0.4108774909,0.2820000000,0.0904212364,0.0647864055,3.2135944639,-0.0644731904,0.4780000000,0.0980612054,-0.0524516914,2.5885608013,0.2442360677,0.4780000000,0.0980612054,-0.0524516914,2.5885608013,0.2442360677
