Instance,INF_avg,INF_sd,INF_r1,INF_kr,INF_sk,SUP_avg,SUP_sd,SUP_r1,SUP_kr,SUP_sk,INC_avg,INC_sd,INC_r1,INC_kr,INC_sk,IND_avg,IND_sd,IND_r1,IND_kr,IND_sk
361,0.2330000000,0.0228254244,-0.4056825465,2.5146422243,0.4359216191,0.2740000000,0.0538887743,-0.0522696011,1.9350568040,-0.2051976757,0.4930000000,0.0536749476,0.1727241260,2.1980798927,0.6838185017,0.4930000000,0.0536749476,0.1727241260,2.1980798927,0.6838185017
