Instance,INF_avg,INF_sd,INF_r1,INF_kr,INF_sk,SUP_avg,SUP_sd,SUP_r1,SUP_kr,SUP_sk,INC_avg,INC_sd,INC_r1,INC_kr,INC_sk,IND_avg,IND_sd,IND_r1,IND_kr,IND_sk
38,0.2440000000,0.0320000000,-0.5131578947,2.0781250000,0.8437500000,0.2800000000,0.0644980620,0.0697674419,1.7825443787,-0.2146755022,0.4760000000,0.0741889480,-0.0154525386,1.8818618172,0.6516986497,0.4760000000,0.0741889480,-0.0154525386,1.8818618172,0.6516986497
