Instance,INF_avg,INF_sd,INF_r1,INF_kr,INF_sk,SUP_avg,SUP_sd,SUP_r1,SUP_kr,SUP_sk,INC_avg,INC_sd,INC_r1,INC_kr,INC_sk,IND_avg,IND_sd,IND_r1,IND_kr,IND_sk
338,0.2348000000,0.0393059792,0.0604608804,2.8449938446,0.3471647483,0.2524000000,0.0536119390,0.2338528356,2.5236698068,0.1584209289,0.5128000000,0.0519630638,0.0217838412,2.0675497267,0.3618930624,0.5128000000,0.0519630638,0.0217838412,2.0675497267,0.3618930624
