Instance,INF_avg,INF_sd,INF_r1,INF_kr,INF_sk,SUP_avg,SUP_sd,SUP_r1,SUP_kr,SUP_sk,INC_avg,INC_sd,INC_r1,INC_kr,INC_sk,IND_avg,IND_sd,IND_r1,IND_kr,IND_sk
315,0.3400000000,0.1200000000,-0.7251461988,1.3981481481,-0.1111111111,0.2000000000,0.1673320053,-0.6428571429,2.5000000000,0.7683612489,0.4600000000,0.1200000000,-0.4327485380,1.3981481481,0.1111111111,0.4600000000,0.1200000000,-0.4327485380,1.3981481481,0.1111111111
