Instance,INF_avg,INF_sd,INF_r1,INF_kr,INF_sk,SUP_avg,SUP_sd,SUP_r1,SUP_kr,SUP_sk,INC_avg,INC_sd,INC_r1,INC_kr,INC_sk,IND_avg,IND_sd,IND_r1,IND_kr,IND_sk
380,0.2800000000,0.0551361950,-0.3134328358,1.5027700831,0.0000000000,0.2320000000,0.0640000000,-0.2400669176,2.3413391113,0.3464355469,0.4880000000,0.0716658915,-0.5845290081,2.7705185315,0.5852704037,0.4880000000,0.0716658915,-0.5845290081,2.7705185315,0.5852704037
