Instance,INF_avg,INF_sd,INF_r1,INF_kr,INF_sk,SUP_avg,SUP_sd,SUP_r1,SUP_kr,SUP_sk,INC_avg,INC_sd,INC_r1,INC_kr,INC_sk,IND_avg,IND_sd,IND_r1,IND_kr,IND_sk
461,0.2500000000,0.0347850543,-0.0460829493,1.5779318353,0.1069139705,0.2410000000,0.0389101529,-0.4398055476,3.0129892906,-1.3370911235,0.5090000000,0.0263438797,-1.0252572498,2.6170012208,-1.0360641026,0.5090000000,0.0263438797,-1.0252572498,2.6170012208,-1.0360641026
