Instance,INF_avg,INF_sd,INF_r1,INF_kr,INF_sk,SUP_avg,SUP_sd,SUP_r1,SUP_kr,SUP_sk,INC_avg,INC_sd,INC_r1,INC_kr,INC_sk,IND_avg,IND_sd,IND_r1,IND_kr,IND_sk
123,0.2285000000,0.0253031619,-0.0517232878,3.4474918204,-0.9307206682,0.2690000000,0.0142828569,0.1417361452,2.3452998847,-0.1328206844,0.5025000000,0.0197800404,-0.6259351621,2.3916238810,-0.2374355925,0.5025000000,0.0197800404,-0.6259351621,2.3916238810,-0.2374355925
