Instance,INF_avg,INF_sd,INF_r1,INF_kr,INF_sk,SUP_avg,SUP_sd,SUP_r1,SUP_kr,SUP_sk,INC_avg,INC_sd,INC_r1,INC_kr,INC_sk,IND_avg,IND_sd,IND_r1,IND_kr,IND_sk
282,0.2600000000,0.0800000000,0.0282131661,2.5908203125,0.5507812500,0.2500000000,0.0836660027,-0.6000000000,2.5000000000,-0.7683612489,0.4900000000,0.1496662955,-0.2175168431,2.3671077806,0.5959687069,0.4900000000,0.1496662955,-0.2175168431,2.3671077806,0.5959687069
