Instance,INF_avg,INF_sd,INF_r1,INF_kr,INF_sk,SUP_avg,SUP_sd,SUP_r1,SUP_kr,SUP_sk,INC_avg,INC_sd,INC_r1,INC_kr,INC_sk,IND_avg,IND_sd,IND_r1,IND_kr,IND_sk
225,0.2501000000,0.0297739819,-0.0330269149,3.2885778956,-0.1816089548,0.2551000000,0.0336078860,-0.0171176878,2.8186595062,0.3866896865,0.4948000000,0.0372955761,0.0193926531,2.8472266098,-0.0804391885,0.4948000000,0.0372955761,0.0193926531,2.8472266098,-0.0804391885
