Instance,INF_avg,INF_sd,INF_r1,INF_kr,INF_sk,SUP_avg,SUP_sd,SUP_r1,SUP_kr,SUP_sk,INC_avg,INC_sd,INC_r1,INC_kr,INC_sk,IND_avg,IND_sd,IND_r1,IND_kr,IND_sk
468,0.2548000000,0.0468717399,0.1225085827,2.3922406566,0.3710906404,0.2358000000,0.0401043639,-0.1366010624,4.0352907068,0.3869542877,0.5094000000,0.0465364373,-0.1648131741,2.2446306570,0.0107000941,0.5094000000,0.0465364373,-0.1648131741,2.2446306570,0.0107000941
