Instance,INF_avg,INF_sd,INF_r1,INF_kr,INF_sk,SUP_avg,SUP_sd,SUP_r1,SUP_kr,SUP_sk,INC_avg,INC_sd,INC_r1,INC_kr,INC_sk,IND_avg,IND_sd,IND_r1,IND_kr,IND_sk
438,0.2400000000,0.0800000000,-0.2582781457,3.5063476562,-1.2832031250,0.2800000000,0.1004987562,-0.0437375746,5.3717282619,1.7378669342,0.4800000000,0.1363818170,-0.2138084633,4.1843565730,-0.9366493153,0.4800000000,0.1363818170,-0.2138084633,4.1843565730,-0.9366493153
