Instance,INF_avg,INF_sd,INF_r1,INF_kr,INF_sk,SUP_avg,SUP_sd,SUP_r1,SUP_kr,SUP_sk,INC_avg,INC_sd,INC_r1,INC_kr,INC_sk,IND_avg,IND_sd,IND_r1,IND_kr,IND_sk
233,0.2280000000,0.0735934780,0.1538895822,2.5834618800,0.4844771363,0.2720000000,0.1140876856,-0.0970324068,2.3365599108,0.0372372334,0.5000000000,0.1048808848,0.0183486239,3.5000000000,-0.2080282013,0.5000000000,0.1048808848,0.0183486239,3.5000000000,-0.2080282013
