Instance,INF_avg,INF_sd,INF_r1,INF_kr,INF_sk,SUP_avg,SUP_sd,SUP_r1,SUP_kr,SUP_sk,INC_avg,INC_sd,INC_r1,INC_kr,INC_sk,IND_avg,IND_sd,IND_r1,IND_kr,IND_sk
104,0.3100000000,0.1300000000,-0.3175885643,1.7932495361,0.0873918980,0.2500000000,0.1500000000,-0.3258426966,3.3703703704,1.0666666667,0.4400000000,0.1200000000,-0.0252808989,2.7870370370,0.5833333333,0.4400000000,0.1200000000,-0.0252808989,2.7870370370,0.5833333333
