Instance,INF_avg,INF_sd,INF_r1,INF_kr,INF_sk,SUP_avg,SUP_sd,SUP_r1,SUP_kr,SUP_sk,INC_avg,INC_sd,INC_r1,INC_kr,INC_sk,IND_avg,IND_sd,IND_r1,IND_kr,IND_sk
350,0.2700000000,0.0400000000,-0.3380281690,2.0781250000,-0.8437500000,0.2600000000,0.0734846923,0.0748031496,1.5781893004,-0.3477670622,0.4700000000,0.0927361850,0.1207349081,1.5091941590,0.1579875514,0.4700000000,0.0927361850,0.1207349081,1.5091941590,0.1579875514
