Instance,INF_avg,INF_sd,INF_r1,INF_kr,INF_sk,SUP_avg,SUP_sd,SUP_r1,SUP_kr,SUP_sk,INC_avg,INC_sd,INC_r1,INC_kr,INC_sk,IND_avg,IND_sd,IND_r1,IND_kr,IND_sk
289,0.2250000000,0.0893028555,0.1043137255,3.8415994340,0.5107483407,0.3045000000,0.1034637618,-0.0816404187,3.1652549370,0.0150283909,0.4705000000,0.1065586693,0.0341532633,2.8800886629,-0.0398217839,0.4705000000,0.1065586693,0.0341532633,2.8800886629,-0.0398217839
