Instance,INF_avg,INF_sd,INF_r1,INF_kr,INF_sk,SUP_avg,SUP_sd,SUP_r1,SUP_kr,SUP_sk,INC_avg,INC_sd,INC_r1,INC_kr,INC_sk,IND_avg,IND_sd,IND_r1,IND_kr,IND_sk
8,0.3769230769,0.1338991937,0.2481672550,5.0888393295,-1.4965049581,0.2000000000,0.0854850414,-0.3636363636,3.3670360111,-0.5541135649,0.4230769231,0.1265144939,0.3141372750,2.9073000981,0.1589725176,0.4230769231,0.1265144939,0.3141372750,2.9073000981,0.1589725176
