Instance,INF_avg,INF_sd,INF_r1,INF_kr,INF_sk,SUP_avg,SUP_sd,SUP_r1,SUP_kr,SUP_sk,INC_avg,INC_sd,INC_r1,INC_kr,INC_sk,IND_avg,IND_sd,IND_r1,IND_kr,IND_sk
408,0.2451000000,0.0298243189,0.1091409930,2.3576082480,-0.0930830689,0.2695000000,0.0302696217,-0.0457865372,2.3526015236,0.0307198162,0.4854000000,0.0387148550,0.1798783353,3.7965149897,0.5712188250,0.4854000000,0.0387148550,0.1798783353,3.7965149897,0.5712188250
