Instance,INF_avg,INF_sd,INF_r1,INF_kr,INF_sk,SUP_avg,SUP_sd,SUP_r1,SUP_kr,SUP_sk,INC_avg,INC_sd,INC_r1,INC_kr,INC_sk,IND_avg,IND_sd,IND_r1,IND_kr,IND_sk
177,0.2700000000,0.0424264069,0.2512077295,3.0140740741,-0.1225651754,0.2172000000,0.0360577315,-0.1406111023,2.4726031107,-0.7196270005,0.5128000000,0.0469484824,-0.3071191349,3.4465131122,0.0624563312,0.5128000000,0.0469484824,-0.3071191349,3.4465131122,0.0624563312
