Instance,INF_avg,INF_sd,INF_r1,INF_kr,INF_sk,SUP_avg,SUP_sd,SUP_r1,SUP_kr,SUP_sk,INC_avg,INC_sd,INC_r1,INC_kr,INC_sk,IND_avg,IND_sd,IND_r1,IND_kr,IND_sk
217,0.2280000000,0.1265543362,-0.1276796847,2.4503438619,0.1740120386,0.3060000000,0.1434015342,0.1248461106,3.5634990941,0.5458398068,0.4660000000,0.1632298992,0.2512644210,2.4018104249,0.2522344041,0.4660000000,0.1632298992,0.2512644210,2.4018104249,0.2522344041
