Instance,INF_avg,INF_sd,INF_r1,INF_kr,INF_sk,SUP_avg,SUP_sd,SUP_r1,SUP_kr,SUP_sk,INC_avg,INC_sd,INC_r1,INC_kr,INC_sk,IND_avg,IND_sd,IND_r1,IND_kr,IND_sk
287,0.3080000000,0.1083328205,0.0070854499,3.4615996364,0.6196537119,0.3600000000,0.1191637529,-0.4683581219,2.4494147987,-0.1134667752,0.3320000000,0.0881816307,-0.4174458051,3.3824112178,0.0302406141,0.3320000000,0.0881816307,-0.4174458051,3.3824112178,0.0302406141
