Instance,INF_avg,INF_sd,INF_r1,INF_kr,INF_sk,SUP_avg,SUP_sd,SUP_r1,SUP_kr,SUP_sk,INC_avg,INC_sd,INC_r1,INC_kr,INC_sk,IND_avg,IND_sd,IND_r1,IND_kr,IND_sk
118,0.2520000000,0.1322724461,0.2327450572,2.5803466424,-0.0561670665,0.2530000000,0.1388920444,-0.0275620157,4.1287442571,0.5202177593,0.4950000000,0.1558043645,-0.0085559555,2.7322411732,0.1941355620,0.4950000000,0.1558043645,-0.0085559555,2.7322411732,0.1941355620
