Instance,INF_avg,INF_sd,INF_r1,INF_kr,INF_sk,SUP_avg,SUP_sd,SUP_r1,SUP_kr,SUP_sk,INC_avg,INC_sd,INC_r1,INC_kr,INC_sk,IND_avg,IND_sd,IND_r1,IND_kr,IND_sk
375,0.2545000000,0.0324846117,0.1238094320,2.3786982777,0.3683117253,0.2452000000,0.0293080194,0.0040946468,2.3591924377,-0.0333824621,0.5003000000,0.0308611406,0.0611738444,3.1897632943,0.5829830039,0.5003000000,0.0308611406,0.0611738444,3.1897632943,0.5829830039
