Instance,INF_avg,INF_sd,INF_r1,INF_kr,INF_sk,SUP_avg,SUP_sd,SUP_r1,SUP_kr,SUP_sk,INC_avg,INC_sd,INC_r1,INC_kr,INC_sk,IND_avg,IND_sd,IND_r1,IND_kr,IND_sk
64,0.2410000000,0.1130000000,-0.3856405934,3.1557727389,0.2238496580,0.2620000000,0.0977547953,-0.4275964292,2.2529023687,-0.0168539177,0.4970000000,0.1026693723,-0.1194574995,2.7893707020,-0.5290925635,0.4970000000,0.1026693723,-0.1194574995,2.7893707020,-0.5290925635
