Instance,INF_avg,INF_sd,INF_r1,INF_kr,INF_sk,SUP_avg,SUP_sd,SUP_r1,SUP_kr,SUP_sk,INC_avg,INC_sd,INC_r1,INC_kr,INC_sk,IND_avg,IND_sd,IND_r1,IND_kr,IND_sk
42,0.2680000000,0.1318180564,-0.2564684859,2.3385376922,0.1837456501,0.2360000000,0.1162067124,-0.2917386298,2.0257182004,0.0349923910,0.4960000000,0.1535708306,-0.2062742544,2.3913929182,-0.1316820627,0.4960000000,0.1535708306,-0.2062742544,2.3913929182,-0.1316820627
