Instance,INF_avg,INF_sd,INF_r1,INF_kr,INF_sk,SUP_avg,SUP_sd,SUP_r1,SUP_kr,SUP_sk,INC_avg,INC_sd,INC_r1,INC_kr,INC_sk,IND_avg,IND_sd,IND_r1,IND_kr,IND_sk
231,0.3400000000,0.0334664011,-0.6428571429,2.5000000000,-0.7683612489,0.2200000000,0.0438178046,0.2666666667,1.5625000000,-0.1141088661,0.4400000000,0.0619677335,0.0512820513,1.7447916667,0.5244664948,0.4400000000,0.0619677335,0.0512820513,1.7447916667,0.5244664948
