Instance,INF_avg,INF_sd,INF_r1,INF_kr,INF_sk,SUP_avg,SUP_sd,SUP_r1,SUP_kr,SUP_sk,INC_avg,INC_sd,INC_r1,INC_kr,INC_sk,IND_avg,IND_sd,IND_r1,IND_kr,IND_sk
133,0.2820000000,0.0847112743,-0.1587259041,2.1558427758,0.0301634460,0.2100000000,0.0836660027,-0.0530921820,2.7424489796,0.3483237661,0.5080000000,0.1205653350,0.0056299705,1.9209803516,0.0003560551,0.5080000000,0.1205653350,0.0056299705,1.9209803516,0.0003560551
