Instance,INF_avg,INF_sd,INF_r1,INF_kr,INF_sk,SUP_avg,SUP_sd,SUP_r1,SUP_kr,SUP_sk,INC_avg,INC_sd,INC_r1,INC_kr,INC_sk,IND_avg,IND_sd,IND_r1,IND_kr,IND_sk
141,0.3400000000,0.0800000000,-0.7741935484,2.0781250000,-0.8437500000,0.1400000000,0.1496662955,-0.9369369369,2.1339285714,0.7301958931,0.5200000000,0.0979795897,-0.6666666667,1.1666666667,-0.4082482905,0.5200000000,0.0979795897,-0.6666666667,1.1666666667,-0.4082482905
