Instance,INF_avg,INF_sd,INF_r1,INF_kr,INF_sk,SUP_avg,SUP_sd,SUP_r1,SUP_kr,SUP_sk,INC_avg,INC_sd,INC_r1,INC_kr,INC_sk,IND_avg,IND_sd,IND_r1,IND_kr,IND_sk
406,0.2808000000,0.0562793035,0.0136714230,4.6353671054,0.1799528622,0.2084000000,0.0529286312,-0.0423892783,2.8669190050,0.0151811632,0.5108000000,0.0613462305,-0.1867083770,2.5384583055,-0.0491734604,0.5108000000,0.0613462305,-0.1867083770,2.5384583055,-0.0491734604
