Instance,INF_avg,INF_sd,INF_r1,INF_kr,INF_sk,SUP_avg,SUP_sd,SUP_r1,SUP_kr,SUP_sk,INC_avg,INC_sd,INC_r1,INC_kr,INC_sk,IND_avg,IND_sd,IND_r1,IND_kr,IND_sk
380,0.2320000000,0.0614491660,0.0478223740,2.5246337259,-0.9035993059,0.2880000000,0.0324961536,0.0030674847,2.2685950413,0.1790421687,0.4800000000,0.0438178046,-0.3478260870,1.5625000000,-0.1141088661,0.4800000000,0.0438178046,-0.3478260870,1.5625000000,-0.1141088661
