Instance,INF_avg,INF_sd,INF_r1,INF_kr,INF_sk,SUP_avg,SUP_sd,SUP_r1,SUP_kr,SUP_sk,INC_avg,INC_sd,INC_r1,INC_kr,INC_sk,IND_avg,IND_sd,IND_r1,IND_kr,IND_sk
282,0.2500000000,0.0564623769,0.1417475728,2.4735559477,-0.1306651732,0.2512000000,0.0719066061,0.0217529055,3.5101644101,0.2872108571,0.4988000000,0.0802406381,0.1423075828,3.5547785386,-0.4652024069,0.4988000000,0.0802406381,0.1423075828,3.5547785386,-0.4652024069
