Instance,INF_avg,INF_sd,INF_r1,INF_kr,INF_sk,SUP_avg,SUP_sd,SUP_r1,SUP_kr,SUP_sk,INC_avg,INC_sd,INC_r1,INC_kr,INC_sk,IND_avg,IND_sd,IND_r1,IND_kr,IND_sk
197,0.2460000000,0.1431223253,-0.1466929376,2.3706168942,0.2646475808,0.1960000000,0.1148216008,0.0938884427,3.3367482798,0.7122911301,0.5580000000,0.1443468046,-0.1885181176,2.5990375946,-0.4789769917,0.5580000000,0.1443468046,-0.1885181176,2.5990375946,-0.4789769917
