Instance,INF_avg,INF_sd,INF_r1,INF_kr,INF_sk,SUP_avg,SUP_sd,SUP_r1,SUP_kr,SUP_sk,INC_avg,INC_sd,INC_r1,INC_kr,INC_sk,IND_avg,IND_sd,IND_r1,IND_kr,IND_sk
371,0.2600000000,0.0619677335,-0.2253521127,1.9661458333,0.3832639770,0.2500000000,0.0466904701,-0.1005917160,1.5709957074,0.0000000000,0.4900000000,0.0770713955,0.1540983607,2.7995442642,-0.8020898213,0.4900000000,0.0770713955,0.1540983607,2.7995442642,-0.8020898213
