Instance,INF_avg,INF_sd,INF_r1,INF_kr,INF_sk,SUP_avg,SUP_sd,SUP_r1,SUP_kr,SUP_sk,INC_avg,INC_sd,INC_r1,INC_kr,INC_sk,IND_avg,IND_sd,IND_r1,IND_kr,IND_sk
399,0.3250000000,0.1089724736,-0.1200000000,2.0969529086,0.6520236647,0.2000000000,0.1224744871,-1.0000000000,2.0000000000,-0.8164965809,0.4750000000,0.1785357107,-0.8861788618,2.0380622837,-0.4118470835,0.4750000000,0.1785357107,-0.8861788618,2.0380622837,-0.4118470835
