Instance,INF_avg,INF_sd,INF_r1,INF_kr,INF_sk,SUP_avg,SUP_sd,SUP_r1,SUP_kr,SUP_sk,INC_avg,INC_sd,INC_r1,INC_kr,INC_sk,IND_avg,IND_sd,IND_r1,IND_kr,IND_sk
489,0.3100000000,0.0988938825,0.6956977964,2.1528222113,-0.3697338627,0.2420000000,0.0931450482,0.4712379429,2.3240461756,0.2038492892,0.4480000000,0.0457820926,-0.1637239165,1.5131402599,-0.3961680990,0.4480000000,0.0457820926,-0.1637239165,1.5131402599,-0.3961680990
