Instance,INF_avg,INF_sd,INF_r1,INF_kr,INF_sk,SUP_avg,SUP_sd,SUP_r1,SUP_kr,SUP_sk,INC_avg,INC_sd,INC_r1,INC_kr,INC_sk,IND_avg,IND_sd,IND_r1,IND_kr,IND_sk
187,0.2900000000,0.0974679434,0.0984302079,2.5687534626,0.4600702926,0.2250000000,0.0960468636,-0.0881953867,2.9276004142,0.4401645322,0.4850000000,0.1092016483,-0.2054115373,2.6199781127,0.0172780584,0.4850000000,0.1092016483,-0.2054115373,2.6199781127,0.0172780584
