Instance,INF_avg,INF_sd,INF_r1,INF_kr,INF_sk,SUP_avg,SUP_sd,SUP_r1,SUP_kr,SUP_sk,INC_avg,INC_sd,INC_r1,INC_kr,INC_sk,IND_avg,IND_sd,IND_r1,IND_kr,IND_sk
76,0.3026315789,0.1208235819,-0.5657187672,2.2815271362,-0.0168622003,0.1315789474,0.0711013478,-0.1262972735,1.9817864515,0.0076051357,0.5657894737,0.1026653116,-0.2678754462,2.7913121783,0.5928507313,0.5657894737,0.1026653116,-0.2678754462,2.7913121783,0.5928507313
