Instance,INF_avg,INF_sd,INF_r1,INF_kr,INF_sk,SUP_avg,SUP_sd,SUP_r1,SUP_kr,SUP_sk,INC_avg,INC_sd,INC_r1,INC_kr,INC_sk,IND_avg,IND_sd,IND_r1,IND_kr,IND_sk
363,0.2410000000,0.1503961436,0.0727584208,3.6684562660,0.6581619066,0.2780000000,0.1572132310,0.2408755056,3.0107321519,0.5357885395,0.4810000000,0.1701146672,0.1770087498,2.2168224805,-0.3358999284,0.4810000000,0.1701146672,0.1770087498,2.2168224805,-0.3358999284
