Instance,INF_avg,INF_sd,INF_r1,INF_kr,INF_sk,SUP_avg,SUP_sd,SUP_r1,SUP_kr,SUP_sk,INC_avg,INC_sd,INC_r1,INC_kr,INC_sk,IND_avg,IND_sd,IND_r1,IND_kr,IND_sk
495,0.2720000000,0.0765245059,0.0433815350,4.1945265610,1.1859481785,0.3800000000,0.0529150262,0.2878787879,2.6897959184,0.0000000000,0.3480000000,0.0614491660,0.1183693517,1.8594153979,-0.4824161129,0.3480000000,0.0614491660,0.1183693517,1.8594153979,-0.4824161129
