Instance,INF_avg,INF_sd,INF_r1,INF_kr,INF_sk,SUP_avg,SUP_sd,SUP_r1,SUP_kr,SUP_sk,INC_avg,INC_sd,INC_r1,INC_kr,INC_sk,IND_avg,IND_sd,IND_r1,IND_kr,IND_sk
22,0.2120000000,0.0309515751,-0.0754383752,2.1712226673,0.0837728572,0.2586000000,0.0332120460,0.0028289701,3.1834117336,-0.1798725033,0.5294000000,0.0368597341,0.0911850690,2.3905822185,0.0719015985,0.5294000000,0.0368597341,0.0911850690,2.3905822185,0.0719015985
