Instance,INF_avg,INF_sd,INF_r1,INF_kr,INF_sk,SUP_avg,SUP_sd,SUP_r1,SUP_kr,SUP_sk,INC_avg,INC_sd,INC_r1,INC_kr,INC_sk,IND_avg,IND_sd,IND_r1,IND_kr,IND_sk
246,0.2420000000,0.0499599840,0.2566191446,1.3269230769,0.2278746804,0.2600000000,0.0309838668,-0.1739130435,1.7447916667,-0.5244664948,0.4980000000,0.0440000000,-0.5156049594,2.0615565877,0.4158527423,0.4980000000,0.0440000000,-0.5156049594,2.0615565877,0.4158527423
