Instance,INF_avg,INF_sd,INF_r1,INF_kr,INF_sk,SUP_avg,SUP_sd,SUP_r1,SUP_kr,SUP_sk,INC_avg,INC_sd,INC_r1,INC_kr,INC_sk,IND_avg,IND_sd,IND_r1,IND_kr,IND_sk
125,0.2320000000,0.0355808937,-0.1430153457,1.9393357442,0.0154510743,0.2250000000,0.0441588043,-0.3717948718,2.8755424063,1.2455047376,0.5430000000,0.0312409987,-0.6700882776,2.5240736697,0.8990786441,0.5430000000,0.0312409987,-0.6700882776,2.5240736697,0.8990786441
