Instance,INF_avg,INF_sd,INF_r1,INF_kr,INF_sk,SUP_avg,SUP_sd,SUP_r1,SUP_kr,SUP_sk,INC_avg,INC_sd,INC_r1,INC_kr,INC_sk,IND_avg,IND_sd,IND_r1,IND_kr,IND_sk
140,0.2550000000,0.0264007576,0.0086642599,2.6767206865,-0.2991631905,0.2555000000,0.0290903764,0.1086994553,2.4419657495,-0.0151110596,0.4895000000,0.0339889688,0.2615034352,3.1434493537,0.0407607074,0.4895000000,0.0339889688,0.2615034352,3.1434493537,0.0407607074
