Instance,INF_avg,INF_sd,INF_r1,INF_kr,INF_sk,SUP_avg,SUP_sd,SUP_r1,SUP_kr,SUP_sk,INC_avg,INC_sd,INC_r1,INC_kr,INC_sk,IND_avg,IND_sd,IND_r1,IND_kr,IND_sk
122,0.1960000000,0.0571314274,0.7495682211,1.6640715110,0.2018050709,0.2360000000,0.0741889480,0.2488262911,1.5091941590,0.1579875514,0.5680000000,0.0664529909,0.0604949588,2.0527725268,0.5312680038,0.5680000000,0.0664529909,0.0604949588,2.0527725268,0.5312680038
