Instance,INF_avg,INF_sd,INF_r1,INF_kr,INF_sk,SUP_avg,SUP_sd,SUP_r1,SUP_kr,SUP_sk,INC_avg,INC_sd,INC_r1,INC_kr,INC_sk,IND_avg,IND_sd,IND_r1,IND_kr,IND_sk
100,0.2628000000,0.0757374412,0.4017647169,2.5034792770,0.2893695376,0.2646000000,0.0800427386,0.5929244504,2.8388233926,0.1473579849,0.4726000000,0.0687985465,0.0985004646,3.1626910397,0.1689078324,0.4726000000,0.0687985465,0.0985004646,3.1626910397,0.1689078324
