Instance,INF_avg,INF_sd,INF_r1,INF_kr,INF_sk,SUP_avg,SUP_sd,SUP_r1,SUP_kr,SUP_sk,INC_avg,INC_sd,INC_r1,INC_kr,INC_sk,IND_avg,IND_sd,IND_r1,IND_kr,IND_sk
429,0.2425000000,0.0232647802,-0.4791946309,1.6145213853,-0.3246092578,0.2435000000,0.0315475831,0.0620111567,1.6455592474,0.2824885560,0.5140000000,0.0368646172,0.2375083525,2.4197590424,0.4836023247,0.5140000000,0.0368646172,0.2375083525,2.4197590424,0.4836023247
