Instance,INF_avg,INF_sd,INF_r1,INF_kr,INF_sk,SUP_avg,SUP_sd,SUP_r1,SUP_kr,SUP_sk,INC_avg,INC_sd,INC_r1,INC_kr,INC_sk,IND_avg,IND_sd,IND_r1,IND_kr,IND_sk
135,0.2800000000,0.0260768096,-0.0333333333,2.8460207612,-1.2181208646,0.3350000000,0.0161245155,-0.3953488372,1.7825443787,-0.2146755022,0.3850000000,0.0228035085,0.7090909091,1.7843934911,-0.2656473808,0.3850000000,0.0228035085,0.7090909091,1.7843934911,-0.2656473808
