Instance,INF_avg,INF_sd,INF_r1,INF_kr,INF_sk,SUP_avg,SUP_sd,SUP_r1,SUP_kr,SUP_sk,INC_avg,INC_sd,INC_r1,INC_kr,INC_sk,IND_avg,IND_sd,IND_r1,IND_kr,IND_sk
49,0.2700000000,0.1552417470,-0.0787172012,2.5801380830,0.6671431284,0.2100000000,0.1577973384,-0.3740458015,2.0466927953,0.2931929063,0.5200000000,0.1248999600,0.0874035990,2.0295857988,-0.0739053018,0.5200000000,0.1248999600,0.0874035990,2.0295857988,-0.0739053018
