Instance,INF_avg,INF_sd,INF_r1,INF_kr,INF_sk,SUP_avg,SUP_sd,SUP_r1,SUP_kr,SUP_sk,INC_avg,INC_sd,INC_r1,INC_kr,INC_sk,IND_avg,IND_sd,IND_r1,IND_kr,IND_sk
201,0.2440000000,0.1387948126,0.2008681096,2.8144708668,0.3485630092,0.1990000000,0.1228779883,-0.0467309158,3.1459392185,0.3100777375,0.5570000000,0.1656834331,0.0366361994,2.8894385406,-0.1427636070,0.5570000000,0.1656834331,0.0366361994,2.8894385406,-0.1427636070
