Instance,INF_avg,INF_sd,INF_r1,INF_kr,INF_sk,SUP_avg,SUP_sd,SUP_r1,SUP_kr,SUP_sk,INC_avg,INC_sd,INC_r1,INC_kr,INC_sk,IND_avg,IND_sd,IND_r1,IND_kr,IND_sk
150,0.2520000000,0.1031794553,-0.0453001047,3.0801907467,0.3150953421,0.2560000000,0.0949420876,0.0653054704,2.5742801093,0.1344133299,0.4920000000,0.1252437623,0.0225116213,3.2043844836,-0.2649551970,0.4920000000,0.1252437623,0.0225116213,3.2043844836,-0.2649551970
