Instance,INF_avg,INF_sd,INF_r1,INF_kr,INF_sk,SUP_avg,SUP_sd,SUP_r1,SUP_kr,SUP_sk,INC_avg,INC_sd,INC_r1,INC_kr,INC_sk,IND_avg,IND_sd,IND_r1,IND_kr,IND_sk
479,0.2355000000,0.0909106704,0.0962138239,2.7490021793,0.4143390001,0.2895000000,0.1042341115,0.0991128825,2.7641119820,0.0482545984,0.4750000000,0.1207269647,0.0193715024,2.5306055801,0.2450847354,0.4750000000,0.1207269647,0.0193715024,2.5306055801,0.2450847354
