Instance,INF_avg,INF_sd,INF_r1,INF_kr,INF_sk,SUP_avg,SUP_sd,SUP_r1,SUP_kr,SUP_sk,INC_avg,INC_sd,INC_r1,INC_kr,INC_sk,IND_avg,IND_sd,IND_r1,IND_kr,IND_sk
491,0.3585000000,0.0333953590,0.4325562316,2.8651178027,0.1620253409,0.2085000000,0.0295000000,0.1079934182,3.3738713405,0.6011130641,0.4330000000,0.0141774469,0.1585925548,2.3575406549,0.1189612755,0.4330000000,0.0141774469,0.1585925548,2.3575406549,0.1189612755
