Instance,INF_avg,INF_sd,INF_r1,INF_kr,INF_sk,SUP_avg,SUP_sd,SUP_r1,SUP_kr,SUP_sk,INC_avg,INC_sd,INC_r1,INC_kr,INC_sk,IND_avg,IND_sd,IND_r1,IND_kr,IND_sk
52,0.2837000000,0.0502524626,0.2793232981,2.4958023399,-0.0453227418,0.2700000000,0.0600000000,0.3398437500,2.2677777778,-0.1900000000,0.4463000000,0.0543627630,-0.0650249704,2.3146381900,0.1062163553,0.4463000000,0.0543627630,-0.0650249704,2.3146381900,0.1062163553
