Instance,INF_avg,INF_sd,INF_r1,INF_kr,INF_sk,SUP_avg,SUP_sd,SUP_r1,SUP_kr,SUP_sk,INC_avg,INC_sd,INC_r1,INC_kr,INC_sk,IND_avg,IND_sd,IND_r1,IND_kr,IND_sk
292,0.2760000000,0.0410365691,-1.1912580944,2.1709607258,0.1139126499,0.2230000000,0.0334065862,-0.6438108986,1.7016514433,-0.4773381056,0.5010000000,0.0359722115,-0.8254843282,1.4393156860,0.1749160589,0.5010000000,0.0359722115,-0.8254843282,1.4393156860,0.1749160589
