Instance,INF_avg,INF_sd,INF_r1,INF_kr,INF_sk,SUP_avg,SUP_sd,SUP_r1,SUP_kr,SUP_sk,INC_avg,INC_sd,INC_r1,INC_kr,INC_sk,IND_avg,IND_sd,IND_r1,IND_kr,IND_sk
106,0.4024056604,0.0854655153,0.8283837574,2.1247881554,0.1972577140,0.0745283019,0.0608374276,0.8788838230,2.5535405811,0.7752781687,0.5230660377,0.0449505533,0.3374646814,2.6981729942,-0.3366904759,0.5230660377,0.0449505533,0.3374646814,2.6981729942,-0.3366904759
