Instance,INF_avg,INF_sd,INF_r1,INF_kr,INF_sk,SUP_avg,SUP_sd,SUP_r1,SUP_kr,SUP_sk,INC_avg,INC_sd,INC_r1,INC_kr,INC_sk,IND_avg,IND_sd,IND_r1,IND_kr,IND_sk
211,0.2720000000,0.0466476152,-0.1991117691,1.7821150519,0.1569968665,0.2160000000,0.0445421149,0.1380718954,3.5329084287,0.8495041100,0.5120000000,0.0545527268,0.1882937604,2.4153659383,0.4825163139,0.5120000000,0.0545527268,0.1882937604,2.4153659383,0.4825163139
