Instance,INF_avg,INF_sd,INF_r1,INF_kr,INF_sk,SUP_avg,SUP_sd,SUP_r1,SUP_kr,SUP_sk,INC_avg,INC_sd,INC_r1,INC_kr,INC_sk,IND_avg,IND_sd,IND_r1,IND_kr,IND_sk
362,0.2358000000,0.0477112146,-0.1228225539,2.8553423618,-0.2329828298,0.2652000000,0.0421065316,0.2922876022,3.0450663641,0.3981238248,0.4990000000,0.0510392006,0.0549377925,3.2263472357,-0.1558698050,0.4990000000,0.0510392006,0.0549377925,3.2263472357,-0.1558698050
