Instance,INF_avg,INF_sd,INF_r1,INF_kr,INF_sk,SUP_avg,SUP_sd,SUP_r1,SUP_kr,SUP_sk,INC_avg,INC_sd,INC_r1,INC_kr,INC_sk,IND_avg,IND_sd,IND_r1,IND_kr,IND_sk
370,0.3332432432,0.0739084186,0.3826535686,2.8559369680,0.0385771953,0.1529729730,0.0620751447,0.3802101531,2.5769305126,-0.1750878383,0.5137837838,0.0644247456,-0.0772549043,2.4700348259,0.2519541803,0.5137837838,0.0644247456,-0.0772549043,2.4700348259,0.2519541803
