Instance,INF_avg,INF_sd,INF_r1,INF_kr,INF_sk,SUP_avg,SUP_sd,SUP_r1,SUP_kr,SUP_sk,INC_avg,INC_sd,INC_r1,INC_kr,INC_sk,IND_avg,IND_sd,IND_r1,IND_kr,IND_sk
326,0.2200000000,0.1264911064,0.3583724570,4.6300000000,0.5692099788,0.3000000000,0.1356465997,0.2142857143,2.6701323251,0.0961577975,0.4800000000,0.1496662955,0.0978013647,2.4630102041,-0.1574932318,0.4800000000,0.1496662955,0.0978013647,2.4630102041,-0.1574932318
