Instance,INF_avg,INF_sd,INF_r1,INF_kr,INF_sk,SUP_avg,SUP_sd,SUP_r1,SUP_kr,SUP_sk,INC_avg,INC_sd,INC_r1,INC_kr,INC_sk,IND_avg,IND_sd,IND_r1,IND_kr,IND_sk
193,0.3808823529,0.0751906458,0.5125186336,2.3964626980,0.1976799519,0.1064705882,0.0716048122,0.8254768209,2.4705889537,0.6730004122,0.5126470588,0.0505155086,-0.0827473323,3.3695807031,0.1886638963,0.5126470588,0.0505155086,-0.0827473323,3.3695807031,0.1886638963
