Instance,INF_avg,INF_sd,INF_r1,INF_kr,INF_sk,SUP_avg,SUP_sd,SUP_r1,SUP_kr,SUP_sk,INC_avg,INC_sd,INC_r1,INC_kr,INC_sk,IND_avg,IND_sd,IND_r1,IND_kr,IND_sk
381,0.2300000000,0.0508330601,-0.3021806854,2.3197049718,0.4622671144,0.2700000000,0.0495580468,-0.3110749186,2.4335801971,-0.2385910060,0.5000000000,0.0589236795,-0.2002314815,2.2371201342,-0.2885870070,0.5000000000,0.0589236795,-0.2002314815,2.2371201342,-0.2885870070
