Instance,INF_avg,INF_sd,INF_r1,INF_kr,INF_sk,SUP_avg,SUP_sd,SUP_r1,SUP_kr,SUP_sk,INC_avg,INC_sd,INC_r1,INC_kr,INC_sk,IND_avg,IND_sd,IND_r1,IND_kr,IND_sk
70,0.2230000000,0.0340734501,-0.1805476650,1.5338710503,-0.1965657837,0.2580000000,0.0389358447,0.1096979332,3.6526966535,0.1508468860,0.5190000000,0.0406078810,0.3961939071,1.5045952837,0.1799218779,0.5190000000,0.0406078810,0.3961939071,1.5045952837,0.1799218779
