Instance,INF_avg,INF_sd,INF_r1,INF_kr,INF_sk,SUP_avg,SUP_sd,SUP_r1,SUP_kr,SUP_sk,INC_avg,INC_sd,INC_r1,INC_kr,INC_sk,IND_avg,IND_sd,IND_r1,IND_kr,IND_sk
82,0.2296000000,0.0449871093,0.3484626767,3.0731062414,0.1672621866,0.2744000000,0.0496854103,0.1130759287,2.5364214548,-0.2285364849,0.4960000000,0.0580689246,0.2359638884,2.4221873245,0.3526304040,0.4960000000,0.0580689246,0.2359638884,2.4221873245,0.3526304040
