Instance,INF_avg,INF_sd,INF_r1,INF_kr,INF_sk,SUP_avg,SUP_sd,SUP_r1,SUP_kr,SUP_sk,INC_avg,INC_sd,INC_r1,INC_kr,INC_sk,IND_avg,IND_sd,IND_r1,IND_kr,IND_sk
73,0.2420000000,0.0718052923,0.4780110144,3.2800891472,0.5149690331,0.3240000000,0.0307245830,-0.0479041916,2.5300201092,-0.5031029102,0.4340000000,0.0780000000,0.2241207367,4.5652242698,-1.0584129874,0.4340000000,0.0780000000,0.2241207367,4.5652242698,-1.0584129874
