Instance,INF_avg,INF_sd,INF_r1,INF_kr,INF_sk,SUP_avg,SUP_sd,SUP_r1,SUP_kr,SUP_sk,INC_avg,INC_sd,INC_r1,INC_kr,INC_sk,IND_avg,IND_sd,IND_r1,IND_kr,IND_sk
125,0.2740000000,0.1213424905,0.0873551346,3.0814725810,0.5071220483,0.2180000000,0.1505855239,-0.2864851131,2.3866097679,0.2546840927,0.5080000000,0.1610465771,0.0662466852,2.8593430381,0.5882404733,0.5080000000,0.1610465771,0.0662466852,2.8593430381,0.5882404733
