Instance,INF_avg,INF_sd,INF_r1,INF_kr,INF_sk,SUP_avg,SUP_sd,SUP_r1,SUP_kr,SUP_sk,INC_avg,INC_sd,INC_r1,INC_kr,INC_sk,IND_avg,IND_sd,IND_r1,IND_kr,IND_sk
368,0.2980000000,0.0589576119,-0.0625557396,1.7106511062,0.5663408421,0.2420000000,0.0782048592,-0.7336462306,6.2081967935,1.9822165561,0.4600000000,0.0876356092,-0.3984375000,2.0019531250,-0.1925587116,0.4600000000,0.0876356092,-0.3984375000,2.0019531250,-0.1925587116
