Instance,INF_avg,INF_sd,INF_r1,INF_kr,INF_sk,SUP_avg,SUP_sd,SUP_r1,SUP_kr,SUP_sk,INC_avg,INC_sd,INC_r1,INC_kr,INC_sk,IND_avg,IND_sd,IND_r1,IND_kr,IND_sk
474,0.2529411765,0.1459961605,0.1903117701,1.9748798280,0.0553349211,0.2470588235,0.1613095200,-0.1431034483,4.2895965369,1.0619824846,0.5000000000,0.1782265577,-0.1886792453,1.4341563786,0.1246852462,0.5000000000,0.1782265577,-0.1886792453,1.4341563786,0.1246852462
