Instance,INF_avg,INF_sd,INF_r1,INF_kr,INF_sk,SUP_avg,SUP_sd,SUP_r1,SUP_kr,SUP_sk,INC_avg,INC_sd,INC_r1,INC_kr,INC_sk,IND_avg,IND_sd,IND_r1,IND_kr,IND_sk
121,0.2600000000,0.1264911064,0.0262361251,1.9675000000,0.3083220719,0.2160000000,0.1346996659,-0.0149055860,2.0827944346,0.2966426953,0.5240000000,0.1304760514,-0.0888796868,2.7481874329,0.4143876871,0.5240000000,0.1304760514,-0.0888796868,2.7481874329,0.4143876871
