Instance,INF_avg,INF_sd,INF_r1,INF_kr,INF_sk,SUP_avg,SUP_sd,SUP_r1,SUP_kr,SUP_sk,INC_avg,INC_sd,INC_r1,INC_kr,INC_sk,IND_avg,IND_sd,IND_r1,IND_kr,IND_sk
31,0.2500000000,0.1204159458,0.0526315789,2.5980975030,-0.6872729367,0.2200000000,0.1077032961,-0.1614173228,2.7669441141,-0.4034071140,0.5300000000,0.1951922130,-0.0369582558,2.5366110732,0.3824213485,0.5300000000,0.1951922130,-0.0369582558,2.5366110732,0.3824213485
