Instance,INF_avg,INF_sd,INF_r1,INF_kr,INF_sk,SUP_avg,SUP_sd,SUP_r1,SUP_kr,SUP_sk,INC_avg,INC_sd,INC_r1,INC_kr,INC_sk,IND_avg,IND_sd,IND_r1,IND_kr,IND_sk
40,0.2580000000,0.0575847202,0.0083242852,3.0329636910,0.4016948183,0.2320000000,0.0658483105,0.1588785047,1.9951661878,-0.1492864164,0.5100000000,0.0634034699,0.6298932384,2.3104626123,0.6497125456,0.5100000000,0.0634034699,0.6298932384,2.3104626123,0.6497125456
