Instance,INF_avg,INF_sd,INF_r1,INF_kr,INF_sk,SUP_avg,SUP_sd,SUP_r1,SUP_kr,SUP_sk,INC_avg,INC_sd,INC_r1,INC_kr,INC_sk,IND_avg,IND_sd,IND_r1,IND_kr,IND_sk
372,0.2250000000,0.1016120072,0.2458172458,2.7954962508,0.2930960932,0.3060000000,0.1013114011,0.0149971053,3.4167247336,-0.4375280357,0.4690000000,0.1291859125,0.0238016820,2.4905484713,-0.1301642497,0.4690000000,0.1291859125,0.0238016820,2.4905484713,-0.1301642497
