Instance,INF_avg,INF_sd,INF_r1,INF_kr,INF_sk,SUP_avg,SUP_sd,SUP_r1,SUP_kr,SUP_sk,INC_avg,INC_sd,INC_r1,INC_kr,INC_sk,IND_avg,IND_sd,IND_r1,IND_kr,IND_sk
305,0.2801000000,0.0495629902,0.3685595613,2.5109236562,0.2605773640,0.2319000000,0.0419152717,0.5509380330,3.0829262738,0.3132971831,0.4880000000,0.0344818793,-0.1299732049,2.4323816368,-0.4380111694,0.4880000000,0.0344818793,-0.1299732049,2.4323816368,-0.4380111694
