Instance,INF_avg,INF_sd,INF_r1,INF_kr,INF_sk,SUP_avg,SUP_sd,SUP_r1,SUP_kr,SUP_sk,INC_avg,INC_sd,INC_r1,INC_kr,INC_sk,IND_avg,IND_sd,IND_r1,IND_kr,IND_sk
231,0.4792592593,0.1205929566,0.6096558934,2.9144548308,-0.3743830434,0.1330864198,0.0906034907,0.7326823831,2.8413778306,0.8088639495,0.3876543210,0.0785402563,0.0997857219,2.7608178618,0.0408259374,0.3876543210,0.0785402563,0.0997857219,2.7608178618,0.0408259374
