Instance,INF_avg,INF_sd,INF_r1,INF_kr,INF_sk,SUP_avg,SUP_sd,SUP_r1,SUP_kr,SUP_sk,INC_avg,INC_sd,INC_r1,INC_kr,INC_sk,IND_avg,IND_sd,IND_r1,IND_kr,IND_sk
118,0.2900000000,0.1459451952,0.1487902831,2.2473715533,0.2123119946,0.2660000000,0.1491442255,0.1502809245,4.5991793103,0.7741197705,0.4440000000,0.1601998752,0.0793775067,2.9589375999,-0.2414844924,0.4440000000,0.1601998752,0.0793775067,2.9589375999,-0.2414844924
