Instance,INF_avg,INF_sd,INF_r1,INF_kr,INF_sk,SUP_avg,SUP_sd,SUP_r1,SUP_kr,SUP_sk,INC_avg,INC_sd,INC_r1,INC_kr,INC_sk,IND_avg,IND_sd,IND_r1,IND_kr,IND_sk
301,0.3230769231,0.0992575992,-0.4105110196,3.0557990423,-0.4740669472,0.1653846154,0.0817703524,0.2123168612,2.2080429164,-0.8173032854,0.5115384615,0.1076923077,-0.1448825417,2.1580721574,-0.4843294461,0.5115384615,0.1076923077,-0.1448825417,2.1580721574,-0.4843294461
