Instance,INF_avg,INF_sd,INF_r1,INF_kr,INF_sk,SUP_avg,SUP_sd,SUP_r1,SUP_kr,SUP_sk,INC_avg,INC_sd,INC_r1,INC_kr,INC_sk,IND_avg,IND_sd,IND_r1,IND_kr,IND_sk
36,0.2820000000,0.0457820926,-0.3545418167,1.8441961424,-0.2791184334,0.3580000000,0.0577581163,-0.4486458866,1.3892224350,-0.2396498969,0.3600000000,0.0384707681,-0.4931506849,2.4561723886,-0.9273450315,0.3600000000,0.0384707681,-0.4931506849,2.4561723886,-0.9273450315
