Instance,INF_avg,INF_sd,INF_r1,INF_kr,INF_sk,SUP_avg,SUP_sd,SUP_r1,SUP_kr,SUP_sk,INC_avg,INC_sd,INC_r1,INC_kr,INC_sk,IND_avg,IND_sd,IND_r1,IND_kr,IND_sk
284,0.2820000000,0.0650461375,0.5907137179,2.5513449508,0.5911699330,0.3664000000,0.0615308053,0.6033350965,2.8797010329,0.3909754238,0.3516000000,0.0496934603,0.4100308295,2.5178630835,0.2420452877,0.3516000000,0.0496934603,0.4100308295,2.5178630835,0.2420452877
