Instance,INF_avg,INF_sd,INF_r1,INF_kr,INF_sk,SUP_avg,SUP_sd,SUP_r1,SUP_kr,SUP_sk,INC_avg,INC_sd,INC_r1,INC_kr,INC_sk,IND_avg,IND_sd,IND_r1,IND_kr,IND_sk
412,0.2572000000,0.0343388992,0.2834509749,2.6701202568,0.2710325927,0.2656000000,0.0330399758,0.1409024202,2.9649550118,0.1137395861,0.4772000000,0.0347154144,0.1615173611,2.4133761220,-0.0490516326,0.4772000000,0.0347154144,0.1615173611,2.4133761220,-0.0490516326
