Instance,INF_avg,INF_sd,INF_r1,INF_kr,INF_sk,SUP_avg,SUP_sd,SUP_r1,SUP_kr,SUP_sk,INC_avg,INC_sd,INC_r1,INC_kr,INC_sk,IND_avg,IND_sd,IND_r1,IND_kr,IND_sk
336,0.2600000000,0.0800000000,0.1346153846,1.7485351563,0.4042968750,0.3250000000,0.1209338662,0.4334763948,1.4628533859,0.2968352623,0.4150000000,0.1323820229,0.3415226396,1.7384925957,0.0303879972,0.4150000000,0.1323820229,0.3415226396,1.7384925957,0.0303879972
