Instance,INF_avg,INF_sd,INF_r1,INF_kr,INF_sk,SUP_avg,SUP_sd,SUP_r1,SUP_kr,SUP_sk,INC_avg,INC_sd,INC_r1,INC_kr,INC_sk,IND_avg,IND_sd,IND_r1,IND_kr,IND_sk
221,0.3100000000,0.1374772708,0.2807192807,2.1919039221,-0.0415653124,0.2680000000,0.1240000000,0.0189847039,2.3301440898,-0.3834715182,0.4220000000,0.1285145906,-0.0409058626,3.6024324168,0.6592532529,0.4220000000,0.1285145906,-0.0409058626,3.6024324168,0.6592532529
