Instance,INF_avg,INF_sd,INF_r1,INF_kr,INF_sk,SUP_avg,SUP_sd,SUP_r1,SUP_kr,SUP_sk,INC_avg,INC_sd,INC_r1,INC_kr,INC_sk,IND_avg,IND_sd,IND_r1,IND_kr,IND_sk
221,0.2700000000,0.1019803903,-0.1238170347,3.2880917160,0.6392631713,0.3580000000,0.1205653350,-0.0621022965,2.6115778365,-0.0338800128,0.3720000000,0.1087014259,-0.1246795490,2.6091679276,0.0346429804,0.3720000000,0.1087014259,-0.1246795490,2.6091679276,0.0346429804
