Instance,INF_avg,INF_sd,INF_r1,INF_kr,INF_sk,SUP_avg,SUP_sd,SUP_r1,SUP_kr,SUP_sk,INC_avg,INC_sd,INC_r1,INC_kr,INC_sk,IND_avg,IND_sd,IND_r1,IND_kr,IND_sk
196,0.2160000000,0.1405133446,-0.2447150623,2.7543690519,0.4499131442,0.3040000000,0.1611955334,-0.1291492258,2.4324828921,0.1069899708,0.4800000000,0.1897366596,-0.1760752688,2.2355555556,0.0948683298,0.4800000000,0.1897366596,-0.1760752688,2.2355555556,0.0948683298
