Instance,INF_avg,INF_sd,INF_r1,INF_kr,INF_sk,SUP_avg,SUP_sd,SUP_r1,SUP_kr,SUP_sk,INC_avg,INC_sd,INC_r1,INC_kr,INC_sk,IND_avg,IND_sd,IND_r1,IND_kr,IND_sk
82,0.2532000000,0.0360799113,0.4504435506,2.4513802354,0.1505903713,0.2556500000,0.0375676390,0.5635394830,2.9983958664,0.4720628536,0.4911500000,0.0330367598,0.0760293572,2.9437248557,-0.0895297812,0.4911500000,0.0330367598,0.0760293572,2.9437248557,-0.0895297812
