Instance,INF_avg,INF_sd,INF_r1,INF_kr,INF_sk,SUP_avg,SUP_sd,SUP_r1,SUP_kr,SUP_sk,INC_avg,INC_sd,INC_r1,INC_kr,INC_sk,IND_avg,IND_sd,IND_r1,IND_kr,IND_sk
182,0.2380000000,0.0941063228,0.0320618515,2.5571468090,0.3306241302,0.2390000000,0.0838391317,0.0013943510,3.1860360593,-0.0326011007,0.5230000000,0.1087244223,0.2246332396,3.0622334363,-0.2142151218,0.5230000000,0.1087244223,0.2246332396,3.0622334363,-0.2142151218
