Instance,INF_avg,INF_sd,INF_r1,INF_kr,INF_sk,SUP_avg,SUP_sd,SUP_r1,SUP_kr,SUP_sk,INC_avg,INC_sd,INC_r1,INC_kr,INC_sk,IND_avg,IND_sd,IND_r1,IND_kr,IND_sk
305,0.2700000000,0.0500000000,0.0447761194,2.0444800000,0.5376000000,0.2220000000,0.0596322061,0.0856350107,2.1109612423,-0.3458772228,0.5080000000,0.0523067873,-0.4566236811,3.2121678465,0.2978379703,0.5080000000,0.0523067873,-0.4566236811,3.2121678465,0.2978379703
