Instance,INF_avg,INF_sd,INF_r1,INF_kr,INF_sk,SUP_avg,SUP_sd,SUP_r1,SUP_kr,SUP_sk,INC_avg,INC_sd,INC_r1,INC_kr,INC_sk,IND_avg,IND_sd,IND_r1,IND_kr,IND_sk
240,0.2100000000,0.0943398113,-0.1703511053,2.3654841560,0.5145158249,0.2600000000,0.1280624847,-0.3793103448,3.0975609756,-0.0799914390,0.5300000000,0.1552417470,0.0554849640,3.8197861607,0.9365663149,0.5300000000,0.1552417470,0.0554849640,3.8197861607,0.9365663149
