Instance,INF_avg,INF_sd,INF_r1,INF_kr,INF_sk,SUP_avg,SUP_sd,SUP_r1,SUP_kr,SUP_sk,INC_avg,INC_sd,INC_r1,INC_kr,INC_sk,IND_avg,IND_sd,IND_r1,IND_kr,IND_sk
66,0.2640000000,0.1261110622,-0.1872814508,2.6007574623,-0.3767877441,0.2600000000,0.1600000000,-0.0221354167,3.5019531250,0.6093750000,0.4760000000,0.1393700111,-0.0573601823,3.2398391636,1.0536469524,0.4760000000,0.1393700111,-0.0573601823,3.2398391636,1.0536469524
