Instance,INF_avg,INF_sd,INF_r1,INF_kr,INF_sk,SUP_avg,SUP_sd,SUP_r1,SUP_kr,SUP_sk,INC_avg,INC_sd,INC_r1,INC_kr,INC_sk,IND_avg,IND_sd,IND_r1,IND_kr,IND_sk
104,0.2705500000,0.0386192633,0.5265601297,3.1856320409,0.4385122834,0.2536000000,0.0463199741,0.5797748971,3.1859359832,-0.1583897467,0.4758500000,0.0369327429,0.2381988391,2.6213023157,0.3607254467,0.4758500000,0.0369327429,0.2381988391,2.6213023157,0.3607254467
