Instance,INF_avg,INF_sd,INF_r1,INF_kr,INF_sk,SUP_avg,SUP_sd,SUP_r1,SUP_kr,SUP_sk,INC_avg,INC_sd,INC_r1,INC_kr,INC_sk,IND_avg,IND_sd,IND_r1,IND_kr,IND_sk
123,0.2400000000,0.0648074070,0.1927083333,2.4482993197,0.4188233785,0.2520000000,0.0373630834,0.5710893440,2.5980656973,0.6023137267,0.5080000000,0.0635295207,0.0159353074,2.1770438698,-0.6925602044,0.5080000000,0.0635295207,0.0159353074,2.1770438698,-0.6925602044
