Instance,INF_avg,INF_sd,INF_r1,INF_kr,INF_sk,SUP_avg,SUP_sd,SUP_r1,SUP_kr,SUP_sk,INC_avg,INC_sd,INC_r1,INC_kr,INC_sk,IND_avg,IND_sd,IND_r1,IND_kr,IND_sk
24,0.2192000000,0.0392856208,-0.1901548971,2.5486538409,0.3170705528,0.2540000000,0.0508330601,-0.2396255229,3.1697370817,-0.1001274224,0.5268000000,0.0584958118,-0.0570272066,2.0300884206,0.0847411080,0.5268000000,0.0584958118,-0.0570272066,2.0300884206,0.0847411080
