Instance,INF_avg,INF_sd,INF_r1,INF_kr,INF_sk,SUP_avg,SUP_sd,SUP_r1,SUP_kr,SUP_sk,INC_avg,INC_sd,INC_r1,INC_kr,INC_sk,IND_avg,IND_sd,IND_r1,IND_kr,IND_sk
381,0.2840000000,0.0611882342,-0.2403763901,1.7145518299,0.3553557320,0.2160000000,0.0387814389,-0.1453744493,1.8155273880,0.6122692079,0.5000000000,0.0334664011,-0.4615384615,2.5000000000,-0.7683612489,0.5000000000,0.0334664011,-0.4615384615,2.5000000000,-0.7683612489
