Instance,INF_avg,INF_sd,INF_r1,INF_kr,INF_sk,SUP_avg,SUP_sd,SUP_r1,SUP_kr,SUP_sk,INC_avg,INC_sd,INC_r1,INC_kr,INC_sk,IND_avg,IND_sd,IND_r1,IND_kr,IND_sk
236,0.2399000000,0.0274861783,-0.1433257185,2.2763475525,-0.0701090605,0.2437000000,0.0325547232,-0.1559579552,2.5636775529,0.1793515760,0.5164000000,0.0348861004,-0.1364960658,2.1911860650,-0.2885057135,0.5164000000,0.0348861004,-0.1364960658,2.1911860650,-0.2885057135
