Instance,INF_avg,INF_sd,INF_r1,INF_kr,INF_sk,SUP_avg,SUP_sd,SUP_r1,SUP_kr,SUP_sk,INC_avg,INC_sd,INC_r1,INC_kr,INC_sk,IND_avg,IND_sd,IND_r1,IND_kr,IND_sk
285,0.2666000000,0.0703024893,0.5922735469,2.8270710445,0.4517629537,0.2210000000,0.0686221539,0.5350329065,2.7725303918,0.3227438388,0.5124000000,0.0598016722,0.3445299627,2.6390068478,-0.1103627868,0.5124000000,0.0598016722,0.3445299627,2.6390068478,-0.1103627868
