Instance,INF_avg,INF_sd,INF_r1,INF_kr,INF_sk,SUP_avg,SUP_sd,SUP_r1,SUP_kr,SUP_sk,INC_avg,INC_sd,INC_r1,INC_kr,INC_sk,IND_avg,IND_sd,IND_r1,IND_kr,IND_sk
135,0.3250000000,0.0844097151,0.0095238095,1.6943674977,0.1870575403,0.2900000000,0.0700000000,-0.0429447853,2.6018325698,-0.5160349854,0.3850000000,0.0838152731,-0.1851571374,1.4895581363,-0.2853249756,0.3850000000,0.0838152731,-0.1851571374,1.4895581363,-0.2853249756
