Instance,INF_avg,INF_sd,INF_r1,INF_kr,INF_sk,SUP_avg,SUP_sd,SUP_r1,SUP_kr,SUP_sk,INC_avg,INC_sd,INC_r1,INC_kr,INC_sk,IND_avg,IND_sd,IND_r1,IND_kr,IND_sk
89,0.2360000000,0.0295634910,-0.3929719798,2.3874581738,-0.5475551930,0.2580000000,0.0166132477,-0.5628672150,2.1472904852,0.3192842191,0.5060000000,0.0220000000,-0.5420106848,1.3546376614,-0.3313298272,0.5060000000,0.0220000000,-0.5420106848,1.3546376614,-0.3313298272
