Instance,INF_avg,INF_sd,INF_r1,INF_kr,INF_sk,SUP_avg,SUP_sd,SUP_r1,SUP_kr,SUP_sk,INC_avg,INC_sd,INC_r1,INC_kr,INC_sk,IND_avg,IND_sd,IND_r1,IND_kr,IND_sk
66,0.2150000000,0.0634428877,-0.6399743754,1.9728019752,-0.2819575118,0.3250000000,0.1123610253,-0.2636815920,4.2373296736,-1.0574118641,0.4600000000,0.0860232527,0.0257104195,3.6380569759,0.3958703373,0.4600000000,0.0860232527,0.0257104195,3.6380569759,0.3958703373
