Instance,INF_avg,INF_sd,INF_r1,INF_kr,INF_sk,SUP_avg,SUP_sd,SUP_r1,SUP_kr,SUP_sk,INC_avg,INC_sd,INC_r1,INC_kr,INC_sk,IND_avg,IND_sd,IND_r1,IND_kr,IND_sk
389,0.2300000000,0.0209761770,0.0952380952,1.3429752066,0.3900528774,0.3340000000,0.0320000000,0.8275862069,2.0369262695,-0.5844726563,0.4360000000,0.0338230691,0.3103448276,2.8309697296,1.0904131386,0.4360000000,0.0338230691,0.3103448276,2.8309697296,1.0904131386
