Instance,INF_avg,INF_sd,INF_r1,INF_kr,INF_sk,SUP_avg,SUP_sd,SUP_r1,SUP_kr,SUP_sk,INC_avg,INC_sd,INC_r1,INC_kr,INC_sk,IND_avg,IND_sd,IND_r1,IND_kr,IND_sk
435,0.2400000000,0.1356465997,-0.1070559611,2.0094517958,0.4519416482,0.2700000000,0.1846618531,0.1737724199,2.2467729036,0.0628873968,0.4900000000,0.1577973384,-0.1017306881,4.1369816616,-1.2094207384,0.4900000000,0.1577973384,-0.1017306881,4.1369816616,-1.2094207384
