Instance,INF_avg,INF_sd,INF_r1,INF_kr,INF_sk,SUP_avg,SUP_sd,SUP_r1,SUP_kr,SUP_sk,INC_avg,INC_sd,INC_r1,INC_kr,INC_sk,IND_avg,IND_sd,IND_r1,IND_kr,IND_sk
106,0.2750000000,0.0981070844,0.0206896552,1.9067296340,0.3177021453,0.2450000000,0.0850000000,0.2330168006,3.2942254044,-0.8206798290,0.4800000000,0.1122497216,0.6986817326,3.7649281935,1.0881350564,0.4800000000,0.1122497216,0.6986817326,3.7649281935,1.0881350564
