Instance,INF_avg,INF_sd,INF_r1,INF_kr,INF_sk,SUP_avg,SUP_sd,SUP_r1,SUP_kr,SUP_sk,INC_avg,INC_sd,INC_r1,INC_kr,INC_sk,IND_avg,IND_sd,IND_r1,IND_kr,IND_sk
481,0.2800000000,0.1743559577,-0.1641630901,4.1454293629,0.8965325389,0.2480000000,0.1299846145,0.4237145939,1.9769714187,0.3717223151,0.4720000000,0.1844342701,0.1859851980,2.4744311570,-0.4272912486,0.4720000000,0.1844342701,0.1859851980,2.4744311570,-0.4272912486
