Instance,INF_avg,INF_sd,INF_r1,INF_kr,INF_sk,SUP_avg,SUP_sd,SUP_r1,SUP_kr,SUP_sk,INC_avg,INC_sd,INC_r1,INC_kr,INC_sk,IND_avg,IND_sd,IND_r1,IND_kr,IND_sk
75,0.2560000000,0.0803990050,0.0060834006,2.1369810558,-0.1954361412,0.2940000000,0.1098362417,0.2702263366,3.1659984064,0.1300827321,0.4500000000,0.1077032961,0.2869565217,5.2318668252,-1.2726533953,0.4500000000,0.1077032961,0.2869565217,5.2318668252,-1.2726533953
