Instance,INF_avg,INF_sd,INF_r1,INF_kr,INF_sk,SUP_avg,SUP_sd,SUP_r1,SUP_kr,SUP_sk,INC_avg,INC_sd,INC_r1,INC_kr,INC_sk,IND_avg,IND_sd,IND_r1,IND_kr,IND_sk
363,0.2499500000,0.0504504460,0.6404161053,2.3260251841,0.1474044357,0.2354000000,0.0494756506,0.5860239671,2.9925856839,0.0627745325,0.5146500000,0.0458925648,0.4684531454,2.6079919843,0.2747407161,0.5146500000,0.0458925648,0.4684531454,2.6079919843,0.2747407161
