Instance,INF_avg,INF_sd,INF_r1,INF_kr,INF_sk,SUP_avg,SUP_sd,SUP_r1,SUP_kr,SUP_sk,INC_avg,INC_sd,INC_r1,INC_kr,INC_sk,IND_avg,IND_sd,IND_r1,IND_kr,IND_sk
75,0.2670000000,0.1039759588,-0.0578399511,3.4055834901,0.4236569169,0.2220000000,0.0917387595,-0.0827148213,2.2018199988,-0.0791427343,0.5110000000,0.1203287164,-0.0800684616,2.8506085159,0.1841664150,0.5110000000,0.1203287164,-0.0800684616,2.8506085159,0.1841664150
