Instance,INF_avg,INF_sd,INF_r1,INF_kr,INF_sk,SUP_avg,SUP_sd,SUP_r1,SUP_kr,SUP_sk,INC_avg,INC_sd,INC_r1,INC_kr,INC_sk,IND_avg,IND_sd,IND_r1,IND_kr,IND_sk
21,0.2720000000,0.1661806246,-0.1259116313,2.4198852262,0.3969490288,0.2480000000,0.1236769987,-0.1849637986,2.2082421526,-0.0809911019,0.4800000000,0.1743559577,-0.0087960418,3.2936288089,-0.7335266228,0.4800000000,0.1743559577,-0.0087960418,3.2936288089,-0.7335266228
