Instance,INF_avg,INF_sd,INF_r1,INF_kr,INF_sk,SUP_avg,SUP_sd,SUP_r1,SUP_kr,SUP_sk,INC_avg,INC_sd,INC_r1,INC_kr,INC_sk,IND_avg,IND_sd,IND_r1,IND_kr,IND_sk
474,0.3250000000,0.0987048482,0.2673267327,2.3706799573,-0.3440789867,0.1632352941,0.0816275829,0.2345374487,5.8130657259,1.1924476238,0.5117647059,0.1071412094,0.0934392311,2.7080211638,-0.0736657457,0.5117647059,0.1071412094,0.0934392311,2.7080211638,-0.0736657457
