Instance,INF_avg,INF_sd,INF_r1,INF_kr,INF_sk,SUP_avg,SUP_sd,SUP_r1,SUP_kr,SUP_sk,INC_avg,INC_sd,INC_r1,INC_kr,INC_sk,IND_avg,IND_sd,IND_r1,IND_kr,IND_sk
187,0.2584000000,0.0408098027,0.0616519648,2.4623082789,0.2089007732,0.2586000000,0.0457388238,0.1513213459,2.1134386589,-0.2908499320,0.4830000000,0.0409023227,0.0117343094,2.4214351275,-0.1914961174,0.4830000000,0.0409023227,0.0117343094,2.4214351275,-0.1914961174
