Instance,INF_avg,INF_sd,INF_r1,INF_kr,INF_sk,SUP_avg,SUP_sd,SUP_r1,SUP_kr,SUP_sk,INC_avg,INC_sd,INC_r1,INC_kr,INC_sk,IND_avg,IND_sd,IND_r1,IND_kr,IND_sk
424,0.3741176471,0.0833884477,0.5558326757,2.1719686389,-0.1824449035,0.1225490196,0.0819335727,0.7940025719,2.5314055031,0.5896316143,0.5033333333,0.0565569873,0.1351656893,3.3313013992,-0.1738743625,0.5033333333,0.0565569873,0.1351656893,3.3313013992,-0.1738743625
