Instance,INF_avg,INF_sd,INF_r1,INF_kr,INF_sk,SUP_avg,SUP_sd,SUP_r1,SUP_kr,SUP_sk,INC_avg,INC_sd,INC_r1,INC_kr,INC_sk,IND_avg,IND_sd,IND_r1,IND_kr,IND_sk
214,0.2700000000,0.0953939201,-0.1031331593,2.0295857988,-0.2350001172,0.2300000000,0.0812403840,0.0224032587,2.8195592287,0.3804646085,0.5000000000,0.1322875656,0.0222222222,2.7877551020,1.1014964642,0.5000000000,0.1322875656,0.0222222222,2.7877551020,1.1014964642
