Instance,INF_avg,INF_sd,INF_r1,INF_kr,INF_sk,SUP_avg,SUP_sd,SUP_r1,SUP_kr,SUP_sk,INC_avg,INC_sd,INC_r1,INC_kr,INC_sk,IND_avg,IND_sd,IND_r1,IND_kr,IND_sk
301,0.2540000000,0.1004191217,-0.2273123980,2.6123170682,0.3791408078,0.2740000000,0.0917823512,-0.1787956401,2.4915341596,-0.4143333605,0.4720000000,0.1063766892,-0.1439419935,2.4840282830,-0.2471458948,0.4720000000,0.1063766892,-0.1439419935,2.4840282830,-0.2471458948
