Instance,INF_avg,INF_sd,INF_r1,INF_kr,INF_sk,SUP_avg,SUP_sd,SUP_r1,SUP_kr,SUP_sk,INC_avg,INC_sd,INC_r1,INC_kr,INC_sk,IND_avg,IND_sd,IND_r1,IND_kr,IND_sk
378,0.2240000000,0.0598665182,0.1099570201,3.1204559949,0.4778487830,0.2600000000,0.0568506816,-0.2929292929,2.3220762670,0.2194388382,0.5160000000,0.0722218803,-0.1220769424,1.5289811434,-0.0774708717,0.5160000000,0.0722218803,-0.1220769424,1.5289811434,-0.0774708717
