Instance,INF_avg,INF_sd,INF_r1,INF_kr,INF_sk,SUP_avg,SUP_sd,SUP_r1,SUP_kr,SUP_sk,INC_avg,INC_sd,INC_r1,INC_kr,INC_sk,IND_avg,IND_sd,IND_r1,IND_kr,IND_sk
206,0.2712000000,0.0779907687,0.5843111473,3.0739975513,0.0168240580,0.3112000000,0.0645179045,0.2452464225,2.0318523826,0.2484850437,0.4176000000,0.0662890640,0.0888966164,2.4719038387,0.2899252829,0.4176000000,0.0662890640,0.0888966164,2.4719038387,0.2899252829
