Instance,INF_avg,INF_sd,INF_r1,INF_kr,INF_sk,SUP_avg,SUP_sd,SUP_r1,SUP_kr,SUP_sk,INC_avg,INC_sd,INC_r1,INC_kr,INC_sk,IND_avg,IND_sd,IND_r1,IND_kr,IND_sk
19,0.2300000000,0.0228035085,-0.3600000000,2.5000000000,-0.6071940134,0.3020000000,0.0271293199,-0.0655737705,2.9310018904,-1.1731251294,0.4680000000,0.0318747549,-0.8576598311,1.3299336599,0.1823080253,0.4680000000,0.0318747549,-0.8576598311,1.3299336599,0.1823080253
