Instance,INF_avg,INF_sd,INF_r1,INF_kr,INF_sk,SUP_avg,SUP_sd,SUP_r1,SUP_kr,SUP_sk,INC_avg,INC_sd,INC_r1,INC_kr,INC_sk,IND_avg,IND_sd,IND_r1,IND_kr,IND_sk
443,0.2550000000,0.0986154146,0.0082259817,3.8993728564,0.6584744677,0.2280000000,0.0861162006,-0.0540084753,3.9691003097,0.1567461382,0.5170000000,0.1070560601,0.0240408647,2.2979714341,0.3244383813,0.5170000000,0.1070560601,0.0240408647,2.2979714341,0.3244383813
