Instance,INF_avg,INF_sd,INF_r1,INF_kr,INF_sk,SUP_avg,SUP_sd,SUP_r1,SUP_kr,SUP_sk,INC_avg,INC_sd,INC_r1,INC_kr,INC_sk,IND_avg,IND_sd,IND_r1,IND_kr,IND_sk
371,0.2760000000,0.0320000000,0.4221105528,1.4189453125,0.0351562500,0.2440000000,0.0512249939,-0.1904761905,2.6848602023,1.0627434041,0.4800000000,0.0489897949,-0.3846153846,1.9666666667,0.4082482905,0.4800000000,0.0489897949,-0.3846153846,1.9666666667,0.4082482905
