Instance,INF_avg,INF_sd,INF_r1,INF_kr,INF_sk,SUP_avg,SUP_sd,SUP_r1,SUP_kr,SUP_sk,INC_avg,INC_sd,INC_r1,INC_kr,INC_sk,IND_avg,IND_sd,IND_r1,IND_kr,IND_sk
105,0.2300000000,0.0761577311,0.1363311920,1.9114149822,-0.2580850577,0.2960000000,0.0882269800,-0.0553828176,2.9061912121,0.1215448546,0.4740000000,0.1049952380,-0.0145105755,1.8814856516,0.2872201586,0.4740000000,0.1049952380,-0.0145105755,1.8814856516,0.2872201586
