Instance,INF_avg,INF_sd,INF_r1,INF_kr,INF_sk,SUP_avg,SUP_sd,SUP_r1,SUP_kr,SUP_sk,INC_avg,INC_sd,INC_r1,INC_kr,INC_sk,IND_avg,IND_sd,IND_r1,IND_kr,IND_sk
334,0.2720000000,0.1510496607,0.0072488881,2.7752095427,0.5508716522,0.2360000000,0.1546091847,-0.1906678473,2.8147583641,0.1655164374,0.4920000000,0.1998399359,-0.2930128816,3.2467736840,0.3507133753,0.4920000000,0.1998399359,-0.2930128816,3.2467736840,0.3507133753
