Instance,INF_avg,INF_sd,INF_r1,INF_kr,INF_sk,SUP_avg,SUP_sd,SUP_r1,SUP_kr,SUP_sk,INC_avg,INC_sd,INC_r1,INC_kr,INC_sk,IND_avg,IND_sd,IND_r1,IND_kr,IND_sk
10,0.2490000000,0.1493284969,0.0079263523,2.8542321239,0.4607973178,0.3050000000,0.1409787218,0.1147058454,3.5405767177,0.3825011861,0.4460000000,0.1608850521,0.0120420293,3.0173605760,0.2523016391,0.4460000000,0.1608850521,0.0120420293,3.0173605760,0.2523016391
