Instance,INF_avg,INF_sd,INF_r1,INF_kr,INF_sk,SUP_avg,SUP_sd,SUP_r1,SUP_kr,SUP_sk,INC_avg,INC_sd,INC_r1,INC_kr,INC_sk,IND_avg,IND_sd,IND_r1,IND_kr,IND_sk
19,0.2460000000,0.1148216008,0.0754545931,3.7530461312,0.8510141400,0.2200000000,0.0806225775,0.1752577320,2.1711242604,0.1373923214,0.5340000000,0.1046135746,-0.0016204259,3.0465319457,-0.0441893610,0.5340000000,0.1046135746,-0.0016204259,3.0465319457,-0.0441893610
