Instance,INF_avg,INF_sd,INF_r1,INF_kr,INF_sk,SUP_avg,SUP_sd,SUP_r1,SUP_kr,SUP_sk,INC_avg,INC_sd,INC_r1,INC_kr,INC_sk,IND_avg,IND_sd,IND_r1,IND_kr,IND_sk
470,0.2260000000,0.0573061951,-0.1978654683,2.5624212770,0.9472801003,0.2640000000,0.0366606056,-0.1225728155,1.9107142857,-0.1987341500,0.5100000000,0.0765506368,-0.0089126560,2.1025871006,-0.6206157700,0.5100000000,0.0765506368,-0.0089126560,2.1025871006,-0.6206157700
