Instance,INF_avg,INF_sd,INF_r1,INF_kr,INF_sk,SUP_avg,SUP_sd,SUP_r1,SUP_kr,SUP_sk,INC_avg,INC_sd,INC_r1,INC_kr,INC_sk,IND_avg,IND_sd,IND_r1,IND_kr,IND_sk
251,0.2572000000,0.0418110033,0.2666632491,2.4324632395,0.0660328713,0.2632000000,0.0491300315,0.1576165084,3.9621441163,-0.2455968414,0.4796000000,0.0467743519,-0.0791328991,2.8699131978,0.4333371717,0.4796000000,0.0467743519,-0.0791328991,2.8699131978,0.4333371717
