Instance,INF_avg,INF_sd,INF_r1,INF_kr,INF_sk,SUP_avg,SUP_sd,SUP_r1,SUP_kr,SUP_sk,INC_avg,INC_sd,INC_r1,INC_kr,INC_sk,IND_avg,IND_sd,IND_r1,IND_kr,IND_sk
349,0.2340000000,0.0206397674,0.0554842848,2.3275474443,0.0163775183,0.2152000000,0.0316063285,0.0284509210,2.3777138282,-0.1993568148,0.5508000000,0.0413202130,0.0689767146,3.5998189004,0.7884198913,0.5508000000,0.0413202130,0.0689767146,3.5998189004,0.7884198913
