Instance,INF_avg,INF_sd,INF_r1,INF_kr,INF_sk,SUP_avg,SUP_sd,SUP_r1,SUP_kr,SUP_sk,INC_avg,INC_sd,INC_r1,INC_kr,INC_sk,IND_avg,IND_sd,IND_r1,IND_kr,IND_sk
89,0.2530000000,0.1314952471,-0.0865650244,2.2125121256,0.0667876358,0.2070000000,0.1282614517,-0.0268982542,2.3575770008,0.2389474107,0.5400000000,0.1496662955,-0.2250045037,3.1766581633,0.5154323951,0.5400000000,0.1496662955,-0.2250045037,3.1766581633,0.5154323951
