Instance,INF_avg,INF_sd,INF_r1,INF_kr,INF_sk,SUP_avg,SUP_sd,SUP_r1,SUP_kr,SUP_sk,INC_avg,INC_sd,INC_r1,INC_kr,INC_sk,IND_avg,IND_sd,IND_r1,IND_kr,IND_sk
124,0.2470000000,0.0415451562,0.3355134985,2.1750777758,-0.6709810838,0.2480000000,0.0305941171,0.3313069909,2.8322375630,-1.1096485595,0.5050000000,0.0364691651,-0.3720000000,1.9708575951,0.5009897173,0.5050000000,0.0364691651,-0.3720000000,1.9708575951,0.5009897173
