Instance,INF_avg,INF_sd,INF_r1,INF_kr,INF_sk,SUP_avg,SUP_sd,SUP_r1,SUP_kr,SUP_sk,INC_avg,INC_sd,INC_r1,INC_kr,INC_sk,IND_avg,IND_sd,IND_r1,IND_kr,IND_sk
122,0.2484000000,0.0390568816,0.3004678259,2.6918034927,0.3901749865,0.2232000000,0.0339081111,-0.3841144504,2.0453298537,0.1551712548,0.5284000000,0.0455789425,0.2816286017,2.3772370060,-0.2080970370,0.5284000000,0.0455789425,0.2816286017,2.3772370060,-0.2080970370
