Instance,INF_avg,INF_sd,INF_r1,INF_kr,INF_sk,SUP_avg,SUP_sd,SUP_r1,SUP_kr,SUP_sk,INC_avg,INC_sd,INC_r1,INC_kr,INC_sk,IND_avg,IND_sd,IND_r1,IND_kr,IND_sk
493,0.2810000000,0.0362491379,-0.8129770992,1.6156425707,0.2987946983,0.2550000000,0.0161245155,-0.2222222222,2.3150887574,0.0000000000,0.4640000000,0.0261533937,-0.4770057066,2.6369908690,-1.0940849764,0.4640000000,0.0261533937,-0.4770057066,2.6369908690,-1.0940849764
