Instance,INF_avg,INF_sd,INF_r1,INF_kr,INF_sk,SUP_avg,SUP_sd,SUP_r1,SUP_kr,SUP_sk,INC_avg,INC_sd,INC_r1,INC_kr,INC_sk,IND_avg,IND_sd,IND_r1,IND_kr,IND_sk
384,0.3200000000,0.0558569602,0.0188679245,1.9033530572,-0.3305145572,0.2120000000,0.0633719181,-0.3477146519,1.7935747052,0.3115736516,0.4680000000,0.0785875308,-0.7860099338,2.0481220972,0.5902134754,0.4680000000,0.0785875308,-0.7860099338,2.0481220972,0.5902134754
