Instance,INF_avg,INF_sd,INF_r1,INF_kr,INF_sk,SUP_avg,SUP_sd,SUP_r1,SUP_kr,SUP_sk,INC_avg,INC_sd,INC_r1,INC_kr,INC_sk,IND_avg,IND_sd,IND_r1,IND_kr,IND_sk
239,0.2200000000,0.1232882801,-0.2644889357,3.0096952909,0.6403477150,0.2800000000,0.1549193338,-0.2431693989,2.3633333333,0.7229568913,0.5000000000,0.1414213562,-0.1428571429,2.0600000000,-0.2545584412,0.5000000000,0.1414213562,-0.1428571429,2.0600000000,-0.2545584412
