Instance,INF_avg,INF_sd,INF_r1,INF_kr,INF_sk,SUP_avg,SUP_sd,SUP_r1,SUP_kr,SUP_sk,INC_avg,INC_sd,INC_r1,INC_kr,INC_sk,IND_avg,IND_sd,IND_r1,IND_kr,IND_sk
287,0.3818181818,0.1295786773,0.6412992244,2.4249892830,-0.2343857260,0.1681818182,0.0998621640,0.1749433340,3.1744681176,0.6801187647,0.4500000000,0.1237054174,0.2979797980,3.3271738065,0.3841768086,0.4500000000,0.1237054174,0.2979797980,3.3271738065,0.3841768086
