Instance,INF_avg,INF_sd,INF_r1,INF_kr,INF_sk,SUP_avg,SUP_sd,SUP_r1,SUP_kr,SUP_sk,INC_avg,INC_sd,INC_r1,INC_kr,INC_sk,IND_avg,IND_sd,IND_r1,IND_kr,IND_sk
106,0.2280000000,0.1386217876,0.2047014700,2.7213631993,0.6171375430,0.1880000000,0.1243221621,0.0779855460,2.0433689544,0.1031181855,0.5840000000,0.1713009048,0.3241762456,2.5261455436,-0.0611524118,0.5840000000,0.1713009048,0.3241762456,2.5261455436,-0.0611524118
