Instance,INF_avg,INF_sd,INF_r1,INF_kr,INF_sk,SUP_avg,SUP_sd,SUP_r1,SUP_kr,SUP_sk,INC_avg,INC_sd,INC_r1,INC_kr,INC_sk,IND_avg,IND_sd,IND_r1,IND_kr,IND_sk
429,0.2420000000,0.0372491611,0.1259567843,2.8752915510,0.0574074239,0.2912000000,0.0349436690,0.1529647931,2.6139599544,0.0053893854,0.4668000000,0.0416204277,0.2502851554,2.3190348350,-0.1120364364,0.4668000000,0.0416204277,0.2502851554,2.3190348350,-0.1120364364
