Instance,INF_avg,INF_sd,INF_r1,INF_kr,INF_sk,SUP_avg,SUP_sd,SUP_r1,SUP_kr,SUP_sk,INC_avg,INC_sd,INC_r1,INC_kr,INC_sk,IND_avg,IND_sd,IND_r1,IND_kr,IND_sk
138,0.2584000000,0.0571090186,-0.0706237586,3.1109854067,0.6785171858,0.2160000000,0.0587877538,-0.1655575721,2.5146604938,0.5273207085,0.5256000000,0.0727780187,0.0046036326,2.8378200745,-0.3101574377,0.5256000000,0.0727780187,0.0046036326,2.8378200745,-0.3101574377
