Instance,INF_avg,INF_sd,INF_r1,INF_kr,INF_sk,SUP_avg,SUP_sd,SUP_r1,SUP_kr,SUP_sk,INC_avg,INC_sd,INC_r1,INC_kr,INC_sk,IND_avg,IND_sd,IND_r1,IND_kr,IND_sk
187,0.2540000000,0.1004191217,0.0401810775,2.7521578754,-0.0356222188,0.2270000000,0.0782368200,0.0209650758,3.7997155123,0.4583873365,0.5190000000,0.1090366911,0.1332467408,2.7799236257,-0.2252747167,0.5190000000,0.1090366911,0.1332467408,2.7799236257,-0.2252747167
