Instance,INF_avg,INF_sd,INF_r1,INF_kr,INF_sk,SUP_avg,SUP_sd,SUP_r1,SUP_kr,SUP_sk,INC_avg,INC_sd,INC_r1,INC_kr,INC_sk,IND_avg,IND_sd,IND_r1,IND_kr,IND_sk
326,0.2880000000,0.0411825206,0.2680608365,2.2821288715,0.6927284075,0.2120000000,0.0271293199,0.0983606557,2.9310018904,-1.1731251294,0.5000000000,0.0489897949,0.4761904762,1.9666666667,-0.4082482905,0.5000000000,0.0489897949,0.4761904762,1.9666666667,-0.4082482905
