Instance,INF_avg,INF_sd,INF_r1,INF_kr,INF_sk,SUP_avg,SUP_sd,SUP_r1,SUP_kr,SUP_sk,INC_avg,INC_sd,INC_r1,INC_kr,INC_sk,IND_avg,IND_sd,IND_r1,IND_kr,IND_sk
267,0.2982000000,0.0542840676,0.4163495430,2.5130499960,-0.1034098828,0.2592000000,0.0429809260,0.2012216923,4.2569605295,0.5596156189,0.4426000000,0.0482829162,0.0220026656,2.5135574393,-0.1636585014,0.4426000000,0.0482829162,0.0220026656,2.5135574393,-0.1636585014
