Instance,INF_avg,INF_sd,INF_r1,INF_kr,INF_sk,SUP_avg,SUP_sd,SUP_r1,SUP_kr,SUP_sk,INC_avg,INC_sd,INC_r1,INC_kr,INC_sk,IND_avg,IND_sd,IND_r1,IND_kr,IND_sk
344,0.5002272727,0.1144864416,0.9106723736,2.0211552286,-0.4234767191,0.0811363636,0.0747561463,0.9089231885,3.3467211833,1.2172440846,0.4186363636,0.0563911223,0.6508680663,2.2858611678,-0.2952412621,0.4186363636,0.0563911223,0.6508680663,2.2858611678,-0.2952412621
