Instance,INF_avg,INF_sd,INF_r1,INF_kr,INF_sk,SUP_avg,SUP_sd,SUP_r1,SUP_kr,SUP_sk,INC_avg,INC_sd,INC_r1,INC_kr,INC_sk,IND_avg,IND_sd,IND_r1,IND_kr,IND_sk
424,0.2378000000,0.0267611659,-0.0132741713,2.7790950380,-0.8404624866,0.2840000000,0.0344093011,0.4485091364,2.8777934396,-0.5827600167,0.4782000000,0.0386750566,0.3799358375,1.9331891015,0.1830283797,0.4782000000,0.0386750566,0.3799358375,1.9331891015,0.1830283797
