Instance,INF_avg,INF_sd,INF_r1,INF_kr,INF_sk,SUP_avg,SUP_sd,SUP_r1,SUP_kr,SUP_sk,INC_avg,INC_sd,INC_r1,INC_kr,INC_sk,IND_avg,IND_sd,IND_r1,IND_kr,IND_sk
316,0.2646000000,0.0469982978,0.2910939638,2.3935379067,0.1583700951,0.2968000000,0.0498172661,0.1451430203,2.1697304740,0.1515569219,0.4386000000,0.0418095683,-0.1099401096,2.4923639239,0.2808314812,0.4386000000,0.0418095683,-0.1099401096,2.4923639239,0.2808314812
