Instance,INF_avg,INF_sd,INF_r1,INF_kr,INF_sk,SUP_avg,SUP_sd,SUP_r1,SUP_kr,SUP_sk,INC_avg,INC_sd,INC_r1,INC_kr,INC_sk,IND_avg,IND_sd,IND_r1,IND_kr,IND_sk
368,0.3359375000,0.1180799352,-0.1314343560,2.6218789821,-0.3172339205,0.1906250000,0.0971769488,-0.1184660030,3.3194498064,0.4946386703,0.4734375000,0.1218249096,-0.1839652502,2.8498742810,-0.0333567442,0.4734375000,0.1218249096,-0.1839652502,2.8498742810,-0.0333567442
