Instance,INF_avg,INF_sd,INF_r1,INF_kr,INF_sk,SUP_avg,SUP_sd,SUP_r1,SUP_kr,SUP_sk,INC_avg,INC_sd,INC_r1,INC_kr,INC_sk,IND_avg,IND_sd,IND_r1,IND_kr,IND_sk
396,0.2412000000,0.0574679041,-0.1122979295,2.5027289100,0.2029022196,0.2612000000,0.0647962962,0.0904575505,3.3959714517,0.5249140195,0.4976000000,0.0759620958,0.1191536902,2.9962843833,-0.6476564073,0.4976000000,0.0759620958,0.1191536902,2.9962843833,-0.6476564073
