Instance,INF_avg,INF_sd,INF_r1,INF_kr,INF_sk,SUP_avg,SUP_sd,SUP_r1,SUP_kr,SUP_sk,INC_avg,INC_sd,INC_r1,INC_kr,INC_sk,IND_avg,IND_sd,IND_r1,IND_kr,IND_sk
340,0.2397000000,0.0439421210,0.0700711266,3.2967746074,0.2011572399,0.2738000000,0.0448504181,0.0939414308,2.8152069311,0.1956714654,0.4865000000,0.0494848462,0.0453808735,3.0599401357,-0.6207106970,0.4865000000,0.0494848462,0.0453808735,3.0599401357,-0.6207106970
