Instance,INF_avg,INF_sd,INF_r1,INF_kr,INF_sk,SUP_avg,SUP_sd,SUP_r1,SUP_kr,SUP_sk,INC_avg,INC_sd,INC_r1,INC_kr,INC_sk,IND_avg,IND_sd,IND_r1,IND_kr,IND_sk
176,0.1700000000,0.1100000000,-0.5081652257,1.7606037839,-0.2885048835,0.2600000000,0.1280624847,-0.3715710723,2.0267697799,0.4913759825,0.5700000000,0.0640312424,-0.1911357341,5.1499107674,-1.9197945364,0.5700000000,0.0640312424,-0.1911357341,5.1499107674,-1.9197945364
