Instance,INF_avg,INF_sd,INF_r1,INF_kr,INF_sk,SUP_avg,SUP_sd,SUP_r1,SUP_kr,SUP_sk,INC_avg,INC_sd,INC_r1,INC_kr,INC_sk,IND_avg,IND_sd,IND_r1,IND_kr,IND_sk
289,0.4186111111,0.0717306992,0.6477120010,2.5664970339,0.1530017078,0.1286111111,0.0676244851,0.7440553385,2.4176924720,0.4093266819,0.4527777778,0.0506957762,0.0286590337,3.1470861195,0.5628862227,0.4527777778,0.0506957762,0.0286590337,3.1470861195,0.5628862227
