Instance,INF_avg,INF_sd,INF_r1,INF_kr,INF_sk,SUP_avg,SUP_sd,SUP_r1,SUP_kr,SUP_sk,INC_avg,INC_sd,INC_r1,INC_kr,INC_sk,IND_avg,IND_sd,IND_r1,IND_kr,IND_sk
272,0.2340000000,0.0815107355,0.0398607052,1.7289864407,-0.3238659905,0.2920000000,0.0491528229,-0.4660114660,2.0370597781,-0.4236011448,0.4740000000,0.0839285410,-0.1134322122,1.5509027220,-0.1221124803,0.4740000000,0.0839285410,-0.1134322122,1.5509027220,-0.1221124803
