Instance,INF_avg,INF_sd,INF_r1,INF_kr,INF_sk,SUP_avg,SUP_sd,SUP_r1,SUP_kr,SUP_sk,INC_avg,INC_sd,INC_r1,INC_kr,INC_sk,IND_avg,IND_sd,IND_r1,IND_kr,IND_sk
344,0.2815000000,0.0318001572,0.1093566110,3.0006452747,0.0699205909,0.2586000000,0.0443738662,0.2898869257,2.7357710052,0.1531659835,0.4599000000,0.0457983624,0.3638902393,2.3090216574,-0.0104958894,0.4599000000,0.0457983624,0.3638902393,2.3090216574,-0.0104958894
