Instance,INF_avg,INF_sd,INF_r1,INF_kr,INF_sk,SUP_avg,SUP_sd,SUP_r1,SUP_kr,SUP_sk,INC_avg,INC_sd,INC_r1,INC_kr,INC_sk,IND_avg,IND_sd,IND_r1,IND_kr,IND_sk
180,0.4071111111,0.1133847378,0.7539790264,2.0989441070,-0.0609495418,0.1221111111,0.0790287493,0.8010047288,2.5517399528,0.7498585040,0.4707777778,0.0654085923,0.1140829300,2.4889233218,-0.0384939805,0.4707777778,0.0654085923,0.1140829300,2.4889233218,-0.0384939805
