Instance,INF_avg,INF_sd,INF_r1,INF_kr,INF_sk,SUP_avg,SUP_sd,SUP_r1,SUP_kr,SUP_sk,INC_avg,INC_sd,INC_r1,INC_kr,INC_sk,IND_avg,IND_sd,IND_r1,IND_kr,IND_sk
145,0.2768000000,0.0584273908,0.2374442726,1.9915108334,0.0329136658,0.2216000000,0.0653409519,-0.2490804924,4.1209616163,0.1421754857,0.5016000000,0.0794823251,-0.0574600271,3.5066000171,0.5832657150,0.5016000000,0.0794823251,-0.0574600271,3.5066000171,0.5832657150
