Instance,INF_avg,INF_sd,INF_r1,INF_kr,INF_sk,SUP_avg,SUP_sd,SUP_r1,SUP_kr,SUP_sk,INC_avg,INC_sd,INC_r1,INC_kr,INC_sk,IND_avg,IND_sd,IND_r1,IND_kr,IND_sk
369,0.2960000000,0.0410365691,-0.0622446527,3.2539141621,0.9040080110,0.2400000000,0.0368781778,-0.0500000000,1.8187716263,-0.0358892302,0.4640000000,0.0458693798,-0.1340097231,2.5037299947,-0.5814162227,0.4640000000,0.0458693798,-0.1340097231,2.5037299947,-0.5814162227
