Instance,INF_avg,INF_sd,INF_r1,INF_kr,INF_sk,SUP_avg,SUP_sd,SUP_r1,SUP_kr,SUP_sk,INC_avg,INC_sd,INC_r1,INC_kr,INC_sk,IND_avg,IND_sd,IND_r1,IND_kr,IND_sk
197,0.2400000000,0.0800000000,-0.3380281690,2.0781250000,-0.8437500000,0.1400000000,0.0489897949,0.5238095238,1.1666666667,0.4082482905,0.6200000000,0.0979795897,-0.0119047619,2.7291666667,0.8675276172,0.6200000000,0.0979795897,-0.0119047619,2.7291666667,0.8675276172
