Instance,INF_avg,INF_sd,INF_r1,INF_kr,INF_sk,SUP_avg,SUP_sd,SUP_r1,SUP_kr,SUP_sk,INC_avg,INC_sd,INC_r1,INC_kr,INC_sk,IND_avg,IND_sd,IND_r1,IND_kr,IND_sk
224,0.2550000000,0.0756637298,0.4148244473,4.5761331782,1.5617250068,0.2600000000,0.0734846923,-0.3072519084,4.6646090535,1.5422713195,0.4850000000,0.1096585610,0.0349865436,2.6539347600,-0.9236760027,0.4850000000,0.1096585610,0.0349865436,2.6539347600,-0.9236760027
