Instance,INF_avg,INF_sd,INF_r1,INF_kr,INF_sk,SUP_avg,SUP_sd,SUP_r1,SUP_kr,SUP_sk,INC_avg,INC_sd,INC_r1,INC_kr,INC_sk,IND_avg,IND_sd,IND_r1,IND_kr,IND_sk
394,0.2200000000,0.0244948974,0.4230769231,1.1666666667,0.4082482905,0.2900000000,0.0800000000,-0.3009404389,1.4189453125,0.0351562500,0.4900000000,0.0860232527,-0.1653116531,1.9945215486,-0.3958703373,0.4900000000,0.0860232527,-0.1653116531,1.9945215486,-0.3958703373
