Instance,INF_avg,INF_sd,INF_r1,INF_kr,INF_sk,SUP_avg,SUP_sd,SUP_r1,SUP_kr,SUP_sk,INC_avg,INC_sd,INC_r1,INC_kr,INC_sk,IND_avg,IND_sd,IND_r1,IND_kr,IND_sk
320,0.2292000000,0.0633352982,-0.0498605465,2.5418058448,0.0649757211,0.2586000000,0.0585323842,0.0847650904,3.7151635920,0.4088682897,0.5122000000,0.0731516234,0.0155582634,3.0963872282,-0.3220579361,0.5122000000,0.0731516234,0.0155582634,3.0963872282,-0.3220579361
