Instance,INF_avg,INF_sd,INF_r1,INF_kr,INF_sk,SUP_avg,SUP_sd,SUP_r1,SUP_kr,SUP_sk,INC_avg,INC_sd,INC_r1,INC_kr,INC_sk,IND_avg,IND_sd,IND_r1,IND_kr,IND_sk
428,0.4958823529,0.0940020123,0.8479535943,2.5296232080,-0.5069724125,0.0855098039,0.0642523739,0.9010495093,3.6345822334,1.0442191541,0.4186078431,0.0435588754,0.3451358430,2.6311894605,0.0243186254,0.4186078431,0.0435588754,0.3451358430,2.6311894605,0.0243186254
