Instance,INF_avg,INF_sd,INF_r1,INF_kr,INF_sk,SUP_avg,SUP_sd,SUP_r1,SUP_kr,SUP_sk,INC_avg,INC_sd,INC_r1,INC_kr,INC_sk,IND_avg,IND_sd,IND_r1,IND_kr,IND_sk
156,0.2400000000,0.0700000000,-0.5189873418,1.8521449396,0.3586005831,0.4350000000,0.0838152731,-0.0214818062,2.5837692025,0.6063155732,0.3250000000,0.0844097151,-0.2190476190,1.3988919668,0.4364675941,0.3250000000,0.0844097151,-0.2190476190,1.3988919668,0.4364675941
