Instance,INF_avg,INF_sd,INF_r1,INF_kr,INF_sk,SUP_avg,SUP_sd,SUP_r1,SUP_kr,SUP_sk,INC_avg,INC_sd,INC_r1,INC_kr,INC_sk,IND_avg,IND_sd,IND_r1,IND_kr,IND_sk
126,0.3000000000,0.1523154621,-0.1481481481,2.1254458977,-0.0679171204,0.2680000000,0.1713942823,0.0498734619,2.7425384824,0.5030635857,0.4320000000,0.1782582396,-0.0269180971,1.9810531728,0.4019424122,0.4320000000,0.1782582396,-0.0269180971,1.9810531728,0.4019424122
