Instance,INF_avg,INF_sd,INF_r1,INF_kr,INF_sk,SUP_avg,SUP_sd,SUP_r1,SUP_kr,SUP_sk,INC_avg,INC_sd,INC_r1,INC_kr,INC_sk,IND_avg,IND_sd,IND_r1,IND_kr,IND_sk
200,0.2280000000,0.1257616794,-0.0336849702,2.2668471949,0.1254389841,0.2650000000,0.1329473580,-0.0728189510,2.7605556878,0.4037501114,0.5070000000,0.1484957912,-0.1666851290,3.0170909040,0.0814132148,0.5070000000,0.1484957912,-0.1666851290,3.0170909040,0.0814132148
