Instance,INF_avg,INF_sd,INF_r1,INF_kr,INF_sk,SUP_avg,SUP_sd,SUP_r1,SUP_kr,SUP_sk,INC_avg,INC_sd,INC_r1,INC_kr,INC_sk,IND_avg,IND_sd,IND_r1,IND_kr,IND_sk
203,0.2920000000,0.1309045454,0.0440645204,3.0563441063,0.3351384655,0.2540000000,0.1424219084,0.0399331715,3.1928736571,0.5111063589,0.4540000000,0.1538960688,-0.0035431199,2.7447976355,-0.3715551804,0.4540000000,0.1538960688,-0.0035431199,2.7447976355,-0.3715551804
