Instance,INF_avg,INF_sd,INF_r1,INF_kr,INF_sk,SUP_avg,SUP_sd,SUP_r1,SUP_kr,SUP_sk,INC_avg,INC_sd,INC_r1,INC_kr,INC_sk,IND_avg,IND_sd,IND_r1,IND_kr,IND_sk
G,0.1600000000,0.1019803903,-0.3636363636,1.9556213018,-0.2715454179,0.1800000000,0.1166190379,-0.2337662338,2.6660899654,1.1500493357,0.6600000000,0.0800000000,-0.7741935484,2.0781250000,0.8437500000,0.6600000000,0.0800000000,-0.7741935484,2.0781250000,0.8437500000
