Instance,INF_avg,INF_sd,INF_r1,INF_kr,INF_sk,SUP_avg,SUP_sd,SUP_r1,SUP_kr,SUP_sk,INC_avg,INC_sd,INC_r1,INC_kr,INC_sk,IND_avg,IND_sd,IND_r1,IND_kr,IND_sk
443,0.2588000000,0.0357289798,0.2837602970,2.9686398925,0.2267551351,0.2501000000,0.0376362857,0.2599481973,2.6104454938,0.3547560951,0.4911000000,0.0422290185,0.3340440513,3.7981278481,0.3321264875,0.4911000000,0.0422290185,0.3340440513,3.7981278481,0.3321264875
