Instance,INF_avg,INF_sd,INF_r1,INF_kr,INF_sk,SUP_avg,SUP_sd,SUP_r1,SUP_kr,SUP_sk,INC_avg,INC_sd,INC_r1,INC_kr,INC_sk,IND_avg,IND_sd,IND_r1,IND_kr,IND_sk
8,0.2670000000,0.1111800342,0.1231236676,3.2468453916,0.5618700585,0.2810000000,0.0899388681,-0.1554385296,2.9952771370,0.6603735552,0.4520000000,0.1187265766,-0.0251193253,3.2176009552,-0.2178480962,0.4520000000,0.1187265766,-0.0251193253,3.2176009552,-0.2178480962
