Instance,INF_avg,INF_sd,INF_r1,INF_kr,INF_sk,SUP_avg,SUP_sd,SUP_r1,SUP_kr,SUP_sk,INC_avg,INC_sd,INC_r1,INC_kr,INC_sk,IND_avg,IND_sd,IND_r1,IND_kr,IND_sk
293,0.2480000000,0.0604648658,-0.9438116932,1.6940014077,-0.0156337965,0.2280000000,0.0331058907,0.0651667960,1.5946773936,-0.0555615940,0.5240000000,0.0546260011,-0.6286644951,2.9573309662,1.2915512275,0.5240000000,0.0546260011,-0.6286644951,2.9573309662,1.2915512275
