Instance,INF_avg,INF_sd,INF_r1,INF_kr,INF_sk,SUP_avg,SUP_sd,SUP_r1,SUP_kr,SUP_sk,INC_avg,INC_sd,INC_r1,INC_kr,INC_sk,IND_avg,IND_sd,IND_r1,IND_kr,IND_sk
419,0.2800000000,0.0969535971,0.1032370954,2.7607514713,0.4410971713,0.3120000000,0.0908625335,-0.1037810372,1.5509537813,0.2813475752,0.4080000000,0.1074057727,-0.1447676785,2.4448740096,0.1312507422,0.4080000000,0.1074057727,-0.1447676785,2.4448740096,0.1312507422
