Instance,INF_avg,INF_sd,INF_r1,INF_kr,INF_sk,SUP_avg,SUP_sd,SUP_r1,SUP_kr,SUP_sk,INC_avg,INC_sd,INC_r1,INC_kr,INC_sk,IND_avg,IND_sd,IND_r1,IND_kr,IND_sk
155,0.2696000000,0.0411319827,-0.0759146056,2.3401220662,0.0665376672,0.2616000000,0.0378079357,0.2135968136,4.8183693327,0.8484650106,0.4688000000,0.0459843452,-0.0240745359,6.3803251223,-1.5198574355,0.4688000000,0.0459843452,-0.0240745359,6.3803251223,-1.5198574355
