Instance,INF_avg,INF_sd,INF_r1,INF_kr,INF_sk,SUP_avg,SUP_sd,SUP_r1,SUP_kr,SUP_sk,INC_avg,INC_sd,INC_r1,INC_kr,INC_sk,IND_avg,IND_sd,IND_r1,IND_kr,IND_sk
245,0.2240000000,0.0223383079,0.4526596837,1.5268894502,-0.2311871015,0.2175000000,0.0253229145,-0.0926829268,4.1201851282,1.1569855273,0.5585000000,0.0301703497,0.4897704936,2.3912605838,0.4810913336,0.5585000000,0.0301703497,0.4897704936,2.3912605838,0.4810913336
