Instance,INF_avg,INF_sd,INF_r1,INF_kr,INF_sk,SUP_avg,SUP_sd,SUP_r1,SUP_kr,SUP_sk,INC_avg,INC_sd,INC_r1,INC_kr,INC_sk,IND_avg,IND_sd,IND_r1,IND_kr,IND_sk
213,0.2300000000,0.0569209979,0.1415929204,1.5032007316,0.0130134883,0.2760000000,0.0449888875,0.4677661169,1.3249777375,0.4080058930,0.4940000000,0.0538887743,-0.4314400459,3.0995947453,1.3744256871,0.4940000000,0.0538887743,-0.4314400459,3.0995947453,1.3744256871
