Instance,INF_avg,INF_sd,INF_r1,INF_kr,INF_sk,SUP_avg,SUP_sd,SUP_r1,SUP_kr,SUP_sk,INC_avg,INC_sd,INC_r1,INC_kr,INC_sk,IND_avg,IND_sd,IND_r1,IND_kr,IND_sk
312,0.2720000000,0.0975499872,-0.0431955724,2.6945970601,0.0902696249,0.2300000000,0.0930053762,-0.0359888190,2.9485114772,0.2666263917,0.4980000000,0.1111125555,-0.1068489033,3.1148128681,0.5642852287,0.4980000000,0.1111125555,-0.1068489033,3.1148128681,0.5642852287
