Instance,INF_avg,INF_sd,INF_r1,INF_kr,INF_sk,SUP_avg,SUP_sd,SUP_r1,SUP_kr,SUP_sk,INC_avg,INC_sd,INC_r1,INC_kr,INC_sk,IND_avg,IND_sd,IND_r1,IND_kr,IND_sk
193,0.2142857143,0.1505093393,0.2652929813,2.5359142927,0.5104930842,0.2928571429,0.1437472271,-0.1406367511,3.1336259717,0.2694323884,0.4928571429,0.2120117440,-0.0454935622,1.9739834905,-0.1762173264,0.4928571429,0.2120117440,-0.0454935622,1.9739834905,-0.1762173264
