Instance,INF_avg,INF_sd,INF_r1,INF_kr,INF_sk,SUP_avg,SUP_sd,SUP_r1,SUP_kr,SUP_sk,INC_avg,INC_sd,INC_r1,INC_kr,INC_sk,IND_avg,IND_sd,IND_r1,IND_kr,IND_sk
164,0.2830000000,0.1497030394,0.2610865933,3.3758116003,0.5060735093,0.2690000000,0.1527710706,-0.0850505078,2.5240328990,0.2609204133,0.4480000000,0.1670209568,0.1261963130,2.2401298970,-0.0359751465,0.4480000000,0.1670209568,0.1261963130,2.2401298970,-0.0359751465
