Instance,INF_avg,INF_sd,INF_r1,INF_kr,INF_sk,SUP_avg,SUP_sd,SUP_r1,SUP_kr,SUP_sk,INC_avg,INC_sd,INC_r1,INC_kr,INC_sk,IND_avg,IND_sd,IND_r1,IND_kr,IND_sk
136,0.3024000000,0.0594158228,-0.2728844021,2.7770827932,-0.1075152547,0.2848000000,0.0695770077,0.2663211697,3.1152325119,-0.3441024411,0.4128000000,0.0595664335,0.3275304669,2.1333234166,0.5597010259,0.4128000000,0.0595664335,0.3275304669,2.1333234166,0.5597010259
