Instance,INF_avg,INF_sd,INF_r1,INF_kr,INF_sk,SUP_avg,SUP_sd,SUP_r1,SUP_kr,SUP_sk,INC_avg,INC_sd,INC_r1,INC_kr,INC_sk,IND_avg,IND_sd,IND_r1,IND_kr,IND_sk
171,0.2490000000,0.0372692903,-0.1973504212,1.8351207497,0.1828962835,0.2490000000,0.0344818793,-0.0655110885,2.7033176985,0.3772779134,0.5020000000,0.0577581163,-0.3529624277,2.8435985025,-1.1055782145,0.5020000000,0.0577581163,-0.3529624277,2.8435985025,-1.1055782145
