Instance,INF_avg,INF_sd,INF_r1,INF_kr,INF_sk,SUP_avg,SUP_sd,SUP_r1,SUP_kr,SUP_sk,INC_avg,INC_sd,INC_r1,INC_kr,INC_sk,IND_avg,IND_sd,IND_r1,IND_kr,IND_sk
136,0.2060000000,0.0447660586,0.2219310623,1.7659172673,-0.2239185762,0.2970000000,0.0286530976,-0.6625439396,2.3060570499,-0.0290764490,0.4970000000,0.0490000000,0.2182324102,1.7373187730,0.4618483795,0.4970000000,0.0490000000,0.2182324102,1.7373187730,0.4618483795
