Instance,INF_avg,INF_sd,INF_r1,INF_kr,INF_sk,SUP_avg,SUP_sd,SUP_r1,SUP_kr,SUP_sk,INC_avg,INC_sd,INC_r1,INC_kr,INC_sk,IND_avg,IND_sd,IND_r1,IND_kr,IND_sk
42,0.2140000000,0.0420000000,-0.4604034929,1.7680750305,0.5286686103,0.3420000000,0.0602992537,-0.2822291594,2.4050619583,-0.4899655075,0.4440000000,0.0542586399,0.2073170732,1.7923558601,-0.2415964662,0.4440000000,0.0542586399,0.2073170732,1.7923558601,-0.2415964662
