Instance,INF_avg,INF_sd,INF_r1,INF_kr,INF_sk,SUP_avg,SUP_sd,SUP_r1,SUP_kr,SUP_sk,INC_avg,INC_sd,INC_r1,INC_kr,INC_sk,IND_avg,IND_sd,IND_r1,IND_kr,IND_sk
497,0.2560000000,0.1018037327,0.1791311371,2.5732807848,0.0931026151,0.3090000000,0.1075592860,0.0578828532,2.5068201023,-0.1009295286,0.4350000000,0.1250000000,-0.0353389340,2.5969484800,0.2734080000,0.4350000000,0.1250000000,-0.0353389340,2.5969484800,0.2734080000
