Instance,INF_avg,INF_sd,INF_r1,INF_kr,INF_sk,SUP_avg,SUP_sd,SUP_r1,SUP_kr,SUP_sk,INC_avg,INC_sd,INC_r1,INC_kr,INC_sk,IND_avg,IND_sd,IND_r1,IND_kr,IND_sk
468,0.4304142012,0.0887610650,0.7128667934,2.7974888922,-0.5948878502,0.1020710059,0.0578293320,0.7495399527,2.9231894039,0.7176682772,0.4675147929,0.0545425415,0.2974530178,3.0650933441,0.0888698622,0.4675147929,0.0545425415,0.2974530178,3.0650933441,0.0888698622
