Instance,INF_avg,INF_sd,INF_r1,INF_kr,INF_sk,SUP_avg,SUP_sd,SUP_r1,SUP_kr,SUP_sk,INC_avg,INC_sd,INC_r1,INC_kr,INC_sk,IND_avg,IND_sd,IND_r1,IND_kr,IND_sk
89,0.3700000000,0.0871779789,-1.0329670330,3.0422437673,-1.3040473294,0.2000000000,0.0836660027,-0.1000000000,2.5000000000,-0.7683612489,0.4300000000,0.0871779789,-0.8277945619,1.7957063712,-0.0543353054,0.4300000000,0.0871779789,-0.8277945619,1.7957063712,-0.0543353054
