Instance,INF_avg,INF_sd,INF_r1,INF_kr,INF_sk,SUP_avg,SUP_sd,SUP_r1,SUP_kr,SUP_sk,INC_avg,INC_sd,INC_r1,INC_kr,INC_sk,IND_avg,IND_sd,IND_r1,IND_kr,IND_sk
86,0.2601000000,0.0356018258,0.0902417308,3.2448143695,-0.4893688303,0.2262000000,0.0328566584,0.2384068391,2.5496581968,-0.3083709506,0.5137000000,0.0458891055,0.0911165453,2.5876879524,0.1082681505,0.5137000000,0.0458891055,0.0911165453,2.5876879524,0.1082681505
