Instance,INF_avg,INF_sd,INF_r1,INF_kr,INF_sk,SUP_avg,SUP_sd,SUP_r1,SUP_kr,SUP_sk,INC_avg,INC_sd,INC_r1,INC_kr,INC_sk,IND_avg,IND_sd,IND_r1,IND_kr,IND_sk
289,0.2540000000,0.1057544325,-0.0359299495,2.8219475093,0.2880793221,0.2440000000,0.0941488184,-0.1727673230,2.5893754317,-0.2938546172,0.5020000000,0.1140000000,-0.1545161866,3.6335490116,0.2949733521,0.5020000000,0.1140000000,-0.1545161866,3.6335490116,0.2949733521
