Instance,INF_avg,INF_sd,INF_r1,INF_kr,INF_sk,SUP_avg,SUP_sd,SUP_r1,SUP_kr,SUP_sk,INC_avg,INC_sd,INC_r1,INC_kr,INC_sk,IND_avg,IND_sd,IND_r1,IND_kr,IND_sk
72,0.2100000000,0.0734846923,-0.5120593692,1.7325102881,-0.1587632241,0.2250000000,0.1030776406,0.0414201183,2.1515570934,0.0000000000,0.5650000000,0.0950000000,0.0474868092,2.2125137161,0.7907858288,0.5650000000,0.0950000000,0.0474868092,2.2125137161,0.7907858288
