Instance,INF_avg,INF_sd,INF_r1,INF_kr,INF_sk,SUP_avg,SUP_sd,SUP_r1,SUP_kr,SUP_sk,INC_avg,INC_sd,INC_r1,INC_kr,INC_sk,IND_avg,IND_sd,IND_r1,IND_kr,IND_sk
148,0.2430000000,0.0407553677,0.4539665334,2.1830770073,0.3770459561,0.2390000000,0.0476340215,0.3517656963,2.8091691705,-1.1259271327,0.5180000000,0.0617737808,0.2438604050,2.1733515288,-0.2600276826,0.5180000000,0.0617737808,0.2438604050,2.1733515288,-0.2600276826
