Instance,INF_avg,INF_sd,INF_r1,INF_kr,INF_sk,SUP_avg,SUP_sd,SUP_r1,SUP_kr,SUP_sk,INC_avg,INC_sd,INC_r1,INC_kr,INC_sk,IND_avg,IND_sd,IND_r1,IND_kr,IND_sk
496,0.2330000000,0.0293598365,0.2145961791,1.9377129753,-0.0545278266,0.2660000000,0.0417612260,0.1654982295,2.6364152849,0.3329874293,0.5010000000,0.0512640225,0.2800013527,2.5011172272,-0.2885946095,0.5010000000,0.0512640225,0.2800013527,2.5011172272,-0.2885946095
