Instance,INF_avg,INF_sd,INF_r1,INF_kr,INF_sk,SUP_avg,SUP_sd,SUP_r1,SUP_kr,SUP_sk,INC_avg,INC_sd,INC_r1,INC_kr,INC_sk,IND_avg,IND_sd,IND_r1,IND_kr,IND_sk
467,0.2931000000,0.0518400424,0.3244081991,3.0755026335,0.5147168994,0.2752000000,0.0503682440,0.1570585761,2.7563934430,-0.1935886226,0.4317000000,0.0536666563,0.0266912645,2.6857417589,-0.1525787903,0.4317000000,0.0536666563,0.0266912645,2.6857417589,-0.1525787903
