Instance,INF_avg,INF_sd,INF_r1,INF_kr,INF_sk,SUP_avg,SUP_sd,SUP_r1,SUP_kr,SUP_sk,INC_avg,INC_sd,INC_r1,INC_kr,INC_sk,IND_avg,IND_sd,IND_r1,IND_kr,IND_sk
359,0.2260000000,0.0300665928,-0.6517013233,4.3762628240,-1.3350895210,0.2830000000,0.0379605058,-0.0179415960,1.8208965071,0.3931183173,0.4910000000,0.0467867503,-0.1623641616,2.1770334709,0.0540148941,0.4910000000,0.0467867503,-0.1623641616,2.1770334709,0.0540148941
