Instance,INF_avg,INF_sd,INF_r1,INF_kr,INF_sk,SUP_avg,SUP_sd,SUP_r1,SUP_kr,SUP_sk,INC_avg,INC_sd,INC_r1,INC_kr,INC_sk,IND_avg,IND_sd,IND_r1,IND_kr,IND_sk
16,0.2856000000,0.0354491185,0.3981023465,3.4387082008,-0.1824411991,0.2426000000,0.0350177098,0.2837996866,2.9465577437,0.3365792454,0.4718000000,0.0341139268,0.0786401108,1.9938798940,0.0845044891,0.4718000000,0.0341139268,0.0786401108,1.9938798940,0.0845044891
