Instance,INF_avg,INF_sd,INF_r1,INF_kr,INF_sk,SUP_avg,SUP_sd,SUP_r1,SUP_kr,SUP_sk,INC_avg,INC_sd,INC_r1,INC_kr,INC_sk,IND_avg,IND_sd,IND_r1,IND_kr,IND_sk
398,0.3166666667,0.1699673171,-0.3378378378,1.5000000000,0.5280049792,0.1166666667,0.0849836586,-0.8620689655,1.5000000000,-0.5280049792,0.5666666667,0.1929306150,-0.0889679715,1.5000000000,-0.5673165780,0.5666666667,0.1929306150,-0.0889679715,1.5000000000,-0.5673165780
