Instance,INF_avg,INF_sd,INF_r1,INF_kr,INF_sk,SUP_avg,SUP_sd,SUP_r1,SUP_kr,SUP_sk,INC_avg,INC_sd,INC_r1,INC_kr,INC_sk,IND_avg,IND_sd,IND_r1,IND_kr,IND_sk
72,0.2380000000,0.1454510227,-0.0615110256,2.6053901831,0.5697925860,0.2520000000,0.1268700122,0.1147619427,2.2678462031,-0.1036110031,0.5100000000,0.1688194302,-0.2777485138,2.7084395199,0.3167507683,0.5100000000,0.1688194302,-0.2777485138,2.7084395199,0.3167507683
