Instance,INF_avg,INF_sd,INF_r1,INF_kr,INF_sk,SUP_avg,SUP_sd,SUP_r1,SUP_kr,SUP_sk,INC_avg,INC_sd,INC_r1,INC_kr,INC_sk,IND_avg,IND_sd,IND_r1,IND_kr,IND_sk
125,0.2214285714,0.1190952286,-0.8676789588,2.7074944361,0.4375228676,0.1642857143,0.1301490511,-0.6963788301,2.1621062564,0.6089932738,0.6142857143,0.1245399698,-0.4225696141,2.4102752770,0.5603328368,0.6142857143,0.1245399698,-0.4225696141,2.4102752770,0.5603328368
