Instance,INF_avg,INF_sd,INF_r1,INF_kr,INF_sk,SUP_avg,SUP_sd,SUP_r1,SUP_kr,SUP_sk,INC_avg,INC_sd,INC_r1,INC_kr,INC_sk,IND_avg,IND_sd,IND_r1,IND_kr,IND_sk
146,0.2432000000,0.0576694026,0.0375918435,3.2569696115,0.6458990026,0.2430000000,0.0645213143,0.0101004745,2.6948777619,0.0042665319,0.5138000000,0.0632262604,0.0818174876,2.9868086789,-0.3186026147,0.5138000000,0.0632262604,0.0818174876,2.9868086789,-0.3186026147
