Instance,INF_avg,INF_sd,INF_r1,INF_kr,INF_sk,SUP_avg,SUP_sd,SUP_r1,SUP_kr,SUP_sk,INC_avg,INC_sd,INC_r1,INC_kr,INC_sk,IND_avg,IND_sd,IND_r1,IND_kr,IND_sk
364,0.2400000000,0.1264911064,-0.0295591182,2.9612500000,0.4624831078,0.2120000000,0.1321211565,0.0805082415,4.2503887737,1.0275544818,0.5480000000,0.1374627222,0.1402150099,2.6362703001,-0.1199678645,0.5480000000,0.1374627222,0.1402150099,2.6362703001,-0.1199678645
