Instance,INF_avg,INF_sd,INF_r1,INF_kr,INF_sk,SUP_avg,SUP_sd,SUP_r1,SUP_kr,SUP_sk,INC_avg,INC_sd,INC_r1,INC_kr,INC_sk,IND_avg,IND_sd,IND_r1,IND_kr,IND_sk
463,0.2619000000,0.0567220416,0.1654073560,2.5830723623,-0.1731315815,0.2606000000,0.0486172809,0.2265136119,3.1161918082,0.2297830508,0.4775000000,0.0667888464,0.1854206522,2.3437990900,0.0941879158,0.4775000000,0.0667888464,0.1854206522,2.3437990900,0.0941879158
