Instance,INF_avg,INF_sd,INF_r1,INF_kr,INF_sk,SUP_avg,SUP_sd,SUP_r1,SUP_kr,SUP_sk,INC_avg,INC_sd,INC_r1,INC_kr,INC_sk,IND_avg,IND_sd,IND_r1,IND_kr,IND_sk
470,0.2500000000,0.0774596669,0.0000000000,2.2916666667,0.4841229183,0.2800000000,0.0714142843,-0.7600896861,2.2479815456,-0.0988433000,0.4700000000,0.1187434209,-0.2569060773,1.9419043308,0.1021333181,0.4700000000,0.1187434209,-0.2569060773,1.9419043308,0.1021333181
