Instance,INF_avg,INF_sd,INF_r1,INF_kr,INF_sk,SUP_avg,SUP_sd,SUP_r1,SUP_kr,SUP_sk,INC_avg,INC_sd,INC_r1,INC_kr,INC_sk,IND_avg,IND_sd,IND_r1,IND_kr,IND_sk
169,0.2660000000,0.1524598308,0.1247990721,2.1306394056,0.1778306376,0.2370000000,0.1375899706,-0.0937833321,2.2742213234,0.2142291356,0.4970000000,0.1645934385,0.0258259153,2.8864407197,-0.2077043788,0.4970000000,0.1645934385,0.0258259153,2.8864407197,-0.2077043788
