Instance,INF_avg,INF_sd,INF_r1,INF_kr,INF_sk,SUP_avg,SUP_sd,SUP_r1,SUP_kr,SUP_sk,INC_avg,INC_sd,INC_r1,INC_kr,INC_sk,IND_avg,IND_sd,IND_r1,IND_kr,IND_sk
35,0.2800000000,0.1356465997,0.4071914480,2.7948960302,0.1730840355,0.1960000000,0.1310877569,-0.0511677369,2.4129864861,0.3934419219,0.5240000000,0.1477294825,0.1193048380,2.2109759978,0.1783000624,0.5240000000,0.1477294825,0.1193048380,2.2109759978,0.1783000624
