Instance,INF_avg,INF_sd,INF_r1,INF_kr,INF_sk,SUP_avg,SUP_sd,SUP_r1,SUP_kr,SUP_sk,INC_avg,INC_sd,INC_r1,INC_kr,INC_sk,IND_avg,IND_sd,IND_r1,IND_kr,IND_sk
418,0.2360000000,0.0447660586,-0.0735948241,3.6232803853,-1.0131178589,0.2710000000,0.0413400532,-0.1802056733,1.4259883226,0.1411461952,0.4930000000,0.0583180932,-0.0646658311,2.1415512379,-0.5401638049,0.4930000000,0.0583180932,-0.0646658311,2.1415512379,-0.5401638049
