Instance,INF_avg,INF_sd,INF_r1,INF_kr,INF_sk,SUP_avg,SUP_sd,SUP_r1,SUP_kr,SUP_sk,INC_avg,INC_sd,INC_r1,INC_kr,INC_sk,IND_avg,IND_sd,IND_r1,IND_kr,IND_sk
234,0.2648000000,0.0300825531,0.0616879439,2.7237354040,0.5189626699,0.2266000000,0.0193762742,-0.3621663222,2.7269404510,0.1159910799,0.5086000000,0.0333622541,-0.0576554865,2.4374639981,0.2615564355,0.5086000000,0.0333622541,-0.0576554865,2.4374639981,0.2615564355
