Instance,INF_avg,INF_sd,INF_r1,INF_kr,INF_sk,SUP_avg,SUP_sd,SUP_r1,SUP_kr,SUP_sk,INC_avg,INC_sd,INC_r1,INC_kr,INC_sk,IND_avg,IND_sd,IND_r1,IND_kr,IND_sk
375,0.2560000000,0.1471869559,-0.0169290522,2.6202804099,0.2586768304,0.2000000000,0.1356465997,0.2380952381,2.2448015123,0.1923155950,0.5440000000,0.1551257554,-0.1806723929,1.7159259705,-0.3058260005,0.5440000000,0.1551257554,-0.1806723929,1.7159259705,-0.3058260005
