Instance,INF_avg,INF_sd,INF_r1,INF_kr,INF_sk,SUP_avg,SUP_sd,SUP_r1,SUP_kr,SUP_sk,INC_avg,INC_sd,INC_r1,INC_kr,INC_sk,IND_avg,IND_sd,IND_r1,IND_kr,IND_sk
453,0.2380000000,0.0972419662,0.0090620618,2.0574877391,0.2415869063,0.2180000000,0.1045275083,-0.0322083747,2.5763660140,0.3188637993,0.5440000000,0.1025377979,-0.0972538092,2.5713689392,-0.0329585195,0.5440000000,0.1025377979,-0.0972538092,2.5713689392,-0.0329585195
