Instance,INF_avg,INF_sd,INF_r1,INF_kr,INF_sk,SUP_avg,SUP_sd,SUP_r1,SUP_kr,SUP_sk,INC_avg,INC_sd,INC_r1,INC_kr,INC_sk,IND_avg,IND_sd,IND_r1,IND_kr,IND_sk
57,0.2532000000,0.0426586451,-0.1253106079,2.9092712230,0.2980546732,0.2601000000,0.0478224843,0.1963151669,3.6942239053,-0.0873743980,0.4867000000,0.0508538101,0.0454435319,2.8045871045,-0.2355010169,0.4867000000,0.0508538101,0.0454435319,2.8045871045,-0.2355010169
