Instance,INF_avg,INF_sd,INF_r1,INF_kr,INF_sk,SUP_avg,SUP_sd,SUP_r1,SUP_kr,SUP_sk,INC_avg,INC_sd,INC_r1,INC_kr,INC_sk,IND_avg,IND_sd,IND_r1,IND_kr,IND_sk
265,0.2540000000,0.0958331884,-0.1485702878,2.8101253961,-0.0287138747,0.2520000000,0.0871550343,-0.1124025062,3.4264304735,0.2105887584,0.4940000000,0.0875442745,-0.0700378950,3.3796357233,-0.1294185591,0.4940000000,0.0875442745,-0.0700378950,3.3796357233,-0.1294185591
