Instance,INF_avg,INF_sd,INF_r1,INF_kr,INF_sk,SUP_avg,SUP_sd,SUP_r1,SUP_kr,SUP_sk,INC_avg,INC_sd,INC_r1,INC_kr,INC_sk,IND_avg,IND_sd,IND_r1,IND_kr,IND_sk
360,0.2436000000,0.0456841329,0.0347726332,3.4600279374,0.2451455968,0.2428000000,0.0453007726,-0.1391262641,2.8494044932,0.4601749548,0.5136000000,0.0567013227,0.1230279483,2.1029662676,-0.1782206198,0.5136000000,0.0567013227,0.1230279483,2.1029662676,-0.1782206198
