Instance,INF_avg,INF_sd,INF_r1,INF_kr,INF_sk,SUP_avg,SUP_sd,SUP_r1,SUP_kr,SUP_sk,INC_avg,INC_sd,INC_r1,INC_kr,INC_sk,IND_avg,IND_sd,IND_r1,IND_kr,IND_sk
447,0.2650000000,0.1136881700,0.0371955898,2.0737142194,0.1071851773,0.2530000000,0.1060235823,0.0564285217,3.0025483839,0.4625766662,0.4820000000,0.1260000000,-0.1222296878,2.2761509408,0.0115658256,0.4820000000,0.1260000000,-0.1222296878,2.2761509408,0.0115658256
