Instance,INF_avg,INF_sd,INF_r1,INF_kr,INF_sk,SUP_avg,SUP_sd,SUP_r1,SUP_kr,SUP_sk,INC_avg,INC_sd,INC_r1,INC_kr,INC_sk,IND_avg,IND_sd,IND_r1,IND_kr,IND_sk
6,0.2716000000,0.0437885830,0.0289412828,2.8152713576,-0.5851196895,0.2520000000,0.0322490310,-0.0980876002,2.5119526627,0.1703092317,0.4764000000,0.0434400737,0.0953649162,2.9103378416,-0.1094664689,0.4764000000,0.0434400737,0.0953649162,2.9103378416,-0.1094664689
