Instance,INF_avg,INF_sd,INF_r1,INF_kr,INF_sk,SUP_avg,SUP_sd,SUP_r1,SUP_kr,SUP_sk,INC_avg,INC_sd,INC_r1,INC_kr,INC_sk,IND_avg,IND_sd,IND_r1,IND_kr,IND_sk
289,0.2300000000,0.1417744688,-0.3105558389,1.8934432316,-0.5390103811,0.2800000000,0.1077032961,-0.5570934256,2.0535077289,-0.5570860145,0.4900000000,0.1300000000,-0.6096954630,1.7932495361,-0.0873918980,0.4900000000,0.1300000000,-0.6096954630,1.7932495361,-0.0873918980
