Instance,INF_avg,INF_sd,INF_r1,INF_kr,INF_sk,SUP_avg,SUP_sd,SUP_r1,SUP_kr,SUP_sk,INC_avg,INC_sd,INC_r1,INC_kr,INC_sk,IND_avg,IND_sd,IND_r1,IND_kr,IND_sk
234,0.2870000000,0.0988989383,-0.0606424670,2.7276489879,0.2389627912,0.2250000000,0.0939414711,0.2998565280,2.5505782086,-0.0542800755,0.4880000000,0.1146996077,0.0672155313,2.1769023605,-0.1323111880,0.4880000000,0.1146996077,0.0672155313,2.1769023605,-0.1323111880
