Instance,INF_avg,INF_sd,INF_r1,INF_kr,INF_sk,SUP_avg,SUP_sd,SUP_r1,SUP_kr,SUP_sk,INC_avg,INC_sd,INC_r1,INC_kr,INC_sk,IND_avg,IND_sd,IND_r1,IND_kr,IND_sk
55,0.1700000000,0.1004987562,0.2390011891,2.2249779433,-0.5556445300,0.1800000000,0.1469693846,0.2374727669,1.7325102881,0.1587632241,0.6500000000,0.1204159458,0.0175438596,3.7395957194,-0.0000000000,0.6500000000,0.1204159458,0.0175438596,3.7395957194,-0.0000000000
