Instance,INF_avg,INF_sd,INF_r1,INF_kr,INF_sk,SUP_avg,SUP_sd,SUP_r1,SUP_kr,SUP_sk,INC_avg,INC_sd,INC_r1,INC_kr,INC_sk,IND_avg,IND_sd,IND_r1,IND_kr,IND_sk
251,0.2360000000,0.0886227962,0.0089324885,2.7600823509,0.1258714540,0.2720000000,0.1015677114,0.0138880018,2.8231614221,0.2371659854,0.4920000000,0.1161292384,-0.0339866517,3.5589602272,-0.2128344139,0.4920000000,0.1161292384,-0.0339866517,3.5589602272,-0.2128344139
