Instance,INF_avg,INF_sd,INF_r1,INF_kr,INF_sk,SUP_avg,SUP_sd,SUP_r1,SUP_kr,SUP_sk,INC_avg,INC_sd,INC_r1,INC_kr,INC_sk,IND_avg,IND_sd,IND_r1,IND_kr,IND_sk
481,0.4575229358,0.1079173653,0.7781233992,2.2896225184,-0.1883952420,0.0968348624,0.0653331636,0.8163183641,2.2650017467,0.6171631997,0.4456422018,0.0638360893,0.3186496115,3.0567285121,-0.0277392502,0.4456422018,0.0638360893,0.3186496115,3.0567285121,-0.0277392502
