Instance,INF_avg,INF_sd,INF_r1,INF_kr,INF_sk,SUP_avg,SUP_sd,SUP_r1,SUP_kr,SUP_sk,INC_avg,INC_sd,INC_r1,INC_kr,INC_sk,IND_avg,IND_sd,IND_r1,IND_kr,IND_sk
180,0.2700000000,0.1326649916,-0.0231135282,1.8053331612,0.4329942747,0.2600000000,0.0768114575,-0.2108013937,3.0902039644,-0.3376085319,0.4700000000,0.0871779789,-0.0659898477,2.4449445983,-0.5116574591,0.4700000000,0.0871779789,-0.0659898477,2.4449445983,-0.5116574591
