Instance,INF_avg,INF_sd,INF_r1,INF_kr,INF_sk,SUP_avg,SUP_sd,SUP_r1,SUP_kr,SUP_sk,INC_avg,INC_sd,INC_r1,INC_kr,INC_sk,IND_avg,IND_sd,IND_r1,IND_kr,IND_sk
442,0.2500000000,0.0316227766,0.0000000000,2.5000000000,0.0000000000,0.2400000000,0.0583095189,-0.7346938776,2.6660899654,1.1500493357,0.5100000000,0.0734846923,-0.3758389262,1.5781893004,-0.3477670622,0.5100000000,0.0734846923,-0.3758389262,1.5781893004,-0.3477670622
