Instance,INF_avg,INF_sd,INF_r1,INF_kr,INF_sk,SUP_avg,SUP_sd,SUP_r1,SUP_kr,SUP_sk,INC_avg,INC_sd,INC_r1,INC_kr,INC_sk,IND_avg,IND_sd,IND_r1,IND_kr,IND_sk
177,0.2300000000,0.0221359436,0.3906250000,1.8502707205,-0.1797796337,0.2925000000,0.0350891721,0.0549694614,2.3836790435,0.1588411389,0.4775000000,0.0304343556,-0.0635260528,1.5566828938,-0.2554113337,0.4775000000,0.0304343556,-0.0635260528,1.5566828938,-0.2554113337
