Instance,INF_avg,INF_sd,INF_r1,INF_kr,INF_sk,SUP_avg,SUP_sd,SUP_r1,SUP_kr,SUP_sk,INC_avg,INC_sd,INC_r1,INC_kr,INC_sk,IND_avg,IND_sd,IND_r1,IND_kr,IND_sk
90,0.3400000000,0.0489897949,-0.9230769231,1.1666666667,0.4082482905,0.2600000000,0.0860232527,-0.3173652695,1.9945215486,0.3958703373,0.4000000000,0.0707106781,0.3333333333,1.7000000000,-0.0000000000,0.4000000000,0.0707106781,0.3333333333,1.7000000000,-0.0000000000
