Instance,INF_avg,INF_sd,INF_r1,INF_kr,INF_sk,SUP_avg,SUP_sd,SUP_r1,SUP_kr,SUP_sk,INC_avg,INC_sd,INC_r1,INC_kr,INC_sk,IND_avg,IND_sd,IND_r1,IND_kr,IND_sk
86,0.3154639175,0.0750260521,0.3973086576,3.2090618414,-0.3827893513,0.1785567010,0.0790274609,0.5315808398,3.3496987644,0.4957806048,0.5059793814,0.0675439497,0.1349827913,3.1499052908,0.1429578510,0.5059793814,0.0675439497,0.1349827913,3.1499052908,0.1429578510
