Instance,INF_avg,INF_sd,INF_r1,INF_kr,INF_sk,SUP_avg,SUP_sd,SUP_r1,SUP_kr,SUP_sk,INC_avg,INC_sd,INC_r1,INC_kr,INC_sk,IND_avg,IND_sd,IND_r1,IND_kr,IND_sk
5,0.2360000000,0.1261110622,0.0894810630,2.9404465019,0.2870421877,0.2350000000,0.1299038106,-0.0752847871,2.4235127572,0.0434509536,0.5290000000,0.1402105560,-0.1377824139,2.3716879976,-0.0234806327,0.5290000000,0.1402105560,-0.1377824139,2.3716879976,-0.0234806327
