Instance,INF_avg,INF_sd,INF_r1,INF_kr,INF_sk,SUP_avg,SUP_sd,SUP_r1,SUP_kr,SUP_sk,INC_avg,INC_sd,INC_r1,INC_kr,INC_sk,IND_avg,IND_sd,IND_r1,IND_kr,IND_sk
343,0.2289000000,0.0462794771,0.0059245131,2.7012442921,0.1113714225,0.2878000000,0.0443526775,-0.0041993811,2.5422946632,0.1072095273,0.4833000000,0.0465629681,-0.1320126519,2.7317942919,0.0714166842,0.4833000000,0.0465629681,-0.1320126519,2.7317942919,0.0714166842
