Instance,INF_avg,INF_sd,INF_r1,INF_kr,INF_sk,SUP_avg,SUP_sd,SUP_r1,SUP_kr,SUP_sk,INC_avg,INC_sd,INC_r1,INC_kr,INC_sk,IND_avg,IND_sd,IND_r1,IND_kr,IND_sk
322,0.2790000000,0.1109459328,0.0888915046,2.3239034737,-0.0349815675,0.2360000000,0.0830903123,0.0852098260,2.3204416403,0.1093199633,0.4850000000,0.1273773920,0.1819299518,3.7687683553,0.1045145351,0.4850000000,0.1273773920,0.1819299518,3.7687683553,0.1045145351
