Instance,INF_avg,INF_sd,INF_r1,INF_kr,INF_sk,SUP_avg,SUP_sd,SUP_r1,SUP_kr,SUP_sk,INC_avg,INC_sd,INC_r1,INC_kr,INC_sk,IND_avg,IND_sd,IND_r1,IND_kr,IND_sk
11,0.2240000000,0.0906862724,0.3135113566,2.4750426766,-0.1487683282,0.3270000000,0.1213301282,0.2678464147,2.2620269518,-0.2125210383,0.4490000000,0.1151043005,0.0843220917,2.9010259667,-0.3788495776,0.4490000000,0.1151043005,0.0843220917,2.9010259667,-0.3788495776
