Instance,INF_avg,INF_sd,INF_r1,INF_kr,INF_sk,SUP_avg,SUP_sd,SUP_r1,SUP_kr,SUP_sk,INC_avg,INC_sd,INC_r1,INC_kr,INC_sk,IND_avg,IND_sd,IND_r1,IND_kr,IND_sk
454,0.2460000000,0.0312089731,-0.2288833951,2.2276541201,-0.3025902777,0.2960000000,0.0243721152,-0.2916807006,2.7515389586,-1.1057511715,0.4580000000,0.0233666429,-0.1760382212,2.5191603269,0.7825563292,0.4580000000,0.0233666429,-0.1760382212,2.5191603269,0.7825563292
