Instance,INF_avg,INF_sd,INF_r1,INF_kr,INF_sk,SUP_avg,SUP_sd,SUP_r1,SUP_kr,SUP_sk,INC_avg,INC_sd,INC_r1,INC_kr,INC_sk,IND_avg,IND_sd,IND_r1,IND_kr,IND_sk
441,0.2180000000,0.0947417543,-0.1743815140,2.3388060377,-0.1182217370,0.2350000000,0.0912414380,-0.0614911124,2.0505640776,0.2310472254,0.5470000000,0.1119866063,0.0553249309,2.3029635080,-0.2667314087,0.5470000000,0.1119866063,0.0553249309,2.3029635080,-0.2667314087
