Instance,INF_avg,INF_sd,INF_r1,INF_kr,INF_sk,SUP_avg,SUP_sd,SUP_r1,SUP_kr,SUP_sk,INC_avg,INC_sd,INC_r1,INC_kr,INC_sk,IND_avg,IND_sd,IND_r1,IND_kr,IND_sk
472,0.2760000000,0.1209297317,0.3151135268,2.0918965377,0.0603638252,0.2520000000,0.1299846145,0.0488353475,3.9408574380,0.5025070243,0.4720000000,0.1709268850,0.0422359159,3.1141459195,0.3436453291,0.4720000000,0.1709268850,0.0422359159,3.1141459195,0.3436453291
