Instance,INF_avg,INF_sd,INF_r1,INF_kr,INF_sk,SUP_avg,SUP_sd,SUP_r1,SUP_kr,SUP_sk,INC_avg,INC_sd,INC_r1,INC_kr,INC_sk,IND_avg,IND_sd,IND_r1,IND_kr,IND_sk
146,0.3222950820,0.0756262042,0.4750703530,2.6357238799,0.3713238805,0.1521311475,0.0833148237,0.7526315959,2.1756159924,0.1875783825,0.5255737705,0.0661970380,0.2003860251,3.0419661894,-0.1641302847,0.5255737705,0.0661970380,0.2003860251,3.0419661894,-0.1641302847
