Instance,INF_avg,INF_sd,INF_r1,INF_kr,INF_sk,SUP_avg,SUP_sd,SUP_r1,SUP_kr,SUP_sk,INC_avg,INC_sd,INC_r1,INC_kr,INC_sk,IND_avg,IND_sd,IND_r1,IND_kr,IND_sk
254,0.3245000000,0.0501722035,0.2316936309,2.8451279478,-0.4725922424,0.1735000000,0.0386037563,0.1947458595,3.2258986381,0.7678181391,0.5020000000,0.0355105618,0.5569789165,1.6005618440,0.0614352968,0.5020000000,0.0355105618,0.5569789165,1.6005618440,0.0614352968
