Instance,INF_avg,INF_sd,INF_r1,INF_kr,INF_sk,SUP_avg,SUP_sd,SUP_r1,SUP_kr,SUP_sk,INC_avg,INC_sd,INC_r1,INC_kr,INC_sk,IND_avg,IND_sd,IND_r1,IND_kr,IND_sk
82,0.2284000000,0.0583904102,0.2112127551,2.3018566394,0.4117439442,0.2584000000,0.0543823501,0.2792754004,2.6771934117,0.6394216597,0.5132000000,0.0600812783,0.1486001075,3.0450495710,-0.1540327314,0.5132000000,0.0600812783,0.1486001075,3.0450495710,-0.1540327314
