Instance,INF_avg,INF_sd,INF_r1,INF_kr,INF_sk,SUP_avg,SUP_sd,SUP_r1,SUP_kr,SUP_sk,INC_avg,INC_sd,INC_r1,INC_kr,INC_sk,IND_avg,IND_sd,IND_r1,IND_kr,IND_sk
364,0.2575000000,0.1100851943,-0.0227963289,3.9439492984,0.4277478532,0.2330000000,0.0987977733,0.0189442753,2.4691251638,0.1583674125,0.5095000000,0.1165536357,-0.0118819429,3.4359862962,-0.2205907147,0.5095000000,0.1165536357,-0.0118819429,3.4359862962,-0.2205907147
