Instance,INF_avg,INF_sd,INF_r1,INF_kr,INF_sk,SUP_avg,SUP_sd,SUP_r1,SUP_kr,SUP_sk,INC_avg,INC_sd,INC_r1,INC_kr,INC_sk,IND_avg,IND_sd,IND_r1,IND_kr,IND_sk
197,0.2544000000,0.0644409807,0.0794645770,2.9543531261,-0.0896114148,0.2400000000,0.0657267069,0.0212962963,3.1347736626,0.3330288390,0.5056000000,0.0755290673,-0.0473998943,2.1063271708,0.1600182189,0.5056000000,0.0755290673,-0.0473998943,2.1063271708,0.1600182189
