Instance,INF_avg,INF_sd,INF_r1,INF_kr,INF_sk,SUP_avg,SUP_sd,SUP_r1,SUP_kr,SUP_sk,INC_avg,INC_sd,INC_r1,INC_kr,INC_sk,IND_avg,IND_sd,IND_r1,IND_kr,IND_sk
430,0.3630555556,0.0728704880,0.4334738587,3.2235419680,-0.0910512498,0.0705555556,0.0456401653,0.7470231666,2.5790751591,0.6337498890,0.5663888889,0.0552344889,0.0704358591,2.3488387810,-0.4486117371,0.5663888889,0.0552344889,0.0704358591,2.3488387810,-0.4486117371
