Instance,INF_avg,INF_sd,INF_r1,INF_kr,INF_sk,SUP_avg,SUP_sd,SUP_r1,SUP_kr,SUP_sk,INC_avg,INC_sd,INC_r1,INC_kr,INC_sk,IND_avg,IND_sd,IND_r1,IND_kr,IND_sk
279,0.2662000000,0.0390840121,0.0817136026,3.5818666596,0.6942521407,0.2574000000,0.0431189054,0.0066438096,3.3652619355,-0.6858108230,0.4764000000,0.0375105319,0.0055053574,3.0561798110,0.2637930960,0.4764000000,0.0375105319,0.0055053574,3.0561798110,0.2637930960
