Instance,INF_avg,INF_sd,INF_r1,INF_kr,INF_sk,SUP_avg,SUP_sd,SUP_r1,SUP_kr,SUP_sk,INC_avg,INC_sd,INC_r1,INC_kr,INC_sk,IND_avg,IND_sd,IND_r1,IND_kr,IND_sk
105,0.2776000000,0.0324998462,-0.0795016737,2.3663567421,-0.1171431620,0.2462000000,0.0295391266,-0.2199588454,2.6624311762,0.0479950457,0.4762000000,0.0360077769,-0.0397828340,3.7006207453,-0.1443539580,0.4762000000,0.0360077769,-0.0397828340,3.7006207453,-0.1443539580
