Instance,INF_avg,INF_sd,INF_r1,INF_kr,INF_sk,SUP_avg,SUP_sd,SUP_r1,SUP_kr,SUP_sk,INC_avg,INC_sd,INC_r1,INC_kr,INC_sk,IND_avg,IND_sd,IND_r1,IND_kr,IND_sk
307,0.2775000000,0.1151900603,-0.0555129018,3.6091314449,0.6891271110,0.2445000000,0.1050940055,0.1039194179,4.6584446260,0.9529761980,0.4780000000,0.1181778321,-0.2053439686,2.5207749784,0.0453833922,0.4780000000,0.1181778321,-0.2053439686,2.5207749784,0.0453833922
