Instance,INF_avg,INF_sd,INF_r1,INF_kr,INF_sk,SUP_avg,SUP_sd,SUP_r1,SUP_kr,SUP_sk,INC_avg,INC_sd,INC_r1,INC_kr,INC_sk,IND_avg,IND_sd,IND_r1,IND_kr,IND_sk
465,0.2620000000,0.0641560597,0.1741363682,3.0992160296,-0.7630809689,0.2800000000,0.0579655070,0.1904761905,3.8605442177,1.0843887361,0.4580000000,0.0414246304,-0.2776787987,2.2798017833,0.5388503924,0.4580000000,0.0414246304,-0.2776787987,2.2798017833,0.5388503924
