Instance,INF_avg,INF_sd,INF_r1,INF_kr,INF_sk,SUP_avg,SUP_sd,SUP_r1,SUP_kr,SUP_sk,INC_avg,INC_sd,INC_r1,INC_kr,INC_sk,IND_avg,IND_sd,IND_r1,IND_kr,IND_sk
42,0.2290000000,0.0954410813,-0.0023615670,2.1273062664,-0.0625416385,0.2180000000,0.0829216498,0.0366139119,2.4721534396,0.2593335162,0.5530000000,0.0913290753,-0.0441859950,3.1322195258,-0.1084255999,0.5530000000,0.0913290753,-0.0441859950,3.1322195258,-0.1084255999
