Instance,INF_avg,INF_sd,INF_r1,INF_kr,INF_sk,SUP_avg,SUP_sd,SUP_r1,SUP_kr,SUP_sk,INC_avg,INC_sd,INC_r1,INC_kr,INC_sk,IND_avg,IND_sd,IND_r1,IND_kr,IND_sk
193,0.2000000000,0.0547722558,-0.1666666667,2.5000000000,0.9128709292,0.3200000000,0.0927361850,0.0566037736,2.9694429421,1.2864700617,0.4800000000,0.1029563014,0.2475728155,2.2821288715,-0.6927284075,0.4800000000,0.1029563014,0.2475728155,2.2821288715,-0.6927284075
