Instance,INF_avg,INF_sd,INF_r1,INF_kr,INF_sk,SUP_avg,SUP_sd,SUP_r1,SUP_kr,SUP_sk,INC_avg,INC_sd,INC_r1,INC_kr,INC_sk,IND_avg,IND_sd,IND_r1,IND_kr,IND_sk
102,0.2520000000,0.0574804315,0.0327503512,2.5519643077,0.2593155380,0.2724000000,0.0618889328,-0.0895556935,2.6364104806,0.2339108751,0.4756000000,0.0757670113,-0.0600246098,2.6174591504,-0.2423683015,0.4756000000,0.0757670113,-0.0600246098,2.6174591504,-0.2423683015
