Instance,INF_avg,INF_sd,INF_r1,INF_kr,INF_sk,SUP_avg,SUP_sd,SUP_r1,SUP_kr,SUP_sk,INC_avg,INC_sd,INC_r1,INC_kr,INC_sk,IND_avg,IND_sd,IND_r1,IND_kr,IND_sk
347,0.2176000000,0.0336190422,0.0107457455,1.9388181538,-0.3097156728,0.3456000000,0.0525417929,0.5145958415,2.8940735931,0.3910791645,0.4368000000,0.0560514050,0.0206991186,4.2489545520,-0.8388772510,0.4368000000,0.0560514050,0.0206991186,4.2489545520,-0.8388772510
