Instance,INF_avg,INF_sd,INF_r1,INF_kr,INF_sk,SUP_avg,SUP_sd,SUP_r1,SUP_kr,SUP_sk,INC_avg,INC_sd,INC_r1,INC_kr,INC_sk,IND_avg,IND_sd,IND_r1,IND_kr,IND_sk
135,0.3321500000,0.0395995896,0.1691082441,2.5816126601,-0.0668807995,0.2706500000,0.0372870956,0.1295740435,2.6157273155,0.2393813980,0.3972000000,0.0416132191,0.2848335517,3.0886850548,0.0430946196,0.3972000000,0.0416132191,0.2848335517,3.0886850548,0.0430946196
