Instance,INF_avg,INF_sd,INF_r1,INF_kr,INF_sk,SUP_avg,SUP_sd,SUP_r1,SUP_kr,SUP_sk,INC_avg,INC_sd,INC_r1,INC_kr,INC_sk,IND_avg,IND_sd,IND_r1,IND_kr,IND_sk
426,0.3162500000,0.1091944939,-0.2610381891,2.7475593255,0.1287018342,0.1875000000,0.0885649479,0.3247335951,2.9803495183,0.4892081376,0.4962500000,0.1045152501,-0.0381420810,2.8033541337,0.6907156234,0.4962500000,0.1045152501,-0.0381420810,2.8033541337,0.6907156234
