Instance,INF_avg,INF_sd,INF_r1,INF_kr,INF_sk,SUP_avg,SUP_sd,SUP_r1,SUP_kr,SUP_sk,INC_avg,INC_sd,INC_r1,INC_kr,INC_sk,IND_avg,IND_sd,IND_r1,IND_kr,IND_sk
430,0.2240000000,0.0407921561,-0.1403508772,1.3731508876,0.1527442976,0.2840000000,0.0752595509,-0.2526614620,2.8998850905,-1.1692868076,0.4920000000,0.0515363949,0.0339425587,1.9843954130,0.7265891066,0.4920000000,0.0515363949,0.0339425587,1.9843954130,0.7265891066
