Instance,INF_avg,INF_sd,INF_r1,INF_kr,INF_sk,SUP_avg,SUP_sd,SUP_r1,SUP_kr,SUP_sk,INC_avg,INC_sd,INC_r1,INC_kr,INC_sk,IND_avg,IND_sd,IND_r1,IND_kr,IND_sk
300,0.2360000000,0.1195993311,0.0558624096,3.0761151900,0.5427517953,0.2360000000,0.1292439554,-0.1923978631,1.8236777205,-0.2458150933,0.5280000000,0.1536749817,0.0335192476,2.6493324080,-0.4755046653,0.5280000000,0.1536749817,0.0335192476,2.6493324080,-0.4755046653
