Instance,INF_avg,INF_sd,INF_r1,INF_kr,INF_sk,SUP_avg,SUP_sd,SUP_r1,SUP_kr,SUP_sk,INC_avg,INC_sd,INC_r1,INC_kr,INC_sk,IND_avg,IND_sd,IND_r1,IND_kr,IND_sk
64,0.2260000000,0.0372021505,-0.4907651715,2.8183534365,-0.3598524028,0.2790000000,0.0370000000,-0.2550222807,2.2158272422,0.3752591159,0.4950000000,0.0578359750,-0.2641083521,2.7704491678,0.8466808054,0.4950000000,0.0578359750,-0.2641083521,2.7704491678,0.8466808054
