Instance,INF_avg,INF_sd,INF_r1,INF_kr,INF_sk,SUP_avg,SUP_sd,SUP_r1,SUP_kr,SUP_sk,INC_avg,INC_sd,INC_r1,INC_kr,INC_sk,IND_avg,IND_sd,IND_r1,IND_kr,IND_sk
75,0.2500000000,0.0268328157,0.1481481481,2.7314814815,-0.9938079900,0.2160000000,0.0162480768,0.3613707165,1.4421487603,0.3804646085,0.5340000000,0.0174355958,-0.5889830508,1.7957063712,0.0543353054,0.5340000000,0.0174355958,-0.5889830508,1.7957063712,0.0543353054
