Instance,INF_avg,INF_sd,INF_r1,INF_kr,INF_sk,SUP_avg,SUP_sd,SUP_r1,SUP_kr,SUP_sk,INC_avg,INC_sd,INC_r1,INC_kr,INC_sk,IND_avg,IND_sd,IND_r1,IND_kr,IND_sk
36,0.2950000000,0.0358468967,-0.5063613232,1.3975230511,0.3451774633,0.1940000000,0.0269072481,-0.0188261351,2.8316290712,-0.0899344851,0.5110000000,0.0434626276,-0.2087912088,3.1633748757,1.0283930665,0.5110000000,0.0434626276,-0.2087912088,3.1633748757,1.0283930665
