Instance,INF_avg,INF_sd,INF_r1,INF_kr,INF_sk,SUP_avg,SUP_sd,SUP_r1,SUP_kr,SUP_sk,INC_avg,INC_sd,INC_r1,INC_kr,INC_sk,IND_avg,IND_sd,IND_r1,IND_kr,IND_sk
285,0.6368852459,0.0920226448,0.8416398711,3.7191647596,-0.9634900981,0.0834699454,0.0750253722,0.9249235277,4.4245268126,1.3798043176,0.2796448087,0.0358657113,0.1393373888,2.7865160250,0.1796455035,0.2796448087,0.0358657113,0.1393373888,2.7865160250,0.1796455035
