Instance,INF_avg,INF_sd,INF_r1,INF_kr,INF_sk,SUP_avg,SUP_sd,SUP_r1,SUP_kr,SUP_sk,INC_avg,INC_sd,INC_r1,INC_kr,INC_sk,IND_avg,IND_sd,IND_r1,IND_kr,IND_sk
195,0.2320000000,0.0263818119,-0.2966200466,1.8324167658,-0.4212018871,0.2570000000,0.0331058907,-0.3891112890,1.7065640151,-0.4074516892,0.5110000000,0.0420000000,-0.2817527519,1.7035764419,0.1839974085,0.5110000000,0.0420000000,-0.2817527519,1.7035764419,0.1839974085
