Instance,INF_avg,INF_sd,INF_r1,INF_kr,INF_sk,SUP_avg,SUP_sd,SUP_r1,SUP_kr,SUP_sk,INC_avg,INC_sd,INC_r1,INC_kr,INC_sk,IND_avg,IND_sd,IND_r1,IND_kr,IND_sk
76,0.3951724138,0.0991905408,0.2872050486,1.8107114085,-0.2612041133,0.0993103448,0.0644301833,0.3726417530,4.3538332545,1.1078551502,0.5055172414,0.0828620044,-0.0692269100,2.9789835124,-0.0448871237,0.5055172414,0.0828620044,-0.0692269100,2.9789835124,-0.0448871237
