Instance,INF_avg,INF_sd,INF_r1,INF_kr,INF_sk,SUP_avg,SUP_sd,SUP_r1,SUP_kr,SUP_sk,INC_avg,INC_sd,INC_r1,INC_kr,INC_sk,IND_avg,IND_sd,IND_r1,IND_kr,IND_sk
470,0.2210000000,0.0444184646,0.2498655218,2.7313797082,0.2676932250,0.3200000000,0.0518844871,-0.1073025335,2.5640332149,-0.5756300603,0.4590000000,0.0535630470,0.0674413576,4.5057042378,0.4864114108,0.4590000000,0.0535630470,0.0674413576,4.5057042378,0.4864114108
