Instance,INF_avg,INF_sd,INF_r1,INF_kr,INF_sk,SUP_avg,SUP_sd,SUP_r1,SUP_kr,SUP_sk,INC_avg,INC_sd,INC_r1,INC_kr,INC_sk,IND_avg,IND_sd,IND_r1,IND_kr,IND_sk
30,0.1900000000,0.0583095189,-0.6044776119,1.6280276817,-0.3631734744,0.2100000000,0.1240967365,-0.5326975477,2.9432450666,1.2621071359,0.6000000000,0.1516575089,-0.5652173913,2.1219281664,-0.3870276692,0.6000000000,0.1516575089,-0.5652173913,2.1219281664,-0.3870276692
