Instance,INF_avg,INF_sd,INF_r1,INF_kr,INF_sk,SUP_avg,SUP_sd,SUP_r1,SUP_kr,SUP_sk,INC_avg,INC_sd,INC_r1,INC_kr,INC_sk,IND_avg,IND_sd,IND_r1,IND_kr,IND_sk
254,0.4176000000,0.1127219588,0.6109760148,2.4616930178,-0.1328387438,0.1392000000,0.0832788088,0.7611009955,2.3012088108,0.5277389014,0.4432000000,0.0691502711,-0.0231412258,2.3897761369,0.1204328795,0.4432000000,0.0691502711,-0.0231412258,2.3897761369,0.1204328795
