Instance,INF_avg,INF_sd,INF_r1,INF_kr,INF_sk,SUP_avg,SUP_sd,SUP_r1,SUP_kr,SUP_sk,INC_avg,INC_sd,INC_r1,INC_kr,INC_sk,IND_avg,IND_sd,IND_r1,IND_kr,IND_sk
408,0.2448000000,0.0393059792,0.0955950855,2.2931821949,-0.2851821093,0.2612000000,0.0411164201,-0.3235328190,2.7951826130,0.2145346604,0.4940000000,0.0446318272,-0.0328490208,2.4581458364,0.2424117000,0.4940000000,0.0446318272,-0.0328490208,2.4581458364,0.2424117000
