Instance,INF_avg,INF_sd,INF_r1,INF_kr,INF_sk,SUP_avg,SUP_sd,SUP_r1,SUP_kr,SUP_sk,INC_avg,INC_sd,INC_r1,INC_kr,INC_sk,IND_avg,IND_sd,IND_r1,IND_kr,IND_sk
476,0.3518987342,0.0800328406,0.5154974741,2.1004327290,-0.0465186812,0.1506329114,0.0783265119,0.5537735573,3.4846982658,0.7484441806,0.4974683544,0.0613243783,-0.1371817468,4.3453352535,0.3908917270,0.4974683544,0.0613243783,-0.1371817468,4.3453352535,0.3908917270
