Instance,INF_avg,INF_sd,INF_r1,INF_kr,INF_sk,SUP_avg,SUP_sd,SUP_r1,SUP_kr,SUP_sk,INC_avg,INC_sd,INC_r1,INC_kr,INC_sk,IND_avg,IND_sd,IND_r1,IND_kr,IND_sk
171,0.2625000000,0.1408678459,-0.0332996973,2.6464752930,-0.1215748288,0.1750000000,0.1089724736,-0.1650485437,3.1606648199,0.5071295170,0.5625000000,0.1316956719,-0.4876660342,2.0645239834,0.3847937821,0.5625000000,0.1316956719,-0.4876660342,2.0645239834,0.3847937821
