Instance,INF_avg,INF_sd,INF_r1,INF_kr,INF_sk,SUP_avg,SUP_sd,SUP_r1,SUP_kr,SUP_sk,INC_avg,INC_sd,INC_r1,INC_kr,INC_sk,IND_avg,IND_sd,IND_r1,IND_kr,IND_sk
460,0.4228571429,0.1071333329,0.6199231360,2.8128473986,0.0117222369,0.1342857143,0.0704504457,0.4015879346,2.8151835180,0.4250307958,0.4428571429,0.0794881585,0.0838969789,3.4073973920,0.4990400434,0.4428571429,0.0794881585,0.0838969789,3.4073973920,0.4990400434
