Instance,INF_avg,INF_sd,INF_r1,INF_kr,INF_sk,SUP_avg,SUP_sd,SUP_r1,SUP_kr,SUP_sk,INC_avg,INC_sd,INC_r1,INC_kr,INC_sk,IND_avg,IND_sd,IND_r1,IND_kr,IND_sk
56,0.2120000000,0.0271293199,-0.4380530973,2.9310018904,-1.1731251294,0.3080000000,0.0271293199,0.0271493213,2.3638941399,-0.7500308204,0.4800000000,0.0505964426,-0.2258064516,3.1445312500,1.4082017705,0.4800000000,0.0505964426,-0.2258064516,3.1445312500,1.4082017705
