Instance,INF_avg,INF_sd,INF_r1,INF_kr,INF_sk,SUP_avg,SUP_sd,SUP_r1,SUP_kr,SUP_sk,INC_avg,INC_sd,INC_r1,INC_kr,INC_sk,IND_avg,IND_sd,IND_r1,IND_kr,IND_sk
33,0.2441000000,0.0428040886,0.0444219035,3.2348944203,-0.0695548930,0.2756000000,0.0507803111,0.1200566226,2.5492229979,0.1463466160,0.4803000000,0.0570518186,0.1279202328,3.1276753151,-0.2182001385,0.4803000000,0.0570518186,0.1279202328,3.1276753151,-0.2182001385
