Instance,INF_avg,INF_sd,INF_r1,INF_kr,INF_sk,SUP_avg,SUP_sd,SUP_r1,SUP_kr,SUP_sk,INC_avg,INC_sd,INC_r1,INC_kr,INC_sk,IND_avg,IND_sd,IND_r1,IND_kr,IND_sk
415,0.3804395604,0.0936666064,0.7617235478,2.5002932066,0.1754863518,0.1206593407,0.0763134398,0.8037080235,3.0228236100,0.6326344401,0.4989010989,0.0569451355,0.3281070190,3.2632490037,0.2868936386,0.4989010989,0.0569451355,0.3281070190,3.2632490037,0.2868936386
