Instance,INF_avg,INF_sd,INF_r1,INF_kr,INF_sk,SUP_avg,SUP_sd,SUP_r1,SUP_kr,SUP_sk,INC_avg,INC_sd,INC_r1,INC_kr,INC_sk,IND_avg,IND_sd,IND_r1,IND_kr,IND_sk
305,0.2477000000,0.0539973147,0.2985114745,2.5808877861,-0.1963880445,0.2493000000,0.0595357876,0.4095127132,2.6576019158,0.2180489118,0.5030000000,0.0614735716,0.3415566226,2.6162597147,0.1572132748,0.5030000000,0.0614735716,0.3415566226,2.6162597147,0.1572132748
