Instance,INF_avg,INF_sd,INF_r1,INF_kr,INF_sk,SUP_avg,SUP_sd,SUP_r1,SUP_kr,SUP_sk,INC_avg,INC_sd,INC_r1,INC_kr,INC_sk,IND_avg,IND_sd,IND_r1,IND_kr,IND_sk
465,0.3874509804,0.1028199099,0.5870185406,2.4882915182,0.1546775109,0.1180392157,0.0621516049,0.7092304629,2.0142495920,-0.1673268986,0.4945098039,0.0715189191,0.1686652155,3.5738152800,-0.6628744261,0.4945098039,0.0715189191,0.1686652155,3.5738152800,-0.6628744261
