Instance,INF_avg,INF_sd,INF_r1,INF_kr,INF_sk,SUP_avg,SUP_sd,SUP_r1,SUP_kr,SUP_sk,INC_avg,INC_sd,INC_r1,INC_kr,INC_sk,IND_avg,IND_sd,IND_r1,IND_kr,IND_sk
215,0.2608000000,0.0613136200,0.1721490827,2.6194773596,0.4536964744,0.2432000000,0.0597809334,-0.1073155615,3.0157520002,-0.0199438775,0.4960000000,0.0611882342,-0.1731735601,2.4815910585,0.3151267812,0.4960000000,0.0611882342,-0.1731735601,2.4815910585,0.3151267812
