Instance,INF_avg,INF_sd,INF_r1,INF_kr,INF_sk,SUP_avg,SUP_sd,SUP_r1,SUP_kr,SUP_sk,INC_avg,INC_sd,INC_r1,INC_kr,INC_sk,IND_avg,IND_sd,IND_r1,IND_kr,IND_sk
307,0.2448000000,0.0640699618,0.0974379489,2.7485955798,0.0157335025,0.2792000000,0.0636188651,-0.2365669612,2.3135580608,-0.2244987067,0.4760000000,0.0695125888,-0.0027873640,2.6010920574,0.3223962223,0.4760000000,0.0695125888,-0.0027873640,2.6010920574,0.3223962223
