Instance,INF_avg,INF_sd,INF_r1,INF_kr,INF_sk,SUP_avg,SUP_sd,SUP_r1,SUP_kr,SUP_sk,INC_avg,INC_sd,INC_r1,INC_kr,INC_sk,IND_avg,IND_sd,IND_r1,IND_kr,IND_sk
258,0.2421000000,0.0328495053,-0.0797131824,4.6132626668,0.1213051183,0.2797000000,0.0321466950,-0.2865592791,2.3648140210,0.1578110474,0.4782000000,0.0420447381,-0.0402859764,4.6051484649,-0.1009520804,0.4782000000,0.0420447381,-0.0402859764,4.6051484649,-0.1009520804
