Instance,INF_avg,INF_sd,INF_r1,INF_kr,INF_sk,SUP_avg,SUP_sd,SUP_r1,SUP_kr,SUP_sk,INC_avg,INC_sd,INC_r1,INC_kr,INC_sk,IND_avg,IND_sd,IND_r1,IND_kr,IND_sk
282,0.4488738739,0.1196855578,0.9161030330,2.0072271431,-0.1212925788,0.0933783784,0.0767943380,0.8892077350,3.0787654406,0.9405136008,0.4577477477,0.0603247172,0.6367355697,2.2649295462,-0.3141773037,0.4577477477,0.0603247172,0.6367355697,2.2649295462,-0.3141773037
