Instance,INF_avg,INF_sd,INF_r1,INF_kr,INF_sk,SUP_avg,SUP_sd,SUP_r1,SUP_kr,SUP_sk,INC_avg,INC_sd,INC_r1,INC_kr,INC_sk,IND_avg,IND_sd,IND_r1,IND_kr,IND_sk
45,0.3026000000,0.0308907753,0.0238781224,2.7917007621,0.7108661082,0.2390000000,0.0234946802,0.3713312559,1.8970541903,-0.0360858747,0.4584000000,0.0289730910,0.1553052470,3.9674642934,-0.7769606006,0.4584000000,0.0289730910,0.1553052470,3.9674642934,-0.7769606006
