Instance,INF_avg,INF_sd,INF_r1,INF_kr,INF_sk,SUP_avg,SUP_sd,SUP_r1,SUP_kr,SUP_sk,INC_avg,INC_sd,INC_r1,INC_kr,INC_sk,IND_avg,IND_sd,IND_r1,IND_kr,IND_sk
439,0.2822000000,0.0315620025,-0.0248104782,2.4037571735,-0.1867097269,0.2452000000,0.0307402017,0.0484922491,2.1950804734,0.2367789246,0.4726000000,0.0381869088,-0.1959866382,2.9990353066,-0.4776245714,0.4726000000,0.0381869088,-0.1959866382,2.9990353066,-0.4776245714
