Instance,INF_avg,INF_sd,INF_r1,INF_kr,INF_sk,SUP_avg,SUP_sd,SUP_r1,SUP_kr,SUP_sk,INC_avg,INC_sd,INC_r1,INC_kr,INC_sk,IND_avg,IND_sd,IND_r1,IND_kr,IND_sk
369,0.2740000000,0.0435201103,-0.1057712755,3.2277084641,0.0879322574,0.2343000000,0.0441192702,-0.0075820082,2.4998961465,-0.2442923599,0.4917000000,0.0462829342,-0.1429560786,3.3326460709,-0.0014088116,0.4917000000,0.0462829342,-0.1429560786,3.3326460709,-0.0014088116
