Instance,INF_avg,INF_sd,INF_r1,INF_kr,INF_sk,SUP_avg,SUP_sd,SUP_r1,SUP_kr,SUP_sk,INC_avg,INC_sd,INC_r1,INC_kr,INC_sk,IND_avg,IND_sd,IND_r1,IND_kr,IND_sk
349,0.2220000000,0.1010742301,-0.0787867376,2.5475572581,-0.3194966103,0.2120000000,0.0840000000,-0.2593681814,3.2522174403,0.6314382896,0.5660000000,0.1172348071,-0.4128473901,1.9108104830,0.3575999953,0.5660000000,0.1172348071,-0.4128473901,1.9108104830,0.3575999953
