Instance,INF_avg,INF_sd,INF_r1,INF_kr,INF_sk,SUP_avg,SUP_sd,SUP_r1,SUP_kr,SUP_sk,INC_avg,INC_sd,INC_r1,INC_kr,INC_sk,IND_avg,IND_sd,IND_r1,IND_kr,IND_sk
91,0.2812500000,0.0998044964,-0.4584286804,2.4949942330,-0.1370326096,0.2250000000,0.1118033989,-0.5189873418,2.8775000000,-0.5031152949,0.4937500000,0.1073472752,-0.3865730584,3.0591324332,0.1622328485,0.4937500000,0.1073472752,-0.3865730584,3.0591324332,0.1622328485
