Instance,INF_avg,INF_sd,INF_r1,INF_kr,INF_sk,SUP_avg,SUP_sd,SUP_r1,SUP_kr,SUP_sk,INC_avg,INC_sd,INC_r1,INC_kr,INC_sk,IND_avg,IND_sd,IND_r1,IND_kr,IND_sk
5,0.2216000000,0.0336666007,-0.1055157650,2.8130925705,0.2483129578,0.2550000000,0.0380657326,0.1820396798,3.1807114780,-0.2066818181,0.5234000000,0.0450159972,0.1056992744,2.4753128174,0.2765884096,0.5234000000,0.0450159972,0.1056992744,2.4753128174,0.2765884096
