Instance,INF_avg,INF_sd,INF_r1,INF_kr,INF_sk,SUP_avg,SUP_sd,SUP_r1,SUP_kr,SUP_sk,INC_avg,INC_sd,INC_r1,INC_kr,INC_sk,IND_avg,IND_sd,IND_r1,IND_kr,IND_sk
104,0.2740000000,0.1030727898,0.1128757095,2.8542008773,0.3024970695,0.2120000000,0.0914111591,-0.4436316903,2.2810878107,0.2519612813,0.5140000000,0.1216716894,-0.1857925975,2.7036367702,-0.0691261858,0.5140000000,0.1216716894,-0.1857925975,2.7036367702,-0.0691261858
