Instance,INF_avg,INF_sd,INF_r1,INF_kr,INF_sk,SUP_avg,SUP_sd,SUP_r1,SUP_kr,SUP_sk,INC_avg,INC_sd,INC_r1,INC_kr,INC_sk,IND_avg,IND_sd,IND_r1,IND_kr,IND_sk
102,0.2680000000,0.0426145515,-0.7540766858,2.0794212967,0.5414791205,0.2480000000,0.0193907194,-0.7737789203,1.4081032141,-0.3752617726,0.4840000000,0.0293938769,-0.7125984252,1.5781893004,-0.3477670622,0.4840000000,0.0293938769,-0.7125984252,1.5781893004,-0.3477670622
