Instance,INF_avg,INF_sd,INF_r1,INF_kr,INF_sk,SUP_avg,SUP_sd,SUP_r1,SUP_kr,SUP_sk,INC_avg,INC_sd,INC_r1,INC_kr,INC_sk,IND_avg,IND_sd,IND_r1,IND_kr,IND_sk
401,0.2400000000,0.1034408043,0.0332759610,4.0147611145,0.5664895127,0.2440000000,0.0941488184,-0.0518827527,2.7451590989,0.3172640573,0.5160000000,0.0976933979,0.0057532960,3.5841869553,0.2228605393,0.5160000000,0.0976933979,0.0057532960,3.5841869553,0.2228605393
