Instance,INF_avg,INF_sd,INF_r1,INF_kr,INF_sk,SUP_avg,SUP_sd,SUP_r1,SUP_kr,SUP_sk,INC_avg,INC_sd,INC_r1,INC_kr,INC_sk,IND_avg,IND_sd,IND_r1,IND_kr,IND_sk
46,0.2880000000,0.1365869686,-0.1184164140,4.1447958010,0.9706367354,0.2000000000,0.0979795897,-0.1000000000,2.6041666667,-0.2551551815,0.5120000000,0.1365869686,-0.4198004605,2.7105040175,-0.0287830487,0.5120000000,0.1365869686,-0.4198004605,2.7105040175,-0.0287830487
