Instance,INF_avg,INF_sd,INF_r1,INF_kr,INF_sk,SUP_avg,SUP_sd,SUP_r1,SUP_kr,SUP_sk,INC_avg,INC_sd,INC_r1,INC_kr,INC_sk,IND_avg,IND_sd,IND_r1,IND_kr,IND_sk
200,0.2740000000,0.0676165660,0.1328906860,3.0919576654,0.1364805550,0.2580000000,0.0618708332,0.0172968496,2.8829479532,0.4381663616,0.4680000000,0.0697423831,-0.0499392220,2.3085721087,-0.1847966376,0.4680000000,0.0697423831,-0.0499392220,2.3085721087,-0.1847966376
