Instance,INF_avg,INF_sd,INF_r1,INF_kr,INF_sk,SUP_avg,SUP_sd,SUP_r1,SUP_kr,SUP_sk,INC_avg,INC_sd,INC_r1,INC_kr,INC_sk,IND_avg,IND_sd,IND_r1,IND_kr,IND_sk
284,0.2000000000,0.0447213595,0.0000000000,1.2500000000,-0.0000000000,0.3400000000,0.1113552873,0.6565934066,1.2989073881,0.4692912730,0.4600000000,0.1392838828,0.8298676749,1.5209374004,-0.3730421773,0.4600000000,0.1392838828,0.8298676749,1.5209374004,-0.3730421773
