Instance,INF_avg,INF_sd,INF_r1,INF_kr,INF_sk,SUP_avg,SUP_sd,SUP_r1,SUP_kr,SUP_sk,INC_avg,INC_sd,INC_r1,INC_kr,INC_sk,IND_avg,IND_sd,IND_r1,IND_kr,IND_sk
129,0.2840000000,0.1254750971,-0.1670461939,2.3833903430,0.1821370061,0.2640000000,0.1162067124,0.0856856761,3.7208452191,0.2708851524,0.4520000000,0.1299846145,0.0860490732,2.6058184831,0.3385890231,0.4520000000,0.1299846145,0.0860490732,2.6058184831,0.3385890231
