Instance,INF_avg,INF_sd,INF_r1,INF_kr,INF_sk,SUP_avg,SUP_sd,SUP_r1,SUP_kr,SUP_sk,INC_avg,INC_sd,INC_r1,INC_kr,INC_sk,IND_avg,IND_sd,IND_r1,IND_kr,IND_sk
72,0.2420000000,0.1031309847,0.2860158394,2.5731519016,0.2969966793,0.2870000000,0.1052663289,0.2988777286,3.2677051814,0.2287749871,0.4710000000,0.1136177803,0.0499301022,2.3193732988,-0.0647907023,0.4710000000,0.1136177803,0.0499301022,2.3193732988,-0.0647907023
