Instance,INF_avg,INF_sd,INF_r1,INF_kr,INF_sk,SUP_avg,SUP_sd,SUP_r1,SUP_kr,SUP_sk,INC_avg,INC_sd,INC_r1,INC_kr,INC_sk,IND_avg,IND_sd,IND_r1,IND_kr,IND_sk
231,0.3177419355,0.1036031410,-0.0823472133,2.2409428969,-0.0220051169,0.2209677419,0.1281217878,-0.2207802489,2.1684272945,0.3693334873,0.4612903226,0.1075456973,0.0716166794,2.4626569972,-0.1183598556,0.4612903226,0.1075456973,0.0716166794,2.4626569972,-0.1183598556
