Instance,INF_avg,INF_sd,INF_r1,INF_kr,INF_sk,SUP_avg,SUP_sd,SUP_r1,SUP_kr,SUP_sk,INC_avg,INC_sd,INC_r1,INC_kr,INC_sk,IND_avg,IND_sd,IND_r1,IND_kr,IND_sk
502,0.2580000000,0.0423792402,-0.0208208508,1.2423214667,-0.2629770164,0.2960000000,0.0278208555,-0.0261606485,1.5652805320,-0.2321051682,0.4460000000,0.0281780056,0.1494435612,1.3832363634,-0.4070917192,0.4460000000,0.0281780056,0.1494435612,1.3832363634,-0.4070917192
