Instance,INF_avg,INF_sd,INF_r1,INF_kr,INF_sk,SUP_avg,SUP_sd,SUP_r1,SUP_kr,SUP_sk,INC_avg,INC_sd,INC_r1,INC_kr,INC_sk,IND_avg,IND_sd,IND_r1,IND_kr,IND_sk
5,0.2304000000,0.0442248799,-0.0692426797,4.5218456035,0.5886106127,0.2499000000,0.0463140367,0.0056063754,3.5744057121,0.3071525246,0.5197000000,0.0514286885,-0.0178980673,2.9093088395,-0.2429680987,0.5197000000,0.0514286885,-0.0178980673,2.9093088395,-0.2429680987
