Instance,INF_avg,INF_sd,INF_r1,INF_kr,INF_sk,SUP_avg,SUP_sd,SUP_r1,SUP_kr,SUP_sk,INC_avg,INC_sd,INC_r1,INC_kr,INC_sk,IND_avg,IND_sd,IND_r1,IND_kr,IND_sk
401,0.2760000000,0.0460868745,0.2209686831,3.2301169311,-0.9076447240,0.2400000000,0.0500000000,-0.7389558233,2.1539200000,0.0528000000,0.4840000000,0.0701712192,-0.0305405847,3.1774059119,0.6096495726,0.4840000000,0.0701712192,-0.0305405847,3.1774059119,0.6096495726
