Instance,INF_avg,INF_sd,INF_r1,INF_kr,INF_sk,SUP_avg,SUP_sd,SUP_r1,SUP_kr,SUP_sk,INC_avg,INC_sd,INC_r1,INC_kr,INC_sk,IND_avg,IND_sd,IND_r1,IND_kr,IND_sk
117,0.2784000000,0.0450048886,0.0562997090,2.7964094927,0.3392716717,0.2208000000,0.0456438386,-0.0919324664,2.8208535324,-0.4732292610,0.5008000000,0.0421350211,0.2935020963,3.0759126193,-0.1345016875,0.5008000000,0.0421350211,0.2935020963,3.0759126193,-0.1345016875
