Instance,INF_avg,INF_sd,INF_r1,INF_kr,INF_sk,SUP_avg,SUP_sd,SUP_r1,SUP_kr,SUP_sk,INC_avg,INC_sd,INC_r1,INC_kr,INC_sk,IND_avg,IND_sd,IND_r1,IND_kr,IND_sk
15,0.2708000000,0.0528522469,0.3706287681,3.3622501788,0.3562522334,0.2546000000,0.0449315034,0.2082191339,3.0221797470,0.3001082256,0.4746000000,0.0578691628,0.2180557788,2.3797624660,0.0773430970,0.4746000000,0.0578691628,0.2180557788,2.3797624660,0.0773430970
