Instance,INF_avg,INF_sd,INF_r1,INF_kr,INF_sk,SUP_avg,SUP_sd,SUP_r1,SUP_kr,SUP_sk,INC_avg,INC_sd,INC_r1,INC_kr,INC_sk,IND_avg,IND_sd,IND_r1,IND_kr,IND_sk
334,0.2200000000,0.0178885438,0.2666666667,1.9531250000,-0.6288941187,0.2940000000,0.0392937654,-0.4148494289,1.9273134849,-0.3987501228,0.4860000000,0.0382622529,-0.8094453597,1.2741646511,0.0934019880,0.4860000000,0.0382622529,-0.8094453597,1.2741646511,0.0934019880
