Instance,INF_avg,INF_sd,INF_r1,INF_kr,INF_sk,SUP_avg,SUP_sd,SUP_r1,SUP_kr,SUP_sk,INC_avg,INC_sd,INC_r1,INC_kr,INC_sk,IND_avg,IND_sd,IND_r1,IND_kr,IND_sk
173,0.2386000000,0.0485390564,-0.1187040227,3.4435054230,0.0926732760,0.2744000000,0.0516975821,-0.2533900938,2.8031512644,0.3126313420,0.4870000000,0.0519326487,-0.0816885418,3.1849614143,-0.5971626058,0.4870000000,0.0519326487,-0.0816885418,3.1849614143,-0.5971626058
