Instance,INF_avg,INF_sd,INF_r1,INF_kr,INF_sk,SUP_avg,SUP_sd,SUP_r1,SUP_kr,SUP_sk,INC_avg,INC_sd,INC_r1,INC_kr,INC_sk,IND_avg,IND_sd,IND_r1,IND_kr,IND_sk
159,0.2300000000,0.0645910210,0.0573004076,2.4826285633,-0.0418593664,0.2792000000,0.0688720553,-0.0360134145,2.3868376383,-0.0160871322,0.4908000000,0.0776875794,-0.1118861119,2.2885521423,0.1883553039,0.4908000000,0.0776875794,-0.1118861119,2.2885521423,0.1883553039
