Instance,INF_avg,INF_sd,INF_r1,INF_kr,INF_sk,SUP_avg,SUP_sd,SUP_r1,SUP_kr,SUP_sk,INC_avg,INC_sd,INC_r1,INC_kr,INC_sk,IND_avg,IND_sd,IND_r1,IND_kr,IND_sk
37,0.4505882353,0.1101286995,0.8968605194,1.8541165199,-0.0107448629,0.0744117647,0.0551637230,0.8406802915,3.0981312007,0.8852671672,0.4750000000,0.0660714854,0.7700330705,2.1543670218,-0.1798395133,0.4750000000,0.0660714854,0.7700330705,2.1543670218,-0.1798395133
