Instance,INF_avg,INF_sd,INF_r1,INF_kr,INF_sk,SUP_avg,SUP_sd,SUP_r1,SUP_kr,SUP_sk,INC_avg,INC_sd,INC_r1,INC_kr,INC_sk,IND_avg,IND_sd,IND_r1,IND_kr,IND_sk
62,0.2600000000,0.0860232527,-0.6305818674,3.0628195763,0.7493259957,0.2200000000,0.0714142843,0.2315369261,2.2479815456,0.0988433000,0.5200000000,0.0871779789,-0.0648148148,2.2371883657,-0.2852603533,0.5200000000,0.0871779789,-0.0648148148,2.2371883657,-0.2852603533
