Instance,INF_avg,INF_sd,INF_r1,INF_kr,INF_sk,SUP_avg,SUP_sd,SUP_r1,SUP_kr,SUP_sk,INC_avg,INC_sd,INC_r1,INC_kr,INC_sk,IND_avg,IND_sd,IND_r1,IND_kr,IND_sk
497,0.2320000000,0.0754718491,-0.0460345118,2.0901874763,-0.0611880799,0.2636000000,0.0801688219,0.3849674388,2.7240809005,0.4697955282,0.5044000000,0.0720322150,-0.1732640106,3.1619872270,-0.1710645173,0.5044000000,0.0720322150,-0.1732640106,3.1619872270,-0.1710645173
