Instance,INF_avg,INF_sd,INF_r1,INF_kr,INF_sk,SUP_avg,SUP_sd,SUP_r1,SUP_kr,SUP_sk,INC_avg,INC_sd,INC_r1,INC_kr,INC_sk,IND_avg,IND_sd,IND_r1,IND_kr,IND_sk
149,0.2720000000,0.1015677114,0.0064941169,3.8227869055,0.1083212232,0.2420000000,0.0896437393,-0.0560945350,2.9829076770,0.3239636622,0.4860000000,0.1122675376,0.1183549255,4.3508372260,0.6693276212,0.4860000000,0.1122675376,0.1183549255,4.3508372260,0.6693276212
