Instance,INF_avg,INF_sd,INF_r1,INF_kr,INF_sk,SUP_avg,SUP_sd,SUP_r1,SUP_kr,SUP_sk,INC_avg,INC_sd,INC_r1,INC_kr,INC_sk,IND_avg,IND_sd,IND_r1,IND_kr,IND_sk
379,0.2480000000,0.0271293199,0.3116395494,1.5398156900,0.5120402716,0.2440000000,0.0427083130,-1.2906698565,2.5214104340,0.7092172823,0.5080000000,0.0503587132,0.2262678804,2.9990396959,-1.3012011160,0.5080000000,0.0503587132,0.2262678804,2.9990396959,-1.3012011160
