Instance,INF_avg,INF_sd,INF_r1,INF_kr,INF_sk,SUP_avg,SUP_sd,SUP_r1,SUP_kr,SUP_sk,INC_avg,INC_sd,INC_r1,INC_kr,INC_sk,IND_avg,IND_sd,IND_r1,IND_kr,IND_sk
135,0.2600000000,0.0964365076,0.0409110535,2.8484217829,0.5101133337,0.3145000000,0.0990694201,0.0186290858,2.5608914145,0.0655734061,0.4255000000,0.1162959587,0.0486940581,3.2790237098,0.0635939464,0.4255000000,0.1162959587,0.0486940581,3.2790237098,0.0635939464
