Instance,INF_avg,INF_sd,INF_r1,INF_kr,INF_sk,SUP_avg,SUP_sd,SUP_r1,SUP_kr,SUP_sk,INC_avg,INC_sd,INC_r1,INC_kr,INC_sk,IND_avg,IND_sd,IND_r1,IND_kr,IND_sk
320,0.3943795620,0.0944643857,0.7928139920,2.3929364783,0.0657502494,0.1078102190,0.0887666121,0.9357592886,2.6979937288,0.8709292040,0.4978102190,0.0443438016,0.2083093453,3.4116528259,-0.4584686113,0.4978102190,0.0443438016,0.2083093453,3.4116528259,-0.4584686113
