Instance,INF_avg,INF_sd,INF_r1,INF_kr,INF_sk,SUP_avg,SUP_sd,SUP_r1,SUP_kr,SUP_sk,INC_avg,INC_sd,INC_r1,INC_kr,INC_sk,IND_avg,IND_sd,IND_r1,IND_kr,IND_sk
135,0.2560000000,0.1283121195,-0.1405540042,2.9339645896,0.2643426630,0.3300000000,0.1424780685,0.0521470841,2.4927807032,0.0643085752,0.4140000000,0.1655415356,0.0940215921,2.7701730057,0.1865508553,0.4140000000,0.1655415356,0.0940215921,2.7701730057,0.1865508553
