Instance,INF_avg,INF_sd,INF_r1,INF_kr,INF_sk,SUP_avg,SUP_sd,SUP_r1,SUP_kr,SUP_sk,INC_avg,INC_sd,INC_r1,INC_kr,INC_sk,IND_avg,IND_sd,IND_r1,IND_kr,IND_sk
427,0.2770000000,0.0368239053,-0.4794762025,1.7417900123,0.0031241729,0.2480000000,0.0351567917,-0.6498968008,1.3412432840,-0.2065642392,0.4750000000,0.0277488739,-0.3071895425,2.2537527408,0.2527305090,0.4750000000,0.0277488739,-0.3071895425,2.2537527408,0.2527305090
