Instance,INF_avg,INF_sd,INF_r1,INF_kr,INF_sk,SUP_avg,SUP_sd,SUP_r1,SUP_kr,SUP_sk,INC_avg,INC_sd,INC_r1,INC_kr,INC_sk,IND_avg,IND_sd,IND_r1,IND_kr,IND_sk
258,0.2659500000,0.0341298623,0.1632206420,2.5394550392,-0.2444134730,0.2795000000,0.0315475831,0.2715382918,2.6405613174,0.2614201553,0.4545500000,0.0373770986,0.0228194948,2.9760930887,0.0745410854,0.4545500000,0.0373770986,0.0228194948,2.9760930887,0.0745410854
