Instance,INF_avg,INF_sd,INF_r1,INF_kr,INF_sk,SUP_avg,SUP_sd,SUP_r1,SUP_kr,SUP_sk,INC_avg,INC_sd,INC_r1,INC_kr,INC_sk,IND_avg,IND_sd,IND_r1,IND_kr,IND_sk
291,0.2160000000,0.0557135531,-0.1844863732,2.1905090870,-0.6261779404,0.3440000000,0.0542586399,0.2986425339,2.3638941399,0.7500308204,0.4400000000,0.0606630036,-0.5714285714,2.1219281664,-0.3870276692,0.4400000000,0.0606630036,-0.5714285714,2.1219281664,-0.3870276692
