Instance,INF_avg,INF_sd,INF_r1,INF_kr,INF_sk,SUP_avg,SUP_sd,SUP_r1,SUP_kr,SUP_sk,INC_avg,INC_sd,INC_r1,INC_kr,INC_sk,IND_avg,IND_sd,IND_r1,IND_kr,IND_sk
474,0.2681500000,0.0392087682,0.2243559348,3.5411255845,-0.2746956276,0.2317000000,0.0378432292,0.2402963659,2.9444930787,0.2974190905,0.5001500000,0.0373326600,0.0368961302,4.1709628427,-0.5058167266,0.5001500000,0.0373326600,0.0368961302,4.1709628427,-0.5058167266
