Instance,INF_avg,INF_sd,INF_r1,INF_kr,INF_sk,SUP_avg,SUP_sd,SUP_r1,SUP_kr,SUP_sk,INC_avg,INC_sd,INC_r1,INC_kr,INC_sk,IND_avg,IND_sd,IND_r1,IND_kr,IND_sk
388,0.2310000000,0.1383437747,-0.0180132061,2.2366450516,0.2267130174,0.2410000000,0.1334878272,0.0488751824,2.2022135613,0.0543769169,0.5280000000,0.1581644714,0.0065642574,2.8626374228,0.3075092142,0.5280000000,0.1581644714,0.0065642574,2.8626374228,0.3075092142
