Instance,INF_avg,INF_sd,INF_r1,INF_kr,INF_sk,SUP_avg,SUP_sd,SUP_r1,SUP_kr,SUP_sk,INC_avg,INC_sd,INC_r1,INC_kr,INC_sk,IND_avg,IND_sd,IND_r1,IND_kr,IND_sk
229,0.2666000000,0.0235253055,0.3515147432,2.4698883113,-0.3303117641,0.2234000000,0.0238629420,-0.2096785533,2.5694730841,-0.4836873373,0.5100000000,0.0316859590,0.0900000000,2.2093895335,-0.1433389680,0.5100000000,0.0316859590,0.0900000000,2.2093895335,-0.1433389680
