Instance,INF_avg,INF_sd,INF_r1,INF_kr,INF_sk,SUP_avg,SUP_sd,SUP_r1,SUP_kr,SUP_sk,INC_avg,INC_sd,INC_r1,INC_kr,INC_sk,IND_avg,IND_sd,IND_r1,IND_kr,IND_sk
416,0.2700000000,0.1029563014,-0.0321969697,2.2821288715,0.6927284075,0.2150000000,0.0950000000,-0.6230051189,1.7705281574,-0.2589298732,0.5150000000,0.0838152731,-0.4918591443,2.9485062246,0.7948338607,0.5150000000,0.0838152731,-0.4918591443,2.9485062246,0.7948338607
