Instance,INF_avg,INF_sd,INF_r1,INF_kr,INF_sk,SUP_avg,SUP_sd,SUP_r1,SUP_kr,SUP_sk,INC_avg,INC_sd,INC_r1,INC_kr,INC_sk,IND_avg,IND_sd,IND_r1,IND_kr,IND_sk
170,0.2556000000,0.0398075370,-0.2787788395,2.5855018762,0.3830405244,0.2668000000,0.0386491915,0.2182745309,3.1645476889,0.3889112510,0.4776000000,0.0523281951,0.1961992327,2.1103874520,-0.1286287508,0.4776000000,0.0523281951,0.1961992327,2.1103874520,-0.1286287508
