Instance,INF_avg,INF_sd,INF_r1,INF_kr,INF_sk,SUP_avg,SUP_sd,SUP_r1,SUP_kr,SUP_sk,INC_avg,INC_sd,INC_r1,INC_kr,INC_sk,IND_avg,IND_sd,IND_r1,IND_kr,IND_sk
154,0.2554000000,0.0600569730,0.0283396870,2.3650194842,0.0710553960,0.2336000000,0.0581639063,0.0090079011,3.3729126431,0.3111056379,0.5110000000,0.0683154448,0.1354634079,3.6589803566,0.3335276063,0.5110000000,0.0683154448,0.1354634079,3.6589803566,0.3335276063
