Instance,INF_avg,INF_sd,INF_r1,INF_kr,INF_sk,SUP_avg,SUP_sd,SUP_r1,SUP_kr,SUP_sk,INC_avg,INC_sd,INC_r1,INC_kr,INC_sk,IND_avg,IND_sd,IND_r1,IND_kr,IND_sk
8,0.2610000000,0.1240120962,-0.0233152106,2.3961792419,-0.0793516287,0.2450000000,0.1299038106,0.0239877586,2.8449119342,0.3287902866,0.4940000000,0.1347738847,-0.0909812072,4.5280006514,-0.4790916118,0.4940000000,0.1347738847,-0.0909812072,4.5280006514,-0.4790916118
