Instance,INF_avg,INF_sd,INF_r1,INF_kr,INF_sk,SUP_avg,SUP_sd,SUP_r1,SUP_kr,SUP_sk,INC_avg,INC_sd,INC_r1,INC_kr,INC_sk,IND_avg,IND_sd,IND_r1,IND_kr,IND_sk
349,0.2440000000,0.1168931136,0.5625094558,1.5470687603,0.1447307910,0.2160000000,0.1286234815,-0.0626174577,2.7954592220,0.7151456719,0.5400000000,0.1574801575,0.1364812419,2.0515088450,0.2458066974,0.5400000000,0.1574801575,0.1364812419,2.0515088450,0.2458066974
