Instance,INF_avg,INF_sd,INF_r1,INF_kr,INF_sk,SUP_avg,SUP_sd,SUP_r1,SUP_kr,SUP_sk,INC_avg,INC_sd,INC_r1,INC_kr,INC_sk,IND_avg,IND_sd,IND_r1,IND_kr,IND_sk
146,0.2600000000,0.1496662955,-1.0720720721,2.1339285714,-0.7301958931,0.2200000000,0.0748331477,-1.0588235294,1.8469387755,-0.3436215967,0.5200000000,0.2227105745,-1.1042471042,2.0793444329,0.6170311183,0.5200000000,0.2227105745,-1.1042471042,2.0793444329,0.6170311183
