Instance,INF_avg,INF_sd,INF_r1,INF_kr,INF_sk,SUP_avg,SUP_sd,SUP_r1,SUP_kr,SUP_sk,INC_avg,INC_sd,INC_r1,INC_kr,INC_sk,IND_avg,IND_sd,IND_r1,IND_kr,IND_sk
219,0.2310000000,0.0994434513,0.0110455452,2.6986325133,0.4861031154,0.2640000000,0.0916733331,-0.0134327764,3.4799382720,-0.1437029325,0.5050000000,0.1154339638,-0.1787100908,2.2253624744,0.0243798170,0.5050000000,0.1154339638,-0.1787100908,2.2253624744,0.0243798170
