Instance,INF_avg,INF_sd,INF_r1,INF_kr,INF_sk,SUP_avg,SUP_sd,SUP_r1,SUP_kr,SUP_sk,INC_avg,INC_sd,INC_r1,INC_kr,INC_sk,IND_avg,IND_sd,IND_r1,IND_kr,IND_sk
136,0.2590000000,0.0617494939,0.7270645961,2.2781285936,-0.1852616183,0.2978000000,0.0607384557,0.1364341442,3.2288571277,0.3808525275,0.4432000000,0.0512811856,0.1532510912,2.0583147545,0.1592909707,0.4432000000,0.0512811856,0.1532510912,2.0583147545,0.1592909707
