Instance,INF_avg,INF_sd,INF_r1,INF_kr,INF_sk,SUP_avg,SUP_sd,SUP_r1,SUP_kr,SUP_sk,INC_avg,INC_sd,INC_r1,INC_kr,INC_sk,IND_avg,IND_sd,IND_r1,IND_kr,IND_sk
472,0.2430000000,0.0913838060,-0.0961605938,2.5766340082,0.2761122442,0.2495000000,0.1006218167,0.0990319792,2.7154293212,0.1535549109,0.5075000000,0.1166994002,-0.0222828809,2.4168597112,-0.0821706120,0.5075000000,0.1166994002,-0.0222828809,2.4168597112,-0.0821706120
