Instance,INF_avg,INF_sd,INF_r1,INF_kr,INF_sk,SUP_avg,SUP_sd,SUP_r1,SUP_kr,SUP_sk,INC_avg,INC_sd,INC_r1,INC_kr,INC_sk,IND_avg,IND_sd,IND_r1,IND_kr,IND_sk
110,0.2380000000,0.0357770876,-0.0443362378,1.6899218750,0.1635124709,0.2568000000,0.0346086694,0.1308423464,3.4840288924,0.5020462764,0.5052000000,0.0303473228,0.0109226709,2.4128942286,0.0834535585,0.5052000000,0.0303473228,0.0109226709,2.4128942286,0.0834535585
