Instance,INF_avg,INF_sd,INF_r1,INF_kr,INF_sk,SUP_avg,SUP_sd,SUP_r1,SUP_kr,SUP_sk,INC_avg,INC_sd,INC_r1,INC_kr,INC_sk,IND_avg,IND_sd,IND_r1,IND_kr,IND_sk
11,0.2530000000,0.0287402157,-0.6686268744,1.3609184553,0.4534230752,0.2590000000,0.0162480768,-0.1420500404,2.7980371901,1.1931482023,0.4880000000,0.0229346899,-0.9601040763,1.2914817331,0.1835265921,0.4880000000,0.0229346899,-0.9601040763,1.2914817331,0.1835265921
