Instance,INF_avg,INF_sd,INF_r1,INF_kr,INF_sk,SUP_avg,SUP_sd,SUP_r1,SUP_kr,SUP_sk,INC_avg,INC_sd,INC_r1,INC_kr,INC_sk,IND_avg,IND_sd,IND_r1,IND_kr,IND_sk
41,0.2320000000,0.0271293199,-0.1445783133,2.3638941399,0.7500308204,0.2360000000,0.0527636238,-0.1214953271,2.3953626635,-0.9593861448,0.5320000000,0.0271293199,-0.1538461538,2.3638941399,0.7500308204,0.5320000000,0.0271293199,-0.1538461538,2.3638941399,0.7500308204
