Instance,INF_avg,INF_sd,INF_r1,INF_kr,INF_sk,SUP_avg,SUP_sd,SUP_r1,SUP_kr,SUP_sk,INC_avg,INC_sd,INC_r1,INC_kr,INC_sk,IND_avg,IND_sd,IND_r1,IND_kr,IND_sk
229,0.4087234043,0.1100699395,0.7297578457,2.5094830934,-0.4657755055,0.1065957447,0.0682541120,0.7777207508,2.7369976191,0.6971075200,0.4846808511,0.0719589441,0.3290434835,3.0681455555,0.4125951800,0.4846808511,0.0719589441,0.3290434835,3.0681455555,0.4125951800
