Instance,INF_avg,INF_sd,INF_r1,INF_kr,INF_sk,SUP_avg,SUP_sd,SUP_r1,SUP_kr,SUP_sk,INC_avg,INC_sd,INC_r1,INC_kr,INC_sk,IND_avg,IND_sd,IND_r1,IND_kr,IND_sk
371,0.2500000000,0.1140175425,0.0909090909,1.4349112426,0.0000000000,0.2700000000,0.0927361850,-0.1619718310,1.5091941590,0.1579875514,0.4800000000,0.0927361850,-0.2568306011,2.4826933478,0.9704949588,0.4800000000,0.0927361850,-0.2568306011,2.4826933478,0.9704949588
