Instance,INF_avg,INF_sd,INF_r1,INF_kr,INF_sk,SUP_avg,SUP_sd,SUP_r1,SUP_kr,SUP_sk,INC_avg,INC_sd,INC_r1,INC_kr,INC_sk,IND_avg,IND_sd,IND_r1,IND_kr,IND_sk
66,0.2462000000,0.0632262604,-0.0684854039,2.8517159160,0.0565262612,0.2378000000,0.0625392677,-0.0259129949,3.2016197907,0.5454771616,0.5160000000,0.0738647413,-0.0736709306,2.3089240719,0.1788955870,0.5160000000,0.0738647413,-0.0736709306,2.3089240719,0.1788955870
