Instance,INF_avg,INF_sd,INF_r1,INF_kr,INF_sk,SUP_avg,SUP_sd,SUP_r1,SUP_kr,SUP_sk,INC_avg,INC_sd,INC_r1,INC_kr,INC_sk,IND_avg,IND_sd,IND_r1,IND_kr,IND_sk
111,0.2562500000,0.1694430214,0.0670434113,2.6936276551,0.7018794309,0.2812500000,0.1379254781,0.0178602393,3.3544223739,0.0530373008,0.4625000000,0.1964529206,-0.0747750543,2.9836417578,-0.3106718316,0.4625000000,0.1964529206,-0.0747750543,2.9836417578,-0.3106718316
