Instance,INF_avg,INF_sd,INF_r1,INF_kr,INF_sk,SUP_avg,SUP_sd,SUP_r1,SUP_kr,SUP_sk,INC_avg,INC_sd,INC_r1,INC_kr,INC_sk,IND_avg,IND_sd,IND_r1,IND_kr,IND_sk
180,0.1900000000,0.0489897949,-0.0119047619,2.7291666667,-0.8675276172,0.3600000000,0.0663324958,-0.5656565657,2.2169421488,-0.3700366502,0.4500000000,0.0316227766,-1.0000000000,2.5000000000,-0.0000000000,0.4500000000,0.0316227766,-1.0000000000,2.5000000000,-0.0000000000
