Instance,INF_avg,INF_sd,INF_r1,INF_kr,INF_sk,SUP_avg,SUP_sd,SUP_r1,SUP_kr,SUP_sk,INC_avg,INC_sd,INC_r1,INC_kr,INC_sk,IND_avg,IND_sd,IND_r1,IND_kr,IND_sk
397,0.2200000000,0.1077032961,0.0484429066,2.0535077289,0.5570860145,0.2800000000,0.1600000000,-0.4643545279,2.3344726562,0.7675781250,0.5000000000,0.1549193338,-0.2000000000,1.4583333333,-0.1613743061,0.5000000000,0.1549193338,-0.2000000000,1.4583333333,-0.1613743061
