Instance,INF_avg,INF_sd,INF_r1,INF_kr,INF_sk,SUP_avg,SUP_sd,SUP_r1,SUP_kr,SUP_sk,INC_avg,INC_sd,INC_r1,INC_kr,INC_sk,IND_avg,IND_sd,IND_r1,IND_kr,IND_sk
155,0.2326000000,0.0334998507,0.0408599030,2.1409653198,0.4084054813,0.2566000000,0.0300905301,0.1228598872,2.1956426047,-0.0392806511,0.5108000000,0.0370588721,0.2211298153,2.2314073795,0.1619686816,0.5108000000,0.0370588721,0.2211298153,2.2314073795,0.1619686816
