Instance,INF_avg,INF_sd,INF_r1,INF_kr,INF_sk,SUP_avg,SUP_sd,SUP_r1,SUP_kr,SUP_sk,INC_avg,INC_sd,INC_r1,INC_kr,INC_sk,IND_avg,IND_sd,IND_r1,IND_kr,IND_sk
199,0.2360000000,0.1410815367,-0.1771760653,2.7365386007,0.5426156849,0.2640000000,0.1367625680,-0.1281673491,2.3382176134,0.0573446421,0.5000000000,0.1400000000,0.1224489796,2.6343190337,0.1749271137,0.5000000000,0.1400000000,0.1224489796,2.6343190337,0.1749271137
