Instance,INF_avg,INF_sd,INF_r1,INF_kr,INF_sk,SUP_avg,SUP_sd,SUP_r1,SUP_kr,SUP_sk,INC_avg,INC_sd,INC_r1,INC_kr,INC_sk,IND_avg,IND_sd,IND_r1,IND_kr,IND_sk
164,0.2600000000,0.1854723699,-0.1971830986,1.5091941590,-0.1579875514,0.2800000000,0.1720465053,-0.0632183908,1.9945215486,-0.3958703373,0.4600000000,0.2059126028,-0.6709844560,2.2821288715,-0.6927284075,0.4600000000,0.2059126028,-0.6709844560,2.2821288715,-0.6927284075
