Instance,INF_avg,INF_sd,INF_r1,INF_kr,INF_sk,SUP_avg,SUP_sd,SUP_r1,SUP_kr,SUP_sk,INC_avg,INC_sd,INC_r1,INC_kr,INC_sk,IND_avg,IND_sd,IND_r1,IND_kr,IND_sk
75,0.2376000000,0.0368543078,0.2234745176,2.9956465111,0.0470094540,0.2234000000,0.0493400446,0.3573060273,3.2284585758,-0.2611704886,0.5390000000,0.0509215082,0.2362846027,3.0377791881,0.0354439470,0.5390000000,0.0509215082,0.2362846027,3.0377791881,0.0354439470
