Instance,INF_avg,INF_sd,INF_r1,INF_kr,INF_sk,SUP_avg,SUP_sd,SUP_r1,SUP_kr,SUP_sk,INC_avg,INC_sd,INC_r1,INC_kr,INC_sk,IND_avg,IND_sd,IND_r1,IND_kr,IND_sk
419,0.3441000000,0.0669528939,0.6104571866,3.3911367620,-0.7164701157,0.2830000000,0.0405832478,0.4449918497,2.9245833071,0.2167843800,0.3729000000,0.0538617675,0.5810637256,3.0245969786,0.8143823822,0.3729000000,0.0538617675,0.5810637256,3.0245969786,0.8143823822
