Instance,INF_avg,INF_sd,INF_r1,INF_kr,INF_sk,SUP_avg,SUP_sd,SUP_r1,SUP_kr,SUP_sk,INC_avg,INC_sd,INC_r1,INC_kr,INC_sk,IND_avg,IND_sd,IND_r1,IND_kr,IND_sk
310,0.2400000000,0.1624807681,-0.1993769470,2.2685950413,0.1790421687,0.1800000000,0.0400000000,-0.0526315789,3.2500000000,-1.5000000000,0.5800000000,0.1720465053,-0.3700564972,1.9945215486,-0.3958703373,0.5800000000,0.1720465053,-0.3700564972,1.9945215486,-0.3958703373
