Instance,INF_avg,INF_sd,INF_r1,INF_kr,INF_sk,SUP_avg,SUP_sd,SUP_r1,SUP_kr,SUP_sk,INC_avg,INC_sd,INC_r1,INC_kr,INC_sk,IND_avg,IND_sd,IND_r1,IND_kr,IND_sk
484,0.2640000000,0.0662117814,0.2376490630,2.6655921999,-1.0688992367,0.2880000000,0.0370944740,-0.4890710383,2.4826933478,-0.9704949588,0.4480000000,0.0733212111,-0.2249163880,2.5245535714,0.7998075352,0.4480000000,0.0733212111,-0.2249163880,2.5245535714,0.7998075352
