Instance,INF_avg,INF_sd,INF_r1,INF_kr,INF_sk,SUP_avg,SUP_sd,SUP_r1,SUP_kr,SUP_sk,INC_avg,INC_sd,INC_r1,INC_kr,INC_sk,IND_avg,IND_sd,IND_r1,IND_kr,IND_sk
385,0.2184000000,0.0578051901,-0.0807810357,2.4486909403,0.3878954669,0.2196000000,0.0607275885,-0.2967302233,2.1210724141,-0.0109599831,0.5620000000,0.0705691151,-0.2001188727,2.6998229061,-0.3395457880,0.5620000000,0.0705691151,-0.2001188727,2.6998229061,-0.3395457880
