Instance,INF_avg,INF_sd,INF_r1,INF_kr,INF_sk,SUP_avg,SUP_sd,SUP_r1,SUP_kr,SUP_sk,INC_avg,INC_sd,INC_r1,INC_kr,INC_sk,IND_avg,IND_sd,IND_r1,IND_kr,IND_sk
356,0.2611111111,0.1099943882,0.2490831296,2.6528790087,-0.2832034812,0.1833333333,0.1105541597,-0.0254545455,1.8533057851,-0.1918708556,0.5555555556,0.1342560664,0.3621904570,2.2144984988,-0.3595267362,0.5555555556,0.1342560664,0.3621904570,2.2144984988,-0.3595267362
