Instance,INF_avg,INF_sd,INF_r1,INF_kr,INF_sk,SUP_avg,SUP_sd,SUP_r1,SUP_kr,SUP_sk,INC_avg,INC_sd,INC_r1,INC_kr,INC_sk,IND_avg,IND_sd,IND_r1,IND_kr,IND_sk
316,0.2920000000,0.0266833281,-0.2634861767,3.2331697387,-0.1279046351,0.3056000000,0.0335356527,-0.3125058138,3.5822836912,0.6912385313,0.4024000000,0.0311807633,-0.1890318700,3.2498790162,-0.3798080692,0.4024000000,0.0311807633,-0.1890318700,3.2498790162,-0.3798080692
