Instance,INF_avg,INF_sd,INF_r1,INF_kr,INF_sk,SUP_avg,SUP_sd,SUP_r1,SUP_kr,SUP_sk,INC_avg,INC_sd,INC_r1,INC_kr,INC_sk,IND_avg,IND_sd,IND_r1,IND_kr,IND_sk
211,0.2120000000,0.0803492377,-0.4133580601,2.7797593547,0.2426211418,0.2820000000,0.0904212364,-0.2856442234,2.7899402959,-0.1456327957,0.5060000000,0.0886791971,-0.0289524514,2.2484944980,0.1193507282,0.5060000000,0.0886791971,-0.0289524514,2.2484944980,0.1193507282
