Instance,INF_avg,INF_sd,INF_r1,INF_kr,INF_sk,SUP_avg,SUP_sd,SUP_r1,SUP_kr,SUP_sk,INC_avg,INC_sd,INC_r1,INC_kr,INC_sk,IND_avg,IND_sd,IND_r1,IND_kr,IND_sk
476,0.3130000000,0.1161077086,-0.1834079512,3.5661925178,0.5076154002,0.1840000000,0.0880000000,0.0971970657,2.6205203922,0.4267350676,0.5030000000,0.1036387958,-0.1768650238,2.8094638025,0.1624205435,0.5030000000,0.1036387958,-0.1768650238,2.8094638025,0.1624205435
