Instance,INF_avg,INF_sd,INF_r1,INF_kr,INF_sk,SUP_avg,SUP_sd,SUP_r1,SUP_kr,SUP_sk,INC_avg,INC_sd,INC_r1,INC_kr,INC_sk,IND_avg,IND_sd,IND_r1,IND_kr,IND_sk
504,0.1780000000,0.0498598034,-0.1036774076,1.9003866544,0.1514625022,0.3170000000,0.0738647413,0.4047917712,1.6017735324,0.4094380442,0.5050000000,0.0450555213,0.2410256410,1.5691353830,0.4870837618,0.5050000000,0.0450555213,0.2410256410,1.5691353830,0.4870837618
