Instance,INF_avg,INF_sd,INF_r1,INF_kr,INF_sk,SUP_avg,SUP_sd,SUP_r1,SUP_kr,SUP_sk,INC_avg,INC_sd,INC_r1,INC_kr,INC_sk,IND_avg,IND_sd,IND_r1,IND_kr,IND_sk
373,0.2490000000,0.0396106046,0.3353248693,2.7913420515,-0.2734072861,0.2090000000,0.0378021163,0.0823450248,1.7899625913,-0.0890793984,0.5420000000,0.0357211422,0.1798005790,2.7512209982,-1.1246994389,0.5420000000,0.0357211422,0.1798005790,2.7512209982,-1.1246994389
