Instance,INF_avg,INF_sd,INF_r1,INF_kr,INF_sk,SUP_avg,SUP_sd,SUP_r1,SUP_kr,SUP_sk,INC_avg,INC_sd,INC_r1,INC_kr,INC_sk,IND_avg,IND_sd,IND_r1,IND_kr,IND_sk
287,0.2350000000,0.0807774721,-0.3822725498,1.8927643458,-0.0768394503,0.2800000000,0.0600000000,-0.3513513514,2.4398148148,0.4583333333,0.4850000000,0.1073545528,-0.2643959814,2.7166115349,0.3309729531,0.4850000000,0.1073545528,-0.2643959814,2.7166115349,0.3309729531
