Instance,INF_avg,INF_sd,INF_r1,INF_kr,INF_sk,SUP_avg,SUP_sd,SUP_r1,SUP_kr,SUP_sk,INC_avg,INC_sd,INC_r1,INC_kr,INC_sk,IND_avg,IND_sd,IND_r1,IND_kr,IND_sk
391,0.2150000000,0.0923309266,-0.5466039400,1.7101418116,0.1276804722,0.2400000000,0.0734846923,-0.5843023256,2.1954732510,-0.4082482905,0.5450000000,0.0934077085,-0.2574139976,1.7988111756,0.2374284820,0.5450000000,0.0934077085,-0.2574139976,1.7988111756,0.2374284820
