Instance,INF_avg,INF_sd,INF_r1,INF_kr,INF_sk,SUP_avg,SUP_sd,SUP_r1,SUP_kr,SUP_sk,INC_avg,INC_sd,INC_r1,INC_kr,INC_sk,IND_avg,IND_sd,IND_r1,IND_kr,IND_sk
431,0.3240000000,0.1162067124,-0.7992193218,1.8905291885,0.1668867876,0.2480000000,0.0370944740,-0.1713286713,1.5091941590,0.1579875514,0.4280000000,0.0976524449,-0.9849041208,1.6059299131,-0.2944286533,0.4280000000,0.0976524449,-0.9849041208,1.6059299131,-0.2944286533
