Instance,INF_avg,INF_sd,INF_r1,INF_kr,INF_sk,SUP_avg,SUP_sd,SUP_r1,SUP_kr,SUP_sk,INC_avg,INC_sd,INC_r1,INC_kr,INC_sk,IND_avg,IND_sd,IND_r1,IND_kr,IND_sk
261,0.2560000000,0.0392937654,0.6688741722,1.9273134849,0.3987501228,0.2540000000,0.0332264955,0.1781874040,2.1472904852,-0.3192842191,0.4900000000,0.0357770876,0.1904761905,1.6455078125,0.0786117648,0.4900000000,0.0357770876,0.1904761905,1.6455078125,0.0786117648
