Instance,INF_avg,INF_sd,INF_r1,INF_kr,INF_sk,SUP_avg,SUP_sd,SUP_r1,SUP_kr,SUP_sk,INC_avg,INC_sd,INC_r1,INC_kr,INC_sk,IND_avg,IND_sd,IND_r1,IND_kr,IND_sk
274,0.2900000000,0.0860232527,0.1051136364,1.9945215486,-0.3958703373,0.2250000000,0.0680073525,-0.1232876712,1.1869978086,-0.0000000000,0.4850000000,0.0807774721,-0.0894181960,1.8223014929,0.0654558280,0.4850000000,0.0807774721,-0.0894181960,1.8223014929,0.0654558280
