Instance,INF_avg,INF_sd,INF_r1,INF_kr,INF_sk,SUP_avg,SUP_sd,SUP_r1,SUP_kr,SUP_sk,INC_avg,INC_sd,INC_r1,INC_kr,INC_sk,IND_avg,IND_sd,IND_r1,IND_kr,IND_sk
144,0.2750000000,0.0192353841,0.2857142857,1.5796201607,-0.5058245626,0.2190000000,0.0128062485,0.1223404255,1.6140690065,-0.2056922718,0.5060000000,0.0231084400,0.3881644935,2.0798510289,0.5285291061,0.5060000000,0.0231084400,0.3881644935,2.0798510289,0.5285291061
