Instance,INF_avg,INF_sd,INF_r1,INF_kr,INF_sk,SUP_avg,SUP_sd,SUP_r1,SUP_kr,SUP_sk,INC_avg,INC_sd,INC_r1,INC_kr,INC_sk,IND_avg,IND_sd,IND_r1,IND_kr,IND_sk
444,0.2590000000,0.0998448797,0.1137828834,3.3968238343,0.3542540038,0.2860000000,0.1077218641,0.1735048732,3.1313236851,-0.2239095920,0.4550000000,0.1025914226,0.1530536741,3.0124463301,0.2820032674,0.4550000000,0.1025914226,0.1530536741,3.0124463301,0.2820032674
