Instance,INF_avg,INF_sd,INF_r1,INF_kr,INF_sk,SUP_avg,SUP_sd,SUP_r1,SUP_kr,SUP_sk,INC_avg,INC_sd,INC_r1,INC_kr,INC_sk,IND_avg,IND_sd,IND_r1,IND_kr,IND_sk
201,0.2462000000,0.0589199457,0.6594868305,2.0563092517,-0.1342954425,0.2852000000,0.0733277574,0.5003305950,2.3172606993,0.1844849824,0.4686000000,0.0625143184,0.2570263235,2.3588047492,-0.3037286920,0.4686000000,0.0625143184,0.2570263235,2.3588047492,-0.3037286920
