Instance,INF_avg,INF_sd,INF_r1,INF_kr,INF_sk,SUP_avg,SUP_sd,SUP_r1,SUP_kr,SUP_sk,INC_avg,INC_sd,INC_r1,INC_kr,INC_sk,IND_avg,IND_sd,IND_r1,IND_kr,IND_sk
283,0.2600000000,0.0334664011,-0.3000000000,1.2755102041,0.2561204163,0.2480000000,0.0203960781,-0.9135802469,1.9556213018,0.2715454179,0.4920000000,0.0299332591,-0.1254612546,2.1339285714,-0.7301958931,0.4920000000,0.0299332591,-0.1254612546,2.1339285714,-0.7301958931
