Instance,INF_avg,INF_sd,INF_r1,INF_kr,INF_sk,SUP_avg,SUP_sd,SUP_r1,SUP_kr,SUP_sk,INC_avg,INC_sd,INC_r1,INC_kr,INC_sk,IND_avg,IND_sd,IND_r1,IND_kr,IND_sk
120,0.2888000000,0.0580565242,0.4038641210,2.6452675230,0.1668808446,0.2496000000,0.0505553162,-0.1252715028,2.0130124514,0.4357751391,0.4616000000,0.0529664044,0.2427832560,2.9775869760,0.4401911337,0.4616000000,0.0529664044,0.2427832560,2.9775869760,0.4401911337
