Instance,INF_avg,INF_sd,INF_r1,INF_kr,INF_sk,SUP_avg,SUP_sd,SUP_r1,SUP_kr,SUP_sk,INC_avg,INC_sd,INC_r1,INC_kr,INC_sk,IND_avg,IND_sd,IND_r1,IND_kr,IND_sk
110,0.2560000000,0.1298614646,-0.0693633290,2.3306235575,0.2243085148,0.2710000000,0.1416297991,-0.0118083089,3.2199233235,0.5841428922,0.4730000000,0.1586537110,-0.0870416167,2.4088104190,-0.0329202212,0.4730000000,0.1586537110,-0.0870416167,2.4088104190,-0.0329202212
