Instance,INF_avg,INF_sd,INF_r1,INF_kr,INF_sk,SUP_avg,SUP_sd,SUP_r1,SUP_kr,SUP_sk,INC_avg,INC_sd,INC_r1,INC_kr,INC_sk,IND_avg,IND_sd,IND_r1,IND_kr,IND_sk
333,0.3160000000,0.1092886087,-0.3915775889,2.6432418040,-0.5266109558,0.2000000000,0.0969535971,-0.3111111111,2.3030783160,0.5925185883,0.4840000000,0.1205985075,-0.5204578727,2.9004972279,-0.1697802730,0.4840000000,0.1205985075,-0.5204578727,2.9004972279,-0.1697802730
