Instance,INF_avg,INF_sd,INF_r1,INF_kr,INF_sk,SUP_avg,SUP_sd,SUP_r1,SUP_kr,SUP_sk,INC_avg,INC_sd,INC_r1,INC_kr,INC_sk,IND_avg,IND_sd,IND_r1,IND_kr,IND_sk
269,0.3020000000,0.0974474217,0.2544103523,2.7819316820,0.4949594161,0.2960000000,0.1224091500,0.0413899980,2.3047329502,-0.0545901006,0.4020000000,0.0974474217,-0.1926066060,3.1452292421,0.5273792060,0.4020000000,0.0974474217,-0.1926066060,3.1452292421,0.5273792060
