Instance,INF_avg,INF_sd,INF_r1,INF_kr,INF_sk,SUP_avg,SUP_sd,SUP_r1,SUP_kr,SUP_sk,INC_avg,INC_sd,INC_r1,INC_kr,INC_sk,IND_avg,IND_sd,IND_r1,IND_kr,IND_sk
447,0.2140000000,0.0829698741,0.2215568862,2.6087075572,0.3812000867,0.2680000000,0.0881816307,0.2174184161,2.2462785145,-0.1982440258,0.5180000000,0.0887468309,-0.4594511728,1.6335518980,0.1832181533,0.5180000000,0.0887468309,-0.4594511728,1.6335518980,0.1832181533
