Instance,INF_avg,INF_sd,INF_r1,INF_kr,INF_sk,SUP_avg,SUP_sd,SUP_r1,SUP_kr,SUP_sk,INC_avg,INC_sd,INC_r1,INC_kr,INC_sk,IND_avg,IND_sd,IND_r1,IND_kr,IND_sk
8,0.2800000000,0.0282842712,-0.5000000000,1.7000000000,-0.0000000000,0.2760000000,0.0598665182,-0.0162002946,1.5061383929,0.0590599619,0.4440000000,0.0387814389,0.1117478510,1.5439112721,0.0460847791,0.4440000000,0.0387814389,0.1117478510,1.5439112721,0.0460847791
