Instance,INF_avg,INF_sd,INF_r1,INF_kr,INF_sk,SUP_avg,SUP_sd,SUP_r1,SUP_kr,SUP_sk,INC_avg,INC_sd,INC_r1,INC_kr,INC_sk,IND_avg,IND_sd,IND_r1,IND_kr,IND_sk
225,0.3886320755,0.0819529692,0.7688106220,2.1169344880,0.0007709743,0.1138207547,0.0759516725,0.9101375870,2.0638483931,0.4817608126,0.4975471698,0.0366475133,-0.0298750567,2.6546257166,-0.1029023234,0.4975471698,0.0366475133,-0.0298750567,2.6546257166,-0.1029023234
