Instance,INF_avg,INF_sd,INF_r1,INF_kr,INF_sk,SUP_avg,SUP_sd,SUP_r1,SUP_kr,SUP_sk,INC_avg,INC_sd,INC_r1,INC_kr,INC_sk,IND_avg,IND_sd,IND_r1,IND_kr,IND_sk
345,0.2480000000,0.0671714225,-0.0927010427,2.5525124491,0.7728717316,0.2912000000,0.0577110041,0.0807738890,2.8289542249,-0.3963985176,0.4608000000,0.0651103678,0.0676272200,2.8646396722,-0.2165553731,0.4608000000,0.0651103678,0.0676272200,2.8646396722,-0.2165553731
