Instance,INF_avg,INF_sd,INF_r1,INF_kr,INF_sk,SUP_avg,SUP_sd,SUP_r1,SUP_kr,SUP_sk,INC_avg,INC_sd,INC_r1,INC_kr,INC_sk,IND_avg,IND_sd,IND_r1,IND_kr,IND_sk
245,0.2980000000,0.1318938968,0.1043901622,5.6451422430,1.2396929417,0.2300000000,0.1187434209,0.0772746750,2.3206579146,0.3368607684,0.4720000000,0.1265543362,-0.0624787504,3.2400137325,-0.2332159167,0.4720000000,0.1265543362,-0.0624787504,3.2400137325,-0.2332159167
