Instance,INF_avg,INF_sd,INF_r1,INF_kr,INF_sk,SUP_avg,SUP_sd,SUP_r1,SUP_kr,SUP_sk,INC_avg,INC_sd,INC_r1,INC_kr,INC_sk,IND_avg,IND_sd,IND_r1,IND_kr,IND_sk
307,0.2604000000,0.0543308384,-0.0191212613,2.9584238068,-0.3922176308,0.2112000000,0.0499855979,-0.1377226745,3.2486812076,0.2594517821,0.5284000000,0.0685962098,0.0103818983,5.8491818180,-0.8882022511,0.5284000000,0.0685962098,0.0103818983,5.8491818180,-0.8882022511
