Instance,INF_avg,INF_sd,INF_r1,INF_kr,INF_sk,SUP_avg,SUP_sd,SUP_r1,SUP_kr,SUP_sk,INC_avg,INC_sd,INC_r1,INC_kr,INC_sk,IND_avg,IND_sd,IND_r1,IND_kr,IND_sk
407,0.5564197531,0.1242837121,0.9028548641,2.2468795305,-0.4795440322,0.0709259259,0.0634215327,0.8406896833,4.3134192930,1.4029265953,0.3726543210,0.0724742884,0.7359614563,2.1747707459,0.1554260119,0.3726543210,0.0724742884,0.7359614563,2.1747707459,0.1554260119
