Instance,INF_avg,INF_sd,INF_r1,INF_kr,INF_sk,SUP_avg,SUP_sd,SUP_r1,SUP_kr,SUP_sk,INC_avg,INC_sd,INC_r1,INC_kr,INC_sk,IND_avg,IND_sd,IND_r1,IND_kr,IND_sk
371,0.2239000000,0.0306151923,0.0466571117,2.2942217857,0.1837194768,0.2398000000,0.0310154800,0.1612902957,1.9128008624,0.1664848532,0.5363000000,0.0386368995,0.1320350672,2.5526021469,0.2452140222,0.5363000000,0.0386368995,0.1320350672,2.5526021469,0.2452140222
