Instance,INF_avg,INF_sd,INF_r1,INF_kr,INF_sk,SUP_avg,SUP_sd,SUP_r1,SUP_kr,SUP_sk,INC_avg,INC_sd,INC_r1,INC_kr,INC_sk,IND_avg,IND_sd,IND_r1,IND_kr,IND_sk
418,0.2900000000,0.0419523539,-0.2380952381,2.0170454545,-0.5363227065,0.2520000000,0.0271293199,-0.4932126697,2.3638941399,0.7500308204,0.4580000000,0.0370944740,0.0581309787,1.8818618172,0.6516986497,0.4580000000,0.0370944740,0.0581309787,1.8818618172,0.6516986497
