Instance,INF_avg,INF_sd,INF_r1,INF_kr,INF_sk,SUP_avg,SUP_sd,SUP_r1,SUP_kr,SUP_sk,INC_avg,INC_sd,INC_r1,INC_kr,INC_sk,IND_avg,IND_sd,IND_r1,IND_kr,IND_sk
155,0.3120000000,0.1282809417,-0.0652634917,6.0796919538,1.2817940834,0.2140000000,0.1144727042,-0.1205425590,2.6074369261,0.2745827895,0.4740000000,0.1233855745,-0.2104498663,2.6612115616,-0.3673040483,0.4740000000,0.1233855745,-0.2104498663,2.6612115616,-0.3673040483
