Instance,INF_avg,INF_sd,INF_r1,INF_kr,INF_sk,SUP_avg,SUP_sd,SUP_r1,SUP_kr,SUP_sk,INC_avg,INC_sd,INC_r1,INC_kr,INC_sk,IND_avg,IND_sd,IND_r1,IND_kr,IND_sk
157,0.2520000000,0.0699714227,0.0391842871,2.0911908881,0.3666763050,0.2560000000,0.0952050419,-0.0611401916,2.8335293829,0.6276600247,0.4920000000,0.1197330364,-0.1400980271,2.8432987758,-0.4575748851,0.4920000000,0.1197330364,-0.1400980271,2.8432987758,-0.4575748851
