Instance,INF_avg,INF_sd,INF_r1,INF_kr,INF_sk,SUP_avg,SUP_sd,SUP_r1,SUP_kr,SUP_sk,INC_avg,INC_sd,INC_r1,INC_kr,INC_sk,IND_avg,IND_sd,IND_r1,IND_kr,IND_sk
92,0.2390000000,0.1057307902,0.0574885411,3.0202428837,-0.1668933368,0.2610000000,0.1427550349,0.1380758958,3.0852584724,0.3759315874,0.5000000000,0.1476482306,0.0909090909,3.3372611733,0.1491270741,0.5000000000,0.1476482306,0.0909090909,3.3372611733,0.1491270741
