Instance,INF_avg,INF_sd,INF_r1,INF_kr,INF_sk,SUP_avg,SUP_sd,SUP_r1,SUP_kr,SUP_sk,INC_avg,INC_sd,INC_r1,INC_kr,INC_sk,IND_avg,IND_sd,IND_r1,IND_kr,IND_sk
396,0.2080000000,0.0132664992,-0.0431654676,2.2169421488,0.3700366502,0.2640000000,0.0361109402,0.3729372937,2.5078286725,-0.6819475415,0.5280000000,0.0430813185,0.4992175274,2.7878455707,1.1724019250,0.5280000000,0.0430813185,0.4992175274,2.7878455707,1.1724019250
