Instance,INF_avg,INF_sd,INF_r1,INF_kr,INF_sk,SUP_avg,SUP_sd,SUP_r1,SUP_kr,SUP_sk,INC_avg,INC_sd,INC_r1,INC_kr,INC_sk,IND_avg,IND_sd,IND_r1,IND_kr,IND_sk
24,0.2880000000,0.0785875308,-0.9109947644,1.6615345378,-0.0427232274,0.1960000000,0.0407921561,0.0655105973,2.7045118343,-1.0013237284,0.5160000000,0.1022936948,-0.7023466447,2.4460202564,0.8333622768,0.5160000000,0.1022936948,-0.7023466447,2.4460202564,0.8333622768
