Instance,INF_avg,INF_sd,INF_r1,INF_kr,INF_sk,SUP_avg,SUP_sd,SUP_r1,SUP_kr,SUP_sk,INC_avg,INC_sd,INC_r1,INC_kr,INC_sk,IND_avg,IND_sd,IND_r1,IND_kr,IND_sk
366,0.2916666667,0.0996521729,0.1023063276,2.9926646780,0.1672484020,0.1708333333,0.1049966931,0.1715777067,2.1378957158,0.4138363057,0.5375000000,0.1002600785,-0.4327122153,3.0835995597,0.0348833691,0.5375000000,0.1002600785,-0.4327122153,3.0835995597,0.0348833691
