Instance,INF_avg,INF_sd,INF_r1,INF_kr,INF_sk,SUP_avg,SUP_sd,SUP_r1,SUP_kr,SUP_sk,INC_avg,INC_sd,INC_r1,INC_kr,INC_sk,IND_avg,IND_sd,IND_r1,IND_kr,IND_sk
50,0.3340000000,0.0753923073,-0.1231603408,4.0674575249,1.2865567433,0.2900000000,0.0705691151,0.1923890063,2.5506846664,-0.9765697443,0.3760000000,0.0527636238,-0.1690414508,2.1773682124,0.6090925660,0.3760000000,0.0527636238,-0.1690414508,2.1773682124,0.6090925660
