Instance,INF_avg,INF_sd,INF_r1,INF_kr,INF_sk,SUP_avg,SUP_sd,SUP_r1,SUP_kr,SUP_sk,INC_avg,INC_sd,INC_r1,INC_kr,INC_sk,IND_avg,IND_sd,IND_r1,IND_kr,IND_sk
317,0.2660000000,0.0935093578,0.0616646527,2.9408139964,0.1176450696,0.2330000000,0.0919836942,-0.1669714094,2.5069233795,0.0821355936,0.5010000000,0.0992421282,0.1520949377,2.8361459068,-0.0123261303,0.5010000000,0.0992421282,0.1520949377,2.8361459068,-0.0123261303
