Instance,INF_avg,INF_sd,INF_r1,INF_kr,INF_sk,SUP_avg,SUP_sd,SUP_r1,SUP_kr,SUP_sk,INC_avg,INC_sd,INC_r1,INC_kr,INC_sk,IND_avg,IND_sd,IND_r1,IND_kr,IND_sk
66,0.2400000000,0.0197484177,0.2428571429,1.4299802761,0.0681651497,0.2590000000,0.0217715411,0.4464436918,1.7862254981,0.5279217882,0.5010000000,0.0316859590,0.2254860524,1.9499710322,-0.3084616871,0.5010000000,0.0316859590,0.2254860524,1.9499710322,-0.3084616871
