Instance,INF_avg,INF_sd,INF_r1,INF_kr,INF_sk,SUP_avg,SUP_sd,SUP_r1,SUP_kr,SUP_sk,INC_avg,INC_sd,INC_r1,INC_kr,INC_sk,IND_avg,IND_sd,IND_r1,IND_kr,IND_sk
419,0.2510000000,0.0537494186,-0.0101991258,2.1915688361,-0.2831492387,0.3030000000,0.0506063237,-0.0659739854,1.9545178092,-0.1803664805,0.4460000000,0.0715821207,0.5504135140,1.8204984762,0.3973752748,0.4460000000,0.0715821207,0.5504135140,1.8204984762,0.3973752748
