Instance,INF_avg,INF_sd,INF_r1,INF_kr,INF_sk,SUP_avg,SUP_sd,SUP_r1,SUP_kr,SUP_sk,INC_avg,INC_sd,INC_r1,INC_kr,INC_sk,IND_avg,IND_sd,IND_r1,IND_kr,IND_sk
11,0.3060000000,0.0431740663,-0.4308012487,1.9648639688,0.7658388594,0.2320000000,0.0354400903,-0.5806246017,2.3648221023,0.2393920660,0.4620000000,0.0503587132,0.2289220918,2.0138572381,0.1736438231,0.4620000000,0.0503587132,0.2289220918,2.0138572381,0.1736438231
