Instance,INF_avg,INF_sd,INF_r1,INF_kr,INF_sk,SUP_avg,SUP_sd,SUP_r1,SUP_kr,SUP_sk,INC_avg,INC_sd,INC_r1,INC_kr,INC_sk,IND_avg,IND_sd,IND_r1,IND_kr,IND_sk
310,0.2300000000,0.0854400375,0.1065785694,2.0651154063,0.0096198203,0.2330000000,0.0772075126,-0.0840094106,3.3039770250,0.7092566225,0.5370000000,0.0983920729,0.0078139047,3.0289360120,0.6480148972,0.5370000000,0.0983920729,0.0078139047,3.0289360120,0.6480148972
