Instance,INF_avg,INF_sd,INF_r1,INF_kr,INF_sk,SUP_avg,SUP_sd,SUP_r1,SUP_kr,SUP_sk,INC_avg,INC_sd,INC_r1,INC_kr,INC_sk,IND_avg,IND_sd,IND_r1,IND_kr,IND_sk
292,0.2200000000,0.1385640646,-0.0276845638,7.4635416667,1.5335866525,0.2780000000,0.1487144916,-0.3251249409,2.1764253533,0.0517803494,0.5020000000,0.1516443207,-0.2440080938,2.0804058854,-0.2403019398,0.5020000000,0.1516443207,-0.2440080938,2.0804058854,-0.2403019398
