Instance,INF_avg,INF_sd,INF_r1,INF_kr,INF_sk,SUP_avg,SUP_sd,SUP_r1,SUP_kr,SUP_sk,INC_avg,INC_sd,INC_r1,INC_kr,INC_sk,IND_avg,IND_sd,IND_r1,IND_kr,IND_sk
108,0.2120000000,0.0448998886,-0.4543889845,1.6957671958,-0.5557336935,0.2000000000,0.0606630036,0.2222222222,1.4413988658,-0.1290092231,0.5880000000,0.0744043010,-0.1948297604,1.9563132748,0.0335613640,0.5880000000,0.0744043010,-0.1948297604,1.9563132748,0.0335613640
