Instance,INF_avg,INF_sd,INF_r1,INF_kr,INF_sk,SUP_avg,SUP_sd,SUP_r1,SUP_kr,SUP_sk,INC_avg,INC_sd,INC_r1,INC_kr,INC_sk,IND_avg,IND_sd,IND_r1,IND_kr,IND_sk
209,0.2000000000,0.0202484567,-0.7307692308,1.6314693635,-0.1084093460,0.2790000000,0.0283548938,-0.5576976809,1.3007908220,-0.3558310719,0.5210000000,0.0330756708,-0.6741446999,2.2797125086,-0.4879951767,0.5210000000,0.0330756708,-0.6741446999,2.2797125086,-0.4879951767
