Instance,INF_avg,INF_sd,INF_r1,INF_kr,INF_sk,SUP_avg,SUP_sd,SUP_r1,SUP_kr,SUP_sk,INC_avg,INC_sd,INC_r1,INC_kr,INC_sk,IND_avg,IND_sd,IND_r1,IND_kr,IND_sk
393,0.3737931034,0.0837242515,0.6684877118,2.1485349450,-0.1113886022,0.1400000000,0.0993773720,0.8170914543,2.3756359040,0.6442346489,0.4862068966,0.0761311841,0.3959189108,5.9042523877,-1.3948326056,0.4862068966,0.0761311841,0.3959189108,5.9042523877,-1.3948326056
