Instance,INF_avg,INF_sd,INF_r1,INF_kr,INF_sk,SUP_avg,SUP_sd,SUP_r1,SUP_kr,SUP_sk,INC_avg,INC_sd,INC_r1,INC_kr,INC_sk,IND_avg,IND_sd,IND_r1,IND_kr,IND_sk
123,0.3500000000,0.1024695077,-0.2195121951,1.8707482993,0.0000000000,0.2500000000,0.1360147051,0.4153846154,2.5894813733,-0.9537919422,0.4000000000,0.1414213562,-0.3157894737,1.7000000000,-0.0000000000,0.4000000000,0.1414213562,-0.3157894737,1.7000000000,-0.0000000000
