Instance,INF_avg,INF_sd,INF_r1,INF_kr,INF_sk,SUP_avg,SUP_sd,SUP_r1,SUP_kr,SUP_sk,INC_avg,INC_sd,INC_r1,INC_kr,INC_sk,IND_avg,IND_sd,IND_r1,IND_kr,IND_sk
398,0.2420000000,0.0480624594,-0.1310978850,2.5862798673,-0.1944439521,0.2454000000,0.0480711972,0.1369681276,2.4759650327,-0.0343257623,0.5126000000,0.0581656256,-0.0284025644,2.9319115778,-0.0353011283,0.5126000000,0.0581656256,-0.0284025644,2.9319115778,-0.0353011283
