Instance,INF_avg,INF_sd,INF_r1,INF_kr,INF_sk,SUP_avg,SUP_sd,SUP_r1,SUP_kr,SUP_sk,INC_avg,INC_sd,INC_r1,INC_kr,INC_sk,IND_avg,IND_sd,IND_r1,IND_kr,IND_sk
150,0.2696000000,0.0487836038,0.0662239377,4.2859057904,-0.8543199336,0.2252000000,0.0355662762,0.4540485372,2.2022974670,-0.2008001940,0.5052000000,0.0502887661,0.2372370140,2.9936193879,0.1721018427,0.5052000000,0.0502887661,0.2372370140,2.9936193879,0.1721018427
