Instance,INF_avg,INF_sd,INF_r1,INF_kr,INF_sk,SUP_avg,SUP_sd,SUP_r1,SUP_kr,SUP_sk,INC_avg,INC_sd,INC_r1,INC_kr,INC_sk,IND_avg,IND_sd,IND_r1,IND_kr,IND_sk
82,0.2886000000,0.0648231440,-0.0306235867,3.2865745519,-0.0405621005,0.2614000000,0.0655594387,0.1466091081,3.1232288601,0.4983566552,0.4500000000,0.0707954801,0.0405108761,4.4012645787,0.6371556683,0.4500000000,0.0707954801,0.0405108761,4.4012645787,0.6371556683
