Instance,INF_avg,INF_sd,INF_r1,INF_kr,INF_sk,SUP_avg,SUP_sd,SUP_r1,SUP_kr,SUP_sk,INC_avg,INC_sd,INC_r1,INC_kr,INC_sk,IND_avg,IND_sd,IND_r1,IND_kr,IND_sk
90,0.2820000000,0.1492514657,-0.0170081605,2.1132947081,0.3094198164,0.2370000000,0.1262180653,-0.0868670648,2.2480969211,0.2342404443,0.4810000000,0.1501299437,-0.0417785805,2.5143189786,-0.2595967560,0.4810000000,0.1501299437,-0.0417785805,2.5143189786,-0.2595967560
