Instance,INF_avg,INF_sd,INF_r1,INF_kr,INF_sk,SUP_avg,SUP_sd,SUP_r1,SUP_kr,SUP_sk,INC_avg,INC_sd,INC_r1,INC_kr,INC_sk,IND_avg,IND_sd,IND_r1,IND_kr,IND_sk
6,0.2040000000,0.0904654630,0.1226730102,3.2787916054,0.8532606064,0.2020000000,0.0888594396,-0.4559565543,2.6134382227,0.1106217559,0.5940000000,0.1219180052,-0.1283574262,2.4398849533,0.4374642487,0.5940000000,0.1219180052,-0.1283574262,2.4398849533,0.4374642487
