Instance,INF_avg,INF_sd,INF_r1,INF_kr,INF_sk,SUP_avg,SUP_sd,SUP_r1,SUP_kr,SUP_sk,INC_avg,INC_sd,INC_r1,INC_kr,INC_sk,IND_avg,IND_sd,IND_r1,IND_kr,IND_sk
156,0.2787000000,0.0363291894,-0.1242470731,3.1459537641,0.2471854529,0.3143000000,0.0398121841,0.1195780423,5.8535503753,1.1497345226,0.4070000000,0.0423320210,0.3622331144,3.8906411930,0.1403920772,0.4070000000,0.0423320210,0.3622331144,3.8906411930,0.1403920772
