Instance,INF_avg,INF_sd,INF_r1,INF_kr,INF_sk,SUP_avg,SUP_sd,SUP_r1,SUP_kr,SUP_sk,INC_avg,INC_sd,INC_r1,INC_kr,INC_sk,IND_avg,IND_sd,IND_r1,IND_kr,IND_sk
233,0.2570000000,0.0389871774,0.3586116091,2.0140962604,-0.1891310094,0.2330000000,0.0345253530,0.1977031233,2.6446978740,0.0998682498,0.5100000000,0.0298328678,-0.0573678290,3.2636662038,-0.8598464480,0.5100000000,0.0298328678,-0.0573678290,3.2636662038,-0.8598464480
