Instance,INF_avg,INF_sd,INF_r1,INF_kr,INF_sk,SUP_avg,SUP_sd,SUP_r1,SUP_kr,SUP_sk,INC_avg,INC_sd,INC_r1,INC_kr,INC_sk,IND_avg,IND_sd,IND_r1,IND_kr,IND_sk
50,0.3176000000,0.0731726725,0.0395235750,2.4875909623,0.2871080433,0.2408000000,0.0610521089,-0.1511887688,2.1507303758,0.5442612435,0.4416000000,0.0785712416,0.0840026454,2.3632603064,0.0787609738,0.4416000000,0.0785712416,0.0840026454,2.3632603064,0.0787609738
