Instance,INF_avg,INF_sd,INF_r1,INF_kr,INF_sk,SUP_avg,SUP_sd,SUP_r1,SUP_kr,SUP_sk,INC_avg,INC_sd,INC_r1,INC_kr,INC_sk,IND_avg,IND_sd,IND_r1,IND_kr,IND_sk
329,0.2700000000,0.0408656335,-0.0345911950,2.0281293700,0.7055399090,0.2600000000,0.0176068169,-0.1304347826,1.5010405827,-0.0274820242,0.4700000000,0.0457165178,0.3728813559,1.5531352304,-0.2072267239,0.4700000000,0.0457165178,0.3728813559,1.5531352304,-0.2072267239
