Instance,INF_avg,INF_sd,INF_r1,INF_kr,INF_sk,SUP_avg,SUP_sd,SUP_r1,SUP_kr,SUP_sk,INC_avg,INC_sd,INC_r1,INC_kr,INC_sk,IND_avg,IND_sd,IND_r1,IND_kr,IND_sk
211,0.2680000000,0.1420422472,-0.1546216620,2.8006591951,0.4500118739,0.2500000000,0.1236931688,-0.0437710438,2.4189414328,0.3804480393,0.4820000000,0.1645478654,-0.0014359538,2.1856353911,-0.0341310502,0.4820000000,0.1645478654,-0.0014359538,2.1856353911,-0.0341310502
