Instance,INF_avg,INF_sd,INF_r1,INF_kr,INF_sk,SUP_avg,SUP_sd,SUP_r1,SUP_kr,SUP_sk,INC_avg,INC_sd,INC_r1,INC_kr,INC_sk,IND_avg,IND_sd,IND_r1,IND_kr,IND_sk
398,0.4345019920,0.0892334051,0.8267959888,2.2977663015,-0.0490297782,0.0894023904,0.0618445023,0.9191660104,2.6374770440,0.7344818378,0.4760956175,0.0442117192,0.3100517639,3.4385208874,-0.3135154377,0.4760956175,0.0442117192,0.3100517639,3.4385208874,-0.3135154377
