Instance,INF_avg,INF_sd,INF_r1,INF_kr,INF_sk,SUP_avg,SUP_sd,SUP_r1,SUP_kr,SUP_sk,INC_avg,INC_sd,INC_r1,INC_kr,INC_sk,IND_avg,IND_sd,IND_r1,IND_kr,IND_sk
155,0.2400000000,0.1496662955,-0.7532467532,2.1339285714,0.7301958931,0.2200000000,0.0748331477,-0.8115942029,1.8469387755,-0.3436215967,0.5400000000,0.2059126028,-0.8133047210,2.0685297259,-0.4068404933,0.5400000000,0.2059126028,-0.8133047210,2.0685297259,-0.4068404933
