Instance,INF_avg,INF_sd,INF_r1,INF_kr,INF_sk,SUP_avg,SUP_sd,SUP_r1,SUP_kr,SUP_sk,INC_avg,INC_sd,INC_r1,INC_kr,INC_sk,IND_avg,IND_sd,IND_r1,IND_kr,IND_sk
420,0.2820000000,0.0719444230,0.3873687219,2.1502416336,0.0009022936,0.2140000000,0.0964572444,-0.1054715872,2.3590149560,-0.4663407453,0.5040000000,0.1385063175,0.0367444471,2.7500307804,0.7074345430,0.5040000000,0.1385063175,0.0367444471,2.7500307804,0.7074345430
