Instance,INF_avg,INF_sd,INF_r1,INF_kr,INF_sk,SUP_avg,SUP_sd,SUP_r1,SUP_kr,SUP_sk,INC_avg,INC_sd,INC_r1,INC_kr,INC_sk,IND_avg,IND_sd,IND_r1,IND_kr,IND_sk
140,0.2150000000,0.0708872344,0.3862031505,2.3686789931,0.3031933394,0.3000000000,0.1048808848,0.3500000000,2.3347107438,-0.5200705032,0.4850000000,0.0950000000,0.1491154170,2.0283530667,0.0839772562,0.4850000000,0.0950000000,0.1491154170,2.0283530667,0.0839772562
