Instance,INF_avg,INF_sd,INF_r1,INF_kr,INF_sk,SUP_avg,SUP_sd,SUP_r1,SUP_kr,SUP_sk,INC_avg,INC_sd,INC_r1,INC_kr,INC_sk,IND_avg,IND_sd,IND_r1,IND_kr,IND_sk
335,0.2576000000,0.0503412356,-0.1738992675,2.1504008262,-0.3309352247,0.2192000000,0.0514136169,0.2050711911,2.6142263188,0.5855910575,0.5232000000,0.0603469966,-0.1928630476,3.5574803770,0.3167245964,0.5232000000,0.0603469966,-0.1928630476,3.5574803770,0.3167245964
