Instance,INF_avg,INF_sd,INF_r1,INF_kr,INF_sk,SUP_avg,SUP_sd,SUP_r1,SUP_kr,SUP_sk,INC_avg,INC_sd,INC_r1,INC_kr,INC_sk,IND_avg,IND_sd,IND_r1,IND_kr,IND_sk
100,0.1850000000,0.0634428877,-0.1082639334,4.9356506308,1.4567804776,0.2700000000,0.1053565375,0.1054313099,2.6367177989,-0.4053161171,0.5450000000,0.1128051417,-0.8682201687,3.2270100856,0.6990861374,0.5450000000,0.1128051417,-0.8682201687,3.2270100856,0.6990861374
