Instance,INF_avg,INF_sd,INF_r1,INF_kr,INF_sk,SUP_avg,SUP_sd,SUP_r1,SUP_kr,SUP_sk,INC_avg,INC_sd,INC_r1,INC_kr,INC_sk,IND_avg,IND_sd,IND_r1,IND_kr,IND_sk
389,0.2400000000,0.1341640786,-0.0709504685,2.8311111111,0.0397523196,0.2700000000,0.1459451952,-0.0376379587,2.3616345963,0.1428280691,0.4900000000,0.1590597372,-0.0514665191,2.4990391976,0.2534658125,0.4900000000,0.1590597372,-0.0514665191,2.4990391976,0.2534658125
