Instance,INF_avg,INF_sd,INF_r1,INF_kr,INF_sk,SUP_avg,SUP_sd,SUP_r1,SUP_kr,SUP_sk,INC_avg,INC_sd,INC_r1,INC_kr,INC_sk,IND_avg,IND_sd,IND_r1,IND_kr,IND_sk
210,0.2480000000,0.1445544880,0.2749228478,2.6232689742,0.3179436654,0.2700000000,0.1170469991,-0.2333483012,3.0902552081,0.1496684948,0.4820000000,0.1505855239,0.0658468069,2.6255824765,-0.5358233936,0.4820000000,0.1505855239,0.0658468069,2.6255824765,-0.5358233936
