Instance,INF_avg,INF_sd,INF_r1,INF_kr,INF_sk,SUP_avg,SUP_sd,SUP_r1,SUP_kr,SUP_sk,INC_avg,INC_sd,INC_r1,INC_kr,INC_sk,IND_avg,IND_sd,IND_r1,IND_kr,IND_sk
223,0.2260000000,0.0512249939,0.1458051421,2.4610815735,0.9995358831,0.2440000000,0.0361109402,0.0480708412,2.1690880349,0.0825676396,0.5300000000,0.0753657747,0.2084942085,1.3878694703,-0.4260909700,0.5300000000,0.0753657747,0.2084942085,1.3878694703,-0.4260909700
