Instance,INF_avg,INF_sd,INF_r1,INF_kr,INF_sk,SUP_avg,SUP_sd,SUP_r1,SUP_kr,SUP_sk,INC_avg,INC_sd,INC_r1,INC_kr,INC_sk,IND_avg,IND_sd,IND_r1,IND_kr,IND_sk
204,0.2690000000,0.0317647603,-0.2364801709,2.6035816404,0.0913554209,0.2930000000,0.0279463772,0.1846451421,1.7827647997,0.2952425726,0.4380000000,0.0334065862,0.1878922111,1.2991482638,-0.1313243069,0.4380000000,0.0334065862,0.1878922111,1.2991482638,-0.1313243069
