Instance,INF_avg,INF_sd,INF_r1,INF_kr,INF_sk,SUP_avg,SUP_sd,SUP_r1,SUP_kr,SUP_sk,INC_avg,INC_sd,INC_r1,INC_kr,INC_sk,IND_avg,IND_sd,IND_r1,IND_kr,IND_sk
100,0.2120000000,0.0324961536,-0.5950920245,2.2685950413,-0.1790421687,0.2680000000,0.0271293199,-0.3495575221,1.2296786389,0.2115471545,0.5200000000,0.0521536192,-0.3823529412,2.2231833910,-0.0000000000,0.5200000000,0.0521536192,-0.3823529412,2.2231833910,-0.0000000000
