Instance,INF_avg,INF_sd,INF_r1,INF_kr,INF_sk,SUP_avg,SUP_sd,SUP_r1,SUP_kr,SUP_sk,INC_avg,INC_sd,INC_r1,INC_kr,INC_sk,IND_avg,IND_sd,IND_r1,IND_kr,IND_sk
448,0.2570000000,0.0964416922,-0.1650449805,3.0316834854,-0.0648425072,0.2240000000,0.1068831137,0.0995996663,3.4740969917,0.9366235714,0.5190000000,0.1341230778,-0.1037354880,2.6970612559,0.0954383794,0.5190000000,0.1341230778,-0.1037354880,2.6970612559,0.0954383794
