Instance,INF_avg,INF_sd,INF_r1,INF_kr,INF_sk,SUP_avg,SUP_sd,SUP_r1,SUP_kr,SUP_sk,INC_avg,INC_sd,INC_r1,INC_kr,INC_sk,IND_avg,IND_sd,IND_r1,IND_kr,IND_sk
356,0.2367000000,0.0395741077,-0.0158511676,3.6021900302,0.5039001810,0.2628000000,0.0417870793,-0.0039657864,3.0741115077,0.0993642511,0.5005000000,0.0488134203,0.1360063232,2.5956108568,-0.1592659426,0.5005000000,0.0488134203,0.1360063232,2.5956108568,-0.1592659426
