Instance,INF_avg,INF_sd,INF_r1,INF_kr,INF_sk,SUP_avg,SUP_sd,SUP_r1,SUP_kr,SUP_sk,INC_avg,INC_sd,INC_r1,INC_kr,INC_sk,IND_avg,IND_sd,IND_r1,IND_kr,IND_sk
283,0.2480000000,0.0495580468,-0.8912063134,1.7038960626,0.0603378908,0.2700000000,0.0167332005,-0.4000000000,1.2755102041,0.2561204163,0.4820000000,0.0591269820,-1.1672582076,1.8690494269,-0.1992376402,0.4820000000,0.0591269820,-1.1672582076,1.8690494269,-0.1992376402
