Instance,INF_avg,INF_sd,INF_r1,INF_kr,INF_sk,SUP_avg,SUP_sd,SUP_r1,SUP_kr,SUP_sk,INC_avg,INC_sd,INC_r1,INC_kr,INC_sk,IND_avg,IND_sd,IND_r1,IND_kr,IND_sk
72,0.3080000000,0.1507846146,-0.0235147029,2.6268048242,0.2315544513,0.2900000000,0.1276714533,-0.0914780048,2.8432007226,-0.1297425285,0.4020000000,0.1612327510,-0.1355648626,2.4850011723,-0.1183335448,0.4020000000,0.1612327510,-0.1355648626,2.4850011723,-0.1183335448
