Instance,INF_avg,INF_sd,INF_r1,INF_kr,INF_sk,SUP_avg,SUP_sd,SUP_r1,SUP_kr,SUP_sk,INC_avg,INC_sd,INC_r1,INC_kr,INC_sk,IND_avg,IND_sd,IND_r1,IND_kr,IND_sk
326,0.2412000000,0.0458972766,0.1827500301,2.8016794694,0.3100226738,0.2664000000,0.0484462589,-0.0695782638,2.0950529172,0.0534248412,0.4924000000,0.0507763725,-0.1630788164,2.9084971314,0.3109136471,0.4924000000,0.0507763725,-0.1630788164,2.9084971314,0.3109136471
