Instance,INF_avg,INF_sd,INF_r1,INF_kr,INF_sk,SUP_avg,SUP_sd,SUP_r1,SUP_kr,SUP_sk,INC_avg,INC_sd,INC_r1,INC_kr,INC_sk,IND_avg,IND_sd,IND_r1,IND_kr,IND_sk
476,0.2694000000,0.0525322758,0.0636526042,2.7857499334,-0.0679617885,0.2667000000,0.0498207788,0.1085019201,3.0536246804,-0.3315620039,0.4639000000,0.0562475777,0.1764202077,2.4453258674,0.0699856780,0.4639000000,0.0562475777,0.1764202077,2.4453258674,0.0699856780
