Instance,INF_avg,INF_sd,INF_r1,INF_kr,INF_sk,SUP_avg,SUP_sd,SUP_r1,SUP_kr,SUP_sk,INC_avg,INC_sd,INC_r1,INC_kr,INC_sk,IND_avg,IND_sd,IND_r1,IND_kr,IND_sk
35,0.2633000000,0.0279035840,-0.1146802053,1.8928590930,-0.1330974285,0.2397000000,0.0310388466,0.0995353049,2.4006481415,0.2233744371,0.4970000000,0.0388715835,-0.0398376787,2.9567889744,0.3555974002,0.4970000000,0.0388715835,-0.0398376787,2.9567889744,0.3555974002
