Instance,INF_avg,INF_sd,INF_r1,INF_kr,INF_sk,SUP_avg,SUP_sd,SUP_r1,SUP_kr,SUP_sk,INC_avg,INC_sd,INC_r1,INC_kr,INC_sk,IND_avg,IND_sd,IND_r1,IND_kr,IND_sk
72,0.4250000000,0.1070436048,-0.0458715596,2.4228099174,-0.0509562945,0.0833333333,0.0471404521,-0.4347826087,2.3437500000,-0.4861359121,0.4916666667,0.1057381462,-0.2235550709,2.1900775433,-0.6265722484,0.4916666667,0.1057381462,-0.2235550709,2.1900775433,-0.6265722484
