Instance,INF_avg,INF_sd,INF_r1,INF_kr,INF_sk,SUP_avg,SUP_sd,SUP_r1,SUP_kr,SUP_sk,INC_avg,INC_sd,INC_r1,INC_kr,INC_sk,IND_avg,IND_sd,IND_r1,IND_kr,IND_sk
393,0.2760000000,0.0634980315,-0.0049331636,2.7333711262,-0.1769833643,0.2680000000,0.0568506816,-0.0245982940,3.7434075091,0.3761808655,0.4560000000,0.0649923072,-0.1751780573,2.4855371901,-0.2685632530,0.4560000000,0.0649923072,-0.1751780573,2.4855371901,-0.2685632530
