Instance,INF_avg,INF_sd,INF_r1,INF_kr,INF_sk,SUP_avg,SUP_sd,SUP_r1,SUP_kr,SUP_sk,INC_avg,INC_sd,INC_r1,INC_kr,INC_sk,IND_avg,IND_sd,IND_r1,IND_kr,IND_sk
141,0.2260000000,0.1411523999,-0.0927362212,2.7231130172,0.2589861368,0.2300000000,0.1431782106,0.0631236215,4.2563474123,0.9362372940,0.5440000000,0.1639024100,-0.2883062936,2.7178132564,0.0655832670,0.5440000000,0.1639024100,-0.2883062936,2.7178132564,0.0655832670
