Instance,INF_avg,INF_sd,INF_r1,INF_kr,INF_sk,SUP_avg,SUP_sd,SUP_r1,SUP_kr,SUP_sk,INC_avg,INC_sd,INC_r1,INC_kr,INC_sk,IND_avg,IND_sd,IND_r1,IND_kr,IND_sk
184,0.2720000000,0.0637495098,-0.1955138403,2.9390228780,-0.0563228046,0.2568000000,0.0495354419,-0.3380323980,3.4836141990,-0.4325130721,0.4712000000,0.0713481605,-0.1260035379,2.6049947811,0.5102180308,0.4712000000,0.0713481605,-0.1260035379,2.6049947811,0.5102180308
