Instance,INF_avg,INF_sd,INF_r1,INF_kr,INF_sk,SUP_avg,SUP_sd,SUP_r1,SUP_kr,SUP_sk,INC_avg,INC_sd,INC_r1,INC_kr,INC_sk,IND_avg,IND_sd,IND_r1,IND_kr,IND_sk
316,0.2300000000,0.0812403840,-0.5030674847,2.2685950413,-0.1790421687,0.2800000000,0.1029563014,-0.1026615970,2.0685297259,0.4068404933,0.4900000000,0.1496662955,-0.2137681159,2.1339285714,0.7301958931,0.4900000000,0.1496662955,-0.2137681159,2.1339285714,0.7301958931
