Instance,INF_avg,INF_sd,INF_r1,INF_kr,INF_sk,SUP_avg,SUP_sd,SUP_r1,SUP_kr,SUP_sk,INC_avg,INC_sd,INC_r1,INC_kr,INC_sk,IND_avg,IND_sd,IND_r1,IND_kr,IND_sk
156,0.4868181818,0.1184004388,0.8735287075,2.3691290662,-0.2002514431,0.0845454545,0.0583661852,0.6723841414,3.1781422320,0.8764757104,0.4286363636,0.0746280954,0.6514527400,2.3970224364,-0.0478684376,0.4286363636,0.0746280954,0.6514527400,2.3970224364,-0.0478684376
