Instance,INF_avg,INF_sd,INF_r1,INF_kr,INF_sk,SUP_avg,SUP_sd,SUP_r1,SUP_kr,SUP_sk,INC_avg,INC_sd,INC_r1,INC_kr,INC_sk,IND_avg,IND_sd,IND_r1,IND_kr,IND_sk
262,0.2700000000,0.0400000000,-0.3380281690,2.0781250000,-0.8437500000,0.2200000000,0.0600000000,0.1984732824,1.3981481481,-0.1111111111,0.5100000000,0.0489897949,0.0384615385,1.1666666667,-0.4082482905,0.5100000000,0.0489897949,0.0384615385,1.1666666667,-0.4082482905
