Instance,INF_avg,INF_sd,INF_r1,INF_kr,INF_sk,SUP_avg,SUP_sd,SUP_r1,SUP_kr,SUP_sk,INC_avg,INC_sd,INC_r1,INC_kr,INC_sk,IND_avg,IND_sd,IND_r1,IND_kr,IND_sk
66,0.2624000000,0.0623076239,-0.0306390801,2.6365635771,0.0193227795,0.2024000000,0.0481065484,-0.1195686551,2.3962745162,-0.1842839651,0.5352000000,0.0628089166,-0.1047681798,2.8687816911,0.1173548020,0.5352000000,0.0628089166,-0.1047681798,2.8687816911,0.1173548020
