Instance,INF_avg,INF_sd,INF_r1,INF_kr,INF_sk,SUP_avg,SUP_sd,SUP_r1,SUP_kr,SUP_sk,INC_avg,INC_sd,INC_r1,INC_kr,INC_sk,IND_avg,IND_sd,IND_r1,IND_kr,IND_sk
318,0.2720000000,0.1575309493,0.0058192798,2.5214892245,0.1602583370,0.2400000000,0.1200000000,0.1926503341,2.7870370370,0.5833333333,0.4880000000,0.1595493654,-0.0598307791,1.9712971416,-0.1875804825,0.4880000000,0.1595493654,-0.0598307791,1.9712971416,-0.1875804825
