Instance,INF_avg,INF_sd,INF_r1,INF_kr,INF_sk,SUP_avg,SUP_sd,SUP_r1,SUP_kr,SUP_sk,INC_avg,INC_sd,INC_r1,INC_kr,INC_sk,IND_avg,IND_sd,IND_r1,IND_kr,IND_sk
186,0.2340000000,0.0346987031,0.3635454848,1.7030385978,0.1217888059,0.2780000000,0.0433128157,0.1221991222,2.1013588773,-0.0484401901,0.4880000000,0.0507543102,0.1461836999,2.2158481540,-0.0117482297,0.4880000000,0.0507543102,0.1461836999,2.2158481540,-0.0117482297
