Instance,INF_avg,INF_sd,INF_r1,INF_kr,INF_sk,SUP_avg,SUP_sd,SUP_r1,SUP_kr,SUP_sk,INC_avg,INC_sd,INC_r1,INC_kr,INC_sk,IND_avg,IND_sd,IND_r1,IND_kr,IND_sk
447,0.2810000000,0.0344093011,0.0304317056,2.1980374589,0.5871782124,0.2250000000,0.0164316767,0.1666666667,2.5000000000,0.9128709292,0.4940000000,0.0415210790,0.0596627756,1.3557649345,-0.3429896248,0.4940000000,0.0415210790,0.0596627756,1.3557649345,-0.3429896248
