Instance,INF_avg,INF_sd,INF_r1,INF_kr,INF_sk,SUP_avg,SUP_sd,SUP_r1,SUP_kr,SUP_sk,INC_avg,INC_sd,INC_r1,INC_kr,INC_sk,IND_avg,IND_sd,IND_r1,IND_kr,IND_sk
438,0.2680000000,0.1121427662,-0.0778756263,2.2391384049,0.1631303896,0.2360000000,0.1024890238,0.1266017763,2.1300588932,-0.1217673537,0.4960000000,0.1207642331,-0.0108859882,2.1865350978,0.2470279821,0.4960000000,0.1207642331,-0.0108859882,2.1865350978,0.2470279821
