Instance,INF_avg,INF_sd,INF_r1,INF_kr,INF_sk,SUP_avg,SUP_sd,SUP_r1,SUP_kr,SUP_sk,INC_avg,INC_sd,INC_r1,INC_kr,INC_sk,IND_avg,IND_sd,IND_r1,IND_kr,IND_sk
30,0.2520000000,0.0560000000,0.3151642208,2.2387026239,0.1126093294,0.2920000000,0.0474973683,-0.3445995591,2.1229817414,0.1666385716,0.4560000000,0.0436348485,0.1755888651,1.9184379634,-0.2634545260,0.4560000000,0.0436348485,0.1755888651,1.9184379634,-0.2634545260
