Instance,INF_avg,INF_sd,INF_r1,INF_kr,INF_sk,SUP_avg,SUP_sd,SUP_r1,SUP_kr,SUP_sk,INC_avg,INC_sd,INC_r1,INC_kr,INC_sk,IND_avg,IND_sd,IND_r1,IND_kr,IND_sk
45,0.2500000000,0.1204159458,-0.3333333333,2.5980975030,0.6872729367,0.3800000000,0.1661324773,-0.1756168360,2.6395715186,0.3192842191,0.3700000000,0.1615549442,-0.0342176086,2.5269300216,0.7769322195,0.3700000000,0.1615549442,-0.0342176086,2.5269300216,0.7769322195
