Instance,INF_avg,INF_sd,INF_r1,INF_kr,INF_sk,SUP_avg,SUP_sd,SUP_r1,SUP_kr,SUP_sk,INC_avg,INC_sd,INC_r1,INC_kr,INC_sk,IND_avg,IND_sd,IND_r1,IND_kr,IND_sk
283,0.2640000000,0.0344093011,0.0198863636,2.9806428050,0.6315074429,0.2000000000,0.0784856675,-0.1517241379,3.2273570585,0.9034654757,0.5360000000,0.0937229961,-0.1527084489,2.7924492619,-0.3169437520,0.5360000000,0.0937229961,-0.1527084489,2.7924492619,-0.3169437520
