Instance,INF_avg,INF_sd,INF_r1,INF_kr,INF_sk,SUP_avg,SUP_sd,SUP_r1,SUP_kr,SUP_sk,INC_avg,INC_sd,INC_r1,INC_kr,INC_sk,IND_avg,IND_sd,IND_r1,IND_kr,IND_sk
52,0.3562500000,0.0882379595,0.1055227894,3.5554207605,0.3677422527,0.1187500000,0.0614283119,0.5728862473,2.7907230945,0.4245215106,0.5250000000,0.0704450140,-0.2098148945,2.8122759487,-0.0509535090,0.5250000000,0.0704450140,-0.2098148945,2.8122759487,-0.0509535090
