Instance,INF_avg,INF_sd,INF_r1,INF_kr,INF_sk,SUP_avg,SUP_sd,SUP_r1,SUP_kr,SUP_sk,INC_avg,INC_sd,INC_r1,INC_kr,INC_sk,IND_avg,IND_sd,IND_r1,IND_kr,IND_sk
184,0.2730000000,0.1127874106,0.0040034991,2.5223167024,0.2143788128,0.2480000000,0.1019607768,-0.2344275533,2.8523189654,0.2381016543,0.4790000000,0.1225112240,-0.1679514760,2.4413018123,0.2378371256,0.4790000000,0.1225112240,-0.1679514760,2.4413018123,0.2378371256
