Instance,INF_avg,INF_sd,INF_r1,INF_kr,INF_sk,SUP_avg,SUP_sd,SUP_r1,SUP_kr,SUP_sk,INC_avg,INC_sd,INC_r1,INC_kr,INC_sk,IND_avg,IND_sd,IND_r1,IND_kr,IND_sk
44,0.2360000000,0.1410815367,-0.0851830450,3.0467090911,0.7135505654,0.2400000000,0.1385640646,0.0092359362,2.5000000000,0.2525907428,0.5240000000,0.1477294825,-0.2264242346,2.1424458854,-0.4916651020,0.5240000000,0.1477294825,-0.2264242346,2.1424458854,-0.4916651020
