Instance,INF_avg,INF_sd,INF_r1,INF_kr,INF_sk,SUP_avg,SUP_sd,SUP_r1,SUP_kr,SUP_sk,INC_avg,INC_sd,INC_r1,INC_kr,INC_sk,IND_avg,IND_sd,IND_r1,IND_kr,IND_sk
394,0.2140000000,0.0377359245,0.5043964828,1.1795543492,0.3805273288,0.2460000000,0.0431740663,-0.1297440424,2.9926964947,1.3026417982,0.5400000000,0.0400000000,-0.6760563380,1.6281250000,0.2812500000,0.5400000000,0.0400000000,-0.6760563380,1.6281250000,0.2812500000
