Instance,INF_avg,INF_sd,INF_r1,INF_kr,INF_sk,SUP_avg,SUP_sd,SUP_r1,SUP_kr,SUP_sk,INC_avg,INC_sd,INC_r1,INC_kr,INC_sk,IND_avg,IND_sd,IND_r1,IND_kr,IND_sk
74,0.2150000000,0.0975961065,0.2076114740,1.7430094860,0.0597029109,0.3200000000,0.0714142843,0.6038251366,2.2479815456,0.0988433000,0.4650000000,0.0743303437,-0.2956964368,2.9069224627,-0.8875628359,0.4650000000,0.0743303437,-0.2956964368,2.9069224627,-0.8875628359
