Instance,INF_avg,INF_sd,INF_r1,INF_kr,INF_sk,SUP_avg,SUP_sd,SUP_r1,SUP_kr,SUP_sk,INC_avg,INC_sd,INC_r1,INC_kr,INC_sk,IND_avg,IND_sd,IND_r1,IND_kr,IND_sk
344,0.2803000000,0.0379329672,0.2361732360,2.4485689980,0.1943393344,0.2981000000,0.0452480939,0.3525614549,3.0153017888,0.5246569768,0.4216000000,0.0426490328,0.3590316685,3.2921243548,0.4894551983,0.4216000000,0.0426490328,0.3590316685,3.2921243548,0.4894551983
