Instance,INF_avg,INF_sd,INF_r1,INF_kr,INF_sk,SUP_avg,SUP_sd,SUP_r1,SUP_kr,SUP_sk,INC_avg,INC_sd,INC_r1,INC_kr,INC_sk,IND_avg,IND_sd,IND_r1,IND_kr,IND_sk
223,0.2400000000,0.0800000000,-0.3380281690,2.0781250000,-0.8437500000,0.3200000000,0.1326649916,-0.0431654676,2.2169421488,-0.3700366502,0.4400000000,0.1959591794,-0.0119047619,2.7291666667,0.8675276172,0.4400000000,0.1959591794,-0.0119047619,2.7291666667,0.8675276172
