Instance,INF_avg,INF_sd,INF_r1,INF_kr,INF_sk,SUP_avg,SUP_sd,SUP_r1,SUP_kr,SUP_sk,INC_avg,INC_sd,INC_r1,INC_kr,INC_sk,IND_avg,IND_sd,IND_r1,IND_kr,IND_sk
155,0.2496000000,0.0423301311,-0.1702060322,2.3094521398,0.2097629410,0.2614000000,0.0524217512,0.1346237025,1.9712649439,-0.0849976476,0.4890000000,0.0533385414,0.0790796420,2.3532411872,0.2406355525,0.4890000000,0.0533385414,0.0790796420,2.3532411872,0.2406355525
