Instance,INF_avg,INF_sd,INF_r1,INF_kr,INF_sk,SUP_avg,SUP_sd,SUP_r1,SUP_kr,SUP_sk,INC_avg,INC_sd,INC_r1,INC_kr,INC_sk,IND_avg,IND_sd,IND_r1,IND_kr,IND_sk
78,0.2480000000,0.1330263132,-0.1149235895,2.5390987512,0.0684714090,0.2310000000,0.1368904672,-0.0238227231,3.5741398392,0.6695339095,0.5210000000,0.1638871563,0.0087445658,2.7411647300,-0.1616090478,0.5210000000,0.1638871563,0.0087445658,2.7411647300,-0.1616090478
