Instance,INF_avg,INF_sd,INF_r1,INF_kr,INF_sk,SUP_avg,SUP_sd,SUP_r1,SUP_kr,SUP_sk,INC_avg,INC_sd,INC_r1,INC_kr,INC_sk,IND_avg,IND_sd,IND_r1,IND_kr,IND_sk
50,0.2444000000,0.0634715684,-0.0652980555,2.7447841807,0.1909111669,0.2336000000,0.0578881680,-0.1523680841,2.7233637257,0.2208520600,0.5220000000,0.0649615271,0.0437824055,2.9469356034,-0.0929751916,0.5220000000,0.0649615271,0.0437824055,2.9469356034,-0.0929751916
