Instance,INF_avg,INF_sd,INF_r1,INF_kr,INF_sk,SUP_avg,SUP_sd,SUP_r1,SUP_kr,SUP_sk,INC_avg,INC_sd,INC_r1,INC_kr,INC_sk,IND_avg,IND_sd,IND_r1,IND_kr,IND_sk
468,0.2558000000,0.0380638937,0.3343251517,2.9990503277,0.2098346465,0.2483000000,0.0344617179,0.3314955941,2.3325034506,-0.0064938910,0.4959000000,0.0349025787,0.2649914457,2.7124393325,-0.0510923236,0.4959000000,0.0349025787,0.2649914457,2.7124393325,-0.0510923236
