Instance,INF_avg,INF_sd,INF_r1,INF_kr,INF_sk,SUP_avg,SUP_sd,SUP_r1,SUP_kr,SUP_sk,INC_avg,INC_sd,INC_r1,INC_kr,INC_sk,IND_avg,IND_sd,IND_r1,IND_kr,IND_sk
130,0.3048000000,0.0651840471,0.1958219541,3.4874119144,0.2570163592,0.3168000000,0.0713705822,0.0407595103,2.5078143370,-0.1858015025,0.3784000000,0.0657072294,0.2073167001,2.3041720807,0.3855227770,0.3784000000,0.0657072294,0.2073167001,2.3041720807,0.3855227770
