Instance,INF_avg,INF_sd,INF_r1,INF_kr,INF_sk,SUP_avg,SUP_sd,SUP_r1,SUP_kr,SUP_sk,INC_avg,INC_sd,INC_r1,INC_kr,INC_sk,IND_avg,IND_sd,IND_r1,IND_kr,IND_sk
305,0.2645000000,0.0938869000,0.1531612030,2.4540909914,-0.0788316501,0.2355000000,0.0965129525,0.1192041321,3.3569368291,0.2636171583,0.5000000000,0.1046422477,-0.0322580645,3.1556889973,-0.0392727520,0.5000000000,0.1046422477,-0.0322580645,3.1556889973,-0.0392727520
