Instance,INF_avg,INF_sd,INF_r1,INF_kr,INF_sk,SUP_avg,SUP_sd,SUP_r1,SUP_kr,SUP_sk,INC_avg,INC_sd,INC_r1,INC_kr,INC_sk,IND_avg,IND_sd,IND_r1,IND_kr,IND_sk
204,0.2360000000,0.0224499443,-0.0757314974,1.6957671958,-0.5557336935,0.2700000000,0.0419523539,-0.3174603175,1.2732438017,-0.2437830484,0.4940000000,0.0546260011,-0.5243902439,1.7282557914,0.4081372552,0.4940000000,0.0546260011,-0.5243902439,1.7282557914,0.4081372552
