Instance,INF_avg,INF_sd,INF_r1,INF_kr,INF_sk,SUP_avg,SUP_sd,SUP_r1,SUP_kr,SUP_sk,INC_avg,INC_sd,INC_r1,INC_kr,INC_sk,IND_avg,IND_sd,IND_r1,IND_kr,IND_sk
118,0.2340000000,0.0152970585,0.5240700219,1.7145518299,-0.3553557320,0.2550000000,0.0207364414,0.1948051948,2.8893996755,-1.2616818022,0.5110000000,0.0352703842,0.3382772390,2.4096964465,0.9205868928,0.5110000000,0.0352703842,0.3382772390,2.4096964465,0.9205868928
