Instance,INF_avg,INF_sd,INF_r1,INF_kr,INF_sk,SUP_avg,SUP_sd,SUP_r1,SUP_kr,SUP_sk,INC_avg,INC_sd,INC_r1,INC_kr,INC_sk,IND_avg,IND_sd,IND_r1,IND_kr,IND_sk
216,0.2200000000,0.0657267069,-0.6052631579,1.1831275720,0.3719103786,0.3040000000,0.0731026675,-0.1759371221,2.5662626842,1.0684669530,0.4760000000,0.0897997773,0.0226337449,1.2422524565,0.1315095000,0.4760000000,0.0897997773,0.0226337449,1.2422524565,0.1315095000
