Instance,INF_avg,INF_sd,INF_r1,INF_kr,INF_sk,SUP_avg,SUP_sd,SUP_r1,SUP_kr,SUP_sk,INC_avg,INC_sd,INC_r1,INC_kr,INC_sk,IND_avg,IND_sd,IND_r1,IND_kr,IND_sk
440,0.2660000000,0.1197664394,-0.3816332909,2.7698083176,0.6504293690,0.2180000000,0.0968297475,-0.1893573028,3.4065976307,0.7411410953,0.5160000000,0.1383618445,-0.3281138730,2.4735600544,-0.0502144528,0.5160000000,0.1383618445,-0.3281138730,2.4735600544,-0.0502144528
