Instance,INF_avg,INF_sd,INF_r1,INF_kr,INF_sk,SUP_avg,SUP_sd,SUP_r1,SUP_kr,SUP_sk,INC_avg,INC_sd,INC_r1,INC_kr,INC_sk,IND_avg,IND_sd,IND_r1,IND_kr,IND_sk
124,0.2400000000,0.1326649916,0.2277992278,2.6260330579,0.5756125669,0.2960000000,0.1399428455,0.2288798289,2.5167083173,0.0711775174,0.4640000000,0.1621850795,0.2053124320,2.5665814197,0.1986556236,0.4640000000,0.1621850795,0.2053124320,2.5665814197,0.1986556236
