Instance,INF_avg,INF_sd,INF_r1,INF_kr,INF_sk,SUP_avg,SUP_sd,SUP_r1,SUP_kr,SUP_sk,INC_avg,INC_sd,INC_r1,INC_kr,INC_sk,IND_avg,IND_sd,IND_r1,IND_kr,IND_sk
287,0.4970329670,0.0863992077,0.6328946915,2.6537940799,-0.2238186730,0.0852747253,0.0529636130,0.8068608607,3.5130572712,0.8842681783,0.4176923077,0.0544921997,0.2440354316,2.7093916183,0.0800590697,0.4176923077,0.0544921997,0.2440354316,2.7093916183,0.0800590697
