Instance,INF_avg,INF_sd,INF_r1,INF_kr,INF_sk,SUP_avg,SUP_sd,SUP_r1,SUP_kr,SUP_sk,INC_avg,INC_sd,INC_r1,INC_kr,INC_sk,IND_avg,IND_sd,IND_r1,IND_kr,IND_sk
5,0.4277477477,0.0953189022,0.8764996514,1.9473691384,0.0080324664,0.0771621622,0.0577550030,0.8865368674,2.8534351547,0.8143636394,0.4950900901,0.0539998414,0.5775094248,2.6506650201,-0.0736041769,0.4950900901,0.0539998414,0.5775094248,2.6506650201,-0.0736041769
