Instance,INF_avg,INF_sd,INF_r1,INF_kr,INF_sk,SUP_avg,SUP_sd,SUP_r1,SUP_kr,SUP_sk,INC_avg,INC_sd,INC_r1,INC_kr,INC_sk,IND_avg,IND_sd,IND_r1,IND_kr,IND_sk
157,0.2340000000,0.1258729518,-0.0702312387,3.3101034123,0.6040160689,0.2700000000,0.1459451952,-0.2632382406,2.0865569001,0.0656237074,0.4960000000,0.1413647764,-0.1216342890,2.3525606714,-0.0566818019,0.4960000000,0.1413647764,-0.1216342890,2.3525606714,-0.0566818019
