Instance,INF_avg,INF_sd,INF_r1,INF_kr,INF_sk,SUP_avg,SUP_sd,SUP_r1,SUP_kr,SUP_sk,INC_avg,INC_sd,INC_r1,INC_kr,INC_sk,IND_avg,IND_sd,IND_r1,IND_kr,IND_sk
196,0.2760000000,0.1631686244,0.0499440607,2.8721508500,0.6239931612,0.2060000000,0.1332816567,0.0413996985,2.5582510131,0.4730633296,0.5180000000,0.1532187978,0.0144304522,2.8066937182,-0.0871668320,0.5180000000,0.1532187978,0.0144304522,2.8066937182,-0.0871668320
