Instance,INF_avg,INF_sd,INF_r1,INF_kr,INF_sk,SUP_avg,SUP_sd,SUP_r1,SUP_kr,SUP_sk,INC_avg,INC_sd,INC_r1,INC_kr,INC_sk,IND_avg,IND_sd,IND_r1,IND_kr,IND_sk
289,0.2598000000,0.0452764840,0.4612594618,2.8859006016,0.3207454622,0.2384000000,0.0761671845,0.7872648524,1.7945245636,0.0246470173,0.5018000000,0.0560603247,0.3897724650,2.3678359652,-0.2799158559,0.5018000000,0.0560603247,0.3897724650,2.3678359652,-0.2799158559
