Instance,INF_avg,INF_sd,INF_r1,INF_kr,INF_sk,SUP_avg,SUP_sd,SUP_r1,SUP_kr,SUP_sk,INC_avg,INC_sd,INC_r1,INC_kr,INC_sk,IND_avg,IND_sd,IND_r1,IND_kr,IND_sk
25,0.2250000000,0.1030776406,-0.4201183432,1.7529411765,0.2054419412,0.2900000000,0.1090871211,-0.1354079058,3.6556034178,1.0075980119,0.4850000000,0.1096585610,0.0501978754,2.7161751548,-0.8099228004,0.4850000000,0.1096585610,0.0501978754,2.7161751548,-0.8099228004
