Instance,INF_avg,INF_sd,INF_r1,INF_kr,INF_sk,SUP_avg,SUP_sd,SUP_r1,SUP_kr,SUP_sk,INC_avg,INC_sd,INC_r1,INC_kr,INC_sk,IND_avg,IND_sd,IND_r1,IND_kr,IND_sk
385,0.2800000000,0.0819756061,-0.6746987952,2.2023809524,0.5576571845,0.2520000000,0.0370944740,-0.8032786885,2.4826933478,0.9704949588,0.4680000000,0.0976524449,-0.7839111410,1.6059299131,-0.2944286533,0.4680000000,0.0976524449,-0.7839111410,1.6059299131,-0.2944286533
