Instance,INF_avg,INF_sd,INF_r1,INF_kr,INF_sk,SUP_avg,SUP_sd,SUP_r1,SUP_kr,SUP_sk,INC_avg,INC_sd,INC_r1,INC_kr,INC_sk,IND_avg,IND_sd,IND_r1,IND_kr,IND_sk
103,0.2660000000,0.0675573830,0.1679941184,2.2936481906,-0.2437892445,0.2600000000,0.0586515132,-0.0117647059,2.9718766901,-0.1427430013,0.4740000000,0.0657571289,0.3434583136,2.4734840543,-0.3754460092,0.4740000000,0.0657571289,0.3434583136,2.4734840543,-0.3754460092
