Instance,INF_avg,INF_sd,INF_r1,INF_kr,INF_sk,SUP_avg,SUP_sd,SUP_r1,SUP_kr,SUP_sk,INC_avg,INC_sd,INC_r1,INC_kr,INC_sk,IND_avg,IND_sd,IND_r1,IND_kr,IND_sk
493,0.2080000000,0.0370944740,-0.5511163337,2.0567874527,-0.1241330761,0.2920000000,0.0676461381,0.2428142428,1.8260306127,-0.3361797049,0.5000000000,0.0848528137,0.0670731707,2.5148148148,0.7071067812,0.5000000000,0.0848528137,0.0670731707,2.5148148148,0.7071067812
