Instance,INF_avg,INF_sd,INF_r1,INF_kr,INF_sk,SUP_avg,SUP_sd,SUP_r1,SUP_kr,SUP_sk,INC_avg,INC_sd,INC_r1,INC_kr,INC_sk,IND_avg,IND_sd,IND_r1,IND_kr,IND_sk
352,0.2694500000,0.0425611031,0.3734338290,2.6713658408,-0.1395276963,0.2827000000,0.0622029742,0.7025398695,2.5511625185,0.1583546238,0.4478500000,0.0522219063,0.3404689756,3.2736306141,0.2303196800,0.4478500000,0.0522219063,0.3404689756,3.2736306141,0.2303196800
