Instance,INF_avg,INF_sd,INF_r1,INF_kr,INF_sk,SUP_avg,SUP_sd,SUP_r1,SUP_kr,SUP_sk,INC_avg,INC_sd,INC_r1,INC_kr,INC_sk,IND_avg,IND_sd,IND_r1,IND_kr,IND_sk
227,0.2584000000,0.0346040460,0.2927953867,2.5319751395,0.1516016807,0.3530000000,0.0419046537,0.2479076874,2.6091642841,-0.0412586487,0.3886000000,0.0379083104,0.0285289055,2.2732645270,0.4923898772,0.3886000000,0.0379083104,0.0285289055,2.2732645270,0.4923898772
