Instance,INF_avg,INF_sd,INF_r1,INF_kr,INF_sk,SUP_avg,SUP_sd,SUP_r1,SUP_kr,SUP_sk,INC_avg,INC_sd,INC_r1,INC_kr,INC_sk,IND_avg,IND_sd,IND_r1,IND_kr,IND_sk
79,0.2847000000,0.0508665902,0.5207097324,2.4237693596,0.0868737888,0.3140500000,0.0545604939,0.5542020489,2.6442242871,0.2861200452,0.4012500000,0.0483651476,0.3946265384,2.4483724207,-0.0462513756,0.4012500000,0.0483651476,0.3946265384,2.4483724207,-0.0462513756
