Instance,INF_avg,INF_sd,INF_r1,INF_kr,INF_sk,SUP_avg,SUP_sd,SUP_r1,SUP_kr,SUP_sk,INC_avg,INC_sd,INC_r1,INC_kr,INC_sk,IND_avg,IND_sd,IND_r1,IND_kr,IND_sk
220,0.2463000000,0.0340339536,0.3000934891,2.6351525055,0.0111713121,0.2577500000,0.0381534730,0.3691379193,3.5058208593,0.2387674215,0.4959500000,0.0454405931,0.4124076238,2.7243359307,0.1892355919,0.4959500000,0.0454405931,0.4124076238,2.7243359307,0.1892355919
