Instance,INF_avg,INF_sd,INF_r1,INF_kr,INF_sk,SUP_avg,SUP_sd,SUP_r1,SUP_kr,SUP_sk,INC_avg,INC_sd,INC_r1,INC_kr,INC_sk,IND_avg,IND_sd,IND_r1,IND_kr,IND_sk
44,0.3080000000,0.0193907194,0.4009216590,1.4081032141,-0.3752617726,0.2900000000,0.0593295879,-0.4803149606,2.1029183884,-0.5113959184,0.4020000000,0.0652380257,-0.1060730970,2.6427193454,0.7774307170,0.4020000000,0.0652380257,-0.1060730970,2.6427193454,0.7774307170
