Instance,INF_avg,INF_sd,INF_r1,INF_kr,INF_sk,SUP_avg,SUP_sd,SUP_r1,SUP_kr,SUP_sk,INC_avg,INC_sd,INC_r1,INC_kr,INC_sk,IND_avg,IND_sd,IND_r1,IND_kr,IND_sk
16,0.2692000000,0.0349765636,-0.0616230525,2.2423340932,0.3023346542,0.2932000000,0.0473049680,0.4175795238,2.3609525135,-0.3113182175,0.4376000000,0.0615324305,0.4969462434,2.7991564115,0.2386281027,0.4376000000,0.0615324305,0.4969462434,2.7991564115,0.2386281027
