Instance,INF_avg,INF_sd,INF_r1,INF_kr,INF_sk,SUP_avg,SUP_sd,SUP_r1,SUP_kr,SUP_sk,INC_avg,INC_sd,INC_r1,INC_kr,INC_sk,IND_avg,IND_sd,IND_r1,IND_kr,IND_sk
229,0.2750000000,0.0955248659,0.1310344828,3.5250516044,-0.9894863194,0.2200000000,0.1029563014,0.3032015066,3.0831256675,0.6927284075,0.5050000000,0.1128051417,-0.2496333236,2.4118210135,-0.0198544643,0.5050000000,0.1128051417,-0.2496333236,2.4118210135,-0.0198544643
