Instance,INF_avg,INF_sd,INF_r1,INF_kr,INF_sk,SUP_avg,SUP_sd,SUP_r1,SUP_kr,SUP_sk,INC_avg,INC_sd,INC_r1,INC_kr,INC_sk,IND_avg,IND_sd,IND_r1,IND_kr,IND_sk
461,0.2412000000,0.0401815878,-0.0777071734,2.9175480926,0.1508403521,0.2720000000,0.0448553230,0.1940183739,3.0704876111,-0.0970648844,0.4868000000,0.0473472280,0.2662407294,2.9279004560,0.5290472064,0.4868000000,0.0473472280,0.2662407294,2.9279004560,0.5290472064
