Instance,INF_avg,INF_sd,INF_r1,INF_kr,INF_sk,SUP_avg,SUP_sd,SUP_r1,SUP_kr,SUP_sk,INC_avg,INC_sd,INC_r1,INC_kr,INC_sk,IND_avg,IND_sd,IND_r1,IND_kr,IND_sk
448,0.2000000000,0.0774596669,-0.1818181818,2.9166666667,1.2909944487,0.3400000000,0.0663324958,0.1911764706,2.2169421488,0.3700366502,0.4600000000,0.1067707825,-0.1554192229,1.7206832872,-0.1380231722,0.4600000000,0.1067707825,-0.1554192229,1.7206832872,-0.1380231722
