Instance,INF_avg,INF_sd,INF_r1,INF_kr,INF_sk,SUP_avg,SUP_sd,SUP_r1,SUP_kr,SUP_sk,INC_avg,INC_sd,INC_r1,INC_kr,INC_sk,IND_avg,IND_sd,IND_r1,IND_kr,IND_sk
161,0.2400000000,0.0888819442,0.0747782003,2.6160871655,-0.8715870827,0.3100000000,0.0663324958,-0.2870159453,2.6043388430,0.9148128296,0.4500000000,0.1000000000,0.1250000000,2.7250000000,0.2250000000,0.4500000000,0.1000000000,0.1250000000,2.7250000000,0.2250000000
