Instance,INF_avg,INF_sd,INF_r1,INF_kr,INF_sk,SUP_avg,SUP_sd,SUP_r1,SUP_kr,SUP_sk,INC_avg,INC_sd,INC_r1,INC_kr,INC_sk,IND_avg,IND_sd,IND_r1,IND_kr,IND_sk
331,0.4016712329,0.0907862241,0.8594680592,2.0492140373,-0.0282012704,0.0863150685,0.0663607568,0.9252814669,2.4964834868,0.7638761275,0.5120136986,0.0438285868,0.4079604873,2.8734902835,-0.2838426564,0.5120136986,0.0438285868,0.4079604873,2.8734902835,-0.2838426564
