Instance,INF_avg,INF_sd,INF_r1,INF_kr,INF_sk,SUP_avg,SUP_sd,SUP_r1,SUP_kr,SUP_sk,INC_avg,INC_sd,INC_r1,INC_kr,INC_sk,IND_avg,IND_sd,IND_r1,IND_kr,IND_sk
339,0.3120000000,0.1151347037,-0.0179282382,3.4675054969,0.5215847402,0.1990000000,0.0758221603,0.2622406959,2.9154789291,0.5844162997,0.4890000000,0.1050190459,0.1449441771,2.4478692378,-0.1098307313,0.4890000000,0.1050190459,0.1449441771,2.4478692378,-0.1098307313
