Instance,INF_avg,INF_sd,INF_r1,INF_kr,INF_sk,SUP_avg,SUP_sd,SUP_r1,SUP_kr,SUP_sk,INC_avg,INC_sd,INC_r1,INC_kr,INC_sk,IND_avg,IND_sd,IND_r1,IND_kr,IND_sk
118,0.2430000000,0.0302654919,0.7466237145,2.3713339753,-0.2280040597,0.2740000000,0.0323109888,0.0623604703,2.9494318932,-0.0457123582,0.4830000000,0.0350856096,-0.0567412806,1.7004311184,0.6076352354,0.4830000000,0.0350856096,-0.0567412806,1.7004311184,0.6076352354
