Instance,INF_avg,INF_sd,INF_r1,INF_kr,INF_sk,SUP_avg,SUP_sd,SUP_r1,SUP_kr,SUP_sk,INC_avg,INC_sd,INC_r1,INC_kr,INC_sk,IND_avg,IND_sd,IND_r1,IND_kr,IND_sk
443,0.2520000000,0.0964157663,0.1148040669,3.7316536863,0.0772257839,0.2580000000,0.1293676930,0.2039062193,2.1632722216,0.5578611968,0.4900000000,0.1272792206,0.0158627388,3.3962048468,-0.0814773246,0.4900000000,0.1272792206,0.0158627388,3.3962048468,-0.0814773246
