Instance,INF_avg,INF_sd,INF_r1,INF_kr,INF_sk,SUP_avg,SUP_sd,SUP_r1,SUP_kr,SUP_sk,INC_avg,INC_sd,INC_r1,INC_kr,INC_sk,IND_avg,IND_sd,IND_r1,IND_kr,IND_sk
367,0.2080000000,0.0116619038,-0.1363636364,2.6660899654,1.1500493357,0.2780000000,0.0337045991,-0.2348877375,2.2730113073,-0.5791828797,0.5140000000,0.0366606056,0.3993231810,2.5245535714,0.7998075352,0.5140000000,0.0366606056,0.3993231810,2.5245535714,0.7998075352
