Instance,INF_avg,INF_sd,INF_r1,INF_kr,INF_sk,SUP_avg,SUP_sd,SUP_r1,SUP_kr,SUP_sk,INC_avg,INC_sd,INC_r1,INC_kr,INC_sk,IND_avg,IND_sd,IND_r1,IND_kr,IND_sk
490,0.2886956522,0.0795260060,0.0761633798,6.5646720213,1.0012382309,0.1717391304,0.0654849584,0.3768255238,3.5067889523,0.2943708623,0.5395652174,0.0755834270,-0.0949224046,2.8463149422,-0.0000616711,0.5395652174,0.0755834270,-0.0949224046,2.8463149422,-0.0000616711
