Instance,INF_avg,INF_sd,INF_r1,INF_kr,INF_sk,SUP_avg,SUP_sd,SUP_r1,SUP_kr,SUP_sk,INC_avg,INC_sd,INC_r1,INC_kr,INC_sk,IND_avg,IND_sd,IND_r1,IND_kr,IND_sk
168,0.2790000000,0.0990403958,-0.0597097143,3.3872893044,0.0666277406,0.2390000000,0.0934291175,-0.1481176717,2.5772693802,0.1004092039,0.4820000000,0.0926066952,0.0685592659,3.1146648404,0.0805041565,0.4820000000,0.0926066952,0.0685592659,3.1146648404,0.0805041565
