Instance,INF_avg,INF_sd,INF_r1,INF_kr,INF_sk,SUP_avg,SUP_sd,SUP_r1,SUP_kr,SUP_sk,INC_avg,INC_sd,INC_r1,INC_kr,INC_sk,IND_avg,IND_sd,IND_r1,IND_kr,IND_sk
439,0.2280000000,0.1273420590,0.0173321719,2.2809822697,-0.0116688848,0.2780000000,0.1425342064,-0.0417098655,3.4439621261,0.4736306208,0.4940000000,0.1508774337,-0.0726755475,2.4511803496,0.3289980162,0.4940000000,0.1508774337,-0.0726755475,2.4511803496,0.3289980162
