Instance,INF_avg,INF_sd,INF_r1,INF_kr,INF_sk,SUP_avg,SUP_sd,SUP_r1,SUP_kr,SUP_sk,INC_avg,INC_sd,INC_r1,INC_kr,INC_sk,IND_avg,IND_sd,IND_r1,IND_kr,IND_sk
315,0.2960000000,0.0402988834,0.6428571429,1.5460336334,-0.1474206282,0.2260000000,0.0361109402,-0.4108910891,2.5078286725,0.6819475415,0.4780000000,0.0271293199,-0.4380530973,2.9310018904,1.1731251294,0.4780000000,0.0271293199,-0.4380530973,2.9310018904,1.1731251294
