Instance,INF_avg,INF_sd,INF_r1,INF_kr,INF_sk,SUP_avg,SUP_sd,SUP_r1,SUP_kr,SUP_sk,INC_avg,INC_sd,INC_r1,INC_kr,INC_sk,IND_avg,IND_sd,IND_r1,IND_kr,IND_sk
432,0.2340000000,0.0355527777,-0.0494269341,3.5759693959,-1.0109769287,0.2290000000,0.0270000000,-0.2187936114,1.5357810180,0.1975308642,0.5370000000,0.0479687398,-0.3123718387,3.4797517320,1.1092621765,0.5370000000,0.0479687398,-0.3123718387,3.4797517320,1.1092621765
