Instance,INF_avg,INF_sd,INF_r1,INF_kr,INF_sk,SUP_avg,SUP_sd,SUP_r1,SUP_kr,SUP_sk,INC_avg,INC_sd,INC_r1,INC_kr,INC_sk,IND_avg,IND_sd,IND_r1,IND_kr,IND_sk
193,0.2648000000,0.0643192040,-0.1547223168,5.6495689569,1.3415107100,0.2704000000,0.0657559123,-0.0621021378,2.2576448065,0.2520111881,0.4648000000,0.0790503637,0.0689129787,2.0395341950,-0.1668391206,0.4648000000,0.0790503637,0.0689129787,2.0395341950,-0.1668391206
