Instance,INF_avg,INF_sd,INF_r1,INF_kr,INF_sk,SUP_avg,SUP_sd,SUP_r1,SUP_kr,SUP_sk,INC_avg,INC_sd,INC_r1,INC_kr,INC_sk,IND_avg,IND_sd,IND_r1,IND_kr,IND_sk
448,0.2190000000,0.0221133444,-0.4413212967,2.1005557856,0.3692631937,0.2585000000,0.0323303263,-0.4304028717,1.7498447007,0.1958821771,0.5225000000,0.0365547535,-0.3100731570,2.5348651205,0.8352732743,0.5225000000,0.0365547535,-0.3100731570,2.5348651205,0.8352732743
