Instance,INF_avg,INF_sd,INF_r1,INF_kr,INF_sk,SUP_avg,SUP_sd,SUP_r1,SUP_kr,SUP_sk,INC_avg,INC_sd,INC_r1,INC_kr,INC_sk,IND_avg,IND_sd,IND_r1,IND_kr,IND_sk
245,0.2302000000,0.0337632937,-0.1367797063,2.7373755305,-0.0866221766,0.2580000000,0.0399749922,-0.1849851541,2.3212447975,0.2403098151,0.5118000000,0.0436664631,-0.0396028185,2.6878247198,-0.2051649699,0.5118000000,0.0436664631,-0.0396028185,2.6878247198,-0.2051649699
