Instance,INF_avg,INF_sd,INF_r1,INF_kr,INF_sk,SUP_avg,SUP_sd,SUP_r1,SUP_kr,SUP_sk,INC_avg,INC_sd,INC_r1,INC_kr,INC_sk,IND_avg,IND_sd,IND_r1,IND_kr,IND_sk
370,0.2240000000,0.1141227409,-0.3832607934,1.9445665232,0.0056837808,0.2280000000,0.1312097557,0.0754534282,1.9988080596,0.3240080047,0.5480000000,0.1445544880,0.1155478988,3.0410017143,-0.0793270081,0.5480000000,0.1445544880,0.1155478988,3.0410017143,-0.0793270081
