Instance,INF_avg,INF_sd,INF_r1,INF_kr,INF_sk,SUP_avg,SUP_sd,SUP_r1,SUP_kr,SUP_sk,INC_avg,INC_sd,INC_r1,INC_kr,INC_sk,IND_avg,IND_sd,IND_r1,IND_kr,IND_sk
19,0.2400000000,0.0583095189,-0.2130177515,1.6280276817,-0.3631734744,0.3300000000,0.0871779789,-0.4150943396,3.0422437673,1.3040473294,0.4300000000,0.0979795897,-0.5021008403,2.4361979167,0.5677202789,0.4300000000,0.0979795897,-0.5021008403,2.4361979167,0.5677202789
