Instance,INF_avg,INF_sd,INF_r1,INF_kr,INF_sk,SUP_avg,SUP_sd,SUP_r1,SUP_kr,SUP_sk,INC_avg,INC_sd,INC_r1,INC_kr,INC_sk,IND_avg,IND_sd,IND_r1,IND_kr,IND_sk
321,0.2578500000,0.0320644273,0.0291240361,2.8567169947,0.2562497384,0.2434000000,0.0323487249,-0.0458057779,3.1498579567,0.0866151083,0.4987500000,0.0370970012,-0.1419971546,2.5680960117,0.0652546077,0.4987500000,0.0370970012,-0.1419971546,2.5680960117,0.0652546077
