Instance,INF_avg,INF_sd,INF_r1,INF_kr,INF_sk,SUP_avg,SUP_sd,SUP_r1,SUP_kr,SUP_sk,INC_avg,INC_sd,INC_r1,INC_kr,INC_sk,IND_avg,IND_sd,IND_r1,IND_kr,IND_sk
231,0.3400000000,0.1019803903,-0.5289256198,1.9556213018,0.2715454179,0.2200000000,0.1326649916,-0.5296803653,2.2169421488,-0.3700366502,0.4400000000,0.1356465997,0.0265486726,2.9310018904,1.1731251294,0.4400000000,0.1356465997,0.0265486726,2.9310018904,1.1731251294
