Instance,INF_avg,INF_sd,INF_r1,INF_kr,INF_sk,SUP_avg,SUP_sd,SUP_r1,SUP_kr,SUP_sk,INC_avg,INC_sd,INC_r1,INC_kr,INC_sk,IND_avg,IND_sd,IND_r1,IND_kr,IND_sk
229,0.2498000000,0.0555154033,0.2628171714,2.6122144131,0.2673885804,0.2561000000,0.0510469392,0.3349588947,2.4593293628,-0.1093309276,0.4941000000,0.0523468242,0.1690646679,2.7706551209,0.4119955482,0.4941000000,0.0523468242,0.1690646679,2.7706551209,0.4119955482
