Instance,INF_avg,INF_sd,INF_r1,INF_kr,INF_sk,SUP_avg,SUP_sd,SUP_r1,SUP_kr,SUP_sk,INC_avg,INC_sd,INC_r1,INC_kr,INC_sk,IND_avg,IND_sd,IND_r1,IND_kr,IND_sk
223,0.2140000000,0.1183384975,0.0530462287,2.5896625936,0.0175523677,0.3060000000,0.1567290656,-0.0020543717,2.7528952215,0.2123778633,0.4800000000,0.1341640786,-0.3227394808,2.3125925926,-0.3279566367,0.4800000000,0.1341640786,-0.3227394808,2.3125925926,-0.3279566367
