Instance,INF_avg,INF_sd,INF_r1,INF_kr,INF_sk,SUP_avg,SUP_sd,SUP_r1,SUP_kr,SUP_sk,INC_avg,INC_sd,INC_r1,INC_kr,INC_sk,IND_avg,IND_sd,IND_r1,IND_kr,IND_sk
439,0.2320000000,0.0203960781,-0.2121212121,1.9556213018,-0.2715454179,0.2880000000,0.0271293199,0.0271493213,2.3638941399,-0.7500308204,0.4800000000,0.0400000000,0.0000000000,2.0500000000,0.0000000000,0.4800000000,0.0400000000,0.0000000000,2.0500000000,0.0000000000
