Instance,INF_avg,INF_sd,INF_r1,INF_kr,INF_sk,SUP_avg,SUP_sd,SUP_r1,SUP_kr,SUP_sk,INC_avg,INC_sd,INC_r1,INC_kr,INC_sk,IND_avg,IND_sd,IND_r1,IND_kr,IND_sk
374,0.2530000000,0.0542770670,-0.2323070188,3.1976576337,-1.4628871163,0.3820000000,0.0480208288,-0.4806141036,1.2600414921,-0.2613783398,0.3650000000,0.0477493455,-0.0166666667,1.6733033241,-0.4698328379,0.3650000000,0.0477493455,-0.0166666667,1.6733033241,-0.4698328379
