Instance,INF_avg,INF_sd,INF_r1,INF_kr,INF_sk,SUP_avg,SUP_sd,SUP_r1,SUP_kr,SUP_sk,INC_avg,INC_sd,INC_r1,INC_kr,INC_sk,IND_avg,IND_sd,IND_r1,IND_kr,IND_sk
331,0.3100000000,0.0943398113,0.1001124859,2.9714682490,-0.9146947998,0.1800000000,0.0871779789,0.7402597403,1.4321329640,0.3984589062,0.5100000000,0.1513274595,0.5942830798,2.1047844244,0.5228835389,0.5100000000,0.1513274595,0.5942830798,2.1047844244,0.5228835389
