Instance,INF_avg,INF_sd,INF_r1,INF_kr,INF_sk,SUP_avg,SUP_sd,SUP_r1,SUP_kr,SUP_sk,INC_avg,INC_sd,INC_r1,INC_kr,INC_sk,IND_avg,IND_sd,IND_r1,IND_kr,IND_sk
488,0.2538000000,0.0688589863,0.2400356213,3.0545154021,0.1118268120,0.2098000000,0.0683809915,-0.0367940755,2.1794278444,0.0822700510,0.5364000000,0.0719655473,0.0754023145,3.0286036480,0.0600470634,0.5364000000,0.0719655473,0.0754023145,3.0286036480,0.0600470634
