Instance,INF_avg,INF_sd,INF_r1,INF_kr,INF_sk,SUP_avg,SUP_sd,SUP_r1,SUP_kr,SUP_sk,INC_avg,INC_sd,INC_r1,INC_kr,INC_sk,IND_avg,IND_sd,IND_r1,IND_kr,IND_sk
305,0.3000000000,0.0547722558,0.0909090909,2.5000000000,0.0000000000,0.2200000000,0.0927361850,0.7739361702,3.9429421309,-0.7824145405,0.4800000000,0.0900000000,-0.0364683301,2.1897576589,0.5061728395,0.4800000000,0.0900000000,-0.0364683301,2.1897576589,0.5061728395
