Instance,INF_avg,INF_sd,INF_r1,INF_kr,INF_sk,SUP_avg,SUP_sd,SUP_r1,SUP_kr,SUP_sk,INC_avg,INC_sd,INC_r1,INC_kr,INC_sk,IND_avg,IND_sd,IND_r1,IND_kr,IND_sk
373,0.2309000000,0.0229715041,-0.0720343032,3.0887313187,0.0760617640,0.2704000000,0.0278000000,-0.1145930302,2.4623340844,0.1360267409,0.4987000000,0.0260155723,0.3218545494,2.8388409624,0.0212553677,0.4987000000,0.0260155723,0.3218545494,2.8388409624,0.0212553677
