Instance,INF_avg,INF_sd,INF_r1,INF_kr,INF_sk,SUP_avg,SUP_sd,SUP_r1,SUP_kr,SUP_sk,INC_avg,INC_sd,INC_r1,INC_kr,INC_sk,IND_avg,IND_sd,IND_r1,IND_kr,IND_sk
476,0.2789473684,0.1004146528,-0.3079710145,2.7325806062,0.1183640296,0.2157894737,0.1308400305,-0.1368651228,2.3933924027,0.5526179375,0.5052631579,0.1190916684,0.3476492403,1.9685974121,-0.1015084930,0.5052631579,0.1190916684,0.3476492403,1.9685974121,-0.1015084930
