Instance,INF_avg,INF_sd,INF_r1,INF_kr,INF_sk,SUP_avg,SUP_sd,SUP_r1,SUP_kr,SUP_sk,INC_avg,INC_sd,INC_r1,INC_kr,INC_sk,IND_avg,IND_sd,IND_r1,IND_kr,IND_sk
458,0.2672000000,0.0499215384,0.0537351602,2.3065025170,-0.0730144224,0.2256000000,0.0631240049,-0.0552978135,2.1578401570,0.4367033309,0.5072000000,0.0735129920,0.2789680942,2.2554562385,0.3745932471,0.5072000000,0.0735129920,0.2789680942,2.2554562385,0.3745932471
