Instance,INF_avg,INF_sd,INF_r1,INF_kr,INF_sk,SUP_avg,SUP_sd,SUP_r1,SUP_kr,SUP_sk,INC_avg,INC_sd,INC_r1,INC_kr,INC_sk,IND_avg,IND_sd,IND_r1,IND_kr,IND_sk
236,0.2400000000,0.0768114575,0.3815331010,2.1852915829,-0.1588746032,0.2600000000,0.0943398113,-0.4968152866,4.4485544754,1.4077724654,0.5000000000,0.1000000000,0.3750000000,2.4250000000,-0.8250000000,0.5000000000,0.1000000000,0.3750000000,2.4250000000,-0.8250000000
