Instance,INF_avg,INF_sd,INF_r1,INF_kr,INF_sk,SUP_avg,SUP_sd,SUP_r1,SUP_kr,SUP_sk,INC_avg,INC_sd,INC_r1,INC_kr,INC_sk,IND_avg,IND_sd,IND_r1,IND_kr,IND_sk
241,0.3095238095,0.0933746264,0.2264108250,3.2131109424,0.5118353325,0.2214285714,0.0824786099,0.2843936922,3.4569750000,-0.8924391786,0.4690476190,0.0698232300,-0.1855967993,3.1296376420,0.6651030843,0.4690476190,0.0698232300,-0.1855967993,3.1296376420,0.6651030843
