Instance,INF_avg,INF_sd,INF_r1,INF_kr,INF_sk,SUP_avg,SUP_sd,SUP_r1,SUP_kr,SUP_sk,INC_avg,INC_sd,INC_r1,INC_kr,INC_sk,IND_avg,IND_sd,IND_r1,IND_kr,IND_sk
13,0.2840000000,0.0940425436,0.0201612151,2.3919682456,-0.0377438228,0.2110000000,0.0912633552,0.0018874370,2.8744318206,-0.1298299992,0.5050000000,0.1096585610,-0.1233231644,2.9659666063,-0.3435346710,0.5050000000,0.1096585610,-0.1233231644,2.9659666063,-0.3435346710
