Instance,INF_avg,INF_sd,INF_r1,INF_kr,INF_sk,SUP_avg,SUP_sd,SUP_r1,SUP_kr,SUP_sk,INC_avg,INC_sd,INC_r1,INC_kr,INC_sk,IND_avg,IND_sd,IND_r1,IND_kr,IND_sk
178,0.2160000000,0.0280000000,-0.9609261939,1.9380466472,-0.5160349854,0.3100000000,0.0303315018,0.2000000000,2.1219281664,-0.3870276692,0.4740000000,0.0392937654,-0.6755793226,2.7004886037,-1.1108039135,0.4740000000,0.0392937654,-0.6755793226,2.7004886037,-1.1108039135
