Instance,INF_avg,INF_sd,INF_r1,INF_kr,INF_sk,SUP_avg,SUP_sd,SUP_r1,SUP_kr,SUP_sk,INC_avg,INC_sd,INC_r1,INC_kr,INC_sk,IND_avg,IND_sd,IND_r1,IND_kr,IND_sk
455,0.1900000000,0.1081665383,0.0766276837,3.0582949814,0.3887642401,0.2120000000,0.1423235750,0.2159990742,2.5193990851,0.1210778150,0.5980000000,0.1392695229,0.0827562341,2.9866325582,-0.2752836782,0.5980000000,0.1392695229,0.0827562341,2.9866325582,-0.2752836782
