Instance,INF_avg,INF_sd,INF_r1,INF_kr,INF_sk,SUP_avg,SUP_sd,SUP_r1,SUP_kr,SUP_sk,INC_avg,INC_sd,INC_r1,INC_kr,INC_sk,IND_avg,IND_sd,IND_r1,IND_kr,IND_sk
207,0.2760000000,0.1606984754,0.2314720267,2.0110441628,0.2778761589,0.1640000000,0.1195993311,0.0664886394,2.5506133357,0.5795637451,0.5600000000,0.1442220510,-0.1205501618,2.9571005917,0.3200193440,0.5600000000,0.1442220510,-0.1205501618,2.9571005917,0.3200193440
