Instance,INF_avg,INF_sd,INF_r1,INF_kr,INF_sk,SUP_avg,SUP_sd,SUP_r1,SUP_kr,SUP_sk,INC_avg,INC_sd,INC_r1,INC_kr,INC_sk,IND_avg,IND_sd,IND_r1,IND_kr,IND_sk
463,0.2790000000,0.1275107839,-0.0335542145,2.9905411843,0.1078420960,0.2180000000,0.1235961164,-0.1572278082,2.8108597049,0.1638003759,0.5030000000,0.1479560746,-0.1475833501,3.0684758484,0.1892472085,0.5030000000,0.1479560746,-0.1475833501,3.0684758484,0.1892472085
