Instance,INF_avg,INF_sd,INF_r1,INF_kr,INF_sk,SUP_avg,SUP_sd,SUP_r1,SUP_kr,SUP_sk,INC_avg,INC_sd,INC_r1,INC_kr,INC_sk,IND_avg,IND_sd,IND_r1,IND_kr,IND_sk
26,0.2490000000,0.0391024296,-0.0543874622,2.1860241993,0.2456696096,0.2470000000,0.0400124980,-0.1008082200,2.0278148300,0.4360911007,0.5040000000,0.0504380809,0.3758967001,1.7522101578,0.3679086012,0.5040000000,0.0504380809,0.3758967001,1.7522101578,0.3679086012
