Instance,INF_avg,INF_sd,INF_r1,INF_kr,INF_sk,SUP_avg,SUP_sd,SUP_r1,SUP_kr,SUP_sk,INC_avg,INC_sd,INC_r1,INC_kr,INC_sk,IND_avg,IND_sd,IND_r1,IND_kr,IND_sk
467,0.2508000000,0.0639011737,0.1666951550,5.9391230405,0.8622930804,0.2412000000,0.0669817886,-0.1127310244,2.5396863112,0.3311838819,0.5080000000,0.0828492607,-0.0385981406,2.4982965752,0.1100659323,0.5080000000,0.0828492607,-0.0385981406,2.4982965752,0.1100659323
