Instance,INF_avg,INF_sd,INF_r1,INF_kr,INF_sk,SUP_avg,SUP_sd,SUP_r1,SUP_kr,SUP_sk,INC_avg,INC_sd,INC_r1,INC_kr,INC_sk,IND_avg,IND_sd,IND_r1,IND_kr,IND_sk
310,0.4403164557,0.1155540910,0.8663091775,2.2137776672,-0.0249464980,0.0974683544,0.0769097507,0.8821313912,2.9409468662,0.8729712517,0.4622151899,0.0530568529,0.5931891131,3.2775981739,-0.7248706898,0.4622151899,0.0530568529,0.5931891131,3.2775981739,-0.7248706898
