Instance,INF_avg,INF_sd,INF_r1,INF_kr,INF_sk,SUP_avg,SUP_sd,SUP_r1,SUP_kr,SUP_sk,INC_avg,INC_sd,INC_r1,INC_kr,INC_sk,IND_avg,IND_sd,IND_r1,IND_kr,IND_sk
400,0.2594000000,0.0569529630,0.7582377900,2.0825838987,-0.0787411111,0.2575000000,0.0452796864,0.6464684863,3.9006521476,-0.8634704462,0.4831000000,0.0470626179,0.4736988485,2.6173774195,0.1197180447,0.4831000000,0.0470626179,0.4736988485,2.6173774195,0.1197180447
