Instance,INF_avg,INF_sd,INF_r1,INF_kr,INF_sk,SUP_avg,SUP_sd,SUP_r1,SUP_kr,SUP_sk,INC_avg,INC_sd,INC_r1,INC_kr,INC_sk,IND_avg,IND_sd,IND_r1,IND_kr,IND_sk
14,0.3300000000,0.1248999600,-0.6902515723,1.3269230769,0.2278746804,0.2300000000,0.1288409873,-0.3787375415,2.3327768907,-0.8163607337,0.4400000000,0.1280624847,-0.6165951359,1.6140690065,-0.2056922718,0.4400000000,0.1280624847,-0.6165951359,1.6140690065,-0.2056922718
