Instance,INF_avg,INF_sd,INF_r1,INF_kr,INF_sk,SUP_avg,SUP_sd,SUP_r1,SUP_kr,SUP_sk,INC_avg,INC_sd,INC_r1,INC_kr,INC_sk,IND_avg,IND_sd,IND_r1,IND_kr,IND_sk
257,0.2340000000,0.0839285410,-0.2063043764,2.4367436808,-0.2499895791,0.2990000000,0.0913728625,0.1147381336,2.6223799795,-0.0097683487,0.4670000000,0.0941328848,-0.3221035352,2.3790997276,-0.2269768511,0.4670000000,0.0941328848,-0.3221035352,2.3790997276,-0.2269768511
