Instance,INF_avg,INF_sd,INF_r1,INF_kr,INF_sk,SUP_avg,SUP_sd,SUP_r1,SUP_kr,SUP_sk,INC_avg,INC_sd,INC_r1,INC_kr,INC_sk,IND_avg,IND_sd,IND_r1,IND_kr,IND_sk
34,0.2210000000,0.0375366488,0.0884431437,2.6258534686,0.6026190092,0.2920000000,0.0256124969,-0.1190773067,2.3781231410,0.1699818079,0.4870000000,0.0322645316,0.1750793193,4.7389010235,1.3962388142,0.4870000000,0.0322645316,0.1750793193,4.7389010235,1.3962388142
