Instance,INF_avg,INF_sd,INF_r1,INF_kr,INF_sk,SUP_avg,SUP_sd,SUP_r1,SUP_kr,SUP_sk,INC_avg,INC_sd,INC_r1,INC_kr,INC_sk,IND_avg,IND_sd,IND_r1,IND_kr,IND_sk
282,0.1916666667,0.1114924013,-0.2072659525,2.6582503667,-0.1962539070,0.2500000000,0.1322875656,-0.0508474576,2.5510204082,-0.1079898494,0.5583333333,0.1440968039,-0.4634146341,2.5457097795,-0.4173925161,0.5583333333,0.1440968039,-0.4634146341,2.5457097795,-0.4173925161
