Instance,INF_avg,INF_sd,INF_r1,INF_kr,INF_sk,SUP_avg,SUP_sd,SUP_r1,SUP_kr,SUP_sk,INC_avg,INC_sd,INC_r1,INC_kr,INC_sk,IND_avg,IND_sd,IND_r1,IND_kr,IND_sk
92,0.2414000000,0.0454757078,0.2054420100,5.4986788563,-0.0296506430,0.2504000000,0.0459982608,0.0803567466,1.9475787094,0.0224087222,0.5082000000,0.0533175393,-0.1362861640,3.1759910208,0.1531760511,0.5082000000,0.0533175393,-0.1362861640,3.1759910208,0.1531760511
