Instance,INF_avg,INF_sd,INF_r1,INF_kr,INF_sk,SUP_avg,SUP_sd,SUP_r1,SUP_kr,SUP_sk,INC_avg,INC_sd,INC_r1,INC_kr,INC_sk,IND_avg,IND_sd,IND_r1,IND_kr,IND_sk
446,0.2840000000,0.0739729680,-0.1024658846,2.0880783831,0.2447551266,0.2480000000,0.0708801806,0.0619295043,2.7538033997,0.4399637969,0.4680000000,0.0711055553,0.0395809080,2.1960823586,-0.3247089132,0.4680000000,0.0711055553,0.0395809080,2.1960823586,-0.3247089132
