Instance,INF_avg,INF_sd,INF_r1,INF_kr,INF_sk,SUP_avg,SUP_sd,SUP_r1,SUP_kr,SUP_sk,INC_avg,INC_sd,INC_r1,INC_kr,INC_sk,IND_avg,IND_sd,IND_r1,IND_kr,IND_sk
304,0.2900000000,0.1392838828,0.3837535014,1.3296312042,-0.2931045678,0.1400000000,0.0860232527,-0.6101694915,2.6519357195,1.0179522960,0.5700000000,0.1435270009,0.1027088036,3.0172966349,1.3210869679,0.5700000000,0.1435270009,0.1027088036,3.0172966349,1.3210869679
