Instance,INF_avg,INF_sd,INF_r1,INF_kr,INF_sk,SUP_avg,SUP_sd,SUP_r1,SUP_kr,SUP_sk,INC_avg,INC_sd,INC_r1,INC_kr,INC_sk,IND_avg,IND_sd,IND_r1,IND_kr,IND_sk
415,0.2270000000,0.1347998516,0.1241946705,2.5671476848,0.3831336530,0.2520000000,0.1410531815,-0.1257836576,3.6373489552,0.3975264916,0.5210000000,0.1663099516,-0.0450344771,3.1778623618,-0.0090822392,0.5210000000,0.1663099516,-0.0450344771,3.1778623618,-0.0090822392
