Instance,INF_avg,INF_sd,INF_r1,INF_kr,INF_sk,SUP_avg,SUP_sd,SUP_r1,SUP_kr,SUP_sk,INC_avg,INC_sd,INC_r1,INC_kr,INC_sk,IND_avg,IND_sd,IND_r1,IND_kr,IND_sk
339,0.2424000000,0.0459808656,0.2255202275,2.7870965613,-0.4554496826,0.2604000000,0.0516511375,0.1367847267,3.1675408700,0.1146507644,0.4972000000,0.0481265000,0.2255157818,2.4457770466,0.2066741725,0.4972000000,0.0481265000,0.2255157818,2.4457770466,0.2066741725
