Instance,INF_avg,INF_sd,INF_r1,INF_kr,INF_sk,SUP_avg,SUP_sd,SUP_r1,SUP_kr,SUP_sk,INC_avg,INC_sd,INC_r1,INC_kr,INC_sk,IND_avg,IND_sd,IND_r1,IND_kr,IND_sk
277,0.2330000000,0.1010494928,-0.0838031475,2.4638912119,0.3447066842,0.2155000000,0.1006714955,-0.0948406721,2.9601115332,0.1972597360,0.5515000000,0.1025804562,-0.0263449416,3.0583163610,-0.3044256764,0.5515000000,0.1025804562,-0.0263449416,3.0583163610,-0.3044256764
