Instance,INF_avg,INF_sd,INF_r1,INF_kr,INF_sk,SUP_avg,SUP_sd,SUP_r1,SUP_kr,SUP_sk,INC_avg,INC_sd,INC_r1,INC_kr,INC_sk,IND_avg,IND_sd,IND_r1,IND_kr,IND_sk
297,0.2531000000,0.0362476206,0.3126984225,2.8860745219,0.6237961378,0.2680000000,0.0480000000,0.5364736730,3.2340257433,0.1996256510,0.4789000000,0.0402900732,0.1195194613,3.4184911702,-0.4118240608,0.4789000000,0.0402900732,0.1195194613,3.4184911702,-0.4118240608
