Instance,INF_avg,INF_sd,INF_r1,INF_kr,INF_sk,SUP_avg,SUP_sd,SUP_r1,SUP_kr,SUP_sk,INC_avg,INC_sd,INC_r1,INC_kr,INC_sk,IND_avg,IND_sd,IND_r1,IND_kr,IND_sk
444,0.2560000000,0.1471869559,0.1561181435,3.5816531356,0.6350106736,0.2160000000,0.1007174265,-0.2233110520,2.6131765666,-0.5588925649,0.5280000000,0.1562561999,-0.0662449804,3.3195781637,-0.1554056292,0.5280000000,0.1562561999,-0.0662449804,3.3195781637,-0.1554056292
