Instance,INF_avg,INF_sd,INF_r1,INF_kr,INF_sk,SUP_avg,SUP_sd,SUP_r1,SUP_kr,SUP_sk,INC_avg,INC_sd,INC_r1,INC_kr,INC_sk,IND_avg,IND_sd,IND_r1,IND_kr,IND_sk
128,0.2630000000,0.0355105618,0.4399331263,1.5982978654,0.1797501649,0.2490000000,0.0167032931,-0.5361558636,3.0103287471,-0.2278862972,0.4880000000,0.0374966665,0.2108328480,1.9200844177,-0.1210349412,0.4880000000,0.0374966665,0.2108328480,1.9200844177,-0.1210349412
