Instance,INF_avg,INF_sd,INF_r1,INF_kr,INF_sk,SUP_avg,SUP_sd,SUP_r1,SUP_kr,SUP_sk,INC_avg,INC_sd,INC_r1,INC_kr,INC_sk,IND_avg,IND_sd,IND_r1,IND_kr,IND_sk
428,0.2440000000,0.1576832268,0.1561317857,2.8899564208,0.7837422795,0.2880000000,0.0992773892,0.0883936017,3.0349553044,0.2417468892,0.4680000000,0.1318180564,0.0733081226,2.1922763855,-0.1306002385,0.4680000000,0.1318180564,0.0733081226,2.1922763855,-0.1306002385
