Instance,INF_avg,INF_sd,INF_r1,INF_kr,INF_sk,SUP_avg,SUP_sd,SUP_r1,SUP_kr,SUP_sk,INC_avg,INC_sd,INC_r1,INC_kr,INC_sk,IND_avg,IND_sd,IND_r1,IND_kr,IND_sk
174,0.2592000000,0.0759957894,0.2827168549,2.9600687322,0.4529961221,0.3100000000,0.0690796642,0.0614146548,2.9845972138,0.2213268856,0.4308000000,0.0819960975,0.1551800588,2.4846457858,0.1572013584,0.4308000000,0.0819960975,0.1551800588,2.4846457858,0.1572013584
