Instance,INF_avg,INF_sd,INF_r1,INF_kr,INF_sk,SUP_avg,SUP_sd,SUP_r1,SUP_kr,SUP_sk,INC_avg,INC_sd,INC_r1,INC_kr,INC_sk,IND_avg,IND_sd,IND_r1,IND_kr,IND_sk
136,0.2400000000,0.1058300524,0.1666666667,2.6530612245,0.3644657418,0.2840000000,0.1376372043,-0.0563142239,2.3696670699,0.3809957451,0.4760000000,0.1581897595,0.2397091952,2.4035082842,-0.1476422924,0.4760000000,0.1581897595,0.2397091952,2.4035082842,-0.1476422924
