Instance,INF_avg,INF_sd,INF_r1,INF_kr,INF_sk,SUP_avg,SUP_sd,SUP_r1,SUP_kr,SUP_sk,INC_avg,INC_sd,INC_r1,INC_kr,INC_sk,IND_avg,IND_sd,IND_r1,IND_kr,IND_sk
80,0.2430000000,0.1518255578,-0.1424064332,3.1344849575,0.7248882982,0.2720000000,0.1312097557,0.0398870290,2.4133960282,-0.2177619381,0.4850000000,0.1651514456,0.0534507888,2.6720051820,0.0800864791,0.4850000000,0.1651514456,0.0534507888,2.6720051820,0.0800864791
