Instance,INF_avg,INF_sd,INF_r1,INF_kr,INF_sk,SUP_avg,SUP_sd,SUP_r1,SUP_kr,SUP_sk,INC_avg,INC_sd,INC_r1,INC_kr,INC_sk,IND_avg,IND_sd,IND_r1,IND_kr,IND_sk
121,0.2920000000,0.0365513338,0.1230551627,1.2969450321,0.2329592161,0.2360000000,0.0538887743,0.0648445874,2.4780525010,-0.0555168599,0.4720000000,0.0406939799,-0.9332855093,1.2996919415,-0.1445928362,0.4720000000,0.0406939799,-0.9332855093,1.2996919415,-0.1445928362
