Instance,INF_avg,INF_sd,INF_r1,INF_kr,INF_sk,SUP_avg,SUP_sd,SUP_r1,SUP_kr,SUP_sk,INC_avg,INC_sd,INC_r1,INC_kr,INC_sk,IND_avg,IND_sd,IND_r1,IND_kr,IND_sk
4,0.4263392857,0.0729113397,0.5075036959,2.3231378132,-0.2497675946,0.1006250000,0.0616192405,0.7804156257,2.5955291150,0.6443916330,0.4730357143,0.0443975403,0.0106167620,3.0970141609,0.3489552526,0.4730357143,0.0443975403,0.0106167620,3.0970141609,0.3489552526
