Instance,INF_avg,INF_sd,INF_r1,INF_kr,INF_sk,SUP_avg,SUP_sd,SUP_r1,SUP_kr,SUP_sk,INC_avg,INC_sd,INC_r1,INC_kr,INC_sk,IND_avg,IND_sd,IND_r1,IND_kr,IND_sk
140,0.2382000000,0.0352102258,0.0424189301,1.9216070871,0.0981745044,0.2768000000,0.0332228837,0.2957841849,2.8408396684,0.1649536171,0.4850000000,0.0290516781,0.0251497006,2.7805698434,-0.2569371364,0.4850000000,0.0290516781,0.0251497006,2.7805698434,-0.2569371364
