Instance,INF_avg,INF_sd,INF_r1,INF_kr,INF_sk,SUP_avg,SUP_sd,SUP_r1,SUP_kr,SUP_sk,INC_avg,INC_sd,INC_r1,INC_kr,INC_sk,IND_avg,IND_sd,IND_r1,IND_kr,IND_sk
169,0.2600000000,0.0335410197,0.0762331839,3.7200000000,0.9699565982,0.2185000000,0.0347886476,0.5275534945,2.0409850004,0.4848115108,0.5215000000,0.0343547668,0.0489669585,1.8258465232,-0.3946510407,0.5215000000,0.0343547668,0.0489669585,1.8258465232,-0.3946510407
