Instance,INF_avg,INF_sd,INF_r1,INF_kr,INF_sk,SUP_avg,SUP_sd,SUP_r1,SUP_kr,SUP_sk,INC_avg,INC_sd,INC_r1,INC_kr,INC_sk,IND_avg,IND_sd,IND_r1,IND_kr,IND_sk
166,0.2600000000,0.0409878031,-0.3773584906,3.0059523810,-1.1240277626,0.2120000000,0.0340000000,0.0103239587,2.4124112499,0.1031956035,0.5280000000,0.0511468474,0.0442655936,2.8836938529,0.7616134799,0.5280000000,0.0511468474,0.0442655936,2.8836938529,0.7616134799
