Instance,INF_avg,INF_sd,INF_r1,INF_kr,INF_sk,SUP_avg,SUP_sd,SUP_r1,SUP_kr,SUP_sk,INC_avg,INC_sd,INC_r1,INC_kr,INC_sk,IND_avg,IND_sd,IND_r1,IND_kr,IND_sk
84,0.2540000000,0.0506359556,-0.0170285893,2.6174415463,0.7453405232,0.2120000000,0.0640000000,-0.1387691102,1.9476623535,0.1999511719,0.5340000000,0.0482078832,0.0174107912,5.2488794618,1.3821380235,0.5340000000,0.0482078832,0.0174107912,5.2488794618,1.3821380235
