Instance,INF_avg,INF_sd,INF_r1,INF_kr,INF_sk,SUP_avg,SUP_sd,SUP_r1,SUP_kr,SUP_sk,INC_avg,INC_sd,INC_r1,INC_kr,INC_sk,IND_avg,IND_sd,IND_r1,IND_kr,IND_sk
292,0.2240000000,0.0640000000,0.2957746479,2.8180541992,0.4702148437,0.2568000000,0.0561939499,0.0446673261,3.1105025740,-0.1391555508,0.5192000000,0.0700810959,-0.0402535775,1.9134385106,0.1839307763,0.5192000000,0.0700810959,-0.0402535775,1.9134385106,0.1839307763
