Instance,INF_avg,INF_sd,INF_r1,INF_kr,INF_sk,SUP_avg,SUP_sd,SUP_r1,SUP_kr,SUP_sk,INC_avg,INC_sd,INC_r1,INC_kr,INC_sk,IND_avg,IND_sd,IND_r1,IND_kr,IND_sk
115,0.2556000000,0.0731343968,0.1235160135,3.5753605200,-0.0618472664,0.2596000000,0.0596643947,-0.0362722246,2.1709685200,0.3899884621,0.4848000000,0.0728351563,0.1521076355,4.5087303761,0.2020199039,0.4848000000,0.0728351563,0.1521076355,4.5087303761,0.2020199039
