Instance,INF_avg,INF_sd,INF_r1,INF_kr,INF_sk,SUP_avg,SUP_sd,SUP_r1,SUP_kr,SUP_sk,INC_avg,INC_sd,INC_r1,INC_kr,INC_sk,IND_avg,IND_sd,IND_r1,IND_kr,IND_sk
464,0.4400000000,0.1562049935,-0.6006600660,2.0658425155,-0.2077975592,0.3500000000,0.1118033989,-0.1836734694,3.1760000000,-0.6439875775,0.2100000000,0.1445683229,-0.0483484921,2.4783544333,0.6195643428,0.2100000000,0.1445683229,-0.0483484921,2.4783544333,0.6195643428
