Instance,INF_avg,INF_sd,INF_r1,INF_kr,INF_sk,SUP_avg,SUP_sd,SUP_r1,SUP_kr,SUP_sk,INC_avg,INC_sd,INC_r1,INC_kr,INC_sk,IND_avg,IND_sd,IND_r1,IND_kr,IND_sk
402,0.2503000000,0.0448877489,0.0739574281,3.2817310206,0.1680202549,0.2476000000,0.0497216251,0.1492692330,3.6234487259,0.4607240944,0.5021000000,0.0537642074,0.1014330324,2.6135919798,0.0949102078,0.5021000000,0.0537642074,0.1014330324,2.6135919798,0.0949102078
