Instance,INF_avg,INF_sd,INF_r1,INF_kr,INF_sk,SUP_avg,SUP_sd,SUP_r1,SUP_kr,SUP_sk,INC_avg,INC_sd,INC_r1,INC_kr,INC_sk,IND_avg,IND_sd,IND_r1,IND_kr,IND_sk
408,0.2650000000,0.0750000000,0.0038242701,3.3096888889,-0.3057777778,0.2310000000,0.0899388681,0.1478779258,1.8215380991,0.2480112093,0.5040000000,0.1108332080,-0.0908604616,3.3036519510,0.4388827882,0.5040000000,0.1108332080,-0.0908604616,3.3036519510,0.4388827882
