Instance,INF_avg,INF_sd,INF_r1,INF_kr,INF_sk,SUP_avg,SUP_sd,SUP_r1,SUP_kr,SUP_sk,INC_avg,INC_sd,INC_r1,INC_kr,INC_sk,IND_avg,IND_sd,IND_r1,IND_kr,IND_sk
295,0.2530000000,0.1268503055,-0.0498736831,2.6074016079,0.2560588120,0.2690000000,0.1316776367,0.1109099129,2.6961972918,0.2419096133,0.4780000000,0.1425342064,0.0581165491,3.0346001574,0.3285892205,0.4780000000,0.1425342064,0.0581165491,3.0346001574,0.3285892205
