Instance,INF_avg,INF_sd,INF_r1,INF_kr,INF_sk,SUP_avg,SUP_sd,SUP_r1,SUP_kr,SUP_sk,INC_avg,INC_sd,INC_r1,INC_kr,INC_sk,IND_avg,IND_sd,IND_r1,IND_kr,IND_sk
447,0.2399000000,0.0310159636,-0.0521148109,2.8927653928,-0.2895360939,0.2661000000,0.0293307006,0.0436784798,2.5622016712,-0.0972059168,0.4940000000,0.0349571166,-0.0082564191,2.6699207920,-0.0731080458,0.4940000000,0.0349571166,-0.0082564191,2.6699207920,-0.0731080458
