Instance,INF_avg,INF_sd,INF_r1,INF_kr,INF_sk,SUP_avg,SUP_sd,SUP_r1,SUP_kr,SUP_sk,INC_avg,INC_sd,INC_r1,INC_kr,INC_sk,IND_avg,IND_sd,IND_r1,IND_kr,IND_sk
423,0.4538157895,0.0806832192,0.7545562086,2.5358195248,-0.1158009301,0.1017105263,0.0791424126,0.8729340633,2.3942607820,0.6210148020,0.4444736842,0.0344083350,-0.0395391526,3.3833292134,-0.1215806735,0.4444736842,0.0344083350,-0.0395391526,3.3833292134,-0.1215806735
