Instance,INF_avg,INF_sd,INF_r1,INF_kr,INF_sk,SUP_avg,SUP_sd,SUP_r1,SUP_kr,SUP_sk,INC_avg,INC_sd,INC_r1,INC_kr,INC_sk,IND_avg,IND_sd,IND_r1,IND_kr,IND_sk
328,0.2720000000,0.0765245059,-0.4923329682,2.5641404640,-0.4635823444,0.2040000000,0.0344093011,-0.6802168022,1.9945215486,0.3958703373,0.5240000000,0.0463033476,-0.3527653214,2.1988193362,0.3365218792,0.5240000000,0.0463033476,-0.3527653214,2.1988193362,0.3365218792
