Instance,INF_avg,INF_sd,INF_r1,INF_kr,INF_sk,SUP_avg,SUP_sd,SUP_r1,SUP_kr,SUP_sk,INC_avg,INC_sd,INC_r1,INC_kr,INC_sk,IND_avg,IND_sd,IND_r1,IND_kr,IND_sk
406,0.4550340136,0.0981763937,0.7306699769,3.0859666503,-0.6850894741,0.0950340136,0.0703574368,0.8278843141,4.3995070731,1.2811188585,0.4499319728,0.0538894888,0.1129741874,2.9094574142,0.2040444934,0.4499319728,0.0538894888,0.1129741874,2.9094574142,0.2040444934
