Instance,INF_avg,INF_sd,INF_r1,INF_kr,INF_sk,SUP_avg,SUP_sd,SUP_r1,SUP_kr,SUP_sk,INC_avg,INC_sd,INC_r1,INC_kr,INC_sk,IND_avg,IND_sd,IND_r1,IND_kr,IND_sk
249,0.2040000000,0.0276405499,-0.1155152888,2.0999150243,-0.4182336986,0.2730000000,0.0558659109,0.0097516839,2.5445324389,0.4564414860,0.5230000000,0.0390000000,-0.1727943621,3.1626382519,-0.3172002225,0.5230000000,0.0390000000,-0.1727943621,3.1626382519,-0.3172002225
