Instance,INF_avg,INF_sd,INF_r1,INF_kr,INF_sk,SUP_avg,SUP_sd,SUP_r1,SUP_kr,SUP_sk,INC_avg,INC_sd,INC_r1,INC_kr,INC_sk,IND_avg,IND_sd,IND_r1,IND_kr,IND_sk
273,0.2673000000,0.0309872554,-0.1566340036,2.2578418580,-0.0628520155,0.2347000000,0.0293668180,-0.1428311192,2.5175511768,-0.2900669314,0.4980000000,0.0343365694,0.0546023450,3.2113577945,-0.1968242557,0.4980000000,0.0343365694,0.0546023450,3.2113577945,-0.1968242557
