Instance,INF_avg,INF_sd,INF_r1,INF_kr,INF_sk,SUP_avg,SUP_sd,SUP_r1,SUP_kr,SUP_sk,INC_avg,INC_sd,INC_r1,INC_kr,INC_sk,IND_avg,IND_sd,IND_r1,IND_kr,IND_sk
12,0.2200000000,0.1166190379,0.2013888889,3.7041522491,1.1197848795,0.2700000000,0.1187434209,-0.1206281228,2.1757959861,0.5948817825,0.5100000000,0.1577973384,0.0451275343,2.2789471138,-0.6230349258,0.5100000000,0.1577973384,0.0451275343,2.2789471138,-0.6230349258
