Instance,INF_avg,INF_sd,INF_r1,INF_kr,INF_sk,SUP_avg,SUP_sd,SUP_r1,SUP_kr,SUP_sk,INC_avg,INC_sd,INC_r1,INC_kr,INC_sk,IND_avg,IND_sd,IND_r1,IND_kr,IND_sk
40,0.2750000000,0.0596405902,0.4065902163,2.5927109876,0.2689713170,0.2156000000,0.0498862707,0.2121379307,2.8485482864,0.3854662067,0.5094000000,0.0645107743,0.3487368932,2.4765282416,0.0254447508,0.5094000000,0.0645107743,0.3487368932,2.4765282416,0.0254447508
