Instance,INF_avg,INF_sd,INF_r1,INF_kr,INF_sk,SUP_avg,SUP_sd,SUP_r1,SUP_kr,SUP_sk,INC_avg,INC_sd,INC_r1,INC_kr,INC_sk,IND_avg,IND_sd,IND_r1,IND_kr,IND_sk
204,0.2500000000,0.0254950976,-0.0413223140,1.5721893491,-0.5430908358,0.2260000000,0.0165529454,-0.3958707361,1.5946773936,0.0555615940,0.5240000000,0.0269072481,-0.0845537441,2.5769436220,-0.8599215151,0.5240000000,0.0269072481,-0.0845537441,2.5769436220,-0.8599215151
