Instance,INF_avg,INF_sd,INF_r1,INF_kr,INF_sk,SUP_avg,SUP_sd,SUP_r1,SUP_kr,SUP_sk,INC_avg,INC_sd,INC_r1,INC_kr,INC_sk,IND_avg,IND_sd,IND_r1,IND_kr,IND_sk
499,0.2730000000,0.0949789450,0.0349106526,3.4070101810,0.3768465126,0.2250000000,0.0917877988,-0.1097744361,2.9746233567,0.0775883267,0.5020000000,0.1095262526,-0.1964933656,3.1100449066,0.3485988612,0.5020000000,0.1095262526,-0.1964933656,3.1100449066,0.3485988612
