Instance,INF_avg,INF_sd,INF_r1,INF_kr,INF_sk,SUP_avg,SUP_sd,SUP_r1,SUP_kr,SUP_sk,INC_avg,INC_sd,INC_r1,INC_kr,INC_sk,IND_avg,IND_sd,IND_r1,IND_kr,IND_sk
42,0.2796000000,0.0597648726,0.1557762536,2.3637827373,0.0569927387,0.2600000000,0.0443621460,-0.3718487395,3.1789113623,0.2144214375,0.4604000000,0.0507133119,0.2077086686,2.7445766995,0.3925101002,0.4604000000,0.0507133119,0.2077086686,2.7445766995,0.3925101002
