Instance,INF_avg,INF_sd,INF_r1,INF_kr,INF_sk,SUP_avg,SUP_sd,SUP_r1,SUP_kr,SUP_sk,INC_avg,INC_sd,INC_r1,INC_kr,INC_sk,IND_avg,IND_sd,IND_r1,IND_kr,IND_sk
18,0.2685000000,0.0989077853,0.0714645187,2.9303431839,0.2397458812,0.2145000000,0.0941528013,-0.0368797811,2.7529913009,0.2606926069,0.5170000000,0.1022790301,-0.1792742369,2.6625991464,0.2374673143,0.5170000000,0.1022790301,-0.1792742369,2.6625991464,0.2374673143
