Instance,INF_avg,INF_sd,INF_r1,INF_kr,INF_sk,SUP_avg,SUP_sd,SUP_r1,SUP_kr,SUP_sk,INC_avg,INC_sd,INC_r1,INC_kr,INC_sk,IND_avg,IND_sd,IND_r1,IND_kr,IND_sk
454,0.3710052910,0.0929558408,0.4418370599,3.0028508512,0.3860003231,0.1403174603,0.0702671001,0.5613066414,2.8030772583,0.5856050966,0.4886772487,0.0761010645,0.0338814342,2.9311835782,-0.0515863436,0.4886772487,0.0761010645,0.0338814342,2.9311835782,-0.0515863436
