Instance,INF_avg,INF_sd,INF_r1,INF_kr,INF_sk,SUP_avg,SUP_sd,SUP_r1,SUP_kr,SUP_sk,INC_avg,INC_sd,INC_r1,INC_kr,INC_sk,IND_avg,IND_sd,IND_r1,IND_kr,IND_sk
3,0.2821428571,0.1103681224,0.0954894254,2.4422894109,0.0380178716,0.2285714286,0.1129384879,0.2737617135,2.0081920000,0.0182147193,0.4892857143,0.1345343443,0.3774516565,2.6172959250,0.0194188613,0.4892857143,0.1345343443,0.3774516565,2.6172959250,0.0194188613
