Instance,INF_avg,INF_sd,INF_r1,INF_kr,INF_sk,SUP_avg,SUP_sd,SUP_r1,SUP_kr,SUP_sk,INC_avg,INC_sd,INC_r1,INC_kr,INC_sk,IND_avg,IND_sd,IND_r1,IND_kr,IND_sk
251,0.2536000000,0.0272587601,-0.0555653137,2.1588343619,0.2991215357,0.2578000000,0.0275347054,0.1034321416,1.9718950193,0.3022413766,0.4886000000,0.0266278050,-0.1156187758,3.3449903656,0.1448986272,0.4886000000,0.0266278050,-0.1156187758,3.3449903656,0.1448986272
