Instance,INF_avg,INF_sd,INF_r1,INF_kr,INF_sk,SUP_avg,SUP_sd,SUP_r1,SUP_kr,SUP_sk,INC_avg,INC_sd,INC_r1,INC_kr,INC_sk,IND_avg,IND_sd,IND_r1,IND_kr,IND_sk
18,0.2715500000,0.0300973005,0.0804465620,2.8015476834,0.4123758384,0.2256000000,0.0300772339,-0.1614839752,2.5696730590,0.2127574458,0.5028500000,0.0325979677,-0.0859449458,2.6539843049,0.0695055056,0.5028500000,0.0325979677,-0.0859449458,2.6539843049,0.0695055056
