Instance,INF_avg,INF_sd,INF_r1,INF_kr,INF_sk,SUP_avg,SUP_sd,SUP_r1,SUP_kr,SUP_sk,INC_avg,INC_sd,INC_r1,INC_kr,INC_sk,IND_avg,IND_sd,IND_r1,IND_kr,IND_sk
389,0.2440000000,0.1202663710,0.0548562757,1.9497317723,0.2101529802,0.2920000000,0.1787064632,-0.3219173903,2.4335876161,0.0783183313,0.4640000000,0.1763632615,-0.1818239945,2.9319114210,0.5115003872,0.4640000000,0.1763632615,-0.1818239945,2.9319114210,0.5115003872
