Instance,INF_avg,INF_sd,INF_r1,INF_kr,INF_sk,SUP_avg,SUP_sd,SUP_r1,SUP_kr,SUP_sk,INC_avg,INC_sd,INC_r1,INC_kr,INC_sk,IND_avg,IND_sd,IND_r1,IND_kr,IND_sk
200,0.2745000000,0.0983603070,0.1099098166,3.0782274361,0.0976761648,0.2300000000,0.1034408043,0.0183331774,2.6749934492,0.0067761903,0.4955000000,0.1170672883,0.0255907718,2.6747199220,-0.2001677697,0.4955000000,0.1170672883,0.0255907718,2.6747199220,-0.2001677697
