Instance,INF_avg,INF_sd,INF_r1,INF_kr,INF_sk,SUP_avg,SUP_sd,SUP_r1,SUP_kr,SUP_sk,INC_avg,INC_sd,INC_r1,INC_kr,INC_sk,IND_avg,IND_sd,IND_r1,IND_kr,IND_sk
332,0.2613500000,0.0538973793,0.5389484721,3.4219178431,0.3382641421,0.3473000000,0.0601931059,0.6208036291,2.6683499529,-0.1158675490,0.3913500000,0.0413573150,0.2294319915,2.9873809866,0.0220043413,0.3913500000,0.0413573150,0.2294319915,2.9873809866,0.0220043413
