Instance,INF_avg,INF_sd,INF_r1,INF_kr,INF_sk,SUP_avg,SUP_sd,SUP_r1,SUP_kr,SUP_sk,INC_avg,INC_sd,INC_r1,INC_kr,INC_sk,IND_avg,IND_sd,IND_r1,IND_kr,IND_sk
258,0.3020000000,0.0596322061,-0.3267842348,3.2588492524,1.0575512990,0.2460000000,0.0613514466,0.3366518775,2.0093677899,0.3604258310,0.4520000000,0.0754718491,0.3671660043,1.6624479232,0.0884324074,0.4520000000,0.0754718491,0.3671660043,1.6624479232,0.0884324074
