Instance,INF_avg,INF_sd,INF_r1,INF_kr,INF_sk,SUP_avg,SUP_sd,SUP_r1,SUP_kr,SUP_sk,INC_avg,INC_sd,INC_r1,INC_kr,INC_sk,IND_avg,IND_sd,IND_r1,IND_kr,IND_sk
328,0.2233000000,0.0326589957,0.0686221871,2.7688317942,-0.0253449381,0.3090000000,0.0323882695,0.1393790124,2.5865452685,-0.2263998023,0.4677000000,0.0311802822,-0.0152433334,3.4582533657,0.2089121034,0.4677000000,0.0311802822,-0.0152433334,3.4582533657,0.2089121034
