Instance,INF_avg,INF_sd,INF_r1,INF_kr,INF_sk,SUP_avg,SUP_sd,SUP_r1,SUP_kr,SUP_sk,INC_avg,INC_sd,INC_r1,INC_kr,INC_sk,IND_avg,IND_sd,IND_r1,IND_kr,IND_sk
146,0.2445000000,0.0367049043,-0.9704653333,3.3519045845,0.9991469820,0.2210000000,0.0301496269,0.2077717235,1.8780620636,-0.1095745025,0.5345000000,0.0275181758,-0.3526549960,3.7583623520,0.9861005516,0.5345000000,0.0275181758,-0.3526549960,3.7583623520,0.9861005516
