Instance,INF_avg,INF_sd,INF_r1,INF_kr,INF_sk,SUP_avg,SUP_sd,SUP_r1,SUP_kr,SUP_sk,INC_avg,INC_sd,INC_r1,INC_kr,INC_sk,IND_avg,IND_sd,IND_r1,IND_kr,IND_sk
369,0.2948000000,0.0655817048,0.0442474429,2.2808538888,0.1561189620,0.2170000000,0.0616684684,0.2122891816,2.4721176225,0.1327533328,0.4882000000,0.0743556319,0.0603539455,2.9066585089,-0.1058609881,0.4882000000,0.0743556319,0.0603539455,2.9066585089,-0.1058609881
