Instance,INF_avg,INF_sd,INF_r1,INF_kr,INF_sk,SUP_avg,SUP_sd,SUP_r1,SUP_kr,SUP_sk,INC_avg,INC_sd,INC_r1,INC_kr,INC_sk,IND_avg,IND_sd,IND_r1,IND_kr,IND_sk
492,0.2460000000,0.0586856030,-0.0044448625,3.5075453144,0.3120627192,0.2436000000,0.0757564519,0.0828891450,3.9412836171,0.2315980228,0.5104000000,0.0787136583,0.2239984386,3.1482919639,-0.2208646365,0.5104000000,0.0787136583,0.2239984386,3.1482919639,-0.2208646365
