Instance,INF_avg,INF_sd,INF_r1,INF_kr,INF_sk,SUP_avg,SUP_sd,SUP_r1,SUP_kr,SUP_sk,INC_avg,INC_sd,INC_r1,INC_kr,INC_sk,IND_avg,IND_sd,IND_r1,IND_kr,IND_sk
235,0.2600000000,0.0551361950,-0.4324324324,1.8351800554,0.0572744408,0.3280000000,0.0324961536,-0.3036809816,2.2685950413,0.1790421687,0.4120000000,0.0722218803,-0.5180265655,2.2368361624,0.8348505777,0.4120000000,0.0722218803,-0.5180265655,2.2368361624,0.8348505777
