Instance,INF_avg,INF_sd,INF_r1,INF_kr,INF_sk,SUP_avg,SUP_sd,SUP_r1,SUP_kr,SUP_sk,INC_avg,INC_sd,INC_r1,INC_kr,INC_sk,IND_avg,IND_sd,IND_r1,IND_kr,IND_sk
265,0.2584000000,0.0571090186,0.1306676472,2.0354812406,0.1012522668,0.2672000000,0.0469484824,-0.2253106872,2.1831038781,0.1207639975,0.4744000000,0.0594696561,0.1673523547,3.0408097463,-0.3206920188,0.4744000000,0.0594696561,0.1673523547,3.0408097463,-0.3206920188
