Instance,INF_avg,INF_sd,INF_r1,INF_kr,INF_sk,SUP_avg,SUP_sd,SUP_r1,SUP_kr,SUP_sk,INC_avg,INC_sd,INC_r1,INC_kr,INC_sk,IND_avg,IND_sd,IND_r1,IND_kr,IND_sk
474,0.2940000000,0.0295634910,-0.7707967708,1.3742047139,0.0250788638,0.2280000000,0.0156843871,0.5791726106,1.7813801309,-0.0171057167,0.4780000000,0.0361386220,-0.7460908414,2.2058880089,0.5814771394,0.4780000000,0.0361386220,-0.7460908414,2.2058880089,0.5814771394
