Instance,INF_avg,INF_sd,INF_r1,INF_kr,INF_sk,SUP_avg,SUP_sd,SUP_r1,SUP_kr,SUP_sk,INC_avg,INC_sd,INC_r1,INC_kr,INC_sk,IND_avg,IND_sd,IND_r1,IND_kr,IND_sk
211,0.4407222222,0.1141881029,0.8153211216,2.4447947207,-0.4050752863,0.1030000000,0.0774087276,0.8388252115,3.5493289916,1.1044946372,0.4562777778,0.0599910230,0.4043828438,2.5187847288,0.0138981538,0.4562777778,0.0599910230,0.4043828438,2.5187847288,0.0138981538
