Instance,INF_avg,INF_sd,INF_r1,INF_kr,INF_sk,SUP_avg,SUP_sd,SUP_r1,SUP_kr,SUP_sk,INC_avg,INC_sd,INC_r1,INC_kr,INC_sk,IND_avg,IND_sd,IND_r1,IND_kr,IND_sk
455,0.2559000000,0.0441213100,0.3313972018,2.9667182759,0.4449933601,0.2624000000,0.0366775135,0.2954601010,3.9296686374,0.4692018775,0.4817000000,0.0517939186,0.4103312517,2.5482356673,-0.3855809129,0.4817000000,0.0517939186,0.4103312517,2.5482356673,-0.3855809129
