Instance,INF_avg,INF_sd,INF_r1,INF_kr,INF_sk,SUP_avg,SUP_sd,SUP_r1,SUP_kr,SUP_sk,INC_avg,INC_sd,INC_r1,INC_kr,INC_sk,IND_avg,IND_sd,IND_r1,IND_kr,IND_sk
8,0.2600000000,0.0664529909,0.0557768924,1.9533711405,-0.0327135470,0.3200000000,0.0746190324,-0.1740412979,2.5143678161,0.3604516281,0.4200000000,0.0887242921,0.1250000000,2.0238449336,-0.2364133798,0.4200000000,0.0887242921,0.1250000000,2.0238449336,-0.2364133798
