Instance,INF_avg,INF_sd,INF_r1,INF_kr,INF_sk,SUP_avg,SUP_sd,SUP_r1,SUP_kr,SUP_sk,INC_avg,INC_sd,INC_r1,INC_kr,INC_sk,IND_avg,IND_sd,IND_r1,IND_kr,IND_sk
377,0.2592000000,0.0473218765,0.0723972708,2.6693488590,0.2107655448,0.2504000000,0.0458240112,0.3849417401,2.7066509577,-0.5620259242,0.4904000000,0.0579296125,0.4118032509,3.1902990292,-0.3205054903,0.4904000000,0.0579296125,0.4118032509,3.1902990292,-0.3205054903
