Instance,INF_avg,INF_sd,INF_r1,INF_kr,INF_sk,SUP_avg,SUP_sd,SUP_r1,SUP_kr,SUP_sk,INC_avg,INC_sd,INC_r1,INC_kr,INC_sk,IND_avg,IND_sd,IND_r1,IND_kr,IND_sk
336,0.2610000000,0.1303034919,-0.0578575227,2.8404064865,0.2060464940,0.2470000000,0.1506353212,-0.0150105246,2.6622545335,0.5051821593,0.4920000000,0.1712775525,0.0314296498,2.7411513548,0.0765386561,0.4920000000,0.1712775525,0.0314296498,2.7411513548,0.0765386561
