Instance,INF_avg,INF_sd,INF_r1,INF_kr,INF_sk,SUP_avg,SUP_sd,SUP_r1,SUP_kr,SUP_sk,INC_avg,INC_sd,INC_r1,INC_kr,INC_sk,IND_avg,IND_sd,IND_r1,IND_kr,IND_sk
3,0.2195000000,0.0951038906,0.0404766757,3.3202256371,0.5315299691,0.2305000000,0.1012163524,0.2544879270,2.9800624809,-0.0188220350,0.5500000000,0.1131370850,0.2910156250,2.8823852539,-0.1916231756,0.5500000000,0.1131370850,0.2910156250,2.8823852539,-0.1916231756
