Instance,INF_avg,INF_sd,INF_r1,INF_kr,INF_sk,SUP_avg,SUP_sd,SUP_r1,SUP_kr,SUP_sk,INC_avg,INC_sd,INC_r1,INC_kr,INC_sk,IND_avg,IND_sd,IND_r1,IND_kr,IND_sk
24,0.2600000000,0.1135781669,-0.2464985994,2.7959257256,0.6736473214,0.3150000000,0.1184271928,-0.4209801220,1.7918632694,0.3178920139,0.4250000000,0.0981070844,-0.4573643411,3.2020576826,0.9531064359,0.4250000000,0.0981070844,-0.4573643411,3.2020576826,0.9531064359
