Instance,INF_avg,INF_sd,INF_r1,INF_kr,INF_sk,SUP_avg,SUP_sd,SUP_r1,SUP_kr,SUP_sk,INC_avg,INC_sd,INC_r1,INC_kr,INC_sk,IND_avg,IND_sd,IND_r1,IND_kr,IND_sk
80,0.2530000000,0.0989494821,-0.0207894228,3.0234490683,0.2264148889,0.2385000000,0.0913386556,0.1160004731,3.4480222363,0.4404053720,0.5085000000,0.1159859905,0.0091382716,2.6907221337,0.2548118756,0.5085000000,0.1159859905,0.0091382716,2.6907221337,0.2548118756
