Instance,INF_avg,INF_sd,INF_r1,INF_kr,INF_sk,SUP_avg,SUP_sd,SUP_r1,SUP_kr,SUP_sk,INC_avg,INC_sd,INC_r1,INC_kr,INC_sk,IND_avg,IND_sd,IND_r1,IND_kr,IND_sk
493,0.2774000000,0.0328365650,0.2471754429,2.3070600827,0.0294542422,0.2236000000,0.0366202130,0.0479573967,2.3031072864,0.5049996117,0.4990000000,0.0361662826,-0.0247095251,2.7829657997,-0.2409867892,0.4990000000,0.0361662826,-0.0247095251,2.7829657997,-0.2409867892
