Instance,INF_avg,INF_sd,INF_r1,INF_kr,INF_sk,SUP_avg,SUP_sd,SUP_r1,SUP_kr,SUP_sk,INC_avg,INC_sd,INC_r1,INC_kr,INC_sk,IND_avg,IND_sd,IND_r1,IND_kr,IND_sk
239,0.2550000000,0.0960468636,-0.4685508451,2.0477008835,-0.5654421298,0.2550000000,0.0756637298,0.4052558783,2.1047844244,0.5228835389,0.4900000000,0.1090871211,-0.0681244743,2.2573970765,0.6609473197,0.4900000000,0.1090871211,-0.0681244743,2.2573970765,0.6609473197
