Instance,INF_avg,INF_sd,INF_r1,INF_kr,INF_sk,SUP_avg,SUP_sd,SUP_r1,SUP_kr,SUP_sk,INC_avg,INC_sd,INC_r1,INC_kr,INC_sk,IND_avg,IND_sd,IND_r1,IND_kr,IND_sk
188,0.2720000000,0.0429418211,-0.0912750503,2.2169526776,-0.1115366729,0.2374000000,0.0443535793,-0.0795764415,3.4088555848,0.4756456276,0.4906000000,0.0510454699,-0.1387627755,3.3174692759,0.2214156190,0.4906000000,0.0510454699,-0.1387627755,3.3174692759,0.2214156190
