Instance,INF_avg,INF_sd,INF_r1,INF_kr,INF_sk,SUP_avg,SUP_sd,SUP_r1,SUP_kr,SUP_sk,INC_avg,INC_sd,INC_r1,INC_kr,INC_sk,IND_avg,IND_sd,IND_r1,IND_kr,IND_sk
465,0.2760000000,0.0939361485,-0.0872798944,4.0228499871,0.7107700299,0.2580000000,0.1064706532,0.1381257588,2.4517767167,0.3127085510,0.4660000000,0.1137717012,-0.0546791796,3.5345193367,-0.4790023282,0.4660000000,0.1137717012,-0.0546791796,3.5345193367,-0.4790023282
