Instance,INF_avg,INF_sd,INF_r1,INF_kr,INF_sk,SUP_avg,SUP_sd,SUP_r1,SUP_kr,SUP_sk,INC_avg,INC_sd,INC_r1,INC_kr,INC_sk,IND_avg,IND_sd,IND_r1,IND_kr,IND_sk
406,0.2580000000,0.0386781592,-0.6073354908,2.6432125597,1.0228381633,0.2180000000,0.0299332591,-0.0500446828,2.3671077806,0.5959687069,0.5240000000,0.0387814389,-0.4216996259,2.4330296514,0.4369824589,0.5240000000,0.0387814389,-0.4216996259,2.4330296514,0.4369824589
