Instance,INF_avg,INF_sd,INF_r1,INF_kr,INF_sk,SUP_avg,SUP_sd,SUP_r1,SUP_kr,SUP_sk,INC_avg,INC_sd,INC_r1,INC_kr,INC_sk,IND_avg,IND_sd,IND_r1,IND_kr,IND_sk
31,0.2324000000,0.0572559167,-0.1630923066,2.7708612973,-0.0478274758,0.2842000000,0.0625648464,-0.0754426542,2.9370165927,0.1422816925,0.4834000000,0.0698601460,-0.0190321583,2.1772032894,-0.0731483207,0.4834000000,0.0698601460,-0.0190321583,2.1772032894,-0.0731483207
