Instance,INF_avg,INF_sd,INF_r1,INF_kr,INF_sk,SUP_avg,SUP_sd,SUP_r1,SUP_kr,SUP_sk,INC_avg,INC_sd,INC_r1,INC_kr,INC_sk,IND_avg,IND_sd,IND_r1,IND_kr,IND_sk
162,0.3100000000,0.0734846923,-0.0826771654,1.5781893004,-0.3477670622,0.2900000000,0.0734846923,-0.2962962963,1.5781893004,0.3477670622,0.4000000000,0.0894427191,0.4000000000,1.9531250000,-0.6288941187,0.4000000000,0.0894427191,0.4000000000,1.9531250000,-0.6288941187
