Instance,INF_avg,INF_sd,INF_r1,INF_kr,INF_sk,SUP_avg,SUP_sd,SUP_r1,SUP_kr,SUP_sk,INC_avg,INC_sd,INC_r1,INC_kr,INC_sk,IND_avg,IND_sd,IND_r1,IND_kr,IND_sk
60,0.2900000000,0.1374772708,-0.2880044223,2.7025279248,-0.5126388533,0.2200000000,0.1077032961,-0.0765550239,2.0535077289,0.5570860145,0.4900000000,0.1868154169,-0.2232326195,2.8234333051,-0.4987838653,0.4900000000,0.1868154169,-0.2232326195,2.8234333051,-0.4987838653
