Instance,INF_avg,INF_sd,INF_r1,INF_kr,INF_sk,SUP_avg,SUP_sd,SUP_r1,SUP_kr,SUP_sk,INC_avg,INC_sd,INC_r1,INC_kr,INC_sk,IND_avg,IND_sd,IND_r1,IND_kr,IND_sk
135,0.2936000000,0.0430701753,0.0854784328,3.2710237124,0.2578186703,0.2980000000,0.0377359245,0.2010338240,2.9999684383,0.2983477179,0.4084000000,0.0358530333,0.1613720784,2.6945597900,0.3231764451,0.4084000000,0.0358530333,0.1613720784,2.6945597900,0.3231764451
