Instance,INF_avg,INF_sd,INF_r1,INF_kr,INF_sk,SUP_avg,SUP_sd,SUP_r1,SUP_kr,SUP_sk,INC_avg,INC_sd,INC_r1,INC_kr,INC_sk,IND_avg,IND_sd,IND_r1,IND_kr,IND_sk
394,0.2477000000,0.0262718481,0.1102277150,3.6118270341,-0.2974056453,0.2442000000,0.0376345586,0.0013900928,2.3518370567,0.3079459387,0.5081000000,0.0381299095,-0.1034110511,2.7167628734,0.3405962835,0.5081000000,0.0381299095,-0.1034110511,2.7167628734,0.3405962835
