Instance,INF_avg,INF_sd,INF_r1,INF_kr,INF_sk,SUP_avg,SUP_sd,SUP_r1,SUP_kr,SUP_sk,INC_avg,INC_sd,INC_r1,INC_kr,INC_sk,IND_avg,IND_sd,IND_r1,IND_kr,IND_sk
418,0.2687000000,0.0437128128,0.2982274057,2.8190841868,0.4823220515,0.2223000000,0.0385384224,0.2558113205,2.2833115966,0.1849723729,0.5090000000,0.0387814389,-0.0545654165,2.7068473433,-0.3851885163,0.5090000000,0.0387814389,-0.0545654165,2.7068473433,-0.3851885163
