Instance,INF_avg,INF_sd,INF_r1,INF_kr,INF_sk,SUP_avg,SUP_sd,SUP_r1,SUP_kr,SUP_sk,INC_avg,INC_sd,INC_r1,INC_kr,INC_sk,IND_avg,IND_sd,IND_r1,IND_kr,IND_sk
346,0.2520000000,0.0921737490,-0.3232935306,2.9050719780,0.0562067944,0.2000000000,0.0800000000,-0.1166666667,1.9287109375,0.4101562500,0.5480000000,0.0984682690,0.0337109863,2.2333513054,-0.0071390541,0.5480000000,0.0984682690,0.0337109863,2.2333513054,-0.0071390541
