Instance,INF_avg,INF_sd,INF_r1,INF_kr,INF_sk,SUP_avg,SUP_sd,SUP_r1,SUP_kr,SUP_sk,INC_avg,INC_sd,INC_r1,INC_kr,INC_sk,IND_avg,IND_sd,IND_r1,IND_kr,IND_sk
7,0.4180303030,0.1018052165,0.9134503690,1.8229619623,0.0320269455,0.0845454545,0.0682726667,0.8521271154,2.8574041681,0.9257661714,0.4974242424,0.0536913346,0.7054690871,2.1823357862,-0.1645222265,0.4974242424,0.0536913346,0.7054690871,2.1823357862,-0.1645222265
