Instance,INF_avg,INF_sd,INF_r1,INF_kr,INF_sk,SUP_avg,SUP_sd,SUP_r1,SUP_kr,SUP_sk,INC_avg,INC_sd,INC_r1,INC_kr,INC_sk,IND_avg,IND_sd,IND_r1,IND_kr,IND_sk
77,0.2600000000,0.1421267040,-0.1155500922,2.3830996961,0.1630117084,0.2360000000,0.1345511055,0.0295508168,2.5349911319,0.1388029746,0.5040000000,0.1580632785,0.0520588273,2.7172036789,-0.3240959330,0.5040000000,0.1580632785,0.0520588273,2.7172036789,-0.3240959330
