Instance,INF_avg,INF_sd,INF_r1,INF_kr,INF_sk,SUP_avg,SUP_sd,SUP_r1,SUP_kr,SUP_sk,INC_avg,INC_sd,INC_r1,INC_kr,INC_sk,IND_avg,IND_sd,IND_r1,IND_kr,IND_sk
11,0.2452000000,0.0723115482,0.2296559259,3.4634586131,0.2565563996,0.2716000000,0.0733310303,0.2215152100,3.4776823563,0.4680919202,0.4832000000,0.0675704077,0.0685849340,4.2419699502,-0.3838577757,0.4832000000,0.0675704077,0.0685849340,4.2419699502,-0.3838577757
