Instance,INF_avg,INF_sd,INF_r1,INF_kr,INF_sk,SUP_avg,SUP_sd,SUP_r1,SUP_kr,SUP_sk,INC_avg,INC_sd,INC_r1,INC_kr,INC_sk,IND_avg,IND_sd,IND_r1,IND_kr,IND_sk
229,0.2410000000,0.0772593036,0.0561860373,2.7504483501,0.1071036432,0.2600000000,0.0979795897,0.0719063545,2.5904947917,0.0861148738,0.4990000000,0.1060613030,0.1297120906,2.2369408469,0.0010460290,0.4990000000,0.1060613030,0.1297120906,2.2369408469,0.0010460290
