Instance,INF_avg,INF_sd,INF_r1,INF_kr,INF_sk,SUP_avg,SUP_sd,SUP_r1,SUP_kr,SUP_sk,INC_avg,INC_sd,INC_r1,INC_kr,INC_sk,IND_avg,IND_sd,IND_r1,IND_kr,IND_sk
11,0.3000000000,0.1414213562,-0.2222222222,1.7000000000,0.0000000000,0.2600000000,0.1854723699,-0.3524590164,2.4826933478,0.9704949588,0.4400000000,0.1743559577,0.6919431280,1.3801939058,0.5071295170,0.4400000000,0.1743559577,0.6919431280,1.3801939058,0.5071295170
