Instance,INF_avg,INF_sd,INF_r1,INF_kr,INF_sk,SUP_avg,SUP_sd,SUP_r1,SUP_kr,SUP_sk,INC_avg,INC_sd,INC_r1,INC_kr,INC_sk,IND_avg,IND_sd,IND_r1,IND_kr,IND_sk
454,0.2360000000,0.1352922762,0.0357305656,3.6839301433,0.5881594191,0.2560000000,0.1267438361,-0.3900080580,2.4364216441,0.0420586709,0.5080000000,0.1831283703,0.0258703290,2.7014041650,0.3508363642,0.5080000000,0.1831283703,0.0258703290,2.7014041650,0.3508363642
