Instance,INF_avg,INF_sd,INF_r1,INF_kr,INF_sk,SUP_avg,SUP_sd,SUP_r1,SUP_kr,SUP_sk,INC_avg,INC_sd,INC_r1,INC_kr,INC_sk,IND_avg,IND_sd,IND_r1,IND_kr,IND_sk
365,0.2900000000,0.1700000000,-0.3253882268,1.8574609978,0.4005699165,0.2000000000,0.1183215957,0.0769230769,4.3877551020,1.4488358652,0.5100000000,0.1813835715,-0.8427518428,1.4724272688,0.1528273179,0.5100000000,0.1813835715,-0.8427518428,1.4724272688,0.1528273179
