Instance,INF_avg,INF_sd,INF_r1,INF_kr,INF_sk,SUP_avg,SUP_sd,SUP_r1,SUP_kr,SUP_sk,INC_avg,INC_sd,INC_r1,INC_kr,INC_sk,IND_avg,IND_sd,IND_r1,IND_kr,IND_sk
54,0.2660000000,0.0304302481,-0.0691606549,2.3646072893,0.0108593779,0.2172000000,0.0336178524,0.4341049175,3.4235375397,-0.5686413305,0.5168000000,0.0423055552,-0.0885097432,4.1763058171,0.8067492511,0.5168000000,0.0423055552,-0.0885097432,4.1763058171,0.8067492511
