Instance,INF_avg,INF_sd,INF_r1,INF_kr,INF_sk,SUP_avg,SUP_sd,SUP_r1,SUP_kr,SUP_sk,INC_avg,INC_sd,INC_r1,INC_kr,INC_sk,IND_avg,IND_sd,IND_r1,IND_kr,IND_sk
137,0.2424000000,0.0314998413,0.0977825757,2.4127621246,-0.1714248281,0.2300000000,0.0431277173,0.6148018648,2.4385189039,-0.0845201536,0.5276000000,0.0449915548,0.4451625904,2.4589164803,0.4039404357,0.5276000000,0.0449915548,0.4451625904,2.4589164803,0.4039404357
