Instance,INF_avg,INF_sd,INF_r1,INF_kr,INF_sk,SUP_avg,SUP_sd,SUP_r1,SUP_kr,SUP_sk,INC_avg,INC_sd,INC_r1,INC_kr,INC_sk,IND_avg,IND_sd,IND_r1,IND_kr,IND_sk
4,0.2006000000,0.0424928229,-0.0033327479,2.5593254985,-0.0540928490,0.3099000000,0.0497492714,-0.0308281675,2.3752263766,0.3548515464,0.4895000000,0.0518145732,0.0089787143,2.4757267003,0.0182392714,0.4895000000,0.0518145732,0.0089787143,2.4757267003,0.0182392714
