Instance,INF_avg,INF_sd,INF_r1,INF_kr,INF_sk,SUP_avg,SUP_sd,SUP_r1,SUP_kr,SUP_sk,INC_avg,INC_sd,INC_r1,INC_kr,INC_sk,IND_avg,IND_sd,IND_r1,IND_kr,IND_sk
102,0.2200000000,0.1248999600,-0.4471925134,1.8261834320,-0.1893823358,0.2650000000,0.0776208735,0.0681914443,2.0842788519,-0.0256593511,0.5150000000,0.1342572158,-0.2767549768,1.8524452669,0.3917377524,0.5150000000,0.1342572158,-0.2767549768,1.8524452669,0.3917377524
