Instance,INF_avg,INF_sd,INF_r1,INF_kr,INF_sk,SUP_avg,SUP_sd,SUP_r1,SUP_kr,SUP_sk,INC_avg,INC_sd,INC_r1,INC_kr,INC_sk,IND_avg,IND_sd,IND_r1,IND_kr,IND_sk
364,0.2600000000,0.0344383507,0.2673310225,2.6106287804,-0.0525170428,0.2230000000,0.0339558537,0.4354712791,2.4412991036,-0.1530991493,0.5170000000,0.0307083051,0.1524469659,3.3694105925,-0.6844756808,0.5170000000,0.0307083051,0.1524469659,3.3694105925,-0.6844756808
