Instance,INF_avg,INF_sd,INF_r1,INF_kr,INF_sk,SUP_avg,SUP_sd,SUP_r1,SUP_kr,SUP_sk,INC_avg,INC_sd,INC_r1,INC_kr,INC_sk,IND_avg,IND_sd,IND_r1,IND_kr,IND_sk
90,0.3435483871,0.1021873165,0.0446558287,2.2359309681,0.2652337460,0.1709677419,0.0830606012,-0.0469313571,2.3518969718,0.0358054041,0.4854838710,0.1071579693,-0.1739697860,2.1931319365,-0.2891183479,0.4854838710,0.1071579693,-0.1739697860,2.1931319365,-0.2891183479
