Instance,INF_avg,INF_sd,INF_r1,INF_kr,INF_sk,SUP_avg,SUP_sd,SUP_r1,SUP_kr,SUP_sk,INC_avg,INC_sd,INC_r1,INC_kr,INC_sk,IND_avg,IND_sd,IND_r1,IND_kr,IND_sk
419,0.2512000000,0.0599713265,0.4519929722,3.4922350966,0.3463790246,0.2222000000,0.0617993527,0.5039822475,2.5361588873,-0.0616769949,0.5266000000,0.0585016239,0.2514197878,2.9343796592,-0.1621820202,0.5266000000,0.0585016239,0.2514197878,2.9343796592,-0.1621820202
