Instance,INF_avg,INF_sd,INF_r1,INF_kr,INF_sk,SUP_avg,SUP_sd,SUP_r1,SUP_kr,SUP_sk,INC_avg,INC_sd,INC_r1,INC_kr,INC_sk,IND_avg,IND_sd,IND_r1,IND_kr,IND_sk
60,0.4258713693,0.0993864375,0.8836597578,2.0454778803,-0.0086143887,0.1001659751,0.0692743467,0.9158190476,2.3832750683,0.6521364023,0.4739626556,0.0456188732,0.5129784533,2.9518042503,-0.2609590413,0.4739626556,0.0456188732,0.5129784533,2.9518042503,-0.2609590413
