Instance,INF_avg,INF_sd,INF_r1,INF_kr,INF_sk,SUP_avg,SUP_sd,SUP_r1,SUP_kr,SUP_sk,INC_avg,INC_sd,INC_r1,INC_kr,INC_sk,IND_avg,IND_sd,IND_r1,IND_kr,IND_sk
418,0.3068000000,0.0630694855,0.0470712237,2.4702480533,0.0324434680,0.2148000000,0.0593039628,0.1353288136,3.4601463848,0.2169307987,0.4784000000,0.0627171428,0.0113307602,2.6586407452,-0.2120658263,0.4784000000,0.0627171428,0.0113307602,2.6586407452,-0.2120658263
