Instance,INF_avg,INF_sd,INF_r1,INF_kr,INF_sk,SUP_avg,SUP_sd,SUP_r1,SUP_kr,SUP_sk,INC_avg,INC_sd,INC_r1,INC_kr,INC_sk,IND_avg,IND_sd,IND_r1,IND_kr,IND_sk
143,0.2770000000,0.0555067563,-0.3155623079,1.9606107351,-0.1692470089,0.2470000000,0.0382230297,-0.4075078383,1.2488689500,0.0264308441,0.4760000000,0.0516139516,-0.3383838384,1.9322971620,-0.8084970911,0.4760000000,0.0516139516,-0.3383838384,1.9322971620,-0.8084970911
