Instance,INF_avg,INF_sd,INF_r1,INF_kr,INF_sk,SUP_avg,SUP_sd,SUP_r1,SUP_kr,SUP_sk,INC_avg,INC_sd,INC_r1,INC_kr,INC_sk,IND_avg,IND_sd,IND_r1,IND_kr,IND_sk
102,0.4003043478,0.0848163924,0.8361164938,2.1897149576,-0.1963453953,0.0869130435,0.0644561955,0.9088669138,2.5357899041,0.7718670662,0.5127826087,0.0400363493,0.2456308370,2.9301631771,-0.1917519921,0.5127826087,0.0400363493,0.2456308370,2.9301631771,-0.1917519921
