Instance,INF_avg,INF_sd,INF_r1,INF_kr,INF_sk,SUP_avg,SUP_sd,SUP_r1,SUP_kr,SUP_sk,INC_avg,INC_sd,INC_r1,INC_kr,INC_sk,IND_avg,IND_sd,IND_r1,IND_kr,IND_sk
88,0.2400000000,0.0800000000,0.2948717949,2.6640625000,0.3281250000,0.1900000000,0.1374772708,0.2758430072,3.1056521374,0.8728715609,0.5700000000,0.1486606875,0.5100440960,1.7275854303,-0.5734459475,0.5700000000,0.1486606875,0.5100440960,1.7275854303,-0.5734459475
