Instance,INF_avg,INF_sd,INF_r1,INF_kr,INF_sk,SUP_avg,SUP_sd,SUP_r1,SUP_kr,SUP_sk,INC_avg,INC_sd,INC_r1,INC_kr,INC_sk,IND_avg,IND_sd,IND_r1,IND_kr,IND_sk
406,0.1800000000,0.1131370850,0.2155612245,2.2460937500,0.2320194126,0.3040000000,0.1112834219,0.2964186678,2.0640486349,-0.0788544569,0.5160000000,0.1316966211,0.3059522449,2.2423033455,0.0189970327,0.5160000000,0.1316966211,0.3059522449,2.2423033455,0.0189970327
