Instance,INF_avg,INF_sd,INF_r1,INF_kr,INF_sk,SUP_avg,SUP_sd,SUP_r1,SUP_kr,SUP_sk,INC_avg,INC_sd,INC_r1,INC_kr,INC_sk,IND_avg,IND_sd,IND_r1,IND_kr,IND_sk
470,0.2760000000,0.0533666563,0.1868296333,2.7151243530,-0.3031813573,0.1752000000,0.0506849090,0.2252551522,3.9136292781,-0.2016503138,0.5488000000,0.0622459637,0.4490144086,3.7945436889,-0.3407053396,0.5488000000,0.0622459637,0.4490144086,3.7945436889,-0.3407053396
