Instance,INF_avg,INF_sd,INF_r1,INF_kr,INF_sk,SUP_avg,SUP_sd,SUP_r1,SUP_kr,SUP_sk,INC_avg,INC_sd,INC_r1,INC_kr,INC_sk,IND_avg,IND_sd,IND_r1,IND_kr,IND_sk
11,0.2384000000,0.0468768600,0.1593635509,3.3873324489,0.5156031324,0.2892000000,0.0470676109,-0.0212668076,2.1196336378,0.0410214458,0.4724000000,0.0551565046,-0.0257638393,3.3230986764,-0.4467118816,0.4724000000,0.0551565046,-0.0257638393,3.3230986764,-0.4467118816
