Instance,INF_avg,INF_sd,INF_r1,INF_kr,INF_sk,SUP_avg,SUP_sd,SUP_r1,SUP_kr,SUP_sk,INC_avg,INC_sd,INC_r1,INC_kr,INC_sk,IND_avg,IND_sd,IND_r1,IND_kr,IND_sk
24,0.2206000000,0.0328121929,0.1985616047,2.2394743290,-0.1733286717,0.3026000000,0.0361419424,0.3921882778,3.0992334597,-0.4817035271,0.4768000000,0.0416384438,0.4381072349,2.2957750727,0.1334910846,0.4768000000,0.0416384438,0.4381072349,2.2957750727,0.1334910846
