Instance,INF_avg,INF_sd,INF_r1,INF_kr,INF_sk,SUP_avg,SUP_sd,SUP_r1,SUP_kr,SUP_sk,INC_avg,INC_sd,INC_r1,INC_kr,INC_sk,IND_avg,IND_sd,IND_r1,IND_kr,IND_sk
364,0.2680000000,0.0280356915,0.8185731857,2.1009556553,-0.6659994707,0.2530000000,0.0215870331,-0.7687408133,1.5006815377,-0.4867013312,0.4790000000,0.0324653662,0.2260385240,1.3471783645,0.3547204419,0.4790000000,0.0324653662,0.2260385240,1.3471783645,0.3547204419
