Instance,INF_avg,INF_sd,INF_r1,INF_kr,INF_sk,SUP_avg,SUP_sd,SUP_r1,SUP_kr,SUP_sk,INC_avg,INC_sd,INC_r1,INC_kr,INC_sk,IND_avg,IND_sd,IND_r1,IND_kr,IND_sk
109,0.2930000000,0.0269443872,0.0846802530,2.1433759078,0.7726351943,0.2410000000,0.0224499443,-0.4443120905,1.4725529101,-0.1977945302,0.4660000000,0.0326190129,-0.5773641662,2.7063181921,-1.0377844328,0.4660000000,0.0326190129,-0.5773641662,2.7063181921,-1.0377844328
