Instance,INF_avg,INF_sd,INF_r1,INF_kr,INF_sk,SUP_avg,SUP_sd,SUP_r1,SUP_kr,SUP_sk,INC_avg,INC_sd,INC_r1,INC_kr,INC_sk,IND_avg,IND_sd,IND_r1,IND_kr,IND_sk
168,0.2100000000,0.1300000000,-0.1849479584,3.3058016176,0.6335912608,0.2100000000,0.1135781669,0.1563275434,2.2460789616,-0.1965657837,0.5800000000,0.1326649916,0.0099009901,2.6043388430,-0.9148128296,0.5800000000,0.1326649916,0.0099009901,2.6043388430,-0.9148128296
