Instance,INF_avg,INF_sd,INF_r1,INF_kr,INF_sk,SUP_avg,SUP_sd,SUP_r1,SUP_kr,SUP_sk,INC_avg,INC_sd,INC_r1,INC_kr,INC_sk,IND_avg,IND_sd,IND_r1,IND_kr,IND_sk
116,0.3300000000,0.1268857754,-0.0545790934,1.9728019752,-0.2819575118,0.2000000000,0.1264911064,-0.2666666667,3.4375000000,1.1858541226,0.4700000000,0.1268857754,-0.0895211659,1.9728019752,0.2819575118,0.4700000000,0.1268857754,-0.0895211659,1.9728019752,0.2819575118
