Instance,INF_avg,INF_sd,INF_r1,INF_kr,INF_sk,SUP_avg,SUP_sd,SUP_r1,SUP_kr,SUP_sk,INC_avg,INC_sd,INC_r1,INC_kr,INC_sk,IND_avg,IND_sd,IND_r1,IND_kr,IND_sk
4,0.2392500000,0.0264421538,0.2875508308,4.1479975836,-0.4278529976,0.2353500000,0.0341925065,0.3681690798,3.0403692081,0.1316090220,0.5254000000,0.0360879481,0.3371323459,3.1439802557,-0.2365034239,0.5254000000,0.0360879481,0.3371323459,3.1439802557,-0.2365034239
