Instance,INF_avg,INF_sd,INF_r1,INF_kr,INF_sk,SUP_avg,SUP_sd,SUP_r1,SUP_kr,SUP_sk,INC_avg,INC_sd,INC_r1,INC_kr,INC_sk,IND_avg,IND_sd,IND_r1,IND_kr,IND_sk
117,0.2680000000,0.0693974063,0.3752740026,1.9563470602,0.0212555935,0.2300000000,0.0421900462,-0.2810457516,1.9877540715,0.5432880589,0.5020000000,0.0766550716,0.1726831578,2.4809609627,0.7120738350,0.5020000000,0.0766550716,0.1726831578,2.4809609627,0.7120738350
