Instance,INF_avg,INF_sd,INF_r1,INF_kr,INF_sk,SUP_avg,SUP_sd,SUP_r1,SUP_kr,SUP_sk,INC_avg,INC_sd,INC_r1,INC_kr,INC_sk,IND_avg,IND_sd,IND_r1,IND_kr,IND_sk
420,0.2690000000,0.0353411941,-0.4440696508,1.7492918274,0.2457570691,0.2260000000,0.0463033476,-0.6012084592,1.6908066941,0.2859952465,0.5050000000,0.0508428953,-0.4589266156,1.6869568145,0.0639128913,0.5050000000,0.0508428953,-0.4589266156,1.6869568145,0.0639128913
