Instance,INF_avg,INF_sd,INF_r1,INF_kr,INF_sk,SUP_avg,SUP_sd,SUP_r1,SUP_kr,SUP_sk,INC_avg,INC_sd,INC_r1,INC_kr,INC_sk,IND_avg,IND_sd,IND_r1,IND_kr,IND_sk
35,0.2580000000,0.0226053091,0.6672122204,2.1066363870,-0.5303293248,0.2310000000,0.0324653662,0.0132899895,1.8131451883,-0.5147216299,0.5110000000,0.0281780056,-0.2452458093,2.0932211993,0.0219904618,0.5110000000,0.0281780056,-0.2452458093,2.0932211993,0.0219904618
