Instance,INF_avg,INF_sd,INF_r1,INF_kr,INF_sk,SUP_avg,SUP_sd,SUP_r1,SUP_kr,SUP_sk,INC_avg,INC_sd,INC_r1,INC_kr,INC_sk,IND_avg,IND_sd,IND_r1,IND_kr,IND_sk
106,0.2360000000,0.0793977330,-0.1196130617,3.0341592801,0.8840986871,0.2420000000,0.0923904757,0.1032924588,2.3110416526,0.0068167545,0.5220000000,0.1068456831,0.2210557383,2.5189694298,0.2056945559,0.5220000000,0.1068456831,0.2210557383,2.5189694298,0.2056945559
