Instance,INF_avg,INF_sd,INF_r1,INF_kr,INF_sk,SUP_avg,SUP_sd,SUP_r1,SUP_kr,SUP_sk,INC_avg,INC_sd,INC_r1,INC_kr,INC_sk,IND_avg,IND_sd,IND_r1,IND_kr,IND_sk
459,0.2530000000,0.0337786915,0.0613895356,2.4706228910,-0.1970863241,0.2590000000,0.0314483704,-0.5465388929,2.3740794851,0.1693757881,0.4880000000,0.0481248377,-0.3808975834,3.5088995678,0.9250552704,0.4880000000,0.0481248377,-0.3808975834,3.5088995678,0.9250552704
