Instance,INF_avg,INF_sd,INF_r1,INF_kr,INF_sk,SUP_avg,SUP_sd,SUP_r1,SUP_kr,SUP_sk,INC_avg,INC_sd,INC_r1,INC_kr,INC_sk,IND_avg,IND_sd,IND_r1,IND_kr,IND_sk
210,0.1900000000,0.1135781669,0.0768037238,2.2460789616,0.1965657837,0.3600000000,0.0663324958,-0.3366336634,2.3719008264,0.6578429336,0.4500000000,0.1284523258,0.2615384615,2.1900826446,-0.4246357877,0.4500000000,0.1284523258,0.2615384615,2.1900826446,-0.4246357877
