Instance,INF_avg,INF_sd,INF_r1,INF_kr,INF_sk,SUP_avg,SUP_sd,SUP_r1,SUP_kr,SUP_sk,INC_avg,INC_sd,INC_r1,INC_kr,INC_sk,IND_avg,IND_sd,IND_r1,IND_kr,IND_sk
498,0.2200000000,0.0714142843,-0.8306010929,2.2479815456,0.0988433000,0.2000000000,0.0591607978,0.1000000000,1.9387755102,-0.0000000000,0.5800000000,0.0714142843,-0.4525691700,2.2479815456,-0.0988433000,0.5800000000,0.0714142843,-0.4525691700,2.2479815456,-0.0988433000
