Instance,INF_avg,INF_sd,INF_r1,INF_kr,INF_sk,SUP_avg,SUP_sd,SUP_r1,SUP_kr,SUP_sk,INC_avg,INC_sd,INC_r1,INC_kr,INC_sk,IND_avg,IND_sd,IND_r1,IND_kr,IND_sk
68,0.3891397849,0.0921272602,0.7416492326,2.0950351280,-0.1958631571,0.1208602151,0.0742222167,0.7858553172,2.9220017052,0.8039107340,0.4900000000,0.0530570802,0.2123758594,2.3457047379,0.0708405802,0.4900000000,0.0530570802,0.2123758594,2.3457047379,0.0708405802
