Instance,INF_avg,INF_sd,INF_r1,INF_kr,INF_sk,SUP_avg,SUP_sd,SUP_r1,SUP_kr,SUP_sk,INC_avg,INC_sd,INC_r1,INC_kr,INC_sk,IND_avg,IND_sd,IND_r1,IND_kr,IND_sk
283,0.2796500000,0.0346644991,0.1439822319,2.9794521592,-0.2752928665,0.2100000000,0.0355808937,0.2520276954,2.4374265328,0.2837136920,0.5103500000,0.0427273624,0.2057283001,2.1920786147,-0.0033100986,0.5103500000,0.0427273624,0.2057283001,2.1920786147,-0.0033100986
