Instance,INF_avg,INF_sd,INF_r1,INF_kr,INF_sk,SUP_avg,SUP_sd,SUP_r1,SUP_kr,SUP_sk,INC_avg,INC_sd,INC_r1,INC_kr,INC_sk,IND_avg,IND_sd,IND_r1,IND_kr,IND_sk
39,0.3148648649,0.0876609445,0.0620086775,2.1487301483,-0.2477862258,0.1986486486,0.1055785134,0.0541620357,2.0060108190,0.0872017824,0.4864864865,0.1353916484,0.0379457456,2.1004165641,0.2459766022,0.4864864865,0.1353916484,0.0379457456,2.1004165641,0.2459766022
