Instance,INF_avg,INF_sd,INF_r1,INF_kr,INF_sk,SUP_avg,SUP_sd,SUP_r1,SUP_kr,SUP_sk,INC_avg,INC_sd,INC_r1,INC_kr,INC_sk,IND_avg,IND_sd,IND_r1,IND_kr,IND_sk
135,0.3521739130,0.1470568220,-0.1020961399,2.8173443689,0.0393863676,0.2217391304,0.1283897657,0.2014895445,2.1481882838,0.3294776293,0.4260869565,0.1358304291,-0.0910878741,2.2268249463,-0.0627721794,0.4260869565,0.1358304291,-0.0910878741,2.2268249463,-0.0627721794
