Instance,INF_avg,INF_sd,INF_r1,INF_kr,INF_sk,SUP_avg,SUP_sd,SUP_r1,SUP_kr,SUP_sk,INC_avg,INC_sd,INC_r1,INC_kr,INC_sk,IND_avg,IND_sd,IND_r1,IND_kr,IND_sk
34,0.2880000000,0.1002796091,-0.0261228570,3.1285678482,0.3012102946,0.2140000000,0.0830903123,-0.1317238760,2.1681293126,-0.3969490288,0.4980000000,0.1004788535,0.2355581908,3.3695182351,0.0547930889,0.4980000000,0.1004788535,0.2355581908,3.3695182351,0.0547930889
