Instance,INF_avg,INF_sd,INF_r1,INF_kr,INF_sk,SUP_avg,SUP_sd,SUP_r1,SUP_kr,SUP_sk,INC_avg,INC_sd,INC_r1,INC_kr,INC_sk,IND_avg,IND_sd,IND_r1,IND_kr,IND_sk
179,0.2668000000,0.0282092184,0.3150761958,2.2442574427,0.1537820625,0.2262000000,0.0281168988,-0.0172080105,2.1207619675,0.2673308646,0.5070000000,0.0309838668,0.2770942900,2.4347526042,0.2192673384,0.5070000000,0.0309838668,0.2770942900,2.4347526042,0.2192673384
