Instance,INF_avg,INF_sd,INF_r1,INF_kr,INF_sk,SUP_avg,SUP_sd,SUP_r1,SUP_kr,SUP_sk,INC_avg,INC_sd,INC_r1,INC_kr,INC_sk,IND_avg,IND_sd,IND_r1,IND_kr,IND_sk
125,0.2478000000,0.0312755496,-0.0772245718,3.2033326707,-0.1601208581,0.2565000000,0.0330945615,0.0243392379,2.6771649026,-0.0857868395,0.4957000000,0.0312251501,0.1603926162,2.4121211972,-0.2105567099,0.4957000000,0.0312251501,0.1603926162,2.4121211972,-0.2105567099
