Instance,INF_avg,INF_sd,INF_r1,INF_kr,INF_sk,SUP_avg,SUP_sd,SUP_r1,SUP_kr,SUP_sk,INC_avg,INC_sd,INC_r1,INC_kr,INC_sk,IND_avg,IND_sd,IND_r1,IND_kr,IND_sk
468,0.2475000000,0.0980752262,0.0436533537,4.1024576096,0.6740857366,0.2550000000,0.1066536450,-0.0906311615,2.6451539669,0.3517599750,0.4975000000,0.1070922500,-0.0315577800,2.7554478836,0.1565535095,0.4975000000,0.1070922500,-0.0315577800,2.7554478836,0.1565535095
