Instance,INF_avg,INF_sd,INF_r1,INF_kr,INF_sk,SUP_avg,SUP_sd,SUP_r1,SUP_kr,SUP_sk,INC_avg,INC_sd,INC_r1,INC_kr,INC_sk,IND_avg,IND_sd,IND_r1,IND_kr,IND_sk
52,0.1760000000,0.0445421149,-0.0320641283,2.0793444329,-0.6170311183,0.2640000000,0.0637495098,-0.6228070175,2.4459358919,0.9293262752,0.5600000000,0.0438178046,-0.5333333333,1.5625000000,-0.1141088661,0.5600000000,0.0438178046,-0.5333333333,1.5625000000,-0.1141088661
