Instance,INF_avg,INF_sd,INF_r1,INF_kr,INF_sk,SUP_avg,SUP_sd,SUP_r1,SUP_kr,SUP_sk,INC_avg,INC_sd,INC_r1,INC_kr,INC_sk,IND_avg,IND_sd,IND_r1,IND_kr,IND_sk
403,0.2500000000,0.1118033989,-0.1428571429,3.1760000000,0.6439875775,0.2600000000,0.1428285686,-0.5415019763,2.3056516724,-0.3047668418,0.4900000000,0.1300000000,-0.5164698571,3.8099856448,1.0050068275,0.4900000000,0.1300000000,-0.5164698571,3.8099856448,1.0050068275
