Instance,INF_avg,INF_sd,INF_r1,INF_kr,INF_sk,SUP_avg,SUP_sd,SUP_r1,SUP_kr,SUP_sk,INC_avg,INC_sd,INC_r1,INC_kr,INC_sk,IND_avg,IND_sd,IND_r1,IND_kr,IND_sk
416,0.2540000000,0.0947839649,-0.1657019427,3.1948460467,0.1669071840,0.2670000000,0.1022790301,-0.0695352917,2.8435325638,0.2024186505,0.4790000000,0.0970000000,0.0452087334,2.3616441322,0.1994449272,0.4790000000,0.0970000000,0.0452087334,2.3616441322,0.1994449272
