Instance,INF_avg,INF_sd,INF_r1,INF_kr,INF_sk,SUP_avg,SUP_sd,SUP_r1,SUP_kr,SUP_sk,INC_avg,INC_sd,INC_r1,INC_kr,INC_sk,IND_avg,IND_sd,IND_r1,IND_kr,IND_sk
203,0.3200000000,0.1029563014,-0.1596958175,2.2821288715,0.6927284075,0.2200000000,0.0871779789,-0.3347457627,1.7957063712,0.0543353054,0.4600000000,0.0969535971,-0.4598540146,1.4081032141,0.3752617726,0.4600000000,0.0969535971,-0.4598540146,1.4081032141,0.3752617726
