Instance,INF_avg,INF_sd,INF_r1,INF_kr,INF_sk,SUP_avg,SUP_sd,SUP_r1,SUP_kr,SUP_sk,INC_avg,INC_sd,INC_r1,INC_kr,INC_sk,IND_avg,IND_sd,IND_r1,IND_kr,IND_sk
439,0.2748000000,0.0312563594,0.0356329085,3.6285980631,0.3808161825,0.2431500000,0.0325011923,0.1427764111,4.6638176475,0.5842291683,0.4820500000,0.0384713855,-0.0019591598,2.9670930884,-0.0251522723,0.4820500000,0.0384713855,-0.0019591598,2.9670930884,-0.0251522723
