Instance,INF_avg,INF_sd,INF_r1,INF_kr,INF_sk,SUP_avg,SUP_sd,SUP_r1,SUP_kr,SUP_sk,INC_avg,INC_sd,INC_r1,INC_kr,INC_sk,IND_avg,IND_sd,IND_r1,IND_kr,IND_sk
112,0.2400000000,0.1113552873,-0.3601532567,2.8792924037,-0.8342955965,0.2300000000,0.1268857754,-0.0895211659,2.7135141391,0.8928654540,0.5300000000,0.1951922130,-0.2301200909,2.1398102796,0.6244601766,0.5300000000,0.1951922130,-0.2301200909,2.1398102796,0.6244601766
