Instance,INF_avg,INF_sd,INF_r1,INF_kr,INF_sk,SUP_avg,SUP_sd,SUP_r1,SUP_kr,SUP_sk,INC_avg,INC_sd,INC_r1,INC_kr,INC_sk,IND_avg,IND_sd,IND_r1,IND_kr,IND_sk
425,0.2736000000,0.0673427056,-0.1426409492,2.2458957723,-0.2442194920,0.2304000000,0.0518829452,0.3898895991,2.8707569446,-0.3459119927,0.4960000000,0.0664529909,0.1765654788,3.1690296156,0.2800279626,0.4960000000,0.0664529909,0.1765654788,3.1690296156,0.2800279626
