Instance,INF_avg,INF_sd,INF_r1,INF_kr,INF_sk,SUP_avg,SUP_sd,SUP_r1,SUP_kr,SUP_sk,INC_avg,INC_sd,INC_r1,INC_kr,INC_sk,IND_avg,IND_sd,IND_r1,IND_kr,IND_sk
8,0.2880000000,0.1041921302,-0.4388403684,1.9721374309,0.1348622429,0.2620000000,0.1070327053,-0.3626026721,2.0542542173,0.1271083317,0.4500000000,0.1104536102,-0.4836065574,2.6236226821,0.3562062139,0.4500000000,0.1104536102,-0.4836065574,2.6236226821,0.3562062139
