Instance,INF_avg,INF_sd,INF_r1,INF_kr,INF_sk,SUP_avg,SUP_sd,SUP_r1,SUP_kr,SUP_sk,INC_avg,INC_sd,INC_r1,INC_kr,INC_sk,IND_avg,IND_sd,IND_r1,IND_kr,IND_sk
39,0.2400000000,0.1019803903,-1.1969696970,1.9556213018,0.2715454179,0.2000000000,0.0894427191,-0.6666666667,1.2500000000,-0.0000000000,0.5600000000,0.1743559577,-1.1090047393,1.7957063712,-0.0543353054,0.5600000000,0.1743559577,-1.1090047393,1.7957063712,-0.0543353054
