Instance,INF_avg,INF_sd,INF_r1,INF_kr,INF_sk,SUP_avg,SUP_sd,SUP_r1,SUP_kr,SUP_sk,INC_avg,INC_sd,INC_r1,INC_kr,INC_sk,IND_avg,IND_sd,IND_r1,IND_kr,IND_sk
295,0.2416000000,0.0713122710,-0.0840597413,3.1167703608,0.5274053137,0.2704000000,0.0652674498,0.1044106865,2.4612808679,-0.5707028149,0.4880000000,0.0692820323,-0.0984230560,3.3058666667,0.1697409791,0.4880000000,0.0692820323,-0.0984230560,3.3058666667,0.1697409791
