Instance,INF_avg,INF_sd,INF_r1,INF_kr,INF_sk,SUP_avg,SUP_sd,SUP_r1,SUP_kr,SUP_sk,INC_avg,INC_sd,INC_r1,INC_kr,INC_sk,IND_avg,IND_sd,IND_r1,IND_kr,IND_sk
56,0.2542000000,0.0314858698,0.1316531888,2.4350153434,0.5138675711,0.2450000000,0.0191311265,0.0441640379,2.0301442265,0.1456728254,0.5008000000,0.0409555857,0.1149943225,2.0746928809,-0.1133404136,0.5008000000,0.0409555857,0.1149943225,2.0746928809,-0.1133404136
