Instance,INF_avg,INF_sd,INF_r1,INF_kr,INF_sk,SUP_avg,SUP_sd,SUP_r1,SUP_kr,SUP_sk,INC_avg,INC_sd,INC_r1,INC_kr,INC_sk,IND_avg,IND_sd,IND_r1,IND_kr,IND_sk
358,0.4043548387,0.0871396085,0.8410891866,2.4288204992,-0.3064166881,0.0780465950,0.0649830525,0.8828556680,3.6072197264,1.0947456331,0.5175985663,0.0409996520,0.3200132704,3.2667489084,-0.3441841049,0.5175985663,0.0409996520,0.3200132704,3.2667489084,-0.3441841049
