Instance,INF_avg,INF_sd,INF_r1,INF_kr,INF_sk,SUP_avg,SUP_sd,SUP_r1,SUP_kr,SUP_sk,INC_avg,INC_sd,INC_r1,INC_kr,INC_sk,IND_avg,IND_sd,IND_r1,IND_kr,IND_sk
58,0.2300000000,0.0927361850,-0.5710382514,2.4826933478,0.9704949588,0.3200000000,0.1536229150,0.1777188329,2.5246337259,0.9035993059,0.4500000000,0.1702938637,0.1428571429,1.2633769322,-0.1822407578,0.4500000000,0.1702938637,0.1428571429,1.2633769322,-0.1822407578
