Instance,INF_avg,INF_sd,INF_r1,INF_kr,INF_sk,SUP_avg,SUP_sd,SUP_r1,SUP_kr,SUP_sk,INC_avg,INC_sd,INC_r1,INC_kr,INC_sk,IND_avg,IND_sd,IND_r1,IND_kr,IND_sk
357,0.1730000000,0.0325729949,-0.0418724077,1.7095594734,0.3674484733,0.3780000000,0.0331813200,-0.5625911876,1.9957061576,0.3028525178,0.4490000000,0.0303973683,0.2827898816,2.2893264744,-0.2492953338,0.4490000000,0.0303973683,0.2827898816,2.2893264744,-0.2492953338
