Instance,INF_avg,INF_sd,INF_r1,INF_kr,INF_sk,SUP_avg,SUP_sd,SUP_r1,SUP_kr,SUP_sk,INC_avg,INC_sd,INC_r1,INC_kr,INC_sk,IND_avg,IND_sd,IND_r1,IND_kr,IND_sk
90,0.2571500000,0.0289590659,-0.2719757261,2.5083687752,0.0035890933,0.2539000000,0.0344715825,0.4451902967,2.2757680559,0.2899057507,0.4889500000,0.0408674381,0.1413855222,2.8860596623,0.2057130514,0.4889500000,0.0408674381,0.1413855222,2.8860596623,0.2057130514
