Instance,INF_avg,INF_sd,INF_r1,INF_kr,INF_sk,SUP_avg,SUP_sd,SUP_r1,SUP_kr,SUP_sk,INC_avg,INC_sd,INC_r1,INC_kr,INC_sk,IND_avg,IND_sd,IND_r1,IND_kr,IND_sk
450,0.2720000000,0.0682348884,0.0966964900,2.8366103376,0.6756527905,0.2640000000,0.0332264955,-0.3546798030,1.7574039067,0.2041325335,0.4640000000,0.0605309838,0.3660673121,3.6064720352,-1.1003062548,0.4640000000,0.0605309838,0.3660673121,3.6064720352,-1.1003062548
