Instance,INF_avg,INF_sd,INF_r1,INF_kr,INF_sk,SUP_avg,SUP_sd,SUP_r1,SUP_kr,SUP_sk,INC_avg,INC_sd,INC_r1,INC_kr,INC_sk,IND_avg,IND_sd,IND_r1,IND_kr,IND_sk
446,0.3384000000,0.0917248058,0.0197875279,3.7082036501,-0.1450412393,0.1208000000,0.0538085495,0.3731935016,2.4058871401,-0.1041712719,0.5408000000,0.0732076499,-0.2599773584,6.4458020261,0.1197336177,0.5408000000,0.0732076499,-0.2599773584,6.4458020261,0.1197336177
