Instance,INF_avg,INF_sd,INF_r1,INF_kr,INF_sk,SUP_avg,SUP_sd,SUP_r1,SUP_kr,SUP_sk,INC_avg,INC_sd,INC_r1,INC_kr,INC_sk,IND_avg,IND_sd,IND_r1,IND_kr,IND_sk
163,0.4554687500,0.1051067863,0.9028042420,1.9271409393,0.0129554398,0.0884062500,0.0644335216,0.9015428263,2.8305202495,0.8648960160,0.4561250000,0.0547321603,0.6779121968,2.3863639568,-0.4402036490,0.4561250000,0.0547321603,0.6779121968,2.3863639568,-0.4402036490
