Instance,INF_avg,INF_sd,INF_r1,INF_kr,INF_sk,SUP_avg,SUP_sd,SUP_r1,SUP_kr,SUP_sk,INC_avg,INC_sd,INC_r1,INC_kr,INC_sk,IND_avg,IND_sd,IND_r1,IND_kr,IND_sk
330,0.5142000000,0.1568832687,0.9117877557,1.6980277996,-0.0365294102,0.1014000000,0.0802000000,0.8018309390,2.4561817694,0.7634835462,0.3844000000,0.0928474017,0.7539035484,1.9147338082,-0.2256830630,0.3844000000,0.0928474017,0.7539035484,1.9147338082,-0.2256830630
