Instance,INF_avg,INF_sd,INF_r1,INF_kr,INF_sk,SUP_avg,SUP_sd,SUP_r1,SUP_kr,SUP_sk,INC_avg,INC_sd,INC_r1,INC_kr,INC_sk,IND_avg,IND_sd,IND_r1,IND_kr,IND_sk
111,0.2496000000,0.0619987097,0.1794419247,4.7427359520,0.7241425562,0.2704000000,0.0590917930,0.1398800567,1.7660341651,-0.4946725012,0.4800000000,0.0801997506,0.6005025126,2.6184376624,0.7257997035,0.4800000000,0.0801997506,0.6005025126,2.6184376624,0.7257997035
