Instance,INF_avg,INF_sd,INF_r1,INF_kr,INF_sk,SUP_avg,SUP_sd,SUP_r1,SUP_kr,SUP_sk,INC_avg,INC_sd,INC_r1,INC_kr,INC_sk,IND_avg,IND_sd,IND_r1,IND_kr,IND_sk
36,0.2880000000,0.0526877595,0.2762644790,2.1129691302,0.1650745149,0.2334000000,0.0414057967,0.1697794684,2.8140733364,-0.2488681636,0.4786000000,0.0516143391,0.2541032662,2.9380307218,-0.6012122649,0.4786000000,0.0516143391,0.2541032662,2.9380307218,-0.6012122649
