Instance,INF_avg,INF_sd,INF_r1,INF_kr,INF_sk,SUP_avg,SUP_sd,SUP_r1,SUP_kr,SUP_sk,INC_avg,INC_sd,INC_r1,INC_kr,INC_sk,IND_avg,IND_sd,IND_r1,IND_kr,IND_sk
351,0.2320000000,0.0614491660,-0.4342235410,1.4904481471,-0.4071161708,0.2400000000,0.0692820323,0.1694915254,1.4500000000,0.2886751346,0.5280000000,0.0676461381,-0.7224231465,2.8309697296,-1.0904131386,0.5280000000,0.0676461381,-0.7224231465,2.8309697296,-1.0904131386
