Instance,INF_avg,INF_sd,INF_r1,INF_kr,INF_sk,SUP_avg,SUP_sd,SUP_r1,SUP_kr,SUP_sk,INC_avg,INC_sd,INC_r1,INC_kr,INC_sk,IND_avg,IND_sd,IND_r1,IND_kr,IND_sk
82,0.2200000000,0.0812403840,-0.0142348754,1.4421487603,-0.3804646085,0.2200000000,0.0979795897,-0.1020881671,2.4361979167,1.0269996057,0.5600000000,0.1593737745,0.0502793296,1.9437348875,-0.4046348854,0.5600000000,0.1593737745,0.0502793296,1.9437348875,-0.4046348854
