Instance,INF_avg,INF_sd,INF_r1,INF_kr,INF_sk,SUP_avg,SUP_sd,SUP_r1,SUP_kr,SUP_sk,INC_avg,INC_sd,INC_r1,INC_kr,INC_sk,IND_avg,IND_sd,IND_r1,IND_kr,IND_sk
90,0.2400000000,0.1469693846,0.1583054627,2.5288065844,0.2721655270,0.2280000000,0.1483778959,-0.0613207547,3.5207597434,0.7251087880,0.5320000000,0.1605490579,0.2055851298,2.7044966692,-0.1515748261,0.5320000000,0.1605490579,0.2055851298,2.7044966692,-0.1515748261
