Instance,INF_avg,INF_sd,INF_r1,INF_kr,INF_sk,SUP_avg,SUP_sd,SUP_r1,SUP_kr,SUP_sk,INC_avg,INC_sd,INC_r1,INC_kr,INC_sk,IND_avg,IND_sd,IND_r1,IND_kr,IND_sk
342,0.2400000000,0.0304959014,-0.6769230769,2.5000000000,0.8144933767,0.2960000000,0.0631981012,0.4980396816,1.2263539275,0.3739582315,0.4640000000,0.0548087584,0.3072108662,1.6214124620,0.1602716038,0.4640000000,0.0548087584,0.3072108662,1.6214124620,0.1602716038
