Instance,INF_avg,INF_sd,INF_r1,INF_kr,INF_sk,SUP_avg,SUP_sd,SUP_r1,SUP_kr,SUP_sk,INC_avg,INC_sd,INC_r1,INC_kr,INC_sk,IND_avg,IND_sd,IND_r1,IND_kr,IND_sk
253,0.2340000000,0.1305526714,-0.1127046957,2.9898532291,0.2706382847,0.3120000000,0.1259206099,-0.1434973053,3.4213135169,0.3142626880,0.4540000000,0.1431223253,-0.2149411917,2.9197187866,-0.0599894046,0.4540000000,0.1431223253,-0.2149411917,2.9197187866,-0.0599894046
