Instance,INF_avg,INF_sd,INF_r1,INF_kr,INF_sk,SUP_avg,SUP_sd,SUP_r1,SUP_kr,SUP_sk,INC_avg,INC_sd,INC_r1,INC_kr,INC_sk,IND_avg,IND_sd,IND_r1,IND_kr,IND_sk
492,0.2560000000,0.0609261848,0.0101741680,2.5222948870,-0.1324383849,0.2488000000,0.0724607480,-0.1008444768,2.9638039714,0.8946648448,0.4952000000,0.0798558702,-0.2053126907,2.0062551561,0.2785709283,0.4952000000,0.0798558702,-0.2053126907,2.0062551561,0.2785709283
