Instance,INF_avg,INF_sd,INF_r1,INF_kr,INF_sk,SUP_avg,SUP_sd,SUP_r1,SUP_kr,SUP_sk,INC_avg,INC_sd,INC_r1,INC_kr,INC_sk,IND_avg,IND_sd,IND_r1,IND_kr,IND_sk
406,0.2432000000,0.0415422676,0.5632173835,2.4904757156,0.0790177046,0.2826000000,0.0708501235,0.7045499721,2.2131267061,0.1903587923,0.4742000000,0.0613340036,0.5421612795,2.7044729594,0.0065725152,0.4742000000,0.0613340036,0.5421612795,2.7044729594,0.0065725152
