Instance,INF_avg,INF_sd,INF_r1,INF_kr,INF_sk,SUP_avg,SUP_sd,SUP_r1,SUP_kr,SUP_sk,INC_avg,INC_sd,INC_r1,INC_kr,INC_sk,IND_avg,IND_sd,IND_r1,IND_kr,IND_sk
242,0.2400000000,0.1248999600,0.0388075045,3.0138067061,-0.0184763254,0.2900000000,0.1431782106,-0.0991707150,2.1775847710,0.1144744290,0.4700000000,0.1506651917,0.0776850654,2.5962273671,-0.1140317584,0.4700000000,0.1506651917,0.0776850654,2.5962273671,-0.1140317584
