Instance,INF_avg,INF_sd,INF_r1,INF_kr,INF_sk,SUP_avg,SUP_sd,SUP_r1,SUP_kr,SUP_sk,INC_avg,INC_sd,INC_r1,INC_kr,INC_sk,IND_avg,IND_sd,IND_r1,IND_kr,IND_sk
215,0.3020000000,0.1516443207,0.0266872018,2.1203441614,-0.1370676318,0.2260000000,0.1382895513,0.2519287846,3.0772043491,0.7073724081,0.4720000000,0.1612947612,0.0422928598,2.5727840489,0.2305146895,0.4720000000,0.1612947612,0.0422928598,2.5727840489,0.2305146895
