Instance,INF_avg,INF_sd,INF_r1,INF_kr,INF_sk,SUP_avg,SUP_sd,SUP_r1,SUP_kr,SUP_sk,INC_avg,INC_sd,INC_r1,INC_kr,INC_sk,IND_avg,IND_sd,IND_r1,IND_kr,IND_sk
75,0.2320000000,0.0323728281,0.3795678424,2.8950818717,0.5701699957,0.2192000000,0.0327316361,-0.3113450278,2.8708416837,0.0436809544,0.5488000000,0.0403306335,-0.0293707803,2.8566092264,-0.2966859462,0.5488000000,0.0403306335,-0.0293707803,2.8566092264,-0.2966859462
