Instance,INF_avg,INF_sd,INF_r1,INF_kr,INF_sk,SUP_avg,SUP_sd,SUP_r1,SUP_kr,SUP_sk,INC_avg,INC_sd,INC_r1,INC_kr,INC_sk,IND_avg,IND_sd,IND_r1,IND_kr,IND_sk
98,0.2080000000,0.1262378707,-0.0186561170,2.4132191416,0.3265970460,0.2600000000,0.1248999600,0.1007194245,2.4122287968,-0.2586685561,0.5320000000,0.1592984620,0.0742844162,2.7863652483,0.0324404735,0.5320000000,0.1592984620,0.0742844162,2.7863652483,0.0324404735
