Instance,INF_avg,INF_sd,INF_r1,INF_kr,INF_sk,SUP_avg,SUP_sd,SUP_r1,SUP_kr,SUP_sk,INC_avg,INC_sd,INC_r1,INC_kr,INC_sk,IND_avg,IND_sd,IND_r1,IND_kr,IND_sk
455,0.2245000000,0.1080497571,-0.0942403972,2.9128256134,0.2306463595,0.2260000000,0.0975909832,0.1919098048,3.1840058873,0.3088385445,0.5495000000,0.1186370515,-0.0248318842,2.3168065859,0.2364746447,0.5495000000,0.1186370515,-0.0248318842,2.3168065859,0.2364746447
