Instance,INF_avg,INF_sd,INF_r1,INF_kr,INF_sk,SUP_avg,SUP_sd,SUP_r1,SUP_kr,SUP_sk,INC_avg,INC_sd,INC_r1,INC_kr,INC_sk,IND_avg,IND_sd,IND_r1,IND_kr,IND_sk
68,0.2360000000,0.1424921050,0.0038504632,3.8090322605,0.8020684096,0.2540000000,0.1564736400,-0.0391691967,2.5153729954,0.0981775315,0.5100000000,0.1486606875,-0.2626955806,2.3998075387,0.1570584442,0.5100000000,0.1486606875,-0.2626955806,2.3998075387,0.1570584442
