Instance,INF_avg,INF_sd,INF_r1,INF_kr,INF_sk,SUP_avg,SUP_sd,SUP_r1,SUP_kr,SUP_sk,INC_avg,INC_sd,INC_r1,INC_kr,INC_sk,IND_avg,IND_sd,IND_r1,IND_kr,IND_sk
172,0.2446000000,0.0326931185,0.2258812157,2.2685470800,0.3386209147,0.2495000000,0.0347311100,0.0921413146,2.9294657253,0.0511285501,0.5059000000,0.0396319316,0.1498047454,2.6790475564,-0.2694655823,0.5059000000,0.0396319316,0.1498047454,2.6790475564,-0.2694655823
