Instance,INF_avg,INF_sd,INF_r1,INF_kr,INF_sk,SUP_avg,SUP_sd,SUP_r1,SUP_kr,SUP_sk,INC_avg,INC_sd,INC_r1,INC_kr,INC_sk,IND_avg,IND_sd,IND_r1,IND_kr,IND_sk
25,0.2800000000,0.1341640786,-0.2354521038,2.5792592593,0.3677089563,0.1940000000,0.1223274295,-0.2576441983,2.4185109754,0.2455974434,0.5260000000,0.1572386721,-0.1511696894,2.6137636877,0.5231938101,0.5260000000,0.1572386721,-0.1511696894,2.6137636877,0.5231938101
