Instance,INF_avg,INF_sd,INF_r1,INF_kr,INF_sk,SUP_avg,SUP_sd,SUP_r1,SUP_kr,SUP_sk,INC_avg,INC_sd,INC_r1,INC_kr,INC_sk,IND_avg,IND_sd,IND_r1,IND_kr,IND_sk
485,0.2200000000,0.0871779789,-0.2962962963,2.6786703601,0.5071295170,0.1900000000,0.1300000000,0.0895410083,1.9613108785,0.4588074647,0.5900000000,0.1700000000,0.1915067374,2.2022844554,-0.5764298799,0.5900000000,0.1700000000,0.1915067374,2.2022844554,-0.5764298799
