Instance,INF_avg,INF_sd,INF_r1,INF_kr,INF_sk,SUP_avg,SUP_sd,SUP_r1,SUP_kr,SUP_sk,INC_avg,INC_sd,INC_r1,INC_kr,INC_sk,IND_avg,IND_sd,IND_r1,IND_kr,IND_sk
248,0.3034000000,0.0620116118,0.5881141022,2.2889025448,0.4042247204,0.3194000000,0.0403068232,0.0307182159,4.9074850585,-0.6981915891,0.3772000000,0.0500615621,0.5910575533,1.9631915789,0.0940019230,0.3772000000,0.0500615621,0.5910575533,1.9631915789,0.0940019230
