Instance,INF_avg,INF_sd,INF_r1,INF_kr,INF_sk,SUP_avg,SUP_sd,SUP_r1,SUP_kr,SUP_sk,INC_avg,INC_sd,INC_r1,INC_kr,INC_sk,IND_avg,IND_sd,IND_r1,IND_kr,IND_sk
422,0.2640000000,0.1228983320,0.1687571750,2.8212214522,-0.4536614647,0.2120000000,0.1274990196,0.2087447717,1.8800878852,-0.1094959786,0.5240000000,0.1393700111,0.1548467700,2.3849040166,0.1875230575,0.5240000000,0.1393700111,0.1548467700,2.3849040166,0.1875230575
