Instance,INF_avg,INF_sd,INF_r1,INF_kr,INF_sk,SUP_avg,SUP_sd,SUP_r1,SUP_kr,SUP_sk,INC_avg,INC_sd,INC_r1,INC_kr,INC_sk,IND_avg,IND_sd,IND_r1,IND_kr,IND_sk
476,0.2600000000,0.1562049935,0.2179700499,2.7108304219,0.8374871327,0.2400000000,0.1624807681,0.5503048780,1.5798898072,0.1790421687,0.5000000000,0.1341640786,0.1764705882,3.1481481481,-0.7453559925,0.5000000000,0.1341640786,0.1764705882,3.1481481481,-0.7453559925
