Instance,INF_avg,INF_sd,INF_r1,INF_kr,INF_sk,SUP_avg,SUP_sd,SUP_r1,SUP_kr,SUP_sk,INC_avg,INC_sd,INC_r1,INC_kr,INC_sk,IND_avg,IND_sd,IND_r1,IND_kr,IND_sk
476,0.2300000000,0.0905538514,0.3753062224,2.1127305175,-0.3636160005,0.2680000000,0.0947417543,-0.0152805298,2.7208408400,0.0405267163,0.5020000000,0.1228657804,0.0802354597,2.5587536007,0.0185552821,0.5020000000,0.1228657804,0.0802354597,2.5587536007,0.0185552821
