Instance,INF_avg,INF_sd,INF_r1,INF_kr,INF_sk,SUP_avg,SUP_sd,SUP_r1,SUP_kr,SUP_sk,INC_avg,INC_sd,INC_r1,INC_kr,INC_sk,IND_avg,IND_sd,IND_r1,IND_kr,IND_sk
413,0.2500000000,0.0632455532,-0.2000000000,3.4375000000,-1.1858541226,0.2450000000,0.0687386354,-0.1116993118,1.8962794995,0.1801163538,0.5050000000,0.1105667219,-0.1071503460,1.9418495239,0.0399503380,0.5050000000,0.1105667219,-0.1071503460,1.9418495239,0.0399503380
