Instance,INF_avg,INF_sd,INF_r1,INF_kr,INF_sk,SUP_avg,SUP_sd,SUP_r1,SUP_kr,SUP_sk,INC_avg,INC_sd,INC_r1,INC_kr,INC_sk,IND_avg,IND_sd,IND_r1,IND_kr,IND_sk
400,0.2600000000,0.0800000000,-0.4435146444,1.4189453125,-0.0351562500,0.4200000000,0.1691153453,0.4712286159,1.2465401731,0.3982054807,0.3200000000,0.1400000000,0.2996910402,2.0005206164,0.4067055394,0.3200000000,0.1400000000,0.2996910402,2.0005206164,0.4067055394
