Instance,INF_avg,INF_sd,INF_r1,INF_kr,INF_sk,SUP_avg,SUP_sd,SUP_r1,SUP_kr,SUP_sk,INC_avg,INC_sd,INC_r1,INC_kr,INC_sk,IND_avg,IND_sd,IND_r1,IND_kr,IND_sk
360,0.2480000000,0.0574108004,0.2325056433,1.8296257894,0.4078932113,0.2240000000,0.0445421149,0.0259740260,1.2989073881,-0.4692912730,0.5280000000,0.0324961536,0.2367601246,1.4421487603,-0.3804646085,0.5280000000,0.0324961536,0.2367601246,1.4421487603,-0.3804646085
