Instance,INF_avg,INF_sd,INF_r1,INF_kr,INF_sk,SUP_avg,SUP_sd,SUP_r1,SUP_kr,SUP_sk,INC_avg,INC_sd,INC_r1,INC_kr,INC_sk,IND_avg,IND_sd,IND_r1,IND_kr,IND_sk
11,0.2544000000,0.0716703565,0.0276817649,3.0489577264,-0.3709649697,0.2624000000,0.0558053761,-0.2715406684,2.5293518579,0.0200450040,0.4832000000,0.0608420907,0.1116010755,2.6595261359,-0.2971708848,0.4832000000,0.0608420907,0.1116010755,2.6595261359,-0.2971708848
