Instance,INF_avg,INF_sd,INF_r1,INF_kr,INF_sk,SUP_avg,SUP_sd,SUP_r1,SUP_kr,SUP_sk,INC_avg,INC_sd,INC_r1,INC_kr,INC_sk,IND_avg,IND_sd,IND_r1,IND_kr,IND_sk
6,0.2576000000,0.0405245605,0.1655962760,3.1188240164,-0.5307511420,0.2972000000,0.0438652482,-0.0440932749,3.3217514140,-0.5849870474,0.4452000000,0.0464861270,-0.0016282552,4.6334395500,0.6907436187,0.4452000000,0.0464861270,-0.0016282552,4.6334395500,0.6907436187
