Instance,INF_avg,INF_sd,INF_r1,INF_kr,INF_sk,SUP_avg,SUP_sd,SUP_r1,SUP_kr,SUP_sk,INC_avg,INC_sd,INC_r1,INC_kr,INC_sk,IND_avg,IND_sd,IND_r1,IND_kr,IND_sk
139,0.2340000000,0.0502792204,-0.0253108675,2.0753785451,-0.3228804484,0.2648000000,0.0562224155,0.1848253809,2.8098711140,0.5980952853,0.5012000000,0.0437556853,0.0760911849,3.6154640360,-0.3759467520,0.5012000000,0.0437556853,0.0760911849,3.6154640360,-0.3759467520
