Instance,INF_avg,INF_sd,INF_r1,INF_kr,INF_sk,SUP_avg,SUP_sd,SUP_r1,SUP_kr,SUP_sk,INC_avg,INC_sd,INC_r1,INC_kr,INC_sk,IND_avg,IND_sd,IND_r1,IND_kr,IND_sk
315,0.2430000000,0.0911098238,-0.1617227059,2.7276442935,0.4259723286,0.2550000000,0.0878919792,-0.1604480085,2.9239010903,-0.2408075088,0.5020000000,0.1067520492,-0.0626637820,2.8223369034,-0.5453010473,0.5020000000,0.1067520492,-0.0626637820,2.8223369034,-0.5453010473
