Instance,INF_avg,INF_sd,INF_r1,INF_kr,INF_sk,SUP_avg,SUP_sd,SUP_r1,SUP_kr,SUP_sk,INC_avg,INC_sd,INC_r1,INC_kr,INC_sk,IND_avg,IND_sd,IND_r1,IND_kr,IND_sk
488,0.2640000000,0.0517687164,0.3369249896,2.5046513700,-0.0287155500,0.2697000000,0.0536554750,0.3616714344,2.8574435057,0.4213203071,0.4663000000,0.0622519879,0.3391830677,2.5595137554,-0.2239351603,0.4663000000,0.0622519879,0.3391830677,2.5595137554,-0.2239351603
