Instance,INF_avg,INF_sd,INF_r1,INF_kr,INF_sk,SUP_avg,SUP_sd,SUP_r1,SUP_kr,SUP_sk,INC_avg,INC_sd,INC_r1,INC_kr,INC_sk,IND_avg,IND_sd,IND_r1,IND_kr,IND_sk
115,0.2330000000,0.1356871401,0.0753420313,2.1765533579,0.1326485061,0.2470000000,0.1337572428,0.0180150888,2.7527638792,0.3775707513,0.5200000000,0.1442220510,0.0733927188,2.2503698225,0.0680041106,0.5200000000,0.1442220510,0.0733927188,2.2503698225,0.0680041106
