Instance,INF_avg,INF_sd,INF_r1,INF_kr,INF_sk,SUP_avg,SUP_sd,SUP_r1,SUP_kr,SUP_sk,INC_avg,INC_sd,INC_r1,INC_kr,INC_sk,IND_avg,IND_sd,IND_r1,IND_kr,IND_sk
489,0.2575000000,0.0510563414,0.1320910170,2.9703955753,0.2921025128,0.2545000000,0.0484845336,0.0396813485,3.5903573170,0.4080170467,0.4880000000,0.0503388518,0.0873009573,2.4001073950,0.0471312606,0.4880000000,0.0503388518,0.0873009573,2.4001073950,0.0471312606
