Instance,INF_avg,INF_sd,INF_r1,INF_kr,INF_sk,SUP_avg,SUP_sd,SUP_r1,SUP_kr,SUP_sk,INC_avg,INC_sd,INC_r1,INC_kr,INC_sk,IND_avg,IND_sd,IND_r1,IND_kr,IND_sk
14,0.3200000000,0.0678232998,-0.3253012048,2.3638941399,-0.7500308204,0.2300000000,0.0678232998,0.0271493213,2.3638941399,0.7500308204,0.4500000000,0.0948683298,-0.1764705882,1.7592592593,-0.3513641845,0.4500000000,0.0948683298,-0.1764705882,1.7592592593,-0.3513641845
