Instance,INF_avg,INF_sd,INF_r1,INF_kr,INF_sk,SUP_avg,SUP_sd,SUP_r1,SUP_kr,SUP_sk,INC_avg,INC_sd,INC_r1,INC_kr,INC_sk,IND_avg,IND_sd,IND_r1,IND_kr,IND_sk
272,0.3080000000,0.0240000000,0.0458015267,1.3981481481,-0.1111111111,0.2600000000,0.0456070170,0.0800000000,2.1449704142,0.8095920178,0.4320000000,0.0483321839,0.0102389078,2.8430287108,-1.1427763503,0.4320000000,0.0483321839,0.0102389078,2.8430287108,-1.1427763503
