Instance,INF_avg,INF_sd,INF_r1,INF_kr,INF_sk,SUP_avg,SUP_sd,SUP_r1,SUP_kr,SUP_sk,INC_avg,INC_sd,INC_r1,INC_kr,INC_sk,IND_avg,IND_sd,IND_r1,IND_kr,IND_sk
228,0.6346341463,0.0806104018,0.4458095953,4.6145452258,-0.5371979197,0.1239024390,0.0748617604,0.5928737255,3.8094511411,0.8015337192,0.2414634146,0.0408185142,0.0534833300,2.7163184126,-0.6154189765,0.2414634146,0.0408185142,0.0534833300,2.7163184126,-0.6154189765
