Instance,INF_avg,INF_sd,INF_r1,INF_kr,INF_sk,SUP_avg,SUP_sd,SUP_r1,SUP_kr,SUP_sk,INC_avg,INC_sd,INC_r1,INC_kr,INC_sk,IND_avg,IND_sd,IND_r1,IND_kr,IND_sk
211,0.2520000000,0.0415451562,-0.1375177137,1.5837534860,-0.0266919773,0.2650000000,0.0301662063,0.5243902439,1.5761985267,0.2786758578,0.4830000000,0.0379605058,-0.5316136268,2.5535302273,0.4452196567,0.4830000000,0.0379605058,-0.5316136268,2.5535302273,0.4452196567
