Instance,INF_avg,INF_sd,INF_r1,INF_kr,INF_sk,SUP_avg,SUP_sd,SUP_r1,SUP_kr,SUP_sk,INC_avg,INC_sd,INC_r1,INC_kr,INC_sk,IND_avg,IND_sd,IND_r1,IND_kr,IND_sk
242,0.2750000000,0.0352703842,0.3949511401,1.6184437713,0.2304202190,0.2228000000,0.0374721230,-0.0090641839,3.0204051703,0.4945773253,0.5022000000,0.0417631416,-0.0409901348,2.1588252879,-0.1438340706,0.5022000000,0.0417631416,-0.0409901348,2.1588252879,-0.1438340706
