Instance,INF_avg,INF_sd,INF_r1,INF_kr,INF_sk,SUP_avg,SUP_sd,SUP_r1,SUP_kr,SUP_sk,INC_avg,INC_sd,INC_r1,INC_kr,INC_sk,IND_avg,IND_sd,IND_r1,IND_kr,IND_sk
416,0.2530000000,0.0460543158,-0.3480055021,2.1270817120,-0.0943477317,0.2260000000,0.0355527777,-0.1615360203,2.2300312450,0.1564797888,0.5210000000,0.0488773976,-0.4641281174,2.5228188497,0.4584471156,0.5210000000,0.0488773976,-0.4641281174,2.5228188497,0.4584471156
