Instance,INF_avg,INF_sd,INF_r1,INF_kr,INF_sk,SUP_avg,SUP_sd,SUP_r1,SUP_kr,SUP_sk,INC_avg,INC_sd,INC_r1,INC_kr,INC_sk,IND_avg,IND_sd,IND_r1,IND_kr,IND_sk
90,0.2700000000,0.0927361850,0.0200186220,4.6041103299,0.2144116770,0.2510000000,0.0764787552,0.1375595158,3.1466698777,-0.0336400281,0.4790000000,0.1034842983,0.1036439716,2.8989944611,0.3396710568,0.4790000000,0.1034842983,0.1036439716,2.8989944611,0.3396710568
