Instance,INF_avg,INF_sd,INF_r1,INF_kr,INF_sk,SUP_avg,SUP_sd,SUP_r1,SUP_kr,SUP_sk,INC_avg,INC_sd,INC_r1,INC_kr,INC_sk,IND_avg,IND_sd,IND_r1,IND_kr,IND_sk
415,0.3469565217,0.1008845566,0.4288431524,3.1486793957,0.1085277040,0.1046376812,0.0739874590,0.5862474897,4.3535881815,1.1783315331,0.5484057971,0.0782716042,-0.0132203583,3.1210828991,-0.3802359334,0.5484057971,0.0782716042,-0.0132203583,3.1210828991,-0.3802359334
