Instance,INF_avg,INF_sd,INF_r1,INF_kr,INF_sk,SUP_avg,SUP_sd,SUP_r1,SUP_kr,SUP_sk,INC_avg,INC_sd,INC_r1,INC_kr,INC_sk,IND_avg,IND_sd,IND_r1,IND_kr,IND_sk
8,0.2860000000,0.0912359578,-0.2447516310,2.2337099050,0.1784875065,0.2280000000,0.0448998886,-0.1627906977,3.3208616780,0.1315095000,0.4860000000,0.0681469001,-0.0366694238,1.5552372876,0.3494502822,0.4860000000,0.0681469001,-0.0366694238,1.5552372876,0.3494502822
