Instance,INF_avg,INF_sd,INF_r1,INF_kr,INF_sk,SUP_avg,SUP_sd,SUP_r1,SUP_kr,SUP_sk,INC_avg,INC_sd,INC_r1,INC_kr,INC_sk,IND_avg,IND_sd,IND_r1,IND_kr,IND_sk
24,0.4270000000,0.0919293207,0.3643454227,3.1500767838,0.3817583055,0.1045000000,0.0647282782,0.5467536011,2.3120583974,0.4614654027,0.4685000000,0.0706947664,-0.0102695812,2.8960532540,-0.4954696645,0.4685000000,0.0706947664,-0.0102695812,2.8960532540,-0.4954696645
