Instance,INF_avg,INF_sd,INF_r1,INF_kr,INF_sk,SUP_avg,SUP_sd,SUP_r1,SUP_kr,SUP_sk,INC_avg,INC_sd,INC_r1,INC_kr,INC_sk,IND_avg,IND_sd,IND_r1,IND_kr,IND_sk
497,0.1840000000,0.0312089731,-0.9434832757,2.3035493678,0.8947434630,0.3540000000,0.0378681925,-0.4061902942,2.2789254390,0.6560964934,0.4620000000,0.0248193473,-0.2465940054,2.0324675325,-0.6216348580,0.4620000000,0.0248193473,-0.2465940054,2.0324675325,-0.6216348580
