Instance,INF_avg,INF_sd,INF_r1,INF_kr,INF_sk,SUP_avg,SUP_sd,SUP_r1,SUP_kr,SUP_sk,INC_avg,INC_sd,INC_r1,INC_kr,INC_sk,IND_avg,IND_sd,IND_r1,IND_kr,IND_sk
150,0.2590000000,0.0941753683,0.1115266123,2.2102322831,0.2062972597,0.2210000000,0.1044461584,-0.1311036550,2.8688709044,0.0930065893,0.5200000000,0.1216552506,0.0124045802,3.2587655223,0.3299087786,0.5200000000,0.1216552506,0.0124045802,3.2587655223,0.3299087786
