Instance,INF_avg,INF_sd,INF_r1,INF_kr,INF_sk,SUP_avg,SUP_sd,SUP_r1,SUP_kr,SUP_sk,INC_avg,INC_sd,INC_r1,INC_kr,INC_sk,IND_avg,IND_sd,IND_r1,IND_kr,IND_sk
86,0.2401000000,0.0444408596,0.1603828128,2.4651802914,-0.0873017647,0.2740000000,0.0483942145,0.1495736739,2.5146053830,0.0265750831,0.4859000000,0.0496406084,0.2276430741,2.8829387456,0.3396593890,0.4859000000,0.0496406084,0.2276430741,2.8829387456,0.3396593890
