Instance,INF_avg,INF_sd,INF_r1,INF_kr,INF_sk,SUP_avg,SUP_sd,SUP_r1,SUP_kr,SUP_sk,INC_avg,INC_sd,INC_r1,INC_kr,INC_sk,IND_avg,IND_sd,IND_r1,IND_kr,IND_sk
26,0.2840000000,0.1665653025,-0.3837423384,2.1571361294,-0.0571697179,0.2360000000,0.1091054536,0.1401054804,5.7799167534,1.4688364263,0.4800000000,0.2190890230,-0.2070163251,2.4575000000,-0.4975146564,0.4800000000,0.2190890230,-0.2070163251,2.4575000000,-0.4975146564
