Instance,INF_avg,INF_sd,INF_r1,INF_kr,INF_sk,SUP_avg,SUP_sd,SUP_r1,SUP_kr,SUP_sk,INC_avg,INC_sd,INC_r1,INC_kr,INC_sk,IND_avg,IND_sd,IND_r1,IND_kr,IND_sk
400,0.2200000000,0.0812403840,-0.2111292962,3.0950413223,0.7385489459,0.2700000000,0.1029563014,-0.3731060606,2.1753292987,0.1429439571,0.5100000000,0.0916515139,-0.0606060606,1.7193877551,-0.4909902530,0.5100000000,0.0916515139,-0.0606060606,1.7193877551,-0.4909902530
