Instance,INF_avg,INF_sd,INF_r1,INF_kr,INF_sk,SUP_avg,SUP_sd,SUP_r1,SUP_kr,SUP_sk,INC_avg,INC_sd,INC_r1,INC_kr,INC_sk,IND_avg,IND_sd,IND_r1,IND_kr,IND_sk
465,0.2640000000,0.0823650411,-0.7015209125,2.2821288715,-0.6927284075,0.3000000000,0.0789936706,-0.4189189189,2.1449704142,-0.0194757571,0.4360000000,0.0387814389,-0.2096774194,3.0377999095,-1.3627927530,0.4360000000,0.0387814389,-0.2096774194,3.0377999095,-1.3627927530
