Instance,INF_avg,INF_sd,INF_r1,INF_kr,INF_sk,SUP_avg,SUP_sd,SUP_r1,SUP_kr,SUP_sk,INC_avg,INC_sd,INC_r1,INC_kr,INC_sk,IND_avg,IND_sd,IND_r1,IND_kr,IND_sk
501,0.2200000000,0.1486606875,-0.0434983804,1.9917077865,0.7049367380,0.3850000000,0.1775528090,0.4957803653,2.2064591311,0.0999579747,0.3950000000,0.1456880228,0.2780516092,3.9868105066,1.0691319319,0.3950000000,0.1456880228,0.2780516092,3.9868105066,1.0691319319
