Instance,INF_avg,INF_sd,INF_r1,INF_kr,INF_sk,SUP_avg,SUP_sd,SUP_r1,SUP_kr,SUP_sk,INC_avg,INC_sd,INC_r1,INC_kr,INC_sk,IND_avg,IND_sd,IND_r1,IND_kr,IND_sk
94,0.3100000000,0.1100000000,0.1447368421,3.4570043030,0.3820435763,0.2080000000,0.0973960985,-0.0694197435,2.4362045975,0.0425630760,0.4820000000,0.1217620631,-0.0068414989,3.9665191631,0.2514540487,0.4820000000,0.1217620631,-0.0068414989,3.9665191631,0.2514540487
