Instance,INF_avg,INF_sd,INF_r1,INF_kr,INF_sk,SUP_avg,SUP_sd,SUP_r1,SUP_kr,SUP_sk,INC_avg,INC_sd,INC_r1,INC_kr,INC_sk,IND_avg,IND_sd,IND_r1,IND_kr,IND_sk
222,0.2440000000,0.0624819974,0.2313664596,1.8390889546,0.2077975592,0.2320000000,0.0627375486,0.0913921360,1.2459845330,-0.0948589744,0.5240000000,0.1091054536,0.5610593428,1.9097077697,-0.0422793094,0.5240000000,0.1091054536,0.5610593428,1.9097077697,-0.0422793094
