Instance,INF_avg,INF_sd,INF_r1,INF_kr,INF_sk,SUP_avg,SUP_sd,SUP_r1,SUP_kr,SUP_sk,INC_avg,INC_sd,INC_r1,INC_kr,INC_sk,IND_avg,IND_sd,IND_r1,IND_kr,IND_sk
86,0.2400000000,0.0197484177,-0.1794871795,2.5000000000,-0.6816514971,0.2580000000,0.0146969385,-0.0846560847,1.5781893004,0.3477670622,0.5020000000,0.0211187121,-0.3746065058,1.5292987995,-0.4070519321,0.5020000000,0.0211187121,-0.3746065058,1.5292987995,-0.4070519321
