Instance,INF_avg,INF_sd,INF_r1,INF_kr,INF_sk,SUP_avg,SUP_sd,SUP_r1,SUP_kr,SUP_sk,INC_avg,INC_sd,INC_r1,INC_kr,INC_sk,IND_avg,IND_sd,IND_r1,IND_kr,IND_sk
258,0.2600000000,0.1039230485,-0.0691648024,2.5982510288,0.2271980226,0.2620000000,0.0997797575,0.0638237432,3.4062509836,0.7548324098,0.4780000000,0.1145251064,-0.2719403555,2.6763534729,-0.4218702048,0.4780000000,0.1145251064,-0.2719403555,2.6763534729,-0.4218702048
