Instance,INF_avg,INF_sd,INF_r1,INF_kr,INF_sk,SUP_avg,SUP_sd,SUP_r1,SUP_kr,SUP_sk,INC_avg,INC_sd,INC_r1,INC_kr,INC_sk,IND_avg,IND_sd,IND_r1,IND_kr,IND_sk
204,0.3174390244,0.0784656360,0.3790128774,3.2349550079,0.2945448188,0.1557317073,0.0728099847,0.5684724440,2.6192133178,0.3877525693,0.5268292683,0.0676951209,0.0833446104,2.6322670991,0.0617601232,0.5268292683,0.0676951209,0.0833446104,2.6322670991,0.0617601232
