Instance,INF_avg,INF_sd,INF_r1,INF_kr,INF_sk,SUP_avg,SUP_sd,SUP_r1,SUP_kr,SUP_sk,INC_avg,INC_sd,INC_r1,INC_kr,INC_sk,IND_avg,IND_sd,IND_r1,IND_kr,IND_sk
414,0.2435000000,0.0929125933,0.1134198743,2.5952416728,0.2834630935,0.2205000000,0.1000237472,0.0314436105,2.8756855231,0.4395295480,0.5360000000,0.1189705846,0.0473888803,3.0056315670,0.0577299380,0.5360000000,0.1189705846,0.0473888803,3.0056315670,0.0577299380
