Instance,INF_avg,INF_sd,INF_r1,INF_kr,INF_sk,SUP_avg,SUP_sd,SUP_r1,SUP_kr,SUP_sk,INC_avg,INC_sd,INC_r1,INC_kr,INC_sk,IND_avg,IND_sd,IND_r1,IND_kr,IND_sk
119,0.2800000000,0.0509901951,-0.3944223108,3.7307692308,0.8598938233,0.2600000000,0.0800000000,-0.3079470199,4.9711914062,-1.6464843750,0.4600000000,0.0916515139,-0.1660079051,2.4846938776,0.6780341589,0.4600000000,0.0916515139,-0.1660079051,2.4846938776,0.6780341589
