Instance,INF_avg,INF_sd,INF_r1,INF_kr,INF_sk,SUP_avg,SUP_sd,SUP_r1,SUP_kr,SUP_sk,INC_avg,INC_sd,INC_r1,INC_kr,INC_sk,IND_avg,IND_sd,IND_r1,IND_kr,IND_sk
499,0.2687000000,0.0404822183,-0.0269897618,2.5313110613,0.1198483072,0.2542500000,0.0322596885,-0.0375222982,3.0609787566,-0.1001357012,0.4770500000,0.0405468556,-0.0018321462,3.2401172708,-0.1348354075,0.4770500000,0.0405468556,-0.0018321462,3.2401172708,-0.1348354075
