Instance,INF_avg,INF_sd,INF_r1,INF_kr,INF_sk,SUP_avg,SUP_sd,SUP_r1,SUP_kr,SUP_sk,INC_avg,INC_sd,INC_r1,INC_kr,INC_sk,IND_avg,IND_sd,IND_r1,IND_kr,IND_sk
480,0.2152000000,0.0325493472,0.2359657009,3.4637157592,0.4038545600,0.2767500000,0.0326525267,-0.0100273646,2.3944077238,-0.0638137498,0.5080500000,0.0367552377,-0.0255476830,3.5947091097,-0.3373979633,0.5080500000,0.0367552377,-0.0255476830,3.5947091097,-0.3373979633
