Instance,INF_avg,INF_sd,INF_r1,INF_kr,INF_sk,SUP_avg,SUP_sd,SUP_r1,SUP_kr,SUP_sk,INC_avg,INC_sd,INC_r1,INC_kr,INC_sk,IND_avg,IND_sd,IND_r1,IND_kr,IND_sk
218,0.3450000000,0.1105667219,-0.0189228530,2.0622906395,0.6258886288,0.2000000000,0.0921954446,-0.2727272727,1.8512110727,0.4785230687,0.4550000000,0.0906917857,-0.5141380359,1.9602276402,-0.0482612583,0.4550000000,0.0906917857,-0.5141380359,1.9602276402,-0.0482612583
