Instance,INF_avg,INF_sd,INF_r1,INF_kr,INF_sk,SUP_avg,SUP_sd,SUP_r1,SUP_kr,SUP_sk,INC_avg,INC_sd,INC_r1,INC_kr,INC_sk,IND_avg,IND_sd,IND_r1,IND_kr,IND_sk
407,0.2400000000,0.1113552873,0.2720306513,1.6305931322,0.0347623165,0.3600000000,0.1280624847,0.0304709141,2.0267697799,0.4913759825,0.4000000000,0.1095445115,0.2500000000,2.5000000000,-0.0000000000,0.4000000000,0.1095445115,0.2500000000,2.5000000000,-0.0000000000
