Instance,INF_avg,INF_sd,INF_r1,INF_kr,INF_sk,SUP_avg,SUP_sd,SUP_r1,SUP_kr,SUP_sk,INC_avg,INC_sd,INC_r1,INC_kr,INC_sk,IND_avg,IND_sd,IND_r1,IND_kr,IND_sk
471,0.1980000000,0.0641560597,-0.4573704396,1.6757728497,-0.0185407953,0.3180000000,0.0689637586,0.3098484207,2.0616069224,0.1138565619,0.4840000000,0.0818779580,0.5380759131,1.9079807019,-0.6771822612,0.4840000000,0.0818779580,0.5380759131,1.9079807019,-0.6771822612
