Instance,INF_avg,INF_sd,INF_r1,INF_kr,INF_sk,SUP_avg,SUP_sd,SUP_r1,SUP_kr,SUP_sk,INC_avg,INC_sd,INC_r1,INC_kr,INC_sk,IND_avg,IND_sd,IND_r1,IND_kr,IND_sk
493,0.2896000000,0.0592270209,0.1750667289,2.0587754663,0.0916902757,0.2240000000,0.0665732679,0.0352832654,2.9194307237,0.4789381314,0.4864000000,0.0730413581,0.1415911535,2.5682817295,0.3663149579,0.4864000000,0.0730413581,0.1415911535,2.5682817295,0.3663149579
