Instance,INF_avg,INF_sd,INF_r1,INF_kr,INF_sk,SUP_avg,SUP_sd,SUP_r1,SUP_kr,SUP_sk,INC_avg,INC_sd,INC_r1,INC_kr,INC_sk,IND_avg,IND_sd,IND_r1,IND_kr,IND_sk
256,0.2448000000,0.0255139178,0.1166707384,2.7276794731,0.6120696975,0.2640000000,0.0282488938,-0.0192872330,3.3382422221,0.5536180590,0.4912000000,0.0333550596,0.0588851946,2.1239768156,-0.6310228051,0.4912000000,0.0333550596,0.0588851946,2.1239768156,-0.6310228051
