Instance,INF_avg,INF_sd,INF_r1,INF_kr,INF_sk,SUP_avg,SUP_sd,SUP_r1,SUP_kr,SUP_sk,INC_avg,INC_sd,INC_r1,INC_kr,INC_sk,IND_avg,IND_sd,IND_r1,IND_kr,IND_sk
209,0.2400000000,0.1200000000,-0.8245125348,1.6151620370,-0.5451388889,0.2900000000,0.1240967365,-0.4005805515,2.0324675325,0.6216348580,0.4700000000,0.1568438714,0.2376681614,2.3762641285,0.7946382936,0.4700000000,0.1568438714,0.2376681614,2.3762641285,0.7946382936
