Instance,INF_avg,INF_sd,INF_r1,INF_kr,INF_sk,SUP_avg,SUP_sd,SUP_r1,SUP_kr,SUP_sk,INC_avg,INC_sd,INC_r1,INC_kr,INC_sk,IND_avg,IND_sd,IND_r1,IND_kr,IND_sk
82,0.2727272727,0.1285648693,0.1968253968,2.3966000000,0.5176021638,0.2181818182,0.1336085314,0.5661111111,2.6640946502,0.3515471390,0.5090909091,0.1504813214,0.1931629605,3.0116415366,-0.1547787261,0.5090909091,0.1504813214,0.1931629605,3.0116415366,-0.1547787261
