Instance,INF_avg,INF_sd,INF_r1,INF_kr,INF_sk,SUP_avg,SUP_sd,SUP_r1,SUP_kr,SUP_sk,INC_avg,INC_sd,INC_r1,INC_kr,INC_sk,IND_avg,IND_sd,IND_r1,IND_kr,IND_sk
58,0.2300000000,0.0900000000,-0.3797634691,2.2812071331,0.0946502058,0.2950000000,0.0610327781,-0.1344137274,2.2114769605,-0.1385546604,0.4750000000,0.1145643924,-0.4285714286,1.6748299320,-0.4239661867,0.4750000000,0.1145643924,-0.4285714286,1.6748299320,-0.4239661867
