Instance,INF_avg,INF_sd,INF_r1,INF_kr,INF_sk,SUP_avg,SUP_sd,SUP_r1,SUP_kr,SUP_sk,INC_avg,INC_sd,INC_r1,INC_kr,INC_sk,IND_avg,IND_sd,IND_r1,IND_kr,IND_sk
457,0.2096000000,0.0521904206,-0.1748912226,2.9701209085,-0.4500004795,0.3520000000,0.0662117814,0.0704133312,4.0587404763,-0.5661991006,0.4384000000,0.0673902070,-0.1238348948,2.3259756040,0.4267394649,0.4384000000,0.0673902070,-0.1238348948,2.3259756040,0.4267394649
