Instance,INF_avg,INF_sd,INF_r1,INF_kr,INF_sk,SUP_avg,SUP_sd,SUP_r1,SUP_kr,SUP_sk,INC_avg,INC_sd,INC_r1,INC_kr,INC_sk,IND_avg,IND_sd,IND_r1,IND_kr,IND_sk
331,0.2780000000,0.0169115345,-0.2667135820,2.1267788156,-0.3982054807,0.2630000000,0.0235796522,0.1199414920,1.3595698980,-0.3322581814,0.4590000000,0.0142828569,0.8085585586,1.8370818916,-0.7248508670,0.4590000000,0.0142828569,0.8085585586,1.8370818916,-0.7248508670
