Instance,INF_avg,INF_sd,INF_r1,INF_kr,INF_sk,SUP_avg,SUP_sd,SUP_r1,SUP_kr,SUP_sk,INC_avg,INC_sd,INC_r1,INC_kr,INC_sk,IND_avg,IND_sd,IND_r1,IND_kr,IND_sk
11,0.4875449102,0.0998259987,0.8643339867,2.8335705213,-0.7543999861,0.0802395210,0.0561190148,0.8627995793,3.3270738290,0.9736938860,0.4322155689,0.0545548254,0.5506005559,2.9354449240,0.5274703923,0.4322155689,0.0545548254,0.5506005559,2.9354449240,0.5274703923
