Instance,INF_avg,INF_sd,INF_r1,INF_kr,INF_sk,SUP_avg,SUP_sd,SUP_r1,SUP_kr,SUP_sk,INC_avg,INC_sd,INC_r1,INC_kr,INC_sk,IND_avg,IND_sd,IND_r1,IND_kr,IND_sk
144,0.2450000000,0.0838152731,0.2289887461,3.3521485290,0.2853249756,0.2530000000,0.0896716232,0.1230479531,2.9167371004,0.2428460109,0.5020000000,0.1174563749,0.0488767285,3.7582756012,-0.0109748772,0.5020000000,0.1174563749,0.0488767285,3.7582756012,-0.0109748772
