Instance,INF_avg,INF_sd,INF_r1,INF_kr,INF_sk,SUP_avg,SUP_sd,SUP_r1,SUP_kr,SUP_sk,INC_avg,INC_sd,INC_r1,INC_kr,INC_sk,IND_avg,IND_sd,IND_r1,IND_kr,IND_sk
151,0.2362000000,0.0302086080,0.1445493013,2.5333495405,0.2110501933,0.2035000000,0.0303026401,0.5446647894,2.8398566919,0.2001049450,0.5603000000,0.0314866638,0.2251193059,2.9506401615,0.2772664780,0.5603000000,0.0314866638,0.2251193059,2.9506401615,0.2772664780
