Instance,INF_avg,INF_sd,INF_r1,INF_kr,INF_sk,SUP_avg,SUP_sd,SUP_r1,SUP_kr,SUP_sk,INC_avg,INC_sd,INC_r1,INC_kr,INC_sk,IND_avg,IND_sd,IND_r1,IND_kr,IND_sk
322,0.2520000000,0.0921737490,0.2255455517,2.4744938130,0.7074578204,0.2580000000,0.0966229786,-0.2891281243,4.1763833176,1.0702292749,0.4900000000,0.0948683298,-0.0072267389,2.4392592593,0.0070272837,0.4900000000,0.0948683298,-0.0072267389,2.4392592593,0.0070272837
