Instance,INF_avg,INF_sd,INF_r1,INF_kr,INF_sk,SUP_avg,SUP_sd,SUP_r1,SUP_kr,SUP_sk,INC_avg,INC_sd,INC_r1,INC_kr,INC_sk,IND_avg,IND_sd,IND_r1,IND_kr,IND_sk
379,0.2455000000,0.0987661379,0.0446831249,2.2825505280,0.2418733868,0.2810000000,0.1159267010,0.0283690224,3.7594937400,0.4896738782,0.4735000000,0.1225673284,0.0035671734,3.2581885436,0.0117679192,0.4735000000,0.1225673284,0.0035671734,3.2581885436,0.0117679192
