Instance,INF_avg,INF_sd,INF_r1,INF_kr,INF_sk,SUP_avg,SUP_sd,SUP_r1,SUP_kr,SUP_sk,INC_avg,INC_sd,INC_r1,INC_kr,INC_sk,IND_avg,IND_sd,IND_r1,IND_kr,IND_sk
95,0.2144000000,0.0578328626,0.4578633916,2.4339217539,0.3393761678,0.2696000000,0.0715810031,0.1106339670,2.4487963967,-0.0487808359,0.5160000000,0.0733212111,0.2360188429,3.2479804422,-0.4393583415,0.5160000000,0.0733212111,0.2360188429,3.2479804422,-0.4393583415
