Instance,INF_avg,INF_sd,INF_r1,INF_kr,INF_sk,SUP_avg,SUP_sd,SUP_r1,SUP_kr,SUP_sk,INC_avg,INC_sd,INC_r1,INC_kr,INC_sk,IND_avg,IND_sd,IND_r1,IND_kr,IND_sk
198,0.2126000000,0.0362110480,0.2194362055,3.2811771190,0.6439314834,0.3366000000,0.0409077010,0.2439907528,2.2755936427,-0.1711538535,0.4508000000,0.0337544071,-0.0975768429,2.4821894162,-0.1056979424,0.4508000000,0.0337544071,-0.0975768429,2.4821894162,-0.1056979424
