Instance,INF_avg,INF_sd,INF_r1,INF_kr,INF_sk,SUP_avg,SUP_sd,SUP_r1,SUP_kr,SUP_sk,INC_avg,INC_sd,INC_r1,INC_kr,INC_sk,IND_avg,IND_sd,IND_r1,IND_kr,IND_sk
2,0.2810000000,0.0668356192,0.1816411546,2.4441028102,0.0416607058,0.2340000000,0.0632139225,-0.2202825601,2.5906477048,-0.0108312324,0.4850000000,0.0679632254,-0.1206495264,2.4130085074,0.1659965759,0.4850000000,0.0679632254,-0.1206495264,2.4130085074,0.1659965759
