Instance,INF_avg,INF_sd,INF_r1,INF_kr,INF_sk,SUP_avg,SUP_sd,SUP_r1,SUP_kr,SUP_sk,INC_avg,INC_sd,INC_r1,INC_kr,INC_sk,IND_avg,IND_sd,IND_r1,IND_kr,IND_sk
36,0.2056000000,0.0572768714,-0.1975360448,1.7753403160,-0.0473131512,0.3432000000,0.0743354559,-0.2384580031,2.4647330567,-0.0513196750,0.4512000000,0.0642694329,-0.1587940529,2.6444902108,-0.2002184599,0.4512000000,0.0642694329,-0.1587940529,2.6444902108,-0.2002184599
