Instance,INF_avg,INF_sd,INF_r1,INF_kr,INF_sk,SUP_avg,SUP_sd,SUP_r1,SUP_kr,SUP_sk,INC_avg,INC_sd,INC_r1,INC_kr,INC_sk,IND_avg,IND_sd,IND_r1,IND_kr,IND_sk
498,0.3320000000,0.0904212364,0.0601540603,2.7396762420,0.0166864148,0.2440000000,0.0941488184,-0.0356726637,3.1941826102,0.2813158999,0.4240000000,0.1040384544,-0.0184348187,3.1449837185,-0.3580033934,0.4240000000,0.1040384544,-0.0184348187,3.1449837185,-0.3580033934
