Instance,INF_avg,INF_sd,INF_r1,INF_kr,INF_sk,SUP_avg,SUP_sd,SUP_r1,SUP_kr,SUP_sk,INC_avg,INC_sd,INC_r1,INC_kr,INC_sk,IND_avg,IND_sd,IND_r1,IND_kr,IND_sk
210,0.2360000000,0.0300665928,-0.3829787234,2.0385699742,-0.0988955201,0.2660000000,0.0300665928,0.0196998124,2.5084579842,0.7841001948,0.4980000000,0.0256124969,-0.1050061050,2.4171624033,0.2228332944,0.4980000000,0.0256124969,-0.1050061050,2.4171624033,0.2228332944
