Instance,INF_avg,INF_sd,INF_r1,INF_kr,INF_sk,SUP_avg,SUP_sd,SUP_r1,SUP_kr,SUP_sk,INC_avg,INC_sd,INC_r1,INC_kr,INC_sk,IND_avg,IND_sd,IND_r1,IND_kr,IND_sk
457,0.2460000000,0.1438193311,0.2058430545,2.9010650302,0.2918797748,0.2680000000,0.1384774350,0.0695907702,3.1400149227,0.5398962966,0.4860000000,0.1708917786,0.0149019130,2.6687883284,0.3024234861,0.4860000000,0.1708917786,0.0149019130,2.6687883284,0.3024234861
