Instance,INF_avg,INF_sd,INF_r1,INF_kr,INF_sk,SUP_avg,SUP_sd,SUP_r1,SUP_kr,SUP_sk,INC_avg,INC_sd,INC_r1,INC_kr,INC_sk,IND_avg,IND_sd,IND_r1,IND_kr,IND_sk
95,0.3200000000,0.1095445115,-0.2483311081,2.2200000000,0.1460593487,0.3160000000,0.1488086019,-0.1543681353,2.8628337064,0.1617471292,0.3640000000,0.1546091847,-0.1374708435,2.3376155223,0.2241173606,0.3640000000,0.1546091847,-0.1374708435,2.3376155223,0.2241173606
