Instance,INF_avg,INF_sd,INF_r1,INF_kr,INF_sk,SUP_avg,SUP_sd,SUP_r1,SUP_kr,SUP_sk,INC_avg,INC_sd,INC_r1,INC_kr,INC_sk,IND_avg,IND_sd,IND_r1,IND_kr,IND_sk
486,0.2643000000,0.0372358698,0.3685788420,2.8358888666,-0.2376715809,0.2569500000,0.0362346174,-0.0661882384,2.4073557342,0.3237176520,0.4787500000,0.0451130524,0.0932891110,2.6667506714,-0.1684647717,0.4787500000,0.0451130524,0.0932891110,2.6667506714,-0.1684647717
