Instance,INF_avg,INF_sd,INF_r1,INF_kr,INF_sk,SUP_avg,SUP_sd,SUP_r1,SUP_kr,SUP_sk,INC_avg,INC_sd,INC_r1,INC_kr,INC_sk,IND_avg,IND_sd,IND_r1,IND_kr,IND_sk
62,0.2400000000,0.0894427191,0.0979841796,3.1090625000,0.4905374126,0.2460000000,0.0841665017,0.0753393716,3.1259720811,-0.1256684654,0.5140000000,0.1024890238,0.1282415740,2.4367639441,0.4561705587,0.5140000000,0.1024890238,0.1282415740,2.4367639441,0.4561705587
