Instance,INF_avg,INF_sd,INF_r1,INF_kr,INF_sk,SUP_avg,SUP_sd,SUP_r1,SUP_kr,SUP_sk,INC_avg,INC_sd,INC_r1,INC_kr,INC_sk,IND_avg,IND_sd,IND_r1,IND_kr,IND_sk
307,0.2806000000,0.0351232117,0.0943229436,2.2651372162,-0.1062966051,0.2324000000,0.0337081592,-0.0232703352,3.1622875800,-0.0099150511,0.4870000000,0.0457383865,0.1572977515,2.0784350105,0.3596186052,0.4870000000,0.0457383865,0.1572977515,2.0784350105,0.3596186052
