Instance,INF_avg,INF_sd,INF_r1,INF_kr,INF_sk,SUP_avg,SUP_sd,SUP_r1,SUP_kr,SUP_sk,INC_avg,INC_sd,INC_r1,INC_kr,INC_sk,IND_avg,IND_sd,IND_r1,IND_kr,IND_sk
103,0.2800000000,0.1122497216,0.0106007067,3.0563114135,1.3532751773,0.2300000000,0.0979795897,-0.1309523810,2.7291666667,-0.8675276172,0.4900000000,0.1462873884,-0.3567362429,2.3050484758,-0.2817396204,0.4900000000,0.1462873884,-0.3567362429,2.3050484758,-0.2817396204
