Instance,INF_avg,INF_sd,INF_r1,INF_kr,INF_sk,SUP_avg,SUP_sd,SUP_r1,SUP_kr,SUP_sk,INC_avg,INC_sd,INC_r1,INC_kr,INC_sk,IND_avg,IND_sd,IND_r1,IND_kr,IND_sk
122,0.2500000000,0.0966953980,0.1747851003,2.7552975493,0.3981851730,0.2815000000,0.0939827112,0.0246770954,2.4318841803,0.0455343640,0.4685000000,0.1078552270,0.0144136035,3.0173412984,0.4079221856,0.4685000000,0.1078552270,0.0144136035,3.0173412984,0.4079221856
