Instance,INF_avg,INF_sd,INF_r1,INF_kr,INF_sk,SUP_avg,SUP_sd,SUP_r1,SUP_kr,SUP_sk,INC_avg,INC_sd,INC_r1,INC_kr,INC_sk,IND_avg,IND_sd,IND_r1,IND_kr,IND_sk
493,0.2640000000,0.1220819397,-0.0081889747,2.4454790855,0.3579470714,0.2310000000,0.0876869432,-0.0860764042,3.3890036118,0.4785228151,0.5050000000,0.1327591805,0.0409584683,3.1686796439,-0.4666904887,0.5050000000,0.1327591805,0.0409584683,3.1686796439,-0.4666904887
