Instance,INF_avg,INF_sd,INF_r1,INF_kr,INF_sk,SUP_avg,SUP_sd,SUP_r1,SUP_kr,SUP_sk,INC_avg,INC_sd,INC_r1,INC_kr,INC_sk,IND_avg,IND_sd,IND_r1,IND_kr,IND_sk
301,0.3200000000,0.1400000000,-0.5382467895,1.6295814244,0.2700437318,0.2200000000,0.0842614977,-0.3615733737,1.7708787939,0.3610490678,0.4600000000,0.0830662386,-0.3914373089,2.4190296156,-0.1884300309,0.4600000000,0.0830662386,-0.3914373089,2.4190296156,-0.1884300309
