Instance,INF_avg,INF_sd,INF_r1,INF_kr,INF_sk,SUP_avg,SUP_sd,SUP_r1,SUP_kr,SUP_sk,INC_avg,INC_sd,INC_r1,INC_kr,INC_sk,IND_avg,IND_sd,IND_r1,IND_kr,IND_sk
255,0.2463000000,0.0443092541,0.0399406320,4.1162594087,0.6420461569,0.2764000000,0.0459678148,0.1511444644,3.2741914309,0.0853220605,0.4773000000,0.0500970059,0.1132923262,3.7831211088,-0.2139655550,0.4773000000,0.0500970059,0.1132923262,3.7831211088,-0.2139655550
