Instance,INF_avg,INF_sd,INF_r1,INF_kr,INF_sk,SUP_avg,SUP_sd,SUP_r1,SUP_kr,SUP_sk,INC_avg,INC_sd,INC_r1,INC_kr,INC_sk,IND_avg,IND_sd,IND_r1,IND_kr,IND_sk
200,0.3200000000,0.0979795897,-0.0879284650,2.3873697917,-0.0095683193,0.1850000000,0.0502493781,0.0010405827,1.7544358396,0.0354666721,0.4950000000,0.1233896268,0.0224540712,2.6063804832,-0.4439459503,0.4950000000,0.1233896268,0.0224540712,2.6063804832,-0.4439459503
