Instance,INF_avg,INF_sd,INF_r1,INF_kr,INF_sk,SUP_avg,SUP_sd,SUP_r1,SUP_kr,SUP_sk,INC_avg,INC_sd,INC_r1,INC_kr,INC_sk,IND_avg,IND_sd,IND_r1,IND_kr,IND_sk
282,0.2280000000,0.1249639948,0.0885416667,2.4667554085,0.0749724148,0.3720000000,0.1844342701,0.1172482627,2.0081573034,0.3760603684,0.4000000000,0.1624807681,-0.0000000000,2.3760330579,0.0559506777,0.4000000000,0.1624807681,-0.0000000000,2.3760330579,0.0559506777
