Instance,INF_avg,INF_sd,INF_r1,INF_kr,INF_sk,SUP_avg,SUP_sd,SUP_r1,SUP_kr,SUP_sk,INC_avg,INC_sd,INC_r1,INC_kr,INC_sk,IND_avg,IND_sd,IND_r1,IND_kr,IND_sk
464,0.6007500000,0.1811303053,0.9299975899,2.7392861676,-0.8473467445,0.0716875000,0.0779260216,0.9014502179,5.2718142894,1.7760054491,0.3275625000,0.1121717259,0.8747643919,1.9805264025,0.3408343269,0.3275625000,0.1121717259,0.8747643919,1.9805264025,0.3408343269
