Instance,INF_avg,INF_sd,INF_r1,INF_kr,INF_sk,SUP_avg,SUP_sd,SUP_r1,SUP_kr,SUP_sk,INC_avg,INC_sd,INC_r1,INC_kr,INC_sk,IND_avg,IND_sd,IND_r1,IND_kr,IND_sk
74,0.2628000000,0.0760536653,-0.0231706677,2.3943362500,0.2193900044,0.2486000000,0.0634510835,0.1092672110,2.9117099970,0.2883155570,0.4886000000,0.0778847867,0.0146599359,3.3261164788,0.3401404444,0.4886000000,0.0778847867,0.0146599359,3.3261164788,0.3401404444
