Instance,INF_avg,INF_sd,INF_r1,INF_kr,INF_sk,SUP_avg,SUP_sd,SUP_r1,SUP_kr,SUP_sk,INC_avg,INC_sd,INC_r1,INC_kr,INC_sk,IND_avg,IND_sd,IND_r1,IND_kr,IND_sk
11,0.2213000000,0.0373471552,0.4680823987,2.7429993996,0.2756755905,0.2962000000,0.0428784328,0.3229555547,3.1614171211,-0.1597084093,0.4825000000,0.0436319837,0.2708559403,2.6647017563,0.1157084296,0.4825000000,0.0436319837,0.2708559403,2.6647017563,0.1157084296
