Instance,INF_avg,INF_sd,INF_r1,INF_kr,INF_sk,SUP_avg,SUP_sd,SUP_r1,SUP_kr,SUP_sk,INC_avg,INC_sd,INC_r1,INC_kr,INC_sk,IND_avg,IND_sd,IND_r1,IND_kr,IND_sk
164,0.2700000000,0.0707106781,-0.5092348285,2.0700800000,0.1578262336,0.2660000000,0.0502394267,-0.2755356253,1.8619779436,-0.1328661430,0.4640000000,0.0566038868,-0.3432835821,2.0984957941,-0.6865504371,0.4640000000,0.0566038868,-0.3432835821,2.0984957941,-0.6865504371
