Instance,INF_avg,INF_sd,INF_r1,INF_kr,INF_sk,SUP_avg,SUP_sd,SUP_r1,SUP_kr,SUP_sk,INC_avg,INC_sd,INC_r1,INC_kr,INC_sk,IND_avg,IND_sd,IND_r1,IND_kr,IND_sk
250,0.3200000000,0.1536229150,-0.7248908297,4.2536627406,1.1518408734,0.2500000000,0.1204159458,-0.4693877551,2.5980975030,0.6872729367,0.4300000000,0.1187434209,-0.2258796822,2.4172325336,-0.2365192629,0.4300000000,0.1187434209,-0.2258796822,2.4172325336,-0.2365192629
