Instance,INF_avg,INF_sd,INF_r1,INF_kr,INF_sk,SUP_avg,SUP_sd,SUP_r1,SUP_kr,SUP_sk,INC_avg,INC_sd,INC_r1,INC_kr,INC_sk,IND_avg,IND_sd,IND_r1,IND_kr,IND_sk
184,0.2400000000,0.1562049935,-0.3986013986,3.1945713518,1.0515815876,0.2600000000,0.1200000000,-0.2837837838,1.3981481481,0.1111111111,0.5000000000,0.1414213562,0.0625000000,1.7000000000,-0.0000000000,0.5000000000,0.1414213562,0.0625000000,1.7000000000,-0.0000000000
