Instance,INF_avg,INF_sd,INF_r1,INF_kr,INF_sk,SUP_avg,SUP_sd,SUP_r1,SUP_kr,SUP_sk,INC_avg,INC_sd,INC_r1,INC_kr,INC_sk,IND_avg,IND_sd,IND_r1,IND_kr,IND_sk
376,0.2158000000,0.0608141431,0.0433072345,2.7146443794,0.0399863068,0.2886000000,0.0602166090,0.0927996844,3.4567471595,0.1119869690,0.4956000000,0.0674436061,0.0299228843,3.3406601271,-0.1304948193,0.4956000000,0.0674436061,0.0299228843,3.3406601271,-0.1304948193
