Instance,INF_avg,INF_sd,INF_r1,INF_kr,INF_sk,SUP_avg,SUP_sd,SUP_r1,SUP_kr,SUP_sk,INC_avg,INC_sd,INC_r1,INC_kr,INC_sk,IND_avg,IND_sd,IND_r1,IND_kr,IND_sk
245,0.2400000000,0.0485798312,-0.6666666667,1.5117782246,0.2198024537,0.2500000000,0.0328633535,-0.5111111111,1.6769547325,0.2366702409,0.5100000000,0.0363318042,-0.6769230769,1.8939393939,0.5504818826,0.5100000000,0.0363318042,-0.6769230769,1.8939393939,0.5504818826
