Instance,INF_avg,INF_sd,INF_r1,INF_kr,INF_sk,SUP_avg,SUP_sd,SUP_r1,SUP_kr,SUP_sk,INC_avg,INC_sd,INC_r1,INC_kr,INC_sk,IND_avg,IND_sd,IND_r1,IND_kr,IND_sk
340,0.2605000000,0.0881178189,-0.1820838263,3.1879841971,0.4465025133,0.2210000000,0.0908790405,0.0321298234,3.2211299657,0.4835285213,0.5185000000,0.1108275688,-0.1495680678,2.7191956763,-0.2731089217,0.5185000000,0.1108275688,-0.1495680678,2.7191956763,-0.2731089217
