Instance,INF_avg,INF_sd,INF_r1,INF_kr,INF_sk,SUP_avg,SUP_sd,SUP_r1,SUP_kr,SUP_sk,INC_avg,INC_sd,INC_r1,INC_kr,INC_sk,IND_avg,IND_sd,IND_r1,IND_kr,IND_sk
90,0.3668041237,0.0924750888,0.6047571482,2.8307244186,-0.2527320235,0.1435051546,0.0683236874,0.5811835347,3.2760405839,0.7238565763,0.4896907216,0.0735050823,0.1966996805,2.5899062061,-0.1052018923,0.4896907216,0.0735050823,0.1966996805,2.5899062061,-0.1052018923
