Instance,INF_avg,INF_sd,INF_r1,INF_kr,INF_sk,SUP_avg,SUP_sd,SUP_r1,SUP_kr,SUP_sk,INC_avg,INC_sd,INC_r1,INC_kr,INC_sk,IND_avg,IND_sd,IND_r1,IND_kr,IND_sk
389,0.2685000000,0.0358503835,-0.0137379375,2.4480343669,-0.0868226138,0.2710000000,0.0280000000,-0.3421427646,2.3624303676,-0.4032889942,0.4605000000,0.0267815235,-0.3799714176,2.4902218533,-0.1490703778,0.4605000000,0.0267815235,-0.3799714176,2.4902218533,-0.1490703778
