Instance,INF_avg,INF_sd,INF_r1,INF_kr,INF_sk,SUP_avg,SUP_sd,SUP_r1,SUP_kr,SUP_sk,INC_avg,INC_sd,INC_r1,INC_kr,INC_sk,IND_avg,IND_sd,IND_r1,IND_kr,IND_sk
267,0.5442682927,0.0935450914,0.8422869848,3.5330131130,-0.9604163656,0.0940650407,0.0682217498,0.9115660268,2.7687902344,0.9291236690,0.3616666667,0.0410218396,0.2944281287,3.3657584941,0.3019300519,0.3616666667,0.0410218396,0.2944281287,3.3657584941,0.3019300519
