Instance,INF_avg,INF_sd,INF_r1,INF_kr,INF_sk,SUP_avg,SUP_sd,SUP_r1,SUP_kr,SUP_sk,INC_avg,INC_sd,INC_r1,INC_kr,INC_sk,IND_avg,IND_sd,IND_r1,IND_kr,IND_sk
242,0.2200000000,0.0328633535,-0.1666666667,2.5000000000,-0.9128709292,0.2480000000,0.0435430821,-0.5467625899,2.1600972066,0.3825688729,0.5320000000,0.0376297754,0.0688912809,1.6071531169,0.4071784569,0.5320000000,0.0376297754,0.0688912809,1.6071531169,0.4071784569
