Instance,INF_avg,INF_sd,INF_r1,INF_kr,INF_sk,SUP_avg,SUP_sd,SUP_r1,SUP_kr,SUP_sk,INC_avg,INC_sd,INC_r1,INC_kr,INC_sk,IND_avg,IND_sd,IND_r1,IND_kr,IND_sk
68,0.2800000000,0.1004987562,-0.6173361522,2.1955690619,-0.0354666721,0.1900000000,0.0888819442,-0.0981912145,2.0632911392,0.3033464847,0.5300000000,0.1400000000,-0.5528634361,2.5666909621,-0.2700437318,0.5300000000,0.1400000000,-0.5528634361,2.5666909621,-0.2700437318
