Instance,INF_avg,INF_sd,INF_r1,INF_kr,INF_sk,SUP_avg,SUP_sd,SUP_r1,SUP_kr,SUP_sk,INC_avg,INC_sd,INC_r1,INC_kr,INC_sk,IND_avg,IND_sd,IND_r1,IND_kr,IND_sk
75,0.2560000000,0.0649923072,0.3060295791,1.3517561983,-0.1356803935,0.2480000000,0.0664529909,-0.3603209336,2.0527725268,0.5312680038,0.4960000000,0.0585149554,-0.5890688259,1.8333915626,-0.5692290290,0.4960000000,0.0585149554,-0.5890688259,1.8333915626,-0.5692290290
