Instance,INF_avg,INF_sd,INF_r1,INF_kr,INF_sk,SUP_avg,SUP_sd,SUP_r1,SUP_kr,SUP_sk,INC_avg,INC_sd,INC_r1,INC_kr,INC_sk,IND_avg,IND_sd,IND_r1,IND_kr,IND_sk
150,0.1600000000,0.1200000000,-0.2640449438,2.4398148148,0.4583333333,0.3000000000,0.1483239697,-0.2727272727,2.4380165289,0.7354907591,0.5400000000,0.1019803903,-0.0351562500,1.9556213018,0.2715454179,0.5400000000,0.1019803903,-0.0351562500,1.9556213018,0.2715454179
