Instance,INF_avg,INF_sd,INF_r1,INF_kr,INF_sk,SUP_avg,SUP_sd,SUP_r1,SUP_kr,SUP_sk,INC_avg,INC_sd,INC_r1,INC_kr,INC_sk,IND_avg,IND_sd,IND_r1,IND_kr,IND_sk
56,0.2424000000,0.0453678300,-0.3119567621,3.2443311225,0.3577597513,0.2660000000,0.0324961536,0.0724615145,2.5984848485,0.1007112199,0.4916000000,0.0408587812,-0.0192698012,3.7232001740,-1.0370338191,0.4916000000,0.0408587812,-0.0192698012,3.7232001740,-1.0370338191
