Instance,INF_avg,INF_sd,INF_r1,INF_kr,INF_sk,SUP_avg,SUP_sd,SUP_r1,SUP_kr,SUP_sk,INC_avg,INC_sd,INC_r1,INC_kr,INC_sk,IND_avg,IND_sd,IND_r1,IND_kr,IND_sk
322,0.2444000000,0.0306045748,-0.0858430175,3.2187122622,-0.1452560223,0.2634500000,0.0321145995,-0.0162758285,2.9895510572,-0.2335131010,0.4921500000,0.0352154441,-0.1236014652,2.9237444740,0.1745409411,0.4921500000,0.0352154441,-0.1236014652,2.9237444740,0.1745409411
