Instance,INF_avg,INF_sd,INF_r1,INF_kr,INF_sk,SUP_avg,SUP_sd,SUP_r1,SUP_kr,SUP_sk,INC_avg,INC_sd,INC_r1,INC_kr,INC_sk,IND_avg,IND_sd,IND_r1,IND_kr,IND_sk
493,0.2500000000,0.0349284984,-0.4867256637,2.3474872346,-0.8870580753,0.2490000000,0.0341906420,0.0128792463,3.4624264852,-0.8154348060,0.5010000000,0.0396106046,0.0641730316,2.5105674353,0.7368094659,0.5010000000,0.0396106046,0.0641730316,2.5105674353,0.7368094659
