Instance,INF_avg,INF_sd,INF_r1,INF_kr,INF_sk,SUP_avg,SUP_sd,SUP_r1,SUP_kr,SUP_sk,INC_avg,INC_sd,INC_r1,INC_kr,INC_sk,IND_avg,IND_sd,IND_r1,IND_kr,IND_sk
91,0.2600000000,0.1200000000,-0.7251461988,1.3981481481,0.1111111111,0.2000000000,0.0894427191,-0.7500000000,1.2500000000,-0.0000000000,0.5400000000,0.0489897949,-0.6666666667,1.1666666667,0.4082482905,0.5400000000,0.0489897949,-0.6666666667,1.1666666667,0.4082482905
