Instance,INF_avg,INF_sd,INF_r1,INF_kr,INF_sk,SUP_avg,SUP_sd,SUP_r1,SUP_kr,SUP_sk,INC_avg,INC_sd,INC_r1,INC_kr,INC_sk,IND_avg,IND_sd,IND_r1,IND_kr,IND_sk
365,0.2220000000,0.1158274579,-0.1752913245,2.5340031341,0.5591563014,0.2920000000,0.1026450194,0.0514954392,1.9288652162,0.0770952130,0.4860000000,0.1292439554,-0.2009401058,1.8911988869,-0.0651667907,0.4860000000,0.1292439554,-0.2009401058,1.8911988869,-0.0651667907
