Instance,INF_avg,INF_sd,INF_r1,INF_kr,INF_sk,SUP_avg,SUP_sd,SUP_r1,SUP_kr,SUP_sk,INC_avg,INC_sd,INC_r1,INC_kr,INC_sk,IND_avg,IND_sd,IND_r1,IND_kr,IND_sk
136,0.2320000000,0.0847112743,-0.0104362155,3.2907107676,0.4743241360,0.3460000000,0.0937229961,-0.0720680807,3.3640299800,0.3346100428,0.4220000000,0.0884081444,-0.6220168849,2.5410181356,0.2727880320,0.4220000000,0.0884081444,-0.6220168849,2.5410181356,0.2727880320
