Instance,INF_avg,INF_sd,INF_r1,INF_kr,INF_sk,SUP_avg,SUP_sd,SUP_r1,SUP_kr,SUP_sk,INC_avg,INC_sd,INC_r1,INC_kr,INC_sk,IND_avg,IND_sd,IND_r1,IND_kr,IND_sk
20,0.2410000000,0.0508822169,-0.3915520077,1.7466619404,0.7206336786,0.2740000000,0.0454312668,-0.3052754073,2.4032585181,0.8208157141,0.4850000000,0.0344238290,-0.3458823529,1.5913582225,0.2647562554,0.4850000000,0.0344238290,-0.3458823529,1.5913582225,0.2647562554
