Instance,INF_avg,INF_sd,INF_r1,INF_kr,INF_sk,SUP_avg,SUP_sd,SUP_r1,SUP_kr,SUP_sk,INC_avg,INC_sd,INC_r1,INC_kr,INC_sk,IND_avg,IND_sd,IND_r1,IND_kr,IND_sk
446,0.2788000000,0.0508139745,0.6492094971,2.2996993984,-0.1257222654,0.2208000000,0.0553521454,0.7051019740,2.2584640686,-0.0023366539,0.5004000000,0.0358307131,0.1811200294,3.0071209834,0.1806340205,0.5004000000,0.0358307131,0.1811200294,3.0071209834,0.1806340205
