Instance,INF_avg,INF_sd,INF_r1,INF_kr,INF_sk,SUP_avg,SUP_sd,SUP_r1,SUP_kr,SUP_sk,INC_avg,INC_sd,INC_r1,INC_kr,INC_sk,IND_avg,IND_sd,IND_r1,IND_kr,IND_sk
254,0.2740000000,0.0475815090,-0.3736263736,2.4269312889,0.8648726011,0.2560000000,0.0508330601,-0.5383421298,2.7063472285,-1.1368482157,0.4700000000,0.0167332005,-0.6428571429,2.5000000000,-0.7683612489,0.4700000000,0.0167332005,-0.6428571429,2.5000000000,-0.7683612489
