Instance,INF_avg,INF_sd,INF_r1,INF_kr,INF_sk,SUP_avg,SUP_sd,SUP_r1,SUP_kr,SUP_sk,INC_avg,INC_sd,INC_r1,INC_kr,INC_sk,IND_avg,IND_sd,IND_r1,IND_kr,IND_sk
349,0.2800000000,0.0181659021,0.2666666667,2.2245179063,-0.3503066525,0.2170000000,0.0331058907,0.2942718083,1.9250925729,0.3160065658,0.5030000000,0.0180554701,-0.0899182561,2.5078286725,0.6819475415,0.5030000000,0.0180554701,-0.0899182561,2.5078286725,0.6819475415
