Instance,INF_avg,INF_sd,INF_r1,INF_kr,INF_sk,SUP_avg,SUP_sd,SUP_r1,SUP_kr,SUP_sk,INC_avg,INC_sd,INC_r1,INC_kr,INC_sk,IND_avg,IND_sd,IND_r1,IND_kr,IND_sk
179,0.2250000000,0.0928708781,-0.3430656934,2.0888468809,0.5617898108,0.3050000000,0.0788986692,0.0255068672,2.2789471138,-0.6230349258,0.4700000000,0.1144552314,-0.2971078002,3.5759571121,-1.0964652436,0.4700000000,0.1144552314,-0.2971078002,3.5759571121,-1.0964652436
