Instance,INF_avg,INF_sd,INF_r1,INF_kr,INF_sk,SUP_avg,SUP_sd,SUP_r1,SUP_kr,SUP_sk,INC_avg,INC_sd,INC_r1,INC_kr,INC_sk,IND_avg,IND_sd,IND_r1,IND_kr,IND_sk
421,0.2398000000,0.0444292696,-0.0963128040,2.4434126971,0.5455360382,0.2600000000,0.0402988834,0.2096985583,2.6668931544,0.2988751541,0.5002000000,0.0567975352,0.0694864744,2.8214025129,-0.5075441880,0.5002000000,0.0567975352,0.0694864744,2.8214025129,-0.5075441880
