Instance,INF_avg,INF_sd,INF_r1,INF_kr,INF_sk,SUP_avg,SUP_sd,SUP_r1,SUP_kr,SUP_sk,INC_avg,INC_sd,INC_r1,INC_kr,INC_sk,IND_avg,IND_sd,IND_r1,IND_kr,IND_sk
66,0.3951923077,0.0824852058,0.7154294878,2.4262833842,0.0281202187,0.1197115385,0.0721704277,0.8680967237,2.2355643659,0.5117850476,0.4850961538,0.0485757773,0.1143653158,2.8228227075,0.0806565021,0.4850961538,0.0485757773,0.1143653158,2.8228227075,0.0806565021
