Instance,INF_avg,INF_sd,INF_r1,INF_kr,INF_sk,SUP_avg,SUP_sd,SUP_r1,SUP_kr,SUP_sk,INC_avg,INC_sd,INC_r1,INC_kr,INC_sk,IND_avg,IND_sd,IND_r1,IND_kr,IND_sk
488,0.3300000000,0.0400000000,-0.7741935484,2.0781250000,0.8437500000,0.1800000000,0.0678232998,0.0265486726,2.9310018904,-1.1731251294,0.4900000000,0.0860232527,-0.2110726644,2.6519357195,1.0179522960,0.4900000000,0.0860232527,-0.2110726644,2.6519357195,1.0179522960
