Instance,INF_avg,INF_sd,INF_r1,INF_kr,INF_sk,SUP_avg,SUP_sd,SUP_r1,SUP_kr,SUP_sk,INC_avg,INC_sd,INC_r1,INC_kr,INC_sk,IND_avg,IND_sd,IND_r1,IND_kr,IND_sk
461,0.2502000000,0.0290681957,-0.1492177072,3.7513663829,0.8858599480,0.2664000000,0.0406083735,0.0055489531,2.7212538694,0.7106161008,0.4834000000,0.0411757210,0.3106935002,2.5938090311,-0.2702697514,0.4834000000,0.0411757210,0.3106935002,2.5938090311,-0.2702697514
