Instance,INF_avg,INF_sd,INF_r1,INF_kr,INF_sk,SUP_avg,SUP_sd,SUP_r1,SUP_kr,SUP_sk,INC_avg,INC_sd,INC_r1,INC_kr,INC_sk,IND_avg,IND_sd,IND_r1,IND_kr,IND_sk
187,0.2514000000,0.0322961298,0.2909991732,3.4793931410,-0.0654129860,0.2404000000,0.0276014492,0.0389427330,2.4238301057,0.3857129145,0.5082000000,0.0343912780,-0.1678222971,2.6497734830,0.1940361432,0.5082000000,0.0343912780,-0.1678222971,2.6497734830,0.1940361432
