Instance,INF_avg,INF_sd,INF_r1,INF_kr,INF_sk,SUP_avg,SUP_sd,SUP_r1,SUP_kr,SUP_sk,INC_avg,INC_sd,INC_r1,INC_kr,INC_sk,IND_avg,IND_sd,IND_r1,IND_kr,IND_sk
95,0.2770000000,0.1586537110,0.0920570523,3.3736147567,0.6658280384,0.2540000000,0.1402996793,0.1470321773,2.5922180490,0.1353273577,0.4690000000,0.1547223319,0.0179725834,3.0312274161,-0.2197366183,0.4690000000,0.1547223319,0.0179725834,3.0312274161,-0.2197366183
