Instance,INF_avg,INF_sd,INF_r1,INF_kr,INF_sk,SUP_avg,SUP_sd,SUP_r1,SUP_kr,SUP_sk,INC_avg,INC_sd,INC_r1,INC_kr,INC_sk,IND_avg,IND_sd,IND_r1,IND_kr,IND_sk
287,0.2200000000,0.1720465053,-0.2059620596,1.9945215486,0.3958703373,0.3400000000,0.1019803903,-0.5079365079,1.9556213018,0.2715454179,0.4400000000,0.1496662955,-0.4575645756,2.1339285714,0.7301958931,0.4400000000,0.1496662955,-0.4575645756,2.1339285714,0.7301958931
