Instance,INF_avg,INF_sd,INF_r1,INF_kr,INF_sk,SUP_avg,SUP_sd,SUP_r1,SUP_kr,SUP_sk,INC_avg,INC_sd,INC_r1,INC_kr,INC_sk,IND_avg,IND_sd,IND_r1,IND_kr,IND_sk
292,0.2820000000,0.0817067929,-0.1820424332,3.0643080514,-0.2633743412,0.2390000000,0.1281756607,0.0854353091,2.8566949964,0.6866698744,0.4790000000,0.1149304137,0.1538519903,2.5562550720,0.0355229810,0.4790000000,0.1149304137,0.1538519903,2.5562550720,0.0355229810
