Instance,INF_avg,INF_sd,INF_r1,INF_kr,INF_sk,SUP_avg,SUP_sd,SUP_r1,SUP_kr,SUP_sk,INC_avg,INC_sd,INC_r1,INC_kr,INC_sk,IND_avg,IND_sd,IND_r1,IND_kr,IND_sk
396,0.2596000000,0.0477476701,-0.0956924636,3.5858242630,0.5472853893,0.2514000000,0.0475398780,-0.1554145739,3.0240368949,0.2524625516,0.4890000000,0.0481352262,-0.0179816641,2.5549134961,-0.1655887452,0.4890000000,0.0481352262,-0.0179816641,2.5549134961,-0.1655887452
