Instance,INF_avg,INF_sd,INF_r1,INF_kr,INF_sk,SUP_avg,SUP_sd,SUP_r1,SUP_kr,SUP_sk,INC_avg,INC_sd,INC_r1,INC_kr,INC_sk,IND_avg,IND_sd,IND_r1,IND_kr,IND_sk
346,0.2680000000,0.0644360148,-0.1061348983,3.3784178110,0.3121795630,0.2536000000,0.0723259290,0.2537271997,2.6922031587,0.2619288397,0.4784000000,0.0751361431,0.1252801786,2.5212427532,0.2332571171,0.4784000000,0.0751361431,0.1252801786,2.5212427532,0.2332571171
