Instance,INF_avg,INF_sd,INF_r1,INF_kr,INF_sk,SUP_avg,SUP_sd,SUP_r1,SUP_kr,SUP_sk,INC_avg,INC_sd,INC_r1,INC_kr,INC_sk,IND_avg,IND_sd,IND_r1,IND_kr,IND_sk
253,0.2300000000,0.1100000000,-0.4900947459,4.0555289939,1.1900826446,0.2900000000,0.1374772708,-0.4489990467,2.7025279248,-0.5126388533,0.4800000000,0.1400000000,-0.4092140921,1.6022490629,-0.0787172012,0.4800000000,0.1400000000,-0.4092140921,1.6022490629,-0.0787172012
