Instance,INF_avg,INF_sd,INF_r1,INF_kr,INF_sk,SUP_avg,SUP_sd,SUP_r1,SUP_kr,SUP_sk,INC_avg,INC_sd,INC_r1,INC_kr,INC_sk,IND_avg,IND_sd,IND_r1,IND_kr,IND_sk
116,0.2572000000,0.0461753181,0.1266952991,2.3993775257,0.3255567823,0.2200000000,0.0447213595,-0.2505010020,4.4012000000,0.5205566252,0.5228000000,0.0524991429,-0.0779435164,1.9215491127,0.1171165727,0.5228000000,0.0524991429,-0.0779435164,1.9215491127,0.1171165727
