Instance,INF_avg,INF_sd,INF_r1,INF_kr,INF_sk,SUP_avg,SUP_sd,SUP_r1,SUP_kr,SUP_sk,INC_avg,INC_sd,INC_r1,INC_kr,INC_sk,IND_avg,IND_sd,IND_r1,IND_kr,IND_sk
446,0.3250000000,0.0955248659,0.5328467153,2.0838806530,-0.3871902989,0.2300000000,0.0927361850,-0.0922897196,1.9959437534,0.4062537037,0.4450000000,0.0934077085,-0.0596616207,2.9416589355,-0.4067573219,0.4450000000,0.0934077085,-0.0596616207,2.9416589355,-0.4067573219
