Instance,INF_avg,INF_sd,INF_r1,INF_kr,INF_sk,SUP_avg,SUP_sd,SUP_r1,SUP_kr,SUP_sk,INC_avg,INC_sd,INC_r1,INC_kr,INC_sk,IND_avg,IND_sd,IND_r1,IND_kr,IND_sk
75,0.2220000000,0.0368239053,0.2172824045,2.1309160206,-0.5075579395,0.2280000000,0.0342928564,-0.1989795918,2.8951131473,-0.0678430104,0.5500000000,0.0453872229,-0.1116504854,3.1986992176,-0.0128345432,0.5500000000,0.0453872229,-0.1116504854,3.1986992176,-0.0128345432
