Instance,INF_avg,INF_sd,INF_r1,INF_kr,INF_sk,SUP_avg,SUP_sd,SUP_r1,SUP_kr,SUP_sk,INC_avg,INC_sd,INC_r1,INC_kr,INC_sk,IND_avg,IND_sd,IND_r1,IND_kr,IND_sk
301,0.4535044643,0.1157713648,0.9186259326,2.1846029667,-0.2087085079,0.0954241071,0.0717661353,0.9125935989,3.1189872017,0.9664113022,0.4510714286,0.0582019597,0.6177542454,2.5332948233,-0.2986591372,0.4510714286,0.0582019597,0.6177542454,2.5332948233,-0.2986591372
