Instance,INF_avg,INF_sd,INF_r1,INF_kr,INF_sk,SUP_avg,SUP_sd,SUP_r1,SUP_kr,SUP_sk,INC_avg,INC_sd,INC_r1,INC_kr,INC_sk,IND_avg,IND_sd,IND_r1,IND_kr,IND_sk
172,0.2200000000,0.1442220510,0.3150123052,2.1005917160,-0.1120067704,0.2720000000,0.1281249390,0.1149948663,2.0407247814,0.3047098868,0.5080000000,0.1937420966,0.1740247896,2.8767112983,-0.8059861817,0.5080000000,0.1937420966,0.1740247896,2.8767112983,-0.8059861817
