Instance,INF_avg,INF_sd,INF_r1,INF_kr,INF_sk,SUP_avg,SUP_sd,SUP_r1,SUP_kr,SUP_sk,INC_avg,INC_sd,INC_r1,INC_kr,INC_sk,IND_avg,IND_sd,IND_r1,IND_kr,IND_sk
108,0.2560000000,0.1444437607,-0.3190985749,4.6378368587,1.0350261360,0.1720000000,0.1077775487,0.0199987731,2.6846640712,0.3815633909,0.5720000000,0.1637559159,-0.1374611010,2.4859849283,-0.4749195326,0.5720000000,0.1637559159,-0.1374611010,2.4859849283,-0.4749195326
