Instance,INF_avg,INF_sd,INF_r1,INF_kr,INF_sk,SUP_avg,SUP_sd,SUP_r1,SUP_kr,SUP_sk,INC_avg,INC_sd,INC_r1,INC_kr,INC_sk,IND_avg,IND_sd,IND_r1,IND_kr,IND_sk
310,0.2614000000,0.0630717052,0.1415140314,3.0819515170,-0.3647264560,0.2824000000,0.0706133132,-0.0851629893,3.2319829160,-0.1088193810,0.4562000000,0.0821070034,-0.0377240209,2.3621233772,0.2740752095,0.4562000000,0.0821070034,-0.0377240209,2.3621233772,0.2740752095
