Instance,INF_avg,INF_sd,INF_r1,INF_kr,INF_sk,SUP_avg,SUP_sd,SUP_r1,SUP_kr,SUP_sk,INC_avg,INC_sd,INC_r1,INC_kr,INC_sk,IND_avg,IND_sd,IND_r1,IND_kr,IND_sk
439,0.2656000000,0.0545952379,-0.0004007297,2.9189401795,0.0755221927,0.2111000000,0.0445173000,-0.1483000562,3.1192062066,0.4834148419,0.5233000000,0.0527457107,0.0002524957,2.9370588179,0.0878478272,0.5233000000,0.0527457107,0.0002524957,2.9370588179,0.0878478272
