Instance,INF_avg,INF_sd,INF_r1,INF_kr,INF_sk,SUP_avg,SUP_sd,SUP_r1,SUP_kr,SUP_sk,INC_avg,INC_sd,INC_r1,INC_kr,INC_sk,IND_avg,IND_sd,IND_r1,IND_kr,IND_sk
410,0.3040000000,0.1455472432,-0.3648653051,2.4350430354,-0.3808524501,0.2480000000,0.1268700122,-0.0387894800,2.4605270959,0.2211370955,0.4480000000,0.1526302722,-0.3246406192,2.5697436149,0.1729022002,0.4480000000,0.1526302722,-0.3246406192,2.5697436149,0.1729022002
