Instance,INF_avg,INF_sd,INF_r1,INF_kr,INF_sk,SUP_avg,SUP_sd,SUP_r1,SUP_kr,SUP_sk,INC_avg,INC_sd,INC_r1,INC_kr,INC_sk,IND_avg,IND_sd,IND_r1,IND_kr,IND_sk
323,0.2400000000,0.0860232527,0.0138408304,2.6519357195,1.0179522960,0.2600000000,0.0916515139,0.4648829431,1.2091836735,-0.2961528510,0.5000000000,0.1612451550,0.5277777778,1.7825443787,-0.2146755022,0.5000000000,0.1612451550,0.5277777778,1.7825443787,-0.2146755022
