Instance,INF_avg,INF_sd,INF_r1,INF_kr,INF_sk,SUP_avg,SUP_sd,SUP_r1,SUP_kr,SUP_sk,INC_avg,INC_sd,INC_r1,INC_kr,INC_sk,IND_avg,IND_sd,IND_r1,IND_kr,IND_sk
307,0.2592000000,0.0516852010,0.1485183185,2.8962185466,0.2040401333,0.2712000000,0.0493412606,0.1495410131,3.2144113333,0.6238028549,0.4696000000,0.0552977396,-0.0384721587,3.2455577061,-0.1066316940,0.4696000000,0.0552977396,-0.0384721587,3.2455577061,-0.1066316940
