Instance,INF_avg,INF_sd,INF_r1,INF_kr,INF_sk,SUP_avg,SUP_sd,SUP_r1,SUP_kr,SUP_sk,INC_avg,INC_sd,INC_r1,INC_kr,INC_sk,IND_avg,IND_sd,IND_r1,IND_kr,IND_sk
99,0.1920000000,0.0601331855,-0.0598705502,2.5906883859,0.8282499806,0.3360000000,0.0407921561,-0.5039062500,3.4395340237,-1.0720386810,0.4720000000,0.0523067873,-0.2526997840,2.7043192777,-1.0021845216,0.4720000000,0.0523067873,-0.2526997840,2.7043192777,-1.0021845216
