Instance,INF_avg,INF_sd,INF_r1,INF_kr,INF_sk,SUP_avg,SUP_sd,SUP_r1,SUP_kr,SUP_sk,INC_avg,INC_sd,INC_r1,INC_kr,INC_sk,IND_avg,IND_sd,IND_r1,IND_kr,IND_sk
305,0.2400500000,0.0408380644,0.3817296994,2.8584357725,0.0508546591,0.1775000000,0.0408809246,0.3550244961,2.9564179061,0.2718002009,0.5824500000,0.0412097986,-0.0034955825,3.2945081946,0.3890068385,0.5824500000,0.0412097986,-0.0034955825,3.2945081946,0.3890068385
