Instance,INF_avg,INF_sd,INF_r1,INF_kr,INF_sk,SUP_avg,SUP_sd,SUP_r1,SUP_kr,SUP_sk,INC_avg,INC_sd,INC_r1,INC_kr,INC_sk,IND_avg,IND_sd,IND_r1,IND_kr,IND_sk
389,0.4333108108,0.0842325330,0.6473962680,2.6535714381,0.0988324861,0.1081081081,0.0632172504,0.7264400116,3.3468236017,0.8076247048,0.4585810811,0.0560044657,0.1490341053,3.0307866632,-0.0891082680,0.4585810811,0.0560044657,0.1490341053,3.0307866632,-0.0891082680
