Instance,INF_avg,INF_sd,INF_r1,INF_kr,INF_sk,SUP_avg,SUP_sd,SUP_r1,SUP_kr,SUP_sk,INC_avg,INC_sd,INC_r1,INC_kr,INC_sk,IND_avg,IND_sd,IND_r1,IND_kr,IND_sk
119,0.2360000000,0.1162067124,0.1446852964,2.4784539880,-0.1179463807,0.2560000000,0.1498799520,0.0457198305,4.7807302700,0.7040392403,0.5080000000,0.1507846146,0.0843960251,3.5785857161,0.6690968750,0.5080000000,0.1507846146,0.0843960251,3.5785857161,0.6690968750
