Instance,INF_avg,INF_sd,INF_r1,INF_kr,INF_sk,SUP_avg,SUP_sd,SUP_r1,SUP_kr,SUP_sk,INC_avg,INC_sd,INC_r1,INC_kr,INC_sk,IND_avg,IND_sd,IND_r1,IND_kr,IND_sk
377,0.2600000000,0.0593295879,-0.1395348837,2.0351239669,0.5516180693,0.2560000000,0.0387814389,0.0359897172,1.8155273880,0.6122692079,0.4840000000,0.0463033476,-0.5214067278,2.1988193362,0.3365218792,0.4840000000,0.0463033476,-0.5214067278,2.1988193362,0.3365218792
