Instance,INF_avg,INF_sd,INF_r1,INF_kr,INF_sk,SUP_avg,SUP_sd,SUP_r1,SUP_kr,SUP_sk,INC_avg,INC_sd,INC_r1,INC_kr,INC_sk,IND_avg,IND_sd,IND_r1,IND_kr,IND_sk
487,0.2374500000,0.0376330639,0.0224088620,2.6014678211,-0.0075589566,0.2559000000,0.0327443125,-0.0945645524,2.7424481624,0.2612460266,0.5066500000,0.0375769544,-0.0103828645,2.5972374095,-0.1892732071,0.5066500000,0.0375769544,-0.0103828645,2.5972374095,-0.1892732071
