Instance,INF_avg,INF_sd,INF_r1,INF_kr,INF_sk,SUP_avg,SUP_sd,SUP_r1,SUP_kr,SUP_sk,INC_avg,INC_sd,INC_r1,INC_kr,INC_sk,IND_avg,IND_sd,IND_r1,IND_kr,IND_sk
259,0.2416000000,0.0505315743,0.4780194859,3.1245021544,0.3628584855,0.2732000000,0.0436550112,0.0884524390,2.7391289570,0.2566462649,0.4852000000,0.0473810089,0.0328157931,2.3830032150,0.4832072528,0.4852000000,0.0473810089,0.0328157931,2.3830032150,0.4832072528
