Instance,INF_avg,INF_sd,INF_r1,INF_kr,INF_sk,SUP_avg,SUP_sd,SUP_r1,SUP_kr,SUP_sk,INC_avg,INC_sd,INC_r1,INC_kr,INC_sk,IND_avg,IND_sd,IND_r1,IND_kr,IND_sk
411,0.2440000000,0.0462168800,0.0886441122,2.6635736229,0.1254466508,0.2604000000,0.0510670148,0.2681101349,2.4276438171,-0.0060782760,0.4956000000,0.0455262562,0.0891145476,3.1164114543,-0.3013576383,0.4956000000,0.0455262562,0.0891145476,3.1164114543,-0.3013576383
