Instance,INF_avg,INF_sd,INF_r1,INF_kr,INF_sk,SUP_avg,SUP_sd,SUP_r1,SUP_kr,SUP_sk,INC_avg,INC_sd,INC_r1,INC_kr,INC_sk,IND_avg,IND_sd,IND_r1,IND_kr,IND_sk
468,0.2460000000,0.0953100205,-0.2161016185,2.7768474714,0.6688317444,0.2240000000,0.0965608616,-0.0931767213,3.2307205164,0.3219340482,0.5300000000,0.1131370850,-0.0327395282,2.1911621094,0.0248592228,0.5300000000,0.1131370850,-0.0327395282,2.1911621094,0.0248592228
