Instance,INF_avg,INF_sd,INF_r1,INF_kr,INF_sk,SUP_avg,SUP_sd,SUP_r1,SUP_kr,SUP_sk,INC_avg,INC_sd,INC_r1,INC_kr,INC_sk,IND_avg,IND_sd,IND_r1,IND_kr,IND_sk
489,0.3210000000,0.0351283361,-0.1466354202,2.3228159994,-0.6350412261,0.2020000000,0.0248193473,-0.6059773274,2.7495467195,-1.1416261375,0.4770000000,0.0347275107,0.5331069610,1.3968589886,0.2436882574,0.4770000000,0.0347275107,0.5331069610,1.3968589886,0.2436882574
