Instance,INF_avg,INF_sd,INF_r1,INF_kr,INF_sk,SUP_avg,SUP_sd,SUP_r1,SUP_kr,SUP_sk,INC_avg,INC_sd,INC_r1,INC_kr,INC_sk,IND_avg,IND_sd,IND_r1,IND_kr,IND_sk
313,0.3482272727,0.0741653140,0.7788007985,2.0212603384,0.1527977231,0.1102045455,0.0671976662,0.9079672042,2.1342175567,0.4481750746,0.5415681818,0.0385966306,0.0950911257,2.6632894937,-0.0991596527,0.5415681818,0.0385966306,0.0950911257,2.6632894937,-0.0991596527
