Instance,INF_avg,INF_sd,INF_r1,INF_kr,INF_sk,SUP_avg,SUP_sd,SUP_r1,SUP_kr,SUP_sk,INC_avg,INC_sd,INC_r1,INC_kr,INC_sk,IND_avg,IND_sd,IND_r1,IND_kr,IND_sk
377,0.2500000000,0.1374772708,0.1193633952,2.9121525153,0.2540102426,0.2440000000,0.1402283851,0.0048645256,3.3714835601,0.8410550284,0.5060000000,0.1654206759,0.0687011402,2.6283450167,0.0369445185,0.5060000000,0.1654206759,0.0687011402,2.6283450167,0.0369445185
