Instance,INF_avg,INF_sd,INF_r1,INF_kr,INF_sk,SUP_avg,SUP_sd,SUP_r1,SUP_kr,SUP_sk,INC_avg,INC_sd,INC_r1,INC_kr,INC_sk,IND_avg,IND_sd,IND_r1,IND_kr,IND_sk
307,0.2580000000,0.0609590026,0.0467042862,1.6376707480,0.0525508034,0.2300000000,0.0694262198,0.0105708245,5.7737470085,1.8718937390,0.5120000000,0.0785875308,0.1820337197,1.8427474563,0.3394123069,0.5120000000,0.0785875308,0.1820337197,1.8427474563,0.3394123069
