Instance,INF_avg,INF_sd,INF_r1,INF_kr,INF_sk,SUP_avg,SUP_sd,SUP_r1,SUP_kr,SUP_sk,INC_avg,INC_sd,INC_r1,INC_kr,INC_sk,IND_avg,IND_sd,IND_r1,IND_kr,IND_sk
258,0.4210810811,0.0805146884,0.4107259438,2.8041853797,0.2776015771,0.1041891892,0.0685566792,0.7778014077,2.1482160491,0.5210739671,0.4747297297,0.0606768795,-0.1754139551,3.5651436825,0.3702964100,0.4747297297,0.0606768795,-0.1754139551,3.5651436825,0.3702964100
