Instance,INF_avg,INF_sd,INF_r1,INF_kr,INF_sk,SUP_avg,SUP_sd,SUP_r1,SUP_kr,SUP_sk,INC_avg,INC_sd,INC_r1,INC_kr,INC_sk,IND_avg,IND_sd,IND_r1,IND_kr,IND_sk
282,0.2520000000,0.0474973683,0.3426916221,1.3562320809,-0.0125426882,0.2760000000,0.0392937654,-0.6483851310,1.3957555908,-0.3133036679,0.4720000000,0.0457820926,0.5047923323,2.3948633530,-0.8043412919,0.4720000000,0.0457820926,0.5047923323,2.3948633530,-0.8043412919
