Instance,INF_avg,INF_sd,INF_r1,INF_kr,INF_sk,SUP_avg,SUP_sd,SUP_r1,SUP_kr,SUP_sk,INC_avg,INC_sd,INC_r1,INC_kr,INC_sk,IND_avg,IND_sd,IND_r1,IND_kr,IND_sk
169,0.2545000000,0.0353164268,-0.0508448485,2.2594240100,-0.0020772598,0.2593000000,0.0299334261,-0.1064952887,2.2170394712,-0.2112378402,0.4862000000,0.0350508202,-0.1269219954,2.6942610501,0.0439007578,0.4862000000,0.0350508202,-0.1269219954,2.6942610501,0.0439007578
