Instance,INF_avg,INF_sd,INF_r1,INF_kr,INF_sk,SUP_avg,SUP_sd,SUP_r1,SUP_kr,SUP_sk,INC_avg,INC_sd,INC_r1,INC_kr,INC_sk,IND_avg,IND_sd,IND_r1,IND_kr,IND_sk
225,0.2400000000,0.0434050688,-0.0488322718,2.6718460519,-0.0630998539,0.2670000000,0.0463141447,0.0374061574,2.7300771024,0.2121117919,0.4930000000,0.0523545605,-0.0649965999,2.5751109299,0.1527763887,0.4930000000,0.0523545605,-0.0649965999,2.5751109299,0.1527763887
