Instance,INF_avg,INF_sd,INF_r1,INF_kr,INF_sk,SUP_avg,SUP_sd,SUP_r1,SUP_kr,SUP_sk,INC_avg,INC_sd,INC_r1,INC_kr,INC_sk,IND_avg,IND_sd,IND_r1,IND_kr,IND_sk
335,0.2696000000,0.0461718529,0.2699202905,2.6679057282,0.6107656149,0.2324000000,0.0439344967,0.1219542158,2.7641503823,-0.4017676362,0.4980000000,0.0464758002,0.0437462864,3.1337037037,-0.0019125844,0.4980000000,0.0464758002,0.0437462864,3.1337037037,-0.0019125844
