Instance,INF_avg,INF_sd,INF_r1,INF_kr,INF_sk,SUP_avg,SUP_sd,SUP_r1,SUP_kr,SUP_sk,INC_avg,INC_sd,INC_r1,INC_kr,INC_sk,IND_avg,IND_sd,IND_r1,IND_kr,IND_sk
218,0.4560869565,0.0909963750,0.7132259616,2.5623379410,-0.2186910872,0.1030434783,0.0594126895,0.6327054805,3.2428053987,0.9397835781,0.4408695652,0.0574390447,0.4944180441,2.8545715443,0.4623087447,0.4408695652,0.0574390447,0.4944180441,2.8545715443,0.4623087447
