Instance,INF_avg,INF_sd,INF_r1,INF_kr,INF_sk,SUP_avg,SUP_sd,SUP_r1,SUP_kr,SUP_sk,INC_avg,INC_sd,INC_r1,INC_kr,INC_sk,IND_avg,IND_sd,IND_r1,IND_kr,IND_sk
103,0.2410000000,0.0344093011,0.4703101619,2.9236754702,0.0260673548,0.2266000000,0.0348918329,0.2113745041,2.0605246550,-0.0251374847,0.5324000000,0.0445223539,0.5807622296,1.7785380266,0.2817328458,0.5324000000,0.0445223539,0.5807622296,1.7785380266,0.2817328458
