Instance,INF_avg,INF_sd,INF_r1,INF_kr,INF_sk,SUP_avg,SUP_sd,SUP_r1,SUP_kr,SUP_sk,INC_avg,INC_sd,INC_r1,INC_kr,INC_sk,IND_avg,IND_sd,IND_r1,IND_kr,IND_sk
22,0.3572000000,0.0896223186,0.6581086707,2.1895283274,-0.2216927263,0.1375000000,0.0713494919,0.7096408125,2.7766998988,0.6010263528,0.5053000000,0.0529236242,-0.1627437325,3.2071416156,0.5845249659,0.5053000000,0.0529236242,-0.1627437325,3.2071416156,0.5845249659
