Instance,INF_avg,INF_sd,INF_r1,INF_kr,INF_sk,SUP_avg,SUP_sd,SUP_r1,SUP_kr,SUP_sk,INC_avg,INC_sd,INC_r1,INC_kr,INC_sk,IND_avg,IND_sd,IND_r1,IND_kr,IND_sk
342,0.1750000000,0.0680073525,-0.6438356164,2.5894813733,0.0000000000,0.3350000000,0.1119151464,-0.2117576485,1.6936067984,0.2172304467,0.4900000000,0.0943398113,0.0274599542,2.2518621386,0.5573921436,0.4900000000,0.0943398113,0.0274599542,2.2518621386,0.5573921436
