Instance,INF_avg,INF_sd,INF_r1,INF_kr,INF_sk,SUP_avg,SUP_sd,SUP_r1,SUP_kr,SUP_sk,INC_avg,INC_sd,INC_r1,INC_kr,INC_sk,IND_avg,IND_sd,IND_r1,IND_kr,IND_sk
40,0.2355000000,0.0248445165,-0.3130439208,2.1066763715,0.0284637817,0.2580000000,0.0317962262,0.3350484860,2.2906162773,0.3740436051,0.5065000000,0.0298370575,-0.3193663443,1.4950835209,0.2909371230,0.5065000000,0.0298370575,-0.3193663443,1.4950835209,0.2909371230
