Instance,INF_avg,INF_sd,INF_r1,INF_kr,INF_sk,SUP_avg,SUP_sd,SUP_r1,SUP_kr,SUP_sk,INC_avg,INC_sd,INC_r1,INC_kr,INC_sk,IND_avg,IND_sd,IND_r1,IND_kr,IND_sk
399,0.1805000000,0.0190328663,-0.1657039460,1.7007502854,-0.1749180860,0.3495000000,0.0154029218,-0.1896155110,1.6623310434,-0.1728080714,0.4700000000,0.0308220700,-0.1940700809,1.7997229917,-0.1024556344,0.4700000000,0.0308220700,-0.1940700809,1.7997229917,-0.1024556344
