Instance,INF_avg,INF_sd,INF_r1,INF_kr,INF_sk,SUP_avg,SUP_sd,SUP_r1,SUP_kr,SUP_sk,INC_avg,INC_sd,INC_r1,INC_kr,INC_sk,IND_avg,IND_sd,IND_r1,IND_kr,IND_sk
419,0.3860000000,0.0430581003,0.4351433979,1.3408723551,0.0320933114,0.2620000000,0.0150332964,-0.5587419056,2.5789411857,1.0701908065,0.3520000000,0.0512445119,0.2671124406,1.4956362324,-0.3943282593,0.3520000000,0.0512445119,0.2671124406,1.4956362324,-0.3943282593
