Instance,INF_avg,INF_sd,INF_r1,INF_kr,INF_sk,SUP_avg,SUP_sd,SUP_r1,SUP_kr,SUP_sk,INC_avg,INC_sd,INC_r1,INC_kr,INC_sk,IND_avg,IND_sd,IND_r1,IND_kr,IND_sk
335,0.2660000000,0.0902441134,-0.2592600028,3.0478190219,0.5374420613,0.2320000000,0.0847112743,-0.3134425166,2.3399384049,0.1782170093,0.5020000000,0.1228657804,-0.2318000765,2.4444875531,-0.4505025822,0.5020000000,0.1228657804,-0.2318000765,2.4444875531,-0.4505025822
