Instance,INF_avg,INF_sd,INF_r1,INF_kr,INF_sk,SUP_avg,SUP_sd,SUP_r1,SUP_kr,SUP_sk,INC_avg,INC_sd,INC_r1,INC_kr,INC_sk,IND_avg,IND_sd,IND_r1,IND_kr,IND_sk
224,0.2840000000,0.0902441134,-0.2552095620,2.5855480525,0.0544365000,0.2270000000,0.0825893456,-0.1526455050,2.3482414289,-0.2834583982,0.4890000000,0.1064377752,-0.1628894958,2.7341959863,0.1515034966,0.4890000000,0.1064377752,-0.1628894958,2.7341959863,0.1515034966
