Instance,INF_avg,INF_sd,INF_r1,INF_kr,INF_sk,SUP_avg,SUP_sd,SUP_r1,SUP_kr,SUP_sk,INC_avg,INC_sd,INC_r1,INC_kr,INC_sk,IND_avg,IND_sd,IND_r1,IND_kr,IND_sk
170,0.2840000000,0.1405133446,-0.0696281528,2.8664191768,0.1340188900,0.2200000000,0.1216552506,0.0875912409,3.5354273192,0.5131914333,0.4960000000,0.1509436981,0.0653024249,2.9286010881,0.1900124360,0.4960000000,0.1509436981,0.0653024249,2.9286010881,0.1900124360
