Instance,INF_avg,INF_sd,INF_r1,INF_kr,INF_sk,SUP_avg,SUP_sd,SUP_r1,SUP_kr,SUP_sk,INC_avg,INC_sd,INC_r1,INC_kr,INC_sk,IND_avg,IND_sd,IND_r1,IND_kr,IND_sk
339,0.3375000000,0.0343402097,0.1890905186,2.6626421584,0.1520532101,0.2038000000,0.0377300941,0.5737291521,2.0571622566,-0.1564567360,0.4587000000,0.0433452420,0.3069066161,2.8455237618,0.0658426119,0.4587000000,0.0433452420,0.3069066161,2.8455237618,0.0658426119
