Instance,INF_avg,INF_sd,INF_r1,INF_kr,INF_sk,SUP_avg,SUP_sd,SUP_r1,SUP_kr,SUP_sk,INC_avg,INC_sd,INC_r1,INC_kr,INC_sk,IND_avg,IND_sd,IND_r1,IND_kr,IND_sk
313,0.2465000000,0.0259855729,-0.6604169187,2.7667700514,-0.6670462956,0.2710000000,0.0216564078,-0.5325717064,2.2438841431,-0.2986160499,0.4825000000,0.0374332740,-0.8288144604,1.9458739608,-0.4325269811,0.4825000000,0.0374332740,-0.8288144604,1.9458739608,-0.4325269811
