Instance,INF_avg,INF_sd,INF_r1,INF_kr,INF_sk,SUP_avg,SUP_sd,SUP_r1,SUP_kr,SUP_sk,INC_avg,INC_sd,INC_r1,INC_kr,INC_sk,IND_avg,IND_sd,IND_r1,IND_kr,IND_sk
406,0.2300000000,0.0900000000,-0.0861423221,2.2583447645,0.1975308642,0.2900000000,0.0943398113,-0.1573472042,2.3654841560,-0.5145158249,0.4800000000,0.0871779789,0.1379310345,1.4321329640,0.3984589062,0.4800000000,0.0871779789,0.1379310345,1.4321329640,0.3984589062
