Instance,INF_avg,INF_sd,INF_r1,INF_kr,INF_sk,SUP_avg,SUP_sd,SUP_r1,SUP_kr,SUP_sk,INC_avg,INC_sd,INC_r1,INC_kr,INC_sk,IND_avg,IND_sd,IND_r1,IND_kr,IND_sk
135,0.2920000000,0.0370944740,-0.5710382514,2.4826933478,0.9704949588,0.3080000000,0.0411825206,-0.3341968912,2.2821288715,0.6927284075,0.4000000000,0.0489897949,-1.0000000000,1.9666666667,0.4082482905,0.4000000000,0.0489897949,-1.0000000000,1.9666666667,0.4082482905
