Instance,INF_avg,INF_sd,INF_r1,INF_kr,INF_sk,SUP_avg,SUP_sd,SUP_r1,SUP_kr,SUP_sk,INC_avg,INC_sd,INC_r1,INC_kr,INC_sk,IND_avg,IND_sd,IND_r1,IND_kr,IND_sk
456,0.1800000000,0.0748331477,-0.4814814815,1.8469387755,0.3436215967,0.3600000000,0.1200000000,-0.2500000000,3.2500000000,1.5000000000,0.4600000000,0.1019803903,0.6969696970,1.9556213018,-0.2715454179,0.4600000000,0.1019803903,0.6969696970,1.9556213018,-0.2715454179
