Instance,INF_avg,INF_sd,INF_r1,INF_kr,INF_sk,SUP_avg,SUP_sd,SUP_r1,SUP_kr,SUP_sk,INC_avg,INC_sd,INC_r1,INC_kr,INC_sk,IND_avg,IND_sd,IND_r1,IND_kr,IND_sk
292,0.2440000000,0.1134195750,0.2315464795,2.2210960125,0.2308164571,0.2360000000,0.1410815367,0.0070601889,2.1501225173,0.2862133640,0.5200000000,0.1296148140,0.1537667699,2.4659863946,0.0661300071,0.5200000000,0.1296148140,0.1537667699,2.4659863946,0.0661300071
