Instance,INF_avg,INF_sd,INF_r1,INF_kr,INF_sk,SUP_avg,SUP_sd,SUP_r1,SUP_kr,SUP_sk,INC_avg,INC_sd,INC_r1,INC_kr,INC_sk,IND_avg,IND_sd,IND_r1,IND_kr,IND_sk
384,0.2100000000,0.1220655562,-0.2625923439,2.2114769605,0.1385546604,0.2800000000,0.1536229150,-0.3646055437,2.1852915829,-0.1588746032,0.5100000000,0.1300000000,-0.5212169736,2.2974335633,-0.1857077833,0.5100000000,0.1300000000,-0.5212169736,2.2974335633,-0.1857077833
