Instance,INF_avg,INF_sd,INF_r1,INF_kr,INF_sk,SUP_avg,SUP_sd,SUP_r1,SUP_kr,SUP_sk,INC_avg,INC_sd,INC_r1,INC_kr,INC_sk,IND_avg,IND_sd,IND_r1,IND_kr,IND_sk
154,0.2647500000,0.0384797024,0.3536978569,2.9903663534,0.0455764245,0.2219500000,0.0296048560,0.2557260955,2.4179448216,0.2603996869,0.5133000000,0.0375514314,0.1627793958,4.9039118308,0.8505207092,0.5133000000,0.0375514314,0.1627793958,4.9039118308,0.8505207092
