Instance,INF_avg,INF_sd,INF_r1,INF_kr,INF_sk,SUP_avg,SUP_sd,SUP_r1,SUP_kr,SUP_sk,INC_avg,INC_sd,INC_r1,INC_kr,INC_sk,IND_avg,IND_sd,IND_r1,IND_kr,IND_sk
97,0.2820000000,0.0416653333,0.5107794362,1.5411348723,-0.2906636793,0.2660000000,0.0440908154,0.6653144016,2.2386577249,-0.6277727484,0.4520000000,0.0312409987,-0.6356228172,1.1941010481,0.3652199526,0.4520000000,0.0312409987,-0.6356228172,1.1941010481,0.3652199526
