Instance,INF_avg,INF_sd,INF_r1,INF_kr,INF_sk,SUP_avg,SUP_sd,SUP_r1,SUP_kr,SUP_sk,INC_avg,INC_sd,INC_r1,INC_kr,INC_sk,IND_avg,IND_sd,IND_r1,IND_kr,IND_sk
284,0.2580000000,0.0530659966,-0.4611872146,2.2169421488,-0.3700366502,0.2920000000,0.0652380257,-0.1802413273,2.4066086268,-0.5061857103,0.4500000000,0.0456070170,-0.0384615385,2.5000000000,0.6071940134,0.4500000000,0.0456070170,-0.0384615385,2.5000000000,0.6071940134
