Instance,INF_avg,INF_sd,INF_r1,INF_kr,INF_sk,SUP_avg,SUP_sd,SUP_r1,SUP_kr,SUP_sk,INC_avg,INC_sd,INC_r1,INC_kr,INC_sk,IND_avg,IND_sd,IND_r1,IND_kr,IND_sk
461,0.2500000000,0.1360147051,-0.2923076923,1.8882395909,-0.2384479855,0.3300000000,0.1791647287,-0.2364353831,2.1329082598,-0.3505362846,0.4200000000,0.1077032961,-0.1764705882,2.7669441141,-0.4034071140,0.4200000000,0.1077032961,-0.1764705882,2.7669441141,-0.4034071140
