Instance,INF_avg,INF_sd,INF_r1,INF_kr,INF_sk,SUP_avg,SUP_sd,SUP_r1,SUP_kr,SUP_sk,INC_avg,INC_sd,INC_r1,INC_kr,INC_sk,IND_avg,IND_sd,IND_r1,IND_kr,IND_sk
424,0.2494000000,0.0303914462,-0.1270324364,2.9719038884,0.0928998158,0.3147000000,0.0339618904,-0.1023640211,3.2207287254,0.0339680523,0.4359000000,0.0367381273,-0.1769633731,4.0504827580,0.6248372711,0.4359000000,0.0367381273,-0.1769633731,4.0504827580,0.6248372711
