Instance,INF_avg,INF_sd,INF_r1,INF_kr,INF_sk,SUP_avg,SUP_sd,SUP_r1,SUP_kr,SUP_sk,INC_avg,INC_sd,INC_r1,INC_kr,INC_sk,IND_avg,IND_sd,IND_r1,IND_kr,IND_sk
33,0.2140000000,0.0372021505,-0.2115049390,1.9563132748,0.0335613640,0.2560000000,0.0355527777,-0.3017186505,2.5890482295,-1.0318052965,0.5300000000,0.0460434577,-0.1132075472,2.2152011392,-0.6638519182,0.5300000000,0.0460434577,-0.1132075472,2.2152011392,-0.6638519182
