Instance,INF_avg,INF_sd,INF_r1,INF_kr,INF_sk,SUP_avg,SUP_sd,SUP_r1,SUP_kr,SUP_sk,INC_avg,INC_sd,INC_r1,INC_kr,INC_sk,IND_avg,IND_sd,IND_r1,IND_kr,IND_sk
250,0.2500000000,0.1048808848,-0.1037735849,2.9049586777,0.0000000000,0.2820000000,0.0858836422,-0.0091402328,4.9639188598,1.2772919119,0.4680000000,0.1130309692,-0.2407702240,2.8219828663,-0.0559081181,0.4680000000,0.1130309692,-0.2407702240,2.8219828663,-0.0559081181
