Instance,INF_avg,INF_sd,INF_r1,INF_kr,INF_sk,SUP_avg,SUP_sd,SUP_r1,SUP_kr,SUP_sk,INC_avg,INC_sd,INC_r1,INC_kr,INC_sk,IND_avg,IND_sd,IND_r1,IND_kr,IND_sk
155,0.4616477273,0.1250993278,0.9322787522,1.8777993973,-0.1638328422,0.0863636364,0.0690097460,0.8991174574,2.8601207038,0.8987299384,0.4519886364,0.0667914826,0.7611512137,2.1290100480,-0.1026387748,0.4519886364,0.0667914826,0.7611512137,2.1290100480,-0.1026387748
