Instance,INF_avg,INF_sd,INF_r1,INF_kr,INF_sk,SUP_avg,SUP_sd,SUP_r1,SUP_kr,SUP_sk,INC_avg,INC_sd,INC_r1,INC_kr,INC_sk,IND_avg,IND_sd,IND_r1,IND_kr,IND_sk
488,0.3016000000,0.0412424539,0.1594769228,2.7896803861,-0.3809087691,0.2346500000,0.0403624516,0.4243269652,2.8501255368,0.2203520488,0.4637500000,0.0451739693,0.2116419634,2.4521000264,-0.1604009943,0.4637500000,0.0451739693,0.2116419634,2.4521000264,-0.1604009943
