Instance,INF_avg,INF_sd,INF_r1,INF_kr,INF_sk,SUP_avg,SUP_sd,SUP_r1,SUP_kr,SUP_sk,INC_avg,INC_sd,INC_r1,INC_kr,INC_sk,IND_avg,IND_sd,IND_r1,IND_kr,IND_sk
234,0.1400000000,0.0489897949,-0.6666666667,1.1666666667,0.4082482905,0.3400000000,0.2332380758,-0.1194029851,1.6280276817,0.3631734744,0.5200000000,0.2135415650,-0.1145194274,1.7206832872,-0.1380231722,0.5200000000,0.2135415650,-0.1145194274,1.7206832872,-0.1380231722
