Instance,INF_avg,INF_sd,INF_r1,INF_kr,INF_sk,SUP_avg,SUP_sd,SUP_r1,SUP_kr,SUP_sk,INC_avg,INC_sd,INC_r1,INC_kr,INC_sk,IND_avg,IND_sd,IND_r1,IND_kr,IND_sk
347,0.2240000000,0.0422374242,-0.4557542412,1.7826720827,-0.1203956419,0.3100000000,0.0586515132,-0.5576923077,2.6372363440,-1.1062582600,0.4660000000,0.0307245830,-0.1127596439,2.1368141339,0.8340916670,0.4660000000,0.0307245830,-0.1127596439,2.1368141339,0.8340916670
