Instance,INF_avg,INF_sd,INF_r1,INF_kr,INF_sk,SUP_avg,SUP_sd,SUP_r1,SUP_kr,SUP_sk,INC_avg,INC_sd,INC_r1,INC_kr,INC_sk,IND_avg,IND_sd,IND_r1,IND_kr,IND_sk
388,0.2400000000,0.1058300524,-0.3146551724,3.3418367347,0.1619847741,0.3000000000,0.1264911064,0.1111111111,1.9375000000,-0.1185854123,0.4600000000,0.1442220510,0.1909385113,4.3328402367,0.9600580319,0.4600000000,0.1442220510,0.1909385113,4.3328402367,0.9600580319
