Instance,INF_avg,INF_sd,INF_r1,INF_kr,INF_sk,SUP_avg,SUP_sd,SUP_r1,SUP_kr,SUP_sk,INC_avg,INC_sd,INC_r1,INC_kr,INC_sk,IND_avg,IND_sd,IND_r1,IND_kr,IND_sk
23,0.2428571429,0.1840585532,0.0384245917,2.3096966178,0.8696626372,0.2285714286,0.1577908717,0.1454849498,2.1423004569,0.3962794130,0.5285714286,0.1385051388,0.5908372828,1.8467632413,-0.1975061961,0.5285714286,0.1385051388,0.5908372828,1.8467632413,-0.1975061961
