Instance,INF_avg,INF_sd,INF_r1,INF_kr,INF_sk,SUP_avg,SUP_sd,SUP_r1,SUP_kr,SUP_sk,INC_avg,INC_sd,INC_r1,INC_kr,INC_sk,IND_avg,IND_sd,IND_r1,IND_kr,IND_sk
183,0.2700000000,0.1360147051,-0.3654883823,2.0509276844,0.2670617438,0.2860000000,0.1496796579,0.2144465201,2.8015789705,0.4185907881,0.4440000000,0.1768162888,-0.0440597309,2.9584360454,-0.2699052453,0.4440000000,0.1768162888,-0.0440597309,2.9584360454,-0.2699052453
