Instance,INF_avg,INF_sd,INF_r1,INF_kr,INF_sk,SUP_avg,SUP_sd,SUP_r1,SUP_kr,SUP_sk,INC_avg,INC_sd,INC_r1,INC_kr,INC_sk,IND_avg,IND_sd,IND_r1,IND_kr,IND_sk
126,0.2416000000,0.0809780217,-0.0137053532,3.9968578741,0.7012320498,0.2944000000,0.0816862289,0.0443852695,2.1842327330,0.0926791704,0.4640000000,0.0735391052,0.0976997866,3.6172227863,-0.2655271254,0.4640000000,0.0735391052,0.0976997866,3.6172227863,-0.2655271254
