Instance,INF_avg,INF_sd,INF_r1,INF_kr,INF_sk,SUP_avg,SUP_sd,SUP_r1,SUP_kr,SUP_sk,INC_avg,INC_sd,INC_r1,INC_kr,INC_sk,IND_avg,IND_sd,IND_r1,IND_kr,IND_sk
197,0.2900000000,0.0860232527,-0.0451977401,2.6519357195,1.0179522960,0.1300000000,0.0400000000,-0.7741935484,2.0781250000,0.8437500000,0.5800000000,0.0871779789,0.3800539084,1.7957063712,-0.0543353054,0.5800000000,0.0871779789,0.3800539084,1.7957063712,-0.0543353054
