Instance,INF_avg,INF_sd,INF_r1,INF_kr,INF_sk,SUP_avg,SUP_sd,SUP_r1,SUP_kr,SUP_sk,INC_avg,INC_sd,INC_r1,INC_kr,INC_sk,IND_avg,IND_sd,IND_r1,IND_kr,IND_sk
246,0.2280000000,0.1077775487,0.0687759452,3.1542358218,0.1935422023,0.2480000000,0.1699882349,0.0212416122,5.2240170270,1.2313535390,0.5240000000,0.1449965517,-0.0148107515,2.4536498405,-0.2649094648,0.5240000000,0.1449965517,-0.0148107515,2.4536498405,-0.2649094648
