Instance,INF_avg,INF_sd,INF_r1,INF_kr,INF_sk,SUP_avg,SUP_sd,SUP_r1,SUP_kr,SUP_sk,INC_avg,INC_sd,INC_r1,INC_kr,INC_sk,IND_avg,IND_sd,IND_r1,IND_kr,IND_sk
183,0.2436000000,0.0396867736,-0.0232428739,2.3003304207,0.0515597812,0.2784000000,0.0456666180,-0.1131230212,2.9451706893,0.0051893531,0.4780000000,0.0591945943,-0.2283450055,2.2645274285,-0.2200774818,0.4780000000,0.0591945943,-0.2283450055,2.2645274285,-0.2200774818
