Instance,INF_avg,INF_sd,INF_r1,INF_kr,INF_sk,SUP_avg,SUP_sd,SUP_r1,SUP_kr,SUP_sk,INC_avg,INC_sd,INC_r1,INC_kr,INC_sk,IND_avg,IND_sd,IND_r1,IND_kr,IND_sk
296,0.2326000000,0.0571772682,0.2077609476,5.1181683037,0.8092088858,0.2738000000,0.0564053189,0.1968636201,3.3032908044,0.0370860288,0.4936000000,0.0638047020,0.1953009915,2.8753513315,-0.3036513352,0.4936000000,0.0638047020,0.1953009915,2.8753513315,-0.3036513352
