Instance,INF_avg,INF_sd,INF_r1,INF_kr,INF_sk,SUP_avg,SUP_sd,SUP_r1,SUP_kr,SUP_sk,INC_avg,INC_sd,INC_r1,INC_kr,INC_sk,IND_avg,IND_sd,IND_r1,IND_kr,IND_sk
85,0.2350000000,0.0975961065,-0.7574764441,2.5366110732,-0.3824213485,0.2300000000,0.0600000000,-0.7129629630,2.4398148148,0.4583333333,0.5350000000,0.0743303437,0.0200881921,2.0224196884,-0.2081937516,0.5350000000,0.0743303437,0.0200881921,2.0224196884,-0.2081937516
