Instance,INF_avg,INF_sd,INF_r1,INF_kr,INF_sk,SUP_avg,SUP_sd,SUP_r1,SUP_kr,SUP_sk,INC_avg,INC_sd,INC_r1,INC_kr,INC_sk,IND_avg,IND_sd,IND_r1,IND_kr,IND_sk
462,0.3100000000,0.1337908816,0.0459670425,2.6053181861,-0.6839657441,0.2550000000,0.1499166435,0.2106118733,4.6550264105,1.0611013442,0.4350000000,0.1710993863,-0.0845171632,2.7743314268,0.5856035809,0.4350000000,0.1710993863,-0.0845171632,2.7743314268,0.5856035809
