Instance,INF_avg,INF_sd,INF_r1,INF_kr,INF_sk,SUP_avg,SUP_sd,SUP_r1,SUP_kr,SUP_sk,INC_avg,INC_sd,INC_r1,INC_kr,INC_sk,IND_avg,IND_sd,IND_r1,IND_kr,IND_sk
11,0.2741000000,0.0385965024,0.4900192158,3.3196368286,0.1567111263,0.2151000000,0.0360345667,0.4365455980,2.5414410132,-0.1297708897,0.5108000000,0.0431318908,0.3726578091,2.7639981809,0.4235327320,0.5108000000,0.0431318908,0.3726578091,2.7639981809,0.4235327320
