Instance,INF_avg,INF_sd,INF_r1,INF_kr,INF_sk,SUP_avg,SUP_sd,SUP_r1,SUP_kr,SUP_sk,INC_avg,INC_sd,INC_r1,INC_kr,INC_sk,IND_avg,IND_sd,IND_r1,IND_kr,IND_sk
358,0.2410000000,0.0463573079,0.0624120660,2.1986693520,0.2313950092,0.2540000000,0.0335261092,-0.1106703689,2.9883993364,0.0171959249,0.5050000000,0.0586941224,-0.3510324484,4.4947348021,-1.0014774808,0.5050000000,0.0586941224,-0.3510324484,4.4947348021,-1.0014774808
