Instance,INF_avg,INF_sd,INF_r1,INF_kr,INF_sk,SUP_avg,SUP_sd,SUP_r1,SUP_kr,SUP_sk,INC_avg,INC_sd,INC_r1,INC_kr,INC_sk,IND_avg,IND_sd,IND_r1,IND_kr,IND_sk
33,0.2840000000,0.1488086019,-0.0423242015,1.8800390090,0.0567513342,0.2560000000,0.1202663710,0.1474736654,2.2984767797,0.3417193417,0.4600000000,0.1600000000,-0.1360677083,2.0810546875,-0.1523437500,0.4600000000,0.1600000000,-0.1360677083,2.0810546875,-0.1523437500
