Instance,INF_avg,INF_sd,INF_r1,INF_kr,INF_sk,SUP_avg,SUP_sd,SUP_r1,SUP_kr,SUP_sk,INC_avg,INC_sd,INC_r1,INC_kr,INC_sk,IND_avg,IND_sd,IND_r1,IND_kr,IND_sk
112,0.2580000000,0.0289136646,0.3600812595,2.4783544333,-0.6195643428,0.2500000000,0.0466904701,0.1961722488,1.5709957074,0.3772649719,0.4920000000,0.0411825206,-0.1316287879,1.6947312211,-0.4178361823,0.4920000000,0.0411825206,-0.1316287879,1.6947312211,-0.4178361823
