Instance,INF_avg,INF_sd,INF_r1,INF_kr,INF_sk,SUP_avg,SUP_sd,SUP_r1,SUP_kr,SUP_sk,INC_avg,INC_sd,INC_r1,INC_kr,INC_sk,IND_avg,IND_sd,IND_r1,IND_kr,IND_sk
140,0.2400000000,0.0158113883,-0.2000000000,2.7880000000,-1.1384199577,0.3170000000,0.0193907194,0.2042931162,1.4144692168,-0.1802244039,0.4430000000,0.0240000000,-0.6758826031,1.3466073495,-0.2521701389,0.4430000000,0.0240000000,-0.6758826031,1.3466073495,-0.2521701389
