Instance,INF_avg,INF_sd,INF_r1,INF_kr,INF_sk,SUP_avg,SUP_sd,SUP_r1,SUP_kr,SUP_sk,INC_avg,INC_sd,INC_r1,INC_kr,INC_sk,IND_avg,IND_sd,IND_r1,IND_kr,IND_sk
292,0.2262000000,0.0301754867,0.1554841323,2.5818732090,-0.1815998194,0.2296000000,0.0383124001,0.1428734009,2.6385045362,0.2023859486,0.5442000000,0.0317389351,-0.0206448830,2.4537020805,-0.1942862605,0.5442000000,0.0317389351,-0.0206448830,2.4537020805,-0.1942862605
