Instance,INF_avg,INF_sd,INF_r1,INF_kr,INF_sk,SUP_avg,SUP_sd,SUP_r1,SUP_kr,SUP_sk,INC_avg,INC_sd,INC_r1,INC_kr,INC_sk,IND_avg,IND_sd,IND_r1,IND_kr,IND_sk
326,0.2340000000,0.1305526714,0.1145866688,2.8510570622,0.3245674822,0.2800000000,0.1414213562,0.0682917002,3.0572000000,0.4200214280,0.4860000000,0.1449275681,-0.0699912961,2.7777533900,0.1067364458,0.4860000000,0.1449275681,-0.0699912961,2.7777533900,0.1067364458
