Instance,INF_avg,INF_sd,INF_r1,INF_kr,INF_sk,SUP_avg,SUP_sd,SUP_r1,SUP_kr,SUP_sk,INC_avg,INC_sd,INC_r1,INC_kr,INC_sk,IND_avg,IND_sd,IND_r1,IND_kr,IND_sk
240,0.3280000000,0.0722218803,-0.3940922190,2.4570175769,0.0061161214,0.2200000000,0.0346410162,0.0344827586,2.2000000000,-0.6928203230,0.4520000000,0.0765245059,-0.4807233026,2.2270894921,0.1898031225,0.4520000000,0.0765245059,-0.4807233026,2.2270894921,0.1898031225
