Instance,INF_avg,INF_sd,INF_r1,INF_kr,INF_sk,SUP_avg,SUP_sd,SUP_r1,SUP_kr,SUP_sk,INC_avg,INC_sd,INC_r1,INC_kr,INC_sk,IND_avg,IND_sd,IND_r1,IND_kr,IND_sk
384,0.2700000000,0.1157583690,-0.1244541485,2.4901982624,0.2823689331,0.2320000000,0.0988736568,-0.0985959493,2.5192950571,0.0090379688,0.4980000000,0.1244829306,-0.1616020816,2.0097861949,0.0145070925,0.4980000000,0.1244829306,-0.1616020816,2.0097861949,0.0145070925
