Instance,INF_avg,INF_sd,INF_r1,INF_kr,INF_sk,SUP_avg,SUP_sd,SUP_r1,SUP_kr,SUP_sk,INC_avg,INC_sd,INC_r1,INC_kr,INC_sk,IND_avg,IND_sd,IND_r1,IND_kr,IND_sk
460,0.2570000000,0.0508527285,-0.6573861775,1.9752100818,0.2798445408,0.2640000000,0.0231084400,-0.3893653516,3.5380002525,-0.9175109690,0.4790000000,0.0333766385,-0.5836769215,2.1194363237,0.2405223534,0.4790000000,0.0333766385,-0.5836769215,2.1194363237,0.2405223534
