Instance,INF_avg,INF_sd,INF_r1,INF_kr,INF_sk,SUP_avg,SUP_sd,SUP_r1,SUP_kr,SUP_sk,INC_avg,INC_sd,INC_r1,INC_kr,INC_sk,IND_avg,IND_sd,IND_r1,IND_kr,IND_sk
294,0.2880500000,0.0373088126,0.1992457567,2.6257689333,0.1069007074,0.2313500000,0.0368364968,0.1583270072,3.8046332347,0.2642968318,0.4806000000,0.0396123718,0.0462989751,3.2394245517,-0.3766596441,0.4806000000,0.0396123718,0.0462989751,3.2394245517,-0.3766596441
