Instance,INF_avg,INF_sd,INF_r1,INF_kr,INF_sk,SUP_avg,SUP_sd,SUP_r1,SUP_kr,SUP_sk,INC_avg,INC_sd,INC_r1,INC_kr,INC_sk,IND_avg,IND_sd,IND_r1,IND_kr,IND_sk
444,0.2510000000,0.1452549483,-0.0225886312,2.6700192474,0.2053039410,0.2570000000,0.1484957912,0.1240217297,3.3522294935,0.6517326566,0.4920000000,0.1616663230,0.0590525633,3.1813771744,0.1864421333,0.4920000000,0.1616663230,0.0590525633,3.1813771744,0.1864421333
