Instance,INF_avg,INF_sd,INF_r1,INF_kr,INF_sk,SUP_avg,SUP_sd,SUP_r1,SUP_kr,SUP_sk,INC_avg,INC_sd,INC_r1,INC_kr,INC_sk,IND_avg,IND_sd,IND_r1,IND_kr,IND_sk
140,0.2920000000,0.1103902170,-0.1614269177,3.8317312576,0.5764698535,0.2710000000,0.1179364236,0.0058343214,2.4155431522,0.1002647125,0.4370000000,0.1184525221,0.0355139467,3.2260195501,-0.2214755564,0.4370000000,0.1184525221,0.0355139467,3.2260195501,-0.2214755564
