Instance,INF_avg,INF_sd,INF_r1,INF_kr,INF_sk,SUP_avg,SUP_sd,SUP_r1,SUP_kr,SUP_sk,INC_avg,INC_sd,INC_r1,INC_kr,INC_sk,IND_avg,IND_sd,IND_r1,IND_kr,IND_sk
95,0.6439024390,0.1272050016,0.9077121249,2.2788519916,-0.4986013652,0.0919512195,0.0878356145,0.9327286243,3.0108285252,1.0319475348,0.2641463415,0.0511919206,0.6045206383,2.3354262156,-0.3201967286,0.2641463415,0.0511919206,0.6045206383,2.3354262156,-0.3201967286
