Instance,INF_avg,INF_sd,INF_r1,INF_kr,INF_sk,SUP_avg,SUP_sd,SUP_r1,SUP_kr,SUP_sk,INC_avg,INC_sd,INC_r1,INC_kr,INC_sk,IND_avg,IND_sd,IND_r1,IND_kr,IND_sk
24,0.4441379310,0.1306091099,0.8606621837,1.9972376720,-0.1936644967,0.0872413793,0.0818140540,0.8508556926,3.2168569651,1.1069139683,0.4686206897,0.0758578891,0.4872068576,2.8043816131,-0.1222363946,0.4686206897,0.0758578891,0.4872068576,2.8043816131,-0.1222363946
