Instance,INF_avg,INF_sd,INF_r1,INF_kr,INF_sk,SUP_avg,SUP_sd,SUP_r1,SUP_kr,SUP_sk,INC_avg,INC_sd,INC_r1,INC_kr,INC_sk,IND_avg,IND_sd,IND_r1,IND_kr,IND_sk
152,0.2470000000,0.0312409987,0.1581214110,2.5240736697,-0.8990786441,0.2810000000,0.0335261092,0.2132227373,2.5787825635,-0.8531089394,0.4720000000,0.0287402157,-0.7729083665,1.4101653876,0.1278885597,0.4720000000,0.0287402157,-0.7729083665,1.4101653876,0.1278885597
