Instance,INF_avg,INF_sd,INF_r1,INF_kr,INF_sk,SUP_avg,SUP_sd,SUP_r1,SUP_kr,SUP_sk,INC_avg,INC_sd,INC_r1,INC_kr,INC_sk,IND_avg,IND_sd,IND_r1,IND_kr,IND_sk
10,0.2600000000,0.0669328021,-0.4042553191,2.3278061224,0.8644064050,0.2640000000,0.0344093011,-0.6666666667,1.9945215486,0.3958703373,0.4760000000,0.0741889480,-0.3362068966,2.0035492158,-0.1946632330,0.4760000000,0.0741889480,-0.3362068966,2.0035492158,-0.1946632330
