Instance,INF_avg,INF_sd,INF_r1,INF_kr,INF_sk,SUP_avg,SUP_sd,SUP_r1,SUP_kr,SUP_sk,INC_avg,INC_sd,INC_r1,INC_kr,INC_sk,IND_avg,IND_sd,IND_r1,IND_kr,IND_sk
215,0.4751980198,0.1209551934,0.9106578096,1.9486486839,-0.0738411958,0.0788613861,0.0649709805,0.9188460416,3.0205597573,1.0049496865,0.4459405941,0.0686529256,0.7228280912,2.2623994643,-0.3205960993,0.4459405941,0.0686529256,0.7228280912,2.2623994643,-0.3205960993
