Instance,INF_avg,INF_sd,INF_r1,INF_kr,INF_sk,SUP_avg,SUP_sd,SUP_r1,SUP_kr,SUP_sk,INC_avg,INC_sd,INC_r1,INC_kr,INC_sk,IND_avg,IND_sd,IND_r1,IND_kr,IND_sk
20,0.2800000000,0.1288409873,-0.8453105968,1.5489185658,0.0252482701,0.2300000000,0.1077032961,-0.5988372093,1.7636741974,0.4034071140,0.4900000000,0.0916515139,-0.6889632107,1.2091836735,0.2961528510,0.4900000000,0.0916515139,-0.6889632107,1.2091836735,0.2961528510
