Instance,INF_avg,INF_sd,INF_r1,INF_kr,INF_sk,SUP_avg,SUP_sd,SUP_r1,SUP_kr,SUP_sk,INC_avg,INC_sd,INC_r1,INC_kr,INC_sk,IND_avg,IND_sd,IND_r1,IND_kr,IND_sk
246,0.1100000000,0.0943398113,-0.1023622047,2.3654841560,0.5145158249,0.2400000000,0.1428285686,-0.6467065868,2.2479815456,0.0988433000,0.6500000000,0.1431782106,-0.6296296296,2.2278405711,0.1022093116,0.6500000000,0.1431782106,-0.6296296296,2.2278405711,0.1022093116
