Instance,INF_avg,INF_sd,INF_r1,INF_kr,INF_sk,SUP_avg,SUP_sd,SUP_r1,SUP_kr,SUP_sk,INC_avg,INC_sd,INC_r1,INC_kr,INC_sk,IND_avg,IND_sd,IND_r1,IND_kr,IND_sk
111,0.2640000000,0.0453431362,0.2103418737,2.6994882587,0.0504583038,0.2148000000,0.0507637666,0.3059578679,2.8093097574,-0.2881815643,0.5212000000,0.0542822255,0.2415037107,2.4337096548,0.1189818797,0.5212000000,0.0542822255,0.2415037107,2.4337096548,0.1189818797
