Instance,INF_avg,INF_sd,INF_r1,INF_kr,INF_sk,SUP_avg,SUP_sd,SUP_r1,SUP_kr,SUP_sk,INC_avg,INC_sd,INC_r1,INC_kr,INC_sk,IND_avg,IND_sd,IND_r1,IND_kr,IND_sk
136,0.3800000000,0.0178885438,-0.6666666667,1.2500000000,0.0000000000,0.1640000000,0.0407921561,-0.3005780347,2.7045118343,1.0013237284,0.4560000000,0.0320000000,0.1447368421,2.0781250000,-0.8437500000,0.4560000000,0.0320000000,0.1447368421,2.0781250000,-0.8437500000
