Instance,INF_avg,INF_sd,INF_r1,INF_kr,INF_sk,SUP_avg,SUP_sd,SUP_r1,SUP_kr,SUP_sk,INC_avg,INC_sd,INC_r1,INC_kr,INC_sk,IND_avg,IND_sd,IND_r1,IND_kr,IND_sk
41,0.2500000000,0.0507148893,0.0762645914,4.2299654855,0.8721338379,0.2378000000,0.0480953220,0.3296845598,1.9439465092,-0.1731426463,0.5122000000,0.0506868819,0.0024747648,3.0154861116,-0.5239263122,0.5122000000,0.0506868819,0.0024747648,3.0154861116,-0.5239263122
