Instance,INF_avg,INF_sd,INF_r1,INF_kr,INF_sk,SUP_avg,SUP_sd,SUP_r1,SUP_kr,SUP_sk,INC_avg,INC_sd,INC_r1,INC_kr,INC_sk,IND_avg,IND_sd,IND_r1,IND_kr,IND_sk
71,0.1900000000,0.0905538514,0.1835147745,2.9193932183,0.2181696003,0.3000000000,0.1009950494,-0.0967741935,2.1482122261,0.0582439731,0.5100000000,0.1240967365,0.1351606805,2.5586945522,-0.3704692588,0.5100000000,0.1240967365,0.1351606805,2.5586945522,-0.3704692588
