Instance,INF_avg,INF_sd,INF_r1,INF_kr,INF_sk,SUP_avg,SUP_sd,SUP_r1,SUP_kr,SUP_sk,INC_avg,INC_sd,INC_r1,INC_kr,INC_sk,IND_avg,IND_sd,IND_r1,IND_kr,IND_sk
9,0.2500000000,0.1360147051,0.0914127424,2.7297297297,0.2384479855,0.2360000000,0.1276871176,-0.2551713058,3.2201392387,0.7457507790,0.5140000000,0.1549322433,-0.0893297022,3.2446543862,0.3466228098,0.5140000000,0.1549322433,-0.0893297022,3.2446543862,0.3466228098
