Instance,INF_avg,INF_sd,INF_r1,INF_kr,INF_sk,SUP_avg,SUP_sd,SUP_r1,SUP_kr,SUP_sk,INC_avg,INC_sd,INC_r1,INC_kr,INC_sk,IND_avg,IND_sd,IND_r1,IND_kr,IND_sk
448,0.3771686747,0.0861691135,0.7030423088,2.1867879464,-0.1589860995,0.1016867470,0.0717142804,0.8395826672,2.7188521325,0.8062974930,0.5211445783,0.0494355203,0.1228617114,2.4194907067,0.0221262529,0.5211445783,0.0494355203,0.1228617114,2.4194907067,0.0221262529
