Instance,INF_avg,INF_sd,INF_r1,INF_kr,INF_sk,SUP_avg,SUP_sd,SUP_r1,SUP_kr,SUP_sk,INC_avg,INC_sd,INC_r1,INC_kr,INC_sk,IND_avg,IND_sd,IND_r1,IND_kr,IND_sk
480,0.2250000000,0.0427200187,0.1771956857,2.8519046725,0.9388944630,0.2500000000,0.0495983871,-0.1221719457,2.9278207416,0.9638393680,0.5250000000,0.0616846821,-0.1558185404,2.6396987849,-0.6378077744,0.5250000000,0.0616846821,-0.1558185404,2.6396987849,-0.6378077744
