Instance,INF_avg,INF_sd,INF_r1,INF_kr,INF_sk,SUP_avg,SUP_sd,SUP_r1,SUP_kr,SUP_sk,INC_avg,INC_sd,INC_r1,INC_kr,INC_sk,IND_avg,IND_sd,IND_r1,IND_kr,IND_sk
72,0.2720000000,0.0711055553,0.2928786359,2.5544984778,0.7439465725,0.1920000000,0.0738647413,-0.2924281984,1.7217516189,0.0204860459,0.5360000000,0.0870861642,0.4036091549,2.1280510602,-0.1552369135,0.5360000000,0.0870861642,0.4036091549,2.1280510602,-0.1552369135
