Instance,INF_avg,INF_sd,INF_r1,INF_kr,INF_sk,SUP_avg,SUP_sd,SUP_r1,SUP_kr,SUP_sk,INC_avg,INC_sd,INC_r1,INC_kr,INC_sk,IND_avg,IND_sd,IND_r1,IND_kr,IND_sk
175,0.2200000000,0.0871779789,-0.3347457627,1.7957063712,0.0543353054,0.2900000000,0.1113552873,-0.9273743017,2.7036940687,1.1210847078,0.4900000000,0.1067707825,-0.5848670757,1.7206832872,0.1380231722,0.4900000000,0.1067707825,-0.5848670757,1.7206832872,0.1380231722
