Instance,INF_avg,INF_sd,INF_r1,INF_kr,INF_sk,SUP_avg,SUP_sd,SUP_r1,SUP_kr,SUP_sk,INC_avg,INC_sd,INC_r1,INC_kr,INC_sk,IND_avg,IND_sd,IND_r1,IND_kr,IND_sk
480,0.2344000000,0.0662166142,0.0820099151,3.2192666594,0.0250660187,0.2880000000,0.0663324958,0.1040784489,2.8795107438,0.4302292786,0.4776000000,0.0780399897,0.0879433780,2.7573356905,0.0195747930,0.4776000000,0.0780399897,0.0879433780,2.7573356905,0.0195747930
