Instance,INF_avg,INF_sd,INF_r1,INF_kr,INF_sk,SUP_avg,SUP_sd,SUP_r1,SUP_kr,SUP_sk,INC_avg,INC_sd,INC_r1,INC_kr,INC_sk,IND_avg,IND_sd,IND_r1,IND_kr,IND_sk
128,0.2474000000,0.0563315187,0.0392451070,2.3408824511,0.0149303318,0.2510000000,0.0612127438,0.0133736593,2.4537024869,-0.0611342267,0.5016000000,0.0712000000,0.0886521331,2.8467289206,0.2016450369,0.5016000000,0.0712000000,0.0886521331,2.8467289206,0.2016450369
