Instance,INF_avg,INF_sd,INF_r1,INF_kr,INF_sk,SUP_avg,SUP_sd,SUP_r1,SUP_kr,SUP_sk,INC_avg,INC_sd,INC_r1,INC_kr,INC_sk,IND_avg,IND_sd,IND_r1,IND_kr,IND_sk
45,0.2240000000,0.0459565012,0.1982418915,2.6584022039,-0.5420145197,0.2800000000,0.0657267069,-0.1804511278,2.2695473251,0.1960981996,0.4960000000,0.0737563557,-0.2423916935,2.3338062284,-0.0038281845,0.4960000000,0.0737563557,-0.2423916935,2.3338062284,-0.0038281845
