Instance,INF_avg,INF_sd,INF_r1,INF_kr,INF_sk,SUP_avg,SUP_sd,SUP_r1,SUP_kr,SUP_sk,INC_avg,INC_sd,INC_r1,INC_kr,INC_sk,IND_avg,IND_sd,IND_r1,IND_kr,IND_sk
396,0.2415000000,0.0423644898,-0.1156353278,2.6563630736,0.1135056378,0.2610000000,0.0462060602,-0.0671544585,2.5260212034,-0.0055347222,0.4975000000,0.0492214384,-0.2038385697,3.0309414589,-0.0503453885,0.4975000000,0.0492214384,-0.2038385697,3.0309414589,-0.0503453885
