Instance,INF_avg,INF_sd,INF_r1,INF_kr,INF_sk,SUP_avg,SUP_sd,SUP_r1,SUP_kr,SUP_sk,INC_avg,INC_sd,INC_r1,INC_kr,INC_sk,IND_avg,IND_sd,IND_r1,IND_kr,IND_sk
223,0.2520000000,0.1062826420,0.2502570547,1.7824595334,-0.1522478441,0.2520000000,0.1445544880,0.0001918097,2.5924886670,0.2382352775,0.4960000000,0.1427725464,-0.0840775578,2.5180718586,-0.4244711416,0.4960000000,0.1427725464,-0.0840775578,2.5180718586,-0.4244711416
