Instance,INF_avg,INF_sd,INF_r1,INF_kr,INF_sk,SUP_avg,SUP_sd,SUP_r1,SUP_kr,SUP_sk,INC_avg,INC_sd,INC_r1,INC_kr,INC_sk,IND_avg,IND_sd,IND_r1,IND_kr,IND_sk
72,0.2448000000,0.0709433577,0.3370743175,2.5189395978,0.4419900239,0.2920000000,0.0890842298,-0.0244460796,3.1731757284,0.3470800040,0.4632000000,0.0990644235,0.0557190335,2.2755732625,0.0287958188,0.4632000000,0.0990644235,0.0557190335,2.2755732625,0.0287958188
