Instance,INF_avg,INF_sd,INF_r1,INF_kr,INF_sk,SUP_avg,SUP_sd,SUP_r1,SUP_kr,SUP_sk,INC_avg,INC_sd,INC_r1,INC_kr,INC_sk,IND_avg,IND_sd,IND_r1,IND_kr,IND_sk
307,0.2250000000,0.1078192933,0.0054054054,1.9545612210,0.1196745537,0.2300000000,0.1248999600,0.0775401070,2.1960059172,0.1893823358,0.5450000000,0.1233896268,-0.2249955744,1.8816197109,-0.1245603745,0.5450000000,0.1233896268,-0.2249955744,1.8816197109,-0.1245603745
