Instance,INF_avg,INF_sd,INF_r1,INF_kr,INF_sk,SUP_avg,SUP_sd,SUP_r1,SUP_kr,SUP_sk,INC_avg,INC_sd,INC_r1,INC_kr,INC_sk,IND_avg,IND_sd,IND_r1,IND_kr,IND_sk
420,0.2260000000,0.0300665928,-0.2461300310,1.5216931631,0.2543027659,0.2140000000,0.0422374242,-0.1593876632,2.4161052907,0.8351253254,0.5600000000,0.0414728827,-0.8524590164,1.2020010817,-0.3196260566,0.5600000000,0.0414728827,-0.8524590164,1.2020010817,-0.3196260566
