Instance,INF_avg,INF_sd,INF_r1,INF_kr,INF_sk,SUP_avg,SUP_sd,SUP_r1,SUP_kr,SUP_sk,INC_avg,INC_sd,INC_r1,INC_kr,INC_sk,IND_avg,IND_sd,IND_r1,IND_kr,IND_sk
415,0.2500000000,0.1204159458,-0.1929824561,3.7395957194,-0.0000000000,0.2200000000,0.1077032961,-0.2401574803,1.5184304400,0.0768394503,0.5300000000,0.1676305461,0.0727997102,2.9485062246,0.7948338607,0.5300000000,0.1676305461,0.0727997102,2.9485062246,0.7948338607
