Instance,INF_avg,INF_sd,INF_r1,INF_kr,INF_sk,SUP_avg,SUP_sd,SUP_r1,SUP_kr,SUP_sk,INC_avg,INC_sd,INC_r1,INC_kr,INC_sk,IND_avg,IND_sd,IND_r1,IND_kr,IND_sk
14,0.2120000000,0.1365869686,0.0374386603,4.0344656638,0.9130706381,0.2000000000,0.1385640646,0.2051282051,3.1250000000,1.0825317547,0.5880000000,0.1557433787,0.0379325101,2.0331642776,0.0727805730,0.5880000000,0.1557433787,0.0379325101,2.0331642776,0.0727805730
