Instance,INF_avg,INF_sd,INF_r1,INF_kr,INF_sk,SUP_avg,SUP_sd,SUP_r1,SUP_kr,SUP_sk,INC_avg,INC_sd,INC_r1,INC_kr,INC_sk,IND_avg,IND_sd,IND_r1,IND_kr,IND_sk
376,0.2300000000,0.1077032961,0.5498783455,1.7636741974,0.4034071140,0.3300000000,0.1166190379,-0.0074626866,1.6280276817,-0.3631734744,0.4400000000,0.0663324958,-0.7123287671,2.2169421488,0.3700366502,0.4400000000,0.0663324958,-0.7123287671,2.2169421488,0.3700366502
