Instance,INF_avg,INF_sd,INF_r1,INF_kr,INF_sk,SUP_avg,SUP_sd,SUP_r1,SUP_kr,SUP_sk,INC_avg,INC_sd,INC_r1,INC_kr,INC_sk,IND_avg,IND_sd,IND_r1,IND_kr,IND_sk
78,0.1900000000,0.0860232527,0.0108401084,2.6519357195,1.0179522960,0.2800000000,0.1326649916,0.3255395683,1.4324638430,-0.2081456157,0.5300000000,0.0979795897,0.1099476440,2.4361979167,0.5677202789,0.5300000000,0.0979795897,0.1099476440,2.4361979167,0.5677202789
