Instance,INF_avg,INF_sd,INF_r1,INF_kr,INF_sk,SUP_avg,SUP_sd,SUP_r1,SUP_kr,SUP_sk,INC_avg,INC_sd,INC_r1,INC_kr,INC_sk,IND_avg,IND_sd,IND_r1,IND_kr,IND_sk
249,0.2664000000,0.0468085462,0.4324502979,2.5414090157,0.1832098133,0.2340000000,0.0328633535,0.4470797510,2.9220576132,0.1447069473,0.4996000000,0.0454735088,0.5419380790,3.3686099896,-0.5049191563,0.4996000000,0.0454735088,0.5419380790,3.3686099896,-0.5049191563
