Instance,INF_avg,INF_sd,INF_r1,INF_kr,INF_sk,SUP_avg,SUP_sd,SUP_r1,SUP_kr,SUP_sk,INC_avg,INC_sd,INC_r1,INC_kr,INC_sk,IND_avg,IND_sd,IND_r1,IND_kr,IND_sk
345,0.2260000000,0.0507543102,0.4373885918,3.0946047606,0.0245978558,0.2146000000,0.0434607869,0.0274133977,2.6206045922,0.2555311389,0.5594000000,0.0509277920,0.0832318283,3.2911435243,-0.1513474180,0.5594000000,0.0509277920,0.0832318283,3.2911435243,-0.1513474180
