Instance,INF_avg,INF_sd,INF_r1,INF_kr,INF_sk,SUP_avg,SUP_sd,SUP_r1,SUP_kr,SUP_sk,INC_avg,INC_sd,INC_r1,INC_kr,INC_sk,IND_avg,IND_sd,IND_r1,IND_kr,IND_sk
97,0.2600000000,0.1624807681,0.3625192012,2.6818181818,0.9399713857,0.1900000000,0.1300000000,-0.3894200127,1.7932495361,-0.0873918980,0.5500000000,0.1565247584,0.0927835052,3.3256976260,0.7040680512,0.5500000000,0.1565247584,0.0927835052,3.3256976260,0.7040680512
