Instance,INF_avg,INF_sd,INF_r1,INF_kr,INF_sk,SUP_avg,SUP_sd,SUP_r1,SUP_kr,SUP_sk,INC_avg,INC_sd,INC_r1,INC_kr,INC_sk,IND_avg,IND_sd,IND_r1,IND_kr,IND_sk
401,0.2200000000,0.0971596624,-0.0175438596,1.8220338983,-0.5966066602,0.2280000000,0.0483321839,-0.1432506887,1.8297053856,0.1224403232,0.5520000000,0.0825590698,-0.1544046467,1.8279111287,-0.3452926775,0.5520000000,0.0825590698,-0.1544046467,1.8279111287,-0.3452926775
