Instance,INF_avg,INF_sd,INF_r1,INF_kr,INF_sk,SUP_avg,SUP_sd,SUP_r1,SUP_kr,SUP_sk,INC_avg,INC_sd,INC_r1,INC_kr,INC_sk,IND_avg,IND_sd,IND_r1,IND_kr,IND_sk
4,0.2370000000,0.0342198773,0.0731454262,3.8625427624,0.5912185475,0.2730000000,0.0342928564,0.2375211506,2.0796976954,-0.4807034353,0.4900000000,0.0501497757,0.4651972158,2.2374500512,0.2616416961,0.4900000000,0.0501497757,0.4651972158,2.2374500512,0.2616416961
