Instance,INF_avg,INF_sd,INF_r1,INF_kr,INF_sk,SUP_avg,SUP_sd,SUP_r1,SUP_kr,SUP_sk,INC_avg,INC_sd,INC_r1,INC_kr,INC_sk,IND_avg,IND_sd,IND_r1,IND_kr,IND_sk
97,0.2840000000,0.1316966211,0.2854195581,2.3508088125,-0.1240691163,0.2080000000,0.1354104870,0.0822320117,1.8227159343,-0.0485628283,0.5080000000,0.1572768260,-0.0874649205,2.8517034320,0.2379765841,0.5080000000,0.1572768260,-0.0874649205,2.8517034320,0.2379765841
