Instance,INF_avg,INF_sd,INF_r1,INF_kr,INF_sk,SUP_avg,SUP_sd,SUP_r1,SUP_kr,SUP_sk,INC_avg,INC_sd,INC_r1,INC_kr,INC_sk,IND_avg,IND_sd,IND_r1,IND_kr,IND_sk
108,0.3070000000,0.0943451112,0.0714627608,2.2692677915,-0.3629154551,0.2510000000,0.0982293235,0.0381293604,2.4662191475,-0.0120783097,0.4420000000,0.1087933822,-0.1019250012,2.1912010042,0.0307343804,0.4420000000,0.1087933822,-0.1019250012,2.1912010042,0.0307343804
