Instance,INF_avg,INF_sd,INF_r1,INF_kr,INF_sk,SUP_avg,SUP_sd,SUP_r1,SUP_kr,SUP_sk,INC_avg,INC_sd,INC_r1,INC_kr,INC_sk,IND_avg,IND_sd,IND_r1,IND_kr,IND_sk
16,0.2160000000,0.1346996659,-0.1122313270,2.2752582514,0.1984426505,0.2360000000,0.1466424222,-0.2798711179,4.9802428784,1.1894823392,0.5480000000,0.1526302722,-0.0950362452,2.0213780039,-0.1645864792,0.5480000000,0.1526302722,-0.0950362452,2.0213780039,-0.1645864792
