Instance,INF_avg,INF_sd,INF_r1,INF_kr,INF_sk,SUP_avg,SUP_sd,SUP_r1,SUP_kr,SUP_sk,INC_avg,INC_sd,INC_r1,INC_kr,INC_sk,IND_avg,IND_sd,IND_r1,IND_kr,IND_sk
295,0.2680000000,0.0744043010,-0.0056746532,2.4073808012,0.7327564471,0.2800000000,0.0505964426,0.6086956522,1.2695312500,-0.2223476480,0.4520000000,0.0984682690,0.1046011255,2.1698362906,-0.0406222232,0.4520000000,0.0984682690,0.1046011255,2.1698362906,-0.0406222232
