Instance,INF_avg,INF_sd,INF_r1,INF_kr,INF_sk,SUP_avg,SUP_sd,SUP_r1,SUP_kr,SUP_sk,INC_avg,INC_sd,INC_r1,INC_kr,INC_sk,IND_avg,IND_sd,IND_r1,IND_kr,IND_sk
328,0.3548717949,0.0994052002,0.3776964417,2.8300184366,0.1590806552,0.1333333333,0.0743289064,0.6425359712,2.1588876091,0.1134463514,0.5117948718,0.0672870542,-0.0623670571,2.5971896091,-0.0673343301,0.5117948718,0.0672870542,-0.0623670571,2.5971896091,-0.0673343301
