Instance,INF_avg,INF_sd,INF_r1,INF_kr,INF_sk,SUP_avg,SUP_sd,SUP_r1,SUP_kr,SUP_sk,INC_avg,INC_sd,INC_r1,INC_kr,INC_sk,IND_avg,IND_sd,IND_r1,IND_kr,IND_sk
424,0.2878000000,0.0654152887,0.2729581579,2.9830304044,0.0855704887,0.2202000000,0.0620641604,0.1424575759,2.7680880996,0.0047217230,0.4920000000,0.0657267069,0.1571065599,2.6214403292,-0.0923013939,0.4920000000,0.0657267069,0.1571065599,2.6214403292,-0.0923013939
