Instance,INF_avg,INF_sd,INF_r1,INF_kr,INF_sk,SUP_avg,SUP_sd,SUP_r1,SUP_kr,SUP_sk,INC_avg,INC_sd,INC_r1,INC_kr,INC_sk,IND_avg,IND_sd,IND_r1,IND_kr,IND_sk
75,0.3184000000,0.0743870957,0.0463054850,2.4850409579,0.2192443726,0.1744000000,0.0389953843,-0.2094471609,2.2988056066,-0.2677602572,0.5072000000,0.0729668418,0.1181779842,2.8126663761,-0.2796877753,0.5072000000,0.0729668418,0.1181779842,2.8126663761,-0.2796877753
