Instance,INF_avg,INF_sd,INF_r1,INF_kr,INF_sk,SUP_avg,SUP_sd,SUP_r1,SUP_kr,SUP_sk,INC_avg,INC_sd,INC_r1,INC_kr,INC_sk,IND_avg,IND_sd,IND_r1,IND_kr,IND_sk
25,0.2600000000,0.0916515139,-0.0388675624,2.2125850340,0.3273268354,0.2560000000,0.0852291030,-0.1750268962,2.4633980380,0.2487981812,0.4840000000,0.0987117014,-0.0339272799,1.9000723952,0.1370363736,0.4840000000,0.0987117014,-0.0339272799,1.9000723952,0.1370363736
