Instance,INF_avg,INF_sd,INF_r1,INF_kr,INF_sk,SUP_avg,SUP_sd,SUP_r1,SUP_kr,SUP_sk,INC_avg,INC_sd,INC_r1,INC_kr,INC_sk,IND_avg,IND_sd,IND_r1,IND_kr,IND_sk
189,0.2480000000,0.0274954542,0.0997638725,1.5309481817,0.4398995565,0.2530000000,0.0460543158,-0.5598320834,2.9273233850,-0.0943477317,0.4990000000,0.0380657326,-0.2077758888,2.1259739350,0.3054539711,0.4990000000,0.0380657326,-0.2077758888,2.1259739350,0.3054539711
