Instance,INF_avg,INF_sd,INF_r1,INF_kr,INF_sk,SUP_avg,SUP_sd,SUP_r1,SUP_kr,SUP_sk,INC_avg,INC_sd,INC_r1,INC_kr,INC_sk,IND_avg,IND_sd,IND_r1,IND_kr,IND_sk
31,0.4528076923,0.0976847438,0.8743140180,2.1461098092,-0.1018653274,0.0931923077,0.0761552156,0.9482252064,2.3599804983,0.7899521684,0.4540000000,0.0420686253,0.3545472482,2.9654147337,-0.0967751073,0.4540000000,0.0420686253,0.3545472482,2.9654147337,-0.0967751073
