Instance,INF_avg,INF_sd,INF_r1,INF_kr,INF_sk,SUP_avg,SUP_sd,SUP_r1,SUP_kr,SUP_sk,INC_avg,INC_sd,INC_r1,INC_kr,INC_sk,IND_avg,IND_sd,IND_r1,IND_kr,IND_sk
34,0.3500000000,0.0806225775,-0.3600000000,2.5147928994,0.0000000000,0.2800000000,0.1077032961,0.5266272189,2.7669441141,0.4034071140,0.3700000000,0.1552417470,0.1969066032,2.0842788519,0.0256593511,0.3700000000,0.1552417470,0.1969066032,2.0842788519,0.0256593511
