Instance,INF_avg,INF_sd,INF_r1,INF_kr,INF_sk,SUP_avg,SUP_sd,SUP_r1,SUP_kr,SUP_sk,INC_avg,INC_sd,INC_r1,INC_kr,INC_sk,IND_avg,IND_sd,IND_r1,IND_kr,IND_sk
177,0.3088095238,0.0833438769,0.1641618480,2.3636202765,0.0994045968,0.1523809524,0.0830321086,0.5625485410,3.4302423284,0.6809956198,0.5388095238,0.0811436815,0.0969482191,3.0457687725,0.3062328324,0.5388095238,0.0811436815,0.0969482191,3.0457687725,0.3062328324
