Instance,INF_avg,INF_sd,INF_r1,INF_kr,INF_sk,SUP_avg,SUP_sd,SUP_r1,SUP_kr,SUP_sk,INC_avg,INC_sd,INC_r1,INC_kr,INC_sk,IND_avg,IND_sd,IND_r1,IND_kr,IND_sk
497,0.1860000000,0.0300665928,-0.2718204489,2.5084579842,0.7841001948,0.3560000000,0.0826075057,-0.7242703533,1.7488932930,-0.6621234390,0.4580000000,0.0633719181,-0.8164120994,1.2004293583,0.3768306028,0.4580000000,0.0633719181,-0.8164120994,1.2004293583,0.3768306028
