Instance,INF_avg,INF_sd,INF_r1,INF_kr,INF_sk,SUP_avg,SUP_sd,SUP_r1,SUP_kr,SUP_sk,INC_avg,INC_sd,INC_r1,INC_kr,INC_sk,IND_avg,IND_sd,IND_r1,IND_kr,IND_sk
396,0.4006468531,0.0937011940,0.8483819330,1.9329287737,-0.0312734901,0.0874300699,0.0672924445,0.9305191775,2.4221553975,0.7092388907,0.5119230769,0.0447640398,0.3112590115,2.5554158942,-0.2453069206,0.5119230769,0.0447640398,0.3112590115,2.5554158942,-0.2453069206
