Instance,INF_avg,INF_sd,INF_r1,INF_kr,INF_sk,SUP_avg,SUP_sd,SUP_r1,SUP_kr,SUP_sk,INC_avg,INC_sd,INC_r1,INC_kr,INC_sk,IND_avg,IND_sd,IND_r1,IND_kr,IND_sk
312,0.3200000000,0.0812403840,0.0993788820,2.2685950413,0.1790421687,0.2800000000,0.0927361850,0.0038314176,1.5091941590,-0.1579875514,0.4000000000,0.0316227766,0.0000000000,2.5000000000,0.0000000000,0.4000000000,0.0316227766,0.0000000000,2.5000000000,0.0000000000
