Instance,INF_avg,INF_sd,INF_r1,INF_kr,INF_sk,SUP_avg,SUP_sd,SUP_r1,SUP_kr,SUP_sk,INC_avg,INC_sd,INC_r1,INC_kr,INC_sk,IND_avg,IND_sd,IND_r1,IND_kr,IND_sk
254,0.2560000000,0.0542586399,0.7077244259,1.5398156900,0.5120402716,0.2560000000,0.0637495098,0.6902017291,1.4415338831,-0.4846725550,0.4880000000,0.0097979590,0.5238095238,1.1666666667,0.4082482905,0.4880000000,0.0097979590,0.5238095238,1.1666666667,0.4082482905
