Instance,INF_avg,INF_sd,INF_r1,INF_kr,INF_sk,SUP_avg,SUP_sd,SUP_r1,SUP_kr,SUP_sk,INC_avg,INC_sd,INC_r1,INC_kr,INC_sk,IND_avg,IND_sd,IND_r1,IND_kr,IND_sk
126,0.2180000000,0.0554616985,0.5111639583,2.5480493303,-0.9093542331,0.3040000000,0.0884533775,-0.1756257694,2.9336068350,0.8514415788,0.4780000000,0.0887468309,-0.2111335299,2.9570627613,0.1351474234,0.4780000000,0.0887468309,-0.2111335299,2.9570627613,0.1351474234
