Instance,INF_avg,INF_sd,INF_r1,INF_kr,INF_sk,SUP_avg,SUP_sd,SUP_r1,SUP_kr,SUP_sk,INC_avg,INC_sd,INC_r1,INC_kr,INC_sk,IND_avg,IND_sd,IND_r1,IND_kr,IND_sk
26,0.2520000000,0.0974474217,0.0100928407,2.3933496763,0.3652802566,0.2560000000,0.0875442745,0.0864671859,2.4990988969,0.1741319916,0.4920000000,0.1238386046,0.0608760983,3.3943257878,-0.8274185095,0.4920000000,0.1238386046,0.0608760983,3.3943257878,-0.8274185095
