Instance,INF_avg,INF_sd,INF_r1,INF_kr,INF_sk,SUP_avg,SUP_sd,SUP_r1,SUP_kr,SUP_sk,INC_avg,INC_sd,INC_r1,INC_kr,INC_sk,IND_avg,IND_sd,IND_r1,IND_kr,IND_sk
72,0.2585000000,0.0444156504,0.2727837775,3.0305517703,-0.1003098866,0.2954000000,0.0574877378,0.5770674550,2.3271856372,0.0473931966,0.4461000000,0.0620789014,0.3619954154,2.4135718651,-0.0230787491,0.4461000000,0.0620789014,0.3619954154,2.4135718651,-0.0230787491
