Instance,INF_avg,INF_sd,INF_r1,INF_kr,INF_sk,SUP_avg,SUP_sd,SUP_r1,SUP_kr,SUP_sk,INC_avg,INC_sd,INC_r1,INC_kr,INC_sk,IND_avg,IND_sd,IND_r1,IND_kr,IND_sk
117,0.2200000000,0.0871779789,-0.7431192661,2.6786703601,0.5071295170,0.2700000000,0.1552417470,0.3211162016,1.8363492364,-0.2950825376,0.5100000000,0.1577973384,0.5705222060,1.5821841583,-0.1649210098,0.5100000000,0.1577973384,0.5705222060,1.5821841583,-0.1649210098
