Instance,INF_avg,INF_sd,INF_r1,INF_kr,INF_sk,SUP_avg,SUP_sd,SUP_r1,SUP_kr,SUP_sk,INC_avg,INC_sd,INC_r1,INC_kr,INC_sk,IND_avg,IND_sd,IND_r1,IND_kr,IND_sk
45,0.2617500000,0.0451961005,0.5744220808,3.0715040593,0.0906807232,0.2942500000,0.0433380606,0.5357602324,2.8796691991,0.2125704012,0.4440000000,0.0385356977,0.0719180159,2.7071672959,-0.2567735911,0.4440000000,0.0385356977,0.0719180159,2.7071672959,-0.2567735911
