Instance,INF_avg,INF_sd,INF_r1,INF_kr,INF_sk,SUP_avg,SUP_sd,SUP_r1,SUP_kr,SUP_sk,INC_avg,INC_sd,INC_r1,INC_kr,INC_sk,IND_avg,IND_sd,IND_r1,IND_kr,IND_sk
18,0.4000000000,0.1039495290,0.8411141281,2.1259376319,0.2256767448,0.1137614679,0.0696358680,0.8409242572,2.8934902115,0.8013441795,0.4862385321,0.0612078575,0.4670771468,2.6854149823,-0.2553790728,0.4862385321,0.0612078575,0.4670771468,2.6854149823,-0.2553790728
