Instance,INF_avg,INF_sd,INF_r1,INF_kr,INF_sk,SUP_avg,SUP_sd,SUP_r1,SUP_kr,SUP_sk,INC_avg,INC_sd,INC_r1,INC_kr,INC_sk,IND_avg,IND_sd,IND_r1,IND_kr,IND_sk
425,0.2680000000,0.1455197581,0.0773203292,2.8363646380,0.4691389310,0.2760000000,0.1504127654,0.0539836834,2.3541169433,0.0595814487,0.4560000000,0.1704816706,0.1290963698,2.3992578354,0.2546241655,0.4560000000,0.1704816706,0.1290963698,2.3992578354,0.2546241655
