Instance,INF_avg,INF_sd,INF_r1,INF_kr,INF_sk,SUP_avg,SUP_sd,SUP_r1,SUP_kr,SUP_sk,INC_avg,INC_sd,INC_r1,INC_kr,INC_sk,IND_avg,IND_sd,IND_r1,IND_kr,IND_sk
51,0.2600000000,0.1356465997,-0.2670299728,1.9952741021,0.0769262380,0.2440000000,0.1298614646,0.2352986159,1.8934842958,-0.3065009058,0.4960000000,0.1684755175,0.0893704260,2.6286375035,0.1632518854,0.4960000000,0.1684755175,0.0893704260,2.6286375035,0.1632518854
