Instance,INF_avg,INF_sd,INF_r1,INF_kr,INF_sk,SUP_avg,SUP_sd,SUP_r1,SUP_kr,SUP_sk,INC_avg,INC_sd,INC_r1,INC_kr,INC_sk,IND_avg,IND_sd,IND_r1,IND_kr,IND_sk
252,0.2632000000,0.0339670429,-0.3130348721,1.8758207709,-0.0257430149,0.2292000000,0.0348333174,-0.0713067280,3.1347135841,0.6873851338,0.5076000000,0.0496411120,-0.1638864478,2.5000837752,-0.4780085720,0.5076000000,0.0496411120,-0.1638864478,2.5000837752,-0.4780085720
