Instance,INF_avg,INF_sd,INF_r1,INF_kr,INF_sk,SUP_avg,SUP_sd,SUP_r1,SUP_kr,SUP_sk,INC_avg,INC_sd,INC_r1,INC_kr,INC_sk,IND_avg,IND_sd,IND_r1,IND_kr,IND_sk
335,0.2330000000,0.1414602418,0.0455658315,2.3202211474,0.2942579858,0.2600000000,0.1435270009,0.2092978020,2.6153266095,0.2962806410,0.5070000000,0.1491676909,-0.0699970321,2.7093719020,-0.3547959547,0.5070000000,0.1491676909,-0.0699970321,2.7093719020,-0.3547959547
