Instance,INF_avg,INF_sd,INF_r1,INF_kr,INF_sk,SUP_avg,SUP_sd,SUP_r1,SUP_kr,SUP_sk,INC_avg,INC_sd,INC_r1,INC_kr,INC_sk,IND_avg,IND_sd,IND_r1,IND_kr,IND_sk
413,0.2250000000,0.1329473580,0.0279448178,3.4488915653,0.5058845270,0.2960000000,0.1462326913,0.0505662761,2.9399645539,0.5681641660,0.4790000000,0.1626622267,0.2241800930,2.5884432796,0.0479051476,0.4790000000,0.1626622267,0.2241800930,2.5884432796,0.0479051476
