Instance,INF_avg,INF_sd,INF_r1,INF_kr,INF_sk,SUP_avg,SUP_sd,SUP_r1,SUP_kr,SUP_sk,INC_avg,INC_sd,INC_r1,INC_kr,INC_sk,IND_avg,IND_sd,IND_r1,IND_kr,IND_sk
215,0.2960000000,0.0893532316,0.0477110492,3.0134045646,0.1624230684,0.2360000000,0.0877724330,0.1223636447,1.9343222601,-0.1015795910,0.4680000000,0.1121427662,0.1055525943,2.8036451353,-0.0070452724,0.4680000000,0.1121427662,0.1055525943,2.8036451353,-0.0070452724
