Instance,INF_avg,INF_sd,INF_r1,INF_kr,INF_sk,SUP_avg,SUP_sd,SUP_r1,SUP_kr,SUP_sk,INC_avg,INC_sd,INC_r1,INC_kr,INC_sk,IND_avg,IND_sd,IND_r1,IND_kr,IND_sk
76,0.2600000000,0.1549193338,-0.2009890498,2.5300000000,0.2323790008,0.2420000000,0.1218031198,-0.3839867250,2.5414892589,0.1530520864,0.4980000000,0.1489832205,-0.3343857624,2.7117407552,0.3971124549,0.4980000000,0.1489832205,-0.3343857624,2.7117407552,0.3971124549
