Instance,INF_avg,INF_sd,INF_r1,INF_kr,INF_sk,SUP_avg,SUP_sd,SUP_r1,SUP_kr,SUP_sk,INC_avg,INC_sd,INC_r1,INC_kr,INC_sk,IND_avg,IND_sd,IND_r1,IND_kr,IND_sk
461,0.2310000000,0.0415812458,0.0812946714,2.5258825981,-0.5715082607,0.2440000000,0.0431740663,0.5475746269,2.6224557461,-0.0799239931,0.5250000000,0.0523927476,0.3152039555,1.6574098958,0.0166877474,0.5250000000,0.0523927476,0.3152039555,1.6574098958,0.0166877474
