Instance,INF_avg,INF_sd,INF_r1,INF_kr,INF_sk,SUP_avg,SUP_sd,SUP_r1,SUP_kr,SUP_sk,INC_avg,INC_sd,INC_r1,INC_kr,INC_sk,IND_avg,IND_sd,IND_r1,IND_kr,IND_sk
448,0.2498000000,0.0299492905,0.0521321657,2.2864923835,0.0957880271,0.2426000000,0.0282531414,0.1672888805,2.9072476737,0.2361637990,0.5076000000,0.0293468908,-0.0966377147,3.2566983416,-0.5915100237,0.5076000000,0.0293468908,-0.0966377147,3.2566983416,-0.5915100237
