Instance,INF_avg,INF_sd,INF_r1,INF_kr,INF_sk,SUP_avg,SUP_sd,SUP_r1,SUP_kr,SUP_sk,INC_avg,INC_sd,INC_r1,INC_kr,INC_sk,IND_avg,IND_sd,IND_r1,IND_kr,IND_sk
285,0.3252500000,0.0580059264,0.4493178213,2.7471574235,0.3612341185,0.3033500000,0.0442043833,0.3747076387,3.6237537905,0.4824881698,0.3714000000,0.0422674816,0.2923195511,2.6614800080,0.3753189277,0.3714000000,0.0422674816,0.2923195511,2.6614800080,0.3753189277
