Instance,INF_avg,INF_sd,INF_r1,INF_kr,INF_sk,SUP_avg,SUP_sd,SUP_r1,SUP_kr,SUP_sk,INC_avg,INC_sd,INC_r1,INC_kr,INC_sk,IND_avg,IND_sd,IND_r1,IND_kr,IND_sk
115,0.2060000000,0.0323109888,0.2589401120,2.5269300216,-0.7769322195,0.3200000000,0.0758946638,0.3445378151,3.5995370370,1.0540925534,0.4740000000,0.0586856030,0.2953064752,3.1669641087,-0.9390380454,0.4740000000,0.0586856030,0.2953064752,3.1669641087,-0.9390380454
