Instance,INF_avg,INF_sd,INF_r1,INF_kr,INF_sk,SUP_avg,SUP_sd,SUP_r1,SUP_kr,SUP_sk,INC_avg,INC_sd,INC_r1,INC_kr,INC_sk,IND_avg,IND_sd,IND_r1,IND_kr,IND_sk
390,0.2558000000,0.0308116861,0.5395250750,2.3933275093,0.0602031036,0.2180000000,0.0414487636,0.2751009293,2.3892843155,0.3864119614,0.5262000000,0.0416960430,0.3780265546,2.6063465777,-0.3731569016,0.5262000000,0.0416960430,0.3780265546,2.6063465777,-0.3731569016
