Instance,INF_avg,INF_sd,INF_r1,INF_kr,INF_sk,SUP_avg,SUP_sd,SUP_r1,SUP_kr,SUP_sk,INC_avg,INC_sd,INC_r1,INC_kr,INC_sk,IND_avg,IND_sd,IND_r1,IND_kr,IND_sk
161,0.2385500000,0.0456031523,0.4962929520,2.5161060743,0.1767295823,0.2517500000,0.0522846775,0.6028199736,2.5798511300,0.0183938418,0.5097000000,0.0448821791,0.4150151547,2.9383856516,0.3866283231,0.5097000000,0.0448821791,0.4150151547,2.9383856516,0.3866283231
