Instance,INF_avg,INF_sd,INF_r1,INF_kr,INF_sk,SUP_avg,SUP_sd,SUP_r1,SUP_kr,SUP_sk,INC_avg,INC_sd,INC_r1,INC_kr,INC_sk,IND_avg,IND_sd,IND_r1,IND_kr,IND_sk
383,0.2800000000,0.0400000000,0.8387096774,2.0781250000,0.8437500000,0.2700000000,0.0509901951,-0.1983471074,1.9556213018,0.2715454179,0.4500000000,0.0707106781,0.1666666667,1.7000000000,0.0000000000,0.4500000000,0.0707106781,0.1666666667,1.7000000000,0.0000000000
