Instance,INF_avg,INF_sd,INF_r1,INF_kr,INF_sk,SUP_avg,SUP_sd,SUP_r1,SUP_kr,SUP_sk,INC_avg,INC_sd,INC_r1,INC_kr,INC_sk,IND_avg,IND_sd,IND_r1,IND_kr,IND_sk
85,0.2011000000,0.0315957276,-0.0325789039,3.6681006561,0.4775206327,0.2840000000,0.0323496522,0.1299940427,3.6335844301,-0.2427193710,0.5149000000,0.0358885776,0.1137779885,3.0177124820,-0.3439459506,0.5149000000,0.0358885776,0.1137779885,3.0177124820,-0.3439459506
