Instance,INF_avg,INF_sd,INF_r1,INF_kr,INF_sk,SUP_avg,SUP_sd,SUP_r1,SUP_kr,SUP_sk,INC_avg,INC_sd,INC_r1,INC_kr,INC_sk,IND_avg,IND_sd,IND_r1,IND_kr,IND_sk
218,0.2840000000,0.1566652482,-0.1031186313,2.6073630478,0.3594639886,0.2200000000,0.1264911064,-0.0005040323,2.4925000000,0.0948683298,0.4960000000,0.1799555501,-0.0440292865,2.2199080403,0.1627872349,0.4960000000,0.1799555501,-0.0440292865,2.2199080403,0.1627872349
