Instance,INF_avg,INF_sd,INF_r1,INF_kr,INF_sk,SUP_avg,SUP_sd,SUP_r1,SUP_kr,SUP_sk,INC_avg,INC_sd,INC_r1,INC_kr,INC_sk,IND_avg,IND_sd,IND_r1,IND_kr,IND_sk
373,0.2937931034,0.0683675224,0.1864464648,2.8191228142,0.3516667377,0.1650574713,0.0717734873,0.3462544297,2.5540584349,0.2384070224,0.5411494253,0.0822307559,0.1416841494,2.8972581944,0.2029823950,0.5411494253,0.0822307559,0.1416841494,2.8972581944,0.2029823950
