Instance,INF_avg,INF_sd,INF_r1,INF_kr,INF_sk,SUP_avg,SUP_sd,SUP_r1,SUP_kr,SUP_sk,INC_avg,INC_sd,INC_r1,INC_kr,INC_sk,IND_avg,IND_sd,IND_r1,IND_kr,IND_sk
343,0.2050000000,0.1082820391,0.0962724591,2.0358927264,0.4028806053,0.3350000000,0.0776208735,-0.3565372602,2.5801380830,0.6671431284,0.4600000000,0.0700000000,0.1320293399,1.8521449396,-0.3586005831,0.4600000000,0.0700000000,0.1320293399,1.8521449396,-0.3586005831
