Instance,INF_avg,INF_sd,INF_r1,INF_kr,INF_sk,SUP_avg,SUP_sd,SUP_r1,SUP_kr,SUP_sk,INC_avg,INC_sd,INC_r1,INC_kr,INC_sk,IND_avg,IND_sd,IND_r1,IND_kr,IND_sk
207,0.1900000000,0.0489897949,-0.7924528302,1.9479166667,-0.2296396634,0.3700000000,0.0781024968,-0.7132867133,3.5573770492,0.8941591943,0.4400000000,0.0800000000,-0.6279069767,2.3344726562,0.7675781250,0.4400000000,0.0800000000,-0.6279069767,2.3344726562,0.7675781250
