Instance,INF_avg,INF_sd,INF_r1,INF_kr,INF_sk,SUP_avg,SUP_sd,SUP_r1,SUP_kr,SUP_sk,INC_avg,INC_sd,INC_r1,INC_kr,INC_sk,IND_avg,IND_sd,IND_r1,IND_kr,IND_sk
280,0.2620000000,0.0386781592,0.1655153357,3.3123766765,1.0303041353,0.2440000000,0.0585149554,-0.1948204826,1.7592857455,-0.3052179221,0.4940000000,0.0477912126,-0.1599448466,3.0257758994,0.7523970733,0.4940000000,0.0477912126,-0.1599448466,3.0257758994,0.7523970733
