Instance,INF_avg,INF_sd,INF_r1,INF_kr,INF_sk,SUP_avg,SUP_sd,SUP_r1,SUP_kr,SUP_sk,INC_avg,INC_sd,INC_r1,INC_kr,INC_sk,IND_avg,IND_sd,IND_r1,IND_kr,IND_sk
395,0.2300000000,0.0812403840,0.0601503759,1.4421487603,0.3804646085,0.2200000000,0.0871779789,-0.7298578199,1.3801939058,0.5071295170,0.5500000000,0.0774596669,-0.1818181818,2.9166666667,1.2909944487,0.5500000000,0.0774596669,-0.1818181818,2.9166666667,1.2909944487
