Instance,INF_avg,INF_sd,INF_r1,INF_kr,INF_sk,SUP_avg,SUP_sd,SUP_r1,SUP_kr,SUP_sk,INC_avg,INC_sd,INC_r1,INC_kr,INC_sk,IND_avg,IND_sd,IND_r1,IND_kr,IND_sk
121,0.2460000000,0.0215406592,0.1138421734,2.1189989596,0.1782915370,0.2660000000,0.0213072758,-0.4610389610,2.0794212967,-0.5414791205,0.4880000000,0.0250199920,-0.5417147251,1.2649970909,0.2275496624,0.4880000000,0.0250199920,-0.5417147251,1.2649970909,0.2275496624
