Instance,INF_avg,INF_sd,INF_r1,INF_kr,INF_sk,SUP_avg,SUP_sd,SUP_r1,SUP_kr,SUP_sk,INC_avg,INC_sd,INC_r1,INC_kr,INC_sk,IND_avg,IND_sd,IND_r1,IND_kr,IND_sk
374,0.3500000000,0.1113552873,0.0647773279,2.8063215401,-0.0108632239,0.2740000000,0.0861626369,0.0653776813,4.0175914787,0.6200808568,0.3760000000,0.1105621997,0.0850343255,2.6272603804,-0.3263366457,0.3760000000,0.1105621997,0.0850343255,2.6272603804,-0.3263366457
