Instance,INF_avg,INF_sd,INF_r1,INF_kr,INF_sk,SUP_avg,SUP_sd,SUP_r1,SUP_kr,SUP_sk,INC_avg,INC_sd,INC_r1,INC_kr,INC_sk,IND_avg,IND_sd,IND_r1,IND_kr,IND_sk
85,0.2722000000,0.0232843295,-0.0587155421,2.2943710215,-0.3726209261,0.2512000000,0.0220581051,0.0144344612,2.3088816266,0.4404021108,0.4766000000,0.0274488615,0.0591475210,2.5052370314,0.1561520735,0.4766000000,0.0274488615,0.0591475210,2.5052370314,0.1561520735
