Instance,INF_avg,INF_sd,INF_r1,INF_kr,INF_sk,SUP_avg,SUP_sd,SUP_r1,SUP_kr,SUP_sk,INC_avg,INC_sd,INC_r1,INC_kr,INC_sk,IND_avg,IND_sd,IND_r1,IND_kr,IND_sk
186,0.2629000000,0.0302173791,0.0178622137,3.2417693401,0.2373666662,0.2159000000,0.0250537422,0.2086337708,2.3395135956,0.1149058820,0.5212000000,0.0342280587,0.0776251047,3.6298562629,0.5763223608,0.5212000000,0.0342280587,0.0776251047,3.6298562629,0.5763223608
