Instance,INF_avg,INF_sd,INF_r1,INF_kr,INF_sk,SUP_avg,SUP_sd,SUP_r1,SUP_kr,SUP_sk,INC_avg,INC_sd,INC_r1,INC_kr,INC_sk,IND_avg,IND_sd,IND_r1,IND_kr,IND_sk
129,0.2550000000,0.0756637298,-0.0528615116,2.1047844244,0.5228835389,0.2550000000,0.0906917857,-0.1969111969,1.6054637337,-0.4504384107,0.4900000000,0.0969535971,-0.2637362637,2.9019918515,0.7768577046,0.4900000000,0.0969535971,-0.2637362637,2.9019918515,0.7768577046
