Instance,INF_avg,INF_sd,INF_r1,INF_kr,INF_sk,SUP_avg,SUP_sd,SUP_r1,SUP_kr,SUP_sk,INC_avg,INC_sd,INC_r1,INC_kr,INC_sk,IND_avg,IND_sd,IND_r1,IND_kr,IND_sk
287,0.3560000000,0.1022936948,-0.2504642813,2.6725724546,0.2862776999,0.3400000000,0.1058300524,-0.0161870504,3.2653061224,-0.0404961935,0.3040000000,0.1280000000,-0.1230371695,2.5098533630,0.4974975586,0.3040000000,0.1280000000,-0.1230371695,2.5098533630,0.4974975586
