Instance,INF_avg,INF_sd,INF_r1,INF_kr,INF_sk,SUP_avg,SUP_sd,SUP_r1,SUP_kr,SUP_sk,INC_avg,INC_sd,INC_r1,INC_kr,INC_sk,IND_avg,IND_sd,IND_r1,IND_kr,IND_sk
397,0.2400000000,0.0395474399,-0.1796246649,1.8623962428,-0.0252214166,0.2598000000,0.0415927878,0.1053309745,2.8596434780,0.3343529347,0.5002000000,0.0494161917,-0.0542564010,2.7547290815,-0.1004802065,0.5002000000,0.0494161917,-0.0542564010,2.7547290815,-0.1004802065
