Instance,INF_avg,INF_sd,INF_r1,INF_kr,INF_sk,SUP_avg,SUP_sd,SUP_r1,SUP_kr,SUP_sk,INC_avg,INC_sd,INC_r1,INC_kr,INC_sk,IND_avg,IND_sd,IND_r1,IND_kr,IND_sk
421,0.2535000000,0.0317844302,-0.3831609669,4.0840881705,-1.2842639908,0.2055000000,0.0254411085,-0.4259951050,1.5124953733,-0.1265276425,0.5410000000,0.0448218697,-0.7948026741,3.5124684069,0.8178716520,0.5410000000,0.0448218697,-0.7948026741,3.5124684069,0.8178716520
