Instance,INF_avg,INF_sd,INF_r1,INF_kr,INF_sk,SUP_avg,SUP_sd,SUP_r1,SUP_kr,SUP_sk,INC_avg,INC_sd,INC_r1,INC_kr,INC_sk,IND_avg,IND_sd,IND_r1,IND_kr,IND_sk
23,0.2920000000,0.1741723285,0.1033901560,2.3618877851,0.6224011831,0.2320000000,0.1541946821,-0.1593568078,2.0159723141,0.2413267760,0.4760000000,0.1606984754,0.2848033209,3.2058636558,-0.0112890081,0.4760000000,0.1606984754,0.2848033209,3.2058636558,-0.0112890081
