Instance,INF_avg,INF_sd,INF_r1,INF_kr,INF_sk,SUP_avg,SUP_sd,SUP_r1,SUP_kr,SUP_sk,INC_avg,INC_sd,INC_r1,INC_kr,INC_sk,IND_avg,IND_sd,IND_r1,IND_kr,IND_sk
16,0.2808000000,0.0631772111,0.3736258866,2.0191955070,0.2074064213,0.2820000000,0.0570613705,0.3462276215,3.3123230445,0.3951519454,0.4372000000,0.0569575280,0.2489060945,2.3313792498,0.1168577433,0.4372000000,0.0569575280,0.2489060945,2.3313792498,0.1168577433
