Instance,INF_avg,INF_sd,INF_r1,INF_kr,INF_sk,SUP_avg,SUP_sd,SUP_r1,SUP_kr,SUP_sk,INC_avg,INC_sd,INC_r1,INC_kr,INC_sk,IND_avg,IND_sd,IND_r1,IND_kr,IND_sk
39,0.3263157895,0.1207088941,-0.0753509264,2.3521881190,-0.1556743180,0.2157894737,0.1088850572,-0.2222911177,3.6373045681,0.4180909442,0.4578947368,0.1138595140,0.0831445401,2.4391299584,-0.4089136062,0.4578947368,0.1138595140,0.0831445401,2.4391299584,-0.4089136062
