Instance,INF_avg,INF_sd,INF_r1,INF_kr,INF_sk,SUP_avg,SUP_sd,SUP_r1,SUP_kr,SUP_sk,INC_avg,INC_sd,INC_r1,INC_kr,INC_sk,IND_avg,IND_sd,IND_r1,IND_kr,IND_sk
72,0.2100000000,0.1513274595,-0.3426645931,2.1047844244,0.5228835389,0.2100000000,0.1135781669,0.0675791275,1.9576347575,0.6224583152,0.5800000000,0.1989974874,-0.1447638604,1.7750229568,0.1248683346,0.5800000000,0.1989974874,-0.1447638604,1.7750229568,0.1248683346
