Instance,INF_avg,INF_sd,INF_r1,INF_kr,INF_sk,SUP_avg,SUP_sd,SUP_r1,SUP_kr,SUP_sk,INC_avg,INC_sd,INC_r1,INC_kr,INC_sk,IND_avg,IND_sd,IND_r1,IND_kr,IND_sk
232,0.2740000000,0.0535537114,0.0142649697,4.8523135099,0.6906607733,0.2444000000,0.0563261928,-0.0267401252,2.5150860550,-0.2518374027,0.4816000000,0.0627171428,-0.0088473561,2.7850692801,0.3229724024,0.4816000000,0.0627171428,-0.0088473561,2.7850692801,0.3229724024
