Instance,INF_avg,INF_sd,INF_r1,INF_kr,INF_sk,SUP_avg,SUP_sd,SUP_r1,SUP_kr,SUP_sk,INC_avg,INC_sd,INC_r1,INC_kr,INC_sk,IND_avg,IND_sd,IND_r1,IND_kr,IND_sk
184,0.4533507853,0.1031177718,0.8481306482,2.0753754929,-0.1050951399,0.0891099476,0.0673215575,0.8918490917,2.7584999107,0.8503647635,0.4575392670,0.0536833578,0.4580604083,2.8507721294,-0.1830197787,0.4575392670,0.0536833578,0.4580604083,2.8507721294,-0.1830197787
