Instance,INF_avg,INF_sd,INF_r1,INF_kr,INF_sk,SUP_avg,SUP_sd,SUP_r1,SUP_kr,SUP_sk,INC_avg,INC_sd,INC_r1,INC_kr,INC_sk,IND_avg,IND_sd,IND_r1,IND_kr,IND_sk
465,0.2700000000,0.0927361850,-0.1417322835,1.5091941590,0.1579875514,0.2400000000,0.0663324958,-0.5656565657,2.2169421488,0.3700366502,0.4900000000,0.0860232527,-0.6242937853,2.6519357195,1.0179522960,0.4900000000,0.0860232527,-0.6242937853,2.6519357195,1.0179522960
