Instance,INF_avg,INF_sd,INF_r1,INF_kr,INF_sk,SUP_avg,SUP_sd,SUP_r1,SUP_kr,SUP_sk,INC_avg,INC_sd,INC_r1,INC_kr,INC_sk,IND_avg,IND_sd,IND_r1,IND_kr,IND_sk
121,0.2430000000,0.0905593728,0.0566934536,3.4621730205,0.2592835002,0.2600000000,0.0964365076,-0.1804118096,2.3541449879,0.2174253553,0.4970000000,0.1288060558,-0.1298896309,2.2896288018,0.0347895461,0.4970000000,0.1288060558,-0.1298896309,2.2896288018,0.0347895461
