Instance,INF_avg,INF_sd,INF_r1,INF_kr,INF_sk,SUP_avg,SUP_sd,SUP_r1,SUP_kr,SUP_sk,INC_avg,INC_sd,INC_r1,INC_kr,INC_sk,IND_avg,IND_sd,IND_r1,IND_kr,IND_sk
283,0.2176000000,0.0457191426,-0.1034315905,1.7461711883,-0.0533302188,0.2408000000,0.0602607667,0.0483375126,2.9842547787,0.5845865688,0.5416000000,0.0598451335,-0.1564054154,2.2436968661,0.6841962925,0.5416000000,0.0598451335,-0.1564054154,2.2436968661,0.6841962925
