Instance,INF_avg,INF_sd,INF_r1,INF_kr,INF_sk,SUP_avg,SUP_sd,SUP_r1,SUP_kr,SUP_sk,INC_avg,INC_sd,INC_r1,INC_kr,INC_sk,IND_avg,IND_sd,IND_r1,IND_kr,IND_sk
427,0.2556000000,0.0283309019,0.1661597197,2.4892735166,0.1488612220,0.2347000000,0.0299568022,0.0777902578,3.0733139497,0.3355286562,0.5097000000,0.0351341714,0.3394340709,2.4230748967,0.0299399775,0.5097000000,0.0351341714,0.3394340709,2.4230748967,0.0299399775
