Instance,INF_avg,INF_sd,INF_r1,INF_kr,INF_sk,SUP_avg,SUP_sd,SUP_r1,SUP_kr,SUP_sk,INC_avg,INC_sd,INC_r1,INC_kr,INC_sk,IND_avg,IND_sd,IND_r1,IND_kr,IND_sk
110,0.2400000000,0.1356465997,-0.8354430380,2.6474480151,0.2115471545,0.2800000000,0.1400000000,0.7034764826,1.8521449396,0.3586005831,0.4800000000,0.1886796226,0.0312093628,1.6269410428,-0.2465388328,0.4800000000,0.1886796226,0.0312093628,1.6269410428,-0.2465388328
