Instance,INF_avg,INF_sd,INF_r1,INF_kr,INF_sk,SUP_avg,SUP_sd,SUP_r1,SUP_kr,SUP_sk,INC_avg,INC_sd,INC_r1,INC_kr,INC_sk,IND_avg,IND_sd,IND_r1,IND_kr,IND_sk
459,0.2674000000,0.0502716620,0.4954336429,2.4579740827,-0.5315286897,0.2332000000,0.0389584394,0.0633510979,2.7030014471,0.2515955768,0.4994000000,0.0519388102,0.3516108321,3.1732765231,0.3425537816,0.4994000000,0.0519388102,0.3516108321,3.1732765231,0.3425537816
