Instance,INF_avg,INF_sd,INF_r1,INF_kr,INF_sk,SUP_avg,SUP_sd,SUP_r1,SUP_kr,SUP_sk,INC_avg,INC_sd,INC_r1,INC_kr,INC_sk,IND_avg,IND_sd,IND_r1,IND_kr,IND_sk
43,0.2292000000,0.0626367304,0.2350575890,3.0641396518,-0.2530389588,0.2828000000,0.0702008547,0.0810368736,3.6654072190,0.0805336453,0.4880000000,0.0869022439,0.0318882425,3.8128231830,-0.2984066028,0.4880000000,0.0869022439,0.0318882425,3.8128231830,-0.2984066028
