Instance,INF_avg,INF_sd,INF_r1,INF_kr,INF_sk,SUP_avg,SUP_sd,SUP_r1,SUP_kr,SUP_sk,INC_avg,INC_sd,INC_r1,INC_kr,INC_sk,IND_avg,IND_sd,IND_r1,IND_kr,IND_sk
184,0.2639000000,0.0330800544,0.1358583142,3.3672537964,0.3443445542,0.3045000000,0.0350035712,-0.3212105851,3.4597792463,0.0810364162,0.4316000000,0.0324721419,-0.3241541260,2.6470364703,-0.2392063629,0.4316000000,0.0324721419,-0.3241541260,2.6470364703,-0.2392063629
