Instance,INF_avg,INF_sd,INF_r1,INF_kr,INF_sk,SUP_avg,SUP_sd,SUP_r1,SUP_kr,SUP_sk,INC_avg,INC_sd,INC_r1,INC_kr,INC_sk,IND_avg,IND_sd,IND_r1,IND_kr,IND_sk
35,0.2360000000,0.0624819974,0.1960580913,1.3553480247,0.2644696208,0.2200000000,0.0839047079,-0.1666666667,2.8305785124,1.1701586323,0.5440000000,0.0915641851,-0.2807219662,1.4246401725,-0.1290547595,0.5440000000,0.0915641851,-0.2807219662,1.4246401725,-0.1290547595
