Instance,INF_avg,INF_sd,INF_r1,INF_kr,INF_sk,SUP_avg,SUP_sd,SUP_r1,SUP_kr,SUP_sk,INC_avg,INC_sd,INC_r1,INC_kr,INC_sk,IND_avg,IND_sd,IND_r1,IND_kr,IND_sk
11,0.2699000000,0.0554345560,0.3625778698,2.7949580235,0.0648776555,0.2088000000,0.0420066661,0.0546872232,2.6881431430,0.2379029009,0.5213000000,0.0563498891,0.2577097921,3.3101679537,-0.1620531534,0.5213000000,0.0563498891,0.2577097921,3.3101679537,-0.1620531534
