Instance,INF_avg,INF_sd,INF_r1,INF_kr,INF_sk,SUP_avg,SUP_sd,SUP_r1,SUP_kr,SUP_sk,INC_avg,INC_sd,INC_r1,INC_kr,INC_sk,IND_avg,IND_sd,IND_r1,IND_kr,IND_sk
265,0.2390000000,0.1348295220,0.0320193505,3.0948139959,0.0994416356,0.2650000000,0.1492481156,-0.0217398810,3.6910783858,0.6652876582,0.4960000000,0.1605739705,0.2050834942,3.7366144227,-0.0508492353,0.4960000000,0.1605739705,0.2050834942,3.7366144227,-0.0508492353
