Instance,INF_avg,INF_sd,INF_r1,INF_kr,INF_sk,SUP_avg,SUP_sd,SUP_r1,SUP_kr,SUP_sk,INC_avg,INC_sd,INC_r1,INC_kr,INC_sk,IND_avg,IND_sd,IND_r1,IND_kr,IND_sk
374,0.6170300752,0.0722153150,0.7208386365,4.6024282644,-0.8758976310,0.0882706767,0.0572523930,0.8683329771,3.3533080894,0.9178396808,0.2946992481,0.0373499977,0.1612875486,4.0832501337,0.4654732310,0.2946992481,0.0373499977,0.1612875486,4.0832501337,0.4654732310
