Instance,INF_avg,INF_sd,INF_r1,INF_kr,INF_sk,SUP_avg,SUP_sd,SUP_r1,SUP_kr,SUP_sk,INC_avg,INC_sd,INC_r1,INC_kr,INC_sk,IND_avg,IND_sd,IND_r1,IND_kr,IND_sk
282,0.2140000000,0.1183384975,-0.1439416629,2.5700819475,-0.1996799059,0.3100000000,0.1403566885,0.0172996213,2.1630291943,-0.0477391401,0.4760000000,0.1517366139,0.0248489203,2.7612783180,-0.0367668295,0.4760000000,0.1517366139,0.0248489203,2.7612783180,-0.0367668295
