Instance,INF_avg,INF_sd,INF_r1,INF_kr,INF_sk,SUP_avg,SUP_sd,SUP_r1,SUP_kr,SUP_sk,INC_avg,INC_sd,INC_r1,INC_kr,INC_sk,IND_avg,IND_sd,IND_r1,IND_kr,IND_sk
204,0.2510000000,0.0271661554,-0.3949766735,2.8297860621,0.2633597370,0.2684000000,0.0305522503,0.1551780021,3.1143594951,-0.6688733002,0.4806000000,0.0335356527,-0.1801616467,2.7096945087,0.5814694442,0.4806000000,0.0335356527,-0.1801616467,2.7096945087,0.5814694442
