Instance,INF_avg,INF_sd,INF_r1,INF_kr,INF_sk,SUP_avg,SUP_sd,SUP_r1,SUP_kr,SUP_sk,INC_avg,INC_sd,INC_r1,INC_kr,INC_sk,IND_avg,IND_sd,IND_r1,IND_kr,IND_sk
273,0.2200000000,0.1385640646,0.0593141798,2.1250000000,0.1804219591,0.2800000000,0.1414213562,-0.3490792634,2.7512000000,0.3563818177,0.5000000000,0.1697056275,0.0735294118,2.0833333333,0.0000000000,0.5000000000,0.1697056275,0.0735294118,2.0833333333,0.0000000000
