Instance,INF_avg,INF_sd,INF_r1,INF_kr,INF_sk,SUP_avg,SUP_sd,SUP_r1,SUP_kr,SUP_sk,INC_avg,INC_sd,INC_r1,INC_kr,INC_sk,IND_avg,IND_sd,IND_r1,IND_kr,IND_sk
422,0.3040540541,0.1221310652,0.1313720477,3.1876064209,0.2620105651,0.1918918919,0.0873897093,0.1490302445,2.5302855649,-0.2068160819,0.5040540541,0.1048669546,0.0468727667,3.4683858179,0.1212540077,0.5040540541,0.1048669546,0.0468727667,3.4683858179,0.1212540077
