Instance,INF_avg,INF_sd,INF_r1,INF_kr,INF_sk,SUP_avg,SUP_sd,SUP_r1,SUP_kr,SUP_sk,INC_avg,INC_sd,INC_r1,INC_kr,INC_sk,IND_avg,IND_sd,IND_r1,IND_kr,IND_sk
96,0.2500000000,0.1118033989,-0.2727272727,1.6400000000,0.0000000000,0.1250000000,0.0829156198,-0.4736842105,1.6280991736,-0.4933822002,0.6250000000,0.0433012702,-0.4545454545,2.3333333333,1.1547005384,0.6250000000,0.0433012702,-0.4545454545,2.3333333333,1.1547005384
