Instance,INF_avg,INF_sd,INF_r1,INF_kr,INF_sk,SUP_avg,SUP_sd,SUP_r1,SUP_kr,SUP_sk,INC_avg,INC_sd,INC_r1,INC_kr,INC_sk,IND_avg,IND_sd,IND_r1,IND_kr,IND_sk
499,0.2440000000,0.0538887743,-0.1259329397,2.6406666211,0.1644035189,0.2522000000,0.0594572115,0.0494532655,3.5282274528,-0.0643353888,0.5038000000,0.0720941052,0.0940711215,2.6162865921,0.0942932398,0.5038000000,0.0720941052,0.0940711215,2.6162865921,0.0942932398
