Instance,INF_avg,INF_sd,INF_r1,INF_kr,INF_sk,SUP_avg,SUP_sd,SUP_r1,SUP_kr,SUP_sk,INC_avg,INC_sd,INC_r1,INC_kr,INC_sk,IND_avg,IND_sd,IND_r1,IND_kr,IND_sk
464,0.3000000000,0.0836660027,0.3000000000,1.2755102041,0.2561204163,0.3200000000,0.0812403840,0.8118279570,1.4421487603,-0.3804646085,0.3800000000,0.0400000000,-0.5131578947,2.0781250000,0.8437500000,0.3800000000,0.0400000000,-0.5131578947,2.0781250000,0.8437500000
