Instance,INF_avg,INF_sd,INF_r1,INF_kr,INF_sk,SUP_avg,SUP_sd,SUP_r1,SUP_kr,SUP_sk,INC_avg,INC_sd,INC_r1,INC_kr,INC_sk,IND_avg,IND_sd,IND_r1,IND_kr,IND_sk
136,0.2720000000,0.0430813185,0.0441176471,1.9531807372,-0.0168086297,0.2720000000,0.0515363949,-0.2983091787,2.5505153143,-0.1150198972,0.4560000000,0.0611882342,-0.2951807229,2.9746877055,-0.9839330883,0.4560000000,0.0611882342,-0.2951807229,2.9746877055,-0.9839330883
