Instance,INF_avg,INF_sd,INF_r1,INF_kr,INF_sk,SUP_avg,SUP_sd,SUP_r1,SUP_kr,SUP_sk,INC_avg,INC_sd,INC_r1,INC_kr,INC_sk,IND_avg,IND_sd,IND_r1,IND_kr,IND_sk
92,0.2262000000,0.0305378454,-0.0072191837,3.2956128465,0.5098976672,0.2038000000,0.0237604714,0.2998015305,2.6080734541,-0.4007582490,0.5700000000,0.0360555128,-0.0815217391,2.5814792899,0.1318479697,0.5700000000,0.0360555128,-0.0815217391,2.5814792899,0.1318479697
