Instance,INF_avg,INF_sd,INF_r1,INF_kr,INF_sk,SUP_avg,SUP_sd,SUP_r1,SUP_kr,SUP_sk,INC_avg,INC_sd,INC_r1,INC_kr,INC_sk,IND_avg,IND_sd,IND_r1,IND_kr,IND_sk
393,0.2400000000,0.1200000000,-0.0996659243,3.2731481481,0.6527777778,0.2820000000,0.1479053752,0.1415267100,2.4240291387,0.0887433408,0.4780000000,0.1552932709,0.0357000501,2.5977713292,0.3370590913,0.4780000000,0.1552932709,0.0357000501,2.5977713292,0.3370590913
