Instance,INF_avg,INF_sd,INF_r1,INF_kr,INF_sk,SUP_avg,SUP_sd,SUP_r1,SUP_kr,SUP_sk,INC_avg,INC_sd,INC_r1,INC_kr,INC_sk,IND_avg,IND_sd,IND_r1,IND_kr,IND_sk
23,0.2772727273,0.1019439159,-0.4084389940,2.4730226988,0.5619126047,0.2090909091,0.1093746311,-0.3265863303,3.7826787296,0.5230352076,0.5136363636,0.0955627093,-0.4507246377,2.5283777973,-0.0012913615,0.5136363636,0.0955627093,-0.4507246377,2.5283777973,-0.0012913615
