Instance,INF_avg,INF_sd,INF_r1,INF_kr,INF_sk,SUP_avg,SUP_sd,SUP_r1,SUP_kr,SUP_sk,INC_avg,INC_sd,INC_r1,INC_kr,INC_sk,IND_avg,IND_sd,IND_r1,IND_kr,IND_sk
416,0.2534000000,0.0457431962,0.1643490415,3.7310319784,0.3643926951,0.2514000000,0.0465192433,-0.0103260655,3.1319829484,0.1608062766,0.4952000000,0.0536559410,0.0637573920,3.3565117637,0.1851945583,0.4952000000,0.0536559410,0.0637573920,3.3565117637,0.1851945583
