Instance,INF_avg,INF_sd,INF_r1,INF_kr,INF_sk,SUP_avg,SUP_sd,SUP_r1,SUP_kr,SUP_sk,INC_avg,INC_sd,INC_r1,INC_kr,INC_sk,IND_avg,IND_sd,IND_r1,IND_kr,IND_sk
373,0.2275000000,0.0957535900,0.1252156951,2.6404135703,0.1156470439,0.2640000000,0.1074895344,0.1424078022,2.3847181716,0.1243930757,0.5085000000,0.1129280745,0.1791203115,2.2425325814,-0.0292049021,0.5085000000,0.1129280745,0.1791203115,2.2425325814,-0.0292049021
