Instance,INF_avg,INF_sd,INF_r1,INF_kr,INF_sk,SUP_avg,SUP_sd,SUP_r1,SUP_kr,SUP_sk,INC_avg,INC_sd,INC_r1,INC_kr,INC_sk,IND_avg,IND_sd,IND_r1,IND_kr,IND_sk
371,0.2360000000,0.0397994975,-0.1216632444,4.9344582185,1.5239266570,0.2520000000,0.0381575681,-0.0623620309,2.8164020046,-0.6829690907,0.5120000000,0.0368239053,-0.2255483106,2.6530138095,0.4537260368,0.5120000000,0.0368239053,-0.2255483106,2.6530138095,0.4537260368
