Instance,INF_avg,INF_sd,INF_r1,INF_kr,INF_sk,SUP_avg,SUP_sd,SUP_r1,SUP_kr,SUP_sk,INC_avg,INC_sd,INC_r1,INC_kr,INC_sk,IND_avg,IND_sd,IND_r1,IND_kr,IND_sk
252,0.3000000000,0.1483239697,-0.3333333333,2.4380165289,-0.3677453795,0.2400000000,0.1200000000,-0.0304054054,1.5138888889,0.2361111111,0.4600000000,0.1280624847,-0.2468827930,2.0267697799,0.4913759825,0.4600000000,0.1280624847,-0.2468827930,2.0267697799,0.4913759825
