Instance,INF_avg,INF_sd,INF_r1,INF_kr,INF_sk,SUP_avg,SUP_sd,SUP_r1,SUP_kr,SUP_sk,INC_avg,INC_sd,INC_r1,INC_kr,INC_sk,IND_avg,IND_sd,IND_r1,IND_kr,IND_sk
102,0.1900000000,0.0969535971,-0.5207373272,1.4081032141,-0.3752617726,0.3000000000,0.0836660027,-0.3000000000,1.2755102041,-0.2561204163,0.5100000000,0.1240967365,-0.1074270557,1.7794737730,0.1632576395,0.5100000000,0.1240967365,-0.1074270557,1.7794737730,0.1632576395
