Instance,INF_avg,INF_sd,INF_r1,INF_kr,INF_sk,SUP_avg,SUP_sd,SUP_r1,SUP_kr,SUP_sk,INC_avg,INC_sd,INC_r1,INC_kr,INC_sk,IND_avg,IND_sd,IND_r1,IND_kr,IND_sk
221,0.3180000000,0.1152215258,0.1159317948,4.4929003997,0.5375395346,0.2660000000,0.0971802449,0.1561422079,2.6105488005,0.1335759165,0.4160000000,0.0971802449,-0.1129821345,3.1682400422,-0.1769593240,0.4160000000,0.0971802449,-0.1129821345,3.1682400422,-0.1769593240
