Instance,INF_avg,INF_sd,INF_r1,INF_kr,INF_sk,SUP_avg,SUP_sd,SUP_r1,SUP_kr,SUP_sk,INC_avg,INC_sd,INC_r1,INC_kr,INC_sk,IND_avg,IND_sd,IND_r1,IND_kr,IND_sk
178,0.2556000000,0.0690263718,0.1326037443,3.0234294265,0.0664620704,0.2328000000,0.0653923543,0.1498312544,2.7161866240,0.1050620330,0.5116000000,0.0675384335,-0.0423763383,2.7199602303,0.0369425754,0.5116000000,0.0675384335,-0.0423763383,2.7199602303,0.0369425754
