Instance,INF_avg,INF_sd,INF_r1,INF_kr,INF_sk,SUP_avg,SUP_sd,SUP_r1,SUP_kr,SUP_sk,INC_avg,INC_sd,INC_r1,INC_kr,INC_sk,IND_avg,IND_sd,IND_r1,IND_kr,IND_sk
438,0.3930057803,0.0898308299,0.6882532408,2.2164562464,-0.0715369011,0.1136994220,0.0673543116,0.8233407023,2.4542535807,0.5541797369,0.4932947977,0.0510027748,0.0658576649,2.7324176508,0.1505996296,0.4932947977,0.0510027748,0.0658576649,2.7324176508,0.1505996296
