Instance,INF_avg,INF_sd,INF_r1,INF_kr,INF_sk,SUP_avg,SUP_sd,SUP_r1,SUP_kr,SUP_sk,INC_avg,INC_sd,INC_r1,INC_kr,INC_sk,IND_avg,IND_sd,IND_r1,IND_kr,IND_sk
245,0.2525000000,0.0925675429,-0.0863601281,2.8164894254,0.2294143626,0.2380000000,0.0987724658,0.0031328937,2.0727290791,0.0860750509,0.5095000000,0.1161238563,0.0547950219,2.0980510942,0.0230392892,0.5095000000,0.1161238563,0.0547950219,2.0980510942,0.0230392892
