Instance,INF_avg,INF_sd,INF_r1,INF_kr,INF_sk,SUP_avg,SUP_sd,SUP_r1,SUP_kr,SUP_sk,INC_avg,INC_sd,INC_r1,INC_kr,INC_sk,IND_avg,IND_sd,IND_r1,IND_kr,IND_sk
166,0.2455000000,0.0980038265,-0.1083782713,2.1460767870,-0.1131355521,0.2780000000,0.0900888450,-0.0648582668,2.8357852538,0.1180369196,0.4765000000,0.1213373397,-0.1075545266,2.6120613779,0.1985433915,0.4765000000,0.1213373397,-0.1075545266,2.6120613779,0.1985433915
