Instance,INF_avg,INF_sd,INF_r1,INF_kr,INF_sk,SUP_avg,SUP_sd,SUP_r1,SUP_kr,SUP_sk,INC_avg,INC_sd,INC_r1,INC_kr,INC_sk,IND_avg,IND_sd,IND_r1,IND_kr,IND_sk
302,0.2360000000,0.1352922762,-0.2543987115,2.5234592767,-0.1387051411,0.2500000000,0.1389244399,0.1299734748,3.7215764182,0.5818199851,0.5140000000,0.1600124995,-0.0769072675,2.5042002132,-0.1996875714,0.5140000000,0.1600124995,-0.0769072675,2.5042002132,-0.1996875714
