Instance,INF_avg,INF_sd,INF_r1,INF_kr,INF_sk,SUP_avg,SUP_sd,SUP_r1,SUP_kr,SUP_sk,INC_avg,INC_sd,INC_r1,INC_kr,INC_sk,IND_avg,IND_sd,IND_r1,IND_kr,IND_sk
468,0.2680000000,0.0607947366,-0.3846928499,2.0008433125,0.0017089654,0.2500000000,0.0640312424,-0.2036474164,3.5965496728,-1.0604579344,0.4820000000,0.1025475499,-0.4308885397,2.5063768503,0.5564739847,0.4820000000,0.1025475499,-0.4308885397,2.5063768503,0.5564739847
