Instance,INF_avg,INF_sd,INF_r1,INF_kr,INF_sk,SUP_avg,SUP_sd,SUP_r1,SUP_kr,SUP_sk,INC_avg,INC_sd,INC_r1,INC_kr,INC_sk,IND_avg,IND_sd,IND_r1,IND_kr,IND_sk
341,0.2420000000,0.0485386444,-0.1360163016,2.7941145102,0.3869984533,0.2200000000,0.0473286383,0.0000000000,2.5127551020,-0.6791418118,0.5380000000,0.0812157620,0.0280529107,1.6970047451,-0.1964087432,0.5380000000,0.0812157620,0.0280529107,1.6970047451,-0.1964087432
