Instance,INF_avg,INF_sd,INF_r1,INF_kr,INF_sk,SUP_avg,SUP_sd,SUP_r1,SUP_kr,SUP_sk,INC_avg,INC_sd,INC_r1,INC_kr,INC_sk,IND_avg,IND_sd,IND_r1,IND_kr,IND_sk
136,0.3500000000,0.1500000000,-0.7037037037,2.1851851852,0.8888888889,0.1750000000,0.1089724736,0.1111111111,2.0969529086,-0.6520236647,0.4750000000,0.2165063509,-0.8625954198,1.9237333333,0.3233161507,0.4750000000,0.2165063509,-0.8625954198,1.9237333333,0.3233161507
