Instance,INF_avg,INF_sd,INF_r1,INF_kr,INF_sk,SUP_avg,SUP_sd,SUP_r1,SUP_kr,SUP_sk,INC_avg,INC_sd,INC_r1,INC_kr,INC_sk,IND_avg,IND_sd,IND_r1,IND_kr,IND_sk
333,0.2929000000,0.0377768448,0.3791546433,3.1352184780,0.1801568451,0.2360000000,0.0292745623,0.0500080270,3.0745974193,0.1950311506,0.4711000000,0.0422881780,0.2862754755,2.9659474242,-0.2988512866,0.4711000000,0.0422881780,0.2862754755,2.9659474242,-0.2988512866
