Instance,INF_avg,INF_sd,INF_r1,INF_kr,INF_sk,SUP_avg,SUP_sd,SUP_r1,SUP_kr,SUP_sk,INC_avg,INC_sd,INC_r1,INC_kr,INC_sk,IND_avg,IND_sd,IND_r1,IND_kr,IND_sk
379,0.2568000000,0.0608420907,-0.1784560455,1.6903785231,0.0328992598,0.2408000000,0.0698524158,-0.4093137255,4.6859287758,0.9523932231,0.5024000000,0.0818427761,-0.2514284841,2.9770243624,0.3900726938,0.5024000000,0.0818427761,-0.2514284841,2.9770243624,0.3900726938
