Instance,INF_avg,INF_sd,INF_r1,INF_kr,INF_sk,SUP_avg,SUP_sd,SUP_r1,SUP_kr,SUP_sk,INC_avg,INC_sd,INC_r1,INC_kr,INC_sk,IND_avg,IND_sd,IND_r1,IND_kr,IND_sk
373,0.3495973154,0.0784572657,0.6583104028,2.5769850640,-0.0071150494,0.0935570470,0.0642151775,0.8490031673,2.5892959441,0.6780878193,0.5568456376,0.0480783372,0.0180021698,2.8353796877,-0.0021179470,0.5568456376,0.0480783372,0.0180021698,2.8353796877,-0.0021179470
