Instance,INF_avg,INF_sd,INF_r1,INF_kr,INF_sk,SUP_avg,SUP_sd,SUP_r1,SUP_kr,SUP_sk,INC_avg,INC_sd,INC_r1,INC_kr,INC_sk,IND_avg,IND_sd,IND_r1,IND_kr,IND_sk
371,0.3738383838,0.0791393997,0.5710989315,2.5205678716,0.1521617159,0.0947474747,0.0634264616,0.8166451100,2.4276956461,0.6113073004,0.5314141414,0.0568981032,0.1153196871,2.8547456648,-0.1508001752,0.5314141414,0.0568981032,0.1153196871,2.8547456648,-0.1508001752
