Instance,INF_avg,INF_sd,INF_r1,INF_kr,INF_sk,SUP_avg,SUP_sd,SUP_r1,SUP_kr,SUP_sk,INC_avg,INC_sd,INC_r1,INC_kr,INC_sk,IND_avg,IND_sd,IND_r1,IND_kr,IND_sk
231,0.2319000000,0.0519748978,0.3154047120,3.4289008572,0.5416153664,0.2544000000,0.0547780978,0.1401583221,2.7778882825,0.2857367727,0.5137000000,0.0528328496,0.1366161624,2.3026616441,-0.1733484638,0.5137000000,0.0528328496,0.1366161624,2.3026616441,-0.1733484638
