Instance,INF_avg,INF_sd,INF_r1,INF_kr,INF_sk,SUP_avg,SUP_sd,SUP_r1,SUP_kr,SUP_sk,INC_avg,INC_sd,INC_r1,INC_kr,INC_sk,IND_avg,IND_sd,IND_r1,IND_kr,IND_sk
2,0.2188000000,0.0536894776,0.1778436936,2.2572776611,-0.1833838207,0.2936000000,0.0421312236,-0.2419712231,3.3423490185,0.6753115910,0.4876000000,0.0442971782,-0.1171396188,2.3703750688,-0.5662343329,0.4876000000,0.0442971782,-0.1171396188,2.3703750688,-0.5662343329
