Instance,INF_avg,INF_sd,INF_r1,INF_kr,INF_sk,SUP_avg,SUP_sd,SUP_r1,SUP_kr,SUP_sk,INC_avg,INC_sd,INC_r1,INC_kr,INC_sk,IND_avg,IND_sd,IND_r1,IND_kr,IND_sk
218,0.2550000000,0.0991211380,0.0854926937,3.0088961405,0.2541419540,0.3115000000,0.1019448380,0.2220327796,3.0197794131,0.2181991879,0.4335000000,0.1144672442,-0.0241772393,2.5590367948,-0.0921245917,0.4335000000,0.1144672442,-0.0241772393,2.5590367948,-0.0921245917
