Instance,INF_avg,INF_sd,INF_r1,INF_kr,INF_sk,SUP_avg,SUP_sd,SUP_r1,SUP_kr,SUP_sk,INC_avg,INC_sd,INC_r1,INC_kr,INC_sk,IND_avg,IND_sd,IND_r1,IND_kr,IND_sk
139,0.2806000000,0.0664803730,0.0693366078,3.2285586371,0.0815617990,0.2690000000,0.0744244583,0.2443194848,3.6364009920,0.3567801370,0.4504000000,0.0697125527,0.1455629678,3.1022168882,0.3590645031,0.4504000000,0.0697125527,0.1455629678,3.1022168882,0.3590645031
