Instance,INF_avg,INF_sd,INF_r1,INF_kr,INF_sk,SUP_avg,SUP_sd,SUP_r1,SUP_kr,SUP_sk,INC_avg,INC_sd,INC_r1,INC_kr,INC_sk,IND_avg,IND_sd,IND_r1,IND_kr,IND_sk
280,0.4300446429,0.1327028359,0.9311859556,1.8285557370,-0.0190672323,0.1183928571,0.0985162566,0.9501561513,2.2029032743,0.6650979461,0.4515625000,0.0536316440,0.5793876954,2.2876655868,-0.3078646900,0.4515625000,0.0536316440,0.5793876954,2.2876655868,-0.3078646900
