Instance,INF_avg,INF_sd,INF_r1,INF_kr,INF_sk,SUP_avg,SUP_sd,SUP_r1,SUP_kr,SUP_sk,INC_avg,INC_sd,INC_r1,INC_kr,INC_sk,IND_avg,IND_sd,IND_r1,IND_kr,IND_sk
18,0.2438000000,0.0366682424,0.0645978300,2.2687215704,0.1523679497,0.2756000000,0.0324752213,-0.1669338273,2.7967219413,0.1727442176,0.4806000000,0.0351089732,-0.2882826418,2.4352116335,-0.1348061351,0.4806000000,0.0351089732,-0.2882826418,2.4352116335,-0.1348061351
