Instance,INF_avg,INF_sd,INF_r1,INF_kr,INF_sk,SUP_avg,SUP_sd,SUP_r1,SUP_kr,SUP_sk,INC_avg,INC_sd,INC_r1,INC_kr,INC_sk,IND_avg,IND_sd,IND_r1,IND_kr,IND_sk
155,0.2400000000,0.0260768096,0.2424242424,2.2231833910,0.0000000000,0.2400000000,0.0240831892,-0.3217391304,1.4521403092,0.2792046305,0.5200000000,0.0200000000,0.1549295775,1.6281250000,-0.2812500000,0.5200000000,0.0200000000,0.1549295775,1.6281250000,-0.2812500000
