Instance,INF_avg,INF_sd,INF_r1,INF_kr,INF_sk,SUP_avg,SUP_sd,SUP_r1,SUP_kr,SUP_sk,INC_avg,INC_sd,INC_r1,INC_kr,INC_sk,IND_avg,IND_sd,IND_r1,IND_kr,IND_sk
380,0.4093478261,0.0931625297,0.8746102911,1.9437468943,-0.0486159454,0.1068394649,0.0680691242,0.8867801261,2.2271879539,0.5617820975,0.4838127090,0.0424166904,0.3849760474,2.6533401912,-0.2989171044,0.4838127090,0.0424166904,0.3849760474,2.6533401912,-0.2989171044
