Instance,INF_avg,INF_sd,INF_r1,INF_kr,INF_sk,SUP_avg,SUP_sd,SUP_r1,SUP_kr,SUP_sk,INC_avg,INC_sd,INC_r1,INC_kr,INC_sk,IND_avg,IND_sd,IND_r1,IND_kr,IND_sk
205,0.2470000000,0.0360693776,0.0653723907,2.0500088326,0.7759194917,0.2630000000,0.0408778669,0.1567248524,1.8790380200,0.4052883925,0.4900000000,0.0415932687,0.3021032505,1.7645928698,0.5315722300,0.4900000000,0.0415932687,0.3021032505,1.7645928698,0.5315722300
