Instance,INF_avg,INF_sd,INF_r1,INF_kr,INF_sk,SUP_avg,SUP_sd,SUP_r1,SUP_kr,SUP_sk,INC_avg,INC_sd,INC_r1,INC_kr,INC_sk,IND_avg,IND_sd,IND_r1,IND_kr,IND_sk
155,0.2140000000,0.0600333241,-0.0465850271,2.6216979284,0.6225177378,0.2580000000,0.0701141926,0.3096463837,2.4662843501,-0.5712406203,0.5280000000,0.1000799680,0.1891158922,1.6370535578,0.2608776433,0.5280000000,0.1000799680,0.1891158922,1.6370535578,0.2608776433
