Instance,INF_avg,INF_sd,INF_r1,INF_kr,INF_sk,SUP_avg,SUP_sd,SUP_r1,SUP_kr,SUP_sk,INC_avg,INC_sd,INC_r1,INC_kr,INC_sk,IND_avg,IND_sd,IND_r1,IND_kr,IND_sk
276,0.3200000000,0.1326649916,0.0660592255,2.2169421488,-0.3700366502,0.1800000000,0.1326649916,-0.5760869565,3.8440082645,1.1409463380,0.5000000000,0.1612451550,-0.0588235294,2.6923076923,-0.1431170014,0.5000000000,0.1612451550,-0.0588235294,2.6923076923,-0.1431170014
