Instance,INF_avg,INF_sd,INF_r1,INF_kr,INF_sk,SUP_avg,SUP_sd,SUP_r1,SUP_kr,SUP_sk,INC_avg,INC_sd,INC_r1,INC_kr,INC_sk,IND_avg,IND_sd,IND_r1,IND_kr,IND_sk
270,0.2650000000,0.0923309266,0.3707733020,2.2880522183,0.5088162102,0.2700000000,0.1053565375,-0.0148777896,1.6140735330,-0.0205223350,0.4650000000,0.1265898890,0.3589525591,3.1314589869,0.8813947456,0.4650000000,0.1265898890,0.3589525591,3.1314589869,0.8813947456
