Instance,INF_avg,INF_sd,INF_r1,INF_kr,INF_sk,SUP_avg,SUP_sd,SUP_r1,SUP_kr,SUP_sk,INC_avg,INC_sd,INC_r1,INC_kr,INC_sk,IND_avg,IND_sd,IND_r1,IND_kr,IND_sk
177,0.2640000000,0.0293938769,0.0520446097,2.8127572016,1.1642636432,0.2800000000,0.0357770876,0.2666666667,1.9531250000,-0.6288941187,0.4560000000,0.0611882342,0.2937608319,1.9775367083,-0.1877351037,0.4560000000,0.0611882342,0.2937608319,1.9775367083,-0.1877351037
