Instance,INF_avg,INF_sd,INF_r1,INF_kr,INF_sk,SUP_avg,SUP_sd,SUP_r1,SUP_kr,SUP_sk,INC_avg,INC_sd,INC_r1,INC_kr,INC_sk,IND_avg,IND_sd,IND_r1,IND_kr,IND_sk
79,0.2910000000,0.1259722192,-0.1171819053,2.5341273067,0.4585630962,0.2720000000,0.1082404730,-0.0085194251,3.9167113201,0.8209595010,0.4370000000,0.1352072483,-0.0402339035,1.8967898711,-0.1607558316,0.4370000000,0.1352072483,-0.0402339035,1.8967898711,-0.1607558316
