Instance,INF_avg,INF_sd,INF_r1,INF_kr,INF_sk,SUP_avg,SUP_sd,SUP_r1,SUP_kr,SUP_sk,INC_avg,INC_sd,INC_r1,INC_kr,INC_sk,IND_avg,IND_sd,IND_r1,IND_kr,IND_sk
160,0.2700000000,0.1486606875,-0.3277804998,2.1206977744,-0.3908198495,0.2600000000,0.1019803903,0.3877551020,1.9556213018,-0.2715454179,0.4700000000,0.1552417470,-0.0537276135,1.8363492364,-0.2950825376,0.4700000000,0.1552417470,-0.0537276135,1.8363492364,-0.2950825376
