Instance,INF_avg,INF_sd,INF_r1,INF_kr,INF_sk,SUP_avg,SUP_sd,SUP_r1,SUP_kr,SUP_sk,INC_avg,INC_sd,INC_r1,INC_kr,INC_sk,IND_avg,IND_sd,IND_r1,IND_kr,IND_sk
100,0.2020000000,0.0902551938,0.1899051800,2.8009052084,0.5217712001,0.2805000000,0.1017091441,0.0372937408,2.7109136842,0.0796771357,0.5175000000,0.1096300597,0.0186903727,2.2784009644,0.1194628909,0.5175000000,0.1096300597,0.0186903727,2.2784009644,0.1194628909
