Instance,INF_avg,INF_sd,INF_r1,INF_kr,INF_sk,SUP_avg,SUP_sd,SUP_r1,SUP_kr,SUP_sk,INC_avg,INC_sd,INC_r1,INC_kr,INC_sk,IND_avg,IND_sd,IND_r1,IND_kr,IND_sk
278,0.2610000000,0.1434538253,-0.0168039549,2.5557412982,0.2767697440,0.3010000000,0.1565215640,0.2696822036,2.5816468057,0.2181445901,0.4380000000,0.1592356744,0.3069882044,2.1178459625,-0.0706997798,0.4380000000,0.1592356744,0.3069882044,2.1178459625,-0.0706997798
