Instance,INF_avg,INF_sd,INF_r1,INF_kr,INF_sk,SUP_avg,SUP_sd,SUP_r1,SUP_kr,SUP_sk,INC_avg,INC_sd,INC_r1,INC_kr,INC_sk,IND_avg,IND_sd,IND_r1,IND_kr,IND_sk
337,0.2310000000,0.0893812061,-0.0822445014,2.2361473180,0.2446999137,0.2330000000,0.1017889974,0.1215004614,2.8790928068,0.5507341953,0.5360000000,0.1091054536,-0.0528637625,2.3019925533,0.0136372947,0.5360000000,0.1091054536,-0.0528637625,2.3019925533,0.0136372947
