Instance,INF_avg,INF_sd,INF_r1,INF_kr,INF_sk,SUP_avg,SUP_sd,SUP_r1,SUP_kr,SUP_sk,INC_avg,INC_sd,INC_r1,INC_kr,INC_sk,IND_avg,IND_sd,IND_r1,IND_kr,IND_sk
371,0.2540000000,0.1169786305,0.0030459642,3.1949719740,0.4752365159,0.2600000000,0.1086278049,0.0023793338,2.4099396725,0.2457466141,0.4860000000,0.1374918179,0.0688671729,3.4948849961,0.4084850467,0.4860000000,0.1374918179,0.0688671729,3.4948849961,0.4084850467
