Instance,INF_avg,INF_sd,INF_r1,INF_kr,INF_sk,SUP_avg,SUP_sd,SUP_r1,SUP_kr,SUP_sk,INC_avg,INC_sd,INC_r1,INC_kr,INC_sk,IND_avg,IND_sd,IND_r1,IND_kr,IND_sk
392,0.2736000000,0.0455086805,0.0127174848,3.4586451660,0.7718395997,0.2124000000,0.0463275296,0.3480105780,1.9306377162,0.3803002020,0.5140000000,0.0497995984,0.5679711273,2.4009573361,0.0921111198,0.5140000000,0.0497995984,0.5679711273,2.4009573361,0.0921111198
