Instance,INF_avg,INF_sd,INF_r1,INF_kr,INF_sk,SUP_avg,SUP_sd,SUP_r1,SUP_kr,SUP_sk,INC_avg,INC_sd,INC_r1,INC_kr,INC_sk,IND_avg,IND_sd,IND_r1,IND_kr,IND_sk
448,0.2505000000,0.0898596127,-0.0836312797,3.9796134115,0.4811751397,0.2525000000,0.1023169096,0.0475903578,2.9683699710,0.1845889133,0.4970000000,0.1250639836,0.0131546959,2.5066941163,-0.0123734375,0.4970000000,0.1250639836,0.0131546959,2.5066941163,-0.0123734375
