Instance,INF_avg,INF_sd,INF_r1,INF_kr,INF_sk,SUP_avg,SUP_sd,SUP_r1,SUP_kr,SUP_sk,INC_avg,INC_sd,INC_r1,INC_kr,INC_sk,IND_avg,IND_sd,IND_r1,IND_kr,IND_sk
318,0.2410000000,0.0528109837,0.2136493031,3.2640828507,0.1434722240,0.2750000000,0.0272946881,0.1380471380,2.3577766767,0.4130901856,0.4840000000,0.0447660586,-0.0480887793,2.9778646300,0.5449487929,0.4840000000,0.0447660586,-0.0480887793,2.9778646300,0.5449487929
