Instance,INF_avg,INF_sd,INF_r1,INF_kr,INF_sk,SUP_avg,SUP_sd,SUP_r1,SUP_kr,SUP_sk,INC_avg,INC_sd,INC_r1,INC_kr,INC_sk,IND_avg,IND_sd,IND_r1,IND_kr,IND_sk
169,0.2530000000,0.0143527001,-0.5113871636,1.4902912621,0.5053005453,0.2790000000,0.0152970585,-0.1655112652,2.1747753671,0.5665577237,0.4680000000,0.0237907545,-0.6753536858,1.9886688559,-0.3301754752,0.4680000000,0.0237907545,-0.6753536858,1.9886688559,-0.3301754752
