Instance,INF_avg,INF_sd,INF_r1,INF_kr,INF_sk,SUP_avg,SUP_sd,SUP_r1,SUP_kr,SUP_sk,INC_avg,INC_sd,INC_r1,INC_kr,INC_sk,IND_avg,IND_sd,IND_r1,IND_kr,IND_sk
55,0.2840000000,0.0392937654,-0.3126796551,1.7783161964,-0.1811781312,0.2460000000,0.0310483494,0.0707587383,1.5109416160,0.2148970654,0.4700000000,0.0553172667,-0.2451361868,2.6509034987,0.0035446153,0.4700000000,0.0553172667,-0.2451361868,2.6509034987,0.0035446153
