Instance,INF_avg,INF_sd,INF_r1,INF_kr,INF_sk,SUP_avg,SUP_sd,SUP_r1,SUP_kr,SUP_sk,INC_avg,INC_sd,INC_r1,INC_kr,INC_sk,IND_avg,IND_sd,IND_r1,IND_kr,IND_sk
123,0.2192000000,0.0412717821,-0.2067005244,3.2959515470,-0.6155190812,0.2360000000,0.0297993289,0.1186319062,3.7863403944,-0.0000000000,0.5448000000,0.0443729647,0.0189441590,2.1004906733,0.3582109205,0.5448000000,0.0443729647,0.0189441590,2.1004906733,0.3582109205
