Instance,INF_avg,INF_sd,INF_r1,INF_kr,INF_sk,SUP_avg,SUP_sd,SUP_r1,SUP_kr,SUP_sk,INC_avg,INC_sd,INC_r1,INC_kr,INC_sk,IND_avg,IND_sd,IND_r1,IND_kr,IND_sk
201,0.2560000000,0.1498799520,-0.1535492724,2.4369992938,0.4901928811,0.2800000000,0.1385640646,0.1936978684,4.2343750000,0.9923207752,0.4640000000,0.1438888460,-0.4226262771,2.1502416336,0.0009022936,0.4640000000,0.1438888460,-0.4226262771,2.1502416336,0.0009022936
