Instance,INF_avg,INF_sd,INF_r1,INF_kr,INF_sk,SUP_avg,SUP_sd,SUP_r1,SUP_kr,SUP_sk,INC_avg,INC_sd,INC_r1,INC_kr,INC_sk,IND_avg,IND_sd,IND_r1,IND_kr,IND_sk
439,0.3532894737,0.1165105389,0.2494038193,2.9145178595,0.0140702750,0.1776315789,0.1080310436,0.4368729647,3.5877437203,0.9457371740,0.4690789474,0.1224656518,0.0751714537,3.1834313400,0.2532876814,0.4690789474,0.1224656518,0.0751714537,3.1834313400,0.2532876814
