Instance,INF_avg,INF_sd,INF_r1,INF_kr,INF_sk,SUP_avg,SUP_sd,SUP_r1,SUP_kr,SUP_sk,INC_avg,INC_sd,INC_r1,INC_kr,INC_sk,IND_avg,IND_sd,IND_r1,IND_kr,IND_sk
279,0.2140000000,0.1385784976,-0.2068699714,2.1958600064,0.0641380045,0.2840000000,0.1527874340,0.0812519935,4.3772209176,0.7414782146,0.5020000000,0.1618517840,0.0378606676,2.8418279145,0.4487911890,0.5020000000,0.1618517840,0.0378606676,2.8418279145,0.4487911890
