Instance,INF_avg,INF_sd,INF_r1,INF_kr,INF_sk,SUP_avg,SUP_sd,SUP_r1,SUP_kr,SUP_sk,INC_avg,INC_sd,INC_r1,INC_kr,INC_sk,IND_avg,IND_sd,IND_r1,IND_kr,IND_sk
482,0.2812000000,0.0518995183,0.5306829001,2.9545304244,0.0025677411,0.2069500000,0.0416466985,0.4829602480,2.9412013044,-0.2119525455,0.5118500000,0.0580200612,0.5329147632,2.4217142758,0.2615489047,0.5118500000,0.0580200612,0.5329147632,2.4217142758,0.2615489047
