Instance,INF_avg,INF_sd,INF_r1,INF_kr,INF_sk,SUP_avg,SUP_sd,SUP_r1,SUP_kr,SUP_sk,INC_avg,INC_sd,INC_r1,INC_kr,INC_sk,IND_avg,IND_sd,IND_r1,IND_kr,IND_sk
0,0.2536000000,0.0714915380,0.0673796349,2.6760793635,0.1624377226,0.2382000000,0.0656106699,0.0491653520,3.0752189933,-0.0408884652,0.5082000000,0.0781329636,-0.1249265078,3.8892537265,-0.3020830234,0.5082000000,0.0781329636,-0.1249265078,3.8892537265,-0.3020830234
