Instance,INF_avg,INF_sd,INF_r1,INF_kr,INF_sk,SUP_avg,SUP_sd,SUP_r1,SUP_kr,SUP_sk,INC_avg,INC_sd,INC_r1,INC_kr,INC_sk,IND_avg,IND_sd,IND_r1,IND_kr,IND_sk
282,0.3070000000,0.0245153013,-0.2863239179,2.0434522607,0.3485887019,0.1990000000,0.0266270539,0.1869013143,2.7461889349,0.2345515242,0.4940000000,0.0392937654,-0.3167938931,2.6642460200,-0.7745562901,0.4940000000,0.0392937654,-0.3167938931,2.6642460200,-0.7745562901
