Instance,INF_avg,INF_sd,INF_r1,INF_kr,INF_sk,SUP_avg,SUP_sd,SUP_r1,SUP_kr,SUP_sk,INC_avg,INC_sd,INC_r1,INC_kr,INC_sk,IND_avg,IND_sd,IND_r1,IND_kr,IND_sk
369,0.2620000000,0.0515363949,-0.4229249012,1.5489185658,0.0252482701,0.2260000000,0.0492341345,0.0758579169,2.1698362906,-0.0406222232,0.5120000000,0.0318747549,-0.2411347518,1.9437348875,-0.4046348854,0.5120000000,0.0318747549,-0.2411347518,1.9437348875,-0.4046348854
