Instance,INF_avg,INF_sd,INF_r1,INF_kr,INF_sk,SUP_avg,SUP_sd,SUP_r1,SUP_kr,SUP_sk,INC_avg,INC_sd,INC_r1,INC_kr,INC_sk,IND_avg,IND_sd,IND_r1,IND_kr,IND_sk
62,0.1960000000,0.0463033476,-0.5214067278,1.3968589886,0.2436882574,0.2800000000,0.0987927123,-0.3471074380,2.1936307444,0.2787754579,0.5240000000,0.0598665182,-0.2175168431,2.3671077806,-0.5959687069,0.5240000000,0.0598665182,-0.2175168431,2.3671077806,-0.5959687069
