Instance,INF_avg,INF_sd,INF_r1,INF_kr,INF_sk,SUP_avg,SUP_sd,SUP_r1,SUP_kr,SUP_sk,INC_avg,INC_sd,INC_r1,INC_kr,INC_sk,IND_avg,IND_sd,IND_r1,IND_kr,IND_sk
358,0.2644000000,0.0513092584,-0.1484445106,4.4361195395,0.5271290890,0.2278000000,0.0411480255,0.0512105833,2.6295102109,0.1436124099,0.5078000000,0.0551104346,-0.1300423113,2.9922716219,-0.0069548423,0.5078000000,0.0551104346,-0.1300423113,2.9922716219,-0.0069548423
