Instance,INF_avg,INF_sd,INF_r1,INF_kr,INF_sk,SUP_avg,SUP_sd,SUP_r1,SUP_kr,SUP_sk,INC_avg,INC_sd,INC_r1,INC_kr,INC_sk,IND_avg,IND_sd,IND_r1,IND_kr,IND_sk
132,0.2470000000,0.0340734501,0.1388659131,1.4163567449,0.4695738167,0.2520000000,0.0399499687,0.3054823405,2.5882186670,-0.4765358922,0.5010000000,0.0393573373,0.0819291110,2.4909121068,0.3978051790,0.5010000000,0.0393573373,0.0819291110,2.4909121068,0.3978051790
