Instance,INF_avg,INF_sd,INF_r1,INF_kr,INF_sk,SUP_avg,SUP_sd,SUP_r1,SUP_kr,SUP_sk,INC_avg,INC_sd,INC_r1,INC_kr,INC_sk,IND_avg,IND_sd,IND_r1,IND_kr,IND_sk
454,0.2440000000,0.0611882342,-0.1105032823,2.8322375630,1.1096485595,0.2440000000,0.0649923072,-0.3823987539,1.3517561983,0.1356803935,0.5120000000,0.0722218803,-0.6404886562,1.1867401859,0.3761414691,0.5120000000,0.0722218803,-0.6404886562,1.1867401859,0.3761414691
