Instance,INF_avg,INF_sd,INF_r1,INF_kr,INF_sk,SUP_avg,SUP_sd,SUP_r1,SUP_kr,SUP_sk,INC_avg,INC_sd,INC_r1,INC_kr,INC_sk,IND_avg,IND_sd,IND_r1,IND_kr,IND_sk
323,0.3676691729,0.0891133199,0.7650542222,2.6526181576,0.1993422126,0.1172180451,0.0732731360,0.7976025731,2.1447474556,0.3690861923,0.5151127820,0.0516730110,0.1073714336,2.8046576513,-0.1512117576,0.5151127820,0.0516730110,0.1073714336,2.8046576513,-0.1512117576
