Instance,INF_avg,INF_sd,INF_r1,INF_kr,INF_sk,SUP_avg,SUP_sd,SUP_r1,SUP_kr,SUP_sk,INC_avg,INC_sd,INC_r1,INC_kr,INC_sk,IND_avg,IND_sd,IND_r1,IND_kr,IND_sk
422,0.2585000000,0.0948828225,-0.0094670340,3.1019109168,0.5895130161,0.2445000000,0.0836346220,-0.2313104980,2.9157452903,-0.1464440526,0.4970000000,0.1069626103,-0.0890249680,2.3230040615,0.0044910795,0.4970000000,0.1069626103,-0.0890249680,2.3230040615,0.0044910795
