Instance,INF_avg,INF_sd,INF_r1,INF_kr,INF_sk,SUP_avg,SUP_sd,SUP_r1,SUP_kr,SUP_sk,INC_avg,INC_sd,INC_r1,INC_kr,INC_sk,IND_avg,IND_sd,IND_r1,IND_kr,IND_sk
102,0.1920000000,0.1016661202,-0.3277349069,2.4065743945,0.3888159761,0.3240000000,0.1141227409,-0.2969633298,1.9445665232,0.0056837808,0.4840000000,0.1665653025,-0.3005044381,2.6959227819,0.0466996823,0.4840000000,0.1665653025,-0.3005044381,2.6959227819,0.0466996823
