Instance,INF_avg,INF_sd,INF_r1,INF_kr,INF_sk,SUP_avg,SUP_sd,SUP_r1,SUP_kr,SUP_sk,INC_avg,INC_sd,INC_r1,INC_kr,INC_sk,IND_avg,IND_sd,IND_r1,IND_kr,IND_sk
428,0.2480000000,0.0386781592,-0.3162118780,2.6432125597,1.0228381633,0.2620000000,0.0278567766,-0.3953488372,2.6687745775,-1.0391889224,0.4900000000,0.0558569602,-0.2312925170,2.2066074951,0.2203430382,0.4900000000,0.0558569602,-0.2312925170,2.2066074951,0.2203430382
