Instance,INF_avg,INF_sd,INF_r1,INF_kr,INF_sk,SUP_avg,SUP_sd,SUP_r1,SUP_kr,SUP_sk,INC_avg,INC_sd,INC_r1,INC_kr,INC_sk,IND_avg,IND_sd,IND_r1,IND_kr,IND_sk
369,0.2080000000,0.0844748483,0.2720322969,6.5855474170,1.2909884536,0.3200000000,0.1157583690,0.1887648290,2.2095121408,-0.1817991761,0.4720000000,0.1132077736,-0.0002664839,2.0790912109,0.0885647417,0.4720000000,0.1132077736,-0.0002664839,2.0790912109,0.0885647417
