Instance,INF_avg,INF_sd,INF_r1,INF_kr,INF_sk,SUP_avg,SUP_sd,SUP_r1,SUP_kr,SUP_sk,INC_avg,INC_sd,INC_r1,INC_kr,INC_sk,IND_avg,IND_sd,IND_r1,IND_kr,IND_sk
492,0.2500000000,0.0921954446,-0.1176470588,2.7854671280,0.7656369099,0.3150000000,0.0743303437,0.2555960437,2.0224196884,0.2081937516,0.4350000000,0.0838152731,-0.4240380801,2.0366636694,0.4789383520,0.4350000000,0.0838152731,-0.4240380801,2.0366636694,0.4789383520
