Instance,INF_avg,INF_sd,INF_r1,INF_kr,INF_sk,SUP_avg,SUP_sd,SUP_r1,SUP_kr,SUP_sk,INC_avg,INC_sd,INC_r1,INC_kr,INC_sk,IND_avg,IND_sd,IND_r1,IND_kr,IND_sk
494,0.2350000000,0.0173205081,-0.7954545455,1.4500000000,-0.2886751346,0.2390000000,0.0106770783,-0.1732851986,3.1057248384,1.3703729243,0.5260000000,0.0226715681,-0.4866032844,1.5169116868,0.3974878629,0.5260000000,0.0226715681,-0.4866032844,1.5169116868,0.3974878629
