Instance,INF_avg,INF_sd,INF_r1,INF_kr,INF_sk,SUP_avg,SUP_sd,SUP_r1,SUP_kr,SUP_sk,INC_avg,INC_sd,INC_r1,INC_kr,INC_sk,IND_avg,IND_sd,IND_r1,IND_kr,IND_sk
256,0.2600000000,0.1854723699,-0.3661202186,2.4826933478,0.9704949588,0.3000000000,0.2280350850,0.0000000000,2.5000000000,0.6071940134,0.4400000000,0.1496662955,0.4117647059,1.8469387755,-0.3436215967,0.4400000000,0.1496662955,0.4117647059,1.8469387755,-0.3436215967
