Instance,INF_avg,INF_sd,INF_r1,INF_kr,INF_sk,SUP_avg,SUP_sd,SUP_r1,SUP_kr,SUP_sk,INC_avg,INC_sd,INC_r1,INC_kr,INC_sk,IND_avg,IND_sd,IND_r1,IND_kr,IND_sk
265,0.2560000000,0.0793977330,-0.8226473630,1.7885155505,0.2439686582,0.2040000000,0.0585149554,-0.1318989710,2.3312516377,-0.7723882110,0.5400000000,0.0551361950,-0.4864864865,1.8351800554,0.0572744408,0.5400000000,0.0551361950,-0.4864864865,1.8351800554,0.0572744408
