Instance,INF_avg,INF_sd,INF_r1,INF_kr,INF_sk,SUP_avg,SUP_sd,SUP_r1,SUP_kr,SUP_sk,INC_avg,INC_sd,INC_r1,INC_kr,INC_sk,IND_avg,IND_sd,IND_r1,IND_kr,IND_sk
209,0.2364000000,0.0448000000,-0.2811374550,2.4568600923,-0.0693686794,0.2300000000,0.0369864840,-0.3153153153,2.4994870216,0.4079252110,0.5336000000,0.0535820866,-0.3193421014,2.3872260909,0.0672540296,0.5336000000,0.0535820866,-0.3193421014,2.3872260909,0.0672540296
