Instance,INF_avg,INF_sd,INF_r1,INF_kr,INF_sk,SUP_avg,SUP_sd,SUP_r1,SUP_kr,SUP_sk,INC_avg,INC_sd,INC_r1,INC_kr,INC_sk,IND_avg,IND_sd,IND_r1,IND_kr,IND_sk
441,0.2720000000,0.1249639948,0.0462404008,2.7738175222,0.0480138300,0.2120000000,0.1531535178,0.4407731018,3.1948737086,0.7999891075,0.5160000000,0.1781684596,0.0253081482,3.4121845734,0.2673710986,0.5160000000,0.1781684596,0.0253081482,3.4121845734,0.2673710986
