Instance,INF_avg,INF_sd,INF_r1,INF_kr,INF_sk,SUP_avg,SUP_sd,SUP_r1,SUP_kr,SUP_sk,INC_avg,INC_sd,INC_r1,INC_kr,INC_sk,IND_avg,IND_sd,IND_r1,IND_kr,IND_sk
258,0.2352000000,0.0290681957,0.1001693718,2.2314941923,-0.3954155398,0.2728000000,0.0321583582,-0.1268103637,3.2622982712,0.3193655432,0.4920000000,0.0375499667,0.1250897930,3.3545888034,-0.3363461633,0.4920000000,0.0375499667,0.1250897930,3.3545888034,-0.3363461633
