Instance,INF_avg,INF_sd,INF_r1,INF_kr,INF_sk,SUP_avg,SUP_sd,SUP_r1,SUP_kr,SUP_sk,INC_avg,INC_sd,INC_r1,INC_kr,INC_sk,IND_avg,IND_sd,IND_r1,IND_kr,IND_sk
12,0.3040000000,0.1119553482,0.2049478442,2.7044933520,0.3916113680,0.2510000000,0.1144508628,0.0743942854,2.8317276699,0.2155841493,0.4450000000,0.1098863049,0.1209863218,3.0699304296,0.0254356633,0.4450000000,0.1098863049,0.1209863218,3.0699304296,0.0254356633
