Instance,INF_avg,INF_sd,INF_r1,INF_kr,INF_sk,SUP_avg,SUP_sd,SUP_r1,SUP_kr,SUP_sk,INC_avg,INC_sd,INC_r1,INC_kr,INC_sk,IND_avg,IND_sd,IND_r1,IND_kr,IND_sk
459,0.2436000000,0.0270007407,-0.1119927305,2.1519877613,0.2103018496,0.2326000000,0.0297025251,0.0155836991,2.7383886668,-0.2939942682,0.5238000000,0.0381649053,-0.2166919823,3.8499508947,0.7835178218,0.5238000000,0.0381649053,-0.2166919823,3.8499508947,0.7835178218
