Instance,INF_avg,INF_sd,INF_r1,INF_kr,INF_sk,SUP_avg,SUP_sd,SUP_r1,SUP_kr,SUP_sk,INC_avg,INC_sd,INC_r1,INC_kr,INC_sk,IND_avg,IND_sd,IND_r1,IND_kr,IND_sk
123,0.2602000000,0.0482903717,-0.0431628176,3.4404028799,-0.1864750679,0.2498000000,0.0574452783,-0.0960070846,3.6773350602,0.5749941427,0.4900000000,0.0606959636,-0.1235405919,3.0772209785,-0.4164506411,0.4900000000,0.0606959636,-0.1235405919,3.0772209785,-0.4164506411
