Instance,INF_avg,INF_sd,INF_r1,INF_kr,INF_sk,SUP_avg,SUP_sd,SUP_r1,SUP_kr,SUP_sk,INC_avg,INC_sd,INC_r1,INC_kr,INC_sk,IND_avg,IND_sd,IND_r1,IND_kr,IND_sk
455,0.2040000000,0.1033634365,0.0267184324,4.4464823939,0.8301177062,0.2870000000,0.1139341915,-0.0661884477,2.9669705881,0.4130928797,0.5090000000,0.1468638826,0.1474339415,2.2791221432,-0.3521765021,0.5090000000,0.1468638826,0.1474339415,2.2791221432,-0.3521765021
