Instance,INF_avg,INF_sd,INF_r1,INF_kr,INF_sk,SUP_avg,SUP_sd,SUP_r1,SUP_kr,SUP_sk,INC_avg,INC_sd,INC_r1,INC_kr,INC_sk,IND_avg,IND_sd,IND_r1,IND_kr,IND_sk
430,0.2668000000,0.0565487400,-0.0141460787,2.4956568517,-0.2286617060,0.2284000000,0.0488818985,0.1779478965,2.2711003008,0.5920650066,0.5048000000,0.0763738175,-0.0357143249,2.3966154859,-0.0891279804,0.5048000000,0.0763738175,-0.0357143249,2.3966154859,-0.0891279804
