Instance,INF_avg,INF_sd,INF_r1,INF_kr,INF_sk,SUP_avg,SUP_sd,SUP_r1,SUP_kr,SUP_sk,INC_avg,INC_sd,INC_r1,INC_kr,INC_sk,IND_avg,IND_sd,IND_r1,IND_kr,IND_sk
330,0.3120000000,0.1274990196,0.1197668465,2.3450888152,0.5852754592,0.2120000000,0.1107068200,0.0530797764,1.9829060120,0.1157527730,0.4760000000,0.1504127654,-0.1772951237,2.7386080596,-0.2930549664,0.4760000000,0.1504127654,-0.1772951237,2.7386080596,-0.2930549664
