Instance,INF_avg,INF_sd,INF_r1,INF_kr,INF_sk,SUP_avg,SUP_sd,SUP_r1,SUP_kr,SUP_sk,INC_avg,INC_sd,INC_r1,INC_kr,INC_sk,IND_avg,IND_sd,IND_r1,IND_kr,IND_sk
369,0.3443181818,0.1154122596,0.1352532302,2.0026859124,0.1163952397,0.2068181818,0.0850072919,-0.2941905209,2.5383499191,-0.1301429180,0.4488636364,0.1125573775,0.0219119122,2.6240021723,0.6737729216,0.4488636364,0.1125573775,0.0219119122,2.6240021723,0.6737729216
