Instance,INF_avg,INF_sd,INF_r1,INF_kr,INF_sk,SUP_avg,SUP_sd,SUP_r1,SUP_kr,SUP_sk,INC_avg,INC_sd,INC_r1,INC_kr,INC_sk,IND_avg,IND_sd,IND_r1,IND_kr,IND_sk
258,0.2750000000,0.0518169856,-0.2563380282,1.9033425923,-0.2048464420,0.2810000000,0.0326955654,-0.3859275053,1.8588462504,-0.3120890789,0.4440000000,0.0506359556,-0.1735576167,1.6806739664,-0.0680271112,0.4440000000,0.0506359556,-0.1735576167,1.6806739664,-0.0680271112
