Instance,INF_avg,INF_sd,INF_r1,INF_kr,INF_sk,SUP_avg,SUP_sd,SUP_r1,SUP_kr,SUP_sk,INC_avg,INC_sd,INC_r1,INC_kr,INC_sk,IND_avg,IND_sd,IND_r1,IND_kr,IND_sk
37,0.2000000000,0.0774596669,0.1666666667,5.0000000000,1.2909944487,0.1700000000,0.0900000000,-0.4011516315,2.2583447645,-0.1975308642,0.6300000000,0.1268857754,-0.3853141559,4.9356506308,-1.4567804776,0.6300000000,0.1268857754,-0.3853141559,4.9356506308,-1.4567804776
