Instance,INF_avg,INF_sd,INF_r1,INF_kr,INF_sk,SUP_avg,SUP_sd,SUP_r1,SUP_kr,SUP_sk,INC_avg,INC_sd,INC_r1,INC_kr,INC_sk,IND_avg,IND_sd,IND_r1,IND_kr,IND_sk
343,0.2510000000,0.0217715411,-0.7703473302,1.3589435454,-0.3825688729,0.2570000000,0.0097979590,-0.9371727749,2.4361979167,-0.5677202789,0.4920000000,0.0283901391,-1.0494972931,1.4402557740,0.1706984888,0.4920000000,0.0283901391,-1.0494972931,1.4402557740,0.1706984888
