Instance,INF_avg,INF_sd,INF_r1,INF_kr,INF_sk,SUP_avg,SUP_sd,SUP_r1,SUP_kr,SUP_sk,INC_avg,INC_sd,INC_r1,INC_kr,INC_sk,IND_avg,IND_sd,IND_r1,IND_kr,IND_sk
315,0.2561500000,0.0334727875,0.2662186846,2.9414266514,-0.2041323628,0.2469000000,0.0305923193,0.1146891876,3.1105032450,-0.0790726271,0.4969500000,0.0376954573,0.1634510326,3.2907484948,0.3027502526,0.4969500000,0.0376954573,0.1634510326,3.2907484948,0.3027502526
