Instance,INF_avg,INF_sd,INF_r1,INF_kr,INF_sk,SUP_avg,SUP_sd,SUP_r1,SUP_kr,SUP_sk,INC_avg,INC_sd,INC_r1,INC_kr,INC_sk,IND_avg,IND_sd,IND_r1,IND_kr,IND_sk
316,0.2020000000,0.0430813185,-0.1384075455,4.9427857461,-1.4650521751,0.2770000000,0.0471274867,-0.1581667634,1.8262046151,0.0679850000,0.5210000000,0.0667008246,0.0088203123,3.1082013323,0.7074999401,0.5210000000,0.0667008246,0.0088203123,3.1082013323,0.7074999401
