Instance,INF_avg,INF_sd,INF_r1,INF_kr,INF_sk,SUP_avg,SUP_sd,SUP_r1,SUP_kr,SUP_sk,INC_avg,INC_sd,INC_r1,INC_kr,INC_sk,IND_avg,IND_sd,IND_r1,IND_kr,IND_sk
274,0.2535000000,0.0376862044,0.3134450347,2.3572962878,0.5349392795,0.2330000000,0.0314006369,0.4783585137,3.0682722414,0.4174279999,0.5135000000,0.0357805813,0.2889114755,2.6570650481,0.9633014764,0.5135000000,0.0357805813,0.2889114755,2.6570650481,0.9633014764
