Instance,INF_avg,INF_sd,INF_r1,INF_kr,INF_sk,SUP_avg,SUP_sd,SUP_r1,SUP_kr,SUP_sk,INC_avg,INC_sd,INC_r1,INC_kr,INC_sk,IND_avg,IND_sd,IND_r1,IND_kr,IND_sk
228,0.3623000000,0.0901843113,0.3143028542,2.5762058275,0.1063155636,0.3096000000,0.0678516028,0.3534693703,2.8677866875,-0.4694004193,0.3281000000,0.0712172030,0.3027513643,4.3784060118,1.1182381625,0.3281000000,0.0712172030,0.3027513643,4.3784060118,1.1182381625
