Instance,INF_avg,INF_sd,INF_r1,INF_kr,INF_sk,SUP_avg,SUP_sd,SUP_r1,SUP_kr,SUP_sk,INC_avg,INC_sd,INC_r1,INC_kr,INC_sk,IND_avg,IND_sd,IND_r1,IND_kr,IND_sk
336,0.3025000000,0.1198697209,0.4112102413,2.8608987284,0.4200406228,0.2150000000,0.1073545528,0.5957129290,2.6940255316,0.0630424673,0.4825000000,0.1003431612,0.2549853954,2.7782447720,-0.2571250952,0.4825000000,0.1003431612,0.2549853954,2.7782447720,-0.2571250952
