Instance,INF_avg,INF_sd,INF_r1,INF_kr,INF_sk,SUP_avg,SUP_sd,SUP_r1,SUP_kr,SUP_sk,INC_avg,INC_sd,INC_r1,INC_kr,INC_sk,IND_avg,IND_sd,IND_r1,IND_kr,IND_sk
401,0.2329000000,0.0212153246,-0.0668438104,2.7323845946,0.0410866051,0.2825000000,0.0286749019,0.2095400341,3.4819645832,-0.2442961711,0.4846000000,0.0319192732,0.2874233811,2.7947336219,0.4667090070,0.4846000000,0.0319192732,0.2874233811,2.7947336219,0.4667090070
