Instance,INF_avg,INF_sd,INF_r1,INF_kr,INF_sk,SUP_avg,SUP_sd,SUP_r1,SUP_kr,SUP_sk,INC_avg,INC_sd,INC_r1,INC_kr,INC_sk,IND_avg,IND_sd,IND_r1,IND_kr,IND_sk
360,0.2620000000,0.0256124969,0.4467213115,2.6848602023,1.0627434041,0.2320000000,0.0299332591,-0.4464464464,1.5061383929,-0.0590599619,0.5060000000,0.0287054002,0.0592334495,1.4902912621,0.5053005453,0.5060000000,0.0287054002,0.0592334495,1.4902912621,0.5053005453
