Instance,INF_avg,INF_sd,INF_r1,INF_kr,INF_sk,SUP_avg,SUP_sd,SUP_r1,SUP_kr,SUP_sk,INC_avg,INC_sd,INC_r1,INC_kr,INC_sk,IND_avg,IND_sd,IND_r1,IND_kr,IND_sk
256,0.3080000000,0.1831283703,0.0686265023,5.2826567144,1.2105761623,0.2080000000,0.1230284520,-0.1666882920,2.1108148698,-0.0235082011,0.4840000000,0.1759090674,0.2200107585,2.9416135790,0.0237736819,0.4840000000,0.1759090674,0.2200107585,2.9416135790,0.0237736819
