Instance,INF_avg,INF_sd,INF_r1,INF_kr,INF_sk,SUP_avg,SUP_sd,SUP_r1,SUP_kr,SUP_sk,INC_avg,INC_sd,INC_r1,INC_kr,INC_sk,IND_avg,IND_sd,IND_r1,IND_kr,IND_sk
1,0.2240000000,0.0463033476,0.3882091212,2.4661394520,-0.9206000834,0.2980000000,0.0582752091,-0.2560566530,4.1399734462,-0.7256902768,0.4780000000,0.0712460525,-0.0074291779,2.1787766842,-0.0374289743,0.4780000000,0.0712460525,-0.0074291779,2.1787766842,-0.0374289743
