Instance,INF_avg,INF_sd,INF_r1,INF_kr,INF_sk,SUP_avg,SUP_sd,SUP_r1,SUP_kr,SUP_sk,INC_avg,INC_sd,INC_r1,INC_kr,INC_sk,IND_avg,IND_sd,IND_r1,IND_kr,IND_sk
473,0.2600000000,0.0916515139,-0.2500000000,2.6760204082,0.9702902619,0.2000000000,0.0774596669,-0.6666666667,2.2916666667,-0.4841229183,0.5400000000,0.1135781669,-0.3191990577,2.4353704705,0.3501328023,0.5400000000,0.1135781669,-0.3191990577,2.4353704705,0.3501328023
