Instance,INF_avg,INF_sd,INF_r1,INF_kr,INF_sk,SUP_avg,SUP_sd,SUP_r1,SUP_kr,SUP_sk,INC_avg,INC_sd,INC_r1,INC_kr,INC_sk,IND_avg,IND_sd,IND_r1,IND_kr,IND_sk
486,0.2610000000,0.0512347538,0.1567408197,3.1882671020,0.1027873723,0.2898000000,0.0433815629,0.1222736207,2.5674176582,0.0591504660,0.4492000000,0.0604264843,0.3331657236,2.5418051198,0.5195992332,0.4492000000,0.0604264843,0.3331657236,2.5418051198,0.5195992332
