Instance,INF_avg,INF_sd,INF_r1,INF_kr,INF_sk,SUP_avg,SUP_sd,SUP_r1,SUP_kr,SUP_sk,INC_avg,INC_sd,INC_r1,INC_kr,INC_sk,IND_avg,IND_sd,IND_r1,IND_kr,IND_sk
434,0.2390000000,0.1047807234,0.0268419953,2.2249721730,0.0183746771,0.2275000000,0.0822724134,0.0439919023,2.7098395500,0.2550475748,0.5335000000,0.1232994323,-0.0565999897,3.0496713847,0.1177804084,0.5335000000,0.1232994323,-0.0565999897,3.0496713847,0.1177804084
