Instance,INF_avg,INF_sd,INF_r1,INF_kr,INF_sk,SUP_avg,SUP_sd,SUP_r1,SUP_kr,SUP_sk,INC_avg,INC_sd,INC_r1,INC_kr,INC_sk,IND_avg,IND_sd,IND_r1,IND_kr,IND_sk
482,0.2280000000,0.0565685425,0.2544035228,2.4242000000,-0.0169705627,0.3456000000,0.0643788785,0.3684005660,2.6365766925,0.8333272224,0.4264000000,0.0719377509,0.0960363815,2.2459228334,0.4303663111,0.4264000000,0.0719377509,0.0960363815,2.2459228334,0.4303663111
