Instance_ID,total_area_km2,total_available_points,total_fixed_turbines,density,pareto_rw_INF_avg,pareto_rw_INF_sd,pareto_rw_INF_r1,pareto_rw_INF_kr,pareto_rw_INF_sk,pareto_rw_SUP_avg,pareto_rw_SUP_sd,pareto_rw_SUP_r1,pareto_rw_SUP_kr,pareto_rw_SUP_sk,pareto_rw_INC_avg,pareto_rw_INC_sd,pareto_rw_INC_r1,pareto_rw_INC_kr,pareto_rw_INC_sk,pareto_rw_IND_avg,pareto_rw_IND_sd,pareto_rw_IND_r1,pareto_rw_IND_kr,pareto_rw_IND_sk,pareto_aw_INF_avg,pareto_aw_INF_sd,pareto_aw_INF_r1,pareto_aw_INF_kr,pareto_aw_INF_sk,pareto_aw_SUP_avg,pareto_aw_SUP_sd,pareto_aw_SUP_r1,pareto_aw_SUP_kr,pareto_aw_SUP_sk,pareto_aw_INC_avg,pareto_aw_INC_sd,pareto_aw_INC_r1,pareto_aw_INC_kr,pareto_aw_INC_sk,pareto_aw_IND_avg,pareto_aw_IND_sd,pareto_aw_IND_r1,pareto_aw_IND_kr,pareto_aw_IND_sk,decomp_rw_FV_avg_avg,decomp_rw_FV_avg_sd,decomp_rw_FV_sd_avg,decomp_rw_FV_sd_sd,decomp_rw_FV_r1_avg,decomp_rw_FV_r1_sd,decomp_rw_FV_kr_avg,decomp_rw_FV_kr_sd,decomp_rw_FV_sk_avg,decomp_rw_FV_sk_sd,decomp_rw_FD_avg_avg,decomp_rw_FD_avg_sd,decomp_rw_FD_sd_avg,decomp_rw_FD_sd_sd,decomp_rw_FD_r1_avg,decomp_rw_FD_r1_sd,decomp_rw_FD_kr_avg,decomp_rw_FD_kr_sd,decomp_rw_FD_sk_avg,decomp_rw_FD_sk_sd,decomp_rw_IN_avg_avg,decomp_rw_IN_avg_sd,decomp_rw_IN_sd_avg,decomp_rw_IN_sd_sd,decomp_rw_IN_r1_avg,decomp_rw_IN_r1_sd,decomp_rw_IN_kr_avg,decomp_rw_IN_kr_sd,decomp_rw_IN_sk_avg,decomp_rw_IN_sk_sd,decomp_aw_FV_avg_avg,decomp_aw_FV_avg_sd,decomp_aw_FV_sd_avg,decomp_aw_FV_sd_sd,decomp_aw_FV_r1_avg,decomp_aw_FV_r1_sd,decomp_aw_FV_kr_avg,decomp_aw_FV_kr_sd,decomp_aw_FV_sk_avg,decomp_aw_FV_sk_sd,decomp_aw_FD_avg_avg,decomp_aw_FD_avg_sd,decomp_aw_FD_sd_avg,decomp_aw_FD_sd_sd,decomp_aw_FD_r1_avg,decomp_aw_FD_r1_sd,decomp_aw_FD_kr_avg,decomp_aw_FD_kr_sd,decomp_aw_FD_sk_avg,decomp_aw_FD_sk_sd,decomp_aw_IN_avg_avg,decomp_aw_IN_avg_sd,decomp_aw_IN_sd_avg,decomp_aw_IN_sd_sd,decomp_aw_IN_r1_avg,decomp_aw_IN_r1_sd,decomp_aw_IN_kr_avg,decomp_aw_IN_kr_sd,decomp_aw_IN_sk_avg,decomp_aw_IN_sk_sd,PC1,PC2,PC3,Cluster_Label
0,1137.9264919271588,42616,45,37.450573742972445,0.24985,0.033522045,0.0540344917,3.0891031634,0.1234264591,0.2452,0.0317641307,-0.0288211983,3.274583726,0.1347827203,0.50495,0.0387781833,-0.0190062325,2.8793803048,-0.0539023805,0.03605,0.0101315103,0.0151830055,2.6718203388,-0.0487966433,0.3928138528,0.0837699642,0.8381004295,2.0075817656,-0.0824295116,0.104047619,0.06048829,0.8931821852,2.5033419395,0.5888419314,0.5031385281,0.0412966025,0.3034503229,2.9468201928,-0.1739855196,0.0422510823,0.0105640568,0.036304113,3.0443023776,0.1919326639,0.4975422178,0.3019958969,0.0005830481,0.000504772,0.9552965579,0.0289811373,2.2541328127,0.4946260631,0.1417823898,0.3944961892,-1.1743e-06,6.0946e-06,1.03073e-05,6.1179e-06,-0.0020014892,0.0978527636,3.0419596921,0.3005873626,-0.1002714291,0.2489929075,0.4980175,0.0160893853,0.0361968631,0.0023132182,-0.0295615245,0.1115447867,2.9033107091,0.3820993487,-0.0454413631,0.2594824076,0.4474370107,0.3096638974,0.0253810159,0.0157808551,0.9954744111,0.0028993772,2.1460067119,0.2518058457,0.5686492176,0.1784599271,-0.0001307269,7.81922e-05,6.01179e-05,3.65385e-05,0.9705699688,0.0082139371,2.2864869819,0.2556800814,0.5935365635,0.1815590258,0.1788478904,0.0264397079,0.1423809369,0.0111574764,0.9616809204,0.0059466518,2.4681763128,0.185812125,0.7668310795,0.1713618229,-4.52964453278975,0.23300302216047356,2.085014816684597,0
1,200.47206009386755,7383,50,36.828074678052594,0.2588,0.0361671121,0.2164908402,2.6314425451,-0.3240257907,0.28685,0.0419860393,0.3453388949,3.2064366432,-0.1048958179,0.45435,0.0436557843,0.2044778278,2.8821748227,-0.0371045327,0.0311,0.0089044932,0.1648821179,3.0453045562,0.4312973452,0.515,0.1180922294,0.9208374823,1.8126343644,-0.0996437831,0.0791549296,0.0512724421,0.8043608005,2.774915128,0.7293117676,0.4058450704,0.0740621452,0.8473087562,1.8857602277,-0.1113035736,0.0449295775,0.0108281375,0.1535910764,2.6582625416,0.0680466367,0.4948734065,0.3003831445,0.0021165147,0.0013469739,0.9371692729,0.045535977,2.4621813379,0.6473937489,-0.1330232051,0.4660983225,-4.0137e-06,6.96799e-05,5.63966e-05,3.21059e-05,0.2138873627,0.1700415894,2.7095216433,0.3118555777,-0.049312354,0.1599719557,0.492745,0.0341051825,0.0399255887,0.0045358423,0.1365417926,0.154425879,2.769760337,0.2621450746,-0.0578506215,0.2090846843,0.4454114655,0.2700865449,0.0226329168,0.0139969681,0.9763974298,0.0073443647,2.3085488014,0.1806886151,0.6993611484,0.1205633037,-0.0007358768,0.0004516577,0.0003136687,0.0001924706,0.9522284527,0.0141493421,2.4477058066,0.2568228256,0.7412428335,0.1432089863,0.1569305595,0.0210257059,0.145417192,0.0123984704,0.9464615247,0.0131869244,2.5763548111,0.2904703463,0.8679926152,0.1527123545,0.13485778311065888,-2.6406366540932016,0.5935824771062788,0
2,411.3603277930127,15422,4,37.49024628296194,0.2484,0.0328243812,0.120394934,2.8908586124,0.2334371338,0.2555,0.030062435,-0.0074903099,2.7929250529,0.1860305433,0.4961,0.0365005479,0.1369504022,2.4480177651,-0.0490010604,0.03855,0.0102541455,0.1355815561,3.3494218611,0.3447329074,0.4366333333,0.1129741809,0.9240312315,1.9802847627,-0.2901731488,0.0844666667,0.0766140689,0.9052324356,3.4277693133,1.1439074258,0.4789,0.0545889794,0.6225956418,2.6039263487,-0.0356378709,0.0439333333,0.0123502587,0.189375801,3.5560204644,0.6198414057,0.4964549089,0.3014682124,0.0008929794,0.0005883154,0.9375273054,0.0461895729,2.5561904089,0.9354849399,0.1889464189,0.4950447416,2.844e-07,1.36817e-05,1.8146e-05,1.10746e-05,0.0197858835,0.1419833318,2.776609679,0.2581155668,0.0290154239,0.168730802,0.4980925,0.0197653059,0.0358715672,0.0026480732,0.0231154232,0.1261395374,2.8901407862,0.3569941908,-0.0468476448,0.2103256174,0.4483752396,0.2798123712,0.02394516,0.0139478869,0.9922268392,0.0044771604,1.9389831234,0.1138288343,0.408060441,0.1132710846,-0.0002873342,0.0001686083,0.0001419608,8.34852e-05,0.9730993578,0.0091309436,1.9782004658,0.0821990249,0.399186488,0.0934659144,0.1881486254,0.0330051255,0.1419751796,0.0108424262,0.9565012206,0.0121760752,2.1824870628,0.1440785183,0.6080473833,0.1397452057,-3.5915519347326392,-0.34251544107599424,2.7607116074761864,0
3,486.6234913378517,17930,55,36.845734575422725,0.24195,0.032248217,0.3067342076,2.8735887271,0.0749972657,0.2401,0.0385161005,0.2584103036,2.8080555925,-0.2596342731,0.51795,0.0353701498,0.1342577087,2.722294496,0.0529112121,0.0335,0.0099121138,-0.0286842173,3.269331624,0.2187161059,0.4706535948,0.1528965356,0.9524544992,1.7301572069,-0.0367239665,0.0826797386,0.0746013942,0.9173366419,3.2243659249,1.0750783898,0.4466666667,0.0923300417,0.8800010503,1.820676209,-0.3541038259,0.044379085,0.0103582915,0.1119611538,2.7273353665,0.0293485032,0.4907955464,0.2989845951,0.0014543387,0.0009968306,0.9358909979,0.049220383,2.300237797,0.4467327766,-0.0684105166,0.4071616794,4.4079e-06,2.11965e-05,3.05489e-05,1.90541e-05,0.1192991532,0.134340364,2.9986414394,0.5847355883,0.0129044514,0.1849756715,0.5011625,0.0174559007,0.0370965993,0.0029359744,0.082145229,0.1195508617,2.9851447547,0.5570704244,0.0289400144,0.2314767397,0.4398460501,0.2691483534,0.0276499895,0.0172260605,0.9885142108,0.0066312726,2.093826382,0.228058208,0.5391416746,0.1488998694,-0.0004440317,0.0002752721,0.0002145062,0.0001328471,0.9712535271,0.0083957041,2.1154688364,0.2140120617,0.5291106646,0.1498426761,0.1739721529,0.020499043,0.1477928098,0.00751178,0.9600742946,0.005835242,2.3225399706,0.2127012193,0.7393876969,0.144876599,-2.1864099897847704,-1.5352032833029554,3.0985889545288203,0
4,573.9872024678868,19981,28,34.81088065045821,0.2247,0.0328010671,-0.0722792474,2.7953847749,-0.0951844486,0.26525,0.0309949593,0.084612056,2.5100323789,0.3349362357,0.51005,0.0341137436,-0.1379212045,3.1685031646,0.0814031574,0.03785,0.0099059326,-0.0399538546,3.1242236146,0.2819940639,0.3862671233,0.0827084574,0.8394346359,2.0918958403,-0.1140225775,0.0892123288,0.0689269227,0.8716639172,2.8976887427,0.895585381,0.5245205479,0.040439913,0.2534606774,2.5509605945,0.063816984,0.0432191781,0.0126564149,0.3049919831,2.2252200468,0.0836794025,0.4980781903,0.3020286258,0.0005582589,0.0004246393,0.9298536055,0.0478300507,2.3400680536,0.396280922,0.1613838042,0.3265703609,5.956e-07,7.2346e-06,1.31846e-05,8.207e-06,0.1869631275,0.101754891,2.881506116,0.4035170007,-0.0006631038,0.2325745775,0.500315,0.0186377044,0.0378531229,0.0035676098,0.1749625293,0.0967094728,2.9228386069,0.4525729539,-0.1026446469,0.2393006945,0.4578103899,0.3049580966,0.0170596146,0.011300197,0.9927680494,0.0033258575,2.2520431703,0.2679785913,0.6736311958,0.2526742603,-0.0001289967,9.73382e-05,6.1932e-05,4.06364e-05,0.9163693681,0.1427322152,2.3113387166,0.4375067123,0.6170337837,0.2354145807,0.1984784862,0.1053635515,0.133395218,0.0322922566,0.8930289427,0.1943022291,2.3407325447,0.3838390831,0.6913135507,0.2483404928,-0.5675843626467315,8.265038774214537,-5.016356339548216,0
5,630.779563634264,22606,46,35.83819340904855,0.28065,0.030876002,0.0090719071,2.5108863912,0.0258022168,0.23725,0.0344192896,-0.1197749947,2.4198980008,-0.1964822731,0.4821,0.0305055733,0.0153028084,2.3327863844,0.1136220018,0.0365,0.00988686,-0.0476411327,3.8345968433,0.0923491868,0.4394137931,0.1120067785,0.9080310093,1.9501187328,-0.1746771427,0.0906206897,0.0753574991,0.928218569,2.8555307607,0.937386312,0.4699655172,0.0534160526,0.6084597201,2.7574438563,-0.1312561228,0.0405862069,0.011492178,0.1387870799,2.7618858988,0.2160283008,0.4960610641,0.3005285116,0.000418285,0.0002743725,0.9268602861,0.0438187968,2.5091737025,0.5759896485,0.1187652568,0.3967130686,-3.5646e-06,8.0497e-06,1.04081e-05,6.5167e-06,0.0511287682,0.0912183461,3.1388444323,0.4549897602,0.0060330636,0.2522415016,0.4945925,0.0178366426,0.0353951999,0.0021518472,0.0380629589,0.0839938588,2.9088553992,0.4346279906,-0.0513329183,0.2140979664,0.4591277825,0.3055930864,0.0184481792,0.0110579657,0.9943951936,0.002844015,2.0980335368,0.141890057,0.5405818193,0.1503731997,-0.0001242777,7.73537e-05,5.85761e-05,3.54789e-05,0.9692796062,0.0123553437,2.2616317749,0.1796556172,0.6160159211,0.1789269088,0.1879417996,0.0514797236,0.1408153742,0.0139226505,0.9564513984,0.0224928828,2.4651054118,0.2245257811,0.7661572883,0.2069562554,-4.070915188547868,0.6589268040198171,1.179813771333029,0
6,712.6845639773555,26720,72,37.49204255369418,0.24115,0.0301567157,0.1630939914,2.9389516141,-0.2465892542,0.2641,0.0263285017,-0.0519354112,2.5507769054,0.04793483,0.49475,0.0323834448,-0.1141938683,3.6176264131,-0.1658480528,0.0332,0.0094212526,0.1035578407,2.8248328937,0.2393311762,0.3875126904,0.0993297645,0.9056890306,2.0328585518,-0.0306235994,0.120177665,0.0862830539,0.9327903461,2.0368051177,0.5231381322,0.4923096447,0.038326285,0.2482906003,2.7174465271,-0.1407589691,0.0416497462,0.0129600778,0.286962402,2.534538691,0.049496871,0.5019591664,0.3047353459,0.0007403442,0.0007074965,0.9292363386,0.0569225912,2.5058058858,0.6856841888,0.0369558066,0.5062149183,7.866e-07,1.43936e-05,1.39978e-05,8.8809e-06,0.002469131,0.096116596,2.962868051,0.3965392145,-0.0298392503,0.2192797802,0.49903,0.0234151628,0.0360765219,0.0022358034,0.0292618736,0.1053873031,2.9738130622,0.5039373773,-0.0015309989,0.1893167255,0.4596429116,0.2952095411,0.0190646546,0.0117669395,0.9926931917,0.0034176315,2.1317865782,0.1757212459,0.597632586,0.1497217576,-0.0001742046,0.0001068508,8.15887e-05,5.04545e-05,0.9716289356,0.005318236,2.1615428386,0.1699963814,0.5943447049,0.1485632707,0.1741210835,0.0290420122,0.1454196281,0.0084658658,0.962666983,0.0069477686,2.3830840571,0.2426330286,0.7624203564,0.1810102102,-4.606268704392562,0.3747539262306106,2.7535537392645772,0
7,140.43028761379438,4880,12,34.750338284720854,0.22235,0.0360239851,0.0233054358,3.0260722575,-0.1634399686,0.32545,0.035623693,0.3417284984,2.6331170926,-0.0826079932,0.4522,0.0435736159,0.1611795453,3.3284618877,0.0544919046,0.03215,0.0098299288,0.114436737,3.6103161627,0.5901661309,0.3923404255,0.075567717,0.856846936,2.213172818,0.435880132,0.0762765957,0.0558442752,0.8018592221,3.2377805871,0.8268871317,0.5313829787,0.04209541,0.3988560438,2.4522207094,-0.3011459763,0.0453191489,0.0117330346,-0.0747819001,1.8144986024,0.1209057464,0.4992390594,0.3025776914,0.0019292995,0.0014658895,0.9398037499,0.0358198854,2.5876588736,0.8136443116,-0.0706088323,0.5420129333,-3.984e-07,4.07106e-05,4.82417e-05,3.06209e-05,0.2289670356,0.1686869799,3.0267158411,0.6175339643,0.0766224928,0.2898443416,0.502665,0.0255758827,0.0395684522,0.0038483227,0.1594185655,0.1474055014,3.0209572105,0.6037613352,0.070809178,0.2244173204,0.4550983286,0.2769537145,0.0210533015,0.0126040313,0.9802870196,0.0054016102,2.1707867764,0.1314100325,0.6063253285,0.1002829218,-0.0006041546,0.0003595039,0.0002675143,0.0001602684,0.9608155248,0.0078690932,2.2574541953,0.1410045382,0.6203672706,0.1098462952,0.1578918149,0.0187167862,0.1453050446,0.014164662,0.9475166447,0.0111778949,2.6099102936,0.2505814398,0.8735918447,0.1394520393,-1.6296169339276285,-1.6246984466567975,1.3972970179683324,0
8,501.3378369927656,18885,44,37.66920947614914,0.2514,0.0501202554,0.5672582392,2.6669344097,0.4819477252,0.31485,0.0653775764,0.7180656256,2.3787955405,-0.2574459478,0.43375,0.0384407011,0.2056306041,2.2971248081,-0.2153564913,0.034,0.0099247166,0.0281632234,2.6294416244,0.0168783348,0.4617663043,0.0975989172,0.877154252,2.3093326237,-0.212316934,0.0885054348,0.0743856722,0.9338242246,2.8269604557,0.9077887756,0.4497282609,0.0457210596,0.3002834191,2.667294621,-0.2549293758,0.0408967391,0.0100209124,0.124146613,3.3386158444,0.1946192182,0.4938709471,0.3000867742,0.0009344249,0.0006872054,0.9535241382,0.0304447386,2.2299589704,0.4763984213,-0.1773983119,0.4129186546,-1.0479e-06,1.54899e-05,2.07347e-05,1.28536e-05,0.2727149492,0.1773173454,2.8475320172,0.4103563011,-0.0391076766,0.2560786233,0.4923775,0.0251803022,0.0418836588,0.0053848398,0.2531183343,0.1523040974,2.9273775467,0.3504674967,-0.0906044515,0.2601253118,0.4572173739,0.2910347797,0.0208535143,0.0126230994,0.9912859272,0.003594572,2.1125251209,0.1528702351,0.574439663,0.1456812052,-0.0002257989,0.0001305001,0.0001035404,6.4623e-05,0.9681034326,0.0146275709,2.1687866712,0.29966302,0.5536754044,0.2166956279,0.1691590725,0.0307143475,0.1399425318,0.0203185232,0.9589897597,0.0175313211,2.4603479482,0.4963786088,0.758906469,0.2981921389,-2.334407214283992,-0.9555463507262516,-0.5029269763787806,0
9,854.8997360093806,32089,32,37.53539584628892,0.25825,0.0290032326,0.2697114763,2.7762647306,-0.2952047379,0.2495,0.0336340601,0.1760756516,2.6807129453,0.3316685252,0.49225,0.0336405633,-0.0187455229,2.6243057213,-0.2512839303,0.03755,0.008230887,-0.2150278051,3.3206826904,0.3656603308,0.4101715686,0.090269721,0.8483338232,2.1531657508,-0.173737106,0.0792401961,0.0600880575,0.9102370044,2.4023741897,0.6635622286,0.5105882353,0.0456128966,0.3537438931,3.1940197258,0.1239040777,0.0473039216,0.0115081295,0.0780863083,3.3565966105,0.3241025836,0.4958252315,0.3015276182,0.0006540517,0.0005465024,0.9501416004,0.0317435713,2.5660229384,1.0860467248,-0.0920529138,0.5912148738,-2.4227e-06,5.8342e-06,1.29016e-05,7.704e-06,0.0519624056,0.1192122458,3.0825424167,0.4577414965,0.023328462,0.2592243542,0.4956775,0.0160966726,0.0364407816,0.0017804662,0.050213158,0.1096631911,3.0387245729,0.4915014106,-0.0605226253,0.2194287841,0.4615374062,0.3056002825,0.0164635307,0.0104945535,0.9928781463,0.0039338012,2.1669300757,0.2375448152,0.5792262217,0.2048505367,-0.0001435207,9.20514e-05,6.08646e-05,3.67081e-05,0.9503076186,0.0435781967,2.3701941109,0.2523181043,0.6190000353,0.185638917,0.1855844535,0.0786273236,0.1262656605,0.0240104865,0.9380750017,0.0579067855,2.5585180023,0.2069533149,0.7759812292,0.2097974611,-3.356787270937025,2.9110630583815436,-0.4587380424691562,0
10,527.9065135699819,19517,64,36.97056107153474,0.25935,0.0321298537,0.1589208335,3.9290895388,0.1881923304,0.23995,0.0335670597,0.2222528592,2.8400592359,0.1948030259,0.5007,0.0376896538,0.1987052528,2.8290630177,-0.2246216694,0.03465,0.0093609561,-0.0444070571,2.9199350483,0.5587157103,0.4842944785,0.1203610077,0.9193852613,1.871841538,-0.3259435506,0.0748773006,0.0730029643,0.9293715879,3.3538167431,1.1917888769,0.4408282209,0.0632073805,0.7315398808,2.1303341372,-0.0952957148,0.0428527607,0.0111867763,0.0306986684,3.0544925169,0.4853998463,0.4981557596,0.3023620209,0.0012479653,0.0009465294,0.9407897146,0.0480089717,2.60985796,0.6156940335,0.080768716,0.4735626852,-8.2576e-06,2.0461e-05,2.75306e-05,1.70547e-05,0.0921216796,0.1170769985,2.7728565551,0.3778249065,-0.0038435553,0.2037997079,0.49197,0.0198882591,0.0375528854,0.002785148,0.0533938769,0.0988750404,2.8827555241,0.4233826336,-0.0236683557,0.2389504412,0.4496676157,0.2786535724,0.0217861476,0.0128159742,0.9884249745,0.0050171092,2.1742963772,0.2243417301,0.6224312281,0.1484722791,-0.0003518133,0.0002130707,0.0001529332,8.93103e-05,0.9666869522,0.0082008711,2.2979066216,0.3407884711,0.6624925287,0.1887615095,0.1603555783,0.0226753415,0.1426395608,0.01030306,0.9575217648,0.005625724,2.6124775289,0.3328326915,0.8803800294,0.1711761799,-2.6895703414205108,-1.2245149657239534,0.8516691935713221,0
11,704.9732527283236,24732,70,35.082182060502944,0.2617,0.0436074535,0.3598776458,3.2489448774,-0.0286782283,0.25425,0.0371441449,0.2544442134,2.5445727473,-0.31633915,0.48405,0.0486605333,0.3254031783,3.2360807725,-0.0078937819,0.03555,0.0108142267,-0.1207397839,3.0774587135,0.1902592412,0.4558947368,0.1121370847,0.8884865758,2.2980416454,-0.2314805977,0.083,0.0664173408,0.8939129096,3.3360039542,1.0126884798,0.4611052632,0.0592793518,0.620239395,2.5227196002,-0.240774703,0.0415526316,0.0109344876,0.0449168447,4.250095237,0.3798356033,0.4976140951,0.3020114479,0.0008087705,0.0006650839,0.9537464356,0.0421191916,2.5256630974,0.6239838116,0.2281476179,0.479564443,-2.3284e-06,1.26926e-05,2.24625e-05,1.36047e-05,0.5435355119,0.1106677371,2.7927980275,0.5207312455,0.0315711808,0.2891267497,0.4994425,0.0251537088,0.0484025975,0.0046455546,0.4348952665,0.1391209559,2.8188614837,0.4142059824,-0.0171013669,0.3103744118,0.4586616527,0.3065331252,0.0178031748,0.0124958987,0.9913627884,0.0044625109,2.2810151302,0.2462934587,0.6725815738,0.2273214795,-0.0001509187,0.0001017494,6.21495e-05,4.13811e-05,0.9356585127,0.0721738163,2.5751764447,0.4915903574,0.6914334062,0.2589114886,0.1890553049,0.0926995053,0.1250187653,0.0304435596,0.8999940034,0.1687463809,2.5682333219,0.5369850777,0.735615229,0.3316872212,-0.15741672891736866,4.7922441445728,-5.69118186246618,0
12,111.3007788574034,4230,32,38.00512488254374,0.25205,0.041755808,0.3345355442,2.5001815227,-0.082931511,0.30635,0.0389027955,0.3413235424,2.7956702901,0.2771800541,0.4416,0.041102798,0.3021839752,2.6560095659,0.0357008441,0.03405,0.010263893,0.3506171416,3.6119169551,0.2495642946,0.5490625,0.1495578771,0.9397643696,1.7984407995,-0.3288636912,0.080875,0.074526736,0.8975811868,3.4713185824,1.0862579017,0.3700625,0.0835332784,0.8783948763,1.753103611,0.0016825495,0.0424375,0.0109827635,0.1308636023,3.0724958968,0.6218431731,0.4946677293,0.3002012079,0.0038270879,0.0024141805,0.925732337,0.0384854412,2.5828409042,0.7703267599,0.0849245315,0.4889602391,2.53138e-05,8.97285e-05,0.0001367365,8.28035e-05,0.4594139654,0.1586712691,2.7710285077,0.4191365862,0.030525405,0.2715871426,0.50684,0.0235145359,0.0478397293,0.0069545883,0.3850692919,0.1698279117,2.8060684423,0.4431162002,0.0347006977,0.2593179911,0.4453314856,0.270691915,0.0259255965,0.0158165759,0.9494739173,0.0472580285,2.3979585558,0.4945573141,0.7661944271,0.2229381302,-0.0015326227,0.0009314335,0.0006760093,0.0004125045,0.9129747405,0.1282791481,2.4623739392,0.5568100036,0.7542357243,0.2237726941,0.1447786091,0.0245018635,0.1436397437,0.0171198903,0.9146250868,0.0375642539,2.8595547785,0.4841056481,0.9913688971,0.2221344318,9.384745503711908,1.228504156469444,2.0322374594903763,4
13,757.3686672665707,27872,64,36.80109991953219,0.25145,0.0282160858,0.045307658,3.0361072913,-0.0955984848,0.2219,0.034342248,-0.0199557406,2.7140698425,0.2075929671,0.52665,0.0381120388,-0.0520617181,2.9277436104,-0.3728090035,0.03995,0.009810581,0.0598742245,4.0466470466,0.6970521622,0.4506882591,0.0813072096,0.8016120234,2.2998653303,-0.2519815464,0.0859919028,0.060595292,0.8876789937,2.7666515832,0.7777952872,0.4633198381,0.0400671366,0.1975964747,3.046671284,0.1974000549,0.0404048583,0.0117082472,0.2660668853,3.5569545117,0.400086944,0.4935241887,0.3007727883,0.0006218178,0.0005228768,0.9440593693,0.0359353718,2.2414200468,0.5909213763,-0.1035456421,0.467952601,-1.3372e-06,8.8134e-06,1.51829e-05,9.0151e-06,0.3503737093,0.1663887352,2.7684945146,0.2751387339,-0.0712280411,0.2149391727,0.496685,0.0203053509,0.0415585458,0.0029009955,0.2584612847,0.1248584181,2.9420344067,0.4092452194,-0.0005110093,0.2378688622,0.4546364863,0.3055699021,0.0205619377,0.0128376551,0.9948115473,0.002993563,2.0561187616,0.212702684,0.4899452591,0.1941120613,-0.0001567815,9.46164e-05,5.97867e-05,3.56055e-05,0.9512110271,0.0150333801,2.7318667136,0.5707615237,0.7062787548,0.319160381,0.1767149112,0.0647375644,0.1178729942,0.0148567007,0.9385258132,0.0301309742,2.9141053121,0.5000240411,0.8350632973,0.3020030222,-3.214386123677829,0.8216331322966836,-1.2757474481053008,0
14,292.3564474642647,11006,72,37.64582616685847,0.2837,0.0466616545,0.4407114324,2.6295184556,0.209885427,0.2311,0.0336049104,0.2715755104,3.7332908562,-0.3212276109,0.4852,0.0398931072,0.4026096041,3.5908434133,-0.0001950596,0.03845,0.0098156762,0.0638574865,2.943028535,0.357390377,0.4785638298,0.1222128035,0.9337978977,1.8524420672,-0.2356800086,0.0859574468,0.0648536675,0.8996590696,2.693053085,0.7579249578,0.4354787234,0.0684597612,0.7171696143,2.3654574432,0.0287682237,0.0330851064,0.0108448042,0.240462088,4.1702210419,0.6415675138,0.4926214188,0.3004764031,0.0016490245,0.0012981016,0.9270107727,0.0587726742,2.3178961933,0.5438128326,-0.0204828036,0.4170500077,3.8872e-06,3.17011e-05,5.08826e-05,3.32711e-05,0.4355132922,0.1716578127,2.8487290277,0.5309654555,0.1043006974,0.3010860611,0.49721,0.0261840629,0.0457362733,0.0057187459,0.361924555,0.1489510886,2.8175827557,0.5388788987,0.1113075567,0.2065024935,0.4514543088,0.2739386521,0.0232897397,0.0141233879,0.9839783946,0.0087450878,2.233626364,0.5415821033,0.6232468969,0.2348542008,-0.0006502474,0.0003976575,0.0002591694,0.000157916,0.9509650338,0.019422745,2.8489607719,0.7023347294,0.8638325526,0.2676298607,0.1414669876,0.0192121044,0.1353519392,0.0101650382,0.94433706,0.0094572909,3.3043435158,0.4655069531,1.126739343,0.1580045724,0.22185880643963624,-2.236535774920312,-0.7901951308820795,0
15,472.4437811449951,16624,10,35.187255422667995,0.23585,0.0366473396,0.3969938421,3.6227106804,0.4730125908,0.23775,0.0307032164,0.0979604821,3.0796613707,0.279709452,0.5264,0.0401626692,0.2856790211,2.9951688155,-0.2768046774,0.04085,0.010748372,-0.0425377723,2.8779515652,0.6914055326,0.4802857143,0.1140485038,0.8969253567,1.9288910282,-0.1122820486,0.0639047619,0.0560738499,0.8916810366,2.982067253,1.0127647445,0.4558095238,0.0698983064,0.7324434047,2.0340914294,-0.2852146693,0.044047619,0.0104675289,0.0798115588,3.0438028177,0.3152252542,0.4934756016,0.3004515498,0.0012970567,0.0009460247,0.941125806,0.0407339772,2.6013333497,0.6390965188,0.038590072,0.5692370392,-8.558e-07,3.31443e-05,3.19053e-05,1.93035e-05,0.2486410001,0.1548936316,2.9367643706,0.5950261557,0.0353533942,0.2444255434,0.4999375,0.0276183403,0.0399387148,0.0034256287,0.2097559488,0.1409094192,2.9703325502,0.435024877,0.0500857957,0.2584131925,0.453285929,0.2776041837,0.0204734271,0.012575807,0.9856182777,0.0066549854,2.2432648865,0.155272699,0.6805695663,0.1029143997,-0.0003921567,0.0002402252,0.0001707711,0.0001065314,0.9632594815,0.0137014384,2.3642274323,0.157279678,0.7382530947,0.0950624066,0.1499947458,0.0163832371,0.1406780563,0.0107813305,0.9567201368,0.0086034686,2.6752085236,0.2718735327,0.9455162619,0.1249350721,-2.1071812966935615,-1.5221691439396972,1.4148922567583457,0
16,106.88408560454268,3994,18,37.36758355942048,0.21765,0.0412822904,0.2641651057,2.7177597857,-0.0877481291,0.27065,0.0469023187,0.6197518218,2.9508340276,-0.4418008239,0.5117,0.0467558552,0.3949433667,2.604585442,0.2181065954,0.0382,0.0104527508,-0.0981457919,3.4247672651,0.2196332421,0.705326087,0.1551275848,0.9233305574,2.094632429,-0.570523932,0.0715217391,0.0555199686,0.809438026,2.8094825431,0.9036377012,0.2231521739,0.1056159917,0.8932939594,2.1569222276,0.5592487283,0.0270652174,0.0085067803,0.2027026522,2.5462924581,0.400661659,0.483586706,0.2942444077,0.0042827998,0.0029346598,0.9062977504,0.0448642751,2.4567950338,0.3983317971,-0.0958200195,0.4009305805,4.79828e-05,0.0002059318,0.0001814142,0.0001180263,0.5201195473,0.1533999812,2.7672075508,0.4054133892,-0.0546744787,0.2400290297,0.5105625,0.0502868369,0.0521905885,0.0102407321,0.4534194047,0.1724394586,2.8105459917,0.3087507778,-0.025012309,0.3084665542,0.4271899947,0.2600350846,0.0363420175,0.0218648708,0.9520327063,0.0289216098,2.0506530573,0.2469967731,0.5976894675,0.1595124701,-0.002388342,0.0014341975,0.0011947885,0.0007161293,0.9385769436,0.0350337239,2.100967767,0.3627294892,0.5980124937,0.2048549484,0.1582320551,0.0244428722,0.1581896719,0.019271239,0.91514068,0.0312768939,2.5346229633,0.3084687422,0.877031874,0.1595557342,10.831477246435748,-5.5439742795813,3.4076548210307656,4
17,112.35072085419851,4121,50,36.67978245860982,0.2557,0.0445983184,0.4847976679,2.7440803125,0.0743489588,0.26265,0.0436088007,0.4883979258,3.1268916684,0.1042287773,0.48165,0.0348859212,0.0391885978,2.9252408714,0.0052399155,0.03455,0.0107493023,0.1324164392,2.8038261594,0.3158718797,0.6069318182,0.1306374925,0.8314013257,2.2730218864,-0.47723949,0.0603409091,0.0536338356,0.8632107972,3.5777441928,1.1825898736,0.3327272727,0.0872460897,0.6971820759,2.1767833173,0.2674758316,0.03625,0.0087337511,0.0350631136,2.9658562467,0.1519181873,0.4849096452,0.2943442637,0.0042080969,0.0024619249,0.9288611363,0.0380272032,2.4591042201,0.3703908817,-0.0310880655,0.3854273779,-3.01646e-05,0.000160948,0.0001554567,8.74365e-05,0.4854246639,0.1845153184,2.8326406055,0.4032737009,-0.0072176232,0.3012733213,0.4889325,0.0297056067,0.0503570414,0.0108670723,0.3950611464,0.1871325429,2.90621871,0.4764025662,-0.0452297746,0.2653363288,0.4416808588,0.268242745,0.0233519913,0.0144512355,0.94578853,0.0382009465,2.4695870866,0.2861488662,0.8066336303,0.168609319,-0.0014729399,0.0008962989,0.0006339617,0.0003903605,0.921224485,0.0713989734,2.6042710302,0.4237889822,0.8305391306,0.2114214802,0.1449016575,0.0248054855,0.1428107908,0.0142657466,0.9121970923,0.045488251,2.9332419608,0.3914171228,1.0254829991,0.2112859501,9.814085165085126,-2.40234166679066,-2.521340538030672,4
18,339.76340617838923,12801,27,37.67621753026272,0.2672,0.0368600054,0.3883694583,2.5898995884,0.0234063692,0.2426,0.0393921312,0.3163835072,2.6530969115,0.3642267791,0.4902,0.0381504915,0.0758150666,2.7726204456,0.3212288078,0.03705,0.0102492683,0.0133666983,3.0230923867,0.2894068207,0.4453144654,0.1105100888,0.887605007,2.1111201225,-0.2484234287,0.0839308176,0.0704887805,0.9101237492,3.5576107565,1.1227125018,0.470754717,0.0552956282,0.6157705545,2.2212022105,-0.2172996774,0.0399371069,0.0113545965,0.0980018601,3.5462493755,0.4344257545,0.4985539002,0.3027543127,0.0010662329,0.0007036645,0.9396619686,0.0427374054,2.6825728324,0.9220407949,-0.2569133018,0.5189691014,-2.7959e-06,1.75544e-05,2.20642e-05,1.29316e-05,0.1428942488,0.1174188624,3.0301733172,0.3391985922,-0.0315906904,0.2647712093,0.4972,0.0199670792,0.036964772,0.003252903,0.1277544212,0.1228532467,2.8819270289,0.3004413289,0.0444190725,0.2037332533,0.4531672399,0.2889132715,0.0211631769,0.0124758088,0.9901158168,0.0047612409,2.1672788161,0.2032611335,0.5991183262,0.1931452225,-0.0002314214,0.0001337753,0.0001097188,6.46002e-05,0.9586082904,0.0338406859,2.1770270629,0.2864159677,0.5588621082,0.2126338766,0.1931614188,0.0550208441,0.1407142508,0.0221646872,0.9464791328,0.0694572639,2.2567751533,0.2741872596,0.6614842068,0.2167879261,-2.2229485514802616,1.5909713444090792,-0.5411623613572744,0
19,200.06889085103376,7407,45,37.02224752930262,0.2475,0.0378516842,0.3406623113,2.1354266871,0.0277280938,0.29895,0.0404616794,0.3172594002,2.5758376601,0.3189744581,0.45355,0.0382837759,0.3850559573,2.772109432,0.1223899759,0.03345,0.0092383711,0.1426560235,2.5337183196,0.1735505785,0.4959574468,0.1074171541,0.9095283429,2.1030602172,-0.302359304,0.0745744681,0.0580794557,0.9130486244,2.9331512891,0.9656976234,0.4294680851,0.0587569285,0.6448668014,2.0665088183,-0.1861301472,0.0404255319,0.011052572,0.1127987474,2.5723243195,0.1582429641,0.4908544871,0.2985303624,0.0015057077,0.0009283226,0.9362886513,0.0306514718,2.4943552487,0.5169838793,0.0557323157,0.4141347763,-1.2771e-06,3.72143e-05,4.25711e-05,2.56725e-05,0.2675576708,0.2089156286,2.7268587549,0.4030429706,0.0139317952,0.2495064343,0.4938225,0.0288725063,0.0405000322,0.0056393058,0.1823911522,0.1592965285,2.8031815321,0.4492772092,-0.029082784,0.2105956185,0.4360680183,0.2656053162,0.0266098585,0.0158732165,0.9846834426,0.0058771899,2.1962354029,0.1220944317,0.6535590899,0.0909883874,-0.0006623308,0.0004025892,0.0002557061,0.0001557017,0.9566688195,0.0076065555,2.7026742782,0.2246990845,0.8661502821,0.1106837908,0.1430323218,0.0192913562,0.1352751688,0.0084571624,0.9492364228,0.0093109002,2.971683671,0.3389822486,1.0187419792,0.1387782692,-0.787739256709436,-2.877853179391233,0.27394312779870156,0
20,406.5491793100181,14734,4,36.241617865287694,0.2482,0.0321909925,0.0782324897,2.5915885007,0.1130646052,0.26195,0.0333383788,-0.0333570332,3.121912103,0.2776193323,0.48985,0.0320113652,-0.2106513573,2.7829880117,-0.2455609966,0.0368,0.0111919614,-0.0803470803,2.5290552094,-0.1549577088,0.4329435484,0.1081907889,0.9100866536,2.1066274177,0.1186049919,0.1105241935,0.0781123533,0.9134945266,2.8331681167,0.7187005971,0.4565322581,0.0497379318,0.5428017684,3.2527635387,-0.4912352544,0.0402419355,0.0096062572,0.025494649,2.9860576676,0.3679250456,0.4882005992,0.2978176285,0.001245018,0.0010572251,0.9201819087,0.0582708498,2.4278684373,0.3831683861,-0.0088441893,0.4974983007,3.5872e-06,3.16596e-05,2.65094e-05,1.66185e-05,0.069073019,0.0936679242,2.8870655152,0.3793597154,0.0180727881,0.2540040331,0.4958575,0.0234198328,0.0357126659,0.002563029,0.0439354537,0.0948352386,2.8178680998,0.3285218189,0.0404976529,0.198170765,0.4471926113,0.2799340634,0.0229522811,0.0135604122,0.9886205041,0.0051976805,2.2024271109,0.2383324943,0.631819668,0.1846242343,-0.0003492839,0.0002066104,0.0001585318,9.3426e-05,0.9663433383,0.0108032867,2.2474634192,0.2197605684,0.6327523911,0.197318668,0.1674110565,0.0418162773,0.141307831,0.0137296062,0.9541905964,0.0164853965,2.5544731503,0.2855464967,0.8611635661,0.1998116584,-2.4390624398453324,-0.6401756855467278,1.7783755112528798,0
21,617.9322775180581,22961,12,37.15779355663939,0.24755,0.0306960502,0.0292548622,3.402211503,-0.2353994966,0.24375,0.038074762,0.1973613561,3.5033401686,0.4248825285,0.5087,0.0355149264,0.0804065688,2.5725367716,-0.3231630037,0.0418,0.0117796435,0.1452325729,2.8767017776,0.2721640919,0.4852209945,0.1411611508,0.9340130633,1.8652662849,-0.2351991258,0.0983149171,0.0797098,0.9350961064,2.6369902032,0.8508427742,0.4164640884,0.0718841539,0.7910666908,2.0927449896,-0.1873908624,0.0435082873,0.0106156451,0.1401354743,3.5107621107,0.6564049781,0.4953095575,0.3006630828,0.0011196574,0.0008467847,0.939222699,0.0374583451,2.5351386426,0.5995531668,-0.0110750992,0.5054714838,4.9905e-06,1.56822e-05,2.27122e-05,1.43166e-05,0.161207909,0.1307542577,2.7871009688,0.2262180202,-0.076060656,0.1877031053,0.5074525,0.0192435475,0.0369456376,0.0025550905,0.0907250619,0.1220371171,2.909445814,0.32217487,-0.056157284,0.21377866,0.4575598245,0.2874257991,0.0209466713,0.0125782823,0.9893711574,0.0050410554,2.3026686658,0.2875309136,0.7037540801,0.1651642735,-0.0002778915,0.0001742527,0.000117444,7.05696e-05,0.9649798603,0.0057198831,2.3535891989,0.2694086903,0.67636104,0.16668166,0.1590764199,0.0169265192,0.1406634556,0.0126419207,0.9578791508,0.007694721,2.5559661652,0.3325042814,0.8474926893,0.1759062066,-3.052736432015773,-0.9517174821472861,2.1079060377770786,0
22,536.5079021853089,19768,69,36.845682830543225,0.2837,0.0300883698,0.0809834176,3.4226886996,0.4715761788,0.21715,0.0330851553,0.0683342631,3.6306164247,0.2933368533,0.49915,0.0384386199,0.0839666768,3.586507687,-0.1929854911,0.0348,0.009162969,0.1905804305,2.8000236506,0.1759781292,0.439695122,0.1092793678,0.9043798552,1.9722479837,-0.0978904069,0.0853353659,0.0679269045,0.9200414833,2.656381206,0.794561577,0.4749695122,0.0541297474,0.5997290218,2.2673735264,-0.2986531675,0.0424695122,0.0115623568,0.2416553704,2.9686149331,0.282931963,0.4975891698,0.3019890623,0.0012159857,0.0009783649,0.9564035797,0.0333549032,2.3202953872,0.595267917,0.0303580933,0.4875726801,-2.4697e-06,1.4346e-05,2.12774e-05,1.30334e-05,0.0829441856,0.1216200374,2.7911534836,0.3083604719,-0.0048525024,0.2207200782,0.49579,0.0191561648,0.0366531904,0.0027176978,0.0382890826,0.0762619348,2.7546611204,0.373445571,-0.01501856,0.2312703216,0.4593807372,0.2927855866,0.0196296792,0.01285564,0.9901774841,0.0041412961,2.1716570363,0.2627448486,0.5841642986,0.2205834718,-0.0002365136,0.000153308,0.0001088955,6.98592e-05,0.9419710673,0.0948214719,2.3472926778,0.387780908,0.6345029306,0.1630403226,0.18968238,0.0735156738,0.1380945913,0.0259757657,0.9230525645,0.1322276615,2.4712270034,0.2837801156,0.7656636952,0.2148380752,-1.2834893573757267,4.800833411876794,-2.4533156333607478,0
23,449.7771017059172,15964,72,35.49313635454462,0.25145,0.0303586479,0.0601063031,2.6619419997,0.0010376976,0.24345,0.0322389128,0.0700876773,2.8661281426,-0.0414702085,0.5051,0.0364964382,-0.0457470642,3.3832588497,0.3034771598,0.0384,0.0097693398,-0.0960609719,3.5166697816,0.541308121,0.4413354037,0.1150340994,0.9265518217,1.9577997843,-0.0852417533,0.0859937888,0.0640914038,0.9127736863,2.4274270601,0.7241469986,0.4726708075,0.0605949567,0.7373371586,2.1753771687,-0.2821160452,0.0436335404,0.0117159388,0.0794194468,3.8193008138,0.4142460869,0.5022592298,0.3048153947,0.0011888013,0.0007531019,0.9427618288,0.0328582684,2.5471121082,0.5669601585,-0.0948564239,0.51663601,-1.9141e-06,2.41681e-05,2.35621e-05,1.44337e-05,0.1211784811,0.0964613976,2.9110519128,0.4370852572,0.0587102788,0.2625628057,0.4990175,0.0228076702,0.0363998129,0.0035406204,0.0982098105,0.1176694562,2.9286855469,0.5216594491,0.0381482735,0.2342769946,0.4470442697,0.2891012502,0.0213417497,0.0150306413,0.9631068857,0.0948011051,2.1434971547,0.1622529842,0.596797689,0.1796788417,-0.0002708579,0.000198073,0.0001193717,7.92246e-05,0.8740306907,0.3233955415,2.3405901355,0.1938247859,0.7079683746,0.1770071768,0.182561209,0.1005990023,0.1295845888,0.032442425,0.8839428943,0.2516845065,2.6856523143,0.2578422241,0.9252929801,0.1858436758,10.813841250895653,19.61000891437054,0.39695810964494,2
24,217.0562139773752,7607,44,35.046220795102016,0.26745,0.0394746438,0.3630004259,2.7895574657,0.1143843287,0.2605,0.050217029,0.6449883907,2.4603615345,-0.2342188062,0.47205,0.0401378562,0.254259832,3.7281933356,0.2365643083,0.0383,0.0107522091,0.2100478724,2.9371686965,0.3173805628,0.4565841584,0.1373005857,0.9325919237,1.8685152806,-0.1889177502,0.0872277228,0.0744733165,0.9107268825,2.2840020621,0.7947174959,0.4561881188,0.0751043779,0.7648697842,2.1679953121,-0.2213100765,0.0448019802,0.0105050858,0.3405423392,2.6805312588,0.065096825,0.4956557957,0.3009148924,0.0020709735,0.0013404411,0.9278639233,0.0427230863,2.4772915841,0.8824188416,-0.0949519179,0.5113573058,1.4421e-05,7.57412e-05,5.52666e-05,3.24588e-05,0.2817474813,0.1367497249,3.1214486213,0.5452402307,0.1473571663,0.2451823508,0.508115,0.0322450349,0.0394002821,0.0052746821,0.1838365269,0.1147731175,3.0168528852,0.3712343052,0.1478781672,0.2163758016,0.4400920656,0.2673416325,0.0243544382,0.0147366654,0.9828779313,0.0062895485,2.2632660521,0.1219017824,0.6643039215,0.092836651,-0.0005927534,0.0003565854,0.0002294087,0.000142022,0.9486413967,0.0124470478,2.63163468,0.3560468086,0.7842992476,0.1777917614,0.1469253552,0.0154135972,0.13376922,0.0101898846,0.9478850262,0.0130071561,2.8574590174,0.3889343973,0.9678045489,0.165447009,-0.6742871445791536,-2.2710360514007495,1.431620998741115,0
25,322.6978754165433,11858,65,36.74644583480295,0.23235,0.033063991,0.0442665377,3.2495254935,0.0198088047,0.2703,0.032425453,0.0948917543,3.8702700423,-0.3115439753,0.49735,0.0357243264,-0.0177719098,2.7691671084,0.0130694737,0.036,0.0099498744,0.2264620489,2.4759718396,0.3015113446,0.4416438356,0.1047748885,0.9011868825,1.9855813328,-0.1062082691,0.1000684932,0.0658609637,0.9019941817,2.2716150542,0.6348311764,0.4582876712,0.0522095303,0.514626859,2.5491425909,-0.1509000733,0.0424657534,0.0106829556,0.1001339768,3.065250843,0.3654751269,0.4956199944,0.3016629781,0.000913085,0.0006021194,0.9383479242,0.0670101689,2.4721798337,0.7084003122,-0.1219273015,0.423758577,3.011e-07,1.19753e-05,1.97748e-05,1.17756e-05,0.0782023289,0.1498580591,2.9501996845,0.4859425943,-0.058545255,0.1832690741,0.4963925,0.0171060024,0.035803064,0.0027791609,0.057454682,0.1292041059,2.8653818226,0.4920448213,0.0015404031,0.2007793479,0.447305621,0.2824442407,0.0231552567,0.0139405201,0.9911265457,0.0038571447,2.1281804669,0.1196612645,0.5947166825,0.1060289952,-0.0002954578,0.0001788947,0.0001244204,7.53976e-05,0.9675742433,0.0090447332,2.3635834296,0.156257207,0.695751702,0.0946903451,0.1529785253,0.0199427784,0.1352276775,0.0045315416,0.9576490082,0.006219869,2.6843140573,0.2318622128,0.9024934923,0.1168820183,-3.5980165157733732,-0.8258615214662447,2.2217360951154643,0
26,281.49310774139803,10316,25,36.64743368948521,0.2342,0.0346028901,0.3260309851,2.7870077416,-0.1514121059,0.278,0.0439772669,0.235059076,3.0954885043,0.2249152557,0.4878,0.0368192884,0.0747239993,2.7406097927,0.1338892005,0.03365,0.0080577602,0.0505333997,2.6142182241,0.270785191,0.3898198198,0.0835095289,0.8021330327,2.0186237784,0.0726192724,0.0783783784,0.0521353149,0.8977107761,2.2784081059,0.6343271634,0.5318018018,0.0466624489,0.4064119954,2.785784478,-0.455147805,0.0501801802,0.0120233993,0.0198499022,3.717319099,0.7195564088,0.49778383,0.3019854876,0.0009853754,0.0006906524,0.9600657435,0.0276472424,2.5576284582,0.76049215,-0.0574877713,0.5133025519,-7.7042e-06,1.31785e-05,1.99432e-05,1.19471e-05,0.0990423987,0.1269289153,2.906401783,0.4403767415,0.0352700586,0.2630745229,0.4960525,0.0233618839,0.0362776668,0.002661394,0.0923113503,0.1192589503,2.9467920944,0.4240274004,0.0505786184,0.1387649888,0.454576869,0.2857770125,0.0194768491,0.0117721733,0.9903346518,0.0033653146,2.1025539204,0.1111867813,0.565438417,0.1333621054,-0.0002597484,0.0001551606,0.0001205253,7.19563e-05,0.9696292387,0.0104906066,2.1183948071,0.1130540035,0.5550560259,0.1271663733,0.1733545359,0.0466554436,0.14159616,0.0112243216,0.9594448467,0.0123540495,2.3848404014,0.1847021149,0.7649569093,0.1820037985,-3.8696361868625004,-0.08965374326222504,1.7783004630130514,0
27,369.7961256977209,13764,42,37.22050893321414,0.2233,0.0490623073,0.6185276222,2.4641037923,0.1659944494,0.2386,0.036980265,0.4691092248,2.5712804056,-0.3089870006,0.5381,0.0470785514,0.417283366,3.2802743088,0.3767118361,0.04275,0.0125971227,0.2053236597,2.566524952,0.3408100235,0.6461654135,0.1451546844,0.9262663559,3.7263466078,-1.3465822462,0.0990977444,0.0893898166,0.9365553233,3.4948192126,1.3004807143,0.2547368421,0.0624719961,0.7661290215,4.2273183301,1.2564782663,0.0373684211,0.0102886708,0.1979047235,3.1757265438,0.2110641062,0.498388926,0.3026607263,0.0005988444,0.0003709005,0.9261897477,0.0309466017,2.3846845015,0.4872042384,-0.0072635538,0.469428976,7.4666e-06,1.26487e-05,2.29117e-05,1.36813e-05,0.4616491499,0.1416836874,2.8192810758,0.4630472744,-0.1031902578,0.2479683507,0.50088,0.0393195829,0.0487029526,0.0097912414,0.3576556134,0.1424813575,2.8125232355,0.3269414174,-0.0617906893,0.2630097244,0.4461026507,0.2910606752,0.0221461981,0.0138544975,0.9928360705,0.0030142021,2.2274124317,0.2063835164,0.6460665578,0.1500958155,-0.0001890973,0.0001129656,7.23466e-05,4.83453e-05,0.9512044147,0.0146158522,3.0676933546,1.1117203165,0.9337685531,0.3932162301,0.1510075548,0.02843633,0.1303142453,0.0091831607,0.9573136686,0.0076070316,3.0113589219,0.728734733,1.0001648571,0.2743815211,-1.2875810191045045,-2.2509192404756058,-4.493431506401036,0
28,235.86244498602105,8155,27,34.57523727646988,0.2492,0.0485938268,0.480183505,2.3706694673,0.3042573502,0.3084,0.0538278738,0.5608261496,3.7806285774,0.567229332,0.4424,0.0475577544,0.3978028897,2.8049348077,-0.0108852394,0.03385,0.010046268,0.1135192173,2.5433134191,0.0650634589,0.535631068,0.1122598399,0.9249177331,2.0915185701,-0.3054075182,0.0760679612,0.0662653187,0.9059483814,2.835573862,0.9508658697,0.3883009709,0.0574183819,0.7524770921,2.0821128235,-0.0867916065,0.0398058252,0.0097024251,-0.0830121216,2.0866792721,-0.0090461342,0.4967833756,0.3015836844,0.0012955589,0.0008100552,0.9210026079,0.0528047748,2.396197988,0.6804895737,-0.0566615819,0.3608591521,-6.4201e-06,2.4498e-05,5.11488e-05,3.31377e-05,0.5288215691,0.185828971,2.7112472293,0.4361753379,-0.0201293254,0.2200455032,0.4946075,0.0257922482,0.0510784073,0.0093388801,0.451810614,0.173260293,2.6524396468,0.3990416678,0.0017633087,0.2090671315,0.4437334611,0.2749955666,0.0201483918,0.0123561152,0.9855579208,0.0044941484,2.3624868137,0.2095789946,0.727724272,0.1362778228,-0.0003914056,0.0002344024,0.0001429321,8.83106e-05,0.9453797482,0.0150807939,3.0338953787,0.4994738989,0.9374591966,0.1976133034,0.144667505,0.0374543754,0.1259882996,0.013599851,0.9457342875,0.012371215,3.2384985322,0.5811754991,1.0669439523,0.2405670993,-0.1617061633484625,-2.894729155830877,-3.0546010682103675,0
29,843.5098513728734,30897,60,36.629092060647416,0.2657,0.0306840349,-0.0072392751,2.8155732126,-0.2547658629,0.2246,0.0307545119,0.1340749623,2.7695453082,-0.1830573728,0.5097,0.0371269444,0.0576699245,2.9090825084,0.0131036817,0.03855,0.0102052682,0.0060919533,2.3030118088,-0.155392818,0.4199015748,0.1014457021,0.8978642692,1.9152255976,0.0041386339,0.0863582677,0.0704305208,0.931027791,2.7249987392,0.8927396103,0.4937401575,0.0498046123,0.5460568949,2.4808612989,-0.3119805619,0.0449606299,0.0124466746,0.2078771457,2.7556857607,0.166705424,0.5021713613,0.3043827455,0.0006577053,0.000472681,0.9559848931,0.0283363503,2.5478500187,0.7143697607,0.0349893392,0.5836785584,-2.5554e-06,9.2536e-06,1.30049e-05,8.091e-06,0.0160061857,0.087341647,2.9838351099,0.3829304105,-0.0315159797,0.2822918617,0.4976025,0.0175183652,0.0351521864,0.0027377302,-0.0100947027,0.1140774661,2.9991417797,0.5680808859,0.0454267514,0.2581561047,0.4591282605,0.3106424933,0.017524469,0.0119614882,0.9931532692,0.0031998933,2.2362545072,0.1982616613,0.6263071024,0.2201456912,-0.0001384053,9.87278e-05,6.01956e-05,4.06796e-05,0.9394183238,0.0809636719,2.3910706027,0.1727324621,0.6230545466,0.2931930493,0.1882015264,0.0956247672,0.1301971863,0.0307661584,0.9244419689,0.1090077323,2.6448745904,0.2292850177,0.7998750597,0.3610202987,-2.6463442802474813,5.131861577130539,-2.2355245154057193,0
30,315.2671803409769,11757,52,37.2921786127063,0.24735,0.0305242117,-0.0793901806,2.6485774126,0.2851449609,0.2599,0.0346408718,0.1349227423,3.3843473776,0.4030075055,0.49275,0.0408862752,0.0052625845,2.4113732745,0.0077401376,0.0369,0.0109494292,0.0390565922,3.5893840282,0.7101765651,0.3684482759,0.071179756,0.717763061,2.6686682035,0.0063554938,0.1203448276,0.0842300937,0.9160528482,2.1778417636,0.5646099869,0.5112068966,0.0464591992,0.1861163953,3.0676097167,-0.158951693,0.0415948276,0.0137965378,0.4086887979,2.8759752489,0.3586789687,0.4993319953,0.302847793,0.0008278957,0.0007124642,0.9576409596,0.0392298312,2.2544422457,0.7387994746,-0.0570180007,0.4760824492,-2.8788e-06,1.06298e-05,1.53195e-05,9.6472e-06,0.0691439626,0.1126960153,2.9612706724,0.4222719167,0.0173721277,0.2231633394,0.4943675,0.0141263962,0.0355569029,0.0028616482,0.0724875609,0.0985345273,2.9258051059,0.3441766969,0.0069487957,0.1733993702,0.4621525143,0.292749273,0.0156809721,0.0100674621,0.9892580425,0.0041552928,2.3767759179,0.1398385481,0.7880431835,0.0784103006,-0.0001991242,0.0001240801,8.59706e-05,5.52115e-05,0.9686585158,0.0061119456,2.4038205396,0.1656811149,0.7739387473,0.0887360653,0.1490866524,0.0125800009,0.142780392,0.0061957767,0.9651852367,0.0040826209,2.6611833354,0.2064269026,0.9479566298,0.1005882371,-4.273502798747319,-0.39275211039342595,1.9906452497749796,0
31,445.2655192727985,15761,12,35.39685719599543,0.26155,0.0292804969,0.0250013431,2.4762118436,0.004515704,0.26745,0.0317529133,0.0679851528,2.6797636416,0.1483196969,0.471,0.0349213402,0.1032548747,2.8228908365,-0.048888647,0.03355,0.0088964881,0.0043471544,2.5009402991,0.0583556595,0.4182051282,0.0784722215,0.7805018526,2.0409619304,0.0662157314,0.0782051282,0.048178184,0.811114346,2.7245710895,0.6795943632,0.5035897436,0.0469171217,0.3375251746,2.6662123564,0.046536335,0.0483760684,0.0110907111,-0.1294658736,2.5157567603,-0.2874902446,0.4946992185,0.30120422,0.001066355,0.0007631063,0.9252555446,0.0550262222,2.2322512476,0.4255480486,-0.1165280804,0.3523019673,4.6709e-06,2.78688e-05,2.52313e-05,1.49826e-05,0.0521737969,0.1633217939,3.0599870941,0.4022780442,0.0218731017,0.2507219134,0.5006975,0.026628394,0.0364219384,0.0035244902,0.0528447845,0.1355821521,2.9980947476,0.4991191307,0.037014847,0.2385683158,0.4468270914,0.2818779082,0.024526154,0.0151777039,0.989486813,0.0054595224,2.0725568491,0.202916369,0.5514477571,0.1662663948,-0.0003371346,0.0002093801,0.0001628133,9.9076e-05,0.9601577105,0.0464702647,2.1381382107,0.2309430826,0.5445760411,0.2000064383,0.179637988,0.0626309553,0.1431321129,0.0207468729,0.9387273949,0.0858852719,2.4407733358,0.2382291004,0.7823963324,0.1950098851,-1.8096937274185119,2.329146234561365,0.030550538006248205,0
32,504.3304045042192,19358,56,38.38356725494239,0.23935,0.0352466665,0.0199696955,2.8916153026,0.0899007025,0.2268,0.0329356949,-0.0470493177,3.1018654038,0.3562809196,0.53385,0.0421536179,0.007948496,3.1193982796,-0.4414899514,0.0399,0.0104876117,-0.0661513131,3.466382264,0.2540006645,0.4280612245,0.101241358,0.8761831795,2.0190728007,-0.3057290602,0.0824829932,0.0719631759,0.9030380518,3.0795779622,1.0180827996,0.4894557823,0.0462694315,0.4101390682,3.070080368,0.1194660823,0.047244898,0.0138773009,0.3140670667,2.7883348637,0.2473768744,0.4986993225,0.3029648919,0.0008765266,0.0005753344,0.9371775673,0.0434505208,2.4020760797,0.5403269732,-0.0185738683,0.4498008252,1.7724e-06,1.15196e-05,2.15605e-05,1.24095e-05,0.2237609158,0.1631860909,2.8154288829,0.3943795753,0.0460727561,0.1925362866,0.500455,0.0194712731,0.0377973078,0.0029284851,0.1632077572,0.1035493717,2.9568700586,0.4030570714,0.0842676297,0.2657543249,0.4508482673,0.2863665719,0.0201544937,0.0125494897,0.9904635379,0.0036361756,2.2445767815,0.1062304167,0.6800041933,0.0759137219,-0.0002767996,0.0001679781,9.76606e-05,6.00943e-05,0.9551269729,0.0077190488,2.9760832052,0.2607685837,0.9356505009,0.0965890349,0.1352140244,0.010053313,0.1247187563,0.0064760164,0.949623305,0.0060681567,3.3045368789,0.356726239,1.1122141048,0.1231404593,-3.551713079263629,-1.033528951335262,0.8056880589352147,0
33,677.5446293317347,25187,12,37.17393498468441,0.2687,0.029271317,0.0585986429,2.5212548489,-0.2648028449,0.23515,0.0293211101,0.2640036037,3.0839004325,-0.0747032071,0.49615,0.0316611355,0.180942967,2.6995861107,0.3822344498,0.03415,0.0096450765,-0.1443372403,3.5277827442,0.2998964007,0.3716438356,0.0782458431,0.8154806216,2.0438693409,-0.0101124841,0.112739726,0.0723261943,0.9110831278,2.0850539718,0.5258533333,0.5156164384,0.0376532959,0.1264710163,2.9597332361,-0.0489583034,0.0426027397,0.0126177447,0.1956491427,2.876664659,0.2861642029,0.4994302935,0.3035765692,0.000467372,0.0003497955,0.9174516233,0.0612750782,2.6438792877,0.5967017587,0.0891435283,0.488632049,-1.12e-07,4.7733e-06,1.09587e-05,6.7209e-06,0.0203290983,0.1021098561,3.0242288537,0.4162829035,0.0467918067,0.2595725916,0.50033,0.0120502842,0.0349129515,0.0023382835,-0.012955715,0.107591972,2.9498648418,0.402989051,-0.0682346485,0.2286682278,0.4619633872,0.311950436,0.0164518486,0.011033637,0.993915015,0.0020596575,2.1629004158,0.161805723,0.5851826945,0.2085075946,-0.0001107062,7.48514e-05,5.15317e-05,3.36107e-05,0.9213396251,0.1337570814,2.3229708681,0.3990013027,0.6033502154,0.1147805567,0.2051660668,0.0920676132,0.1342279395,0.032462341,0.8939053933,0.1919204788,2.4263977811,0.3540711115,0.7254464024,0.1401685841,-1.4769883083017534,8.341251068683418,-3.9388035428010104,0
34,445.44247721179056,16662,18,37.40550318482058,0.23705,0.0359450622,-0.0328218439,3.3025480682,0.2839312713,0.23815,0.0504958167,0.7215747716,2.7267586518,0.0856593606,0.5248,0.0526399088,0.4319631965,2.6415273107,-0.3413640752,0.0392,0.01203578,-0.0185265563,2.6259478342,0.3043734211,0.5456220096,0.0947022314,0.8484034911,3.4253782547,-0.8635221895,0.0826555024,0.0597262974,0.8789371502,3.761670565,1.0976893407,0.371722488,0.0491667363,0.4281148693,3.1463976855,0.2088594571,0.040861244,0.0094451264,0.07835099,2.9952153933,0.3006338164,0.4966756046,0.3013960367,0.0006447036,0.0004493153,0.9432017141,0.0275708876,2.3635649398,0.4861032146,0.0253821421,0.4481402174,2.1025e-06,1.0548e-05,1.59284e-05,9.5303e-06,0.2559844027,0.1806118017,3.0093230079,0.3858536273,0.0185946854,0.2864174702,0.50414,0.0200360525,0.0409278671,0.0044217296,0.1990821591,0.1504624106,2.9438687283,0.4184943473,-0.0223928259,0.2031217243,0.4574226945,0.3028751439,0.0186010091,0.0120106403,0.9935133457,0.0025543903,2.1312519905,0.1160873071,0.5489577562,0.1589183738,-0.0001525643,9.81707e-05,6.23832e-05,3.92987e-05,0.9443257266,0.0561388831,2.6149810906,0.3031303445,0.7445562774,0.2546252976,0.1747992573,0.072609686,0.1270182859,0.0267330425,0.9257047736,0.098406883,2.8397636848,0.3277452218,0.8996434529,0.2828790242,-1.3973023314004314,2.3233266636466983,-4.448531124063302,0
35,791.6429100178949,28774,30,36.34719598429748,0.2381,0.028694773,-0.091100572,3.5745030311,0.4972145165,0.25605,0.0319788602,-0.0028470223,2.3098467112,0.2196657942,0.50585,0.0370746207,-0.0775451753,2.9958266055,0.1749033705,0.03785,0.010056217,0.0082266763,2.9765869372,0.148443142,0.4238906752,0.1192176032,0.8970195011,1.9666344597,-0.0001440594,0.1032636656,0.0738886009,0.912783502,2.6389804069,0.7005149201,0.4728456592,0.059837846,0.5835493873,2.4928147977,-0.4217095384,0.0392765273,0.0109091865,0.1336939451,3.6204677988,0.5066575898,0.4991242268,0.3025463527,0.0005144605,0.0004221452,0.9414137526,0.0475330101,2.2538262294,0.4209138033,-0.1581966321,0.4060434841,-1.8427e-06,4.8751e-06,9.5275e-06,5.7387e-06,0.0440375248,0.1057302571,2.9344315559,0.4226991437,-0.0157549275,0.2472252554,0.492205,0.0136563072,0.035606799,0.0020060203,0.0102268066,0.13977032,2.8304670073,0.4760087785,0.0049246706,0.2435164994,0.4581470641,0.3133147905,0.0196400482,0.0123854541,0.9952723193,0.0023697872,2.077484203,0.1228944208,0.5291668861,0.1731683997,-0.000114225,7.15015e-05,5.36619e-05,3.34793e-05,0.9660936528,0.0238360293,2.1659124056,0.0658773254,0.5336663544,0.1650434138,0.1950276376,0.0709023762,0.1348229958,0.0242301198,0.95464581,0.0342386102,2.3533022901,0.14753567,0.6984890908,0.212234169,-4.2477437994047635,1.6576643184140598,1.2033211632879024,0
36,120.90530689176468,4481,48,37.06206216416476,0.2479,0.0328571149,0.1208016259,2.8409420065,-0.0944914835,0.26255,0.0369695483,0.336474233,2.8234561512,0.0086397626,0.48955,0.0420778742,0.2702016651,2.4135378775,0.1365296749,0.03725,0.0101581248,-0.0538628845,4.2287419368,0.8236507789,0.5088392857,0.1365224703,0.9019600599,1.6558909214,-0.3464750323,0.0866964286,0.0828632522,0.9472322762,2.3099959395,0.838448448,0.4044642857,0.0646120191,0.6902290746,2.101380684,0.1301357187,0.0454464286,0.0104487177,0.152443972,4.6063870257,0.4920313673,0.4951300908,0.3004337928,0.0031271886,0.0020754913,0.9529156194,0.0311308896,2.2270124455,0.4826333475,0.0805528769,0.413349559,2.5264e-06,4.88453e-05,7.83066e-05,4.6535e-05,0.3891199574,0.1464213203,2.9234862247,0.3941460433,0.119141145,0.3139626005,0.4983875,0.0266684546,0.0428329639,0.004938935,0.2856544271,0.1474667475,2.8911072696,0.3549098239,0.0756509039,0.2765313839,0.4451965243,0.2704215252,0.022687981,0.0139936234,0.9718940842,0.0137589389,2.1977695923,0.1289846026,0.6323085208,0.1021304174,-0.0008571867,0.000522831,0.0003881349,0.000238775,0.9512013783,0.0230702387,2.2067487996,0.1413128137,0.6215640039,0.100104394,0.1565017959,0.0267362842,0.1452040189,0.0156127897,0.941518631,0.0232200646,2.5145695343,0.2310734586,0.8472131021,0.1446068561,1.101295267374833,-1.6801352820697062,2.1705577918716945,0
37,176.20772341521746,6674,70,37.87575181522167,0.2341,0.0372517114,0.1117534168,2.8171491006,-0.0360296015,0.2437,0.0319266346,0.2467050334,2.584770727,0.3740421718,0.5222,0.0339287489,0.0651473251,3.9082393359,-0.6529055157,0.0393,0.0106775465,0.132889669,2.4390465089,0.3304431468,0.4296428571,0.0944620915,0.8577127475,2.1010383211,-0.1642368316,0.0897857143,0.0754057392,0.8933050761,2.3099547259,0.8551173908,0.4805714286,0.0445897398,0.3568987311,3.0548932486,0.1369505317,0.0421428571,0.0135902126,0.6099724423,2.8823631757,0.1932190473,0.492645685,0.2998373229,0.0024549435,0.0018714418,0.9288980356,0.0536019995,2.663860683,0.534317539,0.0207626152,0.5032018668,-1.81335e-05,7.30989e-05,6.19811e-05,3.9677e-05,0.2911427125,0.2034214481,2.9140374739,0.4503375465,-0.0458330309,0.3267025556,0.491065,0.0314468564,0.0401529363,0.0082007748,0.2437631033,0.2152028996,2.7437383926,0.3469809574,0.0473945845,0.2383251018,0.452438682,0.2753582448,0.0232493501,0.0136463501,0.9759870387,0.0088836541,2.3016312038,0.2172504827,0.7157031424,0.1339494488,-0.0007281205,0.0004356535,0.000314756,0.0001846535,0.9579919447,0.0057488092,2.3568641699,0.2777126641,0.7093101512,0.1493309963,0.153552904,0.021348553,0.1460711921,0.0136951112,0.947003273,0.0087983609,2.6465286283,0.4415138319,0.9154027093,0.1909924944,0.20680510074618055,-2.856575016768683,-0.05734230394258684,0
38,436.0714294161386,15114,56,34.65945939232093,0.25265,0.0292442729,-0.1258499966,2.9821465385,-0.2597475691,0.23155,0.0329597861,0.2191552337,3.3372334386,0.4319417065,0.5158,0.0364192257,0.049363377,2.8909403518,0.0161727343,0.0352,0.0104383907,0.0018318716,3.6907105707,0.1447342792,0.3754824561,0.0853975977,0.8522532519,2.1620590712,0.0347803172,0.1131578947,0.0936064999,0.9404770751,2.4688136071,0.7649775883,0.5113596491,0.0425491722,0.3076429919,3.2258987487,-0.285567117,0.0455263158,0.0134158917,0.3046135423,3.6215924052,0.4421461984,0.4984994749,0.3032385903,0.0008220169,0.0005661986,0.9472827463,0.0378388234,2.4489296757,0.5660310013,-0.1226045649,0.4455321373,4.9265e-06,1.11924e-05,1.60292e-05,9.2907e-06,0.0130318754,0.1492779337,3.1232645797,0.3735791894,-0.1455791878,0.2596996318,0.505485,0.0195365305,0.0349205172,0.0024023376,0.0081177443,0.1235588076,3.0620946751,0.5209756143,-0.0259016426,0.235343712,0.4445972566,0.294019946,0.0256866295,0.0158208515,0.9935666706,0.0024227753,2.1216264519,0.147700132,0.5802179953,0.160815808,-0.000209958,0.0001273613,9.74896e-05,5.98133e-05,0.9697828092,0.013044596,2.1598341997,0.136878549,0.5799249942,0.1459424271,0.1763379434,0.0515888011,0.1389103863,0.0154000706,0.9570889158,0.0237294149,2.4536918577,0.2473907394,0.7856922656,0.2145447557,-4.299442468269786,0.7828100763437944,2.456847926555602,0
39,410.9121127952033,14271,30,34.730054324566964,0.26995,0.030963648,0.0420304472,2.8376349547,-0.1194973891,0.26745,0.0352668045,0.1946455567,2.6518616948,0.2418325186,0.4626,0.0395820666,0.0351171384,3.4204773378,-0.0032757983,0.0357,0.0099,0.0408662406,3.8272457222,0.2152285017,0.4364052288,0.0933586407,0.8630754411,1.9979102884,-0.1413180357,0.0863398693,0.0609725282,0.8776062199,2.545582358,0.7002542284,0.477254902,0.0478523778,0.4264809525,2.5607057414,-0.0310841552,0.0435294118,0.0129967612,0.0825175911,3.6750798254,0.6099611905,0.4991972924,0.3031275222,0.0007903705,0.0005013913,0.9460108575,0.0396064917,2.3290014208,0.6158644815,0.0041480761,0.3971175982,-1.3488e-06,1.15551e-05,1.65234e-05,1.01631e-05,0.0568430656,0.1154239357,2.985002682,0.4905862647,0.0305141148,0.2862952411,0.4946325,0.0181480114,0.0360585262,0.0025366937,0.0420602795,0.1017819285,2.850300577,0.2871931408,0.0564871107,0.2132474798,0.4477936324,0.2834596985,0.0225942049,0.014570085,0.9914884378,0.0038153514,2.1219552158,0.141429116,0.6314389816,0.0995237632,-0.00024075,0.000150837,0.0001143753,7.37725e-05,0.9739295897,0.0074407095,2.1277800331,0.2242428269,0.5932029592,0.1318054683,0.1664106274,0.0159613939,0.1501780731,0.0091471371,0.962827582,0.008710335,2.3765383434,0.247363636,0.7828739434,0.1356092854,-3.830912967021463,-0.5052513246265731,2.16280229783497,0
40,226.5107681069608,8456,45,37.33155854209539,0.2762,0.0442273671,0.3804093973,2.6749185592,-0.1196495023,0.2655,0.0521656017,0.5547892355,2.8936598662,0.431458718,0.4583,0.0428381839,0.4173993092,2.4540599841,-0.0048786724,0.0318,0.0096311993,0.1025264974,3.6942357609,0.3730330341,0.4444117647,0.0972093307,0.9021994088,1.8184323517,-0.2904697614,0.0809803922,0.0533120632,0.876049351,2.6899597151,0.833032983,0.4746078431,0.0542583068,0.6598132593,2.1092549246,0.0851463058,0.0455882353,0.0098342668,-0.1458954763,2.7558427552,-0.0095767979,0.4940516143,0.3007766373,0.0024905637,0.0015924392,0.9327369956,0.0341168069,2.3270507952,0.7102597786,0.0405345479,0.2999481565,2.93634e-05,5.16257e-05,7.74211e-05,4.6176e-05,0.3592959119,0.1908943995,2.8420860093,0.3675920239,0.0377035889,0.2169252008,0.5078375,0.0308358674,0.0423487408,0.006389016,0.2634248571,0.1916739773,2.7221194688,0.3978676596,0.0394376438,0.2154175882,0.447474935,0.2720608305,0.0221259437,0.0137092275,0.9710112614,0.0103348203,2.5232738426,0.1627026942,0.832301908,0.078762324,-0.0008567144,0.0005120329,0.0003428394,0.0002140329,0.9407972914,0.0087946256,2.8922821972,0.3443837237,0.9248205433,0.12605863,0.1383672607,0.0138330051,0.1393206191,0.0106198871,0.9389659834,0.0124936829,3.1653996427,0.4693911852,1.1108289536,0.1684210309,0.8987076468109791,-2.879138263137715,1.7479806438498577,0
41,362.5968281676437,13248,36,36.53644756615161,0.22305,0.0290679807,-0.0678190331,2.4311894609,0.2698029389,0.2912,0.0344972463,-0.1405647769,2.354902585,0.4330673184,0.48575,0.0378178199,0.0658961202,2.927563853,-0.3999993426,0.0344,0.0099569072,-0.028280228,3.026230464,0.1354110414,0.5363302752,0.1121651841,0.9122089919,1.9188519937,-0.1877368533,0.065412844,0.0489997587,0.8552634724,3.1149310945,0.8912301328,0.3982568807,0.0706827002,0.8379195193,1.9795865663,-0.0307775656,0.0421100917,0.0129977694,-0.0054505195,3.0259734471,0.5009653977,0.4953307716,0.3017188818,0.0016377251,0.0011385799,0.9548721131,0.0292322464,2.3738663339,0.4656034137,-0.0158032482,0.4544151964,-6.7663e-06,3.09832e-05,3.3712e-05,1.94482e-05,0.214943114,0.1834778638,3.1545354913,0.6674530796,-0.1003926563,0.3265915725,0.4908975,0.0273674326,0.0386957687,0.0043581086,0.1698224297,0.1273193436,3.1747236812,0.6192528199,-0.0231110357,0.2812120314,0.448750556,0.276624323,0.0221940992,0.013139458,0.9862735113,0.0046159011,2.2299114256,0.1913668487,0.6628990482,0.1413598985,-0.0004142904,0.0002516031,0.0001837867,0.000110224,0.9646312982,0.0100377559,2.3818360838,0.2391693434,0.697373612,0.138295373,0.1631636462,0.0340065157,0.1442429261,0.009940094,0.9552980316,0.0088322091,2.7091856436,0.4487065069,0.9046663936,0.2267323357,-2.167317738958908,-1.5564671261996519,0.24317218868437643,0
42,179.53204701521227,6691,63,37.26911217935955,0.31655,0.0421704577,0.2481930711,3.4473997884,-0.0950984828,0.208,0.0357770876,0.277048593,2.3988787842,-0.0194236569,0.47545,0.0386593779,-0.111713759,2.9634918723,0.0652238172,0.04165,0.0111142926,0.2160065264,2.923581576,0.5319292716,0.5898026316,0.167829489,0.9531278837,2.0875765144,-0.4431647629,0.0548026316,0.0495867182,0.8641014023,3.076389562,1.0195764159,0.3553947368,0.1229536797,0.9388846894,1.934835293,0.2379438026,0.0432894737,0.010373062,-0.1743670421,3.1287210956,0.1072125687,0.4942383458,0.3005191758,0.0018467012,0.0012349613,0.909024145,0.047171036,2.5727140201,0.4190021874,0.0643182135,0.3903228432,2.5432e-06,5.82394e-05,6.40969e-05,4.01147e-05,0.3591731098,0.1226994365,2.8733486232,0.414812251,0.0040030851,0.2887056793,0.4947025,0.0343735126,0.0427181004,0.0038405105,0.2506926234,0.1187115954,2.9574188143,0.4514617871,-0.0547315576,0.2122698044,0.4616494476,0.2807884299,0.0142146334,0.0089546263,0.9646503246,0.0190935501,2.3055491765,0.3758471592,0.6455614049,0.1821794889,-0.0007145293,0.0004241012,0.0003228404,0.00020462,0.9432363,0.0316597616,2.4200759445,0.6437695005,0.6648699972,0.2541792307,0.1498089355,0.0210268963,0.1411402614,0.0154017363,0.9300644137,0.0234073164,2.8561585546,0.5836094574,0.9795820677,0.2328351773,2.3178842456447204,-1.1635239041348686,-0.5564706500997034,0
43,709.1479649894108,26330,64,37.129063749612776,0.26485,0.0362660654,0.1987053333,2.55988277,0.0285253499,0.26935,0.0343122063,0.1446187042,2.6704393246,0.125315007,0.4658,0.0378597412,0.0628514369,2.6867574621,0.0002657987,0.0354,0.0102635277,-0.1136857405,2.5801525661,0.3501128406,0.46025,0.0964485555,0.8825191885,2.2807260424,-0.3535207835,0.0783636364,0.0603441234,0.8815981695,3.2976742784,0.9930569083,0.4613863636,0.0479939465,0.5403539433,2.5174771304,-0.1613352122,0.0475909091,0.0119987086,0.020535356,3.8581020923,0.4196606567,0.4958526175,0.3017891493,0.000586056,0.0003709606,0.9526980649,0.0343465783,2.3094641697,0.4191624112,0.102975174,0.4012449598,-2.0686e-06,8.3422e-06,1.23849e-05,7.1742e-06,0.1253164455,0.1388699324,2.7451667138,0.3294889049,0.0314280604,0.1947965969,0.49105,0.0160920788,0.0365488293,0.0038439016,0.0969173472,0.1042476357,2.8609167038,0.3446420079,-0.0336964125,0.1992840322,0.4500762147,0.2974667861,0.0227640123,0.0142564393,0.9942498831,0.0026359826,2.0793416661,0.1016615082,0.5627604748,0.1006397314,-0.000156702,9.47864e-05,7.27499e-05,4.48732e-05,0.9723319209,0.0046533823,2.1258640058,0.1351254323,0.5321911124,0.135979463,0.1759499967,0.0251051194,0.1428747965,0.0066107199,0.9605416676,0.0061822967,2.3396966552,0.1868505386,0.6958486562,0.1829486804,-4.144496088785431,-0.5559031069350147,1.640624294001676,0
44,373.81048589009777,13752,54,36.78869512516339,0.23305,0.0291881397,-0.0347885211,2.7355955857,0.3031177742,0.264,0.030273751,0.2341618122,2.7899368104,-0.2920972866,0.50295,0.0348933733,0.199915672,4.2580363798,0.7195070622,0.03515,0.0098095617,-0.1720474382,2.5515849544,0.1170022749,0.4458636364,0.1015803737,0.9125654396,2.089262156,0.2255697524,0.0783181818,0.0473827609,0.8607128352,2.8888640559,0.7573767047,0.4758181818,0.0667475817,0.7478899794,2.6456251313,-0.3175489616,0.0434090909,0.0123754122,0.0373572802,2.7138285961,0.5862435339,0.4946028543,0.3009687497,0.0008162136,0.0006403845,0.9312050967,0.0560389183,2.6127356603,0.9055758693,-0.1392421262,0.5282530725,-6.667e-07,1.3693e-05,1.84645e-05,1.19598e-05,0.0733316194,0.1536098376,2.9995130342,0.6522561782,-0.068337431,0.269520388,0.5009825,0.0220043761,0.0363004061,0.0039604475,0.0495819734,0.1241287133,2.8450737946,0.5933145307,-0.0595869915,0.2771384004,0.4572899353,0.2951159618,0.0181987012,0.01177592,0.9902331595,0.0045551778,2.1653640356,0.1475443522,0.5831061351,0.1799366406,-0.0002054977,0.00013546,9.20995e-05,5.69157e-05,0.9323918252,0.1098543969,2.3577397259,0.1995336933,0.6339349931,0.237756088,0.1825165553,0.0839343464,0.1324662563,0.0271953469,0.919975462,0.1227008113,2.6156342685,0.2474382366,0.7767501524,0.3752723874,-1.129174531125799,5.214923902790084,-2.9624316011243788,0
45,167.92470645984642,6036,51,35.944680965950106,0.2547,0.0310146739,0.2709663216,2.7370044792,-0.1560085575,0.2536,0.0333622541,0.1427480911,3.0314981613,0.0741247195,0.4917,0.0355121106,0.1722269266,3.0487050325,-0.1514820321,0.03165,0.0097738171,0.0814511267,2.7549360321,0.3120987903,0.5785294118,0.1640743319,0.9610869289,1.9455272902,-0.3976137344,0.0740196078,0.0741356706,0.929131594,3.833361363,1.3764580455,0.3474509804,0.101567965,0.9096530287,1.8709190709,-0.0296475515,0.0368137255,0.0093092094,0.0477033189,2.6731243619,0.1023152569,0.490604992,0.299380204,0.0024082088,0.0013805733,0.932735702,0.0411858545,2.4935154478,0.4155810046,-0.1049849235,0.4833592896,-7.4903e-06,5.97825e-05,7.61634e-05,4.25336e-05,0.351931099,0.2046612323,2.7757267321,0.3861199538,-0.0679128889,0.3060240845,0.4891025,0.0313597811,0.0433544674,0.0062818215,0.2792315434,0.1936489456,2.9021350342,0.4832165306,0.0217808208,0.2537466708,0.4485207114,0.272392249,0.0227504356,0.0134585444,0.9714354649,0.0140835478,2.4079797689,0.2365660477,0.7681396553,0.1292613364,-0.000866345,0.0005261843,0.000345214,0.0002021137,0.9411668383,0.0332508432,2.5961556038,0.2759999551,0.8270857649,0.1252289419,0.1404885257,0.0187679382,0.1361773668,0.0127874114,0.9324388883,0.0243070788,2.9504396098,0.3761673128,1.0395211953,0.1540137379,2.1434204075233256,-2.3281263578323257,-0.7788775089176796,0
46,537.7907800818848,19137,66,35.58447022294836,0.26645,0.0351375511,0.2636323813,3.7325428758,-0.181640457,0.2655,0.0360173569,0.3118734906,2.5461920593,-0.1229252517,0.46805,0.0391592582,-0.0167149452,4.3594482137,0.6184455858,0.02915,0.0104416234,0.0177396254,3.0715666919,0.4369059389,0.3839928058,0.0727348092,0.8099883274,2.2361454755,-0.2001948304,0.0905755396,0.0593976937,0.869972466,2.4215718229,0.6105965147,0.5254316547,0.0374285027,-0.0005939313,2.9877258137,-0.1760951037,0.0462230216,0.0121270511,0.1084594669,3.0234108226,0.3488971441,0.4982378918,0.3029208884,0.0010721826,0.0008224538,0.9531159133,0.0355332362,2.3628578515,0.6015597522,-0.1023052873,0.4584223935,1.3162e-06,1.27522e-05,1.8983e-05,1.14749e-05,0.093738206,0.134040019,2.9866903877,0.4638320884,-0.0371347965,0.1925548192,0.4991475,0.0185923874,0.0348401016,0.0029199651,0.0590649598,0.1217680562,2.8978931398,0.4876941595,-0.0073615084,0.2321383607,0.4472040794,0.3033286415,0.0224342122,0.0167194269,0.9823989481,0.025274131,2.4491294076,0.2849221658,0.7735280909,0.3050918464,-0.0002007814,0.0001437837,8.75203e-05,6.05233e-05,0.8599836883,0.2962095962,2.3290569143,0.1408818653,0.6738148883,0.22808144,0.2016227884,0.0958303122,0.1356015336,0.0365448771,0.8581812333,0.3029811841,2.1423950767,0.2303290812,0.6469698037,0.2520721532,4.599770092358398,15.770870047372277,-6.802772459118019,2
47,472.8249393395992,16904,24,35.75107527874913,0.24125,0.0343756818,0.2361944897,3.1180939071,0.3406578359,0.2485,0.0422936165,0.3779292595,2.4246152359,0.2011197046,0.51025,0.0398959584,0.0585424663,3.4107034905,0.3135334418,0.0385,0.0103561576,0.0384929239,2.7946435849,0.2079773444,0.558287037,0.142276729,0.9494632171,1.8823420617,-0.1133340108,0.0850925926,0.0613655617,0.9029240965,3.0747613036,0.884821787,0.3566203704,0.0886337363,0.8880808636,2.0788125874,-0.1104041697,0.0363888889,0.0106899341,0.0023335241,3.4237359924,0.449377067,0.5033263468,0.3041245772,0.0019915867,0.0015568106,0.9255881667,0.0510310137,2.399966509,0.6643490195,0.0238554194,0.3840331956,-1.25608e-05,9.27616e-05,5.17565e-05,3.20024e-05,0.2436356206,0.1785964412,2.8711629094,0.4081954072,-0.0144888099,0.2981254559,0.4932975,0.0381272884,0.0390020157,0.0033714461,0.1840221391,0.1061423029,2.8146283319,0.303641591,-0.0046947051,0.2108713188,0.4343848142,0.2634991605,0.024825208,0.0152130739,0.9798693843,0.0096546781,2.419622385,0.2634981997,0.7774945536,0.1400574546,-0.0007185941,0.0004402719,0.0002871561,0.00017409,0.9555379341,0.012463482,2.6619419504,0.3018663919,0.8505977997,0.1459168155,0.1373904806,0.0148817239,0.1372406507,0.0104609699,0.9472950868,0.0105323129,3.0646638179,0.364548157,1.0807644203,0.1469357442,0.1251528209396739,-2.7607097256145874,-0.1389454915680386,0
48,114.78370073816582,4229,32,36.8432100795113,0.35095,0.0578605868,0.5047291305,2.5623612296,0.1450325553,0.4006,0.0557865575,0.4964057406,2.8244692704,0.1292535634,0.24845,0.051762414,0.4906080196,2.5813636908,-0.0118686729,0.02015,0.0055432391,0.1223570794,3.9363814727,0.4692027605,0.7125961538,0.1463448587,0.9431774547,1.808364765,-0.3626374412,0.1013461538,0.0728348724,0.9075733167,2.3614699704,0.6297601419,0.1860576923,0.0778209022,0.8841444043,1.8827428988,0.2800639368,0.0264423077,0.0072281859,-0.0574484555,4.1217744483,0.520094735,0.4822600165,0.2940053666,0.0040927872,0.0031918219,0.8973877121,0.0463454522,2.5081440289,0.4227326599,0.1825483637,0.2598151195,3.90575e-05,0.0001455136,0.0002274311,0.0001616105,0.6538571488,0.1289870958,2.7953504932,0.4001632819,0.0553901103,0.315902889,0.49073,0.0753679232,0.0609454533,0.0116788258,0.5726572745,0.1580111451,2.6852778004,0.3208645145,0.0707344169,0.2629179848,0.4554156447,0.2775511959,0.0196947294,0.0120614711,0.8829786447,0.2175696193,2.1910865329,0.2698143407,0.6721813488,0.2046574166,-0.0019643705,0.0011600098,0.0009470976,0.0005810055,0.8705490917,0.2267433918,2.2276348726,0.3114983976,0.6296449094,0.3503254116,0.1468304543,0.0397865224,0.1518760925,0.032582627,0.8489715557,0.2008825782,2.65119878,0.5245906833,0.936980572,0.2713540002,33.775384875805884,16.67328124561609,11.476063164404625,2
49,184.47283358171927,6888,24,37.33883123201822,0.26585,0.0312014022,0.2510351158,2.6608482118,0.0777154854,0.2349,0.0339115025,0.265236799,3.5435595472,-0.2343076074,0.49925,0.0340027572,-0.0039796367,3.721975218,0.2139361872,0.03095,0.0094523807,-0.0603046291,2.6815514521,-0.1589583726,0.3824050633,0.0689471489,0.6790908458,2.2019494324,0.073342772,0.0929746835,0.0577177714,0.854925907,2.3794863725,0.5530769694,0.5246202532,0.0396804654,0.0424564014,2.2217187465,-0.0214326309,0.0436075949,0.0118251156,-0.0701420326,2.8574115143,0.2304849678,0.4965380722,0.3011050105,0.0013334896,0.0010381128,0.9190344213,0.0483499884,2.6106974609,0.6063843307,0.0915404318,0.4635265086,-6.169e-06,2.09285e-05,3.08893e-05,1.90806e-05,0.0991142756,0.1213062775,2.9814692423,0.3320878143,0.0764669666,0.2531677221,0.500045,0.0207750385,0.0362313104,0.0026576106,0.0865215077,0.1003952859,3.0162814954,0.3414747456,0.0753398967,0.2402367549,0.4478947663,0.2769999371,0.0226619056,0.0131658286,0.9879180341,0.003852233,2.1148021821,0.1271020873,0.5855009512,0.1271184915,-0.0003801652,0.0002308745,0.0001731295,0.000100648,0.9652920859,0.0095596683,2.1585594151,0.1557048161,0.575677998,0.1621123947,0.1745001846,0.0385901161,0.1446726115,0.0109320906,0.9565894035,0.0101455607,2.3696904273,0.1911660637,0.7514500954,0.1781361039,-3.0227025267975685,-0.6225329531082348,1.6629893933240747,0
50,679.5027416387529,24268,63,35.714351853052136,0.24405,0.0302547104,0.1077186686,2.2499590592,-0.1481987238,0.2451,0.0304218671,0.2663249194,2.7136741359,-0.0236243949,0.51085,0.0370206361,0.372073711,2.8690948682,0.2419456653,0.03825,0.0101334841,0.1176560187,2.9410464876,0.0775707618,0.4497533632,0.0886827225,0.8567808124,2.3122355385,-0.2345178307,0.0880044843,0.0580257016,0.8771968874,3.0523946718,0.8811732469,0.4622421525,0.0458100447,0.4399079139,2.579794975,-0.0655539248,0.0405381166,0.0116344598,0.1300119678,4.6034084911,0.6940249863,0.4976703411,0.302445057,0.0004863477,0.0003089824,0.9423287881,0.0361098192,2.5131438281,0.607931411,-0.0031364085,0.435758022,-4.1945e-06,1.00135e-05,1.31395e-05,7.6251e-06,0.33368124,0.1731433785,2.8988858132,0.4469762947,0.1349257981,0.25539677,0.4910525,0.0219203471,0.041421945,0.0036777159,0.2402458871,0.1344840291,2.8778276804,0.2522448139,0.0502153969,0.2069227652,0.4594229699,0.3098020183,0.018239019,0.0117869755,0.9950170664,0.0021386516,2.0108393618,0.0801179336,0.4592281341,0.1397295708,-0.0001173631,7.42655e-05,5.03924e-05,3.12909e-05,0.9193897905,0.1102904571,2.5875546564,0.7319715823,0.6746778091,0.17459026,0.1950249465,0.0743520969,0.1246209816,0.0270381515,0.8902059462,0.1826032552,2.6648280406,0.5526060748,0.7574830042,0.1822833095,-0.9553903812680531,6.538645929845785,-5.80631465448844,0
51,664.2118368835577,24253,30,36.51395331012713,0.26615,0.032671509,-0.2505070984,3.1844252328,0.1820702871,0.2464,0.0335341617,-0.0269640708,2.7242948614,-0.0034688476,0.48745,0.036663981,-0.0561231077,2.5891379032,0.1655422099,0.03375,0.0094174041,0.0329432943,2.5095465198,0.2553636388,0.4328191489,0.1049220206,0.8659635807,1.9781222065,0.0231238272,0.0840070922,0.0628129607,0.898740983,2.4393897969,0.7205511863,0.4831737589,0.0576669481,0.5399941123,2.4559568636,-0.268986114,0.0430673759,0.0116800915,0.1550690882,3.0039972697,0.2502813212,0.499396234,0.3035836218,0.0006543938,0.0005112426,0.9475429565,0.0327122408,2.2599226726,0.4008539296,0.0507485954,0.3632144551,1.943e-07,6.3234e-06,1.16687e-05,6.9184e-06,0.0060051609,0.1082946579,2.7789021306,0.2902445069,-0.0095791328,0.1527389616,0.5036075,0.0140163322,0.0362267572,0.0021361029,0.0061981763,0.1095297387,2.8717775783,0.3424606914,0.0542824266,0.1803716457,0.4481786238,0.3074006415,0.0242507044,0.0145191936,0.9952298816,0.0026696386,2.0746697355,0.1502047461,0.5224239698,0.1717491197,-0.0001332008,7.68143e-05,6.54313e-05,3.82056e-05,0.9640153555,0.0222828669,2.1154217602,0.1641588473,0.5086630197,0.1888991537,0.1951776125,0.0574154299,0.1406400024,0.0184279968,0.9532108512,0.0289494312,2.3334469706,0.2395110685,0.6715837673,0.2559245646,-4.156531675658257,1.3656815312975543,1.6833792909511283,0
52,839.1748612505455,31119,56,37.08285535821009,0.2506,0.030143656,0.1708480849,2.6901796984,0.2080791472,0.2601,0.0409693788,0.2807664967,2.7034872656,0.3171804716,0.4893,0.039598106,0.2916944863,3.2787304396,-0.0633245559,0.0336,0.0101754607,0.1164060417,2.7377984875,0.3109550112,0.4247569444,0.0695579541,0.7163201408,2.3683826448,-0.0876529085,0.0982291667,0.0586078918,0.8791055344,2.7826402596,0.6766349996,0.4770138889,0.0359171474,0.0716296482,2.3498205271,0.0548152991,0.0448958333,0.0112649399,-0.0939993235,3.0443469463,0.3064652155,0.4995069804,0.3031486154,0.0007132746,0.0006101021,0.9320545325,0.0418380976,2.483004031,0.4868786476,0.0027645737,0.3560186611,2.2695e-06,1.41035e-05,1.70253e-05,1.05902e-05,0.237988257,0.152190907,2.902792821,0.4459696486,-0.0171632329,0.2126584278,0.500505,0.030460158,0.0403677177,0.0043152193,0.1959358744,0.1633595206,2.8573083371,0.4089550828,-0.0524256019,0.2014617047,0.4526592662,0.2981494703,0.0193088847,0.0126983395,0.9919327939,0.0031146157,2.4108622662,0.1729399676,0.7702215643,0.1272783613,-0.0001864233,0.0001167799,6.97816e-05,4.49744e-05,0.9608454638,0.0051645599,2.9988457418,0.3689700379,0.9809060982,0.1724276319,0.1457314222,0.0177986158,0.1329662162,0.0057343173,0.9618456512,0.0029283529,3.2449190715,0.5286222726,1.1179718376,0.2092598747,-3.5489204159801333,-1.1111922737161235,-0.20123645102931728,0
53,648.0453202495141,24207,16,37.35386900206251,0.26895,0.0329036092,0.2272491783,3.2347052481,0.1640862804,0.2284,0.0327481297,0.3014687221,2.9346460996,0.0755061924,0.50265,0.0365202341,0.2425932125,3.1931076081,0.3365359511,0.03345,0.0106464783,0.0515723844,3.387094195,0.1653527816,0.4265368852,0.0771096374,0.8192246783,2.5271418273,-0.4782727853,0.096147541,0.0649094163,0.9088454742,2.5628701417,0.7675930112,0.4773155738,0.0359739603,0.0548678304,2.5794680672,0.1274323443,0.0440163934,0.0125145709,0.2128528332,3.7490517088,0.5624784451,0.4970649208,0.3019218178,0.0004315307,0.0002799022,0.9547315596,0.040177939,2.4300899939,0.6638290939,0.0663411096,0.4524148972,-1.2356e-06,4.9069e-06,9.2715e-06,5.8703e-06,0.0443260717,0.1299395619,2.7887843414,0.2655259926,0.0784387576,0.1622591025,0.49616,0.0129308507,0.036402466,0.0024815262,0.0440279853,0.1142693276,2.8521706458,0.3390012749,-0.0137166511,0.1612979087,0.4584596461,0.3154617525,0.0190997478,0.0122199533,0.9952838793,0.0022411019,2.1518190136,0.1465198124,0.5974644139,0.1261939213,-0.0001156738,7.54361e-05,4.46963e-05,2.88257e-05,0.9649979658,0.0075795646,2.7056902494,0.352825658,0.8320028355,0.1693411283,0.1538398268,0.0201193741,0.1280423259,0.0061949921,0.9547167072,0.0068067394,2.9585081099,0.2778924853,0.9755939248,0.1475071773,-4.426973990001716,-0.13252618058438062,0.5343225030259943,0
54,580.4255917624478,21699,30,37.38463690774132,0.2676,0.0316660702,0.2817536194,2.5631355017,0.1149047629,0.28115,0.0395275537,0.4527555756,3.2937649502,0.0242775269,0.45125,0.0346509379,0.1502427915,3.5926973062,0.1210605706,0.03605,0.0095208981,0.0003486319,2.6901986659,0.1414209735,0.3936940299,0.0999214787,0.8843965679,1.8663108362,-0.0234474892,0.1134328358,0.0738655947,0.8443972035,2.2970846989,0.5841415101,0.4928731343,0.043654755,0.4261702869,2.6665418088,-0.390891189,0.0436567164,0.0117206951,0.1291156856,3.9523254567,0.7381319038,0.499249812,0.3031920843,0.0009746881,0.0007223743,0.9438839927,0.040999835,2.4522642225,0.5433461082,0.0087076326,0.4469530395,-6.7074e-06,1.83479e-05,1.94681e-05,1.1991e-05,0.1357782758,0.103046931,2.827964584,0.4361635968,0.0475437747,0.2356095111,0.4939125,0.0249995544,0.0367998247,0.0028635687,0.0898269983,0.1064117952,2.7870123093,0.3631616258,0.0931412452,0.1868159445,0.4490019888,0.289805893,0.0221734253,0.0137904686,0.9925449497,0.0036606521,2.0748408825,0.199129895,0.5370344954,0.1828602354,-0.0002356058,0.000140756,0.0001043321,6.51772e-05,0.9648472977,0.0112913371,2.3594576387,0.2093109123,0.6594463344,0.1339194428,0.1693012501,0.0510043779,0.1346616053,0.0106038565,0.9564190577,0.0114922274,2.6831326962,0.2487361947,0.8700213697,0.1662906075,-3.474641290459262,-0.2776421984928831,1.0295945607930994,0
55,700.3289558677286,25610,16,36.56852938240779,0.26665,0.032031664,0.1892609593,3.3890970687,-0.1495366864,0.2902,0.0324416399,-0.0520732455,2.9128568249,0.1554032714,0.44315,0.0350118194,-0.1101889784,2.8425966197,-0.2478322372,0.0351,0.0087172243,0.0327003983,3.1610741372,0.252410142,0.4580941704,0.1186341367,0.9269686421,1.9465498909,-0.1856578165,0.0832959641,0.0647659625,0.8954892132,3.1379054506,0.9307386215,0.4586098655,0.0655254395,0.7229254835,2.3083406221,-0.221532243,0.0425336323,0.0116360153,0.2316823386,3.243580941,0.4952592908,0.4966118973,0.3008343549,0.0008501274,0.0005914579,0.953815159,0.0491930914,2.2417367068,0.5218843441,-0.1629787375,0.4078754827,-1.4323e-06,1.27442e-05,1.52865e-05,9.5494e-06,0.0894347848,0.178619865,2.7685307293,0.3392597604,0.0759811469,0.2041784834,0.50074,0.0177257976,0.0369295111,0.0037161419,0.036393822,0.1616709135,2.7493632074,0.3728908828,0.0043385559,0.2226846336,0.4503878442,0.2961945311,0.0214917698,0.0130741942,0.9925361074,0.0043264103,2.1734576158,0.1267129352,0.6150266977,0.1419825468,-0.0001822903,0.0001055431,8.30379e-05,5.00619e-05,0.9672924222,0.011388801,2.2996022486,0.211590303,0.641426218,0.1547812853,0.1759875306,0.0435206274,0.1385966872,0.0109065048,0.9605720119,0.0125111113,2.5052621156,0.2374707493,0.8002121577,0.198763443,-3.5383017655857434,-0.24470844247788368,1.442879482949947,0
56,939.7670611487354,33074,30,35.19382766998835,0.25885,0.029015987,0.0384588749,2.8005390187,0.1211624483,0.23585,0.0315915732,-0.0825856982,2.5783475647,0.1999148086,0.5053,0.0307312544,-0.0469725664,2.5069400318,0.0477210688,0.03635,0.0092697087,0.1597122571,3.0079197783,0.3933135521,0.4337540984,0.1133444852,0.899775834,1.9899962768,0.0285674325,0.0962295082,0.0767274062,0.9240092185,2.5279715343,0.7523307414,0.4700163934,0.0549761474,0.5400343707,2.8957522547,-0.4341241679,0.0439180328,0.0120372306,0.1543119793,2.7133549319,0.405729729,0.4971918372,0.30276286,0.0005196268,0.000362229,0.942676992,0.0392616709,2.6539984191,0.6803170324,0.0596640626,0.5951112476,2.068e-07,6.565e-06,1.0736e-05,6.3242e-06,0.0455927282,0.1072154046,3.029553151,0.3617028441,0.0189415922,0.2102110258,0.4959975,0.0147508345,0.0358136694,0.0024771871,0.0550746087,0.0910264042,2.9215523237,0.3220611413,-0.004182872,0.2570307978,0.4613729107,0.3129763993,0.0176744832,0.0124200405,0.9934637333,0.0038571178,2.1448346597,0.3099955145,0.5351602565,0.2464489143,-0.0001173617,8.13164e-05,5.32508e-05,3.54156e-05,0.889375064,0.2108531773,2.3258544538,0.3952302452,0.5671672456,0.2659122122,0.203130206,0.0989395973,0.1274452893,0.0343356839,0.8403215484,0.3283177159,2.5554949443,0.3730650412,0.675993328,0.3411702301,1.2188467019159108,13.494234168266575,-8.20964926153433,2
57,419.9072269901306,15366,60,36.59379742078399,0.253,0.0295127091,-0.0256336039,3.6047972625,-0.0661724297,0.2402,0.0309347701,-0.0597939558,3.152113499,0.0750191087,0.5068,0.0365754016,0.1208930618,3.1938705532,0.145624233,0.03485,0.0092318741,-0.0790129657,2.4059973369,0.1202397069,0.3705095541,0.0912094683,0.8586768861,2.0211611758,0.077622477,0.1294585987,0.0812081928,0.9042806495,2.16007861,0.5201345525,0.5000318471,0.0388222177,0.1520710809,3.1352290237,-0.3252650271,0.0406369427,0.0113811515,0.0636517939,4.2422898551,0.7046871508,0.4973491122,0.3024373132,0.0009442581,0.000652215,0.9439270557,0.0576545538,2.3456850939,0.5557509607,-0.1157042896,0.4009185674,-3.1906e-06,1.31401e-05,1.85774e-05,1.16709e-05,0.0571864261,0.1389844012,2.8256842027,0.275206134,0.1178943516,0.2248024745,0.49468,0.018907197,0.0364001356,0.0026401954,0.0435311797,0.1160200189,2.8430563209,0.3280218719,0.0652489412,0.1600721014,0.453414903,0.291469234,0.0213771147,0.0127735034,0.9921397286,0.0032639228,2.1238942636,0.1260654193,0.5591587083,0.1427303222,-0.0002229926,0.0001331498,0.0001000546,5.92872e-05,0.9676708867,0.0121877027,2.1592048441,0.1036727151,0.5488897599,0.1237493928,0.1747289991,0.0433093843,0.1377709813,0.0133121523,0.9556109378,0.0244626615,2.436120768,0.2010453724,0.7567107683,0.1931792164,-3.985158606146063,0.6226475160434578,2.0631399816702687,0
58,219.16669768070813,7962,45,36.32851196945714,0.2439,0.0378984169,0.4230760755,3.0497891431,0.4861670503,0.28965,0.0400889947,0.2098225978,2.7180416445,0.3968185694,0.46645,0.0412692076,0.2450578165,3.1146185195,-0.1198717342,0.03355,0.009091067,-0.0494061858,3.4266869694,0.7537263094,0.4745454545,0.1196648643,0.9218824802,1.8479304478,-0.0382535059,0.0923295455,0.0673480987,0.8760414514,2.744489669,0.8367463587,0.433125,0.0658955462,0.7112162927,2.2632288625,-0.0935234679,0.0419886364,0.0112699261,0.0338347245,3.469993115,0.6966446607,0.4962697545,0.3019423388,0.0016636726,0.001088731,0.9336233518,0.0355378793,2.2030366041,0.6192717094,0.0656561798,0.3543358843,2.22193e-05,3.34854e-05,4.52266e-05,2.70039e-05,0.2646696705,0.1359351503,2.8789058348,0.6066113828,0.0695552392,0.2530486896,0.51257,0.0192214099,0.0403003286,0.0039295052,0.2340004234,0.1206295962,2.8969491781,0.4552527709,-0.0340955944,0.258418491,0.4420972697,0.2696464413,0.0236395352,0.0144213871,0.9822315606,0.0071256039,2.2633860788,0.3594576782,0.6765784227,0.187804861,-0.0005319114,0.0003129388,0.0002493437,0.0001522273,0.9633937265,0.0110646621,2.3337971457,0.4729639142,0.7025614877,0.2201274496,0.1607392013,0.0216467381,0.1483137593,0.0121801724,0.9548766228,0.0103756313,2.6153469882,0.4541777395,0.9028250328,0.2172601467,-1.238147656355772,-1.50765192018926,2.1805749849378144,0
59,114.5963768916335,4249,32,37.07796105995576,0.2919,0.0432306604,0.4840206279,2.6766264986,-0.3205342066,0.2349,0.0320232728,0.0868643383,2.4719860333,-0.0427792759,0.4732,0.0447410326,0.4711031483,2.8948709621,0.3039871587,0.03375,0.0095229985,0.1735594393,3.6121978663,0.2903848256,0.475,0.08365301,0.830224525,2.6268376227,-0.1026908744,0.0826086957,0.0506880821,0.8562668369,2.6360450227,0.5038654925,0.4423913043,0.0461300045,0.3124040407,2.5713103565,0.0215121061,0.0366304348,0.010583742,0.0574680368,4.0914163468,0.6687832775,0.4923613165,0.3000918962,0.0021510413,0.0015072632,0.9198305535,0.042333345,2.5774009611,0.6650509048,-0.0505782742,0.4245650983,3.4516e-06,4.95928e-05,5.92392e-05,3.58005e-05,0.2149086811,0.1850781063,2.9828772714,0.5966237773,0.0761209902,0.2798301198,0.501205,0.0247518227,0.0394986098,0.0049071452,0.1291174036,0.189799529,3.0031767515,0.4341134976,0.0258522402,0.286596561,0.4444599265,0.2690031514,0.0242325508,0.0144312031,0.9769917678,0.0088675074,2.1366259161,0.1178661483,0.6107934568,0.0940659723,-0.0007788478,0.0004872846,0.0003494843,0.0002074718,0.9577558312,0.0196392724,2.1946563683,0.1631233003,0.6043306696,0.1082039805,0.1609155152,0.0256772035,0.1484804366,0.0134678807,0.9439160765,0.0172750401,2.5397809367,0.3453410595,0.8495484942,0.1797262151,0.2637402849085053,-1.9871151368439561,0.9020324133693461,0
60,636.6781372655578,22482,72,35.31140569166863,0.24475,0.0314751886,-0.0838707495,3.4250867272,-0.2815950665,0.2703,0.0317239657,-0.029116096,2.524775624,0.0423369126,0.48495,0.0388039624,-0.0038630419,2.8363443218,-0.1152747998,0.0339,0.0087629904,-0.1454921781,2.6989462978,0.3711313386,0.4201737452,0.0937448517,0.874010888,2.1169706053,-0.0777343944,0.0969305019,0.0723431534,0.9080713897,2.5983605197,0.7702305434,0.4828957529,0.0428825362,0.3332495254,3.1789244712,-0.2919034477,0.0402509653,0.0127583249,0.3009994582,2.6046473533,0.2396095638,0.4968547418,0.3016363759,0.0005346852,0.0003347292,0.9333029592,0.0558219052,2.1690400523,0.500831822,-0.0083209051,0.3388161156,-8.235e-07,6.9919e-06,1.12086e-05,6.8823e-06,0.0255811725,0.0941981014,2.8852253113,0.3982141327,0.0768272579,0.1806085322,0.49754,0.0151168499,0.0362917073,0.0030807838,0.0025746287,0.0925344193,2.9421808411,0.7003864338,-0.0451824032,0.222843857,0.4568889274,0.3111550021,0.0193677203,0.0132515213,0.994838145,0.0024869293,2.042255804,0.1036518233,0.4806795585,0.184165898,-0.0001225159,8.29576e-05,5.89971e-05,3.82406e-05,0.9331707222,0.1059895731,2.1267013213,0.1060705029,0.4573284096,0.2845525439,0.2056106048,0.0929105991,0.1343487373,0.0298211232,0.908600799,0.1464406094,2.3860380115,0.1286714843,0.6348721415,0.3523163635,-1.909396112124528,6.629996651144203,-2.7514351412870326,0
61,102.48722170774,3767,25,36.75580172074769,0.28065,0.0402035757,0.3409713444,2.6811367714,0.1570683262,0.2183,0.0514500729,0.5835411032,2.6589333739,0.2264980355,0.50105,0.0479442124,0.2623448384,2.9724420247,-0.2527578711,0.0374,0.0099619275,0.1164880551,2.7285429725,0.4467310454,0.463880597,0.1051609317,0.8824825995,1.9236511127,0.0784407949,0.1088059701,0.1005621867,0.8947889203,2.8583212248,0.9702371095,0.4273134328,0.051610831,0.4854399765,3.7266120632,0.2694863848,0.0405970149,0.0126231955,0.458868842,2.8595611539,0.3495991225,0.4853883017,0.2954749486,0.0034455513,0.0023808418,0.9125041089,0.0710841496,2.4480216903,0.403858213,-0.0538338489,0.3588906053,-1.05812e-05,0.0001202593,9.61584e-05,6.01863e-05,0.3287824436,0.1696389086,2.9260311921,0.5978858368,-0.0719905179,0.327232828,0.4969675,0.0321042609,0.0426215296,0.0058170516,0.291490704,0.1475460759,3.0010868396,0.456573933,-0.0410761325,0.2957690723,0.4572937338,0.2766221257,0.0220949271,0.0125890057,0.9644669113,0.0086289261,2.7576812352,0.2444086058,0.9527398199,0.1104298195,-0.0009733698,0.0006109381,0.0003891084,0.0002201818,0.9416926687,0.0109341607,2.7844937326,0.2676619927,0.9350290118,0.1166481611,0.147901212,0.0215786608,0.1443835046,0.0169508335,0.9406650555,0.0128545751,2.8872547355,0.3725352038,1.0159241008,0.1601841978,2.8358293261402916,-4.574852602201338,-0.9294272627880868,0
62,683.2322443825236,24828,32,36.33903435344814,0.24125,0.0305563005,0.0818814455,3.3722658816,0.1114779095,0.26165,0.0298081784,0.0189156988,2.4941398688,-0.1754346041,0.4971,0.0376309713,0.0119277369,2.4466927372,-0.1328257045,0.0347,0.0100702532,0.0484088706,2.7657836068,0.0086131904,0.4196542553,0.1069002947,0.8959963299,1.9045931674,-0.2648520985,0.096037234,0.0788623477,0.9404569213,2.4944505249,0.7663696248,0.4843085106,0.046317022,0.4304994338,2.5448480417,0.0838841425,0.0428723404,0.0119948872,0.0258585528,2.880625585,-0.0455740181,0.4971466004,0.3017791559,0.0008284287,0.0005246453,0.9322543248,0.0544785861,2.3560273924,0.5327374778,0.0570218754,0.420154762,2.781e-07,1.44252e-05,1.91983e-05,1.22016e-05,0.0521129047,0.1062999072,2.843461825,0.3524716503,0.0429425385,0.1622442853,0.50658,0.022183566,0.0369414115,0.0029325956,0.0387075095,0.0871214534,2.8409332238,0.277878397,0.058130771,0.1769663603,0.457053075,0.2947247035,0.0201484065,0.0123223011,0.9902463674,0.0038508533,2.3088619701,0.2001102976,0.7068938815,0.1966931114,-0.000234241,0.0001442626,9.8821e-05,5.92765e-05,0.9557571435,0.0391167809,2.3357975909,0.2374091622,0.6936444335,0.1745868362,0.1750674889,0.0548507782,0.1360736328,0.0236055192,0.9357540394,0.0823948636,2.5047215342,0.2168573066,0.8369157643,0.1653231024,-2.6127113461369507,2.4321059727770096,-0.054145069528492254,0
63,873.0892683502341,31528,63,36.11085503269838,0.24885,0.031826522,-0.1365078723,2.8335337702,-0.1397461051,0.2397,0.0307312544,0.1127668894,2.3271977311,0.1535854578,0.51145,0.0374185449,-0.1089626466,2.6093481656,0.0149367744,0.0341,0.0099342841,-0.0889559791,3.1450713127,0.2266306763,0.4326122449,0.0938622126,0.8555021859,2.1795754475,-0.066857448,0.0753469388,0.0536426388,0.8908956506,2.8908109045,0.8810620067,0.4920408163,0.0539322928,0.4950417051,2.7591949984,-0.2762317333,0.0416938776,0.0115479552,0.1494932695,4.5954969289,0.6815801554,0.4973068522,0.3024449947,0.0006204852,0.0004866266,0.9473118463,0.0391634186,2.3442066434,0.5618039424,-0.2632121483,0.3768029958,-7.679e-07,8.4089e-06,1.13532e-05,6.9056e-06,0.0576135005,0.105127049,2.8929377342,0.5408406839,0.0023312057,0.1848000853,0.495595,0.0194241789,0.0363274553,0.0031919028,0.0371876686,0.1215710556,2.9027763771,0.502989415,-0.0084042068,0.2292002708,0.4437683801,0.2983083342,0.024430739,0.0158354205,0.9944529134,0.0030071692,2.1793303895,0.2136072341,0.6153510992,0.1448751292,-0.0001406267,8.41798e-05,7.00054e-05,4.40628e-05,0.9713242798,0.0076952653,2.0678290918,0.3765190074,0.473197836,0.2215218317,0.1864848449,0.0208301546,0.1488256698,0.0034129335,0.9658597295,0.0017576863,2.0990235276,0.2786085685,0.580184553,0.184602113,-4.3995767251749385,-0.09030087186523916,2.234445593372186,0
64,683.3845402729643,24541,57,35.910967476960465,0.2781,0.0332323637,0.1022307251,3.2555900438,-0.0165693,0.2366,0.0296637826,0.1061556573,3.3217042862,0.0564965247,0.4853,0.0322553871,0.0823814029,3.018874207,0.3833150625,0.03655,0.0101659972,-0.0461921438,4.7384574939,1.0536152862,0.3865656566,0.0883766231,0.8443053905,2.1877859322,0.1799795447,0.1028030303,0.0704842313,0.9091509348,2.4409085226,0.7110737268,0.5106313131,0.0441500018,0.4107650316,2.8320532514,-0.2799599526,0.0462373737,0.0107946497,0.264190097,2.9124116862,0.0706855178,0.4991657927,0.3035096075,0.0007122584,0.0005201639,0.9379773762,0.0714806347,2.4879156428,0.6298914182,0.1358182145,0.5460727544,-1.8808e-06,1.02811e-05,1.55241e-05,9.2362e-06,0.0511387876,0.099541025,2.7170625869,0.1689588015,-0.0253623808,0.150487753,0.49829,0.0177733129,0.0349714661,0.0024963598,0.036431285,0.0966782688,2.9957796239,0.3821541336,0.0055616438,0.1421025538,0.448387844,0.2931763846,0.0255300116,0.0154554118,0.9932967772,0.0041796666,2.1105686851,0.1692850515,0.5668953781,0.1401841434,-0.000200322,0.0001170212,9.4206e-05,5.6895e-05,0.968448202,0.0137416884,2.1975298651,0.2171993933,0.5864453233,0.1477983678,0.1802282436,0.0263730379,0.1412817962,0.0088376336,0.9588212268,0.0085152818,2.3462444936,0.181500237,0.7211344542,0.1548697355,-4.19236343026758,0.36472945929728995,2.697357239813107,0
65,493.4457447839128,18579,28,37.65155581215118,0.2784,0.0362758873,0.2713921402,2.8279485007,-0.21124945,0.2445,0.0357386346,0.4499380618,2.7268769251,0.0522157222,0.4771,0.0327504198,0.0311575657,2.5588916043,0.1069217231,0.0328,0.0107312627,-0.0141495325,3.7949166818,0.682307545,0.4386387435,0.1043239536,0.8995867977,2.2489214578,-0.4650384989,0.1007329843,0.0685182508,0.901827247,3.41652415,0.9870523296,0.4606282723,0.0506411566,0.4945309916,2.3766983024,0.2830031225,0.0389528796,0.0126864267,0.0869300351,3.5596219189,0.537289639,0.5016218337,0.3042309138,0.0005094821,0.0003254447,0.9391656332,0.0379349113,2.2297758617,0.4930358257,0.0093704821,0.3500541288,6.465e-07,1.01541e-05,1.34458e-05,8.3556e-06,0.2099252584,0.179529227,2.9573009164,0.3930224837,0.0084736315,0.2500390183,0.50041,0.0168471407,0.0385279862,0.0030983917,0.1528709335,0.1738307189,2.9427493756,0.3513722967,0.0913717433,0.1786941109,0.455186588,0.3025650346,0.0202156185,0.0125123705,0.9944131283,0.0036966201,2.0576421715,0.0757195085,0.5024282452,0.1160078821,-0.0001726303,0.0001035156,6.26881e-05,3.98502e-05,0.9562193109,0.0124876099,2.9810661752,0.3071524988,0.8743527627,0.108758104,0.1482092413,0.0329696782,0.1225964797,0.0085775797,0.9481016337,0.0120456144,3.3873688529,0.3736237889,1.0838975809,0.1187650141,-3.6688905965416256,-0.3007391460589502,-0.059980400750659586,0
66,427.68342241536095,15579,48,36.42647618188452,0.2196,0.0263787794,0.3055272991,3.5590105507,0.670514694,0.265,0.0364142829,0.1083597464,2.7981528497,-0.2704236986,0.5154,0.0348043101,-0.0459171794,3.7376438225,0.1399157631,0.04185,0.0100909613,0.0707831427,2.4524121145,0.1676588671,0.4525301205,0.1102020966,0.9064429313,2.2010021866,-0.2456215319,0.0746686747,0.066098538,0.9101901328,3.4627393263,1.1399369684,0.4728012048,0.0575070682,0.6640571225,2.2360638516,-0.2747127857,0.0486144578,0.0113491482,0.0800008044,3.6218892811,0.0754789978,0.4993458606,0.3030661878,0.001087939,0.0008153266,0.959884781,0.0235674333,2.2073782886,0.5429660115,0.1744626475,0.3372679747,-1.1603e-06,1.51606e-05,2.25339e-05,1.43738e-05,0.1116238577,0.13917684,2.8714701066,0.3295011477,0.0353998263,0.2342823855,0.4959925,0.0194989376,0.0362661892,0.0018594078,0.0526237293,0.0850824317,3.0163409614,0.6129026611,0.0307652018,0.2685403838,0.449507262,0.2863736986,0.0216286819,0.0129741466,0.9903311422,0.0029052111,2.2234766784,0.1470690583,0.6340277045,0.1448492108,-0.0002990443,0.0001782363,0.0001199146,7.11238e-05,0.9600781693,0.0149829273,2.5454751132,0.2013313473,0.7483059827,0.1584502344,0.165078137,0.040158886,0.1360510218,0.0132105983,0.9532095745,0.0236206928,2.6421269541,0.2616562728,0.8554901289,0.213853137,-3.5294274653694573,-0.012650700864766547,0.719063785830391,0
67,424.27085949228695,15511,10,36.55919244268056,0.2315,0.0255685354,0.1556684817,3.4177894117,0.2509507685,0.23455,0.0303652351,0.1179866757,3.2462822045,-0.3167667283,0.53395,0.0360852809,0.1296928423,3.8573043222,0.0698401128,0.03595,0.0100919522,-0.1326550154,2.6731591257,0.0609309266,0.3904568528,0.0964670029,0.8695365861,2.1033180151,-0.1169478383,0.0921827411,0.0788193791,0.9132731297,2.8230799708,0.9567671455,0.5173604061,0.0451465415,0.341011226,2.7666121956,-0.1295826461,0.0442893401,0.0128739511,0.385897414,2.5921717259,0.3537149856,0.4947307421,0.3012288459,0.0008852311,0.0007439848,0.9436344726,0.0493753671,2.4035577314,0.6683173995,0.1503036995,0.501549981,-8.214e-07,1.29354e-05,1.64923e-05,1.03257e-05,0.089943045,0.1205435804,2.9045728542,0.3328514885,0.0677675491,0.1801303031,0.4897,0.0214977848,0.0377563895,0.0027991614,0.0566735753,0.1383137721,2.9626703132,0.5368495483,-0.0399370751,0.1611327144,0.4562140955,0.2931016602,0.0220183437,0.0135286397,0.9924603366,0.0037603264,2.1098380373,0.1240161366,0.581814038,0.1323248889,-0.0002028809,0.0001250295,9.45585e-05,5.83842e-05,0.9692078934,0.0124883553,2.2008542423,0.2192874833,0.60421242,0.1481129391,0.1730068623,0.0249078402,0.1464347601,0.013846449,0.9585827984,0.018003134,2.4585091886,0.2897175411,0.789328172,0.1898332504,-3.8768098761154963,0.16728610534383193,1.897562720353171,0
68,441.44179743102166,16177,45,36.64582759073186,0.22525,0.0300197851,0.0389182072,3.0331239228,0.076712706,0.27575,0.0323911639,0.1056569725,3.5039439894,-0.1357929864,0.499,0.0370540146,-0.0580908321,3.1971822618,0.43459321,0.04085,0.0102969656,0.1885095199,2.9275209657,0.4170010967,0.4258908046,0.0978530133,0.8597522232,1.9824865712,-0.0169597258,0.0922988506,0.0742986541,0.915077865,2.7837706617,0.8646650231,0.4818103448,0.0472706041,0.4041212917,2.3644302058,-0.0610624727,0.0459482759,0.0130027704,0.2391065645,3.7948690997,0.3758889698,0.497873518,0.3018529162,0.0008681461,0.0006258471,0.9434112326,0.0397334591,2.4915097111,0.5506536482,0.0660998312,0.5314429097,3.3696e-06,1.58125e-05,1.75708e-05,1.09034e-05,0.1606531556,0.1506265447,2.8148967421,0.2922706922,0.0435550041,0.1706076382,0.5053075,0.0211334999,0.0374945202,0.0036849806,0.1398729763,0.1398236003,2.9405933314,0.3060697628,-0.013313084,0.2401632171,0.465746158,0.2943254664,0.0152882975,0.0093021261,0.990288024,0.0029332527,2.20284337,0.16419805,0.6286762332,0.1396106745,-0.0001852686,0.0001118148,7.87318e-05,4.76765e-05,0.9601419406,0.008754394,2.24088633,0.1726033737,0.6030399171,0.1463939115,0.1751711715,0.0343477373,0.1387150793,0.0082301554,0.9541217171,0.0120652299,2.4060736595,0.2561174434,0.7517471118,0.2112807974,-4.029241839395503,0.06406624983508104,1.9529680193786043,0
69,256.94738660459547,9664,42,37.61081257802978,0.27635,0.0308857168,-0.0196931835,2.9180882498,0.0137591862,0.23245,0.0280846488,-0.0345250312,3.5489865899,-0.4353278417,0.4912,0.0351220728,0.0824744671,3.3100588653,0.470625951,0.038,0.0109772492,-0.0974085493,2.6692033539,-0.1485531907,0.4163888889,0.1059343142,0.8834653687,1.9933295362,0.0121116602,0.078531746,0.0601356517,0.9110695247,2.632337919,0.8452084896,0.5050793651,0.0592110301,0.5945521147,2.4891051989,-0.4024605131,0.0450793651,0.0115295364,-0.0735466406,3.53816468,0.4156273007,0.4990754191,0.3027214646,0.0012318188,0.0008798095,0.9552510491,0.0335910773,2.4540310506,0.6426651798,-0.1669037959,0.4266318661,-1.2572e-06,2.21376e-05,2.41451e-05,1.46005e-05,0.1005784114,0.1394016066,2.7368818144,0.235864821,-0.0319607724,0.2211775162,0.4975375,0.0185348043,0.0367450988,0.0027852,0.0989516703,0.1242780235,2.8353852124,0.4526902187,0.0006793792,0.236299113,0.4440366759,0.2781511873,0.0235946539,0.0143476213,0.9899914142,0.0046840966,2.1063075387,0.1694017716,0.5528554378,0.12571266,-0.0002948853,0.0001757313,0.0001431921,8.72526e-05,0.970209569,0.0085228512,2.1481620729,0.1729042498,0.5476030434,0.1145277128,0.1780704673,0.0358788954,0.1458203387,0.0110864074,0.9587183094,0.0093736717,2.3765100097,0.2473120794,0.7394951134,0.1586587863,-3.5805314957562207,-0.40639898459533197,2.5858742795132317,0
70,989.384299491617,37188,9,37.587012467358335,0.2559,0.0319404133,0.0630539517,2.8081944773,0.1601108342,0.25175,0.0332067388,0.0842970278,2.4301316645,-0.0171566392,0.49235,0.0368269942,-0.0592537666,2.3933551723,-0.1570329144,0.0366,0.0080585358,-0.3061439828,2.6471662881,0.1178855091,0.475310219,0.1251269229,0.9346120568,1.9170365333,-0.2699829063,0.0852007299,0.0628218417,0.9012555742,2.6732201881,0.8103604021,0.4394890511,0.0710461058,0.7872393789,1.9972875249,-0.0470109896,0.0412043796,0.0124032835,0.2467463679,3.0888475947,0.3576081486,0.4980262624,0.303253599,0.0005927268,0.0003929722,0.9559238175,0.0346278836,2.131532465,0.3729452496,-0.0421660399,0.4239184998,-8.443e-07,6.6337e-06,1.21856e-05,7.492e-06,0.1330917796,0.1518079459,2.8732469509,0.4611578075,0.0168143981,0.2234763116,0.49759,0.0173281173,0.0393114054,0.0036113236,0.1106270172,0.128414378,2.8844753088,0.3241106554,-0.0121745336,0.2666494484,0.4506083551,0.3047249255,0.0223169097,0.0137877518,0.9948855512,0.0029571668,2.1108102347,0.1677173937,0.5582703565,0.1443547037,-0.0001372498,8.34968e-05,5.97331e-05,3.68307e-05,0.9633495096,0.0158861277,2.347079373,0.2495222977,0.6487857053,0.1990862542,0.1728078029,0.0335020043,0.1337667373,0.006928438,0.9546997561,0.0105210731,2.5195679519,0.2938312898,0.7871128217,0.234313689,-3.9782016487415506,0.1261910880560317,1.1105032453745172,0
71,175.54895306058253,6373,26,36.303264069029545,0.2419,0.0329983333,0.3377872534,3.2905701718,-0.0163096754,0.288,0.0381903129,0.1219808598,3.6132728961,0.0677551398,0.4701,0.0344527212,0.0902184229,3.1994722204,-0.0337717765,0.03325,0.0086710726,0.0543113987,2.7714068942,0.0058957175,0.4753012048,0.1179604523,0.9252016322,2.0233691798,-0.2485692371,0.0878915663,0.0663012497,0.8905956745,2.867383098,0.8974827995,0.4368072289,0.0630861827,0.718186073,2.2470418663,-0.0414809693,0.0425903614,0.0119577934,0.1101564441,4.0718543775,0.8205882427,0.4879202241,0.2965150536,0.0016675664,0.0010260377,0.9292689559,0.0347637538,2.7772641476,0.7387666807,-0.1770427028,0.562727083,-1.23452e-05,4.61312e-05,4.85505e-05,3.01267e-05,0.2464358069,0.1465872015,2.8952332758,0.3054022665,0.0248329272,0.3016998991,0.49485,0.0253225048,0.040607969,0.0025131859,0.1932792255,0.119512673,3.080667673,0.6216895474,0.0239645682,0.3275845865,0.4414552443,0.2689253591,0.0257419936,0.0155677268,0.9821730191,0.007193942,2.1075606753,0.1406866889,0.5840070903,0.1162141053,-0.0006325742,0.0003742114,0.0002992094,0.0001819575,0.9647552946,0.0082098355,2.1635883236,0.1190412753,0.6103708421,0.1246311271,0.166848466,0.0163464151,0.1514439807,0.0080833473,0.9536965858,0.0067138288,2.4435875567,0.2270237475,0.8164765128,0.1216209975,-0.7356633444554128,-2.530905103605772,1.2759184597943456,0
72,199.30437374850288,7042,15,35.332892437604606,0.26395,0.0600345526,0.6159609868,2.4356009083,0.0941912171,0.25405,0.0581364559,0.7042302632,2.7872677031,0.2828846585,0.482,0.0464919348,0.304688739,2.6618338108,-0.2343910529,0.03435,0.0092372886,-0.1134124891,3.172233411,0.2288942578,0.5795698925,0.131160363,0.8964419988,2.3858428376,-0.4805020357,0.086344086,0.0722195718,0.8966014263,3.0405764052,0.975882981,0.3340860215,0.0670858311,0.7241312212,2.3666172208,0.0621942009,0.0388172043,0.0122122328,0.1915718884,2.7593956397,0.2708052919,0.4989222528,0.3023445273,0.0015566718,0.0012274432,0.929317328,0.0548803137,2.4019130366,0.583333674,0.0942472538,0.5277865614,8.4929e-06,3.72587e-05,5.33678e-05,3.21375e-05,0.5433273264,0.1411107011,2.8851910598,0.483231168,0.0414996491,0.2697752269,0.51486,0.0296298313,0.0506137989,0.0095483956,0.4260368526,0.1479980854,2.8144881707,0.3711040005,0.0397321136,0.1398580214,0.4510288956,0.2746250946,0.0197584073,0.012156816,0.9826812838,0.0074111935,2.1961236291,0.3111556987,0.6297260122,0.1710582323,-0.0005248796,0.0003146907,0.000207491,0.0001259658,0.9509209317,0.0165951593,2.721470304,0.6416110914,0.8204130025,0.2804096067,0.1387063226,0.0155027356,0.1317860987,0.0124703391,0.9369266341,0.015526999,3.157228778,0.734198773,1.0500453081,0.2707055061,0.49104766787817256,-2.5094755037715193,-2.1440242952569584,0
73,111.8694667117814,4052,16,36.22078587752192,0.2541,0.0333120098,0.1361548269,3.1485553891,0.0695068903,0.31715,0.0357509091,0.3193223322,2.7763727138,0.1752385584,0.42875,0.0416195567,0.1731327885,2.9068775244,0.1643908099,0.0352,0.0107684725,0.0455065977,4.0278096633,0.6870406876,0.3968518519,0.0689759506,0.7238201418,2.5071327479,-0.6072982188,0.0775,0.0731927314,0.9360617761,2.3329722544,0.7838895356,0.5256481481,0.0369439803,0.2015570793,2.6977145259,0.1212146859,0.052037037,0.0160876799,0.4397478808,3.4587496554,0.2607857086,0.4980141992,0.3023254165,0.00207553,0.0018275573,0.939368792,0.0428122061,2.1996082778,0.4566846135,0.0044823975,0.3007613405,-5.9366e-06,4.0242e-05,4.82309e-05,3.29561e-05,0.2719294164,0.1979149716,2.6934407556,0.2834819786,0.0068666311,0.1877507262,0.493005,0.0272064969,0.0407879745,0.0057764724,0.2085596723,0.1942642732,2.7208390151,0.2947594777,0.0137189759,0.2304004501,0.4569002513,0.2769463507,0.0215936978,0.0131958291,0.9774731543,0.01487181,2.1666484021,0.1460377839,0.684042326,0.0961475265,-0.0006037229,0.0003723391,0.0002770855,0.0001695286,0.9553494692,0.0356432102,2.1981444459,0.1886563307,0.6816704766,0.109836059,0.1538380656,0.0155662997,0.146188255,0.0128275654,0.941852542,0.0183024936,2.5867203739,0.2969727981,0.8989514945,0.1486295176,-0.12784056555090034,-0.39842273060098843,1.2230889008287602,0
74,621.7954602300013,23131,60,37.200335929509485,0.24615,0.0364132874,0.0724755695,2.4270578791,0.2182058474,0.26255,0.0347166747,0.1179667967,2.9252162196,0.4393180016,0.4913,0.0412529999,0.0821915931,3.015338115,-0.2372596126,0.038,0.0096695398,-0.0955811203,2.890503017,0.0265456782,0.4824074074,0.1195268368,0.9051793869,2.0229397294,-0.3288839836,0.0824074074,0.0644217104,0.8843706924,3.8307823935,1.1091446483,0.4351851852,0.0661835079,0.7198063381,2.199173602,0.0110181266,0.0375925926,0.0107839852,0.1542412799,3.1000385553,0.4809717504,0.4997908255,0.3029537265,0.0006907904,0.0004712732,0.9274031351,0.0697783112,2.5385691719,0.5931643885,0.0154828033,0.4303318159,2.1584e-06,8.4463e-06,1.6876e-05,1.021e-05,0.1243505156,0.124884667,2.9898956219,0.5129067242,0.0018073031,0.2455921802,0.505,0.0180246498,0.0384201155,0.0034215088,0.0896213595,0.1089625343,2.9907559218,0.3908501064,0.0222358635,0.2576618684,0.4507415112,0.2891958056,0.0214385906,0.0134654092,0.9917802895,0.0026340615,2.2576384283,0.1717221585,0.6765572268,0.1127604502,-0.0002648708,0.0001637249,0.0001068435,6.74605e-05,0.9658845952,0.0058976276,2.8658398001,0.3585556624,0.9630294945,0.1460386644,0.146773473,0.0141400924,0.1354182125,0.0054897868,0.9548723913,0.0043151761,3.2369761094,0.3952789695,1.121814043,0.1461802018,-3.289270707382587,-1.498237995651187,0.1252156133771704,0
75,174.57437814345852,6491,24,37.18185949753718,0.21355,0.0289248596,0.1858400533,2.4148538384,-0.3573891076,0.23025,0.0336925437,0.3910368135,4.4336905134,0.5334315027,0.5562,0.0315920876,-0.050484833,2.5724684551,-0.1687158009,0.03895,0.0099823594,-0.0964601084,2.8183155786,0.1319945558,0.3977848101,0.0768227733,0.7888673178,2.2376258662,-0.0518348852,0.0786708861,0.0563763847,0.8539410407,2.322628483,0.6182476134,0.5235443038,0.0419927051,0.0831951346,3.6273073433,-0.0569689297,0.0453797468,0.0122156818,0.2558734668,2.387318582,-0.2391179152,0.4911014779,0.2998408312,0.0014967067,0.0008749652,0.9441837874,0.0318532993,2.3280148054,0.51760383,-0.0841241928,0.4100115407,1.8676e-06,2.55488e-05,3.4728e-05,2.03583e-05,0.1680008739,0.2139749097,2.9327418587,0.5155343278,-0.0086183326,0.2768408658,0.496765,0.0189742859,0.0380055952,0.0066227625,0.1185849939,0.1940522166,2.941572505,0.4945646461,0.0944641891,0.2708472326,0.4492815857,0.2764280332,0.0224038517,0.0128546704,0.9866077433,0.0036592591,2.1036985961,0.1173171632,0.5552536849,0.1284282733,-0.0004121827,0.0002474934,0.0001906887,0.0001097098,0.9638075028,0.016003165,2.1586897783,0.1245609779,0.5556800654,0.1173992096,0.1762867131,0.0385257414,0.1454360579,0.0156755297,0.9520215592,0.0241873345,2.3876008803,0.2124387173,0.7617609926,0.1433597301,-2.673961543745562,-0.4554669703481685,1.62244784168098,0
76,144.77466411186242,5288,28,36.52572798175614,0.24305,0.0599537113,0.6565980012,2.8360321106,0.6558973362,0.195,0.0524404424,0.5801109999,2.5824958678,0.2130728852,0.56195,0.0506008646,0.4072497055,2.5406868372,0.0244496472,0.04995,0.0114781314,0.0779451109,2.6041323268,0.4437280409,0.576147541,0.0877841683,0.7915983385,4.672412048,-1.1307338443,0.0844262295,0.0576030677,0.8641170316,2.692510211,0.6916707,0.3394262295,0.0464749039,0.3382412391,3.7011054439,0.8474891302,0.0442622951,0.0083879336,0.0748402187,2.1526703535,0.1499399538,0.4970565376,0.3014624507,0.0013882976,0.0009674344,0.8938724765,0.0666242985,2.632064962,0.597122008,-0.1108696563,0.3719890749,-4.635e-07,3.24444e-05,9.17669e-05,5.9022e-05,0.6689424661,0.108051404,2.9297131971,0.5363977451,-0.0075567861,0.3084576153,0.4922125,0.0314851587,0.0624176076,0.0116337604,0.5608989488,0.1092710401,2.898464138,0.403690839,-0.0544368562,0.2543662371,0.4657549845,0.283175621,0.0118399273,0.0071278204,0.9700910716,0.0035502506,2.7543773161,0.2647460011,0.9235193979,0.1366996385,-0.0005988114,0.0003561103,0.0001733473,0.0001067328,0.8907613704,0.0272008199,4.8809232746,1.3867878197,1.472990736,0.3258973596,0.1229636049,0.026222142,0.1228450095,0.0216461412,0.9154501071,0.0201158626,4.3303918475,1.1716574009,1.38044815,0.2730144353,2.73740564547353,-3.6506392158593433,-9.860440484166519,4
77,429.6865817966724,16206,48,37.715862413568864,0.2387,0.030988869,0.1799762344,2.7427889975,0.0152023658,0.24825,0.0291579749,0.221209952,2.9997668524,0.176992285,0.51305,0.0333533731,0.1751228977,3.5008507412,0.5069950768,0.04045,0.0110248583,0.0295900853,2.5910948313,0.2552675583,0.3523360656,0.0761043945,0.7774504053,2.0377544434,-0.2286470066,0.0980737705,0.067321247,0.9267856056,2.0778841173,0.4964122674,0.5495901639,0.0349155314,0.0054020282,2.7242818265,-0.0522586232,0.0476229508,0.0141452233,0.1524616783,3.099003671,0.4965753976,0.4954661617,0.3004577722,0.0009719288,0.0006038467,0.945875266,0.0278959849,2.4523946391,0.439801145,0.0789783609,0.4891821635,-1.997e-06,1.65774e-05,2.13515e-05,1.24496e-05,0.0431906807,0.1201997861,2.9190994817,0.3656611857,-0.0744166471,0.2759789862,0.49634,0.0232197631,0.0371807708,0.0024108677,0.0162599387,0.1242719222,2.7063477193,0.2786910108,0.0301693642,0.1679359458,0.4509998277,0.2874064924,0.019742047,0.0116723741,0.9892460088,0.0039503125,2.3090510623,0.183061557,0.7307264113,0.1773264094,-0.0002587707,0.000150998,0.000109352,6.50151e-05,0.9646265094,0.0080390802,2.4087807706,0.1723229527,0.745835805,0.1691927146,0.1651458216,0.0423750774,0.1362064931,0.0090719352,0.9563058617,0.0120499951,2.6793797319,0.2352965871,0.8914723304,0.1974804254,-3.7688893257562666,-0.08190493575489502,1.736671390047471,0
78,681.6914623087952,24544,27,36.00455830394714,0.28565,0.0360531205,0.3674273916,3.5548620403,0.1808749149,0.20125,0.0360511789,0.4242206089,2.8478286848,0.5240706231,0.5131,0.0363440504,0.2399041213,2.3601754683,0.1111502152,0.03635,0.0099210635,-0.0092290589,2.9553416336,0.5301130044,0.4594217687,0.1212092094,0.9227580362,2.0590382336,-0.1339415194,0.0905442177,0.0711186831,0.9178726077,2.9445085474,0.9300764358,0.4500340136,0.0622030267,0.7384086046,2.2495349293,-0.3568636518,0.0401020408,0.0116126454,0.140654453,2.9075415755,0.1251349667,0.4975683164,0.3025680685,0.0010889289,0.000777499,0.9505329096,0.0241743306,2.709278775,1.4725232776,-0.0600663967,0.6882313571,-2.3803e-06,1.10642e-05,2.25399e-05,1.35999e-05,0.0171946611,0.1573317191,2.9739375955,0.5270175236,-0.0058019514,0.238820465,0.495145,0.0195838639,0.0367484364,0.0021687944,0.0268433435,0.1334338202,2.9105427554,0.3304129233,-0.0501532832,0.2851360241,0.4448810893,0.2769972491,0.0248486258,0.0156540865,0.9902419321,0.0043720342,2.1612505843,0.2891164758,0.6222600522,0.1654345726,-0.0003280232,0.0002081855,0.0001523083,9.52268e-05,0.9711761101,0.0080864962,2.1803317703,0.313995995,0.6107029814,0.1771585061,0.1636349207,0.016314799,0.1483624153,0.0049157426,0.9616804632,0.0051983645,2.4224108532,0.206070929,0.8120964884,0.1264530676,-3.1693462570918975,-1.1733800718308842,1.876849745351161,0
79,114.46852567891511,4273,27,37.3290384815979,0.2381,0.0377675787,0.2491261341,2.8102016179,0.0408804343,0.2633,0.0761026281,0.7749815945,2.220136008,0.4176161282,0.4986,0.0631073688,0.5821055986,2.6125169142,-0.3315417056,0.03955,0.0100770779,0.3604131582,2.6387976094,-0.1407890727,0.6291666667,0.124471747,0.881921133,2.4673464618,-0.6469757672,0.0780769231,0.0765951343,0.8792698489,3.6968316212,1.2654233139,0.2927564103,0.0589254605,0.7112427783,2.4265628631,-0.0894849845,0.0408974359,0.0109703443,0.340438884,3.0901639277,0.5066046561,0.4885935609,0.2966853845,0.0040103825,0.0026538167,0.903739145,0.0479301582,2.3019406385,0.5624909912,0.0465702705,0.3750490582,6.5037e-06,0.0001091888,0.0001473118,9.53183e-05,0.4054449522,0.1441657119,2.7377319306,0.3999915417,0.0589308927,0.3148113407,0.4935125,0.038169716,0.0456992644,0.0070089128,0.3269916941,0.1622205039,2.8434897608,0.4253413323,0.0257768586,0.2107463383,0.4211909444,0.2558303895,0.0335816868,0.0203892932,0.9623629066,0.015685166,2.1922498122,0.2053192461,0.6740556731,0.1313577002,-0.0017159321,0.001038073,0.0008135579,0.0004907317,0.9456541925,0.0264775434,2.244494917,0.2704575738,0.6833597086,0.1407246029,0.1547878464,0.0186944265,0.1547094117,0.0129317712,0.9269146292,0.0222019111,2.6826528628,0.3588006091,0.9457472095,0.1551638697,6.835693798492758,-5.903831456438968,-0.20602600770931695,4
80,425.0642934598922,15773,45,37.1073276271047,0.2011,0.0290566688,0.0879419845,3.117548563,0.3243693676,0.32815,0.0407839123,0.1742776412,2.5410916799,0.0126634317,0.47075,0.0411787263,0.1660116428,2.6470126259,-0.1239787124,0.0379,0.0103966341,0.0527211891,3.8704246651,0.1336819002,0.4351546392,0.1150491908,0.9044523968,2.0723695029,-0.1167372667,0.0836082474,0.0739313636,0.8880026553,3.4399566783,1.2196213447,0.4812371134,0.0601202872,0.7140824009,2.3927933393,-0.4769076086,0.0518556701,0.0132641597,0.1833171409,3.6163795146,0.3528521453,0.4980723151,0.3021780823,0.0015279346,0.001076155,0.9041730861,0.067390847,2.7312560005,0.7988587808,0.0304661069,0.5506082911,-6.7156e-06,3.62104e-05,4.39408e-05,2.66584e-05,0.1602794904,0.1449920804,2.8614823417,0.3780010133,0.0787903332,0.2111843501,0.49599,0.0189841157,0.0390258325,0.003206657,0.1098789822,0.1460983142,2.762646616,0.2782195152,0.0332060073,0.184703764,0.4569003715,0.2770160475,0.0185406096,0.011231591,0.9783788201,0.0067253885,2.4146119153,0.185383748,0.7849929839,0.1117969185,-0.0005205637,0.0003205155,0.0002145762,0.0001295866,0.9560075318,0.0155945462,2.4694966923,0.3184319945,0.7769726084,0.1581140327,0.1484023272,0.0181495788,0.1419136231,0.0094912879,0.9499449222,0.0135021946,2.7638676294,0.3269253241,0.9707115365,0.1444226662,-1.4689408050316783,-1.5274791435631356,0.6054929455389993,0
81,113.55254597968782,4027,66,35.463757903942955,0.23745,0.0437749643,0.4582021265,2.8226123624,0.1853713066,0.23855,0.0525941774,0.5820061359,2.7412156266,-0.2342053754,0.524,0.0383731677,0.1452647371,2.4147032898,0.1393429102,0.04015,0.0100113685,0.436206362,2.8265278922,0.2054427779,0.3808974359,0.1089187641,0.9140113409,1.9774499345,-0.1591689932,0.0911538462,0.0825938591,0.9265996592,2.8024120038,0.9806448915,0.5279487179,0.0479679106,0.5621426219,2.9424294094,-0.4325338385,0.0485897436,0.0134425996,0.3480906848,2.1949908907,0.4517873234,0.4931117879,0.2997619483,0.0024310128,0.0017702243,0.9293335878,0.0406430584,2.2748445406,0.3600863986,0.0056708591,0.3077063228,4.256e-06,6.02013e-05,6.67404e-05,4.21873e-05,0.2644236669,0.1680688426,3.0382671785,0.4884176563,0.0229910839,0.2515338187,0.4957125,0.0259059929,0.0404116896,0.0034827749,0.2018487811,0.1486467184,2.8992608097,0.5132298639,-0.0622589001,0.1576918787,0.4411808372,0.2668233916,0.0264166012,0.016074658,0.9768158348,0.0094116733,2.1777360597,0.24753389,0.6342943115,0.1425345076,-0.0008450847,0.0005299715,0.0003819966,0.0002319926,0.9602712172,0.0134712198,2.2059497417,0.3077413189,0.6211448277,0.179047826,0.1563700831,0.0218671687,0.1465267444,0.0119281256,0.9470439116,0.016226856,2.5927228352,0.4341132925,0.873760938,0.1979776817,0.3306731993016679,-2.380590767859437,1.8723077479426151,0
82,589.9976837741779,20056,38,33.99335379031157,0.24815,0.0344285855,0.2949412778,2.6704426452,0.3414344461,0.2584,0.0362827783,0.0908768998,2.9378154911,0.3637775603,0.49345,0.0461502709,0.2118631492,2.672912884,-0.0111527252,0.03875,0.0112110437,0.0574108818,2.9750655334,0.1167643498,0.4619282511,0.1013655829,0.8878794146,2.1865930057,-0.3884371295,0.0804484305,0.062740306,0.8670383238,3.8930068541,1.1409756909,0.4576233184,0.0520581065,0.6273480897,2.7947524827,0.0263571567,0.0416143498,0.0110581087,0.0574708284,3.1722259521,0.3598091921,0.4976733462,0.3022262512,0.0005548948,0.0003892398,0.934092156,0.0361708262,2.4619145352,0.5374198334,0.0523380507,0.4022235569,-2.2388e-06,1.1028e-05,1.37474e-05,8.2361e-06,0.2872061224,0.1451691302,2.8800425874,0.4833040554,0.0277409383,0.247311086,0.4907725,0.0230333643,0.0398693545,0.003929306,0.1806512066,0.1448825297,3.0141169313,0.4080581915,0.0238061549,0.2025238401,0.4481283599,0.3000728546,0.0214704807,0.0145296153,0.9946090079,0.0018707755,2.177711819,0.0725544266,0.6184134955,0.0553010618,-0.0001531026,9.91811e-05,5.93563e-05,4.07766e-05,0.9635878683,0.0025611277,2.6456070887,0.1885656298,0.8252558202,0.0587916622,0.1448309782,0.0175889994,0.1280754876,0.0076725304,0.9587640486,0.0061190899,2.9937042398,0.2654791819,1.0149090594,0.1019073331,-3.6807215245376996,-1.5682797038604757,0.100151530505276,0
83,481.3836487227762,18185,55,37.77652200744473,0.2547,0.0287647354,0.1512652685,2.8506434311,0.2260354657,0.24445,0.0317560624,0.3260977108,2.340790905,-0.0114645754,0.50085,0.0335041415,0.1488232992,3.2606690758,0.3081201861,0.03585,0.0097738171,-0.1106890624,3.0215514648,0.1869408528,0.412398374,0.1146448202,0.8852203311,1.9790594782,-0.2245236166,0.0943902439,0.0848985175,0.9343334968,2.9095661632,1.0034046119,0.4932113821,0.0511419596,0.4191384409,2.5055672947,-0.3134555932,0.0453455285,0.0132817544,0.2222166723,2.7540803528,0.3251063445,0.4964873847,0.3017013896,0.0005344387,0.0003889596,0.9357490104,0.0628458567,2.4986557977,0.6865799641,-0.1150841951,0.5808376038,-1.1039e-06,9.0263e-06,1.11526e-05,6.7936e-06,0.0753274854,0.0755313917,2.931732524,0.4582195332,0.0043644281,0.2381874383,0.49925,0.0190537595,0.0354644395,0.0021772192,0.0467185484,0.0847941467,2.9820160595,0.4690963681,0.0574132089,0.2282325173,0.4580622671,0.3020233007,0.020194644,0.0124759548,0.9946346519,0.0027818736,2.0617255156,0.1449048126,0.513662834,0.1195244712,-0.0001493538,9.22277e-05,6.39742e-05,4.00898e-05,0.9681292772,0.0061334924,2.3644568292,0.2737125411,0.6420630191,0.147644956,0.1602082712,0.0252977795,0.1319368265,0.0077015218,0.9585771128,0.0082973558,2.6449664619,0.377323264,0.8420173534,0.1940379472,-4.35722016489177,-0.11089191979531471,1.6148935378205604,0
84,350.0131382478245,12557,55,35.87579615685483,0.2822,0.0323984568,0.1503816072,3.4726140119,0.1687603891,0.24735,0.0324534667,0.1939102323,3.5714450095,0.5718260092,0.47045,0.0346777667,0.1131475739,2.8411735034,0.1219428568,0.03585,0.0100760855,0.0355706696,3.7138928017,0.4049275082,0.41408,0.0926248001,0.8273811099,2.2470448281,-0.2424974003,0.08048,0.061762202,0.9095134951,2.7296289074,0.7930386597,0.50544,0.0442990564,0.370693799,3.1922636335,-0.1931085957,0.04804,0.0137097921,0.3711433667,3.0730291247,0.2730928477,0.4983742435,0.3020492987,0.0010167127,0.0008439432,0.945822954,0.0441347105,2.2779173342,0.5670199791,0.2073877596,0.4548284991,-9.6035e-06,2.42322e-05,2.146e-05,1.31727e-05,0.1612580813,0.1550446804,3.0148494017,0.5012102994,-0.0627208161,0.2680737246,0.488545,0.0256843284,0.0371385783,0.0020492073,0.1216552952,0.1420338102,2.9943738064,0.4183997349,-0.0021631695,0.2140683173,0.4546661419,0.2844600483,0.0203085372,0.0120940108,0.9910643098,0.004291852,2.0382743552,0.1824278653,0.5127749021,0.1473553456,-0.000292262,0.0001753148,0.0001151512,6.89224e-05,0.9615036453,0.0063033565,2.6736972581,0.2772112451,0.8136690831,0.1525373775,0.1584526761,0.0322988315,0.1311551222,0.0096285885,0.9510045915,0.0110544421,2.9451632344,0.3332702779,0.9681289595,0.1632630995,-3.301796627786525,-0.5886008751723478,0.20709769708320092,0
85,507.061485708436,19180,8,37.82578748453524,0.26995,0.0321830312,-0.0824759037,2.9485933921,0.1864224681,0.239,0.0302324329,-0.0647271852,2.8481486624,0.0858773124,0.49105,0.0393655624,-0.0365559798,2.6154023811,0.0852617817,0.0372,0.0109617517,0.0432339343,2.6869773945,-0.2552483813,0.4477,0.099085199,0.8711077769,2.0476334432,-0.2117759637,0.0909,0.0681959676,0.8930659381,3.1332689163,0.9851544273,0.4614,0.049339369,0.4153039226,2.2760481159,-0.0627098838,0.0393666667,0.0124806072,0.2660748509,2.8526154606,0.3113992236,0.4987371775,0.3027640432,0.0010294907,0.0008969526,0.9330053474,0.0368047368,2.5627683025,0.6091933873,0.0472218159,0.552562075,-2.518e-06,1.89269e-05,2.11764e-05,1.31695e-05,0.0350420159,0.0994380949,2.6977706889,0.2908712571,-0.0193089197,0.1813911027,0.4954925,0.0198253958,0.035978153,0.0020177041,0.0388243122,0.087468919,2.9524051462,0.4109408061,-0.0396581424,0.2335504351,0.440673134,0.280507124,0.0262092638,0.0163451323,0.9913564802,0.0047338397,2.1827653717,0.27880468,0.6252993012,0.1600139522,-0.0002800217,0.0001682543,0.0001277424,7.99065e-05,0.9713428204,0.0135248222,2.290354929,0.3101798259,0.6450279539,0.181554469,0.162218707,0.0192692207,0.1435609241,0.0065765531,0.9629164301,0.0073910501,2.5645658153,0.3184408095,0.8533415664,0.1708739559,-3.2166945075130937,-0.7431858257508314,1.5909544633881745,0
86,571.5451273470478,21152,52,37.00845128044684,0.2373,0.0305975489,0.1523021059,2.8828853353,-0.1296708387,0.28405,0.0387794727,0.2473801393,2.5642992859,0.1827994316,0.47865,0.0391909109,0.2912042866,2.6176509099,0.1049386151,0.0329,0.0094387499,0.0084926954,4.4976740979,0.8122600043,0.3904932735,0.0796023114,0.8256259066,1.9973213164,-0.2335742557,0.0925560538,0.0644289524,0.9039568135,2.5171574301,0.7696815718,0.5169506726,0.0352363231,0.1581969452,3.1037297597,0.0076038287,0.0447982063,0.0124320429,0.0986506491,3.3890732442,0.5921881804,0.4959795868,0.3020633058,0.0006299719,0.0004237831,0.9526567303,0.0353620567,2.2898993935,0.6251207233,0.12745225,0.4847439148,-2.7722e-06,7.1196e-06,1.30918e-05,7.9115e-06,0.1758531321,0.1203341285,2.7898516406,0.3681254859,-0.0333342637,0.2083449654,0.49152,0.0138794759,0.0368367191,0.0026983098,0.102113133,0.1087189155,2.9758086876,0.5688328122,0.0441786171,0.2200714876,0.4597229165,0.3149089377,0.0162332905,0.0106797556,0.9930373089,0.001344291,2.6915860173,0.2321253842,0.9073177083,0.1212897981,-0.0001837613,0.0001234919,5.01576e-05,3.34596e-05,0.9373616973,0.0135801081,4.3751710825,0.8314769652,1.3285181438,0.2236814968,0.1318875504,0.0122995928,0.1166485993,0.0118982666,0.9525263864,0.0092105302,3.8212143363,0.3891412753,1.2318371703,0.1051896768,-3.683824300987527,-0.6364380923188553,-2.0246760430250035,0
87,102.53397942951942,3677,45,35.86128247882473,0.2565,0.046252027,0.471396928,2.6271113443,-0.1882112903,0.26545,0.0536986732,0.4757114511,2.6888934126,0.1925074583,0.47805,0.0639448786,0.6307033577,2.3299745298,0.2809587332,0.0351,0.0112245267,0.2838314817,3.1358315496,0.1606601012,0.6391346154,0.1777387916,0.9343453508,2.0264448448,-0.5302234663,0.0947115385,0.1044510074,0.8870453581,3.4141942298,1.2410906557,0.2661538462,0.0874016776,0.9054238508,1.9525454609,-0.1076542727,0.0334615385,0.012346693,0.489901064,2.9014236104,0.5315670221,0.4751166757,0.2884888281,0.0063546897,0.0041029135,0.9208177853,0.0386632485,2.516402012,0.5511267778,-0.1030923597,0.4738569669,7.26001e-05,0.0003466317,0.0003421458,0.0002104064,0.7168471858,0.107470444,2.6957465546,0.5366488208,-0.1411834333,0.4266020946,0.5091875,0.0502658305,0.0666954922,0.0114251891,0.6640973343,0.097435104,2.6027092837,0.3985001345,-0.0791144967,0.3356088765,0.4296200321,0.2622567817,0.026943432,0.0166279657,0.9201560626,0.0352246991,2.4920239033,0.6483842211,0.8137390439,0.2798285727,-0.0028121265,0.0016642386,0.0013003738,0.0008110747,0.906723566,0.0319436012,2.4967571224,0.5255780749,0.8192579308,0.244131083,0.1391199086,0.022780544,0.1540577773,0.0185939622,0.8859390808,0.0276639882,2.9831328119,0.4441134039,1.1016156213,0.1953979141,17.42701437666803,-8.695138050240923,2.9858701553950957,4
88,351.1550478649121,12989,40,36.98935862940183,0.2612,0.0431863404,0.5077822169,2.7496313383,0.5191693554,0.22,0.0384252521,0.32787171,2.2503302386,0.0485151246,0.5188,0.0345913284,0.1187531936,3.138420947,0.1363677746,0.04065,0.010335739,0.1995927077,2.4069459358,0.2061889905,0.4856666667,0.1021224755,0.9022709614,2.0952947086,-0.2671429111,0.0996111111,0.0688324365,0.9096361389,2.0649032542,0.6086215082,0.4147222222,0.0463223075,0.4950213088,2.8144573813,-0.3248990934,0.0401666667,0.0106835803,0.0215760027,4.5768657692,0.5648290039,0.4976015756,0.3027216301,0.0013917494,0.0007953217,0.9488164719,0.0422880174,2.3776393198,0.4634925439,-0.0236757016,0.484782829,-6.151e-07,2.96204e-05,3.23494e-05,1.79735e-05,0.2124724795,0.1501798325,2.8698785022,0.4858316902,-0.042146398,0.2453160762,0.49115,0.0263889371,0.0389152218,0.0040412882,0.1548178776,0.1098821101,2.9437589243,0.3067625075,-0.0718331856,0.2445893774,0.4461023036,0.2742934051,0.0245693758,0.0148890075,0.9880079913,0.0044938799,2.0590052538,0.1081214176,0.5313653486,0.1052958331,-0.0004635178,0.0002765854,0.0002020813,0.000123283,0.9650897685,0.0069334048,2.3014368258,0.1444045066,0.6514293119,0.1064615825,0.1600955369,0.026618327,0.1391073068,0.011515543,0.9502811365,0.0133925834,2.6831154064,0.2636511392,0.8811549688,0.1531817517,-2.4617597016534556,-1.3394841831798145,1.41525101326595,0
89,531.7168575060485,19454,8,36.58714168147039,0.24465,0.0305634995,0.1300764642,2.9605986029,0.3416657299,0.27045,0.0316235276,0.0671136556,2.7079184224,0.1860423467,0.4849,0.036338547,0.0560361574,3.2486521426,-0.4352190852,0.03765,0.009366296,-0.0986056997,2.7902190659,-0.005833463,0.3902209945,0.0815675553,0.8394105271,2.3869651914,-0.0667499098,0.1046961326,0.074333439,0.9100891149,2.913005429,0.8764329643,0.5050828729,0.0387493544,0.2842942519,2.819220117,-0.18926809,0.0455524862,0.0118682341,0.0902042504,2.7842820834,0.3791191175,0.4958804052,0.3015497715,0.00067099,0.0005222018,0.9441644562,0.0507363455,2.4840970563,0.794499094,-0.1223028125,0.5341644056,-7.154e-07,7.1662e-06,1.47367e-05,8.7639e-06,0.0560501866,0.1057212996,2.9423126817,0.5483152906,-0.1049037034,0.2004195705,0.50137,0.0136020991,0.0370286566,0.0021235793,0.0315542384,0.0891468682,3.0057544505,0.5121013709,-0.0711753473,0.2654175408,0.4520083346,0.2947105024,0.0199302374,0.0120105007,0.993128091,0.002721835,2.1457788235,0.1102613572,0.5931767659,0.1114423599,-0.0001835596,0.000110425,7.50239e-05,4.55315e-05,0.9642148826,0.0047932555,2.5644503832,0.1504222014,0.7769979344,0.095561132,0.167147411,0.0316092658,0.1345536128,0.0077594988,0.9580113955,0.007737611,2.7039369559,0.2593513952,0.8833416737,0.1446018022,-4.298317981842369,-0.208437241183973,1.5238935800896205,0
90,560.0651298744414,20858,56,37.2420971908679,0.27265,0.0319488263,-0.0156150007,2.9801661456,0.2845770992,0.2743,0.0284870146,0.0125890386,4.2288360597,0.7902894434,0.45305,0.0334506726,0.2077360033,2.5870172595,0.0505485085,0.0324,0.008731552,0.1012336953,2.5779424119,0.2812825925,0.4541558442,0.1048109076,0.8853910899,2.2841407441,-0.232994305,0.0881168831,0.0738462731,0.93012006,3.0845859205,1.0065907932,0.4577272727,0.0499353183,0.5556430295,2.70675034,-0.2475167149,0.0423051948,0.0115113315,0.0398443219,3.3577922703,0.4251226006,0.4974476003,0.3009068985,0.0009602844,0.0005969367,0.9310025491,0.05273449,2.3698317616,0.6037235901,0.0784772841,0.457417001,-3.8587e-06,1.65885e-05,2.22383e-05,1.37312e-05,0.0465843563,0.1254589634,3.0056469915,0.6232437812,-0.0578998948,0.2530565111,0.4989425,0.0209236724,0.0365598122,0.0026408816,0.0289652853,0.1256480137,3.0228999096,0.3756271048,-0.0152884511,0.2258861916,0.4524199455,0.2875642007,0.0236337547,0.0145009677,0.9906845583,0.0055501494,2.1245899731,0.2669257981,0.5533062403,0.2019482126,-0.0002671223,0.0001625121,0.0001254112,7.58188e-05,0.9613807236,0.0333334371,2.2146126706,0.3520636579,0.5395255147,0.2365083384,0.1868451347,0.0551245923,0.1397160035,0.0223625772,0.9515480421,0.0338408567,2.3797171985,0.2148353761,0.7176741394,0.2096219163,-2.4859899952843265,1.0078645455488073,0.14724061612160141,0
91,165.10779479220537,6389,35,38.69593200030808,0.22275,0.0373455151,0.2153959963,3.0787950017,0.1971626676,0.23845,0.033186556,-0.0600168235,3.3618606611,0.4014026716,0.5388,0.0374040105,0.1223416195,3.0816381367,-0.264027057,0.0402,0.0101469207,-0.0635674471,3.5197202435,0.7640426953,0.4288888889,0.1003204741,0.9159900879,2.1357722952,-0.1579831009,0.077345679,0.0670502227,0.9116665089,2.9885926924,0.9953211736,0.4937654321,0.0497867729,0.5659578312,2.6020049331,-0.3028687338,0.0428395062,0.0135158405,0.3560139086,3.3368682131,0.1542444848,0.4955115932,0.3003642341,0.001886384,0.0013404981,0.944206306,0.0299295183,2.5138280788,0.5682244293,0.0416894926,0.513157259,-6.6598e-06,3.11149e-05,4.34369e-05,2.66993e-05,0.1621139072,0.1734272754,2.7578112883,0.403341055,0.0252972819,0.2032316845,0.4941675,0.0246260801,0.0387892537,0.0042801192,0.1441831172,0.1321119909,2.8424114739,0.3916497336,0.0072800009,0.2628522638,0.4467674368,0.2718148423,0.021144869,0.0130726117,0.9810618532,0.0052557664,2.3153174218,0.207109018,0.7250888928,0.1372859501,-0.000502752,0.0003023129,0.0002256616,0.000138636,0.9613404103,0.0057964775,2.3552200961,0.220421963,0.7138190671,0.1453892851,0.1592481129,0.016212531,0.1486653643,0.0107243273,0.9531014469,0.0085948708,2.6032033898,0.3063652368,0.8987069752,0.1636531802,-1.8490233817369084,-1.9356492028790317,1.2647716157264115,0
92,776.2512794755587,28552,65,36.781903946477165,0.25855,0.0329491654,-0.1248542595,3.4573190874,0.2751339351,0.2671,0.0327275114,0.2116545503,2.9064728744,-0.4246899419,0.47435,0.0361016274,0.2363375893,2.7549020313,0.3364454483,0.0342,0.0095057877,0.1467406491,2.6730434026,0.0900828134,0.4047852761,0.0949601946,0.8760106542,2.2144142534,-0.1085223104,0.1077147239,0.0770103266,0.9080825639,2.6196750968,0.7798855664,0.4875,0.0425847225,0.3129777485,3.176595944,-0.1927613862,0.0421165644,0.0107308926,0.0628762452,3.0646981296,0.2775197688,0.4983912323,0.3028967471,0.0003959679,0.0002455527,0.9504065263,0.0389836472,2.572399552,0.6248473218,0.1643322179,0.5246489609,-4.375e-07,5.4729e-06,8.495e-06,5.1878e-06,0.0046169268,0.0757630311,2.9777012442,0.4853782747,0.0557466862,0.2306425693,0.4979075,0.0143792583,0.0352195114,0.001614587,0.0070818389,0.0985483285,2.9844308757,0.3292886308,-0.006792274,0.2445876267,0.4570131769,0.3145763437,0.0205179668,0.0132297321,0.9958711829,0.0017160887,2.0786554187,0.0954035774,0.5275413905,0.109759412,-0.0001053896,6.72774e-05,4.64026e-05,2.98466e-05,0.9713751879,0.0047920742,2.2596218719,0.1143364378,0.5879503337,0.1099001294,0.1763806816,0.0223269614,0.1376682111,0.0063138657,0.9603036953,0.0069671801,2.4720225828,0.2007613877,0.7581168516,0.1523370781,-4.924589616933478,0.1530033402748761,2.067695848007843,0
93,802.5134132398139,30176,36,37.60186372234821,0.25135,0.0298902576,0.0473056182,2.8919755357,-0.0180526402,0.22295,0.0292069769,-0.0187524775,3.8977640623,0.5992833244,0.5257,0.0350001429,0.0025133827,3.3898020486,-0.1923676503,0.0407,0.0099503769,-0.0400697798,2.9183278358,0.2402955424,0.4314473684,0.1030533434,0.8840831747,2.0077790692,-0.0179593354,0.0947368421,0.0745936758,0.9382035156,2.5264574047,0.7881092951,0.4738157895,0.0479270268,0.4206198106,3.0070389426,-0.2985475086,0.0432518797,0.0111064778,0.1204669482,3.1737010488,0.2095744787,0.4976143805,0.3027375356,0.0006690097,0.0004375778,0.9493239837,0.0705946918,2.2893750348,0.5603737162,0.0967702905,0.5011811303,1.3474e-06,5.8143e-06,1.15552e-05,7.2247e-06,0.0463124509,0.1359281575,2.8577318461,0.3181366635,0.0144277625,0.2428313405,0.50105,0.0148224323,0.03530585,0.0025816578,0.0433752238,0.1287794127,2.7314028366,0.3914086358,-0.054231882,0.1861625192,0.4565276806,0.3082575706,0.0195888185,0.0125436048,0.9945618422,0.0024876336,2.0486545114,0.1132145592,0.5000076517,0.1524946163,-0.0001301863,8.66737e-05,5.92903e-05,3.76882e-05,0.9340099242,0.1079689782,2.1636913013,0.1191565347,0.4772396624,0.2908459918,0.195727071,0.0795090726,0.1310814684,0.0299556727,0.915053485,0.1365637069,2.3891414468,0.1367158232,0.6714933688,0.3032788163,-2.2174175835502936,6.249505634736306,-2.1549643443489375,0
94,111.23857835382375,4060,60,36.49812915700967,0.2511,0.0440373705,0.5051405245,2.2935163568,0.1434289843,0.28715,0.0380871041,0.519723915,3.2907586694,0.4486818866,0.46175,0.0438028253,0.2949432541,2.3764342324,0.2137308495,0.0329,0.0102513414,0.090266558,2.5577472616,0.219367907,0.4706779661,0.10033612,0.8414011267,2.3312154133,-0.29127503,0.0751694915,0.0683706629,0.8335139553,3.9722405338,1.2063213043,0.4541525424,0.0481976206,0.4863030428,2.1819500601,-0.2579550107,0.0491525424,0.0112804219,0.0504774388,3.9096060847,0.8398130569,0.4792863328,0.2939493832,0.0031964782,0.0024824916,0.9133100469,0.0590314652,2.3495111294,0.4029272051,0.0819199605,0.3217659552,3.34065e-05,0.000102616,9.35981e-05,6.26298e-05,0.2598779778,0.1505387287,2.9162309277,0.5629484056,0.0796469875,0.2380603294,0.51283,0.0269887866,0.0410530685,0.0040208288,0.2197209065,0.1309165695,2.9565968833,0.4485026816,0.0451200877,0.2441589207,0.427054075,0.2585248162,0.0281560293,0.0172341518,0.9688809699,0.0162646437,2.354812334,0.1826991062,0.7503714575,0.1154230357,-0.0011101581,0.0006935407,0.0004774141,0.0002918198,0.9508523136,0.0214981496,2.391981392,0.1798446231,0.7421712369,0.108175076,0.1488457596,0.0202296749,0.1467157341,0.0164719886,0.937513828,0.0313096881,2.6806967562,0.3080654339,0.9477806543,0.1581274295,3.4027748468108654,-2.9359795360944716,2.797960687187175,0
95,103.85849812869792,3771,42,36.309017248902485,0.23575,0.0724961206,0.7395147192,2.6718067305,0.7176203784,0.2973,0.0839119181,0.8257586606,2.27657607,0.0848467641,0.46695,0.0438000856,0.4941349311,2.6020857964,-0.0441706987,0.0344,0.0100816665,0.1172453963,3.7888981971,0.573990108,0.624,0.152485056,0.9231893366,2.390990414,-0.9275998104,0.0714615385,0.071595676,0.9016678005,3.5296341137,1.2255779248,0.3045384615,0.0893425692,0.8174408412,2.5393101945,0.888316159,0.0397692308,0.0125707465,0.0749891554,2.761922348,0.0579833592,0.4960165057,0.3019247211,0.0023888198,0.0015959046,0.909940445,0.03679378,2.4514044736,0.5499697647,0.1209363311,0.3358541378,-1.00616e-05,7.20009e-05,0.0001227114,7.63583e-05,0.6157539351,0.1321663455,2.6741657895,0.3058727201,-0.0439709511,0.2803255749,0.489725,0.0295616453,0.0604047824,0.0113157308,0.5384600393,0.130511742,2.7927803327,0.3327380785,-0.02014318,0.2975267699,0.4463090524,0.2704779311,0.0256470792,0.0151064204,0.9743488333,0.007767451,2.14202676,0.1805615359,0.6025556358,0.1216303008,-0.0011031216,0.0006853842,0.0004348673,0.0002563227,0.93871706,0.0203471142,2.804525402,0.5257833955,0.8558331967,0.1892413386,0.1337218835,0.0181294999,0.1341917957,0.0140275747,0.9203254881,0.0219143219,3.5163081569,0.8194865075,1.1893112668,0.2543089379,4.595719988967572,-5.421779352827493,-4.990969469566839,4
96,255.5971453765868,8729,56,34.15139862825554,0.24305,0.036379218,0.3848591317,2.3522569691,0.0856422969,0.3482,0.0415242098,0.2002447937,3.1601706507,0.1491907083,0.40875,0.038680583,0.1016770063,2.7530531607,0.071041375,0.03265,0.0094195276,0.0698560935,5.7056950875,0.9269963012,0.5231048387,0.1344411862,0.9162726596,2.0006497938,-0.3542855891,0.0599193548,0.0524557566,0.9078278196,4.1892529711,1.2481545812,0.4169758065,0.0896494485,0.8343983568,1.875891582,0.087199155,0.0442741935,0.0107518481,0.0791637427,3.1580283691,0.3488095303,0.4966038056,0.3026014788,0.0014787551,0.0010707543,0.939446237,0.0482603462,2.3617019442,0.5673077364,0.0678482194,0.5316190344,9.8216e-06,3.13809e-05,4.22321e-05,2.63476e-05,0.4131400325,0.1791923833,2.807708372,0.4428465157,-0.0754385919,0.259715131,0.504545,0.0296635083,0.0452565516,0.0072414632,0.3392030524,0.1719141741,2.8552576418,0.497890086,0.0017763405,0.2164923705,0.4548700945,0.2775419237,0.0200733323,0.0119569771,0.984487203,0.0053290156,2.2821350741,0.1495129165,0.6766589906,0.1023899208,-0.0004590468,0.0002803839,0.0001835965,0.0001117101,0.9576877633,0.0159914524,2.9150008713,0.3730318335,0.9725831573,0.1569737248,0.1422666762,0.013067789,0.137814235,0.0078774969,0.9503189016,0.0114422163,3.213865869,0.5081348728,1.1381518864,0.1805354469,-1.129415208387033,-2.1816879257984985,-0.4366747329724098,0
97,524.8577229793729,19417,70,36.994787634596925,0.25125,0.0337073805,0.4485956055,2.2955271514,0.2216464292,0.2562,0.0355536215,0.3034049244,2.7363573162,0.3497883319,0.49255,0.0326917038,0.0958409997,2.743923401,-0.1414243325,0.0342,0.0095057877,-0.1606323101,3.0356919673,0.4306176425,0.4660734463,0.1019428788,0.8694965547,2.1025339274,-0.2586751605,0.0879943503,0.0581864815,0.8712278044,2.8264142966,0.7496066457,0.4459322034,0.0537635116,0.6300197621,2.2700636367,-0.1846041436,0.039519774,0.0118689122,0.0926170633,2.9107000383,0.2840652556,0.4983521129,0.3027281963,0.0006662469,0.0004749563,0.9483568187,0.0275077368,2.3556191256,0.4461420896,-0.1924084851,0.3320385663,-8.642e-07,1.23003e-05,1.50198e-05,9.6907e-06,0.1892186981,0.1158805368,2.893925152,0.5124127353,-0.0829993688,0.2957468417,0.497765,0.0241695992,0.0378707608,0.0041642195,0.1398732855,0.1332891639,2.9433144689,0.5220939924,-0.0844103732,0.2754606137,0.4593793604,0.3031941087,0.0179562802,0.0129697243,0.9849574435,0.0263058435,2.0568376066,0.1483964256,0.5041182255,0.1655282005,-0.0001662128,0.0001211986,7.31099e-05,4.69126e-05,0.9206013375,0.1378534441,2.6084326948,0.5892535682,0.5939919838,0.5540227606,0.1801365756,0.1026072229,0.1229916696,0.0260433805,0.8460490265,0.339192649,2.858389024,0.5005130101,0.8995599264,0.2957139789,3.427231116293923,12.682049956717808,-7.064770246552516,2
98,767.2579089446118,27482,63,35.81846427337893,0.23905,0.0323008901,0.1404883909,3.3475906562,0.0546169212,0.25225,0.0293289533,0.1438590259,3.3154248796,0.2463927161,0.5087,0.034290086,0.1059299772,3.1153800719,0.1475833029,0.04055,0.00987155,0.0432552832,2.7823398571,0.1042615825,0.4645990566,0.1289972378,0.9188023682,1.9367008112,-0.1816523827,0.0947877358,0.0780697393,0.9180989607,3.2716626243,1.0723897085,0.4406132075,0.0663794226,0.6977818252,2.3799565966,-0.2601866387,0.040754717,0.0119015706,0.204592393,3.5914896262,0.729355437,0.4968078281,0.3016141555,0.0007736315,0.0005148147,0.9483769964,0.0461847692,2.3873790779,0.4910864853,0.0224126236,0.4831310065,-1.3691e-06,1.34999e-05,1.40263e-05,8.5755e-06,0.045173837,0.1169479126,2.9769960342,0.4183737657,-0.0094145642,0.2256925077,0.4964975,0.0221536593,0.0353478491,0.0024728401,0.0046043159,0.0816649466,2.9847644752,0.482121277,0.0235897531,0.2006716823,0.4585214871,0.2979603642,0.0186159889,0.0111526989,0.9925328057,0.003502925,2.1541577456,0.1345521948,0.5771749576,0.160263951,-0.0001801626,0.0001087743,7.86945e-05,4.61685e-05,0.9598905717,0.0265278978,2.4255072016,0.2135725253,0.6757564928,0.2194755842,0.1802374566,0.0596405932,0.1350469263,0.0177270987,0.9455736177,0.0504583257,2.6005872463,0.3092761491,0.8215260765,0.2152670772,-3.3248542940388846,1.485477235918243,0.0367623529611533,0
99,180.79912262707933,6616,36,36.593097930272165,0.27705,0.0452387831,0.491055546,3.1397142639,0.7708339783,0.2745,0.0412583325,0.5481415012,2.1210085155,0.0867980451,0.44845,0.0405197174,0.1192254608,4.0201787799,-0.2279208503,0.03405,0.0105521325,0.2152016143,3.1994708785,0.244220501,0.4947368421,0.1347192371,0.9270010104,2.0494588866,-0.1101392308,0.0986842105,0.0754912352,0.9282745614,2.3332095911,0.6742083593,0.4065789474,0.06887828,0.796482368,2.2084038113,-0.271059983,0.0432236842,0.0115195471,0.2582727426,2.8183055585,0.0821544617,0.4853106005,0.2943733159,0.002886242,0.0022081096,0.9376452941,0.0351741739,2.3609573516,0.5019696093,0.1305062364,0.4903685069,-1.78228e-05,6.67121e-05,7.96855e-05,4.92496e-05,0.3844251235,0.2255538818,2.7044092265,0.3425449733,0.0649455411,0.20504861,0.5015325,0.0248301494,0.0442616049,0.0082074939,0.3449078908,0.1730424459,2.6682733686,0.262042222,-0.0476504654,0.2238850541,0.4373232554,0.2660595319,0.0268736814,0.0164659048,0.9724886913,0.0120770651,2.2762916485,0.2097005606,0.7115300164,0.1328179622,-0.0008926572,0.0005350139,0.0004281568,0.0002627869,0.9553556678,0.0197107801,2.2007385806,0.3724511502,0.6278440558,0.2028665515,0.1653861985,0.0215046464,0.1526992923,0.014054362,0.9476639828,0.0142303463,2.3344054862,0.309228571,0.7714584036,0.1656884678,2.3919117114597888,-3.6509783924265413,0.1811152032163921,0
100,477.58201135607226,17482,36,36.60523132008398,0.2682,0.047479048,0.4613424107,2.6832801249,0.2903046017,0.22115,0.0422720652,0.4740478194,2.6783658598,0.0613252068,0.51065,0.0413319187,0.2422796123,3.2534260043,-0.0395174107,0.0375,0.011169154,-0.1537290715,3.1193649825,0.2825919169,0.4538700565,0.0894450566,0.8325091995,2.4679725918,-0.0956116008,0.082740113,0.06067865,0.8841608804,3.0746171317,0.8781051314,0.4633898305,0.0478649289,0.4572840286,2.6318894693,-0.1418360235,0.039180791,0.0110867699,0.1928306738,2.9623499307,0.2754530686,0.5016927233,0.3050499318,0.00058216,0.000392894,0.9412036867,0.0394995437,2.4110303351,0.4436813565,0.0301593551,0.298665106,-3.9246e-06,1.98891e-05,2.00542e-05,1.27211e-05,0.5254081328,0.1087916559,2.7782662935,0.4475829253,-0.0333428895,0.2788821472,0.492305,0.0320353863,0.0516910789,0.0063267975,0.4765838447,0.1280609279,2.7722336463,0.480628514,0.0245494214,0.2724019931,0.4638765169,0.3081940499,0.0149384047,0.0103110447,0.9925971345,0.0021776533,2.2353153586,0.1655012811,0.6474050294,0.2217642418,-0.0001641577,0.0001057125,5.46449e-05,3.12568e-05,0.9248333349,0.0703249634,3.1183495409,0.4091672853,0.9587056466,0.1887020431,0.1622354952,0.0846078998,0.1113272282,0.0159075222,0.9078749871,0.1118201288,3.0855872319,0.3739067646,0.9748332355,0.216590075,-1.0611427707808658,3.026421933518543,-5.475238968936713,0
101,125.15820717651792,4727,26,37.76819839975205,0.2872,0.0344696968,0.1181351615,3.3292377443,-0.2819523574,0.30135,0.0618257835,0.6682951948,2.4247949912,0.4804217179,0.41145,0.0519629435,0.6073306165,2.3753932195,-0.0515113909,0.0334,0.0083630138,-0.0108075017,3.1103172792,0.1022517708,0.4176415094,0.075019518,0.7063156749,2.5995432097,-0.3010906751,0.0724528302,0.0698017587,0.9082005413,2.7089484313,1.0485320382,0.5099056604,0.0433990975,0.1717015508,3.6158269374,0.0284785051,0.0494339623,0.0142967333,0.288714954,2.6559390025,0.4432898449,0.495079052,0.3013941139,0.0026130788,0.0015993181,0.9293093226,0.0411085377,2.5264934776,0.5409400269,0.2210994192,0.3553109303,7.487e-06,9.03635e-05,7.44098e-05,4.49767e-05,0.3282574737,0.1490103736,2.7356938718,0.2519354091,0.0423097994,0.2371447298,0.4983,0.0340958465,0.040975103,0.0044720451,0.2579974215,0.1432719483,2.8712977776,0.4603096396,0.0863134758,0.2561191033,0.4488554894,0.2724651052,0.0190632383,0.0118808925,0.9676759568,0.0076249804,2.5780957999,0.2029312803,0.8623324029,0.1064907005,-0.0007643223,0.000465789,0.0003130283,0.000196828,0.9437562346,0.0109706905,2.6546092891,0.195357204,0.8623190578,0.0885352834,0.1447851744,0.0164251969,0.1430851291,0.0131580991,0.9397888534,0.012313353,2.8500025953,0.3331070765,1.0180337935,0.1342602063,0.7266240678018224,-2.9590129493692907,0.15163186895261657,0
102,872.1210322876741,32850,54,37.66679025482353,0.26815,0.0328759411,-0.0138285765,2.7135235966,0.0376738783,0.2554,0.0323239849,0.027060734,3.2729145414,-0.1265455348,0.47645,0.0335208517,-0.0059479433,3.1703645162,-0.1356585948,0.03555,0.0105805246,0.0455079091,2.5419200578,-0.0874908934,0.4064516129,0.0872207259,0.8415122251,2.2033166768,0.2183095622,0.1037788018,0.063083274,0.8756867954,2.3486138498,0.5994967143,0.4897695853,0.0466696637,0.3592685527,3.2979982582,-0.394486649,0.040483871,0.0113742764,0.0967935959,2.8888715208,0.1271360773,0.4977478701,0.3023856483,0.000502491,0.0003866876,0.9404426725,0.0341998973,2.8373731917,0.9080090714,-0.0054515715,0.6116114234,1.047e-07,6.9035e-06,1.07414e-05,6.5308e-06,0.0103644527,0.0947138968,2.7825807741,0.3657175262,-0.0732270384,0.2037109592,0.499085,0.0186593616,0.0350188027,0.002167823,0.0526637169,0.1164185719,3.0039750483,0.3877728392,-0.1278385199,0.1922425047,0.4529301121,0.3089515539,0.0209999961,0.0142039309,0.994725098,0.0035582299,2.0637242531,0.3199222746,0.4883789507,0.2404816314,-0.0001227454,8.64533e-05,6.06478e-05,4.03762e-05,0.9104608375,0.1680362184,2.2798712632,0.5349454126,0.4557696143,0.2946989564,0.2076055577,0.0988876591,0.1301850308,0.0327028195,0.8804062049,0.2234648279,2.5318314651,0.5128268703,0.6791657331,0.1996917437,-0.239236897361738,9.848470071669349,-5.708125268362836,2
103,226.0273317322685,8293,6,36.69025306117906,0.33855,0.0578977331,0.4757527548,2.6552811324,-0.0796899268,0.213,0.0469201449,0.5052952963,5.3232017338,0.9277533201,0.44845,0.0460309407,0.2973955658,2.800598453,0.2522246816,0.04015,0.0112573309,0.0651010111,2.8791105198,0.2202553603,0.6042366412,0.1600816505,0.9444308707,2.9353620125,-0.9703896533,0.0912977099,0.095780418,0.9143885184,7.080664639,2.0122900169,0.3044656489,0.080367125,0.8364171974,2.5908050058,0.5564608215,0.0363740458,0.010503606,0.2093769014,2.9030622734,-0.0636720028,0.4937503919,0.300003098,0.0013804362,0.0009416459,0.9138666133,0.0470445712,2.4237146232,0.5658654834,-0.1426027637,0.4052357909,-2.00662e-05,3.7292e-05,8.36171e-05,5.91814e-05,0.6648340918,0.1356498233,2.5109904609,0.4186469906,-0.0899933415,0.2286849358,0.4867275,0.0210761208,0.05695934,0.0088844784,0.4977170352,0.1340087,2.617252721,0.2755905231,0.0860696887,0.2272799974,0.458350401,0.2786832655,0.0167920108,0.0100896813,0.982546093,0.0038660022,2.2616612172,0.1530229661,0.6874864197,0.1234877398,-0.0005383419,0.0003237416,0.0001561585,9.09241e-05,0.8972800788,0.0314636091,3.8889344445,1.3177494407,1.0212677179,0.248923397,0.1422152107,0.0326837092,0.1225110809,0.0186343047,0.9235017596,0.0262123538,3.3210316753,0.8696370224,1.001051828,0.2242607354,2.664792746184668,-3.6611658899056088,-8.662213130948293,4
104,467.4265721035172,17654,63,37.76849895493385,0.2721,0.0518467935,0.5273463118,2.5773382784,0.3527924136,0.26175,0.0504548065,0.6407950285,2.4521864383,-0.1425853263,0.46615,0.04534785,0.3887318057,3.3177016948,0.3125858128,0.03175,0.0115839328,0.3721297124,2.4787918021,0.4110257627,0.4446818182,0.0845207809,0.7831616418,2.3417267614,-0.2125871172,0.0674090909,0.0528923943,0.8583086396,3.9423978792,1.1541639855,0.4879090909,0.0476940144,0.3312350141,2.9169756511,-0.2196203022,0.0517272727,0.0123294983,-0.0104377935,3.2545954617,0.0510919909,0.4969815372,0.3018179843,0.0010225296,0.0006557452,0.9208133887,0.0403811188,2.4203872472,0.5223936528,0.0505154263,0.4625616243,1.493e-06,4.23469e-05,3.99969e-05,2.46046e-05,0.5303921027,0.1322382329,2.7842787984,0.3432377695,-0.0314502624,0.3051146522,0.4949625,0.0455376599,0.0457096329,0.0073203201,0.3817695231,0.1438787875,2.8219027363,0.3505309345,-0.0635243167,0.2478457366,0.4654570823,0.2901891327,0.0117367722,0.0071436228,0.9828816456,0.0048904188,2.609955123,0.1874862728,0.845336716,0.1185582146,-0.0003943906,0.0002368232,9.0055e-05,5.64853e-05,0.8723262175,0.0181983373,6.7471367089,1.454464035,1.6990734311,0.286564991,0.1175377276,0.0216625573,0.1065716127,0.0092123791,0.9248933748,0.01264657,4.367095861,0.5050459922,1.3219563484,0.1229641323,-0.1354787392439441,-2.3637908069307,-6.854482494257519,0
105,254.35008360463547,9365,66,36.8193313219313,0.2684,0.0426373076,0.351496228,2.7833811777,-0.3154643264,0.24675,0.0334542598,0.193280617,3.5243225027,-0.0281062788,0.48485,0.037185044,0.1807602893,3.7953815805,-0.2887485056,0.03955,0.0102736313,0.043085104,2.9264864597,0.1211135808,0.4975,0.1067219909,0.8611258879,2.1888885368,-0.3557465278,0.0798888889,0.0483619328,0.8526795589,2.6145134893,0.7274626309,0.4226111111,0.0662915605,0.6662465568,2.26547196,0.1785189466,0.0392222222,0.0093068407,0.0741157223,2.6986356482,0.3512236395,0.4965455668,0.3009371697,0.0015216398,0.0011267581,0.9379967033,0.0315327476,2.7633610881,0.5739682811,-0.2707558196,0.4917016683,1.11603e-05,2.53019e-05,4.06062e-05,2.61297e-05,0.3211123838,0.1359173697,2.8293345054,0.3810372041,-0.0287059738,0.258411649,0.5075575,0.0250952499,0.039905505,0.0041473845,0.2309992388,0.1284992006,2.8862189053,0.3073838849,0.01606926,0.2350593986,0.4518600107,0.2760620154,0.0189801471,0.0116737729,0.982669023,0.0072780706,2.3963327421,0.2487286964,0.7500474305,0.1429043607,-0.0004744426,0.0002893042,0.0001740321,0.0001064537,0.9452809182,0.0134294516,3.0679197007,0.3846068787,0.9462646972,0.14081849,0.1382984838,0.0147144297,0.1308217305,0.0077330484,0.9411199701,0.0146335341,3.3444623921,0.4583877061,1.1257686078,0.1629416539,-1.1474976061327142,-1.5420158295524968,-0.07308374566593218,0
106,266.2128934158494,9464,70,35.55049448794483,0.2354,0.0315410843,0.1738898189,2.8497496634,0.3695584546,0.2886,0.0334595278,0.2979127629,3.2440727211,0.2672184855,0.476,0.0362973828,0.0418783176,3.0941733848,-0.0292962612,0.0392,0.0105052368,-0.0963096738,2.5361832067,0.1922408894,0.3689150943,0.0857101432,0.8284258533,2.0718972696,-0.3893738979,0.1006132075,0.0747470667,0.923243488,2.3971398496,0.6944400643,0.5304716981,0.035077598,-0.1154994516,2.3075137222,0.0612394352,0.0504245283,0.0141441021,0.2099457836,2.9763957776,0.4137829514,0.4934555204,0.299552608,0.0011772162,0.0009276879,0.9538163653,0.0355424447,2.3654812386,0.4352379084,0.1199712467,0.4286661221,-2.6215e-06,2.33624e-05,2.28024e-05,1.40918e-05,0.1290316156,0.1403639814,3.002775095,0.4439627526,0.0187607194,0.2317601885,0.500205,0.0265031644,0.0373232361,0.0029734322,0.0872209961,0.144460037,2.8159506275,0.3555750642,-0.0562386459,0.2485193477,0.460767376,0.2841060414,0.0174273635,0.0106469455,0.9863519419,0.0043970674,2.3304708152,0.1233300243,0.7437830516,0.0742602198,-0.0003005191,0.0001877561,0.0001323399,8.0421e-05,0.965221086,0.0074275113,2.418387446,0.1416228362,0.76041472,0.0808001334,0.1543660977,0.0099335912,0.1490897842,0.0063783759,0.958955807,0.0063603361,2.7308662634,0.2167908577,0.962991219,0.0989564535,-3.405491081276261,-1.032611073906418,1.9931550545027343,0
107,120.3487986079694,4321,56,35.90397286869025,0.2848,0.045226762,0.490404135,2.2373968361,0.1660346082,0.20995,0.0458011736,0.5282158827,3.9593396168,0.6954246554,0.50525,0.049746231,0.5618804637,2.6044275464,0.2562638895,0.03935,0.0100661562,0.1241559169,2.9123051486,-0.0793024116,0.5401190476,0.1709166049,0.9222070468,2.0927549832,-0.4963409247,0.0851190476,0.0849473793,0.8752155403,2.8006688124,0.9824534569,0.3747619048,0.0939221586,0.8357534453,2.1232497853,0.1606026777,0.0347619048,0.0094461116,-0.0608161648,2.316971789,-0.2280357285,0.4886539679,0.2963840746,0.0050772507,0.0040320857,0.9055820437,0.0430768303,2.4317368638,0.5145729119,0.0301043398,0.3061695431,-4.2276e-06,0.0001696875,0.0002221923,0.0001583199,0.5361520604,0.1508158498,2.7016561389,0.3932710709,0.0392876836,0.2345064698,0.4982925,0.0316553008,0.0528315804,0.0111719732,0.4661378724,0.1617688229,2.721760546,0.4596672919,0.0510345613,0.2210174013,0.4268117417,0.2590714927,0.0243407048,0.0157441787,0.9396081562,0.02197435,2.4855761379,0.2204787761,0.8543294693,0.1182233182,-0.0020427361,0.001244391,0.0008516973,0.0005477799,0.9192957395,0.0317502841,2.5313167434,0.2161423824,0.8521433324,0.1189524249,0.1338037842,0.0270144838,0.1453530057,0.0271966308,0.8969276554,0.0268730835,3.0620375133,0.4897007148,1.112613359,0.1960847935,10.718027479738108,-6.721520368599746,-1.3649007958699317,4
108,169.2541728448166,6229,9,36.80263768569628,0.23195,0.0340065802,0.2708338142,2.9538615371,0.6057854258,0.29385,0.0446029988,0.3000058209,2.809176102,-0.083633873,0.4742,0.0431898136,0.2280548566,2.8074845523,0.182584969,0.02955,0.0099018938,0.1643418526,3.2986290142,0.457024814,0.431484375,0.1357435533,0.8998248215,1.7968432964,-0.0429539905,0.09984375,0.0742776082,0.9258639401,2.0794902622,0.5037598763,0.468671875,0.073096908,0.6511901718,1.8476848498,-0.2384433863,0.046796875,0.0117049398,0.1716189699,8.0974711941,1.3030565318,0.4902774847,0.2976209179,0.0036120671,0.0031200457,0.9577216186,0.0366937573,2.4816968683,0.8775782734,0.0250532705,0.6660456454,9.0659e-06,7.88166e-05,8.41573e-05,5.92718e-05,0.4306274149,0.1834038198,2.8396111885,0.3798958941,0.0972428669,0.3310466329,0.5041425,0.0261973294,0.0424333954,0.004090731,0.3148719822,0.1551248236,2.878088908,0.4261049252,0.0665821748,0.2510130337,0.4376696046,0.2659060386,0.0265786122,0.0163460326,0.9735156498,0.0128395824,2.1591194394,0.1522944821,0.6310245928,0.106032032,-0.0009811658,0.0005918419,0.0004439712,0.0002736566,0.9552265173,0.0187352666,2.1991817773,0.1603988849,0.6329024256,0.1052003606,0.1529569513,0.0231553422,0.1463506579,0.0174188437,0.9425988274,0.013970193,2.5603313361,0.3030503431,0.8835388348,0.1500110289,1.6321224702436077,-2.6637715525922347,2.9352258320158024,0
109,1254.9229355259204,46433,27,37.00067843651339,0.2343,0.0291635046,0.0752142462,3.052827162,-0.1999119307,0.2719,0.0339542339,-0.0611856124,2.4553609844,-0.1030343804,0.4938,0.0375107984,-0.0544962123,3.2034657833,0.2200579066,0.03325,0.0103047319,-0.0245450424,2.7651583991,0.2687668497,0.3952506964,0.0954162182,0.8538190972,2.1279117258,0.0358680505,0.1096796657,0.0704460156,0.911730144,2.1136644844,0.4513118409,0.4950696379,0.0440031418,0.251625357,3.120419334,-0.3603860131,0.0424930362,0.0119182139,0.1480194986,2.7864004722,0.4120493086,0.4999231715,0.3033467077,0.0003694002,0.0002696147,0.9479467019,0.0525348677,2.4752047715,0.5393293078,0.0251795984,0.5038640248,-1.4806e-06,3.4229e-06,6.9451e-06,4.3623e-06,-0.0033128527,0.0988402827,2.8403966835,0.2778309731,-0.0081760037,0.1743229418,0.4962675,0.0126154298,0.0354271373,0.0019038945,-0.0021924534,0.0957211133,2.8594773813,0.5047547952,0.0059989597,0.1737621083,0.4536778048,0.3230288178,0.0206143187,0.0143194551,0.9962414175,0.001731689,2.1169931724,0.1444558567,0.5770653845,0.1147827087,-8.55496e-05,5.65434e-05,4.00701e-05,2.79795e-05,0.9724523702,0.0025086641,2.1455920256,0.1568485165,0.5866230863,0.1172997138,0.1744300854,0.0218151825,0.1407295913,0.0028536463,0.9660406185,0.0021484448,2.3037705114,0.1688912619,0.7410403919,0.1184548957,-5.397217229650282,0.32259639257005035,2.9173726166811242,0
110,754.0314905820313,27254,52,36.14437903510216,0.2239,0.0310288575,-0.1407105726,2.4971841292,-0.1164534418,0.26645,0.0317119457,0.140951741,3.772934376,0.474855485,0.50965,0.0383096267,-0.0479003939,2.7410797653,-0.2301977449,0.0395,0.0108050914,0.0776074489,3.9011825447,0.4560067733,0.419914966,0.0845279585,0.8247046166,2.4052642469,-0.1736498363,0.0774659864,0.0648451101,0.9072878648,3.1858433862,0.9863673042,0.5026190476,0.0402683741,0.174229985,3.6784646858,-0.1448926203,0.0458843537,0.0128862195,0.1976016022,2.6407004291,0.2344978475,0.4988552094,0.3035913744,0.0002870664,0.0001773602,0.9409048499,0.0442650843,2.7398466832,0.7874488961,-0.3235169412,0.5561793956,1.368e-07,4.2677e-06,6.7101e-06,4.0564e-06,0.0428807941,0.1058497377,3.0177438897,0.3098644121,0.0207423057,0.2194743169,0.4984675,0.0139943227,0.0358854289,0.002384087,-0.0137093426,0.0947562577,2.887296178,0.3791261738,0.0313217765,0.1894680965,0.4694111592,0.3174333214,0.0142062409,0.0083288405,0.9954111602,0.0024730168,2.0508310083,0.1468412972,0.4893272227,0.1417353475,-8.70185e-05,5.11693e-05,3.40714e-05,1.95418e-05,0.9569838533,0.019191359,2.4669051,0.1437241929,0.6315348902,0.0781838785,0.1925548476,0.0494469716,0.125067775,0.0158649759,0.9386957525,0.0420285969,2.4172078491,0.109113832,0.6463869752,0.0762510523,-4.55395504826583,2.0215748556960644,0.6821766528584189,0
111,503.5832368357552,18039,22,35.82128768492638,0.25875,0.0440872714,0.4448088884,2.6593870372,-0.1081837501,0.3051,0.0438176905,0.2273514156,2.6843737195,0.0791220656,0.43615,0.0355587893,-0.0132465728,2.9995864157,0.1069237695,0.0313,0.00939734,-0.0441393123,4.0403155744,0.8325236775,0.5161061947,0.1200290056,0.9036682897,2.1887307084,-0.2708578017,0.0983628319,0.0701813154,0.9142729617,2.6517595875,0.829075225,0.3855309735,0.0643736425,0.6628765537,2.7745197343,-0.0797313139,0.038539823,0.0093997132,0.2891309982,2.8042516936,0.1620964487,0.4947511377,0.3003310721,0.0011607208,0.0008699844,0.9280725658,0.0438523436,2.3891945904,0.5582930076,-0.0099024272,0.489204065,-4.3229e-06,1.6627e-05,3.63295e-05,2.20023e-05,0.4450832219,0.1570071145,2.9206137367,0.3726928974,0.0062265353,0.2175561936,0.4907,0.0267123099,0.0450923518,0.0038134375,0.3435403045,0.1145642797,2.7917027,0.3673125743,0.0204149544,0.2127795897,0.4568143298,0.2862585488,0.0162369066,0.0103392261,0.9842315286,0.0053996323,2.4167247831,0.1910969252,0.7427537992,0.1779587174,-0.0004025856,0.0002483191,0.0001378231,8.03359e-05,0.9316340982,0.0342705627,3.727134015,0.6939288613,1.1466033933,0.2139105755,0.1420086859,0.0636817685,0.1189038377,0.0106702528,0.9246283562,0.0517149113,4.0221018059,0.8758686462,1.302133005,0.2473433495,-0.32064773025756976,-0.24890602543036078,-4.38978521510264,0
112,105.43083447113123,3994,28,37.88265567691798,0.23905,0.0366380608,0.3713553811,2.7798405132,-0.0109737937,0.2097,0.0357758298,0.0583603648,2.7039508936,0.1186823479,0.55125,0.0425169084,0.0976695976,3.0165296808,-0.1357324996,0.04225,0.0112555542,0.0701899012,2.6673370281,-0.0790926733,0.4233076923,0.1242184085,0.9133119015,2.2262211885,-0.1865025593,0.0783076923,0.0837132327,0.9292198502,3.038682334,1.1965024587,0.4983846154,0.0630878977,0.6802050417,3.2132039817,-0.7632031379,0.0537692308,0.0147291122,0.3136211608,2.1850512362,0.1838604945,0.4871216632,0.2965635032,0.0020446298,0.0014108266,0.8995016497,0.0899772193,2.4022494816,0.4882832676,-0.0882565434,0.3071936863,1.38996e-05,7.23702e-05,6.61469e-05,4.08464e-05,0.2851904681,0.1542653831,2.93117716,0.4883813985,-0.0164365141,0.1719470073,0.5051825,0.026041017,0.0413054912,0.0049473244,0.2126330581,0.1556796779,3.0560826588,0.4397069655,-0.0709320237,0.2280595867,0.4460819246,0.2700784333,0.0235225144,0.0141413091,0.9733836381,0.0080905545,2.1837731609,0.124297633,0.6568932009,0.0870245623,-0.000902032,0.0005618151,0.0004068754,0.0002447994,0.9577012577,0.0101230942,2.1764979857,0.1259511262,0.639907305,0.0806330999,0.1534651916,0.0192674548,0.1492675523,0.012560948,0.939379685,0.0146169897,2.5908490216,0.3333260716,0.9050948631,0.1402588085,0.2661762358571692,-2.745407671991516,2.9246616835284924,0
113,104.12030685654274,3919,8,37.63915146158385,0.3083,0.0457778331,0.4599756619,3.3429048728,-0.1917752474,0.21475,0.0364168574,0.2293707029,2.8922700697,-0.1192985699,0.47695,0.0408772247,-0.0071080242,3.2846999425,0.1695558638,0.03495,0.0106652473,0.1520008705,2.8450920891,0.2850542911,0.555483871,0.1476829365,0.9436935335,1.7628550108,-0.1829846967,0.0658870968,0.0664753422,0.9287522764,2.3368424268,0.8347050658,0.3786290323,0.0896506182,0.873817593,1.9332954438,-0.2124567422,0.0408870968,0.0093981893,0.2075769896,2.9991627032,0.5150526548,0.4940253696,0.3014935179,0.0036651647,0.0026346368,0.943684183,0.0236899298,2.2188374028,0.5056725844,-0.0094549643,0.4226261866,4.1156e-06,0.000103266,0.0001131073,7.59858e-05,0.4429381681,0.1801216224,2.8322710639,0.4029665193,-0.0020474197,0.2829395369,0.4956275,0.0301485218,0.0463155108,0.0061264863,0.3502138543,0.1359605967,2.7551812827,0.3554469804,-0.0563104712,0.1917025136,0.4410060438,0.2686503168,0.0229681273,0.0141525837,0.9632483735,0.0101763803,2.3729951389,0.1689411764,0.77009266,0.0987741641,-0.0011134706,0.0006556219,0.0004884433,0.0003024514,0.9444615849,0.0134334213,2.4316624838,0.2090286784,0.7715793814,0.1122863654,0.1484070738,0.0166949732,0.1491988141,0.0119379179,0.9335322103,0.0115121974,2.71075238,0.3347417487,0.9624476926,0.1520584502,2.876271956835985,-4.236657870932368,1.228274009166695,0
114,291.41198533139124,10327,72,35.437801188088486,0.2567,0.0435500861,0.4644705676,2.7312741438,0.2637170423,0.22545,0.0401129343,0.3556180248,2.4531647579,0.1904362566,0.51785,0.0428033585,0.247695397,2.7979531525,0.0487548042,0.0341,0.0109402925,0.0762809614,2.670387633,0.2015298697,0.5313291139,0.1115475401,0.8909296867,2.9533672735,-0.8453022401,0.0587341772,0.0623001532,0.8698630123,4.6005787142,1.593365097,0.4099367089,0.0611001133,0.6654945979,2.9494770202,0.2480793759,0.0437974684,0.0116166399,0.0830444393,3.7501794725,0.7527488745,0.4952211838,0.3015519088,0.0017296047,0.0014115104,0.9217257531,0.0541304476,2.4870519509,0.9105198248,0.0694253784,0.4850003484,1.33523e-05,5.51359e-05,5.17608e-05,3.38792e-05,0.4300987177,0.1652003887,2.7360792435,0.3886112738,0.0158860421,0.2924902106,0.5073375,0.0363353577,0.0473151562,0.0089367984,0.3967488646,0.174902042,2.6613642198,0.3074860007,-0.0296426441,0.1945857877,0.4380413374,0.2662904785,0.0255169945,0.0155765935,0.9828689589,0.0080642779,2.2860479476,0.3212075289,0.6984174328,0.1602494616,-0.00049399,0.0002982091,0.0002358643,0.0001474082,0.9628405126,0.0108432708,2.1672289774,0.2875885374,0.6071515924,0.1788953582,0.1691243912,0.0280070319,0.1526580828,0.0144799415,0.9584397422,0.0079147548,2.327039767,0.4239392359,0.7432935457,0.2377770337,0.012239427266675387,-2.744266340506228,0.06614779051100801,0
115,108.387045872234,3906,9,36.03751692434139,0.25035,0.0416008113,0.4164028372,3.5301357252,0.2675034703,0.233,0.046233105,0.5234413802,2.7157966964,0.2903213214,0.51665,0.0496993712,0.3819032366,3.6468683646,0.280469652,0.03875,0.0106858551,0.1723377876,2.8292767761,0.3392142883,0.4822413793,0.1625607908,0.9536597149,1.7033288031,-0.0552271221,0.0968103448,0.0791806004,0.9343342301,2.7305946978,0.7683116425,0.4209482759,0.0941269177,0.8605550747,2.0458067089,-0.1149811533,0.0381896552,0.0109346915,0.2033184856,3.84747103,0.4764912672,0.4908471939,0.29876231,0.0035550074,0.0022754274,0.9455774852,0.0377422686,2.4496047581,0.5553701582,0.1193904273,0.4572247015,-2.65269e-05,8.00903e-05,0.0001060608,6.4434e-05,0.4404881836,0.1584437958,2.825390041,0.3887294029,0.0674116853,0.3022786648,0.489125,0.0257863166,0.0445818604,0.0039443596,0.3171891614,0.1456092999,2.8951605935,0.3179096813,0.0792192181,0.2667734746,0.4388031924,0.2654412439,0.0305663218,0.0179922575,0.9689442366,0.0183435327,2.066089551,0.1739910723,0.5680050456,0.1310438709,-0.0013861479,0.0008617683,0.0006396777,0.0003784654,0.9511178831,0.0351918138,2.1349811578,0.2830046415,0.58825421,0.1629201661,0.1548269378,0.024351078,0.1469509701,0.0125869808,0.9346788793,0.0227642441,2.5431214065,0.3212531459,0.8667930601,0.1890200591,4.362719034064089,-3.3928460019146356,0.03916265666838383,4
116,565.1082645306643,20328,15,35.971868181547265,0.23545,0.030513071,0.2889179025,2.9609943847,0.2349331875,0.2464,0.0303568773,0.1562613779,3.8814998957,0.4775424974,0.51815,0.0324010416,0.1020565159,2.6316259196,-0.0009811923,0.0351,0.0088594582,-0.0515161083,2.7062287652,0.2177978153,0.4170379147,0.1164944865,0.9205029751,1.7688669148,-0.0829393926,0.0857345972,0.0728112257,0.926037743,2.6828295327,0.8674133743,0.4972274882,0.0585307097,0.6877140822,2.4614415085,-0.1808126697,0.0502132701,0.0127061956,0.1807602458,3.6350996712,0.5223100452,0.4959094572,0.3020349607,0.0007937085,0.0004932373,0.9574059165,0.0274237298,2.3980703806,0.7042331046,0.1994360127,0.529989537,-2.7197e-06,9.0145e-06,1.63508e-05,9.8271e-06,0.0514532276,0.0955688705,2.9821607896,0.3427633411,-0.052672757,0.2694961297,0.49276,0.0108909091,0.0364390777,0.0020467339,0.0099720915,0.0670433936,2.9010617955,0.3787933441,0.0517388969,0.2343385346,0.4437831026,0.2846347851,0.0260047303,0.0160071699,0.9928217749,0.0032890175,2.0929894732,0.0942926305,0.5716814757,0.0804750914,-0.000249721,0.0001535505,0.000114648,7.07917e-05,0.975396107,0.0022873206,2.1145172905,0.0860531421,0.5708145663,0.0785224517,0.1701652438,0.0090175529,0.1454514215,0.0072607436,0.9669644666,0.0031907546,2.3118643029,0.1353316479,0.7421142794,0.0922937455,-4.440647061087151,-0.7172436504631899,3.426351508408418,0
117,177.36662828776377,6646,68,37.47040840860647,0.25075,0.0405670741,0.3418780263,3.2122256717,0.1414084554,0.24685,0.031286219,0.0591760077,3.7349406452,-0.097475595,0.5024,0.0435286113,0.0392027951,3.2036629988,0.3401201774,0.03645,0.0117536165,0.0920072402,2.3416358586,0.2277220524,0.3439393939,0.0750127017,0.8056336882,2.5978585871,0.3908129938,0.1395454545,0.0882864109,0.9043317751,2.0037836525,0.3000701987,0.5165151515,0.0452180718,0.1694639757,2.6474263692,0.0629484245,0.0408333333,0.0121413186,0.4005592746,3.5353876628,0.5355677135,0.4935858251,0.2997807738,0.001531829,0.0012459157,0.9397849099,0.0393633457,2.5676980917,0.5304590697,-0.0206563802,0.4011707571,-1.096e-05,3.7762e-05,3.4019e-05,2.15967e-05,0.2177270137,0.1568346045,2.948896133,0.3565402452,-0.0313934586,0.1825749505,0.491075,0.0267349935,0.0379891379,0.003762965,0.1415381635,0.1519299818,2.8127585823,0.4507987411,0.0107781685,0.1668186312,0.4603838348,0.2795704678,0.0176348245,0.0107159258,0.9827940334,0.0052714801,2.2304192872,0.174340951,0.6784638917,0.1186897888,-0.0004137569,0.0002533003,0.0001819688,0.0001098918,0.9631830217,0.0078340476,2.2773259305,0.1782619824,0.6727891748,0.1141226214,0.1578437647,0.0202788701,0.1426262129,0.0066693977,0.9524500882,0.0055338891,2.5821653454,0.250482602,0.8789126088,0.1446755526,-2.304894910142066,-1.395144223968954,1.2452366599440483,0
118,339.9138181939486,12886,36,37.90960917230933,0.22605,0.0316803961,0.037553245,3.5973179804,-0.3057432513,0.26,0.0360832371,-0.0215053763,2.2276964896,0.0798205639,0.51395,0.0375186287,-0.0623230154,3.001840946,0.2438130062,0.03865,0.0103163705,0.0427056288,2.8177166797,0.0635202282,0.4263375796,0.1078205961,0.9165986515,2.177709525,-0.2554682296,0.0846178344,0.0705111939,0.8904692942,3.7907595749,1.2230994885,0.489044586,0.0537987929,0.6504286763,2.9594689855,-0.1703686907,0.0457643312,0.0108868764,0.001568781,2.676641983,0.0666937719,0.4960685722,0.3014972845,0.0009334538,0.0006244177,0.9396534858,0.030328446,2.412055605,0.4449932631,0.1413470769,0.3963935508,1.2065e-06,1.02968e-05,2.05699e-05,1.29465e-05,0.1111328804,0.1371171309,3.0740714056,0.4715399455,0.010317887,0.2685370072,0.5009625,0.0170231304,0.0374780115,0.0025343206,0.0583220189,0.1315180088,2.801740432,0.3981941149,-0.0200419153,0.2170854574,0.4549444209,0.2903238799,0.0219912859,0.0127946576,0.9917327391,0.0035475691,2.0902684207,0.1135525365,0.5410840072,0.1348770876,-0.0002551623,0.0001484939,0.0001131194,6.58882e-05,0.9651174405,0.0130279882,2.3569275188,0.295910482,0.6827815282,0.1385372628,0.1706452215,0.0381045941,0.1402114648,0.0158102692,0.9521730422,0.0244848947,2.600923091,0.3443419449,0.8576241333,0.1636663096,-3.304710779677092,-0.10213990155818856,0.8950963006733781,0
119,677.2269472399257,24930,36,36.81188426066555,0.2339,0.0341875708,0.2375054754,3.8365212337,0.2058616368,0.2543,0.0387428703,0.3818238431,2.9548479938,-0.1141383293,0.5118,0.0444326457,0.1452882665,2.7441310558,0.0150266762,0.03765,0.0095250984,0.1070354165,2.1402896348,0.2706085373,0.430295858,0.1084802277,0.902796623,1.9355385703,0.036536619,0.1079881657,0.063893216,0.8823258615,2.1671500595,0.3644514437,0.4617159763,0.0565817399,0.6256151466,2.3167762875,-0.1294079162,0.040295858,0.0099808121,-0.0444037315,2.8116817863,0.0479270247,0.4993897625,0.3026288022,0.0008106467,0.0007550929,0.9459526342,0.0409350213,2.2977719503,0.4526630821,-0.1743437761,0.4033053707,4.8707e-06,1.35572e-05,1.67847e-05,1.11928e-05,0.1324713373,0.1457667993,3.1581893167,0.9550042156,0.0828264097,0.2908693906,0.5094875,0.0202849321,0.03631453,0.0026412656,0.0693766822,0.1467497485,3.0031981176,0.7735381002,0.090081774,0.2004257329,0.455653733,0.2905461419,0.021299642,0.0133380146,0.9929165374,0.0034105394,2.1199159044,0.1997757514,0.542824407,0.1420912324,-0.0002384565,0.0001514329,9.00955e-05,5.53701e-05,0.9625929886,0.0051564521,2.751088966,0.3237334333,0.7940731596,0.1625675221,0.1518514097,0.0123134073,0.1309340176,0.008195624,0.9541909633,0.0037880452,2.9146813186,0.3692077019,0.9517098071,0.166637737,-3.6960616660700993,-0.7566002419619903,1.2614517703956651,0
120,108.79728083954735,3988,60,36.65532786505431,0.36165,0.0852791153,0.8048350915,2.7397385194,-0.5362505474,0.2953,0.0531592889,0.5750443307,3.3801524521,0.434147867,0.34305,0.0581459156,0.6121467831,2.2875821442,0.0712896373,0.02495,0.0084998529,0.1999068338,2.5230531566,0.3209403295,0.6349056604,0.1995099907,0.9276151836,2.1118597275,-0.5725691784,0.1020754717,0.1005289499,0.8930034927,3.9309146137,1.3325819359,0.2630188679,0.1094512023,0.9216503245,2.0112931327,0.2628358385,0.0322641509,0.0081591503,-0.0050733192,4.3954240899,0.2403440129,0.4841953449,0.2929682727,0.0062637733,0.0038092967,0.9063735315,0.0453855315,2.6946420762,0.8712182534,-0.0412702696,0.5553661072,1.201e-05,0.0002166402,0.0003413688,0.0001993362,0.6494855989,0.1000686171,2.8304793206,0.52330065,-0.0631738006,0.4190635488,0.496995,0.0560311474,0.0611285592,0.0099939857,0.5923092943,0.1147333705,2.7143726172,0.4038658797,-0.0525871587,0.3296265373,0.4350444008,0.2633615358,0.0272685931,0.0167533029,0.911942486,0.0557840727,2.8633138339,1.0441822016,0.9839011699,0.3319272359,-0.002659607,0.0016463108,0.0011689009,0.0007228148,0.8782378631,0.0995817609,2.9476919472,1.1867048496,0.9860340866,0.3199131969,0.1412409957,0.0238960055,0.1522825756,0.0208149143,0.8819546134,0.0544295955,3.1245038595,0.8367423062,1.1212464624,0.2514789045,20.715840884295673,-5.314207505358866,-3.1219545290762176,4
121,942.638902264683,34980,50,37.10858942481666,0.2414,0.0281254333,0.019007327,2.4015883155,0.0506728978,0.251,0.031144823,0.0168222109,2.5422818578,-0.1767102111,0.5076,0.0367388078,0.0142911378,3.3151731548,0.1487653471,0.0375,0.0090415707,-0.0084162204,2.3503913812,0.228303274,0.4443922018,0.0935066589,0.8679593919,2.2243225841,-0.3148574715,0.0839105505,0.0637666602,0.890685821,3.1932558336,0.9730343314,0.4716972477,0.0451080262,0.3814113415,2.8405644876,-0.174374292,0.039690367,0.011640959,0.1296746296,2.4637456136,0.0138419292,0.4986812926,0.302846769,0.000309982,0.0002765293,0.9400963522,0.0491006458,2.3588049173,0.5557955893,0.044204138,0.411247872,-6.686e-07,1.7223e-06,5.6077e-06,3.4956e-06,0.0142536808,0.120932925,2.8410159529,0.4015151857,-0.0542962912,0.201711531,0.494885,0.0132829035,0.0352776362,0.003080525,0.020823031,0.0928979381,3.0408689175,0.4899349883,-0.0043064043,0.1876822654,0.4603194128,0.3335842152,0.0188307707,0.0115214535,0.9967865392,0.0018818844,2.0852298394,0.1965025122,0.4988131802,0.2091674183,-5.57747e-05,3.2746e-05,2.89861e-05,1.72531e-05,0.9574620792,0.0326402672,2.0703785123,0.2465061026,0.3835777247,0.2478286816,0.2316565061,0.0754841395,0.1350377402,0.0308775346,0.9354968271,0.0634633463,2.1460031649,0.3146345214,0.44175917,0.2703694481,-3.934402079356277,3.2212716561670676,-0.5158188538326154,0
122,802.6839065260052,29075,33,36.222228655157465,0.29175,0.0343611336,0.2590289504,3.0736819648,0.1367343837,0.18745,0.028332799,0.1724972465,2.8023798825,-0.097768294,0.5208,0.0375946805,0.2377975853,3.0711288663,-0.2143618161,0.0401,0.0110449083,-0.1333890213,2.5595649545,0.3754741557,0.4342592593,0.1103109193,0.9052466036,2.00576473,-0.1437550976,0.0821164021,0.0675576743,0.9234825768,3.0225879889,0.9200629332,0.4836243386,0.0557318945,0.6604305923,2.6498787899,-0.2577038991,0.0471164021,0.013294276,0.0757386882,3.0253903268,0.304280019,0.4980753981,0.3022214513,0.001045304,0.0009303864,0.9340399689,0.0648535904,2.316088453,0.4163104179,0.0783190111,0.4187301884,-1.6187e-06,9.3778e-06,1.98853e-05,1.20891e-05,0.0698754996,0.1381823464,2.8770349749,0.272329876,0.0111449042,0.2230622836,0.4989175,0.0149196035,0.0379068213,0.0028929264,0.0408681778,0.1065017278,2.9343280672,0.3007640881,0.0193961464,0.2253957865,0.4524965997,0.2939442732,0.0229757624,0.0148037938,0.9916761308,0.0050155997,2.1236947943,0.218193324,0.564265992,0.2064609057,-0.0002309529,0.0001487384,0.0001081022,6.84565e-05,0.9507430244,0.0669483232,2.1786913955,0.1989092564,0.5526447191,0.2470160154,0.1894940409,0.072990335,0.1362228925,0.0272721871,0.9289427664,0.1118718608,2.4568225018,0.2469463745,0.7801389661,0.1793897846,-1.8690197578242274,3.8607209640576476,-1.1492603792422351,0
123,447.0276952351264,16457,64,36.8142738703113,0.24095,0.0300224499,-0.0101791162,3.5231880868,0.6514642335,0.2576,0.0304506158,0.0757218649,2.9696395738,0.4008301893,0.50145,0.0381398414,0.0363604254,3.8393826267,-0.6966383904,0.03545,0.0112715349,-0.1513754181,2.7713152434,0.2598739282,0.4107309942,0.0947290265,0.8654825324,2.2019185777,0.0881635264,0.0901169591,0.0634485407,0.9226479925,2.2549615499,0.6021180196,0.4991520468,0.0492043149,0.5331962409,3.1899303567,-0.5343883398,0.0428070175,0.0130569225,0.1873463762,2.8182198568,0.4701827222,0.4952769558,0.3011503684,0.0007373064,0.0005180153,0.925850394,0.0521939654,2.1902712914,0.3784120094,0.1339839469,0.3288711725,-2.6295e-06,1.10976e-05,1.61095e-05,9.6292e-06,0.029140475,0.106862437,2.8271045042,0.3486041073,0.0064409779,0.2289495201,0.4989675,0.0200455561,0.0362573792,0.002664503,0.0471426626,0.0774432747,2.8364424475,0.4146439545,-0.0051549277,0.2216068668,0.4560788982,0.2975584689,0.0201319102,0.012250946,0.9923553099,0.002666523,2.1601064523,0.1269711925,0.6047917488,0.151125306,-0.0001879086,0.0001174225,8.56351e-05,5.19554e-05,0.9633841544,0.0214053384,2.2776630928,0.0887638475,0.6254484903,0.1780364151,0.1866097267,0.0618664486,0.141058686,0.0226942584,0.9493993634,0.0434713959,2.5224955713,0.1606630061,0.8021390361,0.1682138281,-3.599160735960844,1.1962103104191943,0.9454288494751892,0
124,202.58510898729244,7421,44,36.6315176722367,0.24015,0.0326531392,-0.0264932548,3.0346052739,-0.0886398368,0.30605,0.0374051801,0.2055769533,3.3125528896,-0.1519473947,0.4538,0.0390264013,-0.1853053446,3.3651555688,0.4245026024,0.03425,0.0099341582,0.100443497,2.3894637542,-0.136458951,0.5109615385,0.1341158313,0.9212305329,2.1328205676,-0.2661982454,0.0902403846,0.0787137579,0.9115739942,3.1958124117,1.0615523723,0.3987980769,0.0699604806,0.6972142436,2.4061236762,-0.2009321465,0.0392307692,0.0101850482,-0.0340279211,2.6837560887,0.3862704802,0.4964448066,0.3021953396,0.001724081,0.0012103912,0.9325130912,0.0333598343,2.5223400247,0.6850022171,0.1217134074,0.4870022672,5.4713e-06,4.71327e-05,4.91923e-05,3.15649e-05,0.3297197186,0.1503125523,2.7095520251,0.3696461309,-0.0908470844,0.1760439263,0.5019975,0.0248694415,0.0423238266,0.0055477091,0.2250339729,0.1582979392,2.8393560982,0.455505359,-0.0464333195,0.2900827146,0.4484938119,0.2735641923,0.0243402733,0.0144311784,0.9836798212,0.0078424562,2.2551344356,0.4628590759,0.6527338014,0.2186856027,-0.0005663928,0.000333319,0.0002364352,0.0001419673,0.957792045,0.0111283958,2.5411734161,0.4511237809,0.7455790725,0.2268119243,0.1492766906,0.0214065789,0.1382910693,0.0125386435,0.9463395824,0.0134888137,2.9200662387,0.3829835078,0.9832543026,0.1952288965,-0.6083034122157622,-1.7880003984112642,0.3336855259156407,0
125,432.37229883356713,15824,63,36.59808929177289,0.23765,0.0297443692,0.1586594378,2.6516220581,0.0340693223,0.2248,0.0292653379,0.0553166093,3.1222617027,-0.4527748281,0.53755,0.0338193362,0.0552643794,2.6693830092,0.1215073766,0.0374,0.0099368003,-0.0516088822,3.0741287149,0.4002895918,0.3914156627,0.0816690471,0.8232587679,2.0647440927,-0.0525232569,0.0893373494,0.0756588375,0.931117542,2.4124618072,0.7882546593,0.519246988,0.0397606448,0.3371348918,2.7026042116,0.1347258981,0.0479518072,0.0142806665,0.4744094362,3.3886654502,0.1519126819,0.4977242037,0.3024917301,0.0008735082,0.0006238515,0.9418839377,0.0448201631,2.3294718626,0.7370407634,-0.1643955644,0.3600730041,3.8533e-06,8.8287e-06,1.8099e-05,1.14279e-05,0.0687584891,0.1248051643,3.1284257453,0.4675537521,0.113793332,0.2345694595,0.500445,0.0212336461,0.036855764,0.0032995319,0.0560756929,0.089189033,3.0793956,0.5342415869,0.0875894032,0.22726295,0.4502458282,0.2859855192,0.0208091297,0.0132082214,0.9913520114,0.0028209086,2.1763781609,0.1356021035,0.6322062347,0.103855515,-0.0002294607,0.0001409914,0.0001054282,6.64289e-05,0.9711801115,0.0033160786,2.213380389,0.1282670337,0.6253832194,0.0937751163,0.1664332132,0.0199383906,0.1464441931,0.0070497044,0.9623865564,0.0045123658,2.4599898442,0.2518917047,0.8198023624,0.1399989311,-4.510574307254887,-0.30479101287884036,3.1398357304394104,0
126,232.8071760679353,8709,42,37.40864069180854,0.2461,0.0720922326,0.7161798585,2.1134799932,0.4459090999,0.26025,0.0627629469,0.7611775585,2.3954056862,0.0274813166,0.49365,0.0514968688,0.450038634,3.0307912035,-0.0134073177,0.034,0.0093808315,-0.0296624616,2.7835743802,0.3815808276,0.5242857143,0.1460739026,0.9116580731,2.5924650485,-0.6139009229,0.098452381,0.086354668,0.8627915565,4.9890841326,1.4580144767,0.3772619048,0.0715159188,0.7673373321,2.2705772191,-0.0427913979,0.040297619,0.0094915749,0.210427311,2.6145162325,-0.3464379332,0.4936585028,0.2996163645,0.0015121605,0.0010125528,0.9446251289,0.0392379268,2.5382394171,0.9351899148,-0.1788880028,0.5094780244,-8.0374e-06,3.73208e-05,6.64074e-05,4.1911e-05,0.6430375011,0.1284455319,2.7035737599,0.450005598,0.0176592226,0.2741709452,0.4941025,0.0263056243,0.0634883104,0.0112029268,0.5680620743,0.1389381257,2.6935858453,0.3060816191,0.0158711352,0.2184004484,0.4626931225,0.2804927812,0.0183789934,0.010900865,0.9813520238,0.0072930082,2.1348731764,0.1583777429,0.6028435101,0.1222877287,-0.0006419384,0.0003989717,0.0002073912,0.0001233409,0.9305756461,0.0167227443,3.4564476502,0.8067424259,1.0756569836,0.2750562057,0.1230942817,0.0258299812,0.1180656179,0.0224458104,0.9109260762,0.0216442092,4.3231153767,1.3353394165,1.3418312009,0.2993739568,2.3995640907961415,-3.714663031147733,-6.865351397531838,4
127,225.5282527422783,8416,55,37.31683235987891,0.2651,0.0366809215,0.1026388914,2.8231126751,-0.0517416557,0.2615,0.0272167228,-0.0773028268,3.1367635875,0.3616302206,0.4734,0.0383658702,0.0740904373,2.5601741471,0.2053558365,0.0377,0.0093653617,-0.0272122987,3.1230638207,0.4350503923,0.4060194175,0.0774983846,0.7957740642,2.4515783151,0.0629799082,0.0879126214,0.0646781587,0.8895310717,2.891941387,0.8425624799,0.5060679612,0.0376857889,0.0656153262,3.187153266,-0.4945873808,0.0428640777,0.0118567899,0.1547419687,3.5662715761,0.5535567903,0.4993354647,0.3027714498,0.0011782803,0.0008388063,0.941786181,0.048819098,2.2479228063,0.4083622419,0.0258741444,0.410873141,-3.2307e-06,1.94264e-05,2.79723e-05,1.77844e-05,0.0977763165,0.1471887114,2.9188986907,0.4185199158,-0.0109696123,0.2048686293,0.5018025,0.0203264635,0.038403031,0.0019571874,0.0987539452,0.1436804801,2.975986957,0.2102329479,-0.0535329787,0.2542282236,0.4564488734,0.2829867844,0.02236103,0.0127937618,0.9889183327,0.0038142695,2.1154901643,0.1272392984,0.5556960036,0.1131516716,-0.0003505479,0.000202542,0.0001593223,9.10443e-05,0.9700226791,0.0054964653,2.1581436681,0.1311114923,0.536563718,0.1323832904,0.1706168738,0.0220476729,0.1427302227,0.0139968341,0.9584294325,0.008987397,2.4079244168,0.1860682466,0.7474470493,0.1454227429,-3.4507607720598084,-0.5876543324846099,2.0087278069300014,0
128,854.0433558693928,31954,42,37.41496234400383,0.2739,0.0363220319,0.0615082775,2.5127160848,0.2277263961,0.2491,0.0273347764,-0.0149702438,2.4060243666,0.210442854,0.477,0.0329013678,0.1619525632,3.0165528644,0.2283962694,0.0365,0.0091515026,-0.0877549192,3.2949253731,0.169289547,0.4324725275,0.1050484982,0.8898936113,2.057462451,-0.0115319245,0.0902197802,0.0634143538,0.910389463,2.3363764936,0.7478050351,0.4773076923,0.0568638936,0.6129797892,2.6675245835,-0.3214011344,0.0418864469,0.0101189772,0.0565657436,2.8704823401,0.0312663304,0.4986991244,0.3032826378,0.0004157722,0.0003241776,0.9352771824,0.0363488291,2.4295037297,0.5407398069,-0.2849048501,0.3352836151,6.815e-07,3.4929e-06,9.4714e-06,5.8448e-06,-0.0056403568,0.1169575597,2.9136744789,0.4303623679,0.0111092802,0.2868309275,0.5020425,0.0133515662,0.0358478173,0.0031836096,-0.0125401626,0.1221069287,2.8840736049,0.5000780702,0.0237396518,0.2245169748,0.4518675678,0.3102510004,0.0211907349,0.013936743,0.9949636182,0.0023446402,2.1812805609,0.1146600787,0.6353205912,0.0918457891,-0.0001180421,7.5253e-05,5.37959e-05,3.48517e-05,0.9737377236,0.0048957713,2.2420460586,0.1811701023,0.6303996687,0.1286972776,0.1671306123,0.0219706674,0.1437151076,0.0058958736,0.9700959145,0.0033699297,2.4656915876,0.2144641021,0.8115620653,0.1474441196,-4.714728043673341,-0.28942709434191294,2.394666230490341,0
129,775.2385004683047,28084,54,36.226270990198586,0.2573,0.0299951663,-0.010223523,2.851779181,0.2332547307,0.2548,0.0314795172,0.06974284,2.3992481717,0.222538767,0.4879,0.0368861763,0.1614908047,2.3117305827,-0.2316143756,0.0387,0.0098645831,0.0749649675,2.7013046702,0.3794118469,0.4179310345,0.0938765361,0.8606196837,2.2374428144,-0.0629905762,0.0968965517,0.0759563393,0.9257525228,2.5702874515,0.8549107176,0.4851724138,0.0431958258,0.2656838901,3.3086199343,-0.2650633157,0.0428996865,0.0115279121,0.1300082163,2.9028534179,0.2574584296,0.5002468223,0.303452306,0.0003736994,0.00024665,0.9373886413,0.0612280849,2.6663272356,1.0581816855,-0.1649191265,0.5477197952,-7.4e-09,4.2732e-06,8.2483e-06,4.9079e-06,0.0472326032,0.1143629573,2.8347078074,0.2491709373,-0.0033161165,0.2387038777,0.50087,0.0112082157,0.0351646929,0.0024317433,0.006963203,0.1125612977,2.9851838712,0.3864682522,-0.0668876232,0.2849044358,0.4510099138,0.3117157465,0.0219311809,0.0141926269,0.996036903,0.002198129,2.0705023641,0.1635416588,0.4978660323,0.1442020066,-0.0001112231,6.78979e-05,4.91132e-05,3.14009e-05,0.9696657845,0.0041156419,2.2091265429,0.1717696574,0.5840544747,0.1412047559,0.1747726784,0.0378978587,0.1337602236,0.0052305143,0.9616752356,0.0063786296,2.4032538527,0.2794120677,0.7342429264,0.1837942578,-4.862080392017114,0.2034165032173304,1.9877530592986876,0
130,112.2036069443212,4218,20,37.592374388580026,0.29855,0.0452288348,0.517369537,2.9386817236,0.3583771926,0.27815,0.0408206749,0.4451866595,2.8075422367,-0.1182259373,0.4233,0.0450123316,0.2535267882,3.0051970706,-0.116879754,0.03525,0.0097564082,0.0779978857,2.3875972234,-0.3366644299,0.4787142857,0.1188537087,0.9322256524,1.7521403381,-0.2577460796,0.0691428571,0.0401690306,0.8872614276,2.4493062962,0.1886657997,0.4521428571,0.0828793074,0.8762593408,1.7026477046,0.2817142341,0.0478571429,0.0148941846,0.0223330146,4.1345681039,0.8529085631,0.4921105261,0.2989456699,0.0030352423,0.0020959354,0.9191957171,0.0401632946,2.4375242316,0.4954945003,0.0360394173,0.4405743329,2.00964e-05,8.09122e-05,0.0001122007,7.25223e-05,0.5080231362,0.1598977023,2.7614460859,0.4019771257,0.0591713747,0.2706369378,0.50598,0.0270724879,0.0481686372,0.0088897353,0.404589928,0.1814686376,2.8465160149,0.3505192269,0.0053937603,0.3334022373,0.4507589338,0.2731534683,0.017073459,0.0107103642,0.9495642284,0.0251120732,2.5568451987,0.3373377779,0.8836968971,0.1694843767,-0.0010808167,0.0006713483,0.0004590587,0.0002869101,0.9304834955,0.0219865975,2.6083771663,0.3558503038,0.8852194116,0.1751994845,0.1391703008,0.0162011868,0.1456194083,0.0143277856,0.926572476,0.014174631,2.9399695788,0.5316056757,1.0609337925,0.2467639743,4.605296246760831,-2.5019285941720772,1.7651899792079975,0
131,559.7572372352863,20864,8,37.27330101715166,0.22905,0.0418968674,0.4974143658,3.2399558133,0.1820328997,0.26755,0.0394999684,0.3407733188,2.2309516873,-0.2171228955,0.5034,0.0312320348,0.0261835606,2.4560438218,-0.0798881967,0.03805,0.0092437817,0.0967220021,3.4667726997,0.6564885412,0.4133043478,0.100852641,0.918593005,2.0606900219,-0.0687662334,0.0925217391,0.0693365263,0.9098485063,2.4330242465,0.6825295427,0.494173913,0.0464661187,0.4577542893,3.318064703,-0.2052647575,0.0427391304,0.011799843,0.1826851767,2.9728897839,0.2338469458,0.4952803652,0.3011114083,0.0014067799,0.0010220865,0.9662419541,0.0288024679,2.3043377116,0.6460449965,-0.0300254578,0.4753737867,2.6332e-06,1.66608e-05,2.48558e-05,1.45856e-05,0.1642178544,0.1633803588,2.8827754333,0.3241340354,0.0774812603,0.205245853,0.5014525,0.025010855,0.0381510324,0.0036923707,0.1252152934,0.1227601348,2.834729588,0.3263821121,0.0039077955,0.2060988054,0.4495843178,0.2792272607,0.0207351538,0.0123232736,0.9871649315,0.0059795191,2.268913921,0.202185551,0.6485046192,0.1428468928,-0.00029064,0.0001703977,0.000146428,8.5312e-05,0.969546979,0.0099070963,2.0386806649,0.2066418909,0.5186115533,0.1740909398,0.1853541468,0.028880215,0.1598979296,0.0107329017,0.9673208405,0.0082811165,2.0322078484,0.2625760933,0.6262877826,0.210900077,-3.106791722655286,-0.5405249788132048,2.7984236093890478,0
132,445.95624623093374,16610,28,37.24580637760299,0.27095,0.0305097935,-0.0594586341,2.541138206,-0.1636453688,0.25705,0.0278486535,-0.0199388845,3.3475040735,-0.0566943644,0.472,0.0355176013,0.0107820424,2.8271752434,0.3353497991,0.0374,0.0086740994,0.0651026879,3.5076179405,0.2289902162,0.3747959184,0.0629000869,0.7398730484,2.3987954674,0.0150230863,0.1141496599,0.0708053145,0.884273216,2.0370541352,0.4268432774,0.5110544218,0.0392455695,0.2990717246,2.6518685159,-0.0282756078,0.0399319728,0.0119520925,0.0969022971,3.1411064792,0.3776533065,0.4971666692,0.3022284062,0.0009462391,0.00094014,0.9421333691,0.0458659834,2.2395252602,0.4305454169,0.0219130124,0.4447062653,5.412e-07,8.8693e-06,1.74873e-05,1.08369e-05,0.0671150781,0.1321001423,2.8953838499,0.324796884,-0.0119161264,0.2446675849,0.499955,0.0126305869,0.0373638888,0.0036852495,0.086242031,0.1103243982,2.867143143,0.2801641867,0.060988349,0.2480998055,0.4485021749,0.2964187717,0.0219774169,0.0135950635,0.9922953705,0.0029047573,2.3555034259,0.1675895137,0.7413108872,0.1199493186,-0.0001832325,0.0001091009,8.10569e-05,4.95116e-05,0.9665061574,0.0051086708,2.3881627607,0.1901379225,0.7205262058,0.1236701941,0.172867616,0.0221898572,0.1473958027,0.0049639484,0.9684782673,0.0061251401,2.4447840083,0.2706050975,0.8093536634,0.1628880637,-4.158601963861969,-0.4254057838280696,2.154240480674812,0
133,695.4861450474934,26074,15,37.49032268388245,0.22925,0.04212704,0.4047360341,3.9764202253,0.6457425538,0.2698,0.0454528327,0.499870859,2.9392638833,0.1478863872,0.50095,0.0419922314,0.2713234283,3.0315763265,-0.123977482,0.04105,0.0104951179,-0.0761833907,2.9375524582,0.2341048225,0.48485,0.1103810559,0.8933436248,2.208770407,-0.2787792388,0.078525,0.0627929086,0.9020169634,3.2723284156,0.9963331413,0.436625,0.0588726114,0.6538182466,2.5135560897,-0.1838522648,0.04225,0.0112998894,0.0390165451,3.0507143406,0.418766201,0.4988450883,0.3042443605,0.0008142427,0.00057046,0.9278678174,0.0672097408,2.3275051175,0.6159811724,0.0726148626,0.4178144134,1.6879e-06,2.27812e-05,1.9618e-05,1.16834e-05,0.1692357365,0.1439266525,2.9639795118,0.6504170198,0.1140842679,0.2970757209,0.4976725,0.0247689194,0.0372928769,0.0030922818,0.1045782995,0.1163000166,2.9726258426,0.5339260482,0.0623621417,0.2284813244,0.4572980043,0.2974742677,0.0193519419,0.0116581523,0.9917707768,0.0033982519,2.2233671557,0.1842618199,0.6365272456,0.1704002727,-0.0002298284,0.0001372829,8.67457e-05,5.17468e-05,0.954647315,0.0116224103,2.6652042436,0.2394709144,0.8071544736,0.1153902615,0.1588687185,0.0494877988,0.1270001573,0.0102556802,0.951248528,0.0156477484,2.8658378719,0.3202645668,0.9528566135,0.1913243264,-3.01311328027778,-0.658348447759256,-0.2833232047382233,0
134,634.4242447445245,23397,36,36.879107622095546,0.2534,0.0377616207,0.2292827272,2.8501705012,0.4773093796,0.30605,0.0397070208,0.1796909985,2.650202839,0.3596601131,0.44055,0.0461946696,0.257892423,2.8718666541,-0.0721763674,0.03455,0.0079086977,-0.0321700386,3.2701936839,0.0571700156,0.4761522634,0.0960769018,0.8577483413,2.7377596968,-0.6367061453,0.0863374486,0.0657260911,0.8928504902,4.2924377371,1.2624785542,0.4375102881,0.0448692075,0.3928624391,2.4604275958,0.0355984416,0.040473251,0.0110778346,0.1437978797,2.7595006646,0.1052267633,0.499479173,0.3032128825,0.000481219,0.0004370257,0.9349621479,0.0418561527,2.3717300241,0.3828469658,-0.1723499329,0.3084317241,-4.093e-07,8.5462e-06,1.21064e-05,8.0146e-06,0.381116091,0.1406218174,2.8534466684,0.3754117812,0.1078791248,0.2692807367,0.4997425,0.0184136721,0.0406600873,0.0045293679,0.2564199651,0.1451174963,2.9660946689,0.470610814,0.1078558366,0.2087916081,0.4585475024,0.3090745393,0.0189673314,0.0118878007,0.995346789,0.0020252053,2.0831746532,0.1292208107,0.5165904506,0.1317615607,-0.0001246767,7.71708e-05,4.58168e-05,2.86367e-05,0.9570039995,0.0104252371,2.8291739616,0.2872138035,0.8389852124,0.2095160677,0.1667345922,0.0256358951,0.12718954,0.015344118,0.947127774,0.0225787204,2.9438265951,0.3467110866,0.923578259,0.2047534147,-3.169095389991034,-0.3954571360066188,-1.7698914570104836,0
135,112.01003275468445,3943,12,35.20220379397306,0.29295,0.0355323444,0.0752999887,3.2236607223,0.0821874199,0.3171,0.0485395715,0.554238711,3.332140254,0.64154917,0.38995,0.0537703217,0.711246085,2.4585656221,-0.2643875471,0.03445,0.0079023731,0.1072904945,2.3918865649,0.1356778046,0.5327777778,0.1561875689,0.9499122492,1.8784461438,-0.3130307958,0.1187878788,0.0816128175,0.9132319371,2.2634751698,0.5745612801,0.3484343434,0.0817042167,0.8690507562,2.1582747244,0.2403916854,0.0393434343,0.0088946262,0.0998175302,3.0231603237,-0.1136813284,0.4967679555,0.3016380062,0.0019815607,0.0015025286,0.9231795243,0.0534454492,2.3134337431,0.5061353687,0.0382167173,0.3791580465,-5.5373e-06,2.94231e-05,5.23152e-05,3.1747e-05,0.2796935535,0.1329836271,2.8376073553,0.3474375084,0.0316555026,0.2582837512,0.4966625,0.0181684058,0.0400087571,0.0041148489,0.1997452886,0.1548132199,2.8265611301,0.3162371157,0.0579130867,0.2287370794,0.4647113802,0.2820966089,0.0161825966,0.0100370711,0.9726433402,0.0095290329,2.3045177766,0.1668987958,0.6846727257,0.110412676,-0.0005410999,0.0003292649,0.0002416595,0.0001501537,0.9480543005,0.0249805607,2.3651657001,0.1447834908,0.6938415227,0.084724563,0.1609024467,0.0187713765,0.1484394148,0.0101834751,0.9440801933,0.0238736834,2.5325141155,0.2494206983,0.8653617499,0.1245138254,0.28070245287159296,-1.7047673562163694,-0.027099884002192803,0
136,177.54084499363677,6572,36,37.01683407125581,0.2562,0.0798502348,0.7890108089,2.3066973324,0.498398271,0.3301,0.0519325524,0.5492265979,2.8933102154,0.1831044816,0.4137,0.0542845282,0.4026101278,2.7784150529,-0.3343690553,0.0331,0.010577807,0.0439515292,4.3451966493,0.8530533566,0.6265350877,0.1171371351,0.8608127365,3.4234042745,-0.7948004179,0.083245614,0.0712051104,0.8802070277,4.5328286106,1.3345577923,0.2902192982,0.0569640944,0.5441267492,3.4616644721,0.2555273537,0.0393421053,0.0105861785,0.071415471,2.8204604617,0.128452257,0.4931560955,0.3004930549,0.0014868215,0.0011246379,0.9264103947,0.0445416448,2.3164803189,0.3655131001,-0.042220611,0.3578422236,-4.2207e-06,2.74626e-05,5.24121e-05,3.20033e-05,0.5512289675,0.1208853803,2.6589537333,0.3512742496,0.049521188,0.2461301749,0.4929625,0.0194948639,0.0507117799,0.0079026423,0.4470358763,0.1227896418,2.7612204586,0.3063825477,-0.0797106098,0.2017502734,0.4572490353,0.2774488062,0.0199369389,0.0121735926,0.9846977033,0.0054530867,2.1374616219,0.1295809245,0.5708648515,0.1021622651,-0.0005903984,0.0003582703,0.0001988311,0.0001257881,0.9344558444,0.0128720858,3.5549821158,0.5543483164,1.0858328177,0.1967453974,0.1263376023,0.0140812039,0.1218796517,0.0121491361,0.924328579,0.0177415213,4.1323934782,0.7157431073,1.3089178377,0.1922832514,1.3454034001416604,-3.707940384326782,-5.705454403002451,0
137,470.8385659144329,17441,57,37.04242018944899,0.24785,0.038905366,0.2945448313,2.1872208091,0.0087723087,0.2206,0.0310586542,0.1724301085,2.8809388861,-0.24420779,0.53155,0.038057161,0.2264939646,2.7705957512,-0.0366435046,0.037,0.0112249722,-0.0993289703,3.4427437642,0.6034589153,0.5377302632,0.0726876854,0.7218718581,5.8582276783,-1.1114140126,0.0670723684,0.0499520957,0.8491817133,4.0859399695,1.0857913771,0.3951973684,0.0398305687,0.3206733178,4.886032265,0.7089831271,0.03875,0.009938131,0.046944936,3.0985759161,0.1866250723,0.4978436707,0.3028988786,0.000599612,0.0004110211,0.9432144447,0.0294972877,2.3542734216,0.5377032567,-0.0524117344,0.5039672204,-1.1534e-06,1.30139e-05,2.06338e-05,1.26358e-05,0.5374043839,0.1653437888,2.8294439727,0.4991932805,-0.1216621687,0.2184406993,0.4961075,0.0241396058,0.0519299277,0.0072868366,0.4685280711,0.1371696063,2.9030743281,0.5110129582,-0.1124674643,0.2029357731,0.4602637557,0.2991076883,0.0201766679,0.0122508901,0.9943080829,0.0027963104,2.0443364861,0.1314991527,0.4930664637,0.1156594733,-0.000252947,0.0001604056,6.46234e-05,4.04878e-05,0.9342309366,0.0136947968,4.056791849,1.1206735442,1.1065281781,0.2973966874,0.122128551,0.0213664584,0.0986285432,0.0180954387,0.9239167655,0.0215713735,4.0658225886,1.0613525769,1.1640532203,0.2377381825,-1.5550123913882286,-0.9824120376445019,-7.755700540563605,0
138,558.550221001159,20645,56,36.96176140257433,0.2544,0.0337955618,-0.0603610827,3.4357298889,-0.1083940903,0.24545,0.0291898527,0.0712698459,2.885890242,-0.0696230724,0.50015,0.0352310587,0.0569793098,2.5797586361,0.0722092764,0.03955,0.0096719957,0.0147419609,2.8136103394,0.2101371998,0.4461419753,0.095863964,0.876213227,2.0032507736,-0.1548132524,0.0955555556,0.0683626857,0.9130385983,2.230661201,0.6734765674,0.4583024691,0.0449731181,0.3638833676,2.4074973661,-0.1208927737,0.0447530864,0.0107123223,0.0369655375,2.6582504659,0.2675102574,0.4956615633,0.301119583,0.0011655838,0.0009990693,0.9402140651,0.0534260263,2.4631920676,0.5559928936,0.009993373,0.5261987998,2.9315e-06,1.03502e-05,1.9418e-05,1.21545e-05,0.100786743,0.1080068589,2.8889283201,0.4058959041,0.0638200395,0.2779482803,0.50626,0.0145525822,0.0361550734,0.0021495151,0.0579158998,0.0772823887,2.9592260992,0.3800465307,0.0201730976,0.2810154635,0.4549999216,0.2912679441,0.018626806,0.0111470601,0.9898722251,0.0047112184,2.323023039,0.2029106341,0.7011440515,0.1552440716,-0.0002249763,0.0001347159,9.31661e-05,5.55071e-05,0.960017926,0.0110859941,2.4783678733,0.2224912708,0.7323172482,0.1760087621,0.1692826147,0.0418814579,0.1377074918,0.011208949,0.9559086869,0.0135974685,2.5653000751,0.2835404545,0.8391902898,0.2051609182,-3.489391406561855,0.04640491522979086,1.6110089067250177,0
139,154.71366786211485,5558,21,35.92442785955696,0.2439,0.0382921663,0.2392008717,2.5913905422,-0.0037831123,0.2508,0.0388247344,0.3241112187,2.5042528594,0.3451527641,0.5053,0.0328543757,-0.077825577,3.3399886184,-0.0787854689,0.03655,0.0083873417,-0.0458691025,2.8549261882,0.0261178054,0.4305045872,0.1081961033,0.8869191519,2.1097144933,0.0130347857,0.0767431193,0.0703933123,0.9141990429,2.7107385966,0.9365266712,0.4927522936,0.0568899075,0.5543109902,3.3364422451,-0.4787082221,0.0450917431,0.0122658183,0.2530528561,2.8968245864,0.4672496308,0.5000809681,0.304344974,0.0016678815,0.0012312753,0.9527351672,0.0310388543,2.3070923857,0.5941990078,-0.0926999932,0.5282244692,3.6201e-06,4.38716e-05,3.59056e-05,2.20632e-05,0.2050655354,0.155359595,2.8082558185,0.3490196958,0.0133457268,0.2445446133,0.4979125,0.0356460302,0.0380495688,0.0040737809,0.1316061006,0.1484543724,2.8272558918,0.3245748102,0.0509326179,0.2167414264,0.4502663405,0.2732820476,0.0204331765,0.0124713023,0.9836431861,0.0051116812,2.1998705625,0.0979392415,0.6592352538,0.0743390102,-0.0004455374,0.0002720636,0.0002007713,0.0001223169,0.9632218324,0.0063447192,2.2540672321,0.1474923737,0.6504953998,0.0931692633,0.16184763,0.0152516506,0.1481624301,0.0065956229,0.9530022341,0.0064392731,2.5165588515,0.2161898435,0.8457654135,0.1158450454,-2.68016139369953,-1.406919154424674,2.483538587788162,0
140,506.105761281932,18432,60,36.41926531978806,0.2564,0.032550576,0.3139584367,2.980975108,0.1954901243,0.2156,0.0312912128,0.0949231526,3.0820362683,0.2988833833,0.528,0.0351212187,0.076844653,3.3967689266,-0.2123862026,0.04,0.0100498756,0.0570719603,3.37221841,0.1847222507,0.4838202247,0.091593332,0.8769687075,2.361300892,-0.4338165701,0.0962640449,0.0682502249,0.9034648662,2.6192882912,0.8783822774,0.4199157303,0.0391714566,0.3191513407,2.6872590976,-0.0006614624,0.0417977528,0.0111109621,-0.0289486218,3.7599694134,0.5598799835,0.4987458745,0.3026829808,0.0008107343,0.0006068003,0.955155771,0.0396139956,2.3827817819,0.3666490832,-0.0579856363,0.410648106,-6.5148e-06,1.26334e-05,1.71585e-05,1.07409e-05,0.0840050444,0.1290907014,2.882859434,0.3408598396,-0.0411920028,0.1972415436,0.491255,0.017454841,0.0368871779,0.0033896318,0.0910737023,0.1312161223,2.9887089044,0.4362627433,-0.1545842913,0.246140597,0.449618945,0.2881111384,0.0242820336,0.0152533535,0.9930684528,0.0027996058,2.0886318859,0.1406443298,0.5620806755,0.1191772239,-0.0002110024,0.0001303754,9.22772e-05,5.75135e-05,0.968358587,0.0056703293,2.1365882816,0.188754573,0.4998569323,0.1563868652,0.1761224153,0.0172907021,0.1353722757,0.0105002518,0.9607588271,0.0077249176,2.310944791,0.207390701,0.6575426729,0.1590928226,-3.922462872154325,-0.5069841601672643,1.3587452197328576,0
141,223.0319732422052,8374,6,37.546186218359466,0.2092,0.0345305662,0.3455044238,2.6155380057,0.3553839571,0.32015,0.0516452079,0.385812713,2.5782378005,-0.0577969769,0.47065,0.0491663249,0.2959480056,2.6846478105,0.3498258203,0.03275,0.0089547473,0.0320812715,2.7406665132,0.5033101031,0.5008333333,0.1425097463,0.9192269152,1.8704688183,-0.0818913395,0.0841666667,0.0724425059,0.9048703603,3.040193668,0.9134992135,0.415,0.0805450185,0.8131152921,2.1401588698,-0.3680768488,0.0419444444,0.0106899341,-0.0264541486,3.178326322,0.1190993101,0.4988990432,0.3027074261,0.0022188801,0.0013945891,0.9355473696,0.04309184,2.2980430529,0.4566482415,0.0389306252,0.362607106,2.414e-07,6.68452e-05,5.93813e-05,3.6111e-05,0.299047249,0.1374853987,2.8234260223,0.3407435865,0.0755544946,0.1850963004,0.494635,0.031119753,0.0407199243,0.0057632901,0.2114527471,0.1430590895,2.8456132984,0.2348648665,0.0033746621,0.2128568709,0.4439305797,0.2690102446,0.0262087685,0.0161311786,0.9774134176,0.010346327,2.2635672538,0.157103809,0.7054308561,0.1070505057,-0.0007743717,0.0004784992,0.0003527269,0.0002156679,0.9607154291,0.0152586537,2.2674240107,0.1963118231,0.6867315962,0.11923028,0.152507465,0.0137022288,0.1490218848,0.0117625417,0.9505130354,0.0118726831,2.5673151235,0.2258397903,0.9058273085,0.1101722919,0.30001847290943207,-2.6165206410451476,1.7591091584873362,0
142,504.5170654522345,18663,42,36.99181113580573,0.29875,0.0420557665,0.2133853514,2.8269953803,0.220455872,0.25485,0.0358849202,0.2365797665,2.6196722465,0.3158024494,0.4464,0.0447832558,0.2340486639,3.2030204839,-0.244821102,0.03775,0.0100093706,0.2075705981,2.418181521,0.0537549932,0.5595026178,0.0762411354,0.7513861053,4.9151816123,-1.167165229,0.0663874346,0.0499008089,0.8504284049,6.0893485381,1.5860590998,0.3741099476,0.0383152186,0.3086057017,2.7626346494,0.2731496324,0.039921466,0.0106892866,0.0275127091,2.6985875396,0.2647742738,0.4991085884,0.3026701553,0.0006062405,0.0004366832,0.9326390325,0.0431242757,2.5274701214,0.4796225498,-0.0246867948,0.4767963855,4.9812e-06,1.99861e-05,2.52922e-05,1.5083e-05,0.6542481965,0.1384888141,2.7063683663,0.5211334613,-0.0795077181,0.4260754763,0.506725,0.0307159059,0.0552699909,0.0082891861,0.4985626124,0.1557375635,2.7657759688,0.4083168702,-0.037771254,0.2822205136,0.4578573456,0.3033322331,0.0208983911,0.0129408757,0.9948786866,0.0022943283,2.0496552046,0.116372337,0.5015845988,0.1265611647,-0.0001886871,0.0001164273,5.72257e-05,3.56704e-05,0.9394627619,0.0124797906,3.0916710333,0.9679687045,0.7840784283,0.2895015738,0.154060625,0.039980208,0.1106998474,0.007358024,0.9375144695,0.0085185716,3.1338302872,0.7891107052,0.8128946629,0.396855073,-1.3551741301264684,-1.7557324857475185,-6.264487508919297,0
143,167.75667296863753,5820,50,34.69310577641261,0.2397,0.0393307768,0.4592949831,2.1785360047,0.0259650817,0.28595,0.0365492476,0.3448922006,2.5174642195,0.0224934925,0.47435,0.0366991485,0.0622917103,2.9929263534,0.3963455364,0.03525,0.0097564082,0.2174603904,2.759258884,-0.005552187,0.4971014493,0.1284732132,0.9200525878,1.9847388515,-0.155209339,0.0752898551,0.06263469,0.8853405992,2.7362962987,0.9487028459,0.4276086957,0.074748897,0.8155516544,2.0330677952,-0.3420927299,0.0435507246,0.0107373603,0.0571010013,2.6575066528,0.3693351903,0.4911470868,0.2988950764,0.0019739551,0.0011575615,0.9318322364,0.0504331154,2.5195952587,0.5743809017,-0.0884050485,0.4252560646,1.51655e-05,8.54263e-05,6.56466e-05,3.86334e-05,0.4095754518,0.1598350444,3.0321881488,0.4073485512,0.1037773032,0.2814984606,0.5068175,0.0381380626,0.0439267044,0.0062703284,0.2881824238,0.1838870433,2.8936389185,0.4211017692,0.0730541084,0.2331869364,0.4526673224,0.2748406479,0.0184951154,0.0111329221,0.9732315478,0.0084040375,2.3692572514,0.203475703,0.732476977,0.1210462733,-0.0007616179,0.0004647236,0.0002975546,0.0001803598,0.9358435283,0.0093678694,3.1255482081,0.5912676701,0.9936486179,0.1969710136,0.146759173,0.0193550566,0.1398779333,0.0134652198,0.9369440811,0.0095559141,3.244243712,0.6358092939,1.1067558843,0.2166768237,0.6676951170685383,-2.833220744104826,-0.1057780695699964,0
144,695.7729891094682,26002,45,37.37138464268411,0.2608,0.0274200656,0.0699240593,2.3202442005,-0.1113198667,0.25205,0.0304145935,0.0820457848,2.724629508,0.3721739363,0.48715,0.0297762909,-0.0262993114,2.4524892537,-0.0567200234,0.0321,0.0095178779,-0.1838454731,2.7742913857,-0.0115723913,0.4296354167,0.0980028294,0.8726826627,2.0274309132,-0.0651504536,0.0853645833,0.0673503155,0.9214761329,2.7516552716,0.8812653763,0.485,0.0483396188,0.418401122,2.669078449,-0.4072724608,0.0448958333,0.0129999833,0.1784745408,2.7129398195,0.1579816409,0.4985011034,0.3028858289,0.0007778574,0.0005095901,0.9436987035,0.0411765367,2.3886149491,0.4710869009,-0.1106456682,0.4324484224,3.522e-06,1.10344e-05,1.56253e-05,9.3084e-06,0.0512011887,0.1005898355,2.8590127429,0.2463392735,-0.0272326052,0.2194908044,0.50853,0.0176018919,0.0359996572,0.0033071409,0.0284707235,0.1077057144,2.8965489233,0.2571077429,0.0308174537,0.1988316893,0.454154714,0.295359409,0.0216006871,0.0133353651,0.9929742896,0.0031332044,2.1257593751,0.2101179138,0.5610060236,0.1793009324,-0.0002078476,0.0001281486,9.15496e-05,5.50522e-05,0.9662115249,0.0132137126,2.3508344978,0.2675605258,0.6467362938,0.2184668221,0.1770072079,0.0530642371,0.1361685012,0.016579169,0.9504574411,0.0337316585,2.5902878867,0.3199303821,0.7997647225,0.2519681327,-3.9206581335957225,1.0887683763121903,1.3679582512183757,0
145,388.1566076520436,14472,65,37.28392023915558,0.2655,0.0302861354,0.0102763671,5.125014625,0.9263513014,0.21975,0.0281990691,0.0182366437,4.5748651786,-0.2292163539,0.51475,0.0324065966,0.0600424094,2.4634977263,0.2082950579,0.03865,0.0107901576,-0.1252324363,3.3780061851,0.2668546291,0.3533458647,0.0708029188,0.7386887544,2.2027027044,-0.0884624131,0.1132706767,0.0662220153,0.9053961859,2.092124753,0.4209176718,0.5333834586,0.038552517,0.1994102004,2.4522761625,-0.0784548978,0.0441729323,0.0127759827,0.1037984471,3.1220131032,0.5333966167,0.4959527522,0.3014103486,0.0006574558,0.0005074574,0.9416264801,0.039091697,2.4777865558,0.6757795583,0.0126969733,0.3405134426,6.488e-07,8.1168e-06,1.37763e-05,8.617e-06,0.0068962857,0.0803212446,3.1342729489,0.5509368008,0.0595624111,0.2400991422,0.497705,0.0158053306,0.0357957449,0.0026625446,-0.0166649653,0.089486613,3.1048081253,0.3329526587,0.0546748202,0.2152255934,0.4572363955,0.2977954894,0.0189460663,0.0115793096,0.9930225778,0.0029995843,2.1039683232,0.1113645649,0.547945975,0.1406838491,-0.000160515,0.0001016339,7.48492e-05,4.5465e-05,0.9650755457,0.0179710529,2.1856395163,0.0993289152,0.5633359572,0.1141154554,0.1905447441,0.0625015597,0.1379318176,0.0201652389,0.9453012568,0.0506390792,2.4092665166,0.1337062893,0.7207803114,0.1798688307,-4.2059632243140275,2.0159173764851115,1.74406854858756,0
146,422.0568362974034,15795,40,37.42386958724681,0.26865,0.0382939617,0.3188488725,3.3128641199,0.1801297192,0.2693,0.03293949,0.2875776689,2.3263680837,0.1849866797,0.46205,0.03668852,0.0798784416,3.2142540866,-0.2697315914,0.0359,0.0099342841,-0.007672671,2.2555176634,0.2094093886,0.4193650794,0.0976854852,0.8537919041,2.256538286,-0.124672382,0.0893650794,0.0776336127,0.9039898891,3.1428899391,1.0426996374,0.4912698413,0.0483166495,0.1564849872,3.2238096811,-0.2161044526,0.0468650794,0.0132247682,0.2105718268,2.5067136898,0.0111756681,0.498124916,0.3029005029,0.0011671519,0.0007899742,0.953744826,0.0391427017,2.2722508514,0.5845584918,0.1425778277,0.3628991531,1.2517e-06,1.61882e-05,2.32853e-05,1.4036e-05,0.1768390436,0.14942862,2.9127217936,0.4338374496,-0.0179958825,0.2576280831,0.4972225,0.0207408502,0.0378025645,0.0034214383,0.1473704118,0.136921961,2.8850604612,0.3801484546,-0.0471596754,0.256916471,0.4697043064,0.2920007761,0.0132408775,0.0092894834,0.9270153072,0.2318032502,2.4310321335,0.1109517057,0.7703718082,0.0636438294,-0.0002409083,0.0001635605,0.0001061231,7.40918e-05,0.9026593583,0.2259769609,2.4612705952,0.1402716209,0.7589905345,0.0755390044,0.1781314791,0.071806461,0.1371084289,0.0356520049,0.899426346,0.2250990258,2.6495518527,0.2825285394,0.90642668,0.1276893213,22.42759251838118,26.2338798021864,14.548274626778344,2
147,156.34050927479362,5673,72,36.28618089012867,0.22255,0.0398088872,0.4811281724,2.6628651993,0.2010135737,0.3185,0.0465805754,0.3271816232,2.9582346859,0.3309126796,0.45895,0.0443017776,0.2980542388,2.4898340826,-0.0640923679,0.02885,0.0099462304,0.1805686068,2.3958388332,0.4259040777,0.5257619048,0.1242362974,0.888100461,2.3828258046,-0.4959187238,0.1119047619,0.1020746248,0.9295838952,4.0618462275,1.3378133621,0.3623333333,0.0481123025,0.4152764402,2.7509876635,-0.1478410797,0.0342857143,0.0111574995,0.1751273074,2.986401505,0.5857162516,0.4971046647,0.3024076284,0.0012478119,0.0008425642,0.9233851984,0.0526454295,2.43149339,0.4592938447,-0.0814462111,0.3582830714,-9.2095e-06,4.31911e-05,4.5011e-05,2.83742e-05,0.4446268935,0.1861651548,2.7316577478,0.2950358837,-0.009969117,0.2081935596,0.4975575,0.0315239364,0.04758877,0.0118330933,0.374656509,0.2048276093,2.8082782189,0.4182561587,-0.0479235566,0.2499518137,0.4545343904,0.2765135781,0.0181058605,0.0113531524,0.9825467444,0.0071128557,2.1772787948,0.110685565,0.607158201,0.0863468428,-0.0005113016,0.0003074251,0.0001870025,0.0001149442,0.9465113968,0.0231368277,3.1980399943,0.4619623919,1.0361932442,0.1868424601,0.1333472492,0.0187797542,0.1253106642,0.0158373482,0.9370602107,0.0140120733,3.5121075807,0.5149269754,1.1898971971,0.1781375564,0.09309879148807257,-2.4653871315374554,-3.0890261099485157,0
148,120.57469342610004,4407,69,36.54995816100532,0.27085,0.0442947796,0.5371746476,2.9811214971,-0.0795101485,0.2137,0.0485675818,0.6835610988,2.4099513796,0.2442269676,0.51545,0.041286166,0.1919467441,2.483534471,-0.3611049087,0.03985,0.0105937482,0.0314061203,3.3416127786,0.3105834672,0.4722321429,0.1180606671,0.8762803558,1.876025047,-0.2691387882,0.0861607143,0.0796812347,0.8857184233,3.0436474543,0.9351703609,0.4416071429,0.053310974,0.4804920355,2.3724592246,-0.1574698433,0.0452678571,0.0113554441,0.0999334149,2.2471388776,0.1441672587,0.4949224793,0.3000347739,0.002174648,0.0016826143,0.9381962824,0.0422237859,2.5606665257,0.818293738,-0.186444396,0.4845410357,1.12254e-05,6.82719e-05,6.12018e-05,4.04809e-05,0.3038691563,0.169983281,2.9270016453,0.4462761945,-0.1314967389,0.2626867889,0.5116375,0.0373380666,0.0420964905,0.0057715133,0.2656215764,0.1401907022,2.8864743226,0.4508576041,-0.0499067785,0.223848364,0.4496127409,0.2728869684,0.0226624046,0.0143887974,0.9734781987,0.0118076656,2.2355814072,0.2291326126,0.6872387405,0.1495225109,-0.0008011204,0.0004907392,0.0003680344,0.0002327087,0.95941588,0.0143136275,2.2578397434,0.2291388441,0.6814865748,0.1481554697,0.1495638649,0.0182650783,0.1478605746,0.0138059405,0.9438351441,0.0113631885,2.683836973,0.3819937283,0.9394289214,0.1809393963,0.7420975760069443,-2.458485726472129,1.9593456227680885,0
149,134.39667315860083,5100,42,37.94736789341144,0.27825,0.0450908805,0.3518595109,3.0575676779,-0.2253714949,0.21555,0.0420648012,0.5453336084,2.4016359693,0.165608678,0.5062,0.0566529787,0.4426201321,2.3782386047,0.1926312351,0.04315,0.0125828256,0.0713912292,3.560588389,0.5528035356,0.436547619,0.1286120416,0.9357732624,2.1026525311,-0.0943961278,0.0946428571,0.0831549963,0.8699394788,3.0078103392,1.0762922725,0.4688095238,0.0663397597,0.7683878588,2.3356187806,-0.2589882511,0.0411904762,0.0142598973,0.2172584697,2.8102762283,0.5721286381,0.482751968,0.2939309771,0.0032895191,0.0023820126,0.9284792657,0.0389607949,2.381359962,0.4645642249,0.0013716687,0.3878283318,-9.9878e-06,0.0001162094,0.0001095797,7.21707e-05,0.4787305668,0.1575150185,2.9145597676,0.4149368488,0.0084865203,0.3371178737,0.49774,0.0332062291,0.045356475,0.008567609,0.3826942831,0.1628824083,2.9230444416,0.3529563716,0.0327362612,0.287074825,0.4465479228,0.2718305981,0.0229288381,0.0142157361,0.9601257936,0.0245138538,2.2359437673,0.1654115299,0.6699087971,0.1019346988,-0.0011634633,0.0006939016,0.0005393007,0.0003337542,0.9395872267,0.0338623422,2.2840099593,0.1955563335,0.670765633,0.1122726071,0.1517185613,0.0203201945,0.1471066149,0.0187072028,0.9236648655,0.0266298211,2.6997815314,0.3198021222,0.9434142588,0.1329888953,5.520742026460462,-3.1728747826371912,0.6615366593085087,4
150,761.5659059755621,28223,40,37.05916950660557,0.2537,0.0296194193,-0.0456722466,2.9952291202,-0.490324865,0.2537,0.0291772171,0.0451690663,2.4978958491,0.1022513245,0.4926,0.0330868554,-0.0013285214,2.6416682175,-0.3704718604,0.0343,0.0106541072,-0.157396159,3.5948129492,0.4433910916,0.4142271293,0.0992668018,0.8771671825,2.012504638,-0.0854642683,0.0817350158,0.0618917275,0.9001663329,2.9868608021,0.9056483708,0.5040378549,0.0519746221,0.5296477708,2.411456842,-0.2537795848,0.0465299685,0.0125065239,0.1697721009,3.4006616445,0.3897024424,0.4971426561,0.3023951411,0.0005276261,0.0004148748,0.9355058358,0.0474996605,2.520721116,0.7638443481,0.0401472468,0.6276970868,2.3923e-06,5.7996e-06,1.07838e-05,6.6519e-06,0.0322948579,0.0981577562,2.9312766882,0.4524353354,-0.0418945925,0.2370362493,0.5046225,0.0146130975,0.0362508792,0.002418911,0.0199934958,0.0879960856,3.0115221901,0.53579204,-0.0355616747,0.2479115652,0.4563603546,0.3109196487,0.0212846303,0.0129773052,0.9954657988,0.0020813448,2.0333957495,0.0838630843,0.4981308659,0.1413360045,-0.0001210518,7.39242e-05,5.74338e-05,3.49667e-05,0.9692378253,0.0173383585,2.1504151753,0.1175942236,0.5322869695,0.158537374,0.1973774901,0.0542943637,0.1407455571,0.0197775616,0.9611056802,0.0227694918,2.3264758833,0.1130465235,0.6911575782,0.1681141306,-4.622349762084338,1.2004212594464228,2.1162966662506326,0
151,184.95587520981235,6663,55,36.024808579027564,0.21285,0.0378368537,0.4351174123,2.448916551,0.0255257457,0.2983,0.0351725745,0.1141700559,4.2403025656,0.1693007863,0.48885,0.0336218307,0.1523688204,2.5564584538,0.048418547,0.0362,0.0101271911,0.0767854556,3.6059462776,0.603243811,0.4452941176,0.1026292192,0.8848270805,1.7964950501,0.102869791,0.0781372549,0.0599915091,0.9055811809,2.725867925,0.849821909,0.4765686275,0.0606621163,0.6133259726,2.3992268463,0.0378690472,0.0444117647,0.010693917,0.0499664118,2.448006619,-0.1113861477,0.4867538765,0.2968651269,0.0026808961,0.0017873391,0.9250180824,0.0400039166,2.4627336647,0.5622220806,-0.1706178685,0.455332565,5.9645e-06,9.11964e-05,7.88468e-05,4.79999e-05,0.3487417678,0.1579927361,2.7394776403,0.329150793,-0.0679023765,0.1999066943,0.4980975,0.032297254,0.0414414385,0.0042382251,0.2765433942,0.1494897253,2.7665144694,0.3401264595,-0.0261850325,0.2057867876,0.4417441353,0.2688553219,0.023685589,0.0144748561,0.9694094267,0.0147777889,2.3152641278,0.2450481293,0.7385471238,0.1252228347,-0.0009367438,0.0005625078,0.0004311202,0.0002630842,0.9529511819,0.0225539095,2.3398452617,0.3163839225,0.7289725465,0.1496817297,0.1528713843,0.0185363724,0.1509373286,0.0133436873,0.9460441657,0.0106407997,2.6414383301,0.320099926,0.9459148456,0.1573155036,1.8025098021259864,-2.5057493523909797,2.3416021948497265,0
152,851.6082384408251,31877,40,37.43153079209556,0.2376,0.0365067117,-0.0007740802,3.5889596975,0.2964723425,0.2549,0.0352844158,0.1533081509,2.9953034838,-0.1027004531,0.5075,0.042664388,0.0563647006,3.140564531,0.5316453591,0.03685,0.010189578,-0.1665093245,2.6938622271,0.2870394024,0.4258739837,0.1057356555,0.9100504921,2.0376665274,-0.1906026759,0.0786178862,0.0676291322,0.9113679271,3.3693862689,1.0923295699,0.4955081301,0.0539859016,0.6472028303,2.3005782821,-0.2753290985,0.0435569106,0.0132843669,0.2297969268,3.1428405668,0.4223256274,0.496914014,0.3021579855,0.0005625787,0.0004035962,0.9418898116,0.0475811319,2.3489478679,0.5614801254,0.0465214793,0.3660975979,-1.5716e-06,8.9587e-06,1.07909e-05,6.5827e-06,0.0680601028,0.1464913009,3.1889950419,0.4707368789,0.0739827653,0.2337210003,0.4952975,0.020870155,0.0370999454,0.0026133645,0.0584000499,0.1341282462,2.9442092303,0.5096946757,0.0661113942,0.2144846549,0.4552794624,0.2991545566,0.0187466603,0.0121750042,0.993359411,0.0035835834,2.2147358795,0.1869475111,0.6270646368,0.143659124,-0.0001379024,8.63313e-05,6.29291e-05,4.02187e-05,0.9688974214,0.0070177825,2.3241722208,0.3865002941,0.6532722723,0.2190216029,0.1730102192,0.0240799726,0.1450303311,0.00571841,0.9635993434,0.0053035891,2.4702970525,0.3587166369,0.804072501,0.1948870346,-4.097233819140622,-0.3162097106758167,1.3129468625693372,0
153,267.67104356154096,9918,36,37.05294329948591,0.2438,0.0280724064,0.1276857572,3.1514557612,0.1428956774,0.25235,0.0295419617,0.1609616546,2.5773535642,-0.2959208896,0.50385,0.0328165736,-0.0351914417,2.9411437726,0.0135301716,0.0359,0.010084146,-0.013894549,2.5850549937,0.2873919202,0.3863333333,0.0759652698,0.7936045336,2.0842323459,-0.0677689462,0.0890833333,0.069599998,0.906307227,2.4231765421,0.748062196,0.5245833333,0.0385009921,0.1602846193,2.4961581921,-0.1253032498,0.046625,0.0137713849,0.2969932138,2.2399601619,-0.0122388253,0.4997201486,0.3036474788,0.0010438933,0.0008382847,0.943968486,0.0420162659,2.2971302967,0.486411353,-0.2080888771,0.4151980805,-1.9924e-06,1.80286e-05,2.04364e-05,1.26691e-05,0.0302953358,0.091623046,3.0263215697,0.4154434537,-0.0545634211,0.2601921819,0.50425,0.0223888086,0.0370968998,0.0025541688,0.0301917133,0.1085375264,3.0910424278,0.5849375934,-0.1280082625,0.2379153398,0.4498865637,0.2824951014,0.020734591,0.0131041232,0.9902732677,0.0036251386,2.1840946252,0.1166704544,0.6522447143,0.0832174673,-0.0002559956,0.000160691,0.0001119649,7.06951e-05,0.9684434429,0.0076981374,2.245456939,0.1254760144,0.6586767058,0.0860796993,0.1586609196,0.0148547877,0.1405391455,0.0077981199,0.9590782213,0.0054425914,2.5183988501,0.1724589949,0.8443801488,0.1047549433,-4.191658459516154,-0.35235231145299867,2.7457730464183285,0
154,817.9330456637881,29611,9,36.20222970202823,0.23055,0.0375292886,0.3069715581,3.1778561241,-0.0262562695,0.2486,0.0377232024,0.2726782726,2.9273644752,0.5423086854,0.52085,0.0356584843,0.2394755591,2.9069358794,-0.0824701797,0.038,0.0095131488,-0.1398075434,2.9519855926,-0.0540107346,0.4564955357,0.0921318445,0.8408922809,2.9047385046,-0.7357345646,0.0899776786,0.0639815434,0.9161536945,2.8514656609,0.8738621771,0.4535267857,0.0426370605,0.2241565648,2.9004617912,0.3811083456,0.0440848214,0.0104981691,0.0302486839,2.6759324922,0.1613860428,0.4973805447,0.3025563418,0.0003825656,0.00024737,0.9359930047,0.0394665603,2.5198882412,0.6020893621,0.0655306826,0.4639330331,1.9833e-06,8.4596e-06,9.7218e-06,5.7965e-06,0.0992083197,0.140006365,2.8882888776,0.2883869828,0.0427819048,0.1259105645,0.5037925,0.0167309913,0.0364788171,0.002439114,0.0556908532,0.1444630963,2.9030542283,0.4720158238,0.0953034082,0.2198561597,0.4641163952,0.3185651209,0.0151745709,0.0100669734,0.9943030074,0.0027555171,2.2482094653,0.1986469249,0.6326406088,0.2419321006,-0.0001064745,7.24703e-05,4.27953e-05,2.59654e-05,0.9348644443,0.0619049558,2.7850310195,0.4043148741,0.7902679083,0.3679177447,0.1901243914,0.0959923731,0.1229673055,0.0229720061,0.9112920102,0.1217454716,2.8660051609,0.305722947,0.848953956,0.3308234679,-2.1206454326065645,4.639674924580619,-4.261219422515565,0
155,388.195276226116,14147,20,36.44299883690408,0.24535,0.030734793,-0.0467526987,3.4268642746,0.411751345,0.2495,0.0296942755,0.179717737,2.9985705476,0.2923756334,0.50515,0.0358779528,0.1208113856,2.8936168021,-0.1491997637,0.03605,0.009906942,0.0977955197,3.2136521897,0.6180212341,0.4660555556,0.1224767426,0.9277247766,2.0377350064,-0.2810279696,0.0829444444,0.073772904,0.9250608547,2.7656205752,0.9759699318,0.451,0.0622258431,0.7101031001,2.3391196739,-0.2881247599,0.0444444444,0.0117010077,0.1075181284,3.2578883648,0.3211381126,0.498271959,0.3018602144,0.0010697505,0.0008239667,0.9505867006,0.0405409668,2.3615437918,0.5557901942,0.1327606584,0.4000333203,2.711e-06,1.384e-05,2.12097e-05,1.28223e-05,0.0440253364,0.1048481965,3.0189435847,0.4021417765,-0.0328893227,0.2257076901,0.50744,0.0169976292,0.036625177,0.0026454514,0.0292378672,0.1023488826,2.9829887076,0.5000505714,0.0047201195,0.192562326,0.4493009073,0.2856637748,0.0220850857,0.0135247252,0.9908186804,0.0052109241,2.098835191,0.1554693679,0.5480043501,0.1580931716,-0.000268306,0.0001617689,0.0001223566,7.44644e-05,0.9650861077,0.0166267598,2.1827063356,0.1265864338,0.56402524,0.1558697143,0.177830316,0.0505334373,0.1380006644,0.0159341351,0.9558486372,0.0198930221,2.4382354115,0.2694496718,0.7471510756,0.2300425863,-3.290141950030834,0.32678383385237275,1.98485034735256,0
156,288.5794328787156,10868,28,37.66034152741444,0.31755,0.0417522155,0.3634083899,3.9918998189,0.3739648648,0.26945,0.0424729031,0.4677768734,3.6030328992,0.7229017755,0.413,0.0470106371,0.4278979581,3.5290018632,-0.3256892626,0.0335,0.0092330927,0.2271745882,2.6347984623,0.215341692,0.5619879518,0.1340988211,0.8976740893,2.1009210714,-0.312741641,0.0789759036,0.0682560692,0.897632526,3.2921372925,1.0480674158,0.3590361446,0.0749033829,0.7224025872,1.9843013652,-0.160022238,0.0406626506,0.011106578,0.0135829639,3.1206456882,0.4264781993,0.4912556898,0.2996725473,0.0018410666,0.0010267897,0.9347083895,0.0591362913,2.5138465143,0.7559482576,0.0022785714,0.6005997449,1.3563e-06,4.22888e-05,5.82448e-05,3.3004e-05,0.4055863157,0.1612725004,2.8183210009,0.6036552923,-0.0183927547,0.3066513779,0.4923375,0.0283744422,0.0457156588,0.005229069,0.3250940548,0.1803096657,2.7784797687,0.3783424341,-0.0482333923,0.214806369,0.4506254559,0.2737646789,0.0188558875,0.0119157093,0.9773193659,0.0088450571,2.3817877297,0.1895488754,0.7502651841,0.1164932334,-0.0006540325,0.0003968955,0.0002314966,0.0001455315,0.9386290394,0.0136348299,3.2015302933,0.5051802164,1.0158828773,0.1908661331,0.1282166842,0.0145320294,0.123973847,0.0086406287,0.9323547449,0.0096568109,3.5706577287,0.6254139795,1.1991641731,0.2243179849,0.8084236502866817,-3.0714055032041934,-2.1950037458041596,0
157,377.0698113542814,13752,10,36.47070008232272,0.27355,0.0313870594,0.0820703306,2.4319098066,0.1367907324,0.2389,0.0308591964,0.0989123773,2.9964909382,0.3788724379,0.48755,0.0313168884,-0.0851932477,3.4770637467,-0.2014735236,0.03845,0.010993066,0.0753826109,4.0142329515,0.5998675364,0.4355426357,0.1026211523,0.8897135498,2.0527314834,-0.1174579216,0.0915116279,0.0802288506,0.9451287512,2.5969861735,0.9187293437,0.4729457364,0.0463330227,0.4802131401,3.2732207026,-0.1775649164,0.0403100775,0.011609805,0.2588002573,3.1687364573,-0.0454674236,0.497748456,0.3034416683,0.0011711273,0.0007885236,0.9405984447,0.0359156383,2.3743266525,0.4406521987,0.2000152316,0.422039443,-3.124e-07,2.40997e-05,2.67844e-05,1.57537e-05,0.0581185553,0.1228437399,2.790823736,0.401911807,-0.0042074576,0.2035185884,0.4971675,0.0222359353,0.0364840273,0.0023437951,0.0295224625,0.1066773465,2.8554197592,0.4471276593,0.0182662038,0.2365088004,0.4471966261,0.2817260589,0.0209993799,0.0124687799,0.9879608159,0.0038672407,2.4011453788,0.212537294,0.7561232766,0.1644808674,-0.0003108284,0.0001866839,0.0001282354,7.53965e-05,0.9599912107,0.0080083818,2.4267821159,0.2105004998,0.7306252242,0.1663166293,0.1655423526,0.0362336205,0.137490075,0.0087451225,0.9561188722,0.0120966488,2.5443122598,0.2833398939,0.840408803,0.1979939078,-3.2309346209129095,-0.5309231460434392,1.4450013807362585,0
158,338.93508825405326,12034,66,35.50532363583365,0.2406,0.0325981595,0.1985980321,2.9711977426,0.6335006777,0.2424,0.0340402703,-0.020029142,3.5677248785,0.469420728,0.517,0.0392045916,-0.0274908722,3.3200575355,-0.3046925782,0.0403,0.0114634201,-0.0216595347,3.2282596225,0.5637277426,0.3716423358,0.0806997442,0.7920691322,2.1607458233,0.2686168445,0.1096715328,0.0735671013,0.907317694,2.201083236,0.5270862595,0.5186861314,0.0417730664,0.201503322,2.8207365864,0.1057291092,0.0436861314,0.0131286458,0.2484724626,2.6696469055,0.2988124748,0.4976301691,0.3012254531,0.0009881826,0.0007020368,0.9387885469,0.0440668536,2.4207178308,0.4588365489,0.0136246298,0.5131764334,1.6877e-06,1.14465e-05,1.95755e-05,1.19404e-05,0.0212074932,0.1060529953,2.8848270527,0.3368108888,0.0002148326,0.2406422969,0.5050575,0.0195539208,0.0355831247,0.0028843742,0.0461861751,0.0918388806,2.8515608905,0.3024554928,-0.0138755673,0.2742567441,0.4435864793,0.2830361276,0.0260468252,0.0151423966,0.9920441906,0.0047280843,2.0664823091,0.2159666553,0.5167179978,0.1639914339,-0.0002750985,0.0001580774,0.0001310689,7.49555e-05,0.9698432517,0.0110319476,2.1171743516,0.2488730569,0.5118818047,0.181695706,0.1801443258,0.0341530056,0.1433809849,0.0096512384,0.9577725422,0.0115036509,2.3419599312,0.2161022175,0.7203572527,0.18140288,-3.664817057345563,0.038630301006755775,2.6104849780102803,0
159,184.83524610543745,7014,32,37.94730792848315,0.2542,0.0384949347,0.339266713,2.3482680435,0.2930097036,0.2512,0.0374040105,0.1327732053,4.5358734746,0.5757480239,0.4946,0.041771282,-0.00411873,2.927735206,0.2070252707,0.038,0.009591663,0.2259275618,2.8049385633,0.2464776362,0.5103684211,0.1222168954,0.9249234509,2.1035946578,-0.3034082609,0.0734210526,0.0708974914,0.8925401569,3.0351900147,1.018410954,0.4162105263,0.0633192238,0.7366884822,2.9905572561,-0.1185974117,0.0395263158,0.0137854554,0.4266514804,2.8222560015,0.1438065847,0.4979039436,0.3018405485,0.0019697464,0.0015771777,0.9253165246,0.0576456866,2.4435569794,0.4190760696,-0.1618131017,0.4448904971,7.1728e-06,4.48093e-05,4.86146e-05,3.1321e-05,0.2333010861,0.1331591434,3.0247842942,0.5474726861,-0.0632017456,0.1846181182,0.508315,0.0257147142,0.0392120633,0.0039247096,0.1702941894,0.1562444044,3.130663796,0.5215936305,-0.0130093306,0.2026308177,0.4483284794,0.2720946168,0.0206244416,0.0127878978,0.9790764704,0.006563682,2.2975099959,0.2569669757,0.7051774847,0.1418832561,-0.0005950097,0.0003645079,0.0002598121,0.0001601728,0.9604101845,0.009163252,2.3293326329,0.3499746201,0.6818679407,0.172230487,0.1506440726,0.0205484064,0.1447346072,0.0130451023,0.9502420808,0.0143687812,2.6808650759,0.4053641788,0.9299119649,0.1887291964,-0.8895834157809995,-1.9790697678426918,1.0727604289839672,0
160,562.9103496005039,20859,42,37.05563419610882,0.24705,0.0387627076,0.3046255653,2.6919023931,0.2534985504,0.2103,0.0371605974,0.1936675249,2.4374174961,0.0095420403,0.54265,0.0493581554,0.3755977946,3.0154405123,0.0031778717,0.0381,0.0100940577,-0.0332410054,3.2802867785,0.5324655004,0.4791503268,0.119785744,0.8851931244,2.1114354507,0.0182731887,0.0623529412,0.0556572694,0.8887450607,3.6647231137,1.1298964987,0.458496732,0.0771618386,0.7285989824,2.4453696518,-0.5238125098,0.0480065359,0.011650407,0.183933471,2.7254506469,0.2698220412,0.497428689,0.3022765669,0.0007763451,0.0005714044,0.9357345901,0.0480195174,2.4487820857,0.5905503458,-0.2184826564,0.5457147635,2.5591e-06,1.26004e-05,2.35838e-05,1.59111e-05,0.4216323193,0.2082560385,2.9301087814,0.4071201333,0.0216528927,0.2736500338,0.4977075,0.0261231855,0.046714164,0.0076483989,0.3854834384,0.1748399486,2.8611344308,0.4841895535,0.0467396996,0.2480430579,0.4529308572,0.2901281979,0.0208464322,0.0131816744,0.9917930838,0.0037468527,2.1760915676,0.1145144413,0.6432798878,0.0749629948,-0.0002407373,0.000149209,8.56953e-05,5.5216e-05,0.9586168463,0.0087818338,2.8899593237,0.5156427619,0.868667848,0.1682325287,0.1413199905,0.0217396459,0.1234142566,0.0167374146,0.9513439809,0.0100775577,3.3437346206,0.7562920942,1.0757846954,0.2333307472,-2.4985178340735987,-1.6755575551192383,-1.0793674481889053,0
161,103.5608659303108,3819,10,36.87686430287208,0.2606,0.0468629918,0.5094364271,2.4397143199,0.0179194848,0.26335,0.0419348006,0.4118450856,2.2381075636,0.0596724219,0.47605,0.0460124711,0.4176370362,2.7542560278,0.0693790966,0.03695,0.0109520546,0.2280142054,2.937081831,0.1767125478,0.4410344828,0.1314401615,0.9270217142,1.7861571459,-0.0928613641,0.090862069,0.0870797194,0.8917097616,2.7014472119,0.9441233138,0.4681034483,0.0652173263,0.6444459706,2.2457434012,-0.2964229104,0.0442241379,0.0117737919,0.1610501353,2.4530761285,0.1147878492,0.481831672,0.2925970459,0.0040024629,0.0030117235,0.9511790088,0.030269575,2.0790235458,0.3305408866,-0.0182521779,0.3025804351,2.39489e-05,9.82313e-05,0.0001109251,7.53986e-05,0.4283598164,0.1466305854,2.756572327,0.478935356,0.0084677538,0.2972730177,0.5127525,0.0365153101,0.0464739863,0.0066885702,0.3743201789,0.1272443442,2.6641390938,0.346077206,-0.0169453936,0.2163208615,0.4472358355,0.2709426013,0.0220085827,0.0134297645,0.9641953551,0.0046157388,2.5401532499,0.2394393345,0.8585322524,0.1470764496,-0.0010756695,0.0006667213,0.0004287642,0.00025963,0.9461781569,0.0065351799,2.577405596,0.2377760783,0.8541413677,0.1502597461,0.1448933311,0.0267129563,0.1447594378,0.0163977957,0.9415264885,0.0115959423,2.8939630495,0.3989395844,1.0394454309,0.1931237931,2.6592383492952205,-5.04890712488382,1.3605607286033758,0
162,955.726921604626,35303,10,36.93837559867805,0.24785,0.0333110717,0.0893229294,2.8201727715,0.1601819325,0.2333,0.0333183133,0.3014729381,3.245895363,0.1773994994,0.51885,0.0356851159,0.1753174169,3.1402908437,0.0648864328,0.0419,0.0109265731,0.0830124559,2.8151509922,0.1764000332,0.3941891892,0.1030528172,0.8790307841,2.0673122303,0.1870578914,0.0957567568,0.0625016347,0.8978574723,2.0630396992,0.469812172,0.5100540541,0.0553831597,0.5122512001,2.9155551108,-0.1925013885,0.0461891892,0.0108399607,0.0905321233,3.2685811605,0.3644737494,0.4976949057,0.3021234972,0.0008120931,0.0006887884,0.9514165775,0.0388518757,2.1393661222,0.4528591775,-0.0009906584,0.3936484468,-2.139e-07,1.11415e-05,1.53494e-05,9.393e-06,0.1069576789,0.1547026906,3.0047992092,0.5655521582,-0.0697597447,0.3040481132,0.4995375,0.0165985306,0.0360208016,0.0029221955,0.0767971242,0.128624015,2.9080594397,0.5508488372,-0.0881175531,0.2028327572,0.4548669282,0.2917886282,0.0203447701,0.0126097188,0.9915711249,0.0054372518,2.2153439199,0.2531668477,0.6375066291,0.1598180499,-0.0001932742,0.0001160699,8.57679e-05,5.27838e-05,0.9654333909,0.0128743369,2.3185748295,0.3386034705,0.6431063162,0.1693340399,0.1740200833,0.017788879,0.1415742029,0.0024167515,0.9598773721,0.0069645007,2.4021022369,0.2227457346,0.7488349235,0.1403626186,-3.9102319226198983,0.030451941300297557,2.188727000698739,0
163,472.6993997975578,17812,44,37.68145254178092,0.245,0.0310322413,0.1082285115,2.6892207956,-0.3164731861,0.2605,0.0317372021,0.3194531776,2.9282598776,0.0235084,0.4945,0.0383764251,0.159530062,2.9456575476,0.2259731615,0.03795,0.0110701174,0.218249365,3.1219444937,0.6291631111,0.430867052,0.1071010528,0.8884362652,2.193096523,-0.0659350223,0.0878034682,0.0699221416,0.9168088669,3.000211306,0.9508370916,0.4813294798,0.0535337514,0.5343464619,3.134725066,-0.318361065,0.046734104,0.0126032771,0.039878369,2.714421413,0.3035774246,0.4966529176,0.3024506676,0.0008595438,0.0005925144,0.9224408473,0.0398494261,2.3305013957,0.3402113401,-0.0760233251,0.2827985733,1.3814e-06,1.52146e-05,2.12733e-05,1.26866e-05,0.1044199303,0.1412384143,2.8372997918,0.3776725996,-0.0166951088,0.2131174204,0.499205,0.0199630027,0.0369534822,0.0026667679,0.0710978269,0.1506102344,2.8618870703,0.3594382135,0.0348218801,0.2231505831,0.4407422511,0.2836619211,0.0250589964,0.0157212766,0.9917970851,0.0040156251,2.0577951809,0.1403661072,0.5374915192,0.1698326747,-0.0002758021,0.0001784138,0.0001288506,7.97031e-05,0.9673253328,0.0221596854,2.1609936737,0.1612993456,0.5759107472,0.1630477906,0.177440875,0.0682962103,0.1381452831,0.0169649065,0.9520038602,0.0359492066,2.4925680128,0.2205180036,0.793282232,0.2084526422,-2.971860526624101,0.48387348447968526,1.1951421854404793,0
164,106.0531438158042,3829,20,36.104540254368175,0.2562,0.0326122676,0.3011865218,2.5622853558,-0.0767056673,0.26375,0.0365196865,0.3158684581,2.2347842258,-0.0713049623,0.48005,0.0444718731,0.3202936014,2.6654014276,0.1015255014,0.03505,0.0100621817,0.151797659,2.8133216725,0.4427519684,0.4462195122,0.1366756017,0.9250025333,2.0282216638,-0.2650439099,0.0767073171,0.0810947185,0.88474242,3.1361526113,1.2148764008,0.4770731707,0.0710631427,0.825419573,2.346698174,-0.493048186,0.0480487805,0.0121914629,-0.0989712518,2.9788577369,0.3563726873,0.4881652784,0.2964977614,0.0036335377,0.0025635904,0.9295017013,0.0465984991,2.4092920182,0.5282872935,-0.1251629238,0.4189116506,2.7218e-05,0.0001149101,0.0001250015,7.75812e-05,0.5047576679,0.1661438411,2.5917617884,0.3396655595,-0.0110805754,0.2164759459,0.504275,0.0418279467,0.0499032093,0.0102928105,0.4173106342,0.1681581601,2.6393535022,0.3311208979,0.005724416,0.2141468369,0.4542056918,0.2761252055,0.0208521385,0.0132427497,0.9525533998,0.0172350842,2.4979444857,0.2750856057,0.8430432862,0.1487886739,-0.0012397036,0.000748439,0.0005449247,0.0003465201,0.9362631105,0.025830752,2.5092987188,0.3276885818,0.8245054896,0.1700410629,0.142846133,0.0223585078,0.1475878727,0.0165481671,0.9280515664,0.024722548,2.878788569,0.5107939073,1.0412994942,0.207637948,4.639363538108006,-3.3812767596539626,1.704632453384428,4
165,139.13738940161173,4949,28,35.569159528464404,0.24235,0.0350389426,0.1467977087,2.5860913114,0.1215249436,0.24695,0.0326028756,0.2713202701,2.9233034718,0.0169698395,0.5107,0.0394462926,0.1221039228,3.1226340499,0.1633223816,0.0353,0.0106728628,0.1422660572,3.7671442741,0.7423048471,0.414,0.0842636555,0.7564810276,1.9389129122,0.1669112842,0.0955454545,0.0732037799,0.8854869886,2.1963531236,0.5399127209,0.4904545455,0.043309381,0.032269052,2.9346706791,0.4059335575,0.0377272727,0.0176794226,0.469972719,5.087846883,1.0018295883,0.4970859224,0.3016603122,0.0023815716,0.001751858,0.9653997309,0.0300659405,2.3224652741,0.6108505477,0.068739332,0.4720253519,-2.30857e-05,4.24851e-05,5.07147e-05,3.23464e-05,0.3119251939,0.1483567075,2.9256694635,0.4486491781,0.0735764716,0.2511429344,0.4853875,0.023801932,0.0405209949,0.0041868064,0.250335208,0.1354231328,2.951761363,0.3198920944,0.022131177,0.2461209138,0.4511294082,0.2739753558,0.0204202178,0.0128279899,0.9787478859,0.0062759873,2.273607803,0.1617718846,0.7083287472,0.112732916,-0.0005713358,0.0003467855,0.0002545375,0.000160993,0.960118827,0.0090007153,2.3502247791,0.1909072902,0.7135876879,0.120827185,0.1526006048,0.0174317601,0.145892555,0.0113213137,0.9476915225,0.009098611,2.662947845,0.2864740277,0.9185733539,0.1407115557,-1.3730159823281989,-1.8654193773055459,0.411316964080883,0
166,237.21494395748172,8579,46,36.1655124119739,0.2543,0.0378022486,0.0462450693,2.3587171351,-0.0601397362,0.24235,0.0428512252,0.4674611956,2.7315582746,0.1888281647,0.50335,0.0452551378,0.2941400881,2.7624278315,-0.295618345,0.0366,0.011065261,0.172061161,3.4841178302,0.2514646571,0.4835625,0.1687105394,0.9454613701,1.7869996262,-0.0818838311,0.06475,0.0600411317,0.8503487501,3.5994166071,1.2038042586,0.4516875,0.1199243088,0.9040011205,1.8920090687,-0.1615316318,0.047375,0.0113185412,0.1369001547,4.443100229,0.8116828246,0.4938775964,0.2996315359,0.0025400282,0.001695207,0.9308092506,0.0500319614,2.3441320869,0.537628425,-0.084449398,0.3308364068,2.7059e-06,7.99847e-05,6.89158e-05,4.19354e-05,0.2421234982,0.1710702982,2.8954603541,0.3680885592,-0.0691149139,0.21617734,0.502385,0.0284904023,0.0403962085,0.0048713538,0.1650481968,0.1602064134,2.8218249881,0.4119807645,-0.0662291317,0.1798745834,0.4384481337,0.2670826174,0.0244440575,0.0147395043,0.9755782444,0.0105620532,2.22819539,0.2106320506,0.6616733421,0.1300462491,-0.0008352902,0.0004965973,0.000371041,0.0002237249,0.9541133042,0.0286200869,2.3127231808,0.3645191296,0.6740120733,0.1878153939,0.155127613,0.0274517226,0.1445303803,0.0174951827,0.9432126495,0.0192634119,2.6726075821,0.412002027,0.9183336436,0.1907402379,1.2736075084454324,-2.4182897391346296,0.8162030867808486,0
167,778.3442936577695,29151,44,37.45257752582357,0.2559,0.0334617692,0.0225595951,2.9344806944,0.1250735838,0.2395,0.0307774268,0.0974708073,3.2050813007,0.527321928,0.5046,0.0393553046,0.0716354881,2.9398492009,0.122855605,0.03685,0.0099663183,0.1041215316,2.6169628699,-0.0240918677,0.4531924883,0.1121289731,0.8880564329,1.9820760174,-0.0664066904,0.0981924883,0.0680644236,0.9266852142,2.2486557039,0.625578918,0.4486150235,0.057362468,0.5297668713,2.5546725,-0.2546488924,0.03842723,0.0097258482,0.1062613569,2.8963110824,0.4083472681,0.4986845698,0.3024394908,0.0006591474,0.0005074809,0.9461949826,0.0351352102,2.3831617143,0.8439849684,-0.1625261894,0.4826884113,-8.682e-07,9.2221e-06,1.29325e-05,7.7473e-06,0.0610074168,0.0978130382,2.9919042129,0.3668995383,0.046392283,0.2123016707,0.49833,0.0181837249,0.036022469,0.002427957,0.0319526953,0.1069984488,2.8825432036,0.3795818708,-0.0304802772,0.1948647088,0.4485099763,0.2962574723,0.0215525758,0.0138295196,0.9927669133,0.0029315617,2.3303185957,0.2201920201,0.730996128,0.1413249409,-0.0001552481,9.3205e-05,7.25723e-05,4.56723e-05,0.9685537517,0.0051132268,2.2335204289,0.2942830798,0.6279441862,0.2000529975,0.1807369495,0.0296739254,0.1482061241,0.008842595,0.9646619222,0.0072286273,2.2837351791,0.3215183918,0.7037509862,0.2268324014,-4.108764450978799,-0.30073410104402676,1.8496110970041975,0
168,926.2258370212288,34833,70,37.60745879430876,0.2425,0.0289870661,-0.1389658011,3.8896402643,0.1244027116,0.2779,0.028654668,0.0507798647,2.3515088261,0.1813633487,0.4796,0.0341883021,-0.1220677261,2.6276192836,0.1144293555,0.03415,0.0107716062,-0.0852844471,2.3534503893,0.0041880616,0.3742230576,0.0730555656,0.7708859918,2.1501873779,-0.1986986535,0.0916165414,0.0720150766,0.9223334928,2.7107962536,0.8546259133,0.534160401,0.0379567005,0.0360108737,3.0594231532,0.0890856842,0.0490100251,0.014967296,0.3237799128,2.5684295572,0.2720630254,0.4984597403,0.3031207322,0.0002874944,0.000192446,0.9402074994,0.0535506186,2.4862188365,0.7328121226,0.0415560892,0.4744864338,-3.296e-07,2.7125e-06,6.0435e-06,3.6583e-06,0.0216287682,0.0895007476,2.8454008406,0.4284629017,0.0030154147,0.221397531,0.4998175,0.0124223918,0.0346858639,0.0026228268,-0.0044079187,0.0978042659,2.8741473412,0.3274744934,-0.0302116796,0.2275751176,0.4645674883,0.3376795352,0.017512825,0.0112475385,0.9967094132,0.0015829447,2.0711199673,0.1311324413,0.4975308056,0.1698940985,-6.01343e-05,3.66154e-05,2.90225e-05,1.81294e-05,0.9529193051,0.0428206258,2.2279145883,0.1026656391,0.550691175,0.1074924974,0.2087974983,0.0744904324,0.1299952638,0.0272189143,0.9287027401,0.0788703915,2.3581524604,0.1598206742,0.6692917206,0.2008394216,-4.247492407238258,3.9638790356625058,-0.0675199890484818,0
169,711.0972354550969,26308,72,36.99634689644529,0.27365,0.0311917858,0.2758343269,2.6009749058,0.2948879518,0.2183,0.0346498196,0.1364410179,2.8277050842,0.0640736792,0.50805,0.037755099,0.0137968443,2.6303855744,0.0142616599,0.03695,0.0119978123,0.0201163736,2.8356436317,-0.0120191592,0.4189737991,0.0966792257,0.858276647,1.9801846869,-0.1845083844,0.0766157205,0.0677573433,0.9287208631,2.9407992506,1.0054308899,0.5044104803,0.0480604339,0.4497073217,2.7393358668,0.037965852,0.0458078603,0.0127839873,0.3796600281,3.2230393495,0.1756731773,0.4946413864,0.3015693494,0.0010196675,0.0007558868,0.9649746995,0.0366243334,2.2591841087,0.4190899716,0.1568256676,0.4444337897,1.8973e-06,1.384e-05,1.71738e-05,1.02153e-05,0.0677580642,0.0887131274,2.8742564981,0.4757149737,0.0824366582,0.221701154,0.49883,0.0218785363,0.036635519,0.0030658602,0.0468091529,0.1068231143,2.887035467,0.6121191814,0.1542739544,0.2681376303,0.4325677726,0.2814106504,0.0300686699,0.0191165974,0.9934042733,0.004292273,2.1054339644,0.218583972,0.5528617004,0.1625860789,-0.0002401158,0.000146636,0.0001145386,7.28285e-05,0.9745611331,0.0069274062,2.106476684,0.2065282159,0.5257229215,0.1565207105,0.1724853249,0.0178165531,0.1442487366,0.006818821,0.9645357237,0.0044139413,2.3228769987,0.235280865,0.7201920809,0.1490708742,-3.7783149947730585,-0.7396030980250036,2.6459367197897783,0
170,947.3318114771216,35528,46,37.50322703151198,0.25265,0.0301036127,-0.1068240802,2.3644565053,-0.1551230314,0.2793,0.0311208933,0.163580967,3.1210169224,-0.0311299965,0.46805,0.0350848614,0.1128453109,2.9539484312,-0.3199479728,0.03085,0.0084277814,0.0970615231,2.450584972,0.1829518429,0.3903436426,0.0819901854,0.8464174601,2.1114434954,-0.1558944056,0.1150515464,0.0700239092,0.8874437933,2.5117399565,0.6370667667,0.494604811,0.0363889618,0.0866078507,2.7313561575,0.0835650045,0.0398109966,0.0109771091,0.1207462861,3.6037413023,0.5741864597,0.4966984169,0.3017698025,0.0004178261,0.0003051996,0.9511610779,0.0396652088,2.5367886907,0.5570889585,-0.0209213298,0.5514966873,1.9011e-06,3.7446e-06,7.6563e-06,4.6431e-06,0.0729755691,0.1508462849,3.0192196514,0.3666795779,0.0659427974,0.2357904767,0.504725,0.0115949288,0.0358986295,0.0019736775,0.0078385835,0.1286431591,2.9188086236,0.4692868676,0.0397920273,0.2461264841,0.4632745616,0.3296040144,0.016231452,0.0118850784,0.995341483,0.0024362123,2.048343823,0.1112345122,0.4837768701,0.1810241979,-6.58932e-05,5.0974e-05,3.34693e-05,2.24165e-05,0.8654162419,0.2381593568,2.2215846644,0.182667602,0.4836518948,0.1804012473,0.2298891882,0.1080242403,0.1315591057,0.0388703235,0.847410873,0.2685350889,2.4243122094,0.3652532459,0.5705767675,0.2715368492,0.6883559387804258,13.116431641721084,-7.594294109784492,2
171,373.7456251569556,12899,68,34.51277856318191,0.2362,0.0299259085,0.07529254,2.6450829856,0.0472662272,0.2408,0.0361919881,-0.0385677973,2.6970146281,-0.1089340662,0.523,0.0384642691,0.0848452327,2.8852597531,-0.1220393247,0.04015,0.0102823879,-0.1837602687,3.0068312653,0.4495034887,0.3882822086,0.0811523228,0.8542939568,2.0924696994,0.1321601253,0.0846319018,0.0636843209,0.8924902129,2.4996935251,0.7381725141,0.5270858896,0.0400222942,0.3632230632,2.7946942947,-0.2990873415,0.0474846626,0.0121515763,0.3324279807,3.2882822108,0.5358338911,0.4948155746,0.3004986327,0.0010898839,0.0008204943,0.9632228295,0.0337435162,2.5239615382,0.7108190893,-0.2884368145,0.5569037122,1.9252e-06,1.31533e-05,1.98008e-05,1.21827e-05,0.0447255707,0.0976259276,2.9347620356,0.3698861468,0.1244886942,0.2124164658,0.50431,0.0158946343,0.0348975017,0.002588219,0.0123131727,0.1144547628,2.8419018729,0.2534003332,0.0014381452,0.1515604377,0.4410684056,0.2787303907,0.0278983016,0.0177107368,0.9929861407,0.0022650952,2.0302270227,0.0901185093,0.5029902313,0.0767973626,-0.000273059,0.0001748628,0.0001252823,7.94134e-05,0.971021011,0.0038100717,2.0824262946,0.0993050701,0.5051143917,0.0825823825,0.1777697904,0.0192325464,0.1429410031,0.0083967052,0.9605490954,0.0037696963,2.2909491385,0.1972157183,0.6963330568,0.1189635804,-4.3253270094236465,-0.6093521383587153,3.624051122910719,0
172,149.20459000646778,5562,39,37.2776735605714,0.24795,0.0397686749,0.4334591222,2.4798871848,0.1339334104,0.2503,0.03797249,0.2663129193,3.401562467,-0.1435584986,0.50175,0.0438370562,0.454237567,2.1479781438,-0.115032521,0.0401,0.0104158533,0.0760730495,3.1116194103,0.4579156707,0.471547619,0.1396466122,0.9356976001,2.5327726036,-0.5901862258,0.0911309524,0.0850117331,0.9189360084,4.3197686412,1.3694242061,0.4373214286,0.0663120618,0.7839636213,2.1781595649,-0.1267906631,0.0408928571,0.0113693593,0.2711598478,3.8442139204,0.5628335387,0.4957448432,0.3011358887,0.0019625345,0.0014518593,0.9294915621,0.0508429197,2.3055681315,0.413676336,-0.0153137044,0.3668319956,-3.4387e-06,5.57119e-05,6.10264e-05,3.33378e-05,0.402825386,0.1489265899,2.92230383,0.4477137848,0.0446358527,0.212196592,0.5109075,0.0387939179,0.0454268312,0.005619064,0.3406936924,0.1356699137,2.9626352745,0.4247015438,-0.035716208,0.2299913231,0.4427366571,0.2682582758,0.0244580494,0.0144620967,0.9809103207,0.0065110029,2.3316604559,0.2673622781,0.7628425756,0.150126929,-0.0006480334,0.0004023753,0.0002646566,0.0001579775,0.9540792178,0.013762397,2.7089728228,0.450568418,0.8843577023,0.1869178301,0.1415526244,0.0246219986,0.1410814867,0.0161004455,0.9474364278,0.0117668671,3.1271346944,0.5330077992,1.0903035744,0.1991789491,0.22281040804514562,-3.0559857981647545,-1.2152241914577337,0
173,511.75700209822224,19297,33,37.70734923192375,0.26835,0.0289487046,0.0757622486,2.7290793939,0.000988394,0.251,0.0334738704,-0.2717621882,2.8291407486,-0.0241951792,0.48065,0.0346457429,-0.0718448038,2.9026948169,0.1668301124,0.0354,0.0105280578,0.1161337478,3.1605930162,0.3958489637,0.4096381579,0.0885502793,0.823147315,1.9915957122,-0.0394529388,0.0962828947,0.0722056108,0.9010412476,2.2366145342,0.6910090553,0.4940789474,0.0421089637,0.1497908932,3.3363275501,-0.2252484975,0.0428947368,0.0113775852,0.1620374602,2.6013329022,0.1940409723,0.5015726034,0.3045832803,0.000888276,0.0005800166,0.9438060301,0.0427324769,2.5419528124,0.593262212,-0.0510320259,0.5835062005,2.155e-07,1.86997e-05,1.9959e-05,1.18468e-05,0.0137930597,0.1112410853,3.1187964403,0.5712260315,0.0202457129,0.2486793097,0.500705,0.0202836751,0.0350472529,0.0023697175,-0.0047353271,0.110416336,2.9924451847,0.5989566498,-0.0297052422,0.1734675633,0.4441526653,0.2831103558,0.0223946137,0.0143158066,0.9898362028,0.0032542477,2.4729245016,0.1472053856,0.8330884371,0.0794305613,-0.0002876496,0.0001855996,0.0001159912,7.46754e-05,0.9655167542,0.0041708303,2.5493765918,0.1393768011,0.835789722,0.0704017402,0.1427701792,0.0157939292,0.135479048,0.0074857931,0.9604968025,0.0052179567,2.8464662816,0.2646249295,1.0080467025,0.1158452022,-4.092456696738831,-0.7215498915327402,2.1968766198567016,0
174,745.269891836809,27811,54,37.31668259327689,0.22655,0.0358935579,0.0638317756,2.6885213508,0.4155018961,0.2915,0.0488850693,0.4607562416,2.7544183698,0.1280590116,0.48195,0.0413636011,0.2049754215,3.0003614546,0.2099348992,0.03905,0.0095575886,-0.0242767407,2.7370073291,0.2118380905,0.4783823529,0.1085798743,0.9079412821,2.2688943124,-0.4109359513,0.094,0.0801315096,0.8862334956,3.9075959283,1.1792667794,0.4276176471,0.0452320908,0.5291233917,2.5303436748,-0.3527328533,0.0403235294,0.0127434426,0.1569342386,2.5943736743,0.2624251518,0.497039271,0.3019374757,0.0008178513,0.0005932733,0.9320927212,0.0451165884,2.4156933056,0.5330953317,-0.0085531272,0.4252257791,-5.6327e-06,1.42159e-05,2.53163e-05,1.67085e-05,0.2885136244,0.1850097599,2.7949810467,0.3382280023,-0.0130413739,0.2626956893,0.493935,0.0261329634,0.0400157286,0.0040988367,0.1865134742,0.1873635995,2.7968401025,0.4227315521,-0.0033230523,0.2280775405,0.4543315291,0.2903464402,0.0214721865,0.0127750859,0.9897056573,0.0061912632,2.3306762523,0.234316833,0.7251344323,0.167403239,-0.0002812218,0.0001655059,0.0001007334,5.87207e-05,0.9549136966,0.0103515285,2.7982028722,0.4498149068,0.8454039381,0.2380472939,0.1429892674,0.023717076,0.1258678962,0.0107783241,0.9494106763,0.0098140774,3.0952058397,0.6270929558,1.0158774237,0.2795336211,-2.037283333754911,-1.2996095786628512,-1.4724519612282458,0
175,652.468421062802,23438,16,35.92204502682594,0.24315,0.036794395,0.3704895965,2.4259029148,0.0381690359,0.26315,0.0299470783,-0.0628643536,2.9050873525,-0.0423543344,0.4937,0.0385332324,0.2882688303,2.9514482365,0.2292766588,0.0388,0.0112498889,0.1451205303,2.929913766,-0.0475183791,0.4672175732,0.0995696742,0.8640182652,2.4640670052,-0.5703515834,0.0767364017,0.0652194363,0.9162190244,3.5787170061,1.1538867809,0.4560460251,0.0477654877,0.4071066866,2.5241541071,-0.1795548314,0.0438912134,0.0116038465,0.0941692018,2.884898983,0.0870239456,0.4983388508,0.3020359039,0.0005616841,0.0003764937,0.9412666656,0.0582434689,2.6848472871,0.9382797199,0.0454444117,0.5675808781,-1.9058e-06,1.15151e-05,1.27058e-05,8.0048e-06,0.2149851057,0.1413148493,3.030606841,0.4483803597,0.0678007897,0.2506407857,0.494275,0.0250186006,0.0370059705,0.003016976,0.1349804062,0.1370736038,2.9566736707,0.3467293676,0.0184941167,0.2405700265,0.4595650582,0.3054482006,0.0181751943,0.0110350881,0.9947569508,0.002001374,2.071734031,0.1427996013,0.5161016991,0.1483037123,-0.0001644071,0.0001008685,5.54087e-05,3.36793e-05,0.9519521277,0.0175399871,3.0546944953,0.4934803438,0.8872764159,0.1564806243,0.1559567106,0.0334776967,0.1197660463,0.0161723768,0.945160199,0.0203507314,3.3241766793,0.5301432955,1.0303623595,0.1558659475,-3.440221354511471,-0.09561853633599668,-1.737331192718379,0
176,117.84635555508916,4299,40,36.47970257332536,0.25725,0.0435337513,0.3241996359,2.9844625889,0.3073748278,0.23595,0.0487939289,0.4174334406,2.9263943689,0.4347041784,0.5068,0.0466771893,0.2371977946,3.3732283525,-0.3869887701,0.03855,0.0106605581,0.0987566594,3.0211495169,0.0092157062,0.5344117647,0.1596861108,0.9531698111,1.8518358347,-0.3449324715,0.1047058824,0.0931813105,0.93119663,2.6472637536,0.9012422357,0.3608823529,0.0780504229,0.8681599418,1.928785407,-0.0081678137,0.0407843137,0.013224033,0.3525611817,2.3539853389,0.3835874393,0.4826821704,0.293652501,0.0049014075,0.0030991046,0.925233185,0.0575979118,2.4182680799,0.6628860694,-0.1496858044,0.4294919391,-3.10559e-05,0.0002049397,0.0002009219,0.000120094,0.5710749111,0.1715362432,2.6437942286,0.3377898095,-0.0641878031,0.2003911395,0.503575,0.0408757003,0.0533262597,0.0100178107,0.4784099589,0.1885124152,2.6487073848,0.2741232912,-0.0185252191,0.1760545492,0.4232792635,0.256595183,0.0310570196,0.0191575731,0.9448514876,0.0390052055,2.2838306386,0.2697850601,0.7562352229,0.1828523854,-0.0020907286,0.001297929,0.0010205464,0.0006306814,0.9361640812,0.026791136,2.2881725479,0.3244376302,0.7476192717,0.183825291,0.151596672,0.0271554267,0.1572467881,0.0134386752,0.9176215799,0.0244880499,2.8478046926,0.692987256,1.0072169554,0.2794450763,11.767406649305283,-5.833310246859399,0.19570031182221018,4
177,299.2308375364136,10592,35,35.39742122571526,0.2375,0.027870235,0.1447400939,2.4899623958,0.0140311864,0.25755,0.0317371628,-0.0377429529,2.4633509462,-2.42358e-05,0.50495,0.0376397064,0.0480713152,2.6221309752,-0.152434907,0.037,0.011,0.0344480764,2.9469981559,0.151014275,0.4068965517,0.0737191057,0.7873725002,2.5837160401,-0.1206657308,0.0862758621,0.0672611465,0.8903214066,2.4432776609,0.6961226327,0.5068275862,0.0398393922,0.2373791474,3.6737287824,-0.0960953367,0.0453793103,0.0120785184,0.1951884121,3.4055797394,0.4600400786,0.4962412646,0.3020374333,0.001157681,0.0008189124,0.959280822,0.033373464,2.5065943387,0.8006420292,0.0518995127,0.5696584161,-3.6903e-06,1.21755e-05,2.21246e-05,1.31563e-05,0.0240431039,0.0772553978,2.8262338977,0.3774207975,0.0911828047,0.2199690973,0.4964825,0.0202913299,0.0369070214,0.0030616007,0.0142222292,0.1080860258,2.8983099427,0.3912788632,0.0842944516,0.2000677826,0.452612182,0.2920516536,0.0197637553,0.012632315,0.9904081708,0.0028239298,2.1982840208,0.1530230475,0.6223323589,0.1895147487,-0.0002198893,0.0001485757,9.92374e-05,6.10096e-05,0.9291941435,0.1265142857,2.3059041785,0.126391503,0.6117263909,0.2027322081,0.1921791344,0.0797491752,0.1356974687,0.0244266455,0.9070730595,0.1807288642,2.4386970911,0.1784737541,0.7250782255,0.2434797246,-0.9432956676932647,6.9959294434431,-3.9645046832437525,0
178,113.94259145875574,3963,58,34.78067287450192,0.28695,0.0648301435,0.6843078778,2.4584453581,0.0210075631,0.23055,0.0600537051,0.665390803,2.5519625529,0.0346081205,0.4825,0.052160809,0.3939450094,4.2448399624,0.5630686922,0.0374,0.010061809,0.0745426082,2.8933390322,0.3310710286,0.5875423729,0.1744127505,0.9246610565,2.4648122332,-0.601803535,0.0993220339,0.0976480086,0.8448455922,4.9538861084,1.5507071381,0.3131355932,0.0896835222,0.8571391925,1.9252805774,0.0103413634,0.0326271186,0.0097143931,0.2212254315,3.0456557759,0.5994598117,0.4779143782,0.29126652,0.0073529945,0.0053491728,0.9335747276,0.0368701178,2.3060575008,0.4389007859,0.0627397444,0.3230816679,5.5389e-05,0.0002461003,0.0003644837,0.0002482909,0.7008750381,0.1195108797,2.5530281509,0.3381966874,0.0728232829,0.2963265546,0.5010875,0.04020351,0.0642893011,0.0107618955,0.6037586592,0.1542745771,2.5658761221,0.2731036524,0.0354649853,0.2353492489,0.4510478054,0.2728329988,0.0230308619,0.0140075557,0.9187762852,0.0133825889,2.6758103317,0.2787690627,0.9124994225,0.1304494575,-0.0024385292,0.0015374093,0.0010166705,0.0006204328,0.8966115461,0.0351410519,2.7745830697,0.5307793937,0.9251515256,0.1971690138,0.1369788983,0.0257115113,0.1441938007,0.0261376159,0.8876045109,0.0281670665,2.9884508754,0.5414205305,1.0859232569,0.2038525296,14.90400625585034,-9.82180009590952,-1.072617985261366,4
179,820.0699690514098,30869,24,37.64191003812363,0.26335,0.0268612639,0.0509119527,2.5717977637,-0.023099608,0.24195,0.0293419069,-0.1344586018,2.7024159557,0.2078151062,0.4947,0.0294857593,-0.1232650128,2.9500773261,0.2370760785,0.03535,0.0097533328,0.0775419304,2.5394354157,0.370574999,0.4052554745,0.0876212844,0.8312482401,2.0585771689,-0.0493293291,0.1050729927,0.0729788125,0.911149751,2.3767597444,0.7188283874,0.4896715328,0.0422592122,0.2419006838,2.8150119232,-0.0038839378,0.0443248175,0.0111312822,0.2090231421,3.5128591827,0.4636759105,0.4992446836,0.3028728103,0.0004481865,0.0003555525,0.9376834301,0.0514268942,2.515929085,0.649251214,-0.0476482561,0.4461752775,-1.3389e-06,4.2559e-06,8.8309e-06,5.4642e-06,0.0174948036,0.133180119,2.7983954287,0.3258061119,-0.0100340059,0.2218131979,0.4941375,0.0130608085,0.035689476,0.0023864571,0.0288333806,0.1207462711,2.8263357031,0.4052204979,0.0275575848,0.2063294622,0.4576872727,0.3098087967,0.0198897755,0.0118255208,0.9955489236,0.0022532514,2.048658289,0.1276191002,0.491289374,0.1376480774,-0.0001118248,6.85353e-05,5.21721e-05,3.1281e-05,0.9667137052,0.0130667992,2.2234720372,0.2346715655,0.558220057,0.1949438365,0.188286368,0.0438680444,0.1378060397,0.0120009876,0.9548718827,0.0151952266,2.3963754576,0.2794643198,0.7089728092,0.2240308172,-4.735299248712708,1.026091011439361,1.6112667242502445,0
180,299.6095568583181,10608,6,35.406080203964926,0.27265,0.0488131898,0.6054780145,2.4077684205,-0.1224118582,0.20165,0.0468511206,0.6255218195,2.2424961023,0.1132723513,0.5257,0.0318199623,7.41959e-05,3.4414108198,-0.5485007616,0.0381,0.0104110518,0.0892377133,2.7487866786,0.504834089,0.4235263158,0.1020858093,0.9300394356,1.8255771886,-0.0495046986,0.1087894737,0.0819329501,0.9114434016,1.8567296054,0.4731011758,0.4676842105,0.0390802853,0.3580137406,3.294396264,-0.2482413316,0.0429473684,0.0132286519,0.2762277523,4.3779847159,1.0165836171,0.4946721057,0.2997328662,0.0012870097,0.0007306253,0.9349610646,0.0505073416,2.42761499,0.4223371268,-0.0406017574,0.3940903533,-5.8178e-06,2.61261e-05,3.19666e-05,1.90522e-05,0.1457366576,0.1762167733,2.9001461593,0.4642396718,-0.0936919105,0.2711349103,0.4971725,0.0258406147,0.0385935029,0.0035138165,0.1398242828,0.1505864829,2.7663405588,0.3930071654,0.0031089065,0.2503281241,0.4551617623,0.2817014118,0.0217462065,0.0129863893,0.9860347676,0.0064050676,2.1650038636,0.1901804099,0.6140205897,0.1557371181,-0.0003970572,0.0002338731,0.0001876572,0.0001115919,0.9637007977,0.0212624947,2.2125970775,0.1914605843,0.6029132476,0.1617019058,0.1717439559,0.0475688427,0.1472448703,0.0193186634,0.9504975589,0.0357400485,2.4982558303,0.2609710356,0.817605282,0.2200547629,-1.749394470972673,-0.17543599077917657,0.8153651254154851,0
181,823.2164197170127,30309,6,36.81777874452378,0.25885,0.0328470318,-0.0074403806,2.9582941686,-0.0201731943,0.25275,0.0285952356,0.1904777567,2.8140375273,-0.307949662,0.4884,0.0365162977,0.0456312976,2.7563750057,-0.0838508895,0.03465,0.0078821,0.0060566161,3.3261105239,0.2226420793,0.3814717742,0.0871892593,0.8400773664,1.9697682033,0.158057117,0.1095967742,0.0652263329,0.887164231,2.3749844589,0.5115174411,0.5089314516,0.0437778407,0.2103223831,2.9674942071,-0.0899304538,0.0442137097,0.0114778316,0.1248480657,3.2126960742,0.1748368722,0.4969001539,0.3013495966,0.0004626076,0.0003318466,0.9409948812,0.0475608686,2.5303724936,0.5094234059,0.0772898003,0.5036423071,-3.301e-07,8.2071e-06,9.89e-06,5.9736e-06,0.0186698461,0.100033626,2.7530389592,0.3012784695,0.0422851734,0.1969215125,0.5035425,0.0168455875,0.0355254926,0.0022144412,-0.0200133948,0.0751256081,2.8105949093,0.4029209458,0.0827537009,0.2348256065,0.4576914081,0.3104674116,0.020449743,0.0126520663,0.9952208861,0.0025077603,2.0441151642,0.0790796312,0.5000117494,0.1113145055,-0.0001363103,8.20849e-05,5.37972e-05,3.29157e-05,0.9641168086,0.0111593332,2.4551822708,0.1778960337,0.6731621023,0.1621124341,0.1675960831,0.03332596,0.1242287287,0.0136828891,0.9452484182,0.0263900595,2.7256563909,0.2913151258,0.842186061,0.2233711187,-4.352771938283964,0.9922973958106502,1.2929093254377932,0
182,331.590222084218,12327,72,37.17540258732105,0.2263,0.0313418251,0.0903830364,2.8589367079,-0.1875185372,0.23625,0.033476671,0.110800028,3.7007138242,0.5058846939,0.53745,0.0407829315,0.0711376994,2.8285811455,-0.1445970857,0.0387,0.009370699,-0.1217094961,2.7776661392,0.3793636553,0.4561016949,0.1058563457,0.884369407,1.9914232274,-0.2703474004,0.081059322,0.069134638,0.8725199702,2.7565394184,0.9318045466,0.4628389831,0.0498577587,0.6172031597,2.1287607158,-0.332186309,0.0424152542,0.0106312031,-0.1050542453,3.4668974297,0.5048377259,0.4940306631,0.3011137326,0.0013156456,0.0009809335,0.945971097,0.040096754,2.2954319637,0.8044644459,0.1412251114,0.4664790587,2.5807e-06,2.06824e-05,2.65827e-05,1.59065e-05,0.1192508779,0.1557193776,2.786016561,0.33170489,0.0309042752,0.2278020288,0.5004175,0.0212769962,0.0365287708,0.0039435431,0.0965209481,0.1447721821,2.7795804971,0.2512767769,-0.0114336289,0.2338487046,0.4390828852,0.272561549,0.025831617,0.0156616966,0.9894728433,0.0059170366,2.08054916,0.2253390935,0.5566111339,0.1560503094,-0.0003579858,0.0002161035,0.0001716274,0.000103468,0.9714587206,0.0092764591,2.1370329127,0.2779000386,0.5636289608,0.1725977089,0.1724392524,0.0243898299,0.147397522,0.0048323419,0.9626870574,0.0045143105,2.36673815,0.2305632108,0.7612686355,0.154616474,-2.819976714839795,-1.1696313289117852,2.5377551595570154,0
183,415.192035489308,15699,28,37.81141895339724,0.2538,0.0324123433,0.0993107889,3.3481510962,0.2591323348,0.19175,0.0312919718,0.3549738728,3.461063271,0.1932937162,0.55445,0.0327558773,-0.0235987291,3.041781166,0.2746958959,0.04115,0.009587883,0.0024224659,2.9464771088,0.2837327609,0.4258208955,0.0818835951,0.8348428009,2.1479880621,-0.1190268404,0.0695149254,0.0603530329,0.8868685897,2.9664624737,1.0247642828,0.5046641791,0.0434741206,0.3393288149,2.7737569284,-0.246540252,0.0503358209,0.0128306676,0.2477421822,3.4010237437,0.4686403432,0.4967812158,0.3018077979,0.0009005123,0.0006730132,0.9306717507,0.048957769,2.1993341509,0.4521852621,-0.1531817244,0.2909769706,-2.1703e-06,1.70614e-05,2.10231e-05,1.34656e-05,0.0758580393,0.1123519132,2.9314075794,0.3991787217,0.0199403309,0.2053477965,0.501095,0.0202538941,0.0364424343,0.0024707758,0.0396550714,0.0986698583,2.9385187712,0.4304263701,-0.0514738196,0.2420174205,0.4475842846,0.2786717169,0.0236705831,0.0147013144,0.9906847858,0.0043659814,2.0699905853,0.0880224776,0.5689696752,0.0745979859,-0.0002908966,0.0001847914,0.0001332997,8.26244e-05,0.9714805787,0.006348916,2.1349321678,0.0807744301,0.5744893508,0.0618194386,0.1656475036,0.0133968061,0.1429093995,0.0075001261,0.9590779515,0.0066870239,2.4450824522,0.173115017,0.7957450586,0.0888710789,-3.8416649108335688,-0.7373956010630833,2.9292150667549013,0
184,686.4925092299316,25225,25,36.74475636783856,0.25835,0.0331515837,0.1758577566,2.4790035817,0.1806235262,0.24805,0.0316219465,0.1885136777,2.6818147624,0.2963558789,0.4936,0.0349004298,-0.0546336732,2.4725375169,-0.1080092941,0.0348,0.0111785509,-0.1551083651,2.5927627955,0.2380204248,0.4336592179,0.0936720838,0.8803040294,2.0531143389,-0.1720178547,0.0915921788,0.0747330904,0.9278143863,2.8607419037,0.9203369105,0.4747486034,0.0438931974,0.3773831898,2.4964937227,0.0739881085,0.0435195531,0.0127464929,0.1721755398,3.3750856117,0.4312677637,0.4936761286,0.3007489452,0.0007611921,0.0005282768,0.9438379613,0.0526530899,2.2060772697,0.5300645872,0.1248993345,0.3856472768,4.2304e-06,1.31137e-05,1.47201e-05,8.8262e-06,0.0994882224,0.123476446,3.081637906,0.5643990124,-0.0781235731,0.2843274954,0.50584,0.020671403,0.0349390607,0.0027837986,0.0418995299,0.1144739518,2.9015429104,0.4488703869,-0.0675954884,0.1499467043,0.4548177961,0.2933208355,0.0196463233,0.0116806241,0.9913693336,0.0043983108,2.2510101227,0.321698874,0.6198862748,0.207481743,-0.0002158022,0.0001299467,8.9779e-05,5.36603e-05,0.9564138173,0.0102884571,2.4796075291,0.3706342463,0.6753679153,0.2348686175,0.1858238673,0.0444153804,0.1412888755,0.0135943391,0.960796113,0.0110529042,2.222640999,0.3356306556,0.6313198899,0.2284153725,-3.5552835096774595,0.24854451537576622,1.4345622548885393,0
185,101.64161612697606,3747,60,36.864821150807465,0.2368,0.046127649,0.6109155927,2.6911646308,-0.0026565442,0.2636,0.058026201,0.6663457735,2.5960998512,-0.4223290478,0.4996,0.0479253586,0.3898987374,2.6425085369,0.0714843294,0.0382,0.0112365475,0.2067357757,3.2939935794,0.6009868757,0.4344117647,0.1257610053,0.9221493026,1.8440046943,0.0230857241,0.0910294118,0.0876052259,0.8548984191,3.7695957827,1.2540125405,0.4745588235,0.0669324467,0.7769611457,2.2592362929,-0.0287418356,0.0442647059,0.0109901261,0.0541968158,2.9564034307,0.0874592381,0.4894443894,0.2963458984,0.0036091162,0.0021685418,0.9044712557,0.0294589074,2.5281615833,0.4237334735,-0.069627078,0.2959904979,1.30816e-05,0.0001397015,0.0001608898,9.58389e-05,0.5228820305,0.1222660098,2.6475668128,0.2803167357,-0.0093948356,0.2544884335,0.4998425,0.0324755188,0.0497626981,0.0083965619,0.4342874794,0.1291690302,2.7901475582,0.2989147492,-0.0658224146,0.2631592483,0.4583713489,0.278205222,0.0209860745,0.0125827948,0.9404625526,0.0252774897,2.4890704424,0.2542077058,0.8330017564,0.1329765136,-0.0016300055,0.0010034128,0.0007132699,0.000429058,0.9247068612,0.0376064802,2.526458946,0.4090455414,0.8271256076,0.1861870398,0.1401280762,0.0228327867,0.1482915569,0.0196161573,0.906397131,0.0229504591,2.937579643,0.272067825,1.0827714568,0.112540234,7.601570245217385,-3.8850713304112183,1.039608927410607,4
186,493.3356926512743,18627,32,37.757251862104624,0.237,0.0326419975,0.1855006056,3.4145783424,0.1218802217,0.2516,0.0332631929,0.1330600699,2.3631687563,-0.0332848898,0.5114,0.036973504,0.0180455109,3.2039052678,0.1232719231,0.0413,0.012562245,-0.037288599,4.1086282414,0.854924869,0.395,0.0953327506,0.8514849183,1.9873488194,-0.0777412518,0.0989583333,0.0751939044,0.9112771262,3.088157236,0.9701312169,0.5060416667,0.0430885514,0.3571038738,2.2561043262,-0.1719021579,0.0402916667,0.0130431309,0.2556170071,2.3612737248,0.2234891428,0.4980802586,0.3029538984,0.0010157122,0.0007177035,0.9474228064,0.041529198,2.6397368233,0.7990179732,-0.0954625441,0.5736418199,7.9476e-06,1.91559e-05,2.14282e-05,1.3588e-05,0.0989687306,0.1301962081,3.1000065489,0.5096350827,-0.133417026,0.2425245305,0.5084925,0.0229251733,0.0359643514,0.0032429623,0.0858892006,0.1036357072,2.9891648501,0.3497099176,-0.0897567752,0.2414350847,0.4580518943,0.2916553913,0.0192035551,0.0128829644,0.9551796709,0.1276995363,2.0784897828,0.145055399,0.5078583608,0.2140197679,-0.000257847,0.0001780743,0.0001159373,7.43887e-05,0.8790615534,0.3246983016,2.214692869,0.3330866201,0.6049094744,0.191970804,0.1858956462,0.0854807589,0.1348418416,0.0321142078,0.9253517542,0.1210499376,2.5711660562,0.2715882876,0.7719779156,0.3841176661,12.529846982401141,19.356012221474955,6.275828527674359,2
187,978.4045079009236,36097,40,36.8937384369199,0.27295,0.0328792868,0.0692324284,3.1155815863,0.2265724514,0.25025,0.0343756818,0.0592474,3.0763504156,0.2641462775,0.4768,0.0337306982,0.0828399655,2.3990087159,0.0248261484,0.035,0.0096953597,-0.0161290323,2.5152784065,-0.1892767713,0.3579434447,0.075618355,0.7700715745,2.1510937938,-0.0002011924,0.0934447301,0.0710576373,0.9077476268,2.5815662513,0.7596249301,0.5486118252,0.0391638305,0.0317596377,3.3648256209,0.0139750116,0.0478920308,0.013545265,0.2463116267,3.0508170278,0.3640981746,0.4975142386,0.3025234198,0.0003806363,0.0002819653,0.9553801925,0.0315944161,2.4322559098,0.5494311913,0.0885082008,0.4368761159,9.892e-07,3.5216e-06,7.7588e-06,4.6538e-06,0.0446824025,0.0992756178,2.9503709199,0.344311278,0.0375131305,0.1865039125,0.4997525,0.0113429876,0.0362108685,0.0024871417,0.032037307,0.0926206923,2.9631478003,0.3407245431,0.0620440829,0.2142925222,0.4463754998,0.3156251431,0.0261949931,0.018055838,0.9965909739,0.0017857514,2.0415080334,0.1363826404,0.5078702836,0.1137133132,-0.0001033588,7.24059e-05,4.83126e-05,3.31112e-05,0.9728386661,0.0040101642,2.1265744663,0.1038095153,0.52814439,0.0984911597,0.1842861613,0.0104517703,0.1445862039,0.0066073515,0.9622103472,0.0073909638,2.3150598447,0.0585891339,0.6971016843,0.0725875148,-5.237615836916302,0.26374269661179606,3.2170431879271746,0
188,428.18543439130895,16124,18,37.6565821836542,0.26875,0.0346365053,0.3344020018,2.9260754621,-0.2263488249,0.2205,0.0325461211,0.0699716828,3.1591695132,0.3310709951,0.51075,0.0338922926,0.055580608,2.5364785593,0.1951183853,0.03425,0.0125772612,0.0083501113,3.8828767456,0.8256042545,0.4582857143,0.1083930866,0.9063128214,1.9700266438,-0.1256585975,0.0866857143,0.0676029464,0.9135453365,2.8787991272,0.9036361991,0.4550285714,0.0559783048,0.5917035697,2.497981505,-0.2146743391,0.0445142857,0.0102493803,0.1770793868,3.183462155,0.2822538863,0.498384805,0.3033423133,0.0008192074,0.0005270428,0.947856881,0.0292317956,2.5544977417,0.6900228781,0.1712250952,0.4843796078,1.1919e-06,1.07522e-05,1.96596e-05,1.18767e-05,0.1216147626,0.1335038711,3.0401174704,0.5625167847,0.011958289,0.2724891934,0.5007525,0.0174127502,0.0380484083,0.0022217119,0.083814522,0.0964359151,2.8097511016,0.5013314007,0.0048718299,0.1400533763,0.4538970015,0.2897086567,0.0228243645,0.0138132631,0.9916711499,0.0034372118,2.1349416133,0.1005440793,0.6001248015,0.1122377254,-0.0002590052,0.0001516487,0.0001081558,6.54404e-05,0.9639962829,0.0057569062,2.4996126798,0.241204626,0.729337652,0.1715299015,0.1599743529,0.0174939217,0.1372795528,0.0118155045,0.9566529304,0.0099006474,2.6688752348,0.2814514697,0.8592148537,0.1949474045,-3.702712217473147,-0.5705227611358739,1.5561491181913158,0
189,608.7466678272481,22735,72,37.34722701833631,0.25955,0.0300007917,0.1726108435,2.6227320139,-0.1234566984,0.22155,0.0325168802,0.2448988554,2.7112947919,-0.0752331651,0.5189,0.037333497,0.3877956529,3.369797651,-0.0001760736,0.0401,0.0108392804,0.0406104925,3.2180434064,0.4100896005,0.4413636364,0.0988086054,0.8613011977,2.3090832802,-0.3939680669,0.0777878788,0.0623998628,0.8591117307,3.7856586888,1.185019745,0.4808484848,0.0498136657,0.5620623258,2.42136068,-0.0367751615,0.0443939394,0.0099816176,-0.0895945468,2.6514033001,0.1671414867,0.4940773492,0.3016189866,0.000850587,0.0005868158,0.9416596356,0.0358072372,2.4719447825,0.6025223558,0.0831544152,0.4725859694,1.1795e-06,1.72854e-05,1.97719e-05,1.15969e-05,0.140975734,0.1786125953,2.8399258137,0.4412953857,0.0442775672,0.2303945233,0.498535,0.0217010029,0.0371174271,0.0041312049,0.1084278777,0.1382726003,2.9039967444,0.4367575112,0.0743411354,0.2496349909,0.4493399546,0.2938809487,0.0213943647,0.0127732305,0.9915245117,0.0032788178,2.2949379849,0.2023417761,0.6987661528,0.1941322612,-0.0002123965,0.0001188337,9.05138e-05,5.398e-05,0.9612983985,0.0131230181,2.4586609709,0.232363242,0.7275755809,0.1998848575,0.1710147067,0.0478822988,0.1335086565,0.0142575344,0.9559412805,0.0136300661,2.6085595078,0.3255562236,0.8386502629,0.225613328,-3.1246867230587805,-0.5193368704648182,0.05863902811554232,0
190,529.9061158787065,19385,30,36.58195181962601,0.23925,0.0315228092,0.2281110186,2.7701954766,-0.1952198347,0.2477,0.0341937129,-0.0157405834,3.0787505548,-0.1255710438,0.51305,0.0357553842,-0.0301903802,2.561502942,0.3317025702,0.03685,0.0103115227,0.0494805314,4.0400623779,0.7978858121,0.4199230769,0.0999505992,0.8793208413,2.2146635828,-0.4734324163,0.0929230769,0.0705012764,0.8940933413,2.6077895303,0.8335444343,0.4871538462,0.0420893667,0.4334968389,2.5352770002,-0.069675824,0.0441282051,0.0119296646,0.0374270701,3.3024587716,0.3766906424,0.5008827065,0.3041464252,0.0006627336,0.0004208818,0.9489422319,0.0321020021,2.4914878382,0.6620707053,-0.0187694686,0.4522262978,-5.952e-07,1.27173e-05,1.55459e-05,9.5895e-06,0.101860054,0.1472049579,2.9254305894,0.4197152772,-0.0138598015,0.2268532666,0.5009525,0.0227390219,0.0376799459,0.0026389023,0.086336103,0.1097656835,2.9183519417,0.4277718373,-0.0874880592,0.2021789149,0.4451441621,0.2960666463,0.0253789285,0.0156226704,0.9938045592,0.0032218628,2.1740192608,0.1603712989,0.5972896362,0.156621349,-0.0002277469,0.0001372642,9.06996e-05,5.65972e-05,0.9671884453,0.006779281,2.8010162595,0.18259458,0.893969275,0.1046885375,0.1500860239,0.0297119157,0.1320440157,0.0063776573,0.957122048,0.0105956265,3.1157077285,0.3064728787,1.0671613251,0.1373182965,-3.9827802449641934,-0.5021398324610103,1.1691144931064734,0
191,684.5426267640078,25088,66,36.64928818033847,0.25495,0.0355351586,-0.0557412373,2.3844860013,0.0710502547,0.27125,0.0319951168,-0.0566420977,2.5285219208,-0.0283800329,0.4738,0.036360143,-0.1506598162,3.9895675648,0.0787626608,0.0316,0.0109517122,0.0389475199,2.9577792064,0.4626338993,0.4837605042,0.1062265169,0.8679138524,2.4633762932,-0.5634932978,0.0747689076,0.0639397133,0.9099282382,3.9966016517,1.2866522343,0.4414705882,0.0549497591,0.5511464072,2.8625429648,0.1434213764,0.0430882353,0.010905466,-0.02737619,3.2416338384,0.29521205,0.4981416969,0.3027901623,0.0005441422,0.0004779977,0.9408836709,0.0571654054,2.7548275276,0.9228789018,-0.0251374797,0.5644990636,1.0928e-06,7.2544e-06,1.21993e-05,7.226e-06,0.1114585242,0.1322991374,3.0504764633,0.5364623983,0.0751005998,0.2720603475,0.50378,0.0160552437,0.0374228997,0.0031925423,0.0528917282,0.1059215724,2.8099423705,0.2756885509,0.032968227,0.2328641146,0.4569154177,0.3014174778,0.0197206134,0.0125153783,0.9946778728,0.0024644841,2.0359584478,0.0981500311,0.4941945496,0.093960943,-0.0001641876,9.98092e-05,6.29596e-05,4.065e-05,0.9629185436,0.008415365,2.9099201423,0.3481097145,0.8832288651,0.1502702244,0.1482461184,0.0163798813,0.1239675857,0.0049895491,0.9526860379,0.008704656,3.3071828991,0.4219676653,1.09845411,0.1515342224,-3.8380863397250757,-0.613052668248901,-0.42624505932260437,0
192,109.64159806786584,4113,57,37.513134362143646,0.1921,0.0403681805,0.3191782872,2.7577107864,0.0919959311,0.31045,0.0618792978,0.650885153,2.6947562405,-0.2109007112,0.49745,0.058058139,0.5246333434,3.1230935117,0.5666169198,0.03525,0.0110312057,0.3530526608,2.9640124311,-0.0130600226,0.5657407407,0.1624648321,0.93586641,2.0524112696,-0.5756870684,0.0708333333,0.0655584981,0.8536612219,3.9946922389,1.2280642037,0.3634259259,0.1044643483,0.8899408918,2.0468268049,0.448901638,0.0424074074,0.0124996571,0.0346787185,2.4122723867,0.0503737034,0.4848073767,0.2960019498,0.0040444543,0.0022446666,0.9287703574,0.0547870732,2.4869085251,0.7059324087,0.008704567,0.5263906808,1.2298e-06,0.0001839843,0.0001656545,9.10462e-05,0.6048228791,0.1417807267,2.8291848384,0.431310982,0.0143689128,0.378969604,0.50155,0.0435798004,0.0544113396,0.0093717459,0.5170073164,0.1459567998,2.8229894421,0.4391242099,0.0040523187,0.3237393693,0.4460689949,0.2717513081,0.0197422758,0.0122348003,0.9408614513,0.0320023323,2.3304339341,0.2582210264,0.7103060845,0.1596219166,-0.0014391754,0.0008479758,0.0006441763,0.0004019637,0.924952927,0.0364893279,2.3224383302,0.2414824585,0.6869118234,0.1479388608,0.1493896714,0.0287980728,0.1428981682,0.0165326432,0.9119116518,0.0150522793,2.7466570133,0.4708777153,0.9402703116,0.2547307154,8.937884666048978,-4.341085663106585,-0.27810347161465504,4
193,412.3357645029491,15115,16,36.6570191121316,0.2673,0.033477007,0.1108134573,2.5826654294,0.0825585754,0.2808,0.0308765283,0.2767017128,2.9589196489,-0.2299386198,0.4519,0.0366045079,-0.0701253805,3.0814847394,0.0822853411,0.0337,0.0092903175,0.0050110679,2.6472882485,0.1855789734,0.3728918919,0.0744122134,0.8060461976,2.1446567931,0.1071708743,0.0952972973,0.0780023786,0.907807152,2.6001584774,0.8533777812,0.5318108108,0.0437417716,0.2789418705,3.0349019898,-0.2309685245,0.046,0.0135247521,0.3525890171,2.8874456663,0.4187882378,0.4972944389,0.3021270278,0.0005453839,0.0003619167,0.9356770207,0.032523223,2.4789184622,0.6698193714,0.16525275,0.4435334237,-1.0488e-06,5.0591e-06,1.20719e-05,7.5838e-06,0.0521438624,0.0924610733,2.8061627282,0.4412669218,0.0324473747,0.2496175816,0.4957175,0.0138054362,0.0364363927,0.0026498884,0.031029854,0.1184329876,2.710022973,0.4151877387,0.0384564634,0.2310347884,0.4666960627,0.3025951515,0.0145869411,0.0088914819,0.9918321561,0.00371913,2.2502814245,0.1965369599,0.6558937159,0.1957920281,-0.0001423781,9.00146e-05,6.43139e-05,3.85689e-05,0.9667382433,0.016351194,2.2566526169,0.2018616854,0.6273467264,0.2195596027,0.1782625884,0.066412344,0.1384785426,0.0211748351,0.9539014719,0.0312635962,2.5523742334,0.2851435638,0.8165473716,0.2923405509,-3.8471490451917547,1.335014647769239,0.49773296592164257,0
194,588.8370613701408,22218,55,37.73200000064848,0.2156,0.0327893275,0.2473849769,3.1696969608,0.141889068,0.2696,0.0465009677,0.6086319983,2.7864667632,0.0779194597,0.5148,0.0396037877,0.4058299921,2.6217422265,-0.1182272341,0.04025,0.011519006,0.0942887394,2.4414879184,0.0714582185,0.4790625,0.1345961117,0.9416880255,2.166354408,-0.1314467977,0.0820703125,0.0676474874,0.9218072355,3.3589299939,1.0664408026,0.4388671875,0.0777031482,0.8220106552,2.4543529733,-0.4613728267,0.0374804687,0.0119569381,0.1835121934,2.8503398099,0.3613003928,0.4969538307,0.3025651734,0.0006903546,0.0005631133,0.9402480626,0.0392864369,2.4546682389,0.5612113817,-0.034949074,0.451252615,7.4e-07,1.31464e-05,1.57209e-05,1.03608e-05,0.2336354729,0.201763852,2.8798568691,0.5469090279,-0.0244571898,0.1989442557,0.4986625,0.0286856666,0.0403719796,0.005320657,0.2127472314,0.1724093879,2.9456899806,0.4920290012,-0.0167781677,0.2002961473,0.4438881073,0.2924825082,0.0254173452,0.0164874878,0.9939917317,0.0029385421,2.1440908218,0.102178551,0.5755292177,0.0869222599,-0.0001931323,0.000118655,8.15138e-05,5.17222e-05,0.9634554866,0.0108093839,2.4694330942,0.2198353581,0.7198243817,0.105331843,0.166635532,0.0162729084,0.1372614449,0.0080915322,0.9584085849,0.0063540361,2.6316683857,0.2906989666,0.840093275,0.1659562903,-3.2889004589589854,-1.4764001451324418,0.9525349170020333,0
195,316.9995329459619,12145,65,38.31235928688364,0.24495,0.030955573,-0.0249718617,2.7455590261,-0.1372922145,0.25205,0.0340227497,0.3546717102,2.768982868,0.1947217759,0.503,0.0348353269,0.0531249483,2.272348115,-0.0068838804,0.03755,0.0105236638,-0.099948298,3.7451388861,0.3624721756,0.3613157895,0.0738925626,0.813486205,2.0842367801,-0.1162931568,0.11,0.0770952931,0.9415889965,2.1070255752,0.556420092,0.5286842105,0.0324216507,0.1514380087,2.8422340182,-0.1286344065,0.0478947368,0.012948866,0.1897273949,3.0849247174,0.3187226293,0.4981547714,0.3028616896,0.0012342745,0.0008369027,0.9315853251,0.0434386869,2.588884256,0.6516871117,-0.0685130622,0.5065023148,7.5368e-06,1.31224e-05,2.90798e-05,1.76108e-05,0.0698192115,0.1273480914,2.925168013,0.48554448,-0.0356119149,0.2734412682,0.508385,0.0157592679,0.0361779633,0.002714263,0.0446308249,0.1010241556,2.8498796178,0.4226315091,-0.0123504104,0.2553351645,0.4460653523,0.2814569424,0.0213384247,0.0125206273,0.9870541772,0.004429089,2.397831436,0.2189255282,0.7991010318,0.1956459559,-0.0003425573,0.0002022977,0.0001498774,8.72656e-05,0.9610020829,0.0122937648,2.4823839981,0.2162716503,0.8037916892,0.1920963042,0.1609595617,0.0505231945,0.1394750988,0.0119317781,0.9527357131,0.0211531235,2.7696121925,0.2717498585,0.9486386686,0.2211265348,-3.251352429552844,0.18726855409940693,1.9293609812919774,0
196,118.06953156852168,3990,49,33.793646396271185,0.2657,0.0358818896,0.0064344977,2.6666049335,-0.0177303959,0.23975,0.0373589012,0.2887596315,2.620438241,-0.0039214317,0.49455,0.0425798955,0.1223890028,3.1624792564,0.230914508,0.03775,0.0106389614,0.0890367994,2.8494097516,0.0242121839,0.5626595745,0.1294540544,0.9200515263,1.8607169513,-0.3041101431,0.0780319149,0.0712734399,0.8671132134,3.6211726645,1.2493794983,0.3593085106,0.0705057756,0.839379459,1.8902434564,-0.0970373318,0.0414361702,0.0090982328,-0.0026962463,3.0648423766,-0.1755572744,0.4936685789,0.3004255807,0.0013367594,0.0009072726,0.9332703474,0.056702512,2.2168547913,0.4717496544,-0.1138464675,0.4098695085,1.9189e-06,2.58746e-05,3.51448e-05,2.14743e-05,0.3210835517,0.1727118197,3.0740989149,0.650477874,-0.0189127724,0.2111936382,0.492935,0.0265563462,0.041286944,0.0052401816,0.2330031611,0.1616372746,2.9498834842,0.4118788562,0.0138528531,0.2183121195,0.4724086969,0.2866788915,0.0093728965,0.0056995196,0.9664257798,0.0138686949,2.7985667396,0.2706253416,0.986543485,0.137045157,-0.0003593264,0.0002197648,0.0001442063,8.67883e-05,0.9411326513,0.01855099,2.8611655987,0.2825772838,0.97787897,0.1445633949,0.1482656215,0.0164629139,0.1460272183,0.0116762624,0.9457597026,0.0113164971,2.8713497519,0.3539805798,1.0227615547,0.1669022562,-0.3275572580187575,-1.1794186776281324,-0.031734299576725196,0
197,719.388805574916,26540,14,36.89242839800649,0.27645,0.0323287411,0.080898084,3.3548174427,0.5190201411,0.2114,0.0336903547,0.3420743401,2.6960894145,-0.1489259117,0.51215,0.0416188359,0.2338076052,2.7948467114,0.3536467869,0.0368,0.0096829747,-0.0122597101,3.252689133,0.3859162605,0.4736756757,0.1112217299,0.8989551135,2.3350916361,-0.6263924688,0.0862432432,0.0639346818,0.8875469506,3.7019740328,1.0448178184,0.4400810811,0.0576322819,0.6735328177,2.4172094138,0.3519039081,0.0423783784,0.0107937704,0.1651061941,2.7461625932,0.0493193189,0.4976961196,0.3024680856,0.0006653874,0.0003941612,0.9301944475,0.0721188754,2.4710952877,0.8596044283,-0.0102563638,0.5344045424,4.3487e-06,1.2057e-05,1.56962e-05,9.5416e-06,0.1008396503,0.1441530654,2.9621345803,0.3154427514,0.123921915,0.2010971775,0.503,0.0222360574,0.0367071298,0.0031375738,0.0607492811,0.1293785738,2.8941416718,0.289346772,0.0576065002,0.2328866997,0.4430043426,0.2876424504,0.0257884894,0.0163269487,0.9937495759,0.0037603659,2.0711996396,0.2230746084,0.5407127902,0.1563372162,-0.0002112693,0.0001294351,9.32915e-05,5.84247e-05,0.9701316821,0.0084654197,2.3028359357,0.4002203811,0.6110533186,0.2107016027,0.1675284129,0.0141741791,0.1391413889,0.005071101,0.9608745933,0.0042125301,2.5474909859,0.2133831392,0.8115725012,0.1238001186,-3.4264057284939993,-0.9640348753826435,1.3338521489513582,0
198,299.953316442096,11163,64,37.215791218480966,0.2476,0.0338118322,-0.0102257818,2.8259735377,0.2032115911,0.28665,0.0374703549,0.1176461348,3.1685864688,0.0209909553,0.46575,0.0419068908,0.0770551569,3.715927433,-0.0248054904,0.03725,0.0094174041,0.0748320776,2.6836619303,0.414530953,0.4454545455,0.0926247205,0.8724603368,1.9095097702,-0.0635353955,0.085530303,0.0619422311,0.9190293606,2.2790020872,0.6725063773,0.4690151515,0.045333108,0.4699782491,2.1954996486,-0.1659176015,0.041780303,0.0120153402,0.2914189793,3.4169052565,0.5474491092,0.4926862149,0.3000225138,0.0010927033,0.0009302834,0.9427728671,0.0475600905,2.1886142884,0.5171881775,-0.006134416,0.3585762024,6.0814e-06,1.95455e-05,2.28889e-05,1.3914e-05,0.1259330941,0.1254414896,2.82474913,0.4174762218,0.0574370727,0.1939483555,0.5058825,0.0220373505,0.0373458293,0.0026744917,0.0957334163,0.1252577396,2.8505273941,0.4972317943,0.0928270279,0.2047153445,0.4525842641,0.2854440143,0.0216201645,0.0134258676,0.9895607526,0.0028510405,2.29279722,0.1325981944,0.7089843422,0.0965249383,-0.0002991796,0.0001813958,0.0001245678,7.69344e-05,0.9638591129,0.0067359432,2.5593467632,0.1563077511,0.8223403843,0.0884291199,0.1520910825,0.0153866337,0.1413254004,0.0060848143,0.9606650272,0.005979405,2.7642701021,0.2296696031,0.9614197467,0.1092939932,-3.33140990922419,-1.3365272054227466,2.2174635424178306,0
199,516.2214536979889,18842,36,36.49983910010714,0.25425,0.0319247161,0.1769645301,3.2594397122,-0.2013892353,0.2624,0.0312208264,0.0930272956,3.1498233212,0.2088429506,0.48335,0.0375969081,-0.1222544967,3.2683604245,-0.3725669608,0.04005,0.009987367,0.0301246276,3.7833815787,0.4981733902,0.4174534161,0.078917596,0.8183343747,2.8606067988,-0.5208432177,0.0813975155,0.0665083266,0.908438938,4.0732200913,1.2704722572,0.5011490683,0.036590942,0.1946480444,2.7307160711,-0.247882647,0.039378882,0.0112393188,0.2233240048,2.8139442623,0.2403285561,0.4964180816,0.3023328847,0.00078807,0.000608092,0.9438837087,0.0292819938,2.2649770778,0.4092130863,-0.025566334,0.3417391411,1.0984e-06,1.01909e-05,1.85066e-05,1.16272e-05,0.1877190214,0.1821403244,2.7744749165,0.3365320409,0.0436502886,0.2293595583,0.4974825,0.0272617006,0.0396898859,0.0047814571,0.1460123651,0.1703056217,2.8123008745,0.4357924807,-0.0059581508,0.2085979109,0.4464160912,0.295456989,0.0225724777,0.0139951463,0.9932946119,0.0029500008,2.1512911987,0.1239531486,0.5784240222,0.1427967619,-0.000196608,0.0001195372,8.20061e-05,5.02029e-05,0.9614677581,0.0134157227,2.60851177,0.5481264632,0.7501931213,0.2552951878,0.1674172445,0.0598450235,0.1298911052,0.0110116885,0.9509535166,0.0210508957,2.9204884983,0.5936245587,0.9304473157,0.2931533172,-3.1485877046459647,-0.13599018441656258,-1.164892396076809,0
200,365.7178938859944,13266,54,36.273860868660215,0.2471,0.0347,0.3279783251,3.2625833132,0.3319610732,0.26805,0.0388773392,0.2650777404,2.8549409405,-0.0347911925,0.48485,0.0375196948,-0.0094460376,2.5092374171,0.245936086,0.0375,0.0095262794,0.0475534114,2.6130956447,0.0650657704,0.4694444444,0.1287775824,0.912988419,1.9288009387,0.1569141261,0.0822649573,0.0647133579,0.8947338161,3.3535311606,1.065418558,0.4482905983,0.0790681908,0.7752516941,2.4442509349,-0.5598436762,0.0422649573,0.0124463932,0.1589959295,3.0452126875,0.2553765573,0.5013375601,0.3041603675,0.001646796,0.0014831976,0.9297555728,0.0413752869,2.5383650684,0.6014521277,-0.1035568576,0.4128074256,4.143e-07,3.9358e-05,3.78268e-05,2.48228e-05,0.1881946943,0.166586278,3.0148164628,0.4588824829,-0.008520892,0.2216919726,0.5046425,0.0259251918,0.0381872891,0.004390339,0.1444153181,0.1549727837,2.9154841735,0.351603617,0.0119821137,0.1862589785,0.4501228867,0.2743912424,0.0222582726,0.0133687289,0.983602577,0.0078508626,2.2652301456,0.2353425797,0.6775140622,0.1438277299,-0.0004950131,0.000299222,0.0002105812,0.0001265647,0.9572264505,0.0114876733,2.5739483932,0.2405069438,0.796508035,0.1366830333,0.1554878121,0.0219511709,0.1410020749,0.0109806129,0.951387058,0.0078141087,2.7775176865,0.2927915943,0.9487056177,0.129543322,-1.742826136340126,-1.4546980297398275,1.5686675091614821,0
201,143.34532328011085,5386,60,37.573601124574026,0.3045,0.0519687406,0.6530027058,3.0929935458,-0.3110782077,0.24435,0.0489625112,0.6913976626,2.5295734483,0.0195632084,0.45115,0.0454249656,0.3636929744,3.0764534548,0.3168201045,0.0334,0.0117021366,0.3853975207,2.5236314463,0.3409742352,0.6377011494,0.1739166873,0.9407809179,1.8575076858,-0.3720594129,0.0700574713,0.0699445357,0.851844211,6.017299194,1.7894195991,0.2922413793,0.1188081585,0.9307076504,1.5631671839,0.1408243225,0.0383333333,0.010246016,0.2791718946,3.5688935212,0.6539245776,0.4844622552,0.2947246567,0.0037701187,0.0026271475,0.9326562948,0.0349580444,2.3067171754,0.4291885953,0.0703950535,0.4046720264,8.331e-06,0.0001342464,0.0001344383,8.81114e-05,0.5447484965,0.133720132,2.7934544783,0.3589826356,0.0439554363,0.3081822075,0.5054175,0.0364392175,0.0513971604,0.0091966586,0.4502600255,0.1542152433,2.8324012947,0.3789345484,0.0315697794,0.2502583877,0.445337566,0.2707507517,0.0230470288,0.0137903263,0.9585940534,0.0156571938,2.2856755318,0.196018482,0.7171803127,0.1273318615,-0.0013547858,0.0008077906,0.0005811755,0.0003591026,0.9357120231,0.0210740613,2.4111531082,0.3574911009,0.7577660482,0.170385119,0.1455802697,0.0251851395,0.142183802,0.0154406792,0.9181241463,0.0172770909,2.8489872711,0.5875971143,0.9873169961,0.2317882246,6.410806986504018,-5.598791002223223,-1.3038544253012156,4
202,233.7575482482864,8797,9,37.63300935487327,0.237,0.0342490876,0.2335673043,4.4448514422,0.3793854685,0.2888,0.0364082408,0.2051091191,3.3408001504,-0.3755338771,0.4742,0.039151756,0.1960223729,5.8470988143,0.4193906186,0.0339,0.009098901,0.1473562128,2.182090163,-0.0802630548,0.6101149425,0.1548506455,0.9447866201,2.3199641353,-0.5894633168,0.0847701149,0.0733238292,0.9152966653,3.3389912125,1.0461907877,0.3051149425,0.0872899022,0.8619519736,2.0674253125,0.3141382553,0.0402873563,0.0102653396,0.0234365402,2.5136386702,-0.1251754413,0.4861283531,0.2951022158,0.0041780395,0.002921861,0.9362885363,0.0511692345,2.672486981,0.7486324268,-0.1510873639,0.536343289,2.18137e-05,7.52265e-05,0.0001266608,7.98111e-05,0.4597529139,0.134431747,2.7667950634,0.3645073357,-0.0665608495,0.293519771,0.5132675,0.0242205247,0.04839266,0.0063837752,0.4096001777,0.1173191656,2.7323370568,0.2898787455,-0.0598543193,0.2379502277,0.4227524419,0.256909183,0.0318796959,0.0197646915,0.9658928772,0.0197280392,2.3121634693,0.4899902359,0.7140335765,0.2114276411,-0.0014511064,0.0008792031,0.0006875927,0.0004240673,0.9496032875,0.029316123,2.3646362667,0.6007150228,0.7163622379,0.2483217098,0.1468021885,0.01692176,0.1521804854,0.0129969568,0.9319969469,0.0201323361,2.8119799481,0.451682329,1.0163146396,0.1786296718,5.589251268597202,-3.854366608374061,1.4629591218886298,4
203,180.6436927305525,6734,24,37.27780305091755,0.31215,0.0592927272,0.650793882,2.7467518912,0.4607339311,0.30985,0.061816078,0.7088295542,2.1984431166,0.1592239141,0.378,0.0486826458,0.5570937616,2.8475490039,-0.1487026925,0.0302,0.0075471849,0.0350431691,2.4625732823,-0.1551195985,0.5925641026,0.150885726,0.9603746631,2.3861271333,-0.4460776592,0.103525641,0.0837965675,0.8950275951,3.0186493294,0.9959491249,0.3039102564,0.0743158861,0.9145974335,2.2610471535,-0.1001030709,0.0346153846,0.0101832325,0.1189349763,2.656020236,0.1771016784,0.4833591027,0.293492674,0.0043906054,0.0033326568,0.9296101284,0.041682104,2.461282577,0.5262851758,-0.1388964946,0.3741100782,-4.7263e-06,0.0001399253,0.0001426464,9.1702e-05,0.5600912587,0.1180646072,2.7393328436,0.2857848302,-0.0843066801,0.258218087,0.4944,0.0374506676,0.0490809922,0.0086555592,0.4515988698,0.1391134466,2.9328475449,0.4737469442,-0.1465040073,0.2059490289,0.4393498124,0.2668347393,0.0200651499,0.0125087881,0.9484961402,0.0209664775,2.7472168802,0.25921287,0.9409753031,0.1169193649,-0.0013399553,0.0008157287,0.0005216262,0.0003241611,0.9097199015,0.0403163432,3.0353416348,0.4117772318,0.9988778705,0.1536278388,0.1373675405,0.0199010257,0.1392659907,0.0127173295,0.9188440686,0.0197356132,3.1326221851,0.5199414641,1.1122274555,0.1938073783,7.825685595757484,-5.097579291133367,-2.581046164157096,4
204,712.1675178482654,26116,50,36.67114737120639,0.23295,0.0330385759,0.0283376116,3.0784229169,0.2178228139,0.25705,0.0336310496,-0.026644834,2.7362652876,0.3795960177,0.51,0.0400187456,-0.1371709483,2.7622841098,-0.0392026708,0.0325,0.0095262794,-0.05582357,3.2141474854,0.1257938227,0.4274849398,0.10313424,0.8834051462,2.0431697312,-0.202596328,0.0882078313,0.0720600206,0.9354869009,2.6083402662,0.8615850084,0.4843072289,0.0474576749,0.4783847726,2.6238484958,-0.2564840146,0.0429518072,0.0111880461,0.0038044921,3.112809774,0.2816559769,0.4998939711,0.3043142894,0.0004626103,0.0003101005,0.9503195239,0.0439361976,2.3882154607,0.5876528352,0.0286336791,0.577222844,-7.061e-07,4.2293e-06,8.7438e-06,5.1939e-06,0.0282861641,0.1218321371,3.0187676783,0.2865006187,0.0512992442,0.2203706683,0.49758,0.0126256228,0.0341637706,0.002291076,0.0141826593,0.0864219935,2.9136444893,0.3040598833,0.053056001,0.2068475027,0.4596560974,0.3114395784,0.0195319904,0.0115518002,0.9952647675,0.0029746924,2.0703377302,0.1921576771,0.5103074907,0.1771916531,-0.0001044546,6.12674e-05,5.01948e-05,2.87585e-05,0.9668966902,0.0186916526,2.1186982065,0.1802229546,0.4908708209,0.1909206266,0.2000356857,0.0492875587,0.1413967845,0.0171201077,0.9550964258,0.0301099066,2.2109926404,0.1337913012,0.6208560307,0.1999967445,-4.526247863098675,1.640679840714323,1.6519344892224277,0
205,270.22548798970195,9708,42,35.925552664262234,0.2648,0.0409140563,0.4625820592,2.4840802331,-0.0009580587,0.21495,0.0374666185,0.2937530463,3.190756702,0.2315737195,0.52025,0.0359052573,0.265176278,3.2077267211,-0.141139611,0.0389,0.0122388725,0.1068330493,2.6650510394,0.2553581152,0.4535526316,0.1250205662,0.9176531322,1.659780051,-0.1198268087,0.0690350877,0.0650939847,0.9075512013,2.962081665,1.0741935936,0.4774122807,0.0739168347,0.7988863386,1.8341670305,-0.1751690606,0.0496929825,0.0130834885,0.1850109004,2.3087135325,-0.079893793,0.4891918472,0.2978318808,0.0020874449,0.0017122614,0.9465156897,0.0383778947,2.4992433461,0.8057795454,0.0330461204,0.4677393088,1.1652e-05,4.85872e-05,4.79169e-05,3.14097e-05,0.2955511125,0.1892087397,2.8388776706,0.353951184,0.0358735582,0.21823688,0.5006025,0.0307437818,0.0398965289,0.0042439788,0.2079762328,0.1497135847,2.959891813,0.447212515,0.0383570037,0.253019967,0.4485384287,0.2717175976,0.0258874875,0.0153948737,0.9832301339,0.0062172879,2.1168757187,0.141772937,0.6149879658,0.1074071683,-0.0006038738,0.0003741163,0.0002758292,0.0001624144,0.9653914173,0.0100851943,2.1611175825,0.2102520989,0.5906367117,0.1146266376,0.1600912609,0.0199060962,0.1462430326,0.0100819159,0.9512746234,0.0097804523,2.4824563888,0.3127652467,0.8206943967,0.14394475,-1.1306006560016717,-2.364730848929821,2.677867506853875,0
206,568.1257312393432,20537,36,36.14868834615072,0.28525,0.0490885679,0.5386887306,2.5116077561,0.0059513062,0.20815,0.0365284478,0.1644292672,3.7246328207,0.3297660721,0.5066,0.0508914531,0.4856463645,2.8863925284,0.0832034035,0.03535,0.0107994213,0.1618509461,2.8204558337,0.308650509,0.559021164,0.0645843002,0.789653558,2.4605803411,-0.3413403211,0.0930687831,0.05380103,0.8635869869,3.0664774732,0.8557172204,0.3479100529,0.0343726444,0.1808871426,2.3781406038,-0.1765834526,0.0373015873,0.0105844574,0.0704663555,2.5657943536,-0.0619304683,0.4982700863,0.3027038441,0.0005162637,0.0003828763,0.9292437963,0.0385963905,2.3380487926,0.4257661601,0.0390058384,0.3280254524,1.1967e-06,1.0825e-05,2.44808e-05,1.64648e-05,0.6511989164,0.1143632116,2.7351261179,0.6278456232,0.0453620351,0.4515141599,0.49847,0.0371962344,0.0568376513,0.0092239171,0.5183452825,0.1484106312,2.598907498,0.2473213987,0.0537380472,0.2357238261,0.4561471003,0.3023126647,0.0218969485,0.0131250906,0.9953937895,0.0022686214,1.9820297854,0.0787964308,0.4375026373,0.1031526385,-0.0001824845,0.0001089525,5.73516e-05,3.48197e-05,0.9362949408,0.0233342914,2.8168121563,0.6589914844,0.6197609817,0.2847278807,0.1526798381,0.0261596869,0.1065743977,0.0116051442,0.9258746231,0.023338459,3.0316919093,0.4916783392,0.7640997265,0.2490150679,-1.554368132422658,-0.9598770895181449,-3.628913004558732,0
207,233.8286933634251,8666,8,37.06131987202694,0.2691,0.0414450238,0.3643423361,2.5755489591,0.223922721,0.23985,0.0399215168,0.4311536698,2.5909463638,0.1379342405,0.49105,0.0403503098,0.1987443834,2.546289106,-0.1105629558,0.03965,0.0103018202,0.0954172282,3.4769943975,0.4300960268,0.5917708333,0.1520364868,0.9433522699,2.4884970616,-0.7715209919,0.0766666667,0.0874871022,0.9307752109,4.2979230383,1.5146776966,0.3315625,0.0758366958,0.8095385911,2.1155346537,0.1360581993,0.0389583333,0.0112480708,0.0050697414,3.9900938247,0.8861566614,0.4984531006,0.3023374637,0.0023149783,0.00132061,0.9307406195,0.0537234848,2.2978066208,0.5254540604,-0.1434421199,0.3519931367,1.34351e-05,4.65746e-05,7.44062e-05,4.47822e-05,0.3818865909,0.1710850271,2.8202473049,0.3776845472,-0.0314237944,0.2250116189,0.505435,0.024896677,0.0466359226,0.0077140762,0.3391299359,0.1453836302,2.6852647074,0.3208281266,0.018741488,0.2213256465,0.4434539621,0.267561437,0.0216342372,0.013217439,0.9701527461,0.016173905,2.4703404265,0.3324456655,0.8025997916,0.1903981572,-0.0007728183,0.0004994775,0.0003401634,0.0002087863,0.9534438146,0.0153128,2.4590049647,0.2693655135,0.7876756257,0.1739070535,0.1547287478,0.0279282384,0.1491649733,0.0138270131,0.946726091,0.0096427046,2.7484651729,0.4239725596,0.9692337647,0.2047933224,1.7455304003574241,-2.519292776776878,0.7940895374601531,0
208,336.1475836203655,12354,30,36.75171443133805,0.25265,0.0341207781,0.5084528877,2.7928360449,-0.194036368,0.24745,0.0330037498,0.2087392852,2.9531863657,-0.2812833287,0.4999,0.0394143375,0.2704168209,2.6880967532,0.0560764394,0.03775,0.0099341582,0.0150313179,3.3338923113,0.473064072,0.5613138686,0.1322631061,0.929291049,2.2088814396,-0.4913553668,0.0787956204,0.0728700612,0.9059208937,3.0450172959,1.0339804564,0.3598905109,0.0687412029,0.7460833649,2.1125991618,0.0639255699,0.0454744526,0.0099061879,-0.0093069184,4.1199923588,0.6455494303,0.4947978721,0.3015782526,0.0017374617,0.0013421201,0.9352540889,0.0553974546,2.4154318176,0.6527679419,0.0227845903,0.4016495951,1.19063e-05,3.82972e-05,4.21714e-05,2.69724e-05,0.2684858007,0.1841773384,2.9547253072,0.3481564858,0.0644777449,0.2016613228,0.50684,0.0243480677,0.0398558805,0.0047533977,0.196753349,0.177098222,2.8584006336,0.3222497243,0.0007247534,0.1776144039,0.4554191641,0.2759630114,0.0179171779,0.0107073774,0.9787902448,0.0072591837,2.5030251278,0.2299180536,0.810712208,0.1238534539,-0.0005188993,0.0003223947,0.0002009885,0.00011769,0.9498526262,0.006942647,2.8550150458,0.1939492027,0.9380485453,0.1009922567,0.1484870855,0.0143301645,0.1399235298,0.0102179302,0.9475253406,0.0089855539,2.9630198164,0.3239346965,1.0313105695,0.1268731579,-1.1845081695441182,-2.073626710573224,1.1310590644891703,0
209,418.5817384428548,15728,46,37.57450112016104,0.2411,0.0317693248,0.1155289823,3.2617132071,0.4342194191,0.272,0.0330227195,0.0563383143,3.1992378848,0.4626051074,0.4869,0.035091167,-0.0250113822,3.2497142257,-0.404140555,0.03425,0.0092837223,0.0115817749,3.368789903,-0.0430002435,0.3640647482,0.0834713761,0.8434341033,2.1461089493,0.1292911678,0.105971223,0.0816420457,0.9252975282,2.5325732951,0.7748788695,0.5299640288,0.0415504218,0.3647205198,2.6468310918,-0.2466116603,0.0476618705,0.0124267951,0.3219777499,2.5440075847,0.0682918249,0.4943628058,0.3005618788,0.0009728,0.0007056985,0.940206284,0.0399441091,2.4230249164,0.5564993397,0.0078835194,0.3803381454,-7.422e-06,1.37351e-05,2.29963e-05,1.39593e-05,0.0754103497,0.1144246937,3.0194068719,0.5269415006,-0.0066804016,0.321020529,0.488205,0.0227363415,0.0364513484,0.002600183,0.0599714074,0.1194344146,3.0106107118,0.6394813483,-0.0309438059,0.3117819934,0.4544096661,0.2908587508,0.0188542514,0.0115866512,0.9887321784,0.0035983906,2.4279789494,0.229598974,0.7811385442,0.2049234228,-0.0002525298,0.0001497373,0.0001098779,6.73737e-05,0.963783261,0.0085748869,2.4826909249,0.2373129221,0.7653829843,0.2120330016,0.1654377554,0.0589360438,0.1381188225,0.0157526668,0.9595341884,0.0120706484,2.6830107922,0.3162775905,0.9098355972,0.2532459389,-3.3091950987177428,-0.2878244237743074,0.4395042417618621,0
210,171.5732626326168,6123,25,35.68737870953088,0.2976,0.0486542907,0.5390416874,2.2720482622,0.0032163886,0.22505,0.074439556,0.8549661793,1.7031673741,0.1342101158,0.47735,0.0517515942,0.5803343131,2.1276334752,-0.0272955436,0.04475,0.01047318,0.2388736572,2.7032420191,0.1053566157,0.4084408602,0.1070196909,0.8945928203,2.0925521691,-0.2991824131,0.1032795699,0.0855736325,0.9203647381,3.3257326316,1.0485336069,0.4882795699,0.0449282261,0.4019548681,2.7160200061,0.0235798124,0.045483871,0.0115018586,0.2601458576,2.8049064193,0.2208674362,0.4957834258,0.3005341169,0.0013854756,0.0010832977,0.9418114965,0.0326559368,2.4875013036,0.7286152814,-0.203679668,0.5144490811,-3.831e-06,2.13835e-05,3.92508e-05,2.54522e-05,0.3168274538,0.1869941833,2.9041477576,0.474170756,-0.0867407481,0.3059979438,0.495885,0.027193097,0.0423097938,0.0037193549,0.2098332125,0.1647709276,2.9261975061,0.4519362755,-0.0715290817,0.2969375008,0.4640345371,0.2816491506,0.0133751807,0.0082351617,0.9790039586,0.0067813158,2.5335877757,0.277786613,0.7955957737,0.1501854109,-0.0004145793,0.0002516091,0.0001467519,8.85597e-05,0.9376346516,0.0087462382,3.4037489773,0.4298471696,1.1083415208,0.1501921075,0.1332792568,0.0110378985,0.1327419916,0.0119654179,0.9454179604,0.0079469561,3.4218474037,0.4258969777,1.1891176699,0.1343645258,-0.7297827930087488,-2.6155210115667997,-1.9476128319264288,0
211,589.8723894317237,21349,22,36.192573821886086,0.2462,0.0318521585,0.316141298,2.9499685603,0.3104771322,0.24315,0.035872378,0.1938772556,2.5082468145,0.2592952582,0.51065,0.0363981799,0.0884345975,2.4452837028,-0.199288205,0.0385,0.0103319892,0.0321888923,3.6537303446,0.5338006455,0.467195122,0.1068327207,0.879978814,2.1313619469,-0.0584489782,0.083,0.0577813372,0.8669822195,3.4583344479,0.9828038591,0.449804878,0.0620401992,0.6452822962,2.6802970941,-0.3521613449,0.038804878,0.0098728984,0.1184197881,3.2220389583,0.4061107638,0.498014247,0.3035528366,0.0005858442,0.0003814442,0.9502132045,0.0387151241,2.2708201291,0.4141543341,0.0962212988,0.4337468505,-8.87e-07,7.1932e-06,1.21976e-05,7.3219e-06,0.1468611551,0.1309164688,2.9732034816,0.4895954837,-0.0176191428,0.241019609,0.4945775,0.0214168711,0.0378010111,0.0034835594,0.117811006,0.115286298,2.9161585787,0.4135218006,-0.0563328999,0.2535033986,0.4489551218,0.2973036207,0.0218222501,0.0138314112,0.9945821692,0.0021991925,2.0764063428,0.0866592118,0.5303110805,0.1070740013,-0.0001437789,8.79016e-05,6.60185e-05,4.16964e-05,0.9696012826,0.0071597016,2.2903510524,0.2619881572,0.6277578637,0.1777747902,0.1717749147,0.0360693663,0.1369538979,0.0097445318,0.9598436419,0.0127321303,2.5046556122,0.3041908585,0.7974060292,0.2152808364,-4.0378518430781805,-0.39006166095590183,0.8910850655068684,0
212,220.5863607487321,8167,9,37.02404796143744,0.26545,0.0386658441,0.272690918,3.736977373,0.5405521283,0.28455,0.0400255856,0.0307282869,2.8127750066,0.2002265555,0.45,0.040993902,-0.1490739346,2.6501061717,0.3962824797,0.0344,0.0091454907,-0.1210132683,3.5024697635,0.167686186,0.489223301,0.1279273863,0.9143650816,1.8629010689,-0.2141133986,0.0802427184,0.0596037834,0.9101709577,2.7339026312,0.8312379977,0.4305339806,0.0753371471,0.7889885974,2.0868686136,-0.1426345773,0.0440776699,0.0101624564,-0.1626662464,3.3176941135,0.4036870809,0.5000360441,0.3028305043,0.0026336199,0.0019437234,0.9402977927,0.0736228015,2.1951198481,0.5837163065,-0.1244453847,0.4102521782,-1.94711e-05,7.04746e-05,5.83832e-05,3.52543e-05,0.3185800443,0.1931679497,2.8916464396,0.5028808318,-0.0192536455,0.2805851575,0.4892325,0.0308158534,0.0408566446,0.0054052026,0.2654878296,0.1817168292,2.8830195942,0.4789434508,-0.0907159212,0.3124663221,0.4397281439,0.2665282757,0.0266881619,0.0162115466,0.9792877767,0.0083768617,2.2356646937,0.1192568139,0.6935885668,0.0790655304,-0.0007288722,0.0004492173,0.0003269129,0.0001975994,0.9615279361,0.0121411335,2.170066182,0.1764367772,0.6374226507,0.1091029,0.1553901285,0.0168008931,0.1462972492,0.0106427782,0.9484641844,0.0099873022,2.4753874918,0.2878101074,0.8489154725,0.1444368936,-0.01407496701351626,-2.8363506280522808,0.4879843797089776,0
213,181.45493366064088,6764,36,37.27647335646498,0.2453,0.034437044,0.2088738854,2.5251461425,-0.1012469018,0.2301,0.036537515,0.249061017,3.3577431307,0.2309377752,0.5246,0.0338576432,-0.147087108,2.5360914241,0.1486168431,0.03705,0.0103945899,-0.0698859403,3.0742328674,-0.0461729262,0.4645794393,0.1258487475,0.9295639711,1.8830622546,-0.1087621893,0.0735514019,0.0738431317,0.8990025933,3.5379499666,1.2499766473,0.4618691589,0.0702516284,0.7903485804,2.1098825798,-0.3881689505,0.0419626168,0.0117560287,0.0804792362,2.8944321675,0.4349958281,0.4923280815,0.298738284,0.0019908288,0.0014303423,0.950030125,0.0356621975,2.3249150671,0.5177194918,0.0379959452,0.3957651388,-2.9546e-06,2.21064e-05,4.22267e-05,2.44582e-05,0.1866919572,0.1714245593,2.8941438805,0.4428936068,-0.0412179907,0.2963956793,0.496675,0.0193650749,0.0380666384,0.0044010557,0.116046822,0.1668793708,3.1362233836,0.4377808166,-0.1023189559,0.318639891,0.4468233649,0.2744042565,0.0227408139,0.0132813627,0.9830075521,0.0041298262,2.2755683807,0.1985344784,0.7166468453,0.163713223,-0.0005125757,0.000303466,0.0002243827,0.000131217,0.9591687959,0.0247065138,2.3405886321,0.1906312345,0.730193204,0.1432316327,0.1623890256,0.0397843359,0.1435771102,0.0149177628,0.9470230983,0.0304691406,2.6352119803,0.3411289818,0.9063278579,0.1911830396,-1.42752091034529,-1.1109504804212709,0.3820936725361608,0
214,116.41783648074964,4331,40,37.20220312388434,0.24015,0.0370030742,0.3990002042,3.4984571735,0.487511866,0.28215,0.0451179288,0.4746884917,3.0501186861,0.2662307991,0.4777,0.0466391466,0.3124385343,2.8520090224,0.1162998836,0.0372,0.0093091353,0.0335679857,3.7004723703,0.7405157216,0.4689130435,0.1433789182,0.9135366963,1.9565143032,-0.1554206784,0.084673913,0.0756809821,0.9095469659,2.7465762622,0.9268765723,0.4464130435,0.0793702321,0.7873754209,2.2154434098,-0.3189079826,0.0451086957,0.0131251969,-0.0897176369,2.4242728863,0.3441098071,0.4923020236,0.2997505834,0.0033730327,0.0022168158,0.9271130396,0.0327065963,2.4272171225,0.4768101545,0.0731805454,0.5064016436,1.24278e-05,8.13195e-05,0.0001082615,6.58997e-05,0.4023538392,0.149159348,2.920604322,0.34055146,-0.0786023821,0.3208450506,0.501505,0.0271854,0.0436723361,0.0057219802,0.3258758921,0.1402818597,2.8840517392,0.4748260554,-0.0047084992,0.2700940152,0.4429412562,0.2687345576,0.0262908627,0.0156921228,0.9644631094,0.0174808896,2.185605705,0.2596105382,0.6332749364,0.1544321521,-0.0012956018,0.0007912217,0.000584632,0.0003488246,0.9510252521,0.0259676073,2.2195316312,0.3599834392,0.6427160776,0.1964289639,0.1506214161,0.020563512,0.1449952721,0.0127251637,0.9322266648,0.0219037135,2.6218178317,0.405975165,0.9069359194,0.1939851613,3.592660585394202,-2.774298852865243,1.995814874726283,0
215,286.70356991948984,9574,56,33.39337561331554,0.23895,0.0347008285,0.2544197647,3.0318795828,0.0348923103,0.2672,0.0324061723,0.3545617855,2.6391202823,-0.1139880727,0.49385,0.0314154023,0.0653167864,3.241897416,-0.2110913537,0.0367,0.0099050492,0.0058785054,2.6163934401,0.3187188504,0.4414583333,0.0977114427,0.8690537929,2.1335194876,-0.077354439,0.0859722222,0.0597252906,0.9004745725,2.3484936153,0.5585362919,0.4725694444,0.0496025387,0.483419171,2.3015775647,-0.2198826686,0.0411805556,0.0118583379,0.2000687365,3.5498349909,0.567612089,0.4987147274,0.3027482713,0.0019094915,0.001224581,0.9526504759,0.0260417999,2.3801317678,0.6239045695,0.0767824589,0.5769901498,-5.028e-07,3.16861e-05,4.00358e-05,2.42468e-05,0.216866846,0.1378434062,2.8934254472,0.3743048663,0.0177190641,0.2684553643,0.498745,0.0227077349,0.0388032554,0.0025867207,0.1516724183,0.1402673411,2.963976453,0.4320984198,0.0238069887,0.3137284837,0.4518024228,0.2753919943,0.0234503411,0.0139894037,0.9837262469,0.008892342,2.117593336,0.1873456203,0.5800671912,0.1363653275,-0.0005113557,0.0002999856,0.0002393175,0.0001426025,0.9666410638,0.0133845999,2.1266986303,0.1921783457,0.5668161622,0.1461799139,0.1643915308,0.0192040412,0.1460896548,0.0094559142,0.9562580804,0.0094224731,2.3995322881,0.2346699345,0.7836018035,0.1458312172,-2.08637807194069,-0.7027799935270314,2.3771033336829572,0
216,101.08743319363025,3541,16,35.0290821334568,0.2789,0.0428402848,0.3001196168,2.3767085261,0.2516432752,0.2482,0.0354930979,0.4212184769,2.5637595372,-0.0688050185,0.4729,0.0427970793,0.1131906526,2.5139607385,0.1864573649,0.0382,0.009152049,-0.0204375636,2.5533718935,0.1182349107,0.5587634409,0.1506913386,0.9329753373,2.1275321065,-0.2830149291,0.0688172043,0.0621712768,0.9201226601,3.9628044645,1.2860899918,0.3724193548,0.098038869,0.8562031223,1.9272566716,-0.1573318641,0.0407526882,0.0096705471,0.1459810231,2.9584146781,0.4556208508,0.4922393769,0.2988881982,0.0024805178,0.001812999,0.9251874274,0.0548399161,2.5114691548,0.6652975151,0.0443380492,0.334130335,-1.04008e-05,6.63523e-05,8.65406e-05,5.91952e-05,0.5198893234,0.1781654953,2.6753939621,0.3849345618,0.0542066325,0.2699147682,0.4932525,0.0279036533,0.0466047655,0.0063277729,0.3502772147,0.166983601,2.7550083043,0.2681050743,0.0376237714,0.1958288724,0.4606744643,0.2790527557,0.0161358027,0.009565458,0.9665561754,0.0137997632,2.4904428929,0.1973857884,0.8362685806,0.1200924991,-0.0007321685,0.0004521808,0.0002489735,0.0001536024,0.9199071681,0.0384581313,3.1064229231,0.4016658358,0.9697036002,0.1543797697,0.1371192743,0.0194799651,0.1264665481,0.0095399129,0.9245929819,0.0355490427,3.1432362054,0.4893489674,1.0340725581,0.1847652666,2.8465647907508442,-2.1691565780872906,-2.657699632263824,0
217,152.0068027373972,5556,14,36.55099574456805,0.26485,0.0467196693,0.4872296735,3.0560680874,0.1961090899,0.2291,0.0408557218,0.336857541,2.7265229223,0.3760126139,0.50605,0.0463427179,0.33870972,2.5947038075,0.1025090525,0.0422,0.0106845683,0.0998618995,3.2146146325,0.3532657409,0.5363846154,0.1311062625,0.9027274243,2.5124782554,-0.4840339391,0.0783846154,0.0731705473,0.8892780626,3.3876422096,1.1560706114,0.3852307692,0.0693731868,0.7811184855,2.693901937,-0.327775429,0.0433846154,0.0129230769,0.0183917604,3.1086118209,0.5079365079,0.4917411644,0.2989174387,0.0022363609,0.001447226,0.9289240856,0.0389827774,2.4848062926,0.5653041485,0.1930001821,0.4662748722,5.05147e-05,5.47101e-05,9.54969e-05,6.02661e-05,0.5576116183,0.139740398,2.7579066043,0.4956008113,-0.0772796103,0.2720451702,0.5147275,0.0333043221,0.0520431398,0.0087348141,0.4619676666,0.1301926007,2.7913458521,0.3894246517,0.0026918296,0.2802317211,0.4491843366,0.2713314028,0.0209217333,0.0124599124,0.9721567625,0.0094018284,2.408483086,0.1871962412,0.7788930843,0.1070424468,-0.0009900541,0.0006200961,0.0003218616,0.0001898071,0.9234055654,0.0146298395,3.4102586387,0.7676774895,1.0855913554,0.2534377907,0.1244929879,0.0290486011,0.1257828795,0.0202527508,0.9196285719,0.016182842,3.7865313413,0.8172863613,1.2629089239,0.2800481873,2.1302592635146764,-3.0164651989365026,-0.41046737128419925,0
218,214.39901327248293,8160,12,38.05987665451302,0.2529,0.0427386242,0.4052611281,3.0210119229,0.1538670699,0.2401,0.0329391864,0.1221270844,2.6611317683,0.2285199176,0.507,0.0399124041,0.1869612204,2.9401583907,0.1109067162,0.03565,0.0103115227,-0.0204727046,3.8767353322,0.6736937333,0.4256410256,0.1118244933,0.899138425,1.9524022521,-0.0785227473,0.1119230769,0.0889008046,0.9339587356,2.5783000914,0.802541697,0.4624358974,0.0458169686,0.3150834259,2.6347169572,-0.3754585957,0.0427564103,0.0108500099,0.3691492378,2.3119322684,0.3820211884,0.4919797269,0.2991350966,0.0020154137,0.0014856087,0.9396654775,0.0495100062,2.3928187028,0.583650366,0.1373594809,0.4924703548,-3.5782e-06,3.32876e-05,4.73863e-05,2.96247e-05,0.3043912206,0.204808116,2.8310882773,0.2819337154,0.0410945747,0.265497553,0.496745,0.0206961947,0.0408213723,0.0043517888,0.2160767055,0.1900571629,2.7695041208,0.3987487293,0.0922662945,0.2397771109,0.4550269808,0.2757633692,0.0205788842,0.0122252482,0.9804969643,0.0062973543,2.3038171219,0.2136000918,0.7207707886,0.1287983696,-0.0005534547,0.0003405536,0.0002378691,0.0001432228,0.9596498074,0.0081419584,2.4614524461,0.3235824698,0.7635959496,0.1597723646,0.1495480769,0.01769545,0.1449755103,0.0094946372,0.9497101274,0.0109352475,2.7908583787,0.3828674901,0.9813916613,0.1567191132,-1.09576144170514,-2.2155414623177605,0.975924447671279,0
219,746.6062224100704,27270,25,36.525278227619786,0.236,0.0305450487,0.0819528925,3.543945989,0.2360648039,0.25465,0.0290021982,0.1119336579,2.8979397848,-0.2396241824,0.50935,0.0345879676,0.0343672227,3.0233812716,0.3343971134,0.0351,0.0099744674,0.1279516815,2.8013478551,0.4485792522,0.3787545788,0.0676658607,0.7906221687,2.3091079527,-0.0732315724,0.0846886447,0.0634666575,0.8861076277,3.050792844,0.9304603996,0.5365567766,0.0395586165,0.2424624411,2.72002109,-0.1082624586,0.0467765568,0.0140268411,0.2962370268,2.607600194,0.0442240945,0.5006434126,0.3038630922,0.0004504007,0.0003038874,0.9401843074,0.0480532675,2.6427330897,0.9372017732,-0.1500320885,0.6584382491,-1.445e-07,6.8695e-06,9.2888e-06,5.6178e-06,0.0324270215,0.1278669169,2.9988644544,0.3848089908,-0.1125495673,0.2189747394,0.4998075,0.0173405542,0.0352689871,0.0025988796,0.0052712287,0.1272372107,3.0869395663,0.4747748052,-0.0543974257,0.2234425951,0.4569204226,0.3148254613,0.0193923839,0.0121717738,0.9950704489,0.0019846972,2.2091609013,0.1119365413,0.63284097,0.1099211866,-0.0001249737,7.53423e-05,4.89638e-05,3.05507e-05,0.9666166613,0.0042257262,2.6650807824,0.1494809617,0.8284298813,0.1143413718,0.1572106372,0.0220760493,0.130935341,0.0044570877,0.9629696766,0.0067579715,2.8094029558,0.2056481358,0.9245370022,0.1441246663,-5.081268049186648,0.10255343731452476,1.6916780503223725,0
220,535.6307046449595,18971,72,35.41805918795273,0.26535,0.0342144341,0.2229692276,3.0746388338,0.4256815164,0.22665,0.0302246175,0.101958515,3.0408542846,-0.1010539752,0.508,0.0335261092,0.1047711643,3.2598244703,0.1253073414,0.03625,0.0093641604,-0.0538750671,2.2163711911,-0.1729726252,0.4374409449,0.1053133049,0.8828680648,2.1925377509,-0.1497075885,0.0928740157,0.0611617183,0.8584087925,2.6060631579,0.6492353252,0.4696850394,0.0551831169,0.6692578264,2.7704369994,0.0345772063,0.0442125984,0.0109836169,0.2306263455,3.7104808226,0.7175654145,0.5009681637,0.3043148907,0.0011480585,0.0010788086,0.9412733164,0.0447899406,2.4620616794,0.553373928,-0.1820583619,0.4608921057,2.7962e-06,1.78384e-05,2.57459e-05,1.65954e-05,0.3443916399,0.1632080727,2.7001616509,0.3135637903,0.0096728508,0.1819482259,0.5005275,0.0280671315,0.0429956594,0.0042829486,0.2903549776,0.129775045,2.7383234395,0.2701834796,0.0151254221,0.2404986222,0.4434764516,0.2831200121,0.0234798044,0.0139107369,0.9910696918,0.0040747768,2.1769515843,0.2521582263,0.6086517362,0.179785717,-0.0002702526,0.0001598387,0.0001200732,6.97402e-05,0.9660379795,0.0126651099,2.474852466,0.5981262265,0.7302678539,0.3038123744,0.1671004331,0.0398837826,0.1412252071,0.012546657,0.95953423,0.0083849342,2.7323208422,0.5192292502,0.8954735356,0.3025516909,-2.9044803644500905,-0.6223787649523759,0.14823166202544943,0
221,466.02351733508925,17665,49,37.90581235259458,0.29695,0.0521147532,0.3833200488,2.6494819999,0.3467586442,0.21815,0.0519502406,0.6659626617,3.4521450719,0.8432031323,0.4849,0.0602369488,0.4566412,2.6333088296,-0.0490071504,0.03795,0.0111376613,0.2414836994,4.0569095463,0.7384611723,0.5823770492,0.1151321641,0.8852166871,3.5220612529,-1.1169274426,0.0826639344,0.0655499573,0.9192290657,2.7400240065,0.9040084756,0.3349590164,0.0592870756,0.6218445905,4.3520381932,1.1053967022,0.0363114754,0.0104175781,0.3838734071,2.8744643332,0.1332726598,0.5017823513,0.3041098937,0.0010822954,0.0007767224,0.9268820612,0.0357526087,2.3262052896,0.4079979622,-0.0154606071,0.3387027301,-2.7733e-06,2.9512e-05,5.52e-05,3.60878e-05,0.6671858022,0.0982869437,2.8568870362,0.7566525676,0.0551319732,0.4149371056,0.4959525,0.0242654563,0.0584511028,0.007406852,0.5385291467,0.1166206644,2.8013294103,0.5509979135,0.0563891598,0.2946739043,0.4460243276,0.2797907668,0.022468106,0.0138196484,0.9897452871,0.0058414767,2.1128239785,0.1187961234,0.5611610042,0.1083612445,-0.0003576007,0.0002128464,0.0001164753,7.11182e-05,0.9458658151,0.0151030496,3.0248682955,1.109281145,0.810598232,0.3583209616,0.1445377886,0.034961607,0.1171684124,0.0159970161,0.9409628369,0.0149520962,3.4054706484,1.3332651572,1.0066682929,0.4315508006,0.6208838030397166,-2.5839751006355822,-6.548791211217684,0
222,194.5033966985877,7146,36,36.73971828406576,0.27145,0.0458600861,0.6654929412,2.5053013191,0.1992680667,0.21445,0.0382811638,0.4092558357,2.4752977984,0.0480739947,0.5141,0.0394675816,0.4298472808,2.6520774748,-0.1184729094,0.03905,0.0106699344,0.3240580571,2.8596715918,0.2791307234,0.528313253,0.1272017587,0.9071966801,2.1279894887,-0.1016999299,0.0907228916,0.0668892833,0.8683818342,3.0960722905,0.9687331482,0.3809638554,0.0740825729,0.7671331095,2.3430673364,-0.3728777978,0.0394578313,0.0083237231,-0.029064186,3.5750305544,0.5795632056,0.4933198589,0.3001632519,0.0017505565,0.0013948037,0.9211716182,0.0497072359,2.5427417538,0.7814154619,0.0258313292,0.4496392694,3.9274e-06,5.31659e-05,5.52992e-05,3.48384e-05,0.3949846883,0.1489108486,2.798600192,0.4632466719,0.0399927702,0.2034947942,0.50038,0.0313387436,0.0446532834,0.0065305458,0.2913004962,0.1592782562,2.8845184474,0.4018841983,-0.0077343206,0.2629400261,0.4533014953,0.2746378617,0.0208568162,0.0126981384,0.9805998538,0.0055923224,2.1912552703,0.1569030946,0.6352662826,0.1109259905,-0.0006071291,0.0003755014,0.0002424489,0.000149612,0.9498447527,0.0091908846,2.6334568765,0.3182648907,0.801220428,0.1728062441,0.1465504488,0.0182975198,0.1374165094,0.011797986,0.941728525,0.0133113469,3.0295709024,0.5075045478,1.0351670115,0.2094510012,-0.07819454943774616,-2.951452863197555,-0.5265861738391352,0
223,480.2134920804066,17376,33,36.18390629701545,0.23575,0.0297268818,0.1711943943,2.882831378,0.1168677623,0.24305,0.0341825613,0.3350796481,3.0525708095,-0.1252716841,0.5212,0.0343301617,0.2278511404,3.3927116744,0.3770488738,0.03655,0.009942208,0.0065872507,4.3133705379,0.5753020737,0.4334782609,0.1000221148,0.9070032151,1.9980247714,-0.1383529509,0.1016956522,0.0701733473,0.9095074139,2.7007631062,0.8050160997,0.464826087,0.0485347497,0.480698671,2.3589933814,-0.0269938331,0.0403478261,0.0115103307,0.2011658271,3.0283286912,0.0091042557,0.4936386869,0.2997852115,0.0012219987,0.000870676,0.9388822107,0.0430138504,2.4504195164,0.5525368376,-0.1959988892,0.3515465139,-1.1955e-06,1.33605e-05,2.41437e-05,1.48591e-05,0.0895471054,0.099224892,2.8925104403,0.6156840206,-0.0032013915,0.2371651604,0.4992925,0.0162599914,0.0370890088,0.0024145502,0.0666407239,0.1403300263,2.8510840687,0.458927072,0.0154019898,0.2347035745,0.4571832972,0.2899576882,0.0185571847,0.0127168135,0.8546821762,0.495726526,2.2771234349,0.5265752609,0.6911010024,0.2588712848,-0.0002672518,0.0001783023,0.0001234004,8.3074e-05,0.8337126035,0.4901827219,2.2344040385,0.4867516717,0.6315299619,0.2436073784,0.191087615,0.0839033467,0.1367064638,0.0329058259,0.829709432,0.4890299706,2.2874263936,0.4243181848,0.7203352833,0.2394026034,53.18748501925308,57.77351344995081,29.91648553975505,3
224,312.97926468214285,11562,20,36.94174440515156,0.26505,0.0366980585,0.3420401251,2.7352703572,-0.2468639634,0.20595,0.0374145359,0.4255143344,2.5331141319,0.2613540837,0.529,0.0319139468,0.0556378485,2.196508915,0.023119979,0.04025,0.0098583721,0.0739490286,2.591095212,0.2044062168,0.4349130435,0.1271732516,0.9373376225,1.8256504756,-0.0314022621,0.0900434783,0.0810997659,0.885554969,3.201943413,1.0318200488,0.4750434783,0.0657018816,0.6917037123,2.5790290735,-0.3561246325,0.0476956522,0.0102847916,0.1884544277,2.357962585,0.084925336,0.491999919,0.2998543368,0.0017013026,0.0010175773,0.9413637989,0.0307118769,2.6013186844,0.8437908785,0.0416043456,0.5360834338,-1.6243e-06,4.02912e-05,4.27284e-05,2.62678e-05,0.1937216749,0.0986243864,2.907525027,0.4613731274,-0.0288952662,0.2624931819,0.48708,0.0304565486,0.0375242933,0.0031858532,0.1373700304,0.1411119649,3.1126991461,0.4135345233,0.0203412034,0.2679788696,0.4446329054,0.2703330099,0.0236955195,0.01470228,0.9831012017,0.0061539606,2.2121063645,0.1223226196,0.6430660385,0.0801877537,-0.0005435449,0.0003261112,0.0002515843,0.0001560916,0.962894858,0.0085163337,2.2718452661,0.2079879456,0.6452534374,0.1107876376,0.1608811408,0.0140796938,0.1497075008,0.0076667936,0.9552212886,0.0099847217,2.5531865808,0.2959897222,0.8676053624,0.1288711403,-1.667567682025319,-2.0547036215025414,2.0125470593904518,0
225,413.6759741148386,15563,25,37.62123249555612,0.257,0.0309192497,-0.0786371278,3.4998424397,0.3442629294,0.2391,0.0350455418,0.1918872968,3.420877496,0.0861203408,0.5039,0.0357321984,-0.0145833704,2.6711105238,0.0151731666,0.0374,0.0103797881,0.0681242327,2.5702760763,0.1322950643,0.4022727273,0.083144552,0.8344127333,2.0114416767,-0.0875126447,0.0843181818,0.0701928424,0.9320643328,2.0956167969,0.6569460624,0.5134090909,0.0384053253,0.1720653764,3.0995906743,-0.0181465145,0.0516818182,0.0125639686,0.3369739234,3.1085494346,0.2016562833,0.4921712131,0.2988595373,0.0012561312,0.0007907818,0.947845068,0.0293844386,2.23011886,0.3375418917,-0.0003876852,0.3996970771,2.0379e-06,2.41517e-05,2.77547e-05,1.67327e-05,0.0692039241,0.1283064659,2.9525909015,0.4462849819,0.0900700822,0.1963344315,0.4989,0.020969758,0.03661519,0.0026243311,0.0604288187,0.1340660099,2.8541284918,0.3864804172,0.0091171008,0.24063677,0.4248944359,0.2678741088,0.0361401697,0.02185729,0.9917243166,0.0041204203,1.9746887252,0.0868083746,0.4730398899,0.1049893239,-0.000436138,0.0002546761,0.0002185345,0.0001322682,0.9747112254,0.0070432499,2.0251240583,0.1316080904,0.4781145801,0.1182551464,0.1808004715,0.0273686643,0.1490744392,0.0095148571,0.9623929552,0.0108329848,2.2396510857,0.1375178306,0.6771628077,0.1322255499,-3.194729449339358,-1.0304174706352947,3.722124474349816,0
226,105.22494532874128,3805,24,36.16062700828695,0.24245,0.0394936387,0.4765602,3.7639656922,0.3581552338,0.26975,0.0504101924,0.5490546614,2.9287593134,-0.033940549,0.4878,0.0482406468,0.5790776524,2.1587836943,0.0336030603,0.0424,0.0100119928,0.4007241588,2.8424227186,-0.3667309767,0.454,0.1386375261,0.9381830274,1.7611291603,-0.1390382534,0.0764545455,0.0756407341,0.9079615565,2.65372212,0.93837997,0.4695454545,0.0763441534,0.8306095173,1.8748275205,-0.3241096692,0.0461818182,0.009998347,0.2166601599,2.2909355775,0.2463159693,0.4935707903,0.2999848486,0.002584401,0.0018243443,0.9132029126,0.0549662263,2.5512794302,0.5969256514,-0.0830521314,0.4571922957,-9.5333e-06,7.48155e-05,9.65185e-05,5.80196e-05,0.4348633154,0.149477643,2.8814182788,0.455812245,0.0171003924,0.2813664611,0.49936,0.027711927,0.0458766587,0.0050469486,0.3109849653,0.1420500815,2.845693912,0.4027321598,-0.0213660524,0.2763681134,0.4636539216,0.2810814069,0.0190879866,0.0111293181,0.9637805158,0.0151828706,2.3764830371,0.2433229342,0.7553968454,0.1424049898,-0.0010057957,0.0006149572,0.0003708702,0.0002154424,0.9288692425,0.0239319624,2.8347677416,0.4925940295,0.8729371801,0.2334287914,0.1326550335,0.0169915191,0.1340003771,0.0172157106,0.9225056499,0.021308673,3.1575748168,0.5274833709,1.0887120002,0.2163746493,3.0796232169153828,-2.848298437553204,-1.3612909148673418,0
227,432.7399399618498,15930,8,36.8119476131655,0.31545,0.0769548407,0.7846840194,2.643678615,0.7467167604,0.3138,0.0622660421,0.6643278497,2.4633622302,0.3388298804,0.37075,0.0625914331,0.6617363945,2.5950934058,0.2159689145,0.03675,0.0086710726,0.1074649152,2.5644430072,0.0861349948,0.5167708333,0.1222410369,0.8995805457,3.3238469242,-1.1552918906,0.0786458333,0.0602720071,0.9039463555,3.3640547699,1.0796862857,0.4045833333,0.0718034064,0.751247329,3.0375979975,0.9388447714,0.0401041667,0.0125342413,0.2430701406,3.0654914502,0.4101491247,0.4985878193,0.3027074647,0.0005726082,0.0004968894,0.9373476509,0.0410705114,2.5838303555,0.5783485514,-0.0513448583,0.4525069571,4.66e-08,1.58001e-05,2.20708e-05,1.46504e-05,0.56642245,0.1538596629,2.8440359388,0.4119635044,0.0144355637,0.3275857923,0.4936175,0.0326651928,0.0532591983,0.0127727902,0.4627886623,0.174210313,2.7887287135,0.3121035866,0.0106906064,0.3136060142,0.465801936,0.3026622725,0.0159378342,0.0100826691,0.9933861462,0.0026000678,2.0688184942,0.1326242553,0.5310542006,0.1614107701,-0.0001513204,8.96215e-05,5.61901e-05,3.50951e-05,0.9476248096,0.0383912276,2.5453709745,0.5279422989,0.678207863,0.2316669029,0.1709954238,0.0560732172,0.1214155512,0.0208232044,0.9316811128,0.059069397,2.709070201,0.5049224445,0.8081371049,0.2124389347,-0.11100464182240016,-0.5837129992957901,-6.063804963308473,0
228,145.3122196631742,5362,48,36.89985613342652,0.22375,0.0702402128,0.6180907084,2.4436607008,0.473207966,0.2617,0.0574074037,0.4718770841,3.4297157871,0.6416085805,0.51455,0.0617458298,0.5149719993,2.6475556773,0.0999039515,0.0349,0.0101237345,0.014535345,2.1111221691,-0.0739720171,0.6385074627,0.1283244923,0.8279278843,4.3616666592,-1.0709057107,0.1100746269,0.1002180181,0.8111601223,5.0658527589,1.2887201472,0.2514179104,0.0419559646,0.3566964562,5.9247446025,1.1091685602,0.0317164179,0.0096410286,0.0529696754,2.5972438371,0.4949759525,0.4955627759,0.3022109383,0.0014628679,0.0010071322,0.9060245933,0.0576467369,2.4122850103,0.4398492467,0.1448383443,0.4442963635,1.18951e-05,3.97566e-05,0.0001134837,7.07409e-05,0.6858058482,0.1073465594,3.0426305589,1.6865773892,0.1449452003,0.581679271,0.4927575,0.0561590782,0.0795637648,0.0094577454,0.616083925,0.1110826731,3.0884666192,2.6053926062,0.0967979886,0.7450224511,0.4610733761,0.2802337923,0.016808701,0.010380528,0.977351418,0.0090030435,2.2201095979,0.1373478073,0.6529955447,0.0780143357,-0.0005968007,0.0003632541,0.000199987,0.0001238362,0.9064040896,0.0372440568,3.9577784573,1.8557361211,1.0624064583,0.4857055558,0.1230553151,0.0210882256,0.1190606251,0.0194109182,0.8938465656,0.0457383158,4.6171768673,2.3156543627,1.3448008499,0.5024014407,5.329894891178094,-3.3024153563512644,-13.515208254400962,4
229,349.5861898293407,12741,75,36.44594772528011,0.23305,0.0298989548,0.0725730584,2.629007661,-0.0890165262,0.26835,0.036311534,0.4282257356,3.0534951325,0.142758429,0.4986,0.0401626692,0.2604529452,3.6092647464,0.3109566327,0.04185,0.0101650135,0.0089761859,2.9145562812,0.2917674272,0.5528651685,0.1243926541,0.9248824072,2.6204481656,-0.7243273945,0.0892134831,0.0782548375,0.9218230127,4.3623875107,1.3113501537,0.3579213483,0.057832133,0.6504996871,2.3860011762,0.2819420639,0.037247191,0.0106926215,0.0895049213,3.5328525791,0.467730962,0.4953306789,0.302060575,0.0009055012,0.0007169364,0.933255539,0.0461562478,2.4084445582,0.4364540402,-0.0202754494,0.4257067602,-5.927e-07,2.17019e-05,2.12564e-05,1.38931e-05,0.2924710565,0.1414306564,2.6967161087,0.3040792893,0.0152065306,0.1472685596,0.4925475,0.0286239999,0.040165735,0.0039658676,0.2137192837,0.1303054461,2.6949010852,0.3251924031,0.0339438294,0.1944626529,0.4581721486,0.2962579379,0.0194627339,0.0139029656,0.9802159743,0.0391586447,2.0517508118,0.1072180321,0.5186391195,0.1615863484,-0.0002047683,0.0001513388,9.01761e-05,5.98925e-05,0.8181540424,0.4823061827,2.5041984982,0.6002638595,0.6564079514,0.3697864421,0.1833255438,0.1020516086,0.1276950152,0.0298105655,0.8361828681,0.3898745545,2.7032478241,0.596468191,0.8687249698,0.2367867261,9.784265346570056,21.632565562130292,-12.651560071053778,2
230,124.67787015584774,4526,9,36.30155050244671,0.2498,0.034870618,0.0314667736,3.1223743553,0.1048219381,0.22295,0.0352214068,0.1541514168,2.842606234,0.3075201419,0.52725,0.0399523153,-0.0230561717,2.782975756,0.1347092206,0.03625,0.0100591998,-0.1399412401,3.9878225718,0.5917715869,0.4299253731,0.1006601069,0.8536166027,2.0484447365,-0.1228186924,0.0925373134,0.0665592158,0.8091077332,4.0042974549,1.2223258175,0.4775373134,0.0533670278,0.5387040707,2.5864806491,-0.2502934708,0.0439552239,0.0115751056,0.1295829845,2.8378284188,0.4279052787,0.4915202336,0.2977249991,0.0026428424,0.0016551636,0.9357115605,0.0299813179,2.5318322374,0.7521968924,0.0659108574,0.5244308236,-1.79185e-05,5.20562e-05,6.97049e-05,4.25412e-05,0.2314724353,0.1306599888,2.9658492974,0.4727389734,0.0218022227,0.2735072738,0.4997825,0.0254891363,0.0397564615,0.0034121681,0.1564878382,0.1168637492,2.9759805755,0.4994791199,-0.0590326114,0.2116030917,0.4330606734,0.2621152837,0.0271100343,0.0163725082,0.9758965132,0.0085535072,2.3318613401,0.1411323812,0.7456737993,0.0894846307,-0.0008696124,0.0005372928,0.0003658899,0.0002198793,0.9523998728,0.0187969335,2.3556433526,0.1499674377,0.7408046365,0.0952566997,0.1478905463,0.0162562164,0.1430023066,0.0141189685,0.9434822637,0.0164044105,2.711270736,0.292803604,0.9501348726,0.128578315,0.5759567817708431,-2.739959901617322,0.3534745053488305,0
231,326.107311761386,11792,35,36.15987613497073,0.29085,0.0502546267,0.6394215074,2.5834310474,0.5478517701,0.26965,0.053731997,0.6618061127,2.9406075567,0.383387127,0.4395,0.045257596,0.5733137995,2.3382557732,0.3267839148,0.0318,0.0090421236,0.0986291369,3.3311764469,0.226792401,0.5125342466,0.1160335429,0.8881662398,2.5357063669,-0.6094120721,0.1047945205,0.0856579625,0.8889832405,3.6859934088,1.1865348458,0.3826712329,0.0436445966,0.5713356147,3.2203023577,-0.0779959179,0.0393835616,0.0109151524,0.2585691667,3.1471858606,0.268361516,0.4976895875,0.3024563202,0.0015255488,0.0009409099,0.9329616799,0.0351258904,2.2250520258,0.2592966773,0.0573708723,0.2981076648,-3.0342e-06,3.70949e-05,5.24646e-05,3.33842e-05,0.4329226961,0.1385235511,2.8983028317,0.5008609783,0.0990213085,0.3214931991,0.49356,0.0353482942,0.0498029829,0.0090519278,0.3900566038,0.1916542847,2.8565662928,0.4981247093,0.0666229744,0.2286023386,0.4510052345,0.27351063,0.022064916,0.0131257609,0.9817864549,0.0076409859,2.3350171309,0.2777305855,0.7281810322,0.1431521527,-0.0005195319,0.0003186576,0.0002163876,0.0001284886,0.9561902745,0.0222474715,2.4487438162,0.3870908247,0.7716500012,0.1779098503,0.1520679821,0.0150780929,0.1397934093,0.0146342241,0.9524960378,0.0090570611,2.5892631223,0.2897323555,0.8901331978,0.1303060115,0.27544554481182376,-2.7019173438252997,-1.608972496974864,0
232,554.760288107118,20774,27,37.4468044042633,0.26725,0.033921785,0.1528466595,2.6934244001,0.300389578,0.24935,0.0286762532,0.1130901915,2.5339449545,-0.2246459322,0.4834,0.034741042,0.2393939001,2.7270593841,0.0788189878,0.035,0.0098742088,-0.0682414698,2.3471400394,0.1947575706,0.4288253012,0.0929323479,0.8791184104,2.0988883413,-0.1381014925,0.0895180723,0.0661238089,0.8968569884,2.3305971534,0.741594087,0.4816566265,0.0458105993,0.5201351298,2.9004827732,-0.3042628024,0.0406626506,0.0121057361,0.1363893488,3.0058984845,0.3644871668,0.4973140871,0.3026811741,0.0010514088,0.0008500262,0.9528362953,0.0471888459,2.1937588466,0.5162175202,-0.0478820282,0.391267879,3.0342e-06,1.16238e-05,1.65916e-05,1.02779e-05,0.0811932448,0.1384179631,3.1032054206,0.4126190091,0.0233391853,0.2576099439,0.5054475,0.0180692036,0.0367801201,0.0031998264,0.0302201366,0.1291845361,3.0482610449,0.5396568772,-0.08076648,0.2383377506,0.4437586268,0.2867575807,0.0260443715,0.0166027044,0.9928861397,0.0037690582,2.1975379707,0.3169998824,0.6385597441,0.1793552913,-0.0002090441,0.0001337639,0.0001002457,6.34257e-05,0.9732442855,0.0074420371,2.1296232866,0.4257922274,0.5570035299,0.2378363208,0.1734002167,0.0257042445,0.1473024279,0.0080648377,0.965806547,0.0041110936,2.2952394516,0.4507023915,0.7120734971,0.2287496375,-3.780002925335675,-0.437759323298616,2.044816098945676,0
233,291.5688662125464,10377,72,35.59021967878911,0.2462,0.0307987013,0.1054633864,2.5913688542,0.4519500224,0.25325,0.0336405633,0.0393780523,2.700088295,-0.2162963066,0.50055,0.0389608457,0.1314884745,2.5617837009,-0.0497295227,0.03115,0.0086560672,0.0279057934,2.9816366859,0.2331706776,0.4145955882,0.0973963536,0.8822012411,2.0032250987,-0.1220275261,0.0827205882,0.0640452151,0.9195160873,2.7926890143,0.7780213797,0.5026838235,0.0456404913,0.5623001885,2.5241124475,-0.2674414408,0.0438970588,0.0122428127,0.2847485822,2.4284316552,0.1748301887,0.4963373742,0.3022911531,0.0008099277,0.0005782178,0.9485079005,0.0357188054,2.4130845976,0.7303088097,-0.0354463196,0.5097557843,2.3896e-06,1.70985e-05,1.78193e-05,1.07439e-05,0.1992515504,0.1410433085,3.1952928489,0.6460418898,-0.1119289803,0.3218053659,0.5021,0.0252806547,0.0377320987,0.0028665713,0.1126036254,0.1524746547,3.1812223427,0.5499782929,-0.1425472969,0.2790351644,0.468900002,0.2950858038,0.0130497635,0.0079759118,0.9871212486,0.0040744701,2.5672110203,0.1771215809,0.8396557561,0.0985113685,-0.0002456304,0.0001505409,8.44668e-05,5.20985e-05,0.9509219415,0.0092634274,3.6066830847,0.532525097,1.2066419794,0.1444807635,0.1350278412,0.0139874117,0.1316278008,0.0102816297,0.9514391416,0.0075838998,3.5697282987,0.5702574774,1.2277489231,0.1656433069,-3.3305423413931283,-0.8232490338880798,-0.501613227363706,0
234,439.9777049173869,16257,65,36.949599532668415,0.24685,0.0282635366,0.1340773406,3.0090012703,0.3056745694,0.2509,0.0320576044,-0.172939865,2.6495731569,0.1827881899,0.50225,0.0331464553,-0.0367470228,3.3737027061,-0.3381272396,0.0373,0.0109412065,0.0503151093,2.4400813996,0.251443795,0.3920403587,0.0759232158,0.7896159269,2.2756232353,0.0349239765,0.0825560538,0.0682564095,0.912850027,2.9734022348,0.9699316974,0.5254035874,0.0428006997,0.2259141584,2.7726414693,0.0513233767,0.0484753363,0.0131363348,0.3127223629,2.6330512928,0.058465859,0.4961682111,0.3017134354,0.0006234755,0.0003807945,0.9404285565,0.0509091793,2.2562678527,0.3736177764,0.1105935469,0.398215515,-6.635e-07,9.5921e-06,1.44078e-05,8.9452e-06,0.0262565912,0.1238695331,2.9650288169,0.3477952867,-0.0365699271,0.2060008623,0.500835,0.0183604541,0.0344732239,0.00266802,0.0280049468,0.0874707984,2.875015367,0.6640697096,0.0067472919,0.2320448962,0.4486840042,0.2971180888,0.0231351595,0.0141442454,0.9935254817,0.0029416012,2.1630232257,0.1042589974,0.6135185864,0.1146066013,-0.0001700839,0.0001008182,7.91146e-05,4.74755e-05,0.968764777,0.0034821151,2.2235188334,0.0972209113,0.6129192716,0.1148163753,0.1813935606,0.0228618227,0.148347126,0.0077461273,0.962496943,0.0055845547,2.3137983004,0.1885931974,0.732575193,0.1486320955,-4.542822533427066,-0.20308074271547466,2.5792246898548443,0
235,197.64215338745004,7058,32,35.71100536515492,0.2575,0.0423939854,0.4502444072,3.0158985031,0.4583122829,0.23095,0.0347900489,0.2916593936,2.3588672229,0.0532772788,0.51155,0.0415373025,0.1904894951,2.8948354731,-0.2826690524,0.0436,0.0104899952,0.0453588607,2.6282200544,0.3399510658,0.478125,0.1301186358,0.9279432576,2.0802094772,-0.3532381928,0.08625,0.0805838073,0.8689089399,3.1710894809,1.0438553909,0.435625,0.0617802305,0.7323959875,2.4470462319,-0.2329498402,0.04015625,0.0100766108,-0.0236475845,2.7551926225,0.2092722587,0.4878212555,0.2966315726,0.0034899095,0.002642529,0.941798676,0.0360333923,2.2985681717,0.442406269,0.1166023408,0.4425017219,-2.08721e-05,6.31677e-05,8.7228e-05,5.60014e-05,0.3777535903,0.1755647382,2.9085907437,0.4439719373,0.061775547,0.2436079775,0.4947475,0.0277062605,0.041953379,0.0057750206,0.3006093384,0.1800638128,2.8466341714,0.3771025228,0.005396812,0.2111330592,0.4464225141,0.2708585243,0.0197320573,0.0120460483,0.9693701602,0.0091773369,2.4426082176,0.1249023182,0.7392613856,0.0759586439,-0.0008451385,0.000516873,0.0003340908,0.0002031452,0.9452090981,0.0143890356,2.4822485639,0.2216214594,0.7229773241,0.1118935996,0.1482629928,0.0186618328,0.1381764618,0.0116184975,0.9413073058,0.0149585624,2.7395557438,0.3520544657,0.9463819574,0.1522102149,1.7198236874469566,-3.7537472269812175,-0.8503801315889807,0
236,866.3001564495909,31232,18,36.052169409734326,0.26525,0.0277522522,0.1354689379,3.4026542351,0.2023956751,0.2626,0.0331472472,0.1127163281,2.3668103537,-0.1392838892,0.47215,0.0353783479,0.0502039406,2.668615037,0.2671787975,0.03235,0.0101354576,0.113830876,5.0399105349,0.7674325374,0.4332129278,0.0952315584,0.8546352044,2.1846609097,-0.1956035824,0.0739923954,0.0597048503,0.8807269359,3.3306706234,1.0498632124,0.4927946768,0.0516687649,0.4594317916,2.6074455691,-0.2272047008,0.0420342205,0.0119388002,0.2175076476,2.6286307079,0.2578338609,0.5022630471,0.3054858466,0.0005081324,0.0003755442,0.9247386123,0.0746450559,2.5669855336,0.4243688957,-0.0850359796,0.419105594,4.984e-07,5.7638e-06,1.07552e-05,6.3863e-06,0.0696231063,0.0910691483,3.0047416308,0.4081144055,0.0334089538,0.2139210633,0.4960175,0.0161520608,0.0356802138,0.0021530138,0.0660255572,0.0818619033,2.9376222976,0.3719730721,-0.066744125,0.3030644419,0.4376947265,0.3023940055,0.0263233762,0.0178527019,0.9948707585,0.0018905324,2.2625510304,0.1957394482,0.6977837003,0.1542469843,-0.0001194013,7.54923e-05,6.40565e-05,4.29296e-05,0.9740459473,0.0046266429,1.9747761111,0.2500092503,0.4747829179,0.2216815274,0.1956987042,0.038641815,0.1562299554,0.0073638879,0.9688935018,0.0050129424,1.9943393937,0.327349714,0.539870694,0.2780117165,-4.440118559563236,-0.11716602282710571,2.038767505468707,0
237,214.2247854938049,7421,24,34.64118301201242,0.2617,0.0324054008,0.1307202729,2.7743864371,-0.0531300212,0.245,0.0351425668,0.2386387217,2.3509482208,0.2170453402,0.4933,0.0402070889,0.1629605934,2.9560347148,0.2593051708,0.03795,0.0099271093,-0.0844480652,2.7516404491,-0.1830412444,0.4193644068,0.1047040758,0.8655914619,1.9909981114,-0.2026417627,0.0851694915,0.0651983031,0.8888637392,2.0481986838,0.5673656756,0.4954661017,0.0531905245,0.4537128566,2.9324726914,5.85544e-05,0.0424152542,0.0114005102,0.0102808092,2.6615647422,0.4037087312,0.4980161592,0.3009038438,0.001147353,0.0007478901,0.9452113502,0.0484290845,2.7398979878,1.1641309266,0.2826628156,0.5799791543,-1.02641e-05,3.56827e-05,2.53681e-05,1.51906e-05,0.0968348205,0.1194927576,2.8039315266,0.2887775538,-0.0397064744,0.1732760584,0.495895,0.0277330574,0.0365214054,0.0037267209,0.0475526421,0.1172615523,2.9482545367,0.4069895418,0.0473610602,0.2162951547,0.4538583726,0.2794597028,0.0231726084,0.0138368939,0.9888561931,0.00384738,2.0872307863,0.1007322982,0.5619138637,0.1025466047,-0.0003877088,0.000235178,0.0001725838,0.0001027614,0.9725486083,0.0043132602,2.1233737208,0.1246659067,0.5609388253,0.113970957,0.1612559861,0.0180456169,0.1444818522,0.0125456147,0.9605615136,0.0054323924,2.4574170366,0.2405915677,0.8034844224,0.1379934802,-3.11843694077368,-1.283628115733123,1.707016647960424,0
238,120.41472848558514,4290,12,35.62687101448355,0.26775,0.0355624451,0.0580616901,3.1137047842,-0.0054634058,0.2373,0.0311,0.1789947465,3.059601745,-0.3210884916,0.49495,0.0398465494,0.0222035887,2.4913449052,-0.0974941118,0.03335,0.0109328633,-0.0189322544,2.6796522253,0.1376693478,0.4651408451,0.1174103549,0.8878755363,1.7171465615,-0.1734696765,0.0873943662,0.0786051783,0.9145741869,2.6848668572,0.9556908133,0.4474647887,0.0588437489,0.5815293963,1.9971599818,-0.052020417,0.0434507042,0.0104676413,0.0709819879,2.6299317975,-0.1575188865,0.4916344048,0.2994282824,0.0025105797,0.0015787681,0.9435145907,0.0330682079,2.4753581664,0.6413339693,-0.0166924512,0.5318906888,1.77263e-05,4.28031e-05,6.23528e-05,3.77093e-05,0.2509604223,0.1494886317,2.7930099302,0.3830360061,0.1079095938,0.2327425004,0.50604,0.0214782192,0.0403295002,0.006388342,0.1793026336,0.1636837968,3.0075726518,0.4719046609,0.1203265229,0.2461271967,0.4311953879,0.2618318272,0.0309003002,0.0184073094,0.981316666,0.0051806192,2.0771639933,0.0951983672,0.5699766303,0.0752478962,-0.0008638946,0.0005257031,0.0003961249,0.0002367708,0.9639623284,0.0084870029,2.071933722,0.1331983544,0.5523592922,0.0846411836,0.1625284218,0.0136129563,0.1466544963,0.0095712242,0.9521064007,0.0093777979,2.3710715468,0.2794859984,0.778820554,0.1327326585,-0.7889019750759808,-2.66321822563445,3.6305227423232695,0
239,742.4610082573838,27496,60,37.03359461870643,0.24175,0.0315148774,-0.0037866413,4.1098261,0.3457378022,0.25995,0.0316108763,0.0085550962,3.2217333731,0.4266343506,0.4983,0.0375114649,0.1321976895,2.8787104344,-0.2033585688,0.03455,0.0111376613,-0.0340764143,2.9366701438,0.395415191,0.4595833333,0.1122838532,0.913850051,2.1217849772,-0.2679747107,0.094702381,0.0807173365,0.9241043096,2.9025830066,0.9819627544,0.4457142857,0.0493980202,0.5456864211,2.2912749653,-0.2642153915,0.0419444444,0.0121575671,0.1334331993,3.0307611268,0.288453277,0.4981159373,0.3022755085,0.0008543412,0.0005772615,0.9616400659,0.0390165853,2.3913255102,0.6965238236,0.2461746622,0.4301251945,5.452e-07,1.27323e-05,1.4613e-05,8.859e-06,0.0620669968,0.1817014992,2.8180335178,0.4260462516,0.0695939949,0.2246446062,0.4986975,0.0193702057,0.0360592994,0.0026950051,0.0722980583,0.1075892481,2.9040480034,0.3756537655,-0.05589386,0.1757783019,0.4558405512,0.3021723433,0.0198864401,0.0123321369,0.9931278282,0.0033977772,2.1776679486,0.2310975173,0.5983384832,0.2002886156,-0.0001597436,9.53389e-05,7.47044e-05,4.54509e-05,0.9618001467,0.0280598122,2.2641734205,0.1994716163,0.6121541096,0.2008283419,0.186234165,0.0713552396,0.1368326714,0.0209178065,0.9466812537,0.049993132,2.474061561,0.2218912016,0.771833247,0.2450638441,-3.3723189119466888,1.6454615855264714,0.2696296612622386,0
240,112.99427031484132,3972,12,35.15222487770952,0.24525,0.036934909,0.0554008484,2.6980339881,0.2596565933,0.22645,0.0434010081,0.4001980483,2.6583114333,-0.0466123876,0.5283,0.041165641,0.1239757281,2.6939784349,0.0317507641,0.03815,0.010432042,0.1067002993,2.5270910946,0.0410239894,0.4281746032,0.1080538578,0.8712350016,1.866123203,0.0003630151,0.0867460317,0.0751356378,0.9226167077,1.9222594819,0.6230476558,0.4850793651,0.0495094352,0.38458209,3.3007489608,-0.3492121592,0.0427777778,0.0137661241,0.2788379863,2.9698769066,0.1614456418,0.492132193,0.2988448148,0.0022196476,0.0016207738,0.9383432147,0.0284956,2.4360728136,0.6534282802,0.1210770957,0.4852689261,2.9418e-05,4.78085e-05,5.80757e-05,3.55673e-05,0.243051487,0.1807970193,2.8389368819,0.4875935488,-0.0570588475,0.2946673335,0.518865,0.0200492899,0.0394264813,0.0039166723,0.184126021,0.1654454183,3.0080621504,0.5977997645,-0.0387782309,0.3008310637,0.4360174759,0.2648766963,0.0277619873,0.0171103286,0.9789615457,0.0092805551,2.1106794512,0.1280952642,0.5994942107,0.1066479208,-0.0007907209,0.0004773105,0.0003729801,0.0002299565,0.963857608,0.0127909456,2.1418336311,0.1461933905,0.6023945136,0.1137867256,0.1587177368,0.0226490445,0.1471578511,0.0123762807,0.950034973,0.0111152147,2.5358620083,0.2819301759,0.8575885522,0.1504239242,-0.7271569879910172,-1.7196039499981055,4.498423935974574,0
241,472.34974634008216,16766,9,35.49488515640871,0.2501,0.0341758687,0.1830999086,2.9270643645,0.1457296736,0.27025,0.039047247,0.3280424866,2.5612513677,0.1575164603,0.47965,0.0392189686,0.1983247328,2.5584575774,-0.1407185371,0.03705,0.0114257385,0.0913024913,3.5892739161,0.3199699917,0.5163354037,0.1164974845,0.9186087921,2.2874090101,-0.4481971961,0.0583540373,0.0499495907,0.8816279428,4.1850211549,1.2943500152,0.425310559,0.0734988263,0.8178616967,2.0397214575,0.0461941082,0.0411490683,0.0109096864,-0.0100439915,4.0662645398,0.6772057432,0.4987872066,0.3023551999,0.0010499881,0.0007075098,0.9574080321,0.0337430167,2.2478683624,0.4789956499,-0.099884637,0.4382716958,6.4005e-06,1.49307e-05,2.553e-05,1.58778e-05,0.3620728406,0.1643337263,2.7851296827,0.3176269004,-0.0619709414,0.1507725488,0.5063325,0.0208032887,0.0424371131,0.0054750853,0.2435394684,0.1780859589,2.8926810773,0.423475907,-0.0472533822,0.2323754796,0.4581181624,0.2914572806,0.0170895456,0.0118629042,0.9512498396,0.1419835679,2.0974834869,0.1461573885,0.5212053428,0.1571797312,-0.0002953155,0.0002086928,0.0001051774,6.98174e-05,0.8937587951,0.2293442868,2.939578893,0.5885479127,0.845325341,0.3839485397,0.1591829735,0.0935901123,0.1192017901,0.0202777175,0.8883054527,0.2133758423,3.3635047864,0.9555084588,1.0644316499,0.4612057109,15.025499805589467,19.1007616323052,3.3657769074653774,2
242,145.8512187707004,5250,14,35.9955853934534,0.2594,0.0342657263,0.2283057594,3.2238116579,-0.1635192817,0.24305,0.0415625733,0.2997992128,3.0450885122,0.4949253019,0.49755,0.038932602,0.1989400079,3.8193354002,0.518821651,0.0377,0.0123373417,0.0419534207,2.5976302989,0.5630942578,0.4506716418,0.102828997,0.8841854145,1.8901582028,-0.2162408671,0.0750746269,0.0575785806,0.917611328,2.4206156852,0.7319525561,0.4742537313,0.053984891,0.6211459734,1.9427124683,-0.1528821726,0.0458955224,0.012275609,0.1543402065,3.6264396948,0.4343110678,0.4943395899,0.2997339151,0.0021915341,0.0013091164,0.9307029227,0.0427617072,2.4912447601,0.756207904,0.0055347626,0.5040883735,-1.17121e-05,5.34571e-05,6.47269e-05,3.70282e-05,0.3501622396,0.1513242656,2.8636648769,0.34552095,0.0073772965,0.1730663114,0.494485,0.0224649955,0.0425922878,0.0057276323,0.290465691,0.1475292784,2.7743817925,0.2659408037,-0.0280931967,0.1641358303,0.4413533259,0.2666179409,0.0231110362,0.0143550552,0.9752482866,0.0093170037,2.2909620489,0.2404791387,0.7035915813,0.1680427044,-0.0007547696,0.0004792643,0.0003285443,0.0002038537,0.9553067438,0.0104174621,2.4104281193,0.3571186253,0.7183026779,0.2090265095,0.1527231582,0.0209327392,0.1446446491,0.0126035746,0.9417580163,0.0126316865,2.7103004402,0.3981252162,0.9158542391,0.2145855749,0.19623456174033527,-2.3511031856632427,0.43607616763860424,0
243,249.32397799707263,9105,10,36.51874991384464,0.2448,0.0378940629,0.4107651111,2.5014005129,0.3741031698,0.2604,0.0453854602,0.4496213288,2.5165129475,0.0505218778,0.4948,0.038935331,-0.024145286,2.6569999477,-0.0718417415,0.0371,0.0095178779,-0.0570329523,3.3314074769,0.6930004404,0.3742696629,0.0744023021,0.8843032972,2.0533505249,0.0866117968,0.090505618,0.0677654785,0.911934129,2.5530169025,0.800151618,0.5352247191,0.0386129607,0.4058179241,2.6816268277,0.2440668174,0.0411235955,0.0128245027,-0.0619061738,3.3796226352,0.5648472858,0.4954057981,0.3015352016,0.0009408553,0.0006219535,0.9457715499,0.0295777259,2.6665115693,0.7094236153,0.0395751027,0.5022701319,-3.652e-07,2.2528e-05,2.17152e-05,1.27846e-05,0.137822388,0.1145004971,3.1025567263,0.6769592,0.0423814209,0.2749481724,0.49649,0.0232317218,0.037098022,0.0027117827,0.0580673383,0.1088696857,3.1074311216,0.6237024353,0.0204803306,0.2425798497,0.4647448558,0.2856942316,0.015056415,0.0091608236,0.9857836432,0.0074802019,2.2610003054,0.2492780317,0.6589833731,0.1429925923,-0.0002860018,0.0001662382,0.0001283712,7.8138e-05,0.9632369106,0.0153857538,2.2650881883,0.3098220872,0.6274100732,0.1643649645,0.1587084276,0.0213219241,0.1429572637,0.0081387783,0.9527249542,0.0100748104,2.5868764896,0.3364920642,0.8619220914,0.1741026083,-2.8359350637025633,-0.11957733753087886,1.3731000315970026,0
244,412.1264495608461,15132,52,36.7168863248752,0.2508,0.0354381151,0.2199642256,2.7561079083,-0.1990678362,0.24255,0.0322606184,0.2036475871,2.5472884281,0.0700800947,0.50665,0.0412919786,0.1375069852,2.3425077837,0.1049922738,0.0374,0.0106179094,-0.0561592724,3.4260639923,0.5383575828,0.4722402597,0.1576872647,0.9541348892,1.87014644,-0.1067854762,0.0983441558,0.0825940141,0.9013209666,3.2439169478,1.0395025303,0.4294155844,0.0879878756,0.8733840242,2.0394840918,-0.3413349234,0.0407142857,0.0105748503,0.0957759273,2.7476019371,0.2033935365,0.4981761678,0.3031800362,0.0013357642,0.0011697808,0.9530947453,0.0326613806,2.4204258785,0.5782168918,-0.0081253032,0.5578520773,1.38e-06,2.05942e-05,2.72565e-05,1.6584e-05,0.2012935653,0.1260400123,2.7791455302,0.3805818233,-0.012580312,0.2096471577,0.4987,0.0200235861,0.0400922746,0.0030455738,0.1581099159,0.1136598301,2.9686918238,0.4204902673,-0.0509232573,0.2735691239,0.4494453643,0.2829750519,0.0226998487,0.0140709136,0.9901612889,0.0040370189,2.0570764027,0.1462319407,0.4999364735,0.1412101433,-0.0003283997,0.0002047653,0.0001428653,8.71722e-05,0.960386155,0.0219563982,2.4500652956,0.2418875577,0.7160069927,0.1259964609,0.1722880231,0.0603309909,0.1364382135,0.0172950683,0.9392568948,0.0637380695,2.7781908564,0.2993016598,0.9124239598,0.1730412921,-2.127183653460795,0.5278045025332042,0.027476996093234424,0
245,329.941862072096,11946,6,36.20637867828261,0.2043,0.0302077805,-0.0258469679,2.7937441334,-0.0412983877,0.2855,0.0289266313,0.1148872886,3.6174580842,-0.2137115075,0.5102,0.0352272622,0.0227561283,2.6111620539,-0.0054233243,0.0373,0.0114109596,-0.0542976197,2.5607920428,0.3445125496,0.4866748768,0.1230519243,0.9060081093,2.0251276052,-0.2169224156,0.0775615764,0.065456637,0.8906269828,3.332260068,1.0718938982,0.4357635468,0.0705155767,0.7279784315,2.3460969432,-0.1340587461,0.0415270936,0.0114956837,0.1018235183,2.6117832154,0.0328378993,0.494674122,0.3017169117,0.0012438839,0.0009672261,0.9429949465,0.0287305621,2.4773666612,0.4895579966,-0.0199648981,0.3798249924,1.6086e-06,2.08529e-05,2.53903e-05,1.5976e-05,0.1131667842,0.1307814697,2.7627978479,0.3343684923,0.0090121645,0.1263127101,0.4961175,0.0237262,0.0373489426,0.0028173763,0.0674426494,0.1366421534,2.7218447742,0.2829022231,0.0003807295,0.1449876648,0.4516876702,0.2826321396,0.0223567261,0.01317374,0.9896092379,0.0055613675,2.1089538964,0.1372281583,0.5685906277,0.1377579044,-0.0003057575,0.0001824331,0.0001347509,7.86051e-05,0.9639361203,0.0142181831,2.1985109927,0.1044020328,0.5817492382,0.129196946,0.1747874453,0.0291005125,0.1414200855,0.0101884328,0.9569733102,0.0155169186,2.3794599883,0.2544937378,0.7405294425,0.1844750039,-2.8971611256827883,-0.4442074333890204,2.0157523697615423,0
246,113.8741956757092,3731,50,32.764227030196885,0.21975,0.0375258244,0.2571179215,2.4356101771,0.2808753244,0.2673,0.0558543642,0.5593868029,2.0497319373,-0.0074070032,0.51295,0.0473661007,0.2990556735,2.7420759447,0.1422127872,0.04265,0.0101354576,0.1721231462,2.8500940829,-0.0326964751,0.5590277778,0.0942795742,0.8315101734,2.3575551387,-0.4906103937,0.0547222222,0.0490598337,0.888012515,2.7041021823,0.9304990376,0.38625,0.0528411535,0.6169996673,2.411749159,0.1497892076,0.0373611111,0.0110230888,0.4405654487,2.6038359972,-0.0483949743,0.4851096593,0.2935651373,0.0042155008,0.0029027729,0.9245674848,0.0382681366,2.3449700902,0.316690141,0.0221123085,0.3735769292,-1.12223e-05,8.18744e-05,0.0001418452,9.10138e-05,0.4154332766,0.136727531,2.9025908251,0.5259345461,0.0808453188,0.244634518,0.5015375,0.0238888461,0.0449828194,0.0051056427,0.3161081158,0.1369436677,2.8398290272,0.3853083443,0.0533292809,0.2618148366,0.4275075691,0.2604201559,0.0260109123,0.0160436535,0.9568508478,0.0158004973,2.4611438414,0.1688496878,0.839151449,0.0971297902,-0.0014520732,0.0008679824,0.000619709,0.0003819072,0.9397145125,0.0172706018,2.5254530806,0.2190323398,0.8337091905,0.1236150024,0.1412407907,0.0136392892,0.1440932849,0.012549722,0.9259879495,0.0196019854,2.9243402842,0.2972627826,1.0492984205,0.1175434405,5.437182748065104,-5.062109533838142,-0.5012657003638792,4
247,221.1999984300852,8424,38,38.08318291043107,0.2286,0.0393133565,0.2388849642,3.1324413737,0.1674037343,0.2811,0.0360317915,0.0602994427,2.9752661604,0.0295387009,0.4903,0.0382937332,-0.0338191368,2.5256485934,-0.1076461566,0.03465,0.0102287585,0.0993232666,3.147457539,0.3257789933,0.4162650602,0.1184153487,0.9289164169,1.903240514,-0.0835568406,0.1042771084,0.0847182877,0.9060796515,2.2950523391,0.724800313,0.4794578313,0.0477065077,0.6216367227,2.6979696318,-0.6148462196,0.0443975904,0.0108493959,-0.0388963193,2.2223902528,0.0275908338,0.4947013333,0.2994259967,0.0020406117,0.0012029956,0.937747105,0.0534878932,2.5433651784,0.4638905552,-0.0592474143,0.4928494728,-9.014e-07,3.50436e-05,4.85375e-05,2.87318e-05,0.2121930056,0.151221971,2.7656464101,0.3017612397,-0.0063970541,0.2336220809,0.50404,0.0208437916,0.0386426894,0.0043078192,0.1410538714,0.1396892729,2.8476141549,0.5008655688,0.0207425902,0.1897120335,0.4354096443,0.2644056047,0.0259035592,0.015987935,0.9815278044,0.0069909861,2.3196694618,0.1931875846,0.7285735382,0.132273701,-0.0006213818,0.0003765764,0.0002749467,0.0001689011,0.9618311529,0.0081328579,2.4065000174,0.2242293829,0.7454539684,0.1333897969,0.1546825681,0.0197037603,0.147464726,0.0076067345,0.9527578981,0.0076423323,2.7296939989,0.3451610129,0.943673178,0.1682682651,-1.216142331569891,-2.2216232684256774,2.100769965857535,0
248,116.1069711817137,4414,60,38.01666648501106,0.26335,0.0402309272,0.3159652191,2.872343705,0.2292480211,0.25655,0.0511844459,0.4608682232,2.7693304331,-0.2542947329,0.4801,0.0505666886,0.4854548959,2.270335303,-0.1020862287,0.0359,0.0097308787,0.1074485462,4.8090250558,0.5601243025,0.4677272727,0.1230181738,0.8241957515,2.0888765363,-0.4134916788,0.0713636364,0.0572312259,0.7932475001,2.4311327226,0.6921401994,0.4609090909,0.0719317284,0.6861977587,1.9786833683,0.2776929522,0.0472727273,0.0147499825,-0.455288622,2.3081116766,0.4441640223,0.4785074373,0.2915147365,0.0058125706,0.0035171035,0.9185369876,0.0391896082,2.3170306312,0.3943123127,-0.0735588948,0.3044954062,9.43146e-05,0.0002671562,0.0002535172,0.0001476883,0.5850492841,0.1189390822,2.6622048036,0.2840286506,-0.0119760984,0.2821244413,0.5111375,0.0446777654,0.0538125222,0.0076454778,0.5021995829,0.1419149852,2.7483306909,0.2000845359,0.0101958944,0.2400195523,0.4298817901,0.2611948914,0.0338776642,0.021418072,0.9416109161,0.0261756949,2.2960663564,0.4366975403,0.705040849,0.2095150993,-0.0027099588,0.001663306,0.0012203749,0.0007727125,0.9289095665,0.0298831482,2.2790673519,0.4510792897,0.6769950091,0.2154340351,0.1446529643,0.0247496855,0.1462041739,0.019963253,0.9095593354,0.0234839931,2.6335218148,0.4882683091,0.9250684997,0.2286877431,11.742484834992723,-6.193051594614518,6.286877694463284,4
249,168.1772750305761,6180,66,36.74693860318774,0.21975,0.0319012147,0.0802293308,2.4918986453,0.3578273213,0.3119,0.0429929064,0.3457624869,3.1245589839,0.2820621432,0.46835,0.0421725918,0.2357335328,3.0339239165,0.021191265,0.0374,0.0105943381,0.3613080127,2.4136360888,0.1034792023,0.4555844156,0.1255972072,0.9312044952,2.1446008772,-0.0641317823,0.1057792208,0.0911295101,0.9396331821,2.083028542,0.5989497911,0.4386363636,0.051915493,0.5366726317,3.0439742128,-0.6981487379,0.0422077922,0.0109749865,0.2597815689,2.7952633611,-0.0467465661,0.4962149001,0.3001899314,0.0023000703,0.0015598976,0.9436093364,0.0287757367,2.3649082656,0.45652236,-0.1136289192,0.4048107398,-1.16257e-05,6.62481e-05,5.77329e-05,3.8137e-05,0.2532498677,0.167367245,2.6652547883,0.3103474296,-0.0245234337,0.1534198517,0.4991025,0.0313492403,0.0389766746,0.0052322047,0.1838139723,0.1449274329,2.7653730775,0.3145764453,-0.0281459947,0.1836483662,0.4488284302,0.2723707386,0.024371572,0.0144414698,0.9777432501,0.0087235694,2.1707400119,0.1666995691,0.6435036335,0.1193630047,-0.000777311,0.0004777202,0.000350936,0.0002080664,0.9602103094,0.0182236824,2.2349336286,0.2412318664,0.6511936293,0.1358330636,0.1538048142,0.0189480615,0.1478317403,0.0135345648,0.9478849734,0.0146064669,2.5794974166,0.2471472865,0.8969285165,0.1360176908,-0.010815012592600537,-2.276806796929579,1.1494318623808353,0
250,443.60408203299056,16074,45,36.23501372290029,0.2458,0.0360812971,0.3582977027,2.3990477966,0.0619512603,0.2714,0.0393324294,0.3252764806,3.2558062298,0.1979444094,0.4828,0.0395936864,-0.0074455171,2.9622836945,0.2155199781,0.0317,0.0091983694,0.148478335,2.534581445,0.178055535,0.5152272727,0.1575869933,0.9639979748,1.6860030136,-0.0565313259,0.0952651515,0.075609429,0.9290577008,2.6872225663,0.8333620822,0.3895075758,0.094090261,0.8693340852,1.8897814135,-0.1761774575,0.0407575758,0.0105615951,0.0449823267,3.5067270775,0.3599632527,0.4891326244,0.297317655,0.0022949483,0.0018515915,0.951667441,0.0339543028,2.2635734744,0.6496905546,-0.0003987236,0.4343885684,4.9056e-06,4.41365e-05,4.19555e-05,2.56637e-05,0.1989786738,0.1634820264,3.0938343365,0.5821114191,0.0232301703,0.2534899537,0.503295,0.0258378497,0.0385429234,0.0048261329,0.1492770903,0.1430085262,2.9199162955,0.4515101553,0.0684548234,0.1954994123,0.4430577235,0.2717711835,0.023719153,0.01372904,0.9830818193,0.0084032843,2.3182128043,0.2504094535,0.7116802284,0.1791823693,-0.0004926565,0.0002973541,0.0002158411,0.0001252801,0.95964815,0.0185580975,2.3657861692,0.2795200914,0.7012978064,0.2037499457,0.1645925304,0.0379194551,0.1423708454,0.0133959484,0.9521464126,0.0095224025,2.6141970138,0.3549048848,0.8740411298,0.2398043696,-0.6854160490564891,-1.7081207322032324,1.4113829015980546,0
251,888.4764631956832,33008,42,37.15123739043848,0.23135,0.0313994825,-0.0725471373,2.4965166444,0.1026656423,0.26425,0.0321043221,0.0155991369,3.2660594016,0.2703489745,0.5044,0.0322976779,0.0014851671,3.1976433942,0.0940271296,0.0365,0.0098615415,0.0508053212,3.7166619306,0.1814323949,0.3716510903,0.072868997,0.7593502816,2.3379192963,0.0015746667,0.0959657321,0.0678152756,0.9130394114,2.5011146376,0.6499870174,0.5323831776,0.037873863,0.1147265417,2.6772676298,0.0293458217,0.0450934579,0.0133135207,0.2922006316,2.8401724887,0.5343844028,0.4985434843,0.3024492375,0.0004042106,0.0002907778,0.9620129312,0.0211634465,2.1110015575,0.4349638057,-0.1164943914,0.3332992889,3.909e-07,2.6819e-06,6.9281e-06,4.2727e-06,0.0254785144,0.0738270895,2.9991721216,0.4970306548,0.0001198531,0.2678532632,0.5024425,0.0097804176,0.0355423654,0.0025407457,0.0289951497,0.0901511914,2.7963034222,0.392568375,0.0332742223,0.2196503288,0.4657202917,0.3270160978,0.0170359339,0.0113084378,0.9964284221,0.001841381,2.0097872901,0.1444731009,0.4337090731,0.1770448546,-7.0071e-05,4.63254e-05,3.34535e-05,2.13303e-05,0.9359640491,0.0849369262,2.1721417273,0.1296098301,0.4783657119,0.162231591,0.2201175089,0.0796498896,0.1291414121,0.0313528429,0.9123881546,0.1135661791,2.3379538222,0.1117548625,0.5634530948,0.3275226872,-3.258076646318997,6.032284571468183,-1.557198557640511,0
252,684.7649400206233,25880,36,37.793991028834746,0.26335,0.0329245729,0.2207681274,3.4438792692,0.1156919607,0.22925,0.0308656362,-0.0141365564,2.6488740438,0.0301890671,0.5074,0.0376860717,0.1381425955,2.9310340535,-0.0464200368,0.04015,0.0107344073,0.0655080825,2.0206218234,0.2521582368,0.4399503311,0.1097208115,0.8790746842,2.149495917,-0.2982111128,0.0818543046,0.0650613971,0.9045282215,3.1368005371,0.9918682718,0.4781953642,0.0569736628,0.5851583461,2.5939802074,-0.1610029508,0.0411092715,0.0114731755,0.0277355793,3.2363073197,0.5430215572,0.4966690049,0.3018870125,0.0005367828,0.0003895082,0.9563219918,0.0423817434,2.4551534991,0.7040357646,-0.0730998323,0.5384526684,-1.2134e-06,6.9323e-06,1.05231e-05,6.431e-06,0.0892499615,0.0926240908,2.8530735188,0.4249756138,-0.0520064366,0.244571666,0.4955575,0.0145794228,0.0355766412,0.0027239173,0.051147742,0.098436565,2.8455379106,0.3952617487,-0.0312821928,0.2492061578,0.4619857947,0.3180772641,0.0180465468,0.0128335972,0.9943009449,0.0025169433,2.1814961017,0.1516235327,0.58604587,0.2068391303,-0.00011282,7.5516e-05,4.76602e-05,3.2798e-05,0.911900932,0.1431670882,2.3957826091,0.2702411001,0.6105041006,0.1450776355,0.1916232389,0.0810420332,0.1257748753,0.0314473238,0.8883130497,0.1855235286,2.5538171764,0.2551276883,0.7333155813,0.2046057515,-0.874108922944519,7.781917610761056,-4.922422967224378,0
253,315.9551377808507,11917,25,37.71738001698753,0.25545,0.0412255685,0.1662202281,2.6301979565,0.3447418053,0.2158,0.0376544818,0.2571533513,2.7508521585,0.0866591012,0.52875,0.0416795813,0.061219712,2.7582964941,0.1027226132,0.03875,0.0117553179,0.0114121037,3.0708521043,0.5595204315,0.4010555556,0.1230864521,0.8816848322,2.0086744664,0.2779928857,0.1057222222,0.0715214075,0.8814765571,2.2523411263,0.5844344045,0.4932222222,0.0676235951,0.6230423206,2.6026344441,-0.5053520849,0.0425,0.0118145391,0.2753623188,4.783827133,0.9803251306,0.5017795328,0.3034857742,0.0013944295,0.0009478642,0.9364956364,0.0371577704,2.4009537086,0.6342843472,-0.1574581968,0.4565623218,-1.9441e-06,2.75864e-05,3.4256e-05,2.1425e-05,0.2146326645,0.1187459086,2.9325526959,0.3878149283,-0.0666827773,0.2429071917,0.5039125,0.023465442,0.0393715622,0.0035578032,0.1657449592,0.1039662749,2.905644124,0.665321128,-0.0114080367,0.1915718987,0.4495933105,0.2746354194,0.0239541217,0.0143838306,0.9857213104,0.0059135208,2.22658397,0.1903600876,0.6794444527,0.1278564996,-0.0004790351,0.0002974487,0.000207964,0.0001266722,0.9680836182,0.008184022,2.3714144652,0.2449645045,0.7473096576,0.1246918097,0.1490071287,0.0221432292,0.1437688436,0.0120712891,0.954878006,0.0055967356,2.8184416883,0.3793878562,0.998368721,0.1608803297,-2.441657440215736,-1.4048527064726686,1.9026252693880492,0
254,625.3118891484269,23345,6,37.33336980333461,0.28705,0.0397561002,0.3766896725,4.0802113409,-0.0501736575,0.21725,0.0323602766,0.2102502077,3.153102747,0.1501697446,0.4957,0.0391408993,0.1875418779,2.6289870821,-0.0312280071,0.03795,0.008546783,0.0454921212,4.5997309475,0.7954355924,0.4712411348,0.1231993081,0.9145064401,2.2573151423,-0.3281364127,0.0972340426,0.0745231306,0.9172613919,2.8264079448,0.8662692713,0.4315248227,0.0606289238,0.6706877309,2.4606366586,-0.1773753926,0.039929078,0.0102449748,0.1570539139,4.2753502881,0.7314340726,0.5000019505,0.3037498891,0.0008911717,0.000664899,0.9290322434,0.0475810716,2.6738102607,0.7489646806,0.073906982,0.5851427059,-4.3408e-06,1.88245e-05,2.23161e-05,1.38464e-05,0.2133940795,0.1587445979,3.0898219829,0.5778245194,0.0871834796,0.2765877897,0.49311,0.0251750799,0.0394389648,0.0035827792,0.2192810107,0.1480980655,2.9701306087,0.7801406574,0.0666591131,0.2963303982,0.4473242,0.28550777,0.0233662004,0.0136310277,0.9905457641,0.0068629626,2.2049280267,0.4177589441,0.6279935782,0.2467405022,-0.0002827056,0.0001700457,0.0001210086,7.05747e-05,0.9593113761,0.028203198,2.3997220831,0.3709603458,0.6858682692,0.2281965486,0.162778928,0.0403011184,0.1331415053,0.0157331543,0.9501320646,0.0332693252,2.6747070268,0.4043073347,0.8664018284,0.2321676537,-1.9646119147158763,0.37534150016254525,-0.7284719979094609,0
255,408.35047924517,15041,50,36.83355540026076,0.26795,0.0332422547,0.1130276753,3.0510714053,0.2855210437,0.23015,0.0303022689,0.0040530016,2.4838017839,-0.1985473323,0.5019,0.032709173,0.028078103,3.1897984572,-0.1688154121,0.0338,0.011070682,-0.1970434858,4.6647597127,0.9566053969,0.3637662338,0.0721567371,0.8183330463,2.1393863752,0.1065318373,0.0852922078,0.0678166862,0.8721230409,2.442891474,0.7706844207,0.5509415584,0.0403345163,0.1499596223,3.0535487757,-0.0817827727,0.0466233766,0.0145593626,0.2998456878,3.6132408476,0.3779048173,0.4953462224,0.3012380235,0.0010358623,0.0006528393,0.9502122957,0.0420342115,2.290900561,0.5968403311,-0.1014392492,0.47626803,3.8039e-06,1.1512e-05,2.05807e-05,1.21194e-05,0.0854900101,0.1293197872,2.8945938378,0.3599340703,-0.1464463791,0.2652274793,0.510525,0.0175950242,0.0360297189,0.0041950991,0.0609070313,0.137612745,2.721492547,0.3064887541,-0.1054825457,0.2518326838,0.4424494747,0.2912069065,0.0247109022,0.016529281,0.9919257081,0.0031816717,2.1082873737,0.1469407929,0.5587936692,0.1927388904,-0.0002490215,0.0001691475,0.0001128236,7.38063e-05,0.9370228219,0.1156100374,2.1719102572,0.1434160595,0.5596408648,0.179515225,0.1873556167,0.0804745586,0.1348129633,0.0266226532,0.9310559537,0.1020157331,2.3950648138,0.1633964084,0.6795126176,0.378402643,-1.7741687511261788,5.026921493728414,-1.0297853254378742,0
256,859.0050231179022,31442,54,36.60281273545528,0.2219,0.0294854201,0.0468773004,2.8556348156,0.060470394,0.25445,0.0298905922,-0.0538961127,2.4041066628,-0.0671915337,0.52365,0.034524303,0.1625062843,2.8001238334,0.2718320783,0.03515,0.0102823879,0.0993890311,3.3977223969,0.3046267659,0.3589864865,0.0733496182,0.8333146888,2.1918071321,0.0797521204,0.1340540541,0.0769081982,0.8953690204,2.3386844117,0.4818808354,0.5069594595,0.0357117234,0.2290828993,3.4197280676,-0.2849772464,0.0419144144,0.0119328779,0.1494926622,3.8606849657,0.7476262149,0.4995094155,0.303570914,0.000462284,0.0004133185,0.9347027889,0.046102856,2.4754316655,0.6758188298,0.0237933373,0.5651882984,2.814e-07,3.6376e-06,9.6704e-06,5.8334e-06,0.0165614518,0.0925585459,3.0749468289,0.6780626828,0.0115566393,0.2973901397,0.4978825,0.0108276068,0.0360955359,0.0025453712,0.0290738352,0.1156531222,3.099373457,0.5828390504,-0.0159207589,0.2327565349,0.4531605615,0.3128669035,0.0223012927,0.0143604633,0.9952902239,0.0021619758,2.1725480989,0.1536419993,0.6025928152,0.1507705448,-0.0001126175,6.98965e-05,5.37609e-05,3.44936e-05,0.9712775354,0.0054037047,2.253556894,0.3072603295,0.5991102134,0.2288895229,0.1798530823,0.0290592306,0.1427258841,0.0064681277,0.9651356526,0.0070649264,2.3774883017,0.2946924366,0.7376236392,0.2259822494,-4.999312890432222,0.572888159926754,2.0681662962766705,0
257,708.1644460796869,26243,54,37.057776827512434,0.21945,0.0357274054,0.3086610865,2.5609423468,0.0694027679,0.23315,0.0364050477,0.3647802219,2.484468361,0.1466498023,0.5474,0.0402397813,0.3437670364,2.662781879,0.0094025182,0.03575,0.0127744863,-0.1208461417,3.2604650713,0.6781308216,0.4724688797,0.1060661349,0.8902456686,2.5091168374,-0.4644005294,0.1130290456,0.0816870558,0.9218533432,3.3819551048,1.0483735656,0.4145020747,0.0428056618,0.4391024894,2.609751467,-0.0704842709,0.0422614108,0.0105241337,0.121247949,2.5531526596,-0.0453888797,0.5000416275,0.3033040765,0.0004022587,0.0002912328,0.9290695331,0.0329004662,2.3952323338,0.5026495306,0.0073105466,0.3345291664,-2.8669e-06,7.6648e-06,1.17057e-05,7.1314e-06,0.2633000083,0.1495800517,2.9502595092,0.5308145875,-0.0464823935,0.1656211017,0.4993525,0.0261272821,0.0411995521,0.0035150085,0.1954435016,0.1413791003,2.9553356184,0.6009348632,-0.000713009,0.2091878941,0.4624154001,0.3133586451,0.0179192418,0.013187766,0.9949800666,0.0022422511,1.9946350397,0.1239196742,0.4546130755,0.1888251377,-0.0001169071,8.0432e-05,5.19078e-05,3.35983e-05,0.9533164438,0.0508721022,2.3151591592,0.2251766556,0.620002436,0.1612341428,0.1959165213,0.0957683481,0.1277936775,0.0271516926,0.924278646,0.1045305283,2.5676578535,0.2688052328,0.7623856048,0.2473330227,-2.4635944194413786,3.3969585430025995,-2.616879470915408,0
258,233.49011955434,8854,49,37.92023412767757,0.2503,0.0379790732,0.175881579,3.3749027291,0.2858507713,0.21385,0.0335771872,0.0456547129,2.3235805121,-0.0241733943,0.53585,0.0421666634,0.2607427224,2.8159809237,-0.3372970265,0.04145,0.0111196897,-0.0030310844,4.4737326058,0.8002889473,0.4020731707,0.08526126,0.8539571937,2.0344605568,-0.054814952,0.093902439,0.066881878,0.9146694,2.4796833892,0.7260358395,0.5040243902,0.0433536157,0.3568079796,2.5603918689,-0.0508602583,0.0456707317,0.0109811978,-0.0881236499,2.5875450777,0.3126949894,0.4963568415,0.3026088967,0.0015881079,0.0010990671,0.9503194926,0.037368766,2.2599655668,0.6005167934,-0.2569177018,0.3163035121,5.7638e-06,2.74673e-05,3.29583e-05,1.88946e-05,0.1791105478,0.1196781865,2.7894157618,0.3185226942,0.0294363001,0.2003983289,0.5006825,0.0221760246,0.038576182,0.0028370414,0.1467929474,0.1089849602,2.9830568012,0.3842104991,0.0704656202,0.2579277571,0.4473040665,0.2748304206,0.0227782614,0.0137731127,0.9862527287,0.0048194246,2.2375333712,0.2540391358,0.6710414359,0.1447197334,-0.000413785,0.0002493924,0.0001857273,0.0001118765,0.9679472928,0.0082918859,2.3049696976,0.3283508285,0.6716737138,0.1642703331,0.1578523302,0.0222412858,0.1444029041,0.010635217,0.9562439729,0.0070765009,2.6470494292,0.4512521617,0.9030252856,0.1998956636,-2.7183824032337904,-1.1336041790737612,2.1282017732484864,0
259,133.39720237742137,4993,28,37.429570568303824,0.25885,0.0403537793,0.3143464963,3.9035683406,0.6395342683,0.2449,0.0360068049,0.5248058688,2.7423991941,-0.1003278694,0.49625,0.0357657308,0.1774718459,2.5928290282,-0.0456854012,0.0346,0.0097385831,0.024024024,2.8916293303,0.1693057363,0.5035185185,0.1158075363,0.8742645769,2.0691237849,-0.1496621168,0.0888888889,0.0680957931,0.8899536994,2.158184498,0.5818797823,0.4075925926,0.058484519,0.6172321213,2.7095482174,-0.1673740002,0.0406790123,0.0104454221,-0.0171925102,3.1933821664,0.0227163235,0.4927226922,0.2988711685,0.0017304616,0.0011739869,0.9229157488,0.0588336721,2.4595976126,0.5442661567,-0.040643056,0.4655717115,-1.25641e-05,3.8067e-05,5.14671e-05,3.24088e-05,0.2973793759,0.2201827624,2.9248234965,0.491377354,0.1069283481,0.3568570426,0.493425,0.0303917444,0.0409056349,0.008007202,0.2214436579,0.2252918311,2.8432638457,0.4523513771,0.0287170302,0.2724559457,0.442226767,0.2688012685,0.0257472552,0.0152382318,0.9818809189,0.0089269026,2.1350119398,0.1435002702,0.6008083344,0.1148665007,-0.0006620641,0.0004036482,0.0002813229,0.0001669823,0.9613242705,0.0105544408,2.2853119023,0.2366363478,0.6526048211,0.1752437675,0.1548498406,0.0195410432,0.1394716767,0.0077844761,0.9465184401,0.0131422507,2.6346844837,0.3732262975,0.8740909417,0.2151390245,-0.12835141919605653,-2.5314032554264134,0.13324738930014557,0
260,423.1648861662915,15994,6,37.79614169998695,0.2831,0.0299481218,-0.0035421277,3.64721614,0.1966343403,0.2304,0.029779859,0.0891462091,2.1665601265,-0.1282383882,0.4865,0.0368476594,0.1268146211,2.8455125128,-0.0902610068,0.0357,0.0101493842,-0.0048130272,3.6984117826,0.4407855183,0.3811403509,0.0591609279,0.6399910537,2.2937190958,-0.1304547379,0.0755263158,0.0613923549,0.8821151697,2.6735295184,0.8347870278,0.5433333333,0.0392286743,0.1903253899,3.6191424912,0.504785791,0.0464912281,0.0152598807,0.4252901443,2.802023595,0.1940559423,0.4919293003,0.2997408273,0.0011558456,0.0009934013,0.9331593842,0.0439878798,2.3545371829,0.369194235,0.0133683664,0.3140167366,2.9208e-06,1.85361e-05,2.64198e-05,1.674e-05,0.0345117856,0.1114464914,2.9923776639,0.4914393799,0.0752269941,0.1821944177,0.498305,0.022260862,0.0364824132,0.0022944552,0.0191876277,0.1034573894,2.87697492,0.4363118377,0.0678474461,0.2363577095,0.4423349716,0.2798852514,0.0259277622,0.0156820269,0.9896072427,0.0038115637,2.2874702049,0.2210050017,0.7035130441,0.1507593388,-0.0003288491,0.0001941014,0.000146565,8.83142e-05,0.9682715961,0.0036870256,2.3503829226,0.1810148254,0.7037299645,0.1400657587,0.1633009607,0.0194205521,0.144950639,0.007560267,0.9622551354,0.0051944904,2.5328575999,0.2488865757,0.8564856507,0.1611922613,-3.278603356628338,-0.9996260290380713,2.2182624720632322,0
261,903.8225599508104,33982,64,37.59808783911019,0.25975,0.0287434775,-0.044980375,2.8025119679,0.2045859933,0.24655,0.0308277067,0.0429584707,2.3954423215,0.0733320052,0.4937,0.0350757751,-0.0730484108,2.853417028,0.1911269246,0.0369,0.0099694533,-0.1409059368,2.3167667171,0.3018759483,0.4026635514,0.0861254548,0.8298853428,2.1565106795,0.0486028593,0.101152648,0.0735053248,0.9203559636,2.4678527895,0.7347188758,0.4961838006,0.040992369,0.3297001477,2.9995251477,0.0031812143,0.0448598131,0.0121988575,0.1710341417,3.1616491941,0.3015418687,0.4988288588,0.3034500453,0.0003336695,0.0002851341,0.9324490456,0.0501720023,2.4696773473,0.5938656137,0.0742019408,0.4124293082,-3.334e-07,3.316e-06,6.9762e-06,4.2204e-06,0.0078407391,0.1150791833,2.9495525818,0.3173485205,0.0427670915,0.1964791425,0.4996925,0.0105813548,0.0356987594,0.0023079101,0.000261171,0.073272684,2.9232632549,0.3531958168,-0.0123731319,0.2230134838,0.460079543,0.3155050015,0.0186250996,0.0122608735,0.9960354262,0.0025156266,2.04938929,0.1814528086,0.4855461535,0.1482903386,-9.31804e-05,5.989e-05,4.11922e-05,2.67344e-05,0.9711887376,0.0029879719,2.2689584801,0.2153259713,0.5869657027,0.1400500931,0.1752079788,0.017360304,0.1369367076,0.0033525894,0.9599224766,0.0040813273,2.5071128609,0.2063123424,0.7653760602,0.1172231385,-5.178666766248072,0.4352027338626032,2.4816863362990156,0
262,429.08646080742426,15602,33,36.36097016587583,0.2586,0.0302909227,0.14738712,2.4897635799,0.1007951128,0.24905,0.030088993,0.0151584356,2.5598107923,0.3171634472,0.49235,0.035031807,0.0768062708,2.4657246539,-0.049978645,0.036,0.0100995049,0.0043205027,4.4852941176,0.7819253391,0.3679411765,0.0618479831,0.7703269147,2.373671564,-0.1858184751,0.1033088235,0.0692135989,0.9126437222,2.5986403405,0.7596477679,0.52875,0.0357932688,0.2425838747,3.5965299977,-0.0345294197,0.0453308824,0.0130215066,0.3830507816,2.8680013558,0.4470184307,0.4988985829,0.303930117,0.0007770233,0.0004588997,0.9505973564,0.0253382604,2.6084124389,0.5668426416,-0.0360775557,0.5135517485,2.3516e-06,2.03008e-05,1.84867e-05,1.10123e-05,0.0064822117,0.102740088,2.9365627633,0.4256998798,-0.0225687974,0.2268724073,0.5023275,0.0227305987,0.0354648019,0.0024006154,0.024906423,0.0998999048,3.0023873537,0.3902836867,-0.0249447195,0.2493491889,0.4527508661,0.2913571429,0.0240633833,0.0146323113,0.9921274161,0.0026450631,2.1581379951,0.1447972898,0.6197045363,0.1232486979,-0.0002457709,0.0001484206,0.0001067385,6.50429e-05,0.9686356284,0.0034895259,2.2092405877,0.1451679477,0.6134341277,0.1237439356,0.1660816418,0.0189022191,0.1427557338,0.0111744572,0.961639062,0.0082200714,2.4571273255,0.2549315053,0.8136825716,0.1500616355,-4.3383189693169815,-0.12700580023425564,2.4547476490054234,0
263,187.81226127160528,6392,63,34.0339866882077,0.2886,0.0306519167,-0.0226653399,2.8060016429,0.0877231207,0.2449,0.0302653267,0.1183342418,2.2798522701,-0.1725191156,0.4665,0.031729324,-0.1550131582,5.4219529105,0.9998513966,0.03425,0.0089826221,-0.0493812757,2.4154574271,0.3183270178,0.4089175258,0.0918543973,0.8513329947,2.2394814167,0.2306458169,0.1210824742,0.0886154288,0.9241798187,2.2272158643,0.5957744357,0.47,0.0423473608,0.3683830953,2.423793655,-0.1608672241,0.0377835052,0.010403436,0.0500187257,2.5809294605,-0.1626023994,0.4974216352,0.3029596933,0.0010859008,0.0007348411,0.9301958849,0.0466088561,2.6869554427,0.5598966189,0.2200417455,0.4632228906,4.1196e-06,2.40396e-05,2.80448e-05,1.5946e-05,0.100073448,0.1257415831,2.9571449656,0.461877948,0.0040998004,0.2437232756,0.4975475,0.0261673101,0.0372277827,0.0042879858,0.0838009837,0.1176769291,2.8573878498,0.3739139985,0.0209754904,0.2268827304,0.4583642323,0.2830070169,0.0176333458,0.0108139611,0.9850047869,0.0049184915,2.2066752051,0.129110059,0.6242340005,0.138941949,-0.0003296764,0.0002014195,0.0001475888,9.04443e-05,0.9533199269,0.0329035561,2.2551885758,0.0920947215,0.594816267,0.1799935169,0.1769950885,0.0560082891,0.1387261856,0.0209402362,0.9379699335,0.0594567881,2.4528169776,0.1762917138,0.757605817,0.2373821303,-2.3620252315409105,1.8407009939890462,0.6348100655711945,0
264,357.2428240822306,12775,38,35.75999051294991,0.23165,0.0299420691,0.2882044603,2.6411825633,0.0902979002,0.2465,0.0290129282,0.0655648465,3.2088576303,0.0572750414,0.52185,0.033336579,0.089550825,3.4095225298,0.3795644846,0.03375,0.0103531396,-0.0060480897,2.8537514131,0.369600986,0.4268402778,0.1078848836,0.8825753689,1.8819963544,-0.086572137,0.0952430556,0.074727119,0.926761026,2.3948271278,0.7418006437,0.4779166667,0.0507290597,0.4606644387,2.4773667603,-0.1842847316,0.0431597222,0.0132385502,0.0906665772,3.3641627722,0.4874312847,0.5008261522,0.303592311,0.0010597817,0.0007542269,0.9476817649,0.0325481521,2.4044663319,0.408913199,-0.0887873439,0.4963638973,-1.8444e-06,1.72042e-05,2.19107e-05,1.29218e-05,0.0537656594,0.1486247746,3.015257051,0.4905053001,-0.0626875212,0.3120357018,0.4994075,0.0162198896,0.0363337104,0.0030802786,0.0700938343,0.1496724451,3.0538367959,0.5310719651,-0.0131775908,0.2451567471,0.4537647913,0.287310316,0.0220257672,0.0127090619,0.9901763085,0.0028738901,2.1526772777,0.1289549421,0.6087670125,0.1467422546,-0.0003104518,0.0001841192,0.0001359317,7.90458e-05,0.9643121817,0.0168264507,2.2421426006,0.1798489619,0.6273855436,0.1795104644,0.1693118472,0.0403978929,0.1379286345,0.0153528037,0.9507902494,0.026417396,2.5046870572,0.3044014195,0.8112376496,0.2150128268,-3.597817280002208,0.4432107504235896,1.3043767978375629,0
265,440.6335629800493,16007,57,36.32723728928646,0.27975,0.0377384088,0.3415191588,3.0270589681,0.2519585198,0.2254,0.0372537246,0.1625792595,2.3825703356,0.1136223788,0.49485,0.0383174569,0.0980937242,2.5875708281,-0.271878524,0.03425,0.0105682307,-0.2616935054,2.4537161224,0.2482072388,0.4462598425,0.1238775883,0.9397390609,1.9559376401,0.0362932035,0.0964173228,0.0755606281,0.9024785597,2.473876971,0.7573252301,0.4573228346,0.0651158727,0.7333150251,2.3073006082,-0.3212799606,0.0416141732,0.0117868519,0.0681768536,3.2802815114,0.4406872279,0.4949803808,0.300470309,0.0014765382,0.0011675465,0.9511518465,0.0417494094,2.7388105366,1.2004612004,-0.1065152497,0.5901647034,-4.2187e-06,2.94092e-05,3.14638e-05,2.06919e-05,0.102836488,0.1248925877,3.0749904339,0.3564017927,-0.0041895444,0.2124574654,0.4955875,0.0252549197,0.0367607443,0.0032099925,0.1042818396,0.126747317,2.9960221979,0.4808764939,0.0519036052,0.1908492622,0.4513985973,0.2816552771,0.0209110043,0.0139478075,0.9754656926,0.0466465017,2.1475857142,0.2391340624,0.5901753492,0.1898009042,-0.0003647865,0.0002491382,0.0001700696,0.000111207,0.9092027908,0.2375881658,2.2310192645,0.2204355462,0.6056691721,0.1526072748,0.1791977166,0.0774857496,0.1384017127,0.0300181032,0.8664011966,0.3732120621,2.511863069,0.2365998279,0.8270423711,0.171002988,7.234704902130272,15.884839174591358,-4.614951574127212,2
266,192.55805016182669,7340,69,38.11837518001158,0.23935,0.0395452589,0.099059907,4.401944735,0.6140812193,0.23,0.0421070065,0.4736097354,2.8800116048,0.362162458,0.53065,0.0433223672,0.1463292475,3.2827269381,-0.4004045598,0.03735,0.0087594235,0.0787893256,3.3017664333,0.3791809961,0.4825257732,0.1286750957,0.934773406,2.0376953998,0.0692369121,0.0747938144,0.0650848674,0.9270360371,3.1337957577,1.0427889616,0.4426804124,0.0774964644,0.8016121558,2.6367987678,-0.5785380404,0.0450515464,0.0118298688,0.0386626224,2.583035745,0.4407306598,0.4916680708,0.2983617639,0.0019322016,0.0015098427,0.9377349779,0.0454088907,2.3279471761,0.5546983456,-0.2435006052,0.3556661587,3.3568e-06,4.02577e-05,5.80985e-05,3.55919e-05,0.4285305204,0.196523447,2.8591782142,0.4797775341,0.0170794538,0.3042778596,0.50315,0.0325404402,0.0452921227,0.0090799711,0.3532962501,0.201208862,3.0389009919,0.6894158259,0.0657969634,0.3065976818,0.445320427,0.2699379383,0.0239661254,0.0147882221,0.9814363974,0.0058638328,2.124249738,0.1097824062,0.5835705778,0.1001578151,-0.0006655295,0.0004099385,0.000292244,0.0001826483,0.9560675428,0.0180459274,2.4447541698,0.3991673975,0.7559011626,0.1775992073,0.151277049,0.0160566946,0.143739084,0.0111807897,0.9436957652,0.0171621401,2.8158784615,0.4200922352,0.9818176314,0.1695371283,-0.18392264761180985,-2.6411438323209757,0.41783648660679773,0
267,477.11719417413633,17820,9,37.34931420957369,0.29165,0.0409881385,0.1729381524,2.6689558077,0.3090001595,0.26895,0.0407387715,0.2799425726,2.4315034842,-0.1659794521,0.4394,0.0384205674,-0.0521576431,2.9648173823,-0.2007036116,0.03325,0.0098836987,-0.1760564732,3.2758193002,0.5690946524,0.5237946429,0.1303553617,0.9088431423,2.6463183365,-0.7839916604,0.0850446429,0.0691610941,0.8858777388,3.1001220447,0.9586604229,0.3911607143,0.0704322818,0.7145538209,3.2855542302,0.675970385,0.0413392857,0.0116109197,0.2613028206,2.6179179802,0.5251412784,0.4949487431,0.3001780142,0.0008927773,0.0006714643,0.9374783548,0.0400008219,2.4422263741,0.4635471708,-0.1516453065,0.4463255372,5.997e-07,1.58067e-05,2.24389e-05,1.41505e-05,0.2004579896,0.1804297435,2.8129182484,0.2705073928,-0.007185883,0.2264195733,0.49175,0.0357326881,0.0410157075,0.0056435126,0.2088464737,0.178855639,2.9774225482,0.3440410589,0.0004344357,0.1840061541,0.4419274306,0.2794939694,0.0238944914,0.0152911803,0.9898633306,0.0046126948,2.4044941506,0.4014303652,0.7635043365,0.1812927043,-0.0002912405,0.0001827343,0.0001295068,8.62085e-05,0.9655432892,0.028844528,2.4436842352,0.6562261131,0.8145932247,0.2266520131,0.1485697715,0.0138030543,0.1435644223,0.0174231683,0.9649980841,0.009133927,2.6438241661,0.3495575186,0.9625528436,0.1310843055,-1.6245484063950808,-1.506177192544705,-0.9579733116919543,0
268,619.2119131123973,22239,14,35.91500668683558,0.24335,0.0283377399,-0.0550187331,2.7737232059,-0.1453143794,0.2724,0.0368,0.0183460759,3.3876326732,0.4913743534,0.48425,0.0360996884,-0.0974643901,2.9954417452,-0.1016301528,0.0353,0.0096648849,-0.0361959903,6.5384718144,1.3025122292,0.4354205607,0.1039536685,0.8815720895,2.0755717881,-0.1287243019,0.0889719626,0.0722137867,0.9071736083,2.8251162878,0.9445837258,0.4756074766,0.0517574785,0.5260879336,2.9663267844,-0.3318315313,0.0431775701,0.010806119,0.118534242,4.3576288257,0.6190591406,0.4982075585,0.3030723303,0.0005049046,0.0003957206,0.927414752,0.0533287477,2.4430667832,0.5846060732,0.0031526222,0.400863989,1.187e-06,8.8362e-06,1.08178e-05,6.5206e-06,0.0258536329,0.1308408714,3.0779782615,0.4238732103,-0.0518413025,0.2524620527,0.5020875,0.0179979157,0.0359098589,0.00241597,0.0196812012,0.1215772574,3.1765708705,0.4882912499,-0.0311947251,0.2093051021,0.454744012,0.3021016714,0.0200938449,0.0123881999,0.994163348,0.0033419475,2.0937088881,0.1356907967,0.5511466407,0.138678823,-0.0001286686,7.69449e-05,6.14853e-05,3.76238e-05,0.9673751934,0.0115297007,2.1554983289,0.2600338434,0.5260344739,0.1904075363,0.1851013673,0.0445738021,0.140577912,0.0123709319,0.9573839816,0.015417264,2.3231676731,0.3343856719,0.6754029264,0.2324913971,-4.210856080251396,0.7077936998339384,1.8570662086253662,0
269,221.1030490634061,8413,56,38.0501310842954,0.2484,0.0381567818,0.335201888,3.2024329587,0.0708789478,0.24955,0.0311295278,0.2135346554,3.0388629201,0.2145480728,0.50205,0.0372900456,0.1670996811,2.6853561342,-0.2996269949,0.03825,0.0097050245,0.1486973514,2.7711691822,0.170763721,0.5020481928,0.1223244652,0.9026697943,1.9058622518,-0.1803270579,0.0721084337,0.0582998093,0.9066210492,2.9155155039,0.9505958898,0.4258433735,0.075449733,0.7277897457,2.3381012231,-0.0195167513,0.0401204819,0.011998391,-0.0691916035,2.5874696458,0.243648675,0.4913618194,0.2986386711,0.0015670018,0.0011537658,0.9334840978,0.038171197,2.4953607927,0.5421425216,0.113129104,0.4597112324,-6.188e-07,2.93195e-05,4.08768e-05,2.58341e-05,0.2138830534,0.1935909471,2.8903791711,0.4783248317,0.0089635885,0.2546612919,0.498145,0.0249966293,0.0412601953,0.003549477,0.2014133092,0.146960857,3.0259455257,0.7287165038,-0.0256420713,0.3114629845,0.4471552358,0.2725146509,0.0240865602,0.014395005,0.9847692739,0.0064436038,2.1308244756,0.1919324556,0.5761891925,0.1437859453,-0.0005153788,0.0003078143,0.0002370434,0.0001435586,0.963783287,0.0132046826,2.2818617926,0.2833193854,0.644690638,0.19125825,0.1593440796,0.0267877733,0.1455974536,0.0097330597,0.9502940214,0.0118802679,2.640185246,0.4018906009,0.8848968708,0.2296807423,-1.1964079402258372,-1.8694048027728611,0.7449862727163137,0
270,283.33210624989874,10386,12,36.65662934379754,0.25065,0.0358096007,0.1176265104,2.6781258439,0.3151796945,0.2638,0.0405963053,0.1772878459,3.0570824225,0.0409496747,0.48555,0.0395278067,0.2092815078,2.498452485,-0.1364870143,0.03775,0.0086998563,0.0378495441,3.3783825803,0.457167492,0.4024166667,0.1048828381,0.8804492501,1.8652492289,-0.1439760038,0.10875,0.0861642085,0.920705989,2.4425849383,0.7430349355,0.4888333333,0.0429521698,0.2574748073,2.4602519945,-0.0266016519,0.0441666667,0.0116607128,0.1571212449,2.4992305212,0.0321191202,0.4987735353,0.3034298795,0.0011904944,0.000818041,0.9447200801,0.0308422535,2.4866098784,0.5768382206,0.0404148058,0.408506993,-8.275e-06,2.29373e-05,2.53615e-05,1.59241e-05,0.1384396272,0.1228360271,2.8759584699,0.2391158037,0.0147623369,0.2587250689,0.4895525,0.022530887,0.0370238035,0.0034255439,0.1335158321,0.1134081921,2.7554579864,0.2729847932,0.0353567715,0.2019370359,0.4505010401,0.2804094749,0.0214468333,0.012773912,0.9890196105,0.0050081602,2.1543938741,0.2198351303,0.5869878396,0.1627932182,-0.0003333291,0.0001979557,0.0001442081,8.6121e-05,0.9654402527,0.0085526784,2.4541532534,0.2496346245,0.725490359,0.1420623725,0.1660469874,0.0304914854,0.1403959191,0.0072850781,0.9555625141,0.0137141479,2.6663623271,0.319944853,0.8742605468,0.1738598616,-2.854595716777247,-0.8075574513435572,1.034731317236645,0
271,369.3185828293503,13644,49,36.94371373212064,0.23385,0.0271924162,0.1056892711,2.7828123979,0.0568859586,0.2155,0.0298035233,0.0772780675,2.5542592572,-0.1232388668,0.55065,0.0302874149,0.0377492602,2.8679142948,0.1321715976,0.0387,0.0115676272,-0.0145646357,2.8131569446,0.0704557932,0.4072619048,0.0797444011,0.8220748143,2.0366395622,-0.0351596517,0.0933333333,0.0727001889,0.9168496158,2.1713371776,0.6992781074,0.4994047619,0.0387790196,0.1792853645,2.8473489406,-0.0128425983,0.0456547619,0.0132238007,0.0363336423,2.749514476,0.5804447256,0.4906548344,0.2995432654,0.0021014418,0.0015014595,0.9279839114,0.0998864654,2.2940263321,0.4764305621,-0.0207098363,0.4061800781,4.8185e-06,4.40214e-05,4.66485e-05,2.89847e-05,0.1277025304,0.1382529491,2.9470476903,0.550159618,-0.0135142103,0.2210991622,0.501095,0.0233564279,0.0372365506,0.0030891014,0.0829995043,0.1056030124,2.9655179144,0.4506451577,-0.0418696063,0.2859093075,0.4351720279,0.2659452648,0.0303217685,0.0181806983,0.9842187001,0.0073648042,2.2629497062,0.3059591077,0.695436116,0.1641180347,-0.0006068528,0.0003607072,0.0002833107,0.0001692837,0.9644660376,0.0130967884,2.2751696124,0.2405262668,0.684998908,0.1396597407,0.1610294368,0.0170549809,0.1480539052,0.0091031192,0.9553855534,0.0068341762,2.5321151714,0.2526918435,0.8799704185,0.1346999496,-1.6341310286880633,-1.4845792499223402,3.061598298803237,0
272,191.4265655721105,6954,45,36.32724632141208,0.31545,0.0409761821,0.499831346,2.718226549,0.1812030741,0.258,0.0373764632,0.3678069745,2.3279847551,0.0015800082,0.42655,0.0342395605,0.1752116133,3.1733868999,-0.0693533573,0.035,0.0107004673,0.1585903084,3.3475715566,0.5815360452,0.5701612903,0.1552442606,0.9327459108,2.065530804,-0.2338835124,0.0981182796,0.0756723056,0.8950323695,3.435404257,1.068031286,0.3317204301,0.0891612488,0.8494728766,1.9705872447,-0.212511847,0.0347849462,0.0112142857,-0.0756372257,3.968121695,0.5740863332,0.4951885927,0.3002503393,0.002877369,0.0018252698,0.9445414865,0.0454052763,2.3061734652,0.5632913783,-0.0840718931,0.4321870899,-5.9425e-06,6.71454e-05,8.35949e-05,4.56576e-05,0.4970971822,0.1880447103,2.6440366819,0.3763827843,0.0585711395,0.171671659,0.491245,0.0383767472,0.0522166447,0.0111858064,0.4170265705,0.1888917387,2.6893006877,0.3388055837,0.0759681875,0.1823237852,0.4452561724,0.2706791776,0.0241630342,0.0142726559,0.9761243696,0.009604255,2.2455812875,0.1255466557,0.6741502705,0.0971081112,-0.0008407014,0.0005063178,0.0003302763,0.0002003657,0.9408144166,0.0200187814,2.9159304747,0.5428131843,0.9597599972,0.2358770354,0.1374272708,0.0196433803,0.1356440442,0.0131705415,0.9344021656,0.0106749971,3.3652985915,0.7683629781,1.1471050856,0.3482083545,2.0659830461075908,-3.617824423479101,-2.4032082529817336,0
273,349.217510690484,12842,32,36.77364280676644,0.27105,0.0337956728,0.1040900758,2.7060739632,0.2602958711,0.25185,0.0309730124,-0.0427249703,2.5181578095,-0.0882383495,0.4771,0.0369200488,-0.0081896488,3.616358621,0.0913212142,0.03525,0.0087285451,-0.1758248254,3.0327289882,0.2617927383,0.4212171053,0.1032466335,0.8963733641,2.0068352646,-0.0606288176,0.090625,0.0728785771,0.9034346628,3.0244045282,0.9651974561,0.4881578947,0.0511373416,0.5810219704,3.0912082856,-0.2960416203,0.0413157895,0.0115953831,0.1383852696,2.9915791472,0.4546171444,0.4982085883,0.3023291265,0.000845011,0.0005939682,0.9403603201,0.0438800754,2.3803490292,0.6502388197,-0.1294725216,0.4601932578,-2.4376e-06,6.0744e-06,1.6796e-05,9.9456e-06,0.0478062161,0.1281854387,2.9677543548,0.3168189805,-0.0398611485,0.2059413254,0.5003325,0.0144735299,0.0358581292,0.0027682926,0.0108572145,0.1343547061,3.1113489515,0.4834655256,0.0145816095,0.2015786441,0.4517994197,0.288396752,0.0217764691,0.0127109325,0.9921613774,0.0038000921,2.1276302984,0.1970253018,0.5625466009,0.145976028,-0.000219611,0.0001278186,0.0001029613,6.0514e-05,0.9714470602,0.0070680359,2.1905465112,0.231370368,0.5824155998,0.1650950002,0.1750253465,0.0191707225,0.1469576524,0.0098898439,0.962166927,0.0051993462,2.3644870069,0.1411481243,0.7526007194,0.1129573452,-4.015835238797917,-0.2990544066137388,2.3886665555826605,0
274,787.230320838779,29052,48,36.90406635893501,0.24745,0.0360381395,0.2001616863,2.3533805166,-0.0157944458,0.26105,0.0305474631,0.066713556,2.6269164122,0.2437504773,0.4915,0.0369222155,0.0763207654,3.3582876448,0.0331682963,0.0395,0.0096824584,0.1460445705,2.7552213333,0.1825982548,0.4401141553,0.1170854612,0.902081947,2.0160338678,-0.1567732177,0.0931050228,0.068305939,0.9188776841,2.6798081307,0.8623587434,0.4667808219,0.0621294671,0.6564053997,2.7466784272,-0.3316408393,0.0432191781,0.0109180173,0.013615678,3.2407294271,0.4462999541,0.4979478905,0.3025007943,0.0006580999,0.0003891028,0.9559448583,0.0278071677,2.2062327144,0.5593479653,0.0064968336,0.426761477,-1.1711e-06,6.5334e-06,1.26884e-05,7.6737e-06,0.0970249862,0.1397843366,2.9981148462,0.4061567741,0.0214436336,0.1934143193,0.5001475,0.0151783108,0.0364267348,0.0021914867,0.0686664377,0.1018797346,3.0193910314,0.5164759191,-0.0583650587,0.2515240551,0.4507081502,0.2950586128,0.0230258867,0.0151050667,0.9940758391,0.0028811868,2.1025793691,0.1155474454,0.5707665988,0.0910702407,-0.0001680107,0.0001103596,7.79609e-05,5.09867e-05,0.972933786,0.004917621,2.1388350881,0.1050926271,0.556913613,0.0938410197,0.1710763622,0.0129835289,0.1464530266,0.00518087,0.9648849502,0.0037247344,2.3302598477,0.1260774802,0.7436837661,0.0921825806,-4.488132282682295,-0.5460734733521334,2.7922149212560363,0
275,1123.2097355699575,40643,57,36.18469348413924,0.2447,0.0318576521,0.0941951517,2.8261286481,0.2546480436,0.2346,0.033717058,0.1085980206,2.6748975335,0.3920276309,0.5207,0.0411036495,-0.0602265464,2.7602632138,0.2123504976,0.0349,0.0113793673,0.1089741644,3.0990769964,0.4827560982,0.4018413598,0.081089485,0.8409777401,2.1138121275,0.016952467,0.0956232295,0.0671329679,0.9166890964,2.6484477194,0.7213033972,0.5025354108,0.0378327843,0.2460851565,3.0817319192,0.0871440354,0.0419546742,0.0118359029,0.116486094,3.3163457883,0.2970786625,0.4989976722,0.3032050956,0.0003730638,0.0002425078,0.9615874995,0.0293232084,2.1224913816,0.4422804858,-0.0744239519,0.438515077,1.2548e-06,3.696e-06,6.7219e-06,4.1111e-06,-0.007659416,0.1028790244,2.8108790142,0.3866469283,-0.0498727061,0.20494761,0.5048275,0.0174236798,0.0350094226,0.0021478958,-0.0116365491,0.0812119987,2.8918175131,0.4935527539,-0.0589350074,0.1947784551,0.4635046764,0.3240753357,0.0184059937,0.0113890558,0.9968211037,0.0021182856,1.9805078653,0.1709573567,0.4068777938,0.1870013146,-7.35032e-05,4.46384e-05,3.62837e-05,2.14279e-05,0.9640118443,0.0245968079,2.0529885904,0.0767686824,0.4192242479,0.1587724982,0.2158657222,0.0635581092,0.1345872987,0.0231939831,0.9473623266,0.0406565026,2.2255174727,0.1108160827,0.5679106683,0.1954696398,-4.677118698439156,2.5118667189447783,1.394924576228789,0
276,326.59856594011126,12376,8,37.89361402851169,0.2613,0.0279787419,0.0725556363,3.1814145172,-0.1503355922,0.22375,0.0335959447,0.0915456027,2.7923225673,0.0942337833,0.51495,0.0313248703,0.068658358,2.4597184851,-0.0137962889,0.0404,0.0094519839,0.0612813623,2.554782531,0.044678117,0.3909615385,0.0790085101,0.795032478,2.2259954811,-0.2821593713,0.099,0.0712050128,0.9079420131,2.3926369399,0.7302110884,0.5100384615,0.0354937489,0.1250954832,3.2829609732,0.2321059865,0.0432307692,0.0107571361,0.1771912355,2.9766455316,0.2305887185,0.4976500726,0.3020813361,0.0006826736,0.0005048143,0.9442087551,0.0289082606,2.332721865,0.480876236,0.0800042699,0.3794547982,2.269e-07,9.0666e-06,1.42138e-05,8.8429e-06,0.0552920399,0.099963672,2.9494873174,0.3343597874,0.0279884307,0.2667733619,0.5060525,0.0170550174,0.0354156441,0.0030599471,0.0195973248,0.1094654851,3.1287764507,0.4054851748,0.0341150414,0.2802006248,0.4644401565,0.2981252355,0.0162608791,0.0099548772,0.9896082729,0.0041148172,2.4091742689,0.2691166156,0.7579888191,0.2304876866,-0.0001793678,0.0001122015,8.03336e-05,4.9178e-05,0.9559712244,0.0300463291,2.4001932118,0.2706241096,0.6700958665,0.2511015026,0.1912028593,0.0580715798,0.1428740322,0.0244446701,0.9520876692,0.040540854,2.3133972062,0.3650661373,0.6759226628,0.2674074316,-3.4236177773317946,1.867239291762981,0.1485383244526182,0
277,255.98516124985463,9600,28,37.502173771041,0.28405,0.0319819871,0.0859366335,2.5647223679,0.2234521681,0.2296,0.0312224278,0.1692073139,3.3829284,-0.0215241569,0.48635,0.0363926847,0.1491013381,2.2712091381,-0.2288954878,0.0323,0.009066973,-0.0212802741,2.7488113348,0.0141991667,0.4563934426,0.0936011382,0.8415134662,2.7194278807,-0.6622503231,0.0717622951,0.0626332093,0.8846554961,3.5315177639,1.1771304605,0.4718442623,0.0466245943,0.3302619224,2.6417034189,0.1237339783,0.0434836066,0.0115213512,0.0968596376,3.0158182832,0.3602807211,0.4984366226,0.3023558159,0.0010292712,0.000693077,0.9491170857,0.0399446265,2.2701092211,0.5104111506,0.0081521176,0.3895935249,3.4594e-06,1.39142e-05,2.35988e-05,1.49195e-05,0.2318479912,0.2077318506,2.9189987452,0.4338616107,0.0007696057,0.2806549842,0.5009725,0.0212654736,0.0402253671,0.0062262521,0.2093046309,0.1948653839,2.9743657349,0.4474698054,0.0270331189,0.286585994,0.451790564,0.2844562377,0.0206896841,0.0126521788,0.990085312,0.0035746383,2.2522153893,0.125764438,0.6617478413,0.0955273718,-0.0002568599,0.0001574661,0.0001094404,6.62832e-05,0.9646057055,0.004520326,2.3618677381,0.2521289741,0.7103786829,0.1249022482,0.1609936672,0.0151511723,0.143601284,0.0071994921,0.9615999844,0.0043563708,2.5287288176,0.3761608912,0.8658921982,0.1558146631,-3.181025550239855,-1.4243675249865313,0.6256521383608233,0
278,105.61208000353288,3905,36,36.97493695673234,0.2614,0.0408905857,0.3659124649,3.4367041077,-0.1930697357,0.19625,0.0375391462,0.270548819,3.453368144,0.5363895465,0.54235,0.0343253186,0.2780066905,3.120442316,-0.188307625,0.0412,0.0111830228,0.3780600662,3.0618432338,0.4383515138,0.4621341463,0.1547441446,0.9192803273,1.9619767971,-0.4120379246,0.0982317073,0.0972091407,0.9229867499,2.977614203,1.0221655033,0.4396341463,0.0708647823,0.7094961309,2.0156378712,-0.1926670435,0.0427439024,0.0096320235,0.2200833107,2.6336153527,0.3556004059,0.4974458052,0.3020550493,0.0023760888,0.0018510559,0.9332088194,0.0389819255,2.4358754698,0.6729675942,-0.2397829253,0.377912138,-8.7269e-06,5.61013e-05,7.21461e-05,5.00638e-05,0.4155106385,0.1562412139,2.9900476943,0.5811848165,0.0323061111,0.248175318,0.5002875,0.0252915494,0.0445784557,0.0077623233,0.3228431127,0.1647877849,2.9796985106,0.3908508891,-0.0043839525,0.2637352228,0.4572839062,0.2777781079,0.0168308646,0.0103519079,0.9707941179,0.0060662736,2.3810866213,0.219918299,0.7469633093,0.1331498352,-0.0007521373,0.0004563518,0.0002856378,0.0001769337,0.933252092,0.0177777202,2.8434600577,0.4011056987,0.8906067455,0.1733569557,0.1406423835,0.0220331308,0.1337207609,0.0126882211,0.9288244009,0.0140905538,3.0479726679,0.4352738058,1.0388583942,0.1747992837,0.639198279338791,-2.8274513392340896,-1.2695437751528176,0
279,439.1245382854816,15996,30,36.4270237834005,0.2523,0.0308416926,-0.0842114531,2.8050194031,0.0600602796,0.26685,0.030262642,0.0083788287,2.8114900098,0.159823859,0.48085,0.0302494215,-0.0999323965,3.547750207,0.5374936784,0.03245,0.0092058405,0.0472208504,2.0037584513,-0.0177528167,0.4103333333,0.0914610681,0.8581146624,2.171086508,-0.1475511902,0.0947142857,0.0767194288,0.917927658,3.0830488041,0.9267985984,0.494952381,0.0422520512,0.2437076694,2.8328969356,0.0142079045,0.0418095238,0.0122304034,0.3098151987,2.6389809867,0.1593794905,0.4985128346,0.3028614132,0.0008628736,0.0007375711,0.9430147997,0.0434813506,2.4681916833,0.6441512374,0.0665073439,0.4013726422,3.172e-07,6.3651e-06,1.47438e-05,8.9366e-06,0.044622502,0.1217047358,2.9920820818,0.3787013605,-0.0193452595,0.1953447337,0.499775,0.0110820745,0.0363619453,0.0030365989,0.0130488479,0.1289237572,3.1528954456,0.3775979477,-0.1103333845,0.2672656972,0.4457684702,0.2937916103,0.0251609995,0.0157760429,0.9939911564,0.0022968896,2.1022795895,0.0885505983,0.589289578,0.0897399969,-0.0001907318,0.0001188297,8.79682e-05,5.52034e-05,0.9720475902,0.0101071651,2.1610948796,0.085500687,0.5848111821,0.0899219793,0.1701509703,0.0154586403,0.1466240057,0.0050055632,0.9649586819,0.0084775242,2.4225527353,0.1483775229,0.7909975312,0.1111327482,-4.4642763020794405,-0.22775009027595067,2.7044599983263415,0
280,242.90644987817424,8887,64,36.58610137547657,0.24175,0.0353296971,0.0789529717,2.9828623218,0.2500767531,0.2414,0.0384062495,0.2948183249,2.7675855976,0.162082361,0.51685,0.0344503628,0.0378449893,3.0238790755,-0.3850151301,0.0375,0.0114564392,0.0274469187,3.1986394558,0.6334553614,0.4496153846,0.1030476012,0.8980740911,1.9692222734,-0.1158299691,0.0928571429,0.0704192424,0.8916471868,2.6881397118,0.8154579539,0.4575274725,0.0503251714,0.5001405906,2.5365211273,-0.291396751,0.0378021978,0.010974716,0.3296852381,2.6129656703,0.1245572072,0.4936363808,0.2998197377,0.0014484828,0.0010902029,0.916084936,0.0609704089,2.4566935751,0.6775858928,0.0610102601,0.415077245,-9.0672e-06,2.921e-05,3.55987e-05,2.1453e-05,0.1954249502,0.1542815995,2.8286265583,0.4212507476,-0.0305476506,0.1971796745,0.4973325,0.0238448332,0.038105774,0.0032780887,0.1300985099,0.127923356,2.9520411693,0.2747496563,0.0049156279,0.2021955725,0.4507945769,0.2817304858,0.01765663,0.0109141184,0.9809441341,0.0070560682,2.5244534628,0.3042609509,0.8605751759,0.2208681729,-0.0003954176,0.0002587026,0.0001620633,9.77935e-05,0.9344995596,0.0984753503,2.5785298397,0.3107915432,0.8424348544,0.2463914434,0.1599910624,0.0769237869,0.1334670139,0.0237361862,0.9432519077,0.0505708307,2.9013544641,0.4208336173,0.9711092613,0.38944771,-0.11499173861938038,1.8795988961851173,-2.4879677584702526,0
281,277.359064875236,10338,54,37.27298404561007,0.2468,0.033604464,0.0978631152,3.2564116586,-0.3681688319,0.2314,0.0362565856,0.0766471278,2.8095345577,0.1215085827,0.5218,0.0368070645,-0.1245646132,2.6087398599,-0.2510598935,0.0366,0.009896464,-0.0375734479,2.6118518508,0.3180695582,0.40305,0.0962753733,0.856071312,2.0083971418,-0.1393371582,0.08165,0.0659244075,0.9041048256,2.9360823342,0.8297250103,0.5153,0.048155062,0.4364962513,2.3730829222,-0.0401822898,0.04945,0.0132267721,0.1840234835,2.7303172665,0.1772175437,0.4929219461,0.3004334061,0.0012473916,0.0009005064,0.9452929128,0.0456240346,2.4529779728,0.5976792701,-0.0455137995,0.4728953684,7.4119e-06,2.4995e-05,2.77029e-05,1.70853e-05,0.1655126036,0.1730673407,2.9007043236,0.4398195471,0.0054025377,0.2365687722,0.5043225,0.0287709379,0.0392482304,0.0037667012,0.1187070101,0.1465897124,2.852345994,0.2907004771,0.0312361346,0.2241264804,0.4562447453,0.2825885568,0.019832792,0.012288261,0.9866092994,0.0043658442,2.2929076027,0.1634680222,0.7111623322,0.1115512353,-0.000335139,0.0002008821,0.000148744,9.26595e-05,0.9659235271,0.0082105739,2.5559417576,0.2450448586,0.8060289549,0.1213374584,0.1528926308,0.015898712,0.1458692575,0.0100793278,0.958785481,0.009839809,2.903247767,0.3225298084,1.0112103079,0.1373576818,-3.008972193021081,-1.160661153511279,2.0497566274948786,0
282,196.9384733879382,7459,45,37.874773129305865,0.2672,0.0374521027,0.2901752104,2.3648758647,-0.22963287,0.236,0.0340954542,0.2936775708,2.3907618453,0.1595520611,0.4968,0.0347600345,0.1197708514,3.0861754601,0.3188055242,0.0347,0.0091874915,-0.0040900262,2.8144519754,-0.095425478,0.4121527778,0.095491515,0.8645679294,1.9778643343,-0.089187081,0.1246527778,0.0889300849,0.9210396971,2.296185734,0.6104333214,0.4631944444,0.0389382128,0.2412171281,2.6563373882,0.1135661498,0.0370833333,0.0118950854,0.1893860745,2.2958440288,0.112864746,0.4898011871,0.2981820515,0.0017242572,0.0011904363,0.9472629267,0.0352124491,2.2894942969,0.4554744962,-0.0119907058,0.4576841151,-2.1527e-06,2.92467e-05,3.57531e-05,2.27089e-05,0.1769912951,0.1281927824,2.9168921185,0.308721493,-0.0024713612,0.1996967505,0.4986975,0.0232195848,0.0374900287,0.0028704748,0.1564147722,0.1140848145,2.9244298132,0.4837261675,0.0721626533,0.2717523539,0.4538097905,0.2799359452,0.0198263594,0.0119291379,0.9834989768,0.0050598123,2.3120415546,0.1914248715,0.7112091837,0.1752312878,-0.0004196552,0.0002585909,0.0001800851,0.0001063565,0.9576698232,0.0190281304,2.3193457298,0.1851721647,0.6685392942,0.2313931394,0.1697550458,0.0535908645,0.1421193177,0.0185529457,0.9438541982,0.0490753657,2.5875373608,0.2917057004,0.8164152203,0.332076128,-1.4951558492620662,0.15887147762345294,0.12517518701762428,0
283,424.2790207563052,15664,25,36.91910095407945,0.25235,0.0323145091,-0.0225626242,3.7325611209,0.5088792491,0.2898,0.0399244286,0.2860445714,2.4248124489,0.1237293936,0.45785,0.0377243622,0.2811823409,3.3785426718,0.061474598,0.02765,0.0099109788,-0.1033642958,2.9287295502,0.2868237845,0.4632746479,0.1311904402,0.9045024135,1.9791044,-0.1699763614,0.0966197183,0.0847459943,0.9280329025,2.4938970573,0.8400788094,0.4401056338,0.0606637822,0.5928806036,2.5370489975,-0.4381598936,0.0401056338,0.0091441567,-0.0001792667,4.5639508241,0.7079345241,0.4935002758,0.2993546615,0.0015854457,0.0011228738,0.9388583416,0.0453453735,2.5315228266,0.7702023764,-0.0742049767,0.514663151,-4.107e-06,1.98419e-05,3.39391e-05,2.00252e-05,0.0567687868,0.1424566208,2.9955388433,0.3143309102,0.0333628372,0.2488743896,0.49782,0.0195441129,0.0366681796,0.0026916264,0.0564061124,0.1265661362,2.8907512672,0.3918093785,0.0439309408,0.2167725467,0.4415197044,0.2725411733,0.0253541883,0.0157276367,0.9865387272,0.0041102204,2.2640283045,0.1883618969,0.6935844381,0.1347458939,-0.0004336263,0.0002614718,0.0001937212,0.0001208247,0.9663926938,0.0065779251,2.2990913477,0.2382216208,0.6778320579,0.1508926459,0.1606537682,0.0227799659,0.1444546373,0.0108019613,0.9577260856,0.0091141756,2.6018525162,0.3309884603,0.8848257271,0.1728905151,-2.2287584287006554,-1.6871552399086125,1.4687453347880821,0
284,146.3197610546072,5405,22,36.93964479604932,0.3294,0.0554088441,0.4654250837,3.675400582,0.6358804217,0.331,0.0531366164,0.3542847299,2.8690535232,0.0799233566,0.3396,0.0492325096,0.4363122953,2.6809210275,0.0320214257,0.02845,0.0093993351,0.4641571791,3.1530377958,0.21771202,0.5933974359,0.1039338226,0.8175886328,4.5042219838,-1.3569971487,0.0693589744,0.0579475834,0.8510922903,3.1629576377,0.9791103272,0.3372435897,0.0584996572,0.586003975,4.0648546363,0.9917153637,0.0355128205,0.0098900929,0.0631503656,2.9635890496,-0.2418377654,0.4911259283,0.2979943112,0.0023412709,0.0014396679,0.9179361208,0.0263293535,2.5896567716,0.5846614503,0.1435474541,0.3953102926,6.0826e-06,0.0001178491,0.0001717786,0.0001136938,0.7166655224,0.1038282455,2.908188172,0.5823228232,0.0257443303,0.4509490877,0.4919675,0.053337464,0.0673865445,0.0107440682,0.6116110653,0.1211225596,2.779171832,0.4289285376,0.0007684614,0.2861907157,0.4547151171,0.275977087,0.0170824452,0.0102081123,0.9703603076,0.0109142558,2.3052376582,0.1159990616,0.680687715,0.0801939035,-0.0009866479,0.0006034448,0.0002732961,0.0001644859,0.8643782757,0.0250930477,4.8446020001,1.3555486697,1.3049921598,0.3096305338,0.1218316532,0.0212057293,0.1168932223,0.0163631214,0.8932227513,0.0233348002,4.2917053907,1.0696269354,1.2994268564,0.2871391412,6.942258997842825,-5.115060399873492,-9.791094562796852,4
285,435.3668600621219,15955,4,36.647254220781534,0.2858,0.0607401021,0.56947063,2.4932461902,-0.1093745637,0.3694,0.0512751402,0.4305164236,2.9784388808,0.3873811524,0.3448,0.0449495273,0.4342377376,3.4310490216,0.4886358573,0.03315,0.0089904116,0.1174262778,3.0079868798,0.4075759767,0.6,0.1088609628,0.8377718463,3.7292575456,-1.0524420558,0.110141844,0.0780319612,0.8884459813,3.3717511494,0.9702666653,0.289858156,0.0448517782,0.3498795747,3.5141115311,0.6217302156,0.0332269504,0.0094930873,0.0684631958,3.1297009541,0.1854900653,0.4994621826,0.3034704976,0.0005827072,0.0003384533,0.9248820904,0.0350924625,2.5122351829,0.6108086139,-0.2241636845,0.3154850124,7.787e-07,1.18451e-05,3.02177e-05,1.90053e-05,0.6571143922,0.1126827092,2.7720215338,0.5942554158,-0.0076093853,0.3446427916,0.4955225,0.0376703513,0.0632970033,0.0106265471,0.5931398898,0.1391975593,2.7588387318,0.4022503627,-0.134491291,0.276188752,0.463139605,0.3015732375,0.0167371024,0.0118678377,0.9852552325,0.0241510267,2.0618560553,0.1402199745,0.4924204799,0.1820493283,-0.0002300444,0.0001547858,7.199e-05,4.79789e-05,0.8140248089,0.4188345819,3.6012550409,1.3596709877,1.0305834411,0.4442876907,0.1560297433,0.0914781251,0.105842367,0.0284531242,0.7869791442,0.4863345092,3.9312064945,1.6492239358,1.1173254281,0.5859335583,11.124622245866536,20.039763763436863,-21.95261035371362,2
286,336.18963084253863,12568,21,37.38366340598554,0.26515,0.0291929358,0.1535339918,4.037483844,0.4019548668,0.25335,0.0297913998,0.0937134815,2.8424845823,-0.0113838477,0.4815,0.041057886,0.1736802063,3.3847444169,-0.1706571521,0.03625,0.0100093706,0.0760852154,3.5787254014,0.4099402528,0.4267777778,0.096920102,0.8805073529,1.8375115843,-0.0735483677,0.0834444444,0.0632410634,0.8687206926,3.104386835,0.8904630342,0.4897777778,0.0491138762,0.5653985854,2.178122178,-0.0803541699,0.0446296296,0.0126143603,0.3615566238,2.9269173603,0.1803677278,0.4956665102,0.3010625937,0.0008759211,0.0005654339,0.9330642708,0.0380534857,2.3704814775,0.4954860521,0.0327707688,0.4342415898,2.868e-07,9.2713e-06,2.33556e-05,1.38486e-05,0.1683795026,0.1577537972,2.9105292822,0.4115425919,0.0055504805,0.2772284456,0.4984525,0.0186287176,0.0375401357,0.0037552409,0.1374479172,0.1264122764,2.8781382396,0.3180874884,-0.006555149,0.1892713746,0.4475024005,0.2826628841,0.0232632299,0.0138881317,0.9917020946,0.003067913,2.0676214178,0.106615777,0.520595419,0.1195438336,-0.0003007296,0.0001813373,0.0001292369,7.63607e-05,0.9671673511,0.007351514,2.2865974794,0.2698124257,0.6451982122,0.1695551238,0.1655117217,0.0334477505,0.1388707066,0.0125770586,0.9560987207,0.0135976188,2.5533037353,0.3169618526,0.8415724955,0.1884265359,-3.2929371356838155,-0.7718566251561532,1.5073345606216286,0
287,454.0522580638317,17092,8,37.64324413424053,0.3165,0.0527043641,0.6585476506,2.785277617,-0.3831005693,0.31,0.0418449519,0.3025482625,3.606937832,0.2176182454,0.3735,0.0516502662,0.3860528882,3.483145671,0.8300185203,0.035,0.0078102497,0.0658436214,3.9774254233,0.3620715047,0.4906764706,0.1162881109,0.8995697124,2.4175270534,-0.3328269098,0.0771176471,0.0664980162,0.8615377625,3.8591247423,1.1978348438,0.4322058824,0.0631267536,0.6467322393,2.5977480629,-0.1772079024,0.0356764706,0.0109805191,0.1426382556,3.5343049049,-0.0189936329,0.4941385949,0.3011254005,0.0009904873,0.0008399656,0.9197256155,0.0544798158,2.5825442091,0.5814803127,-0.0007970267,0.4736772017,2.3283e-06,2.13534e-05,3.00072e-05,1.82062e-05,0.4490556045,0.1724451193,2.8005183571,0.4160823034,-0.0068516459,0.2622778664,0.4994075,0.0252980744,0.0466318739,0.006856545,0.3590371954,0.1818590963,2.9258173078,0.5471170712,-0.0391957625,0.2384734462,0.4551890779,0.2876533694,0.0182925628,0.0107489521,0.9892548048,0.0048245141,2.2681049981,0.1781736403,0.6574259843,0.1672246914,-0.0002995935,0.000178113,0.0001016943,5.98776e-05,0.9426867516,0.0201955233,3.1868751961,0.602099689,0.9731641674,0.2439080622,0.1359083726,0.0397595592,0.1126384596,0.0124159307,0.9391463692,0.0166743645,3.5592749153,0.619348793,1.1475602203,0.2321428774,-0.7285182949024851,-1.7329753126620329,-3.5079752247746754,0
288,422.6407434103475,15393,70,36.42100351185199,0.25005,0.0361420462,0.1438316406,3.1525330625,0.25943008,0.25485,0.0292699078,-0.1794381246,2.9387984072,0.0014667514,0.4951,0.0378812619,-0.1164455216,2.7476866093,-0.2765031341,0.037,0.011045361,0.1272773067,3.0815640957,0.4118634349,0.4878448276,0.1082466535,0.906868291,1.8997912578,0.0024394381,0.0951436782,0.0667587614,0.8747582816,2.729942857,0.7115021765,0.4170114943,0.0555922128,0.6565110294,2.2600749202,-0.214677863,0.0421551724,0.0115138124,0.0147222171,3.3202618254,0.5261718029,0.4977321015,0.3024129169,0.0008905202,0.0006628067,0.9406382732,0.0470034072,2.4419139066,0.6064107091,0.0112912056,0.5152735309,-2.1923e-06,1.60824e-05,1.86131e-05,1.09887e-05,0.0743158014,0.1011514849,3.064250673,0.5991858935,-0.0700014172,0.260633307,0.4938825,0.0209883794,0.0370358508,0.0025975725,0.0437225085,0.0955853785,2.8858403714,0.5556505688,0.0029945556,0.2051140392,0.4516202121,0.293939707,0.0218902402,0.0142723164,0.9922863004,0.0026926038,2.0683196172,0.1182011233,0.533431948,0.1685615697,-0.0002324208,0.0001578594,9.82816e-05,6.26327e-05,0.9310265767,0.1217521845,2.3703238849,0.1577243982,0.68760666,0.1198130766,0.1807218038,0.079982352,0.1305328251,0.0293147464,0.9072786953,0.1652765783,2.6442571694,0.3234843638,0.8378448431,0.2845634411,-0.8352093699858528,6.13227430962187,-3.727041138717096,0
289,112.01136667195962,4183,64,37.34442426946257,0.23055,0.0336221281,0.1133288524,3.1178280969,0.3277817469,0.2374,0.0339151883,0.0784529916,2.4566477249,-0.0574985169,0.53205,0.0440856836,0.1035162861,2.6940721945,0.3352467244,0.0396,0.0098914104,0.0498774447,3.8141939482,0.359041912,0.4257352941,0.0695905288,0.8501751404,2.4107366068,-0.2349427927,0.0930882353,0.0452609218,0.8464673802,2.3133525064,-0.0571522506,0.4811764706,0.0384642466,0.3919148688,2.6606168454,0.0482746119,0.0442647059,0.0072894316,0.2581115011,2.1352041438,0.1992299668,0.4956971577,0.3001575493,0.00316723,0.0025987417,0.9328081983,0.0385504946,2.3130912855,0.4388434252,-0.0873877193,0.4147331005,-8.4217e-06,8.01794e-05,8.66013e-05,5.69179e-05,0.3544513229,0.1726682415,2.7562712329,0.4498662386,-0.0539183642,0.2206241493,0.5023275,0.0264303967,0.0412988493,0.0040877158,0.271009421,0.1484321813,2.7504731417,0.3626449852,-0.0893716818,0.192012592,0.4402065554,0.2664907843,0.0227294154,0.0139881166,0.9696455891,0.0075643695,2.3873690378,0.2818137602,0.7728949982,0.179319047,-0.0009612142,0.0005992529,0.0003921203,0.0002410034,0.9469236042,0.0161891605,2.4691942351,0.3220095493,0.7623740107,0.1931579338,0.1446130469,0.0239935963,0.1399553842,0.0117542916,0.9356764238,0.0161777107,2.9020510909,0.4740736602,1.0006702141,0.2204474029,1.2829912051412866,-2.851629580519995,-0.17374392081486517,0
290,684.2849638082655,24793,72,36.23198128162717,0.2414,0.0304062494,0.112133618,2.7591831658,-0.3461469615,0.27365,0.0324796475,0.2381979517,3.0900871827,0.3665300751,0.48495,0.0334775671,0.150214775,3.4516334244,-0.0255367887,0.0343,0.0099754699,-0.1041517774,4.3889341463,0.9185571176,0.4672149123,0.1127615181,0.9053495187,2.1512628489,-0.3144155347,0.0896710526,0.0669495204,0.8920920565,2.926976195,0.9039603095,0.4431140351,0.0572865617,0.684621417,2.2896239335,-0.1643805058,0.0376754386,0.0113686207,0.0627048739,3.888475162,0.4973408175,0.4956330947,0.3010048428,0.0007264732,0.0005402464,0.9567096366,0.0234644947,2.4232631916,0.6650569295,0.0018007657,0.4345741222,-3.0174e-06,8.9011e-06,1.43098e-05,8.8743e-06,0.0777660067,0.0952893714,3.1175969212,0.7338252473,-0.0068241811,0.2775918233,0.4995075,0.0199780459,0.0358058292,0.0027686135,0.0192005911,0.0862954582,2.9354857409,0.4338480288,-4.70468e-05,0.2426048322,0.4542123866,0.294202295,0.0212951969,0.0133718277,0.9929003109,0.0038622671,2.1850168987,0.2114619459,0.6109602444,0.1398872553,-0.0001938709,0.0001199198,8.42594e-05,5.2527e-05,0.9680599082,0.0088499513,2.3799475009,0.310513683,0.6818458372,0.1570499565,0.1597728049,0.0120272354,0.1388950194,0.0054564667,0.9592091855,0.00845841,2.6493343574,0.2260993058,0.8793528132,0.1095925435,-3.7044989619484,-0.4693682838318974,1.2577981897385366,0
291,443.0477525613494,16345,28,36.89218578698622,0.2379,0.0310095147,0.0169878334,2.4813754336,-0.2165680757,0.25595,0.0323395656,0.1719212647,3.3867479346,0.0538026609,0.50615,0.036550342,0.0315573349,2.5673247407,0.2027659574,0.04255,0.0114563301,0.0680893889,2.8245230183,0.4809245717,0.4258677686,0.0870752446,0.8825854606,2.0042659932,0.2084311504,0.098553719,0.0772177291,0.9237937407,2.5015581286,0.7626417635,0.4755785124,0.0435851503,0.4108660657,2.7871886251,-0.2366833727,0.0413636364,0.0124150003,0.3086073003,3.1771844835,0.4417069862,0.4935135259,0.3003821971,0.0014409606,0.0010471079,0.9393465393,0.0462915174,2.3915988887,0.7407209019,-0.2256677485,0.4907034091,1.0832e-06,2.9103e-05,3.03922e-05,1.90724e-05,0.1470252097,0.1415507498,2.7486387586,0.3481767994,-0.0473931871,0.2314636112,0.4996325,0.0224693974,0.0369264783,0.0032770151,0.1104372424,0.1438212039,2.8802865301,0.3660920205,-0.100171163,0.2901168686,0.4418280311,0.275442162,0.0242678038,0.0149007063,0.9867759533,0.0072157846,2.3445558562,0.3120005462,0.7425850201,0.17067356,-0.0003965304,0.00023835,0.0001743327,0.0001066933,0.9655083348,0.0143272761,2.3745706382,0.307546266,0.733269091,0.1522605374,0.150275756,0.0214975811,0.1434020715,0.004163207,0.9577727766,0.0087427978,2.6722153332,0.2435509965,0.942375234,0.1386343733,-2.360560127370031,-1.0487329797699296,2.248959753644042,0
292,111.54015257921137,4134,45,37.06288636340352,0.2523,0.0301116257,0.2979588642,2.7966129889,0.3002117156,0.21885,0.0360753032,0.2971977776,2.7902809235,0.1659807609,0.52885,0.0356149898,0.0515734392,2.9828932148,0.3552591965,0.04255,0.009810581,0.0578035238,4.0014701341,0.501327307,0.4200757576,0.1059033737,0.8806988299,2.0361513175,-0.0775919202,0.0925,0.0856802106,0.894528121,2.6993654738,0.8799323813,0.4874242424,0.0464842954,0.5118669526,2.6575861267,-0.3421017886,0.0471212121,0.0141437588,0.3555743846,2.1761986718,0.0232985404,0.4967494146,0.301267678,0.0024870576,0.0021866188,0.9476148939,0.0334489393,2.432826526,0.5725388888,-0.0579784663,0.4712182206,1.99877e-05,3.98202e-05,5.34801e-05,3.60737e-05,0.2739918251,0.1933472773,2.8475498885,0.4145538325,0.0929832387,0.2175003659,0.511555,0.0211069532,0.0404866058,0.0048180129,0.2193959333,0.1489989197,2.8158770595,0.3040101607,0.0684085886,0.2222365176,0.447371716,0.2722212642,0.0220451308,0.0136841683,0.9788225559,0.006005512,2.2138838921,0.2052335465,0.6659702333,0.146917918,-0.0005881255,0.0003523107,0.0002766227,0.0001712597,0.959574588,0.0082407518,2.2814443249,0.2824384029,0.6669437365,0.1642059509,0.1607397681,0.0262267875,0.1485177902,0.0111212618,0.948761181,0.010337486,2.5893826096,0.402913114,0.8702842049,0.2024462255,-1.4942473862337953,-1.6465432946209988,3.0250237778868563,0
293,620.2767852222586,21773,4,35.10207139575321,0.2418,0.0291506432,0.0965007615,3.5949721367,-0.3595744141,0.26175,0.0303593066,-0.1484882102,2.6846534153,-0.1160743594,0.49645,0.0320023046,0.0429898053,3.0228525859,0.0138263506,0.03775,0.0097050245,-0.0183310207,3.2870470871,0.3756801863,0.4427752294,0.1055913011,0.9168274845,2.0184240292,-0.2531588589,0.0804587156,0.0639848078,0.8892183049,3.3452674371,1.0537337446,0.476766055,0.0555268787,0.6723766569,2.2574748487,-0.1105232398,0.0480963303,0.0115108599,0.0683778868,3.2001358496,0.2258446969,0.4978825899,0.3025577694,0.0006100699,0.0004016,0.9451401303,0.0412651851,2.2777171085,0.3872255527,-0.105464506,0.365103564,7.883e-07,5.8191e-06,1.28736e-05,7.8647e-06,0.0782360965,0.1280272937,3.0277042938,0.9821873529,0.0355490356,0.2868953321,0.505915,0.0117148314,0.0351527945,0.0028603387,0.0332879231,0.1055229572,2.9850609559,0.4785287779,0.0204090346,0.2520085874,0.4563663953,0.30113927,0.0213031255,0.0128295286,0.9945341168,0.0039334029,2.0360750955,0.2981950063,0.4495183576,0.2202765709,-0.0001657155,9.50813e-05,7.12427e-05,4.18551e-05,0.9580042949,0.0266930655,2.3535798815,0.4011243092,0.5997729268,0.225735483,0.1783621068,0.0538958878,0.1279917478,0.0168655332,0.9448515625,0.0357426852,2.6196370796,0.3731574571,0.7809191265,0.2440035245,-3.5481678799948577,1.5914518259477122,0.11872629175294001,0
294,179.83780177377,6536,36,36.34386060958458,0.2419,0.0417658952,0.445481083,2.8878687344,0.3652082792,0.2442,0.0461178924,0.6436066538,2.3119941445,0.0487068629,0.5139,0.0352319457,0.0624677037,3.3454366348,0.0404176594,0.03705,0.0104425811,-0.0251882621,3.2317266148,0.212509713,0.4693956044,0.112532865,0.8851206911,2.0468876538,-0.1890055178,0.0714835165,0.0628686687,0.8949400897,3.3041614874,1.0457741098,0.4591208791,0.0622410831,0.6204434431,2.660728203,-0.3213013716,0.0467032967,0.0152492079,0.387984228,2.9407565237,0.6098608786,0.4958650546,0.3015088246,0.0018885968,0.0013498595,0.9528862891,0.0270478739,2.3414076086,0.4110762586,-0.0754891833,0.460462857,1.99192e-05,4.33773e-05,4.31909e-05,2.60649e-05,0.2789302363,0.1805639407,3.0565129267,0.5238342697,-0.1132940518,0.2754695868,0.510995,0.0223794152,0.0392637219,0.0050775875,0.2196989448,0.1436406379,2.9191870326,0.5188455012,-0.0813123991,0.2629022325,0.4405349914,0.2681432153,0.0284077332,0.0168291233,0.9850785854,0.0055156133,2.0594365977,0.1102336991,0.5654586056,0.0922042477,-0.0006285277,0.0003758466,0.0002853115,0.0001691135,0.9666693743,0.0136680925,2.1987123526,0.2317207825,0.6151403321,0.125093388,0.1590640934,0.0128943757,0.1478514578,0.0076575273,0.9533324169,0.0140736489,2.5090938681,0.2695041376,0.848200452,0.1217191722,-1.697130307431746,-1.757981457869268,3.0104037062839137,0
295,584.1439900595782,22160,69,37.93585207945022,0.2513,0.0321606903,0.1726870205,3.0764013453,-0.2966711562,0.2341,0.0321588246,0.1560715934,2.4649475993,0.2084602864,0.5146,0.036685692,0.0903339662,2.9833340261,-0.3185426273,0.0383,0.0087241045,0.1303359179,2.8060686079,0.2343011581,0.3928354978,0.073720478,0.773750406,2.3561436704,-0.1414759012,0.0867532468,0.0647143218,0.8976427036,2.5862855272,0.7624082788,0.5204112554,0.03627313,0.0533793243,2.6719607039,-0.1232574155,0.0433333333,0.0120664347,0.1514108741,3.0408798514,0.3803549028,0.5006723544,0.3041507463,0.0005819405,0.0004856969,0.9464254365,0.056186926,2.5240004705,0.6026278319,0.0090264617,0.5638660063,-1.0312e-06,6.5793e-06,9.8373e-06,5.9403e-06,0.0163109926,0.1012061632,2.9993864422,0.7777289763,0.0365813086,0.3365909317,0.49688,0.0127759872,0.0342715195,0.0023564172,-0.0172004205,0.0775565109,3.0492130371,0.6080255147,-0.0152878759,0.2939491428,0.4555106648,0.3199949272,0.0206000974,0.0171345006,0.947649892,0.1162679402,2.111782271,0.2822430929,0.50609035,0.2678443175,-0.000106875,8.24322e-05,5.29992e-05,3.92068e-05,0.8862226401,0.2129326597,2.1194519518,0.3148332678,0.555752154,0.2062632269,0.2141587868,0.1071665167,0.1306980993,0.0398544358,0.8357355059,0.3271647987,2.3003763089,0.3848443881,0.4872685038,0.6035720963,12.11063004822595,22.00510368189062,1.361635357388541,2
296,468.6863252010037,16837,4,35.92381320871519,0.2645,0.0607144958,0.5554925983,2.9176675025,0.1614413659,0.3133,0.0531,0.3816920306,3.0726750141,0.1717853475,0.4222,0.0538438483,0.4113670793,2.3160694577,-0.178698007,0.0297,0.0094556861,0.022087938,3.2457249197,0.3524774129,0.603625731,0.0913959974,0.8088590006,4.3501782984,-1.3184362485,0.0766081871,0.0532061394,0.8304522073,3.4462759188,0.9790827882,0.3197660819,0.0490339805,0.5163677978,4.2356733078,1.0992025446,0.0430701754,0.0115249939,0.0764165075,2.8521838712,0.2577701017,0.4992913661,0.3036436517,0.0005299092,0.0004065627,0.9120350338,0.0617181144,2.5027035194,0.463246338,-0.0256668157,0.3299257495,-1.9651e-06,1.94117e-05,2.76933e-05,1.75964e-05,0.6671844646,0.1002749485,2.6248202652,0.5178501936,0.0674858169,0.2805654274,0.500045,0.0283858279,0.060621566,0.0088483606,0.5533182224,0.1213637547,2.5936965471,0.3126576674,-0.0087871076,0.2955099506,0.4516324731,0.2932688702,0.0232137702,0.0144894297,0.9949312193,0.0022323932,1.9522389101,0.070240985,0.4262087839,0.0796440151,-0.0001877163,0.0001192193,6.51768e-05,4.19644e-05,0.9432665146,0.033285087,3.0106771539,0.8994911519,0.7816966864,0.3174935471,0.1548752097,0.0225920084,0.1158413688,0.0081854986,0.9428223821,0.0187802538,3.3917774629,1.1182453519,0.9019383407,0.4918264481,-0.22053348861796573,-1.8488045237022102,-7.494912459278849,0
297,497.82811416778384,17559,42,35.27121008292846,0.26725,0.0348093019,0.2470536691,2.9577298972,-0.0481063929,0.23625,0.0391240016,0.5080591652,2.961425529,-0.0395043374,0.4965,0.0346301891,0.2130486841,2.8454081226,-0.0090295618,0.0364,0.0102,0.1443985987,3.0727131389,0.2334961666,0.4862857143,0.1113788656,0.895625222,2.0961512935,-0.3723339097,0.073047619,0.0611438399,0.8798506381,3.7927195247,1.1601794299,0.4406666667,0.0616057614,0.6948088558,2.2348209504,0.0562456833,0.043047619,0.0115777956,0.0227541684,2.8396455891,0.1455576669,0.4964009829,0.3015493717,0.0006743511,0.0004584767,0.9392975663,0.0423842134,2.502929232,0.6705898524,-0.0756562021,0.5018350256,-3.0318e-06,9.1874e-06,1.6819e-05,1.02475e-05,0.2385231053,0.1870004487,2.7776368363,0.298777641,-0.0158617326,0.2044069517,0.4926575,0.0169828831,0.0393729406,0.0036712972,0.1472236306,0.1842051447,2.7311852724,0.2710335462,-0.0540727481,0.1740153197,0.453790021,0.2968483617,0.0220587341,0.0131250248,0.9936901551,0.002750381,2.1077882739,0.1289236477,0.5520242648,0.1330329779,-0.0002269531,0.0001371555,8.44057e-05,5.19769e-05,0.9596426406,0.0116806497,2.9592562255,0.3091305672,0.893742396,0.1378383303,0.1446249661,0.0271820931,0.125892084,0.009406843,0.9478469715,0.0159076624,3.4599695755,0.3428882012,1.1347659418,0.1510750696,-3.0399880133753996,-1.1122602346493662,-0.7914793554889041,0
298,246.11028545624205,8592,8,34.91117806828777,0.23085,0.0497697448,0.5143566121,2.6366295843,0.1599736496,0.2519,0.0595725608,0.7118584479,2.7449695915,0.0687598668,0.51725,0.0428215775,0.2758789823,2.9136409862,-0.5115170597,0.0373,0.0118831814,0.2820437726,3.1405530732,0.2464112486,0.5763043478,0.1608394018,0.9135858089,2.0644607295,-0.4910529789,0.0968115942,0.0966390678,0.9060953758,3.4808215861,1.2381484336,0.326884058,0.0796327688,0.7539995127,1.9986060146,0.0442375582,0.0363768116,0.0107973446,0.2943216397,2.2361758231,0.1003829153,0.496826888,0.3014789577,0.0027959462,0.001875255,0.9252656152,0.0384579838,2.3928562358,0.4210143802,0.0546902216,0.3721282588,2.65e-06,0.0001128405,0.0001146366,7.17063e-05,0.521576355,0.1691396153,2.6281352746,0.2814738665,-0.0109263966,0.2480157052,0.498035,0.0430715657,0.0515490282,0.0068903334,0.41743208,0.1749971635,2.6771167078,0.2914804706,0.0229172407,0.2446056854,0.4412009516,0.2670075391,0.0240361077,0.0148401827,0.9660823928,0.0237047472,2.2000523223,0.2033012184,0.6430914408,0.1395686054,-0.0010057274,0.0006311415,0.0004391013,0.0002676167,0.9396817742,0.0332877115,2.2579656326,0.2742098106,0.6285102327,0.1535743989,0.1587000947,0.0234443262,0.1434527087,0.0167650748,0.9260559375,0.0258829987,2.5177893997,0.3436857899,0.8189840588,0.1814843698,4.9866152253240585,-2.745249401816999,0.37550601712371695,4
299,296.29541364431714,10862,72,36.65935920641386,0.27005,0.0356335165,0.1834831385,3.1728227006,0.5347106587,0.23575,0.0361481327,0.2883929994,2.8150083826,0.039765186,0.4942,0.0379586617,-0.0168966802,2.9951437326,-0.2584223516,0.0307,0.0100254676,0.2043261535,2.278323808,0.0755076308,0.4240865385,0.1228013648,0.9326392942,1.8444511167,0.0196049864,0.118125,0.0846406076,0.9373679961,2.2477953785,0.564374941,0.4577884615,0.0550691302,0.6638594752,2.4496107265,-0.2361698276,0.0415865385,0.0096392732,0.0214890554,2.5816707462,0.0694225405,0.4964077905,0.3010170203,0.0017945346,0.0012435842,0.947538041,0.0463340131,2.2543856694,0.625408404,0.0035776998,0.4098293972,-9.5421e-06,2.68156e-05,3.78621e-05,2.27899e-05,0.1399472167,0.1452795028,2.9659495582,0.4308773983,0.0387587837,0.2106635829,0.4918225,0.0220557106,0.0382917651,0.0023403735,0.1237146204,0.1221715326,2.8455797647,0.3854630313,0.1049722109,0.1528845201,0.4428446966,0.2744670538,0.0256072188,0.0152185871,0.9858577799,0.0065094655,2.2377640972,0.2659243873,0.6417044537,0.195893426,-0.0004698718,0.0002843273,0.0002141275,0.0001281888,0.9602552228,0.0209306696,2.3293181179,0.3718595691,0.6385007081,0.2361940612,0.1744063449,0.0493509231,0.1426613235,0.016957815,0.9498946184,0.0335718397,2.4919248289,0.3263674564,0.7912432211,0.2441341442,-1.4789961808352896,-0.3444791020869314,0.46217658658118876,0
300,938.978581935093,34746,56,37.00403892961408,0.257,0.031503968,0.1524509507,2.5069030322,0.1020862168,0.257,0.0352420204,0.287476518,3.5435618879,0.4254569174,0.486,0.0349642675,0.143495144,3.1736705685,0.2202423804,0.034,0.0081240384,-0.0778488726,3.414600551,0.4643906251,0.4945288754,0.1108834649,0.8943248428,2.201655506,-0.3489462943,0.0881762918,0.064551428,0.9017758168,3.0021550961,0.9422442445,0.4172948328,0.0578185612,0.6334483909,2.6056960508,-0.0007542598,0.039893617,0.0108346619,-0.0092827758,2.8955314955,0.2083920503,0.4976290028,0.3022829025,0.0004127921,0.0003001166,0.9217894066,0.0469607366,2.3934906411,0.4408945762,-0.0033440538,0.3330794176,-3.36e-08,6.2511e-06,9.4212e-06,5.5557e-06,0.0942968669,0.1012865809,3.0007965603,0.7523615452,0.0146806393,0.2856345131,0.5004125,0.0145868509,0.0363232176,0.0025228933,0.0401129157,0.0845519194,3.0022513514,0.408619443,-0.0024272557,0.2282645616,0.4487709809,0.30617267,0.0234067932,0.0159867514,0.9953939839,0.0023064106,2.1318222194,0.1157661946,0.5890984893,0.0908574463,-0.0001384951,9.54863e-05,5.98143e-05,4.0627e-05,0.9691092232,0.0092001327,2.5346759298,0.232232165,0.8018349394,0.0757658953,0.1546559495,0.0065828079,0.1413145614,0.0084187404,0.9634987978,0.0049191306,2.844468936,0.1948574895,0.9847836444,0.0836175968,-4.045749423114748,-0.8090175105674003,1.19597597843207,0
301,699.2481319020351,25663,35,36.70084885345878,0.2539,0.0311735465,0.152056193,2.8470525992,0.347121184,0.2829,0.0359595606,0.2310521419,3.1978687715,-0.2400973016,0.4632,0.0314127363,0.1475635634,2.4341055287,-0.0705931505,0.0336,0.0096457244,0.1480230137,3.1068973191,0.2323413462,0.4979850746,0.1000449888,0.8768955746,2.3549447208,-0.4231514968,0.0804228856,0.059933174,0.8949156947,2.9738850058,0.9500603791,0.4215920398,0.050624977,0.5280782024,2.4867533142,-0.1156365787,0.0355223881,0.0112568717,0.0638559051,3.3105674886,0.4740973415,0.4995778796,0.302417982,0.0005999169,0.0004073287,0.9496092531,0.0431335072,2.4864427949,0.5902277411,0.160209861,0.5365493663,-2.688e-07,8.8245e-06,1.25341e-05,7.6708e-06,0.0638989586,0.1341608979,2.7993023204,0.4537954155,0.0400677039,0.214554483,0.500115,0.0148758201,0.0362863586,0.0030735857,0.0462026487,0.1368695852,2.9128986909,0.3665414001,0.0595024959,0.2222113342,0.4588544019,0.303920581,0.0193542272,0.0122409836,0.993998699,0.0031350082,2.0589297396,0.13433851,0.5055571691,0.1624970428,-0.0001543619,9.17176e-05,6.78122e-05,4.14104e-05,0.9551669138,0.0411766647,2.2638794089,0.308427292,0.5853188747,0.2033567886,0.1817032797,0.06417514,0.1303776477,0.0224594079,0.9365884786,0.0588539273,2.5391618947,0.2915132484,0.7784627303,0.2224932726,-3.0138815142477897,2.1449246446607733,-1.090977347334233,0
302,113.33761223264165,4079,45,35.98981767524156,0.24135,0.0499692656,0.5892721284,2.1734552889,0.0879920295,0.2346,0.0573047991,0.7003760909,2.5306202513,0.3787504037,0.52405,0.0427942461,0.1732056161,2.9162305484,-0.0521691081,0.0337,0.010668177,0.11136967,3.537103828,0.5321076824,0.4824431818,0.1298644274,0.9365389551,1.8782273842,-0.2875184389,0.0814204545,0.0798612037,0.8967532892,2.9960536646,1.0359488798,0.4361363636,0.0655732037,0.7307136767,2.5525118481,-0.0287998738,0.0403409091,0.0107077779,0.2392044812,3.1750324446,0.3556809246,0.5003480268,0.3037021553,0.002764131,0.0019289046,0.963199479,0.0213601403,2.0413580383,0.3720553734,0.0101903555,0.2950239395,-4.7533e-06,4.76179e-05,5.78326e-05,3.48437e-05,0.3494147978,0.1843702369,2.8261989466,0.4044632258,0.0384964875,0.1919978797,0.4984475,0.0229021477,0.0414254411,0.0055566809,0.2575668784,0.1640440947,2.8746777139,0.3903760547,-0.0550025815,0.1951325486,0.4459484269,0.2705524918,0.0244070415,0.0148351118,0.9816375164,0.0070462324,2.0166751262,0.1192076175,0.5017896239,0.1026724658,-0.0006694522,0.0004098177,0.0003167948,0.0001937518,0.9640395634,0.0083685319,2.0379139128,0.1312675804,0.4859117022,0.1116360037,0.1736822504,0.0193227524,0.1496613746,0.0084533377,0.9515535577,0.0070945965,2.2862578292,0.2525555828,0.7053890958,0.1500063216,-0.5475255467924127,-2.7252112485501323,1.5289362252175143,0
303,216.39537553844065,7876,60,36.396341559530704,0.2647,0.0347621921,0.0511584673,2.7276693505,0.0621348158,0.28235,0.043688986,0.3953716147,2.741592743,0.1357979749,0.45295,0.0476502623,0.3470289325,2.3101027652,0.0338400808,0.0366,0.0106273233,0.0776360747,2.8296090933,0.1468794135,0.4119444444,0.1140344598,0.8896891231,2.0463577531,-0.1141227485,0.0928472222,0.077121956,0.9340922668,2.4326595474,0.7604600592,0.4952083333,0.0502731256,0.5624933711,2.7176113663,-0.4500956855,0.0415972222,0.0137645476,0.2070860119,2.4280631908,0.2967352472,0.4950539472,0.3002801745,0.0025624776,0.0019347746,0.9463872063,0.0496408862,2.678973894,1.1894937783,0.0541409613,0.6272706909,8.863e-07,5.76548e-05,5.66832e-05,3.67253e-05,0.2828144022,0.1460514403,2.7690757176,0.5112566698,0.1267539945,0.248500156,0.4988,0.0276319019,0.0403183469,0.0029315367,0.1856335761,0.149871352,2.8758731279,0.4136613558,-0.0223357634,0.302841028,0.4515807865,0.2746619874,0.0231470096,0.0140601182,0.9781324993,0.0084588301,2.2257008731,0.1892305658,0.6950448329,0.1338550598,-0.0006630548,0.000401227,0.000295634,0.0001794315,0.9593977359,0.0116412849,2.2591464841,0.2131401419,0.6725949312,0.1399392449,0.1534744815,0.020045305,0.1432406836,0.0106361642,0.9491095869,0.008878537,2.5567157615,0.3547412029,0.880585356,0.1843015266,-0.4574894907707782,-2.185474111736159,1.475825663539864,0
304,483.3787696185556,17501,12,36.20556197329562,0.24345,0.0304113055,-0.0416652304,2.7005701426,-0.187265128,0.2512,0.029462858,-0.088079462,3.0929258809,0.542540343,0.50535,0.034075321,-0.0940411785,3.6441861466,0.1678728738,0.03525,0.0099089606,-0.0437957602,3.2927123172,0.77095893,0.4295876289,0.1195517187,0.896332106,1.8494892037,-0.1617044583,0.0963659794,0.0710565702,0.9165312177,2.3991513557,0.7291420652,0.4740463918,0.0625921417,0.5911094013,2.3197454286,-0.0384480344,0.0428865979,0.0102377674,0.0891758637,2.7705084952,0.1140889739,0.4962047403,0.3016777109,0.0007613305,0.0006208608,0.9353138401,0.055069509,2.4509783794,0.9405295962,-0.0229173416,0.4845658377,1.2332e-06,9.9913e-06,1.61899e-05,1.00489e-05,0.0898256535,0.120642764,2.9128103893,0.2752338585,0.0265986269,0.2287478258,0.5021175,0.018393744,0.0364515441,0.0028255637,0.0415392161,0.1130652071,2.7606670199,0.3803126619,0.0031426678,0.1819183525,0.4473477937,0.2859555912,0.0252383217,0.0160508966,0.9937411648,0.0025565561,2.0204011515,0.0850793399,0.5028697566,0.0915290414,-0.0002250058,0.0001422249,0.0001009008,6.48399e-05,0.968273727,0.0084593178,2.151710424,0.0764529487,0.5575965856,0.0648723889,0.1687122497,0.0156214728,0.1389041127,0.0048811481,0.957612627,0.0069200006,2.4439292512,0.1136799875,0.7691917074,0.0705110331,-4.1154806357135545,-0.557663376777078,3.1278730766310248,0
305,150.69211597796232,5619,40,37.28794942942961,0.23835,0.0402744025,0.4195627976,2.3208248683,0.0216571376,0.27345,0.0430098535,0.4372663522,2.8300359824,0.3654933933,0.4882,0.0497821253,0.4920214016,3.0465081503,-0.3251647264,0.0377,0.0116279835,0.3067589042,3.0215398158,0.421452563,0.47390625,0.0724863605,0.7491882858,3.3588416322,-0.9723297639,0.09046875,0.0525796921,0.8486262045,2.8505251502,0.7911952745,0.435625,0.0324819662,0.2029582377,2.5880481416,0.37152162,0.04453125,0.0125846741,0.2644746717,7.2408592309,1.2465773515,0.493372069,0.2990918524,0.0014888569,0.0009412348,0.9171673778,0.0662586625,2.2848335069,0.3383334565,0.0318772549,0.3888852941,-7.08e-07,6.05296e-05,6.03973e-05,3.88889e-05,0.5197804194,0.1597046602,2.7656190756,0.4774628518,-0.0190409394,0.2361057642,0.50253,0.0340048136,0.0500939189,0.0068644766,0.4651133618,0.1814908964,2.6277807928,0.2855204573,-0.021569092,0.2525132723,0.4510010468,0.2746268033,0.0211653411,0.0123029178,0.9810607833,0.008645772,2.2664977895,0.2530908183,0.6832719907,0.1412774774,-0.0005899036,0.0003532674,0.0002294829,0.0001376609,0.9492657367,0.0104518157,2.8947156008,0.4892486172,0.9210291648,0.2208715303,0.1360571261,0.0182291392,0.1349361967,0.0148095498,0.9384313882,0.0129315029,3.363554503,0.6188246106,1.1442598016,0.2155913741,0.7503031270558792,-2.8385181387836353,-2.7122319798512624,0
306,161.3765454628462,5919,28,36.67819250327635,0.2265,0.0356686137,0.2940273263,2.9620342498,0.2590162414,0.24755,0.0402274471,0.2580753894,2.7995149755,-0.0533799284,0.52595,0.0386373847,0.2346700209,3.2543472812,0.3156789983,0.0348,0.0095895777,0.2332502534,2.6094372026,-0.121693122,0.3884459459,0.0865437152,0.8524656108,1.9796889505,-0.0228150995,0.0716216216,0.0563058018,0.8390102508,3.4979417474,1.079427975,0.5399324324,0.0484314314,0.486195371,2.29063459,-0.3330697838,0.0497972973,0.0109494906,0.0614252125,2.9858107066,0.2060944879,0.48973196,0.2984764548,0.0021003144,0.0015546364,0.9556462431,0.024021873,2.1856453248,0.3777456263,-0.1930732203,0.4121607037,5.0389e-06,4.61792e-05,4.38995e-05,2.79037e-05,0.236077068,0.1324501172,2.747394366,0.3173329317,-0.1001312622,0.1696211803,0.502625,0.0343329088,0.0387715023,0.0037624941,0.1432712785,0.1221754092,2.8494636979,0.4724611708,-0.0894649921,0.284761145,0.446884828,0.2709945591,0.0268538705,0.016216877,0.9850848478,0.0047021487,2.093261111,0.0878251013,0.5674159994,0.0712128566,-0.0005836881,0.0003573686,0.0002625652,0.0001583344,0.9673798644,0.0081026473,2.1225438034,0.0858629982,0.5614833469,0.0646205692,0.1628889035,0.0149491812,0.1445921396,0.0077468197,0.9558895953,0.0093174826,2.3926709756,0.1934266642,0.781688978,0.1071668634,-1.793311446680229,-2.222877212292588,2.7641104633840317,0
307,441.6710011522288,16155,68,36.57699952646863,0.23555,0.0348847746,0.3843588371,2.8237201515,0.1402875832,0.24125,0.0363825164,0.4287714048,3.5668732109,-0.3086547869,0.5232,0.0370102688,0.2986800052,2.5218604387,-0.1568189142,0.0378,0.0113428392,0.2707286315,2.834467582,0.3459054996,0.44328125,0.112079836,0.9141648148,1.8753868179,-0.1028878791,0.1017708333,0.0785147915,0.915618325,2.1472887608,0.641354848,0.4549479167,0.0492786232,0.5169617571,2.3279034916,-0.314713476,0.03734375,0.0116581768,0.1597531131,3.6267360048,0.4365057068,0.5001351134,0.3031219901,0.0014523503,0.0009279631,0.9353412624,0.0504309453,2.2511820809,0.3941590043,-0.1253246945,0.3428037368,5.2409e-06,3.2723e-05,3.57765e-05,2.08153e-05,0.1730523935,0.1036421645,3.0693872301,0.5585514708,-0.0276068993,0.3361373952,0.5071,0.0216097952,0.0374499713,0.0023888067,0.1314895677,0.0967244826,3.0433008693,0.5420484484,-0.0334310555,0.2840663526,0.4409735202,0.2711562928,0.0213276056,0.0134120531,0.9845660032,0.005522387,2.2951281896,0.2052567214,0.7032860899,0.1298327074,-0.0004195388,0.0002449451,0.000192015,0.0001207619,0.9649412457,0.0078350605,2.3772450236,0.2179810773,0.7231145414,0.1365739967,0.1589182838,0.022870924,0.145596435,0.0085835477,0.9566683588,0.0056747547,2.6243039552,0.2250782678,0.9070874697,0.1352668159,-2.533099167019876,-1.34575835377621,2.3401566732279844,0
308,337.2516191474738,12727,48,37.73740221669543,0.279,0.0380919939,0.163689304,2.7913276378,-0.1820739995,0.2135,0.0295592625,-0.0062556481,3.6024562373,0.3486703285,0.5075,0.036956055,0.0378240126,3.0018703026,0.2229669275,0.03565,0.0105274641,0.1009666411,2.7418554499,0.3041500449,0.415170068,0.0873580773,0.81504544,2.2945431728,-0.1919103405,0.092755102,0.0681664222,0.8957103066,3.0241623192,0.8821973199,0.4920748299,0.0400545697,0.2033001093,2.4129884967,-0.2784279237,0.044829932,0.0117429233,-0.0856217905,2.9211142264,0.4441224166,0.4976567545,0.3022377033,0.0010040555,0.0007537868,0.9511487705,0.0340182926,2.3524712451,0.6782433102,-0.0820098158,0.4416657101,-3.59e-08,8.1088e-06,1.78244e-05,1.09238e-05,0.0537802542,0.1232541,3.0123342647,0.4392654371,-0.1111109824,0.213657637,0.5044775,0.0184443587,0.035858112,0.0026769252,0.0264264566,0.1206816101,2.8573453555,0.4031257162,-0.0686971149,0.1937507689,0.4540815958,0.2890455273,0.0205926341,0.0125023842,0.9923749934,0.0027953553,2.0481762343,0.1119474472,0.5010235511,0.116836935,-0.0002062411,0.0001214317,0.0001003794,6.10514e-05,0.9681794212,0.0118021015,2.1074756928,0.1318647965,0.4929742687,0.1453428992,0.1897445113,0.0430687548,0.1423048992,0.0125100617,0.9567937773,0.0146278784,2.305418077,0.2195428385,0.6761525996,0.1872382698,-3.991252807969428,0.17818067033006127,1.8891245509956869,0
309,185.94205931980696,6699,6,36.027351877813736,0.2366,0.0308292069,0.2178460324,3.0688446216,0.1124963982,0.28985,0.0324611691,0.14286212,2.3351499677,0.4257516236,0.47355,0.0349663767,-0.0840866351,2.4685501678,0.0606484458,0.03225,0.0096533673,-0.0647582946,2.1234624379,-0.0574230669,0.429,0.0951393715,0.8536578181,1.9474632519,-0.0669749529,0.0915625,0.0733083972,0.917483797,2.4781607075,0.8059985612,0.4794375,0.0458052518,0.366355223,2.2159226794,-0.0865088518,0.041625,0.0128397576,0.0578299391,2.9493583935,-0.0702043978,0.4951183966,0.3007918176,0.0020342491,0.0016505985,0.9415288311,0.0446674538,2.4784752406,0.5580055812,0.0669394833,0.4403466231,1.37032e-05,2.6051e-05,4.55642e-05,2.9716e-05,0.2496816751,0.1401286157,2.9492593825,0.339291744,-0.0171748822,0.2247431223,0.5051675,0.0181706995,0.0390511193,0.0037643334,0.1847067469,0.1465274523,2.8514706407,0.3755483505,-0.0473049737,0.2033994853,0.4420092697,0.2683998668,0.0247745958,0.0151311639,0.9817053007,0.0065887989,2.2090008774,0.1588050448,0.6822635627,0.1209465077,-0.0006107829,0.0003711177,0.0002781187,0.0001701237,0.9644797742,0.0112530101,2.2528306771,0.1949273043,0.6889480829,0.131440708,0.1508424158,0.0173549308,0.1485533245,0.0102643013,0.9520010907,0.0100592988,2.6772705563,0.2963747067,0.9477296721,0.1437526422,-1.7403113452926773,-1.436314220561354,3.0299995220662734,0
310,415.20049910652745,15092,9,36.34870389721729,0.2269,0.0335766288,0.2401052296,2.5162247838,0.1859651892,0.23295,0.0436983695,0.3902849265,2.4817033424,0.0537615193,0.54015,0.035081726,0.0200841693,3.0277991582,-0.2055556677,0.03825,0.0104253297,0.3145725288,2.9241386175,0.0196087642,0.3461805556,0.085042853,0.8120604072,2.4810064407,0.02368859,0.1246527778,0.0850054181,0.9206475794,2.0746475889,0.6139127677,0.5291666667,0.0411298756,0.2684215643,2.995310996,-0.3311546015,0.0455555556,0.0105920422,0.2572731136,2.3037146495,-0.1721047285,0.4946874675,0.3004213663,0.0019049361,0.0014813418,0.9307958999,0.0461940599,2.2578064918,0.6235083292,0.0654483262,0.4316802904,-1.25241e-05,2.52949e-05,4.40578e-05,2.75209e-05,0.1838766007,0.1868653705,2.784929781,0.3509827914,0.0286748273,0.2258642048,0.493475,0.0277220963,0.0407174599,0.0044128462,0.1396444385,0.1511048112,2.6869830744,0.2372102208,0.0222304284,0.1736417835,0.439486972,0.2683056987,0.0288416618,0.0176180388,0.9857185199,0.0075667241,1.961871661,0.140260309,0.4556878742,0.1256111842,-0.0006166035,0.0003613696,0.0003068551,0.000186618,0.969269592,0.0120744442,1.986887742,0.1127400456,0.4609032291,0.1091114738,0.1794916167,0.0218962367,0.1521927387,0.0138561669,0.9540083236,0.0085270291,2.2453586471,0.1523287588,0.682546794,0.1332607923,-1.5272827195359764,-1.5944914800410817,2.2567238157687513,0
311,113.24963867635276,4064,50,35.885324204999776,0.2793,0.0401622958,0.192971332,3.2348402619,-0.3294476114,0.27195,0.0410176486,0.30091502,2.8227878859,-0.2371174202,0.44875,0.0379761438,0.0763451311,3.0158966299,-0.2943942048,0.03025,0.0091207182,0.0056163978,2.4329215872,0.2818444274,0.4464423077,0.1186880873,0.840748927,1.8429162099,-0.1837001082,0.0839423077,0.0644453894,0.8769383847,2.1483527534,0.5860703446,0.4696153846,0.0657124136,0.4680627172,2.6577752373,0.1693529982,0.0427884615,0.0112836446,-0.147259488,2.7671178269,0.6373451291,0.4900585589,0.2966136505,0.0025386973,0.0015716537,0.9280480482,0.0458964315,2.3589956708,0.4075071096,-0.0613074445,0.4428191912,1.1472e-06,7.00921e-05,8.45091e-05,5.076e-05,0.3853428441,0.144131525,2.9114360232,0.3876889437,-0.1285136576,0.2436586206,0.5026575,0.0281995491,0.0437482685,0.0045496844,0.3150331807,0.143359718,2.8772882305,0.2864500086,-0.0592992019,0.180576065,0.4371356041,0.2656188754,0.0262807231,0.0162961971,0.9716754911,0.0093898719,2.1591047437,0.125766598,0.6365583445,0.0952105336,-0.0010206627,0.000616898,0.0004685426,0.0002901965,0.9554115959,0.0209373801,2.2091174495,0.1868473276,0.6494386495,0.1057323503,0.1523988648,0.0154026484,0.1459414876,0.0116845475,0.9408591955,0.0203877079,2.614030958,0.4255881611,0.8932669907,0.1737324205,1.5770191564179925,-2.8172367127313858,1.493154759184326,0
312,431.8110402362395,16118,9,37.32651205763985,0.26165,0.0322881944,0.0035988178,2.6742743562,-0.0472724405,0.25655,0.0322389128,-0.122789438,3.1425992122,0.0674345964,0.4818,0.0350893146,0.0601090004,2.6519792465,-0.2852656275,0.035,0.0103198837,-0.0093896714,3.5343516498,0.3753181278,0.4002227723,0.0809600493,0.8300295831,2.1306754801,-0.089560884,0.0878960396,0.0681520874,0.921039239,2.4366149504,0.765775393,0.5118811881,0.0394727095,0.2468368606,3.0483824365,-0.0529702204,0.0457425743,0.0114944269,0.150058373,3.3345406794,0.2288762946,0.4947939145,0.3006240487,0.0007979126,0.0007586422,0.9550870575,0.0304911016,2.304988121,0.7023550151,-0.1761055228,0.3772716219,1.617e-06,1.0392e-05,1.30835e-05,7.9589e-06,0.0543424321,0.1233824153,2.8969509161,0.4508491154,-0.0538653813,0.192898921,0.506055,0.0215389931,0.0358355349,0.0025832518,0.0451966658,0.0848340134,2.9216227301,0.3851131224,-0.0002631914,0.2311798045,0.4575672931,0.2982406462,0.0197968927,0.0120508045,0.9934690952,0.0031958579,2.0521926879,0.174773378,0.5137190126,0.1680609964,-0.0001611134,9.9832e-05,7.82306e-05,4.75098e-05,0.9630998118,0.0325312317,2.0804912017,0.1512393884,0.4961839821,0.1856040466,0.1924817511,0.0625066976,0.1403171554,0.0207407684,0.9454007696,0.0553752107,2.3230532384,0.246962802,0.6978735153,0.2237256047,-3.52097691384435,2.168557425881186,0.9654099723749251,0
313,801.3341959357336,29403,16,36.69255617584813,0.246,0.0341833293,0.1655886712,3.1855911735,0.4881554336,0.23095,0.0307952513,0.0534276415,2.9808278777,0.0867192939,0.52305,0.0370937663,0.0975401806,2.4269134884,-0.5396265945,0.0414,0.0097488461,0.0311812039,2.2606106307,0.1463395156,0.3841637011,0.0817910816,0.8401365109,2.2035007644,-0.0574437787,0.0998754448,0.0730261163,0.9141263896,2.2173667773,0.6298784726,0.5159608541,0.0349779071,0.1852234204,2.8977538081,-0.0760699649,0.0440569395,0.0117013685,0.0392100545,3.6772922252,0.4208329189,0.5006192202,0.3037828404,0.0004787965,0.0003150707,0.9489744249,0.0401520873,2.2660905477,0.614883275,-0.0739446915,0.5127949269,-1.872e-07,5.0956e-06,9.0787e-06,5.4783e-06,0.0236543504,0.1092784205,2.8531542062,0.4244796645,-0.0674760966,0.2465670363,0.5004475,0.0166274282,0.0354201394,0.0027211395,0.0146735679,0.1058978985,2.7850801186,0.3533518668,-0.0979709238,0.2471536875,0.4543550713,0.3137592091,0.0202014131,0.0134540781,0.9949199983,0.0022433045,2.2115395736,0.1395075383,0.647780205,0.1376893863,-0.0001069183,6.46995e-05,5.01874e-05,3.2698e-05,0.9694486456,0.0029946718,2.2720091036,0.1468083549,0.6179611213,0.1519587981,0.1799258924,0.0305187394,0.1422975386,0.0088403999,0.9649957238,0.0047350344,2.3708789736,0.2294619109,0.7217519674,0.1922871197,-5.014407719369115,0.2024623691056092,2.237714066288605,0
314,221.39229792838967,8158,22,36.84861703110712,0.2419,0.0359428713,0.1895317218,4.22918483,0.8690649708,0.2646,0.0395517383,0.363826906,2.9652321155,0.2730988489,0.4935,0.038291644,0.1158748216,3.3180535624,-0.3679927818,0.02885,0.0098958325,0.1367520727,2.8626577521,0.459841755,0.5628181818,0.1465226127,0.9568654745,1.8883755621,-0.2620531465,0.0863181818,0.0738169643,0.915436534,3.6394280606,1.1987726352,0.3508636364,0.0851892521,0.8788113733,1.8451523976,-0.136826208,0.039,0.0103747946,-0.0123321226,2.8382601351,0.2432480582,0.4928595648,0.299639994,0.002150537,0.0014144594,0.936083817,0.0545334299,2.3192583918,0.680852728,-0.1352594249,0.3531673511,9.5631e-06,6.58203e-05,5.7869e-05,3.47585e-05,0.2260203478,0.1709880502,2.8355478497,0.4595081328,0.0584745462,0.2342336239,0.507,0.0324877131,0.0404832042,0.0047311395,0.1970371138,0.1368707492,2.936414965,0.7513842042,0.0715377872,0.2174275779,0.4439082779,0.269825127,0.0246563644,0.0148023501,0.9772800535,0.0081567585,2.3826437959,0.1663379177,0.7661111663,0.0924036508,-0.0007334678,0.0004389351,0.000314083,0.000188256,0.9570406968,0.0100554641,2.4309422669,0.1423783872,0.7616521388,0.0810589645,0.1536519132,0.0138200828,0.1469529767,0.009303942,0.9532415933,0.0103885791,2.5897035159,0.2119901883,0.9118465334,0.1025553495,-0.020277627877525677,-2.97685105480393,1.9711723156664769,0
315,172.1495446808034,6243,60,36.26498119164741,0.25065,0.030867904,0.1220333043,4.351180099,0.1620255721,0.2851,0.0367013624,0.3230571634,2.9679420548,0.0386031999,0.46425,0.0407024262,0.2420676101,2.7688934508,-0.2975741353,0.0382,0.0106188512,0.0687712147,2.5543069686,0.0498888551,0.4716470588,0.1107604416,0.9140417019,1.899163224,-0.1670998997,0.0917647059,0.0805375538,0.901230256,2.8606455416,0.9205181768,0.4365882353,0.049824467,0.4859310204,2.8067393134,-0.0279991635,0.0414117647,0.0114175243,0.0314837531,3.4916713931,0.1607052133,0.4930572755,0.2991618432,0.0012573429,0.0008513718,0.932498082,0.049394388,2.5168092516,0.7757560396,0.1132245387,0.4438502959,-2.6748e-06,2.35614e-05,3.00523e-05,1.81608e-05,0.1759083446,0.1209355639,2.8345252234,0.3234600535,-0.0367653682,0.2088364433,0.5026425,0.0197582026,0.0376115196,0.0031251744,0.109896364,0.1206438357,2.7381581202,0.3026187479,-0.0546750656,0.2002142566,0.4456746736,0.2708334493,0.0255712951,0.0154407048,0.9877325675,0.006635355,1.9810769899,0.1503046987,0.4436010407,0.1106652374,-0.0004868329,0.0002951447,0.0002357265,0.0001420848,0.9715265288,0.010102074,2.0177880525,0.2012265642,0.4446064934,0.1311909311,0.1786197044,0.0165755119,0.1459362736,0.0095898866,0.9567020174,0.0094741707,2.2184759925,0.1983218173,0.6457718413,0.1234222922,-2.100879655537288,-1.3445473974227677,2.425214896704935,0
316,132.91150041647737,4908,28,36.926827134001286,0.2374,0.0418537931,0.2019499604,2.463329643,0.1441842035,0.2701,0.0392172156,0.2386830914,2.4736418908,0.0175095747,0.4925,0.0434309797,0.3233626264,2.2283937199,-0.0574023834,0.033,0.0133229126,0.1908035614,3.0679785757,0.3977051948,0.5488202247,0.140186518,0.9080560836,2.896660201,-0.7661748937,0.1081460674,0.088905271,0.8777970041,3.7020638258,1.1819235671,0.3430337079,0.0614141311,0.6613661878,3.1695769416,0.1237023339,0.0411235955,0.0110604267,0.1817879945,3.2624053076,0.2256552222,0.4901647691,0.2983129665,0.0024876373,0.0021883756,0.9161251441,0.0618195762,2.3335101013,0.5406591341,-0.0118616039,0.2759398025,1.71372e-05,5.27991e-05,8.22207e-05,5.42643e-05,0.4812418366,0.187760738,2.6921675401,0.4577076244,-0.0599222624,0.2960681205,0.505435,0.0224113147,0.047772145,0.0077615021,0.4062811341,0.1788828454,2.8190337913,0.4666037208,-0.1188714334,0.3014726167,0.4395042932,0.2669097184,0.0245452071,0.0148329115,0.9764789132,0.0078040864,2.3397115352,0.1452461982,0.7336272649,0.0891094233,-0.0007763177,0.000472744,0.000320049,0.000193608,0.9411432166,0.0418487252,2.7400069916,0.510444666,0.8752814181,0.1815124209,0.1450674054,0.017539466,0.1406905699,0.0145611313,0.9380582761,0.0320979625,3.0105229494,0.4848673304,1.0478619624,0.1638161739,2.121148630257709,-2.7118885455864645,-1.4862832582463386,0
317,1148.2396694797371,41462,4,36.10918617607617,0.2455,0.031004032,-0.0281779181,3.0529976106,0.2243258716,0.24215,0.0273336331,0.0396043404,3.1990689345,0.0390437084,0.51235,0.0347955098,0.0076733318,3.1444746129,-0.3795552147,0.03635,0.0112662105,-0.0323315427,2.9353000715,0.134429604,0.3828353659,0.0810988389,0.8426950628,2.1294244383,-0.1224317192,0.0965091463,0.0734064024,0.9041414475,2.6965432574,0.7911026419,0.5206554878,0.0383455116,0.1418363302,3.2787846401,0.1912781325,0.0433841463,0.013170273,0.274062715,2.9396050909,0.2471346107,0.4993240384,0.3039780023,0.000365628,0.0002856892,0.9502838766,0.0352466335,2.3880646148,0.376114827,-0.0105704263,0.4814282979,-6.121e-07,2.6106e-06,6.9383e-06,4.1987e-06,0.0407641094,0.1157040624,3.0684815132,0.4672547697,-0.0040504366,0.2255699559,0.4975275,0.0119133379,0.0360633641,0.0030381559,0.0374888618,0.12891246,2.8879961217,0.4930828432,0.0628299145,0.2078516756,0.4671217183,0.3314588878,0.0142413497,0.0118980237,0.9885230962,0.0157824713,2.1336038273,0.1486305248,0.540217878,0.2305246313,-5.86569e-05,5.15966e-05,3.00563e-05,2.28553e-05,0.9112784309,0.1342023073,2.0939562686,0.0606756789,0.4518318543,0.186230681,0.2510454516,0.1082201292,0.1370931727,0.0476558733,0.8516383047,0.2628360602,2.0923286213,0.2414183932,0.4624726224,0.1301569163,0.28841874151899194,11.928347277387584,-4.076484089734503,2
318,531.0001139649456,19849,56,37.380406289913424,0.2531,0.0347403224,0.1078914418,2.7799270768,0.355758008,0.2486,0.0303898009,0.1235885108,3.0791504187,0.4368818516,0.4983,0.0349658405,-0.0115365426,3.0288283998,-0.2376578792,0.0354,0.0103605019,0.0595397672,3.1096172571,0.2842631585,0.3838388626,0.0804236567,0.7827209626,2.5422277401,-0.0977026466,0.1035781991,0.0796905585,0.9012936105,2.8739727986,0.8626811544,0.5125829384,0.0401518031,0.1057837959,3.0692491042,-0.3098771524,0.0418957346,0.0136113464,0.2519803091,3.8839853084,0.8020060016,0.4976588366,0.3031101116,0.000775278,0.0005331172,0.9367339319,0.0504073274,2.3248985954,0.5978912573,0.0967194845,0.436355116,-3.81e-07,9.9916e-06,1.46698e-05,8.8418e-06,0.0574209532,0.092050997,3.1440798252,0.3179501632,0.045608921,0.1911597546,0.4939625,0.0181730286,0.0354182241,0.0022586561,0.0520346345,0.1107636257,2.9889848772,0.4582736603,0.1297070158,0.1726473577,0.4351112497,0.2833286739,0.032471428,0.020068323,0.9946685222,0.0030052441,1.9627084339,0.0858931146,0.4327763203,0.0930430443,-0.0002166582,0.0001331282,0.000109661,6.76346e-05,0.97413465,0.0064446832,1.957406509,0.2022535611,0.3775213689,0.144523932,0.1948160369,0.020826911,0.1497829663,0.0071792256,0.9641679738,0.0053659246,2.0577617272,0.1868746376,0.5323371018,0.1398592342,-4.380351887296527,-0.19884378758231283,3.085699735943245,0
319,541.8406762551973,19611,36,36.19329603590626,0.25395,0.036015934,0.2348104997,2.5927145256,0.0103476705,0.2662,0.0371626156,0.2782395752,3.1122701768,0.3100697026,0.47985,0.0398400238,0.1193150928,2.6227964211,0.2687270814,0.0372,0.0095739229,-0.0278644236,3.2681546736,0.4978612087,0.5577061856,0.1242649367,0.88615828,2.7004712083,-0.7107520398,0.0663402062,0.0538158154,0.8608040676,4.3399840478,1.3113139217,0.3759536082,0.0779736468,0.7617101394,2.4521076872,0.4178286304,0.0351030928,0.011340089,0.0881853306,4.2783062064,0.568318139,0.4971189177,0.3027706359,0.0007753722,0.0005625707,0.9384010983,0.0388529092,2.3151620906,0.4626435575,0.2688902828,0.2778749608,-7.5665e-06,1.41235e-05,2.14018e-05,1.35766e-05,0.3678177989,0.1681037232,2.814241026,0.5760649714,0.1193511806,0.3256034504,0.48242,0.0253608083,0.0429862553,0.005516326,0.2986734158,0.162874758,2.7422070396,0.5151391239,0.1122637824,0.2884536555,0.457862014,0.2990743315,0.0198135842,0.0123117983,0.9923606606,0.0031354518,2.1687063848,0.1891931468,0.5899444034,0.1842176278,-0.0002074349,0.0001298757,7.97736e-05,4.66405e-05,0.9519571746,0.0254110429,2.8444050661,0.3637505587,0.845397163,0.2108781013,0.1597408922,0.0731654812,0.1235015663,0.0182344672,0.9470955346,0.0337640225,3.1484522995,0.4953309958,1.047587658,0.2515128906,-1.7691771562659517,-0.47100785965661557,-3.9115313189052525,0
320,359.7663009338027,12798,34,35.573092773786065,0.24725,0.0307601609,0.0998347865,2.6323793551,0.1170969878,0.24135,0.0280611386,0.1349648216,2.7441839396,0.0335899928,0.5114,0.0351715794,-0.0823858745,2.9624296064,0.3262382951,0.0374,0.0098610344,0.0790513509,3.254800321,0.4052072923,0.4166326531,0.0829641412,0.8083963829,2.0547988053,-0.1910481859,0.0902040816,0.0662860159,0.8991026687,2.3039286218,0.7137821726,0.4931632653,0.0386070454,0.1267121597,3.7536151703,-0.3157339124,0.0442857143,0.0128173989,0.1258345992,3.6644226689,0.624082371,0.4986438361,0.3029227609,0.0010493381,0.0007434314,0.9435842607,0.0407673727,2.6113198152,0.5569153094,-0.0131640831,0.5785375602,3.5614e-06,1.758e-05,2.3056e-05,1.42025e-05,0.1123159834,0.1794933918,2.8467640713,0.4766258037,-0.0114574521,0.2293835248,0.5030275,0.0224191686,0.0373865738,0.0027058683,0.0895589853,0.1457834247,2.9553836898,0.4751824951,-0.0566597043,0.2305157891,0.450627662,0.2816448162,0.0220072533,0.0135068476,0.988726972,0.0041983399,2.2859979108,0.2007847496,0.7244610737,0.121152382,-0.0002968568,0.0001797374,0.0001382406,8.50727e-05,0.9695225322,0.008540028,2.2155158355,0.2400173319,0.6623285791,0.142288955,0.1692030057,0.017021973,0.1518488205,0.0067416678,0.9648359421,0.0058361136,2.2903211801,0.2135425967,0.7549618283,0.149681275,-3.7747232240191706,-0.4902579756399264,2.718117034568258,0
321,631.8157623288191,23079,12,36.52805354987152,0.2399,0.0310079022,0.0883802268,2.9007717252,-0.0082697308,0.2761,0.0304432258,0.1585078109,3.1361780982,0.159147446,0.484,0.039868534,0.1648922012,2.5188092944,0.0877688052,0.0381,0.0098686372,0.048485305,3.6460989775,0.4182491412,0.43625,0.1030125005,0.894595447,1.9325468421,-0.1066569477,0.0907397959,0.0798329803,0.9391189531,2.5797229425,0.8536835653,0.4730102041,0.0460658346,0.3298985421,2.4483486328,-0.273952286,0.0457653061,0.0136249329,0.1850224495,2.8618394179,0.4410014474,0.4979618577,0.302035655,0.0008059596,0.0005470529,0.9447120363,0.0479683952,2.4290399923,0.5759066739,-0.1841174448,0.4787785322,3.7809e-06,1.10198e-05,1.68371e-05,1.06933e-05,0.0356710894,0.0842678004,3.0000111476,0.4638028239,0.0616468761,0.2737463001,0.50774,0.0193690255,0.0372361434,0.0025986294,0.0361242002,0.0956657635,2.946935255,0.3861199374,-0.0025235461,0.215446568,0.4479461831,0.2864025236,0.0220314034,0.0140995899,0.9915760171,0.0042854543,2.2213079838,0.1357001132,0.664102571,0.0884448307,-0.0002332171,0.0001439337,0.0001032507,6.52751e-05,0.9699026018,0.0099241728,2.3384680148,0.2436488846,0.6878692039,0.116385965,0.1586554434,0.0112091591,0.1451618434,0.005265121,0.9626834872,0.0072525333,2.5582626857,0.1732508035,0.8646422742,0.0877343239,-3.9441050728770617,-0.5044516653536836,2.861002258969807,0
322,919.6427109610108,34616,15,37.64070501230513,0.2392,0.0326398529,-0.0054047952,3.1500543026,-0.0797345226,0.2497,0.0326406189,-0.0775692508,2.966982989,0.2098134106,0.5111,0.0331630819,-0.1204383702,3.0900134857,0.1043764409,0.03625,0.0097819988,-0.023681202,3.6933741645,0.5854273121,0.4790332326,0.0975901572,0.8890899225,2.1635671419,-0.2138004632,0.0823716012,0.0631968892,0.9098206139,3.4619963591,1.0554406606,0.4385951662,0.0500459533,0.5285904044,2.6293208888,-0.1202251624,0.0377039275,0.0109868068,0.0116111096,3.4683645762,0.5415430167,0.4995746561,0.3029895797,0.0003511755,0.0002207285,0.9356391242,0.0483279748,2.3208069555,0.4628961508,-0.0516694303,0.3627921411,6.353e-07,4.6716e-06,8.1624e-06,5.0298e-06,0.0933625467,0.1167229801,2.7672773193,0.3240293095,-0.0359604231,0.2059295385,0.4986725,0.0179931061,0.0370963778,0.0030589429,0.0600502798,0.127762153,2.8738687774,0.5343846377,-0.027152671,0.1857819339,0.4570409488,0.3192660798,0.0193376827,0.01165354,0.9959142609,0.00227635,2.0521184395,0.1071869756,0.5023810497,0.1459843449,-0.0001030047,6.3754e-05,4.37135e-05,2.67485e-05,0.9635637644,0.0180209252,2.4554228538,0.2378158304,0.6644145313,0.1833247044,0.1786016684,0.0513583438,0.1331475409,0.0154500967,0.952080284,0.0256674929,2.786866326,0.2742409723,0.863391235,0.220063024,-4.20667040821461,1.0036929090891613,0.41078125516995007,0
323,550.0299117898276,19848,54,36.08531022506306,0.23755,0.0342234934,0.1186504566,3.2388810349,0.4951984727,0.27575,0.0316415471,-0.1222650483,2.4129657607,-0.0627177669,0.4867,0.0392506051,-0.0072484146,2.9392866875,-0.0205395498,0.03285,0.0080391231,-0.0070765964,2.7892852877,-0.2780573329,0.3853846154,0.0847933734,0.8471372494,2.1930996286,-0.2815941623,0.0907371795,0.0761825668,0.9218755416,2.331660402,0.7742594407,0.5238782051,0.036336981,0.1553961285,3.0787559893,-0.2626654493,0.0505128205,0.0140646343,0.2252814454,3.0578216734,0.2165881181,0.4988084206,0.3028134654,0.0007805538,0.0006071751,0.9474380742,0.0306257716,2.3033876116,0.4364010304,0.1175085668,0.4477356792,3.477e-07,1.0147e-05,1.59732e-05,9.7706e-06,0.0269007283,0.1235707532,2.8981228362,0.3239114026,0.0196181509,0.2241828824,0.5007925,0.017882046,0.0371433263,0.0024576795,0.0363937935,0.0697779319,2.8797428872,0.382808725,-0.0106573075,0.1665101176,0.4663080571,0.302316755,0.0132229579,0.0091725414,0.9858228064,0.0140007833,2.3255115488,0.1874255186,0.6805192939,0.2404546378,-0.0001491609,0.0001078908,6.56965e-05,4.33315e-05,0.8897021513,0.2401823012,2.3251450566,0.3229548218,0.6801067405,0.1974511943,0.1885129225,0.0989133614,0.1357724571,0.0333296238,0.8688065729,0.298605416,2.500984226,0.3319011906,0.8042711119,0.2936850736,2.153703809355549,13.866109824346031,-6.909858454997128,2
324,105.0146098864728,3907,15,37.20434713059169,0.2645,0.0515727641,0.6161372542,2.6728828056,0.1403707621,0.22255,0.0392841889,0.4516596116,2.1885503586,0.135980115,0.51295,0.0397309388,0.1801741796,3.1886959728,-0.2646734004,0.03815,0.0109693892,0.0888990586,3.3023711914,0.6632218562,0.4728846154,0.1206685948,0.9675542426,2.0325482556,0.1241961269,0.1026923077,0.0745206576,0.9164145156,2.2389486631,0.5921513976,0.4244230769,0.0578513833,0.8235529426,2.4766174393,-0.5906844155,0.0380769231,0.00971487,0.3431570692,2.669399377,0.4390622688,0.4981643543,0.3011157285,0.002594255,0.0017028164,0.9300032842,0.0496405855,2.3530586814,0.4173377429,-0.0673528072,0.4394009039,-6.811e-06,9.38716e-05,7.87732e-05,4.90938e-05,0.3456585611,0.1641904892,2.9291021324,0.4873405688,0.044333457,0.2262910249,0.501045,0.0327095128,0.0428168862,0.0048769877,0.2870398604,0.171686953,2.9345799781,0.3603619666,0.0075453018,0.2189886275,0.44511898,0.270225188,0.022255048,0.0133349186,0.9680106735,0.0175042122,2.305757231,0.2601136534,0.7191004686,0.1629099262,-0.0009526288,0.0005866818,0.0004076705,0.0002440778,0.951684227,0.0201542344,2.3293471314,0.2901974898,0.7150660711,0.1767223636,0.1437268233,0.0266522029,0.1423250047,0.0138553482,0.9394416966,0.0261204557,2.773499332,0.4792057606,0.9817680472,0.2229772926,2.354164860705159,-2.1048152854843285,0.8248881034074189,0
325,385.3644768706912,13929,33,36.14500255215238,0.26145,0.0367239363,0.2147502831,2.5949189015,-0.0407028288,0.27395,0.0458219107,0.5521745371,2.8051688251,0.1103452102,0.4646,0.0381226967,0.1297297762,2.7432797965,0.141350746,0.0352,0.0108148047,0.0743819501,4.5273170899,0.8793710114,0.3477108434,0.0876373318,0.8102333991,1.8625042241,-0.0076788077,0.0912048193,0.0722928714,0.9039936238,2.2615524127,0.7933478314,0.5610843373,0.0458129263,0.3757216273,2.2565917036,0.0367713142,0.0506626506,0.0128422093,0.1828570811,2.5669129153,-0.0276540279,0.4932965294,0.2993375757,0.001819838,0.0014080482,0.9418166373,0.0408704012,2.3443570166,0.5000359935,-0.0326125068,0.4197825807,-7.7795e-06,3.10606e-05,3.69991e-05,2.28506e-05,0.1459433458,0.1235825352,2.890270759,0.3728514704,-0.0176777184,0.1851851244,0.492095,0.0227785804,0.0379866372,0.0025908773,0.1005124184,0.1147715058,2.8586198217,0.3442621477,-0.0030439945,0.227388577,0.4418387785,0.2722490563,0.0220278599,0.0135314545,0.9838261244,0.0055441492,2.3714885952,0.1852523563,0.7837421539,0.1373259362,-0.0004454649,0.0002674859,0.0001915054,0.000116452,0.9647192411,0.0070343704,2.4007730622,0.2073069408,0.7639905176,0.1383576537,0.1529151486,0.0259997659,0.1420606352,0.0079905496,0.9540058366,0.0107987965,2.7411215473,0.347345316,0.9596575311,0.1888389366,-1.9982134206602702,-1.6432813397301513,1.3276966362105422,0
326,376.4769800620113,13833,6,36.74328241190605,0.2534,0.0371677279,0.0911035475,3.1998663071,0.3810013303,0.2248,0.0331581061,0.3642751791,3.3651778721,-0.1690480054,0.5218,0.0382002618,0.1254875084,2.566999143,-0.0004634749,0.0434,0.0100717426,0.0024261821,2.5335852991,0.1698265719,0.4396638655,0.1298022593,0.9406466294,1.8855572562,-0.0072666564,0.0855462185,0.0737352461,0.9155777075,3.1017063301,0.9795409716,0.474789916,0.0714801346,0.744976147,2.4353543692,-0.3283417016,0.0458403361,0.0117451819,0.167784043,2.7592483194,-0.1436938938,0.4957911518,0.3005813083,0.0016398209,0.0011472367,0.9336075831,0.0581231066,2.4653136698,0.6393767813,0.0342528738,0.3758008054,-1.273e-07,2.65133e-05,3.87786e-05,2.28258e-05,0.1959677432,0.1357078228,2.9838089324,0.5927805548,0.0023281361,0.2212513836,0.504035,0.0221292064,0.0371267468,0.0044437224,0.1227715777,0.127185052,3.1886372876,0.5697065153,0.0701130713,0.3150065275,0.4478192046,0.2731842829,0.0242413666,0.0143101603,0.984155003,0.0065760544,2.250803913,0.2756128532,0.6964618399,0.165111511,-0.0005183521,0.0003096157,0.000225907,0.0001335455,0.96519852,0.0081578728,2.3119836694,0.2640061125,0.7028743222,0.1616132175,0.1552950719,0.0183976612,0.1436563735,0.0088715388,0.9551641772,0.0096664789,2.6439092598,0.2587248805,0.9247305181,0.1477804261,-1.907727527147556,-1.6436327681501757,1.8649377661549602,0
327,951.244259169614,35678,51,37.50666525035852,0.26295,0.0333173753,0.2531164479,2.8450741103,-0.0319285887,0.24515,0.0369015921,0.1854837807,2.9139228472,0.1481787498,0.4919,0.0397604074,-0.025231689,2.8800338828,-0.339349468,0.035,0.0116404467,-0.0018484288,2.3903541618,0.095100394,0.4775619835,0.0936520633,0.8391858557,2.8473527206,-0.7251790287,0.0761157025,0.0577379647,0.8673680667,3.6431867894,1.1286894305,0.446322314,0.0482151197,0.4468942639,2.961339531,0.3483993158,0.046446281,0.0126937548,0.1908168439,2.9636311729,0.3365401976,0.4990522451,0.3027974877,0.0005200536,0.0005004601,0.9311978291,0.0467991834,2.4518043099,0.6220689704,0.0667040514,0.4151878041,1.8313e-06,6.2285e-06,9.4262e-06,5.7385e-06,0.1215863142,0.1459041521,2.769669745,0.2868612469,0.1134531785,0.1828520867,0.50414,0.0225304106,0.0394992223,0.0041173343,0.1655327522,0.1794268952,2.7824613696,0.3013191775,0.0213334034,0.1968266049,0.4532534919,0.3108525628,0.019549376,0.0131474994,0.9951054843,0.0023934116,2.2621194895,0.3259302829,0.6108044532,0.2077888042,-0.0001157459,7.24445e-05,4.84317e-05,3.19737e-05,0.9600622708,0.0111165881,2.5179377816,0.2585499548,0.7509107357,0.1703780717,0.1777051245,0.0134655423,0.140163073,0.00801352,0.9606592387,0.0068843751,2.4095124038,0.2442295744,0.7711398119,0.1583522419,-3.741038915135292,-0.53624545458767,-0.030876554418712458,0
328,150.21679129304567,4960,56,33.018945201165565,0.2299,0.037696021,0.437401904,3.7838954328,0.4223563052,0.24255,0.033447683,0.1980670203,2.6487283948,-0.2450927154,0.52755,0.0359339324,0.236500407,2.5674625122,-0.2424239573,0.03815,0.0108548376,0.1765977863,2.7889387345,0.0813325893,0.4907142857,0.141477625,0.9337439551,1.8329636773,0.0117042314,0.0861428571,0.0826272673,0.8962672754,2.6140426134,0.9382113504,0.4231428571,0.0781672722,0.8320532722,2.3937537838,-0.4025492603,0.0418571429,0.0104939244,0.3426720459,2.2178421569,0.0136461164,0.4885915677,0.2962913773,0.0027788616,0.0017610996,0.949286557,0.0330472769,2.171495612,0.4123042532,-0.1896546168,0.354495719,6.2917e-06,5.9677e-05,7.10296e-05,4.03632e-05,0.373003615,0.1408721652,2.839717672,0.6175897126,-0.0411686431,0.2384871855,0.50995,0.0302492066,0.0437477557,0.005611762,0.2861017043,0.1279896554,2.8093102476,0.4446599766,-0.0091007153,0.2135271878,0.4464752271,0.271532282,0.0211379337,0.013062171,0.970794932,0.0121344056,2.4032681403,0.1709051728,0.7964506744,0.0923229433,-0.0007917343,0.0004735523,0.0003328231,0.0002068803,0.9512887331,0.0175572911,2.4625579009,0.1973015919,0.7953701341,0.1012639161,0.1475314179,0.0172041704,0.1417140534,0.0126774912,0.943588016,0.0099332177,2.8002285643,0.3707879134,0.9816557831,0.1646224986,0.9076836400989408,-2.6446763798402357,1.9329872806912265,0
329,398.2058463326183,14995,42,37.65640343581192,0.229,0.0273861279,0.0626210286,2.9349653333,-0.253851148,0.26355,0.0372913864,0.2879928528,3.1719493207,0.0215702484,0.50745,0.0351887411,-0.0151556209,3.41765504,0.427172643,0.04115,0.0096657902,0.0387619893,2.8215084219,0.4206898756,0.3882421875,0.0732519993,0.7753614396,2.0932425533,-0.1262228421,0.07765625,0.0583729172,0.8976167367,2.2428130057,0.6516044573,0.5341015625,0.0368295991,0.0060885282,2.5200063861,-0.1121005253,0.04984375,0.0125613728,0.1516625268,2.9407655221,0.5024341128,0.4978047047,0.3022063878,0.000869062,0.0006975283,0.9443939577,0.0381699433,2.0932855378,0.4349844261,0.0039612864,0.3327930593,-2.1085e-06,7.8096e-06,1.68207e-05,9.9364e-06,0.1047368551,0.1487701323,2.8334930454,0.330411854,-0.0684585042,0.2373867392,0.497225,0.0151781545,0.0364769659,0.0024246564,0.0500436395,0.1198761737,2.933447413,0.3274737678,-0.0034283647,0.2442239019,0.4544984204,0.2902434541,0.018291443,0.0115739594,0.9909797048,0.0027593331,2.3007470902,0.1340663297,0.6934166917,0.084779786,-0.0002438036,0.0001547932,8.78816e-05,5.56125e-05,0.9571909875,0.0057591557,2.9797949314,0.19367505,0.9299965239,0.0715188008,0.148524372,0.0090082007,0.1334232415,0.0058617384,0.957321301,0.0061376983,2.9786331236,0.1798495354,0.9989029845,0.0950348551,-4.267840854601875,-0.615375014421044,1.6105604631987076,0
330,170.54180406788538,6303,12,36.95868021597242,0.25135,0.0359155607,0.083555387,2.6502337804,-0.042963145,0.2553,0.0467109195,0.4905796893,2.1205803751,-0.0479669633,0.49335,0.0452385621,0.4540469106,2.2254117004,0.1820122732,0.0367,0.0130042301,0.3391641384,2.6429790889,0.3376884572,0.4849230769,0.1106953279,0.8971884007,2.2291220756,-0.0274178552,0.0839230769,0.0655831375,0.8089014356,5.1917168293,1.5457858822,0.4311538462,0.0669372222,0.7867007913,2.438227064,-0.2651417914,0.0380769231,0.0110485748,0.2963273833,3.3339922119,0.2436960574,0.4865613406,0.2967142489,0.0038853915,0.0028160681,0.9441831807,0.0302843625,2.3047144882,0.3986239227,0.0137596548,0.4419709142,-1.5548e-06,9.35763e-05,0.0001135414,7.43928e-05,0.4240824375,0.2059099769,2.7728832881,0.3129701139,-0.0374131846,0.2255045877,0.492265,0.0390462966,0.047180692,0.0096870431,0.3333844732,0.2274492744,2.692042205,0.3533582432,-0.0482816549,0.2317217408,0.4286357922,0.2597310042,0.0286275134,0.0175910534,0.9653068335,0.0189541924,2.374731934,0.2906383994,0.7842367649,0.1572275173,-0.0012871038,0.0007911054,0.000544852,0.0003305897,0.9467142639,0.031116968,2.4095362205,0.3796526066,0.7601390199,0.1864246653,0.1441439104,0.0219925075,0.1417865469,0.0133160878,0.9322579295,0.0194199296,2.762593737,0.4716688278,0.9687787873,0.2140359379,5.090350183145092,-4.143561816375706,-0.38204750717050534,4
331,1105.0125253846886,40853,12,36.97062165496977,0.25525,0.0318463106,0.044255912,2.4850372004,0.000792422,0.24825,0.0346220667,0.1499400545,2.7955156793,0.2627577317,0.4965,0.0390096142,0.068696913,4.7526770324,0.310358087,0.03545,0.0099773493,0.076025304,3.1155391599,0.1251180272,0.4176650943,0.1021512526,0.8960917091,2.0236446611,-0.205885849,0.0912382075,0.0750491182,0.9300609788,2.6436718171,0.8706716821,0.4910966981,0.0451730174,0.4680116681,2.5645346558,-0.259069607,0.0455896226,0.0124150504,0.1124692855,2.9962257864,0.2783156182,0.4975188763,0.3025814847,0.0003902853,0.000239719,0.9657272494,0.0223230654,2.2401749086,0.5258130721,0.1872962042,0.4272322674,2.596e-07,2.0564e-06,7.2661e-06,4.4275e-06,0.0128596499,0.1217914643,2.9468776795,0.5284334009,0.0312444933,0.2510540809,0.501425,0.0079983045,0.0354605451,0.002096722,0.0063047806,0.0870970599,2.9688940756,0.4111143189,-0.002773688,0.2572205897,0.4599426758,0.3251279188,0.0189174109,0.0127944082,0.9963424635,0.0019921303,1.9982813426,0.1046507976,0.4211415183,0.1582747599,-8.59443e-05,5.72116e-05,4.00115e-05,2.49854e-05,0.9515414981,0.0466416848,2.3189431133,0.0754186189,0.560106525,0.1950703323,0.2172300416,0.0869336036,0.1276887521,0.0294743021,0.9105232205,0.1233706806,2.4778476849,0.0961500272,0.6457538754,0.265479023,-3.330400407417697,4.8874333856744965,-1.3078475237225524,0
332,116.33082979493422,4446,12,38.21858752178872,0.3098,0.0491880067,0.5557592686,2.8332464179,-0.2004758746,0.26265,0.0454722718,0.4381389452,3.3369397984,0.3709596249,0.42755,0.0351887411,0.1538447384,2.4161574901,0.1067666316,0.0325,0.0089861004,-0.1123160341,2.8364596613,-0.3152443461,0.5641447368,0.1314854108,0.9225312882,1.8440456773,-0.0184551639,0.0754605263,0.0608231779,0.8306724291,3.7716816869,1.042976944,0.3603947368,0.0810326573,0.8302080729,2.1898140515,-0.2360806496,0.0410526316,0.0099774677,-0.0406704184,3.950285913,0.2850725402,0.4942874959,0.3003404713,0.0023020107,0.0015233519,0.9251745585,0.0594362301,2.5017353004,0.5286332561,0.0399882125,0.4803866588,-1.18059e-05,4.75786e-05,6.95517e-05,4.07591e-05,0.3076209569,0.1424671204,2.879276779,0.3356049824,0.016971748,0.2752395519,0.4899425,0.0233374231,0.0431458675,0.0036582778,0.2498859076,0.1523333886,2.7307992793,0.2843064229,0.0312952753,0.2113438725,0.4476876061,0.2726821044,0.0241162235,0.014418107,0.9718802598,0.0148648199,2.0986761119,0.2554980102,0.5985439288,0.1985503965,-0.0009528368,0.0005672733,0.0004464559,0.0002685319,0.9590611293,0.0194052948,2.0963283963,0.2509623757,0.5779674066,0.2042473028,0.1598763762,0.0310658438,0.1491439539,0.0143397992,0.9416249271,0.017611839,2.4938745544,0.3770455156,0.831508164,0.2238648465,2.047017512784789,-2.439278410672731,-0.00872983199892728,0
333,118.22000223285583,4391,58,37.1426147611732,0.2516,0.0367006812,0.0767784539,2.7140302133,0.2516625957,0.2667,0.0352151956,0.2586262585,2.9875647242,-0.0460714679,0.4817,0.0352932005,0.0917146637,2.6015702589,0.2693825031,0.0357,0.009354678,0.0184000704,3.4281795974,0.3553336147,0.4540625,0.1291283125,0.941932083,1.9592339412,-0.1516515765,0.078203125,0.0832746172,0.8673301968,3.6973918604,1.2741809688,0.467734375,0.0677710397,0.8360668448,2.2305344949,-0.5178923104,0.04515625,0.011421223,0.2088595999,2.4485949438,0.3941969102,0.4895633139,0.2979284452,0.0026921434,0.0019392575,0.9300370379,0.050895519,2.8482537935,0.9593622978,0.0446204336,0.6235986815,1.68161e-05,9.25625e-05,8.00335e-05,4.89405e-05,0.293880339,0.172808963,2.9914790195,0.3915548748,-0.0559161783,0.3011827749,0.5018825,0.0308906389,0.0421866314,0.0053009674,0.2115656915,0.1721422765,2.9190493633,0.3513069236,-0.0578780501,0.2878876455,0.437168862,0.2649947435,0.0233610252,0.0144786974,0.9696785838,0.0089871829,2.3684647289,0.2099873337,0.7729496127,0.1227146028,-0.0009519355,0.0005879555,0.0003981505,0.0002457797,0.9501696314,0.0075370789,2.3816560336,0.2229160742,0.7564727862,0.1307213899,0.147686537,0.0230940434,0.1436770684,0.0176170076,0.9411972473,0.0120349949,2.7290845009,0.3659321724,0.9611738519,0.1786245419,1.2068584151116717,-3.264877571807819,2.0485658403702915,0
334,767.3923446014452,28207,6,36.75694734047635,0.25305,0.030568734,0.0310445159,3.7079053791,-0.0595072489,0.2555,0.0315238005,-0.031156654,2.778792168,0.107232545,0.49145,0.0362511724,-0.0640033715,2.7024854737,-0.0257841318,0.03635,0.0112662105,-0.3001457625,2.9442382915,0.4071584141,0.3872424242,0.0829282385,0.8470216886,2.2158248432,0.2437112622,0.1164848485,0.0625717146,0.8923600779,2.4768585136,0.5370437595,0.4962727273,0.040476909,0.3605374448,3.1921430419,-0.4450206439,0.0409090909,0.0103172807,-0.070875979,2.4358477441,-0.0208311623,0.4978981673,0.3025486425,0.0006508161,0.0005189501,0.939507403,0.0567042989,2.3661594039,0.4772527981,0.0264525202,0.3746505774,-1.7577e-06,6.8529e-06,1.31465e-05,8.2787e-06,0.0194342787,0.1046641723,2.7899770833,0.4239777205,0.0283724098,0.2204073394,0.5003625,0.0173251398,0.035244185,0.002952634,0.0016921602,0.0709574142,2.8687284833,0.4750923156,-0.0250516503,0.2355730161,0.4585347234,0.3044080659,0.0192371092,0.012040244,0.9937574655,0.0033280602,2.0914984864,0.1925045312,0.5297119676,0.193518438,-0.0001531703,9.7525e-05,6.82175e-05,4.18357e-05,0.9534169675,0.0562334556,2.2242192751,0.1900369915,0.596020461,0.1575273342,0.1860747081,0.0722965427,0.1318419313,0.0249085273,0.9299024812,0.0916128874,2.5232896152,0.1688417339,0.770267877,0.2354450407,-3.0421543803098445,3.8844211968251656,-0.62150890760164,0
335,279.51725710965155,10513,28,37.6112734816794,0.23555,0.0332332289,0.2004809264,2.9039554985,0.2539547382,0.28705,0.0449671825,0.2026468085,3.0978116449,0.3224007878,0.4774,0.0413913034,0.0527487817,3.2914291192,0.0828596786,0.0324,0.0098101988,0.099797881,2.7589297745,0.2523456613,0.4501282051,0.1468537,0.9420289793,1.805595644,-0.0545986049,0.0985897436,0.082582117,0.9457425076,2.4948584995,0.8025369918,0.4512820513,0.0771214323,0.7790117722,2.0786794964,-0.3397373393,0.0467307692,0.0111466599,-0.0739936867,2.6769132347,0.3809276902,0.4947386767,0.3007185082,0.0018813713,0.0011487572,0.9085856888,0.0689381839,2.7083959044,0.6457420951,0.0660598589,0.5739846175,1.5738e-06,4.7211e-05,5.97345e-05,3.57665e-05,0.2436202638,0.1882632434,2.8649231626,0.4658738952,-0.0178249363,0.2835738305,0.49928,0.021152845,0.0416307563,0.0071602289,0.1918588691,0.1502720309,2.8426341763,0.3491066745,0.017895442,0.2331280623,0.4485596367,0.2721026931,0.0232887123,0.0140509196,0.9755530071,0.0129997916,2.2488391791,0.2588460443,0.6631238634,0.1410949973,-0.0007580833,0.0004619871,0.0003493236,0.0002093107,0.9555527678,0.0287140722,2.3429874464,0.4773291737,0.6717519965,0.1977260131,0.1543907141,0.0135017505,0.1469637524,0.0127483058,0.9427058629,0.018912974,2.6995296627,0.3233827419,0.9389748163,0.1285609525,0.6695239558820943,-1.5467167386964424,1.3791031404041074,0
336,115.66459618436488,4329,20,37.42718293071929,0.24445,0.0402361467,0.5433636436,3.2722692061,0.2778649317,0.30315,0.046220423,0.537894305,2.9878359529,0.0777450559,0.4524,0.0452685321,0.4894382328,2.8929170555,0.3764214836,0.03395,0.0108234699,0.0465558727,4.3074958213,0.7621972593,0.4612878788,0.1111009322,0.924146302,1.8219255871,-0.037844808,0.0845454545,0.0706127257,0.8454744054,3.236816384,1.1191200932,0.4541666667,0.0637263523,0.7498671608,2.310497923,-0.125641008,0.0449242424,0.013385101,0.2793624699,2.5217524051,-0.0075031861,0.4961626393,0.3013528762,0.0026858933,0.0020870957,0.9251164582,0.038476378,2.5728206866,0.5793804829,-0.1367288274,0.407000302,-1.64643e-05,8.84e-05,8.60067e-05,5.61712e-05,0.4168197953,0.146810339,2.8696524766,0.5872761668,-0.042613163,0.2873457402,0.489435,0.0354950247,0.0448488604,0.0065298334,0.3389188178,0.1515851916,2.8675206445,0.4111490013,-0.0511531043,0.2663834091,0.4551091113,0.2762201339,0.0184388349,0.0112372157,0.9623294416,0.0166331768,2.3166078549,0.2109440948,0.7395450298,0.107435785,-0.0009064305,0.0005519485,0.0004013269,0.0002454119,0.9503729985,0.0134244473,2.3152407188,0.1899626021,0.7221406255,0.1041125262,0.1524358256,0.0208982862,0.1461629314,0.017411943,0.9414170715,0.010947484,2.5521784772,0.2746816318,0.9066373862,0.1475005596,2.5946449835492302,-3.1561176814174616,0.22067749086957,0
337,606.9930539356919,22540,48,37.133868095940365,0.2288,0.0312259507,0.0952922744,2.5525528798,0.1069703164,0.2725,0.0350035712,0.0972477064,3.5377988769,0.2694801841,0.4987,0.0419500894,0.2685868972,3.1154038647,-0.0339257919,0.03825,0.0088140513,0.1536469958,3.1358002238,0.2438419804,0.4515517241,0.1089342959,0.9074183735,2.114420466,-0.3264462612,0.0837684729,0.068109305,0.92669747,2.9134766592,0.9620161427,0.464679803,0.0540549888,0.6029962434,2.3300573497,-0.3171758035,0.04,0.0109970887,0.0269151139,3.0056640714,0.0777839635,0.496507769,0.3026067987,0.0007059451,0.0005065004,0.9478790213,0.0340717885,2.508665949,0.325379287,-0.0391039759,0.4490256578,-3.519e-07,1.11151e-05,1.44116e-05,8.8644e-06,0.0872474775,0.1183430045,2.9800357401,0.3786846632,0.0415416796,0.2077728511,0.494605,0.0235354886,0.0366813079,0.0035646042,0.0646804618,0.1070355871,2.9936999157,0.4944355743,0.0690285924,0.254225979,0.4464547671,0.2953237615,0.0231837079,0.014548061,0.9929598895,0.0028318747,2.2851915855,0.1617322741,0.691435833,0.1447741931,-0.0001586575,9.95058e-05,7.9935e-05,4.94976e-05,0.9725766024,0.0079550002,2.106051143,0.2287043969,0.5659406045,0.2319250573,0.1877038315,0.040853253,0.1563681281,0.0129276623,0.9675815322,0.01044944,2.1773467102,0.269698861,0.6649696445,0.2600804501,-3.797945685514512,-0.39318227397249395,1.4741922352180281,0
338,651.986909549271,23912,10,36.67558297532499,0.25355,0.0350805858,0.1811859937,2.6149917336,-0.0702977933,0.2713,0.0375207942,0.2087659345,3.6409358135,0.5332960577,0.47515,0.0425173788,0.033317381,3.2490004903,-0.0897703041,0.03145,0.0089525136,0.0056106814,4.264544718,0.2816079046,0.5195862069,0.08908443,0.8411772983,3.3105800722,-0.7956580216,0.1227241379,0.0853370181,0.9140867645,3.02683451,0.9233894521,0.3576896552,0.0336053192,-0.0243954689,2.4391192964,-0.0683498539,0.038137931,0.0116699559,0.076223565,2.9398902689,0.3525647463,0.496947161,0.3022738548,0.000724717,0.0004852989,0.9479615074,0.0398808847,2.2445492046,0.5673968883,0.0597388329,0.4407399443,-1.1221e-06,9.6041e-06,1.49427e-05,9.1777e-06,0.2192145604,0.144399943,2.7176014535,0.3275793214,0.043955224,0.1922227564,0.4979075,0.0225454057,0.0415572469,0.0042818056,0.2253072079,0.148392986,2.8194535086,0.2956132668,0.0276411196,0.1836904929,0.4555165768,0.3001789768,0.0192697306,0.011846677,0.991405949,0.0044014954,2.3837654143,0.3023543027,0.7415904145,0.2225111873,-0.0001472699,8.49532e-05,6.86118e-05,4.28862e-05,0.953745006,0.0272636892,2.3715583641,0.4620458834,0.6644108389,0.2512852139,0.1920142775,0.0521014278,0.1401040266,0.0263050099,0.9470832752,0.0501112945,2.2274109946,0.2487176229,0.6224906,0.1558599992,-2.291579195955259,1.144440024131614,-1.7499375571039013,0
339,201.28342143632685,7559,62,37.55401188066143,0.24405,0.0339315119,0.2056713028,2.9023901607,-0.0066309803,0.2709,0.0396382391,0.2493358026,2.745793797,0.3829859105,0.48505,0.0398967104,0.1284340207,3.0608716476,-0.2628514874,0.03525,0.0096014322,0.0264987529,3.0404748061,0.1492362106,0.5221276596,0.1534280089,0.9381042733,2.2354250828,-0.4903445438,0.0810106383,0.0774582241,0.8988250864,4.4300819573,1.4189563905,0.3968617021,0.0864857141,0.8709417501,1.8894030358,0.0194281001,0.0427659574,0.0107093373,0.0381856435,2.8731746521,0.4400190542,0.4921248743,0.2986998285,0.002588785,0.0021930314,0.9205002431,0.043191888,2.5193434826,0.6001536151,-0.0552799905,0.4575814891,-1.93344e-05,5.89458e-05,7.00988e-05,4.71065e-05,0.2764163764,0.1444138241,2.8703935144,0.4526994756,0.0757271138,0.2110209132,0.4861075,0.029827501,0.0396428985,0.0047219403,0.2397098609,0.1653062156,2.7419401119,0.280818475,0.0858179917,0.2251424243,0.4400651326,0.2664194414,0.0265306134,0.0160698756,0.9745914472,0.0088724501,2.32335662,0.1651422952,0.7409218608,0.1038403338,-0.0008944187,0.0005572979,0.0004146371,0.0002496016,0.9583992205,0.0147458712,2.3174149788,0.2028386925,0.7186616855,0.1231265797,0.1549762299,0.0172836957,0.155056476,0.0119038701,0.9472454994,0.0090525948,2.6503866444,0.3458874802,0.9330379316,0.1518247768,1.408404476839233,-3.8767979459731357,-0.4865209155803814,0
340,378.97453289832447,13779,40,36.35864366563329,0.2417,0.0291994863,0.1157672061,2.3767006266,-0.043610775,0.23855,0.027643218,0.2377888345,2.9569826984,0.0098629626,0.51975,0.0314831304,-0.0798136183,2.8988258901,-0.100153024,0.033,0.009591663,0.0430856272,3.2019139887,0.3824652975,0.444379562,0.1055874171,0.9141878544,2.1907854004,0.2377628801,0.073649635,0.0628911226,0.9190856643,2.5797754964,0.8397703509,0.4819708029,0.0618225553,0.6201601723,3.2582769962,-0.6769677763,0.0439416058,0.0123132866,0.3361721592,2.8313573956,0.1094393065,0.4956089969,0.3021904832,0.0009007556,0.000551429,0.938337473,0.0292880803,2.4342123133,0.6064482906,-0.0576527488,0.4259481594,-4.8494e-06,1.41516e-05,2.08258e-05,1.26288e-05,0.0431723528,0.1215202205,3.0621846242,0.6213126924,0.0014333205,0.2948421077,0.487305,0.0252700955,0.0360620405,0.0028528033,0.0440562368,0.0790937744,2.9430783235,0.4528445592,0.0355870106,0.2126889479,0.451758458,0.2821800344,0.0207158493,0.012422238,0.9894042987,0.0064365299,2.1124782475,0.1650619229,0.5861861179,0.1382523882,-0.0002822533,0.000169772,0.0001317773,7.88112e-05,0.9714050664,0.0065370308,2.1424883796,0.1384139891,0.5850175482,0.133741542,0.1655772605,0.030471679,0.1437024617,0.0065782749,0.9592764572,0.0077359626,2.4892792482,0.1856393465,0.8221869582,0.1479087458,-3.5350938404221144,-0.30929523638821277,2.4068194010098543,0
341,123.14845518419452,4628,52,37.58065818266132,0.2436,0.0376236628,0.1984028277,3.016724263,0.232980185,0.23225,0.0364580238,0.2402049057,2.6339345408,0.0278137903,0.52415,0.040118917,0.1589535754,3.2413924079,-0.3155188463,0.03415,0.0096967778,0.2787035953,2.9870111051,0.2896959245,0.4482692308,0.0754657628,0.7494863171,2.5621173649,-0.500142437,0.0567307692,0.0572434462,0.8419731729,3.9308772042,1.3708279253,0.495,0.0363741244,0.315348159,2.7086812128,-0.2043923573,0.0597115385,0.013388193,0.4422995331,2.0902117615,0.0075505899,0.4968826038,0.3007838248,0.0030047824,0.0020142721,0.9272448861,0.0429549908,2.3256141426,0.5764584234,-0.1544791699,0.3456101763,-3.6003e-06,6.68976e-05,8.8655e-05,5.39518e-05,0.2675080266,0.1503357868,2.7661685515,0.3603109486,-0.0627523287,0.2149491027,0.500145,0.0266362671,0.0422716739,0.0044264929,0.2121609486,0.1353054904,2.8862321648,0.5707274874,-0.0931315953,0.2097770819,0.445302951,0.2700866566,0.025380524,0.015526792,0.9683778343,0.014022248,2.4084677567,0.2193708826,0.8220612359,0.1277947993,-0.0010588409,0.0006473925,0.0004444472,0.0002718225,0.9515873978,0.0223124971,2.4396486594,0.2553997086,0.8200234017,0.1338153721,0.1398926206,0.0158646686,0.1413373742,0.0142887137,0.936267594,0.0270533959,2.9179735776,0.3932020942,1.0517402737,0.1479154353,1.921253597331678,-2.3133530127111404,0.2825742645932584,0
342,101.99502531175364,3804,48,37.29593662409373,0.34855,0.086974982,0.7911216609,2.4120646368,0.2357269279,0.36405,0.0909964148,0.8615104962,2.0094957283,-0.0052707332,0.2874,0.0497467587,0.5071791315,3.4491012439,0.6191647,0.02715,0.008638721,0.1103177188,2.9387899276,0.1124023683,0.5915789474,0.1403056122,0.8677734132,2.6936203495,-0.6826034643,0.0665789474,0.0506420002,0.8709282372,3.114376084,1.0349299399,0.3418421053,0.0930790627,0.7781920201,2.6335979257,0.4066799675,0.0369736842,0.0102302103,-0.186796308,2.6380451822,0.1606225341,0.4856527787,0.2955524045,0.0051401979,0.0037026412,0.9176139269,0.0557119601,2.4617656298,0.4960490694,0.0358188725,0.4081301393,-4.77089e-05,0.0001398416,0.00025039,0.0001589417,0.664200186,0.1211197249,2.7190217958,0.5261003988,0.2106953613,0.3351080316,0.4874425,0.0291498082,0.0640287656,0.0078852742,0.6194808334,0.0867123954,2.66958828,0.3307982661,0.029746206,0.2980710119,0.4419498364,0.2688658871,0.024008603,0.0143986073,0.9422991848,0.0243666228,2.4802989709,0.4220182643,0.8020086449,0.2009585112,-0.0015497225,0.0009367343,0.0007090052,0.0004339039,0.9240129672,0.031826571,2.3108865732,0.4397539098,0.6455601105,0.2262385614,0.1646531266,0.0341625812,0.1536580421,0.021418495,0.9255086837,0.018465493,2.2950308816,0.5011613367,0.7258625237,0.2560727016,12.018046366193813,-7.540740059229429,-5.909432149690358,4
343,206.33276385417108,7859,56,38.08895811406119,0.22565,0.0292374332,0.0837061732,2.8031008303,-0.1149698967,0.2518,0.0341285804,0.2150226937,2.8737293014,0.0012443271,0.52255,0.0341869493,-0.0277840956,3.4760759993,0.1638994083,0.0374,0.0094731199,0.0035037191,2.5900601142,0.0177010767,0.489040404,0.1176402597,0.9227433531,1.8436152362,-0.3089404882,0.0614646465,0.0564579602,0.8534722917,2.9653463347,0.9591226758,0.4494949495,0.0700702928,0.7715777105,1.8253111494,-0.0274083031,0.0458080808,0.0118642803,0.0022398747,3.1648120858,0.388096196,0.4980062438,0.3020743718,0.0015848273,0.0012917347,0.9453787979,0.0397036368,2.5813409983,0.8277344658,-0.0079367089,0.6355187569,6.477e-06,3.28233e-05,3.66426e-05,2.36976e-05,0.207227466,0.1649522423,2.7728472203,0.3073039357,0.0361063936,0.2186694842,0.51065,0.0295185069,0.0383284155,0.0045379306,0.1637861106,0.1459048434,2.8399897317,0.2181999136,-0.0176802797,0.1917418226,0.4589815312,0.2793447674,0.0196108996,0.0119122625,0.9830535364,0.0071528133,2.1220163167,0.1155834864,0.5928270319,0.0928962901,-0.0004459135,0.0002653863,0.0002047867,0.0001236818,0.9639960778,0.0126193902,2.17321599,0.178578803,0.5920070714,0.1183950439,0.165200236,0.0160016748,0.1472475147,0.0091644673,0.9514670445,0.013100914,2.4471993392,0.3380495015,0.8013412802,0.156239246,-2.1880601184933033,-1.0175380663845708,2.4328886725019245,0
344,124.75080199488382,4699,28,37.66709251450513,0.22285,0.0388088585,0.4456846929,3.0518296469,0.0708833799,0.27825,0.0444149468,0.4626603419,3.4708564173,0.2875957095,0.4989,0.0450864725,0.4059305762,2.8021356316,-0.2483647745,0.0345,0.0107121426,-0.0547003667,2.5670895809,-0.0103724451,0.5544705882,0.1428244985,0.9443081053,2.1647269864,-0.5935275111,0.0702352941,0.070184236,0.8983069145,2.9844826487,1.1305354524,0.3752941176,0.0817505278,0.8216742027,2.1774418716,0.2588755534,0.0475882353,0.010644296,0.1608996761,2.7439910324,-0.207319132,0.4857392474,0.2949444245,0.0043283629,0.0035548759,0.9551923688,0.0283145132,2.1855521695,0.4215292047,0.0483089866,0.4242383538,2.73462e-05,7.75065e-05,0.0001089384,7.64359e-05,0.4299878245,0.1997077805,2.776731908,0.3686489708,-0.0206245079,0.2758759737,0.501275,0.0283734978,0.0438658489,0.0074970862,0.3463476491,0.1776674885,2.7747114363,0.3635491427,-0.0682888652,0.3012471647,0.4292700792,0.2589449618,0.0365102573,0.0221923349,0.9730203377,0.0132587304,2.1242765077,0.1911994497,0.6134236204,0.1549994378,-0.0013611204,0.0008612304,0.000642552,0.0003896512,0.9580110765,0.0165490847,2.1348891348,0.1736266768,0.603572672,0.1533349839,0.1619010678,0.0260167505,0.1511059559,0.0127926155,0.9454559386,0.0132868623,2.4704219543,0.358606531,0.8397717909,0.1959279368,3.8465200128267028,-4.544861731079642,2.7313416685168788,0
345,333.72194529940754,12204,64,36.56936612020182,0.2469,0.0382542808,0.0231681921,3.0870382216,0.1455284453,0.243,0.0423143002,0.5771385816,2.366006603,-0.185926636,0.5101,0.0443338471,0.2398790524,2.8282116332,0.226255048,0.041,0.0104880885,-0.074553239,2.5097520661,0.0208028201,0.7035606061,0.1300837875,0.9029747347,3.2548942217,-0.9392006606,0.0715151515,0.0758660587,0.9136696038,5.5022662938,1.7246331723,0.2249242424,0.0644645335,0.7406558043,2.5104467081,0.3160576184,0.0378409091,0.0094986678,-0.0724560664,2.9230259127,0.1599606078,0.4951867935,0.3014541859,0.0016557746,0.0011625953,0.9136872579,0.0531515149,2.4944641477,0.5078282747,0.2717687018,0.3704653126,6.3971e-06,5.33656e-05,5.98282e-05,3.94097e-05,0.4318595252,0.1617640029,3.0818112999,0.4285094393,0.1129389365,0.3441803986,0.50063,0.0317980047,0.045489402,0.0053060627,0.3447630929,0.138769581,2.9980494023,0.4096118128,0.086934189,0.2978738724,0.4611796092,0.2806758718,0.0181247347,0.0105281657,0.9748141762,0.0161424563,2.3554655688,0.4394401103,0.7345134746,0.2072283565,-0.0005551002,0.0003379311,0.0002263227,0.0001324182,0.9428809426,0.0330918564,2.5019946031,0.3494087884,0.7342308988,0.149380913,0.1534189097,0.0255208504,0.1362547461,0.0156787966,0.943423577,0.0142709129,2.6837778302,0.4961570198,0.8590662539,0.2114466065,1.714980893513738,-1.580515408977217,-1.8058495981334988,0
346,127.90002188046576,4873,25,38.10007166812108,0.2164,0.0375837731,0.3301007348,3.7636201175,-0.3919941141,0.25795,0.0320943531,0.3065336423,2.6991342392,0.0623786398,0.52565,0.0417052455,0.3443668503,2.951151399,0.1384327827,0.03995,0.0113466956,0.1320412303,2.5193132185,0.2331247049,0.4683076923,0.1146374785,0.8897545686,2.356692236,-0.0535502802,0.0731538462,0.0563680845,0.8882977392,2.4979952975,0.8130109043,0.4585384615,0.0691860539,0.7203996965,2.4516412235,-0.4800043667,0.0446923077,0.0114648937,0.0748074305,2.8798230654,0.4582598858,0.4879034175,0.2964267263,0.0028551396,0.00226079,0.9284536985,0.0629439158,2.4186158828,0.5422418906,0.0322627651,0.4611306745,3.713e-06,4.41279e-05,6.5389e-05,4.27227e-05,0.2789321566,0.1874842401,2.7823240002,0.4185851464,0.0164867117,0.251081703,0.50056,0.0238547249,0.0419759644,0.0045641988,0.2217504105,0.1635055974,2.9495329466,0.5306882154,0.0159950198,0.2248794968,0.4410980612,0.2671255479,0.022202868,0.0135622509,0.9767148688,0.0039307353,2.35134879,0.2012313429,0.739455456,0.1176074865,-0.000666613,0.0004129437,0.0002909966,0.0001765634,0.9563406774,0.0067591457,2.3900315888,0.2141473345,0.729787191,0.1199828692,0.1586854876,0.0237280414,0.1482626861,0.0165733275,0.9498631895,0.0101054597,2.6236582101,0.3220195602,0.9031222782,0.1566855372,-0.3016465983003199,-3.220696860546057,1.1123249522857637,0
347,101.126602557428,3560,70,35.20339762208801,0.2603,0.0389346889,0.2919334506,2.8832577292,-0.1820836283,0.2261,0.0326464393,0.1987992076,2.7867706931,0.2844309738,0.5136,0.036572394,0.0289038562,2.8524928424,-0.0015758926,0.0376,0.0097077289,-0.0978800583,3.1077485941,0.3632832552,0.4462280702,0.1338868359,0.9068748559,1.8385304198,0.0727792088,0.1053508772,0.0790117671,0.9228833198,1.9100290108,0.5135879037,0.4484210526,0.0668800831,0.6745600155,3.5742337388,-0.6185241923,0.0407017544,0.0106143976,-0.121227947,2.8083627695,0.0801064487,0.4960038508,0.3014506194,0.0023203682,0.0016220355,0.9098110258,0.0373221427,2.8051975669,0.7219106308,-0.0452897223,0.5636253135,-8.7056e-06,7.40544e-05,7.7429e-05,4.81463e-05,0.2890748273,0.2056668014,2.7633453643,0.2580573414,-0.1043227408,0.2053464006,0.497145,0.0243554044,0.0435398265,0.0090400089,0.2315653116,0.2134138243,2.8968262392,0.3985595466,-0.0441756492,0.2137120331,0.4426652703,0.2687531632,0.0281538167,0.0172692324,0.9734900233,0.0061542833,2.1173561444,0.1555301292,0.6320747639,0.1077308413,-0.0010888532,0.000666181,0.0005067239,0.0003129009,0.9610743633,0.0072737182,2.1527602281,0.1864682473,0.6365463916,0.1154714999,0.1548934887,0.0230971327,0.1500201149,0.0135269773,0.9428772998,0.0142353641,2.599960822,0.4354100165,0.9041335089,0.1885721601,0.7240134778766779,-3.3268985517759746,1.400465002379217,0
348,144.1122596323378,5311,24,36.8532143868227,0.276,0.0397994975,0.2438532282,2.7880712906,-0.062981418,0.2017,0.0355261875,0.1167697724,3.070657014,0.1173855012,0.5223,0.0389962819,0.1106750522,2.7601832223,0.2119646287,0.0407,0.0108862298,0.2997681811,2.5854127375,0.3087184206,0.4845774648,0.1116260939,0.8893510126,2.1238736262,0.0454480967,0.0609859155,0.0539863032,0.8668009514,4.2752304489,1.2702824266,0.4544366197,0.0727698925,0.7603295547,2.7066711647,-0.5293628399,0.0528873239,0.0138315309,0.4190233504,3.8452093029,0.3100974401,0.4886014622,0.2961108017,0.0036386238,0.0026407352,0.9526970078,0.024439188,2.4382648404,0.4504106453,-0.064940221,0.5657383471,-2.44542e-05,8.26085e-05,9.63438e-05,6.40582e-05,0.3834904303,0.2006115124,2.8263385438,0.306625696,-0.0496713007,0.2604958332,0.49213,0.0309492383,0.0437643446,0.0071459701,0.3044662661,0.1897345865,2.9109263434,0.3535667402,0.020553722,0.2585853694,0.4382502496,0.2657647283,0.0244863107,0.0147304169,0.967627167,0.013173564,2.3226387865,0.1961657113,0.755124448,0.1159527389,-0.0010634894,0.000654956,0.0004436627,0.0002676717,0.9499869136,0.0300976358,2.3766880322,0.3186192792,0.7460717459,0.136792996,0.143054073,0.0187129061,0.139964528,0.0124378725,0.9400925819,0.0232810119,2.7334650163,0.3227768563,0.9697708094,0.1427023487,2.8820988531178493,-3.4736327326824683,-0.7357358616238157,0
349,852.9211269495256,31309,32,36.707966318030735,0.22845,0.0279615361,0.0325528489,2.4885787651,0.3015811988,0.22775,0.0286563693,-0.1394197662,2.9667363985,0.5185715385,0.5438,0.0334,-0.0736271885,2.4995479016,-0.0787648769,0.03655,0.0092112703,-0.1033185715,3.5896013378,0.0486022543,0.3490273038,0.0786185716,0.8270722174,2.1152565685,-0.1441756778,0.1050853242,0.0719457244,0.9183031695,2.526699757,0.6789050939,0.545887372,0.0343898193,0.0504244934,3.1064702171,0.2267878413,0.0452901024,0.0118868874,0.1451154169,2.879560402,0.1749301456,0.4999035738,0.3039179763,0.0003410775,0.0002364689,0.9364745475,0.0371734626,2.7547140978,0.7040064199,-0.2403313787,0.5616186997,7.145e-07,2.68e-06,7.5502e-06,4.49e-06,0.0158007787,0.0951541205,3.0642123268,0.3498949166,0.0472849595,0.2814715661,0.5026625,0.0117776045,0.036005003,0.0025644465,0.0135268979,0.1033265136,2.867355513,0.4606925099,0.0254824935,0.1569833519,0.4625374736,0.3283142737,0.0165599715,0.0117121425,0.9949560126,0.0020553705,2.1831663302,0.1694153108,0.5976270636,0.2161578532,-7.43983e-05,5.23868e-05,3.62126e-05,2.41564e-05,0.8992508354,0.1570638029,2.1757614768,0.0965434492,0.4519272669,0.3589416046,0.227294448,0.1034807154,0.1315917267,0.0391919362,0.8388417631,0.2915081094,2.1507847935,0.1269084011,0.5130513538,0.3508598868,-0.4759234824042475,12.296523363831216,-6.294225665438505,2
350,712.1235844367877,26692,18,37.482258112698894,0.2561,0.0310369135,0.0754325579,2.2059472361,0.2169011288,0.2145,0.0321753011,0.3187860874,3.0032357351,0.2155692585,0.5294,0.0316249901,0.1805104187,4.1682829903,-0.289509978,0.03455,0.0101512315,-0.12372717,3.1728035338,0.337414278,0.4132142857,0.0858087277,0.8390741696,2.094793451,-0.0267314212,0.0931377551,0.0576493305,0.8620312197,2.6740069449,0.6290742898,0.4936479592,0.0445250852,0.3256105418,2.8154152633,-0.1547061853,0.0413265306,0.01156285,0.1219037915,2.89562987,0.1485347551,0.498551302,0.3032222512,0.0004118527,0.000248805,0.9386724106,0.0397141435,2.256599593,0.6010277848,-0.0450151055,0.3952113041,-2.71e-07,6.6955e-06,9.5532e-06,5.8984e-06,0.1113325463,0.132575116,3.0653078477,0.3989813541,0.0381548079,0.218000666,0.5014775,0.0179790536,0.0374035604,0.0029294695,0.0817258619,0.1332480526,2.8464480878,0.3699059984,0.0276164202,0.2227833042,0.4646901588,0.3187948703,0.0155492579,0.0102213596,0.994832091,0.0021210806,2.1880267187,0.2036468394,0.6147628137,0.2379510126,-9.99754e-05,6.23003e-05,4.43548e-05,2.84273e-05,0.9425181577,0.0703155344,2.547974493,0.1553574656,0.7254655205,0.2263882143,0.1833318555,0.0901864707,0.1273345374,0.0250240816,0.9261186232,0.0880301587,2.863035728,0.2591686212,0.8833857737,0.3173023787,-2.9433401418741814,4.137159318663978,-2.113295665528275,0
351,714.8144877826625,26710,48,37.36633833885178,0.24025,0.0314195401,0.0727015347,2.5042479634,0.2981703755,0.2731,0.0345310006,0.1519954759,2.6453420793,-0.0557753579,0.48665,0.0362288214,-0.0255849018,3.236873409,0.3712251337,0.0367,0.0106822282,0.1936919907,4.4817841124,0.5194031637,0.4726168224,0.1134567571,0.9034762215,2.4052189337,-0.3673424887,0.0845794393,0.0709804112,0.915040293,3.5684305075,1.1102712153,0.4428037383,0.0548028649,0.6428800751,2.4497571506,-0.2691512503,0.039517134,0.0110507405,0.0406818749,3.6307985446,0.5723723626,0.4979331801,0.3018798828,0.0004896299,0.0003044782,0.9410642168,0.0418811588,2.4209700438,0.5122545855,-0.1084757979,0.4064742335,-1.4688e-06,7.177e-06,1.1709e-05,7.1691e-06,0.0770414352,0.1407563453,2.9599132032,0.4711451079,-0.0709439518,0.251565817,0.49658,0.0155711384,0.0369469742,0.0030682803,0.0731353872,0.0894623948,2.9691917368,0.5867679495,-0.1029365448,0.2869915432,0.4468561643,0.2971270897,0.0244229591,0.0160995314,0.995076836,0.0024632229,2.0766224022,0.0948207173,0.5304310776,0.088657487,-0.0001532945,0.0001035713,6.86254e-05,4.52294e-05,0.970081537,0.0088451041,2.3076684857,0.3130822225,0.6250255373,0.1447014051,0.1699216746,0.0144850167,0.1404826815,0.0075063048,0.9624481946,0.0083079579,2.5359298616,0.2881898474,0.8098926631,0.1326590842,-3.9948485731741035,-0.6306680428016587,1.1673588978834226,0
352,100.33831207329004,3580,40,35.679292645316416,0.2714,0.0541206061,0.5911152677,2.3124919403,-0.0517104376,0.25145,0.0419302695,0.5094506229,3.2715150311,0.3535051775,0.47715,0.0416368527,0.1527295688,2.525589387,0.0968293686,0.0391,0.0111664677,0.5150849335,2.8178286481,0.3500507069,0.4808333333,0.1435942393,0.9414081013,2.1632758208,-0.4215152393,0.07625,0.0755514449,0.9027229228,4.1365240479,1.3416527836,0.4429166667,0.0777672364,0.8613710712,1.9154955748,-0.0829646984,0.0508333333,0.0116607128,0.2221509123,3.5021091543,-0.2173880455,0.4876603346,0.2976449148,0.0045051485,0.0030695289,0.923994413,0.0339592691,2.3765902059,0.5282446651,0.0821255347,0.3059017995,2.69159e-05,0.0001596683,0.0001647232,0.0001068099,0.4657894321,0.1541426801,2.7331701329,0.4435563571,0.0886600787,0.2145625659,0.5009425,0.0321649704,0.0472663505,0.0089320203,0.3728997628,0.1421937977,2.7692752169,0.298897088,0.0089255913,0.2045691057,0.437567927,0.2667750973,0.0228425326,0.0149129705,0.9463962333,0.0222049629,2.6348404633,0.304114564,0.9019826636,0.1461398714,-0.0013526678,0.0008008466,0.0006159215,0.0004022825,0.9209587429,0.0519644838,2.6982628705,0.6698043353,0.889586238,0.2354710485,0.1528025313,0.0217984395,0.1494980767,0.0171970886,0.9272236585,0.0237006222,2.7302826473,0.3859653177,0.9708963624,0.1881081939,7.285795436155373,-3.7978850970610036,0.8107812011249548,4
353,107.63739067650678,3983,28,37.0038698909982,0.26615,0.0361030123,0.3237411152,3.415217522,0.5482721566,0.27525,0.0427573093,0.2567976391,2.7480699822,0.4071991052,0.4586,0.0446042599,0.2097397004,2.7822995026,-0.0563846916,0.0299,0.0086307589,-0.0404836865,3.5099678755,0.5558330857,0.4692105263,0.1234350794,0.930378805,1.9055568042,-0.1143966786,0.0943421053,0.0715171221,0.9297614157,2.250874355,0.7288859151,0.4364473684,0.0637006558,0.7307671822,2.3087482749,-0.1912753344,0.0481578947,0.0127434737,-0.1088280916,2.4353919104,0.0806290445,0.4849903966,0.2960908435,0.0031836387,0.0023023519,0.9362165229,0.0424681228,2.2992830621,0.370983194,0.1137279349,0.4032412119,-3.20874e-05,9.33066e-05,9.87014e-05,6.22644e-05,0.4069309591,0.2040361948,2.842317856,0.4554654846,0.0534881109,0.3068743552,0.47958,0.0316994771,0.046119121,0.0063634443,0.3425436113,0.176496794,2.7534581037,0.2444691967,0.1083353745,0.2043752054,0.446040157,0.2711960216,0.0244604715,0.014754842,0.9682492049,0.0089275279,2.1589713011,0.1506701053,0.6316941191,0.1144650831,-0.0011255014,0.0006846205,0.0005203439,0.0003126429,0.9548936019,0.0102217689,2.1845117966,0.1778360866,0.6307665696,0.1305828875,0.1559923957,0.0263404978,0.1488174985,0.0181482021,0.9343454348,0.0103663337,2.5792976721,0.349551987,0.88514461,0.17113295,2.782860126356485,-4.539326390157242,-0.753685058636988,0
354,620.4932752457269,23043,30,37.13658297243357,0.26155,0.0377405286,0.2537766807,3.2603720364,-0.3805311308,0.25965,0.0380871041,0.1641658132,2.9713550359,0.120939864,0.4788,0.0366955038,0.1489253975,2.7702638837,0.3012250842,0.03225,0.0091207182,-0.1580775912,4.1312204321,0.4854742461,0.5211722488,0.1088980867,0.9109759711,2.3010416344,-0.5962704215,0.0842822967,0.0671334579,0.9171848915,2.9740031209,0.976585054,0.3945454545,0.0534159366,0.5832064222,2.4128668158,0.2043276037,0.0394497608,0.0103899387,0.060363836,2.530032987,0.1403616013,0.4938911547,0.3006680007,0.0005471962,0.0003916184,0.917514796,0.058174074,2.5221193105,0.9344844658,0.0300479839,0.489084267,-6.3384e-06,1.56665e-05,1.68583e-05,1.06993e-05,0.3434536847,0.1597602091,2.7554208584,0.4005110386,0.0654499169,0.2007078669,0.48845,0.0322670071,0.0423590103,0.0049017337,0.2679723009,0.1622921727,2.7695099015,0.3290741224,0.0472835866,0.2196675934,0.4551190985,0.300386081,0.0210155883,0.0127098888,0.9947469333,0.0028483665,2.0053733353,0.1132034233,0.4521701265,0.14573971,-0.0001712075,0.0001041223,6.48e-05,3.77522e-05,0.9534179317,0.0223015415,2.5668884018,0.3267899843,0.6675408491,0.2744554386,0.1641253441,0.0523212749,0.1187202351,0.0105941464,0.9418626173,0.0269784078,2.9013105094,0.3136596846,0.8312764335,0.3567409811,-2.4050176475831266,-0.090259146268064,-1.9201550521704864,0
355,101.00614474440296,3824,74,37.85908282784845,0.2724,0.0388553729,0.4616619135,2.6873938017,-0.063950825,0.25565,0.0534259066,0.5376454999,2.485999099,0.1606284219,0.47195,0.039248535,0.38452801,2.8311483589,0.09514039,0.0369,0.010338762,-0.0624429361,3.1207317639,0.5034502115,0.431779661,0.1094274882,0.8386172839,1.9694662032,-0.1820272582,0.091779661,0.0944913354,0.9072318805,2.964501162,1.1056486761,0.476440678,0.053186997,0.367425577,2.4739261068,0.3140223042,0.045,0.0120380752,0.3362573099,2.56350672,-0.1384495977,0.492579651,0.2990481502,0.0026206836,0.0019952118,0.9333509803,0.0322627875,2.375413774,0.3532592654,-0.0512661883,0.291759962,-4.5106e-06,6.57356e-05,7.49999e-05,5.0536e-05,0.3195099993,0.1797131829,2.9418437823,0.4612449243,0.043621598,0.2721779724,0.497365,0.0298401244,0.042615031,0.0038023521,0.2381966803,0.1606505989,2.9818605593,0.4470439613,0.002203358,0.2631031413,0.4487234451,0.2722915126,0.0235220728,0.0140359569,0.9728057626,0.0115066385,2.1986970545,0.2039822846,0.651618821,0.1308966739,-0.0008502749,0.0005210905,0.0003942286,0.0002340943,0.9571041106,0.0116103046,2.2282560979,0.1836911831,0.6444072915,0.1361383678,0.1592916563,0.0243265828,0.1501551868,0.0184481701,0.9399107693,0.0173802535,2.5487013118,0.3612596546,0.8672455214,0.1832798266,1.3498207244167613,-2.682461985730675,0.8843695262656307,0
356,838.7211047949914,29143,9,34.74694965154528,0.2434,0.0297647442,0.1349584668,2.5073411466,-0.2030124068,0.258,0.0304302481,0.2364837653,2.8226702555,-0.1157268997,0.4986,0.0351289055,0.1532120816,2.3731179238,-0.1133618041,0.0378,0.0108240473,0.0017652993,2.8696100182,0.0484203159,0.4273611111,0.1023439606,0.8850902662,2.1234291127,-0.1942094762,0.09890625,0.076279149,0.9224925173,2.7877005857,0.8459803292,0.4737326389,0.0447237824,0.3975620858,2.8695147883,-0.1777521555,0.04265625,0.013042794,0.2528468976,2.7509587091,0.1663753247,0.4959810943,0.302041034,0.0005975646,0.0006136717,0.9364994337,0.0541105014,2.4823033708,0.6905929725,0.0454296851,0.5960677873,9.583e-07,6.5686e-06,9.7169e-06,5.9485e-06,0.0372718737,0.1086382894,3.0408522575,0.4835860169,0.0415100316,0.250291171,0.499975,0.0146443974,0.035320794,0.0026893334,0.0162217986,0.0977753447,2.81696181,0.3702360617,-0.0727430311,0.2104671911,0.4567302997,0.3139295297,0.019165736,0.0114881408,0.9950525444,0.0028347057,2.1080098465,0.1925691416,0.5446701939,0.2022575678,-0.0001051504,6.08026e-05,4.83874e-05,2.82522e-05,0.959568196,0.0285397163,2.2207652255,0.1535747326,0.5060601623,0.2220385812,0.201519998,0.0723788497,0.1321403494,0.0235159203,0.9403074631,0.0547553101,2.3709428398,0.1506950825,0.6453094624,0.2646804851,-3.7015175051293583,2.3814131778704075,0.23804763686784994,0
357,113.20534877273886,4132,48,36.50004213400766,0.2027,0.0420203522,0.4961673854,2.5050876979,0.0217743721,0.30535,0.0475565716,0.4207902013,2.3220092204,-0.1165540663,0.49195,0.0393757222,0.0187722507,2.9368578949,0.1103393668,0.0356,0.0104230514,0.2263104558,2.5956079557,-0.0073015629,0.4415625,0.1308233393,0.9460460298,1.9352070235,-0.057329847,0.0996875,0.0909006225,0.9131110955,2.973674969,1.01084998,0.45875,0.0630765078,0.6977500325,2.0589769351,-0.3951092269,0.0439583333,0.0106535564,0.0793790299,2.1375016177,0.1435051328,0.4927751111,0.3000028306,0.0024612975,0.0017638009,0.9121250369,0.0498946624,2.6050223705,0.6096950755,0.1057535062,0.388252268,-9.0763e-06,5.4085e-05,7.80491e-05,4.87245e-05,0.3725139929,0.162505513,2.8009947302,0.717243479,-0.0129911773,0.3203349049,0.49516,0.0276855495,0.0416754187,0.0052554001,0.2517105908,0.1310409952,2.8015413882,0.3716241176,0.0047529302,0.1612396991,0.4538232564,0.2755685691,0.0207695736,0.0125922704,0.9665373647,0.0157004663,2.2305757681,0.3123425335,0.6661751703,0.1816236328,-0.0009682451,0.000589396,0.0004278798,0.0002579945,0.9504034051,0.0134842798,2.2690994629,0.3083467588,0.6769281526,0.1875292264,0.1479065586,0.0194682475,0.1425591436,0.0122593389,0.9307683863,0.0146071948,2.6248468233,0.3714791397,0.9163878323,0.1822446835,2.103234947725721,-2.558664832567351,0.6328175989166823,0
358,732.4072207933339,27794,70,37.94883394226221,0.2381,0.0269887013,-0.0100347723,2.9830460488,0.336177693,0.26075,0.0329497724,0.0025627429,2.455257955,-0.0979636449,0.50115,0.036275715,-0.1089178773,2.5801261524,0.0903879709,0.034,0.010511898,0.072412543,3.022747282,-0.3744948416,0.4116990291,0.0885236335,0.841120162,2.1448804418,-0.1045701834,0.0904368932,0.0599923409,0.8511123391,2.322211986,0.6059545816,0.4978640777,0.0442362476,0.346373347,2.94531335,-0.233046616,0.0433737864,0.012123999,0.1484206178,3.1775764385,0.3023208879,0.4954052011,0.3019199096,0.0004367144,0.0004236053,0.921360682,0.0470552377,2.5820859116,0.7574431923,-0.1934746391,0.4594055517,1.1466e-06,6.661e-06,1.0153e-05,6.2536e-06,0.0202718011,0.1179217438,2.8968897091,0.4457291776,-0.0662077355,0.1515980316,0.5051,0.0169265324,0.035240675,0.0032330053,0.0244817357,0.0945445378,2.8029944027,0.2459383653,-0.0583180713,0.2102224203,0.4492116214,0.3018978496,0.0239728682,0.0151081218,0.9951896408,0.0030112187,2.0739567474,0.199809764,0.5223175676,0.1574390861,-0.0001430323,8.87484e-05,6.58488e-05,4.20058e-05,0.9725148,0.005664266,2.28514447,0.3784244005,0.6564121687,0.1957333473,0.1719610514,0.0163648751,0.1428067087,0.0037426313,0.964861515,0.004337383,2.4505045884,0.2387682525,0.8174979365,0.1407369898,-4.430058299235689,-0.2281314768822755,2.3168539111128053,0
359,101.94342491806576,3718,60,36.471209428055225,0.2515,0.0361973756,0.1941660883,2.9809150847,-0.1588631555,0.2911,0.0392019132,0.1338007107,3.3480881543,0.2435427943,0.4574,0.0388231889,0.1295171718,3.1443663511,0.1911284798,0.0348,0.0104623133,0.0297879719,3.4482998093,0.550717209,0.4271698113,0.1151598947,0.904051909,2.1646776096,-0.4149149499,0.1086792453,0.0895225857,0.9275295357,2.3173958267,0.7805803087,0.4641509434,0.0414903472,0.3850720203,3.2275345765,-0.0979929278,0.0355660377,0.0113545094,0.3149765492,2.9527816628,0.5656611714,0.4973409177,0.3022189922,0.0018011908,0.0013939482,0.932732119,0.0354835681,2.5262950924,0.7686387493,-0.0715725384,0.4803383263,-1.6228e-06,6.309e-05,4.95342e-05,3.20328e-05,0.3353444991,0.182073199,2.8199034367,0.5115981831,-0.0330300177,0.3158506345,0.494735,0.0313475721,0.0415394519,0.0057735113,0.2447184875,0.1696802924,2.8434493616,0.4420621364,-0.0374380479,0.2439168836,0.4700845357,0.2851022018,0.0141812939,0.0083298949,0.9704500916,0.0068536065,2.4002415502,0.2205144927,0.8235840979,0.1179321267,-0.0005991811,0.00036741,0.000242336,0.0001431322,0.9505752129,0.0117036529,2.4847764571,0.2554184147,0.8318421408,0.1280459682,0.1378608124,0.0176987918,0.1393535285,0.0134706274,0.9378861997,0.0105085859,2.9501359304,0.3430173465,1.0632679683,0.1416099472,-0.6229719860957796,-1.937416312954466,0.000490382895631096,0
360,530.6459833225329,19397,60,36.55356039548174,0.26145,0.0301520729,0.0839719899,3.2192369578,0.1696627058,0.24535,0.0317037458,0.098218621,2.7671014379,0.1163712907,0.4932,0.0334329179,-0.0369587756,2.6431415113,-0.4167319517,0.03995,0.0102833603,-0.0427757999,2.7435719757,-0.0555320473,0.3597209302,0.0837933021,0.8425070645,2.1531671861,-0.1116220819,0.0870465116,0.0686937773,0.900540337,2.8132918295,0.8920814279,0.5532325581,0.0404151924,0.2471649179,2.7404306613,0.0837915897,0.0525348837,0.0122367134,0.0252581487,3.1550150818,0.5884178151,0.4952037773,0.3015754755,0.0007392249,0.0004732643,0.9535954274,0.0285514821,2.2407819904,0.5078841824,0.0173338446,0.5072573283,-5.1733e-06,8.1358e-06,1.31114e-05,8.0903e-06,0.048764283,0.0803933,2.9743038887,0.3493851607,0.0008715344,0.2285997146,0.48946,0.0148396058,0.0361222003,0.0023143351,0.0468663928,0.0697000976,2.8615915665,0.4334680979,-0.0752720274,0.2443362136,0.4497963475,0.2995131229,0.0199436688,0.0132504082,0.9931168884,0.0022405134,2.3708832577,0.1233457802,0.7630180752,0.0769587399,-0.000161979,0.0001076455,6.51579e-05,4.29275e-05,0.966429526,0.0032902859,2.5311942342,0.1565848788,0.7822771942,0.0864154299,0.1551720999,0.0116291743,0.139451921,0.004414409,0.9647310795,0.0041785828,2.7014532757,0.1937288652,0.9204565053,0.1007833989,-4.6482751202901875,-0.6279647810077409,1.8933075972733542,0
361,191.55859493181973,6987,40,36.4744792708823,0.26495,0.0440482406,0.5478452686,2.7493293002,0.1397631628,0.1959,0.0346726117,0.2478614061,2.6641382802,0.135327326,0.53915,0.0425796606,0.4587295448,2.8863000322,0.0079352249,0.03935,0.0104080498,-0.083883294,3.4562142008,0.2862701061,0.6142741935,0.1594922558,0.9455490709,1.9095409962,-0.3561433274,0.0725806452,0.0618122935,0.8361395146,3.8218229022,1.225998103,0.3131451613,0.1051850668,0.927117958,1.7868331065,0.0242722733,0.0381451613,0.0097233453,0.3695136911,2.6380593381,0.3708752875,0.4851895587,0.2958117696,0.0040919103,0.0026445618,0.927217302,0.0363181052,2.3500846465,0.460844105,-0.0128267876,0.2673996868,6.28011e-05,0.0001342416,0.0001544623,9.35531e-05,0.542796209,0.1470356819,2.5768482505,0.2104308426,0.0197677385,0.188027066,0.5033725,0.0358789161,0.0491298585,0.0072335422,0.4355879654,0.1500734022,2.7096576144,0.2464253768,0.0455971705,0.2171440452,0.4382562123,0.2655409132,0.0327368511,0.0196394975,0.9550021189,0.0321527807,2.1209199143,0.1609913368,0.6296134288,0.1286368022,-0.0019677195,0.0012208333,0.0009144162,0.0005479798,0.9393275213,0.041564062,2.1656837578,0.1934151305,0.6311022302,0.1331784436,0.1497079955,0.0247767264,0.146475611,0.0206257343,0.9205512518,0.0301219831,2.5553296201,0.3325650678,0.8804841835,0.1723092467,8.170129396366562,-3.0539745252160158,5.518036272353831,4
362,545.531690972483,20496,60,37.57068624824187,0.22255,0.0369154101,0.1061751375,3.4317788526,0.5227398354,0.29745,0.0363214468,0.0658303408,2.8112419709,-0.063337159,0.48,0.0331888536,0.1939198526,2.3851950328,-0.351022149,0.03255,0.0128742961,0.1625511536,2.1545931342,0.0324292708,0.4435641026,0.0928880757,0.8802919867,2.2116866764,-0.399412227,0.085,0.0715523835,0.9169882709,3.8587251062,1.2814953275,0.4714358974,0.0437122261,0.3606311485,2.8952198634,-0.0121792581,0.0430512821,0.0112339885,0.1800687023,3.2388188244,0.5319484345,0.4973398375,0.3019980438,0.0008071959,0.0007510152,0.948355968,0.0308251279,2.3169058669,0.3687412802,0.0584543781,0.3947231528,4.454e-07,1.73524e-05,1.58755e-05,1.02594e-05,0.1633663328,0.1507932813,3.0272236776,0.6954541251,-0.0287033596,0.282677714,0.4959025,0.026975366,0.0378553212,0.0032522731,0.128111837,0.1290518638,3.0355030773,0.6121170999,-0.0043710754,0.2141438938,0.4541496465,0.2986049029,0.0217466837,0.0131520439,0.9937386961,0.0033084591,2.079530808,0.1498809061,0.5236079573,0.1463973533,-0.0001983739,0.0001147595,7.49051e-05,4.60581e-05,0.954288317,0.0174354735,2.7048529389,0.121909616,0.7353193053,0.123130489,0.1611945335,0.0346553497,0.1236018724,0.0146260022,0.9439308998,0.0283802059,2.9702634201,0.2481531878,0.9173815622,0.1748098905,-3.2489239509520225,0.1297733305814855,-0.2601077575261086,0
363,111.52262120433736,3930,69,35.239487357450614,0.3229,0.0640085151,0.706081726,2.512811021,0.1547421825,0.2035,0.0619939513,0.7284537361,2.3282940505,0.3784464912,0.4736,0.0394973417,0.255322071,3.6287260537,0.3525367899,0.0362,0.0104431796,0.1823944412,2.5805266074,0.2332498586,0.5255769231,0.137329103,0.8989952293,1.7665898215,-0.3939063922,0.0881730769,0.0815064229,0.8753232026,2.7694964557,0.9542297834,0.38625,0.0674813008,0.6980064415,2.1713437195,0.0540733931,0.0366346154,0.0105939548,0.0944614549,2.6225571386,0.2107294245,0.4874441808,0.2970768043,0.0028635494,0.0017688605,0.9148286101,0.0427865381,2.6634494269,0.5558195032,0.0871704795,0.3519673106,3.26732e-05,6.16161e-05,0.0001514487,0.0001019544,0.6277214446,0.1396267683,2.7528870812,0.4328613576,-0.015130204,0.283019135,0.5040625,0.029163144,0.0610325894,0.0104375596,0.5716947852,0.1336768837,2.8336101615,0.5176034559,0.027260699,0.3196100888,0.4211320826,0.2564173645,0.0326728847,0.0199819667,0.9714748065,0.017005211,2.1425745329,0.2508486554,0.5974902682,0.1491161453,-0.0012385021,0.0007477234,0.0005698028,0.0003483673,0.948295785,0.0272283989,2.2363364973,0.3680956986,0.6205068418,0.2093121869,0.1557547074,0.0249494597,0.1485740393,0.023494522,0.9365455672,0.0205183406,2.5909615509,0.5871107023,0.8657989613,0.2601710148,5.645896286743005,-4.266022394809867,1.2649671739930908,4
364,341.8013359000533,12494,30,36.553397215666216,0.2411,0.0342168087,0.0938532779,2.6866163868,0.1067770225,0.23215,0.0318060922,0.2753895538,2.4019329032,-0.2858095886,0.52675,0.0347158105,0.0699246894,3.4733433088,-0.2867259325,0.0416,0.0102927159,-0.0096508366,3.0244623953,0.1374638495,0.3948011364,0.0987339757,0.8595695754,2.1041798379,-0.1590649079,0.0895454545,0.0793569194,0.9048315226,2.83375305,0.9696906125,0.5156534091,0.042204848,0.3870516817,3.2001661702,-0.3296526774,0.0447443182,0.0122157439,0.2735588614,2.8053159646,0.2907264969,0.498806234,0.3029404323,0.0006563701,0.0003794986,0.9341648508,0.049770625,2.2773459932,0.4999486761,-0.0714974425,0.3573026607,3.897e-06,1.18105e-05,1.62785e-05,9.6164e-06,0.0556078963,0.1474660805,2.9413346722,0.3511428667,-0.0285523626,0.1789576074,0.5043925,0.0183612586,0.0379309913,0.0028146975,0.0191485876,0.126877519,2.9457280331,0.3844033039,0.0177352391,0.2972795203,0.4529291905,0.2910439463,0.0199340689,0.0124033436,0.9918569314,0.0029227938,2.19663769,0.1080219119,0.6505457886,0.0924067052,-0.0002010406,0.0001203296,8.93117e-05,5.53963e-05,0.9697597442,0.0059336788,2.3867950204,0.1968391189,0.7253684295,0.0892662203,0.1594291987,0.0199164643,0.1424639402,0.0066687378,0.9616133025,0.009025753,2.6282784671,0.2749055587,0.8991426868,0.1192727683,-4.265953833351711,-0.49963773873727324,2.3536605228710705,0
365,373.7077337906682,13310,27,35.61606784261943,0.3167,0.0407689833,0.4717719193,3.4973127805,0.4312977085,0.23935,0.0325165727,0.0319180038,2.5511455725,0.0773927186,0.44395,0.0364917456,0.1707323575,3.4379320153,-0.080110536,0.03615,0.0118923295,0.0716974698,2.052020416,-0.0063593166,0.5271428571,0.1254935156,0.8991623662,2.3088631431,-0.679079718,0.0930357143,0.0823032208,0.9388260058,2.9889659738,1.0031175445,0.3798214286,0.0543415479,0.53424432,2.6217607467,0.2446863107,0.0375,0.0108972474,0.0531213649,2.8719430154,0.3456760381,0.4942231846,0.3006678004,0.0010009523,0.0006281537,0.9346204811,0.0429172877,2.4242344525,0.620076755,0.0101646721,0.5019189647,7.981e-07,1.77247e-05,2.80377e-05,1.74767e-05,0.2675847415,0.1681110862,3.0171262226,0.4672314539,0.013447091,0.3400168081,0.496185,0.0306465459,0.0429591689,0.0052839196,0.2912668582,0.1481993373,2.9783229482,0.4683903798,-0.0268123503,0.2600874519,0.4428386118,0.2786048653,0.025378193,0.0154343921,0.9896956082,0.0053149572,2.1493895424,0.3541755278,0.5672863931,0.2194396089,-0.0002708191,0.0001691326,0.0001402868,8.68457e-05,0.9595177798,0.0283126123,2.0871971425,0.3794167821,0.4018057737,0.2814861974,0.2049062016,0.0574280888,0.1480306272,0.0250756921,0.9503186601,0.0460430361,2.0631879588,0.2596556857,0.488289334,0.2797507259,-1.3128044709837308,0.2967322720528461,-0.8643893503019798,0
366,950.1220070250114,33787,27,35.56069615290005,0.2674,0.031579107,-0.0282719605,3.3403031756,0.2995542796,0.25245,0.0379110472,0.2445001923,3.2025782569,0.2475844999,0.48015,0.0355278412,0.2350594184,2.1869542208,0.114858603,0.03595,0.0113290556,0.0537994222,2.5896762034,0.0272357125,0.4746703297,0.1026118675,0.8991025458,2.2971786404,-0.36077602,0.0934798535,0.061937406,0.892160391,2.7010422289,0.6835513089,0.4318498168,0.0501203987,0.6169467386,2.4966807774,0.1003759899,0.0414468864,0.0114998773,0.0468947089,3.183907426,0.3361994528,0.5009266155,0.3046242005,0.0004492458,0.0003690576,0.9241979796,0.0599224877,2.7676693754,0.9511978882,-0.1842282755,0.5912543769,-4.351e-07,8.8119e-06,1.02131e-05,6.3215e-06,0.1425582054,0.1575498773,2.8958342221,0.3538962799,0.0258788602,0.2142300138,0.495615,0.0232619276,0.0372738146,0.0027824896,0.0968931562,0.1225415213,3.0987552697,0.8494231395,0.0810166771,0.2679399863,0.457221649,0.3101861177,0.0197171208,0.011750899,0.9951974106,0.0029888141,2.0554851305,0.155071853,0.4940882975,0.1577489045,-0.0001384299,8.14871e-05,5.18294e-05,3.16577e-05,0.9537578764,0.0139473613,2.8188158458,0.2463252854,0.7932134551,0.1053442358,0.1700008697,0.0352874801,0.1261097465,0.0107684831,0.9511064771,0.0187576663,2.9110186374,0.3827880095,0.8892530583,0.1659621825,-3.9101505690133793,0.32790211323229623,-0.292454271289521,0
367,235.9166330757648,7741,64,32.81243844097238,0.2705,0.0374666518,-0.0733216103,2.8151439861,-0.4512080198,0.25695,0.0393884183,0.4315206355,3.5689468957,0.1026503586,0.47255,0.043643413,0.2393325609,2.8196031772,0.2898284911,0.03355,0.0095208981,-0.0991866847,3.172310729,0.5835326032,0.4435576923,0.1347802219,0.9566590386,1.7744654965,0.1800922555,0.0966346154,0.0707835348,0.8205961047,3.2433256035,0.8047955897,0.4598076923,0.0799216055,0.8292961905,2.2737081729,-0.1545394967,0.0395192308,0.009964341,-0.0958627758,2.5272669407,0.3368091992,0.50034423,0.3004500158,0.0037657784,0.0025627814,0.9405657327,0.0606279261,2.3976973841,0.7336680296,-0.0232780307,0.4667257249,-1.78151e-05,0.0001337742,0.0001070205,6.53273e-05,0.3989026745,0.1425444092,2.6480657728,0.3968316989,-0.0640390639,0.2093671468,0.5034525,0.0394113324,0.0431608865,0.0054247118,0.3294480726,0.1274516709,2.8726720066,0.3826243074,-0.0110433233,0.2007734097,0.4423868177,0.2680109439,0.0293574062,0.01800938,0.9669783491,0.0172250718,2.3752702734,0.2069622651,0.7695874265,0.1279943983,-0.0012089663,0.0007496406,0.0005312558,0.0003237854,0.9483101759,0.0315460837,2.379853086,0.2675798668,0.7583102234,0.1407261979,0.1483857933,0.0280372126,0.1445810953,0.015843021,0.9389237966,0.0191612322,2.7231143936,0.3794152619,0.9708223441,0.1793638394,3.839221047353901,-3.1589885347581816,0.23115530491438513,0
368,275.8067504794593,10094,6,36.59808899692522,0.274,0.0303973683,0.2923633763,3.5018693428,-0.1563703379,0.2219,0.0330966766,-0.0150048365,4.0009119545,0.728597855,0.5041,0.0377318168,0.1384686964,2.2046127375,0.0545379505,0.0406,0.0105896176,0.0024282995,4.1236219382,0.4171989691,0.4489375,0.1136818305,0.8987155529,1.838649846,0.1491929377,0.0866875,0.0699863547,0.9211107823,2.4617276598,0.7943880883,0.464375,0.0632523468,0.5675582795,2.5509961907,-0.4080790777,0.044625,0.0138242314,-0.0260693842,4.6725631544,0.9472397414,0.4991564773,0.3037338219,0.0019609327,0.0013555156,0.9330975443,0.0273085722,2.5304681948,0.6222233674,0.1060161282,0.4939598108,4.0997e-06,4.88286e-05,5.15069e-05,3.10418e-05,0.1595841451,0.144730579,3.0609705523,0.4734517714,-0.0157021252,0.2020501732,0.50041,0.0227255726,0.0380873912,0.0031473616,0.1203849163,0.1247284528,3.0199029766,0.4997188056,-0.0746148418,0.2289949584,0.436779372,0.2651354882,0.0290628089,0.0177880738,0.9823085207,0.0108559487,2.0762623158,0.187361725,0.5295667787,0.1293226755,-0.0006904356,0.0004207131,0.0003316399,0.0002020754,0.963874137,0.0137442708,2.1109307492,0.1391291521,0.5295897952,0.110389031,0.1730136802,0.019741107,0.1490817562,0.0119719615,0.9510345154,0.0080438117,2.3681880726,0.2073311171,0.7592611577,0.1317438427,-1.2969679326247665,-1.0808740077523995,3.8018707041406348,0
369,476.30499179753895,17997,60,37.78461345131128,0.2631,0.0328540713,0.3949468909,2.2815706724,0.1402016831,0.2695,0.0385259653,0.3628901592,2.732419136,0.062982926,0.4674,0.033484922,0.0563622832,3.1609326534,0.4494183652,0.03275,0.0098075226,0.0021429675,2.3060960827,0.0444222799,0.4356686047,0.1193489634,0.9094301141,2.1552574657,-0.5147485622,0.0910174419,0.084658924,0.9369849417,2.9776451986,1.0557948404,0.4733139535,0.0502586939,0.4947945985,2.4338834467,-0.0280100091,0.0445639535,0.0125504323,0.1751239163,3.7085517521,0.7185746128,0.4973076778,0.3024736345,0.0009540893,0.0006838113,0.9493888875,0.0368063492,2.4108491983,0.6919830811,0.0465562587,0.5344142564,5.5619e-06,1.83207e-05,1.9825e-05,1.19714e-05,0.1524021616,0.1447941254,2.9811340244,0.3701867802,-0.03556275,0.2723201486,0.5055975,0.0239589413,0.037404417,0.0023841587,0.074942627,0.1035645593,2.881741418,0.421797678,0.0487652192,0.1975631646,0.4608891363,0.294247325,0.0171663034,0.0103021696,0.9902897267,0.0031716692,2.2856912092,0.1484394861,0.6815598865,0.1395425106,-0.0002282705,0.0001357678,8.57008e-05,5.13997e-05,0.9510363573,0.008022836,2.7895616066,0.2361394561,0.8197581072,0.0920260084,0.1622431101,0.0302358574,0.1336914969,0.0077927473,0.9544677474,0.0108727811,2.7432895786,0.2245514252,0.8885943353,0.1386583013,-3.556378624188481,-0.5241415360789305,1.0562238472457464,0
370,585.1006032826826,21498,63,36.74239930601056,0.25535,0.0311548953,0.1209103627,3.5673337844,0.4212014974,0.24315,0.0344358461,0.2336121994,2.9802917579,0.2527594217,0.5015,0.0349606922,0.1066311305,2.5733220217,0.085161242,0.0357,0.0109777047,-0.0406862443,2.7264302426,0.1958435696,0.4727918782,0.1355841744,0.9179765958,1.8954856955,-0.2104161051,0.0905837563,0.0752544876,0.9218278363,2.5156061326,0.8445597574,0.4366243655,0.0711054912,0.7370934143,2.2764388576,-0.2168687935,0.0368274112,0.0110472295,0.2204075133,2.6713940518,0.0413903114,0.4965358258,0.3019265552,0.000852707,0.000507615,0.9366747229,0.043931745,2.6997023879,0.8943062031,-0.0272816916,0.5877609121,2.0406e-06,1.17935e-05,1.87612e-05,1.09378e-05,0.1496719857,0.1366928962,2.9100728821,0.4393829442,-0.0526370227,0.2133469893,0.500945,0.0188391939,0.0365775475,0.0030124362,0.082522904,0.1371703744,2.8027019526,0.5178302514,-0.0265932096,0.2179855931,0.4481534892,0.2840343726,0.0214478431,0.0136842149,0.9911835461,0.0042911202,2.2235351455,0.2963937955,0.6445490778,0.179464582,-0.0002438252,0.0001536927,0.000109386,6.95787e-05,0.9702154636,0.0076231661,2.3523623794,0.3231492909,0.6772282764,0.1833560518,0.1636085362,0.0228040178,0.1440859941,0.0068691873,0.9623570242,0.0033227277,2.5831793776,0.2204695217,0.8606535547,0.1353694222,-3.3872489345836594,-0.956875574759281,1.8762035290541954,0
371,753.0519352467602,27891,36,37.03728613466835,0.24435,0.0303698452,-0.1091467699,3.0492854996,-0.3757437436,0.23235,0.0325841603,0.0933659357,3.6277603789,0.4038991675,0.5233,0.0408363808,0.0080102215,4.2740250034,0.3743397878,0.0375,0.0106418983,0.1997761612,4.0798649182,0.5476292284,0.3782986111,0.0828520753,0.8417445315,2.0674799612,-0.1161343597,0.0811284722,0.0607021487,0.8884239084,2.6236507617,0.7805562894,0.5405729167,0.0418633055,0.2479932575,3.2031569172,0.0629240472,0.0447743056,0.0118673703,0.2195179111,3.8068109311,0.5491722847,0.5015345225,0.3044785636,0.00062089,0.0003580972,0.9565717419,0.025929044,2.1411465087,0.4492433861,0.0449731911,0.469226192,-1.3335e-06,8.4143e-06,1.11811e-05,6.7677e-06,0.0281069836,0.0915012477,2.9522860128,0.2503506928,-0.0219422321,0.1979129137,0.5004775,0.0180209009,0.0355496614,0.0024654006,0.019033047,0.1277573178,2.9967544872,0.4950346613,-0.0518069476,0.2175762075,0.4573968534,0.3136372981,0.0185071452,0.0113775355,0.9944096631,0.001960491,2.2053413348,0.1769000106,0.6281670083,0.2071873149,-0.0001236726,7.98969e-05,5.48446e-05,3.31588e-05,0.9593176727,0.0330436026,2.4101785392,0.1785659886,0.7046347751,0.181785436,0.1854044267,0.0782624682,0.1341116354,0.022345845,0.9472805153,0.0515167143,2.6163587579,0.295012867,0.8548884721,0.2274873977,-4.098823324378249,2.423699502740796,0.0037321439840927073,0
372,203.9165532082404,7473,60,36.64734364339978,0.2559,0.0401458591,0.3919557404,2.9429246823,0.106258474,0.2393,0.0404970369,0.4898696882,2.6730882556,0.3101964131,0.5048,0.0413879209,0.2459155409,2.425080978,0.0967303968,0.03925,0.0093374247,-0.0479529145,3.6656738737,-0.6383146581,0.4403571429,0.0985223739,0.9303004349,1.9815987843,0.2281076637,0.0801428571,0.0609213277,0.8873412064,3.1251169932,0.8375515354,0.4795,0.0543543269,0.6993464388,2.4611444061,-0.3916200541,0.0427857143,0.0104415282,0.1238717868,2.233754949,0.0041642254,0.4978159563,0.3026636587,0.001879609,0.0012543268,0.9338467965,0.0320735298,2.496669119,0.5261779577,0.0352938561,0.4542421309,7.8498e-06,4.72264e-05,5.07541e-05,3.02769e-05,0.128964094,0.142932783,2.7727072196,0.3299811128,-0.0104942596,0.2026150351,0.5035575,0.0251922621,0.0377182692,0.0041759779,0.1117300515,0.1451522217,2.8915856999,0.4169207407,0.0398531263,0.2210065901,0.4432244235,0.2699092798,0.0234120027,0.0139313058,0.9801870695,0.0055573806,2.3864707665,0.1649548154,0.7596529697,0.1052639201,-0.0005902242,0.0003564733,0.0002464603,0.0001465288,0.9549201305,0.0118672761,2.3930713747,0.1962036864,0.7281360244,0.1087608149,0.1585583731,0.0206852528,0.1435530865,0.0111547176,0.951374118,0.0095030638,2.5544288915,0.2671175096,0.8748356407,0.1435008866,-1.4508329836436527,-1.9464593341142682,2.027872506621987,0
373,406.27817666863234,15444,64,38.01336347090186,0.2652,0.0315112678,-0.1196518319,2.8015117533,0.1930113872,0.2116,0.0307236066,0.003278576,2.21501655,-0.2157669033,0.5232,0.0367866824,-0.0807435334,2.42507822,-0.0828425634,0.04295,0.0100522386,-0.0233731404,2.66604343,0.1268095462,0.3578989362,0.0741761517,0.7957691131,2.1950570025,-0.0554383238,0.0888031915,0.0704055773,0.922018709,2.385898415,0.7084121613,0.5532978723,0.0364994403,0.0566568455,2.9511478472,-0.0613032209,0.050106383,0.0156163908,0.3644109578,3.4380428685,0.6150570195,0.498001921,0.3017445599,0.0008914642,0.0006834385,0.9519655842,0.0429337694,2.2295793644,0.5963147374,-0.0483041928,0.4465233856,-2.606e-07,1.15397e-05,1.71685e-05,1.07264e-05,0.0319642948,0.0964950039,2.8676121633,0.3524576808,0.0257651662,0.189906559,0.5017775,0.019112499,0.0355097968,0.0035978753,0.0038048009,0.1137132842,2.8124252564,0.3080546895,0.1144130893,0.1892100054,0.4444034977,0.2886170356,0.0227618148,0.0147127136,0.9923585249,0.0020643225,2.2354749935,0.087006057,0.6892501694,0.0641425091,-0.0002014198,0.0001247863,8.96217e-05,5.74427e-05,0.9687594341,0.0051484422,2.2825040003,0.0896349811,0.6790781719,0.0674472193,0.1710800344,0.0174325126,0.1454483109,0.006172533,0.9623541067,0.0060201789,2.4445702282,0.1642365837,0.8032761941,0.1010221288,-4.732448007860665,-0.3991673963027109,3.2117373542759746,0
374,309.8059404454125,11128,55,35.9192595984477,0.2741,0.0623272813,0.6556853119,2.7722086707,0.132348031,0.3347,0.0579086349,0.6004408504,3.0409635207,0.1817309975,0.3912,0.049005714,0.403369906,2.7899216972,-0.3446961341,0.0315,0.0082613558,0.0489060013,2.8947792135,0.2740151027,0.5393951613,0.1247490913,0.8977357811,2.3581448856,-0.6191919248,0.0797177419,0.0579046157,0.8516128585,3.1148712771,0.9182427609,0.3808870968,0.0734216951,0.7926211491,2.2619467244,0.4596315932,0.0381451613,0.0109520167,0.0269987988,2.7005850832,0.1645522177,0.4962516747,0.3022164076,0.0007694851,0.0004541883,0.931155389,0.041658925,2.4686658483,0.6214357029,0.0302273443,0.576821782,-3.5234e-06,1.53096e-05,4.02639e-05,2.35344e-05,0.6908763361,0.096944271,2.7556477129,0.6027954293,-0.0327194499,0.3706367459,0.491405,0.0318053844,0.0659008627,0.0094509149,0.6072109076,0.1018190074,2.8878152114,0.437133253,0.0440326492,0.3568151786,0.4534391067,0.2915436269,0.020034712,0.0126765148,0.9921332848,0.0028670369,2.0762607722,0.1158404426,0.5357444287,0.1520803996,-0.0002947617,0.0001769214,8.81172e-05,5.07511e-05,0.9226823522,0.056112903,3.9667994398,0.9924549581,1.1519202356,0.215272643,0.1353033197,0.0482067585,0.1087750961,0.0147132292,0.91138534,0.0759519093,4.3083745237,1.0289670883,1.3090666939,0.2100191969,1.1182868758978468,-0.5970722182319482,-8.47155239741767,0
375,738.4688923699803,28159,60,38.131599436272616,0.2519,0.0283353137,0.0343574557,2.8625544276,0.1461163757,0.2463,0.0281302328,0.1491079601,2.9691840077,-0.3040604992,0.5018,0.0341139268,0.0927768467,3.2691648264,0.0365201143,0.0352,0.0102693719,-0.1027706161,3.0724144977,0.278590749,0.4243949045,0.1040323172,0.8903131151,1.9731049499,-0.1677088507,0.0896496815,0.0704718281,0.913727413,2.6570804518,0.7893986953,0.485955414,0.0496023479,0.494628277,2.5170147795,-0.0955841849,0.0435987261,0.0115009608,0.1636075993,2.812635019,0.2077003285,0.501320359,0.3046491038,0.0004628405,0.000435468,0.9347756594,0.0439583292,2.5534637311,0.7193532363,0.0032038641,0.4386377552,-1.4513e-06,7.5316e-06,9.3395e-06,5.6745e-06,0.0136642186,0.082404597,2.9362934936,0.4388385417,0.0442683443,0.2408896084,0.499505,0.0177573428,0.0354829297,0.0026397824,0.017679705,0.078845753,2.9876204299,0.2603383897,0.0663666959,0.1696832305,0.4615148398,0.3192447915,0.0168663226,0.0128440154,0.9941195367,0.0033708948,2.0867182259,0.1298681814,0.523726078,0.1913839763,-9.80333e-05,7.85089e-05,4.46315e-05,3.14821e-05,0.8864093102,0.2062285671,2.5386337343,0.5300668438,0.6876968437,0.0647187402,0.2069712507,0.112353678,0.1246714682,0.0346795035,0.9155827906,0.1160690549,2.6838655103,0.2617458729,0.8069794979,0.1289057231,-1.209026711591937,8.269614086985978,-4.153610300635902,0
376,541.6703595347685,19799,56,36.55175080468687,0.24025,0.0302107183,0.0330473417,3.1299304322,0.4832352428,0.23945,0.0313679375,0.2267224234,2.6954665165,-0.1096755437,0.5203,0.0389603645,0.162433343,3.0018404071,0.3260382062,0.0387,0.0110140819,0.1250945025,3.6061588084,0.2808927975,0.3960755814,0.0670311459,0.7507720233,2.4841366238,-0.2430834191,0.0949709302,0.0638960299,0.9065115647,2.8241202818,0.8502260395,0.5089534884,0.0366363039,0.0572163487,3.4636340274,-0.0014489067,0.0443604651,0.0121592273,0.1252792486,2.7102482364,0.1417650116,0.4993809773,0.3029794504,0.0008412826,0.0005976185,0.9442895263,0.0322942935,2.3914968987,0.5682153163,0.0680669027,0.490559281,-4.118e-06,1.07394e-05,1.66933e-05,1.03653e-05,0.0788600029,0.1329344674,2.9750735136,0.4243818288,0.0584331542,0.2866138264,0.4922825,0.0164570447,0.0361360958,0.0017960953,0.0571217736,0.126772347,2.9062487763,0.3238201142,-0.0105327272,0.2063538227,0.4453960171,0.2998500243,0.0247243862,0.0170236968,0.993943798,0.0028824324,2.0314588589,0.0835823941,0.4735192303,0.1414112468,-0.0001882861,0.0001287665,8.42368e-05,5.34581e-05,0.9540224451,0.0441171709,2.3514108349,0.148881116,0.6696223283,0.0806791023,0.1924854515,0.0843043743,0.1297698006,0.0270041714,0.9267413444,0.0903180703,2.7291973928,0.2124125164,0.8370082466,0.1926407967,-2.9197406130987256,3.0102689964253826,-1.0945174805332587,0
377,721.2660233110493,26522,66,36.77145344826852,0.25815,0.0298718513,0.1557589813,3.1782722449,0.3663412291,0.2551,0.0410120714,0.3478556736,2.7668575137,0.1634182733,0.48675,0.037029549,0.2313595246,2.8334183901,-0.1804616868,0.0345,0.009367497,-0.1122824012,2.6099544647,0.1998180381,0.4136597938,0.0839597211,0.8262830135,2.4571290504,-0.2515138425,0.0899742268,0.0685668787,0.8985791775,3.8772529984,1.2236118957,0.4963659794,0.0409464709,0.2816563669,3.1213221833,-0.3112450225,0.0469329897,0.0111457377,0.2230198609,3.1749148093,-0.1806760704,0.4929007497,0.2990225448,0.0012692212,0.000965348,0.9535717685,0.0270828873,2.3035606596,0.4165797121,0.1168091456,0.4540004357,-1.0952e-06,2.25277e-05,2.29803e-05,1.37671e-05,0.1387090948,0.1198071981,3.1465004886,0.6724903021,-0.0277593838,0.3458810992,0.4994475,0.0230754549,0.0381730972,0.0020725043,0.0718236094,0.1054611619,3.1457020878,0.5445052342,0.0840177965,0.29596488,0.4406527133,0.2938615123,0.0257555474,0.0158104898,0.9923253858,0.0031892663,2.3493447394,0.2048827382,0.7195322702,0.1571553376,-0.000254551,0.0001535951,9.04409e-05,5.53628e-05,0.9417473194,0.0202894124,2.9527703991,0.3933070407,0.862858369,0.1320172542,0.1584933181,0.0329856407,0.1302091005,0.0107093879,0.9502614688,0.0228946128,2.8038101535,0.3592855111,0.9014204319,0.1972265053,-2.674618884613712,-0.41514057592816844,-0.6772166403116804,0
378,957.075546770634,34837,24,36.39942543464522,0.2603,0.031943857,-0.055039698,2.5770248836,-0.0122989961,0.23165,0.0310165682,-0.1662229091,2.935507319,0.1404956949,0.50805,0.0362622048,-0.0458239351,2.9737006403,-0.0240420016,0.03915,0.0109328633,0.1915388414,2.5898841938,0.1887537778,0.4035772358,0.0935693596,0.8432632851,2.0043337479,-0.153569263,0.0866260163,0.0685244085,0.9242532668,2.4094480003,0.7796004657,0.509796748,0.0448774228,0.2767282023,2.5430839611,-0.0843818094,0.0460433604,0.0121444899,0.2661399897,3.7642586817,0.3905123456,0.4986958767,0.3027728446,0.0003506259,0.0002580035,0.938062805,0.0379654983,2.4652986774,0.5869306684,0.000260196,0.5753156984,1.0096e-06,2.86e-06,7.1184e-06,4.266e-06,-0.0103010151,0.1149653315,2.9701039467,0.3983173136,-0.0074425549,0.2012825616,0.500185,0.0140272512,0.0352099214,0.0028352129,-0.0028417523,0.1120380462,3.0590568219,0.5079540357,-0.0167920738,0.1899789954,0.4515150862,0.3225277347,0.0225938875,0.0151359175,0.9966546846,0.0013487886,2.0641194639,0.0802484333,0.5195450897,0.0892020821,-8.44432e-05,5.52424e-05,4.10295e-05,2.76045e-05,0.9725153422,0.0052614397,2.1007978158,0.0934224246,0.5252967845,0.1115617063,0.1923511626,0.0261851636,0.1457483526,0.0047729139,0.9642408075,0.0064722629,2.2186325258,0.1152184079,0.6515662783,0.1415530372,-5.359446200381577,0.3588231891975651,3.0988080929236075,0
379,887.9061440185418,33174,45,37.362057041140645,0.2664,0.0339858794,0.2258706823,2.8326478544,0.2912641291,0.2216,0.0325720739,0.1880569052,2.7735809508,-0.0022168581,0.512,0.0353906767,0.124142727,2.8559953148,0.1843579016,0.03565,0.0095040781,0.0021669235,2.9750392685,0.5560257265,0.4434016393,0.1030443689,0.8820619297,2.0274347122,-0.2442109754,0.0888934426,0.072360698,0.9314698269,2.7419083511,0.8896454652,0.467704918,0.0493716565,0.5081940627,2.7361608954,-0.0772768832,0.0447745902,0.0134076383,0.296206676,3.0808369735,0.3465245566,0.4982431799,0.3029026673,0.0007746557,0.0005590248,0.9538523869,0.0331747588,2.4802418229,0.7178204181,-0.0693977048,0.5348361849,-4.565e-06,1.15702e-05,1.40466e-05,8.7332e-06,0.0688170692,0.1029779555,2.9501938139,0.3677702841,-0.0719224165,0.2544394577,0.4928575,0.0148329976,0.0343356517,0.0023648252,0.0497024415,0.087246252,2.7909105225,0.4242336862,-0.0169634978,0.2138197035,0.4489822027,0.2956526161,0.0236739346,0.0144790914,0.9941011385,0.0032503726,2.0621476748,0.2059537183,0.516103581,0.1885431721,-0.0001688752,0.0001045574,7.99302e-05,4.8792e-05,0.9670094902,0.0175329944,2.2016158325,0.2670751524,0.5371214148,0.1749625286,0.1892380181,0.0543153141,0.1371081552,0.0160950579,0.9549941405,0.0304018557,2.3984101053,0.1816014648,0.7046412298,0.1664118262,-3.846854093060271,0.9286187819953831,1.1019783408190726,0
380,855.6650654027658,32412,72,37.8793073487738,0.22265,0.028986678,-0.1179741941,4.4896665948,-0.52173917,0.2875,0.030809901,-0.0230165535,3.355020032,-0.0197460885,0.48985,0.0361071669,-0.0948171626,3.0667449914,0.1317169367,0.0368,0.0095005263,0.0197429664,3.157121051,0.3606503641,0.3894296578,0.0883502029,0.8517513238,2.0386693319,-0.0975234742,0.107851711,0.0657701152,0.9114796324,2.6122665835,0.7031063682,0.5027186312,0.0429223004,0.3569561575,2.5658443572,0.0641820158,0.0428707224,0.0121863859,0.1852020771,3.4531098017,0.1124698346,0.496569441,0.3023158606,0.0005601046,0.0004790624,0.9530863212,0.0407201911,2.3175809325,0.5029800671,0.058422926,0.4325601096,8.671e-07,4.8339e-06,8.9702e-06,5.339e-06,0.0850067773,0.1041665124,2.8885151524,0.397790555,-0.0486458926,0.2543085507,0.5010025,0.0142606493,0.0352705484,0.0022538385,0.0351732836,0.085276216,2.9310447983,0.5255961899,0.0400190596,0.1923234181,0.4574064781,0.3157452844,0.0204450978,0.0140763686,0.9952623713,0.0027697617,2.0180422266,0.1397567668,0.4649988718,0.1605406242,-0.00010233,6.94581e-05,4.89029e-05,3.21991e-05,0.9449225156,0.0789225492,2.1076999377,0.141144943,0.3948990888,0.2694719198,0.2160524673,0.0818569741,0.13244983,0.0338687165,0.935296202,0.0794816667,2.2957537736,0.2227616921,0.4999583492,0.3727017675,-3.2575945553148653,4.821589693914278,-0.5835814491971297,0
381,427.9741749986943,15710,44,36.70782238215175,0.25025,0.0318541599,-0.2359207192,4.3517394057,0.0325697101,0.25035,0.0352012429,0.3023229206,2.8168872529,0.1034558572,0.4994,0.0392955468,0.1285953281,3.7458672315,0.4231721839,0.02975,0.0104970234,0.0954347557,2.2535779103,0.169807477,0.4745982143,0.1197283726,0.9332340152,1.829810843,-0.0673165646,0.0718303571,0.0586416004,0.9140162218,2.9238358347,0.9774085473,0.4535714286,0.0724982407,0.8092681084,2.1508198568,-0.2605297567,0.0451339286,0.0104038931,0.0411491514,2.7807867121,0.1903162601,0.4956660288,0.3011638157,0.0015177181,0.0009062546,0.943183169,0.0332713557,2.4151125035,0.6413819246,0.1990352711,0.4321731067,4.6513e-06,2.6473e-05,3.48095e-05,2.13205e-05,0.1382771439,0.1484458419,2.8038837828,0.3958707684,0.0379110914,0.1852065311,0.5071525,0.0205050572,0.0372764762,0.0030880729,0.0904667134,0.1283489446,2.9263404862,0.4994735523,0.0635016353,0.1995270531,0.4485854183,0.2749280294,0.0248121548,0.0149786709,0.9855745412,0.0075255621,2.2359842318,0.3809174873,0.6499820198,0.1967388699,-0.0004603013,0.0002724407,0.0002115627,0.0001281264,0.9657880641,0.0165280007,2.3182091864,0.5778286632,0.6480425746,0.2532523318,0.1619131976,0.023429062,0.1439334705,0.0097433267,0.9558308954,0.0107324883,2.6080469217,0.3913436118,0.8693468225,0.2040724385,-1.8756844071464396,-0.893075794534335,1.6266734276860169,0
382,111.12078878225564,4150,74,37.34674713416626,0.263,0.0323496522,0.2100749956,3.5411570295,0.3102891119,0.25165,0.0350717479,0.2101821845,2.9265062165,-0.1235970179,0.48535,0.0442733272,0.305300983,2.8196168129,0.1320337967,0.0307,0.0092200868,0.0118490871,3.0211783245,0.377821077,0.3896610169,0.0889813559,0.9098342526,1.8289211311,-0.1370060796,0.0637288136,0.0644769912,0.8643907168,3.0963965051,1.1024976923,0.5466101695,0.0471334265,0.5373803202,1.9184172556,-0.1449958125,0.0529661017,0.0144127605,0.15996804,3.0210724969,0.451639201,0.497123929,0.301297897,0.0018812287,0.0011766142,0.9337414954,0.0421629715,2.4835047164,0.5410215155,0.0936898294,0.4105695734,-1.06791e-05,5.04673e-05,5.23152e-05,3.12724e-05,0.2917283317,0.1459731668,2.9864238099,0.5300585499,0.0091225704,0.2645775117,0.49889,0.0282269047,0.0404307388,0.0037570079,0.2163126185,0.1471438468,2.9124352374,0.5911768857,0.0092485189,0.2628807562,0.4703053026,0.2853395429,0.0082681514,0.0052955374,0.9516395188,0.0042773163,4.5311926067,0.6613149862,1.5823577534,0.2054786278,-0.0004243841,0.0002597126,0.000136569,8.81017e-05,0.8949514438,0.0197061221,4.5420029215,0.7040773562,1.5090622872,0.185903683,0.1363372265,0.0172285794,0.1379095574,0.0112926495,0.9405268851,0.0130898297,3.2938470784,0.4206362637,1.1728440657,0.1619339503,-0.08863965168623304,-2.486876542454403,-3.510566999241172,0
383,852.689028490026,31432,39,36.86220761590069,0.2256,0.0321269357,-0.0227711989,3.5339570467,0.2049769427,0.2819,0.0322705748,-0.0297633647,2.1520907183,0.053553068,0.4925,0.0351887766,-0.1462089279,2.0128242426,0.1118824879,0.03565,0.0092372886,0.0853831583,2.4713471847,0.2849381487,0.4047285068,0.0857000375,0.8700942163,2.0813103306,0.0434069019,0.0944117647,0.0607224056,0.8778840208,2.4506938892,0.6660284387,0.5008597285,0.0437411479,0.4415378231,2.8544594235,-0.3465850047,0.042918552,0.0110208634,-0.0684733823,2.8791781323,0.5496673202,0.5007718556,0.3037905791,0.0005127618,0.0003578551,0.9286577312,0.0577236416,2.560566798,0.6583863583,0.0308098519,0.4511803519,2.0734e-06,5.8801e-06,1.16806e-05,7.3263e-06,-0.0247942816,0.0940861301,2.9825968498,0.3468394759,-0.0627626524,0.2395633774,0.504075,0.0154057173,0.0358512741,0.0024329815,-0.0545555558,0.087059368,3.0029520529,0.3541932188,-0.1529720673,0.1831289877,0.4487146505,0.30373445,0.023544189,0.0145891857,0.995000762,0.0021614558,2.1089134593,0.1316627073,0.5638030791,0.1438221681,-0.0001431393,8.82197e-05,6.74399e-05,4.18655e-05,0.9733815039,0.0073859445,2.1377854194,0.115104718,0.543450694,0.1425475205,0.1824862925,0.0352196435,0.1436804426,0.0113128666,0.962100401,0.0135144129,2.3437303288,0.1938762027,0.7202846438,0.1836792376,-4.76522178268894,0.5030589773103012,2.7027018389704662,0
384,611.3607524988531,21360,52,34.93845477108881,0.25385,0.0274850414,0.3169527261,2.3284129467,-0.0137747365,0.2187,0.0362878768,0.3055638238,2.7236699173,-0.04666275,0.52745,0.0350677558,0.1585980056,2.3695757533,0.1356630633,0.03605,0.0113202253,0.1351181788,3.1104019643,0.1319592042,0.3858285714,0.0876667344,0.8480930564,2.3197887309,-0.2625390175,0.0766,0.0556032887,0.8792023924,3.2773623792,1.0197017588,0.5375714286,0.0465183747,0.5208557401,2.5631486095,-0.1466731699,0.0500571429,0.0131582519,0.1029102104,2.6318552879,0.0835385573,0.499474243,0.3027717542,0.0007555954,0.0005535856,0.9429606453,0.0387327185,2.3401514588,0.6362434256,0.0183388541,0.3614667142,-6.1644e-06,1.4215e-05,1.57775e-05,9.6373e-06,0.1004501453,0.1302358163,2.8555268281,0.2899677835,0.0188694377,0.1916265344,0.49429,0.0256958002,0.0368678379,0.002331154,0.0401884034,0.1077991375,2.8812887437,0.3291625099,0.0052442466,0.2264732074,0.4535506538,0.3038068638,0.0203500662,0.0139107953,0.9920301216,0.0043752679,2.1855595413,0.2154820714,0.6002661158,0.2163447357,-0.0001817702,0.0001304857,7.75504e-05,5.01539e-05,0.9173087647,0.1457268863,2.702947305,0.2761020656,0.8260760504,0.1744886171,0.1753539306,0.1028491937,0.1277916521,0.0263059174,0.9006016043,0.1648874957,3.0919897569,0.4745750589,1.0303436799,0.3032400726,-0.5585635259475533,6.997004360263808,-5.371678660173767,0
385,1129.2947031032743,41975,36,37.16921710927512,0.2585,0.0295930735,0.0394346112,3.1335031211,0.0341196722,0.25745,0.0292104005,0.1205959684,3.0357545206,-0.2988049479,0.48405,0.0364670742,0.0778381969,2.6828909605,0.2807400966,0.03165,0.0095930965,-0.0181659142,2.5038201805,0.0863380984,0.3575223214,0.0691917589,0.7495049086,2.303569769,-0.1840118474,0.099921875,0.075264745,0.9184395939,2.2688526245,0.6439577184,0.5425558036,0.0381476398,0.2324958992,3.1295934845,-0.1519528082,0.0444642857,0.0138689199,0.3611009113,3.4072309256,0.4510556279,0.5002183295,0.3034430414,0.0002995502,0.0002722169,0.9488606707,0.043350922,2.2024284211,0.5115093827,0.0432443706,0.4049670187,-7.262e-07,2.6108e-06,5.4438e-06,3.4105e-06,-0.0045526016,0.1169414416,2.823829996,0.3146828253,0.026546908,0.1690552806,0.4964125,0.0114048441,0.0341691375,0.0024273271,-0.0282868348,0.087546957,2.9011403562,0.3622858053,0.0967646779,0.2981312986,0.4671834142,0.3446376033,0.0140401946,0.0110774169,0.9964194093,0.0013836931,2.0520393026,0.1408607399,0.4936534687,0.2230627123,-4.33491e-05,3.76552e-05,2.28739e-05,1.5929e-05,0.8444044361,0.2572224131,2.3091190995,0.3205334778,0.4706670435,0.2550698429,0.2393607491,0.1349932179,0.1218454774,0.0404834312,0.8055956677,0.3201723794,2.6476316667,0.6168655256,0.6456901439,0.2114038948,1.0701742620192605,15.511858878158415,-9.840559697578144,2
386,953.0481636335222,35910,8,37.679103082358544,0.2521,0.0283388426,0.0863917741,3.5916394483,0.2254647796,0.27975,0.0308980177,0.0128861184,2.6525709424,0.515028352,0.46815,0.0347178268,-0.1792694041,2.7085717823,-0.0565246591,0.03055,0.0100472633,0.082999536,2.5162898294,0.551661222,0.4069471154,0.0974614425,0.8723193145,2.0273377076,0.0074919157,0.1003125,0.071412759,0.8920324745,2.3319613765,0.6865140205,0.4927403846,0.047824699,0.3703883646,2.9092233273,-0.0914268334,0.0434855769,0.0120391902,0.0984235195,3.6717010433,0.5581039585,0.4977769969,0.3019544249,0.0006365449,0.0004320472,0.9468400199,0.0428502731,2.5268297365,0.8375381886,-0.1445208297,0.5528553169,3.441e-07,7.6753e-06,1.20716e-05,7.1061e-06,0.0695106261,0.0781399577,3.1435433442,0.4820103382,0.0774798618,0.1944736021,0.498315,0.0166431675,0.0349942173,0.0033422306,0.0611288354,0.1159712934,3.0961852835,0.5933582642,-0.0028282753,0.1510385697,0.4504038044,0.3022262441,0.0188621414,0.0125860925,0.9919963326,0.0032626878,2.6004969329,0.1273478302,0.8645044908,0.0780487489,-0.0001408698,8.83365e-05,6.13682e-05,4.05084e-05,0.9642435194,0.0015238076,2.4964071777,0.1932283878,0.7583357339,0.1263277512,0.1700741868,0.0218918723,0.1471052147,0.0083825786,0.9659832234,0.0052953063,2.3526844341,0.2472367117,0.7586966568,0.1607585789,-4.53709640988153,-0.20740859102531042,2.3447420641352834,0
387,463.5276553891616,17398,48,37.53389856618857,0.2811,0.0382529737,0.2463374229,2.9768974933,0.2254536539,0.2777,0.0527987689,0.5013935291,3.0555833943,0.3203894079,0.4412,0.0446324994,0.1719801916,3.2508011554,-0.6811969847,0.0307,0.0110909873,0.2278823445,3.100749656,0.6038514842,0.5108661417,0.1123690743,0.8980569389,1.8795709579,-0.0507083999,0.0701968504,0.058482791,0.9120215289,2.3262573832,0.7717778048,0.4189370079,0.0646329123,0.7051304962,2.2729044885,-0.4554159552,0.0433070866,0.0108537245,0.3535956484,2.3682450544,-0.0417265059,0.5002426864,0.303461626,0.0011868968,0.0007265392,0.9443923642,0.0370486349,2.401720738,0.3812871967,-0.0529836515,0.3386176592,1.25938e-05,2.61234e-05,3.57372e-05,1.91684e-05,0.5007456104,0.1687379919,2.6891151655,0.2935404712,-0.1546404072,0.2371573649,0.5154475,0.0238650502,0.0487069836,0.0100859493,0.4121274891,0.184009428,2.8409132057,0.3824172926,-0.1279998288,0.2400347862,0.4556863092,0.2861672095,0.0184698106,0.0111307281,0.9858959359,0.0046490168,2.4350394555,0.2639882734,0.7853139232,0.2049223562,-0.0004324633,0.0002571875,0.0001421532,8.44071e-05,0.9371068038,0.0182330622,4.0519070706,0.6960546249,1.3123846065,0.2378738568,0.1305673699,0.0510560089,0.1168292004,0.0095454558,0.9335189751,0.0204803609,4.1472323536,0.7790403333,1.3452081466,0.2432399122,-1.0154471226495423,-1.63134061592551,-2.69476455092283,0
388,1269.7059400199691,47902,36,37.72684563423136,0.25095,0.0329749526,0.0669449991,2.5399615016,-0.0261760332,0.25995,0.0336860134,-0.2166901667,3.7844929703,-0.2278877833,0.4891,0.0390600819,0.0750112875,2.5528632542,0.1082766364,0.0362,0.0091956511,0.0354687106,4.0429689353,0.5515235088,0.4241041162,0.0958328918,0.8671628776,2.1239984582,-0.0158333326,0.096598063,0.0719521175,0.9118366065,2.6722759707,0.7856372633,0.4792978208,0.0453943274,0.3694717551,3.0832245845,-0.24812792,0.043220339,0.0113247195,0.0674643332,3.417526642,0.435940157,0.5022867229,0.305169008,0.0004013474,0.0003181155,0.9528721922,0.0408549111,2.3744909977,0.8129344514,0.0344775092,0.5501914728,8.792e-07,4.3244e-06,6.957e-06,4.2238e-06,0.0144050939,0.0710438598,2.9928547738,0.4779323638,0.0426423412,0.2095492919,0.50305,0.0128828374,0.0365326769,0.0031572962,0.0049932575,0.076950802,2.8551289283,0.3362069446,0.0612586922,0.232217957,0.4561200223,0.32879006,0.0204846287,0.0126635281,0.9963921157,0.0018823577,2.1149623075,0.1475032102,0.5487324916,0.1645061864,-8.39241e-05,4.88586e-05,3.96447e-05,2.38735e-05,0.9676822511,0.0101424214,2.276188155,0.2172093608,0.6079414745,0.1771407408,0.194093139,0.0525066255,0.1398480628,0.0123595561,0.9588356935,0.0207811732,2.4225325557,0.2653004306,0.741851091,0.2050106084,-4.94210725694614,1.251201419487273,1.5113482247715537,0
389,700.4669423797445,25921,8,37.00531521435801,0.2672,0.0354635024,0.1174852226,2.5556041296,-0.1935202912,0.2383,0.0324901524,0.2469500979,3.0218874131,-0.0083528177,0.4945,0.0408197256,0.1769528157,2.4151071451,0.0658963878,0.03435,0.0101650135,0.1316285399,2.690186517,0.4908128783,0.4717897727,0.0962584477,0.8490409587,2.1359249905,-0.0276714288,0.0828693182,0.0571941467,0.8530695324,3.1256921297,0.8430063106,0.4453409091,0.0538743037,0.5295566196,2.5592134153,-0.1772380962,0.0396590909,0.0102883279,0.0808582979,4.3741939913,0.6785727568,0.4957761054,0.3007877626,0.0008366796,0.0007921528,0.9329442034,0.0768007853,2.4957870614,0.4174606497,-0.0614686726,0.4040096296,-8.1177e-06,1.23087e-05,1.58933e-05,9.5303e-06,0.1217955026,0.165342182,2.8965390142,0.274294558,0.0823340756,0.1933290557,0.4865825,0.0244449395,0.039471431,0.0037362089,0.1462515325,0.1518393304,3.0754698619,0.3885989482,0.0259993763,0.227510524,0.4550331625,0.2961923131,0.0202847892,0.0125292639,0.9917705693,0.004162405,2.2464228604,0.2848914518,0.6095683067,0.2096469481,-0.0001818539,0.0001211361,8.50539e-05,5.21283e-05,0.958298818,0.0332656572,2.2960470725,0.469643277,0.6164271606,0.2844275223,0.2009647699,0.0659316732,0.145299079,0.0270416261,0.9449764263,0.0599549754,2.3274579404,0.2742584643,0.6561016472,0.3421803447,-2.163748737444463,1.4740934588253407,-1.6342401846352268,0
390,446.3340624289695,16363,57,36.66088111436496,0.20335,0.0404478368,0.4989142435,2.6500492778,0.2880911471,0.27925,0.0512512195,0.53025189,2.7076144091,0.1226534226,0.5174,0.04536783,0.3825461869,2.996469985,0.0558413605,0.037,0.0109316056,0.151600034,2.4679890058,-0.1952038246,0.4934210526,0.0835611712,0.7841104732,2.787233548,-0.4250612996,0.082406015,0.055999468,0.8309381169,4.0825486032,1.0611884047,0.4241729323,0.0420131579,0.3263727023,2.915222223,0.128821269,0.040037594,0.0101769355,0.3386842425,3.0478855824,0.4017640466,0.4954923149,0.3018449729,0.0008258965,0.0005350982,0.9562482194,0.0337120807,2.1561452865,0.4078096366,0.0915751454,0.463428541,9.995e-07,1.51876e-05,3.04071e-05,1.85922e-05,0.652316879,0.1367209854,2.6282423204,0.4660390118,-0.0804683444,0.2761619204,0.5018975,0.0222702968,0.0623738033,0.0100289352,0.5750376827,0.1437796691,2.6884704971,0.4128195145,-0.0613748636,0.2640051261,0.4602103123,0.2980345707,0.0188920227,0.0125290733,0.9921843704,0.0037436662,2.0699094433,0.1089845375,0.5058770859,0.1538623862,-0.0001968581,0.000122056,7.96961e-05,5.13817e-05,0.949170784,0.0475331488,2.5545185666,0.4409268825,0.7410185594,0.2708306229,0.1637512531,0.0541699182,0.1237417367,0.0208530425,0.9231099793,0.0868202736,2.9546379201,0.5982300912,0.9368492723,0.2804131593,-0.5297313847307025,1.031238949113445,-4.892048861818745,0
391,539.5262965763038,18855,6,34.94732345698257,0.2503,0.0327171209,0.1502407818,3.1503876897,0.0919913345,0.27505,0.0316345934,0.1519443757,2.7682828815,0.0088014289,0.47465,0.0382181567,0.157268186,2.5045069956,-0.2610067749,0.03515,0.0094988157,-0.0168078736,4.4492905561,0.5783113101,0.4324338624,0.0862131118,0.8488472261,1.9503363426,-0.0911221781,0.0894973545,0.0642427295,0.9186377284,2.508375982,0.7594753673,0.4780687831,0.045175736,0.4117766766,3.0005389152,0.2015308854,0.0443121693,0.0112241666,0.1034840861,2.7839020539,0.1101740598,0.4990403007,0.3030778149,0.0010326167,0.0008004716,0.954415108,0.0348644134,2.405886188,0.7308527206,0.0245300675,0.4677066109,-1.7383e-06,7.9994e-06,1.69238e-05,1.02914e-05,0.1065943196,0.1085349177,2.7683083196,0.4319292277,0.0052069355,0.2269816554,0.494105,0.0127219879,0.0371895811,0.0023738269,0.062487588,0.1251772174,2.7578183566,0.2310229254,-0.043496027,0.2280151897,0.4489350229,0.2907170913,0.0216629662,0.0138555291,0.9920746151,0.0030209008,2.2545051089,0.0985152868,0.6891574249,0.069565664,-0.0002097657,0.0001299669,9.08573e-05,5.71141e-05,0.968350113,0.00534316,2.3956769694,0.1439716917,0.7400282692,0.0741287821,0.1609005947,0.0149958379,0.143352532,0.0062605006,0.9629890918,0.0057835962,2.647713248,0.2249066179,0.9004168486,0.1086675175,-4.062633419854705,-0.7630877012158804,2.0712022783733537,0
392,490.7431247785134,18396,22,37.48600657075461,0.25055,0.0355871817,0.367399054,2.9893443803,0.0770800847,0.2457,0.0375234593,0.2318897553,2.4218868888,0.0851797441,0.50375,0.0397012279,0.1116298092,3.5264401186,-0.3652899222,0.03565,0.0107390642,-0.1263413491,2.4353637617,0.1583247941,0.4876963351,0.125006521,0.9099618135,2.1676552792,-0.2909474192,0.0898691099,0.0717168563,0.8990419424,2.9711012179,0.8965015162,0.422434555,0.0637872335,0.7324088998,2.4546156262,-0.1936004563,0.0373036649,0.0122338444,0.2920505188,2.9983458029,0.2726587441,0.4951551736,0.3007054323,0.0008729357,0.0007453919,0.9387093252,0.0453475563,2.3794681268,0.4750294648,-0.0162052305,0.4232229241,-1.777e-07,8.7458e-06,2.03816e-05,1.31251e-05,0.245539533,0.1538189831,2.9803132936,0.3634997427,-0.0228144938,0.2951619156,0.498245,0.0168649778,0.0404810387,0.0026463198,0.1638893657,0.1191736051,2.9459547941,0.4356197635,-0.0156229044,0.2797799395,0.4526604107,0.2916377161,0.0212085779,0.0129192926,0.9926639749,0.0028953792,2.1001827973,0.114667424,0.5378251609,0.157316232,-0.000208753,0.0001320892,9.45305e-05,5.60378e-05,0.963011357,0.0166896759,2.2278289767,0.1887843699,0.5883154538,0.1246472665,0.1863361021,0.0631577186,0.1391227568,0.0151789373,0.9534519136,0.018984182,2.485183462,0.2972401871,0.7787788143,0.1721443366,-2.997877389416726,-0.35028532071350243,0.5238802269076346,0
393,117.1776003331018,4085,48,34.861611676528064,0.26805,0.0400243363,0.4465452833,2.8436869791,0.2269302014,0.2519,0.0387542256,0.4789777822,3.1617662333,0.0774400864,0.48005,0.0440368879,0.4202634736,3.0057872472,-0.3881469395,0.03625,0.010848387,0.2050086586,3.4167477746,0.5290658814,0.37325,0.0835430278,0.8612838902,1.8612291261,-0.2588225097,0.076,0.0610757726,0.8847553579,2.9377528522,1.0376615383,0.55075,0.048328951,0.4595948669,2.4118940556,0.1084150197,0.053125,0.0112742794,0.28945081,2.6493023196,-0.1702942266,0.4910097449,0.2980134249,0.0035031193,0.0024071464,0.9279647822,0.0461843634,2.496390841,0.6891724851,-0.108384845,0.4782455278,2.24341e-05,0.0001514627,0.0001107852,6.8934e-05,0.391404139,0.1412626052,2.8356273347,0.3397801384,0.002406209,0.2842544914,0.5088225,0.0394776566,0.0435956662,0.005608789,0.319889162,0.1158007467,2.7594963257,0.3386981922,-0.044718433,0.2087613437,0.4518791373,0.274368834,0.0219733378,0.0136217949,0.9570673405,0.0176961303,2.7355419683,0.3370050762,0.9533653187,0.1588947359,-0.0010367166,0.0006354866,0.0004590675,0.0002844549,0.9336548818,0.0257677243,2.7426135558,0.3560585246,0.9304064421,0.1685491792,0.1545224453,0.0227337977,0.1521442372,0.0103679356,0.9378149761,0.011718416,2.7964008571,0.4457076551,0.9939686185,0.1917496534,3.658769050614296,-3.0198756874283847,2.083177416878808,0
394,361.7235757836982,13210,15,36.51959917564028,0.29345,0.0393998414,0.3343035761,2.564362857,-0.1053609171,0.24125,0.0339954041,0.2040344497,3.0873857542,-0.2911070236,0.4653,0.0448487458,0.3120374624,3.3917019622,-0.1424499247,0.03685,0.0107623185,0.2222781091,2.8478779403,0.3044955392,0.4717592593,0.1251560412,0.9103543459,1.9172647726,-0.1461227272,0.0816203704,0.064960204,0.8920126571,2.909596199,0.9996182803,0.4466203704,0.0738016257,0.7188313576,2.5287269351,-0.160846139,0.037962963,0.0114470811,0.3551325568,2.8038722631,0.0842385979,0.4937263677,0.3002670379,0.0018863036,0.0014411636,0.9534872671,0.0220044949,2.1489015479,0.4648860217,-0.2278404762,0.4048824326,-9.602e-07,1.67799e-05,3.6301e-05,2.28528e-05,0.2043273375,0.1594151067,2.7932307792,0.3626584143,0.0779522465,0.2187377776,0.5002575,0.0227222428,0.0385870259,0.003669102,0.1425173319,0.1463987235,2.9135998859,0.2697947429,0.0115905828,0.2265081609,0.4497878277,0.2745712909,0.0229674507,0.0138903396,0.9851889877,0.0080233556,2.193739166,0.2738248397,0.6171973916,0.1543015238,-0.0004449928,0.000266287,0.0002019401,0.0001219779,0.965512067,0.0102002495,2.2294779744,0.3040254553,0.6073071067,0.1654588744,0.1658849012,0.0206199017,0.1445554303,0.0097464656,0.9562298818,0.0071643767,2.4878630025,0.2970559058,0.8198617136,0.1592726788,-1.4865371320499925,-1.6951166971023124,1.478094294101843,0
395,501.7548882156904,18690,16,37.24926341318611,0.25405,0.0361088286,0.2098293241,2.6925038213,0.213370564,0.2738,0.0400069994,0.3233704126,3.04426632,0.1208153789,0.47215,0.0411962073,0.1884902749,2.862212323,0.3778482084,0.03095,0.010263893,0.3486115134,2.1105783141,-0.0276042052,0.4779378531,0.081465126,0.8149724589,2.3734280407,-0.3531829552,0.083700565,0.0612949307,0.8977806036,3.1289939209,0.9736346677,0.4383615819,0.0375804116,0.1629903758,3.099761323,0.0410061722,0.040480226,0.0113456681,0.0844360255,2.7982189301,0.3569829951,0.4994142983,0.3029061154,0.0007584595,0.0004991004,0.9339772596,0.0572940132,2.3802771028,0.5893933306,0.0062061674,0.482850959,-3.1951e-06,9.2671e-06,1.77856e-05,1.11807e-05,0.1545342296,0.1498382697,2.9021889068,0.4133142067,0.0358505117,0.2572726525,0.499615,0.0225305187,0.0384426253,0.0039328184,0.1568566828,0.1456417901,2.9887978065,0.5664678655,0.0011877439,0.250374286,0.4438248025,0.2934481223,0.0272118016,0.0161128657,0.9940189648,0.0033388322,2.0677517583,0.1748148456,0.523911261,0.1697683717,-0.0002019747,0.0001157127,9.24128e-05,5.45496e-05,0.966079626,0.0204455574,2.2231012696,0.3858444177,0.5616702606,0.2476219789,0.1743131518,0.0418443164,0.1365728652,0.0172917631,0.9502004984,0.0402630871,2.5016962741,0.427733337,0.7601425314,0.2834863068,-2.7438755206148278,0.35290017135267376,-0.9781226723209064,0
396,789.8447681743492,29502,65,37.351643245281046,0.2516,0.0337852039,-0.1652102306,4.2984407704,0.6906607667,0.2576,0.0273082405,-0.1035945544,3.2247348294,-0.2888235752,0.4908,0.0375813784,-0.0954623462,3.0310986577,-0.0237888699,0.034,0.0110679718,0.0236613722,3.3719616826,0.0597421552,0.4099802372,0.0921820441,0.8511481073,1.99776121,-0.0615471818,0.0950395257,0.0694814106,0.9074609456,2.5480023174,0.7378717863,0.4949802372,0.0444565294,0.3388540453,2.6633407803,-0.0356500967,0.0433596838,0.0124386667,0.1251037403,3.1354978696,0.28110052,0.4957546668,0.3014522619,0.000440604,0.0003167079,0.9356529349,0.0446175389,2.5480052706,0.5664737148,0.2644744947,0.4859497195,-8.39e-08,4.336e-06,1.03961e-05,6.3347e-06,0.0144716281,0.1152541855,2.9972115156,0.5066199255,0.0764474871,0.2667011634,0.5028775,0.0129265857,0.0352230192,0.002127156,0.0128047454,0.1185347664,2.9339863717,0.3813385708,0.047367147,0.214736507,0.4543947578,0.310649137,0.0206973757,0.0123540537,0.9946812012,0.0025692272,2.1760579018,0.1672578359,0.606514515,0.1863676747,-0.0001184937,7.0985e-05,5.57129e-05,3.26941e-05,0.9630228609,0.0260230528,2.1517924781,0.1185241636,0.5478540213,0.1806394801,0.1983718634,0.0636622888,0.1385152898,0.023751462,0.9446208937,0.0569906079,2.2832611625,0.0953014563,0.6543538121,0.2068743128,-3.901532953535421,2.251813337606664,0.9460493100946045,0
397,755.596577083842,27108,30,35.876287455696165,0.27215,0.0287076209,-0.0323891813,2.5467330477,0.1372934174,0.2144,0.0330551055,-0.0960797419,2.9182920608,0.1522667353,0.51345,0.0366653447,-0.0079524909,2.7996516974,-0.0055042593,0.0402,0.0100478853,-0.1037809204,2.2278436047,0.1448255154,0.3851858736,0.0960587782,0.8870259288,2.1742583372,-0.0735896983,0.0970817844,0.0779925695,0.9229610106,2.4557806228,0.7389446907,0.517732342,0.0411641346,0.3181393843,3.01319171,-0.3837519741,0.0465799257,0.0119872193,0.1380422975,2.6752714076,0.413522586,0.4957055049,0.3007922649,0.0006198117,0.0004711282,0.9522456678,0.0327946108,2.5171299,0.6522898353,0.1231500131,0.4456059649,1.2185e-06,7.9465e-06,1.14648e-05,6.9751e-06,0.0130276939,0.1005727961,3.0597507474,0.4826392619,-0.0151633712,0.2415870533,0.502265,0.0153930999,0.0362813946,0.0025559068,-0.0116701501,0.103949671,2.9458213387,0.4152196874,-0.0629991974,0.2251749921,0.4522528284,0.3023823183,0.0211434609,0.0136249712,0.9937576407,0.0035104938,2.2517781265,0.1880531663,0.6687372566,0.1308988804,-0.0001429372,9.07846e-05,6.38874e-05,4.04207e-05,0.9703005041,0.0050970414,2.268951347,0.1733735357,0.6438200026,0.1269330643,0.1725756674,0.0159894324,0.1454580417,0.0056886313,0.9652856285,0.004513541,2.3621370454,0.1339597475,0.7674321533,0.1095898696,-4.642927452028853,-0.08060590447923609,2.9250598678687347,0
398,567.1815934297964,20973,4,36.97757515926151,0.23765,0.0328439873,0.3446181857,3.8022761566,0.3196259868,0.2598,0.0383400574,0.3763236758,2.6495628579,0.2191686562,0.50255,0.0342599985,0.2449310239,3.4931580265,-0.0466147508,0.03855,0.0100820385,-0.0262220195,3.025590058,0.1941476684,0.4564176245,0.1050766091,0.8741287455,2.5877428196,-0.5677782535,0.0917241379,0.0688138178,0.9180982007,2.9425481644,0.8806452986,0.4518582375,0.0478252628,0.4335726574,2.6976941442,0.1574755143,0.042605364,0.0111551841,0.0580687709,2.834139801,0.3395797524,0.4976130301,0.3018742446,0.0004281326,0.0003142355,0.9516424378,0.0305618427,2.0510550254,0.4621043735,0.0770325975,0.3008898434,8.4e-09,6.27e-06,9.0582e-06,5.4506e-06,0.1800138006,0.1263707692,2.9385920443,0.3378702658,0.0463190532,0.1761844194,0.4986375,0.0161955,0.03810944,0.0026043159,0.070240567,0.1193470533,2.8744582007,0.3470236305,0.0242378767,0.2076608586,0.4651257929,0.3126299469,0.0159426524,0.0097490851,0.9946739158,0.0029772024,2.1600332214,0.2286294391,0.5933639719,0.1797691891,-0.0001100251,6.54177e-05,4.39383e-05,2.59766e-05,0.9610673648,0.0155025137,2.5415082167,0.2286136418,0.7248763946,0.1573652447,0.1605680157,0.024317422,0.1331425373,0.0090477846,0.9564777233,0.0119945609,2.6915933051,0.3046468662,0.8621000287,0.1718288759,-4.003297285845473,0.14562899885129832,0.26144247485275895,0
399,186.0291737800738,7034,42,37.81127366783712,0.2614,0.0416538114,0.4867802651,3.2386725452,-0.4858089412,0.25015,0.0371244865,0.3386340102,2.6637613317,0.1327746122,0.48845,0.0343561858,0.3246595806,2.6941491153,-0.3177114481,0.03355,0.0104712702,0.1959515254,4.8152303739,0.9025532486,0.4730701754,0.1120101593,0.8936123366,1.8376778796,-0.0664655499,0.0907017544,0.0694744595,0.9189789507,2.2837570781,0.6370754299,0.4362280702,0.0550859034,0.5486912938,2.066936314,-0.2838870192,0.0424561404,0.0097388176,-0.1204390224,3.1716987732,0.3764659914,0.4932058564,0.2991381351,0.0020185634,0.0014247609,0.9336574388,0.0368173529,2.3945368134,0.4744138562,-0.0452101465,0.4512845743,-7.9081e-06,4.5783e-05,5.30964e-05,3.17552e-05,0.2614334247,0.148533784,2.9298902737,0.7434280081,0.0737417234,0.2064392208,0.496245,0.0255519319,0.0407171297,0.005129727,0.1961055068,0.1531476904,2.8829795376,0.6070976455,0.0235947489,0.214799382,0.4468272933,0.2713153721,0.0267249963,0.0159078836,0.97980248,0.0112719611,2.1186301127,0.2238917057,0.5924171611,0.1386926136,-0.0007403597,0.0004550497,0.0003389958,0.0002018171,0.9643537136,0.0107433224,2.1493899561,0.1973960085,0.6190207648,0.1270650028,0.1594529797,0.0138549067,0.1469305047,0.0103221647,0.9514049916,0.0095604901,2.4700152313,0.2597448058,0.8507950997,0.1220750993,-0.0919636235979593,-2.1986595000778837,1.955842997324772,0
400,121.95664185513697,4146,20,33.99568844249351,0.25415,0.0526310507,0.5815052106,2.7246381465,0.4994732495,0.3115,0.0494646338,0.4847346108,3.2724407106,0.2303090506,0.43435,0.059618181,0.5683920918,2.5349551796,0.0347563708,0.0329,0.0103242433,0.1553936756,4.2769901171,0.6390757504,0.5781097561,0.1151977098,0.9086475898,1.8798518679,-0.1196633898,0.0975,0.08345895,0.9090190842,2.6567753524,0.8028945028,0.3243902439,0.0498435983,0.6124549632,2.1119815216,-0.2129259002,0.0405487805,0.0105056923,0.218655501,3.2620013902,0.5254701666,0.4963358994,0.3020548109,0.0015461669,0.0008847313,0.9320610015,0.0312490646,2.5246564726,0.6209636721,-0.0922879992,0.5085210336,5.0966e-06,3.33773e-05,5.12075e-05,3.04646e-05,0.3862725978,0.1603029073,2.5985660779,0.4411402294,0.0688549958,0.2335500306,0.50423,0.0265092408,0.0472021696,0.0069226031,0.3784281213,0.1480168996,2.6453511382,0.3405622959,-0.0480898943,0.2643252653,0.4517836265,0.2735069473,0.0204323755,0.0125894426,0.9751730777,0.0109779549,2.2884593332,0.228023811,0.6911373584,0.1437623997,-0.0005512638,0.0003472505,0.0002498141,0.000151981,0.9489382272,0.0158373569,2.1902796365,0.5172168543,0.5441406061,0.2630589503,0.1834399253,0.035009077,0.1470441072,0.0181416142,0.9515421075,0.0137663833,2.0616105276,0.49849546,0.5037516254,0.2687982299,0.6036965592382559,-1.892895886231399,0.011157191137422565,0
401,690.3949091281163,25735,68,37.27576733220721,0.2519,0.0275388816,0.0376752338,2.5544137182,0.067886214,0.2705,0.0324923068,0.1284528717,2.3205276361,0.0300623084,0.4776,0.0330944104,0.1498159666,3.6854133664,-0.6589757705,0.0355,0.0094207218,-0.1301843643,2.7909779806,0.1246876733,0.4121359223,0.1150012704,0.8902951733,1.8981180003,-0.1526460897,0.1044660194,0.0732561427,0.9138500812,2.5551544706,0.6804084331,0.4833980583,0.0542097401,0.5433771767,2.3442424457,-0.0802356175,0.0421601942,0.0096827626,-0.0215418629,2.830393409,0.0488439916,0.4992325324,0.3028532279,0.0005495943,0.0004400363,0.9351760605,0.0430680206,2.0718989092,0.4659138086,0.0337716596,0.3189505155,-6.48e-07,9.5185e-06,1.27342e-05,7.7918e-06,0.144134013,0.1651763254,2.8341069516,0.4047707972,0.0018598831,0.2043743065,0.4995725,0.0224684527,0.036749941,0.0043577756,0.1252351884,0.1262932159,2.8035491528,0.38241368,-0.0224254243,0.1568612386,0.4513030008,0.2982486444,0.0223209868,0.0138277068,0.9948267814,0.002397496,2.032123534,0.0798525876,0.4980289103,0.1009198928,-0.0001528918,9.54106e-05,6.73278e-05,4.21754e-05,0.967114114,0.0069206629,2.1911578574,0.1225054697,0.5651646399,0.0790255437,0.1800466475,0.0315648113,0.1362584605,0.0067785221,0.9583233505,0.0091769424,2.32610915,0.2363215004,0.7033046542,0.1453936011,-4.380146956393313,-0.137726336847437,2.2866248794710673,0
402,416.37934133399966,15668,69,37.62914833815417,0.27395,0.0336027901,0.2274691158,2.9551906395,0.2047630214,0.22355,0.0340168708,0.0368065559,2.7617732374,0.0462467714,0.5025,0.0427580402,0.1750439246,2.7307163361,-0.2318913456,0.03755,0.0096045562,-0.1631964248,3.065582387,0.1455708677,0.4442732558,0.106395329,0.8942120578,1.9598406372,0.2902854369,0.0955813953,0.0812025124,0.9006904572,2.3866265649,0.7541824712,0.4601453488,0.0546378865,0.5445824242,2.708669321,-0.2977196876,0.0415988372,0.0120283869,0.1933831188,2.7254501991,0.0979162541,0.4955977813,0.3009018116,0.0011587795,0.0009053261,0.9414103126,0.0454690297,2.2872525163,0.4134066704,0.0044003137,0.3701712668,-2.0704e-06,1.84744e-05,2.05292e-05,1.25643e-05,0.0852910976,0.0732860685,2.9331843032,0.3569245101,-0.0756534256,0.2439609863,0.49555,0.0211133133,0.036648398,0.0024125559,0.0438517359,0.0782653537,2.8327108022,0.3481204475,-0.0872173362,0.2309629675,0.4486916319,0.2896533672,0.0222977361,0.0138484127,0.9913592278,0.0035133699,2.1003737914,0.1367335477,0.5658127281,0.1593819644,-0.0002551216,0.0001608562,0.0001144013,6.9941e-05,0.9551130102,0.0563903118,2.2247990398,0.1435373759,0.5551583416,0.2204244287,0.1792300775,0.0699916099,0.135069465,0.0234853522,0.9474974921,0.0492390471,2.5124696036,0.2009841286,0.7723919091,0.2975641344,-2.410581661527227,1.7825614395611116,0.07101019234425293,0
403,834.1074188453704,31693,70,37.99630513282289,0.2415,0.0349535406,0.1838286834,2.5408268614,-0.0053565798,0.261,0.033346664,0.1283704197,2.4877198062,0.101816296,0.4975,0.0321519828,-0.0120671882,3.2123173604,-0.423660452,0.035,0.0099749687,-0.0759162304,3.4102674175,0.0680094326,0.3482789855,0.0688823172,0.804655005,2.1739079211,0.013603231,0.1195833333,0.0692997345,0.8800886449,2.2806496425,0.501008504,0.5321376812,0.0325091274,0.0967126399,2.8462302217,-0.2314313644,0.0434782609,0.0123227828,0.2555643329,4.816623084,0.7615418993,0.4994831667,0.3037948744,0.0005287699,0.0004548386,0.9571802295,0.0328812387,2.4911638612,0.5053279466,-0.0334046495,0.54363289,1.2686e-06,4.5733e-06,8.3255e-06,5.0352e-06,0.0084464416,0.1117738034,3.05020017,0.3697219107,0.0337582912,0.2577033193,0.5021625,0.0158121225,0.0358551803,0.0027099675,0.0101507768,0.1006558515,2.92835511,0.4434951324,-0.0296931678,0.2291854334,0.4562460298,0.3203865053,0.0191921977,0.0118800962,0.9958803228,0.0019999629,2.1040716979,0.1637808735,0.5267852865,0.1824969729,-9.08178e-05,5.68957e-05,4.10816e-05,2.45461e-05,0.9631992569,0.0178436529,2.2225269559,0.1211579774,0.5432037801,0.173014701,0.1989285218,0.0708498508,0.1303384557,0.0187686464,0.9469526008,0.0370521881,2.3923416941,0.1821357933,0.6797777258,0.2417566842,-4.7287890661028555,2.2013570588255047,1.274471585866833,0
404,649.3651923601808,24192,39,37.25484563173432,0.2668,0.0326459798,-0.0353420695,2.2835186918,0.0514924081,0.2549,0.0254458248,0.0434507355,3.2216504101,-0.2341752496,0.4783,0.0349658405,-0.1003602281,3.0867621943,-0.1459026052,0.0317,0.0086666026,0.0466806487,4.1447156871,0.6905707397,0.3980366492,0.0823362644,0.7928273143,2.3943518089,-0.117177145,0.0956020942,0.0687969072,0.8881257812,2.459136261,0.7436542986,0.5063612565,0.0408160266,0.0372027963,3.5326697331,-0.0692720915,0.0428272251,0.0113541971,0.0747512335,3.038277314,0.1711038902,0.4935322864,0.3004243522,0.0007521681,0.0004729474,0.9388895733,0.0321651668,2.6618356151,0.8047454016,0.00140051,0.6129004141,3.5341e-06,1.0403e-05,1.59368e-05,9.7966e-06,0.0075658466,0.0756485105,2.8836558198,0.311721881,-0.0790892313,0.2852532943,0.50361,0.0142774963,0.0358461875,0.0023551741,0.0164793742,0.1026248825,2.9949659137,0.3959326931,0.0018034714,0.2247670639,0.4470572543,0.2960324142,0.02275837,0.0140457369,0.9932312174,0.0025643576,2.1765488954,0.192119631,0.6166778177,0.1979033027,-0.000190047,0.0001232897,8.55881e-05,5.2576e-05,0.9633158288,0.0287038447,2.2385995149,0.1764430313,0.6151559014,0.1922630732,0.1862909465,0.0664148946,0.1373308702,0.0206278827,0.9471666872,0.0597500587,2.4054343691,0.1978100788,0.7434399441,0.2328054847,-3.321539768022837,2.0338676726522853,0.54476230429026,0
405,114.56528346460787,4247,63,37.07056685555189,0.25525,0.043922517,0.3997102535,2.769348707,0.1563035296,0.2703,0.0653636749,0.7682593217,2.3673179888,0.1729919488,0.47445,0.0508915268,0.5226669803,3.0104274991,-0.0881988415,0.03715,0.0107297484,0.1590943436,3.0407896516,0.2236231574,0.5401785714,0.1202005923,0.8578503148,2.3907457065,-0.5109779809,0.063125,0.0577986229,0.8122371826,6.7372804135,1.7830215296,0.3966964286,0.0737773968,0.6804099748,1.9602043918,0.0421025098,0.0407142857,0.0110368122,0.1389130607,3.9594747951,0.2571797196,0.4921156916,0.2984807927,0.0024574179,0.0016945766,0.9055592703,0.0913257371,2.5794472596,0.5992585349,0.0859653577,0.4258634383,-2.34126e-05,5.24075e-05,0.0001027879,6.76659e-05,0.5239171883,0.1478199823,2.7426418556,0.4305939522,0.0402652776,0.2252495985,0.49313,0.0223387298,0.0524952184,0.012029601,0.4254948631,0.2022489547,2.7452128539,0.3718299492,0.0316622033,0.2150473479,0.4423742979,0.2687626329,0.0229636808,0.0137981582,0.9716881805,0.0116015059,2.4072180266,0.2046175648,0.7834344037,0.1292977871,-0.0008600661,0.0005189171,0.0003361601,0.0002059592,0.9362162451,0.0319213954,2.9248083258,0.4776079547,0.9593535937,0.1646804793,0.1367129046,0.0198740549,0.1361653435,0.0163952051,0.9311772687,0.0242669079,3.2641033926,0.6208799172,1.132332162,0.1919227918,4.039425955540926,-4.412959548297945,-4.996456955904301,4
406,448.1800823720876,16526,72,36.87357080335356,0.23515,0.0365681214,0.2432164682,2.6781473486,0.0868507802,0.2459,0.0296511383,0.0858367858,2.9332457934,-0.245868498,0.51895,0.0421028206,0.2844820161,2.8422502448,0.2148667277,0.0378,0.0109389213,0.1001123919,2.606394702,0.0308674579,0.5282984293,0.1077815803,0.8791019955,2.6068028017,-0.4766218816,0.0689528796,0.0583988173,0.8883432095,4.0180001979,1.3000236957,0.4027486911,0.0616646027,0.6438117505,2.5761852742,0.0639863261,0.0367801047,0.0109004934,0.123055303,3.2069518127,0.3313690591,0.4976436777,0.3019312631,0.000818171,0.0005729912,0.9382004779,0.061952122,2.2225782474,0.3253373017,-0.0869423776,0.433498304,-1.117e-06,1.31505e-05,2.02376e-05,1.23949e-05,0.3160052502,0.1843523968,2.7828608714,0.3070484931,0.0158591168,0.246835086,0.504745,0.0240496149,0.0435964908,0.0060886769,0.2830063947,0.2060637949,2.7949119024,0.4305137596,-0.0273968997,0.237111088,0.4505351567,0.2967636138,0.0221859005,0.0140299552,0.9922451017,0.0040315391,2.1652594702,0.2037017599,0.5792776603,0.1999031505,-0.0001645565,0.000107847,8.29834e-05,5.32925e-05,0.9291222951,0.1231329978,2.2179756706,0.3737838313,0.5393222721,0.3051427,0.2034451229,0.0812725308,0.1436324513,0.0364392117,0.9042102083,0.1808205806,2.3127737574,0.4646208044,0.664845224,0.3410308075,0.3833392432432123,6.0394605347371115,-5.914643601833886,0
407,272.0926452358352,9446,66,34.716116607314824,0.32565,0.0617197497,0.6899417893,3.1591522978,-0.150863858,0.2769,0.0446641915,0.4353493468,3.1096590362,-0.0163044845,0.39745,0.0526236401,0.5040495076,2.3756234033,-0.184126912,0.0275,0.0085293611,0.2138528139,2.7199135579,0.2961268939,0.5910576923,0.1464264601,0.9323698795,2.2463893842,-0.363101509,0.0802884615,0.0660231127,0.871656125,4.7128773949,1.4413375136,0.3286538462,0.0909359209,0.8880100969,1.8810714019,-0.1008251119,0.0388942308,0.0109183317,0.2179867279,3.3684380618,0.3279539105,0.49620399,0.3008218855,0.0023231518,0.0018307028,0.9181475696,0.0606151462,2.5687472015,0.783638716,0.198639866,0.4961184929,-3.86351e-05,6.56863e-05,8.34287e-05,5.55559e-05,0.408058256,0.2059622173,2.7817572832,0.5092582797,0.0127276454,0.3060639542,0.4817125,0.0301495559,0.0469651438,0.0113977803,0.3044136611,0.2172430471,2.7089597017,0.3737666791,0.0702615585,0.2293620751,0.4493252893,0.273293525,0.0225955866,0.0139142414,0.9715651116,0.0175264555,2.2639407584,0.1986004326,0.6765856359,0.1335892477,-0.0008965232,0.0005391417,0.0003609415,0.0002212724,0.9422023406,0.0333631831,2.5908643074,0.3292440012,0.8225547474,0.1520445596,0.1380175991,0.0188561457,0.1323759544,0.0152266994,0.9355483799,0.0153469963,2.9624309443,0.4647191819,1.030702317,0.1755073077,4.120643634065104,-3.7857784829999948,-4.2425050063513545,4
408,541.7732589413648,19665,12,36.29747255969367,0.2531,0.0338436109,0.0468474362,3.0844606645,-0.1491563844,0.23855,0.032429115,0.0206380646,2.6156785499,0.0966592033,0.50835,0.0364489712,0.0306215647,2.6630426804,-0.1045577225,0.04115,0.0102677894,0.0890659843,3.2561809973,0.2988471567,0.4342270531,0.1004020018,0.8674490794,2.1989060408,-0.1593124211,0.088236715,0.0648141677,0.9081538019,3.5320459179,1.0069245284,0.4775362319,0.0511176288,0.5230374216,2.8091386918,-0.0820094816,0.0428985507,0.0108148381,0.0311446315,2.506503483,0.015963166,0.4962092297,0.3017623792,0.0007125899,0.00056135,0.9502855622,0.0369973092,2.2978596436,0.4323837492,-0.0952476991,0.39348715,-1.0006e-06,1.09156e-05,1.4771e-05,9.0299e-06,0.0429914973,0.1099992142,2.9156229719,0.3883766635,-0.0356423611,0.2329591091,0.49589,0.0187637323,0.0359454225,0.0030994917,0.038218877,0.1151727517,2.945617393,0.4426213156,-0.052678723,0.2350421006,0.4512285657,0.2973827358,0.0226671668,0.0135359289,0.9937986674,0.0030333145,2.0910700231,0.1461433829,0.5396930982,0.160518315,-0.0001889696,0.00011576,8.43112e-05,4.90912e-05,0.9593711033,0.0327968146,2.3127373941,0.149463807,0.6289376784,0.1515266193,0.1807587972,0.0527832763,0.1383047542,0.0194176033,0.9457089009,0.0458620761,2.5613415974,0.1937542493,0.8008952501,0.1730084372,-3.2874541141516636,1.323390699454298,0.3145659108625737,0
409,433.5252221039476,15881,45,36.63224004113921,0.27715,0.0341705648,0.2792657466,3.3390027991,0.6170688045,0.2526,0.0477780284,0.5849243682,2.3539229379,0.2549360359,0.47025,0.050957703,0.5644353538,2.8832434914,-0.1331893694,0.03455,0.009697809,0.2586605695,2.4959366665,-0.0703847591,0.4904761905,0.1399991901,0.9285068961,1.8915046814,-0.1473455992,0.0723214286,0.056047633,0.8892981405,2.5946287243,0.7796886332,0.437202381,0.0901762533,0.8380088207,2.0190143554,-0.1106012556,0.049047619,0.0123316325,0.09072569,4.1381442837,0.552743124,0.494316094,0.3003766832,0.0017561001,0.0011228456,0.9420823703,0.0431926355,2.2682561599,0.5490582985,0.0580827152,0.3757296343,-3.4616e-06,2.69971e-05,4.74011e-05,2.85686e-05,0.1910307122,0.1960041921,2.9098912366,0.6211157643,0.0521715497,0.2281928059,0.496185,0.0219320148,0.0395588784,0.0038049495,0.1091735181,0.1583436275,2.9876499089,0.4199489393,0.0460514954,0.1701256006,0.4464838311,0.2717420175,0.0228827299,0.0136211786,0.9807214591,0.0109569254,2.1295805858,0.2644999351,0.5895467463,0.1445446681,-0.0006151173,0.0003653221,0.0002848805,0.0001684159,0.9616520909,0.0146665262,2.1782356465,0.2606277726,0.5842290475,0.150536374,0.1635252367,0.0105774893,0.1497426954,0.0096540179,0.9487605787,0.011403303,2.4467671037,0.1883867832,0.8256817466,0.0929336464,-0.4700457969867225,-1.9026944739523917,1.6447163920545862,0
410,198.2770363884889,6980,56,35.203269764048315,0.2578,0.0454825241,0.4757854104,2.9635393762,0.2328812636,0.23855,0.0442396598,0.5422102192,2.3734362387,0.0506492374,0.50365,0.0445356879,0.3886214905,2.5117071186,-0.0733687935,0.03925,0.0105918601,0.108760065,4.7600043451,0.7839888043,0.4728217822,0.1134722364,0.8967845529,2.1562706697,0.1821993387,0.098019802,0.0834588866,0.9375705444,2.389846652,0.8120174749,0.4291584158,0.057087172,0.6005152348,2.8866586405,-0.5502017787,0.0416831683,0.0119254538,0.0164487776,3.0454180067,0.3166339483,0.4984779844,0.3019403177,0.0015739557,0.0009789638,0.9240775518,0.064695627,2.4439599942,0.6022495811,0.0383314243,0.3442766685,-1.7672e-06,4.49519e-05,4.07185e-05,2.55925e-05,0.1912726235,0.1196102859,2.9536969375,0.4144253467,-0.0659043831,0.1869803493,0.497175,0.0305647366,0.0417156964,0.0046007528,0.2385912467,0.1571588613,2.9502612074,0.3414245039,-0.0745693146,0.2340507304,0.4369501727,0.2666614986,0.0250974335,0.0150311959,0.9828560923,0.0059148573,2.2845363996,0.1960186292,0.7071743253,0.1308991615,-0.0004625571,0.0002795624,0.0002335646,0.0001375946,0.970129034,0.0097731371,1.9497743415,0.2505234412,0.4772547866,0.1874253431,0.1878964049,0.0340619715,0.1602027716,0.0123658089,0.9654459763,0.0098520033,1.9444012556,0.2477524162,0.5551396037,0.2230581396,-1.4699467109213942,-1.8653766856668557,2.0473176986150534,0
411,218.7199433626173,7919,30,36.20611764182398,0.26555,0.0318817738,0.0942322406,2.9823683295,-0.3686354294,0.2302,0.0342119862,0.2331762591,2.9688013509,0.1831799948,0.50425,0.0386999677,0.1823370151,2.3465922576,0.0521298289,0.036,0.009486833,0.106745325,3.3892592593,0.3531210054,0.3903846154,0.0908362576,0.8185645588,2.3546775635,-0.1183191171,0.0861538462,0.0596835838,0.8913056068,2.3158685364,0.5915058351,0.5234615385,0.0462119598,0.3120191578,2.7928711134,-0.0995747829,0.046043956,0.0116618209,0.1609439146,3.0921667631,0.2720395763,0.4952131086,0.3005715741,0.0012854063,0.0008152489,0.9359306393,0.0389003675,2.4631869173,0.7360713695,-0.0474253353,0.5194164416,-7.1278e-06,2.73515e-05,3.04442e-05,1.85784e-05,0.1380857525,0.1356737293,2.9048373629,0.455058259,0.0228724434,0.2219520364,0.49239,0.0238353131,0.0372280914,0.0027312924,0.101506628,0.1224867188,2.9766431605,0.4467506309,0.0452497195,0.2602731728,0.4471026053,0.2784035948,0.024092399,0.0144115936,0.9883746955,0.0038089704,2.0926596295,0.1388706277,0.5594500524,0.144603474,-0.0003918639,0.0002357112,0.0001817509,0.000109837,0.9663872272,0.0165761206,2.1235037822,0.1156343603,0.5552032898,0.147707921,0.1762441412,0.0466747454,0.1435500252,0.019831319,0.9525993668,0.0223132929,2.4382842172,0.216133111,0.7769059671,0.1858484621,-2.6145614604117875,-0.34765550898738645,1.0294099141082422,0
412,603.2146158166286,22923,42,38.001400163301696,0.2733,0.038191753,0.413885471,2.5897730441,0.3029038092,0.26915,0.0280272635,0.1549306483,2.906763293,0.217792455,0.45755,0.0384674863,0.2476494251,2.7823345214,-0.112924369,0.0326,0.0098101988,-0.095636586,3.2677755943,0.3752138746,0.4729878049,0.1252457578,0.9109633033,2.1365712979,-0.4392640342,0.10125,0.0795631652,0.9199655857,2.8510812954,0.9081317114,0.4257621951,0.0583006153,0.6197432737,2.7873381911,0.0661551147,0.036402439,0.0102491639,0.0162369563,6.0918868326,1.0934461054,0.5006165745,0.3036310388,0.0007530955,0.0005277195,0.9357154114,0.0459676904,2.4509585663,0.5953437927,0.075718952,0.3954709444,-5.598e-07,1.42661e-05,1.7834e-05,1.12664e-05,0.2371942712,0.1435169254,2.856424991,0.3690898334,-0.0300194512,0.2611747812,0.502085,0.0254383033,0.0378680696,0.0046048673,0.1785937825,0.1354379322,2.9666315405,0.3826322501,0.0056348142,0.2591252377,0.4617351084,0.3006352167,0.017307016,0.0115384856,0.9903810609,0.0054236028,2.2196211744,0.2638316709,0.6194498816,0.2235569396,-0.0001979465,0.0001241688,8.08151e-05,5.12517e-05,0.9405707215,0.0742121083,2.8584655309,0.3805275333,0.7836897174,0.4466336904,0.1693275675,0.0859431893,0.1250397477,0.0281069506,0.9102911277,0.1442190911,3.079152211,0.4261173308,0.9696611476,0.3555906248,-0.7465358475376223,4.786888682666757,-4.734757039185058,0
413,413.0432238275488,15266,56,36.95981224079774,0.24125,0.0414570561,0.1355732144,2.6484284111,0.0759521095,0.2492,0.0317546847,0.2618337201,3.1736412451,0.0534218545,0.50955,0.040829493,-0.0287796738,3.1154784146,-0.1474794441,0.03835,0.0111815697,0.0212233976,3.1292828189,0.3573869296,0.4097222222,0.0875370292,0.8462220405,2.9018398835,-0.6721394023,0.0787654321,0.0630232706,0.8605502958,3.7588761225,1.1245470493,0.5115123457,0.0419659235,0.3134301645,2.6516255997,0.0171950669,0.0483950617,0.0150683046,0.4052152257,2.8461277953,0.2914222062,0.4927459364,0.2990407651,0.0008461726,0.0006976353,0.9392984923,0.061280267,2.1926931004,0.5798721728,0.1652793462,0.3383734992,-1.9568e-06,1.67963e-05,2.00577e-05,1.28654e-05,0.3220442981,0.1514902047,2.7989956969,0.3684122616,-0.0759715144,0.2347876668,0.4966425,0.0210541164,0.0426149683,0.0038798649,0.2914745477,0.1599780711,2.8494963487,0.4361976303,-0.0521341332,0.2565830465,0.4523797196,0.2943174729,0.0185414606,0.0114012374,0.9904018195,0.0024835022,2.6045378038,0.2241652379,0.8746431841,0.1312096862,-0.0002096268,0.000125529,8.65444e-05,5.34453e-05,0.9627501991,0.0116224684,2.8511150417,0.4459330882,0.9771845652,0.1919398934,0.1546372685,0.0250487255,0.1414445638,0.0114644852,0.9616346944,0.0064842724,2.8671721235,0.5041974707,0.9822895976,0.257437265,-2.7522119170520236,-1.5839625475305343,-1.2754675041453987,0
414,574.4320783609329,20656,48,35.95899459330197,0.2766,0.0333232651,0.1473951054,3.0014443854,-0.3110979282,0.19045,0.0292069769,0.0758016551,2.4090024406,0.2109997069,0.53295,0.0391541505,0.2415330987,2.5508620206,0.0980106679,0.03845,0.0098411127,-0.1798618562,2.9274538604,0.0344299568,0.4448965517,0.106564646,0.9158795241,2.0965874782,-0.1318208843,0.0936896552,0.0716866281,0.900558774,2.9432716542,0.8345982726,0.4614137931,0.0483653604,0.6511563644,2.5094809617,-0.2730691109,0.0411724138,0.0106837581,0.1206831876,2.8243108123,0.0922023901,0.498250042,0.3026921548,0.000836654,0.0005579165,0.9377543164,0.0692320119,2.5754374657,0.9031059996,0.0179617649,0.5817441518,1.0957e-06,1.715e-05,2.03529e-05,1.2367e-05,0.2884713588,0.1750432478,2.7595866869,0.3151743601,-0.0299666286,0.2306596442,0.5019675,0.0261441307,0.0395041443,0.0036638039,0.227174339,0.1675500743,2.8292367123,0.2831774647,0.0022929602,0.2269629336,0.4610928129,0.2944468256,0.0169678801,0.0106352338,0.9898879996,0.005570653,2.2416537533,0.2831974243,0.6376407016,0.1949445377,-0.0002073935,0.0001275712,8.59534e-05,5.3691e-05,0.9441652216,0.0621618123,2.5210956236,0.3797490735,0.7069803358,0.2691067455,0.1680973293,0.0645204744,0.1303206907,0.0222634561,0.9243541599,0.112303562,2.7468778675,0.3891230965,0.8846169212,0.2661726122,-1.4968011058990132,3.5355116384363696,-2.3809985719997435,0
415,439.1771124104326,16263,24,37.03061826409895,0.24355,0.0356741853,0.3806011744,2.7051006843,0.2885489868,0.24045,0.0311856938,-0.0965691776,2.1324910598,0.0384350917,0.516,0.040614037,0.3936149203,2.7929716088,-0.1159377387,0.0373,0.0101345942,-0.0473703231,2.3939846364,0.1913050012,0.4364772727,0.0857127838,0.8569051635,2.1876499218,0.0599940592,0.0798863636,0.0589393818,0.9135569953,2.5119980172,0.7253541894,0.4836363636,0.043931295,0.4920530108,2.6982178387,-0.2983785729,0.0463068182,0.0127362742,0.2157941598,4.5705118179,0.3587064313,0.4987199715,0.3029317707,0.0009654019,0.0006572635,0.9321554452,0.0496859909,2.3745751444,0.5446683315,0.0028741553,0.4158015186,-1.6499e-06,2.01266e-05,2.3811e-05,1.47023e-05,0.091297871,0.1482473797,2.8312111326,0.4305989326,0.0063355801,0.179530571,0.49305,0.0230292857,0.0368178499,0.0030282712,0.0790984918,0.1179251464,2.9920748877,0.4492901544,-0.0064990798,0.2301478877,0.4498438884,0.2798483717,0.0239660265,0.0157771449,0.9829559294,0.032596342,1.954241758,0.1746803812,0.3995361031,0.159999071,-0.0003705673,0.000250672,0.0001882853,0.0001202892,0.95678642,0.0777033403,2.0592770496,0.4312682751,0.3198035278,0.4159657222,0.1999997684,0.075530879,0.1407526045,0.0255260453,0.9144522467,0.190508263,2.186921341,0.1969904136,0.6052544475,0.1866850427,1.823282812858955,7.8796122539226126,-0.09524952390484584,0
416,550.0976245109717,20077,16,36.497158150515816,0.24585,0.0327647295,0.1513684525,2.7641243366,0.0477099128,0.2429,0.0330921441,0.1581656588,3.6188249836,0.4764449088,0.51125,0.0351949925,0.0047620862,3.0824812604,-0.3835428868,0.03905,0.0093726997,-0.0515379323,2.4867412233,0.4948851935,0.4292215569,0.0927377605,0.8651295841,2.1103262689,-0.1820856545,0.0711077844,0.0610374411,0.9295860064,2.909596158,1.0093161927,0.4996706587,0.047915025,0.5474907826,2.7611381262,-0.2349798853,0.0487724551,0.013508337,0.2486826683,2.8733231578,-0.0196622731,0.4962177,0.3013238275,0.0007352549,0.0005456755,0.9450155806,0.0478545867,2.6991354927,0.7263715227,0.0977337887,0.5963619537,-5.6817e-06,1.32272e-05,1.52987e-05,9.2807e-06,0.0640057815,0.130308493,2.9297405507,0.4464383644,-0.0139369326,0.1769203936,0.4905775,0.0206235998,0.03641542,0.0023745124,0.0545995536,0.1156697686,3.0426148197,0.4933113677,0.0193171534,0.1999562812,0.4693018218,0.3038392876,0.0145530055,0.0103880072,0.9796735868,0.0349046203,2.2646936341,0.1658120686,0.6733587768,0.2178961402,-0.0001706799,0.0001098401,7.50346e-05,4.71895e-05,0.95053637,0.0543613682,2.5463018316,0.2525686334,0.6271377834,0.5008936268,0.1765553541,0.0814223282,0.1370888872,0.0192044856,0.9477156764,0.0491845104,2.8153343172,0.3570659991,0.7521504304,0.6493069932,0.13603032101196608,4.97591851638829,0.8031773810998296,0
417,434.1913496340815,15783,30,36.350332666234046,0.2258,0.0340860675,0.3316426456,3.3431608928,0.1827129368,0.28365,0.0394072011,0.2544705943,3.5249045276,0.0593672054,0.49055,0.0379993092,0.1187341592,3.7289013306,0.5342008462,0.03665,0.0095670006,-0.0489598706,2.502641619,-0.2356018355,0.4842757009,0.0948612547,0.8516782297,2.26598973,-0.3633733502,0.0762383178,0.0592593242,0.8924440608,2.9732368854,0.9391745365,0.4394859813,0.0489537001,0.4733329194,2.5799556442,-0.0320601002,0.0411915888,0.0115344152,0.0645306507,2.8955461674,0.3455722545,0.502940322,0.3041876171,0.0007043862,0.0005159354,0.9423970841,0.0525183227,2.450180452,0.5217380683,-0.1426702352,0.4958321787,3.4168e-06,9.2226e-06,1.57729e-05,9.8408e-06,0.2807848027,0.1345405967,2.9286195465,0.3251971577,-0.0497464317,0.1677275863,0.5050375,0.01624172,0.0380612102,0.0031083604,0.176556746,0.1143341745,2.735335737,0.2352371034,-0.0386217224,0.1820637738,0.4588273541,0.3044452506,0.0192932929,0.0122520667,0.9936788016,0.0026668517,2.1014760827,0.1183015187,0.532271993,0.166346682,-0.0001867862,0.0001107946,6.96997e-05,4.27688e-05,0.9475346317,0.0462778854,2.643609876,0.16804423,0.7977763292,0.0830408374,0.1672797084,0.0670821245,0.1210571593,0.0208587206,0.9442976674,0.0474673768,2.7959525675,0.2591970112,0.8917540644,0.1618247975,-3.1231537776258484,1.7306554829612713,-0.7626779684133903,0
418,420.9004080215069,14853,42,35.288632932950385,0.2388,0.0361601991,0.1597548807,3.0786465719,0.2477483118,0.27285,0.0414442698,0.3805076633,2.5925423145,0.1536455733,0.48835,0.0415935993,0.1190778037,3.6531030571,-0.3173809633,0.0366,0.0090244113,0.0329722283,3.0292739047,0.0374067251,0.5151882845,0.1138994368,0.8994113164,2.1418164275,-0.3858613039,0.0792677824,0.0654145731,0.9000039403,3.7149863204,1.1256134634,0.4055439331,0.0613116495,0.6489986319,2.2194225106,0.1272852781,0.0367782427,0.01126316,0.0073675564,2.8118992487,0.1992329086,0.4956637997,0.3020080854,0.0008012691,0.0007070975,0.9250990656,0.0440406031,2.5611143701,0.6588626644,-0.0693570412,0.586353144,6.44e-07,7.4658e-06,1.71941e-05,1.09355e-05,0.214457956,0.1951228221,2.7411192607,0.2330955149,0.0781336505,0.2183284495,0.4982925,0.01693016,0.0382518238,0.0038716409,0.1441667245,0.1620843712,2.8139851703,0.3397404464,0.0303354225,0.2738369056,0.4581471636,0.2998434016,0.0185545339,0.0118181453,0.9925648817,0.0020692878,2.1575544237,0.1870237001,0.5689464878,0.1852399181,-0.0001894272,0.0001176023,7.59589e-05,4.51598e-05,0.9474290397,0.043628908,2.6257920643,0.3934438066,0.7657823929,0.2241976382,0.1749934549,0.0701660282,0.1262460662,0.0226618852,0.9214758903,0.0999240162,2.8723465422,0.5980808836,0.9065543005,0.3161002618,-1.6331638422323869,2.158848830862654,-3.5273490992314755,0
419,143.25263487504566,5264,30,36.74627000467814,0.26435,0.0554646509,0.4926352705,2.7179089048,0.2209074066,0.2464,0.0459133967,0.4585965324,3.1493296899,-0.0844792029,0.48925,0.0556972845,0.5088540692,2.9514365609,-0.0103216284,0.0355,0.0101365675,0.1546767013,2.7055783473,0.1951451708,0.542745098,0.1605820105,0.9562619512,2.2754360694,-0.6098270593,0.0899019608,0.0850460671,0.8716576779,2.9929273338,1.0604147631,0.3673529412,0.0845829036,0.8732898377,2.0490602073,0.1915505355,0.0342156863,0.0114349202,0.2851356165,3.4020960074,0.3601785287,0.4928406212,0.2982981824,0.0048631917,0.0030096765,0.9265588617,0.0591745889,2.3767032415,0.4426742918,-0.0363821513,0.431750048,-1.45124e-05,0.0001313172,0.0002071545,0.0001265879,0.6090831093,0.146577948,2.7726585622,0.5132028794,-0.0280927508,0.256947581,0.5004725,0.0311009424,0.0617492877,0.0144852028,0.534956869,0.1525830815,2.715250479,0.3812673441,0.0032336415,0.279035488,0.4500827323,0.2721176563,0.0252795443,0.0156991177,0.9444513688,0.0247119278,2.4040409656,0.3133557317,0.777255584,0.1832944975,-0.0018852094,0.001180432,0.0007974446,0.0004999909,0.921338179,0.0405611299,2.5662998437,0.4532914272,0.8165054334,0.2581371663,0.1381211826,0.0202077547,0.1443219588,0.0153565989,0.9095309517,0.0217720541,2.9224726484,0.5026385216,1.0570694239,0.2418896856,10.04008627661023,-5.741354466941769,-2.616366946674593,4
420,883.7481517563795,31748,70,35.92426183512052,0.24815,0.0308273823,0.1429459431,2.7361659202,0.2201452491,0.2496,0.0317228624,0.2636668958,2.6174699337,-0.0691432468,0.50225,0.035681753,0.2380441057,2.3563139128,-0.2740320557,0.0361,0.010573079,0.2550468972,5.1764396636,1.0425541512,0.4421428571,0.1043082168,0.8941906644,2.3403976215,-0.2230346557,0.0999795918,0.0720168602,0.9317984138,3.19520617,0.9181418017,0.457877551,0.0466487669,0.5043098184,3.107909533,-0.4595153023,0.0379795918,0.0125722237,0.0605073372,2.5300310063,0.1265582659,0.4931747641,0.3001386206,0.0004798764,0.000289486,0.9383777053,0.0345346338,2.4872376696,0.6455892065,-0.1141220711,0.4901841945,1.8144e-06,1.24555e-05,1.17741e-05,7.2367e-06,0.1138876148,0.1200559814,2.9798315451,0.4083299632,0.0142223612,0.2687657872,0.5035225,0.0243029807,0.0366156684,0.0021592717,0.0181314806,0.0967474272,3.0469823082,0.2865415271,0.0379524284,0.2599949367,0.4551763019,0.3107205112,0.0207103398,0.0122201013,0.994542229,0.0030935234,2.1345720125,0.1518499977,0.5692434801,0.1559496429,-0.0001396179,8.06279e-05,5.66802e-05,3.3313e-05,0.9591354044,0.0158704532,2.3970862273,0.2086159039,0.6127025972,0.1821449945,0.180296447,0.0495931955,0.130652445,0.0182307779,0.9506831274,0.0281759213,2.4575502679,0.2510275596,0.6995241554,0.2586586159,-3.6351869526521385,0.7510828026982302,0.7150789207274124,0
421,119.36738966422428,4490,20,37.61496345551488,0.2658,0.0342178316,0.0902585569,2.5062666131,-0.0784508093,0.23545,0.0384323757,0.4101220866,2.4579051432,0.0981150891,0.49875,0.0413362734,0.169764356,3.1364863615,-0.0358444148,0.03875,0.0111214882,0.0595072647,3.4965227358,0.6430199741,0.4207333333,0.1241173996,0.8957481756,2.0581748148,-0.2524644876,0.0964,0.0778483997,0.9185508849,2.4079094698,0.765315942,0.4828666667,0.0580412114,0.5795723285,2.2102488612,-0.3568969471,0.0435333333,0.0094788654,-0.0667269727,2.5119367538,0.2487166638,0.493915052,0.2997275891,0.0024788268,0.0020080412,0.9522188569,0.0238406359,2.4622278423,0.5320807524,0.1151111008,0.5523473557,-6.8641e-06,4.87278e-05,5.38628e-05,3.52225e-05,0.2567818388,0.1763269178,2.9667503489,0.3894141387,-0.0688974322,0.229496276,0.4980275,0.0222166462,0.0416540253,0.0039886776,0.1963336465,0.1516835794,3.0408658216,0.3966204978,-0.0045977427,0.1978817124,0.4404572639,0.2685991623,0.0240271137,0.0152146147,0.980270948,0.0067152424,2.1762624797,0.1529778955,0.6336900655,0.1048735207,-0.00064429,0.0003765472,0.0003061353,0.0001947082,0.962614634,0.0092399551,2.2008999327,0.1474401116,0.6293443649,0.1095652934,0.1594760729,0.0212640782,0.1490294967,0.012223151,0.9504350297,0.0115487247,2.5196022386,0.2563606783,0.8593556574,0.1483471483,-0.7738978607926348,-2.3968967080767936,1.7242335396241395,0
422,671.6071466951223,25318,44,37.69763339265531,0.24865,0.0295199509,0.1654214879,2.560113449,-0.0121288377,0.2418,0.0338416903,0.152763368,2.454393574,-0.3193633511,0.50955,0.0394087237,0.0257222155,2.5288459728,0.0439999343,0.0385,0.0095262794,-0.0289371328,3.6549188352,0.5023077473,0.4440735294,0.1131420653,0.8789731151,2.0425634209,-0.1872781159,0.0957794118,0.0814621611,0.944522615,3.1753723778,1.0298123393,0.4601470588,0.0521421317,0.4493192306,2.9879960861,-0.2344630189,0.0409411765,0.0110212126,0.1035550492,3.4581943821,0.4346971229,0.4997008393,0.3040811054,0.0003926675,0.0002661921,0.9399166125,0.0516907676,2.4683797785,0.6155385035,-0.0648802272,0.4354458793,-6.536e-07,4.5946e-06,7.8619e-06,4.8173e-06,0.0634096501,0.1081939902,2.9235257544,0.4333106453,-0.0482018243,0.2429007119,0.4972725,0.0174601222,0.0351462691,0.0025361667,0.0422849791,0.0789441638,3.0272524059,0.5219542728,-0.0430003418,0.2338264981,0.4649471642,0.3165456868,0.01669326,0.0101982952,0.9954034014,0.0024734216,2.0420856405,0.1333249563,0.4884368521,0.1518377176,-0.0001005468,6.0568e-05,4.39035e-05,2.61313e-05,0.9615523647,0.0240932103,2.3415785096,0.1789200693,0.618285401,0.137842207,0.1844381132,0.062435915,0.1296010661,0.0191477927,0.9392611257,0.0555477606,2.5422986411,0.2596578725,0.7775049229,0.2011638577,-4.0191293664886505,2.1558951478098844,0.13882719877393734,0
423,116.53431960167364,4344,42,37.27657238527021,0.27225,0.0447178656,0.5228193961,2.771913629,0.1035203186,0.2666,0.0458305575,0.4339595694,2.540954477,0.1022579326,0.46115,0.04204673,0.1308343581,4.2812539258,-0.6495157115,0.03245,0.0105236638,0.3150670618,2.6920210077,0.2102584056,0.4279,0.0979596345,0.8705233023,2.6787500494,-0.404006347,0.0777,0.0719806224,0.8435993283,5.0922377181,1.5884709085,0.4944,0.0461805154,0.6672070147,2.7247475809,-0.6147145515,0.0453,0.0124663547,0.2632873833,5.1534060977,1.2633471752,0.4909428327,0.2979888853,0.0025886367,0.0017175868,0.9413487644,0.0382465539,2.5021260268,0.5838952323,0.1658166283,0.4103811141,5.0155e-06,8.08536e-05,8.20955e-05,5.04528e-05,0.4287855741,0.1542975329,2.8417158181,0.4385886482,0.0954255259,0.2123520457,0.498795,0.0334310331,0.0460244272,0.004036224,0.3119413559,0.1721341199,2.8029823995,0.5201523047,0.0268599096,0.2330130664,0.4624519803,0.2809666142,0.015993816,0.0099843089,0.9602615583,0.0082487988,2.6286152536,0.2494358322,0.936265319,0.1217932937,-0.0008059377,0.0004858012,0.0003402949,0.0002130805,0.9406002786,0.0147104107,2.5888904703,0.2570488791,0.899851588,0.127577343,0.1403654565,0.0224296344,0.145400809,0.0203049956,0.9353791838,0.0160303483,2.8970180515,0.3880232867,1.0664633377,0.1491347616,1.6232581867828682,-3.254924402141568,-0.9524367003824604,0
424,119.38443653331996,4411,60,36.94786463031887,0.26705,0.0343881884,0.3503125419,4.8786668514,0.7211235052,0.2304,0.0374344761,0.4222068622,2.419993216,0.3124060022,0.50255,0.0400405732,0.3686561812,2.7304476332,0.1462704686,0.03735,0.0097328054,-0.0705747258,2.8102026926,0.0167503771,0.3903278689,0.0882287863,0.8374247617,1.9945916986,0.0927843814,0.1222131148,0.0908679667,0.8983493903,2.2489801493,0.6576890182,0.4874590164,0.0385986383,0.2599194717,2.228726088,-0.0849062636,0.0408196721,0.0124854121,0.2127709702,4.624094574,0.7861391888,0.4887217164,0.2966444422,0.0022540547,0.0013671355,0.9380424821,0.0403121918,2.6190114938,0.5351028139,0.1268200957,0.4034249969,3.8726e-06,5.4137e-05,5.92327e-05,3.57449e-05,0.2423158423,0.1202977946,2.9080423495,0.4772675938,0.0226599308,0.2584904317,0.50386,0.0250230574,0.0403845772,0.0028953283,0.1719982939,0.1176281479,2.9178219798,0.4324293975,-0.0813158415,0.2538195925,0.4335487073,0.2649615484,0.0258927519,0.0151575252,0.979631109,0.0059802473,2.2000071919,0.1382182354,0.6299004782,0.1212563405,-0.0006831438,0.0004009946,0.0003225517,0.0001892293,0.9632507319,0.0097005377,2.2253342387,0.1466219943,0.6178628524,0.1193449303,0.1683627884,0.0231892153,0.1534467466,0.0132785196,0.9507557746,0.0072461112,2.4736354421,0.2229731389,0.8208389665,0.1342322732,-0.8003694000102215,-2.3537823681198264,2.683072908693949,0
425,362.7338490935899,13300,36,36.66600189983492,0.2485,0.0281469359,-0.002627753,3.1491537866,-0.1124020772,0.2689,0.0331480014,-0.0328711086,3.1855933829,0.2386517141,0.4826,0.0388038658,-0.0235899854,3.0912763459,-0.1813300365,0.03545,0.0084880799,-0.1374034209,3.0697640083,0.0308967484,0.4010546875,0.0819862135,0.8531818792,2.036512622,0.066234799,0.0922265625,0.0608013177,0.9018466662,2.4531331605,0.6231690291,0.50671875,0.0388629277,0.2671359397,2.4741644644,-0.1017849486,0.04859375,0.0110385953,0.0649084216,3.1667846042,0.4365239303,0.4971088498,0.301943027,0.0008071429,0.000651953,0.942861376,0.0494028434,2.3117665486,0.4087085077,-0.2169857752,0.3868576794,-4.7315e-06,1.07364e-05,1.53211e-05,9.5757e-06,0.0974473518,0.1215645959,3.0284716163,0.5238507117,0.0555497278,0.2307152415,0.4923,0.0165341162,0.0364467731,0.0025769611,0.0503998054,0.1331014126,3.0442503711,0.6897223643,0.1577203305,0.2592688877,0.4624992268,0.3008246203,0.0158421009,0.0113408151,0.9607082377,0.0942062778,2.2950970645,0.1875242026,0.6585338799,0.2517236958,-0.0001844458,0.0001338463,7.98592e-05,5.65317e-05,0.8385448439,0.4067314577,2.3098167331,0.333539136,0.6456196938,0.3145420143,0.1880899845,0.0933577784,0.1360451287,0.0366683938,0.8374770658,0.3969267176,2.368110887,0.3960960382,0.7882394809,0.2210774359,12.84830272141644,25.57411803389413,-4.360698575349448,2
426,532.1547373449175,19960,68,37.507887460678326,0.25275,0.031877696,0.1273477379,3.9497165443,-0.5245027666,0.22265,0.0257629094,-0.0629706439,3.0630882286,0.2288660474,0.5246,0.0360186063,0.0958487662,4.121487021,0.1427263728,0.03785,0.0108916252,-0.0616558137,3.6388200632,0.5118514443,0.4086813187,0.0913267144,0.8421726474,1.9981617956,-0.1513309011,0.0994505495,0.0745589617,0.9087681037,2.6876067969,0.8298737104,0.4918681319,0.0417682536,0.2349736069,2.421821598,-0.1106666321,0.0433241758,0.012183098,0.1426650107,3.5205854663,0.5721234174,0.4971906995,0.3022085977,0.0006855371,0.0004241476,0.9447969392,0.0452048022,2.4627083551,0.5300981308,-0.2235506339,0.4319697666,-6.003e-07,9.3321e-06,1.55536e-05,9.3295e-06,0.076756036,0.1060476267,3.0471561812,0.3665760312,-0.1015650194,0.2243114101,0.50168,0.0142236194,0.0358127811,0.002232927,0.0752639794,0.1015139278,3.0227013446,0.4467321108,-0.0172406168,0.2331057874,0.4469577829,0.2849054013,0.025025816,0.0152608145,0.9935370828,0.0033077758,1.9733773593,0.124090876,0.4549394918,0.1204109787,-0.0002168979,0.0001300978,0.0001085559,6.52845e-05,0.9740052577,0.0059389664,2.0297490151,0.2101979831,0.4435118799,0.1784744645,0.1900885022,0.0253595889,0.1478845291,0.0094567782,0.9621449298,0.006200477,2.1792267496,0.1844999952,0.6150290918,0.1567157502,-4.394938580534026,0.09583136845253044,3.0914204084157912,0
427,635.4391807785956,23081,48,36.32290972633941,0.26455,0.0323503864,0.0752605846,3.2677206526,0.1995698589,0.24105,0.0291315551,0.1229686477,3.3215799535,-0.2779115827,0.4944,0.0387058135,-0.0134001818,2.7276621286,0.0219337779,0.03715,0.0115380891,-0.1869814142,2.6609533744,0.2702664466,0.4102766798,0.0991890165,0.856960877,2.2501398835,-0.2157261484,0.1001383399,0.0773440074,0.9207082576,2.8990666185,0.8931204258,0.4895849802,0.0437646158,0.2403758131,2.8273879208,-0.1365800595,0.0436363636,0.0133150551,0.3345138578,3.0816795277,0.3943341076,0.4993585292,0.303634791,0.0004511212,0.0003190834,0.9401276227,0.0324827343,2.3013161568,0.3760007957,0.0669783836,0.3077914555,-4.66e-07,6.3134e-06,9.8868e-06,6.0056e-06,0.0323196787,0.0858127341,2.8535587172,0.3356220306,0.0535202533,0.1870898341,0.494885,0.019372365,0.0367502729,0.0025914657,-0.0092084056,0.1026383804,2.8830166023,0.4322901728,0.0391631284,0.2327783445,0.4546706464,0.3053296504,0.0211469925,0.0134529301,0.9950937435,0.0028173895,2.0765819958,0.1828241593,0.5336320569,0.1452113242,-0.0001332097,8.11518e-05,5.90204e-05,3.70599e-05,0.9705710365,0.0069549386,2.2210240317,0.1984240707,0.5831211758,0.1432925486,0.1695501283,0.0181279032,0.1401623208,0.0064554754,0.9620895514,0.003384888,2.4848742985,0.1618919885,0.7867428208,0.1179781317,-4.695718945268942,0.02852976397681718,2.2022777377528238,0
428,747.9212164388003,27739,68,37.08813092918829,0.33965,0.0435388045,0.4681749229,2.5981170839,0.2354708797,0.31625,0.0496204343,0.4884763653,2.7793479081,0.3396452403,0.3441,0.0401583117,-0.1030035767,3.1994744732,0.1362661485,0.0329,0.0104446158,0.0738080683,3.0004605975,0.4467496897,0.5121308017,0.0884011509,0.8499970351,2.5112321796,-0.474564138,0.0866244726,0.0595552992,0.9005987527,2.8674212751,0.8810150558,0.4012447257,0.0425038001,0.3875440319,2.9768763162,-0.0175372747,0.0429535865,0.011433626,0.1525262458,2.8927204982,0.0024419485,0.4977059775,0.3024620459,0.0005104606,0.0003561178,0.9578990241,0.029668833,2.3355580164,0.486687261,-0.105631771,0.49368895,2.0094e-06,8.733e-06,1.15452e-05,7.6784e-06,0.3518382894,0.1786902469,3.1143912193,0.4868665998,-0.0113641908,0.315649973,0.5063625,0.0247095168,0.0413221365,0.0044527422,0.25964536,0.1616442125,2.9717782599,0.4844530109,-0.0331731344,0.2633249278,0.4498486106,0.3090809287,0.0223425518,0.0147750928,0.9956047484,0.0021670664,2.1018505961,0.123599032,0.5673831508,0.0981709963,-0.0001303475,8.50473e-05,5.34018e-05,3.69049e-05,0.9635227509,0.0185735927,2.5685421704,0.2842619474,0.7796039286,0.1256312458,0.159344814,0.024156669,0.1306657941,0.0105869116,0.9559291409,0.0122284286,2.8219777893,0.3936458621,0.8608971682,0.3270564264,-3.1416260391851982,-0.681927577681949,-1.0011796368605244,0
429,355.1700216184033,13534,72,38.10569354454416,0.2687,0.0436555838,0.4859545168,2.5836572804,0.2733180465,0.2157,0.0292491026,0.0808407236,2.8085316764,0.0292966046,0.5156,0.0401825833,0.3545990379,2.4763389574,-0.044683259,0.0423,0.0117987287,0.0769925244,3.0608741206,0.3423340322,0.4859574468,0.1573556018,0.9529248752,1.8691669299,-0.2726006003,0.1317021277,0.1055269281,0.9361396573,2.3180339806,0.7709084571,0.3823404255,0.0632527105,0.8213529165,2.171891456,-0.3122552121,0.0382978723,0.0098810261,-0.1877338555,3.2177194748,0.6597387105,0.4865535008,0.2966009533,0.0027658107,0.0024069497,0.9190746492,0.0485153647,2.4415574984,0.5294881036,0.1531105567,0.5175966653,5.8888e-06,5.8907e-05,7.57598e-05,4.9785e-05,0.2767841044,0.1953356612,2.7866728351,0.44908785,0.0721514269,0.2787777221,0.4974975,0.0258928198,0.0407094319,0.004159811,0.2122704156,0.150319268,2.9189435914,0.5808131973,0.0215505751,0.246526998,0.4454090209,0.2715543162,0.0259936316,0.0154607949,0.9718364586,0.0171066033,2.4341216418,0.2554189013,0.8007322145,0.1191323554,-0.0009262448,0.000555479,0.0003884665,0.0002303984,0.950802647,0.0281505997,2.483981855,0.3087886904,0.796005502,0.1342143232,0.141703349,0.0128387308,0.1422147069,0.0090867675,0.939618329,0.0133419335,2.8933662769,0.2565287438,1.0390553752,0.1137194634,2.171951309012754,-2.564595322081432,1.999363116448164,0
430,107.81900885151046,4040,32,37.47020161875104,0.1992,0.037952075,0.3047550954,2.7656873978,-0.1434679246,0.2916,0.0375158633,0.1947750085,2.7776723039,-0.0474383535,0.5092,0.039298346,0.1540997171,2.9116156679,0.0792867536,0.0346,0.012055704,0.0061903804,4.5590986465,0.7872907629,0.4370192308,0.0990059226,0.9050109072,1.7436630683,-0.1796355627,0.0863461538,0.0809743275,0.9078249644,1.808530235,0.664906723,0.4766346154,0.042896579,0.4107348065,2.4938632349,0.0882346091,0.0476923077,0.0134257767,0.2681064185,3.6383853831,-0.015657987,0.4966314043,0.301039163,0.0024257747,0.0018190778,0.9174971273,0.0516438454,2.5283756705,0.614654225,-0.1197951345,0.4817843605,-8.8996e-06,6.82729e-05,7.01634e-05,4.39645e-05,0.2630767056,0.1614008682,2.7759196133,0.362843087,0.0370654452,0.2290742927,0.503655,0.0314372585,0.0398475868,0.0052521023,0.2100085702,0.1386157676,2.8422774083,0.3135630199,0.0016206314,0.2437462451,0.4357427046,0.263922669,0.0260539921,0.016011141,0.9752387109,0.0065099279,2.3307954634,0.1758095027,0.7615104278,0.1150032272,-0.0008544335,0.0005322908,0.0003831163,0.0002350429,0.9570795958,0.0106561931,2.3911588664,0.2000517605,0.7666845317,0.1174868845,0.1509762832,0.0192377041,0.1492364308,0.0108411344,0.9467190108,0.0145511171,2.7828472576,0.3191984986,0.9875610073,0.1487404678,0.14174756326327143,-2.948382746203276,1.377118157857387,0
431,102.05728654446048,3779,40,37.028223343501374,0.23065,0.0422116986,0.5701751638,2.1901885828,0.0005838244,0.2711,0.0630895395,0.7410245503,2.3320752152,0.2392979016,0.49825,0.0437628553,0.3631926404,2.2981871144,0.0801338425,0.0404,0.0092649879,0.0972361844,2.4207735148,0.0432889678,0.5864492754,0.1952592135,0.9513967204,2.24392108,-0.7061639368,0.1034782609,0.115260588,0.9210047856,3.5953310356,1.3274184882,0.3100724638,0.0921344825,0.8862395397,1.6868184149,0.1651111179,0.0346376812,0.0098657231,0.1004048311,3.0972030841,0.5648892338,0.4953904532,0.3004568351,0.0034463783,0.0021753089,0.9296103142,0.0414077269,2.4190020551,0.49064983,-0.0806912515,0.4050678328,-1.55487e-05,9.58615e-05,0.0001245309,7.52616e-05,0.5217861977,0.1579696482,2.6946336661,0.3519671554,-0.0423785461,0.2817633975,0.4962375,0.0310704638,0.0498552277,0.0073663862,0.4104334099,0.1877288095,2.80204088,0.3321892999,-0.0767014196,0.2781817378,0.4479170002,0.2708534937,0.022642683,0.0137258577,0.9560411988,0.0184027643,2.2301351028,0.1661339617,0.6805504318,0.1069576277,-0.0013992981,0.0008792036,0.0006210938,0.0003775296,0.9380013563,0.030319722,2.2552699619,0.2272204406,0.6623391059,0.148306707,0.1420319152,0.0186176313,0.1436852541,0.0164333736,0.9141686711,0.028686115,2.670960421,0.3191863916,0.9446588819,0.146067989,5.7622204146104306,-4.155446098546566,-1.449950493354104,4
432,644.6392615662471,23571,42,36.56463607682031,0.25125,0.0303345925,-0.0431827065,2.9578816268,-0.4933598414,0.22745,0.0312769484,0.1327263365,4.1935811391,0.5636713455,0.5213,0.0356694547,0.0513921572,2.7777665706,0.2651521278,0.03395,0.0102541455,-0.0495168304,3.7849321191,0.6595471383,0.3865702479,0.0842014827,0.8654859784,1.9549501111,0.0128061324,0.1061363636,0.076145861,0.9105815211,2.4705446694,0.692472739,0.5072933884,0.0385936753,0.1141873656,3.0383063508,-0.2822921057,0.0425413223,0.0118552019,0.2944501978,2.796196695,0.2073212537,0.4959563084,0.302156808,0.0006233183,0.0004682054,0.9612687225,0.0225906173,2.3889152798,0.5993575179,0.0456356705,0.5335919747,2.1584e-06,9.2193e-06,1.04113e-05,6.3347e-06,0.0087772611,0.0871814707,3.2041313615,0.3940791372,-0.0314883633,0.2708701544,0.50226,0.0168463542,0.0351296134,0.0024141283,-0.0033741995,0.0991955744,3.0650806849,0.5146764878,-0.0498731163,0.2572479502,0.4573874478,0.3122624786,0.0202378387,0.0159867052,0.9852842016,0.0269744043,1.9708802264,0.1374907854,0.424771094,0.2071364449,-0.0001201439,9.81355e-05,5.9461e-05,4.12499e-05,0.8300745225,0.3849040214,2.0826026337,0.1010582213,0.4800770593,0.1489636977,0.2121658916,0.112197996,0.1297660566,0.0351531627,0.8115858623,0.4005894423,2.3226838421,0.134313001,0.7081349623,0.1171142863,5.726410805974028,21.04678415934103,-8.454822899362306,2
433,1013.0834769471952,36945,6,36.46787341881174,0.2403,0.0299901651,0.1242933747,2.1215463573,-0.0516988288,0.2725,0.0310362691,-0.0312085457,2.7145013047,-0.2719455891,0.4872,0.0330175711,-0.1401637535,3.0670630865,-0.0232175889,0.0382,0.0101616928,-0.0505793795,2.7742099143,0.1867308425,0.4028084416,0.0893336751,0.8697165617,2.1037531453,-0.0644411789,0.1123214286,0.0742651265,0.8952463692,2.3182667773,0.6644959468,0.4848701299,0.0385615887,0.2811428339,2.9025821253,-0.2329034649,0.0407142857,0.0121600337,0.1585376788,3.434360187,0.502518189,0.4990709839,0.3034840057,0.0003658436,0.0002742486,0.9318259067,0.0499402157,2.3342656842,0.4848148194,0.0714858329,0.4631290639,1.491e-07,3.4605e-06,7.9736e-06,4.8198e-06,0.0117642964,0.0976147562,2.8945560661,0.3033305286,0.021485388,0.2257263265,0.5011475,0.0123183854,0.0351687545,0.0025272181,0.0164105737,0.1010408068,2.9808149891,0.3426615594,-0.0607508645,0.2317800208,0.4550901956,0.3175299299,0.021562681,0.0135192908,0.9963396055,0.0019795867,2.0206900646,0.1280654627,0.4636429283,0.1487267268,-9.97979e-05,6.00535e-05,4.74924e-05,2.98281e-05,0.9718169116,0.0103165853,2.1150105724,0.1524799372,0.4934303656,0.1588978181,0.1902105447,0.0503770564,0.1357683617,0.0112355953,0.9594683287,0.0172022345,2.306306682,0.1482235502,0.6747032449,0.1822653826,-4.9775417908645645,1.115184527095298,2.231007373465969,0
434,516.6196462055756,18705,44,36.2065208657528,0.25935,0.0444390313,0.4564815416,2.4608961239,-0.0939792179,0.2552,0.0453426951,0.6118654339,2.9759394808,0.5007512358,0.48545,0.0386593779,0.0757474275,2.7633575401,-0.0649721742,0.03295,0.0094629541,-0.0495976016,4.7511645373,0.9182169588,0.4964193548,0.1076205323,0.8968835536,2.7966156562,-0.8211401878,0.082483871,0.0555830509,0.8671988171,3.1138050702,0.9228376728,0.4210967742,0.0620672657,0.6844049542,2.6761918457,0.4969306632,0.0353548387,0.010792914,0.039112877,2.9400292729,0.2971075046,0.4974210688,0.3021322175,0.0006280234,0.0004629145,0.9534137647,0.0456219151,2.3784703295,0.6428066648,-0.0475037743,0.4814725623,-1.8337e-06,1.19153e-05,1.45637e-05,8.6181e-06,0.3181783828,0.1611667347,2.8777298793,0.3077788651,-0.0324670763,0.1936529329,0.4953225,0.0276705867,0.0432563256,0.005132,0.2747927009,0.1427173025,2.9288257102,0.2891880433,0.0316791046,0.1670903854,0.4534572782,0.2977605259,0.0198714094,0.0128320005,0.9932766703,0.0028115837,2.2730483379,0.1707212999,0.6559086292,0.1144834294,-0.0001413685,8.98376e-05,6.64451e-05,4.38983e-05,0.9686188348,0.0090644539,2.4408917755,0.4117590954,0.737557122,0.1663241014,0.1713328943,0.0183777985,0.1497352236,0.0079608404,0.9665086898,0.0032358038,2.482752728,0.3456038053,0.8161280056,0.1390674978,-3.0003738124246797,-1.5450490073016072,-0.4549569087579802,0
435,739.9334746713209,27232,6,36.80330858405409,0.2551,0.0313845503,-0.0703225255,2.3627072533,0.0509325575,0.225,0.0272488532,0.1932972241,2.558446417,-0.0759924484,0.5199,0.0368712625,0.0443482618,2.1552158437,-0.117596432,0.03885,0.0102677894,0.1397427664,3.5652240072,0.6018395507,0.410045045,0.0941510084,0.8777766017,2.1145149964,-0.1481593957,0.1088963964,0.0764589219,0.9304376096,2.2947251117,0.6806945009,0.4810585586,0.0387429877,0.217798006,2.9468274402,-0.2545941865,0.042972973,0.0131925856,0.2226753057,2.8754790983,0.3954203649,0.4989782393,0.3037419448,0.0006170147,0.000476204,0.9496985808,0.0321424727,2.165184021,0.3076475978,-0.1270618108,0.3896397113,5.157e-07,7.1863e-06,1.20523e-05,7.4192e-06,0.0340953909,0.0893472811,2.9220792761,0.3999883892,-0.0541706154,0.2482827848,0.4978425,0.0172885097,0.0358604841,0.0025081484,0.0241855977,0.1003891956,2.9983592426,0.6204842884,0.0332505887,0.2208211316,0.4507889249,0.2965960308,0.0235255981,0.0149545432,0.9943853688,0.0027862968,2.0664076701,0.1136279786,0.5421719444,0.0945470195,-0.000160474,0.0001004261,7.70005e-05,4.94654e-05,0.9733718205,0.005772594,2.0988705069,0.1233212489,0.5126159772,0.0962826307,0.1761898018,0.0171402423,0.1442531137,0.0039083944,0.9622616599,0.0035237812,2.3306271209,0.1559479847,0.7255385716,0.0979769796,-4.8491998637209655,-0.04428001075498062,3.2531200117138903,0
436,112.99193179796411,4112,39,36.39197891892392,0.26705,0.0523550141,0.6779820052,2.4701909596,0.1948865186,0.2727,0.046127107,0.5445100562,4.1383426908,0.262681114,0.46025,0.044555443,0.397885724,3.2629153182,0.121958541,0.03645,0.0104951179,0.1390998894,2.415688478,0.3473667205,0.5181481481,0.1447516913,0.8856904366,2.2424437024,-0.5299668783,0.0874074074,0.0952761131,0.8980237466,3.4588313169,1.2038866395,0.3944444444,0.0655437843,0.6683280396,2.1943056602,0.0791445551,0.0425,0.011775288,0.074352548,3.1342638398,0.8719202329,0.4948073294,0.3003492713,0.0049741563,0.0037023957,0.9316540535,0.0406586509,2.3975201575,0.4496373725,-0.1087113923,0.4712229911,-4.90447e-05,0.0001833391,0.0001720666,0.0001156028,0.4564509622,0.1864563055,2.7551707797,0.401600002,0.0387378477,0.2561200372,0.494845,0.0396902819,0.0486300961,0.0107061316,0.3821961486,0.1732013431,2.8172371008,0.4660408133,0.0823200617,0.2563049713,0.4227173268,0.256062454,0.0287036944,0.0178862259,0.955563967,0.0123845978,2.3527134311,0.2025189861,0.7574586419,0.1387617997,-0.0017435849,0.0010699429,0.0007521424,0.0004715495,0.9389021254,0.0170310927,2.3502036804,0.2383849947,0.7391915487,0.1513920422,0.1447123839,0.0217120044,0.1461048333,0.0164006038,0.9191004178,0.0122150674,2.7490606236,0.371858002,0.9771231798,0.1833681532,7.456537747117276,-7.309026554187163,-3.534202346077504,4
437,207.75660940284777,7337,8,35.3153626307661,0.26225,0.0326142224,0.1523657921,3.1662612084,-0.1622171742,0.2454,0.0288762879,0.1551542209,2.4671599924,-0.1704102193,0.49235,0.0364585724,0.0672229049,2.5612603452,0.2254297704,0.03525,0.0105445484,0.0646853639,3.8465998766,0.6058772081,0.4352020202,0.0989717825,0.8662570909,2.1986161822,-0.2185744435,0.1105050505,0.0873617088,0.9466059768,2.1777765352,0.6704297237,0.4542929293,0.0362720508,0.1869448591,4.082698231,0.0243041783,0.0452525253,0.012316814,-0.0949324638,3.2368894846,0.5216476094,0.4974431265,0.3019199633,0.0016995001,0.001001057,0.9525565041,0.0269587798,2.3223573302,0.4060201596,-0.2587090386,0.4625131718,5.851e-06,3.28592e-05,3.79906e-05,2.27215e-05,0.1699580625,0.1485559959,2.9408940514,0.3892530557,0.0893461512,0.2030065087,0.5033075,0.0195186403,0.0373413534,0.0030608744,0.1413314455,0.1096611603,2.835317442,0.2889600207,0.0917862131,0.1879360854,0.4345533439,0.2634605635,0.0316407995,0.0191035626,0.9881014592,0.0036878759,2.0359050714,0.0762616922,0.516031116,0.0717809897,-0.0005974016,0.0003724218,0.0002737212,0.0001650411,0.9720453175,0.0036195095,2.0631410781,0.0810822961,0.509672779,0.0701234832,0.1660510446,0.0168934875,0.1439237045,0.0097684112,0.9554406701,0.0054299878,2.4194281905,0.1911755171,0.7772220567,0.1065335801,-2.817353453638947,-1.5001405025365222,3.6228738822874056,0
438,567.6309543534566,20305,25,35.77148117851997,0.25865,0.0339032078,0.1574278207,2.7698845307,-0.1477088707,0.22525,0.0291665476,0.0880887468,2.9484382543,-0.2990244895,0.5161,0.0397591499,0.1676556661,2.8123679607,0.3707516424,0.0397,0.0113758516,0.0255247588,5.8422827321,1.0318222161,0.4428863636,0.1072463638,0.8846997532,2.1351218292,-0.4578853877,0.0938181818,0.0747326364,0.9224919495,2.7074561124,0.8952548635,0.4632954545,0.0478722635,0.3421891577,2.4949942707,0.1538928602,0.04125,0.0106879818,0.1312409948,3.1453474704,0.198073943,0.4986413163,0.3032275459,0.0006101436,0.0004731859,0.9400358265,0.0463409066,2.4871922499,0.7789898343,0.1505150923,0.5334192441,1.1459e-06,6e-06,1.15755e-05,7.116e-06,0.0774828015,0.1195940913,3.0235875387,0.4046644471,0.0085532191,0.2351601009,0.50259,0.0155253712,0.0361783927,0.0027574719,0.0166268486,0.1409949471,2.9082948043,0.3745412728,0.072955246,0.2615491028,0.4563261486,0.3005840157,0.0211062548,0.0131351462,0.9944787214,0.0025172387,2.0739425766,0.1193088705,0.5387869164,0.1067772318,-0.0001493522,9.25848e-05,6.87247e-05,4.32099e-05,0.9707037602,0.008988986,2.186648695,0.1677956303,0.5913796824,0.1357782272,0.1669305931,0.0213022236,0.1402825584,0.0073668693,0.9609639301,0.0072550189,2.4394977984,0.1815985988,0.7970547468,0.1230122506,-4.336179304907455,-0.203852898235509,2.0958723993787394,0
439,368.0082571136,13176,44,35.80354447300545,0.25955,0.0278486535,0.0484684421,2.6680905808,0.0986588957,0.2503,0.031542194,0.0846999167,2.4848405753,0.2503710115,0.49015,0.0378843965,-0.0580578673,2.7393912751,-0.0038090006,0.0398,0.0103179455,-0.1511857335,3.3689747161,0.2516130749,0.4784722222,0.1052580786,0.901184123,1.954614343,-0.0368496722,0.0767013889,0.0593692634,0.9105780459,2.8841589366,0.8671455645,0.4448263889,0.0595043567,0.6221677138,2.7035700858,-0.3220490898,0.0415277778,0.0111846525,-0.0041030645,2.6398964932,-0.0351260303,0.4989497913,0.3030177861,0.0012385766,0.0008903481,0.9600832589,0.0355436803,2.2964558397,0.4706146537,0.1221798557,0.3603326751,-5.2996e-06,2.09727e-05,2.31214e-05,1.3881e-05,0.1303513645,0.1207623227,2.8154525613,0.3763256201,0.0924847186,0.2791528701,0.494045,0.018395121,0.0355388584,0.0026166852,0.0905868703,0.1056907588,2.8601248375,0.3951770998,0.0881675387,0.2419478735,0.4449859644,0.2813228366,0.023105159,0.0137839676,0.9901255248,0.0040637824,2.1905022403,0.22620545,0.625596986,0.1718724577,-0.0002913467,0.0001746485,0.0001341473,8.05558e-05,0.9670555667,0.0070892826,2.2275750254,0.2096711837,0.6042964902,0.181439508,0.1758272625,0.0436502642,0.1431642088,0.0110254861,0.9562703386,0.0117189924,2.4416456029,0.2880584907,0.7487117645,0.2510937533,-3.314434784442045,-0.4848075736458833,1.2880580569713083,0
440,760.077559509877,28050,27,36.90412859720205,0.2486,0.0321331604,0.1898052024,2.6608529376,0.164545323,0.28065,0.0315091653,0.0894295528,2.7404460705,-0.0714453985,0.47075,0.0353933256,0.080214256,2.9693229979,-0.1318368,0.0324,0.009681942,0.1274621772,2.5940822294,0.1170666902,0.4407037037,0.1152696725,0.8959408726,1.9191045977,-0.0465018368,0.0993703704,0.0853021419,0.9234679808,2.4876789407,0.8123320538,0.4599259259,0.0511460696,0.5445766762,2.658874297,-0.3272731695,0.0461111111,0.0134531652,0.3234146094,4.0295283358,0.641517289,0.4972685437,0.3022478396,0.0013807545,0.0008760739,0.9462035505,0.0352917808,2.5119630253,0.7034746907,-0.093871002,0.5584689666,-2.3366e-06,2.98581e-05,3.05358e-05,1.78545e-05,0.1031851807,0.1259620064,2.998573519,0.4078268235,0.0138617703,0.2067687491,0.501005,0.0216156419,0.0358975267,0.0027561891,0.0933816291,0.1270237368,2.9690300537,0.3780551166,0.0120931431,0.2019733998,0.4378262598,0.2741629606,0.0263064219,0.0156618067,0.9866492009,0.0078937077,2.4160758534,0.4275941642,0.7554226575,0.236472866,-0.0004172403,0.0002581509,0.0001893404,0.0001126974,0.9670466137,0.0142325436,2.3507464852,0.480771736,0.6915520188,0.2785122875,0.1626015275,0.0434432,0.1466129892,0.0139325382,0.9650211486,0.0056302613,2.5485448934,0.4318508095,0.8593190216,0.3232319224,-2.242241984883301,-0.5574952826166265,1.464410927462127,0
441,100.34679554281615,3673,49,36.603062211715546,0.2237,0.0341293129,0.1929244016,3.1882676584,0.1461471019,0.24145,0.0378569346,0.3518490756,3.7896464596,0.3479708589,0.53485,0.0383891586,0.0687631991,3.2030037087,0.055137817,0.0358,0.0109022933,0.270497356,2.9862718202,0.1305895326,0.3562068966,0.1005301051,0.8899852722,1.9329969525,0.0466138021,0.1162068966,0.1100482275,0.9428984238,2.2821638045,0.8531536292,0.5275862069,0.0523766316,0.5704649461,2.4314645633,-0.0443969729,0.0472413793,0.0151479034,0.6224423741,2.9867247282,0.5250948148,0.4936826856,0.2989824475,0.0033221133,0.0025214443,0.9416712138,0.0362742414,2.3799155454,0.5103937786,0.1495895648,0.4379259933,1.28029e-05,8.3641e-05,8.65683e-05,5.60798e-05,0.3649611355,0.2130827514,2.8768601545,0.4453958016,0.1248280679,0.3174527349,0.5057575,0.0235956261,0.0435800761,0.005539593,0.2771940945,0.1905799023,2.8062968648,0.4538866013,0.0639497913,0.2774614645,0.4324161583,0.2624271683,0.028821579,0.0181176484,0.9745401437,0.0108856523,2.0900842074,0.185647124,0.5905415181,0.1277321589,-0.0009993862,0.0006117922,0.0004846553,0.0003038395,0.9591234465,0.0171532219,2.1365436939,0.2203729043,0.5834952022,0.1412007703,0.164827703,0.0225266384,0.1531974403,0.015641822,0.9453396776,0.0128347548,2.4387374557,0.2769530546,0.8125436283,0.1425826983,1.1401068832411685,-2.6884734839956588,3.449746479901451,0
442,798.1834248197187,27934,60,34.99696827995307,0.24635,0.0312638369,0.0191502366,3.0248016129,0.2096891209,0.2781,0.0347834731,0.2445802257,2.5231442143,0.2575369881,0.47555,0.0372752934,0.0970666139,2.515090009,0.1145637937,0.03265,0.0095250984,-0.0655791275,2.3345439055,0.0796779413,0.4547303922,0.090737992,0.865084435,2.0989105052,-0.2998115309,0.0810784314,0.0639033716,0.9080661087,2.6912370042,0.7989410562,0.4641911765,0.0441361277,0.374444025,2.7171503735,0.1334282807,0.0445343137,0.0124520177,0.1790150964,4.0555490642,0.7250818007,0.497194114,0.3023485464,0.0008200049,0.0006168345,0.9360369438,0.0486120157,2.3526913648,0.5721975031,-0.1749855168,0.5094956618,1.759e-06,7.6343e-06,1.47288e-05,9.0784e-06,0.0391342841,0.0686915007,3.0055578954,0.3588524981,-0.0374578526,0.1880244204,0.503025,0.0147882428,0.0365490954,0.0030977214,0.0439303971,0.0566398271,2.9641366635,0.5160611238,-0.0967342107,0.2796692945,0.4435083225,0.2915556537,0.025953504,0.0165616903,0.9933312774,0.003768989,2.2017039501,0.204079524,0.6403857439,0.1254908513,-0.000187979,0.0001184257,8.731e-05,5.55779e-05,0.968585607,0.0118505839,2.1403211517,0.2821953336,0.5493756637,0.1894816085,0.1749490539,0.0152592419,0.1451451114,0.0061554304,0.9630658886,0.0056345032,2.220835504,0.1909711614,0.66397271,0.1471108564,-3.9439706509725947,-0.1416966892071007,2.2665489862854074,0
443,631.3058502220664,23939,64,37.91981333862071,0.27765,0.0317053229,0.1367089824,2.5065195503,0.2691652265,0.22555,0.0335476899,0.0312582484,2.9915802195,0.2193441924,0.4968,0.0341359049,-0.1086508029,3.288122073,0.5161062539,0.03795,0.0096719957,-0.0554996644,4.3308992819,0.6716271943,0.5052325581,0.1221724548,0.9214360536,2.117254044,-0.2794955156,0.0788953488,0.068096636,0.9023233242,4.0890487392,1.2955580486,0.415872093,0.0681277522,0.7567450838,2.0372890855,-0.2540094907,0.0452616279,0.0113770543,-0.0390822393,2.9182777928,0.0213110538,0.4928784552,0.2998312059,0.000988794,0.0007610508,0.9386412235,0.0531386222,2.6837039343,0.9109900257,0.0256104258,0.5833082942,-2.3702e-06,1.34498e-05,2.39107e-05,1.44981e-05,0.1365052514,0.1109147957,2.9303338939,0.3742756671,0.0426842027,0.2414168974,0.49587,0.0211390243,0.0379980401,0.0027674353,0.056827368,0.1101247421,3.0291611056,0.5359049053,0.0515400279,0.2505972777,0.4558102383,0.2870630244,0.0202259668,0.0121051163,0.9888341313,0.0069452749,2.2274108993,0.1604685399,0.6409176999,0.1238377381,-0.000316124,0.0001854335,0.0001223406,7.4083e-05,0.9549481272,0.0151432688,2.7826851435,0.2894430209,0.8682588592,0.1487395121,0.1557775834,0.0289497491,0.1315477328,0.0086547715,0.9473625803,0.0117735172,2.9913010575,0.3806983752,0.9828602096,0.1823933721,-2.4034184756094965,-0.7064286671989165,0.2350419793938999,0
444,897.1917355954299,32836,28,36.59864296254142,0.2612,0.0492652007,0.5936764732,2.6831382546,-0.1834843001,0.26495,0.0377126968,0.3093651974,3.083403196,0.1548300606,0.47385,0.0432888843,0.2917586175,2.8134404071,-0.295175187,0.0364,0.0103701495,0.0919873681,3.2040787449,0.5587201562,0.4373214286,0.0940194643,0.8372563297,2.334367109,-0.2457382919,0.0834090909,0.0665028672,0.9040498296,4.7712220449,1.3427709505,0.4792694805,0.0483799436,0.3530770718,2.6431378177,-0.1689719041,0.0406006494,0.0123351309,0.1405605991,2.9199432276,0.4586140418,0.4988723621,0.3034008862,0.0004566627,0.0003639413,0.9607115467,0.031237162,2.1280169508,0.3888650345,-0.0882462552,0.3939062444,4.687e-07,6.7416e-06,9.7979e-06,6.1808e-06,0.402973269,0.1894111749,2.8415149661,0.526435407,-0.0440118013,0.2566969879,0.50358,0.0215987523,0.0436289739,0.0054488652,0.3098969182,0.1465822581,2.8191724515,0.3860820171,0.000317816,0.2341373587,0.463952727,0.3256446357,0.0168700593,0.0102007005,0.9961791105,0.002014461,2.0438183884,0.1158091634,0.4782237776,0.1564809593,-8.94279e-05,5.13417e-05,3.36752e-05,1.89904e-05,0.9513489563,0.0148990938,2.8048851139,0.500932978,0.7077159913,0.1902026249,0.1829833869,0.0648597399,0.1157325687,0.0145514011,0.9367013869,0.0336454017,3.0512719481,0.5405756686,0.7851293786,0.2449335568,-3.2420563228606056,0.46739041987554164,-2.3132808834540444,0
445,440.4329084404589,16664,60,37.83550157277307,0.229,0.0288270706,-0.0473249543,2.5696412048,-0.159609802,0.29425,0.0340688641,-0.0018603499,2.867372143,-0.0040280207,0.47675,0.0340174588,0.0260174031,3.6187949381,-0.1971783805,0.03675,0.0123566784,-0.0219110155,3.2724112214,0.5972200577,0.4163768116,0.1073040875,0.9171443325,2.0633996029,-0.3078490466,0.0828019324,0.0734805794,0.9217582148,3.0716618066,1.0355922702,0.500821256,0.0488075381,0.5867074489,2.6965108992,-0.2459446691,0.0459903382,0.0128765939,0.2180646061,4.485469902,0.5169198633,0.4968814777,0.3021463735,0.0007351912,0.0004543882,0.9510660711,0.0215024741,2.209489341,0.3831946606,-0.1001201139,0.3941467264,-1.0866e-06,8.6844e-06,1.6109e-05,9.5923e-06,0.0246652029,0.0998801762,2.8804898637,0.4290565009,0.0078509345,0.2019959087,0.5004575,0.0162889171,0.0364746165,0.0022971132,0.0163231983,0.1136259153,3.0811195125,0.4492527731,0.0080944733,0.2460009103,0.4546287278,0.2924556524,0.0213654156,0.0131412316,0.9923128506,0.0035576769,2.1440671994,0.1318955167,0.5969681936,0.1273289993,-0.0001946551,0.0001170827,9.0092e-05,5.49705e-05,0.9674646308,0.0100834824,2.1836364452,0.1517901632,0.5837005096,0.1229221446,0.1774760829,0.0240978617,0.1427262714,0.010614053,0.9586855486,0.0101929988,2.3454203915,0.2089832227,0.7334997818,0.1716799272,-4.182536587187226,0.07177198411986364,2.2769046203353587,0
446,165.81700351991262,6096,32,36.76341913432264,0.24035,0.0382443133,0.1322237132,2.6803533013,-0.045400064,0.2414,0.0419647471,0.2944170406,2.8416940238,0.3812960567,0.51825,0.0379036608,0.2132807314,3.567715145,0.3982450418,0.04125,0.011388042,0.009574597,2.7200522572,0.2999341466,0.3906923077,0.1225557233,0.8945348708,1.9241287442,-0.1581238677,0.0983076923,0.0864748826,0.8935088855,2.6584863788,0.9560685558,0.511,0.057553988,0.5579482363,2.5479520516,-0.4363211896,0.0466153846,0.0092031639,-0.0899982472,2.8310975385,0.2599537441,0.4828751234,0.2937121019,0.0038921855,0.002860438,0.9317309382,0.0560690039,2.198847338,0.3055511486,-0.0303091184,0.3412121674,3.33273e-05,9.25231e-05,0.0001020219,6.25616e-05,0.3146591797,0.1933405685,2.9804329854,0.4567034234,-0.0698263561,0.3142681943,0.5075625,0.0278481816,0.041909855,0.0046517659,0.2183277026,0.2052293295,2.9470528476,0.4380047451,-0.0541260229,0.2407491174,0.4328305552,0.2626569032,0.0281117769,0.0173242499,0.9694869672,0.008839906,2.6401361262,0.2430238782,0.879164451,0.1225236806,-0.0010762195,0.0006530619,0.0004448072,0.0002736232,0.9479190861,0.0096872978,2.676978803,0.2871260048,0.8561730813,0.1373315358,0.1434130808,0.0150724373,0.1433739991,0.010077062,0.9416487653,0.0122366446,2.961018895,0.3575535377,1.0407495645,0.1504062564,2.00226074641224,-4.003696475897255,3.158937072333826,0
447,534.8257269854407,19524,28,36.50534934070494,0.24075,0.0319716671,0.1173657436,3.5411443009,-0.3486454002,0.27365,0.0349846752,0.0178164266,3.0684850714,0.4656987232,0.4856,0.0330324083,-0.1417669812,2.4974101018,0.0878321333,0.03245,0.0100621817,0.0177893949,2.7395731746,0.2869877774,0.422450495,0.0900402002,0.8659485651,2.1501444122,-0.3148754857,0.0920049505,0.0714095355,0.9213695541,2.9419882636,0.8937684898,0.4855445545,0.0381788456,0.3515536259,2.9136209256,0.0491889097,0.0440594059,0.0133259382,0.4145013844,2.8229488431,0.2413903258,0.4985104816,0.3025892817,0.0007320743,0.0005101166,0.9460209043,0.0400405808,2.3797835101,0.6364218221,-0.286616808,0.2877908684,1.0605e-06,9.6562e-06,1.42439e-05,8.7314e-06,0.087317107,0.0929078576,2.7991206106,0.3689316605,-0.0615434216,0.1894043604,0.501175,0.0249511899,0.0367518399,0.0027676281,0.096641241,0.1066445542,2.7477963144,0.29620849,-0.0298566201,0.1667278319,0.4509628309,0.2981051354,0.0218319793,0.0136864235,0.9927596736,0.0030966525,2.2927154834,0.1452666087,0.7077249866,0.1314116199,-0.000178682,0.0001063276,8.27675e-05,5.16359e-05,0.9722215177,0.0101586491,2.1869711849,0.1946683866,0.6507117266,0.1346112764,0.1644786474,0.0252562045,0.1459091295,0.0074939149,0.9659284993,0.0074654053,2.4327447286,0.2114703491,0.8207536332,0.1531738583,-4.156504339976267,-0.2552817723494644,2.200620200203146,0
448,456.8310384219119,16633,51,36.40952256102701,0.24565,0.0310777654,-0.1230086426,2.6463879471,0.296597908,0.24595,0.0378793809,0.1745414842,3.0197670235,-0.018931026,0.5084,0.0391080554,0.0229774395,3.2105692186,-0.2910231641,0.03595,0.0100422856,-0.0938451391,2.7914379039,0.2942289507,0.4160126582,0.0981152978,0.8619142468,2.2271832993,-0.2649696751,0.0791139241,0.0774450649,0.9219051232,3.124884368,1.1167786829,0.5048734177,0.0452790785,0.368705739,3.2003062146,-0.4518550326,0.0471940928,0.0140612091,0.2943694211,2.959406944,0.3138696953,0.497293185,0.30285924,0.0006402826,0.0004221802,0.9530612182,0.0299161107,2.4038762477,0.4526671077,0.2259834768,0.2963725797,8.074e-07,9.1208e-06,1.33569e-05,7.928e-06,0.0918959097,0.1067082325,2.7928545759,0.3104834619,-0.0224240407,0.251983994,0.5012425,0.0165894641,0.0353426789,0.0021397256,0.0394972102,0.1092604124,2.9049334332,0.3464667573,-0.1243824301,0.20207138,0.4593444711,0.2992123707,0.0186520055,0.011389908,0.9927453351,0.0038605995,2.1783660806,0.1573108298,0.619795803,0.1361898127,-0.0001643506,9.81889e-05,6.98634e-05,4.24287e-05,0.9664916397,0.0076229295,2.3710931298,0.1883054559,0.6828867203,0.1162049173,0.1666012507,0.0281849227,0.136864427,0.0062532441,0.9591377799,0.0092532074,2.5880945591,0.2343559372,0.8423047674,0.1467670236,-4.288963820688324,-0.00932180950203126,1.8929063457297342,0
449,533.0774045518098,19813,36,37.16721029783279,0.24645,0.0325291792,0.1547643465,2.5701059535,0.1372070851,0.26865,0.0337257691,0.1325090514,2.7144153055,0.1073442517,0.4849,0.0310079022,0.0509387829,2.7881268733,0.1396484074,0.0362,0.0100029996,0.2799923135,3.1045972856,0.2003756349,0.4623604061,0.1008511345,0.8785132976,2.1286639463,-0.2130042758,0.0820050761,0.0623374229,0.9003717478,3.2130733718,0.9426478368,0.4556345178,0.0523869673,0.4895537701,2.5922286292,-0.1438973179,0.0409898477,0.0114732042,0.2051515758,3.6418927739,0.535850543,0.4965221284,0.3014660029,0.0006701286,0.0004905301,0.9279707389,0.0750466145,2.2307452585,0.3913176468,-0.0006362278,0.3373152881,6.976e-07,8.4056e-06,1.6012e-05,9.5163e-06,0.1435500792,0.1498555014,2.8810931925,0.2970408616,-0.000209157,0.2247260981,0.5047725,0.0189748878,0.0376296868,0.002438452,0.1102588203,0.1425729849,2.7900394297,0.2417448082,-0.0168407763,0.1844549241,0.4599955308,0.3027646284,0.017325697,0.0122931856,0.9880625516,0.0131310652,2.1602516401,0.157877857,0.5825391653,0.2015042038,-0.0001937261,0.000139501,7.71461e-05,4.97424e-05,0.8730911864,0.2707679189,2.8106402219,0.2622857053,0.874497532,0.0826666475,0.1743835154,0.1016760964,0.1223864178,0.0296046546,0.8770579935,0.2311291955,3.0478348771,0.4087427009,1.0185707375,0.2151096885,2.5830185902498854,11.852665216223393,-7.207718806746176,2
450,428.4840023465713,16243,49,37.908066371313794,0.24255,0.0304507389,0.1273608256,2.6704863358,-0.1087740159,0.25355,0.0287427817,-0.1051525877,3.3270902505,0.2229044851,0.5039,0.0387077512,-0.0289208534,2.9862725884,-0.1980209598,0.03745,0.0103560369,0.0320245917,3.0252155539,0.4328733855,0.4182170543,0.0957584948,0.891866345,1.967200602,-0.2809266728,0.0785077519,0.0661877317,0.9068571412,2.7171816698,0.889005029,0.5032751938,0.0441437689,0.5028563899,2.729014536,-0.1347493128,0.0463953488,0.0126211454,0.1288632116,2.9049874095,0.0617164467,0.4998518058,0.3031908649,0.0007233848,0.0005571532,0.9489729209,0.0336226332,2.3672006063,0.5940333861,0.0509472451,0.4287665418,-4.35e-08,9.7193e-06,1.40508e-05,8.7251e-06,0.0181273846,0.0921831763,2.8215429449,0.3362325374,-0.0543082179,0.2353727261,0.5014875,0.015016981,0.0356590178,0.002024741,0.0029510389,0.0970830608,3.0127967261,0.426777308,-0.0452581121,0.259030656,0.4516641668,0.3005882789,0.0241440176,0.0146417001,0.9941030111,0.002778987,2.1196305257,0.1571327965,0.5751558068,0.1454287374,-0.0001668471,0.000100705,7.88842e-05,4.78587e-05,0.9696113103,0.0118419483,2.1642065911,0.1556426499,0.5709376006,0.1366112713,0.1851107177,0.0369669796,0.1424562756,0.0139736095,0.9616947202,0.018272452,2.3217805876,0.1531611564,0.7128576861,0.1778782679,-4.345262551088477,0.43642213458593226,2.1982836014436566,0
451,126.3537911142426,4873,64,38.56631413294188,0.22135,0.0421417548,0.3706048221,2.1128611164,0.1276883178,0.27415,0.0386138252,0.4190983755,3.0567140838,-0.041920037,0.5045,0.0413188819,0.226792271,2.7781234582,0.0916267054,0.04115,0.0097430745,0.0887775835,4.2964163194,0.5430176392,0.4197169811,0.1298889769,0.9614839607,1.9802842005,0.178847122,0.1126415094,0.0767475878,0.9278731672,2.0368432719,0.2577162109,0.4676415094,0.0618321204,0.7584569837,2.9016672754,-0.3291529795,0.0388679245,0.0117216744,0.2341180511,4.4779190229,0.6860328515,0.4978518329,0.3024977216,0.0026371111,0.0018300409,0.9237152288,0.0483619095,2.2587657646,0.3893688959,-0.0262485825,0.291377208,-9.551e-07,8.09408e-05,7.83729e-05,4.89228e-05,0.2924969227,0.1684444286,2.77365354,0.3218446921,-0.0843251403,0.2030380529,0.5014275,0.0279738158,0.0433629736,0.0058730652,0.2323344854,0.1590687797,2.7777072957,0.4814553211,-0.082565477,0.217220369,0.4461105611,0.2697560828,0.0234311064,0.0139151395,0.9707463926,0.016599974,2.1217546025,0.1400289285,0.6007080365,0.1145293429,-0.0009000379,0.0005682599,0.0004209949,0.0002495049,0.9516753605,0.0218725748,2.1862902553,0.1784828741,0.6092730637,0.1236544335,0.1631675999,0.0238208175,0.1492977674,0.0143533694,0.9378120265,0.0163577133,2.5454520525,0.3559997763,0.8471479382,0.1844975742,1.5465083198583938,-1.680354426773544,2.5036548469748,0
452,424.8890704517655,14646,12,34.47017355477646,0.2424,0.0363282259,0.0426112218,2.7978469354,0.3125856517,0.2888,0.0377234675,0.006108852,2.7252365826,-0.0802912553,0.4688,0.0391862221,-0.1199703846,2.3871373676,-0.1263487259,0.034,0.0102469508,0.0291774642,2.6859863946,0.3819951714,0.3876896552,0.0971632481,0.888662878,1.9827413847,0.0328108117,0.1055172414,0.0791957943,0.912356708,2.6456047322,0.7571472305,0.5067931034,0.0433656302,0.40457366,3.6616497217,-0.3414926857,0.0445862069,0.0109937827,0.0657909703,3.1465942652,0.3659958212,0.5015403108,0.3045256218,0.0010588177,0.0008836325,0.9268930481,0.0658510685,2.4587959981,0.6482055824,-0.0549052169,0.5080946976,2.98e-07,1.49017e-05,2.19688e-05,1.33287e-05,0.0425762013,0.1581285227,2.8952300851,0.2750956689,0.0058343273,0.2645854929,0.49979,0.0172819385,0.0359250924,0.0025056415,0.0176485192,0.1479443593,2.9389166581,0.3249278079,0.0956671777,0.2026804756,0.4501633677,0.2898235951,0.0198848944,0.0116264731,0.9899333333,0.0037032361,2.3400697625,0.1941737721,0.7148073224,0.1590031496,-0.0002323909,0.0001319927,9.97211e-05,5.79737e-05,0.9614728833,0.0074865542,2.3746155766,0.1846043934,0.6903981743,0.1643632408,0.1694599424,0.0459285445,0.1373802128,0.009688821,0.9560456561,0.0124582118,2.5506228606,0.2978165799,0.8281647732,0.2492277212,-3.658957196751582,-0.10704719043171806,1.5072010020274063,0
453,623.066693594745,23374,34,37.51444306089473,0.2636,0.0300589421,0.1194982224,2.6719585817,0.3045021165,0.22125,0.0337814668,0.2407739603,2.3260656004,0.1257385101,0.51515,0.03809498,0.1303318923,2.9925508563,-0.3100654099,0.0391,0.010059324,-0.0765539513,2.7433939031,0.3501728558,0.4591703057,0.1115461476,0.9080823431,2.2011435665,-0.514828654,0.0968777293,0.0694894851,0.9154319098,2.344491995,0.6999079514,0.4439519651,0.0526833862,0.6366807525,2.6300573111,0.4656018653,0.0435371179,0.0111039028,0.087789337,4.3043380701,0.4401822627,0.4945541467,0.3006957768,0.0006359618,0.0004097582,0.9479370371,0.0374760521,2.2649627284,0.3555398212,0.0520844744,0.3312167904,-4.204e-07,1.0648e-05,1.32343e-05,7.6835e-06,0.1834062865,0.1937925016,2.845704132,0.4717702034,0.0256396214,0.2596840016,0.49654,0.0226268789,0.0387205113,0.0032824916,0.1369332186,0.1782023516,2.9146201166,0.4790114288,0.0145045421,0.172766597,0.456322941,0.3126244656,0.0193591639,0.0151276657,0.9559342374,0.1029638657,2.1007111399,0.1962027494,0.4869755296,0.2818283525,-0.0001220084,9.71636e-05,5.90443e-05,3.82324e-05,0.7987027634,0.4550365985,2.3868525281,0.3314030321,0.7336203668,0.2811672993,0.2027545756,0.1105755574,0.1310297749,0.0243487519,0.7747311747,0.5028967946,2.5672271616,0.2335894772,0.8858841887,0.1756802767,15.877005502857417,29.439655706054662,-6.794443452428311,2
454,972.7095294901768,36235,12,37.25161407536712,0.2591,0.0312200256,0.2263394658,3.3973026216,-0.6213507462,0.23915,0.0298165642,0.2465846789,2.9832430523,0.2762922348,0.50175,0.0333119723,0.0455057352,2.6376355382,-0.0486250776,0.04095,0.0107632477,-0.0688000166,3.2584323192,0.4031831999,0.4189632107,0.0671076756,0.7304571251,2.6875179889,-0.330897764,0.0872073579,0.0567837282,0.891541369,2.7782043976,0.7428419909,0.4938294314,0.0361453911,-0.0366251211,2.822128588,0.0865302147,0.0442307692,0.0123660822,0.1810271074,2.7611266448,0.2920877435,0.5002829127,0.3032921595,0.0004610543,0.0003527143,0.9593709949,0.0245156631,2.2950516624,0.4968271395,-0.1371020232,0.5312002286,8.677e-07,6.593e-06,8.2139e-06,5.1372e-06,0.1187280637,0.135961979,3.2693061601,0.6723574467,-0.0222898197,0.2841213982,0.506805,0.0203057375,0.0372182734,0.0029101767,0.0446499365,0.1201319347,2.9988347207,0.3547523511,0.0098236168,0.2137908977,0.4602016078,0.3294040528,0.0191057352,0.0121275075,0.9963755496,0.0019206605,2.059152107,0.1034489066,0.5232698078,0.1255816937,-9.52572e-05,6.05289e-05,3.45682e-05,2.31134e-05,0.9594512328,0.0048715703,2.4062624894,0.1942620108,0.6264036031,0.1396280913,0.1680537889,0.0284638172,0.1251935243,0.0104359207,0.9531068649,0.0126736807,2.5331450766,0.2679606948,0.749670051,0.1683421134,-4.93716767875101,0.73438044967928,0.9970823408067047,0
455,129.89075034882637,4647,16,35.77621953464978,0.29,0.0492544414,0.4434801016,2.5533448781,0.3610305442,0.27775,0.0639506646,0.7048725384,3.1811289145,0.6968886682,0.43225,0.0602510373,0.643331902,2.2323067281,0.1785073898,0.0332,0.0089308454,0.0999853327,2.8582216056,0.0232141478,0.6514,0.140836927,0.9218651261,3.0246955813,-0.9611595017,0.0682,0.0627834373,0.8822396367,4.0746665046,1.3727578887,0.2804,0.0831414858,0.8341530639,2.683806541,0.6454577209,0.0343333333,0.0100774776,0.1285970389,2.8451584638,0.4267447401,0.4841643342,0.2943379515,0.0039570408,0.0027843918,0.929535835,0.043963197,2.453335146,0.6921723805,0.1062328813,0.4569122657,-4.56412e-05,0.0001178498,0.0001535946,0.0001000983,0.550988306,0.1740976167,2.8247918383,0.4944081578,0.0512775355,0.2497755811,0.4870475,0.0269528546,0.053951538,0.011044022,0.4726810799,0.1959303747,2.8399566577,0.4785468103,-0.0533948265,0.256936111,0.4567382286,0.277148251,0.0187696033,0.0111711144,0.9406192468,0.0369261987,2.452108253,0.3254879648,0.8032919463,0.1751510961,-0.001379197,0.000843144,0.0005771648,0.0003444945,0.9248435824,0.0283453196,2.4143896785,0.3938917577,0.769913862,0.1969673242,0.1361734746,0.0165784973,0.1430868881,0.0176476815,0.9109827988,0.028249822,2.8348216934,0.6460195632,1.0120257266,0.2644412528,10.191870512888341,-4.615527402783492,-4.911036979897244,4
456,124.9930234070084,4551,9,36.41003214380063,0.27375,0.0337370345,0.2231990334,2.6398629527,0.3549280202,0.22485,0.0427519298,0.3202288651,2.7233615012,0.1275770914,0.5014,0.0452773674,0.4312871015,2.4954505026,-0.0841723457,0.03805,0.0106746194,0.0285267939,3.0079706332,0.4770498326,0.4064285714,0.1038319607,0.8431298253,1.8879982855,-0.0612588608,0.1115584416,0.0881308787,0.916744586,2.2038845668,0.6591824928,0.482012987,0.0418039623,0.1915187388,2.3367469698,0.074641143,0.042987013,0.0115730245,0.2647830374,2.1525182867,-0.1903370636,0.4906707205,0.298631088,0.001780132,0.0012206227,0.9332368697,0.0461548791,2.3433931312,0.595087362,-0.116973386,0.374111445,6.814e-07,3.51395e-05,4.4878e-05,2.75742e-05,0.2207486745,0.1522490801,2.875601164,0.369777051,0.0130992181,0.158738781,0.4998175,0.0254661063,0.0386812795,0.0019912906,0.1328509934,0.1427155616,2.9502696491,0.4444727725,-0.0824997083,0.2136474001,0.4538754481,0.2754016335,0.0187011447,0.0114417047,0.97834834,0.0053255019,2.3831761611,0.1756501597,0.7659546541,0.1040464077,-0.0005331479,0.0003262947,0.0002272762,0.0001367394,0.9576295506,0.0056848925,2.4204326769,0.1290997246,0.7606514375,0.0874643263,0.1538595389,0.018314188,0.1479105449,0.0153681564,0.9542922123,0.0090758241,2.6358777585,0.2615884667,0.9271934386,0.1181728111,-1.5090281399631158,-2.1082422456792984,1.8937266472999041,0
457,110.26036045499688,4098,34,37.16657539563016,0.2391,0.0430951273,0.4288189046,4.1772162113,0.9276799298,0.23385,0.0461077813,0.4108665086,3.2431530713,-0.4314374875,0.52705,0.0405406894,0.0836428129,4.4891303227,-0.1932699413,0.0397,0.0122437739,0.2545769559,2.5222246816,0.539343686,0.4715217391,0.1190947265,0.8878002598,1.8818714123,-0.2150824198,0.0883695652,0.0809391502,0.8856587655,3.1054542897,1.1294665753,0.4401086957,0.058676426,0.7108162991,2.5007134064,-0.104813831,0.0386956522,0.0119070121,0.5064968661,3.301448,-0.0756952574,0.4842752508,0.2943627427,0.0039220652,0.0030410414,0.91310403,0.0602267427,2.6211290148,0.5612283498,-0.1095004671,0.4773617131,1.1595e-05,9.97271e-05,0.000131389,8.83052e-05,0.4062747127,0.1966814958,3.0110872584,0.5905592447,-0.0892562977,0.2819671997,0.5054525,0.0286977241,0.0458728516,0.0076912194,0.3227170538,0.2110716201,3.1389675541,0.8544641953,-0.0709440947,0.3307761448,0.4307195684,0.261124843,0.0255147094,0.0157417518,0.9606383363,0.0104649497,2.2405744195,0.1628264072,0.7023988268,0.1033317057,-0.0013793472,0.000851455,0.0006184285,0.0003786844,0.9476245719,0.0144705242,2.2772127647,0.1851278903,0.7009604519,0.1119494282,0.1522523924,0.0203809484,0.150938162,0.0189361221,0.9327516846,0.0152239021,2.6427141128,0.3917427196,0.9259751396,0.1643412544,4.2600692296446985,-4.989822785439686,1.4576597367784143,4
458,358.8900879472073,13537,24,37.7190690259222,0.24745,0.0313886524,0.0126388359,2.5863444906,-0.0185129928,0.27075,0.031123745,0.0616589066,2.6551561132,0.02632845,0.4818,0.029677601,-0.0452236679,2.5011138078,0.1150802238,0.0307,0.0107707938,-0.0714742772,2.8497828418,0.4910174317,0.3792987805,0.0901740985,0.8837833913,2.030197565,-0.0716084272,0.0875304878,0.0656823865,0.8903280975,2.4096810257,0.7491258855,0.5331707317,0.0433822502,0.4618018239,2.4861508821,-0.2130830309,0.0486585366,0.0130208271,0.1615747952,3.338712627,0.5249206092,0.4980584082,0.3033258385,0.0008785537,0.0006019562,0.9518854582,0.0305191908,2.5326624479,1.0877597847,0.1346348208,0.6479902003,-1.3304e-06,1.02948e-05,1.63165e-05,9.57e-06,0.0979974234,0.1198728429,2.8503420146,0.3402363907,0.0458425355,0.2643819993,0.498025,0.0178939201,0.0356993014,0.0031091612,0.0852347929,0.1044624777,2.907817832,0.3875698559,0.0107763587,0.2527166154,0.4595803868,0.2924999055,0.0174269283,0.0106192235,0.9903119281,0.0042014775,2.2736613186,0.130197596,0.6870122263,0.1075303299,-0.0002058725,0.0001236867,8.91458e-05,5.41088e-05,0.9672535686,0.0072525571,2.32227123,0.137931055,0.6715705677,0.1145883388,0.1596353785,0.0218815856,0.1415078524,0.0065664162,0.9602717187,0.0095704184,2.5105207996,0.2106949086,0.8433275018,0.1484193442,-4.303799421582663,-0.023832875721698454,2.317660348351621,0
459,228.0961915251893,8419,49,36.909866594902205,0.25685,0.037199832,0.2807176544,3.0176191994,0.322169223,0.2277,0.042658059,0.6650683948,2.6104954013,0.2068676927,0.51545,0.0391158216,0.3781377642,3.1023718202,-0.0152785219,0.03955,0.0098003826,-0.2397438727,2.6408669776,0.5003762064,0.396641791,0.1048982736,0.8882439736,1.9388271629,0.0233786018,0.0970895522,0.0807273338,0.9342901669,2.7276050691,0.8607336428,0.5062686567,0.050577584,0.4698696407,2.5514511225,-0.1550509912,0.045261194,0.0108124645,0.0430970363,2.9913248177,0.3356059311,0.4979402625,0.3013321464,0.0011603023,0.0007174615,0.9409157748,0.0332641051,2.3928385879,0.5800179614,-0.0262948056,0.4835637763,-4.9423e-06,2.77617e-05,2.98687e-05,1.8394e-05,0.1501649638,0.1131581711,2.9667633666,0.4069933742,-0.000897331,0.2277585443,0.4964425,0.0263397574,0.0368668908,0.0036682747,0.1050803597,0.1165072946,2.8894062877,0.520923358,-0.0057774508,0.2124465885,0.4486175036,0.2796566794,0.0232432624,0.0138650757,0.9883578439,0.0036305332,2.1927249134,0.1709383608,0.6201183914,0.1498997192,-0.0003579149,0.000213622,0.0001545161,9.16344e-05,0.9632779085,0.009278591,2.2532405032,0.2114658874,0.6176412739,0.167001206,0.1681835267,0.0277931232,0.13999091,0.0094505107,0.9534270866,0.0134036313,2.4836268936,0.3068040659,0.7943813334,0.2113851252,-2.788375889722381,-0.9796494336471346,1.2441074133405683,0
460,214.46231263427404,7939,33,37.01815905314097,0.2718,0.0390161505,0.3521630086,2.3143979685,0.0529351699,0.20365,0.0323408024,0.2039543341,2.739756302,0.2471378077,0.52455,0.0360838953,0.1443540019,2.8154728626,0.2775816856,0.0375,0.0117153745,0.1625523987,2.515004927,0.1352666491,0.5425287356,0.1395824511,0.9315018236,1.9831137628,-0.4233022261,0.1092528736,0.0895471645,0.9236238191,2.5873717684,0.8721009677,0.3482183908,0.058516021,0.7705488488,2.1312806805,-0.2647976883,0.0322413793,0.010470501,0.1610575022,2.9660580601,0.4782464555,0.4968084758,0.3010848577,0.0018910722,0.0015253172,0.9436769026,0.0388813,2.2931203865,0.5198738565,-0.0059812339,0.4490059118,4.1112e-06,3.0822e-05,5.40584e-05,3.66439e-05,0.4228569444,0.1608124291,2.7079092724,0.3014519042,-0.1198316832,0.2187832988,0.506495,0.017626329,0.0447908877,0.006515664,0.3377401688,0.1725292216,2.8534309934,0.3646086693,-0.0194117329,0.2183588523,0.4478578214,0.2715511112,0.0211998554,0.0129906854,0.9808198297,0.0063325959,2.2223756956,0.152748484,0.6551904927,0.1174610004,-0.0005769468,0.0003604486,0.0002433495,0.0001477444,0.9546147412,0.0112774768,2.5318677694,0.3670307528,0.7619247058,0.1937314564,0.1540254504,0.028778871,0.1455868604,0.0128675692,0.9486681378,0.0103230692,2.8021515537,0.5622684824,0.9442468551,0.2767771747,-0.6230554094358244,-2.2889753375384263,0.3468050929113867,0
461,927.8985757487244,34537,54,37.22066279941424,0.259,0.0308868904,-0.0094732201,2.6465659323,0.1309301487,0.26545,0.0318755,-0.0633125639,2.8254710071,-0.0186187309,0.47555,0.0376224335,-0.1427696881,2.6050632036,0.0390703187,0.0372,0.0106611444,0.0515933232,3.2018544802,0.3211862099,0.4317961165,0.1075924853,0.9030754314,2.0602232124,-0.0908916768,0.0865210356,0.0688317943,0.9213539043,2.4100403939,0.7781664843,0.4816828479,0.0537200257,0.5889638611,2.9423690047,-0.5319474049,0.0460355987,0.0109083574,0.0650978963,2.9273550796,0.3176987504,0.4965514521,0.3022423925,0.0006726036,0.0006349621,0.946367177,0.0328335214,2.4575167793,0.6951465843,-0.0733548597,0.4941450692,2.2247e-06,8.268e-06,1.25948e-05,7.9753e-06,0.0298150474,0.1315016502,3.0200615738,0.5628198172,0.016389693,0.2624832605,0.5042875,0.01696063,0.0350941012,0.002223946,0.0197860949,0.1099706044,2.9576176443,0.7535537152,-0.0702584493,0.313055549,0.4448774728,0.2973548758,0.0250760888,0.0163834235,0.9944195066,0.003011724,2.1692300353,0.208010484,0.6054519045,0.1421644055,-0.0001593083,0.0001009983,7.27454e-05,4.68807e-05,0.9708355709,0.0061933062,2.2271645443,0.2028412566,0.6065285565,0.1433079491,0.1748661279,0.0182198786,0.1435545035,0.0038907464,0.9643055362,0.0031208061,2.3626401222,0.1898984942,0.7496620942,0.1329215998,-4.4282856612754085,-0.34136118672694554,2.6872362412438213,0
462,186.36334008797616,6929,69,37.180059107810806,0.236,0.0342125708,0.1864592109,2.823175308,0.21313089,0.26065,0.0395073095,0.1524473706,3.3649337784,0.2504676626,0.50335,0.0407924932,0.1051909442,3.1708337648,-0.2490035941,0.0344,0.0082546956,0.0011264051,3.2778108642,0.3917827734,0.4325,0.0880431646,0.8166422967,2.186077497,-0.3532711585,0.0858139535,0.0760731765,0.9352214708,2.1868946397,0.7248578236,0.4816860465,0.0386743295,-0.0707341018,3.823156757,0.1403264063,0.0441860465,0.015304287,0.4251768323,2.9839224799,0.6381739618,0.4954997903,0.3008886688,0.0024724229,0.0018676873,0.9448579208,0.0406807599,2.4187904228,0.6023637945,-0.0155616207,0.5007661362,5.599e-07,4.26832e-05,5.10752e-05,3.29434e-05,0.16754441,0.1557888143,2.8117573578,0.5781060871,-0.0433304151,0.2729975207,0.502495,0.0209769928,0.0387255496,0.0030286231,0.1192722832,0.142514406,2.6867224207,0.2058354782,-0.0780558429,0.226188117,0.4341972085,0.2652248466,0.0324445616,0.0191573418,0.9851310574,0.0046665225,2.13235572,0.1332881397,0.6198235019,0.110788344,-0.0006816427,0.0004076829,0.0003040748,0.0001799649,0.9663415918,0.0104501812,2.1834686252,0.1641327671,0.6297516568,0.1314456096,0.1594186467,0.0198417368,0.1435847627,0.0113609106,0.9553991316,0.0101172165,2.4946120298,0.2299872577,0.8489797448,0.1452397988,-1.4418181586306513,-2.0524927347429216,2.1346268662701777,0
463,168.30504542005346,6045,40,35.91692682125465,0.261,0.0434050688,0.3889033658,2.6499587542,-0.084047538,0.2195,0.0417582327,0.4418011194,3.1954436968,0.3871852564,0.5195,0.0391758854,0.2636458522,3.2438420603,0.0533012867,0.03845,0.01090172,-0.0118253848,2.9704644203,0.3821384949,0.5033809524,0.1216875297,0.9192542623,1.9842007884,-0.1841029904,0.0738095238,0.0684575774,0.9210970158,3.5539361863,1.2390322685,0.4228095238,0.0678581286,0.7882294023,2.3739675222,-0.4181192478,0.0461428571,0.0114695693,-0.0700977633,3.0144847348,0.2350279634,0.4948499919,0.3009061248,0.0017358916,0.0011429107,0.930309694,0.0567607146,2.3633622732,0.4564295913,0.1677893309,0.4333347513,-7.29e-07,4.33969e-05,5.32347e-05,3.20858e-05,0.4357278183,0.1616470929,2.9806190957,0.7095335297,0.1739747623,0.3226676203,0.5010825,0.028843432,0.0452051299,0.0069367392,0.3266182383,0.1438588154,3.0337591932,0.7308796714,0.0544593064,0.3262485186,0.4586149358,0.2814692896,0.0166279293,0.0100218762,0.9804855938,0.0049784833,2.4268112543,0.2771553426,0.7735740668,0.1881124479,-0.0004251482,0.0002476348,0.0001691118,0.000102225,0.9351592666,0.0331922995,2.7755264104,0.3680814439,0.8464154436,0.1974739028,0.1575977244,0.0445887243,0.1384098144,0.0135760582,0.9419446886,0.027482546,2.8683241365,0.3640036985,0.9454901888,0.2610322775,-0.38218325398009395,-1.2721345130383952,-1.8440352669974038,0
464,100.92149324325068,3653,72,36.19645213924044,0.21025,0.0434647846,0.380655458,2.7388394249,0.2676106044,0.3425,0.0666952022,0.6158351441,2.2964713835,0.2218827708,0.44725,0.0517270481,0.4908034746,4.2638862116,-0.7208788082,0.0329,0.0099040396,0.0656732252,2.3889156474,-0.026013723,0.5789583333,0.1342337759,0.9406760036,1.8375715625,-0.2745762103,0.0792708333,0.0775738196,0.9072284058,2.471665761,0.8796408893,0.3417708333,0.0672719108,0.7998461039,1.9519147721,-0.250470136,0.0360416667,0.0102549954,0.2034700174,1.9479106288,0.0950618652,0.4851394409,0.2952963264,0.003382241,0.0028249277,0.9049357087,0.0535291332,2.6508385321,0.6398127044,-0.1825089373,0.4764272796,4.662e-07,0.0001001004,0.0001577337,0.000109853,0.6020714195,0.1346848771,2.839784856,0.3276831538,-0.002205488,0.3779297931,0.5027025,0.0354682868,0.0623026894,0.0164357695,0.5804983007,0.1619309051,2.8227228067,0.2774273106,0.0653097863,0.3096190138,0.4380142288,0.2664229419,0.0273379831,0.0171901602,0.9617498869,0.0125725711,2.284064562,0.2261795641,0.7256784213,0.1422352145,-0.0014690899,0.0008865553,0.000647954,0.0004066583,0.9310474449,0.0251393734,2.8437793592,0.5266691962,0.9364682667,0.2228101112,0.1368814305,0.0166195446,0.1460692426,0.0181501012,0.9139097069,0.022159054,3.4559239592,0.7013962327,1.2225015464,0.2453868288,7.135032398493549,-6.20941431753451,-2.7414931598413426,4
465,416.9772635098694,14709,20,35.27530464416282,0.27125,0.0351807831,0.2110847651,2.8523126329,0.5081313301,0.2457,0.0357212822,0.3616178012,5.1202701796,0.6662365247,0.48305,0.0356082504,-0.0075517574,2.8877405519,0.0228387959,0.03655,0.0084762905,0.0629587547,3.3679358172,0.3586784071,0.4644505495,0.1582831143,0.9472155972,1.7709670644,0.0224815082,0.1056593407,0.0949731275,0.8976388224,3.0184644022,0.9209954865,0.4298901099,0.0817291763,0.8466439946,2.1328165337,-0.4585864193,0.0414285714,0.0135728744,0.1967248773,3.9753410649,0.4620636613,0.4921177059,0.2991904066,0.0026272562,0.0017930207,0.9305217116,0.0466491389,2.4677506575,0.4964966519,0.1388920361,0.5324815347,-5.0062e-06,4.90267e-05,6.3994e-05,3.8427e-05,0.2595334772,0.178329621,2.8531173556,0.3886130691,0.064157402,0.2122588846,0.501395,0.0259819596,0.0391518727,0.0048085976,0.1750295383,0.1333429869,2.9168563171,0.5050456733,0.0579780975,0.2587509234,0.4346271753,0.2640396393,0.0262170741,0.0164295375,0.9773487884,0.0103391358,2.3449310735,0.2024947398,0.7432944802,0.1193974506,-0.0007674947,0.000466039,0.0003367276,0.0002099907,0.9581412424,0.015896494,2.3431269516,0.2049036475,0.7183358809,0.13149518,0.1497417024,0.0174149028,0.1445377879,0.0102906699,0.949604137,0.0119887345,2.6885709242,0.2587070912,0.953241005,0.1285691207,0.2951672298558067,-2.576821080674397,1.7408771835681762,0
466,524.4095922239775,18941,9,36.11871384669528,0.267,0.0334962684,0.0396833198,2.9054829516,-0.0311312512,0.25885,0.0307234031,0.1148627148,3.0064640198,0.3376412476,0.47415,0.0309843105,0.0797347599,2.8025459079,-0.0623639761,0.0356,0.0104947606,0.0421613745,2.5764781136,0.2954702728,0.471627907,0.1158289349,0.9133372055,2.0632978906,-0.3764326459,0.0810658915,0.0752639253,0.9228697835,3.5306007064,1.1809265809,0.4473062016,0.0560108935,0.5984540842,2.1495654271,-0.027395331,0.0402131783,0.0120421217,0.178157158,2.7107644757,0.1846590536,0.4926517222,0.2994985461,0.0008023717,0.0006014637,0.9407632123,0.0372262188,2.363535296,0.338249504,0.1762281466,0.4167413319,-2.1181e-06,1.68861e-05,1.59665e-05,9.6302e-06,0.1718562056,0.1467426908,2.8542660299,0.4017309105,0.053931475,0.1933210254,0.49751,0.0264410741,0.0387419627,0.0030132752,0.1317584527,0.1337746695,2.9318573325,0.4381730666,0.0742516672,0.2178576717,0.4502156027,0.2925823043,0.0230962831,0.0143826539,0.9934542749,0.0033350468,2.1045123762,0.1354329421,0.5613716902,0.1138201065,-0.0002165482,0.000131699,8.67956e-05,5.39158e-05,0.9667750316,0.0030777615,2.59529682,0.2096068393,0.7978069875,0.0474689702,0.1609563808,0.0179790106,0.1355846742,0.0092575969,0.9607672771,0.0053027278,2.8025587436,0.3267504871,0.9263650336,0.1122679161,-3.42921393749364,-1.4014281349553444,1.1037809121110975,0
467,135.22343495842418,5065,64,37.45652520628016,0.2344,0.0465793946,0.6089172361,2.4303804971,-0.1101511476,0.3012,0.0394722687,0.2645701575,2.5984559969,-0.1203776321,0.4644,0.046142605,0.3956437554,2.3865243529,0.0319883747,0.03045,0.0098258587,0.1533091775,2.8822785513,0.4594046199,0.5769117647,0.1410934958,0.9208674753,2.4800321487,-0.3611068204,0.0783088235,0.0604371957,0.8881085188,3.312271308,0.9626083368,0.3447794118,0.0868629491,0.8389772117,2.1970954863,-0.0464097928,0.0316911765,0.0110350476,0.1157371273,2.7361020917,0.6597436901,0.4935627639,0.2994950475,0.002380397,0.0014808759,0.9254690744,0.0371943643,2.4259961848,0.6152164286,0.0018372916,0.411294978,2.7327e-06,8.07739e-05,8.27963e-05,5.02143e-05,0.4311903277,0.1321354219,2.8041800492,0.3555605743,0.0934023414,0.1617284375,0.502015,0.0291560976,0.0449162958,0.0046220254,0.3297754888,0.1427594022,2.8141764279,0.3152377605,0.0399160722,0.1647742271,0.4503056981,0.2731579591,0.0215255564,0.0132011164,0.9690955732,0.0256127268,2.0207471257,0.1971108596,0.484924511,0.1517938276,-0.000974684,0.0006071889,0.0004754069,0.0002926734,0.9477261775,0.052181027,2.0784211546,0.4459271044,0.4929024027,0.2148555551,0.1728957083,0.02681412,0.150543625,0.0191507488,0.934241049,0.0278127371,2.2287851944,0.2012414924,0.6830879131,0.1281801628,4.018767857745225,-0.7861491024954046,1.0705258017499129,0
468,751.0251250728056,28164,56,37.50074273116993,0.2477,0.0333273161,-0.0176768329,2.864483763,0.023869206,0.26515,0.0389323452,0.2986997212,3.1984191426,0.4962507922,0.48715,0.0412689653,0.1059368427,2.4190590374,-0.0840684448,0.03765,0.0110103361,0.0955284953,2.7163566442,-0.012075807,0.4166210046,0.0878666368,0.8593748515,2.5107134189,-0.4711001966,0.1062785388,0.0651444482,0.8574641079,2.7419980367,0.8150090251,0.4771004566,0.0412218516,0.3633836606,2.7036582613,0.2187423907,0.0439954338,0.0113332653,-0.0811571931,3.355263648,0.4775642926,0.5004487364,0.3044448362,0.0004842051,0.0003243946,0.9350387888,0.0410214102,2.4178815359,0.5836027403,-0.1753705815,0.3279599485,3.2253e-06,1.04465e-05,1.2497e-05,7.7462e-06,0.2301042872,0.1156644906,2.8962316367,0.3206875277,-0.0201606124,0.2342201983,0.503685,0.0233553318,0.0389326394,0.0036226842,0.1755156182,0.1144246408,3.2148814211,0.6376784768,-0.0418006757,0.3341253675,0.4540322399,0.3054886832,0.0226728117,0.0139676512,0.995368024,0.0020180096,2.0614488373,0.1410460954,0.5167496783,0.1292818253,-0.0001583827,9.93925e-05,6.09947e-05,3.74669e-05,0.9621182033,0.010596379,2.6730630423,0.3009584371,0.7802730731,0.1479533457,0.1511177534,0.0196488578,0.1280100439,0.009125084,0.9570410947,0.010127692,3.0043852257,0.3957828574,0.9916356546,0.17720841,-3.984379164613952,-0.37497286412147546,0.037007616194486746,0
469,109.84353353432476,4143,16,37.71728627707851,0.22355,0.0345419672,0.1811086397,3.3914210961,-0.0573962527,0.30455,0.0392434389,0.3040181078,2.8124649227,0.0585389628,0.4719,0.0402789027,0.3529405479,2.8864339226,0.2283237085,0.0406,0.009702577,0.2897987491,2.9194583336,0.2330105769,0.4145454545,0.0956347505,0.826773728,1.9252463849,0.1786444564,0.0890909091,0.0594093981,0.9147535179,2.5676083906,0.5537085579,0.4963636364,0.048823627,0.3313280999,2.3862062137,-0.0727780184,0.0434848485,0.0160248315,0.5101369814,2.4180638143,-0.0118995007,0.4992328993,0.3018562928,0.0028894265,0.0020727963,0.9261096109,0.0497900987,2.5927550948,0.9751825391,0.1764366204,0.5052460363,-2.32129e-05,0.0001103279,8.78925e-05,5.74891e-05,0.3493864761,0.1850812069,2.906610325,0.5386251294,0.0418784098,0.303567945,0.4945975,0.0381719579,0.0429356928,0.0055478293,0.2422039307,0.1515476948,2.9195831041,0.4256310287,0.0091357038,0.241760597,0.4535617975,0.2762725001,0.0183675766,0.011524101,0.9627428848,0.0085656297,2.7004421871,0.2671119728,0.9252769889,0.129225699,-0.0008477705,0.0004988221,0.000346141,0.0002165107,0.9351957687,0.0138330802,2.7167935545,0.2933872303,0.8867570593,0.1429242255,0.1382964762,0.0182764606,0.1418968835,0.0117772045,0.9335108044,0.0210268943,2.9972606016,0.4414326274,1.0694270445,0.178402881,1.5053801354380316,-3.0894002992318836,-1.2498410493774388,0
470,270.6294061790046,10014,12,37.002630798281984,0.26125,0.0389703413,0.308799665,2.2928831256,0.2359045175,0.2955,0.0376662979,-0.0041961936,2.5237123329,0.0892465171,0.44325,0.0381600249,0.3309167029,2.5332414956,0.3316484953,0.0337,0.0090448881,-0.0215645376,2.2586137072,0.2888741795,0.4839285714,0.0980739257,0.9092973281,2.0314484396,-0.037246765,0.0861309524,0.059827884,0.8788064795,2.7161640743,0.8276145159,0.4299404762,0.0509522071,0.6537827334,2.3786872262,-0.4031839508,0.0374404762,0.0106204555,0.0018778171,2.4434884207,0.3705384943,0.4935600681,0.2997551462,0.0017627356,0.001378318,0.9500753799,0.0415034919,2.7926908209,1.0594333615,-0.0752789143,0.7195790918,1.17794e-05,2.85633e-05,3.89635e-05,2.42493e-05,0.266029084,0.1676554882,2.9847871224,0.4687209154,0.0557853441,0.3501633714,0.50541,0.029618945,0.0408351213,0.0037871979,0.226174615,0.1481220797,2.9663016807,0.5217600978,0.0106833715,0.2725638468,0.4403162644,0.2733370183,0.0248928168,0.0149150342,0.9843061615,0.0067323479,2.5112991201,0.4453154509,0.8088207757,0.2106412553,-0.0004234562,0.0002485716,0.0001918011,0.000116139,0.9575029958,0.0202673996,2.4155385445,0.5153104467,0.7260649848,0.235956634,0.1735120434,0.0342582366,0.1512224419,0.0139023756,0.961109994,0.0133849768,2.2710467795,0.2617138413,0.7323477514,0.2335084288,-1.1905528278554176,-1.2805296190979623,1.0327891243584335,0
471,494.3366364878617,18199,36,36.814993380420574,0.25325,0.0359956595,0.1931472436,3.7767889951,0.136826508,0.214,0.031756889,0.2850121371,3.1586168043,0.4168849398,0.53275,0.0411665823,0.0191716132,2.8982598761,0.0563579138,0.0384,0.0106976633,0.1639580002,2.8544588538,0.2294548987,0.3496518987,0.0658587794,0.7649931869,2.3619511933,0.1721296855,0.1082911392,0.0699271143,0.9118957727,2.2169956141,0.4738654097,0.542056962,0.0394588784,0.2371297712,3.387489473,0.2103010643,0.0454113924,0.0113901633,0.225427595,3.1882919868,0.1587534216,0.4983168942,0.3025788742,0.0006399416,0.0004057625,0.9548364759,0.0437755729,2.3529069018,0.660738507,-0.1034938212,0.333233693,-2.846e-06,9.0283e-06,1.31512e-05,7.9487e-06,0.1264282911,0.1072021073,2.8776684372,0.4103314641,-0.003063012,0.1750180102,0.4935425,0.0205466681,0.0359600123,0.0028195995,0.0907652945,0.1174624138,2.9817173069,0.4222602798,0.0061916139,0.2357525258,0.4556333672,0.2936510264,0.0181209687,0.011635258,0.9918607294,0.0029885023,2.2527662273,0.1104136832,0.716600005,0.0717577701,-0.000177159,0.0001153721,7.75136e-05,4.93397e-05,0.9718891691,0.0058617758,2.2883466255,0.1235222764,0.7123100587,0.0726198067,0.1607202812,0.0124710643,0.1459714428,0.0074191537,0.9652640347,0.0051252853,2.563775563,0.2181662614,0.8863925159,0.1013610079,-4.532466274214511,-0.4041501321156874,2.2434367718382435,0
472,843.9338692113174,30973,4,36.70074294914273,0.22935,0.0325626703,-0.1166703702,3.8730322215,-0.0398480311,0.24825,0.0296763795,-0.2199534248,3.1252263281,0.1938052143,0.5224,0.0346156034,-0.1305901952,3.2815505638,0.3896384994,0.0344,0.0109608394,-0.1257528363,2.8271072905,0.3409447022,0.4292031873,0.1015662333,0.8876797604,2.0372623853,-0.2592235297,0.0903585657,0.0732054286,0.9186893175,3.1172736154,1.0217414532,0.480438247,0.0451690844,0.485405633,2.7441103724,-0.208714153,0.0414741036,0.0124817926,0.0159217717,3.2725395895,0.2207835021,0.4966492928,0.3021212152,0.000499977,0.0003000108,0.9469394733,0.0287027757,2.3852068841,0.4263778708,-0.0422130141,0.4882233201,-2.4487e-06,8.3313e-06,1.11842e-05,6.7054e-06,-0.0044914272,0.0974273057,2.9196705481,0.396409391,0.0208140888,0.2515465169,0.49531,0.0156645507,0.0352716657,0.0024311204,0.0183809099,0.1173369006,2.9411618905,0.3916855233,-0.0078376818,0.249826594,0.4591554236,0.3114996467,0.0174916106,0.0119633218,0.9936586812,0.0030078318,2.1784241052,0.2220912677,0.5613880037,0.2199527093,-0.000108172,7.72259e-05,5.1551e-05,3.28865e-05,0.9310275463,0.1016027579,2.2654321753,0.2730919661,0.524085475,0.2595948538,0.2114085347,0.1019767313,0.1342151498,0.0326942325,0.8830336785,0.2119760169,2.4116760009,0.3114694849,0.6533347882,0.2670851326,-1.2883390295762922,8.095039039180177,-4.353581035315977,0
473,149.62993355690708,5354,42,35.78161048881154,0.2655,0.0391695034,0.4029175656,2.1408342281,0.1574735393,0.20995,0.0371449526,0.5646858583,3.0903427111,0.2606934905,0.52455,0.0337275481,0.200802708,3.5157460712,0.336868542,0.0367,0.0101049493,-0.0809197156,5.4315354022,0.8037534809,0.4668452381,0.1168810439,0.8655004974,1.9690938405,-0.1989859483,0.0835714286,0.0740478104,0.9215787727,2.7724505069,0.8629100031,0.4495833333,0.0575088416,0.5343766667,2.2573304223,-0.2801202031,0.0389880952,0.0120953494,0.2395163039,3.9219124349,0.7973506971,0.4933258993,0.3007052567,0.0015802291,0.0009630891,0.9476641572,0.0352146478,2.380374708,0.5621329304,0.1443368515,0.4202238723,-6.4041e-06,2.73616e-05,3.79358e-05,2.34341e-05,0.2398827947,0.1540102211,2.8353375741,0.5699359403,0.0291082493,0.2251780546,0.4927575,0.0268618609,0.0383680956,0.002426596,0.1699763411,0.1352393575,2.7666828668,0.4291539688,-0.0415953298,0.2320880846,0.4512090703,0.2737980848,0.0205695887,0.0126784397,0.983686862,0.0050004463,2.1418888126,0.1434427941,0.6007622581,0.1011203226,-0.0004724508,0.0002917732,0.000217594,0.0001334309,0.9642469633,0.0094812363,2.1899465151,0.1982475283,0.5976332043,0.1124465016,0.165706801,0.0223344923,0.1477594762,0.0122622585,0.9549751271,0.0098823498,2.441067244,0.307480819,0.8102760023,0.1608197954,-1.952640955034887,-1.6363880298221063,1.3488297202861457,0
474,310.2479465992463,11790,40,38.00186312023972,0.2599,0.0344091558,0.1479530307,3.0832261303,-0.3812534432,0.24935,0.0333965193,0.1639400747,2.9321901703,0.2031357872,0.49075,0.0389382524,0.1188848898,2.5044921846,-0.2425669665,0.0341,0.0104494019,0.0879825824,2.7289370099,0.1867200399,0.4705,0.1473380467,0.9537699329,1.8892346546,0.034439984,0.080125,0.0697359977,0.9027369833,3.2186601628,1.0394351683,0.449375,0.0900603097,0.9100793741,2.2015986376,-0.5324354585,0.0485625,0.0119424074,0.1955939596,2.6711390423,0.391290563,0.4975530956,0.3023046654,0.0019792801,0.0019090196,0.9134516711,0.0415584299,2.43664557,0.4983504934,0.0723401294,0.4434081823,1.01184e-05,3.44394e-05,4.99865e-05,3.34844e-05,0.2201016661,0.1538647812,2.9804576961,0.4517320103,0.0176166859,0.2275468442,0.50066,0.0263988144,0.0386594185,0.0044934796,0.1561834983,0.1367404042,2.7940517818,0.4206156476,0.0759822539,0.2354936979,0.4429554175,0.2700133143,0.0238739971,0.0149892397,0.9798490388,0.0092981536,2.2734600765,0.1745161366,0.6945907501,0.1066304988,-0.0006340177,0.0003747446,0.0002915806,0.0001834841,0.9615762241,0.0137859297,2.2937942959,0.168068496,0.6771348222,0.1231059593,0.1527562501,0.0190773424,0.147062769,0.0119030396,0.9503305971,0.0099461993,2.6426320483,0.3096492184,0.9276213087,0.1404703841,-0.8373208877489975,-1.8981823880605948,2.6589224432652725,0
475,350.40357717416924,12701,75,36.2467760815322,0.24525,0.0450964245,0.4961778826,2.8081300791,0.181584334,0.2788,0.0443909901,0.5357409712,2.6185329452,-0.013109512,0.47595,0.0388503217,0.2547554402,3.2713484159,0.2096954003,0.0366,0.0102683981,-0.0576095298,2.7286677577,0.5285786034,0.4343037975,0.1001383037,0.8615386735,2.1198615096,-0.159540061,0.0721518987,0.049052307,0.815198288,3.0486516095,0.808588864,0.4935443038,0.0615781478,0.6384665715,2.7690631641,-0.073155263,0.0426582278,0.0113303514,0.0114693762,2.3986638653,0.2296468187,0.4924779927,0.2994807813,0.0017683367,0.0013561182,0.9317985111,0.0398552761,2.4250264234,0.5583408335,0.1012839981,0.4392707869,1.313e-06,3.82212e-05,5.56327e-05,3.50616e-05,0.5713811401,0.1322350685,2.781438153,0.4345491839,-0.024580374,0.2472399148,0.5013625,0.0307536294,0.0538049058,0.0064441821,0.5052529124,0.1332262525,2.6876889721,0.3863455045,0.0041733679,0.2617903391,0.4503983841,0.273458548,0.0202702869,0.0128257449,0.9819717134,0.0067426274,2.1931385913,0.2168883081,0.6202315712,0.1442162301,-0.0006149449,0.0003717133,0.0002495512,0.000157779,0.954946646,0.00930089,2.8286310559,0.431164531,0.9437336646,0.1741685563,0.1448138993,0.0267089785,0.1376835817,0.0186329547,0.9450260711,0.0093345586,3.266792124,0.6264865234,1.117106616,0.2265287304,0.04358299588901737,-2.810393603128105,-1.2985935477476045,0
476,620.1711789649768,22154,18,35.722395286045874,0.23135,0.032854642,0.2146004296,2.7294335796,-0.1390949517,0.31195,0.0383594512,0.2783006671,3.1585769982,0.1123835376,0.4567,0.0373243888,0.0834804433,2.9529122376,0.3021372821,0.03325,0.0112110437,-0.0670768144,2.4535855876,0.0365262838,0.4065088757,0.0802009398,0.78802801,2.1450942809,-0.0892628392,0.0830769231,0.0570684215,0.8930680819,2.6246847315,0.7887567444,0.5104142012,0.0418910256,0.2283893434,3.1461516003,-0.0640537462,0.0446449704,0.01255254,0.1990301391,3.5788753787,0.6637675748,0.4951121414,0.3004352228,0.0010169731,0.0008734879,0.950507684,0.0524933786,2.3093072692,0.5458956885,0.2841557976,0.4858542764,-3.5936e-06,1.15322e-05,1.75253e-05,1.08986e-05,0.0794562374,0.1628673473,2.8465111941,0.4251173068,0.0176622763,0.2031665802,0.4922075,0.0191031822,0.0388875804,0.0046865731,0.1244022694,0.1380455761,2.8447578907,0.3556746887,0.0068327921,0.1893614874,0.4590209044,0.302803572,0.0159018432,0.0111613481,0.9815472308,0.024887669,2.549640209,0.3201522794,0.8009655828,0.284940651,-0.0001656009,0.0001179219,7.04725e-05,4.60002e-05,0.8702586627,0.2633738633,2.3669958193,0.2821952204,0.6360570235,0.42771274,0.1958351735,0.0945729876,0.1343197866,0.0345649859,0.838100504,0.3699933275,2.2884151361,0.2212479377,0.6020309689,0.4874570943,5.170158340960143,16.440839121721563,-9.149867309254876,2
477,134.7920804923449,4845,60,35.94424822514078,0.22175,0.0370160438,0.2458325556,3.1921401022,0.7306426449,0.30045,0.0544752008,0.6115538672,2.7819918149,0.0347182235,0.4778,0.047213981,0.3971703468,2.3888966519,0.0164431811,0.035,0.0107703296,0.1295896328,2.7850029727,-0.0420215744,0.4801351351,0.1118758149,0.8878366394,2.273112155,-0.2460521708,0.0988513514,0.0872343353,0.9040467523,2.8933184081,0.9432498289,0.4210135135,0.0465860126,0.4246618877,2.9054477986,-0.3503243294,0.0435810811,0.0110746933,0.2202512033,2.6661750592,0.2185841494,0.4943624178,0.3007641284,0.0019805581,0.0013841197,0.9343385021,0.0412827204,2.3250511804,0.3467722553,-0.1185340451,0.3631380031,1.446e-05,3.77298e-05,7.07725e-05,4.40224e-05,0.4791978934,0.1514039496,2.8786727335,0.4951185327,0.0230515883,0.3112843722,0.504235,0.0195700862,0.047142552,0.0118566983,0.3356216681,0.1737263358,2.8778880535,0.3787061399,-0.0256543152,0.2869169706,0.4569004931,0.2783647815,0.0189007322,0.0113844442,0.9769786433,0.0082812185,2.2893244587,0.1464818572,0.7037273893,0.0994203782,-0.0006466245,0.0003890728,0.0002281297,0.0001366048,0.9265505797,0.0179614866,3.2414550607,0.4822688559,0.9758153873,0.1556365535,0.1399439697,0.0164996732,0.131301004,0.0113953691,0.929079819,0.022828794,3.2656391666,0.5200236935,1.0799721862,0.1729792393,0.6191252593866666,-2.217969934891973,-1.000860068467982,0
478,487.9628324530274,18338,6,37.58073111391176,0.28,0.0627136349,0.692590443,2.5043234669,0.0975156464,0.32625,0.0493780062,0.4833295265,3.3220363024,0.3023111215,0.39375,0.0401271417,0.1672863897,3.4417025898,0.1754142778,0.03085,0.0093288531,0.0059787791,2.8420173113,0.2232087313,0.6134302326,0.093221609,0.8309097006,3.3103528405,-0.735213473,0.0906686047,0.0697586416,0.8562971352,4.6848289028,1.40898679,0.2959011628,0.0402849819,0.2912200478,2.7486400589,0.0744875871,0.0324709302,0.0087020629,-0.1909501409,2.5900061702,0.0792253109,0.4994280048,0.3036655923,0.0005690301,0.0003617059,0.9179533675,0.069727172,2.4344637172,0.5827644089,0.1344993828,0.3155811499,-2.5397e-06,1.24271e-05,2.08853e-05,1.3258e-05,0.5519433932,0.1213745654,2.8005276978,0.5001056031,-0.0168243738,0.2986662456,0.4963775,0.0213317456,0.0545304889,0.0066311691,0.4915233219,0.1250323239,2.8397849201,0.3737769572,-0.0024904531,0.3098747837,0.4600878606,0.2989841313,0.0200046693,0.0123075411,0.9945135218,0.0027017046,2.0181902339,0.1054328081,0.4677622802,0.1055019147,-0.0002008604,0.0001238085,6.69783e-05,4.45156e-05,0.9492146301,0.0129274296,3.6227711364,1.1353664046,1.0529483467,0.3101764174,0.1355381162,0.0202207126,0.1095947112,0.0077932323,0.9370422515,0.0116488637,4.3332921533,1.660155404,1.24516465,0.4719751449,-0.8024138689214061,-2.3208552506665496,-7.6340983242804175,0
479,157.66491763380904,5673,20,35.98137166554739,0.2465,0.0375732618,0.2339854354,2.4959226349,0.274512398,0.2472,0.0372781437,0.2008445738,2.5715842179,-0.1766256211,0.5063,0.0353879923,0.1410365844,2.5979704635,0.0263736477,0.04025,0.0096014322,0.0946379297,3.3369964953,0.5220619462,0.3884931507,0.0861731489,0.820111917,2.4509276951,-0.3387696428,0.0875342466,0.0728581061,0.8887295315,2.8454507221,0.8901147343,0.5239726027,0.0365644384,0.0261420565,3.390833861,0.0001456449,0.0476027397,0.0155076117,-0.1801208475,2.7638007232,0.600145919,0.4980596011,0.3019725154,0.0013648946,0.0008855032,0.9447436289,0.0301220207,2.4318988422,0.6613204618,-0.1615549782,0.4305450979,-5.664e-06,2.2922e-05,3.28462e-05,1.9928e-05,0.184816613,0.1395647207,2.8881977841,0.432350906,-0.0055560573,0.1873537728,0.5021625,0.0192337846,0.0386984277,0.0035113129,0.1403892894,0.1464830279,2.8417283119,0.3147732066,0.0420087743,0.1887442987,0.4530600231,0.2751149474,0.0200174627,0.012290801,0.9845784505,0.0060672996,2.0540966736,0.1184055796,0.5542599949,0.0891341351,-0.000428346,0.0002600773,0.0002064703,0.0001261163,0.9692849058,0.0083673078,2.107894446,0.1488516145,0.5640050938,0.1096184152,0.1652769621,0.0178055451,0.1509263865,0.0097618466,0.9565231673,0.0140120852,2.4062418726,0.242875252,0.7995424745,0.1441971252,-2.7039354711924144,-0.8383921257932196,1.8679008016249141,0
480,621.8224931760898,22836,54,36.72430677661772,0.24045,0.0309684921,0.0411610728,2.9418861959,0.2595582018,0.25845,0.0308277067,-0.0253912475,3.7082124988,0.0771951779,0.5011,0.0400348598,0.0004048874,2.9979922797,-0.0744230337,0.03755,0.012399496,-0.0175363196,3.1183640829,0.5054052369,0.4118,0.0895084354,0.8727111484,2.0733450276,0.1045998624,0.0854333333,0.0492677605,0.8476995297,2.5406849447,0.6039076065,0.5027666667,0.0530676822,0.6414531084,2.5365242742,-0.4897104894,0.0433,0.0116308498,0.0467539998,3.161564308,0.4304890652,0.4965785745,0.3021056067,0.0005876551,0.0004392872,0.9409696497,0.0597719913,2.3394223393,0.6752444659,-0.2223631419,0.3803688359,4.0577e-06,9.433e-06,1.15852e-05,7.1303e-06,0.1267454418,0.1115066803,2.9827114592,0.4771043948,-0.0749787112,0.2691574095,0.5038325,0.0238789828,0.0377049836,0.0035955305,0.0917908098,0.0936168226,2.7430580225,0.2428870773,-0.0327068065,0.214892011,0.4599549018,0.3070974384,0.0189313962,0.0115895404,0.9945356894,0.0023083274,2.1061867416,0.1630922731,0.552950185,0.1738836836,-0.0001284197,7.54805e-05,5.73e-05,3.46686e-05,0.9607271202,0.0238095779,2.4504999153,0.62334409,0.6740790797,0.3043107653,0.1764245848,0.0508114481,0.1331976284,0.0223363921,0.9487076013,0.0368290037,2.668154143,0.5356197239,0.8281206551,0.2746972104,-3.62765732284547,1.2603426924351828,-0.2710838773112292,0
481,671.7079277084231,23835,54,35.48417253509976,0.2554,0.0415492479,0.5023508849,3.1257053945,-0.3912575519,0.24945,0.0352412755,0.4771692036,2.5208173807,0.118823155,0.49515,0.0369219108,0.0817365894,2.4958299884,0.0446584914,0.03655,0.0100671495,-0.1458905251,3.9749279645,0.7191750642,0.4636864407,0.1109625222,0.9078575323,1.8039529319,-0.1682969383,0.0897033898,0.0726242138,0.9310212038,2.4563405123,0.8010577553,0.4466101695,0.0543894515,0.5931886857,2.4773352302,0.0089054672,0.04125,0.0118081863,0.1144945803,3.4741587054,0.4954552056,0.4951590707,0.3013191604,0.0006437487,0.0005240599,0.9521589994,0.036737248,2.2713687586,0.3719001786,-0.0028012703,0.4178590719,9.582e-07,1.01483e-05,1.37269e-05,8.5588e-06,0.1768495661,0.1320471558,2.6977808808,0.3196122547,0.0818681807,0.1978889284,0.5006475,0.0193198892,0.03720179,0.0039732786,0.0884502388,0.1285489981,2.8414479839,0.2590802155,0.0170379208,0.2708845471,0.4599593156,0.305433967,0.0182334649,0.0121612329,0.9928947048,0.0042397258,2.0533061218,0.1117421966,0.517325636,0.1381902644,-0.0001867734,0.0001188471,6.63117e-05,4.08999e-05,0.9384866951,0.0552746206,2.8873036896,0.2311565218,0.8408880576,0.0725163476,0.1716419251,0.0702237501,0.1210605751,0.0253094634,0.9225424476,0.0865907886,2.9310629862,0.3611982318,0.906870259,0.2000401937,-2.18937137433076,2.8440267650481084,-1.5737594128607983,0
482,104.20761369240428,3657,18,35.093405082613074,0.3002,0.0485948557,0.596057474,2.6816447839,0.1737017939,0.2674,0.0465589948,0.4936398049,2.6572175259,0.1280464707,0.4324,0.0429213234,0.3727894306,2.9654980724,0.1319004191,0.03685,0.0106689971,0.3523138336,3.6772935337,0.8219326236,0.4311320755,0.1207040725,0.8675812467,2.3579934491,0.0631606139,0.0896226415,0.0784029809,0.8467531511,3.5349759954,1.0928029523,0.479245283,0.0619448646,0.6260984793,3.3236485018,-0.6836570738,0.0497169811,0.0096355814,0.0159262903,3.0171198915,0.0960511419,0.490375566,0.2984055083,0.0035785555,0.0022439286,0.9300278202,0.0405781416,2.3821694599,0.3731197766,0.0399817336,0.4741651178,2.66671e-05,0.0001443646,0.0001254954,7.56433e-05,0.5102288782,0.1873162279,2.5950405884,0.3675608141,0.0819763208,0.2384160511,0.50424,0.0371497093,0.050181397,0.0057618486,0.4569689925,0.1609259582,2.6763043483,0.4267438829,0.0058330079,0.226924673,0.4565545712,0.2775111636,0.0159474068,0.0100719213,0.9456264046,0.011827981,2.9480146322,0.2729347711,1.0667894753,0.1071703253,-0.0009894285,0.0005918771,0.0004108911,0.0002599699,0.9231423226,0.0130742392,2.9888865737,0.3518674954,1.0511275661,0.1228208089,0.1441912646,0.0189107547,0.1524194074,0.0173319092,0.929556535,0.0125917762,3.0021035269,0.4453899237,1.1033384136,0.1542178647,3.8963912025422403,-4.412742301425638,0.4814242103094523,4
483,650.3261583739502,23673,32,36.40173426083772,0.303,0.04577117,0.3047161304,2.1982440291,0.1296321001,0.252,0.0462493243,0.3726986486,2.2976473126,0.1179199214,0.445,0.054277067,0.3954302723,2.5483309206,0.0386490979,0.0322,0.0097549987,-0.0596161613,4.4796042717,0.8658929239,0.4967684887,0.0901307969,0.8412733769,2.7229711508,-0.5881482452,0.0847266881,0.0680138951,0.8943715712,3.4696961198,1.0703300112,0.4185048232,0.0400574243,0.2265216585,3.0503652745,0.0260921311,0.0398874598,0.0123156582,0.1834049262,3.5418525427,0.5164904928,0.4962415575,0.301940438,0.0003666968,0.0002438007,0.9415710296,0.0361215569,2.3001035421,0.4542510659,0.0085348707,0.4850154709,8.907e-07,1.01528e-05,1.09235e-05,7.013e-06,0.3824521966,0.1837811254,2.7915646522,0.4494530999,-0.0136534348,0.184173355,0.493995,0.0306352734,0.0452745917,0.0062694772,0.3458260806,0.1596540006,2.7114418907,0.4765150751,-0.0043827021,0.1973214984,0.4666354171,0.3192034496,0.0172110156,0.0114833421,0.9957805141,0.0020880201,2.0354076214,0.1182242671,0.4536281929,0.1640736964,-9.98574e-05,5.88208e-05,4.15619e-05,2.44939e-05,0.9501773427,0.0340617132,2.50665815,0.2725326053,0.5892760673,0.287192516,0.194568786,0.0667101329,0.123025646,0.0223065248,0.9362960729,0.0468924614,2.7990019158,0.4489602409,0.7150002198,0.376595607,-2.2466751440263053,1.0714617862311857,-3.1801306701642043,0
484,1203.3155238974234,44164,56,36.70192823321771,0.2387,0.030287126,-0.0526605495,2.4101155004,0.1535922905,0.2661,0.0339674845,-0.0751868494,2.6504129957,0.1061755374,0.4952,0.0368301507,-0.0707792398,2.6112350738,-0.0486179101,0.03755,0.0081699143,0.0497128368,2.4025705114,0.1403764022,0.3820588235,0.0877301444,0.8684360977,2.0068519142,-0.0198371154,0.1077124183,0.0793220599,0.9248420226,2.4655169,0.745012999,0.5102287582,0.0396258641,0.2695607171,2.7400894847,0.0168072091,0.0477777778,0.011623012,0.1467471818,2.8339359897,0.1065608586,0.500938596,0.304392635,0.0004832691,0.0003340191,0.9480513468,0.0342682524,2.3222886371,0.4659748686,0.0214262794,0.4560281689,1.8646e-06,8.154e-06,1.02596e-05,6.3299e-06,0.0304628624,0.1030792532,3.0616902634,0.4896837129,0.0479917481,0.2214875865,0.5045675,0.0169099621,0.0357441584,0.0030345949,-0.0043316621,0.1161786889,2.8266146628,0.5228817765,0.0523642207,0.185105262,0.448257621,0.3085276154,0.020645172,0.0139817297,0.9933021271,0.0019706165,2.6659314886,0.2298471415,0.910424384,0.1248369386,-0.0001480419,9.57471e-05,5.89454e-05,4.0463e-05,0.9603005016,0.0061561173,2.8732132262,0.3743820695,0.9744439553,0.1463223311,0.1702453519,0.0228689778,0.1390309279,0.0056765488,0.9623711574,0.0058433156,2.5826456621,0.1891317831,0.814054271,0.1175302384,-4.7561208141837845,-0.045440781300452204,1.7329717555078292,0
485,267.07310190996543,10270,6,38.453891187672575,0.2438,0.0283911958,0.1395467541,3.1825580028,0.0823047148,0.25735,0.0306549751,0.2713044556,2.7162921225,0.122562351,0.49885,0.0325257975,0.1204911754,2.7378908087,-0.102873754,0.0398,0.0087155034,0.0849082934,2.9335294954,0.083959987,0.4094329897,0.0986634295,0.9033067263,2.2342843048,-0.0489727902,0.0978865979,0.0780028913,0.9301805189,2.9497981243,0.9583498241,0.4926804124,0.0436307246,0.5286225155,2.9767519205,-0.358833239,0.046185567,0.0125544832,0.0746997322,2.3980198828,0.2778776056,0.4964513228,0.3021883111,0.0014374063,0.0008454903,0.9447012976,0.0476086254,2.3062247715,0.6021867348,-0.1018149453,0.5027484092,1.5234e-06,3.72416e-05,3.34406e-05,1.99338e-05,0.132911529,0.1539091681,2.827304803,0.3759275972,0.0637632965,0.2617544825,0.503425,0.0229802986,0.0375513143,0.0027702067,0.1003748275,0.1276316825,2.9847062026,0.4138310661,-0.0116249628,0.2383092501,0.4491569018,0.2804292787,0.0205302283,0.0134716604,0.9814024236,0.0167727848,2.2385200567,0.1847904873,0.6843522814,0.1716908561,-0.0003938391,0.000263399,0.0001815322,0.000113532,0.9599104204,0.0272986501,2.3084637648,0.1860615801,0.674945057,0.1908406296,0.1732208858,0.072508348,0.1434430653,0.0237424396,0.9421201229,0.0607663528,2.6629889751,0.3255437037,0.8848494552,0.2366847975,-0.8995265720205582,1.8707719320809033,1.443763838598013,0
486,330.6669486374918,12131,24,36.686460651678686,0.2773,0.0319485524,0.1098313828,2.5867054974,-0.0055217681,0.2534,0.0288,0.2134757719,3.3696286969,-0.2354580601,0.4693,0.0315912963,0.0089255665,2.918492412,0.1884383104,0.0337,0.0113934192,-0.061484502,2.7597380552,0.2711031051,0.4368584071,0.1122875471,0.8758284475,2.054653684,-0.1892880397,0.1035840708,0.0747398705,0.9169723496,2.6356663307,0.8156499561,0.4595575221,0.0519681553,0.4741648764,3.4159764597,-0.3673271761,0.0402654867,0.010040641,-0.0159039348,2.6315966516,0.5173356882,0.4959788732,0.3020214322,0.0012699737,0.0008610369,0.9266381378,0.0442550332,2.6405131886,0.8427050996,0.0034112006,0.567765634,5.069e-07,1.9126e-05,3.30334e-05,1.95705e-05,0.1926563369,0.1316776167,3.0066141276,0.5169084115,-0.0079318987,0.3031205125,0.5017525,0.0212154158,0.0389770863,0.0033517336,0.157922053,0.1351343383,2.9782908777,0.4320921439,0.0299623848,0.2443255387,0.4467416627,0.27348656,0.0253045076,0.0150234989,0.9872944359,0.0064893774,2.1085667035,0.1454095501,0.5907285487,0.1213493907,-0.000471164,0.0002938551,0.000203558,0.0001201277,0.9636647524,0.0233793722,2.2569165245,0.2216436054,0.6694201699,0.1369465463,0.1566726703,0.0236083569,0.140045973,0.0140324466,0.9523483474,0.0184835018,2.6261429701,0.3759695827,0.8890707513,0.1908016708,-2.13597538915566,-0.45308110541241886,1.333532034082949,0
487,435.6513807662047,16272,48,37.350966204632506,0.26005,0.0283592577,0.0463779096,2.9604460349,0.0736856764,0.2389,0.0292709754,0.1717278392,3.0722914631,0.1951322854,0.50105,0.0328351565,0.1168338627,2.5400605914,-0.0973435338,0.03745,0.0105946921,-0.1052481572,3.4974942924,0.2283202372,0.38,0.0792112838,0.7877523262,2.2087704965,-0.1529427049,0.1020610687,0.0826213432,0.9306000021,2.2096935961,0.6136958821,0.5179389313,0.0359435001,0.0405298112,3.0757578728,0.0176082327,0.043778626,0.0152346983,0.3470037522,2.396843631,0.3165874742,0.4939125588,0.3010036233,0.0010743376,0.0007813178,0.9623399729,0.0271633984,2.3064016261,0.6724061356,-0.0111753474,0.5321525,4.2696e-06,1.35787e-05,2.0676e-05,1.25212e-05,0.0549489245,0.1496730656,2.9329113853,0.3620282111,-0.0398552238,0.3140609188,0.503435,0.0209412398,0.0365684161,0.0031009989,0.0344059288,0.1323373515,3.0198833819,0.565798182,0.0195034673,0.2383916709,0.443444736,0.2758985276,0.0271965402,0.0167807427,0.9920238971,0.004072659,1.9885472279,0.0644591222,0.4751018371,0.0615778612,-0.0003137505,0.0001995665,0.0001484801,9.16597e-05,0.9745803916,0.004846077,2.0123566797,0.0687091729,0.4574281601,0.0570041735,0.1776966248,0.0161312185,0.1454919532,0.0051271248,0.962661764,0.0036981976,2.2234362354,0.1302343824,0.6712466538,0.0924590603,-4.189822258627135,-0.512869691617888,3.9964178388006864,0
488,181.53261812171772,6610,9,36.41218899607336,0.28365,0.0590120962,0.6696304366,1.9098834728,-0.1484509223,0.2581,0.0696016523,0.8145856569,2.8223876129,0.7834222158,0.45825,0.0412272665,0.3408703317,2.3392794638,-0.1660404621,0.0395,0.0110340382,0.2345880726,2.3596886608,-0.1635782015,0.6208,0.1546475347,0.9287361529,2.2529072756,-0.4663174667,0.0675,0.0663682906,0.880224239,4.1016736988,1.3315298561,0.3117,0.0980388188,0.8298882442,2.1816513189,0.0946114247,0.0387,0.0105503554,0.1577534396,2.6504821691,-0.0457219226,0.4924421361,0.2991125684,0.0040567158,0.0031661907,0.931521103,0.0491284256,2.3526330644,0.4647115112,-0.0663606856,0.3945381235,-1.19106e-05,0.0001026549,0.0001373087,9.05871e-05,0.4922274075,0.18702789,2.7241788296,0.3821371487,-0.0336041886,0.2766860373,0.49626,0.0289612267,0.0493606525,0.0126880153,0.4128908987,0.1861999183,2.8068640792,0.3207739505,-0.0421641726,0.2067053021,0.439166358,0.2659824358,0.0249397797,0.0152390045,0.9591643696,0.0145415124,2.3010320347,0.2210373843,0.7413427593,0.1344366144,-0.0013898951,0.0008660578,0.0006255667,0.0003804276,0.9409032449,0.0211753973,2.3460266676,0.2427620836,0.7429883692,0.1308241595,0.1495386408,0.0236963043,0.1500784516,0.0149343849,0.9304427335,0.013096224,2.6712733037,0.3466402568,0.9521909967,0.1640297773,6.069655829880341,-5.966224979162948,-1.8617470340377829,4
489,494.2764857695015,18227,54,36.87612201827439,0.26575,0.0349526465,0.0910148397,2.9619221952,0.0207144299,0.358,0.0428369,0.4565586707,2.9455480403,-0.3474556682,0.37625,0.0450964245,0.4828049415,2.4318310386,0.1544832016,0.0329,0.0079113842,0.0304115292,2.844786894,-0.1694799776,0.5231818182,0.11557772,0.8996653932,3.3106698005,-1.002556442,0.0826666667,0.0652304385,0.8732409425,5.9714336042,1.684927994,0.3941515152,0.0630503028,0.6547360269,2.9515674792,0.6095812125,0.0383636364,0.010775444,0.0589988687,2.6505435223,-0.0277457201,0.4995603303,0.3034575938,0.0004738791,0.0003089456,0.9439227504,0.0392640561,2.7827963899,0.8413778439,-0.2238594503,0.5749136084,-3.473e-07,8.7007e-06,1.41698e-05,8.6143e-06,0.3892547932,0.2324988831,2.963698214,0.6616058013,0.0678649254,0.330710352,0.484125,0.0409620266,0.0464929794,0.0061400011,0.3453384446,0.1966768673,2.774553664,0.4463170179,0.0639262295,0.2940555082,0.4656069603,0.3075033039,0.0143209796,0.0089529514,0.9930221564,0.0022387786,2.272842233,0.2454814975,0.6808969506,0.2481526809,-0.0001284823,8.09357e-05,5.16202e-05,3.47336e-05,0.9211643628,0.1206162492,2.4839706095,0.5239830554,0.6804244522,0.3527449095,0.1688720244,0.0680394509,0.1215911805,0.0269684693,0.8991996633,0.1623969022,2.6999624195,0.3407731012,0.8490748131,0.2926496359,0.5473858283025431,5.147508956452929,-8.84352463812061,0
490,603.8658426702254,22031,34,36.48326903634994,0.2389,0.0365894794,0.2471606486,2.5669499637,0.2808851955,0.2593,0.0347204551,-0.1519427184,2.3968948694,-0.2334341472,0.5018,0.0393288698,0.1149294605,3.0763943882,-0.0917823906,0.03655,0.0102882214,-0.0531123695,3.2429134661,0.0691794853,0.4491573034,0.1049364065,0.9049575731,1.8615333048,-0.1126692156,0.0951685393,0.071851319,0.9265976371,2.7393690249,0.8325120905,0.4556741573,0.0506319114,0.5315912969,2.3791040714,-0.0050833421,0.041488764,0.0114608463,0.0702388219,2.9971055317,0.279383452,0.4976478964,0.3033587053,0.0008807047,0.0006176385,0.9502978962,0.0306766762,2.3305608374,0.4357018373,0.0738835335,0.4284078934,1.3437e-06,1.88759e-05,1.77619e-05,1.09669e-05,0.0763015201,0.1423541456,2.8609347475,0.3112986638,0.0087045436,0.1505737203,0.500665,0.0210297652,0.0368611005,0.0029565215,0.0515523451,0.1113633284,3.021783306,0.5072098772,0.0882179608,0.2395428843,0.454789179,0.2926126461,0.0202401164,0.0122000017,0.9919937946,0.0032713852,2.1339338561,0.1416763409,0.5705396089,0.1533556981,-0.0002331449,0.0001361476,9.80703e-05,5.90382e-05,0.9633594492,0.014516981,2.4908477429,0.2445326406,0.7410062446,0.1758521122,0.1633596932,0.0446947626,0.1343858312,0.0129801933,0.9508343791,0.0216092901,2.7740195337,0.359000023,0.9076948738,0.2493090542,-3.553944265995212,0.22306208384810527,0.8994332058786079,0
491,436.59760657046735,16178,70,37.0547152722168,0.26115,0.0444907575,0.503901498,2.5701354239,0.0035848503,0.2581,0.0455235104,0.4418837929,3.1938104375,-0.4821054515,0.48075,0.0390920388,0.2250387104,2.5296190232,-0.1329527685,0.03855,0.0119015755,0.2353280659,3.6144384571,0.4748201186,0.5236153846,0.1296964138,0.9253584345,3.2199410118,-1.0623471076,0.0855769231,0.0667908176,0.8985395195,4.1176546922,1.2487473314,0.3908076923,0.0701586221,0.7706397151,2.9530309759,0.8398663391,0.0377307692,0.010192598,0.056625932,2.5469558789,0.0859810602,0.4998126107,0.3037733884,0.0009385032,0.0006338848,0.9435376471,0.0327211531,2.4507638036,0.5387647871,0.0467685699,0.4685321271,2.1977e-06,2.30958e-05,2.82859e-05,1.68865e-05,0.5097536722,0.1768427909,2.8178985359,0.5158382142,0.0411620007,0.2900111691,0.4948375,0.0379139086,0.0503932246,0.0092692795,0.4343632768,0.19780521,2.8216248846,0.3977220398,0.0576056004,0.3047524016,0.4544830551,0.2874848957,0.0218493235,0.0132278909,0.9910718806,0.0041817274,2.0727968759,0.1045883762,0.541210395,0.1359767014,-0.0002531353,0.0001492893,0.0001106907,6.54708e-05,0.9594552037,0.0322217197,2.2575500874,0.5225675997,0.6120724385,0.2036834022,0.1628017755,0.0303705002,0.1361116114,0.0189528758,0.9500020505,0.0338253341,2.4620619978,0.4733597201,0.7841919273,0.2457568466,-1.1630858622815483,-0.8696249097994931,-3.0188466797297506,0
492,500.7343493790289,18395,56,36.73604581513536,0.25155,0.0404085078,0.4822113485,3.3332435493,0.3114882584,0.2225,0.0407216159,0.5998636932,2.3350808285,0.1203969643,0.52595,0.0361779975,0.2028007887,3.28240159,-0.3941233125,0.0375,0.0106418983,-0.0467937608,2.9804979314,0.0995689506,0.5051271186,0.1088644427,0.8795409245,2.1094523592,-0.3867619977,0.0729237288,0.0572103103,0.9086576445,2.918180925,0.9593717125,0.4219491525,0.0618843711,0.6092501927,2.5724352739,0.1317652151,0.0395762712,0.0126487132,0.1719952623,2.8411866341,0.2209341807,0.4929739883,0.300821256,0.0010379282,0.0007356128,0.9536883052,0.0442368842,2.2216326036,0.5202723087,0.116364237,0.3548448946,2.934e-06,2.42177e-05,2.6667e-05,1.75619e-05,0.3474947454,0.1537593185,2.7880875171,0.3432982672,0.0870214509,0.1638719463,0.49854,0.0408123774,0.0468350017,0.0068301441,0.3461701175,0.1621075091,2.8326944273,0.4842725593,0.1176819106,0.1694928905,0.4525583319,0.2868011947,0.0193192473,0.0121636546,0.9893950893,0.0054171896,2.1659338434,0.230937041,0.5807124783,0.1783764826,-0.0002652673,0.0001697152,0.0001186007,7.3305e-05,0.9483655887,0.0616663506,2.4554679852,0.4305580362,0.7275766612,0.1155013377,0.1715236153,0.0713896991,0.1322294839,0.0247197143,0.934241277,0.0838140415,2.774924574,0.5077316781,0.9067282157,0.2432490646,-0.8160569510883443,1.7418418705817658,-2.4106943417178317,0
493,513.9895114658648,18571,64,36.13108747498896,0.2113,0.0437185315,0.3829045932,2.3834620325,0.2727834486,0.34555,0.0577100295,0.5376272793,2.2460709817,-0.1044179575,0.44315,0.0407102874,0.2282699135,3.0978405593,0.3848472201,0.03205,0.0092221201,0.1979551143,2.9091982549,0.1907296528,0.477173913,0.1270965577,0.926147072,1.9616572957,-0.2827703857,0.0797826087,0.0668495758,0.8853710141,3.0648158684,0.9796533951,0.4430434783,0.0716777076,0.7693162285,2.264668619,0.0014269194,0.0451304348,0.0119866025,0.039282135,2.282475544,0.3176347841,0.4963948265,0.3008698237,0.0013611003,0.0010331509,0.9269114222,0.0669902473,2.5749838425,0.9031868535,-0.2271047978,0.508192855,-5.3372e-06,3.39793e-05,3.5955e-05,2.28934e-05,0.3402126864,0.1978079378,2.9527352374,0.4867696033,0.0286604641,0.2424486251,0.4943975,0.0281331054,0.0417713413,0.0052567025,0.2395716911,0.1835975297,2.857852015,0.3560377223,-0.0472823364,0.1791858633,0.4517268827,0.2817514171,0.0206466678,0.0126791015,0.9867046316,0.0049392732,2.2804050163,0.2728760005,0.6909895954,0.1958028478,-0.0003827074,0.0002279288,0.0001529489,9.34102e-05,0.9545880164,0.0140722619,2.7917946727,0.4263489758,0.8540434809,0.2333507215,0.153844879,0.0450965207,0.1295407032,0.0098636483,0.9468563404,0.014977336,3.0929020541,0.5035440725,1.0035582452,0.2731687884,-1.0694111643482573,-1.86038888797044,-1.6549205860678777,0
494,675.1755102143396,24153,22,35.7729207215061,0.2607,0.0411583527,0.3038261785,2.8279526736,0.3309861619,0.23215,0.0376646718,0.1894143355,2.1615846584,-0.0892971127,0.50715,0.0368052646,-0.0098737594,3.0940671561,-0.054626484,0.0359,0.0125375436,0.0446332454,2.9752647166,0.4997309483,0.4447333333,0.1075496578,0.881473347,2.1101417189,-0.1961771137,0.0964,0.0745433207,0.9276461338,2.9539865795,1.0359323238,0.4588666667,0.0518817459,0.5383087797,2.8727679896,-0.2866436524,0.0363,0.0115098509,0.219541777,2.2582847057,0.0220647259,0.4958872726,0.3013155194,0.000608782,0.0004394302,0.9476382922,0.0317950357,2.5006965216,0.7370025468,-0.0035654186,0.495947637,5.797e-07,8.8374e-06,1.41635e-05,8.8639e-06,0.2081590496,0.1276769502,2.8372469487,0.3767955516,-0.0543950344,0.217470946,0.50235,0.0174906689,0.0389518482,0.0032988663,0.141588491,0.1367363177,2.9604116164,0.800312811,-0.0657440189,0.2481455372,0.4629695157,0.3011343083,0.015177348,0.0094138655,0.9918459746,0.0033683507,2.3156732974,0.1796266775,0.7175956576,0.1407386721,-0.0001607569,9.50225e-05,6.28045e-05,4.04942e-05,0.9638583569,0.0100496767,2.6698609977,0.4149111325,0.8120519831,0.2011887073,0.1458415109,0.0297399396,0.1305862569,0.0093348098,0.9633677863,0.0053824128,2.9078759692,0.4509340209,0.9722977496,0.2249071238,-3.615102817976826,-0.6366670826038356,0.05733499228376425,0
495,109.30342504233398,3908,24,35.75368291054378,0.25315,0.0439753056,0.3906933727,2.7606944965,0.1209753643,0.23385,0.0423429746,0.3955198943,3.8270872417,0.5085872907,0.513,0.0432261495,0.2338766486,2.2505676802,-0.1114116145,0.0422,0.0109617517,0.2806412199,2.6755495558,0.3995675307,0.6082876712,0.1721703107,0.9271795226,2.1908162851,-0.5721838853,0.0787671233,0.0821949771,0.8763948322,4.3780218536,1.4104355779,0.3129452055,0.0993914208,0.8755032761,1.8287915443,0.1586219644,0.0380136986,0.0104926499,0.1943863916,2.4698525543,0.1137056105,0.4845173995,0.2926680036,0.0040412388,0.0029194035,0.9288725895,0.0477128004,2.400858148,0.4735055147,-0.0283077029,0.4075175231,-5.19357e-05,0.0001437439,0.0001498396,9.76981e-05,0.5094565683,0.1885205767,2.76073908,0.4180946799,-0.0080415324,0.3120157981,0.493755,0.0336121663,0.0508048695,0.0115309361,0.4141987155,0.1790979161,2.9074949726,0.4624498231,0.0239553221,0.2669931695,0.4499357728,0.2729042896,0.023357891,0.0139929444,0.9473595288,0.0370902277,2.3004272704,0.3139462702,0.7303626326,0.1871742951,-0.0015394554,0.0009548109,0.0006800633,0.0004038986,0.9303914262,0.0431609615,2.2980210664,0.2403629764,0.7097056814,0.1540632526,0.1475102155,0.0258702727,0.1470810869,0.0213675947,0.9145441278,0.0381548846,2.647424285,0.416625623,0.9287168193,0.1912409909,9.93113840823933,-4.001750035563081,-2.9370696347844616,4
496,202.82129019439824,7608,42,37.510854963539366,0.2542,0.0508906671,0.5633043666,2.8866888033,0.4533673034,0.2575,0.0504008928,0.633410442,2.1401661476,0.0559435401,0.4883,0.0411291867,0.1759956205,3.3143330224,0.113218479,0.0418,0.0099378066,0.0947707451,3.9264099623,0.1766392845,0.4793548387,0.1299828893,0.8991107199,2.5382629374,-0.5435013727,0.0833870968,0.0695015328,0.8782997721,3.0710181625,0.9913151109,0.4372580645,0.06902359,0.7263269121,2.3564928635,0.0808079195,0.0457258065,0.0121763512,-0.11846619,2.9698645193,0.3737696588,0.4971143169,0.3005263243,0.0028388655,0.0020374415,0.9360447397,0.0384166022,2.5841578711,0.6977960967,0.1233248355,0.5410024401,-3.36255e-05,8.45316e-05,9.44978e-05,5.68238e-05,0.5539856635,0.1062759575,2.8264568034,0.5398639413,0.0327166354,0.3273759598,0.49077,0.0331816493,0.0507034664,0.0070066926,0.4714047449,0.0997890182,2.8485967749,0.4797340885,-0.0162705687,0.2732904123,0.4453330341,0.270141597,0.0210617137,0.0130050244,0.9686387271,0.0143706287,2.5655978444,0.7264630673,0.8216551615,0.2483672704,-0.000917659,0.0005610458,0.0003691846,0.0002271216,0.9347780725,0.038952674,2.9623167006,0.6210772857,0.9624422371,0.202156542,0.1338277458,0.0201574354,0.1401959777,0.0145280417,0.9350832956,0.0175772641,3.3663870797,0.5912525346,1.1910989126,0.2121955848,3.7682504534877426,-3.3865174530861935,-4.446861322286226,4
497,117.75778715146774,4467,45,37.93379705967346,0.2832,0.0716363036,0.7798447106,2.4878323404,0.0576677484,0.27505,0.076421512,0.807983062,2.6834899109,0.2952199139,0.44175,0.0578592041,0.5918341899,2.6200208806,-0.2128969147,0.0314,0.0095152509,0.2897940945,2.7188530696,0.1619109094,0.4872972973,0.1288073913,0.898793574,1.7701309481,-0.1322760739,0.0658108108,0.0604880322,0.8133552898,3.4593045493,1.140845651,0.4468918919,0.0820542944,0.7210392612,1.8790282141,-0.0875518083,0.0431081081,0.0145820767,0.2722511483,1.9799575958,0.1604204289,0.4837010898,0.293270468,0.0066149618,0.0046214127,0.9110928121,0.0584099927,2.6534881168,0.748443868,0.0659917788,0.5502587667,-1.86415e-05,0.0001517356,0.0002991849,0.0001982519,0.6030893133,0.1713756781,2.8198621358,0.5936499537,0.0567354669,0.3573762475,0.496335,0.0221611321,0.0557566105,0.010658442,0.5148948448,0.1738118758,2.8042475131,0.5087672548,0.0642531422,0.2834244338,0.4208287975,0.2554827949,0.0252811336,0.0164841195,0.9259690355,0.0224679642,2.7386181752,0.3367203932,0.9880565972,0.1541042647,-0.002408431,0.0014725699,0.000953391,0.0006206263,0.8987334182,0.0448999844,2.7988278599,0.3588119857,0.9722733356,0.1481001879,0.1277799563,0.0167421036,0.1395924145,0.0194469958,0.8841054319,0.0370610336,3.2348676498,0.4935577083,1.1669087027,0.1748018593,14.147521192950531,-8.535634196915638,-3.790025749028267,4
498,218.18854871228007,8073,35,37.00010861085872,0.25555,0.0401179199,0.2104401336,2.4371546228,0.2170667114,0.2238,0.0465087089,0.5847766967,2.2704992104,-0.0434265112,0.52065,0.0414768309,0.199370456,2.8415849552,-0.2730924156,0.04305,0.0108373198,-0.1210431372,2.813482685,-0.0229940913,0.4193846154,0.1408641126,0.9165565242,1.5705188933,0.0188715384,0.1318461538,0.0945335481,0.9131150655,2.0084176513,0.5769163095,0.4487692308,0.0656390525,0.6315603986,2.1106644584,-0.1117428394,0.0406923077,0.0108796537,-0.0916117035,3.7168374963,0.7272313559,0.4900182694,0.297403365,0.0020119126,0.0013527203,0.924258638,0.0494966495,2.5404529238,0.66723191,0.0242638457,0.478414739,-1.9878e-05,7.04305e-05,6.38196e-05,3.89232e-05,0.3395690104,0.1488549244,2.943841505,0.4242190221,0.0857948378,0.211369861,0.4888175,0.0284458225,0.0463829365,0.0064224276,0.3287232524,0.146814864,2.9134194978,0.4311419648,0.0500003246,0.2323318637,0.4361098039,0.2640114044,0.0231611063,0.0146892166,0.9744935277,0.0136259841,2.4424486826,0.4192972558,0.7780618085,0.1988255164,-0.0006852815,0.0004281921,0.0003035888,0.0001881175,0.9593930555,0.0116544155,2.2605512646,0.3157057302,0.6824085155,0.1833175375,0.1595225852,0.0271253469,0.1506641712,0.0163763758,0.9532449927,0.0088539878,2.4380101763,0.3817637389,0.8480331971,0.1980106575,1.1532947044751412,-2.7426888798653195,0.7065541777178146,0
499,787.5370699369457,28816,49,36.59002363191254,0.2565,0.0285700893,-0.0340254402,2.4359892029,0.012156772,0.22685,0.0304274136,0.0323851256,2.7350703691,0.2463238782,0.51665,0.0303566714,-0.0279379781,2.8142940294,0.1870523277,0.037,0.0110679718,0.0743916381,3.7278134111,0.7943493971,0.3911170213,0.0846493212,0.8362966848,2.2578097237,-0.0409908196,0.1007712766,0.0683919852,0.8672959388,2.7629037046,0.7182173576,0.5081117021,0.0388569837,0.1970163169,3.2713258452,-0.2193708753,0.0450265957,0.0114564084,0.1309761169,2.915024095,0.3755279711,0.4974565124,0.3020705863,0.0005442529,0.000332104,0.9508607336,0.0394732385,2.4195902195,0.5394512809,0.1284978005,0.4488780364,4.84e-08,6.0379e-06,1.14015e-05,6.7272e-06,0.004212493,0.1282494481,3.0197086047,0.4578697699,0.016997539,0.2548472033,0.4997625,0.0203705908,0.0352803527,0.0026252309,-0.000600451,0.131668661,2.8408941606,0.3412313388,0.0352937264,0.2194002072,0.4627710522,0.300952836,0.0165725938,0.0103493358,0.9929418495,0.0030470218,2.2007991767,0.1539163415,0.5949440214,0.1276426477,-0.0001488888,8.80657e-05,6.39237e-05,3.90974e-05,0.9605559803,0.0080837084,2.4113217872,0.0738169564,0.6733094558,0.0864048812,0.1803550862,0.0290379298,0.1383758737,0.0083893817,0.9573849246,0.0093252638,2.4277387081,0.1617462238,0.7399856998,0.1336869776,-4.6427396126063,0.4120558215550095,2.10074959287907,0
500,728.260529242672,26870,42,36.896136644865926,0.2513,0.0280679533,-0.0103284534,2.9940540422,-0.2400101563,0.2572,0.0314668079,0.0106256898,2.7637423721,0.1903027502,0.4915,0.0293726063,0.0558207337,3.4219585855,-0.1989150791,0.03875,0.0111663557,-0.011267249,2.760265325,0.3955895142,0.4018298969,0.0795614716,0.8035794326,2.2554800039,-0.0206138281,0.0765721649,0.0585915219,0.9011877858,2.8123442519,0.8151609368,0.5215979381,0.0418456072,0.2034746591,2.987178371,-0.3261149951,0.0491752577,0.0120924363,0.132614863,2.6147981191,0.0839491207,0.496495828,0.301478021,0.0006834342,0.0005155285,0.9499314036,0.0503715527,2.3885133604,0.6605994054,-0.0885511637,0.486116407,-5.242e-07,5.695e-06,1.38422e-05,8.4969e-06,0.0392046413,0.1237176003,2.9735238234,0.5255711876,0.0221455804,0.2369818824,0.4997975,0.0159141327,0.0359191894,0.001968173,0.0167568976,0.0972761887,2.8824419327,0.3657154711,0.0214683459,0.2241810634,0.4600914949,0.3083567628,0.0172986714,0.0106695913,0.9921974713,0.0033229083,2.4185104983,0.2585561566,0.7550670536,0.2365786289,-0.0001507951,9.43193e-05,6.29376e-05,3.73948e-05,0.9530352986,0.0306427903,2.5287330915,0.228611355,0.7232399287,0.2625653208,0.1787720659,0.0751087023,0.1306372597,0.0216001534,0.9446247717,0.0490450489,2.6369641278,0.2580348182,0.823003643,0.2947403049,-3.6095025748322245,2.2318863219147906,-0.3508609621898757,0
501,11.951247087206363,462,4,38.65705366384436,0.31855,0.1564277709,0.672843273,2.2308834681,0.2392643128,0.314,0.0971673814,0.6495232567,2.6912367206,0.3052089822,0.36745,0.0916883171,0.586925522,2.8139163415,-0.0282116441,0.0219,0.0082698247,0.2062744151,3.6422330612,0.8015194368,0.7826666667,0.1993394648,0.8419873706,4.0184832257,-1.3449622201,0.1,0.0937905468,0.8095706971,4.0417450603,1.190451406,0.1173333333,0.1093978468,0.8169761855,4.2356663069,1.5156030692,0.0181666667,0.0055502753,0.4510747412,2.0441465475,0.174051812,0.4406535212,0.2680554152,0.0147762593,0.0089991562,0.7420581466,0.0815578576,2.7812745618,0.4753382556,-0.0530645223,0.318129298,1.76764e-05,0.0011522842,0.0030399261,0.0018695672,0.6932523279,0.1001267719,2.8269976708,0.4375119724,-0.0706332432,0.285436342,0.4993125,0.0314080797,0.1247211795,0.019501276,0.6820999552,0.0961293892,2.6498032791,0.2930193027,-0.129647731,0.2204889086,0.4027326389,0.2457483697,0.0343181319,0.0226173065,0.5758338038,0.3647832023,2.1567163544,0.4487923474,0.6746156496,0.2646330653,-0.0133866982,0.0080402152,0.006886505,0.00461479,0.5732182245,0.3653501342,2.1421228818,0.4967248856,0.6330830147,0.2871462087,0.1510220543,0.0405431705,0.1646851909,0.0479815142,0.5138808902,0.3649362356,2.4299934549,0.568335361,0.8456052713,0.3767958545,140.33662348222703,-18.99173561074927,9.57038647458849,1
502,18.86401743915196,681,4,36.10047553214172,0.24945,0.0744207464,0.6525014621,3.0323462367,0.2527743177,0.21875,0.069793893,0.5753652625,3.6534775843,0.6659236705,0.5318,0.0777480546,0.6448665277,3.9868752406,-0.1901937432,0.0384,0.0135440024,0.2963010796,3.7813496546,0.4727721571,0.6515909091,0.1702430506,0.9084286653,2.1343515267,-0.55742748,0.0756818182,0.0844136925,0.6921962041,6.1402210666,1.9838303988,0.2727272727,0.1064801227,0.9576947601,1.59366864,0.1931554188,0.0311363636,0.0078235975,0.3843333741,1.6520664423,0.474796218,0.4680273019,0.2823004044,0.010126013,0.0060552299,0.8708292464,0.0472730838,2.5589022736,0.2576726816,-0.0074031869,0.3452195188,-0.000254462,0.0006601135,0.0010911207,0.0006381634,0.7575054829,0.094334577,2.7259461994,0.3560354887,0.0084991115,0.3249430216,0.489025,0.0411394898,0.0957991303,0.0181098973,0.7228408968,0.0975516191,2.564755766,0.2623194689,0.0265779948,0.2674326119,0.4398551971,0.2657869565,0.0248549744,0.0154270808,0.8075043322,0.107018902,2.2897502824,0.2820196083,0.7230926811,0.1623051832,-0.0055050479,0.0034667961,0.0025564904,0.001601512,0.804633857,0.0935350897,2.2179289535,0.3220360501,0.6772369757,0.1769447631,0.1557187032,0.0440358238,0.1614904209,0.0378499489,0.7796603396,0.088113317,2.4975267781,0.6202915716,0.8754709514,0.3035918606,52.465559884999266,-19.153862532417897,-15.728860311818476,4
503,31.97296488578748,1168,4,36.53086300167288,0.3159,0.0714401148,0.6207814128,2.6779627749,0.4008804745,0.21365,0.0703912459,0.7081044298,3.1800896421,0.7312305544,0.47045,0.0632024327,0.5416277781,2.7428045368,-0.4338281678,0.0285,0.0098107084,0.2408233545,3.372393321,0.2398651197,0.6977419355,0.1674035048,0.9190511741,2.3421395967,-0.5574425439,0.0630645161,0.0602371311,0.6905945075,5.4777055733,1.5270891919,0.2391935484,0.1147022567,0.9376394983,1.9549104625,0.2842904039,0.0248387097,0.0067780327,0.1945734131,2.7615209398,0.446923546,0.4677500029,0.2825616033,0.0081948925,0.0053074204,0.886583726,0.0558120052,2.9037761041,1.1712675331,0.0307711332,0.585470444,-7.43347e-05,0.0003399981,0.000608639,0.0003854888,0.729113574,0.1010986454,2.8891777255,0.9207478446,0.0302203146,0.5173326672,0.49776,0.0431125463,0.0735808127,0.0138863155,0.6790022818,0.1358706345,2.687875315,0.5876430922,0.0257018812,0.3853247366,0.4386467357,0.2657703486,0.0268940805,0.0154731977,0.8794635505,0.0377781095,2.4939051987,0.2354066598,0.8456901414,0.1226308496,-0.0041370483,0.0025589845,0.0018370315,0.0010705344,0.8674113341,0.0394119626,2.5153311587,0.2860524129,0.841095661,0.1320088908,0.1448168967,0.0269180526,0.1604984403,0.0244562557,0.8459741621,0.0359823991,2.8643292898,0.3743930505,1.0698901545,0.2005063158,28.870809012939215,-16.255799092203684,-8.526362069758846,4
504,27.474640804226905,1047,4,38.10786854177623,0.2744,0.0744656968,0.7552475776,2.4479741249,0.0205219227,0.21615,0.0589485157,0.6108637316,4.6436474791,0.6345566076,0.50945,0.0744879017,0.7395225412,2.4586109377,-0.1484449585,0.03755,0.0114563301,0.1681156699,2.6051731656,0.0768981913,0.5797297297,0.1699043688,0.9399579539,1.900127075,-0.6189824915,0.0921621622,0.1062349547,0.9237731813,2.7986093981,1.1446248219,0.3281081081,0.0771218004,0.8470624978,1.8326998569,0.3421830242,0.0363513514,0.0081081081,0.1382079685,2.3631842593,0.1671944444,0.4791239636,0.2902627095,0.0070620488,0.0045847152,0.9110413913,0.0417176039,2.2355550687,0.397646847,0.1336451073,0.3350309904,4.5869e-05,0.0001674423,0.0004127168,0.0002561185,0.678448078,0.1250873898,2.6048371888,0.5049564708,0.0389559677,0.2771820166,0.504265,0.0205726402,0.0677474208,0.0152541214,0.6149368079,0.1503988783,2.6798582573,0.5308804923,0.0632607124,0.2279546107,0.4276108578,0.2581397987,0.0266916426,0.0163865847,0.9165158983,0.0265936289,2.221677742,0.2185538492,0.6850103165,0.1453586684,-0.0031034057,0.0019875362,0.0013632711,0.0008327275,0.9048798816,0.0255269331,2.2270322249,0.2295467137,0.6665364173,0.141384506,0.1481951579,0.0320129985,0.1481401398,0.0209425866,0.878395809,0.0307421919,2.6164718685,0.5034512214,0.8979142233,0.2337794255,17.56789584097241,-10.137702343944207,1.2471023767942895,4
505,49.7735318206724,1866,4,37.489804957441166,0.2481,0.0528052081,0.5538616359,3.1664126661,-0.1696825664,0.26405,0.0612727305,0.5851349787,2.8950239036,0.1372462102,0.48785,0.0504095973,0.4080662357,3.2571757405,0.039610235,0.0359,0.0093909531,0.2824880222,2.307505863,0.0919573646,0.4836111111,0.1281687858,0.8696728864,2.3672844821,0.2916417513,0.1263888889,0.0792465484,0.9354678186,1.8312602709,0.1755488408,0.39,0.0641179469,0.59140625,2.7133044193,-0.3438026324,0.0327777778,0.0118112731,0.0254577158,2.6314315921,0.6890988485,0.4647122938,0.2827223211,0.0073815564,0.0048653006,0.9152066365,0.0254053052,2.4451453005,0.4636979599,0.0009485585,0.4009370541,-8.91643e-05,0.0002302582,0.0003605466,0.0002295397,0.6463478099,0.095279254,2.8136233759,0.4550033788,0.0830673655,0.3291127183,0.4903675,0.0366147248,0.0578852096,0.0075559169,0.568270718,0.1066682635,2.8465418309,0.4739732794,-0.0299220228,0.2622990269,0.4200771657,0.2547843978,0.0245514948,0.0158113332,0.9135302062,0.009609556,2.9688223702,0.4988871539,1.0354692415,0.2381067745,-0.0024655289,0.0015020041,0.0010091139,0.0006539384,0.8899681909,0.0204813947,3.0447385513,0.6772807164,1.018048924,0.2705764662,0.1420659418,0.0254336747,0.1475148208,0.0163153415,0.8976765845,0.0173103948,3.0092691013,0.7020571651,1.0661000035,0.2766686312,15.389567424095373,-12.246998548989522,-8.381682088738144,4
A,77.18418443273734,3196,42,41.40744666137109,0.2315,0.0490790179,0.595959068,2.3427359439,0.0694240701,0.22815,0.045763823,0.246353166,2.4119764576,0.0545008101,0.54035,0.0559207251,0.5696815925,2.7705877283,-0.5236125627,0.0515,0.0154191439,0.4186657516,2.7327667705,0.2064294432,0.5351020408,0.109009875,0.84943835,2.5204950442,-0.1316943298,0.0730612245,0.07328179,0.7833853567,6.7536524242,1.9803398531,0.3918367347,0.0614094146,0.7188709127,2.3513030813,-0.4686050393,0.0412244898,0.0142331394,0.3276867126,2.4287260061,0.2190259344,0.4631799401,0.280093672,0.0128754505,0.00888035,0.934265313,0.0357547407,2.4645105674,0.4261411777,-0.0168549656,0.5035366662,-0.000100857,0.0002910274,0.0004805783,0.0002923341,0.6074533581,0.139842151,2.7088648924,0.4232035222,0.0470830964,0.3693563706,0.4945725,0.0248903067,0.0611241137,0.0105945786,0.5786917895,0.1168903547,2.7065600815,0.3842416508,0.0542234517,0.2977005248,0.3656769047,0.2211159237,0.0363759803,0.022166534,0.9243816613,0.0097534342,3.8539796055,0.6612551633,1.3673143199,0.2258173305,-0.0032200145,0.0019926322,0.0011637317,0.0007074982,0.9035638034,0.0280643341,3.4191941067,0.6221980725,1.2227524811,0.2256101464,0.1335619538,0.0246027334,0.1484278608,0.0230805968,0.9203147615,0.0340695337,3.2966198866,0.7433342264,1.2235269367,0.2527382817,20.228867893574687,-16.805980141501625,-10.954824630940008,4
B,186.55623040925312,6974,15,37.38283082103964,0.2371,0.0362986226,0.357950944,2.9972987723,-0.285563867,0.27835,0.0329549313,0.19901844,3.4909216072,0.2105779915,0.48455,0.0341620769,0.1031347772,2.85826576,-0.0282964548,0.0392,0.0101173119,-0.2820061145,2.9498531033,0.2039149859,0.4057857143,0.0905563586,0.8883770726,1.7971896324,-0.0608329805,0.1109285714,0.0829039584,0.917908324,2.1925905192,0.5272503745,0.4832857143,0.0342770822,0.2450316699,3.6942932777,0.122228364,0.0427857143,0.0130284226,0.3118834358,2.4108957927,0.029482896,0.4943142216,0.3018574309,0.0043595274,0.0028493501,0.9426975868,0.0380565316,2.302702601,0.4209846886,0.0175795589,0.3249402466,3.21756e-05,9.22771e-05,0.0001019951,6.17367e-05,0.1904610919,0.1343275014,2.960059218,0.484957152,0.0945489621,0.1826824924,0.5082275,0.0227181341,0.0386415933,0.0034401155,0.1405827044,0.1276596198,2.8759740334,0.2914692979,0.0431229767,0.2022575123,0.3821099735,0.2320017788,0.0489595498,0.0302186542,0.9802839065,0.0059368951,2.4838940105,0.2121882172,0.8286381055,0.1113650306,-0.0012211402,0.0007455588,0.0005083,0.0003127589,0.9573262093,0.0101390605,2.5275980627,0.223988168,0.8210273681,0.106533456,0.1474140297,0.0209260276,0.1410542998,0.0111055876,0.9522044424,0.0093188792,2.7945950119,0.3259138849,0.9865761029,0.1421458965,0.9092448134917347,-3.786095916520367,4.712579609805437,0
C,170.51395051707175,7090,8,41.580175572145656,0.2717,0.0500810343,0.5397816283,3.1880010495,0.0171065003,0.26105,0.0377179997,0.1354612138,2.7514490201,0.4237607044,0.46725,0.0518477338,0.4542688039,2.2425437487,0.0473867336,0.03505,0.0111241854,-0.1417294859,3.9598118618,0.7392815981,0.4911413043,0.1148796707,0.8753499073,1.9743635625,-0.2672423076,0.085923913,0.0697547308,0.9133399506,2.8838762996,0.8030800554,0.4229347826,0.0552029466,0.6000037637,2.1248388066,-0.1522263649,0.0427173913,0.0100923196,0.0055652558,2.6476193791,0.2301193604,0.4894537255,0.2992675146,0.0047510148,0.0033951956,0.927701108,0.0531690458,2.5701996066,0.8286796216,0.149661268,0.5331542592,9.7418e-06,0.0001311228,0.0001185712,7.53975e-05,0.2428021173,0.1789888051,2.7810395535,0.4287875979,0.0774378435,0.1716779344,0.499765,0.0311793405,0.0406447407,0.0040618415,0.1824280801,0.1885798233,2.7447044114,0.4276800828,0.0373697159,0.1826121638,0.3921344703,0.2362612576,0.0494383242,0.0298881503,0.9782409465,0.0052423909,2.5222023783,0.216593555,0.8446495551,0.1040146082,-0.0013458694,0.0008434323,0.0005446587,0.0003303633,0.9569162424,0.0068367688,2.507507783,0.2743923454,0.8021675079,0.1240190936,0.1539309835,0.0215207239,0.1434493176,0.01236374,0.9502085354,0.0096162209,2.6748735352,0.3472473586,0.9255779602,0.1511246401,3.15424049310575,-6.109323615741779,1.8742170180221631,0
D,319.24446978061104,10398,45,32.570650345628984,0.2328,0.0312195452,-0.0643082197,2.3899404681,-0.0673414698,0.26045,0.0328260186,0.0717256771,3.3424714053,0.2291095413,0.50675,0.0379102559,-0.1334285369,2.4751243662,0.0451627939,0.03805,0.0097952795,0.1377807041,2.752241128,0.1223172645,0.37805,0.0726357178,0.7517728751,2.151663328,0.0013059204,0.0894,0.0648046295,0.8906866502,2.4210925556,0.685303612,0.53255,0.0389261801,0.1907745635,2.4328704634,0.0143351162,0.0464,0.0128078101,0.416981523,2.593047675,0.4156548492,0.4952071902,0.3016113704,0.0031530988,0.0026416313,0.9508647461,0.0408640407,2.2393287942,0.5754055771,-0.0671594984,0.4779554221,-4.8256e-06,3.23465e-05,5.86171e-05,3.83107e-05,0.107710512,0.1312815565,2.9898543936,0.4212851281,-0.0329046504,0.2583833817,0.496805,0.0196038893,0.035615358,0.0031860276,0.0759554139,0.0995917538,2.9177743525,0.3926153501,-0.0073267313,0.1861098906,0.3905858212,0.2629504249,0.0470924544,0.031159817,0.9856870791,0.0125201724,2.2019438581,0.1470647632,0.6604415664,0.1807014719,-0.0006243671,0.0004341509,0.0002870526,0.0001890775,0.9072228238,0.2219821804,2.2275274567,0.1914066825,0.6365236561,0.2477687101,0.1853348195,0.0817004464,0.1381057134,0.0303439358,0.8696845262,0.3263880213,2.5253993553,0.207957458,0.8219524869,0.1966639686,4.659506546223517,10.996906188786065,-5.99909721347047,2
E,259.420057822752,11478,40,44.244844043024266,0.2325,0.0508453538,0.6395679087,2.327386203,0.174593821,0.26225,0.040548582,0.4559112859,2.527634296,0.504565177,0.50525,0.0415774879,0.246588971,2.8272118932,-0.0449781492,0.03845,0.0105046418,0.0594282037,3.138319975,0.3153917025,0.4347777778,0.0754685774,0.6821422906,3.1765087786,-0.5810805618,0.0848888889,0.0538824738,0.9001589485,2.566474968,0.564269963,0.4803333333,0.0411825206,-0.0058082412,3.0892901032,0.4395979532,0.0418888889,0.0128577209,0.3495533323,3.7241667095,0.7348323715,0.5128133166,0.3098369421,0.0024615903,0.0015159248,0.9298089657,0.0328834063,2.5903943474,0.6118771171,0.1248272659,0.3896393566,2.6699e-06,6.41196e-05,8.06488e-05,4.7798e-05,0.3743615822,0.1060688432,2.9039096814,0.400680834,0.0696764154,0.277448945,0.50047,0.0229863405,0.0461062003,0.0059917062,0.3455351397,0.1246021524,2.8555850776,0.4009890824,-0.0044823622,0.1740488757,0.3903219537,0.2501504863,0.0416324187,0.0252219798,0.9849841603,0.0038437469,2.6132375533,0.3275144366,0.9011142447,0.2134364686,-0.0006572052,0.0003896503,0.0002843468,0.0001747628,0.9504385583,0.0148448717,2.4792925301,0.3611437911,0.7898688646,0.2132024953,0.1670479064,0.0470175964,0.1420592976,0.0197724675,0.9540359517,0.0277139239,2.4654263534,0.3956484567,0.8078771133,0.2588677352,-0.09716887614664349,-2.251846035111749,-0.7421250500946198,0
F,299.2729465721798,11536,12,38.54675182682342,0.26505,0.0340697446,0.2884007812,3.1592463444,0.2230201544,0.27425,0.0414751432,0.378728852,3.5802172512,0.5268355418,0.4607,0.0387557738,-0.047238686,3.9668719402,-0.6830183587,0.03485,0.010427248,-0.0483234866,4.0898775531,0.7278468129,0.4768,0.0848484531,0.8399164395,2.4418296568,-0.3347149871,0.074,0.0558972271,0.9084124388,2.906451398,0.8668264063,0.4492,0.0430622805,0.3662753429,2.7588911886,-0.0366489059,0.0402,0.0123474694,0.0069004358,2.9156747871,0.2847369839,0.4972014854,0.301319985,0.0023798459,0.0015294633,0.9437633035,0.0388441884,2.2341865081,0.455885129,0.0583389507,0.3596863644,1.145e-07,5.3871e-05,5.9766e-05,3.70787e-05,0.2143026238,0.1718811164,2.8648296424,0.3044108678,-0.0123674371,0.2124599076,0.5045775,0.0282184535,0.0391615111,0.004150774,0.1617565375,0.1583616955,2.9660429263,0.4248071392,-0.0557365034,0.239469224,0.384570159,0.2596985029,0.0470981523,0.0306460855,0.9873300361,0.0055485476,2.4543335182,0.3319121784,0.7907665187,0.2611778331,-0.0006269817,0.0004177733,0.0002577512,0.0001686726,0.9245264162,0.1277431572,2.6769789026,0.6522451089,0.833589223,0.2558618949,0.1821726673,0.0756033425,0.1338355766,0.0273855847,0.9142680784,0.1615731304,2.8108012102,0.7214092067,0.77247917,0.4909091329,2.584999741719077,3.787106379320248,-5.025376312555977,0
G,263.1255940121975,14602,35,55.49441153688419,0.23635,0.0340430242,-0.0770417742,2.6436807389,-0.2769056047,0.28785,0.0329412735,-0.0083829896,3.1412172409,-0.1230851854,0.4758,0.0338948374,-0.0975862012,3.7751333419,-0.371921385,0.0376,0.0101113797,0.1241153075,3.1925658673,0.6311277928,0.4075446429,0.0808216609,0.8748562515,1.9159680498,0.1077438715,0.0911160714,0.0725852634,0.8952332303,2.0784271423,0.5777869186,0.5013392857,0.037110971,0.2488199832,2.9907516162,0.1724619921,0.0413392857,0.0116493053,0.2180916509,2.791279377,0.3228477129,0.4771321857,0.2905960865,0.002940909,0.0021313289,0.9306090101,0.0388519759,2.2560049573,0.4198766399,-0.0897016889,0.2503808342,6.9311e-06,7.14532e-05,6.76652e-05,4.16726e-05,0.1107992648,0.1285133278,3.0244901413,0.4009402885,-0.0301483996,0.2276609912,0.504515,0.0244564414,0.0363506158,0.0033399071,0.0728672239,0.1182088794,2.9748696186,0.3507428996,-0.1000129418,0.1728347947,0.3861018975,0.2548606145,0.0443964749,0.0280825582,0.9852363657,0.0033544327,2.502256266,0.2808768252,0.8148977295,0.2471617836,-0.0007894872,0.0005257485,0.0003276765,0.0002043622,0.9513308802,0.0405024783,2.5544936348,0.2698037152,0.7720748723,0.3520557076,0.1715834838,0.0752180239,0.1364797511,0.022653661,0.9439800611,0.0615897676,2.6853487433,0.3215682068,0.881934119,0.3286699501,1.1911571934227678,-1.441593724523381,0.6879148962231504,0
H,353.71153527842233,19458,40,55.0109285655152,0.2424,0.0309150449,-0.008308526,2.7123940945,-0.1792973135,0.26595,0.0330884799,0.0129039621,2.9011950559,0.1687306246,0.49165,0.0333545724,-0.0254376279,2.9972348761,-0.1270014178,0.03305,0.0107446498,0.0169086717,2.8978803086,0.3297473263,0.4700289017,0.1093497559,0.9046215788,2.0430400075,-0.2904163722,0.0793641618,0.0704764979,0.9237861922,3.734757016,1.2799719395,0.4506069364,0.0573505231,0.6612183563,2.3942380885,-0.0422186343,0.0424855491,0.0112335207,-0.0209114949,3.3118768626,0.3784263911,0.4977840738,0.3038755575,0.0023976948,0.0018355301,0.9358328357,0.0388312679,2.3741896824,0.5948986238,0.0261883955,0.4261522896,-6.5896e-06,4.80003e-05,6.05666e-05,3.79828e-05,0.3024463499,0.1133834509,2.9164159203,0.3666868814,0.0251008265,0.2864237952,0.49756,0.0255815441,0.038803969,0.0033253553,0.1911917819,0.1060771007,2.9110091398,0.4095106517,0.0556899584,0.297192851,0.3735715303,0.2406102417,0.0550056729,0.0336283609,0.9906412753,0.0030567686,2.2532504586,0.1686751227,0.7155121116,0.1298548757,-0.0007623281,0.000466537,0.0002742057,0.0001711188,0.9608681072,0.004816331,2.9967584509,0.4273808285,0.9429417428,0.1806736351,0.1355038873,0.0180423091,0.1272760369,0.0084039924,0.9524814497,0.0107742051,3.4394900227,0.5171548216,1.144165548,0.1812291384,-0.6692575764510351,-3.9626824997425434,0.42737657007608837,0
I,588.6254831340942,20211,36,34.33592424913033,0.26845,0.0332392464,-0.0795143338,3.348070677,-0.2674655668,0.2221,0.0320326396,-0.0747824708,3.9033371007,-0.0767037705,0.50945,0.0331955946,-0.034182553,3.3151495681,-0.3455560008,0.0337,0.010644717,0.0675814776,3.2212032767,0.4718357083,0.3939810427,0.0778641399,0.7844957826,2.2775891999,-0.0677718568,0.1015165877,0.0774417589,0.930909311,2.2295667018,0.6666034053,0.5045023697,0.0406215191,0.1281798365,2.9003035032,-0.1952206254,0.0447393365,0.0133598861,0.3045689193,2.9053912888,0.2779115442,0.4943650292,0.2989289975,0.0014493348,0.001150599,0.9217838706,0.0470190666,2.771830792,0.870970934,0.1661666303,0.5147443295,-3.2977e-06,1.85059e-05,3.38071e-05,2.09579e-05,0.0219285628,0.0793339248,3.0003762548,0.4174390087,-0.0154878214,0.1691324123,0.4987375,0.0130605022,0.0355713418,0.0020485409,0.0320371986,0.126011933,2.9531130576,0.8198398781,-0.0280148803,0.2600735115,0.4016233904,0.2962804049,0.0392159734,0.0284557479,0.9896089049,0.0084904383,2.4039129921,0.2817094537,0.738105222,0.2777399961,-0.0003115044,0.0002404407,0.0001348061,8.90026e-05,0.8149051766,0.4030090548,2.568552467,0.1699521637,0.639438733,0.4978477192,0.1975211217,0.1094529515,0.1284034439,0.0328218005,0.8473579729,0.3074076193,2.7505472853,0.3049410594,0.67368558,0.6357142819,5.462221804384218,16.524006563225345,-10.993367317071067,2
J,442.0947662723084,21634,75,48.93520948554847,0.26385,0.0273391203,-0.0442617724,2.7621461985,-0.0839827435,0.25245,0.0310684325,-0.0582664698,3.4663292841,-0.1539920409,0.4837,0.0352393246,-0.1521142745,2.9347242566,0.0266851334,0.03325,0.0099592921,0.0404567927,2.6214969691,0.0023726073,0.3570402299,0.084172808,0.8294794957,2.2483527932,-0.3015366337,0.0963505747,0.0732441051,0.899432272,2.6692507389,0.7698790041,0.5466091954,0.0367501212,-0.0681753023,2.941078674,0.0350608997,0.0453735632,0.012571798,-0.0024199248,2.4966491786,0.4470095285,0.4992688625,0.3039284879,0.0021203404,0.0011735452,0.9607113343,0.033356313,2.2484332313,0.6276756838,-0.088542516,0.4846842575,-3.3268e-06,2.05145e-05,4.60532e-05,2.71323e-05,0.1387381283,0.149384625,3.0082875295,0.4725144127,0.0157212751,0.2419211954,0.4947375,0.0172491295,0.0377207048,0.0030223423,0.0985977927,0.1068404173,2.868837067,0.3644833493,0.0456709533,0.2267053342,0.3883138968,0.2672725268,0.0447688464,0.0272752435,0.9911879681,0.0025314091,2.5221361548,0.2704851867,0.8179350676,0.2191488236,-0.0004435161,0.0002667739,0.0001879945,0.0001159756,0.9566416266,0.0165933579,2.6566712745,0.3263907828,0.8315162069,0.2103802911,0.1685730841,0.0619905059,0.133848689,0.0145240114,0.9543840472,0.023287079,2.7548504414,0.4247449978,0.9066347946,0.2564348125,-2.253539100427808,-1.0756646080457744,0.7481081572077645,0
