Instance_ID,total_area_km2,total_available_points,total_fixed_turbines,density,pareto_rw_INF_avg,pareto_rw_INF_sd,pareto_rw_INF_r1,pareto_rw_INF_kr,pareto_rw_INF_sk,pareto_rw_SUP_avg,pareto_rw_SUP_sd,pareto_rw_SUP_r1,pareto_rw_SUP_kr,pareto_rw_SUP_sk,pareto_rw_INC_avg,pareto_rw_INC_sd,pareto_rw_INC_r1,pareto_rw_INC_kr,pareto_rw_INC_sk,pareto_rw_IND_avg,pareto_rw_IND_sd,pareto_rw_IND_r1,pareto_rw_IND_kr,pareto_rw_IND_sk,pareto_aw_INF_avg,pareto_aw_INF_sd,pareto_aw_INF_r1,pareto_aw_INF_kr,pareto_aw_INF_sk,pareto_aw_SUP_avg,pareto_aw_SUP_sd,pareto_aw_SUP_r1,pareto_aw_SUP_kr,pareto_aw_SUP_sk,pareto_aw_INC_avg,pareto_aw_INC_sd,pareto_aw_INC_r1,pareto_aw_INC_kr,pareto_aw_INC_sk,pareto_aw_IND_avg,pareto_aw_IND_sd,pareto_aw_IND_r1,pareto_aw_IND_kr,pareto_aw_IND_sk,decomp_rw_FV_avg_avg,decomp_rw_FV_avg_sd,decomp_rw_FV_sd_avg,decomp_rw_FV_sd_sd,decomp_rw_FV_r1_avg,decomp_rw_FV_r1_sd,decomp_rw_FV_kr_avg,decomp_rw_FV_kr_sd,decomp_rw_FV_sk_avg,decomp_rw_FV_sk_sd,decomp_rw_FD_avg_avg,decomp_rw_FD_avg_sd,decomp_rw_FD_sd_avg,decomp_rw_FD_sd_sd,decomp_rw_FD_r1_avg,decomp_rw_FD_r1_sd,decomp_rw_FD_kr_avg,decomp_rw_FD_kr_sd,decomp_rw_FD_sk_avg,decomp_rw_FD_sk_sd,decomp_rw_IN_avg_avg,decomp_rw_IN_avg_sd,decomp_rw_IN_sd_avg,decomp_rw_IN_sd_sd,decomp_rw_IN_r1_avg,decomp_rw_IN_r1_sd,decomp_rw_IN_kr_avg,decomp_rw_IN_kr_sd,decomp_rw_IN_sk_avg,decomp_rw_IN_sk_sd,decomp_aw_FV_avg_avg,decomp_aw_FV_avg_sd,decomp_aw_FV_sd_avg,decomp_aw_FV_sd_sd,decomp_aw_FV_r1_avg,decomp_aw_FV_r1_sd,decomp_aw_FV_kr_avg,decomp_aw_FV_kr_sd,decomp_aw_FV_sk_avg,decomp_aw_FV_sk_sd,decomp_aw_FD_avg_avg,decomp_aw_FD_avg_sd,decomp_aw_FD_sd_avg,decomp_aw_FD_sd_sd,decomp_aw_FD_r1_avg,decomp_aw_FD_r1_sd,decomp_aw_FD_kr_avg,decomp_aw_FD_kr_sd,decomp_aw_FD_sk_avg,decomp_aw_FD_sk_sd,decomp_aw_IN_avg_avg,decomp_aw_IN_avg_sd,decomp_aw_IN_sd_avg,decomp_aw_IN_sd_sd,decomp_aw_IN_r1_avg,decomp_aw_IN_r1_sd,decomp_aw_IN_kr_avg,decomp_aw_IN_kr_sd,decomp_aw_IN_sk_avg,decomp_aw_IN_sk_sd,PC1,PC2,PC3,Cluster_Label
0,1137.9264919271588,42616,45,37.450573742972445,0.24985,0.033522045,0.0540344917,3.0891031634,0.1234264591,0.2452,0.0317641307,-0.0288211983,3.274583726,0.1347827203,0.50495,0.0387781833,-0.0190062325,2.8793803048,-0.0539023805,0.03605,0.0101315103,0.0151830055,2.6718203388,-0.0487966433,0.3928138528,0.0837699642,0.8381004295,2.0075817656,-0.0824295116,0.104047619,0.06048829,0.8931821852,2.5033419395,0.5888419314,0.5031385281,0.0412966025,0.3034503229,2.9468201928,-0.1739855196,0.0422510823,0.0105640568,0.036304113,3.0443023776,0.1919326639,0.4975422178,0.3019958969,0.0005830481,0.000504772,0.9552965579,0.0289811373,2.2541328127,0.4946260631,0.1417823898,0.3944961892,-1.1743e-06,6.0946e-06,1.03073e-05,6.1179e-06,-0.0020014892,0.0978527636,3.0419596921,0.3005873626,-0.1002714291,0.2489929075,0.4980175,0.0160893853,0.0361968631,0.0023132182,-0.0295615245,0.1115447867,2.9033107091,0.3820993487,-0.0454413631,0.2594824076,0.4474370107,0.3096638974,0.0253810159,0.0157808551,0.9954744111,0.0028993772,2.1460067119,0.2518058457,0.5686492176,0.1784599271,-0.0001307269,7.81922e-05,6.01179e-05,3.65385e-05,0.9705699688,0.0082139371,2.2864869819,0.2556800814,0.5935365635,0.1815590258,0.1788478904,0.0264397079,0.1423809369,0.0111574764,0.9616809204,0.0059466518,2.4681763128,0.185812125,0.7668310795,0.1713618229,-4.52964453278975,0.23300302216047356,2.085014816684597,0
10,527.9065135699819,19517,64,36.97056107153474,0.25935,0.0321298537,0.1589208335,3.9290895388,0.1881923304,0.23995,0.0335670597,0.2222528592,2.8400592359,0.1948030259,0.5007,0.0376896538,0.1987052528,2.8290630177,-0.2246216694,0.03465,0.0093609561,-0.0444070571,2.9199350483,0.5587157103,0.4842944785,0.1203610077,0.9193852613,1.871841538,-0.3259435506,0.0748773006,0.0730029643,0.9293715879,3.3538167431,1.1917888769,0.4408282209,0.0632073805,0.7315398808,2.1303341372,-0.0952957148,0.0428527607,0.0111867763,0.0306986684,3.0544925169,0.4853998463,0.4981557596,0.3023620209,0.0012479653,0.0009465294,0.9407897146,0.0480089717,2.60985796,0.6156940335,0.080768716,0.4735626852,-8.2576e-06,2.0461e-05,2.75306e-05,1.70547e-05,0.0921216796,0.1170769985,2.7728565551,0.3778249065,-0.0038435553,0.2037997079,0.49197,0.0198882591,0.0375528854,0.002785148,0.0533938769,0.0988750404,2.8827555241,0.4233826336,-0.0236683557,0.2389504412,0.4496676157,0.2786535724,0.0217861476,0.0128159742,0.9884249745,0.0050171092,2.1742963772,0.2243417301,0.6224312281,0.1484722791,-0.0003518133,0.0002130707,0.0001529332,8.93103e-05,0.9666869522,0.0082008711,2.2979066216,0.3407884711,0.6624925287,0.1887615095,0.1603555783,0.0226753415,0.1426395608,0.01030306,0.9575217648,0.005625724,2.6124775289,0.3328326915,0.8803800294,0.1711761799,-2.6895703414205108,-1.2245149657239534,0.8516691935713221,0
101,125.15820717651792,4727,26,37.76819839975205,0.2872,0.0344696968,0.1181351615,3.3292377443,-0.2819523574,0.30135,0.0618257835,0.6682951948,2.4247949912,0.4804217179,0.41145,0.0519629435,0.6073306165,2.3753932195,-0.0515113909,0.0334,0.0083630138,-0.0108075017,3.1103172792,0.1022517708,0.4176415094,0.075019518,0.7063156749,2.5995432097,-0.3010906751,0.0724528302,0.0698017587,0.9082005413,2.7089484313,1.0485320382,0.5099056604,0.0433990975,0.1717015508,3.6158269374,0.0284785051,0.0494339623,0.0142967333,0.288714954,2.6559390025,0.4432898449,0.495079052,0.3013941139,0.0026130788,0.0015993181,0.9293093226,0.0411085377,2.5264934776,0.5409400269,0.2210994192,0.3553109303,7.487e-06,9.03635e-05,7.44098e-05,4.49767e-05,0.3282574737,0.1490103736,2.7356938718,0.2519354091,0.0423097994,0.2371447298,0.4983,0.0340958465,0.040975103,0.0044720451,0.2579974215,0.1432719483,2.8712977776,0.4603096396,0.0863134758,0.2561191033,0.4488554894,0.2724651052,0.0190632383,0.0118808925,0.9676759568,0.0076249804,2.5780957999,0.2029312803,0.8623324029,0.1064907005,-0.0007643223,0.000465789,0.0003130283,0.000196828,0.9437562346,0.0109706905,2.6546092891,0.195357204,0.8623190578,0.0885352834,0.1447851744,0.0164251969,0.1430851291,0.0131580991,0.9397888534,0.012313353,2.8500025953,0.3331070765,1.0180337935,0.1342602063,0.7266240678018224,-2.9590129493692907,0.15163186895261657,0
102,872.1210322876741,32850,54,37.66679025482353,0.26815,0.0328759411,-0.0138285765,2.7135235966,0.0376738783,0.2554,0.0323239849,0.027060734,3.2729145414,-0.1265455348,0.47645,0.0335208517,-0.0059479433,3.1703645162,-0.1356585948,0.03555,0.0105805246,0.0455079091,2.5419200578,-0.0874908934,0.4064516129,0.0872207259,0.8415122251,2.2033166768,0.2183095622,0.1037788018,0.063083274,0.8756867954,2.3486138498,0.5994967143,0.4897695853,0.0466696637,0.3592685527,3.2979982582,-0.394486649,0.040483871,0.0113742764,0.0967935959,2.8888715208,0.1271360773,0.4977478701,0.3023856483,0.000502491,0.0003866876,0.9404426725,0.0341998973,2.8373731917,0.9080090714,-0.0054515715,0.6116114234,1.047e-07,6.9035e-06,1.07414e-05,6.5308e-06,0.0103644527,0.0947138968,2.7825807741,0.3657175262,-0.0732270384,0.2037109592,0.499085,0.0186593616,0.0350188027,0.002167823,0.0526637169,0.1164185719,3.0039750483,0.3877728392,-0.1278385199,0.1922425047,0.4529301121,0.3089515539,0.0209999961,0.0142039309,0.994725098,0.0035582299,2.0637242531,0.3199222746,0.4883789507,0.2404816314,-0.0001227454,8.64533e-05,6.06478e-05,4.03762e-05,0.9104608375,0.1680362184,2.2798712632,0.5349454126,0.4557696143,0.2946989564,0.2076055577,0.0988876591,0.1301850308,0.0327028195,0.8804062049,0.2234648279,2.5318314651,0.5128268703,0.6791657331,0.1996917437,-0.239236897361738,9.848470071669349,-5.708125268362836,2
103,226.0273317322685,8293,6,36.69025306117906,0.33855,0.0578977331,0.4757527548,2.6552811324,-0.0796899268,0.213,0.0469201449,0.5052952963,5.3232017338,0.9277533201,0.44845,0.0460309407,0.2973955658,2.800598453,0.2522246816,0.04015,0.0112573309,0.0651010111,2.8791105198,0.2202553603,0.6042366412,0.1600816505,0.9444308707,2.9353620125,-0.9703896533,0.0912977099,0.095780418,0.9143885184,7.080664639,2.0122900169,0.3044656489,0.080367125,0.8364171974,2.5908050058,0.5564608215,0.0363740458,0.010503606,0.2093769014,2.9030622734,-0.0636720028,0.4937503919,0.300003098,0.0013804362,0.0009416459,0.9138666133,0.0470445712,2.4237146232,0.5658654834,-0.1426027637,0.4052357909,-2.00662e-05,3.7292e-05,8.36171e-05,5.91814e-05,0.6648340918,0.1356498233,2.5109904609,0.4186469906,-0.0899933415,0.2286849358,0.4867275,0.0210761208,0.05695934,0.0088844784,0.4977170352,0.1340087,2.617252721,0.2755905231,0.0860696887,0.2272799974,0.458350401,0.2786832655,0.0167920108,0.0100896813,0.982546093,0.0038660022,2.2616612172,0.1530229661,0.6874864197,0.1234877398,-0.0005383419,0.0003237416,0.0001561585,9.09241e-05,0.8972800788,0.0314636091,3.8889344445,1.3177494407,1.0212677179,0.248923397,0.1422152107,0.0326837092,0.1225110809,0.0186343047,0.9235017596,0.0262123538,3.3210316753,0.8696370224,1.001051828,0.2242607354,2.664792746184668,-3.6611658899056088,-8.662213130948293,4
104,467.4265721035172,17654,63,37.76849895493385,0.2721,0.0518467935,0.5273463118,2.5773382784,0.3527924136,0.26175,0.0504548065,0.6407950285,2.4521864383,-0.1425853263,0.46615,0.04534785,0.3887318057,3.3177016948,0.3125858128,0.03175,0.0115839328,0.3721297124,2.4787918021,0.4110257627,0.4446818182,0.0845207809,0.7831616418,2.3417267614,-0.2125871172,0.0674090909,0.0528923943,0.8583086396,3.9423978792,1.1541639855,0.4879090909,0.0476940144,0.3312350141,2.9169756511,-0.2196203022,0.0517272727,0.0123294983,-0.0104377935,3.2545954617,0.0510919909,0.4969815372,0.3018179843,0.0010225296,0.0006557452,0.9208133887,0.0403811188,2.4203872472,0.5223936528,0.0505154263,0.4625616243,1.493e-06,4.23469e-05,3.99969e-05,2.46046e-05,0.5303921027,0.1322382329,2.7842787984,0.3432377695,-0.0314502624,0.3051146522,0.4949625,0.0455376599,0.0457096329,0.0073203201,0.3817695231,0.1438787875,2.8219027363,0.3505309345,-0.0635243167,0.2478457366,0.4654570823,0.2901891327,0.0117367722,0.0071436228,0.9828816456,0.0048904188,2.609955123,0.1874862728,0.845336716,0.1185582146,-0.0003943906,0.0002368232,9.0055e-05,5.64853e-05,0.8723262175,0.0181983373,6.7471367089,1.454464035,1.6990734311,0.286564991,0.1175377276,0.0216625573,0.1065716127,0.0092123791,0.9248933748,0.01264657,4.367095861,0.5050459922,1.3219563484,0.1229641323,-0.1354787392439441,-2.3637908069307,-6.854482494257519,0
106,266.2128934158494,9464,70,35.55049448794483,0.2354,0.0315410843,0.1738898189,2.8497496634,0.3695584546,0.2886,0.0334595278,0.2979127629,3.2440727211,0.2672184855,0.476,0.0362973828,0.0418783176,3.0941733848,-0.0292962612,0.0392,0.0105052368,-0.0963096738,2.5361832067,0.1922408894,0.3689150943,0.0857101432,0.8284258533,2.0718972696,-0.3893738979,0.1006132075,0.0747470667,0.923243488,2.3971398496,0.6944400643,0.5304716981,0.035077598,-0.1154994516,2.3075137222,0.0612394352,0.0504245283,0.0141441021,0.2099457836,2.9763957776,0.4137829514,0.4934555204,0.299552608,0.0011772162,0.0009276879,0.9538163653,0.0355424447,2.3654812386,0.4352379084,0.1199712467,0.4286661221,-2.6215e-06,2.33624e-05,2.28024e-05,1.40918e-05,0.1290316156,0.1403639814,3.002775095,0.4439627526,0.0187607194,0.2317601885,0.500205,0.0265031644,0.0373232361,0.0029734322,0.0872209961,0.144460037,2.8159506275,0.3555750642,-0.0562386459,0.2485193477,0.460767376,0.2841060414,0.0174273635,0.0106469455,0.9863519419,0.0043970674,2.3304708152,0.1233300243,0.7437830516,0.0742602198,-0.0003005191,0.0001877561,0.0001323399,8.0421e-05,0.965221086,0.0074275113,2.418387446,0.1416228362,0.76041472,0.0808001334,0.1543660977,0.0099335912,0.1490897842,0.0063783759,0.958955807,0.0063603361,2.7308662634,0.2167908577,0.962991219,0.0989564535,-3.405491081276261,-1.032611073906418,1.9931550545027343,0
107,120.3487986079694,4321,56,35.90397286869025,0.2848,0.045226762,0.490404135,2.2373968361,0.1660346082,0.20995,0.0458011736,0.5282158827,3.9593396168,0.6954246554,0.50525,0.049746231,0.5618804637,2.6044275464,0.2562638895,0.03935,0.0100661562,0.1241559169,2.9123051486,-0.0793024116,0.5401190476,0.1709166049,0.9222070468,2.0927549832,-0.4963409247,0.0851190476,0.0849473793,0.8752155403,2.8006688124,0.9824534569,0.3747619048,0.0939221586,0.8357534453,2.1232497853,0.1606026777,0.0347619048,0.0094461116,-0.0608161648,2.316971789,-0.2280357285,0.4886539679,0.2963840746,0.0050772507,0.0040320857,0.9055820437,0.0430768303,2.4317368638,0.5145729119,0.0301043398,0.3061695431,-4.2276e-06,0.0001696875,0.0002221923,0.0001583199,0.5361520604,0.1508158498,2.7016561389,0.3932710709,0.0392876836,0.2345064698,0.4982925,0.0316553008,0.0528315804,0.0111719732,0.4661378724,0.1617688229,2.721760546,0.4596672919,0.0510345613,0.2210174013,0.4268117417,0.2590714927,0.0243407048,0.0157441787,0.9396081562,0.02197435,2.4855761379,0.2204787761,0.8543294693,0.1182233182,-0.0020427361,0.001244391,0.0008516973,0.0005477799,0.9192957395,0.0317502841,2.5313167434,0.2161423824,0.8521433324,0.1189524249,0.1338037842,0.0270144838,0.1453530057,0.0271966308,0.8969276554,0.0268730835,3.0620375133,0.4897007148,1.112613359,0.1960847935,10.718027479738108,-6.721520368599746,-1.3649007958699317,4
108,169.2541728448166,6229,9,36.80263768569628,0.23195,0.0340065802,0.2708338142,2.9538615371,0.6057854258,0.29385,0.0446029988,0.3000058209,2.809176102,-0.083633873,0.4742,0.0431898136,0.2280548566,2.8074845523,0.182584969,0.02955,0.0099018938,0.1643418526,3.2986290142,0.457024814,0.431484375,0.1357435533,0.8998248215,1.7968432964,-0.0429539905,0.09984375,0.0742776082,0.9258639401,2.0794902622,0.5037598763,0.468671875,0.073096908,0.6511901718,1.8476848498,-0.2384433863,0.046796875,0.0117049398,0.1716189699,8.0974711941,1.3030565318,0.4902774847,0.2976209179,0.0036120671,0.0031200457,0.9577216186,0.0366937573,2.4816968683,0.8775782734,0.0250532705,0.6660456454,9.0659e-06,7.88166e-05,8.41573e-05,5.92718e-05,0.4306274149,0.1834038198,2.8396111885,0.3798958941,0.0972428669,0.3310466329,0.5041425,0.0261973294,0.0424333954,0.004090731,0.3148719822,0.1551248236,2.878088908,0.4261049252,0.0665821748,0.2510130337,0.4376696046,0.2659060386,0.0265786122,0.0163460326,0.9735156498,0.0128395824,2.1591194394,0.1522944821,0.6310245928,0.106032032,-0.0009811658,0.0005918419,0.0004439712,0.0002736566,0.9552265173,0.0187352666,2.1991817773,0.1603988849,0.6329024256,0.1052003606,0.1529569513,0.0231553422,0.1463506579,0.0174188437,0.9425988274,0.013970193,2.5603313361,0.3030503431,0.8835388348,0.1500110289,1.6321224702436077,-2.6637715525922347,2.9352258320158024,0
109,1254.9229355259204,46433,27,37.00067843651339,0.2343,0.0291635046,0.0752142462,3.052827162,-0.1999119307,0.2719,0.0339542339,-0.0611856124,2.4553609844,-0.1030343804,0.4938,0.0375107984,-0.0544962123,3.2034657833,0.2200579066,0.03325,0.0103047319,-0.0245450424,2.7651583991,0.2687668497,0.3952506964,0.0954162182,0.8538190972,2.1279117258,0.0358680505,0.1096796657,0.0704460156,0.911730144,2.1136644844,0.4513118409,0.4950696379,0.0440031418,0.251625357,3.120419334,-0.3603860131,0.0424930362,0.0119182139,0.1480194986,2.7864004722,0.4120493086,0.4999231715,0.3033467077,0.0003694002,0.0002696147,0.9479467019,0.0525348677,2.4752047715,0.5393293078,0.0251795984,0.5038640248,-1.4806e-06,3.4229e-06,6.9451e-06,4.3623e-06,-0.0033128527,0.0988402827,2.8403966835,0.2778309731,-0.0081760037,0.1743229418,0.4962675,0.0126154298,0.0354271373,0.0019038945,-0.0021924534,0.0957211133,2.8594773813,0.5047547952,0.0059989597,0.1737621083,0.4536778048,0.3230288178,0.0206143187,0.0143194551,0.9962414175,0.001731689,2.1169931724,0.1444558567,0.5770653845,0.1147827087,-8.55496e-05,5.65434e-05,4.00701e-05,2.79795e-05,0.9724523702,0.0025086641,2.1455920256,0.1568485165,0.5866230863,0.1172997138,0.1744300854,0.0218151825,0.1407295913,0.0028536463,0.9660406185,0.0021484448,2.3037705114,0.1688912619,0.7410403919,0.1184548957,-5.397217229650282,0.32259639257005035,2.9173726166811242,0
111,503.5832368357552,18039,22,35.82128768492638,0.25875,0.0440872714,0.4448088884,2.6593870372,-0.1081837501,0.3051,0.0438176905,0.2273514156,2.6843737195,0.0791220656,0.43615,0.0355587893,-0.0132465728,2.9995864157,0.1069237695,0.0313,0.00939734,-0.0441393123,4.0403155744,0.8325236775,0.5161061947,0.1200290056,0.9036682897,2.1887307084,-0.2708578017,0.0983628319,0.0701813154,0.9142729617,2.6517595875,0.829075225,0.3855309735,0.0643736425,0.6628765537,2.7745197343,-0.0797313139,0.038539823,0.0093997132,0.2891309982,2.8042516936,0.1620964487,0.4947511377,0.3003310721,0.0011607208,0.0008699844,0.9280725658,0.0438523436,2.3891945904,0.5582930076,-0.0099024272,0.489204065,-4.3229e-06,1.6627e-05,3.63295e-05,2.20023e-05,0.4450832219,0.1570071145,2.9206137367,0.3726928974,0.0062265353,0.2175561936,0.4907,0.0267123099,0.0450923518,0.0038134375,0.3435403045,0.1145642797,2.7917027,0.3673125743,0.0204149544,0.2127795897,0.4568143298,0.2862585488,0.0162369066,0.0103392261,0.9842315286,0.0053996323,2.4167247831,0.1910969252,0.7427537992,0.1779587174,-0.0004025856,0.0002483191,0.0001378231,8.03359e-05,0.9316340982,0.0342705627,3.727134015,0.6939288613,1.1466033933,0.2139105755,0.1420086859,0.0636817685,0.1189038377,0.0106702528,0.9246283562,0.0517149113,4.0221018059,0.8758686462,1.302133005,0.2473433495,-0.32064773025756976,-0.24890602543036078,-4.38978521510264,0
112,105.43083447113123,3994,28,37.88265567691798,0.23905,0.0366380608,0.3713553811,2.7798405132,-0.0109737937,0.2097,0.0357758298,0.0583603648,2.7039508936,0.1186823479,0.55125,0.0425169084,0.0976695976,3.0165296808,-0.1357324996,0.04225,0.0112555542,0.0701899012,2.6673370281,-0.0790926733,0.4233076923,0.1242184085,0.9133119015,2.2262211885,-0.1865025593,0.0783076923,0.0837132327,0.9292198502,3.038682334,1.1965024587,0.4983846154,0.0630878977,0.6802050417,3.2132039817,-0.7632031379,0.0537692308,0.0147291122,0.3136211608,2.1850512362,0.1838604945,0.4871216632,0.2965635032,0.0020446298,0.0014108266,0.8995016497,0.0899772193,2.4022494816,0.4882832676,-0.0882565434,0.3071936863,1.38996e-05,7.23702e-05,6.61469e-05,4.08464e-05,0.2851904681,0.1542653831,2.93117716,0.4883813985,-0.0164365141,0.1719470073,0.5051825,0.026041017,0.0413054912,0.0049473244,0.2126330581,0.1556796779,3.0560826588,0.4397069655,-0.0709320237,0.2280595867,0.4460819246,0.2700784333,0.0235225144,0.0141413091,0.9733836381,0.0080905545,2.1837731609,0.124297633,0.6568932009,0.0870245623,-0.000902032,0.0005618151,0.0004068754,0.0002447994,0.9577012577,0.0101230942,2.1764979857,0.1259511262,0.639907305,0.0806330999,0.1534651916,0.0192674548,0.1492675523,0.012560948,0.939379685,0.0146169897,2.5908490216,0.3333260716,0.9050948631,0.1402588085,0.2661762358571692,-2.745407671991516,2.9246616835284924,0
115,108.387045872234,3906,9,36.03751692434139,0.25035,0.0416008113,0.4164028372,3.5301357252,0.2675034703,0.233,0.046233105,0.5234413802,2.7157966964,0.2903213214,0.51665,0.0496993712,0.3819032366,3.6468683646,0.280469652,0.03875,0.0106858551,0.1723377876,2.8292767761,0.3392142883,0.4822413793,0.1625607908,0.9536597149,1.7033288031,-0.0552271221,0.0968103448,0.0791806004,0.9343342301,2.7305946978,0.7683116425,0.4209482759,0.0941269177,0.8605550747,2.0458067089,-0.1149811533,0.0381896552,0.0109346915,0.2033184856,3.84747103,0.4764912672,0.4908471939,0.29876231,0.0035550074,0.0022754274,0.9455774852,0.0377422686,2.4496047581,0.5553701582,0.1193904273,0.4572247015,-2.65269e-05,8.00903e-05,0.0001060608,6.4434e-05,0.4404881836,0.1584437958,2.825390041,0.3887294029,0.0674116853,0.3022786648,0.489125,0.0257863166,0.0445818604,0.0039443596,0.3171891614,0.1456092999,2.8951605935,0.3179096813,0.0792192181,0.2667734746,0.4388031924,0.2654412439,0.0305663218,0.0179922575,0.9689442366,0.0183435327,2.066089551,0.1739910723,0.5680050456,0.1310438709,-0.0013861479,0.0008617683,0.0006396777,0.0003784654,0.9511178831,0.0351918138,2.1349811578,0.2830046415,0.58825421,0.1629201661,0.1548269378,0.024351078,0.1469509701,0.0125869808,0.9346788793,0.0227642441,2.5431214065,0.3212531459,0.8667930601,0.1890200591,4.362719034064089,-3.3928460019146356,0.03916265666838383,4
117,177.36662828776377,6646,68,37.47040840860647,0.25075,0.0405670741,0.3418780263,3.2122256717,0.1414084554,0.24685,0.031286219,0.0591760077,3.7349406452,-0.097475595,0.5024,0.0435286113,0.0392027951,3.2036629988,0.3401201774,0.03645,0.0117536165,0.0920072402,2.3416358586,0.2277220524,0.3439393939,0.0750127017,0.8056336882,2.5978585871,0.3908129938,0.1395454545,0.0882864109,0.9043317751,2.0037836525,0.3000701987,0.5165151515,0.0452180718,0.1694639757,2.6474263692,0.0629484245,0.0408333333,0.0121413186,0.4005592746,3.5353876628,0.5355677135,0.4935858251,0.2997807738,0.001531829,0.0012459157,0.9397849099,0.0393633457,2.5676980917,0.5304590697,-0.0206563802,0.4011707571,-1.096e-05,3.7762e-05,3.4019e-05,2.15967e-05,0.2177270137,0.1568346045,2.948896133,0.3565402452,-0.0313934586,0.1825749505,0.491075,0.0267349935,0.0379891379,0.003762965,0.1415381635,0.1519299818,2.8127585823,0.4507987411,0.0107781685,0.1668186312,0.4603838348,0.2795704678,0.0176348245,0.0107159258,0.9827940334,0.0052714801,2.2304192872,0.174340951,0.6784638917,0.1186897888,-0.0004137569,0.0002533003,0.0001819688,0.0001098918,0.9631830217,0.0078340476,2.2773259305,0.1782619824,0.6727891748,0.1141226214,0.1578437647,0.0202788701,0.1426262129,0.0066693977,0.9524500882,0.0055338891,2.5821653454,0.250482602,0.8789126088,0.1446755526,-2.304894910142066,-1.395144223968954,1.2452366599440483,0
119,677.2269472399257,24930,36,36.81188426066555,0.2339,0.0341875708,0.2375054754,3.8365212337,0.2058616368,0.2543,0.0387428703,0.3818238431,2.9548479938,-0.1141383293,0.5118,0.0444326457,0.1452882665,2.7441310558,0.0150266762,0.03765,0.0095250984,0.1070354165,2.1402896348,0.2706085373,0.430295858,0.1084802277,0.902796623,1.9355385703,0.036536619,0.1079881657,0.063893216,0.8823258615,2.1671500595,0.3644514437,0.4617159763,0.0565817399,0.6256151466,2.3167762875,-0.1294079162,0.040295858,0.0099808121,-0.0444037315,2.8116817863,0.0479270247,0.4993897625,0.3026288022,0.0008106467,0.0007550929,0.9459526342,0.0409350213,2.2977719503,0.4526630821,-0.1743437761,0.4033053707,4.8707e-06,1.35572e-05,1.67847e-05,1.11928e-05,0.1324713373,0.1457667993,3.1581893167,0.9550042156,0.0828264097,0.2908693906,0.5094875,0.0202849321,0.03631453,0.0026412656,0.0693766822,0.1467497485,3.0031981176,0.7735381002,0.090081774,0.2004257329,0.455653733,0.2905461419,0.021299642,0.0133380146,0.9929165374,0.0034105394,2.1199159044,0.1997757514,0.542824407,0.1420912324,-0.0002384565,0.0001514329,9.00955e-05,5.53701e-05,0.9625929886,0.0051564521,2.751088966,0.3237334333,0.7940731596,0.1625675221,0.1518514097,0.0123134073,0.1309340176,0.008195624,0.9541909633,0.0037880452,2.9146813186,0.3692077019,0.9517098071,0.166637737,-3.6960616660700993,-0.7566002419619903,1.2614517703956651,0
12,111.3007788574034,4230,32,38.00512488254374,0.25205,0.041755808,0.3345355442,2.5001815227,-0.082931511,0.30635,0.0389027955,0.3413235424,2.7956702901,0.2771800541,0.4416,0.041102798,0.3021839752,2.6560095659,0.0357008441,0.03405,0.010263893,0.3506171416,3.6119169551,0.2495642946,0.5490625,0.1495578771,0.9397643696,1.7984407995,-0.3288636912,0.080875,0.074526736,0.8975811868,3.4713185824,1.0862579017,0.3700625,0.0835332784,0.8783948763,1.753103611,0.0016825495,0.0424375,0.0109827635,0.1308636023,3.0724958968,0.6218431731,0.4946677293,0.3002012079,0.0038270879,0.0024141805,0.925732337,0.0384854412,2.5828409042,0.7703267599,0.0849245315,0.4889602391,2.53138e-05,8.97285e-05,0.0001367365,8.28035e-05,0.4594139654,0.1586712691,2.7710285077,0.4191365862,0.030525405,0.2715871426,0.50684,0.0235145359,0.0478397293,0.0069545883,0.3850692919,0.1698279117,2.8060684423,0.4431162002,0.0347006977,0.2593179911,0.4453314856,0.270691915,0.0259255965,0.0158165759,0.9494739173,0.0472580285,2.3979585558,0.4945573141,0.7661944271,0.2229381302,-0.0015326227,0.0009314335,0.0006760093,0.0004125045,0.9129747405,0.1282791481,2.4623739392,0.5568100036,0.7542357243,0.2237726941,0.1447786091,0.0245018635,0.1436397437,0.0171198903,0.9146250868,0.0375642539,2.8595547785,0.4841056481,0.9913688971,0.2221344318,9.384745503711908,1.228504156469444,2.0322374594903763,4
120,108.79728083954735,3988,60,36.65532786505431,0.36165,0.0852791153,0.8048350915,2.7397385194,-0.5362505474,0.2953,0.0531592889,0.5750443307,3.3801524521,0.434147867,0.34305,0.0581459156,0.6121467831,2.2875821442,0.0712896373,0.02495,0.0084998529,0.1999068338,2.5230531566,0.3209403295,0.6349056604,0.1995099907,0.9276151836,2.1118597275,-0.5725691784,0.1020754717,0.1005289499,0.8930034927,3.9309146137,1.3325819359,0.2630188679,0.1094512023,0.9216503245,2.0112931327,0.2628358385,0.0322641509,0.0081591503,-0.0050733192,4.3954240899,0.2403440129,0.4841953449,0.2929682727,0.0062637733,0.0038092967,0.9063735315,0.0453855315,2.6946420762,0.8712182534,-0.0412702696,0.5553661072,1.201e-05,0.0002166402,0.0003413688,0.0001993362,0.6494855989,0.1000686171,2.8304793206,0.52330065,-0.0631738006,0.4190635488,0.496995,0.0560311474,0.0611285592,0.0099939857,0.5923092943,0.1147333705,2.7143726172,0.4038658797,-0.0525871587,0.3296265373,0.4350444008,0.2633615358,0.0272685931,0.0167533029,0.911942486,0.0557840727,2.8633138339,1.0441822016,0.9839011699,0.3319272359,-0.002659607,0.0016463108,0.0011689009,0.0007228148,0.8782378631,0.0995817609,2.9476919472,1.1867048496,0.9860340866,0.3199131969,0.1412409957,0.0238960055,0.1522825756,0.0208149143,0.8819546134,0.0544295955,3.1245038595,0.8367423062,1.1212464624,0.2514789045,20.715840884295673,-5.314207505358866,-3.1219545290762176,4
121,942.638902264683,34980,50,37.10858942481666,0.2414,0.0281254333,0.019007327,2.4015883155,0.0506728978,0.251,0.031144823,0.0168222109,2.5422818578,-0.1767102111,0.5076,0.0367388078,0.0142911378,3.3151731548,0.1487653471,0.0375,0.0090415707,-0.0084162204,2.3503913812,0.228303274,0.4443922018,0.0935066589,0.8679593919,2.2243225841,-0.3148574715,0.0839105505,0.0637666602,0.890685821,3.1932558336,0.9730343314,0.4716972477,0.0451080262,0.3814113415,2.8405644876,-0.174374292,0.039690367,0.011640959,0.1296746296,2.4637456136,0.0138419292,0.4986812926,0.302846769,0.000309982,0.0002765293,0.9400963522,0.0491006458,2.3588049173,0.5557955893,0.044204138,0.411247872,-6.686e-07,1.7223e-06,5.6077e-06,3.4956e-06,0.0142536808,0.120932925,2.8410159529,0.4015151857,-0.0542962912,0.201711531,0.494885,0.0132829035,0.0352776362,0.003080525,0.020823031,0.0928979381,3.0408689175,0.4899349883,-0.0043064043,0.1876822654,0.4603194128,0.3335842152,0.0188307707,0.0115214535,0.9967865392,0.0018818844,2.0852298394,0.1965025122,0.4988131802,0.2091674183,-5.57747e-05,3.2746e-05,2.89861e-05,1.72531e-05,0.9574620792,0.0326402672,2.0703785123,0.2465061026,0.3835777247,0.2478286816,0.2316565061,0.0754841395,0.1350377402,0.0308775346,0.9354968271,0.0634633463,2.1460031649,0.3146345214,0.44175917,0.2703694481,-3.934402079356277,3.2212716561670676,-0.5158188538326154,0
125,432.37229883356713,15824,63,36.59808929177289,0.23765,0.0297443692,0.1586594378,2.6516220581,0.0340693223,0.2248,0.0292653379,0.0553166093,3.1222617027,-0.4527748281,0.53755,0.0338193362,0.0552643794,2.6693830092,0.1215073766,0.0374,0.0099368003,-0.0516088822,3.0741287149,0.4002895918,0.3914156627,0.0816690471,0.8232587679,2.0647440927,-0.0525232569,0.0893373494,0.0756588375,0.931117542,2.4124618072,0.7882546593,0.519246988,0.0397606448,0.3371348918,2.7026042116,0.1347258981,0.0479518072,0.0142806665,0.4744094362,3.3886654502,0.1519126819,0.4977242037,0.3024917301,0.0008735082,0.0006238515,0.9418839377,0.0448201631,2.3294718626,0.7370407634,-0.1643955644,0.3600730041,3.8533e-06,8.8287e-06,1.8099e-05,1.14279e-05,0.0687584891,0.1248051643,3.1284257453,0.4675537521,0.113793332,0.2345694595,0.500445,0.0212336461,0.036855764,0.0032995319,0.0560756929,0.089189033,3.0793956,0.5342415869,0.0875894032,0.22726295,0.4502458282,0.2859855192,0.0208091297,0.0132082214,0.9913520114,0.0028209086,2.1763781609,0.1356021035,0.6322062347,0.103855515,-0.0002294607,0.0001409914,0.0001054282,6.64289e-05,0.9711801115,0.0033160786,2.213380389,0.1282670337,0.6253832194,0.0937751163,0.1664332132,0.0199383906,0.1464441931,0.0070497044,0.9623865564,0.0045123658,2.4599898442,0.2518917047,0.8198023624,0.1399989311,-4.510574307254887,-0.30479101287884036,3.1398357304394104,0
126,232.8071760679353,8709,42,37.40864069180854,0.2461,0.0720922326,0.7161798585,2.1134799932,0.4459090999,0.26025,0.0627629469,0.7611775585,2.3954056862,0.0274813166,0.49365,0.0514968688,0.450038634,3.0307912035,-0.0134073177,0.034,0.0093808315,-0.0296624616,2.7835743802,0.3815808276,0.5242857143,0.1460739026,0.9116580731,2.5924650485,-0.6139009229,0.098452381,0.086354668,0.8627915565,4.9890841326,1.4580144767,0.3772619048,0.0715159188,0.7673373321,2.2705772191,-0.0427913979,0.040297619,0.0094915749,0.210427311,2.6145162325,-0.3464379332,0.4936585028,0.2996163645,0.0015121605,0.0010125528,0.9446251289,0.0392379268,2.5382394171,0.9351899148,-0.1788880028,0.5094780244,-8.0374e-06,3.73208e-05,6.64074e-05,4.1911e-05,0.6430375011,0.1284455319,2.7035737599,0.450005598,0.0176592226,0.2741709452,0.4941025,0.0263056243,0.0634883104,0.0112029268,0.5680620743,0.1389381257,2.6935858453,0.3060816191,0.0158711352,0.2184004484,0.4626931225,0.2804927812,0.0183789934,0.010900865,0.9813520238,0.0072930082,2.1348731764,0.1583777429,0.6028435101,0.1222877287,-0.0006419384,0.0003989717,0.0002073912,0.0001233409,0.9305756461,0.0167227443,3.4564476502,0.8067424259,1.0756569836,0.2750562057,0.1230942817,0.0258299812,0.1180656179,0.0224458104,0.9109260762,0.0216442092,4.3231153767,1.3353394165,1.3418312009,0.2993739568,2.3995640907961415,-3.714663031147733,-6.865351397531838,4
127,225.5282527422783,8416,55,37.31683235987891,0.2651,0.0366809215,0.1026388914,2.8231126751,-0.0517416557,0.2615,0.0272167228,-0.0773028268,3.1367635875,0.3616302206,0.4734,0.0383658702,0.0740904373,2.5601741471,0.2053558365,0.0377,0.0093653617,-0.0272122987,3.1230638207,0.4350503923,0.4060194175,0.0774983846,0.7957740642,2.4515783151,0.0629799082,0.0879126214,0.0646781587,0.8895310717,2.891941387,0.8425624799,0.5060679612,0.0376857889,0.0656153262,3.187153266,-0.4945873808,0.0428640777,0.0118567899,0.1547419687,3.5662715761,0.5535567903,0.4993354647,0.3027714498,0.0011782803,0.0008388063,0.941786181,0.048819098,2.2479228063,0.4083622419,0.0258741444,0.410873141,-3.2307e-06,1.94264e-05,2.79723e-05,1.77844e-05,0.0977763165,0.1471887114,2.9188986907,0.4185199158,-0.0109696123,0.2048686293,0.5018025,0.0203264635,0.038403031,0.0019571874,0.0987539452,0.1436804801,2.975986957,0.2102329479,-0.0535329787,0.2542282236,0.4564488734,0.2829867844,0.02236103,0.0127937618,0.9889183327,0.0038142695,2.1154901643,0.1272392984,0.5556960036,0.1131516716,-0.0003505479,0.000202542,0.0001593223,9.10443e-05,0.9700226791,0.0054964653,2.1581436681,0.1311114923,0.536563718,0.1323832904,0.1706168738,0.0220476729,0.1427302227,0.0139968341,0.9584294325,0.008987397,2.4079244168,0.1860682466,0.7474470493,0.1454227429,-3.4507607720598084,-0.5876543324846099,2.0087278069300014,0
128,854.0433558693928,31954,42,37.41496234400383,0.2739,0.0363220319,0.0615082775,2.5127160848,0.2277263961,0.2491,0.0273347764,-0.0149702438,2.4060243666,0.210442854,0.477,0.0329013678,0.1619525632,3.0165528644,0.2283962694,0.0365,0.0091515026,-0.0877549192,3.2949253731,0.169289547,0.4324725275,0.1050484982,0.8898936113,2.057462451,-0.0115319245,0.0902197802,0.0634143538,0.910389463,2.3363764936,0.7478050351,0.4773076923,0.0568638936,0.6129797892,2.6675245835,-0.3214011344,0.0418864469,0.0101189772,0.0565657436,2.8704823401,0.0312663304,0.4986991244,0.3032826378,0.0004157722,0.0003241776,0.9352771824,0.0363488291,2.4295037297,0.5407398069,-0.2849048501,0.3352836151,6.815e-07,3.4929e-06,9.4714e-06,5.8448e-06,-0.0056403568,0.1169575597,2.9136744789,0.4303623679,0.0111092802,0.2868309275,0.5020425,0.0133515662,0.0358478173,0.0031836096,-0.0125401626,0.1221069287,2.8840736049,0.5000780702,0.0237396518,0.2245169748,0.4518675678,0.3102510004,0.0211907349,0.013936743,0.9949636182,0.0023446402,2.1812805609,0.1146600787,0.6353205912,0.0918457891,-0.0001180421,7.5253e-05,5.37959e-05,3.48517e-05,0.9737377236,0.0048957713,2.2420460586,0.1811701023,0.6303996687,0.1286972776,0.1671306123,0.0219706674,0.1437151076,0.0058958736,0.9700959145,0.0033699297,2.4656915876,0.2144641021,0.8115620653,0.1474441196,-4.714728043673341,-0.28942709434191294,2.394666230490341,0
129,775.2385004683047,28084,54,36.226270990198586,0.2573,0.0299951663,-0.010223523,2.851779181,0.2332547307,0.2548,0.0314795172,0.06974284,2.3992481717,0.222538767,0.4879,0.0368861763,0.1614908047,2.3117305827,-0.2316143756,0.0387,0.0098645831,0.0749649675,2.7013046702,0.3794118469,0.4179310345,0.0938765361,0.8606196837,2.2374428144,-0.0629905762,0.0968965517,0.0759563393,0.9257525228,2.5702874515,0.8549107176,0.4851724138,0.0431958258,0.2656838901,3.3086199343,-0.2650633157,0.0428996865,0.0115279121,0.1300082163,2.9028534179,0.2574584296,0.5002468223,0.303452306,0.0003736994,0.00024665,0.9373886413,0.0612280849,2.6663272356,1.0581816855,-0.1649191265,0.5477197952,-7.4e-09,4.2732e-06,8.2483e-06,4.9079e-06,0.0472326032,0.1143629573,2.8347078074,0.2491709373,-0.0033161165,0.2387038777,0.50087,0.0112082157,0.0351646929,0.0024317433,0.006963203,0.1125612977,2.9851838712,0.3864682522,-0.0668876232,0.2849044358,0.4510099138,0.3117157465,0.0219311809,0.0141926269,0.996036903,0.002198129,2.0705023641,0.1635416588,0.4978660323,0.1442020066,-0.0001112231,6.78979e-05,4.91132e-05,3.14009e-05,0.9696657845,0.0041156419,2.2091265429,0.1717696574,0.5840544747,0.1412047559,0.1747726784,0.0378978587,0.1337602236,0.0052305143,0.9616752356,0.0063786296,2.4032538527,0.2794120677,0.7342429264,0.1837942578,-4.862080392017114,0.2034165032173304,1.9877530592986876,0
131,559.7572372352863,20864,8,37.27330101715166,0.22905,0.0418968674,0.4974143658,3.2399558133,0.1820328997,0.26755,0.0394999684,0.3407733188,2.2309516873,-0.2171228955,0.5034,0.0312320348,0.0261835606,2.4560438218,-0.0798881967,0.03805,0.0092437817,0.0967220021,3.4667726997,0.6564885412,0.4133043478,0.100852641,0.918593005,2.0606900219,-0.0687662334,0.0925217391,0.0693365263,0.9098485063,2.4330242465,0.6825295427,0.494173913,0.0464661187,0.4577542893,3.318064703,-0.2052647575,0.0427391304,0.011799843,0.1826851767,2.9728897839,0.2338469458,0.4952803652,0.3011114083,0.0014067799,0.0010220865,0.9662419541,0.0288024679,2.3043377116,0.6460449965,-0.0300254578,0.4753737867,2.6332e-06,1.66608e-05,2.48558e-05,1.45856e-05,0.1642178544,0.1633803588,2.8827754333,0.3241340354,0.0774812603,0.205245853,0.5014525,0.025010855,0.0381510324,0.0036923707,0.1252152934,0.1227601348,2.834729588,0.3263821121,0.0039077955,0.2060988054,0.4495843178,0.2792272607,0.0207351538,0.0123232736,0.9871649315,0.0059795191,2.268913921,0.202185551,0.6485046192,0.1428468928,-0.00029064,0.0001703977,0.000146428,8.5312e-05,0.969546979,0.0099070963,2.0386806649,0.2066418909,0.5186115533,0.1740909398,0.1853541468,0.028880215,0.1598979296,0.0107329017,0.9673208405,0.0082811165,2.0322078484,0.2625760933,0.6262877826,0.210900077,-3.106791722655286,-0.5405249788132048,2.7984236093890478,0
132,445.95624623093374,16610,28,37.24580637760299,0.27095,0.0305097935,-0.0594586341,2.541138206,-0.1636453688,0.25705,0.0278486535,-0.0199388845,3.3475040735,-0.0566943644,0.472,0.0355176013,0.0107820424,2.8271752434,0.3353497991,0.0374,0.0086740994,0.0651026879,3.5076179405,0.2289902162,0.3747959184,0.0629000869,0.7398730484,2.3987954674,0.0150230863,0.1141496599,0.0708053145,0.884273216,2.0370541352,0.4268432774,0.5110544218,0.0392455695,0.2990717246,2.6518685159,-0.0282756078,0.0399319728,0.0119520925,0.0969022971,3.1411064792,0.3776533065,0.4971666692,0.3022284062,0.0009462391,0.00094014,0.9421333691,0.0458659834,2.2395252602,0.4305454169,0.0219130124,0.4447062653,5.412e-07,8.8693e-06,1.74873e-05,1.08369e-05,0.0671150781,0.1321001423,2.8953838499,0.324796884,-0.0119161264,0.2446675849,0.499955,0.0126305869,0.0373638888,0.0036852495,0.086242031,0.1103243982,2.867143143,0.2801641867,0.060988349,0.2480998055,0.4485021749,0.2964187717,0.0219774169,0.0135950635,0.9922953705,0.0029047573,2.3555034259,0.1675895137,0.7413108872,0.1199493186,-0.0001832325,0.0001091009,8.10569e-05,4.95116e-05,0.9665061574,0.0051086708,2.3881627607,0.1901379225,0.7205262058,0.1236701941,0.172867616,0.0221898572,0.1473958027,0.0049639484,0.9684782673,0.0061251401,2.4447840083,0.2706050975,0.8093536634,0.1628880637,-4.158601963861969,-0.4254057838280696,2.154240480674812,0
134,634.4242447445245,23397,36,36.879107622095546,0.2534,0.0377616207,0.2292827272,2.8501705012,0.4773093796,0.30605,0.0397070208,0.1796909985,2.650202839,0.3596601131,0.44055,0.0461946696,0.257892423,2.8718666541,-0.0721763674,0.03455,0.0079086977,-0.0321700386,3.2701936839,0.0571700156,0.4761522634,0.0960769018,0.8577483413,2.7377596968,-0.6367061453,0.0863374486,0.0657260911,0.8928504902,4.2924377371,1.2624785542,0.4375102881,0.0448692075,0.3928624391,2.4604275958,0.0355984416,0.040473251,0.0110778346,0.1437978797,2.7595006646,0.1052267633,0.499479173,0.3032128825,0.000481219,0.0004370257,0.9349621479,0.0418561527,2.3717300241,0.3828469658,-0.1723499329,0.3084317241,-4.093e-07,8.5462e-06,1.21064e-05,8.0146e-06,0.381116091,0.1406218174,2.8534466684,0.3754117812,0.1078791248,0.2692807367,0.4997425,0.0184136721,0.0406600873,0.0045293679,0.2564199651,0.1451174963,2.9660946689,0.470610814,0.1078558366,0.2087916081,0.4585475024,0.3090745393,0.0189673314,0.0118878007,0.995346789,0.0020252053,2.0831746532,0.1292208107,0.5165904506,0.1317615607,-0.0001246767,7.71708e-05,4.58168e-05,2.86367e-05,0.9570039995,0.0104252371,2.8291739616,0.2872138035,0.8389852124,0.2095160677,0.1667345922,0.0256358951,0.12718954,0.015344118,0.947127774,0.0225787204,2.9438265951,0.3467110866,0.923578259,0.2047534147,-3.169095389991034,-0.3954571360066188,-1.7698914570104836,0
135,112.01003275468445,3943,12,35.20220379397306,0.29295,0.0355323444,0.0752999887,3.2236607223,0.0821874199,0.3171,0.0485395715,0.554238711,3.332140254,0.64154917,0.38995,0.0537703217,0.711246085,2.4585656221,-0.2643875471,0.03445,0.0079023731,0.1072904945,2.3918865649,0.1356778046,0.5327777778,0.1561875689,0.9499122492,1.8784461438,-0.3130307958,0.1187878788,0.0816128175,0.9132319371,2.2634751698,0.5745612801,0.3484343434,0.0817042167,0.8690507562,2.1582747244,0.2403916854,0.0393434343,0.0088946262,0.0998175302,3.0231603237,-0.1136813284,0.4967679555,0.3016380062,0.0019815607,0.0015025286,0.9231795243,0.0534454492,2.3134337431,0.5061353687,0.0382167173,0.3791580465,-5.5373e-06,2.94231e-05,5.23152e-05,3.1747e-05,0.2796935535,0.1329836271,2.8376073553,0.3474375084,0.0316555026,0.2582837512,0.4966625,0.0181684058,0.0400087571,0.0041148489,0.1997452886,0.1548132199,2.8265611301,0.3162371157,0.0579130867,0.2287370794,0.4647113802,0.2820966089,0.0161825966,0.0100370711,0.9726433402,0.0095290329,2.3045177766,0.1668987958,0.6846727257,0.110412676,-0.0005410999,0.0003292649,0.0002416595,0.0001501537,0.9480543005,0.0249805607,2.3651657001,0.1447834908,0.6938415227,0.084724563,0.1609024467,0.0187713765,0.1484394148,0.0101834751,0.9440801933,0.0238736834,2.5325141155,0.2494206983,0.8653617499,0.1245138254,0.28070245287159296,-1.7047673562163694,-0.027099884002192803,0
136,177.54084499363677,6572,36,37.01683407125581,0.2562,0.0798502348,0.7890108089,2.3066973324,0.498398271,0.3301,0.0519325524,0.5492265979,2.8933102154,0.1831044816,0.4137,0.0542845282,0.4026101278,2.7784150529,-0.3343690553,0.0331,0.010577807,0.0439515292,4.3451966493,0.8530533566,0.6265350877,0.1171371351,0.8608127365,3.4234042745,-0.7948004179,0.083245614,0.0712051104,0.8802070277,4.5328286106,1.3345577923,0.2902192982,0.0569640944,0.5441267492,3.4616644721,0.2555273537,0.0393421053,0.0105861785,0.071415471,2.8204604617,0.128452257,0.4931560955,0.3004930549,0.0014868215,0.0011246379,0.9264103947,0.0445416448,2.3164803189,0.3655131001,-0.042220611,0.3578422236,-4.2207e-06,2.74626e-05,5.24121e-05,3.20033e-05,0.5512289675,0.1208853803,2.6589537333,0.3512742496,0.049521188,0.2461301749,0.4929625,0.0194948639,0.0507117799,0.0079026423,0.4470358763,0.1227896418,2.7612204586,0.3063825477,-0.0797106098,0.2017502734,0.4572490353,0.2774488062,0.0199369389,0.0121735926,0.9846977033,0.0054530867,2.1374616219,0.1295809245,0.5708648515,0.1021622651,-0.0005903984,0.0003582703,0.0001988311,0.0001257881,0.9344558444,0.0128720858,3.5549821158,0.5543483164,1.0858328177,0.1967453974,0.1263376023,0.0140812039,0.1218796517,0.0121491361,0.924328579,0.0177415213,4.1323934782,0.7157431073,1.3089178377,0.1922832514,1.3454034001416604,-3.707940384326782,-5.705454403002451,0
137,470.8385659144329,17441,57,37.04242018944899,0.24785,0.038905366,0.2945448313,2.1872208091,0.0087723087,0.2206,0.0310586542,0.1724301085,2.8809388861,-0.24420779,0.53155,0.038057161,0.2264939646,2.7705957512,-0.0366435046,0.037,0.0112249722,-0.0993289703,3.4427437642,0.6034589153,0.5377302632,0.0726876854,0.7218718581,5.8582276783,-1.1114140126,0.0670723684,0.0499520957,0.8491817133,4.0859399695,1.0857913771,0.3951973684,0.0398305687,0.3206733178,4.886032265,0.7089831271,0.03875,0.009938131,0.046944936,3.0985759161,0.1866250723,0.4978436707,0.3028988786,0.000599612,0.0004110211,0.9432144447,0.0294972877,2.3542734216,0.5377032567,-0.0524117344,0.5039672204,-1.1534e-06,1.30139e-05,2.06338e-05,1.26358e-05,0.5374043839,0.1653437888,2.8294439727,0.4991932805,-0.1216621687,0.2184406993,0.4961075,0.0241396058,0.0519299277,0.0072868366,0.4685280711,0.1371696063,2.9030743281,0.5110129582,-0.1124674643,0.2029357731,0.4602637557,0.2991076883,0.0201766679,0.0122508901,0.9943080829,0.0027963104,2.0443364861,0.1314991527,0.4930664637,0.1156594733,-0.000252947,0.0001604056,6.46234e-05,4.04878e-05,0.9342309366,0.0136947968,4.056791849,1.1206735442,1.1065281781,0.2973966874,0.122128551,0.0213664584,0.0986285432,0.0180954387,0.9239167655,0.0215713735,4.0658225886,1.0613525769,1.1640532203,0.2377381825,-1.5550123913882286,-0.9824120376445019,-7.755700540563605,0
140,506.105761281932,18432,60,36.41926531978806,0.2564,0.032550576,0.3139584367,2.980975108,0.1954901243,0.2156,0.0312912128,0.0949231526,3.0820362683,0.2988833833,0.528,0.0351212187,0.076844653,3.3967689266,-0.2123862026,0.04,0.0100498756,0.0570719603,3.37221841,0.1847222507,0.4838202247,0.091593332,0.8769687075,2.361300892,-0.4338165701,0.0962640449,0.0682502249,0.9034648662,2.6192882912,0.8783822774,0.4199157303,0.0391714566,0.3191513407,2.6872590976,-0.0006614624,0.0417977528,0.0111109621,-0.0289486218,3.7599694134,0.5598799835,0.4987458745,0.3026829808,0.0008107343,0.0006068003,0.955155771,0.0396139956,2.3827817819,0.3666490832,-0.0579856363,0.410648106,-6.5148e-06,1.26334e-05,1.71585e-05,1.07409e-05,0.0840050444,0.1290907014,2.882859434,0.3408598396,-0.0411920028,0.1972415436,0.491255,0.017454841,0.0368871779,0.0033896318,0.0910737023,0.1312161223,2.9887089044,0.4362627433,-0.1545842913,0.246140597,0.449618945,0.2881111384,0.0242820336,0.0152533535,0.9930684528,0.0027996058,2.0886318859,0.1406443298,0.5620806755,0.1191772239,-0.0002110024,0.0001303754,9.22772e-05,5.75135e-05,0.968358587,0.0056703293,2.1365882816,0.188754573,0.4998569323,0.1563868652,0.1761224153,0.0172907021,0.1353722757,0.0105002518,0.9607588271,0.0077249176,2.310944791,0.207390701,0.6575426729,0.1590928226,-3.922462872154325,-0.5069841601672643,1.3587452197328576,0
141,223.0319732422052,8374,6,37.546186218359466,0.2092,0.0345305662,0.3455044238,2.6155380057,0.3553839571,0.32015,0.0516452079,0.385812713,2.5782378005,-0.0577969769,0.47065,0.0491663249,0.2959480056,2.6846478105,0.3498258203,0.03275,0.0089547473,0.0320812715,2.7406665132,0.5033101031,0.5008333333,0.1425097463,0.9192269152,1.8704688183,-0.0818913395,0.0841666667,0.0724425059,0.9048703603,3.040193668,0.9134992135,0.415,0.0805450185,0.8131152921,2.1401588698,-0.3680768488,0.0419444444,0.0106899341,-0.0264541486,3.178326322,0.1190993101,0.4988990432,0.3027074261,0.0022188801,0.0013945891,0.9355473696,0.04309184,2.2980430529,0.4566482415,0.0389306252,0.362607106,2.414e-07,6.68452e-05,5.93813e-05,3.6111e-05,0.299047249,0.1374853987,2.8234260223,0.3407435865,0.0755544946,0.1850963004,0.494635,0.031119753,0.0407199243,0.0057632901,0.2114527471,0.1430590895,2.8456132984,0.2348648665,0.0033746621,0.2128568709,0.4439305797,0.2690102446,0.0262087685,0.0161311786,0.9774134176,0.010346327,2.2635672538,0.157103809,0.7054308561,0.1070505057,-0.0007743717,0.0004784992,0.0003527269,0.0002156679,0.9607154291,0.0152586537,2.2674240107,0.1963118231,0.6867315962,0.11923028,0.152507465,0.0137022288,0.1490218848,0.0117625417,0.9505130354,0.0118726831,2.5673151235,0.2258397903,0.9058273085,0.1101722919,0.30001847290943207,-2.6165206410451476,1.7591091584873362,0
142,504.5170654522345,18663,42,36.99181113580573,0.29875,0.0420557665,0.2133853514,2.8269953803,0.220455872,0.25485,0.0358849202,0.2365797665,2.6196722465,0.3158024494,0.4464,0.0447832558,0.2340486639,3.2030204839,-0.244821102,0.03775,0.0100093706,0.2075705981,2.418181521,0.0537549932,0.5595026178,0.0762411354,0.7513861053,4.9151816123,-1.167165229,0.0663874346,0.0499008089,0.8504284049,6.0893485381,1.5860590998,0.3741099476,0.0383152186,0.3086057017,2.7626346494,0.2731496324,0.039921466,0.0106892866,0.0275127091,2.6985875396,0.2647742738,0.4991085884,0.3026701553,0.0006062405,0.0004366832,0.9326390325,0.0431242757,2.5274701214,0.4796225498,-0.0246867948,0.4767963855,4.9812e-06,1.99861e-05,2.52922e-05,1.5083e-05,0.6542481965,0.1384888141,2.7063683663,0.5211334613,-0.0795077181,0.4260754763,0.506725,0.0307159059,0.0552699909,0.0082891861,0.4985626124,0.1557375635,2.7657759688,0.4083168702,-0.037771254,0.2822205136,0.4578573456,0.3033322331,0.0208983911,0.0129408757,0.9948786866,0.0022943283,2.0496552046,0.116372337,0.5015845988,0.1265611647,-0.0001886871,0.0001164273,5.72257e-05,3.56704e-05,0.9394627619,0.0124797906,3.0916710333,0.9679687045,0.7840784283,0.2895015738,0.154060625,0.039980208,0.1106998474,0.007358024,0.9375144695,0.0085185716,3.1338302872,0.7891107052,0.8128946629,0.396855073,-1.3551741301264684,-1.7557324857475185,-6.264487508919297,0
144,695.7729891094682,26002,45,37.37138464268411,0.2608,0.0274200656,0.0699240593,2.3202442005,-0.1113198667,0.25205,0.0304145935,0.0820457848,2.724629508,0.3721739363,0.48715,0.0297762909,-0.0262993114,2.4524892537,-0.0567200234,0.0321,0.0095178779,-0.1838454731,2.7742913857,-0.0115723913,0.4296354167,0.0980028294,0.8726826627,2.0274309132,-0.0651504536,0.0853645833,0.0673503155,0.9214761329,2.7516552716,0.8812653763,0.485,0.0483396188,0.418401122,2.669078449,-0.4072724608,0.0448958333,0.0129999833,0.1784745408,2.7129398195,0.1579816409,0.4985011034,0.3028858289,0.0007778574,0.0005095901,0.9436987035,0.0411765367,2.3886149491,0.4710869009,-0.1106456682,0.4324484224,3.522e-06,1.10344e-05,1.56253e-05,9.3084e-06,0.0512011887,0.1005898355,2.8590127429,0.2463392735,-0.0272326052,0.2194908044,0.50853,0.0176018919,0.0359996572,0.0033071409,0.0284707235,0.1077057144,2.8965489233,0.2571077429,0.0308174537,0.1988316893,0.454154714,0.295359409,0.0216006871,0.0133353651,0.9929742896,0.0031332044,2.1257593751,0.2101179138,0.5610060236,0.1793009324,-0.0002078476,0.0001281486,9.15496e-05,5.50522e-05,0.9662115249,0.0132137126,2.3508344978,0.2675605258,0.6467362938,0.2184668221,0.1770072079,0.0530642371,0.1361685012,0.016579169,0.9504574411,0.0337316585,2.5902878867,0.3199303821,0.7997647225,0.2519681327,-3.9206581335957225,1.0887683763121903,1.3679582512183757,0
146,422.0568362974034,15795,40,37.42386958724681,0.26865,0.0382939617,0.3188488725,3.3128641199,0.1801297192,0.2693,0.03293949,0.2875776689,2.3263680837,0.1849866797,0.46205,0.03668852,0.0798784416,3.2142540866,-0.2697315914,0.0359,0.0099342841,-0.007672671,2.2555176634,0.2094093886,0.4193650794,0.0976854852,0.8537919041,2.256538286,-0.124672382,0.0893650794,0.0776336127,0.9039898891,3.1428899391,1.0426996374,0.4912698413,0.0483166495,0.1564849872,3.2238096811,-0.2161044526,0.0468650794,0.0132247682,0.2105718268,2.5067136898,0.0111756681,0.498124916,0.3029005029,0.0011671519,0.0007899742,0.953744826,0.0391427017,2.2722508514,0.5845584918,0.1425778277,0.3628991531,1.2517e-06,1.61882e-05,2.32853e-05,1.4036e-05,0.1768390436,0.14942862,2.9127217936,0.4338374496,-0.0179958825,0.2576280831,0.4972225,0.0207408502,0.0378025645,0.0034214383,0.1473704118,0.136921961,2.8850604612,0.3801484546,-0.0471596754,0.256916471,0.4697043064,0.2920007761,0.0132408775,0.0092894834,0.9270153072,0.2318032502,2.4310321335,0.1109517057,0.7703718082,0.0636438294,-0.0002409083,0.0001635605,0.0001061231,7.40918e-05,0.9026593583,0.2259769609,2.4612705952,0.1402716209,0.7589905345,0.0755390044,0.1781314791,0.071806461,0.1371084289,0.0356520049,0.899426346,0.2250990258,2.6495518527,0.2825285394,0.90642668,0.1276893213,22.42759251838118,26.2338798021864,14.548274626778344,2
149,134.39667315860083,5100,42,37.94736789341144,0.27825,0.0450908805,0.3518595109,3.0575676779,-0.2253714949,0.21555,0.0420648012,0.5453336084,2.4016359693,0.165608678,0.5062,0.0566529787,0.4426201321,2.3782386047,0.1926312351,0.04315,0.0125828256,0.0713912292,3.560588389,0.5528035356,0.436547619,0.1286120416,0.9357732624,2.1026525311,-0.0943961278,0.0946428571,0.0831549963,0.8699394788,3.0078103392,1.0762922725,0.4688095238,0.0663397597,0.7683878588,2.3356187806,-0.2589882511,0.0411904762,0.0142598973,0.2172584697,2.8102762283,0.5721286381,0.482751968,0.2939309771,0.0032895191,0.0023820126,0.9284792657,0.0389607949,2.381359962,0.4645642249,0.0013716687,0.3878283318,-9.9878e-06,0.0001162094,0.0001095797,7.21707e-05,0.4787305668,0.1575150185,2.9145597676,0.4149368488,0.0084865203,0.3371178737,0.49774,0.0332062291,0.045356475,0.008567609,0.3826942831,0.1628824083,2.9230444416,0.3529563716,0.0327362612,0.287074825,0.4465479228,0.2718305981,0.0229288381,0.0142157361,0.9601257936,0.0245138538,2.2359437673,0.1654115299,0.6699087971,0.1019346988,-0.0011634633,0.0006939016,0.0005393007,0.0003337542,0.9395872267,0.0338623422,2.2840099593,0.1955563335,0.670765633,0.1122726071,0.1517185613,0.0203201945,0.1471066149,0.0187072028,0.9236648655,0.0266298211,2.6997815314,0.3198021222,0.9434142588,0.1329888953,5.520742026460462,-3.1728747826371912,0.6615366593085087,4
151,184.95587520981235,6663,55,36.024808579027564,0.21285,0.0378368537,0.4351174123,2.448916551,0.0255257457,0.2983,0.0351725745,0.1141700559,4.2403025656,0.1693007863,0.48885,0.0336218307,0.1523688204,2.5564584538,0.048418547,0.0362,0.0101271911,0.0767854556,3.6059462776,0.603243811,0.4452941176,0.1026292192,0.8848270805,1.7964950501,0.102869791,0.0781372549,0.0599915091,0.9055811809,2.725867925,0.849821909,0.4765686275,0.0606621163,0.6133259726,2.3992268463,0.0378690472,0.0444117647,0.010693917,0.0499664118,2.448006619,-0.1113861477,0.4867538765,0.2968651269,0.0026808961,0.0017873391,0.9250180824,0.0400039166,2.4627336647,0.5622220806,-0.1706178685,0.455332565,5.9645e-06,9.11964e-05,7.88468e-05,4.79999e-05,0.3487417678,0.1579927361,2.7394776403,0.329150793,-0.0679023765,0.1999066943,0.4980975,0.032297254,0.0414414385,0.0042382251,0.2765433942,0.1494897253,2.7665144694,0.3401264595,-0.0261850325,0.2057867876,0.4417441353,0.2688553219,0.023685589,0.0144748561,0.9694094267,0.0147777889,2.3152641278,0.2450481293,0.7385471238,0.1252228347,-0.0009367438,0.0005625078,0.0004311202,0.0002630842,0.9529511819,0.0225539095,2.3398452617,0.3163839225,0.7289725465,0.1496817297,0.1528713843,0.0185363724,0.1509373286,0.0133436873,0.9460441657,0.0106407997,2.6414383301,0.320099926,0.9459148456,0.1573155036,1.8025098021259864,-2.5057493523909797,2.3416021948497265,0
152,851.6082384408251,31877,40,37.43153079209556,0.2376,0.0365067117,-0.0007740802,3.5889596975,0.2964723425,0.2549,0.0352844158,0.1533081509,2.9953034838,-0.1027004531,0.5075,0.042664388,0.0563647006,3.140564531,0.5316453591,0.03685,0.010189578,-0.1665093245,2.6938622271,0.2870394024,0.4258739837,0.1057356555,0.9100504921,2.0376665274,-0.1906026759,0.0786178862,0.0676291322,0.9113679271,3.3693862689,1.0923295699,0.4955081301,0.0539859016,0.6472028303,2.3005782821,-0.2753290985,0.0435569106,0.0132843669,0.2297969268,3.1428405668,0.4223256274,0.496914014,0.3021579855,0.0005625787,0.0004035962,0.9418898116,0.0475811319,2.3489478679,0.5614801254,0.0465214793,0.3660975979,-1.5716e-06,8.9587e-06,1.07909e-05,6.5827e-06,0.0680601028,0.1464913009,3.1889950419,0.4707368789,0.0739827653,0.2337210003,0.4952975,0.020870155,0.0370999454,0.0026133645,0.0584000499,0.1341282462,2.9442092303,0.5096946757,0.0661113942,0.2144846549,0.4552794624,0.2991545566,0.0187466603,0.0121750042,0.993359411,0.0035835834,2.2147358795,0.1869475111,0.6270646368,0.143659124,-0.0001379024,8.63313e-05,6.29291e-05,4.02187e-05,0.9688974214,0.0070177825,2.3241722208,0.3865002941,0.6532722723,0.2190216029,0.1730102192,0.0240799726,0.1450303311,0.00571841,0.9635993434,0.0053035891,2.4702970525,0.3587166369,0.804072501,0.1948870346,-4.097233819140622,-0.3162097106758167,1.3129468625693372,0
157,377.0698113542814,13752,10,36.47070008232272,0.27355,0.0313870594,0.0820703306,2.4319098066,0.1367907324,0.2389,0.0308591964,0.0989123773,2.9964909382,0.3788724379,0.48755,0.0313168884,-0.0851932477,3.4770637467,-0.2014735236,0.03845,0.010993066,0.0753826109,4.0142329515,0.5998675364,0.4355426357,0.1026211523,0.8897135498,2.0527314834,-0.1174579216,0.0915116279,0.0802288506,0.9451287512,2.5969861735,0.9187293437,0.4729457364,0.0463330227,0.4802131401,3.2732207026,-0.1775649164,0.0403100775,0.011609805,0.2588002573,3.1687364573,-0.0454674236,0.497748456,0.3034416683,0.0011711273,0.0007885236,0.9405984447,0.0359156383,2.3743266525,0.4406521987,0.2000152316,0.422039443,-3.124e-07,2.40997e-05,2.67844e-05,1.57537e-05,0.0581185553,0.1228437399,2.790823736,0.401911807,-0.0042074576,0.2035185884,0.4971675,0.0222359353,0.0364840273,0.0023437951,0.0295224625,0.1066773465,2.8554197592,0.4471276593,0.0182662038,0.2365088004,0.4471966261,0.2817260589,0.0209993799,0.0124687799,0.9879608159,0.0038672407,2.4011453788,0.212537294,0.7561232766,0.1644808674,-0.0003108284,0.0001866839,0.0001282354,7.53965e-05,0.9599912107,0.0080083818,2.4267821159,0.2105004998,0.7306252242,0.1663166293,0.1655423526,0.0362336205,0.137490075,0.0087451225,0.9561188722,0.0120966488,2.5443122598,0.2833398939,0.840408803,0.1979939078,-3.2309346209129095,-0.5309231460434392,1.4450013807362585,0
159,184.83524610543745,7014,32,37.94730792848315,0.2542,0.0384949347,0.339266713,2.3482680435,0.2930097036,0.2512,0.0374040105,0.1327732053,4.5358734746,0.5757480239,0.4946,0.041771282,-0.00411873,2.927735206,0.2070252707,0.038,0.009591663,0.2259275618,2.8049385633,0.2464776362,0.5103684211,0.1222168954,0.9249234509,2.1035946578,-0.3034082609,0.0734210526,0.0708974914,0.8925401569,3.0351900147,1.018410954,0.4162105263,0.0633192238,0.7366884822,2.9905572561,-0.1185974117,0.0395263158,0.0137854554,0.4266514804,2.8222560015,0.1438065847,0.4979039436,0.3018405485,0.0019697464,0.0015771777,0.9253165246,0.0576456866,2.4435569794,0.4190760696,-0.1618131017,0.4448904971,7.1728e-06,4.48093e-05,4.86146e-05,3.1321e-05,0.2333010861,0.1331591434,3.0247842942,0.5474726861,-0.0632017456,0.1846181182,0.508315,0.0257147142,0.0392120633,0.0039247096,0.1702941894,0.1562444044,3.130663796,0.5215936305,-0.0130093306,0.2026308177,0.4483284794,0.2720946168,0.0206244416,0.0127878978,0.9790764704,0.006563682,2.2975099959,0.2569669757,0.7051774847,0.1418832561,-0.0005950097,0.0003645079,0.0002598121,0.0001601728,0.9604101845,0.009163252,2.3293326329,0.3499746201,0.6818679407,0.172230487,0.1506440726,0.0205484064,0.1447346072,0.0130451023,0.9502420808,0.0143687812,2.6808650759,0.4053641788,0.9299119649,0.1887291964,-0.8895834157809995,-1.9790697678426918,1.0727604289839672,0
16,106.88408560454268,3994,18,37.36758355942048,0.21765,0.0412822904,0.2641651057,2.7177597857,-0.0877481291,0.27065,0.0469023187,0.6197518218,2.9508340276,-0.4418008239,0.5117,0.0467558552,0.3949433667,2.604585442,0.2181065954,0.0382,0.0104527508,-0.0981457919,3.4247672651,0.2196332421,0.705326087,0.1551275848,0.9233305574,2.094632429,-0.570523932,0.0715217391,0.0555199686,0.809438026,2.8094825431,0.9036377012,0.2231521739,0.1056159917,0.8932939594,2.1569222276,0.5592487283,0.0270652174,0.0085067803,0.2027026522,2.5462924581,0.400661659,0.483586706,0.2942444077,0.0042827998,0.0029346598,0.9062977504,0.0448642751,2.4567950338,0.3983317971,-0.0958200195,0.4009305805,4.79828e-05,0.0002059318,0.0001814142,0.0001180263,0.5201195473,0.1533999812,2.7672075508,0.4054133892,-0.0546744787,0.2400290297,0.5105625,0.0502868369,0.0521905885,0.0102407321,0.4534194047,0.1724394586,2.8105459917,0.3087507778,-0.025012309,0.3084665542,0.4271899947,0.2600350846,0.0363420175,0.0218648708,0.9520327063,0.0289216098,2.0506530573,0.2469967731,0.5976894675,0.1595124701,-0.002388342,0.0014341975,0.0011947885,0.0007161293,0.9385769436,0.0350337239,2.100967767,0.3627294892,0.5980124937,0.2048549484,0.1582320551,0.0244428722,0.1581896719,0.019271239,0.91514068,0.0312768939,2.5346229633,0.3084687422,0.877031874,0.1595557342,10.831477246435748,-5.5439742795813,3.4076548210307656,4
160,562.9103496005039,20859,42,37.05563419610882,0.24705,0.0387627076,0.3046255653,2.6919023931,0.2534985504,0.2103,0.0371605974,0.1936675249,2.4374174961,0.0095420403,0.54265,0.0493581554,0.3755977946,3.0154405123,0.0031778717,0.0381,0.0100940577,-0.0332410054,3.2802867785,0.5324655004,0.4791503268,0.119785744,0.8851931244,2.1114354507,0.0182731887,0.0623529412,0.0556572694,0.8887450607,3.6647231137,1.1298964987,0.458496732,0.0771618386,0.7285989824,2.4453696518,-0.5238125098,0.0480065359,0.011650407,0.183933471,2.7254506469,0.2698220412,0.497428689,0.3022765669,0.0007763451,0.0005714044,0.9357345901,0.0480195174,2.4487820857,0.5905503458,-0.2184826564,0.5457147635,2.5591e-06,1.26004e-05,2.35838e-05,1.59111e-05,0.4216323193,0.2082560385,2.9301087814,0.4071201333,0.0216528927,0.2736500338,0.4977075,0.0261231855,0.046714164,0.0076483989,0.3854834384,0.1748399486,2.8611344308,0.4841895535,0.0467396996,0.2480430579,0.4529308572,0.2901281979,0.0208464322,0.0131816744,0.9917930838,0.0037468527,2.1760915676,0.1145144413,0.6432798878,0.0749629948,-0.0002407373,0.000149209,8.56953e-05,5.5216e-05,0.9586168463,0.0087818338,2.8899593237,0.5156427619,0.868667848,0.1682325287,0.1413199905,0.0217396459,0.1234142566,0.0167374146,0.9513439809,0.0100775577,3.3437346206,0.7562920942,1.0757846954,0.2333307472,-2.4985178340735987,-1.6755575551192383,-1.0793674481889053,0
161,103.5608659303108,3819,10,36.87686430287208,0.2606,0.0468629918,0.5094364271,2.4397143199,0.0179194848,0.26335,0.0419348006,0.4118450856,2.2381075636,0.0596724219,0.47605,0.0460124711,0.4176370362,2.7542560278,0.0693790966,0.03695,0.0109520546,0.2280142054,2.937081831,0.1767125478,0.4410344828,0.1314401615,0.9270217142,1.7861571459,-0.0928613641,0.090862069,0.0870797194,0.8917097616,2.7014472119,0.9441233138,0.4681034483,0.0652173263,0.6444459706,2.2457434012,-0.2964229104,0.0442241379,0.0117737919,0.1610501353,2.4530761285,0.1147878492,0.481831672,0.2925970459,0.0040024629,0.0030117235,0.9511790088,0.030269575,2.0790235458,0.3305408866,-0.0182521779,0.3025804351,2.39489e-05,9.82313e-05,0.0001109251,7.53986e-05,0.4283598164,0.1466305854,2.756572327,0.478935356,0.0084677538,0.2972730177,0.5127525,0.0365153101,0.0464739863,0.0066885702,0.3743201789,0.1272443442,2.6641390938,0.346077206,-0.0169453936,0.2163208615,0.4472358355,0.2709426013,0.0220085827,0.0134297645,0.9641953551,0.0046157388,2.5401532499,0.2394393345,0.8585322524,0.1470764496,-0.0010756695,0.0006667213,0.0004287642,0.00025963,0.9461781569,0.0065351799,2.577405596,0.2377760783,0.8541413677,0.1502597461,0.1448933311,0.0267129563,0.1447594378,0.0163977957,0.9415264885,0.0115959423,2.8939630495,0.3989395844,1.0394454309,0.1931237931,2.6592383492952205,-5.04890712488382,1.3605607286033758,0
163,472.6993997975578,17812,44,37.68145254178092,0.245,0.0310322413,0.1082285115,2.6892207956,-0.3164731861,0.2605,0.0317372021,0.3194531776,2.9282598776,0.0235084,0.4945,0.0383764251,0.159530062,2.9456575476,0.2259731615,0.03795,0.0110701174,0.218249365,3.1219444937,0.6291631111,0.430867052,0.1071010528,0.8884362652,2.193096523,-0.0659350223,0.0878034682,0.0699221416,0.9168088669,3.000211306,0.9508370916,0.4813294798,0.0535337514,0.5343464619,3.134725066,-0.318361065,0.046734104,0.0126032771,0.039878369,2.714421413,0.3035774246,0.4966529176,0.3024506676,0.0008595438,0.0005925144,0.9224408473,0.0398494261,2.3305013957,0.3402113401,-0.0760233251,0.2827985733,1.3814e-06,1.52146e-05,2.12733e-05,1.26866e-05,0.1044199303,0.1412384143,2.8372997918,0.3776725996,-0.0166951088,0.2131174204,0.499205,0.0199630027,0.0369534822,0.0026667679,0.0710978269,0.1506102344,2.8618870703,0.3594382135,0.0348218801,0.2231505831,0.4407422511,0.2836619211,0.0250589964,0.0157212766,0.9917970851,0.0040156251,2.0577951809,0.1403661072,0.5374915192,0.1698326747,-0.0002758021,0.0001784138,0.0001288506,7.97031e-05,0.9673253328,0.0221596854,2.1609936737,0.1612993456,0.5759107472,0.1630477906,0.177440875,0.0682962103,0.1381452831,0.0169649065,0.9520038602,0.0359492066,2.4925680128,0.2205180036,0.793282232,0.2084526422,-2.971860526624101,0.48387348447968526,1.1951421854404793,0
164,106.0531438158042,3829,20,36.104540254368175,0.2562,0.0326122676,0.3011865218,2.5622853558,-0.0767056673,0.26375,0.0365196865,0.3158684581,2.2347842258,-0.0713049623,0.48005,0.0444718731,0.3202936014,2.6654014276,0.1015255014,0.03505,0.0100621817,0.151797659,2.8133216725,0.4427519684,0.4462195122,0.1366756017,0.9250025333,2.0282216638,-0.2650439099,0.0767073171,0.0810947185,0.88474242,3.1361526113,1.2148764008,0.4770731707,0.0710631427,0.825419573,2.346698174,-0.493048186,0.0480487805,0.0121914629,-0.0989712518,2.9788577369,0.3563726873,0.4881652784,0.2964977614,0.0036335377,0.0025635904,0.9295017013,0.0465984991,2.4092920182,0.5282872935,-0.1251629238,0.4189116506,2.7218e-05,0.0001149101,0.0001250015,7.75812e-05,0.5047576679,0.1661438411,2.5917617884,0.3396655595,-0.0110805754,0.2164759459,0.504275,0.0418279467,0.0499032093,0.0102928105,0.4173106342,0.1681581601,2.6393535022,0.3311208979,0.005724416,0.2141468369,0.4542056918,0.2761252055,0.0208521385,0.0132427497,0.9525533998,0.0172350842,2.4979444857,0.2750856057,0.8430432862,0.1487886739,-0.0012397036,0.000748439,0.0005449247,0.0003465201,0.9362631105,0.025830752,2.5092987188,0.3276885818,0.8245054896,0.1700410629,0.142846133,0.0223585078,0.1475878727,0.0165481671,0.9280515664,0.024722548,2.878788569,0.5107939073,1.0412994942,0.207637948,4.639363538108006,-3.3812767596539626,1.704632453384428,4
165,139.13738940161173,4949,28,35.569159528464404,0.24235,0.0350389426,0.1467977087,2.5860913114,0.1215249436,0.24695,0.0326028756,0.2713202701,2.9233034718,0.0169698395,0.5107,0.0394462926,0.1221039228,3.1226340499,0.1633223816,0.0353,0.0106728628,0.1422660572,3.7671442741,0.7423048471,0.414,0.0842636555,0.7564810276,1.9389129122,0.1669112842,0.0955454545,0.0732037799,0.8854869886,2.1963531236,0.5399127209,0.4904545455,0.043309381,0.032269052,2.9346706791,0.4059335575,0.0377272727,0.0176794226,0.469972719,5.087846883,1.0018295883,0.4970859224,0.3016603122,0.0023815716,0.001751858,0.9653997309,0.0300659405,2.3224652741,0.6108505477,0.068739332,0.4720253519,-2.30857e-05,4.24851e-05,5.07147e-05,3.23464e-05,0.3119251939,0.1483567075,2.9256694635,0.4486491781,0.0735764716,0.2511429344,0.4853875,0.023801932,0.0405209949,0.0041868064,0.250335208,0.1354231328,2.951761363,0.3198920944,0.022131177,0.2461209138,0.4511294082,0.2739753558,0.0204202178,0.0128279899,0.9787478859,0.0062759873,2.273607803,0.1617718846,0.7083287472,0.112732916,-0.0005713358,0.0003467855,0.0002545375,0.000160993,0.960118827,0.0090007153,2.3502247791,0.1909072902,0.7135876879,0.120827185,0.1526006048,0.0174317601,0.145892555,0.0113213137,0.9476915225,0.009098611,2.662947845,0.2864740277,0.9185733539,0.1407115557,-1.3730159823281989,-1.8654193773055459,0.411316964080883,0
166,237.21494395748172,8579,46,36.1655124119739,0.2543,0.0378022486,0.0462450693,2.3587171351,-0.0601397362,0.24235,0.0428512252,0.4674611956,2.7315582746,0.1888281647,0.50335,0.0452551378,0.2941400881,2.7624278315,-0.295618345,0.0366,0.011065261,0.172061161,3.4841178302,0.2514646571,0.4835625,0.1687105394,0.9454613701,1.7869996262,-0.0818838311,0.06475,0.0600411317,0.8503487501,3.5994166071,1.2038042586,0.4516875,0.1199243088,0.9040011205,1.8920090687,-0.1615316318,0.047375,0.0113185412,0.1369001547,4.443100229,0.8116828246,0.4938775964,0.2996315359,0.0025400282,0.001695207,0.9308092506,0.0500319614,2.3441320869,0.537628425,-0.084449398,0.3308364068,2.7059e-06,7.99847e-05,6.89158e-05,4.19354e-05,0.2421234982,0.1710702982,2.8954603541,0.3680885592,-0.0691149139,0.21617734,0.502385,0.0284904023,0.0403962085,0.0048713538,0.1650481968,0.1602064134,2.8218249881,0.4119807645,-0.0662291317,0.1798745834,0.4384481337,0.2670826174,0.0244440575,0.0147395043,0.9755782444,0.0105620532,2.22819539,0.2106320506,0.6616733421,0.1300462491,-0.0008352902,0.0004965973,0.000371041,0.0002237249,0.9541133042,0.0286200869,2.3127231808,0.3645191296,0.6740120733,0.1878153939,0.155127613,0.0274517226,0.1445303803,0.0174951827,0.9432126495,0.0192634119,2.6726075821,0.412002027,0.9183336436,0.1907402379,1.2736075084454324,-2.4182897391346296,0.8162030867808486,0
168,926.2258370212288,34833,70,37.60745879430876,0.2425,0.0289870661,-0.1389658011,3.8896402643,0.1244027116,0.2779,0.028654668,0.0507798647,2.3515088261,0.1813633487,0.4796,0.0341883021,-0.1220677261,2.6276192836,0.1144293555,0.03415,0.0107716062,-0.0852844471,2.3534503893,0.0041880616,0.3742230576,0.0730555656,0.7708859918,2.1501873779,-0.1986986535,0.0916165414,0.0720150766,0.9223334928,2.7107962536,0.8546259133,0.534160401,0.0379567005,0.0360108737,3.0594231532,0.0890856842,0.0490100251,0.014967296,0.3237799128,2.5684295572,0.2720630254,0.4984597403,0.3031207322,0.0002874944,0.000192446,0.9402074994,0.0535506186,2.4862188365,0.7328121226,0.0415560892,0.4744864338,-3.296e-07,2.7125e-06,6.0435e-06,3.6583e-06,0.0216287682,0.0895007476,2.8454008406,0.4284629017,0.0030154147,0.221397531,0.4998175,0.0124223918,0.0346858639,0.0026228268,-0.0044079187,0.0978042659,2.8741473412,0.3274744934,-0.0302116796,0.2275751176,0.4645674883,0.3376795352,0.017512825,0.0112475385,0.9967094132,0.0015829447,2.0711199673,0.1311324413,0.4975308056,0.1698940985,-6.01343e-05,3.66154e-05,2.90225e-05,1.81294e-05,0.9529193051,0.0428206258,2.2279145883,0.1026656391,0.550691175,0.1074924974,0.2087974983,0.0744904324,0.1299952638,0.0272189143,0.9287027401,0.0788703915,2.3581524604,0.1598206742,0.6692917206,0.2008394216,-4.247492407238258,3.9638790356625058,-0.0675199890484818,0
169,711.0972354550969,26308,72,36.99634689644529,0.27365,0.0311917858,0.2758343269,2.6009749058,0.2948879518,0.2183,0.0346498196,0.1364410179,2.8277050842,0.0640736792,0.50805,0.037755099,0.0137968443,2.6303855744,0.0142616599,0.03695,0.0119978123,0.0201163736,2.8356436317,-0.0120191592,0.4189737991,0.0966792257,0.858276647,1.9801846869,-0.1845083844,0.0766157205,0.0677573433,0.9287208631,2.9407992506,1.0054308899,0.5044104803,0.0480604339,0.4497073217,2.7393358668,0.037965852,0.0458078603,0.0127839873,0.3796600281,3.2230393495,0.1756731773,0.4946413864,0.3015693494,0.0010196675,0.0007558868,0.9649746995,0.0366243334,2.2591841087,0.4190899716,0.1568256676,0.4444337897,1.8973e-06,1.384e-05,1.71738e-05,1.02153e-05,0.0677580642,0.0887131274,2.8742564981,0.4757149737,0.0824366582,0.221701154,0.49883,0.0218785363,0.036635519,0.0030658602,0.0468091529,0.1068231143,2.887035467,0.6121191814,0.1542739544,0.2681376303,0.4325677726,0.2814106504,0.0300686699,0.0191165974,0.9934042733,0.004292273,2.1054339644,0.218583972,0.5528617004,0.1625860789,-0.0002401158,0.000146636,0.0001145386,7.28285e-05,0.9745611331,0.0069274062,2.106476684,0.2065282159,0.5257229215,0.1565207105,0.1724853249,0.0178165531,0.1442487366,0.006818821,0.9645357237,0.0044139413,2.3228769987,0.235280865,0.7201920809,0.1490708742,-3.7783149947730585,-0.7396030980250036,2.6459367197897783,0
17,112.35072085419851,4121,50,36.67978245860982,0.2557,0.0445983184,0.4847976679,2.7440803125,0.0743489588,0.26265,0.0436088007,0.4883979258,3.1268916684,0.1042287773,0.48165,0.0348859212,0.0391885978,2.9252408714,0.0052399155,0.03455,0.0107493023,0.1324164392,2.8038261594,0.3158718797,0.6069318182,0.1306374925,0.8314013257,2.2730218864,-0.47723949,0.0603409091,0.0536338356,0.8632107972,3.5777441928,1.1825898736,0.3327272727,0.0872460897,0.6971820759,2.1767833173,0.2674758316,0.03625,0.0087337511,0.0350631136,2.9658562467,0.1519181873,0.4849096452,0.2943442637,0.0042080969,0.0024619249,0.9288611363,0.0380272032,2.4591042201,0.3703908817,-0.0310880655,0.3854273779,-3.01646e-05,0.000160948,0.0001554567,8.74365e-05,0.4854246639,0.1845153184,2.8326406055,0.4032737009,-0.0072176232,0.3012733213,0.4889325,0.0297056067,0.0503570414,0.0108670723,0.3950611464,0.1871325429,2.90621871,0.4764025662,-0.0452297746,0.2653363288,0.4416808588,0.268242745,0.0233519913,0.0144512355,0.94578853,0.0382009465,2.4695870866,0.2861488662,0.8066336303,0.168609319,-0.0014729399,0.0008962989,0.0006339617,0.0003903605,0.921224485,0.0713989734,2.6042710302,0.4237889822,0.8305391306,0.2114214802,0.1449016575,0.0248054855,0.1428107908,0.0142657466,0.9121970923,0.045488251,2.9332419608,0.3914171228,1.0254829991,0.2112859501,9.814085165085126,-2.40234166679066,-2.521340538030672,4
170,947.3318114771216,35528,46,37.50322703151198,0.25265,0.0301036127,-0.1068240802,2.3644565053,-0.1551230314,0.2793,0.0311208933,0.163580967,3.1210169224,-0.0311299965,0.46805,0.0350848614,0.1128453109,2.9539484312,-0.3199479728,0.03085,0.0084277814,0.0970615231,2.450584972,0.1829518429,0.3903436426,0.0819901854,0.8464174601,2.1114434954,-0.1558944056,0.1150515464,0.0700239092,0.8874437933,2.5117399565,0.6370667667,0.494604811,0.0363889618,0.0866078507,2.7313561575,0.0835650045,0.0398109966,0.0109771091,0.1207462861,3.6037413023,0.5741864597,0.4966984169,0.3017698025,0.0004178261,0.0003051996,0.9511610779,0.0396652088,2.5367886907,0.5570889585,-0.0209213298,0.5514966873,1.9011e-06,3.7446e-06,7.6563e-06,4.6431e-06,0.0729755691,0.1508462849,3.0192196514,0.3666795779,0.0659427974,0.2357904767,0.504725,0.0115949288,0.0358986295,0.0019736775,0.0078385835,0.1286431591,2.9188086236,0.4692868676,0.0397920273,0.2461264841,0.4632745616,0.3296040144,0.016231452,0.0118850784,0.995341483,0.0024362123,2.048343823,0.1112345122,0.4837768701,0.1810241979,-6.58932e-05,5.0974e-05,3.34693e-05,2.24165e-05,0.8654162419,0.2381593568,2.2215846644,0.182667602,0.4836518948,0.1804012473,0.2298891882,0.1080242403,0.1315591057,0.0388703235,0.847410873,0.2685350889,2.4243122094,0.3652532459,0.5705767675,0.2715368492,0.6883559387804258,13.116431641721084,-7.594294109784492,2
172,149.20459000646778,5562,39,37.2776735605714,0.24795,0.0397686749,0.4334591222,2.4798871848,0.1339334104,0.2503,0.03797249,0.2663129193,3.401562467,-0.1435584986,0.50175,0.0438370562,0.454237567,2.1479781438,-0.115032521,0.0401,0.0104158533,0.0760730495,3.1116194103,0.4579156707,0.471547619,0.1396466122,0.9356976001,2.5327726036,-0.5901862258,0.0911309524,0.0850117331,0.9189360084,4.3197686412,1.3694242061,0.4373214286,0.0663120618,0.7839636213,2.1781595649,-0.1267906631,0.0408928571,0.0113693593,0.2711598478,3.8442139204,0.5628335387,0.4957448432,0.3011358887,0.0019625345,0.0014518593,0.9294915621,0.0508429197,2.3055681315,0.413676336,-0.0153137044,0.3668319956,-3.4387e-06,5.57119e-05,6.10264e-05,3.33378e-05,0.402825386,0.1489265899,2.92230383,0.4477137848,0.0446358527,0.212196592,0.5109075,0.0387939179,0.0454268312,0.005619064,0.3406936924,0.1356699137,2.9626352745,0.4247015438,-0.035716208,0.2299913231,0.4427366571,0.2682582758,0.0244580494,0.0144620967,0.9809103207,0.0065110029,2.3316604559,0.2673622781,0.7628425756,0.150126929,-0.0006480334,0.0004023753,0.0002646566,0.0001579775,0.9540792178,0.013762397,2.7089728228,0.450568418,0.8843577023,0.1869178301,0.1415526244,0.0246219986,0.1410814867,0.0161004455,0.9474364278,0.0117668671,3.1271346944,0.5330077992,1.0903035744,0.1991789491,0.22281040804514562,-3.0559857981647545,-1.2152241914577337,0
174,745.269891836809,27811,54,37.31668259327689,0.22655,0.0358935579,0.0638317756,2.6885213508,0.4155018961,0.2915,0.0488850693,0.4607562416,2.7544183698,0.1280590116,0.48195,0.0413636011,0.2049754215,3.0003614546,0.2099348992,0.03905,0.0095575886,-0.0242767407,2.7370073291,0.2118380905,0.4783823529,0.1085798743,0.9079412821,2.2688943124,-0.4109359513,0.094,0.0801315096,0.8862334956,3.9075959283,1.1792667794,0.4276176471,0.0452320908,0.5291233917,2.5303436748,-0.3527328533,0.0403235294,0.0127434426,0.1569342386,2.5943736743,0.2624251518,0.497039271,0.3019374757,0.0008178513,0.0005932733,0.9320927212,0.0451165884,2.4156933056,0.5330953317,-0.0085531272,0.4252257791,-5.6327e-06,1.42159e-05,2.53163e-05,1.67085e-05,0.2885136244,0.1850097599,2.7949810467,0.3382280023,-0.0130413739,0.2626956893,0.493935,0.0261329634,0.0400157286,0.0040988367,0.1865134742,0.1873635995,2.7968401025,0.4227315521,-0.0033230523,0.2280775405,0.4543315291,0.2903464402,0.0214721865,0.0127750859,0.9897056573,0.0061912632,2.3306762523,0.234316833,0.7251344323,0.167403239,-0.0002812218,0.0001655059,0.0001007334,5.87207e-05,0.9549136966,0.0103515285,2.7982028722,0.4498149068,0.8454039381,0.2380472939,0.1429892674,0.023717076,0.1258678962,0.0107783241,0.9494106763,0.0098140774,3.0952058397,0.6270929558,1.0158774237,0.2795336211,-2.037283333754911,-1.2996095786628512,-1.4724519612282458,0
175,652.468421062802,23438,16,35.92204502682594,0.24315,0.036794395,0.3704895965,2.4259029148,0.0381690359,0.26315,0.0299470783,-0.0628643536,2.9050873525,-0.0423543344,0.4937,0.0385332324,0.2882688303,2.9514482365,0.2292766588,0.0388,0.0112498889,0.1451205303,2.929913766,-0.0475183791,0.4672175732,0.0995696742,0.8640182652,2.4640670052,-0.5703515834,0.0767364017,0.0652194363,0.9162190244,3.5787170061,1.1538867809,0.4560460251,0.0477654877,0.4071066866,2.5241541071,-0.1795548314,0.0438912134,0.0116038465,0.0941692018,2.884898983,0.0870239456,0.4983388508,0.3020359039,0.0005616841,0.0003764937,0.9412666656,0.0582434689,2.6848472871,0.9382797199,0.0454444117,0.5675808781,-1.9058e-06,1.15151e-05,1.27058e-05,8.0048e-06,0.2149851057,0.1413148493,3.030606841,0.4483803597,0.0678007897,0.2506407857,0.494275,0.0250186006,0.0370059705,0.003016976,0.1349804062,0.1370736038,2.9566736707,0.3467293676,0.0184941167,0.2405700265,0.4595650582,0.3054482006,0.0181751943,0.0110350881,0.9947569508,0.002001374,2.071734031,0.1427996013,0.5161016991,0.1483037123,-0.0001644071,0.0001008685,5.54087e-05,3.36793e-05,0.9519521277,0.0175399871,3.0546944953,0.4934803438,0.8872764159,0.1564806243,0.1559567106,0.0334776967,0.1197660463,0.0161723768,0.945160199,0.0203507314,3.3241766793,0.5301432955,1.0303623595,0.1558659475,-3.440221354511471,-0.09561853633599668,-1.737331192718379,0
176,117.84635555508916,4299,40,36.47970257332536,0.25725,0.0435337513,0.3241996359,2.9844625889,0.3073748278,0.23595,0.0487939289,0.4174334406,2.9263943689,0.4347041784,0.5068,0.0466771893,0.2371977946,3.3732283525,-0.3869887701,0.03855,0.0106605581,0.0987566594,3.0211495169,0.0092157062,0.5344117647,0.1596861108,0.9531698111,1.8518358347,-0.3449324715,0.1047058824,0.0931813105,0.93119663,2.6472637536,0.9012422357,0.3608823529,0.0780504229,0.8681599418,1.928785407,-0.0081678137,0.0407843137,0.013224033,0.3525611817,2.3539853389,0.3835874393,0.4826821704,0.293652501,0.0049014075,0.0030991046,0.925233185,0.0575979118,2.4182680799,0.6628860694,-0.1496858044,0.4294919391,-3.10559e-05,0.0002049397,0.0002009219,0.000120094,0.5710749111,0.1715362432,2.6437942286,0.3377898095,-0.0641878031,0.2003911395,0.503575,0.0408757003,0.0533262597,0.0100178107,0.4784099589,0.1885124152,2.6487073848,0.2741232912,-0.0185252191,0.1760545492,0.4232792635,0.256595183,0.0310570196,0.0191575731,0.9448514876,0.0390052055,2.2838306386,0.2697850601,0.7562352229,0.1828523854,-0.0020907286,0.001297929,0.0010205464,0.0006306814,0.9361640812,0.026791136,2.2881725479,0.3244376302,0.7476192717,0.183825291,0.151596672,0.0271554267,0.1572467881,0.0134386752,0.9176215799,0.0244880499,2.8478046926,0.692987256,1.0072169554,0.2794450763,11.767406649305283,-5.833310246859399,0.19570031182221018,4
177,299.2308375364136,10592,35,35.39742122571526,0.2375,0.027870235,0.1447400939,2.4899623958,0.0140311864,0.25755,0.0317371628,-0.0377429529,2.4633509462,-2.42358e-05,0.50495,0.0376397064,0.0480713152,2.6221309752,-0.152434907,0.037,0.011,0.0344480764,2.9469981559,0.151014275,0.4068965517,0.0737191057,0.7873725002,2.5837160401,-0.1206657308,0.0862758621,0.0672611465,0.8903214066,2.4432776609,0.6961226327,0.5068275862,0.0398393922,0.2373791474,3.6737287824,-0.0960953367,0.0453793103,0.0120785184,0.1951884121,3.4055797394,0.4600400786,0.4962412646,0.3020374333,0.001157681,0.0008189124,0.959280822,0.033373464,2.5065943387,0.8006420292,0.0518995127,0.5696584161,-3.6903e-06,1.21755e-05,2.21246e-05,1.31563e-05,0.0240431039,0.0772553978,2.8262338977,0.3774207975,0.0911828047,0.2199690973,0.4964825,0.0202913299,0.0369070214,0.0030616007,0.0142222292,0.1080860258,2.8983099427,0.3912788632,0.0842944516,0.2000677826,0.452612182,0.2920516536,0.0197637553,0.012632315,0.9904081708,0.0028239298,2.1982840208,0.1530230475,0.6223323589,0.1895147487,-0.0002198893,0.0001485757,9.92374e-05,6.10096e-05,0.9291941435,0.1265142857,2.3059041785,0.126391503,0.6117263909,0.2027322081,0.1921791344,0.0797491752,0.1356974687,0.0244266455,0.9070730595,0.1807288642,2.4386970911,0.1784737541,0.7250782255,0.2434797246,-0.9432956676932647,6.9959294434431,-3.9645046832437525,0
178,113.94259145875574,3963,58,34.78067287450192,0.28695,0.0648301435,0.6843078778,2.4584453581,0.0210075631,0.23055,0.0600537051,0.665390803,2.5519625529,0.0346081205,0.4825,0.052160809,0.3939450094,4.2448399624,0.5630686922,0.0374,0.010061809,0.0745426082,2.8933390322,0.3310710286,0.5875423729,0.1744127505,0.9246610565,2.4648122332,-0.601803535,0.0993220339,0.0976480086,0.8448455922,4.9538861084,1.5507071381,0.3131355932,0.0896835222,0.8571391925,1.9252805774,0.0103413634,0.0326271186,0.0097143931,0.2212254315,3.0456557759,0.5994598117,0.4779143782,0.29126652,0.0073529945,0.0053491728,0.9335747276,0.0368701178,2.3060575008,0.4389007859,0.0627397444,0.3230816679,5.5389e-05,0.0002461003,0.0003644837,0.0002482909,0.7008750381,0.1195108797,2.5530281509,0.3381966874,0.0728232829,0.2963265546,0.5010875,0.04020351,0.0642893011,0.0107618955,0.6037586592,0.1542745771,2.5658761221,0.2731036524,0.0354649853,0.2353492489,0.4510478054,0.2728329988,0.0230308619,0.0140075557,0.9187762852,0.0133825889,2.6758103317,0.2787690627,0.9124994225,0.1304494575,-0.0024385292,0.0015374093,0.0010166705,0.0006204328,0.8966115461,0.0351410519,2.7745830697,0.5307793937,0.9251515256,0.1971690138,0.1369788983,0.0257115113,0.1441938007,0.0261376159,0.8876045109,0.0281670665,2.9884508754,0.5414205305,1.0859232569,0.2038525296,14.90400625585034,-9.82180009590952,-1.072617985261366,4
179,820.0699690514098,30869,24,37.64191003812363,0.26335,0.0268612639,0.0509119527,2.5717977637,-0.023099608,0.24195,0.0293419069,-0.1344586018,2.7024159557,0.2078151062,0.4947,0.0294857593,-0.1232650128,2.9500773261,0.2370760785,0.03535,0.0097533328,0.0775419304,2.5394354157,0.370574999,0.4052554745,0.0876212844,0.8312482401,2.0585771689,-0.0493293291,0.1050729927,0.0729788125,0.911149751,2.3767597444,0.7188283874,0.4896715328,0.0422592122,0.2419006838,2.8150119232,-0.0038839378,0.0443248175,0.0111312822,0.2090231421,3.5128591827,0.4636759105,0.4992446836,0.3028728103,0.0004481865,0.0003555525,0.9376834301,0.0514268942,2.515929085,0.649251214,-0.0476482561,0.4461752775,-1.3389e-06,4.2559e-06,8.8309e-06,5.4642e-06,0.0174948036,0.133180119,2.7983954287,0.3258061119,-0.0100340059,0.2218131979,0.4941375,0.0130608085,0.035689476,0.0023864571,0.0288333806,0.1207462711,2.8263357031,0.4052204979,0.0275575848,0.2063294622,0.4576872727,0.3098087967,0.0198897755,0.0118255208,0.9955489236,0.0022532514,2.048658289,0.1276191002,0.491289374,0.1376480774,-0.0001118248,6.85353e-05,5.21721e-05,3.1281e-05,0.9667137052,0.0130667992,2.2234720372,0.2346715655,0.558220057,0.1949438365,0.188286368,0.0438680444,0.1378060397,0.0120009876,0.9548718827,0.0151952266,2.3963754576,0.2794643198,0.7089728092,0.2240308172,-4.735299248712708,1.026091011439361,1.6112667242502445,0
18,339.76340617838923,12801,27,37.67621753026272,0.2672,0.0368600054,0.3883694583,2.5898995884,0.0234063692,0.2426,0.0393921312,0.3163835072,2.6530969115,0.3642267791,0.4902,0.0381504915,0.0758150666,2.7726204456,0.3212288078,0.03705,0.0102492683,0.0133666983,3.0230923867,0.2894068207,0.4453144654,0.1105100888,0.887605007,2.1111201225,-0.2484234287,0.0839308176,0.0704887805,0.9101237492,3.5576107565,1.1227125018,0.470754717,0.0552956282,0.6157705545,2.2212022105,-0.2172996774,0.0399371069,0.0113545965,0.0980018601,3.5462493755,0.4344257545,0.4985539002,0.3027543127,0.0010662329,0.0007036645,0.9396619686,0.0427374054,2.6825728324,0.9220407949,-0.2569133018,0.5189691014,-2.7959e-06,1.75544e-05,2.20642e-05,1.29316e-05,0.1428942488,0.1174188624,3.0301733172,0.3391985922,-0.0315906904,0.2647712093,0.4972,0.0199670792,0.036964772,0.003252903,0.1277544212,0.1228532467,2.8819270289,0.3004413289,0.0444190725,0.2037332533,0.4531672399,0.2889132715,0.0211631769,0.0124758088,0.9901158168,0.0047612409,2.1672788161,0.2032611335,0.5991183262,0.1931452225,-0.0002314214,0.0001337753,0.0001097188,6.46002e-05,0.9586082904,0.0338406859,2.1770270629,0.2864159677,0.5588621082,0.2126338766,0.1931614188,0.0550208441,0.1407142508,0.0221646872,0.9464791328,0.0694572639,2.2567751533,0.2741872596,0.6614842068,0.2167879261,-2.2229485514802616,1.5909713444090792,-0.5411623613572744,0
181,823.2164197170127,30309,6,36.81777874452378,0.25885,0.0328470318,-0.0074403806,2.9582941686,-0.0201731943,0.25275,0.0285952356,0.1904777567,2.8140375273,-0.307949662,0.4884,0.0365162977,0.0456312976,2.7563750057,-0.0838508895,0.03465,0.0078821,0.0060566161,3.3261105239,0.2226420793,0.3814717742,0.0871892593,0.8400773664,1.9697682033,0.158057117,0.1095967742,0.0652263329,0.887164231,2.3749844589,0.5115174411,0.5089314516,0.0437778407,0.2103223831,2.9674942071,-0.0899304538,0.0442137097,0.0114778316,0.1248480657,3.2126960742,0.1748368722,0.4969001539,0.3013495966,0.0004626076,0.0003318466,0.9409948812,0.0475608686,2.5303724936,0.5094234059,0.0772898003,0.5036423071,-3.301e-07,8.2071e-06,9.89e-06,5.9736e-06,0.0186698461,0.100033626,2.7530389592,0.3012784695,0.0422851734,0.1969215125,0.5035425,0.0168455875,0.0355254926,0.0022144412,-0.0200133948,0.0751256081,2.8105949093,0.4029209458,0.0827537009,0.2348256065,0.4576914081,0.3104674116,0.020449743,0.0126520663,0.9952208861,0.0025077603,2.0441151642,0.0790796312,0.5000117494,0.1113145055,-0.0001363103,8.20849e-05,5.37972e-05,3.29157e-05,0.9641168086,0.0111593332,2.4551822708,0.1778960337,0.6731621023,0.1621124341,0.1675960831,0.03332596,0.1242287287,0.0136828891,0.9452484182,0.0263900595,2.7256563909,0.2913151258,0.842186061,0.2233711187,-4.352771938283964,0.9922973958106502,1.2929093254377932,0
182,331.590222084218,12327,72,37.17540258732105,0.2263,0.0313418251,0.0903830364,2.8589367079,-0.1875185372,0.23625,0.033476671,0.110800028,3.7007138242,0.5058846939,0.53745,0.0407829315,0.0711376994,2.8285811455,-0.1445970857,0.0387,0.009370699,-0.1217094961,2.7776661392,0.3793636553,0.4561016949,0.1058563457,0.884369407,1.9914232274,-0.2703474004,0.081059322,0.069134638,0.8725199702,2.7565394184,0.9318045466,0.4628389831,0.0498577587,0.6172031597,2.1287607158,-0.332186309,0.0424152542,0.0106312031,-0.1050542453,3.4668974297,0.5048377259,0.4940306631,0.3011137326,0.0013156456,0.0009809335,0.945971097,0.040096754,2.2954319637,0.8044644459,0.1412251114,0.4664790587,2.5807e-06,2.06824e-05,2.65827e-05,1.59065e-05,0.1192508779,0.1557193776,2.786016561,0.33170489,0.0309042752,0.2278020288,0.5004175,0.0212769962,0.0365287708,0.0039435431,0.0965209481,0.1447721821,2.7795804971,0.2512767769,-0.0114336289,0.2338487046,0.4390828852,0.272561549,0.025831617,0.0156616966,0.9894728433,0.0059170366,2.08054916,0.2253390935,0.5566111339,0.1560503094,-0.0003579858,0.0002161035,0.0001716274,0.000103468,0.9714587206,0.0092764591,2.1370329127,0.2779000386,0.5636289608,0.1725977089,0.1724392524,0.0243898299,0.147397522,0.0048323419,0.9626870574,0.0045143105,2.36673815,0.2305632108,0.7612686355,0.154616474,-2.819976714839795,-1.1696313289117852,2.5377551595570154,0
185,101.64161612697606,3747,60,36.864821150807465,0.2368,0.046127649,0.6109155927,2.6911646308,-0.0026565442,0.2636,0.058026201,0.6663457735,2.5960998512,-0.4223290478,0.4996,0.0479253586,0.3898987374,2.6425085369,0.0714843294,0.0382,0.0112365475,0.2067357757,3.2939935794,0.6009868757,0.4344117647,0.1257610053,0.9221493026,1.8440046943,0.0230857241,0.0910294118,0.0876052259,0.8548984191,3.7695957827,1.2540125405,0.4745588235,0.0669324467,0.7769611457,2.2592362929,-0.0287418356,0.0442647059,0.0109901261,0.0541968158,2.9564034307,0.0874592381,0.4894443894,0.2963458984,0.0036091162,0.0021685418,0.9044712557,0.0294589074,2.5281615833,0.4237334735,-0.069627078,0.2959904979,1.30816e-05,0.0001397015,0.0001608898,9.58389e-05,0.5228820305,0.1222660098,2.6475668128,0.2803167357,-0.0093948356,0.2544884335,0.4998425,0.0324755188,0.0497626981,0.0083965619,0.4342874794,0.1291690302,2.7901475582,0.2989147492,-0.0658224146,0.2631592483,0.4583713489,0.278205222,0.0209860745,0.0125827948,0.9404625526,0.0252774897,2.4890704424,0.2542077058,0.8330017564,0.1329765136,-0.0016300055,0.0010034128,0.0007132699,0.000429058,0.9247068612,0.0376064802,2.526458946,0.4090455414,0.8271256076,0.1861870398,0.1401280762,0.0228327867,0.1482915569,0.0196161573,0.906397131,0.0229504591,2.937579643,0.272067825,1.0827714568,0.112540234,7.601570245217385,-3.8850713304112183,1.039608927410607,4
186,493.3356926512743,18627,32,37.757251862104624,0.237,0.0326419975,0.1855006056,3.4145783424,0.1218802217,0.2516,0.0332631929,0.1330600699,2.3631687563,-0.0332848898,0.5114,0.036973504,0.0180455109,3.2039052678,0.1232719231,0.0413,0.012562245,-0.037288599,4.1086282414,0.854924869,0.395,0.0953327506,0.8514849183,1.9873488194,-0.0777412518,0.0989583333,0.0751939044,0.9112771262,3.088157236,0.9701312169,0.5060416667,0.0430885514,0.3571038738,2.2561043262,-0.1719021579,0.0402916667,0.0130431309,0.2556170071,2.3612737248,0.2234891428,0.4980802586,0.3029538984,0.0010157122,0.0007177035,0.9474228064,0.041529198,2.6397368233,0.7990179732,-0.0954625441,0.5736418199,7.9476e-06,1.91559e-05,2.14282e-05,1.3588e-05,0.0989687306,0.1301962081,3.1000065489,0.5096350827,-0.133417026,0.2425245305,0.5084925,0.0229251733,0.0359643514,0.0032429623,0.0858892006,0.1036357072,2.9891648501,0.3497099176,-0.0897567752,0.2414350847,0.4580518943,0.2916553913,0.0192035551,0.0128829644,0.9551796709,0.1276995363,2.0784897828,0.145055399,0.5078583608,0.2140197679,-0.000257847,0.0001780743,0.0001159373,7.43887e-05,0.8790615534,0.3246983016,2.214692869,0.3330866201,0.6049094744,0.191970804,0.1858956462,0.0854807589,0.1348418416,0.0321142078,0.9253517542,0.1210499376,2.5711660562,0.2715882876,0.7719779156,0.3841176661,12.529846982401141,19.356012221474955,6.275828527674359,2
189,608.7466678272481,22735,72,37.34722701833631,0.25955,0.0300007917,0.1726108435,2.6227320139,-0.1234566984,0.22155,0.0325168802,0.2448988554,2.7112947919,-0.0752331651,0.5189,0.037333497,0.3877956529,3.369797651,-0.0001760736,0.0401,0.0108392804,0.0406104925,3.2180434064,0.4100896005,0.4413636364,0.0988086054,0.8613011977,2.3090832802,-0.3939680669,0.0777878788,0.0623998628,0.8591117307,3.7856586888,1.185019745,0.4808484848,0.0498136657,0.5620623258,2.42136068,-0.0367751615,0.0443939394,0.0099816176,-0.0895945468,2.6514033001,0.1671414867,0.4940773492,0.3016189866,0.000850587,0.0005868158,0.9416596356,0.0358072372,2.4719447825,0.6025223558,0.0831544152,0.4725859694,1.1795e-06,1.72854e-05,1.97719e-05,1.15969e-05,0.140975734,0.1786125953,2.8399258137,0.4412953857,0.0442775672,0.2303945233,0.498535,0.0217010029,0.0371174271,0.0041312049,0.1084278777,0.1382726003,2.9039967444,0.4367575112,0.0743411354,0.2496349909,0.4493399546,0.2938809487,0.0213943647,0.0127732305,0.9915245117,0.0032788178,2.2949379849,0.2023417761,0.6987661528,0.1941322612,-0.0002123965,0.0001188337,9.05138e-05,5.398e-05,0.9612983985,0.0131230181,2.4586609709,0.232363242,0.7275755809,0.1998848575,0.1710147067,0.0478822988,0.1335086565,0.0142575344,0.9559412805,0.0136300661,2.6085595078,0.3255562236,0.8386502629,0.225613328,-3.1246867230587805,-0.5193368704648182,0.05863902811554232,0
19,200.06889085103376,7407,45,37.02224752930262,0.2475,0.0378516842,0.3406623113,2.1354266871,0.0277280938,0.29895,0.0404616794,0.3172594002,2.5758376601,0.3189744581,0.45355,0.0382837759,0.3850559573,2.772109432,0.1223899759,0.03345,0.0092383711,0.1426560235,2.5337183196,0.1735505785,0.4959574468,0.1074171541,0.9095283429,2.1030602172,-0.302359304,0.0745744681,0.0580794557,0.9130486244,2.9331512891,0.9656976234,0.4294680851,0.0587569285,0.6448668014,2.0665088183,-0.1861301472,0.0404255319,0.011052572,0.1127987474,2.5723243195,0.1582429641,0.4908544871,0.2985303624,0.0015057077,0.0009283226,0.9362886513,0.0306514718,2.4943552487,0.5169838793,0.0557323157,0.4141347763,-1.2771e-06,3.72143e-05,4.25711e-05,2.56725e-05,0.2675576708,0.2089156286,2.7268587549,0.4030429706,0.0139317952,0.2495064343,0.4938225,0.0288725063,0.0405000322,0.0056393058,0.1823911522,0.1592965285,2.8031815321,0.4492772092,-0.029082784,0.2105956185,0.4360680183,0.2656053162,0.0266098585,0.0158732165,0.9846834426,0.0058771899,2.1962354029,0.1220944317,0.6535590899,0.0909883874,-0.0006623308,0.0004025892,0.0002557061,0.0001557017,0.9566688195,0.0076065555,2.7026742782,0.2246990845,0.8661502821,0.1106837908,0.1430323218,0.0192913562,0.1352751688,0.0084571624,0.9492364228,0.0093109002,2.971683671,0.3389822486,1.0187419792,0.1387782692,-0.787739256709436,-2.877853179391233,0.27394312779870156,0
191,684.5426267640078,25088,66,36.64928818033847,0.25495,0.0355351586,-0.0557412373,2.3844860013,0.0710502547,0.27125,0.0319951168,-0.0566420977,2.5285219208,-0.0283800329,0.4738,0.036360143,-0.1506598162,3.9895675648,0.0787626608,0.0316,0.0109517122,0.0389475199,2.9577792064,0.4626338993,0.4837605042,0.1062265169,0.8679138524,2.4633762932,-0.5634932978,0.0747689076,0.0639397133,0.9099282382,3.9966016517,1.2866522343,0.4414705882,0.0549497591,0.5511464072,2.8625429648,0.1434213764,0.0430882353,0.010905466,-0.02737619,3.2416338384,0.29521205,0.4981416969,0.3027901623,0.0005441422,0.0004779977,0.9408836709,0.0571654054,2.7548275276,0.9228789018,-0.0251374797,0.5644990636,1.0928e-06,7.2544e-06,1.21993e-05,7.226e-06,0.1114585242,0.1322991374,3.0504764633,0.5364623983,0.0751005998,0.2720603475,0.50378,0.0160552437,0.0374228997,0.0031925423,0.0528917282,0.1059215724,2.8099423705,0.2756885509,0.032968227,0.2328641146,0.4569154177,0.3014174778,0.0197206134,0.0125153783,0.9946778728,0.0024644841,2.0359584478,0.0981500311,0.4941945496,0.093960943,-0.0001641876,9.98092e-05,6.29596e-05,4.065e-05,0.9629185436,0.008415365,2.9099201423,0.3481097145,0.8832288651,0.1502702244,0.1482461184,0.0163798813,0.1239675857,0.0049895491,0.9526860379,0.008704656,3.3071828991,0.4219676653,1.09845411,0.1515342224,-3.8380863397250757,-0.613052668248901,-0.42624505932260437,0
192,109.64159806786584,4113,57,37.513134362143646,0.1921,0.0403681805,0.3191782872,2.7577107864,0.0919959311,0.31045,0.0618792978,0.650885153,2.6947562405,-0.2109007112,0.49745,0.058058139,0.5246333434,3.1230935117,0.5666169198,0.03525,0.0110312057,0.3530526608,2.9640124311,-0.0130600226,0.5657407407,0.1624648321,0.93586641,2.0524112696,-0.5756870684,0.0708333333,0.0655584981,0.8536612219,3.9946922389,1.2280642037,0.3634259259,0.1044643483,0.8899408918,2.0468268049,0.448901638,0.0424074074,0.0124996571,0.0346787185,2.4122723867,0.0503737034,0.4848073767,0.2960019498,0.0040444543,0.0022446666,0.9287703574,0.0547870732,2.4869085251,0.7059324087,0.008704567,0.5263906808,1.2298e-06,0.0001839843,0.0001656545,9.10462e-05,0.6048228791,0.1417807267,2.8291848384,0.431310982,0.0143689128,0.378969604,0.50155,0.0435798004,0.0544113396,0.0093717459,0.5170073164,0.1459567998,2.8229894421,0.4391242099,0.0040523187,0.3237393693,0.4460689949,0.2717513081,0.0197422758,0.0122348003,0.9408614513,0.0320023323,2.3304339341,0.2582210264,0.7103060845,0.1596219166,-0.0014391754,0.0008479758,0.0006441763,0.0004019637,0.924952927,0.0364893279,2.3224383302,0.2414824585,0.6869118234,0.1479388608,0.1493896714,0.0287980728,0.1428981682,0.0165326432,0.9119116518,0.0150522793,2.7466570133,0.4708777153,0.9402703116,0.2547307154,8.937884666048978,-4.341085663106585,-0.27810347161465504,4
194,588.8370613701408,22218,55,37.73200000064848,0.2156,0.0327893275,0.2473849769,3.1696969608,0.141889068,0.2696,0.0465009677,0.6086319983,2.7864667632,0.0779194597,0.5148,0.0396037877,0.4058299921,2.6217422265,-0.1182272341,0.04025,0.011519006,0.0942887394,2.4414879184,0.0714582185,0.4790625,0.1345961117,0.9416880255,2.166354408,-0.1314467977,0.0820703125,0.0676474874,0.9218072355,3.3589299939,1.0664408026,0.4388671875,0.0777031482,0.8220106552,2.4543529733,-0.4613728267,0.0374804687,0.0119569381,0.1835121934,2.8503398099,0.3613003928,0.4969538307,0.3025651734,0.0006903546,0.0005631133,0.9402480626,0.0392864369,2.4546682389,0.5612113817,-0.034949074,0.451252615,7.4e-07,1.31464e-05,1.57209e-05,1.03608e-05,0.2336354729,0.201763852,2.8798568691,0.5469090279,-0.0244571898,0.1989442557,0.4986625,0.0286856666,0.0403719796,0.005320657,0.2127472314,0.1724093879,2.9456899806,0.4920290012,-0.0167781677,0.2002961473,0.4438881073,0.2924825082,0.0254173452,0.0164874878,0.9939917317,0.0029385421,2.1440908218,0.102178551,0.5755292177,0.0869222599,-0.0001931323,0.000118655,8.15138e-05,5.17222e-05,0.9634554866,0.0108093839,2.4694330942,0.2198353581,0.7198243817,0.105331843,0.166635532,0.0162729084,0.1372614449,0.0080915322,0.9584085849,0.0063540361,2.6316683857,0.2906989666,0.840093275,0.1659562903,-3.2889004589589854,-1.4764001451324418,0.9525349170020333,0
195,316.9995329459619,12145,65,38.31235928688364,0.24495,0.030955573,-0.0249718617,2.7455590261,-0.1372922145,0.25205,0.0340227497,0.3546717102,2.768982868,0.1947217759,0.503,0.0348353269,0.0531249483,2.272348115,-0.0068838804,0.03755,0.0105236638,-0.099948298,3.7451388861,0.3624721756,0.3613157895,0.0738925626,0.813486205,2.0842367801,-0.1162931568,0.11,0.0770952931,0.9415889965,2.1070255752,0.556420092,0.5286842105,0.0324216507,0.1514380087,2.8422340182,-0.1286344065,0.0478947368,0.012948866,0.1897273949,3.0849247174,0.3187226293,0.4981547714,0.3028616896,0.0012342745,0.0008369027,0.9315853251,0.0434386869,2.588884256,0.6516871117,-0.0685130622,0.5065023148,7.5368e-06,1.31224e-05,2.90798e-05,1.76108e-05,0.0698192115,0.1273480914,2.925168013,0.48554448,-0.0356119149,0.2734412682,0.508385,0.0157592679,0.0361779633,0.002714263,0.0446308249,0.1010241556,2.8498796178,0.4226315091,-0.0123504104,0.2553351645,0.4460653523,0.2814569424,0.0213384247,0.0125206273,0.9870541772,0.004429089,2.397831436,0.2189255282,0.7991010318,0.1956459559,-0.0003425573,0.0002022977,0.0001498774,8.72656e-05,0.9610020829,0.0122937648,2.4823839981,0.2162716503,0.8037916892,0.1920963042,0.1609595617,0.0505231945,0.1394750988,0.0119317781,0.9527357131,0.0211531235,2.7696121925,0.2717498585,0.9486386686,0.2211265348,-3.251352429552844,0.18726855409940693,1.9293609812919774,0
199,516.2214536979889,18842,36,36.49983910010714,0.25425,0.0319247161,0.1769645301,3.2594397122,-0.2013892353,0.2624,0.0312208264,0.0930272956,3.1498233212,0.2088429506,0.48335,0.0375969081,-0.1222544967,3.2683604245,-0.3725669608,0.04005,0.009987367,0.0301246276,3.7833815787,0.4981733902,0.4174534161,0.078917596,0.8183343747,2.8606067988,-0.5208432177,0.0813975155,0.0665083266,0.908438938,4.0732200913,1.2704722572,0.5011490683,0.036590942,0.1946480444,2.7307160711,-0.247882647,0.039378882,0.0112393188,0.2233240048,2.8139442623,0.2403285561,0.4964180816,0.3023328847,0.00078807,0.000608092,0.9438837087,0.0292819938,2.2649770778,0.4092130863,-0.025566334,0.3417391411,1.0984e-06,1.01909e-05,1.85066e-05,1.16272e-05,0.1877190214,0.1821403244,2.7744749165,0.3365320409,0.0436502886,0.2293595583,0.4974825,0.0272617006,0.0396898859,0.0047814571,0.1460123651,0.1703056217,2.8123008745,0.4357924807,-0.0059581508,0.2085979109,0.4464160912,0.295456989,0.0225724777,0.0139951463,0.9932946119,0.0029500008,2.1512911987,0.1239531486,0.5784240222,0.1427967619,-0.000196608,0.0001195372,8.20061e-05,5.02029e-05,0.9614677581,0.0134157227,2.60851177,0.5481264632,0.7501931213,0.2552951878,0.1674172445,0.0598450235,0.1298911052,0.0110116885,0.9509535166,0.0210508957,2.9204884983,0.5936245587,0.9304473157,0.2931533172,-3.1485877046459647,-0.13599018441656258,-1.164892396076809,0
2,411.3603277930127,15422,4,37.49024628296194,0.2484,0.0328243812,0.120394934,2.8908586124,0.2334371338,0.2555,0.030062435,-0.0074903099,2.7929250529,0.1860305433,0.4961,0.0365005479,0.1369504022,2.4480177651,-0.0490010604,0.03855,0.0102541455,0.1355815561,3.3494218611,0.3447329074,0.4366333333,0.1129741809,0.9240312315,1.9802847627,-0.2901731488,0.0844666667,0.0766140689,0.9052324356,3.4277693133,1.1439074258,0.4789,0.0545889794,0.6225956418,2.6039263487,-0.0356378709,0.0439333333,0.0123502587,0.189375801,3.5560204644,0.6198414057,0.4964549089,0.3014682124,0.0008929794,0.0005883154,0.9375273054,0.0461895729,2.5561904089,0.9354849399,0.1889464189,0.4950447416,2.844e-07,1.36817e-05,1.8146e-05,1.10746e-05,0.0197858835,0.1419833318,2.776609679,0.2581155668,0.0290154239,0.168730802,0.4980925,0.0197653059,0.0358715672,0.0026480732,0.0231154232,0.1261395374,2.8901407862,0.3569941908,-0.0468476448,0.2103256174,0.4483752396,0.2798123712,0.02394516,0.0139478869,0.9922268392,0.0044771604,1.9389831234,0.1138288343,0.408060441,0.1132710846,-0.0002873342,0.0001686083,0.0001419608,8.34852e-05,0.9730993578,0.0091309436,1.9782004658,0.0821990249,0.399186488,0.0934659144,0.1881486254,0.0330051255,0.1419751796,0.0108424262,0.9565012206,0.0121760752,2.1824870628,0.1440785183,0.6080473833,0.1397452057,-3.5915519347326392,-0.34251544107599424,2.7607116074761864,0
20,406.5491793100181,14734,4,36.241617865287694,0.2482,0.0321909925,0.0782324897,2.5915885007,0.1130646052,0.26195,0.0333383788,-0.0333570332,3.121912103,0.2776193323,0.48985,0.0320113652,-0.2106513573,2.7829880117,-0.2455609966,0.0368,0.0111919614,-0.0803470803,2.5290552094,-0.1549577088,0.4329435484,0.1081907889,0.9100866536,2.1066274177,0.1186049919,0.1105241935,0.0781123533,0.9134945266,2.8331681167,0.7187005971,0.4565322581,0.0497379318,0.5428017684,3.2527635387,-0.4912352544,0.0402419355,0.0096062572,0.025494649,2.9860576676,0.3679250456,0.4882005992,0.2978176285,0.001245018,0.0010572251,0.9201819087,0.0582708498,2.4278684373,0.3831683861,-0.0088441893,0.4974983007,3.5872e-06,3.16596e-05,2.65094e-05,1.66185e-05,0.069073019,0.0936679242,2.8870655152,0.3793597154,0.0180727881,0.2540040331,0.4958575,0.0234198328,0.0357126659,0.002563029,0.0439354537,0.0948352386,2.8178680998,0.3285218189,0.0404976529,0.198170765,0.4471926113,0.2799340634,0.0229522811,0.0135604122,0.9886205041,0.0051976805,2.2024271109,0.2383324943,0.631819668,0.1846242343,-0.0003492839,0.0002066104,0.0001585318,9.3426e-05,0.9663433383,0.0108032867,2.2474634192,0.2197605684,0.6327523911,0.197318668,0.1674110565,0.0418162773,0.141307831,0.0137296062,0.9541905964,0.0164853965,2.5544731503,0.2855464967,0.8611635661,0.1998116584,-2.4390624398453324,-0.6401756855467278,1.7783755112528798,0
200,365.7178938859944,13266,54,36.273860868660215,0.2471,0.0347,0.3279783251,3.2625833132,0.3319610732,0.26805,0.0388773392,0.2650777404,2.8549409405,-0.0347911925,0.48485,0.0375196948,-0.0094460376,2.5092374171,0.245936086,0.0375,0.0095262794,0.0475534114,2.6130956447,0.0650657704,0.4694444444,0.1287775824,0.912988419,1.9288009387,0.1569141261,0.0822649573,0.0647133579,0.8947338161,3.3535311606,1.065418558,0.4482905983,0.0790681908,0.7752516941,2.4442509349,-0.5598436762,0.0422649573,0.0124463932,0.1589959295,3.0452126875,0.2553765573,0.5013375601,0.3041603675,0.001646796,0.0014831976,0.9297555728,0.0413752869,2.5383650684,0.6014521277,-0.1035568576,0.4128074256,4.143e-07,3.9358e-05,3.78268e-05,2.48228e-05,0.1881946943,0.166586278,3.0148164628,0.4588824829,-0.008520892,0.2216919726,0.5046425,0.0259251918,0.0381872891,0.004390339,0.1444153181,0.1549727837,2.9154841735,0.351603617,0.0119821137,0.1862589785,0.4501228867,0.2743912424,0.0222582726,0.0133687289,0.983602577,0.0078508626,2.2652301456,0.2353425797,0.6775140622,0.1438277299,-0.0004950131,0.000299222,0.0002105812,0.0001265647,0.9572264505,0.0114876733,2.5739483932,0.2405069438,0.796508035,0.1366830333,0.1554878121,0.0219511709,0.1410020749,0.0109806129,0.951387058,0.0078141087,2.7775176865,0.2927915943,0.9487056177,0.129543322,-1.742826136340126,-1.4546980297398275,1.5686675091614821,0
201,143.34532328011085,5386,60,37.573601124574026,0.3045,0.0519687406,0.6530027058,3.0929935458,-0.3110782077,0.24435,0.0489625112,0.6913976626,2.5295734483,0.0195632084,0.45115,0.0454249656,0.3636929744,3.0764534548,0.3168201045,0.0334,0.0117021366,0.3853975207,2.5236314463,0.3409742352,0.6377011494,0.1739166873,0.9407809179,1.8575076858,-0.3720594129,0.0700574713,0.0699445357,0.851844211,6.017299194,1.7894195991,0.2922413793,0.1188081585,0.9307076504,1.5631671839,0.1408243225,0.0383333333,0.010246016,0.2791718946,3.5688935212,0.6539245776,0.4844622552,0.2947246567,0.0037701187,0.0026271475,0.9326562948,0.0349580444,2.3067171754,0.4291885953,0.0703950535,0.4046720264,8.331e-06,0.0001342464,0.0001344383,8.81114e-05,0.5447484965,0.133720132,2.7934544783,0.3589826356,0.0439554363,0.3081822075,0.5054175,0.0364392175,0.0513971604,0.0091966586,0.4502600255,0.1542152433,2.8324012947,0.3789345484,0.0315697794,0.2502583877,0.445337566,0.2707507517,0.0230470288,0.0137903263,0.9585940534,0.0156571938,2.2856755318,0.196018482,0.7171803127,0.1273318615,-0.0013547858,0.0008077906,0.0005811755,0.0003591026,0.9357120231,0.0210740613,2.4111531082,0.3574911009,0.7577660482,0.170385119,0.1455802697,0.0251851395,0.142183802,0.0154406792,0.9181241463,0.0172770909,2.8489872711,0.5875971143,0.9873169961,0.2317882246,6.410806986504018,-5.598791002223223,-1.3038544253012156,4
202,233.7575482482864,8797,9,37.63300935487327,0.237,0.0342490876,0.2335673043,4.4448514422,0.3793854685,0.2888,0.0364082408,0.2051091191,3.3408001504,-0.3755338771,0.4742,0.039151756,0.1960223729,5.8470988143,0.4193906186,0.0339,0.009098901,0.1473562128,2.182090163,-0.0802630548,0.6101149425,0.1548506455,0.9447866201,2.3199641353,-0.5894633168,0.0847701149,0.0733238292,0.9152966653,3.3389912125,1.0461907877,0.3051149425,0.0872899022,0.8619519736,2.0674253125,0.3141382553,0.0402873563,0.0102653396,0.0234365402,2.5136386702,-0.1251754413,0.4861283531,0.2951022158,0.0041780395,0.002921861,0.9362885363,0.0511692345,2.672486981,0.7486324268,-0.1510873639,0.536343289,2.18137e-05,7.52265e-05,0.0001266608,7.98111e-05,0.4597529139,0.134431747,2.7667950634,0.3645073357,-0.0665608495,0.293519771,0.5132675,0.0242205247,0.04839266,0.0063837752,0.4096001777,0.1173191656,2.7323370568,0.2898787455,-0.0598543193,0.2379502277,0.4227524419,0.256909183,0.0318796959,0.0197646915,0.9658928772,0.0197280392,2.3121634693,0.4899902359,0.7140335765,0.2114276411,-0.0014511064,0.0008792031,0.0006875927,0.0004240673,0.9496032875,0.029316123,2.3646362667,0.6007150228,0.7163622379,0.2483217098,0.1468021885,0.01692176,0.1521804854,0.0129969568,0.9319969469,0.0201323361,2.8119799481,0.451682329,1.0163146396,0.1786296718,5.589251268597202,-3.854366608374061,1.4629591218886298,4
203,180.6436927305525,6734,24,37.27780305091755,0.31215,0.0592927272,0.650793882,2.7467518912,0.4607339311,0.30985,0.061816078,0.7088295542,2.1984431166,0.1592239141,0.378,0.0486826458,0.5570937616,2.8475490039,-0.1487026925,0.0302,0.0075471849,0.0350431691,2.4625732823,-0.1551195985,0.5925641026,0.150885726,0.9603746631,2.3861271333,-0.4460776592,0.103525641,0.0837965675,0.8950275951,3.0186493294,0.9959491249,0.3039102564,0.0743158861,0.9145974335,2.2610471535,-0.1001030709,0.0346153846,0.0101832325,0.1189349763,2.656020236,0.1771016784,0.4833591027,0.293492674,0.0043906054,0.0033326568,0.9296101284,0.041682104,2.461282577,0.5262851758,-0.1388964946,0.3741100782,-4.7263e-06,0.0001399253,0.0001426464,9.1702e-05,0.5600912587,0.1180646072,2.7393328436,0.2857848302,-0.0843066801,0.258218087,0.4944,0.0374506676,0.0490809922,0.0086555592,0.4515988698,0.1391134466,2.9328475449,0.4737469442,-0.1465040073,0.2059490289,0.4393498124,0.2668347393,0.0200651499,0.0125087881,0.9484961402,0.0209664775,2.7472168802,0.25921287,0.9409753031,0.1169193649,-0.0013399553,0.0008157287,0.0005216262,0.0003241611,0.9097199015,0.0403163432,3.0353416348,0.4117772318,0.9988778705,0.1536278388,0.1373675405,0.0199010257,0.1392659907,0.0127173295,0.9188440686,0.0197356132,3.1326221851,0.5199414641,1.1122274555,0.1938073783,7.825685595757484,-5.097579291133367,-2.581046164157096,4
205,270.22548798970195,9708,42,35.925552664262234,0.2648,0.0409140563,0.4625820592,2.4840802331,-0.0009580587,0.21495,0.0374666185,0.2937530463,3.190756702,0.2315737195,0.52025,0.0359052573,0.265176278,3.2077267211,-0.141139611,0.0389,0.0122388725,0.1068330493,2.6650510394,0.2553581152,0.4535526316,0.1250205662,0.9176531322,1.659780051,-0.1198268087,0.0690350877,0.0650939847,0.9075512013,2.962081665,1.0741935936,0.4774122807,0.0739168347,0.7988863386,1.8341670305,-0.1751690606,0.0496929825,0.0130834885,0.1850109004,2.3087135325,-0.079893793,0.4891918472,0.2978318808,0.0020874449,0.0017122614,0.9465156897,0.0383778947,2.4992433461,0.8057795454,0.0330461204,0.4677393088,1.1652e-05,4.85872e-05,4.79169e-05,3.14097e-05,0.2955511125,0.1892087397,2.8388776706,0.353951184,0.0358735582,0.21823688,0.5006025,0.0307437818,0.0398965289,0.0042439788,0.2079762328,0.1497135847,2.959891813,0.447212515,0.0383570037,0.253019967,0.4485384287,0.2717175976,0.0258874875,0.0153948737,0.9832301339,0.0062172879,2.1168757187,0.141772937,0.6149879658,0.1074071683,-0.0006038738,0.0003741163,0.0002758292,0.0001624144,0.9653914173,0.0100851943,2.1611175825,0.2102520989,0.5906367117,0.1146266376,0.1600912609,0.0199060962,0.1462430326,0.0100819159,0.9512746234,0.0097804523,2.4824563888,0.3127652467,0.8206943967,0.14394475,-1.1306006560016717,-2.364730848929821,2.677867506853875,0
206,568.1257312393432,20537,36,36.14868834615072,0.28525,0.0490885679,0.5386887306,2.5116077561,0.0059513062,0.20815,0.0365284478,0.1644292672,3.7246328207,0.3297660721,0.5066,0.0508914531,0.4856463645,2.8863925284,0.0832034035,0.03535,0.0107994213,0.1618509461,2.8204558337,0.308650509,0.559021164,0.0645843002,0.789653558,2.4605803411,-0.3413403211,0.0930687831,0.05380103,0.8635869869,3.0664774732,0.8557172204,0.3479100529,0.0343726444,0.1808871426,2.3781406038,-0.1765834526,0.0373015873,0.0105844574,0.0704663555,2.5657943536,-0.0619304683,0.4982700863,0.3027038441,0.0005162637,0.0003828763,0.9292437963,0.0385963905,2.3380487926,0.4257661601,0.0390058384,0.3280254524,1.1967e-06,1.0825e-05,2.44808e-05,1.64648e-05,0.6511989164,0.1143632116,2.7351261179,0.6278456232,0.0453620351,0.4515141599,0.49847,0.0371962344,0.0568376513,0.0092239171,0.5183452825,0.1484106312,2.598907498,0.2473213987,0.0537380472,0.2357238261,0.4561471003,0.3023126647,0.0218969485,0.0131250906,0.9953937895,0.0022686214,1.9820297854,0.0787964308,0.4375026373,0.1031526385,-0.0001824845,0.0001089525,5.73516e-05,3.48197e-05,0.9362949408,0.0233342914,2.8168121563,0.6589914844,0.6197609817,0.2847278807,0.1526798381,0.0261596869,0.1065743977,0.0116051442,0.9258746231,0.023338459,3.0316919093,0.4916783392,0.7640997265,0.2490150679,-1.554368132422658,-0.9598770895181449,-3.628913004558732,0
207,233.8286933634251,8666,8,37.06131987202694,0.2691,0.0414450238,0.3643423361,2.5755489591,0.223922721,0.23985,0.0399215168,0.4311536698,2.5909463638,0.1379342405,0.49105,0.0403503098,0.1987443834,2.546289106,-0.1105629558,0.03965,0.0103018202,0.0954172282,3.4769943975,0.4300960268,0.5917708333,0.1520364868,0.9433522699,2.4884970616,-0.7715209919,0.0766666667,0.0874871022,0.9307752109,4.2979230383,1.5146776966,0.3315625,0.0758366958,0.8095385911,2.1155346537,0.1360581993,0.0389583333,0.0112480708,0.0050697414,3.9900938247,0.8861566614,0.4984531006,0.3023374637,0.0023149783,0.00132061,0.9307406195,0.0537234848,2.2978066208,0.5254540604,-0.1434421199,0.3519931367,1.34351e-05,4.65746e-05,7.44062e-05,4.47822e-05,0.3818865909,0.1710850271,2.8202473049,0.3776845472,-0.0314237944,0.2250116189,0.505435,0.024896677,0.0466359226,0.0077140762,0.3391299359,0.1453836302,2.6852647074,0.3208281266,0.018741488,0.2213256465,0.4434539621,0.267561437,0.0216342372,0.013217439,0.9701527461,0.016173905,2.4703404265,0.3324456655,0.8025997916,0.1903981572,-0.0007728183,0.0004994775,0.0003401634,0.0002087863,0.9534438146,0.0153128,2.4590049647,0.2693655135,0.7876756257,0.1739070535,0.1547287478,0.0279282384,0.1491649733,0.0138270131,0.946726091,0.0096427046,2.7484651729,0.4239725596,0.9692337647,0.2047933224,1.7455304003574241,-2.519292776776878,0.7940895374601531,0
21,617.9322775180581,22961,12,37.15779355663939,0.24755,0.0306960502,0.0292548622,3.402211503,-0.2353994966,0.24375,0.038074762,0.1973613561,3.5033401686,0.4248825285,0.5087,0.0355149264,0.0804065688,2.5725367716,-0.3231630037,0.0418,0.0117796435,0.1452325729,2.8767017776,0.2721640919,0.4852209945,0.1411611508,0.9340130633,1.8652662849,-0.2351991258,0.0983149171,0.0797098,0.9350961064,2.6369902032,0.8508427742,0.4164640884,0.0718841539,0.7910666908,2.0927449896,-0.1873908624,0.0435082873,0.0106156451,0.1401354743,3.5107621107,0.6564049781,0.4953095575,0.3006630828,0.0011196574,0.0008467847,0.939222699,0.0374583451,2.5351386426,0.5995531668,-0.0110750992,0.5054714838,4.9905e-06,1.56822e-05,2.27122e-05,1.43166e-05,0.161207909,0.1307542577,2.7871009688,0.2262180202,-0.076060656,0.1877031053,0.5074525,0.0192435475,0.0369456376,0.0025550905,0.0907250619,0.1220371171,2.909445814,0.32217487,-0.056157284,0.21377866,0.4575598245,0.2874257991,0.0209466713,0.0125782823,0.9893711574,0.0050410554,2.3026686658,0.2875309136,0.7037540801,0.1651642735,-0.0002778915,0.0001742527,0.000117444,7.05696e-05,0.9649798603,0.0057198831,2.3535891989,0.2694086903,0.67636104,0.16668166,0.1590764199,0.0169265192,0.1406634556,0.0126419207,0.9578791508,0.007694721,2.5559661652,0.3325042814,0.8474926893,0.1759062066,-3.052736432015773,-0.9517174821472861,2.1079060377770786,0
210,171.5732626326168,6123,25,35.68737870953088,0.2976,0.0486542907,0.5390416874,2.2720482622,0.0032163886,0.22505,0.074439556,0.8549661793,1.7031673741,0.1342101158,0.47735,0.0517515942,0.5803343131,2.1276334752,-0.0272955436,0.04475,0.01047318,0.2388736572,2.7032420191,0.1053566157,0.4084408602,0.1070196909,0.8945928203,2.0925521691,-0.2991824131,0.1032795699,0.0855736325,0.9203647381,3.3257326316,1.0485336069,0.4882795699,0.0449282261,0.4019548681,2.7160200061,0.0235798124,0.045483871,0.0115018586,0.2601458576,2.8049064193,0.2208674362,0.4957834258,0.3005341169,0.0013854756,0.0010832977,0.9418114965,0.0326559368,2.4875013036,0.7286152814,-0.203679668,0.5144490811,-3.831e-06,2.13835e-05,3.92508e-05,2.54522e-05,0.3168274538,0.1869941833,2.9041477576,0.474170756,-0.0867407481,0.3059979438,0.495885,0.027193097,0.0423097938,0.0037193549,0.2098332125,0.1647709276,2.9261975061,0.4519362755,-0.0715290817,0.2969375008,0.4640345371,0.2816491506,0.0133751807,0.0082351617,0.9790039586,0.0067813158,2.5335877757,0.277786613,0.7955957737,0.1501854109,-0.0004145793,0.0002516091,0.0001467519,8.85597e-05,0.9376346516,0.0087462382,3.4037489773,0.4298471696,1.1083415208,0.1501921075,0.1332792568,0.0110378985,0.1327419916,0.0119654179,0.9454179604,0.0079469561,3.4218474037,0.4258969777,1.1891176699,0.1343645258,-0.7297827930087488,-2.6155210115667997,-1.9476128319264288,0
211,589.8723894317237,21349,22,36.192573821886086,0.2462,0.0318521585,0.316141298,2.9499685603,0.3104771322,0.24315,0.035872378,0.1938772556,2.5082468145,0.2592952582,0.51065,0.0363981799,0.0884345975,2.4452837028,-0.199288205,0.0385,0.0103319892,0.0321888923,3.6537303446,0.5338006455,0.467195122,0.1068327207,0.879978814,2.1313619469,-0.0584489782,0.083,0.0577813372,0.8669822195,3.4583344479,0.9828038591,0.449804878,0.0620401992,0.6452822962,2.6802970941,-0.3521613449,0.038804878,0.0098728984,0.1184197881,3.2220389583,0.4061107638,0.498014247,0.3035528366,0.0005858442,0.0003814442,0.9502132045,0.0387151241,2.2708201291,0.4141543341,0.0962212988,0.4337468505,-8.87e-07,7.1932e-06,1.21976e-05,7.3219e-06,0.1468611551,0.1309164688,2.9732034816,0.4895954837,-0.0176191428,0.241019609,0.4945775,0.0214168711,0.0378010111,0.0034835594,0.117811006,0.115286298,2.9161585787,0.4135218006,-0.0563328999,0.2535033986,0.4489551218,0.2973036207,0.0218222501,0.0138314112,0.9945821692,0.0021991925,2.0764063428,0.0866592118,0.5303110805,0.1070740013,-0.0001437789,8.79016e-05,6.60185e-05,4.16964e-05,0.9696012826,0.0071597016,2.2903510524,0.2619881572,0.6277578637,0.1777747902,0.1717749147,0.0360693663,0.1369538979,0.0097445318,0.9598436419,0.0127321303,2.5046556122,0.3041908585,0.7974060292,0.2152808364,-4.0378518430781805,-0.39006166095590183,0.8910850655068684,0
212,220.5863607487321,8167,9,37.02404796143744,0.26545,0.0386658441,0.272690918,3.736977373,0.5405521283,0.28455,0.0400255856,0.0307282869,2.8127750066,0.2002265555,0.45,0.040993902,-0.1490739346,2.6501061717,0.3962824797,0.0344,0.0091454907,-0.1210132683,3.5024697635,0.167686186,0.489223301,0.1279273863,0.9143650816,1.8629010689,-0.2141133986,0.0802427184,0.0596037834,0.9101709577,2.7339026312,0.8312379977,0.4305339806,0.0753371471,0.7889885974,2.0868686136,-0.1426345773,0.0440776699,0.0101624564,-0.1626662464,3.3176941135,0.4036870809,0.5000360441,0.3028305043,0.0026336199,0.0019437234,0.9402977927,0.0736228015,2.1951198481,0.5837163065,-0.1244453847,0.4102521782,-1.94711e-05,7.04746e-05,5.83832e-05,3.52543e-05,0.3185800443,0.1931679497,2.8916464396,0.5028808318,-0.0192536455,0.2805851575,0.4892325,0.0308158534,0.0408566446,0.0054052026,0.2654878296,0.1817168292,2.8830195942,0.4789434508,-0.0907159212,0.3124663221,0.4397281439,0.2665282757,0.0266881619,0.0162115466,0.9792877767,0.0083768617,2.2356646937,0.1192568139,0.6935885668,0.0790655304,-0.0007288722,0.0004492173,0.0003269129,0.0001975994,0.9615279361,0.0121411335,2.170066182,0.1764367772,0.6374226507,0.1091029,0.1553901285,0.0168008931,0.1462972492,0.0106427782,0.9484641844,0.0099873022,2.4753874918,0.2878101074,0.8489154725,0.1444368936,-0.01407496701351626,-2.8363506280522808,0.4879843797089776,0
214,116.41783648074964,4331,40,37.20220312388434,0.24015,0.0370030742,0.3990002042,3.4984571735,0.487511866,0.28215,0.0451179288,0.4746884917,3.0501186861,0.2662307991,0.4777,0.0466391466,0.3124385343,2.8520090224,0.1162998836,0.0372,0.0093091353,0.0335679857,3.7004723703,0.7405157216,0.4689130435,0.1433789182,0.9135366963,1.9565143032,-0.1554206784,0.084673913,0.0756809821,0.9095469659,2.7465762622,0.9268765723,0.4464130435,0.0793702321,0.7873754209,2.2154434098,-0.3189079826,0.0451086957,0.0131251969,-0.0897176369,2.4242728863,0.3441098071,0.4923020236,0.2997505834,0.0033730327,0.0022168158,0.9271130396,0.0327065963,2.4272171225,0.4768101545,0.0731805454,0.5064016436,1.24278e-05,8.13195e-05,0.0001082615,6.58997e-05,0.4023538392,0.149159348,2.920604322,0.34055146,-0.0786023821,0.3208450506,0.501505,0.0271854,0.0436723361,0.0057219802,0.3258758921,0.1402818597,2.8840517392,0.4748260554,-0.0047084992,0.2700940152,0.4429412562,0.2687345576,0.0262908627,0.0156921228,0.9644631094,0.0174808896,2.185605705,0.2596105382,0.6332749364,0.1544321521,-0.0012956018,0.0007912217,0.000584632,0.0003488246,0.9510252521,0.0259676073,2.2195316312,0.3599834392,0.6427160776,0.1964289639,0.1506214161,0.020563512,0.1449952721,0.0127251637,0.9322266648,0.0219037135,2.6218178317,0.405975165,0.9069359194,0.1939851613,3.592660585394202,-2.774298852865243,1.995814874726283,0
22,536.5079021853089,19768,69,36.845682830543225,0.2837,0.0300883698,0.0809834176,3.4226886996,0.4715761788,0.21715,0.0330851553,0.0683342631,3.6306164247,0.2933368533,0.49915,0.0384386199,0.0839666768,3.586507687,-0.1929854911,0.0348,0.009162969,0.1905804305,2.8000236506,0.1759781292,0.439695122,0.1092793678,0.9043798552,1.9722479837,-0.0978904069,0.0853353659,0.0679269045,0.9200414833,2.656381206,0.794561577,0.4749695122,0.0541297474,0.5997290218,2.2673735264,-0.2986531675,0.0424695122,0.0115623568,0.2416553704,2.9686149331,0.282931963,0.4975891698,0.3019890623,0.0012159857,0.0009783649,0.9564035797,0.0333549032,2.3202953872,0.595267917,0.0303580933,0.4875726801,-2.4697e-06,1.4346e-05,2.12774e-05,1.30334e-05,0.0829441856,0.1216200374,2.7911534836,0.3083604719,-0.0048525024,0.2207200782,0.49579,0.0191561648,0.0366531904,0.0027176978,0.0382890826,0.0762619348,2.7546611204,0.373445571,-0.01501856,0.2312703216,0.4593807372,0.2927855866,0.0196296792,0.01285564,0.9901774841,0.0041412961,2.1716570363,0.2627448486,0.5841642986,0.2205834718,-0.0002365136,0.000153308,0.0001088955,6.98592e-05,0.9419710673,0.0948214719,2.3472926778,0.387780908,0.6345029306,0.1630403226,0.18968238,0.0735156738,0.1380945913,0.0259757657,0.9230525645,0.1322276615,2.4712270034,0.2837801156,0.7656636952,0.2148380752,-1.2834893573757267,4.800833411876794,-2.4533156333607478,0
222,194.5033966985877,7146,36,36.73971828406576,0.27145,0.0458600861,0.6654929412,2.5053013191,0.1992680667,0.21445,0.0382811638,0.4092558357,2.4752977984,0.0480739947,0.5141,0.0394675816,0.4298472808,2.6520774748,-0.1184729094,0.03905,0.0106699344,0.3240580571,2.8596715918,0.2791307234,0.528313253,0.1272017587,0.9071966801,2.1279894887,-0.1016999299,0.0907228916,0.0668892833,0.8683818342,3.0960722905,0.9687331482,0.3809638554,0.0740825729,0.7671331095,2.3430673364,-0.3728777978,0.0394578313,0.0083237231,-0.029064186,3.5750305544,0.5795632056,0.4933198589,0.3001632519,0.0017505565,0.0013948037,0.9211716182,0.0497072359,2.5427417538,0.7814154619,0.0258313292,0.4496392694,3.9274e-06,5.31659e-05,5.52992e-05,3.48384e-05,0.3949846883,0.1489108486,2.798600192,0.4632466719,0.0399927702,0.2034947942,0.50038,0.0313387436,0.0446532834,0.0065305458,0.2913004962,0.1592782562,2.8845184474,0.4018841983,-0.0077343206,0.2629400261,0.4533014953,0.2746378617,0.0208568162,0.0126981384,0.9805998538,0.0055923224,2.1912552703,0.1569030946,0.6352662826,0.1109259905,-0.0006071291,0.0003755014,0.0002424489,0.000149612,0.9498447527,0.0091908846,2.6334568765,0.3182648907,0.801220428,0.1728062441,0.1465504488,0.0182975198,0.1374165094,0.011797986,0.941728525,0.0133113469,3.0295709024,0.5075045478,1.0351670115,0.2094510012,-0.07819454943774616,-2.951452863197555,-0.5265861738391352,0
223,480.2134920804066,17376,33,36.18390629701545,0.23575,0.0297268818,0.1711943943,2.882831378,0.1168677623,0.24305,0.0341825613,0.3350796481,3.0525708095,-0.1252716841,0.5212,0.0343301617,0.2278511404,3.3927116744,0.3770488738,0.03655,0.009942208,0.0065872507,4.3133705379,0.5753020737,0.4334782609,0.1000221148,0.9070032151,1.9980247714,-0.1383529509,0.1016956522,0.0701733473,0.9095074139,2.7007631062,0.8050160997,0.464826087,0.0485347497,0.480698671,2.3589933814,-0.0269938331,0.0403478261,0.0115103307,0.2011658271,3.0283286912,0.0091042557,0.4936386869,0.2997852115,0.0012219987,0.000870676,0.9388822107,0.0430138504,2.4504195164,0.5525368376,-0.1959988892,0.3515465139,-1.1955e-06,1.33605e-05,2.41437e-05,1.48591e-05,0.0895471054,0.099224892,2.8925104403,0.6156840206,-0.0032013915,0.2371651604,0.4992925,0.0162599914,0.0370890088,0.0024145502,0.0666407239,0.1403300263,2.8510840687,0.458927072,0.0154019898,0.2347035745,0.4571832972,0.2899576882,0.0185571847,0.0127168135,0.8546821762,0.495726526,2.2771234349,0.5265752609,0.6911010024,0.2588712848,-0.0002672518,0.0001783023,0.0001234004,8.3074e-05,0.8337126035,0.4901827219,2.2344040385,0.4867516717,0.6315299619,0.2436073784,0.191087615,0.0839033467,0.1367064638,0.0329058259,0.829709432,0.4890299706,2.2874263936,0.4243181848,0.7203352833,0.2394026034,53.18748501925308,57.77351344995081,29.91648553975505,3
224,312.97926468214285,11562,20,36.94174440515156,0.26505,0.0366980585,0.3420401251,2.7352703572,-0.2468639634,0.20595,0.0374145359,0.4255143344,2.5331141319,0.2613540837,0.529,0.0319139468,0.0556378485,2.196508915,0.023119979,0.04025,0.0098583721,0.0739490286,2.591095212,0.2044062168,0.4349130435,0.1271732516,0.9373376225,1.8256504756,-0.0314022621,0.0900434783,0.0810997659,0.885554969,3.201943413,1.0318200488,0.4750434783,0.0657018816,0.6917037123,2.5790290735,-0.3561246325,0.0476956522,0.0102847916,0.1884544277,2.357962585,0.084925336,0.491999919,0.2998543368,0.0017013026,0.0010175773,0.9413637989,0.0307118769,2.6013186844,0.8437908785,0.0416043456,0.5360834338,-1.6243e-06,4.02912e-05,4.27284e-05,2.62678e-05,0.1937216749,0.0986243864,2.907525027,0.4613731274,-0.0288952662,0.2624931819,0.48708,0.0304565486,0.0375242933,0.0031858532,0.1373700304,0.1411119649,3.1126991461,0.4135345233,0.0203412034,0.2679788696,0.4446329054,0.2703330099,0.0236955195,0.01470228,0.9831012017,0.0061539606,2.2121063645,0.1223226196,0.6430660385,0.0801877537,-0.0005435449,0.0003261112,0.0002515843,0.0001560916,0.962894858,0.0085163337,2.2718452661,0.2079879456,0.6452534374,0.1107876376,0.1608811408,0.0140796938,0.1497075008,0.0076667936,0.9552212886,0.0099847217,2.5531865808,0.2959897222,0.8676053624,0.1288711403,-1.667567682025319,-2.0547036215025414,2.0125470593904518,0
225,413.6759741148386,15563,25,37.62123249555612,0.257,0.0309192497,-0.0786371278,3.4998424397,0.3442629294,0.2391,0.0350455418,0.1918872968,3.420877496,0.0861203408,0.5039,0.0357321984,-0.0145833704,2.6711105238,0.0151731666,0.0374,0.0103797881,0.0681242327,2.5702760763,0.1322950643,0.4022727273,0.083144552,0.8344127333,2.0114416767,-0.0875126447,0.0843181818,0.0701928424,0.9320643328,2.0956167969,0.6569460624,0.5134090909,0.0384053253,0.1720653764,3.0995906743,-0.0181465145,0.0516818182,0.0125639686,0.3369739234,3.1085494346,0.2016562833,0.4921712131,0.2988595373,0.0012561312,0.0007907818,0.947845068,0.0293844386,2.23011886,0.3375418917,-0.0003876852,0.3996970771,2.0379e-06,2.41517e-05,2.77547e-05,1.67327e-05,0.0692039241,0.1283064659,2.9525909015,0.4462849819,0.0900700822,0.1963344315,0.4989,0.020969758,0.03661519,0.0026243311,0.0604288187,0.1340660099,2.8541284918,0.3864804172,0.0091171008,0.24063677,0.4248944359,0.2678741088,0.0361401697,0.02185729,0.9917243166,0.0041204203,1.9746887252,0.0868083746,0.4730398899,0.1049893239,-0.000436138,0.0002546761,0.0002185345,0.0001322682,0.9747112254,0.0070432499,2.0251240583,0.1316080904,0.4781145801,0.1182551464,0.1808004715,0.0273686643,0.1490744392,0.0095148571,0.9623929552,0.0108329848,2.2396510857,0.1375178306,0.6771628077,0.1322255499,-3.194729449339358,-1.0304174706352947,3.722124474349816,0
226,105.22494532874128,3805,24,36.16062700828695,0.24245,0.0394936387,0.4765602,3.7639656922,0.3581552338,0.26975,0.0504101924,0.5490546614,2.9287593134,-0.033940549,0.4878,0.0482406468,0.5790776524,2.1587836943,0.0336030603,0.0424,0.0100119928,0.4007241588,2.8424227186,-0.3667309767,0.454,0.1386375261,0.9381830274,1.7611291603,-0.1390382534,0.0764545455,0.0756407341,0.9079615565,2.65372212,0.93837997,0.4695454545,0.0763441534,0.8306095173,1.8748275205,-0.3241096692,0.0461818182,0.009998347,0.2166601599,2.2909355775,0.2463159693,0.4935707903,0.2999848486,0.002584401,0.0018243443,0.9132029126,0.0549662263,2.5512794302,0.5969256514,-0.0830521314,0.4571922957,-9.5333e-06,7.48155e-05,9.65185e-05,5.80196e-05,0.4348633154,0.149477643,2.8814182788,0.455812245,0.0171003924,0.2813664611,0.49936,0.027711927,0.0458766587,0.0050469486,0.3109849653,0.1420500815,2.845693912,0.4027321598,-0.0213660524,0.2763681134,0.4636539216,0.2810814069,0.0190879866,0.0111293181,0.9637805158,0.0151828706,2.3764830371,0.2433229342,0.7553968454,0.1424049898,-0.0010057957,0.0006149572,0.0003708702,0.0002154424,0.9288692425,0.0239319624,2.8347677416,0.4925940295,0.8729371801,0.2334287914,0.1326550335,0.0169915191,0.1340003771,0.0172157106,0.9225056499,0.021308673,3.1575748168,0.5274833709,1.0887120002,0.2163746493,3.0796232169153828,-2.848298437553204,-1.3612909148673418,0
227,432.7399399618498,15930,8,36.8119476131655,0.31545,0.0769548407,0.7846840194,2.643678615,0.7467167604,0.3138,0.0622660421,0.6643278497,2.4633622302,0.3388298804,0.37075,0.0625914331,0.6617363945,2.5950934058,0.2159689145,0.03675,0.0086710726,0.1074649152,2.5644430072,0.0861349948,0.5167708333,0.1222410369,0.8995805457,3.3238469242,-1.1552918906,0.0786458333,0.0602720071,0.9039463555,3.3640547699,1.0796862857,0.4045833333,0.0718034064,0.751247329,3.0375979975,0.9388447714,0.0401041667,0.0125342413,0.2430701406,3.0654914502,0.4101491247,0.4985878193,0.3027074647,0.0005726082,0.0004968894,0.9373476509,0.0410705114,2.5838303555,0.5783485514,-0.0513448583,0.4525069571,4.66e-08,1.58001e-05,2.20708e-05,1.46504e-05,0.56642245,0.1538596629,2.8440359388,0.4119635044,0.0144355637,0.3275857923,0.4936175,0.0326651928,0.0532591983,0.0127727902,0.4627886623,0.174210313,2.7887287135,0.3121035866,0.0106906064,0.3136060142,0.465801936,0.3026622725,0.0159378342,0.0100826691,0.9933861462,0.0026000678,2.0688184942,0.1326242553,0.5310542006,0.1614107701,-0.0001513204,8.96215e-05,5.61901e-05,3.50951e-05,0.9476248096,0.0383912276,2.5453709745,0.5279422989,0.678207863,0.2316669029,0.1709954238,0.0560732172,0.1214155512,0.0208232044,0.9316811128,0.059069397,2.709070201,0.5049224445,0.8081371049,0.2124389347,-0.11100464182240016,-0.5837129992957901,-6.063804963308473,0
228,145.3122196631742,5362,48,36.89985613342652,0.22375,0.0702402128,0.6180907084,2.4436607008,0.473207966,0.2617,0.0574074037,0.4718770841,3.4297157871,0.6416085805,0.51455,0.0617458298,0.5149719993,2.6475556773,0.0999039515,0.0349,0.0101237345,0.014535345,2.1111221691,-0.0739720171,0.6385074627,0.1283244923,0.8279278843,4.3616666592,-1.0709057107,0.1100746269,0.1002180181,0.8111601223,5.0658527589,1.2887201472,0.2514179104,0.0419559646,0.3566964562,5.9247446025,1.1091685602,0.0317164179,0.0096410286,0.0529696754,2.5972438371,0.4949759525,0.4955627759,0.3022109383,0.0014628679,0.0010071322,0.9060245933,0.0576467369,2.4122850103,0.4398492467,0.1448383443,0.4442963635,1.18951e-05,3.97566e-05,0.0001134837,7.07409e-05,0.6858058482,0.1073465594,3.0426305589,1.6865773892,0.1449452003,0.581679271,0.4927575,0.0561590782,0.0795637648,0.0094577454,0.616083925,0.1110826731,3.0884666192,2.6053926062,0.0967979886,0.7450224511,0.4610733761,0.2802337923,0.016808701,0.010380528,0.977351418,0.0090030435,2.2201095979,0.1373478073,0.6529955447,0.0780143357,-0.0005968007,0.0003632541,0.000199987,0.0001238362,0.9064040896,0.0372440568,3.9577784573,1.8557361211,1.0624064583,0.4857055558,0.1230553151,0.0210882256,0.1190606251,0.0194109182,0.8938465656,0.0457383158,4.6171768673,2.3156543627,1.3448008499,0.5024014407,5.329894891178094,-3.3024153563512644,-13.515208254400962,4
229,349.5861898293407,12741,75,36.44594772528011,0.23305,0.0298989548,0.0725730584,2.629007661,-0.0890165262,0.26835,0.036311534,0.4282257356,3.0534951325,0.142758429,0.4986,0.0401626692,0.2604529452,3.6092647464,0.3109566327,0.04185,0.0101650135,0.0089761859,2.9145562812,0.2917674272,0.5528651685,0.1243926541,0.9248824072,2.6204481656,-0.7243273945,0.0892134831,0.0782548375,0.9218230127,4.3623875107,1.3113501537,0.3579213483,0.057832133,0.6504996871,2.3860011762,0.2819420639,0.037247191,0.0106926215,0.0895049213,3.5328525791,0.467730962,0.4953306789,0.302060575,0.0009055012,0.0007169364,0.933255539,0.0461562478,2.4084445582,0.4364540402,-0.0202754494,0.4257067602,-5.927e-07,2.17019e-05,2.12564e-05,1.38931e-05,0.2924710565,0.1414306564,2.6967161087,0.3040792893,0.0152065306,0.1472685596,0.4925475,0.0286239999,0.040165735,0.0039658676,0.2137192837,0.1303054461,2.6949010852,0.3251924031,0.0339438294,0.1944626529,0.4581721486,0.2962579379,0.0194627339,0.0139029656,0.9802159743,0.0391586447,2.0517508118,0.1072180321,0.5186391195,0.1615863484,-0.0002047683,0.0001513388,9.01761e-05,5.98925e-05,0.8181540424,0.4823061827,2.5041984982,0.6002638595,0.6564079514,0.3697864421,0.1833255438,0.1020516086,0.1276950152,0.0298105655,0.8361828681,0.3898745545,2.7032478241,0.596468191,0.8687249698,0.2367867261,9.784265346570056,21.632565562130292,-12.651560071053778,2
23,449.7771017059172,15964,72,35.49313635454462,0.25145,0.0303586479,0.0601063031,2.6619419997,0.0010376976,0.24345,0.0322389128,0.0700876773,2.8661281426,-0.0414702085,0.5051,0.0364964382,-0.0457470642,3.3832588497,0.3034771598,0.0384,0.0097693398,-0.0960609719,3.5166697816,0.541308121,0.4413354037,0.1150340994,0.9265518217,1.9577997843,-0.0852417533,0.0859937888,0.0640914038,0.9127736863,2.4274270601,0.7241469986,0.4726708075,0.0605949567,0.7373371586,2.1753771687,-0.2821160452,0.0436335404,0.0117159388,0.0794194468,3.8193008138,0.4142460869,0.5022592298,0.3048153947,0.0011888013,0.0007531019,0.9427618288,0.0328582684,2.5471121082,0.5669601585,-0.0948564239,0.51663601,-1.9141e-06,2.41681e-05,2.35621e-05,1.44337e-05,0.1211784811,0.0964613976,2.9110519128,0.4370852572,0.0587102788,0.2625628057,0.4990175,0.0228076702,0.0363998129,0.0035406204,0.0982098105,0.1176694562,2.9286855469,0.5216594491,0.0381482735,0.2342769946,0.4470442697,0.2891012502,0.0213417497,0.0150306413,0.9631068857,0.0948011051,2.1434971547,0.1622529842,0.596797689,0.1796788417,-0.0002708579,0.000198073,0.0001193717,7.92246e-05,0.8740306907,0.3233955415,2.3405901355,0.1938247859,0.7079683746,0.1770071768,0.182561209,0.1005990023,0.1295845888,0.032442425,0.8839428943,0.2516845065,2.6856523143,0.2578422241,0.9252929801,0.1858436758,10.813841250895653,19.61000891437054,0.39695810964494,2
231,326.107311761386,11792,35,36.15987613497073,0.29085,0.0502546267,0.6394215074,2.5834310474,0.5478517701,0.26965,0.053731997,0.6618061127,2.9406075567,0.383387127,0.4395,0.045257596,0.5733137995,2.3382557732,0.3267839148,0.0318,0.0090421236,0.0986291369,3.3311764469,0.226792401,0.5125342466,0.1160335429,0.8881662398,2.5357063669,-0.6094120721,0.1047945205,0.0856579625,0.8889832405,3.6859934088,1.1865348458,0.3826712329,0.0436445966,0.5713356147,3.2203023577,-0.0779959179,0.0393835616,0.0109151524,0.2585691667,3.1471858606,0.268361516,0.4976895875,0.3024563202,0.0015255488,0.0009409099,0.9329616799,0.0351258904,2.2250520258,0.2592966773,0.0573708723,0.2981076648,-3.0342e-06,3.70949e-05,5.24646e-05,3.33842e-05,0.4329226961,0.1385235511,2.8983028317,0.5008609783,0.0990213085,0.3214931991,0.49356,0.0353482942,0.0498029829,0.0090519278,0.3900566038,0.1916542847,2.8565662928,0.4981247093,0.0666229744,0.2286023386,0.4510052345,0.27351063,0.022064916,0.0131257609,0.9817864549,0.0076409859,2.3350171309,0.2777305855,0.7281810322,0.1431521527,-0.0005195319,0.0003186576,0.0002163876,0.0001284886,0.9561902745,0.0222474715,2.4487438162,0.3870908247,0.7716500012,0.1779098503,0.1520679821,0.0150780929,0.1397934093,0.0146342241,0.9524960378,0.0090570611,2.5892631223,0.2897323555,0.8901331978,0.1303060115,0.27544554481182376,-2.7019173438252997,-1.608972496974864,0
232,554.760288107118,20774,27,37.4468044042633,0.26725,0.033921785,0.1528466595,2.6934244001,0.300389578,0.24935,0.0286762532,0.1130901915,2.5339449545,-0.2246459322,0.4834,0.034741042,0.2393939001,2.7270593841,0.0788189878,0.035,0.0098742088,-0.0682414698,2.3471400394,0.1947575706,0.4288253012,0.0929323479,0.8791184104,2.0988883413,-0.1381014925,0.0895180723,0.0661238089,0.8968569884,2.3305971534,0.741594087,0.4816566265,0.0458105993,0.5201351298,2.9004827732,-0.3042628024,0.0406626506,0.0121057361,0.1363893488,3.0058984845,0.3644871668,0.4973140871,0.3026811741,0.0010514088,0.0008500262,0.9528362953,0.0471888459,2.1937588466,0.5162175202,-0.0478820282,0.391267879,3.0342e-06,1.16238e-05,1.65916e-05,1.02779e-05,0.0811932448,0.1384179631,3.1032054206,0.4126190091,0.0233391853,0.2576099439,0.5054475,0.0180692036,0.0367801201,0.0031998264,0.0302201366,0.1291845361,3.0482610449,0.5396568772,-0.08076648,0.2383377506,0.4437586268,0.2867575807,0.0260443715,0.0166027044,0.9928861397,0.0037690582,2.1975379707,0.3169998824,0.6385597441,0.1793552913,-0.0002090441,0.0001337639,0.0001002457,6.34257e-05,0.9732442855,0.0074420371,2.1296232866,0.4257922274,0.5570035299,0.2378363208,0.1734002167,0.0257042445,0.1473024279,0.0080648377,0.965806547,0.0041110936,2.2952394516,0.4507023915,0.7120734971,0.2287496375,-3.780002925335675,-0.437759323298616,2.044816098945676,0
235,197.64215338745004,7058,32,35.71100536515492,0.2575,0.0423939854,0.4502444072,3.0158985031,0.4583122829,0.23095,0.0347900489,0.2916593936,2.3588672229,0.0532772788,0.51155,0.0415373025,0.1904894951,2.8948354731,-0.2826690524,0.0436,0.0104899952,0.0453588607,2.6282200544,0.3399510658,0.478125,0.1301186358,0.9279432576,2.0802094772,-0.3532381928,0.08625,0.0805838073,0.8689089399,3.1710894809,1.0438553909,0.435625,0.0617802305,0.7323959875,2.4470462319,-0.2329498402,0.04015625,0.0100766108,-0.0236475845,2.7551926225,0.2092722587,0.4878212555,0.2966315726,0.0034899095,0.002642529,0.941798676,0.0360333923,2.2985681717,0.442406269,0.1166023408,0.4425017219,-2.08721e-05,6.31677e-05,8.7228e-05,5.60014e-05,0.3777535903,0.1755647382,2.9085907437,0.4439719373,0.061775547,0.2436079775,0.4947475,0.0277062605,0.041953379,0.0057750206,0.3006093384,0.1800638128,2.8466341714,0.3771025228,0.005396812,0.2111330592,0.4464225141,0.2708585243,0.0197320573,0.0120460483,0.9693701602,0.0091773369,2.4426082176,0.1249023182,0.7392613856,0.0759586439,-0.0008451385,0.000516873,0.0003340908,0.0002031452,0.9452090981,0.0143890356,2.4822485639,0.2216214594,0.7229773241,0.1118935996,0.1482629928,0.0186618328,0.1381764618,0.0116184975,0.9413073058,0.0149585624,2.7395557438,0.3520544657,0.9463819574,0.1522102149,1.7198236874469566,-3.7537472269812175,-0.8503801315889807,0
236,866.3001564495909,31232,18,36.052169409734326,0.26525,0.0277522522,0.1354689379,3.4026542351,0.2023956751,0.2626,0.0331472472,0.1127163281,2.3668103537,-0.1392838892,0.47215,0.0353783479,0.0502039406,2.668615037,0.2671787975,0.03235,0.0101354576,0.113830876,5.0399105349,0.7674325374,0.4332129278,0.0952315584,0.8546352044,2.1846609097,-0.1956035824,0.0739923954,0.0597048503,0.8807269359,3.3306706234,1.0498632124,0.4927946768,0.0516687649,0.4594317916,2.6074455691,-0.2272047008,0.0420342205,0.0119388002,0.2175076476,2.6286307079,0.2578338609,0.5022630471,0.3054858466,0.0005081324,0.0003755442,0.9247386123,0.0746450559,2.5669855336,0.4243688957,-0.0850359796,0.419105594,4.984e-07,5.7638e-06,1.07552e-05,6.3863e-06,0.0696231063,0.0910691483,3.0047416308,0.4081144055,0.0334089538,0.2139210633,0.4960175,0.0161520608,0.0356802138,0.0021530138,0.0660255572,0.0818619033,2.9376222976,0.3719730721,-0.066744125,0.3030644419,0.4376947265,0.3023940055,0.0263233762,0.0178527019,0.9948707585,0.0018905324,2.2625510304,0.1957394482,0.6977837003,0.1542469843,-0.0001194013,7.54923e-05,6.40565e-05,4.29296e-05,0.9740459473,0.0046266429,1.9747761111,0.2500092503,0.4747829179,0.2216815274,0.1956987042,0.038641815,0.1562299554,0.0073638879,0.9688935018,0.0050129424,1.9943393937,0.327349714,0.539870694,0.2780117165,-4.440118559563236,-0.11716602282710571,2.038767505468707,0
237,214.2247854938049,7421,24,34.64118301201242,0.2617,0.0324054008,0.1307202729,2.7743864371,-0.0531300212,0.245,0.0351425668,0.2386387217,2.3509482208,0.2170453402,0.4933,0.0402070889,0.1629605934,2.9560347148,0.2593051708,0.03795,0.0099271093,-0.0844480652,2.7516404491,-0.1830412444,0.4193644068,0.1047040758,0.8655914619,1.9909981114,-0.2026417627,0.0851694915,0.0651983031,0.8888637392,2.0481986838,0.5673656756,0.4954661017,0.0531905245,0.4537128566,2.9324726914,5.85544e-05,0.0424152542,0.0114005102,0.0102808092,2.6615647422,0.4037087312,0.4980161592,0.3009038438,0.001147353,0.0007478901,0.9452113502,0.0484290845,2.7398979878,1.1641309266,0.2826628156,0.5799791543,-1.02641e-05,3.56827e-05,2.53681e-05,1.51906e-05,0.0968348205,0.1194927576,2.8039315266,0.2887775538,-0.0397064744,0.1732760584,0.495895,0.0277330574,0.0365214054,0.0037267209,0.0475526421,0.1172615523,2.9482545367,0.4069895418,0.0473610602,0.2162951547,0.4538583726,0.2794597028,0.0231726084,0.0138368939,0.9888561931,0.00384738,2.0872307863,0.1007322982,0.5619138637,0.1025466047,-0.0003877088,0.000235178,0.0001725838,0.0001027614,0.9725486083,0.0043132602,2.1233737208,0.1246659067,0.5609388253,0.113970957,0.1612559861,0.0180456169,0.1444818522,0.0125456147,0.9605615136,0.0054323924,2.4574170366,0.2405915677,0.8034844224,0.1379934802,-3.11843694077368,-1.283628115733123,1.707016647960424,0
241,472.34974634008216,16766,9,35.49488515640871,0.2501,0.0341758687,0.1830999086,2.9270643645,0.1457296736,0.27025,0.039047247,0.3280424866,2.5612513677,0.1575164603,0.47965,0.0392189686,0.1983247328,2.5584575774,-0.1407185371,0.03705,0.0114257385,0.0913024913,3.5892739161,0.3199699917,0.5163354037,0.1164974845,0.9186087921,2.2874090101,-0.4481971961,0.0583540373,0.0499495907,0.8816279428,4.1850211549,1.2943500152,0.425310559,0.0734988263,0.8178616967,2.0397214575,0.0461941082,0.0411490683,0.0109096864,-0.0100439915,4.0662645398,0.6772057432,0.4987872066,0.3023551999,0.0010499881,0.0007075098,0.9574080321,0.0337430167,2.2478683624,0.4789956499,-0.099884637,0.4382716958,6.4005e-06,1.49307e-05,2.553e-05,1.58778e-05,0.3620728406,0.1643337263,2.7851296827,0.3176269004,-0.0619709414,0.1507725488,0.5063325,0.0208032887,0.0424371131,0.0054750853,0.2435394684,0.1780859589,2.8926810773,0.423475907,-0.0472533822,0.2323754796,0.4581181624,0.2914572806,0.0170895456,0.0118629042,0.9512498396,0.1419835679,2.0974834869,0.1461573885,0.5212053428,0.1571797312,-0.0002953155,0.0002086928,0.0001051774,6.98174e-05,0.8937587951,0.2293442868,2.939578893,0.5885479127,0.845325341,0.3839485397,0.1591829735,0.0935901123,0.1192017901,0.0202777175,0.8883054527,0.2133758423,3.3635047864,0.9555084588,1.0644316499,0.4612057109,15.025499805589467,19.1007616323052,3.3657769074653774,2
242,145.8512187707004,5250,14,35.9955853934534,0.2594,0.0342657263,0.2283057594,3.2238116579,-0.1635192817,0.24305,0.0415625733,0.2997992128,3.0450885122,0.4949253019,0.49755,0.038932602,0.1989400079,3.8193354002,0.518821651,0.0377,0.0123373417,0.0419534207,2.5976302989,0.5630942578,0.4506716418,0.102828997,0.8841854145,1.8901582028,-0.2162408671,0.0750746269,0.0575785806,0.917611328,2.4206156852,0.7319525561,0.4742537313,0.053984891,0.6211459734,1.9427124683,-0.1528821726,0.0458955224,0.012275609,0.1543402065,3.6264396948,0.4343110678,0.4943395899,0.2997339151,0.0021915341,0.0013091164,0.9307029227,0.0427617072,2.4912447601,0.756207904,0.0055347626,0.5040883735,-1.17121e-05,5.34571e-05,6.47269e-05,3.70282e-05,0.3501622396,0.1513242656,2.8636648769,0.34552095,0.0073772965,0.1730663114,0.494485,0.0224649955,0.0425922878,0.0057276323,0.290465691,0.1475292784,2.7743817925,0.2659408037,-0.0280931967,0.1641358303,0.4413533259,0.2666179409,0.0231110362,0.0143550552,0.9752482866,0.0093170037,2.2909620489,0.2404791387,0.7035915813,0.1680427044,-0.0007547696,0.0004792643,0.0003285443,0.0002038537,0.9553067438,0.0104174621,2.4104281193,0.3571186253,0.7183026779,0.2090265095,0.1527231582,0.0209327392,0.1446446491,0.0126035746,0.9417580163,0.0126316865,2.7103004402,0.3981252162,0.9158542391,0.2145855749,0.19623456174033527,-2.3511031856632427,0.43607616763860424,0
243,249.32397799707263,9105,10,36.51874991384464,0.2448,0.0378940629,0.4107651111,2.5014005129,0.3741031698,0.2604,0.0453854602,0.4496213288,2.5165129475,0.0505218778,0.4948,0.038935331,-0.024145286,2.6569999477,-0.0718417415,0.0371,0.0095178779,-0.0570329523,3.3314074769,0.6930004404,0.3742696629,0.0744023021,0.8843032972,2.0533505249,0.0866117968,0.090505618,0.0677654785,0.911934129,2.5530169025,0.800151618,0.5352247191,0.0386129607,0.4058179241,2.6816268277,0.2440668174,0.0411235955,0.0128245027,-0.0619061738,3.3796226352,0.5648472858,0.4954057981,0.3015352016,0.0009408553,0.0006219535,0.9457715499,0.0295777259,2.6665115693,0.7094236153,0.0395751027,0.5022701319,-3.652e-07,2.2528e-05,2.17152e-05,1.27846e-05,0.137822388,0.1145004971,3.1025567263,0.6769592,0.0423814209,0.2749481724,0.49649,0.0232317218,0.037098022,0.0027117827,0.0580673383,0.1088696857,3.1074311216,0.6237024353,0.0204803306,0.2425798497,0.4647448558,0.2856942316,0.015056415,0.0091608236,0.9857836432,0.0074802019,2.2610003054,0.2492780317,0.6589833731,0.1429925923,-0.0002860018,0.0001662382,0.0001283712,7.8138e-05,0.9632369106,0.0153857538,2.2650881883,0.3098220872,0.6274100732,0.1643649645,0.1587084276,0.0213219241,0.1429572637,0.0081387783,0.9527249542,0.0100748104,2.5868764896,0.3364920642,0.8619220914,0.1741026083,-2.8359350637025633,-0.11957733753087886,1.3731000315970026,0
244,412.1264495608461,15132,52,36.7168863248752,0.2508,0.0354381151,0.2199642256,2.7561079083,-0.1990678362,0.24255,0.0322606184,0.2036475871,2.5472884281,0.0700800947,0.50665,0.0412919786,0.1375069852,2.3425077837,0.1049922738,0.0374,0.0106179094,-0.0561592724,3.4260639923,0.5383575828,0.4722402597,0.1576872647,0.9541348892,1.87014644,-0.1067854762,0.0983441558,0.0825940141,0.9013209666,3.2439169478,1.0395025303,0.4294155844,0.0879878756,0.8733840242,2.0394840918,-0.3413349234,0.0407142857,0.0105748503,0.0957759273,2.7476019371,0.2033935365,0.4981761678,0.3031800362,0.0013357642,0.0011697808,0.9530947453,0.0326613806,2.4204258785,0.5782168918,-0.0081253032,0.5578520773,1.38e-06,2.05942e-05,2.72565e-05,1.6584e-05,0.2012935653,0.1260400123,2.7791455302,0.3805818233,-0.012580312,0.2096471577,0.4987,0.0200235861,0.0400922746,0.0030455738,0.1581099159,0.1136598301,2.9686918238,0.4204902673,-0.0509232573,0.2735691239,0.4494453643,0.2829750519,0.0226998487,0.0140709136,0.9901612889,0.0040370189,2.0570764027,0.1462319407,0.4999364735,0.1412101433,-0.0003283997,0.0002047653,0.0001428653,8.71722e-05,0.960386155,0.0219563982,2.4500652956,0.2418875577,0.7160069927,0.1259964609,0.1722880231,0.0603309909,0.1364382135,0.0172950683,0.9392568948,0.0637380695,2.7781908564,0.2993016598,0.9124239598,0.1730412921,-2.127183653460795,0.5278045025332042,0.027476996093234424,0
245,329.941862072096,11946,6,36.20637867828261,0.2043,0.0302077805,-0.0258469679,2.7937441334,-0.0412983877,0.2855,0.0289266313,0.1148872886,3.6174580842,-0.2137115075,0.5102,0.0352272622,0.0227561283,2.6111620539,-0.0054233243,0.0373,0.0114109596,-0.0542976197,2.5607920428,0.3445125496,0.4866748768,0.1230519243,0.9060081093,2.0251276052,-0.2169224156,0.0775615764,0.065456637,0.8906269828,3.332260068,1.0718938982,0.4357635468,0.0705155767,0.7279784315,2.3460969432,-0.1340587461,0.0415270936,0.0114956837,0.1018235183,2.6117832154,0.0328378993,0.494674122,0.3017169117,0.0012438839,0.0009672261,0.9429949465,0.0287305621,2.4773666612,0.4895579966,-0.0199648981,0.3798249924,1.6086e-06,2.08529e-05,2.53903e-05,1.5976e-05,0.1131667842,0.1307814697,2.7627978479,0.3343684923,0.0090121645,0.1263127101,0.4961175,0.0237262,0.0373489426,0.0028173763,0.0674426494,0.1366421534,2.7218447742,0.2829022231,0.0003807295,0.1449876648,0.4516876702,0.2826321396,0.0223567261,0.01317374,0.9896092379,0.0055613675,2.1089538964,0.1372281583,0.5685906277,0.1377579044,-0.0003057575,0.0001824331,0.0001347509,7.86051e-05,0.9639361203,0.0142181831,2.1985109927,0.1044020328,0.5817492382,0.129196946,0.1747874453,0.0291005125,0.1414200855,0.0101884328,0.9569733102,0.0155169186,2.3794599883,0.2544937378,0.7405294425,0.1844750039,-2.8971611256827883,-0.4442074333890204,2.0157523697615423,0
246,113.8741956757092,3731,50,32.764227030196885,0.21975,0.0375258244,0.2571179215,2.4356101771,0.2808753244,0.2673,0.0558543642,0.5593868029,2.0497319373,-0.0074070032,0.51295,0.0473661007,0.2990556735,2.7420759447,0.1422127872,0.04265,0.0101354576,0.1721231462,2.8500940829,-0.0326964751,0.5590277778,0.0942795742,0.8315101734,2.3575551387,-0.4906103937,0.0547222222,0.0490598337,0.888012515,2.7041021823,0.9304990376,0.38625,0.0528411535,0.6169996673,2.411749159,0.1497892076,0.0373611111,0.0110230888,0.4405654487,2.6038359972,-0.0483949743,0.4851096593,0.2935651373,0.0042155008,0.0029027729,0.9245674848,0.0382681366,2.3449700902,0.316690141,0.0221123085,0.3735769292,-1.12223e-05,8.18744e-05,0.0001418452,9.10138e-05,0.4154332766,0.136727531,2.9025908251,0.5259345461,0.0808453188,0.244634518,0.5015375,0.0238888461,0.0449828194,0.0051056427,0.3161081158,0.1369436677,2.8398290272,0.3853083443,0.0533292809,0.2618148366,0.4275075691,0.2604201559,0.0260109123,0.0160436535,0.9568508478,0.0158004973,2.4611438414,0.1688496878,0.839151449,0.0971297902,-0.0014520732,0.0008679824,0.000619709,0.0003819072,0.9397145125,0.0172706018,2.5254530806,0.2190323398,0.8337091905,0.1236150024,0.1412407907,0.0136392892,0.1440932849,0.012549722,0.9259879495,0.0196019854,2.9243402842,0.2972627826,1.0492984205,0.1175434405,5.437182748065104,-5.062109533838142,-0.5012657003638792,4
248,116.1069711817137,4414,60,38.01666648501106,0.26335,0.0402309272,0.3159652191,2.872343705,0.2292480211,0.25655,0.0511844459,0.4608682232,2.7693304331,-0.2542947329,0.4801,0.0505666886,0.4854548959,2.270335303,-0.1020862287,0.0359,0.0097308787,0.1074485462,4.8090250558,0.5601243025,0.4677272727,0.1230181738,0.8241957515,2.0888765363,-0.4134916788,0.0713636364,0.0572312259,0.7932475001,2.4311327226,0.6921401994,0.4609090909,0.0719317284,0.6861977587,1.9786833683,0.2776929522,0.0472727273,0.0147499825,-0.455288622,2.3081116766,0.4441640223,0.4785074373,0.2915147365,0.0058125706,0.0035171035,0.9185369876,0.0391896082,2.3170306312,0.3943123127,-0.0735588948,0.3044954062,9.43146e-05,0.0002671562,0.0002535172,0.0001476883,0.5850492841,0.1189390822,2.6622048036,0.2840286506,-0.0119760984,0.2821244413,0.5111375,0.0446777654,0.0538125222,0.0076454778,0.5021995829,0.1419149852,2.7483306909,0.2000845359,0.0101958944,0.2400195523,0.4298817901,0.2611948914,0.0338776642,0.021418072,0.9416109161,0.0261756949,2.2960663564,0.4366975403,0.705040849,0.2095150993,-0.0027099588,0.001663306,0.0012203749,0.0007727125,0.9289095665,0.0298831482,2.2790673519,0.4510792897,0.6769950091,0.2154340351,0.1446529643,0.0247496855,0.1462041739,0.019963253,0.9095593354,0.0234839931,2.6335218148,0.4882683091,0.9250684997,0.2286877431,11.742484834992723,-6.193051594614518,6.286877694463284,4
254,625.3118891484269,23345,6,37.33336980333461,0.28705,0.0397561002,0.3766896725,4.0802113409,-0.0501736575,0.21725,0.0323602766,0.2102502077,3.153102747,0.1501697446,0.4957,0.0391408993,0.1875418779,2.6289870821,-0.0312280071,0.03795,0.008546783,0.0454921212,4.5997309475,0.7954355924,0.4712411348,0.1231993081,0.9145064401,2.2573151423,-0.3281364127,0.0972340426,0.0745231306,0.9172613919,2.8264079448,0.8662692713,0.4315248227,0.0606289238,0.6706877309,2.4606366586,-0.1773753926,0.039929078,0.0102449748,0.1570539139,4.2753502881,0.7314340726,0.5000019505,0.3037498891,0.0008911717,0.000664899,0.9290322434,0.0475810716,2.6738102607,0.7489646806,0.073906982,0.5851427059,-4.3408e-06,1.88245e-05,2.23161e-05,1.38464e-05,0.2133940795,0.1587445979,3.0898219829,0.5778245194,0.0871834796,0.2765877897,0.49311,0.0251750799,0.0394389648,0.0035827792,0.2192810107,0.1480980655,2.9701306087,0.7801406574,0.0666591131,0.2963303982,0.4473242,0.28550777,0.0233662004,0.0136310277,0.9905457641,0.0068629626,2.2049280267,0.4177589441,0.6279935782,0.2467405022,-0.0002827056,0.0001700457,0.0001210086,7.05747e-05,0.9593113761,0.028203198,2.3997220831,0.3709603458,0.6858682692,0.2281965486,0.162778928,0.0403011184,0.1331415053,0.0157331543,0.9501320646,0.0332693252,2.6747070268,0.4043073347,0.8664018284,0.2321676537,-1.9646119147158763,0.37534150016254525,-0.7284719979094609,0
256,859.0050231179022,31442,54,36.60281273545528,0.2219,0.0294854201,0.0468773004,2.8556348156,0.060470394,0.25445,0.0298905922,-0.0538961127,2.4041066628,-0.0671915337,0.52365,0.034524303,0.1625062843,2.8001238334,0.2718320783,0.03515,0.0102823879,0.0993890311,3.3977223969,0.3046267659,0.3589864865,0.0733496182,0.8333146888,2.1918071321,0.0797521204,0.1340540541,0.0769081982,0.8953690204,2.3386844117,0.4818808354,0.5069594595,0.0357117234,0.2290828993,3.4197280676,-0.2849772464,0.0419144144,0.0119328779,0.1494926622,3.8606849657,0.7476262149,0.4995094155,0.303570914,0.000462284,0.0004133185,0.9347027889,0.046102856,2.4754316655,0.6758188298,0.0237933373,0.5651882984,2.814e-07,3.6376e-06,9.6704e-06,5.8334e-06,0.0165614518,0.0925585459,3.0749468289,0.6780626828,0.0115566393,0.2973901397,0.4978825,0.0108276068,0.0360955359,0.0025453712,0.0290738352,0.1156531222,3.099373457,0.5828390504,-0.0159207589,0.2327565349,0.4531605615,0.3128669035,0.0223012927,0.0143604633,0.9952902239,0.0021619758,2.1725480989,0.1536419993,0.6025928152,0.1507705448,-0.0001126175,6.98965e-05,5.37609e-05,3.44936e-05,0.9712775354,0.0054037047,2.253556894,0.3072603295,0.5991102134,0.2288895229,0.1798530823,0.0290592306,0.1427258841,0.0064681277,0.9651356526,0.0070649264,2.3774883017,0.2946924366,0.7376236392,0.2259822494,-4.999312890432222,0.572888159926754,2.0681662962766705,0
258,233.49011955434,8854,49,37.92023412767757,0.2503,0.0379790732,0.175881579,3.3749027291,0.2858507713,0.21385,0.0335771872,0.0456547129,2.3235805121,-0.0241733943,0.53585,0.0421666634,0.2607427224,2.8159809237,-0.3372970265,0.04145,0.0111196897,-0.0030310844,4.4737326058,0.8002889473,0.4020731707,0.08526126,0.8539571937,2.0344605568,-0.054814952,0.093902439,0.066881878,0.9146694,2.4796833892,0.7260358395,0.5040243902,0.0433536157,0.3568079796,2.5603918689,-0.0508602583,0.0456707317,0.0109811978,-0.0881236499,2.5875450777,0.3126949894,0.4963568415,0.3026088967,0.0015881079,0.0010990671,0.9503194926,0.037368766,2.2599655668,0.6005167934,-0.2569177018,0.3163035121,5.7638e-06,2.74673e-05,3.29583e-05,1.88946e-05,0.1791105478,0.1196781865,2.7894157618,0.3185226942,0.0294363001,0.2003983289,0.5006825,0.0221760246,0.038576182,0.0028370414,0.1467929474,0.1089849602,2.9830568012,0.3842104991,0.0704656202,0.2579277571,0.4473040665,0.2748304206,0.0227782614,0.0137731127,0.9862527287,0.0048194246,2.2375333712,0.2540391358,0.6710414359,0.1447197334,-0.000413785,0.0002493924,0.0001857273,0.0001118765,0.9679472928,0.0082918859,2.3049696976,0.3283508285,0.6716737138,0.1642703331,0.1578523302,0.0222412858,0.1444029041,0.010635217,0.9562439729,0.0070765009,2.6470494292,0.4512521617,0.9030252856,0.1998956636,-2.7183824032337904,-1.1336041790737612,2.1282017732484864,0
26,281.49310774139803,10316,25,36.64743368948521,0.2342,0.0346028901,0.3260309851,2.7870077416,-0.1514121059,0.278,0.0439772669,0.235059076,3.0954885043,0.2249152557,0.4878,0.0368192884,0.0747239993,2.7406097927,0.1338892005,0.03365,0.0080577602,0.0505333997,2.6142182241,0.270785191,0.3898198198,0.0835095289,0.8021330327,2.0186237784,0.0726192724,0.0783783784,0.0521353149,0.8977107761,2.2784081059,0.6343271634,0.5318018018,0.0466624489,0.4064119954,2.785784478,-0.455147805,0.0501801802,0.0120233993,0.0198499022,3.717319099,0.7195564088,0.49778383,0.3019854876,0.0009853754,0.0006906524,0.9600657435,0.0276472424,2.5576284582,0.76049215,-0.0574877713,0.5133025519,-7.7042e-06,1.31785e-05,1.99432e-05,1.19471e-05,0.0990423987,0.1269289153,2.906401783,0.4403767415,0.0352700586,0.2630745229,0.4960525,0.0233618839,0.0362776668,0.002661394,0.0923113503,0.1192589503,2.9467920944,0.4240274004,0.0505786184,0.1387649888,0.454576869,0.2857770125,0.0194768491,0.0117721733,0.9903346518,0.0033653146,2.1025539204,0.1111867813,0.565438417,0.1333621054,-0.0002597484,0.0001551606,0.0001205253,7.19563e-05,0.9696292387,0.0104906066,2.1183948071,0.1130540035,0.5550560259,0.1271663733,0.1733545359,0.0466554436,0.14159616,0.0112243216,0.9594448467,0.0123540495,2.3848404014,0.1847021149,0.7649569093,0.1820037985,-3.8696361868625004,-0.08965374326222504,1.7783004630130514,0
261,903.8225599508104,33982,64,37.59808783911019,0.25975,0.0287434775,-0.044980375,2.8025119679,0.2045859933,0.24655,0.0308277067,0.0429584707,2.3954423215,0.0733320052,0.4937,0.0350757751,-0.0730484108,2.853417028,0.1911269246,0.0369,0.0099694533,-0.1409059368,2.3167667171,0.3018759483,0.4026635514,0.0861254548,0.8298853428,2.1565106795,0.0486028593,0.101152648,0.0735053248,0.9203559636,2.4678527895,0.7347188758,0.4961838006,0.040992369,0.3297001477,2.9995251477,0.0031812143,0.0448598131,0.0121988575,0.1710341417,3.1616491941,0.3015418687,0.4988288588,0.3034500453,0.0003336695,0.0002851341,0.9324490456,0.0501720023,2.4696773473,0.5938656137,0.0742019408,0.4124293082,-3.334e-07,3.316e-06,6.9762e-06,4.2204e-06,0.0078407391,0.1150791833,2.9495525818,0.3173485205,0.0427670915,0.1964791425,0.4996925,0.0105813548,0.0356987594,0.0023079101,0.000261171,0.073272684,2.9232632549,0.3531958168,-0.0123731319,0.2230134838,0.460079543,0.3155050015,0.0186250996,0.0122608735,0.9960354262,0.0025156266,2.04938929,0.1814528086,0.4855461535,0.1482903386,-9.31804e-05,5.989e-05,4.11922e-05,2.67344e-05,0.9711887376,0.0029879719,2.2689584801,0.2153259713,0.5869657027,0.1400500931,0.1752079788,0.017360304,0.1369367076,0.0033525894,0.9599224766,0.0040813273,2.5071128609,0.2063123424,0.7653760602,0.1172231385,-5.178666766248072,0.4352027338626032,2.4816863362990156,0
263,187.81226127160528,6392,63,34.0339866882077,0.2886,0.0306519167,-0.0226653399,2.8060016429,0.0877231207,0.2449,0.0302653267,0.1183342418,2.2798522701,-0.1725191156,0.4665,0.031729324,-0.1550131582,5.4219529105,0.9998513966,0.03425,0.0089826221,-0.0493812757,2.4154574271,0.3183270178,0.4089175258,0.0918543973,0.8513329947,2.2394814167,0.2306458169,0.1210824742,0.0886154288,0.9241798187,2.2272158643,0.5957744357,0.47,0.0423473608,0.3683830953,2.423793655,-0.1608672241,0.0377835052,0.010403436,0.0500187257,2.5809294605,-0.1626023994,0.4974216352,0.3029596933,0.0010859008,0.0007348411,0.9301958849,0.0466088561,2.6869554427,0.5598966189,0.2200417455,0.4632228906,4.1196e-06,2.40396e-05,2.80448e-05,1.5946e-05,0.100073448,0.1257415831,2.9571449656,0.461877948,0.0040998004,0.2437232756,0.4975475,0.0261673101,0.0372277827,0.0042879858,0.0838009837,0.1176769291,2.8573878498,0.3739139985,0.0209754904,0.2268827304,0.4583642323,0.2830070169,0.0176333458,0.0108139611,0.9850047869,0.0049184915,2.2066752051,0.129110059,0.6242340005,0.138941949,-0.0003296764,0.0002014195,0.0001475888,9.04443e-05,0.9533199269,0.0329035561,2.2551885758,0.0920947215,0.594816267,0.1799935169,0.1769950885,0.0560082891,0.1387261856,0.0209402362,0.9379699335,0.0594567881,2.4528169776,0.1762917138,0.757605817,0.2373821303,-2.3620252315409105,1.8407009939890462,0.6348100655711945,0
265,440.6335629800493,16007,57,36.32723728928646,0.27975,0.0377384088,0.3415191588,3.0270589681,0.2519585198,0.2254,0.0372537246,0.1625792595,2.3825703356,0.1136223788,0.49485,0.0383174569,0.0980937242,2.5875708281,-0.271878524,0.03425,0.0105682307,-0.2616935054,2.4537161224,0.2482072388,0.4462598425,0.1238775883,0.9397390609,1.9559376401,0.0362932035,0.0964173228,0.0755606281,0.9024785597,2.473876971,0.7573252301,0.4573228346,0.0651158727,0.7333150251,2.3073006082,-0.3212799606,0.0416141732,0.0117868519,0.0681768536,3.2802815114,0.4406872279,0.4949803808,0.300470309,0.0014765382,0.0011675465,0.9511518465,0.0417494094,2.7388105366,1.2004612004,-0.1065152497,0.5901647034,-4.2187e-06,2.94092e-05,3.14638e-05,2.06919e-05,0.102836488,0.1248925877,3.0749904339,0.3564017927,-0.0041895444,0.2124574654,0.4955875,0.0252549197,0.0367607443,0.0032099925,0.1042818396,0.126747317,2.9960221979,0.4808764939,0.0519036052,0.1908492622,0.4513985973,0.2816552771,0.0209110043,0.0139478075,0.9754656926,0.0466465017,2.1475857142,0.2391340624,0.5901753492,0.1898009042,-0.0003647865,0.0002491382,0.0001700696,0.000111207,0.9092027908,0.2375881658,2.2310192645,0.2204355462,0.6056691721,0.1526072748,0.1791977166,0.0774857496,0.1384017127,0.0300181032,0.8664011966,0.3732120621,2.511863069,0.2365998279,0.8270423711,0.171002988,7.234704902130272,15.884839174591358,-4.614951574127212,2
266,192.55805016182669,7340,69,38.11837518001158,0.23935,0.0395452589,0.099059907,4.401944735,0.6140812193,0.23,0.0421070065,0.4736097354,2.8800116048,0.362162458,0.53065,0.0433223672,0.1463292475,3.2827269381,-0.4004045598,0.03735,0.0087594235,0.0787893256,3.3017664333,0.3791809961,0.4825257732,0.1286750957,0.934773406,2.0376953998,0.0692369121,0.0747938144,0.0650848674,0.9270360371,3.1337957577,1.0427889616,0.4426804124,0.0774964644,0.8016121558,2.6367987678,-0.5785380404,0.0450515464,0.0118298688,0.0386626224,2.583035745,0.4407306598,0.4916680708,0.2983617639,0.0019322016,0.0015098427,0.9377349779,0.0454088907,2.3279471761,0.5546983456,-0.2435006052,0.3556661587,3.3568e-06,4.02577e-05,5.80985e-05,3.55919e-05,0.4285305204,0.196523447,2.8591782142,0.4797775341,0.0170794538,0.3042778596,0.50315,0.0325404402,0.0452921227,0.0090799711,0.3532962501,0.201208862,3.0389009919,0.6894158259,0.0657969634,0.3065976818,0.445320427,0.2699379383,0.0239661254,0.0147882221,0.9814363974,0.0058638328,2.124249738,0.1097824062,0.5835705778,0.1001578151,-0.0006655295,0.0004099385,0.000292244,0.0001826483,0.9560675428,0.0180459274,2.4447541698,0.3991673975,0.7559011626,0.1775992073,0.151277049,0.0160566946,0.143739084,0.0111807897,0.9436957652,0.0171621401,2.8158784615,0.4200922352,0.9818176314,0.1695371283,-0.18392264761180985,-2.6411438323209757,0.41783648660679773,0
268,619.2119131123973,22239,14,35.91500668683558,0.24335,0.0283377399,-0.0550187331,2.7737232059,-0.1453143794,0.2724,0.0368,0.0183460759,3.3876326732,0.4913743534,0.48425,0.0360996884,-0.0974643901,2.9954417452,-0.1016301528,0.0353,0.0096648849,-0.0361959903,6.5384718144,1.3025122292,0.4354205607,0.1039536685,0.8815720895,2.0755717881,-0.1287243019,0.0889719626,0.0722137867,0.9071736083,2.8251162878,0.9445837258,0.4756074766,0.0517574785,0.5260879336,2.9663267844,-0.3318315313,0.0431775701,0.010806119,0.118534242,4.3576288257,0.6190591406,0.4982075585,0.3030723303,0.0005049046,0.0003957206,0.927414752,0.0533287477,2.4430667832,0.5846060732,0.0031526222,0.400863989,1.187e-06,8.8362e-06,1.08178e-05,6.5206e-06,0.0258536329,0.1308408714,3.0779782615,0.4238732103,-0.0518413025,0.2524620527,0.5020875,0.0179979157,0.0359098589,0.00241597,0.0196812012,0.1215772574,3.1765708705,0.4882912499,-0.0311947251,0.2093051021,0.454744012,0.3021016714,0.0200938449,0.0123881999,0.994163348,0.0033419475,2.0937088881,0.1356907967,0.5511466407,0.138678823,-0.0001286686,7.69449e-05,6.14853e-05,3.76238e-05,0.9673751934,0.0115297007,2.1554983289,0.2600338434,0.5260344739,0.1904075363,0.1851013673,0.0445738021,0.140577912,0.0123709319,0.9573839816,0.015417264,2.3231676731,0.3343856719,0.6754029264,0.2324913971,-4.210856080251396,0.7077936998339384,1.8570662086253662,0
27,369.7961256977209,13764,42,37.22050893321414,0.2233,0.0490623073,0.6185276222,2.4641037923,0.1659944494,0.2386,0.036980265,0.4691092248,2.5712804056,-0.3089870006,0.5381,0.0470785514,0.417283366,3.2802743088,0.3767118361,0.04275,0.0125971227,0.2053236597,2.566524952,0.3408100235,0.6461654135,0.1451546844,0.9262663559,3.7263466078,-1.3465822462,0.0990977444,0.0893898166,0.9365553233,3.4948192126,1.3004807143,0.2547368421,0.0624719961,0.7661290215,4.2273183301,1.2564782663,0.0373684211,0.0102886708,0.1979047235,3.1757265438,0.2110641062,0.498388926,0.3026607263,0.0005988444,0.0003709005,0.9261897477,0.0309466017,2.3846845015,0.4872042384,-0.0072635538,0.469428976,7.4666e-06,1.26487e-05,2.29117e-05,1.36813e-05,0.4616491499,0.1416836874,2.8192810758,0.4630472744,-0.1031902578,0.2479683507,0.50088,0.0393195829,0.0487029526,0.0097912414,0.3576556134,0.1424813575,2.8125232355,0.3269414174,-0.0617906893,0.2630097244,0.4461026507,0.2910606752,0.0221461981,0.0138544975,0.9928360705,0.0030142021,2.2274124317,0.2063835164,0.6460665578,0.1500958155,-0.0001890973,0.0001129656,7.23466e-05,4.83453e-05,0.9512044147,0.0146158522,3.0676933546,1.1117203165,0.9337685531,0.3932162301,0.1510075548,0.02843633,0.1303142453,0.0091831607,0.9573136686,0.0076070316,3.0113589219,0.728734733,1.0001648571,0.2743815211,-1.2875810191045045,-2.2509192404756058,-4.493431506401036,0
271,369.3185828293503,13644,49,36.94371373212064,0.23385,0.0271924162,0.1056892711,2.7828123979,0.0568859586,0.2155,0.0298035233,0.0772780675,2.5542592572,-0.1232388668,0.55065,0.0302874149,0.0377492602,2.8679142948,0.1321715976,0.0387,0.0115676272,-0.0145646357,2.8131569446,0.0704557932,0.4072619048,0.0797444011,0.8220748143,2.0366395622,-0.0351596517,0.0933333333,0.0727001889,0.9168496158,2.1713371776,0.6992781074,0.4994047619,0.0387790196,0.1792853645,2.8473489406,-0.0128425983,0.0456547619,0.0132238007,0.0363336423,2.749514476,0.5804447256,0.4906548344,0.2995432654,0.0021014418,0.0015014595,0.9279839114,0.0998864654,2.2940263321,0.4764305621,-0.0207098363,0.4061800781,4.8185e-06,4.40214e-05,4.66485e-05,2.89847e-05,0.1277025304,0.1382529491,2.9470476903,0.550159618,-0.0135142103,0.2210991622,0.501095,0.0233564279,0.0372365506,0.0030891014,0.0829995043,0.1056030124,2.9655179144,0.4506451577,-0.0418696063,0.2859093075,0.4351720279,0.2659452648,0.0303217685,0.0181806983,0.9842187001,0.0073648042,2.2629497062,0.3059591077,0.695436116,0.1641180347,-0.0006068528,0.0003607072,0.0002833107,0.0001692837,0.9644660376,0.0130967884,2.2751696124,0.2405262668,0.684998908,0.1396597407,0.1610294368,0.0170549809,0.1480539052,0.0091031192,0.9553855534,0.0068341762,2.5321151714,0.2526918435,0.8799704185,0.1346999496,-1.6341310286880633,-1.4845792499223402,3.061598298803237,0
274,787.230320838779,29052,48,36.90406635893501,0.24745,0.0360381395,0.2001616863,2.3533805166,-0.0157944458,0.26105,0.0305474631,0.066713556,2.6269164122,0.2437504773,0.4915,0.0369222155,0.0763207654,3.3582876448,0.0331682963,0.0395,0.0096824584,0.1460445705,2.7552213333,0.1825982548,0.4401141553,0.1170854612,0.902081947,2.0160338678,-0.1567732177,0.0931050228,0.068305939,0.9188776841,2.6798081307,0.8623587434,0.4667808219,0.0621294671,0.6564053997,2.7466784272,-0.3316408393,0.0432191781,0.0109180173,0.013615678,3.2407294271,0.4462999541,0.4979478905,0.3025007943,0.0006580999,0.0003891028,0.9559448583,0.0278071677,2.2062327144,0.5593479653,0.0064968336,0.426761477,-1.1711e-06,6.5334e-06,1.26884e-05,7.6737e-06,0.0970249862,0.1397843366,2.9981148462,0.4061567741,0.0214436336,0.1934143193,0.5001475,0.0151783108,0.0364267348,0.0021914867,0.0686664377,0.1018797346,3.0193910314,0.5164759191,-0.0583650587,0.2515240551,0.4507081502,0.2950586128,0.0230258867,0.0151050667,0.9940758391,0.0028811868,2.1025793691,0.1155474454,0.5707665988,0.0910702407,-0.0001680107,0.0001103596,7.79609e-05,5.09867e-05,0.972933786,0.004917621,2.1388350881,0.1050926271,0.556913613,0.0938410197,0.1710763622,0.0129835289,0.1464530266,0.00518087,0.9648849502,0.0037247344,2.3302598477,0.1260774802,0.7436837661,0.0921825806,-4.488132282682295,-0.5460734733521334,2.7922149212560363,0
275,1123.2097355699575,40643,57,36.18469348413924,0.2447,0.0318576521,0.0941951517,2.8261286481,0.2546480436,0.2346,0.033717058,0.1085980206,2.6748975335,0.3920276309,0.5207,0.0411036495,-0.0602265464,2.7602632138,0.2123504976,0.0349,0.0113793673,0.1089741644,3.0990769964,0.4827560982,0.4018413598,0.081089485,0.8409777401,2.1138121275,0.016952467,0.0956232295,0.0671329679,0.9166890964,2.6484477194,0.7213033972,0.5025354108,0.0378327843,0.2460851565,3.0817319192,0.0871440354,0.0419546742,0.0118359029,0.116486094,3.3163457883,0.2970786625,0.4989976722,0.3032050956,0.0003730638,0.0002425078,0.9615874995,0.0293232084,2.1224913816,0.4422804858,-0.0744239519,0.438515077,1.2548e-06,3.696e-06,6.7219e-06,4.1111e-06,-0.007659416,0.1028790244,2.8108790142,0.3866469283,-0.0498727061,0.20494761,0.5048275,0.0174236798,0.0350094226,0.0021478958,-0.0116365491,0.0812119987,2.8918175131,0.4935527539,-0.0589350074,0.1947784551,0.4635046764,0.3240753357,0.0184059937,0.0113890558,0.9968211037,0.0021182856,1.9805078653,0.1709573567,0.4068777938,0.1870013146,-7.35032e-05,4.46384e-05,3.62837e-05,2.14279e-05,0.9640118443,0.0245968079,2.0529885904,0.0767686824,0.4192242479,0.1587724982,0.2158657222,0.0635581092,0.1345872987,0.0231939831,0.9473623266,0.0406565026,2.2255174727,0.1108160827,0.5679106683,0.1954696398,-4.677118698439156,2.5118667189447783,1.394924576228789,0
28,235.86244498602105,8155,27,34.57523727646988,0.2492,0.0485938268,0.480183505,2.3706694673,0.3042573502,0.3084,0.0538278738,0.5608261496,3.7806285774,0.567229332,0.4424,0.0475577544,0.3978028897,2.8049348077,-0.0108852394,0.03385,0.010046268,0.1135192173,2.5433134191,0.0650634589,0.535631068,0.1122598399,0.9249177331,2.0915185701,-0.3054075182,0.0760679612,0.0662653187,0.9059483814,2.835573862,0.9508658697,0.3883009709,0.0574183819,0.7524770921,2.0821128235,-0.0867916065,0.0398058252,0.0097024251,-0.0830121216,2.0866792721,-0.0090461342,0.4967833756,0.3015836844,0.0012955589,0.0008100552,0.9210026079,0.0528047748,2.396197988,0.6804895737,-0.0566615819,0.3608591521,-6.4201e-06,2.4498e-05,5.11488e-05,3.31377e-05,0.5288215691,0.185828971,2.7112472293,0.4361753379,-0.0201293254,0.2200455032,0.4946075,0.0257922482,0.0510784073,0.0093388801,0.451810614,0.173260293,2.6524396468,0.3990416678,0.0017633087,0.2090671315,0.4437334611,0.2749955666,0.0201483918,0.0123561152,0.9855579208,0.0044941484,2.3624868137,0.2095789946,0.727724272,0.1362778228,-0.0003914056,0.0002344024,0.0001429321,8.83106e-05,0.9453797482,0.0150807939,3.0338953787,0.4994738989,0.9374591966,0.1976133034,0.144667505,0.0374543754,0.1259882996,0.013599851,0.9457342875,0.012371215,3.2384985322,0.5811754991,1.0669439523,0.2405670993,-0.1617061633484625,-2.894729155830877,-3.0546010682103675,0
281,277.359064875236,10338,54,37.27298404561007,0.2468,0.033604464,0.0978631152,3.2564116586,-0.3681688319,0.2314,0.0362565856,0.0766471278,2.8095345577,0.1215085827,0.5218,0.0368070645,-0.1245646132,2.6087398599,-0.2510598935,0.0366,0.009896464,-0.0375734479,2.6118518508,0.3180695582,0.40305,0.0962753733,0.856071312,2.0083971418,-0.1393371582,0.08165,0.0659244075,0.9041048256,2.9360823342,0.8297250103,0.5153,0.048155062,0.4364962513,2.3730829222,-0.0401822898,0.04945,0.0132267721,0.1840234835,2.7303172665,0.1772175437,0.4929219461,0.3004334061,0.0012473916,0.0009005064,0.9452929128,0.0456240346,2.4529779728,0.5976792701,-0.0455137995,0.4728953684,7.4119e-06,2.4995e-05,2.77029e-05,1.70853e-05,0.1655126036,0.1730673407,2.9007043236,0.4398195471,0.0054025377,0.2365687722,0.5043225,0.0287709379,0.0392482304,0.0037667012,0.1187070101,0.1465897124,2.852345994,0.2907004771,0.0312361346,0.2241264804,0.4562447453,0.2825885568,0.019832792,0.012288261,0.9866092994,0.0043658442,2.2929076027,0.1634680222,0.7111623322,0.1115512353,-0.000335139,0.0002008821,0.000148744,9.26595e-05,0.9659235271,0.0082105739,2.5559417576,0.2450448586,0.8060289549,0.1213374584,0.1528926308,0.015898712,0.1458692575,0.0100793278,0.958785481,0.009839809,2.903247767,0.3225298084,1.0112103079,0.1373576818,-3.008972193021081,-1.160661153511279,2.0497566274948786,0
283,424.2790207563052,15664,25,36.91910095407945,0.25235,0.0323145091,-0.0225626242,3.7325611209,0.5088792491,0.2898,0.0399244286,0.2860445714,2.4248124489,0.1237293936,0.45785,0.0377243622,0.2811823409,3.3785426718,0.061474598,0.02765,0.0099109788,-0.1033642958,2.9287295502,0.2868237845,0.4632746479,0.1311904402,0.9045024135,1.9791044,-0.1699763614,0.0966197183,0.0847459943,0.9280329025,2.4938970573,0.8400788094,0.4401056338,0.0606637822,0.5928806036,2.5370489975,-0.4381598936,0.0401056338,0.0091441567,-0.0001792667,4.5639508241,0.7079345241,0.4935002758,0.2993546615,0.0015854457,0.0011228738,0.9388583416,0.0453453735,2.5315228266,0.7702023764,-0.0742049767,0.514663151,-4.107e-06,1.98419e-05,3.39391e-05,2.00252e-05,0.0567687868,0.1424566208,2.9955388433,0.3143309102,0.0333628372,0.2488743896,0.49782,0.0195441129,0.0366681796,0.0026916264,0.0564061124,0.1265661362,2.8907512672,0.3918093785,0.0439309408,0.2167725467,0.4415197044,0.2725411733,0.0253541883,0.0157276367,0.9865387272,0.0041102204,2.2640283045,0.1883618969,0.6935844381,0.1347458939,-0.0004336263,0.0002614718,0.0001937212,0.0001208247,0.9663926938,0.0065779251,2.2990913477,0.2382216208,0.6778320579,0.1508926459,0.1606537682,0.0227799659,0.1444546373,0.0108019613,0.9577260856,0.0091141756,2.6018525162,0.3309884603,0.8848257271,0.1728905151,-2.2287584287006554,-1.6871552399086125,1.4687453347880821,0
284,146.3197610546072,5405,22,36.93964479604932,0.3294,0.0554088441,0.4654250837,3.675400582,0.6358804217,0.331,0.0531366164,0.3542847299,2.8690535232,0.0799233566,0.3396,0.0492325096,0.4363122953,2.6809210275,0.0320214257,0.02845,0.0093993351,0.4641571791,3.1530377958,0.21771202,0.5933974359,0.1039338226,0.8175886328,4.5042219838,-1.3569971487,0.0693589744,0.0579475834,0.8510922903,3.1629576377,0.9791103272,0.3372435897,0.0584996572,0.586003975,4.0648546363,0.9917153637,0.0355128205,0.0098900929,0.0631503656,2.9635890496,-0.2418377654,0.4911259283,0.2979943112,0.0023412709,0.0014396679,0.9179361208,0.0263293535,2.5896567716,0.5846614503,0.1435474541,0.3953102926,6.0826e-06,0.0001178491,0.0001717786,0.0001136938,0.7166655224,0.1038282455,2.908188172,0.5823228232,0.0257443303,0.4509490877,0.4919675,0.053337464,0.0673865445,0.0107440682,0.6116110653,0.1211225596,2.779171832,0.4289285376,0.0007684614,0.2861907157,0.4547151171,0.275977087,0.0170824452,0.0102081123,0.9703603076,0.0109142558,2.3052376582,0.1159990616,0.680687715,0.0801939035,-0.0009866479,0.0006034448,0.0002732961,0.0001644859,0.8643782757,0.0250930477,4.8446020001,1.3555486697,1.3049921598,0.3096305338,0.1218316532,0.0212057293,0.1168932223,0.0163631214,0.8932227513,0.0233348002,4.2917053907,1.0696269354,1.2994268564,0.2871391412,6.942258997842825,-5.115060399873492,-9.791094562796852,4
285,435.3668600621219,15955,4,36.647254220781534,0.2858,0.0607401021,0.56947063,2.4932461902,-0.1093745637,0.3694,0.0512751402,0.4305164236,2.9784388808,0.3873811524,0.3448,0.0449495273,0.4342377376,3.4310490216,0.4886358573,0.03315,0.0089904116,0.1174262778,3.0079868798,0.4075759767,0.6,0.1088609628,0.8377718463,3.7292575456,-1.0524420558,0.110141844,0.0780319612,0.8884459813,3.3717511494,0.9702666653,0.289858156,0.0448517782,0.3498795747,3.5141115311,0.6217302156,0.0332269504,0.0094930873,0.0684631958,3.1297009541,0.1854900653,0.4994621826,0.3034704976,0.0005827072,0.0003384533,0.9248820904,0.0350924625,2.5122351829,0.6108086139,-0.2241636845,0.3154850124,7.787e-07,1.18451e-05,3.02177e-05,1.90053e-05,0.6571143922,0.1126827092,2.7720215338,0.5942554158,-0.0076093853,0.3446427916,0.4955225,0.0376703513,0.0632970033,0.0106265471,0.5931398898,0.1391975593,2.7588387318,0.4022503627,-0.134491291,0.276188752,0.463139605,0.3015732375,0.0167371024,0.0118678377,0.9852552325,0.0241510267,2.0618560553,0.1402199745,0.4924204799,0.1820493283,-0.0002300444,0.0001547858,7.199e-05,4.79789e-05,0.8140248089,0.4188345819,3.6012550409,1.3596709877,1.0305834411,0.4442876907,0.1560297433,0.0914781251,0.105842367,0.0284531242,0.7869791442,0.4863345092,3.9312064945,1.6492239358,1.1173254281,0.5859335583,11.124622245866536,20.039763763436863,-21.95261035371362,2
287,454.0522580638317,17092,8,37.64324413424053,0.3165,0.0527043641,0.6585476506,2.785277617,-0.3831005693,0.31,0.0418449519,0.3025482625,3.606937832,0.2176182454,0.3735,0.0516502662,0.3860528882,3.483145671,0.8300185203,0.035,0.0078102497,0.0658436214,3.9774254233,0.3620715047,0.4906764706,0.1162881109,0.8995697124,2.4175270534,-0.3328269098,0.0771176471,0.0664980162,0.8615377625,3.8591247423,1.1978348438,0.4322058824,0.0631267536,0.6467322393,2.5977480629,-0.1772079024,0.0356764706,0.0109805191,0.1426382556,3.5343049049,-0.0189936329,0.4941385949,0.3011254005,0.0009904873,0.0008399656,0.9197256155,0.0544798158,2.5825442091,0.5814803127,-0.0007970267,0.4736772017,2.3283e-06,2.13534e-05,3.00072e-05,1.82062e-05,0.4490556045,0.1724451193,2.8005183571,0.4160823034,-0.0068516459,0.2622778664,0.4994075,0.0252980744,0.0466318739,0.006856545,0.3590371954,0.1818590963,2.9258173078,0.5471170712,-0.0391957625,0.2384734462,0.4551890779,0.2876533694,0.0182925628,0.0107489521,0.9892548048,0.0048245141,2.2681049981,0.1781736403,0.6574259843,0.1672246914,-0.0002995935,0.000178113,0.0001016943,5.98776e-05,0.9426867516,0.0201955233,3.1868751961,0.602099689,0.9731641674,0.2439080622,0.1359083726,0.0397595592,0.1126384596,0.0124159307,0.9391463692,0.0166743645,3.5592749153,0.619348793,1.1475602203,0.2321428774,-0.7285182949024851,-1.7329753126620329,-3.5079752247746754,0
289,112.01136667195962,4183,64,37.34442426946257,0.23055,0.0336221281,0.1133288524,3.1178280969,0.3277817469,0.2374,0.0339151883,0.0784529916,2.4566477249,-0.0574985169,0.53205,0.0440856836,0.1035162861,2.6940721945,0.3352467244,0.0396,0.0098914104,0.0498774447,3.8141939482,0.359041912,0.4257352941,0.0695905288,0.8501751404,2.4107366068,-0.2349427927,0.0930882353,0.0452609218,0.8464673802,2.3133525064,-0.0571522506,0.4811764706,0.0384642466,0.3919148688,2.6606168454,0.0482746119,0.0442647059,0.0072894316,0.2581115011,2.1352041438,0.1992299668,0.4956971577,0.3001575493,0.00316723,0.0025987417,0.9328081983,0.0385504946,2.3130912855,0.4388434252,-0.0873877193,0.4147331005,-8.4217e-06,8.01794e-05,8.66013e-05,5.69179e-05,0.3544513229,0.1726682415,2.7562712329,0.4498662386,-0.0539183642,0.2206241493,0.5023275,0.0264303967,0.0412988493,0.0040877158,0.271009421,0.1484321813,2.7504731417,0.3626449852,-0.0893716818,0.192012592,0.4402065554,0.2664907843,0.0227294154,0.0139881166,0.9696455891,0.0075643695,2.3873690378,0.2818137602,0.7728949982,0.179319047,-0.0009612142,0.0005992529,0.0003921203,0.0002410034,0.9469236042,0.0161891605,2.4691942351,0.3220095493,0.7623740107,0.1931579338,0.1446130469,0.0239935963,0.1399553842,0.0117542916,0.9356764238,0.0161777107,2.9020510909,0.4740736602,1.0006702141,0.2204474029,1.2829912051412866,-2.851629580519995,-0.17374392081486517,0
29,843.5098513728734,30897,60,36.629092060647416,0.2657,0.0306840349,-0.0072392751,2.8155732126,-0.2547658629,0.2246,0.0307545119,0.1340749623,2.7695453082,-0.1830573728,0.5097,0.0371269444,0.0576699245,2.9090825084,0.0131036817,0.03855,0.0102052682,0.0060919533,2.3030118088,-0.155392818,0.4199015748,0.1014457021,0.8978642692,1.9152255976,0.0041386339,0.0863582677,0.0704305208,0.931027791,2.7249987392,0.8927396103,0.4937401575,0.0498046123,0.5460568949,2.4808612989,-0.3119805619,0.0449606299,0.0124466746,0.2078771457,2.7556857607,0.166705424,0.5021713613,0.3043827455,0.0006577053,0.000472681,0.9559848931,0.0283363503,2.5478500187,0.7143697607,0.0349893392,0.5836785584,-2.5554e-06,9.2536e-06,1.30049e-05,8.091e-06,0.0160061857,0.087341647,2.9838351099,0.3829304105,-0.0315159797,0.2822918617,0.4976025,0.0175183652,0.0351521864,0.0027377302,-0.0100947027,0.1140774661,2.9991417797,0.5680808859,0.0454267514,0.2581561047,0.4591282605,0.3106424933,0.017524469,0.0119614882,0.9931532692,0.0031998933,2.2362545072,0.1982616613,0.6263071024,0.2201456912,-0.0001384053,9.87278e-05,6.01956e-05,4.06796e-05,0.9394183238,0.0809636719,2.3910706027,0.1727324621,0.6230545466,0.2931930493,0.1882015264,0.0956247672,0.1301971863,0.0307661584,0.9244419689,0.1090077323,2.6448745904,0.2292850177,0.7998750597,0.3610202987,-2.6463442802474813,5.131861577130539,-2.2355245154057193,0
292,111.54015257921137,4134,45,37.06288636340352,0.2523,0.0301116257,0.2979588642,2.7966129889,0.3002117156,0.21885,0.0360753032,0.2971977776,2.7902809235,0.1659807609,0.52885,0.0356149898,0.0515734392,2.9828932148,0.3552591965,0.04255,0.009810581,0.0578035238,4.0014701341,0.501327307,0.4200757576,0.1059033737,0.8806988299,2.0361513175,-0.0775919202,0.0925,0.0856802106,0.894528121,2.6993654738,0.8799323813,0.4874242424,0.0464842954,0.5118669526,2.6575861267,-0.3421017886,0.0471212121,0.0141437588,0.3555743846,2.1761986718,0.0232985404,0.4967494146,0.301267678,0.0024870576,0.0021866188,0.9476148939,0.0334489393,2.432826526,0.5725388888,-0.0579784663,0.4712182206,1.99877e-05,3.98202e-05,5.34801e-05,3.60737e-05,0.2739918251,0.1933472773,2.8475498885,0.4145538325,0.0929832387,0.2175003659,0.511555,0.0211069532,0.0404866058,0.0048180129,0.2193959333,0.1489989197,2.8158770595,0.3040101607,0.0684085886,0.2222365176,0.447371716,0.2722212642,0.0220451308,0.0136841683,0.9788225559,0.006005512,2.2138838921,0.2052335465,0.6659702333,0.146917918,-0.0005881255,0.0003523107,0.0002766227,0.0001712597,0.959574588,0.0082407518,2.2814443249,0.2824384029,0.6669437365,0.1642059509,0.1607397681,0.0262267875,0.1485177902,0.0111212618,0.948761181,0.010337486,2.5893826096,0.402913114,0.8702842049,0.2024462255,-1.4942473862337953,-1.6465432946209988,3.0250237778868563,0
294,179.83780177377,6536,36,36.34386060958458,0.2419,0.0417658952,0.445481083,2.8878687344,0.3652082792,0.2442,0.0461178924,0.6436066538,2.3119941445,0.0487068629,0.5139,0.0352319457,0.0624677037,3.3454366348,0.0404176594,0.03705,0.0104425811,-0.0251882621,3.2317266148,0.212509713,0.4693956044,0.112532865,0.8851206911,2.0468876538,-0.1890055178,0.0714835165,0.0628686687,0.8949400897,3.3041614874,1.0457741098,0.4591208791,0.0622410831,0.6204434431,2.660728203,-0.3213013716,0.0467032967,0.0152492079,0.387984228,2.9407565237,0.6098608786,0.4958650546,0.3015088246,0.0018885968,0.0013498595,0.9528862891,0.0270478739,2.3414076086,0.4110762586,-0.0754891833,0.460462857,1.99192e-05,4.33773e-05,4.31909e-05,2.60649e-05,0.2789302363,0.1805639407,3.0565129267,0.5238342697,-0.1132940518,0.2754695868,0.510995,0.0223794152,0.0392637219,0.0050775875,0.2196989448,0.1436406379,2.9191870326,0.5188455012,-0.0813123991,0.2629022325,0.4405349914,0.2681432153,0.0284077332,0.0168291233,0.9850785854,0.0055156133,2.0594365977,0.1102336991,0.5654586056,0.0922042477,-0.0006285277,0.0003758466,0.0002853115,0.0001691135,0.9666693743,0.0136680925,2.1987123526,0.2317207825,0.6151403321,0.125093388,0.1590640934,0.0128943757,0.1478514578,0.0076575273,0.9533324169,0.0140736489,2.5090938681,0.2695041376,0.848200452,0.1217191722,-1.697130307431746,-1.757981457869268,3.0104037062839137,0
295,584.1439900595782,22160,69,37.93585207945022,0.2513,0.0321606903,0.1726870205,3.0764013453,-0.2966711562,0.2341,0.0321588246,0.1560715934,2.4649475993,0.2084602864,0.5146,0.036685692,0.0903339662,2.9833340261,-0.3185426273,0.0383,0.0087241045,0.1303359179,2.8060686079,0.2343011581,0.3928354978,0.073720478,0.773750406,2.3561436704,-0.1414759012,0.0867532468,0.0647143218,0.8976427036,2.5862855272,0.7624082788,0.5204112554,0.03627313,0.0533793243,2.6719607039,-0.1232574155,0.0433333333,0.0120664347,0.1514108741,3.0408798514,0.3803549028,0.5006723544,0.3041507463,0.0005819405,0.0004856969,0.9464254365,0.056186926,2.5240004705,0.6026278319,0.0090264617,0.5638660063,-1.0312e-06,6.5793e-06,9.8373e-06,5.9403e-06,0.0163109926,0.1012061632,2.9993864422,0.7777289763,0.0365813086,0.3365909317,0.49688,0.0127759872,0.0342715195,0.0023564172,-0.0172004205,0.0775565109,3.0492130371,0.6080255147,-0.0152878759,0.2939491428,0.4555106648,0.3199949272,0.0206000974,0.0171345006,0.947649892,0.1162679402,2.111782271,0.2822430929,0.50609035,0.2678443175,-0.000106875,8.24322e-05,5.29992e-05,3.92068e-05,0.8862226401,0.2129326597,2.1194519518,0.3148332678,0.555752154,0.2062632269,0.2141587868,0.1071665167,0.1306980993,0.0398544358,0.8357355059,0.3271647987,2.3003763089,0.3848443881,0.4872685038,0.6035720963,12.11063004822595,22.00510368189062,1.361635357388541,2
298,246.11028545624205,8592,8,34.91117806828777,0.23085,0.0497697448,0.5143566121,2.6366295843,0.1599736496,0.2519,0.0595725608,0.7118584479,2.7449695915,0.0687598668,0.51725,0.0428215775,0.2758789823,2.9136409862,-0.5115170597,0.0373,0.0118831814,0.2820437726,3.1405530732,0.2464112486,0.5763043478,0.1608394018,0.9135858089,2.0644607295,-0.4910529789,0.0968115942,0.0966390678,0.9060953758,3.4808215861,1.2381484336,0.326884058,0.0796327688,0.7539995127,1.9986060146,0.0442375582,0.0363768116,0.0107973446,0.2943216397,2.2361758231,0.1003829153,0.496826888,0.3014789577,0.0027959462,0.001875255,0.9252656152,0.0384579838,2.3928562358,0.4210143802,0.0546902216,0.3721282588,2.65e-06,0.0001128405,0.0001146366,7.17063e-05,0.521576355,0.1691396153,2.6281352746,0.2814738665,-0.0109263966,0.2480157052,0.498035,0.0430715657,0.0515490282,0.0068903334,0.41743208,0.1749971635,2.6771167078,0.2914804706,0.0229172407,0.2446056854,0.4412009516,0.2670075391,0.0240361077,0.0148401827,0.9660823928,0.0237047472,2.2000523223,0.2033012184,0.6430914408,0.1395686054,-0.0010057274,0.0006311415,0.0004391013,0.0002676167,0.9396817742,0.0332877115,2.2579656326,0.2742098106,0.6285102327,0.1535743989,0.1587000947,0.0234443262,0.1434527087,0.0167650748,0.9260559375,0.0258829987,2.5177893997,0.3436857899,0.8189840588,0.1814843698,4.9866152253240585,-2.745249401816999,0.37550601712371695,4
3,486.6234913378517,17930,55,36.845734575422725,0.24195,0.032248217,0.3067342076,2.8735887271,0.0749972657,0.2401,0.0385161005,0.2584103036,2.8080555925,-0.2596342731,0.51795,0.0353701498,0.1342577087,2.722294496,0.0529112121,0.0335,0.0099121138,-0.0286842173,3.269331624,0.2187161059,0.4706535948,0.1528965356,0.9524544992,1.7301572069,-0.0367239665,0.0826797386,0.0746013942,0.9173366419,3.2243659249,1.0750783898,0.4466666667,0.0923300417,0.8800010503,1.820676209,-0.3541038259,0.044379085,0.0103582915,0.1119611538,2.7273353665,0.0293485032,0.4907955464,0.2989845951,0.0014543387,0.0009968306,0.9358909979,0.049220383,2.300237797,0.4467327766,-0.0684105166,0.4071616794,4.4079e-06,2.11965e-05,3.05489e-05,1.90541e-05,0.1192991532,0.134340364,2.9986414394,0.5847355883,0.0129044514,0.1849756715,0.5011625,0.0174559007,0.0370965993,0.0029359744,0.082145229,0.1195508617,2.9851447547,0.5570704244,0.0289400144,0.2314767397,0.4398460501,0.2691483534,0.0276499895,0.0172260605,0.9885142108,0.0066312726,2.093826382,0.228058208,0.5391416746,0.1488998694,-0.0004440317,0.0002752721,0.0002145062,0.0001328471,0.9712535271,0.0083957041,2.1154688364,0.2140120617,0.5291106646,0.1498426761,0.1739721529,0.020499043,0.1477928098,0.00751178,0.9600742946,0.005835242,2.3225399706,0.2127012193,0.7393876969,0.144876599,-2.1864099897847704,-1.5352032833029554,3.0985889545288203,0
30,315.2671803409769,11757,52,37.2921786127063,0.24735,0.0305242117,-0.0793901806,2.6485774126,0.2851449609,0.2599,0.0346408718,0.1349227423,3.3843473776,0.4030075055,0.49275,0.0408862752,0.0052625845,2.4113732745,0.0077401376,0.0369,0.0109494292,0.0390565922,3.5893840282,0.7101765651,0.3684482759,0.071179756,0.717763061,2.6686682035,0.0063554938,0.1203448276,0.0842300937,0.9160528482,2.1778417636,0.5646099869,0.5112068966,0.0464591992,0.1861163953,3.0676097167,-0.158951693,0.0415948276,0.0137965378,0.4086887979,2.8759752489,0.3586789687,0.4993319953,0.302847793,0.0008278957,0.0007124642,0.9576409596,0.0392298312,2.2544422457,0.7387994746,-0.0570180007,0.4760824492,-2.8788e-06,1.06298e-05,1.53195e-05,9.6472e-06,0.0691439626,0.1126960153,2.9612706724,0.4222719167,0.0173721277,0.2231633394,0.4943675,0.0141263962,0.0355569029,0.0028616482,0.0724875609,0.0985345273,2.9258051059,0.3441766969,0.0069487957,0.1733993702,0.4621525143,0.292749273,0.0156809721,0.0100674621,0.9892580425,0.0041552928,2.3767759179,0.1398385481,0.7880431835,0.0784103006,-0.0001991242,0.0001240801,8.59706e-05,5.52115e-05,0.9686585158,0.0061119456,2.4038205396,0.1656811149,0.7739387473,0.0887360653,0.1490866524,0.0125800009,0.142780392,0.0061957767,0.9651852367,0.0040826209,2.6611833354,0.2064269026,0.9479566298,0.1005882371,-4.273502798747319,-0.39275211039342595,1.9906452497749796,0
302,113.33761223264165,4079,45,35.98981767524156,0.24135,0.0499692656,0.5892721284,2.1734552889,0.0879920295,0.2346,0.0573047991,0.7003760909,2.5306202513,0.3787504037,0.52405,0.0427942461,0.1732056161,2.9162305484,-0.0521691081,0.0337,0.010668177,0.11136967,3.537103828,0.5321076824,0.4824431818,0.1298644274,0.9365389551,1.8782273842,-0.2875184389,0.0814204545,0.0798612037,0.8967532892,2.9960536646,1.0359488798,0.4361363636,0.0655732037,0.7307136767,2.5525118481,-0.0287998738,0.0403409091,0.0107077779,0.2392044812,3.1750324446,0.3556809246,0.5003480268,0.3037021553,0.002764131,0.0019289046,0.963199479,0.0213601403,2.0413580383,0.3720553734,0.0101903555,0.2950239395,-4.7533e-06,4.76179e-05,5.78326e-05,3.48437e-05,0.3494147978,0.1843702369,2.8261989466,0.4044632258,0.0384964875,0.1919978797,0.4984475,0.0229021477,0.0414254411,0.0055566809,0.2575668784,0.1640440947,2.8746777139,0.3903760547,-0.0550025815,0.1951325486,0.4459484269,0.2705524918,0.0244070415,0.0148351118,0.9816375164,0.0070462324,2.0166751262,0.1192076175,0.5017896239,0.1026724658,-0.0006694522,0.0004098177,0.0003167948,0.0001937518,0.9640395634,0.0083685319,2.0379139128,0.1312675804,0.4859117022,0.1116360037,0.1736822504,0.0193227524,0.1496613746,0.0084533377,0.9515535577,0.0070945965,2.2862578292,0.2525555828,0.7053890958,0.1500063216,-0.5475255467924127,-2.7252112485501323,1.5289362252175143,0
306,161.3765454628462,5919,28,36.67819250327635,0.2265,0.0356686137,0.2940273263,2.9620342498,0.2590162414,0.24755,0.0402274471,0.2580753894,2.7995149755,-0.0533799284,0.52595,0.0386373847,0.2346700209,3.2543472812,0.3156789983,0.0348,0.0095895777,0.2332502534,2.6094372026,-0.121693122,0.3884459459,0.0865437152,0.8524656108,1.9796889505,-0.0228150995,0.0716216216,0.0563058018,0.8390102508,3.4979417474,1.079427975,0.5399324324,0.0484314314,0.486195371,2.29063459,-0.3330697838,0.0497972973,0.0109494906,0.0614252125,2.9858107066,0.2060944879,0.48973196,0.2984764548,0.0021003144,0.0015546364,0.9556462431,0.024021873,2.1856453248,0.3777456263,-0.1930732203,0.4121607037,5.0389e-06,4.61792e-05,4.38995e-05,2.79037e-05,0.236077068,0.1324501172,2.747394366,0.3173329317,-0.1001312622,0.1696211803,0.502625,0.0343329088,0.0387715023,0.0037624941,0.1432712785,0.1221754092,2.8494636979,0.4724611708,-0.0894649921,0.284761145,0.446884828,0.2709945591,0.0268538705,0.016216877,0.9850848478,0.0047021487,2.093261111,0.0878251013,0.5674159994,0.0712128566,-0.0005836881,0.0003573686,0.0002625652,0.0001583344,0.9673798644,0.0081026473,2.1225438034,0.0858629982,0.5614833469,0.0646205692,0.1628889035,0.0149491812,0.1445921396,0.0077468197,0.9558895953,0.0093174826,2.3926709756,0.1934266642,0.781688978,0.1071668634,-1.793311446680229,-2.222877212292588,2.7641104633840317,0
307,441.6710011522288,16155,68,36.57699952646863,0.23555,0.0348847746,0.3843588371,2.8237201515,0.1402875832,0.24125,0.0363825164,0.4287714048,3.5668732109,-0.3086547869,0.5232,0.0370102688,0.2986800052,2.5218604387,-0.1568189142,0.0378,0.0113428392,0.2707286315,2.834467582,0.3459054996,0.44328125,0.112079836,0.9141648148,1.8753868179,-0.1028878791,0.1017708333,0.0785147915,0.915618325,2.1472887608,0.641354848,0.4549479167,0.0492786232,0.5169617571,2.3279034916,-0.314713476,0.03734375,0.0116581768,0.1597531131,3.6267360048,0.4365057068,0.5001351134,0.3031219901,0.0014523503,0.0009279631,0.9353412624,0.0504309453,2.2511820809,0.3941590043,-0.1253246945,0.3428037368,5.2409e-06,3.2723e-05,3.57765e-05,2.08153e-05,0.1730523935,0.1036421645,3.0693872301,0.5585514708,-0.0276068993,0.3361373952,0.5071,0.0216097952,0.0374499713,0.0023888067,0.1314895677,0.0967244826,3.0433008693,0.5420484484,-0.0334310555,0.2840663526,0.4409735202,0.2711562928,0.0213276056,0.0134120531,0.9845660032,0.005522387,2.2951281896,0.2052567214,0.7032860899,0.1298327074,-0.0004195388,0.0002449451,0.000192015,0.0001207619,0.9649412457,0.0078350605,2.3772450236,0.2179810773,0.7231145414,0.1365739967,0.1589182838,0.022870924,0.145596435,0.0085835477,0.9566683588,0.0056747547,2.6243039552,0.2250782678,0.9070874697,0.1352668159,-2.533099167019876,-1.34575835377621,2.3401566732279844,0
309,185.94205931980696,6699,6,36.027351877813736,0.2366,0.0308292069,0.2178460324,3.0688446216,0.1124963982,0.28985,0.0324611691,0.14286212,2.3351499677,0.4257516236,0.47355,0.0349663767,-0.0840866351,2.4685501678,0.0606484458,0.03225,0.0096533673,-0.0647582946,2.1234624379,-0.0574230669,0.429,0.0951393715,0.8536578181,1.9474632519,-0.0669749529,0.0915625,0.0733083972,0.917483797,2.4781607075,0.8059985612,0.4794375,0.0458052518,0.366355223,2.2159226794,-0.0865088518,0.041625,0.0128397576,0.0578299391,2.9493583935,-0.0702043978,0.4951183966,0.3007918176,0.0020342491,0.0016505985,0.9415288311,0.0446674538,2.4784752406,0.5580055812,0.0669394833,0.4403466231,1.37032e-05,2.6051e-05,4.55642e-05,2.9716e-05,0.2496816751,0.1401286157,2.9492593825,0.339291744,-0.0171748822,0.2247431223,0.5051675,0.0181706995,0.0390511193,0.0037643334,0.1847067469,0.1465274523,2.8514706407,0.3755483505,-0.0473049737,0.2033994853,0.4420092697,0.2683998668,0.0247745958,0.0151311639,0.9817053007,0.0065887989,2.2090008774,0.1588050448,0.6822635627,0.1209465077,-0.0006107829,0.0003711177,0.0002781187,0.0001701237,0.9644797742,0.0112530101,2.2528306771,0.1949273043,0.6889480829,0.131440708,0.1508424158,0.0173549308,0.1485533245,0.0102643013,0.9520010907,0.0100592988,2.6772705563,0.2963747067,0.9477296721,0.1437526422,-1.7403113452926773,-1.436314220561354,3.0299995220662734,0
312,431.8110402362395,16118,9,37.32651205763985,0.26165,0.0322881944,0.0035988178,2.6742743562,-0.0472724405,0.25655,0.0322389128,-0.122789438,3.1425992122,0.0674345964,0.4818,0.0350893146,0.0601090004,2.6519792465,-0.2852656275,0.035,0.0103198837,-0.0093896714,3.5343516498,0.3753181278,0.4002227723,0.0809600493,0.8300295831,2.1306754801,-0.089560884,0.0878960396,0.0681520874,0.921039239,2.4366149504,0.765775393,0.5118811881,0.0394727095,0.2468368606,3.0483824365,-0.0529702204,0.0457425743,0.0114944269,0.150058373,3.3345406794,0.2288762946,0.4947939145,0.3006240487,0.0007979126,0.0007586422,0.9550870575,0.0304911016,2.304988121,0.7023550151,-0.1761055228,0.3772716219,1.617e-06,1.0392e-05,1.30835e-05,7.9589e-06,0.0543424321,0.1233824153,2.8969509161,0.4508491154,-0.0538653813,0.192898921,0.506055,0.0215389931,0.0358355349,0.0025832518,0.0451966658,0.0848340134,2.9216227301,0.3851131224,-0.0002631914,0.2311798045,0.4575672931,0.2982406462,0.0197968927,0.0120508045,0.9934690952,0.0031958579,2.0521926879,0.174773378,0.5137190126,0.1680609964,-0.0001611134,9.9832e-05,7.82306e-05,4.75098e-05,0.9630998118,0.0325312317,2.0804912017,0.1512393884,0.4961839821,0.1856040466,0.1924817511,0.0625066976,0.1403171554,0.0207407684,0.9454007696,0.0553752107,2.3230532384,0.246962802,0.6978735153,0.2237256047,-3.52097691384435,2.168557425881186,0.9654099723749251,0
315,172.1495446808034,6243,60,36.26498119164741,0.25065,0.030867904,0.1220333043,4.351180099,0.1620255721,0.2851,0.0367013624,0.3230571634,2.9679420548,0.0386031999,0.46425,0.0407024262,0.2420676101,2.7688934508,-0.2975741353,0.0382,0.0106188512,0.0687712147,2.5543069686,0.0498888551,0.4716470588,0.1107604416,0.9140417019,1.899163224,-0.1670998997,0.0917647059,0.0805375538,0.901230256,2.8606455416,0.9205181768,0.4365882353,0.049824467,0.4859310204,2.8067393134,-0.0279991635,0.0414117647,0.0114175243,0.0314837531,3.4916713931,0.1607052133,0.4930572755,0.2991618432,0.0012573429,0.0008513718,0.932498082,0.049394388,2.5168092516,0.7757560396,0.1132245387,0.4438502959,-2.6748e-06,2.35614e-05,3.00523e-05,1.81608e-05,0.1759083446,0.1209355639,2.8345252234,0.3234600535,-0.0367653682,0.2088364433,0.5026425,0.0197582026,0.0376115196,0.0031251744,0.109896364,0.1206438357,2.7381581202,0.3026187479,-0.0546750656,0.2002142566,0.4456746736,0.2708334493,0.0255712951,0.0154407048,0.9877325675,0.006635355,1.9810769899,0.1503046987,0.4436010407,0.1106652374,-0.0004868329,0.0002951447,0.0002357265,0.0001420848,0.9715265288,0.010102074,2.0177880525,0.2012265642,0.4446064934,0.1311909311,0.1786197044,0.0165755119,0.1459362736,0.0095898866,0.9567020174,0.0094741707,2.2184759925,0.1983218173,0.6457718413,0.1234222922,-2.100879655537288,-1.3445473974227677,2.425214896704935,0
316,132.91150041647737,4908,28,36.926827134001286,0.2374,0.0418537931,0.2019499604,2.463329643,0.1441842035,0.2701,0.0392172156,0.2386830914,2.4736418908,0.0175095747,0.4925,0.0434309797,0.3233626264,2.2283937199,-0.0574023834,0.033,0.0133229126,0.1908035614,3.0679785757,0.3977051948,0.5488202247,0.140186518,0.9080560836,2.896660201,-0.7661748937,0.1081460674,0.088905271,0.8777970041,3.7020638258,1.1819235671,0.3430337079,0.0614141311,0.6613661878,3.1695769416,0.1237023339,0.0411235955,0.0110604267,0.1817879945,3.2624053076,0.2256552222,0.4901647691,0.2983129665,0.0024876373,0.0021883756,0.9161251441,0.0618195762,2.3335101013,0.5406591341,-0.0118616039,0.2759398025,1.71372e-05,5.27991e-05,8.22207e-05,5.42643e-05,0.4812418366,0.187760738,2.6921675401,0.4577076244,-0.0599222624,0.2960681205,0.505435,0.0224113147,0.047772145,0.0077615021,0.4062811341,0.1788828454,2.8190337913,0.4666037208,-0.1188714334,0.3014726167,0.4395042932,0.2669097184,0.0245452071,0.0148329115,0.9764789132,0.0078040864,2.3397115352,0.1452461982,0.7336272649,0.0891094233,-0.0007763177,0.000472744,0.000320049,0.000193608,0.9411432166,0.0418487252,2.7400069916,0.510444666,0.8752814181,0.1815124209,0.1450674054,0.017539466,0.1406905699,0.0145611313,0.9380582761,0.0320979625,3.0105229494,0.4848673304,1.0478619624,0.1638161739,2.121148630257709,-2.7118885455864645,-1.4862832582463386,0
317,1148.2396694797371,41462,4,36.10918617607617,0.2455,0.031004032,-0.0281779181,3.0529976106,0.2243258716,0.24215,0.0273336331,0.0396043404,3.1990689345,0.0390437084,0.51235,0.0347955098,0.0076733318,3.1444746129,-0.3795552147,0.03635,0.0112662105,-0.0323315427,2.9353000715,0.134429604,0.3828353659,0.0810988389,0.8426950628,2.1294244383,-0.1224317192,0.0965091463,0.0734064024,0.9041414475,2.6965432574,0.7911026419,0.5206554878,0.0383455116,0.1418363302,3.2787846401,0.1912781325,0.0433841463,0.013170273,0.274062715,2.9396050909,0.2471346107,0.4993240384,0.3039780023,0.000365628,0.0002856892,0.9502838766,0.0352466335,2.3880646148,0.376114827,-0.0105704263,0.4814282979,-6.121e-07,2.6106e-06,6.9383e-06,4.1987e-06,0.0407641094,0.1157040624,3.0684815132,0.4672547697,-0.0040504366,0.2255699559,0.4975275,0.0119133379,0.0360633641,0.0030381559,0.0374888618,0.12891246,2.8879961217,0.4930828432,0.0628299145,0.2078516756,0.4671217183,0.3314588878,0.0142413497,0.0118980237,0.9885230962,0.0157824713,2.1336038273,0.1486305248,0.540217878,0.2305246313,-5.86569e-05,5.15966e-05,3.00563e-05,2.28553e-05,0.9112784309,0.1342023073,2.0939562686,0.0606756789,0.4518318543,0.186230681,0.2510454516,0.1082201292,0.1370931727,0.0476558733,0.8516383047,0.2628360602,2.0923286213,0.2414183932,0.4624726224,0.1301569163,0.28841874151899194,11.928347277387584,-4.076484089734503,2
319,541.8406762551973,19611,36,36.19329603590626,0.25395,0.036015934,0.2348104997,2.5927145256,0.0103476705,0.2662,0.0371626156,0.2782395752,3.1122701768,0.3100697026,0.47985,0.0398400238,0.1193150928,2.6227964211,0.2687270814,0.0372,0.0095739229,-0.0278644236,3.2681546736,0.4978612087,0.5577061856,0.1242649367,0.88615828,2.7004712083,-0.7107520398,0.0663402062,0.0538158154,0.8608040676,4.3399840478,1.3113139217,0.3759536082,0.0779736468,0.7617101394,2.4521076872,0.4178286304,0.0351030928,0.011340089,0.0881853306,4.2783062064,0.568318139,0.4971189177,0.3027706359,0.0007753722,0.0005625707,0.9384010983,0.0388529092,2.3151620906,0.4626435575,0.2688902828,0.2778749608,-7.5665e-06,1.41235e-05,2.14018e-05,1.35766e-05,0.3678177989,0.1681037232,2.814241026,0.5760649714,0.1193511806,0.3256034504,0.48242,0.0253608083,0.0429862553,0.005516326,0.2986734158,0.162874758,2.7422070396,0.5151391239,0.1122637824,0.2884536555,0.457862014,0.2990743315,0.0198135842,0.0123117983,0.9923606606,0.0031354518,2.1687063848,0.1891931468,0.5899444034,0.1842176278,-0.0002074349,0.0001298757,7.97736e-05,4.66405e-05,0.9519571746,0.0254110429,2.8444050661,0.3637505587,0.845397163,0.2108781013,0.1597408922,0.0731654812,0.1235015663,0.0182344672,0.9470955346,0.0337640225,3.1484522995,0.4953309958,1.047587658,0.2515128906,-1.7691771562659517,-0.47100785965661557,-3.9115313189052525,0
320,359.7663009338027,12798,34,35.573092773786065,0.24725,0.0307601609,0.0998347865,2.6323793551,0.1170969878,0.24135,0.0280611386,0.1349648216,2.7441839396,0.0335899928,0.5114,0.0351715794,-0.0823858745,2.9624296064,0.3262382951,0.0374,0.0098610344,0.0790513509,3.254800321,0.4052072923,0.4166326531,0.0829641412,0.8083963829,2.0547988053,-0.1910481859,0.0902040816,0.0662860159,0.8991026687,2.3039286218,0.7137821726,0.4931632653,0.0386070454,0.1267121597,3.7536151703,-0.3157339124,0.0442857143,0.0128173989,0.1258345992,3.6644226689,0.624082371,0.4986438361,0.3029227609,0.0010493381,0.0007434314,0.9435842607,0.0407673727,2.6113198152,0.5569153094,-0.0131640831,0.5785375602,3.5614e-06,1.758e-05,2.3056e-05,1.42025e-05,0.1123159834,0.1794933918,2.8467640713,0.4766258037,-0.0114574521,0.2293835248,0.5030275,0.0224191686,0.0373865738,0.0027058683,0.0895589853,0.1457834247,2.9553836898,0.4751824951,-0.0566597043,0.2305157891,0.450627662,0.2816448162,0.0220072533,0.0135068476,0.988726972,0.0041983399,2.2859979108,0.2007847496,0.7244610737,0.121152382,-0.0002968568,0.0001797374,0.0001382406,8.50727e-05,0.9695225322,0.008540028,2.2155158355,0.2400173319,0.6623285791,0.142288955,0.1692030057,0.017021973,0.1518488205,0.0067416678,0.9648359421,0.0058361136,2.2903211801,0.2135425967,0.7549618283,0.149681275,-3.7747232240191706,-0.4902579756399264,2.718117034568258,0
323,550.0299117898276,19848,54,36.08531022506306,0.23755,0.0342234934,0.1186504566,3.2388810349,0.4951984727,0.27575,0.0316415471,-0.1222650483,2.4129657607,-0.0627177669,0.4867,0.0392506051,-0.0072484146,2.9392866875,-0.0205395498,0.03285,0.0080391231,-0.0070765964,2.7892852877,-0.2780573329,0.3853846154,0.0847933734,0.8471372494,2.1930996286,-0.2815941623,0.0907371795,0.0761825668,0.9218755416,2.331660402,0.7742594407,0.5238782051,0.036336981,0.1553961285,3.0787559893,-0.2626654493,0.0505128205,0.0140646343,0.2252814454,3.0578216734,0.2165881181,0.4988084206,0.3028134654,0.0007805538,0.0006071751,0.9474380742,0.0306257716,2.3033876116,0.4364010304,0.1175085668,0.4477356792,3.477e-07,1.0147e-05,1.59732e-05,9.7706e-06,0.0269007283,0.1235707532,2.8981228362,0.3239114026,0.0196181509,0.2241828824,0.5007925,0.017882046,0.0371433263,0.0024576795,0.0363937935,0.0697779319,2.8797428872,0.382808725,-0.0106573075,0.1665101176,0.4663080571,0.302316755,0.0132229579,0.0091725414,0.9858228064,0.0140007833,2.3255115488,0.1874255186,0.6805192939,0.2404546378,-0.0001491609,0.0001078908,6.56965e-05,4.33315e-05,0.8897021513,0.2401823012,2.3251450566,0.3229548218,0.6801067405,0.1974511943,0.1885129225,0.0989133614,0.1357724571,0.0333296238,0.8688065729,0.298605416,2.500984226,0.3319011906,0.8042711119,0.2936850736,2.153703809355549,13.866109824346031,-6.909858454997128,2
324,105.0146098864728,3907,15,37.20434713059169,0.2645,0.0515727641,0.6161372542,2.6728828056,0.1403707621,0.22255,0.0392841889,0.4516596116,2.1885503586,0.135980115,0.51295,0.0397309388,0.1801741796,3.1886959728,-0.2646734004,0.03815,0.0109693892,0.0888990586,3.3023711914,0.6632218562,0.4728846154,0.1206685948,0.9675542426,2.0325482556,0.1241961269,0.1026923077,0.0745206576,0.9164145156,2.2389486631,0.5921513976,0.4244230769,0.0578513833,0.8235529426,2.4766174393,-0.5906844155,0.0380769231,0.00971487,0.3431570692,2.669399377,0.4390622688,0.4981643543,0.3011157285,0.002594255,0.0017028164,0.9300032842,0.0496405855,2.3530586814,0.4173377429,-0.0673528072,0.4394009039,-6.811e-06,9.38716e-05,7.87732e-05,4.90938e-05,0.3456585611,0.1641904892,2.9291021324,0.4873405688,0.044333457,0.2262910249,0.501045,0.0327095128,0.0428168862,0.0048769877,0.2870398604,0.171686953,2.9345799781,0.3603619666,0.0075453018,0.2189886275,0.44511898,0.270225188,0.022255048,0.0133349186,0.9680106735,0.0175042122,2.305757231,0.2601136534,0.7191004686,0.1629099262,-0.0009526288,0.0005866818,0.0004076705,0.0002440778,0.951684227,0.0201542344,2.3293471314,0.2901974898,0.7150660711,0.1767223636,0.1437268233,0.0266522029,0.1423250047,0.0138553482,0.9394416966,0.0261204557,2.773499332,0.4792057606,0.9817680472,0.2229772926,2.354164860705159,-2.1048152854843285,0.8248881034074189,0
327,951.244259169614,35678,51,37.50666525035852,0.26295,0.0333173753,0.2531164479,2.8450741103,-0.0319285887,0.24515,0.0369015921,0.1854837807,2.9139228472,0.1481787498,0.4919,0.0397604074,-0.025231689,2.8800338828,-0.339349468,0.035,0.0116404467,-0.0018484288,2.3903541618,0.095100394,0.4775619835,0.0936520633,0.8391858557,2.8473527206,-0.7251790287,0.0761157025,0.0577379647,0.8673680667,3.6431867894,1.1286894305,0.446322314,0.0482151197,0.4468942639,2.961339531,0.3483993158,0.046446281,0.0126937548,0.1908168439,2.9636311729,0.3365401976,0.4990522451,0.3027974877,0.0005200536,0.0005004601,0.9311978291,0.0467991834,2.4518043099,0.6220689704,0.0667040514,0.4151878041,1.8313e-06,6.2285e-06,9.4262e-06,5.7385e-06,0.1215863142,0.1459041521,2.769669745,0.2868612469,0.1134531785,0.1828520867,0.50414,0.0225304106,0.0394992223,0.0041173343,0.1655327522,0.1794268952,2.7824613696,0.3013191775,0.0213334034,0.1968266049,0.4532534919,0.3108525628,0.019549376,0.0131474994,0.9951054843,0.0023934116,2.2621194895,0.3259302829,0.6108044532,0.2077888042,-0.0001157459,7.24445e-05,4.84317e-05,3.19737e-05,0.9600622708,0.0111165881,2.5179377816,0.2585499548,0.7509107357,0.1703780717,0.1777051245,0.0134655423,0.140163073,0.00801352,0.9606592387,0.0068843751,2.4095124038,0.2442295744,0.7711398119,0.1583522419,-3.741038915135292,-0.53624545458767,-0.030876554418712458,0
328,150.21679129304567,4960,56,33.018945201165565,0.2299,0.037696021,0.437401904,3.7838954328,0.4223563052,0.24255,0.033447683,0.1980670203,2.6487283948,-0.2450927154,0.52755,0.0359339324,0.236500407,2.5674625122,-0.2424239573,0.03815,0.0108548376,0.1765977863,2.7889387345,0.0813325893,0.4907142857,0.141477625,0.9337439551,1.8329636773,0.0117042314,0.0861428571,0.0826272673,0.8962672754,2.6140426134,0.9382113504,0.4231428571,0.0781672722,0.8320532722,2.3937537838,-0.4025492603,0.0418571429,0.0104939244,0.3426720459,2.2178421569,0.0136461164,0.4885915677,0.2962913773,0.0027788616,0.0017610996,0.949286557,0.0330472769,2.171495612,0.4123042532,-0.1896546168,0.354495719,6.2917e-06,5.9677e-05,7.10296e-05,4.03632e-05,0.373003615,0.1408721652,2.839717672,0.6175897126,-0.0411686431,0.2384871855,0.50995,0.0302492066,0.0437477557,0.005611762,0.2861017043,0.1279896554,2.8093102476,0.4446599766,-0.0091007153,0.2135271878,0.4464752271,0.271532282,0.0211379337,0.013062171,0.970794932,0.0121344056,2.4032681403,0.1709051728,0.7964506744,0.0923229433,-0.0007917343,0.0004735523,0.0003328231,0.0002068803,0.9512887331,0.0175572911,2.4625579009,0.1973015919,0.7953701341,0.1012639161,0.1475314179,0.0172041704,0.1417140534,0.0126774912,0.943588016,0.0099332177,2.8002285643,0.3707879134,0.9816557831,0.1646224986,0.9076836400989408,-2.6446763798402357,1.9329872806912265,0
329,398.2058463326183,14995,42,37.65640343581192,0.229,0.0273861279,0.0626210286,2.9349653333,-0.253851148,0.26355,0.0372913864,0.2879928528,3.1719493207,0.0215702484,0.50745,0.0351887411,-0.0151556209,3.41765504,0.427172643,0.04115,0.0096657902,0.0387619893,2.8215084219,0.4206898756,0.3882421875,0.0732519993,0.7753614396,2.0932425533,-0.1262228421,0.07765625,0.0583729172,0.8976167367,2.2428130057,0.6516044573,0.5341015625,0.0368295991,0.0060885282,2.5200063861,-0.1121005253,0.04984375,0.0125613728,0.1516625268,2.9407655221,0.5024341128,0.4978047047,0.3022063878,0.000869062,0.0006975283,0.9443939577,0.0381699433,2.0932855378,0.4349844261,0.0039612864,0.3327930593,-2.1085e-06,7.8096e-06,1.68207e-05,9.9364e-06,0.1047368551,0.1487701323,2.8334930454,0.330411854,-0.0684585042,0.2373867392,0.497225,0.0151781545,0.0364769659,0.0024246564,0.0500436395,0.1198761737,2.933447413,0.3274737678,-0.0034283647,0.2442239019,0.4544984204,0.2902434541,0.018291443,0.0115739594,0.9909797048,0.0027593331,2.3007470902,0.1340663297,0.6934166917,0.084779786,-0.0002438036,0.0001547932,8.78816e-05,5.56125e-05,0.9571909875,0.0057591557,2.9797949314,0.19367505,0.9299965239,0.0715188008,0.148524372,0.0090082007,0.1334232415,0.0058617384,0.957321301,0.0061376983,2.9786331236,0.1798495354,0.9989029845,0.0950348551,-4.267840854601875,-0.615375014421044,1.6105604631987076,0
33,677.5446293317347,25187,12,37.17393498468441,0.2687,0.029271317,0.0585986429,2.5212548489,-0.2648028449,0.23515,0.0293211101,0.2640036037,3.0839004325,-0.0747032071,0.49615,0.0316611355,0.180942967,2.6995861107,0.3822344498,0.03415,0.0096450765,-0.1443372403,3.5277827442,0.2998964007,0.3716438356,0.0782458431,0.8154806216,2.0438693409,-0.0101124841,0.112739726,0.0723261943,0.9110831278,2.0850539718,0.5258533333,0.5156164384,0.0376532959,0.1264710163,2.9597332361,-0.0489583034,0.0426027397,0.0126177447,0.1956491427,2.876664659,0.2861642029,0.4994302935,0.3035765692,0.000467372,0.0003497955,0.9174516233,0.0612750782,2.6438792877,0.5967017587,0.0891435283,0.488632049,-1.12e-07,4.7733e-06,1.09587e-05,6.7209e-06,0.0203290983,0.1021098561,3.0242288537,0.4162829035,0.0467918067,0.2595725916,0.50033,0.0120502842,0.0349129515,0.0023382835,-0.012955715,0.107591972,2.9498648418,0.402989051,-0.0682346485,0.2286682278,0.4619633872,0.311950436,0.0164518486,0.011033637,0.993915015,0.0020596575,2.1629004158,0.161805723,0.5851826945,0.2085075946,-0.0001107062,7.48514e-05,5.15317e-05,3.36107e-05,0.9213396251,0.1337570814,2.3229708681,0.3990013027,0.6033502154,0.1147805567,0.2051660668,0.0920676132,0.1342279395,0.032462341,0.8939053933,0.1919204788,2.4263977811,0.3540711115,0.7254464024,0.1401685841,-1.4769883083017534,8.341251068683418,-3.9388035428010104,0
330,170.54180406788538,6303,12,36.95868021597242,0.25135,0.0359155607,0.083555387,2.6502337804,-0.042963145,0.2553,0.0467109195,0.4905796893,2.1205803751,-0.0479669633,0.49335,0.0452385621,0.4540469106,2.2254117004,0.1820122732,0.0367,0.0130042301,0.3391641384,2.6429790889,0.3376884572,0.4849230769,0.1106953279,0.8971884007,2.2291220756,-0.0274178552,0.0839230769,0.0655831375,0.8089014356,5.1917168293,1.5457858822,0.4311538462,0.0669372222,0.7867007913,2.438227064,-0.2651417914,0.0380769231,0.0110485748,0.2963273833,3.3339922119,0.2436960574,0.4865613406,0.2967142489,0.0038853915,0.0028160681,0.9441831807,0.0302843625,2.3047144882,0.3986239227,0.0137596548,0.4419709142,-1.5548e-06,9.35763e-05,0.0001135414,7.43928e-05,0.4240824375,0.2059099769,2.7728832881,0.3129701139,-0.0374131846,0.2255045877,0.492265,0.0390462966,0.047180692,0.0096870431,0.3333844732,0.2274492744,2.692042205,0.3533582432,-0.0482816549,0.2317217408,0.4286357922,0.2597310042,0.0286275134,0.0175910534,0.9653068335,0.0189541924,2.374731934,0.2906383994,0.7842367649,0.1572275173,-0.0012871038,0.0007911054,0.000544852,0.0003305897,0.9467142639,0.031116968,2.4095362205,0.3796526066,0.7601390199,0.1864246653,0.1441439104,0.0219925075,0.1417865469,0.0133160878,0.9322579295,0.0194199296,2.762593737,0.4716688278,0.9687787873,0.2140359379,5.090350183145092,-4.143561816375706,-0.38204750717050534,4
333,118.22000223285583,4391,58,37.1426147611732,0.2516,0.0367006812,0.0767784539,2.7140302133,0.2516625957,0.2667,0.0352151956,0.2586262585,2.9875647242,-0.0460714679,0.4817,0.0352932005,0.0917146637,2.6015702589,0.2693825031,0.0357,0.009354678,0.0184000704,3.4281795974,0.3553336147,0.4540625,0.1291283125,0.941932083,1.9592339412,-0.1516515765,0.078203125,0.0832746172,0.8673301968,3.6973918604,1.2741809688,0.467734375,0.0677710397,0.8360668448,2.2305344949,-0.5178923104,0.04515625,0.011421223,0.2088595999,2.4485949438,0.3941969102,0.4895633139,0.2979284452,0.0026921434,0.0019392575,0.9300370379,0.050895519,2.8482537935,0.9593622978,0.0446204336,0.6235986815,1.68161e-05,9.25625e-05,8.00335e-05,4.89405e-05,0.293880339,0.172808963,2.9914790195,0.3915548748,-0.0559161783,0.3011827749,0.5018825,0.0308906389,0.0421866314,0.0053009674,0.2115656915,0.1721422765,2.9190493633,0.3513069236,-0.0578780501,0.2878876455,0.437168862,0.2649947435,0.0233610252,0.0144786974,0.9696785838,0.0089871829,2.3684647289,0.2099873337,0.7729496127,0.1227146028,-0.0009519355,0.0005879555,0.0003981505,0.0002457797,0.9501696314,0.0075370789,2.3816560336,0.2229160742,0.7564727862,0.1307213899,0.147686537,0.0230940434,0.1436770684,0.0176170076,0.9411972473,0.0120349949,2.7290845009,0.3659321724,0.9611738519,0.1786245419,1.2068584151116717,-3.264877571807819,2.0485658403702915,0
334,767.3923446014452,28207,6,36.75694734047635,0.25305,0.030568734,0.0310445159,3.7079053791,-0.0595072489,0.2555,0.0315238005,-0.031156654,2.778792168,0.107232545,0.49145,0.0362511724,-0.0640033715,2.7024854737,-0.0257841318,0.03635,0.0112662105,-0.3001457625,2.9442382915,0.4071584141,0.3872424242,0.0829282385,0.8470216886,2.2158248432,0.2437112622,0.1164848485,0.0625717146,0.8923600779,2.4768585136,0.5370437595,0.4962727273,0.040476909,0.3605374448,3.1921430419,-0.4450206439,0.0409090909,0.0103172807,-0.070875979,2.4358477441,-0.0208311623,0.4978981673,0.3025486425,0.0006508161,0.0005189501,0.939507403,0.0567042989,2.3661594039,0.4772527981,0.0264525202,0.3746505774,-1.7577e-06,6.8529e-06,1.31465e-05,8.2787e-06,0.0194342787,0.1046641723,2.7899770833,0.4239777205,0.0283724098,0.2204073394,0.5003625,0.0173251398,0.035244185,0.002952634,0.0016921602,0.0709574142,2.8687284833,0.4750923156,-0.0250516503,0.2355730161,0.4585347234,0.3044080659,0.0192371092,0.012040244,0.9937574655,0.0033280602,2.0914984864,0.1925045312,0.5297119676,0.193518438,-0.0001531703,9.7525e-05,6.82175e-05,4.18357e-05,0.9534169675,0.0562334556,2.2242192751,0.1900369915,0.596020461,0.1575273342,0.1860747081,0.0722965427,0.1318419313,0.0249085273,0.9299024812,0.0916128874,2.5232896152,0.1688417339,0.770267877,0.2354450407,-3.0421543803098445,3.8844211968251656,-0.62150890760164,0
335,279.51725710965155,10513,28,37.6112734816794,0.23555,0.0332332289,0.2004809264,2.9039554985,0.2539547382,0.28705,0.0449671825,0.2026468085,3.0978116449,0.3224007878,0.4774,0.0413913034,0.0527487817,3.2914291192,0.0828596786,0.0324,0.0098101988,0.099797881,2.7589297745,0.2523456613,0.4501282051,0.1468537,0.9420289793,1.805595644,-0.0545986049,0.0985897436,0.082582117,0.9457425076,2.4948584995,0.8025369918,0.4512820513,0.0771214323,0.7790117722,2.0786794964,-0.3397373393,0.0467307692,0.0111466599,-0.0739936867,2.6769132347,0.3809276902,0.4947386767,0.3007185082,0.0018813713,0.0011487572,0.9085856888,0.0689381839,2.7083959044,0.6457420951,0.0660598589,0.5739846175,1.5738e-06,4.7211e-05,5.97345e-05,3.57665e-05,0.2436202638,0.1882632434,2.8649231626,0.4658738952,-0.0178249363,0.2835738305,0.49928,0.021152845,0.0416307563,0.0071602289,0.1918588691,0.1502720309,2.8426341763,0.3491066745,0.017895442,0.2331280623,0.4485596367,0.2721026931,0.0232887123,0.0140509196,0.9755530071,0.0129997916,2.2488391791,0.2588460443,0.6631238634,0.1410949973,-0.0007580833,0.0004619871,0.0003493236,0.0002093107,0.9555527678,0.0287140722,2.3429874464,0.4773291737,0.6717519965,0.1977260131,0.1543907141,0.0135017505,0.1469637524,0.0127483058,0.9427058629,0.018912974,2.6995296627,0.3233827419,0.9389748163,0.1285609525,0.6695239558820943,-1.5467167386964424,1.3791031404041074,0
338,651.986909549271,23912,10,36.67558297532499,0.25355,0.0350805858,0.1811859937,2.6149917336,-0.0702977933,0.2713,0.0375207942,0.2087659345,3.6409358135,0.5332960577,0.47515,0.0425173788,0.033317381,3.2490004903,-0.0897703041,0.03145,0.0089525136,0.0056106814,4.264544718,0.2816079046,0.5195862069,0.08908443,0.8411772983,3.3105800722,-0.7956580216,0.1227241379,0.0853370181,0.9140867645,3.02683451,0.9233894521,0.3576896552,0.0336053192,-0.0243954689,2.4391192964,-0.0683498539,0.038137931,0.0116699559,0.076223565,2.9398902689,0.3525647463,0.496947161,0.3022738548,0.000724717,0.0004852989,0.9479615074,0.0398808847,2.2445492046,0.5673968883,0.0597388329,0.4407399443,-1.1221e-06,9.6041e-06,1.49427e-05,9.1777e-06,0.2192145604,0.144399943,2.7176014535,0.3275793214,0.043955224,0.1922227564,0.4979075,0.0225454057,0.0415572469,0.0042818056,0.2253072079,0.148392986,2.8194535086,0.2956132668,0.0276411196,0.1836904929,0.4555165768,0.3001789768,0.0192697306,0.011846677,0.991405949,0.0044014954,2.3837654143,0.3023543027,0.7415904145,0.2225111873,-0.0001472699,8.49532e-05,6.86118e-05,4.28862e-05,0.953745006,0.0272636892,2.3715583641,0.4620458834,0.6644108389,0.2512852139,0.1920142775,0.0521014278,0.1401040266,0.0263050099,0.9470832752,0.0501112945,2.2274109946,0.2487176229,0.6224906,0.1558599992,-2.291579195955259,1.144440024131614,-1.7499375571039013,0
34,445.44247721179056,16662,18,37.40550318482058,0.23705,0.0359450622,-0.0328218439,3.3025480682,0.2839312713,0.23815,0.0504958167,0.7215747716,2.7267586518,0.0856593606,0.5248,0.0526399088,0.4319631965,2.6415273107,-0.3413640752,0.0392,0.01203578,-0.0185265563,2.6259478342,0.3043734211,0.5456220096,0.0947022314,0.8484034911,3.4253782547,-0.8635221895,0.0826555024,0.0597262974,0.8789371502,3.761670565,1.0976893407,0.371722488,0.0491667363,0.4281148693,3.1463976855,0.2088594571,0.040861244,0.0094451264,0.07835099,2.9952153933,0.3006338164,0.4966756046,0.3013960367,0.0006447036,0.0004493153,0.9432017141,0.0275708876,2.3635649398,0.4861032146,0.0253821421,0.4481402174,2.1025e-06,1.0548e-05,1.59284e-05,9.5303e-06,0.2559844027,0.1806118017,3.0093230079,0.3858536273,0.0185946854,0.2864174702,0.50414,0.0200360525,0.0409278671,0.0044217296,0.1990821591,0.1504624106,2.9438687283,0.4184943473,-0.0223928259,0.2031217243,0.4574226945,0.3028751439,0.0186010091,0.0120106403,0.9935133457,0.0025543903,2.1312519905,0.1160873071,0.5489577562,0.1589183738,-0.0001525643,9.81707e-05,6.23832e-05,3.92987e-05,0.9443257266,0.0561388831,2.6149810906,0.3031303445,0.7445562774,0.2546252976,0.1747992573,0.072609686,0.1270182859,0.0267330425,0.9257047736,0.098406883,2.8397636848,0.3277452218,0.8996434529,0.2828790242,-1.3973023314004314,2.3233266636466983,-4.448531124063302,0
340,378.97453289832447,13779,40,36.35864366563329,0.2417,0.0291994863,0.1157672061,2.3767006266,-0.043610775,0.23855,0.027643218,0.2377888345,2.9569826984,0.0098629626,0.51975,0.0314831304,-0.0798136183,2.8988258901,-0.100153024,0.033,0.009591663,0.0430856272,3.2019139887,0.3824652975,0.444379562,0.1055874171,0.9141878544,2.1907854004,0.2377628801,0.073649635,0.0628911226,0.9190856643,2.5797754964,0.8397703509,0.4819708029,0.0618225553,0.6201601723,3.2582769962,-0.6769677763,0.0439416058,0.0123132866,0.3361721592,2.8313573956,0.1094393065,0.4956089969,0.3021904832,0.0009007556,0.000551429,0.938337473,0.0292880803,2.4342123133,0.6064482906,-0.0576527488,0.4259481594,-4.8494e-06,1.41516e-05,2.08258e-05,1.26288e-05,0.0431723528,0.1215202205,3.0621846242,0.6213126924,0.0014333205,0.2948421077,0.487305,0.0252700955,0.0360620405,0.0028528033,0.0440562368,0.0790937744,2.9430783235,0.4528445592,0.0355870106,0.2126889479,0.451758458,0.2821800344,0.0207158493,0.012422238,0.9894042987,0.0064365299,2.1124782475,0.1650619229,0.5861861179,0.1382523882,-0.0002822533,0.000169772,0.0001317773,7.88112e-05,0.9714050664,0.0065370308,2.1424883796,0.1384139891,0.5850175482,0.133741542,0.1655772605,0.030471679,0.1437024617,0.0065782749,0.9592764572,0.0077359626,2.4892792482,0.1856393465,0.8221869582,0.1479087458,-3.5350938404221144,-0.30929523638821277,2.4068194010098543,0
342,101.99502531175364,3804,48,37.29593662409373,0.34855,0.086974982,0.7911216609,2.4120646368,0.2357269279,0.36405,0.0909964148,0.8615104962,2.0094957283,-0.0052707332,0.2874,0.0497467587,0.5071791315,3.4491012439,0.6191647,0.02715,0.008638721,0.1103177188,2.9387899276,0.1124023683,0.5915789474,0.1403056122,0.8677734132,2.6936203495,-0.6826034643,0.0665789474,0.0506420002,0.8709282372,3.114376084,1.0349299399,0.3418421053,0.0930790627,0.7781920201,2.6335979257,0.4066799675,0.0369736842,0.0102302103,-0.186796308,2.6380451822,0.1606225341,0.4856527787,0.2955524045,0.0051401979,0.0037026412,0.9176139269,0.0557119601,2.4617656298,0.4960490694,0.0358188725,0.4081301393,-4.77089e-05,0.0001398416,0.00025039,0.0001589417,0.664200186,0.1211197249,2.7190217958,0.5261003988,0.2106953613,0.3351080316,0.4874425,0.0291498082,0.0640287656,0.0078852742,0.6194808334,0.0867123954,2.66958828,0.3307982661,0.029746206,0.2980710119,0.4419498364,0.2688658871,0.024008603,0.0143986073,0.9422991848,0.0243666228,2.4802989709,0.4220182643,0.8020086449,0.2009585112,-0.0015497225,0.0009367343,0.0007090052,0.0004339039,0.9240129672,0.031826571,2.3108865732,0.4397539098,0.6455601105,0.2262385614,0.1646531266,0.0341625812,0.1536580421,0.021418495,0.9255086837,0.018465493,2.2950308816,0.5011613367,0.7258625237,0.2560727016,12.018046366193813,-7.540740059229429,-5.909432149690358,4
346,127.90002188046576,4873,25,38.10007166812108,0.2164,0.0375837731,0.3301007348,3.7636201175,-0.3919941141,0.25795,0.0320943531,0.3065336423,2.6991342392,0.0623786398,0.52565,0.0417052455,0.3443668503,2.951151399,0.1384327827,0.03995,0.0113466956,0.1320412303,2.5193132185,0.2331247049,0.4683076923,0.1146374785,0.8897545686,2.356692236,-0.0535502802,0.0731538462,0.0563680845,0.8882977392,2.4979952975,0.8130109043,0.4585384615,0.0691860539,0.7203996965,2.4516412235,-0.4800043667,0.0446923077,0.0114648937,0.0748074305,2.8798230654,0.4582598858,0.4879034175,0.2964267263,0.0028551396,0.00226079,0.9284536985,0.0629439158,2.4186158828,0.5422418906,0.0322627651,0.4611306745,3.713e-06,4.41279e-05,6.5389e-05,4.27227e-05,0.2789321566,0.1874842401,2.7823240002,0.4185851464,0.0164867117,0.251081703,0.50056,0.0238547249,0.0419759644,0.0045641988,0.2217504105,0.1635055974,2.9495329466,0.5306882154,0.0159950198,0.2248794968,0.4410980612,0.2671255479,0.022202868,0.0135622509,0.9767148688,0.0039307353,2.35134879,0.2012313429,0.739455456,0.1176074865,-0.000666613,0.0004129437,0.0002909966,0.0001765634,0.9563406774,0.0067591457,2.3900315888,0.2141473345,0.729787191,0.1199828692,0.1586854876,0.0237280414,0.1482626861,0.0165733275,0.9498631895,0.0101054597,2.6236582101,0.3220195602,0.9031222782,0.1566855372,-0.3016465983003199,-3.220696860546057,1.1123249522857637,0
347,101.126602557428,3560,70,35.20339762208801,0.2603,0.0389346889,0.2919334506,2.8832577292,-0.1820836283,0.2261,0.0326464393,0.1987992076,2.7867706931,0.2844309738,0.5136,0.036572394,0.0289038562,2.8524928424,-0.0015758926,0.0376,0.0097077289,-0.0978800583,3.1077485941,0.3632832552,0.4462280702,0.1338868359,0.9068748559,1.8385304198,0.0727792088,0.1053508772,0.0790117671,0.9228833198,1.9100290108,0.5135879037,0.4484210526,0.0668800831,0.6745600155,3.5742337388,-0.6185241923,0.0407017544,0.0106143976,-0.121227947,2.8083627695,0.0801064487,0.4960038508,0.3014506194,0.0023203682,0.0016220355,0.9098110258,0.0373221427,2.8051975669,0.7219106308,-0.0452897223,0.5636253135,-8.7056e-06,7.40544e-05,7.7429e-05,4.81463e-05,0.2890748273,0.2056668014,2.7633453643,0.2580573414,-0.1043227408,0.2053464006,0.497145,0.0243554044,0.0435398265,0.0090400089,0.2315653116,0.2134138243,2.8968262392,0.3985595466,-0.0441756492,0.2137120331,0.4426652703,0.2687531632,0.0281538167,0.0172692324,0.9734900233,0.0061542833,2.1173561444,0.1555301292,0.6320747639,0.1077308413,-0.0010888532,0.000666181,0.0005067239,0.0003129009,0.9610743633,0.0072737182,2.1527602281,0.1864682473,0.6365463916,0.1154714999,0.1548934887,0.0230971327,0.1500201149,0.0135269773,0.9428772998,0.0142353641,2.599960822,0.4354100165,0.9041335089,0.1885721601,0.7240134778766779,-3.3268985517759746,1.400465002379217,0
349,852.9211269495256,31309,32,36.707966318030735,0.22845,0.0279615361,0.0325528489,2.4885787651,0.3015811988,0.22775,0.0286563693,-0.1394197662,2.9667363985,0.5185715385,0.5438,0.0334,-0.0736271885,2.4995479016,-0.0787648769,0.03655,0.0092112703,-0.1033185715,3.5896013378,0.0486022543,0.3490273038,0.0786185716,0.8270722174,2.1152565685,-0.1441756778,0.1050853242,0.0719457244,0.9183031695,2.526699757,0.6789050939,0.545887372,0.0343898193,0.0504244934,3.1064702171,0.2267878413,0.0452901024,0.0118868874,0.1451154169,2.879560402,0.1749301456,0.4999035738,0.3039179763,0.0003410775,0.0002364689,0.9364745475,0.0371734626,2.7547140978,0.7040064199,-0.2403313787,0.5616186997,7.145e-07,2.68e-06,7.5502e-06,4.49e-06,0.0158007787,0.0951541205,3.0642123268,0.3498949166,0.0472849595,0.2814715661,0.5026625,0.0117776045,0.036005003,0.0025644465,0.0135268979,0.1033265136,2.867355513,0.4606925099,0.0254824935,0.1569833519,0.4625374736,0.3283142737,0.0165599715,0.0117121425,0.9949560126,0.0020553705,2.1831663302,0.1694153108,0.5976270636,0.2161578532,-7.43983e-05,5.23868e-05,3.62126e-05,2.41564e-05,0.8992508354,0.1570638029,2.1757614768,0.0965434492,0.4519272669,0.3589416046,0.227294448,0.1034807154,0.1315917267,0.0391919362,0.8388417631,0.2915081094,2.1507847935,0.1269084011,0.5130513538,0.3508598868,-0.4759234824042475,12.296523363831216,-6.294225665438505,2
35,791.6429100178949,28774,30,36.34719598429748,0.2381,0.028694773,-0.091100572,3.5745030311,0.4972145165,0.25605,0.0319788602,-0.0028470223,2.3098467112,0.2196657942,0.50585,0.0370746207,-0.0775451753,2.9958266055,0.1749033705,0.03785,0.010056217,0.0082266763,2.9765869372,0.148443142,0.4238906752,0.1192176032,0.8970195011,1.9666344597,-0.0001440594,0.1032636656,0.0738886009,0.912783502,2.6389804069,0.7005149201,0.4728456592,0.059837846,0.5835493873,2.4928147977,-0.4217095384,0.0392765273,0.0109091865,0.1336939451,3.6204677988,0.5066575898,0.4991242268,0.3025463527,0.0005144605,0.0004221452,0.9414137526,0.0475330101,2.2538262294,0.4209138033,-0.1581966321,0.4060434841,-1.8427e-06,4.8751e-06,9.5275e-06,5.7387e-06,0.0440375248,0.1057302571,2.9344315559,0.4226991437,-0.0157549275,0.2472252554,0.492205,0.0136563072,0.035606799,0.0020060203,0.0102268066,0.13977032,2.8304670073,0.4760087785,0.0049246706,0.2435164994,0.4581470641,0.3133147905,0.0196400482,0.0123854541,0.9952723193,0.0023697872,2.077484203,0.1228944208,0.5291668861,0.1731683997,-0.000114225,7.15015e-05,5.36619e-05,3.34793e-05,0.9660936528,0.0238360293,2.1659124056,0.0658773254,0.5336663544,0.1650434138,0.1950276376,0.0709023762,0.1348229958,0.0242301198,0.95464581,0.0342386102,2.3533022901,0.14753567,0.6984890908,0.212234169,-4.2477437994047635,1.6576643184140598,1.2033211632879024,0
350,712.1235844367877,26692,18,37.482258112698894,0.2561,0.0310369135,0.0754325579,2.2059472361,0.2169011288,0.2145,0.0321753011,0.3187860874,3.0032357351,0.2155692585,0.5294,0.0316249901,0.1805104187,4.1682829903,-0.289509978,0.03455,0.0101512315,-0.12372717,3.1728035338,0.337414278,0.4132142857,0.0858087277,0.8390741696,2.094793451,-0.0267314212,0.0931377551,0.0576493305,0.8620312197,2.6740069449,0.6290742898,0.4936479592,0.0445250852,0.3256105418,2.8154152633,-0.1547061853,0.0413265306,0.01156285,0.1219037915,2.89562987,0.1485347551,0.498551302,0.3032222512,0.0004118527,0.000248805,0.9386724106,0.0397141435,2.256599593,0.6010277848,-0.0450151055,0.3952113041,-2.71e-07,6.6955e-06,9.5532e-06,5.8984e-06,0.1113325463,0.132575116,3.0653078477,0.3989813541,0.0381548079,0.218000666,0.5014775,0.0179790536,0.0374035604,0.0029294695,0.0817258619,0.1332480526,2.8464480878,0.3699059984,0.0276164202,0.2227833042,0.4646901588,0.3187948703,0.0155492579,0.0102213596,0.994832091,0.0021210806,2.1880267187,0.2036468394,0.6147628137,0.2379510126,-9.99754e-05,6.23003e-05,4.43548e-05,2.84273e-05,0.9425181577,0.0703155344,2.547974493,0.1553574656,0.7254655205,0.2263882143,0.1833318555,0.0901864707,0.1273345374,0.0250240816,0.9261186232,0.0880301587,2.863035728,0.2591686212,0.8833857737,0.3173023787,-2.9433401418741814,4.137159318663978,-2.113295665528275,0
351,714.8144877826625,26710,48,37.36633833885178,0.24025,0.0314195401,0.0727015347,2.5042479634,0.2981703755,0.2731,0.0345310006,0.1519954759,2.6453420793,-0.0557753579,0.48665,0.0362288214,-0.0255849018,3.236873409,0.3712251337,0.0367,0.0106822282,0.1936919907,4.4817841124,0.5194031637,0.4726168224,0.1134567571,0.9034762215,2.4052189337,-0.3673424887,0.0845794393,0.0709804112,0.915040293,3.5684305075,1.1102712153,0.4428037383,0.0548028649,0.6428800751,2.4497571506,-0.2691512503,0.039517134,0.0110507405,0.0406818749,3.6307985446,0.5723723626,0.4979331801,0.3018798828,0.0004896299,0.0003044782,0.9410642168,0.0418811588,2.4209700438,0.5122545855,-0.1084757979,0.4064742335,-1.4688e-06,7.177e-06,1.1709e-05,7.1691e-06,0.0770414352,0.1407563453,2.9599132032,0.4711451079,-0.0709439518,0.251565817,0.49658,0.0155711384,0.0369469742,0.0030682803,0.0731353872,0.0894623948,2.9691917368,0.5867679495,-0.1029365448,0.2869915432,0.4468561643,0.2971270897,0.0244229591,0.0160995314,0.995076836,0.0024632229,2.0766224022,0.0948207173,0.5304310776,0.088657487,-0.0001532945,0.0001035713,6.86254e-05,4.52294e-05,0.970081537,0.0088451041,2.3076684857,0.3130822225,0.6250255373,0.1447014051,0.1699216746,0.0144850167,0.1404826815,0.0075063048,0.9624481946,0.0083079579,2.5359298616,0.2881898474,0.8098926631,0.1326590842,-3.9948485731741035,-0.6306680428016587,1.1673588978834226,0
352,100.33831207329004,3580,40,35.679292645316416,0.2714,0.0541206061,0.5911152677,2.3124919403,-0.0517104376,0.25145,0.0419302695,0.5094506229,3.2715150311,0.3535051775,0.47715,0.0416368527,0.1527295688,2.525589387,0.0968293686,0.0391,0.0111664677,0.5150849335,2.8178286481,0.3500507069,0.4808333333,0.1435942393,0.9414081013,2.1632758208,-0.4215152393,0.07625,0.0755514449,0.9027229228,4.1365240479,1.3416527836,0.4429166667,0.0777672364,0.8613710712,1.9154955748,-0.0829646984,0.0508333333,0.0116607128,0.2221509123,3.5021091543,-0.2173880455,0.4876603346,0.2976449148,0.0045051485,0.0030695289,0.923994413,0.0339592691,2.3765902059,0.5282446651,0.0821255347,0.3059017995,2.69159e-05,0.0001596683,0.0001647232,0.0001068099,0.4657894321,0.1541426801,2.7331701329,0.4435563571,0.0886600787,0.2145625659,0.5009425,0.0321649704,0.0472663505,0.0089320203,0.3728997628,0.1421937977,2.7692752169,0.298897088,0.0089255913,0.2045691057,0.437567927,0.2667750973,0.0228425326,0.0149129705,0.9463962333,0.0222049629,2.6348404633,0.304114564,0.9019826636,0.1461398714,-0.0013526678,0.0008008466,0.0006159215,0.0004022825,0.9209587429,0.0519644838,2.6982628705,0.6698043353,0.889586238,0.2354710485,0.1528025313,0.0217984395,0.1494980767,0.0171970886,0.9272236585,0.0237006222,2.7302826473,0.3859653177,0.9708963624,0.1881081939,7.285795436155373,-3.7978850970610036,0.8107812011249548,4
354,620.4932752457269,23043,30,37.13658297243357,0.26155,0.0377405286,0.2537766807,3.2603720364,-0.3805311308,0.25965,0.0380871041,0.1641658132,2.9713550359,0.120939864,0.4788,0.0366955038,0.1489253975,2.7702638837,0.3012250842,0.03225,0.0091207182,-0.1580775912,4.1312204321,0.4854742461,0.5211722488,0.1088980867,0.9109759711,2.3010416344,-0.5962704215,0.0842822967,0.0671334579,0.9171848915,2.9740031209,0.976585054,0.3945454545,0.0534159366,0.5832064222,2.4128668158,0.2043276037,0.0394497608,0.0103899387,0.060363836,2.530032987,0.1403616013,0.4938911547,0.3006680007,0.0005471962,0.0003916184,0.917514796,0.058174074,2.5221193105,0.9344844658,0.0300479839,0.489084267,-6.3384e-06,1.56665e-05,1.68583e-05,1.06993e-05,0.3434536847,0.1597602091,2.7554208584,0.4005110386,0.0654499169,0.2007078669,0.48845,0.0322670071,0.0423590103,0.0049017337,0.2679723009,0.1622921727,2.7695099015,0.3290741224,0.0472835866,0.2196675934,0.4551190985,0.300386081,0.0210155883,0.0127098888,0.9947469333,0.0028483665,2.0053733353,0.1132034233,0.4521701265,0.14573971,-0.0001712075,0.0001041223,6.48e-05,3.77522e-05,0.9534179317,0.0223015415,2.5668884018,0.3267899843,0.6675408491,0.2744554386,0.1641253441,0.0523212749,0.1187202351,0.0105941464,0.9418626173,0.0269784078,2.9013105094,0.3136596846,0.8312764335,0.3567409811,-2.4050176475831266,-0.090259146268064,-1.9201550521704864,0
361,191.55859493181973,6987,40,36.4744792708823,0.26495,0.0440482406,0.5478452686,2.7493293002,0.1397631628,0.1959,0.0346726117,0.2478614061,2.6641382802,0.135327326,0.53915,0.0425796606,0.4587295448,2.8863000322,0.0079352249,0.03935,0.0104080498,-0.083883294,3.4562142008,0.2862701061,0.6142741935,0.1594922558,0.9455490709,1.9095409962,-0.3561433274,0.0725806452,0.0618122935,0.8361395146,3.8218229022,1.225998103,0.3131451613,0.1051850668,0.927117958,1.7868331065,0.0242722733,0.0381451613,0.0097233453,0.3695136911,2.6380593381,0.3708752875,0.4851895587,0.2958117696,0.0040919103,0.0026445618,0.927217302,0.0363181052,2.3500846465,0.460844105,-0.0128267876,0.2673996868,6.28011e-05,0.0001342416,0.0001544623,9.35531e-05,0.542796209,0.1470356819,2.5768482505,0.2104308426,0.0197677385,0.188027066,0.5033725,0.0358789161,0.0491298585,0.0072335422,0.4355879654,0.1500734022,2.7096576144,0.2464253768,0.0455971705,0.2171440452,0.4382562123,0.2655409132,0.0327368511,0.0196394975,0.9550021189,0.0321527807,2.1209199143,0.1609913368,0.6296134288,0.1286368022,-0.0019677195,0.0012208333,0.0009144162,0.0005479798,0.9393275213,0.041564062,2.1656837578,0.1934151305,0.6311022302,0.1331784436,0.1497079955,0.0247767264,0.146475611,0.0206257343,0.9205512518,0.0301219831,2.5553296201,0.3325650678,0.8804841835,0.1723092467,8.170129396366562,-3.0539745252160158,5.518036272353831,4
362,545.531690972483,20496,60,37.57068624824187,0.22255,0.0369154101,0.1061751375,3.4317788526,0.5227398354,0.29745,0.0363214468,0.0658303408,2.8112419709,-0.063337159,0.48,0.0331888536,0.1939198526,2.3851950328,-0.351022149,0.03255,0.0128742961,0.1625511536,2.1545931342,0.0324292708,0.4435641026,0.0928880757,0.8802919867,2.2116866764,-0.399412227,0.085,0.0715523835,0.9169882709,3.8587251062,1.2814953275,0.4714358974,0.0437122261,0.3606311485,2.8952198634,-0.0121792581,0.0430512821,0.0112339885,0.1800687023,3.2388188244,0.5319484345,0.4973398375,0.3019980438,0.0008071959,0.0007510152,0.948355968,0.0308251279,2.3169058669,0.3687412802,0.0584543781,0.3947231528,4.454e-07,1.73524e-05,1.58755e-05,1.02594e-05,0.1633663328,0.1507932813,3.0272236776,0.6954541251,-0.0287033596,0.282677714,0.4959025,0.026975366,0.0378553212,0.0032522731,0.128111837,0.1290518638,3.0355030773,0.6121170999,-0.0043710754,0.2141438938,0.4541496465,0.2986049029,0.0217466837,0.0131520439,0.9937386961,0.0033084591,2.079530808,0.1498809061,0.5236079573,0.1463973533,-0.0001983739,0.0001147595,7.49051e-05,4.60581e-05,0.954288317,0.0174354735,2.7048529389,0.121909616,0.7353193053,0.123130489,0.1611945335,0.0346553497,0.1236018724,0.0146260022,0.9439308998,0.0283802059,2.9702634201,0.2481531878,0.9173815622,0.1748098905,-3.2489239509520225,0.1297733305814855,-0.2601077575261086,0
363,111.52262120433736,3930,69,35.239487357450614,0.3229,0.0640085151,0.706081726,2.512811021,0.1547421825,0.2035,0.0619939513,0.7284537361,2.3282940505,0.3784464912,0.4736,0.0394973417,0.255322071,3.6287260537,0.3525367899,0.0362,0.0104431796,0.1823944412,2.5805266074,0.2332498586,0.5255769231,0.137329103,0.8989952293,1.7665898215,-0.3939063922,0.0881730769,0.0815064229,0.8753232026,2.7694964557,0.9542297834,0.38625,0.0674813008,0.6980064415,2.1713437195,0.0540733931,0.0366346154,0.0105939548,0.0944614549,2.6225571386,0.2107294245,0.4874441808,0.2970768043,0.0028635494,0.0017688605,0.9148286101,0.0427865381,2.6634494269,0.5558195032,0.0871704795,0.3519673106,3.26732e-05,6.16161e-05,0.0001514487,0.0001019544,0.6277214446,0.1396267683,2.7528870812,0.4328613576,-0.015130204,0.283019135,0.5040625,0.029163144,0.0610325894,0.0104375596,0.5716947852,0.1336768837,2.8336101615,0.5176034559,0.027260699,0.3196100888,0.4211320826,0.2564173645,0.0326728847,0.0199819667,0.9714748065,0.017005211,2.1425745329,0.2508486554,0.5974902682,0.1491161453,-0.0012385021,0.0007477234,0.0005698028,0.0003483673,0.948295785,0.0272283989,2.2363364973,0.3680956986,0.6205068418,0.2093121869,0.1557547074,0.0249494597,0.1485740393,0.023494522,0.9365455672,0.0205183406,2.5909615509,0.5871107023,0.8657989613,0.2601710148,5.645896286743005,-4.266022394809867,1.2649671739930908,4
366,950.1220070250114,33787,27,35.56069615290005,0.2674,0.031579107,-0.0282719605,3.3403031756,0.2995542796,0.25245,0.0379110472,0.2445001923,3.2025782569,0.2475844999,0.48015,0.0355278412,0.2350594184,2.1869542208,0.114858603,0.03595,0.0113290556,0.0537994222,2.5896762034,0.0272357125,0.4746703297,0.1026118675,0.8991025458,2.2971786404,-0.36077602,0.0934798535,0.061937406,0.892160391,2.7010422289,0.6835513089,0.4318498168,0.0501203987,0.6169467386,2.4966807774,0.1003759899,0.0414468864,0.0114998773,0.0468947089,3.183907426,0.3361994528,0.5009266155,0.3046242005,0.0004492458,0.0003690576,0.9241979796,0.0599224877,2.7676693754,0.9511978882,-0.1842282755,0.5912543769,-4.351e-07,8.8119e-06,1.02131e-05,6.3215e-06,0.1425582054,0.1575498773,2.8958342221,0.3538962799,0.0258788602,0.2142300138,0.495615,0.0232619276,0.0372738146,0.0027824896,0.0968931562,0.1225415213,3.0987552697,0.8494231395,0.0810166771,0.2679399863,0.457221649,0.3101861177,0.0197171208,0.011750899,0.9951974106,0.0029888141,2.0554851305,0.155071853,0.4940882975,0.1577489045,-0.0001384299,8.14871e-05,5.18294e-05,3.16577e-05,0.9537578764,0.0139473613,2.8188158458,0.2463252854,0.7932134551,0.1053442358,0.1700008697,0.0352874801,0.1261097465,0.0107684831,0.9511064771,0.0187576663,2.9110186374,0.3827880095,0.8892530583,0.1659621825,-3.9101505690133793,0.32790211323229623,-0.292454271289521,0
367,235.9166330757648,7741,64,32.81243844097238,0.2705,0.0374666518,-0.0733216103,2.8151439861,-0.4512080198,0.25695,0.0393884183,0.4315206355,3.5689468957,0.1026503586,0.47255,0.043643413,0.2393325609,2.8196031772,0.2898284911,0.03355,0.0095208981,-0.0991866847,3.172310729,0.5835326032,0.4435576923,0.1347802219,0.9566590386,1.7744654965,0.1800922555,0.0966346154,0.0707835348,0.8205961047,3.2433256035,0.8047955897,0.4598076923,0.0799216055,0.8292961905,2.2737081729,-0.1545394967,0.0395192308,0.009964341,-0.0958627758,2.5272669407,0.3368091992,0.50034423,0.3004500158,0.0037657784,0.0025627814,0.9405657327,0.0606279261,2.3976973841,0.7336680296,-0.0232780307,0.4667257249,-1.78151e-05,0.0001337742,0.0001070205,6.53273e-05,0.3989026745,0.1425444092,2.6480657728,0.3968316989,-0.0640390639,0.2093671468,0.5034525,0.0394113324,0.0431608865,0.0054247118,0.3294480726,0.1274516709,2.8726720066,0.3826243074,-0.0110433233,0.2007734097,0.4423868177,0.2680109439,0.0293574062,0.01800938,0.9669783491,0.0172250718,2.3752702734,0.2069622651,0.7695874265,0.1279943983,-0.0012089663,0.0007496406,0.0005312558,0.0003237854,0.9483101759,0.0315460837,2.379853086,0.2675798668,0.7583102234,0.1407261979,0.1483857933,0.0280372126,0.1445810953,0.015843021,0.9389237966,0.0191612322,2.7231143936,0.3794152619,0.9708223441,0.1793638394,3.839221047353901,-3.1589885347581816,0.23115530491438513,0
37,176.20772341521746,6674,70,37.87575181522167,0.2341,0.0372517114,0.1117534168,2.8171491006,-0.0360296015,0.2437,0.0319266346,0.2467050334,2.584770727,0.3740421718,0.5222,0.0339287489,0.0651473251,3.9082393359,-0.6529055157,0.0393,0.0106775465,0.132889669,2.4390465089,0.3304431468,0.4296428571,0.0944620915,0.8577127475,2.1010383211,-0.1642368316,0.0897857143,0.0754057392,0.8933050761,2.3099547259,0.8551173908,0.4805714286,0.0445897398,0.3568987311,3.0548932486,0.1369505317,0.0421428571,0.0135902126,0.6099724423,2.8823631757,0.1932190473,0.492645685,0.2998373229,0.0024549435,0.0018714418,0.9288980356,0.0536019995,2.663860683,0.534317539,0.0207626152,0.5032018668,-1.81335e-05,7.30989e-05,6.19811e-05,3.9677e-05,0.2911427125,0.2034214481,2.9140374739,0.4503375465,-0.0458330309,0.3267025556,0.491065,0.0314468564,0.0401529363,0.0082007748,0.2437631033,0.2152028996,2.7437383926,0.3469809574,0.0473945845,0.2383251018,0.452438682,0.2753582448,0.0232493501,0.0136463501,0.9759870387,0.0088836541,2.3016312038,0.2172504827,0.7157031424,0.1339494488,-0.0007281205,0.0004356535,0.000314756,0.0001846535,0.9579919447,0.0057488092,2.3568641699,0.2777126641,0.7093101512,0.1493309963,0.153552904,0.021348553,0.1460711921,0.0136951112,0.947003273,0.0087983609,2.6465286283,0.4415138319,0.9154027093,0.1909924944,0.20680510074618055,-2.856575016768683,-0.05734230394258684,0
370,585.1006032826826,21498,63,36.74239930601056,0.25535,0.0311548953,0.1209103627,3.5673337844,0.4212014974,0.24315,0.0344358461,0.2336121994,2.9802917579,0.2527594217,0.5015,0.0349606922,0.1066311305,2.5733220217,0.085161242,0.0357,0.0109777047,-0.0406862443,2.7264302426,0.1958435696,0.4727918782,0.1355841744,0.9179765958,1.8954856955,-0.2104161051,0.0905837563,0.0752544876,0.9218278363,2.5156061326,0.8445597574,0.4366243655,0.0711054912,0.7370934143,2.2764388576,-0.2168687935,0.0368274112,0.0110472295,0.2204075133,2.6713940518,0.0413903114,0.4965358258,0.3019265552,0.000852707,0.000507615,0.9366747229,0.043931745,2.6997023879,0.8943062031,-0.0272816916,0.5877609121,2.0406e-06,1.17935e-05,1.87612e-05,1.09378e-05,0.1496719857,0.1366928962,2.9100728821,0.4393829442,-0.0526370227,0.2133469893,0.500945,0.0188391939,0.0365775475,0.0030124362,0.082522904,0.1371703744,2.8027019526,0.5178302514,-0.0265932096,0.2179855931,0.4481534892,0.2840343726,0.0214478431,0.0136842149,0.9911835461,0.0042911202,2.2235351455,0.2963937955,0.6445490778,0.179464582,-0.0002438252,0.0001536927,0.000109386,6.95787e-05,0.9702154636,0.0076231661,2.3523623794,0.3231492909,0.6772282764,0.1833560518,0.1636085362,0.0228040178,0.1440859941,0.0068691873,0.9623570242,0.0033227277,2.5831793776,0.2204695217,0.8606535547,0.1353694222,-3.3872489345836594,-0.956875574759281,1.8762035290541954,0
371,753.0519352467602,27891,36,37.03728613466835,0.24435,0.0303698452,-0.1091467699,3.0492854996,-0.3757437436,0.23235,0.0325841603,0.0933659357,3.6277603789,0.4038991675,0.5233,0.0408363808,0.0080102215,4.2740250034,0.3743397878,0.0375,0.0106418983,0.1997761612,4.0798649182,0.5476292284,0.3782986111,0.0828520753,0.8417445315,2.0674799612,-0.1161343597,0.0811284722,0.0607021487,0.8884239084,2.6236507617,0.7805562894,0.5405729167,0.0418633055,0.2479932575,3.2031569172,0.0629240472,0.0447743056,0.0118673703,0.2195179111,3.8068109311,0.5491722847,0.5015345225,0.3044785636,0.00062089,0.0003580972,0.9565717419,0.025929044,2.1411465087,0.4492433861,0.0449731911,0.469226192,-1.3335e-06,8.4143e-06,1.11811e-05,6.7677e-06,0.0281069836,0.0915012477,2.9522860128,0.2503506928,-0.0219422321,0.1979129137,0.5004775,0.0180209009,0.0355496614,0.0024654006,0.019033047,0.1277573178,2.9967544872,0.4950346613,-0.0518069476,0.2175762075,0.4573968534,0.3136372981,0.0185071452,0.0113775355,0.9944096631,0.001960491,2.2053413348,0.1769000106,0.6281670083,0.2071873149,-0.0001236726,7.98969e-05,5.48446e-05,3.31588e-05,0.9593176727,0.0330436026,2.4101785392,0.1785659886,0.7046347751,0.181785436,0.1854044267,0.0782624682,0.1341116354,0.022345845,0.9472805153,0.0515167143,2.6163587579,0.295012867,0.8548884721,0.2274873977,-4.098823324378249,2.423699502740796,0.0037321439840927073,0
373,406.27817666863234,15444,64,38.01336347090186,0.2652,0.0315112678,-0.1196518319,2.8015117533,0.1930113872,0.2116,0.0307236066,0.003278576,2.21501655,-0.2157669033,0.5232,0.0367866824,-0.0807435334,2.42507822,-0.0828425634,0.04295,0.0100522386,-0.0233731404,2.66604343,0.1268095462,0.3578989362,0.0741761517,0.7957691131,2.1950570025,-0.0554383238,0.0888031915,0.0704055773,0.922018709,2.385898415,0.7084121613,0.5532978723,0.0364994403,0.0566568455,2.9511478472,-0.0613032209,0.050106383,0.0156163908,0.3644109578,3.4380428685,0.6150570195,0.498001921,0.3017445599,0.0008914642,0.0006834385,0.9519655842,0.0429337694,2.2295793644,0.5963147374,-0.0483041928,0.4465233856,-2.606e-07,1.15397e-05,1.71685e-05,1.07264e-05,0.0319642948,0.0964950039,2.8676121633,0.3524576808,0.0257651662,0.189906559,0.5017775,0.019112499,0.0355097968,0.0035978753,0.0038048009,0.1137132842,2.8124252564,0.3080546895,0.1144130893,0.1892100054,0.4444034977,0.2886170356,0.0227618148,0.0147127136,0.9923585249,0.0020643225,2.2354749935,0.087006057,0.6892501694,0.0641425091,-0.0002014198,0.0001247863,8.96217e-05,5.74427e-05,0.9687594341,0.0051484422,2.2825040003,0.0896349811,0.6790781719,0.0674472193,0.1710800344,0.0174325126,0.1454483109,0.006172533,0.9623541067,0.0060201789,2.4445702282,0.1642365837,0.8032761941,0.1010221288,-4.732448007860665,-0.3991673963027109,3.2117373542759746,0
374,309.8059404454125,11128,55,35.9192595984477,0.2741,0.0623272813,0.6556853119,2.7722086707,0.132348031,0.3347,0.0579086349,0.6004408504,3.0409635207,0.1817309975,0.3912,0.049005714,0.403369906,2.7899216972,-0.3446961341,0.0315,0.0082613558,0.0489060013,2.8947792135,0.2740151027,0.5393951613,0.1247490913,0.8977357811,2.3581448856,-0.6191919248,0.0797177419,0.0579046157,0.8516128585,3.1148712771,0.9182427609,0.3808870968,0.0734216951,0.7926211491,2.2619467244,0.4596315932,0.0381451613,0.0109520167,0.0269987988,2.7005850832,0.1645522177,0.4962516747,0.3022164076,0.0007694851,0.0004541883,0.931155389,0.041658925,2.4686658483,0.6214357029,0.0302273443,0.576821782,-3.5234e-06,1.53096e-05,4.02639e-05,2.35344e-05,0.6908763361,0.096944271,2.7556477129,0.6027954293,-0.0327194499,0.3706367459,0.491405,0.0318053844,0.0659008627,0.0094509149,0.6072109076,0.1018190074,2.8878152114,0.437133253,0.0440326492,0.3568151786,0.4534391067,0.2915436269,0.020034712,0.0126765148,0.9921332848,0.0028670369,2.0762607722,0.1158404426,0.5357444287,0.1520803996,-0.0002947617,0.0001769214,8.81172e-05,5.07511e-05,0.9226823522,0.056112903,3.9667994398,0.9924549581,1.1519202356,0.215272643,0.1353033197,0.0482067585,0.1087750961,0.0147132292,0.91138534,0.0759519093,4.3083745237,1.0289670883,1.3090666939,0.2100191969,1.1182868758978468,-0.5970722182319482,-8.47155239741767,0
376,541.6703595347685,19799,56,36.55175080468687,0.24025,0.0302107183,0.0330473417,3.1299304322,0.4832352428,0.23945,0.0313679375,0.2267224234,2.6954665165,-0.1096755437,0.5203,0.0389603645,0.162433343,3.0018404071,0.3260382062,0.0387,0.0110140819,0.1250945025,3.6061588084,0.2808927975,0.3960755814,0.0670311459,0.7507720233,2.4841366238,-0.2430834191,0.0949709302,0.0638960299,0.9065115647,2.8241202818,0.8502260395,0.5089534884,0.0366363039,0.0572163487,3.4636340274,-0.0014489067,0.0443604651,0.0121592273,0.1252792486,2.7102482364,0.1417650116,0.4993809773,0.3029794504,0.0008412826,0.0005976185,0.9442895263,0.0322942935,2.3914968987,0.5682153163,0.0680669027,0.490559281,-4.118e-06,1.07394e-05,1.66933e-05,1.03653e-05,0.0788600029,0.1329344674,2.9750735136,0.4243818288,0.0584331542,0.2866138264,0.4922825,0.0164570447,0.0361360958,0.0017960953,0.0571217736,0.126772347,2.9062487763,0.3238201142,-0.0105327272,0.2063538227,0.4453960171,0.2998500243,0.0247243862,0.0170236968,0.993943798,0.0028824324,2.0314588589,0.0835823941,0.4735192303,0.1414112468,-0.0001882861,0.0001287665,8.42368e-05,5.34581e-05,0.9540224451,0.0441171709,2.3514108349,0.148881116,0.6696223283,0.0806791023,0.1924854515,0.0843043743,0.1297698006,0.0270041714,0.9267413444,0.0903180703,2.7291973928,0.2124125164,0.8370082466,0.1926407967,-2.9197406130987256,3.0102689964253826,-1.0945174805332587,0
380,855.6650654027658,32412,72,37.8793073487738,0.22265,0.028986678,-0.1179741941,4.4896665948,-0.52173917,0.2875,0.030809901,-0.0230165535,3.355020032,-0.0197460885,0.48985,0.0361071669,-0.0948171626,3.0667449914,0.1317169367,0.0368,0.0095005263,0.0197429664,3.157121051,0.3606503641,0.3894296578,0.0883502029,0.8517513238,2.0386693319,-0.0975234742,0.107851711,0.0657701152,0.9114796324,2.6122665835,0.7031063682,0.5027186312,0.0429223004,0.3569561575,2.5658443572,0.0641820158,0.0428707224,0.0121863859,0.1852020771,3.4531098017,0.1124698346,0.496569441,0.3023158606,0.0005601046,0.0004790624,0.9530863212,0.0407201911,2.3175809325,0.5029800671,0.058422926,0.4325601096,8.671e-07,4.8339e-06,8.9702e-06,5.339e-06,0.0850067773,0.1041665124,2.8885151524,0.397790555,-0.0486458926,0.2543085507,0.5010025,0.0142606493,0.0352705484,0.0022538385,0.0351732836,0.085276216,2.9310447983,0.5255961899,0.0400190596,0.1923234181,0.4574064781,0.3157452844,0.0204450978,0.0140763686,0.9952623713,0.0027697617,2.0180422266,0.1397567668,0.4649988718,0.1605406242,-0.00010233,6.94581e-05,4.89029e-05,3.21991e-05,0.9449225156,0.0789225492,2.1076999377,0.141144943,0.3948990888,0.2694719198,0.2160524673,0.0818569741,0.13244983,0.0338687165,0.935296202,0.0794816667,2.2957537736,0.2227616921,0.4999583492,0.3727017675,-3.2575945553148653,4.821589693914278,-0.5835814491971297,0
382,111.12078878225564,4150,74,37.34674713416626,0.263,0.0323496522,0.2100749956,3.5411570295,0.3102891119,0.25165,0.0350717479,0.2101821845,2.9265062165,-0.1235970179,0.48535,0.0442733272,0.305300983,2.8196168129,0.1320337967,0.0307,0.0092200868,0.0118490871,3.0211783245,0.377821077,0.3896610169,0.0889813559,0.9098342526,1.8289211311,-0.1370060796,0.0637288136,0.0644769912,0.8643907168,3.0963965051,1.1024976923,0.5466101695,0.0471334265,0.5373803202,1.9184172556,-0.1449958125,0.0529661017,0.0144127605,0.15996804,3.0210724969,0.451639201,0.497123929,0.301297897,0.0018812287,0.0011766142,0.9337414954,0.0421629715,2.4835047164,0.5410215155,0.0936898294,0.4105695734,-1.06791e-05,5.04673e-05,5.23152e-05,3.12724e-05,0.2917283317,0.1459731668,2.9864238099,0.5300585499,0.0091225704,0.2645775117,0.49889,0.0282269047,0.0404307388,0.0037570079,0.2163126185,0.1471438468,2.9124352374,0.5911768857,0.0092485189,0.2628807562,0.4703053026,0.2853395429,0.0082681514,0.0052955374,0.9516395188,0.0042773163,4.5311926067,0.6613149862,1.5823577534,0.2054786278,-0.0004243841,0.0002597126,0.000136569,8.81017e-05,0.8949514438,0.0197061221,4.5420029215,0.7040773562,1.5090622872,0.185903683,0.1363372265,0.0172285794,0.1379095574,0.0112926495,0.9405268851,0.0130898297,3.2938470784,0.4206362637,1.1728440657,0.1619339503,-0.08863965168623304,-2.486876542454403,-3.510566999241172,0
384,611.3607524988531,21360,52,34.93845477108881,0.25385,0.0274850414,0.3169527261,2.3284129467,-0.0137747365,0.2187,0.0362878768,0.3055638238,2.7236699173,-0.04666275,0.52745,0.0350677558,0.1585980056,2.3695757533,0.1356630633,0.03605,0.0113202253,0.1351181788,3.1104019643,0.1319592042,0.3858285714,0.0876667344,0.8480930564,2.3197887309,-0.2625390175,0.0766,0.0556032887,0.8792023924,3.2773623792,1.0197017588,0.5375714286,0.0465183747,0.5208557401,2.5631486095,-0.1466731699,0.0500571429,0.0131582519,0.1029102104,2.6318552879,0.0835385573,0.499474243,0.3027717542,0.0007555954,0.0005535856,0.9429606453,0.0387327185,2.3401514588,0.6362434256,0.0183388541,0.3614667142,-6.1644e-06,1.4215e-05,1.57775e-05,9.6373e-06,0.1004501453,0.1302358163,2.8555268281,0.2899677835,0.0188694377,0.1916265344,0.49429,0.0256958002,0.0368678379,0.002331154,0.0401884034,0.1077991375,2.8812887437,0.3291625099,0.0052442466,0.2264732074,0.4535506538,0.3038068638,0.0203500662,0.0139107953,0.9920301216,0.0043752679,2.1855595413,0.2154820714,0.6002661158,0.2163447357,-0.0001817702,0.0001304857,7.75504e-05,5.01539e-05,0.9173087647,0.1457268863,2.702947305,0.2761020656,0.8260760504,0.1744886171,0.1753539306,0.1028491937,0.1277916521,0.0263059174,0.9006016043,0.1648874957,3.0919897569,0.4745750589,1.0303436799,0.3032400726,-0.5585635259475533,6.997004360263808,-5.371678660173767,0
385,1129.2947031032743,41975,36,37.16921710927512,0.2585,0.0295930735,0.0394346112,3.1335031211,0.0341196722,0.25745,0.0292104005,0.1205959684,3.0357545206,-0.2988049479,0.48405,0.0364670742,0.0778381969,2.6828909605,0.2807400966,0.03165,0.0095930965,-0.0181659142,2.5038201805,0.0863380984,0.3575223214,0.0691917589,0.7495049086,2.303569769,-0.1840118474,0.099921875,0.075264745,0.9184395939,2.2688526245,0.6439577184,0.5425558036,0.0381476398,0.2324958992,3.1295934845,-0.1519528082,0.0444642857,0.0138689199,0.3611009113,3.4072309256,0.4510556279,0.5002183295,0.3034430414,0.0002995502,0.0002722169,0.9488606707,0.043350922,2.2024284211,0.5115093827,0.0432443706,0.4049670187,-7.262e-07,2.6108e-06,5.4438e-06,3.4105e-06,-0.0045526016,0.1169414416,2.823829996,0.3146828253,0.026546908,0.1690552806,0.4964125,0.0114048441,0.0341691375,0.0024273271,-0.0282868348,0.087546957,2.9011403562,0.3622858053,0.0967646779,0.2981312986,0.4671834142,0.3446376033,0.0140401946,0.0110774169,0.9964194093,0.0013836931,2.0520393026,0.1408607399,0.4936534687,0.2230627123,-4.33491e-05,3.76552e-05,2.28739e-05,1.5929e-05,0.8444044361,0.2572224131,2.3091190995,0.3205334778,0.4706670435,0.2550698429,0.2393607491,0.1349932179,0.1218454774,0.0404834312,0.8055956677,0.3201723794,2.6476316667,0.6168655256,0.6456901439,0.2114038948,1.0701742620192605,15.511858878158415,-9.840559697578144,2
392,490.7431247785134,18396,22,37.48600657075461,0.25055,0.0355871817,0.367399054,2.9893443803,0.0770800847,0.2457,0.0375234593,0.2318897553,2.4218868888,0.0851797441,0.50375,0.0397012279,0.1116298092,3.5264401186,-0.3652899222,0.03565,0.0107390642,-0.1263413491,2.4353637617,0.1583247941,0.4876963351,0.125006521,0.9099618135,2.1676552792,-0.2909474192,0.0898691099,0.0717168563,0.8990419424,2.9711012179,0.8965015162,0.422434555,0.0637872335,0.7324088998,2.4546156262,-0.1936004563,0.0373036649,0.0122338444,0.2920505188,2.9983458029,0.2726587441,0.4951551736,0.3007054323,0.0008729357,0.0007453919,0.9387093252,0.0453475563,2.3794681268,0.4750294648,-0.0162052305,0.4232229241,-1.777e-07,8.7458e-06,2.03816e-05,1.31251e-05,0.245539533,0.1538189831,2.9803132936,0.3634997427,-0.0228144938,0.2951619156,0.498245,0.0168649778,0.0404810387,0.0026463198,0.1638893657,0.1191736051,2.9459547941,0.4356197635,-0.0156229044,0.2797799395,0.4526604107,0.2916377161,0.0212085779,0.0129192926,0.9926639749,0.0028953792,2.1001827973,0.114667424,0.5378251609,0.157316232,-0.000208753,0.0001320892,9.45305e-05,5.60378e-05,0.963011357,0.0166896759,2.2278289767,0.1887843699,0.5883154538,0.1246472665,0.1863361021,0.0631577186,0.1391227568,0.0151789373,0.9534519136,0.018984182,2.485183462,0.2972401871,0.7787788143,0.1721443366,-2.997877389416726,-0.35028532071350243,0.5238802269076346,0
396,789.8447681743492,29502,65,37.351643245281046,0.2516,0.0337852039,-0.1652102306,4.2984407704,0.6906607667,0.2576,0.0273082405,-0.1035945544,3.2247348294,-0.2888235752,0.4908,0.0375813784,-0.0954623462,3.0310986577,-0.0237888699,0.034,0.0110679718,0.0236613722,3.3719616826,0.0597421552,0.4099802372,0.0921820441,0.8511481073,1.99776121,-0.0615471818,0.0950395257,0.0694814106,0.9074609456,2.5480023174,0.7378717863,0.4949802372,0.0444565294,0.3388540453,2.6633407803,-0.0356500967,0.0433596838,0.0124386667,0.1251037403,3.1354978696,0.28110052,0.4957546668,0.3014522619,0.000440604,0.0003167079,0.9356529349,0.0446175389,2.5480052706,0.5664737148,0.2644744947,0.4859497195,-8.39e-08,4.336e-06,1.03961e-05,6.3347e-06,0.0144716281,0.1152541855,2.9972115156,0.5066199255,0.0764474871,0.2667011634,0.5028775,0.0129265857,0.0352230192,0.002127156,0.0128047454,0.1185347664,2.9339863717,0.3813385708,0.047367147,0.214736507,0.4543947578,0.310649137,0.0206973757,0.0123540537,0.9946812012,0.0025692272,2.1760579018,0.1672578359,0.606514515,0.1863676747,-0.0001184937,7.0985e-05,5.57129e-05,3.26941e-05,0.9630228609,0.0260230528,2.1517924781,0.1185241636,0.5478540213,0.1806394801,0.1983718634,0.0636622888,0.1385152898,0.023751462,0.9446208937,0.0569906079,2.2832611625,0.0953014563,0.6543538121,0.2068743128,-3.901532953535421,2.251813337606664,0.9460493100946045,0
397,755.596577083842,27108,30,35.876287455696165,0.27215,0.0287076209,-0.0323891813,2.5467330477,0.1372934174,0.2144,0.0330551055,-0.0960797419,2.9182920608,0.1522667353,0.51345,0.0366653447,-0.0079524909,2.7996516974,-0.0055042593,0.0402,0.0100478853,-0.1037809204,2.2278436047,0.1448255154,0.3851858736,0.0960587782,0.8870259288,2.1742583372,-0.0735896983,0.0970817844,0.0779925695,0.9229610106,2.4557806228,0.7389446907,0.517732342,0.0411641346,0.3181393843,3.01319171,-0.3837519741,0.0465799257,0.0119872193,0.1380422975,2.6752714076,0.413522586,0.4957055049,0.3007922649,0.0006198117,0.0004711282,0.9522456678,0.0327946108,2.5171299,0.6522898353,0.1231500131,0.4456059649,1.2185e-06,7.9465e-06,1.14648e-05,6.9751e-06,0.0130276939,0.1005727961,3.0597507474,0.4826392619,-0.0151633712,0.2415870533,0.502265,0.0153930999,0.0362813946,0.0025559068,-0.0116701501,0.103949671,2.9458213387,0.4152196874,-0.0629991974,0.2251749921,0.4522528284,0.3023823183,0.0211434609,0.0136249712,0.9937576407,0.0035104938,2.2517781265,0.1880531663,0.6687372566,0.1308988804,-0.0001429372,9.07846e-05,6.38874e-05,4.04207e-05,0.9703005041,0.0050970414,2.268951347,0.1733735357,0.6438200026,0.1269330643,0.1725756674,0.0159894324,0.1454580417,0.0056886313,0.9652856285,0.004513541,2.3621370454,0.1339597475,0.7674321533,0.1095898696,-4.642927452028853,-0.08060590447923609,2.9250598678687347,0
399,186.0291737800738,7034,42,37.81127366783712,0.2614,0.0416538114,0.4867802651,3.2386725452,-0.4858089412,0.25015,0.0371244865,0.3386340102,2.6637613317,0.1327746122,0.48845,0.0343561858,0.3246595806,2.6941491153,-0.3177114481,0.03355,0.0104712702,0.1959515254,4.8152303739,0.9025532486,0.4730701754,0.1120101593,0.8936123366,1.8376778796,-0.0664655499,0.0907017544,0.0694744595,0.9189789507,2.2837570781,0.6370754299,0.4362280702,0.0550859034,0.5486912938,2.066936314,-0.2838870192,0.0424561404,0.0097388176,-0.1204390224,3.1716987732,0.3764659914,0.4932058564,0.2991381351,0.0020185634,0.0014247609,0.9336574388,0.0368173529,2.3945368134,0.4744138562,-0.0452101465,0.4512845743,-7.9081e-06,4.5783e-05,5.30964e-05,3.17552e-05,0.2614334247,0.148533784,2.9298902737,0.7434280081,0.0737417234,0.2064392208,0.496245,0.0255519319,0.0407171297,0.005129727,0.1961055068,0.1531476904,2.8829795376,0.6070976455,0.0235947489,0.214799382,0.4468272933,0.2713153721,0.0267249963,0.0159078836,0.97980248,0.0112719611,2.1186301127,0.2238917057,0.5924171611,0.1386926136,-0.0007403597,0.0004550497,0.0003389958,0.0002018171,0.9643537136,0.0107433224,2.1493899561,0.1973960085,0.6190207648,0.1270650028,0.1594529797,0.0138549067,0.1469305047,0.0103221647,0.9514049916,0.0095604901,2.4700152313,0.2597448058,0.8507950997,0.1220750993,-0.0919636235979593,-2.1986595000778837,1.955842997324772,0
40,226.5107681069608,8456,45,37.33155854209539,0.2762,0.0442273671,0.3804093973,2.6749185592,-0.1196495023,0.2655,0.0521656017,0.5547892355,2.8936598662,0.431458718,0.4583,0.0428381839,0.4173993092,2.4540599841,-0.0048786724,0.0318,0.0096311993,0.1025264974,3.6942357609,0.3730330341,0.4444117647,0.0972093307,0.9021994088,1.8184323517,-0.2904697614,0.0809803922,0.0533120632,0.876049351,2.6899597151,0.833032983,0.4746078431,0.0542583068,0.6598132593,2.1092549246,0.0851463058,0.0455882353,0.0098342668,-0.1458954763,2.7558427552,-0.0095767979,0.4940516143,0.3007766373,0.0024905637,0.0015924392,0.9327369956,0.0341168069,2.3270507952,0.7102597786,0.0405345479,0.2999481565,2.93634e-05,5.16257e-05,7.74211e-05,4.6176e-05,0.3592959119,0.1908943995,2.8420860093,0.3675920239,0.0377035889,0.2169252008,0.5078375,0.0308358674,0.0423487408,0.006389016,0.2634248571,0.1916739773,2.7221194688,0.3978676596,0.0394376438,0.2154175882,0.447474935,0.2720608305,0.0221259437,0.0137092275,0.9710112614,0.0103348203,2.5232738426,0.1627026942,0.832301908,0.078762324,-0.0008567144,0.0005120329,0.0003428394,0.0002140329,0.9407972914,0.0087946256,2.8922821972,0.3443837237,0.9248205433,0.12605863,0.1383672607,0.0138330051,0.1393206191,0.0106198871,0.9389659834,0.0124936829,3.1653996427,0.4693911852,1.1108289536,0.1684210309,0.8987076468109791,-2.879138263137715,1.7479806438498577,0
401,690.3949091281163,25735,68,37.27576733220721,0.2519,0.0275388816,0.0376752338,2.5544137182,0.067886214,0.2705,0.0324923068,0.1284528717,2.3205276361,0.0300623084,0.4776,0.0330944104,0.1498159666,3.6854133664,-0.6589757705,0.0355,0.0094207218,-0.1301843643,2.7909779806,0.1246876733,0.4121359223,0.1150012704,0.8902951733,1.8981180003,-0.1526460897,0.1044660194,0.0732561427,0.9138500812,2.5551544706,0.6804084331,0.4833980583,0.0542097401,0.5433771767,2.3442424457,-0.0802356175,0.0421601942,0.0096827626,-0.0215418629,2.830393409,0.0488439916,0.4992325324,0.3028532279,0.0005495943,0.0004400363,0.9351760605,0.0430680206,2.0718989092,0.4659138086,0.0337716596,0.3189505155,-6.48e-07,9.5185e-06,1.27342e-05,7.7918e-06,0.144134013,0.1651763254,2.8341069516,0.4047707972,0.0018598831,0.2043743065,0.4995725,0.0224684527,0.036749941,0.0043577756,0.1252351884,0.1262932159,2.8035491528,0.38241368,-0.0224254243,0.1568612386,0.4513030008,0.2982486444,0.0223209868,0.0138277068,0.9948267814,0.002397496,2.032123534,0.0798525876,0.4980289103,0.1009198928,-0.0001528918,9.54106e-05,6.73278e-05,4.21754e-05,0.967114114,0.0069206629,2.1911578574,0.1225054697,0.5651646399,0.0790255437,0.1800466475,0.0315648113,0.1362584605,0.0067785221,0.9583233505,0.0091769424,2.32610915,0.2363215004,0.7033046542,0.1453936011,-4.380146956393313,-0.137726336847437,2.2866248794710673,0
402,416.37934133399966,15668,69,37.62914833815417,0.27395,0.0336027901,0.2274691158,2.9551906395,0.2047630214,0.22355,0.0340168708,0.0368065559,2.7617732374,0.0462467714,0.5025,0.0427580402,0.1750439246,2.7307163361,-0.2318913456,0.03755,0.0096045562,-0.1631964248,3.065582387,0.1455708677,0.4442732558,0.106395329,0.8942120578,1.9598406372,0.2902854369,0.0955813953,0.0812025124,0.9006904572,2.3866265649,0.7541824712,0.4601453488,0.0546378865,0.5445824242,2.708669321,-0.2977196876,0.0415988372,0.0120283869,0.1933831188,2.7254501991,0.0979162541,0.4955977813,0.3009018116,0.0011587795,0.0009053261,0.9414103126,0.0454690297,2.2872525163,0.4134066704,0.0044003137,0.3701712668,-2.0704e-06,1.84744e-05,2.05292e-05,1.25643e-05,0.0852910976,0.0732860685,2.9331843032,0.3569245101,-0.0756534256,0.2439609863,0.49555,0.0211133133,0.036648398,0.0024125559,0.0438517359,0.0782653537,2.8327108022,0.3481204475,-0.0872173362,0.2309629675,0.4486916319,0.2896533672,0.0222977361,0.0138484127,0.9913592278,0.0035133699,2.1003737914,0.1367335477,0.5658127281,0.1593819644,-0.0002551216,0.0001608562,0.0001144013,6.9941e-05,0.9551130102,0.0563903118,2.2247990398,0.1435373759,0.5551583416,0.2204244287,0.1792300775,0.0699916099,0.135069465,0.0234853522,0.9474974921,0.0492390471,2.5124696036,0.2009841286,0.7723919091,0.2975641344,-2.410581661527227,1.7825614395611116,0.07101019234425293,0
405,114.56528346460787,4247,63,37.07056685555189,0.25525,0.043922517,0.3997102535,2.769348707,0.1563035296,0.2703,0.0653636749,0.7682593217,2.3673179888,0.1729919488,0.47445,0.0508915268,0.5226669803,3.0104274991,-0.0881988415,0.03715,0.0107297484,0.1590943436,3.0407896516,0.2236231574,0.5401785714,0.1202005923,0.8578503148,2.3907457065,-0.5109779809,0.063125,0.0577986229,0.8122371826,6.7372804135,1.7830215296,0.3966964286,0.0737773968,0.6804099748,1.9602043918,0.0421025098,0.0407142857,0.0110368122,0.1389130607,3.9594747951,0.2571797196,0.4921156916,0.2984807927,0.0024574179,0.0016945766,0.9055592703,0.0913257371,2.5794472596,0.5992585349,0.0859653577,0.4258634383,-2.34126e-05,5.24075e-05,0.0001027879,6.76659e-05,0.5239171883,0.1478199823,2.7426418556,0.4305939522,0.0402652776,0.2252495985,0.49313,0.0223387298,0.0524952184,0.012029601,0.4254948631,0.2022489547,2.7452128539,0.3718299492,0.0316622033,0.2150473479,0.4423742979,0.2687626329,0.0229636808,0.0137981582,0.9716881805,0.0116015059,2.4072180266,0.2046175648,0.7834344037,0.1292977871,-0.0008600661,0.0005189171,0.0003361601,0.0002059592,0.9362162451,0.0319213954,2.9248083258,0.4776079547,0.9593535937,0.1646804793,0.1367129046,0.0198740549,0.1361653435,0.0163952051,0.9311772687,0.0242669079,3.2641033926,0.6208799172,1.132332162,0.1919227918,4.039425955540926,-4.412959548297945,-4.996456955904301,4
407,272.0926452358352,9446,66,34.716116607314824,0.32565,0.0617197497,0.6899417893,3.1591522978,-0.150863858,0.2769,0.0446641915,0.4353493468,3.1096590362,-0.0163044845,0.39745,0.0526236401,0.5040495076,2.3756234033,-0.184126912,0.0275,0.0085293611,0.2138528139,2.7199135579,0.2961268939,0.5910576923,0.1464264601,0.9323698795,2.2463893842,-0.363101509,0.0802884615,0.0660231127,0.871656125,4.7128773949,1.4413375136,0.3286538462,0.0909359209,0.8880100969,1.8810714019,-0.1008251119,0.0388942308,0.0109183317,0.2179867279,3.3684380618,0.3279539105,0.49620399,0.3008218855,0.0023231518,0.0018307028,0.9181475696,0.0606151462,2.5687472015,0.783638716,0.198639866,0.4961184929,-3.86351e-05,6.56863e-05,8.34287e-05,5.55559e-05,0.408058256,0.2059622173,2.7817572832,0.5092582797,0.0127276454,0.3060639542,0.4817125,0.0301495559,0.0469651438,0.0113977803,0.3044136611,0.2172430471,2.7089597017,0.3737666791,0.0702615585,0.2293620751,0.4493252893,0.273293525,0.0225955866,0.0139142414,0.9715651116,0.0175264555,2.2639407584,0.1986004326,0.6765856359,0.1335892477,-0.0008965232,0.0005391417,0.0003609415,0.0002212724,0.9422023406,0.0333631831,2.5908643074,0.3292440012,0.8225547474,0.1520445596,0.1380175991,0.0188561457,0.1323759544,0.0152266994,0.9355483799,0.0153469963,2.9624309443,0.4647191819,1.030702317,0.1755073077,4.120643634065104,-3.7857784829999948,-4.2425050063513545,4
408,541.7732589413648,19665,12,36.29747255969367,0.2531,0.0338436109,0.0468474362,3.0844606645,-0.1491563844,0.23855,0.032429115,0.0206380646,2.6156785499,0.0966592033,0.50835,0.0364489712,0.0306215647,2.6630426804,-0.1045577225,0.04115,0.0102677894,0.0890659843,3.2561809973,0.2988471567,0.4342270531,0.1004020018,0.8674490794,2.1989060408,-0.1593124211,0.088236715,0.0648141677,0.9081538019,3.5320459179,1.0069245284,0.4775362319,0.0511176288,0.5230374216,2.8091386918,-0.0820094816,0.0428985507,0.0108148381,0.0311446315,2.506503483,0.015963166,0.4962092297,0.3017623792,0.0007125899,0.00056135,0.9502855622,0.0369973092,2.2978596436,0.4323837492,-0.0952476991,0.39348715,-1.0006e-06,1.09156e-05,1.4771e-05,9.0299e-06,0.0429914973,0.1099992142,2.9156229719,0.3883766635,-0.0356423611,0.2329591091,0.49589,0.0187637323,0.0359454225,0.0030994917,0.038218877,0.1151727517,2.945617393,0.4426213156,-0.052678723,0.2350421006,0.4512285657,0.2973827358,0.0226671668,0.0135359289,0.9937986674,0.0030333145,2.0910700231,0.1461433829,0.5396930982,0.160518315,-0.0001889696,0.00011576,8.43112e-05,4.90912e-05,0.9593711033,0.0327968146,2.3127373941,0.149463807,0.6289376784,0.1515266193,0.1807587972,0.0527832763,0.1383047542,0.0194176033,0.9457089009,0.0458620761,2.5613415974,0.1937542493,0.8008952501,0.1730084372,-3.2874541141516636,1.323390699454298,0.3145659108625737,0
409,433.5252221039476,15881,45,36.63224004113921,0.27715,0.0341705648,0.2792657466,3.3390027991,0.6170688045,0.2526,0.0477780284,0.5849243682,2.3539229379,0.2549360359,0.47025,0.050957703,0.5644353538,2.8832434914,-0.1331893694,0.03455,0.009697809,0.2586605695,2.4959366665,-0.0703847591,0.4904761905,0.1399991901,0.9285068961,1.8915046814,-0.1473455992,0.0723214286,0.056047633,0.8892981405,2.5946287243,0.7796886332,0.437202381,0.0901762533,0.8380088207,2.0190143554,-0.1106012556,0.049047619,0.0123316325,0.09072569,4.1381442837,0.552743124,0.494316094,0.3003766832,0.0017561001,0.0011228456,0.9420823703,0.0431926355,2.2682561599,0.5490582985,0.0580827152,0.3757296343,-3.4616e-06,2.69971e-05,4.74011e-05,2.85686e-05,0.1910307122,0.1960041921,2.9098912366,0.6211157643,0.0521715497,0.2281928059,0.496185,0.0219320148,0.0395588784,0.0038049495,0.1091735181,0.1583436275,2.9876499089,0.4199489393,0.0460514954,0.1701256006,0.4464838311,0.2717420175,0.0228827299,0.0136211786,0.9807214591,0.0109569254,2.1295805858,0.2644999351,0.5895467463,0.1445446681,-0.0006151173,0.0003653221,0.0002848805,0.0001684159,0.9616520909,0.0146665262,2.1782356465,0.2606277726,0.5842290475,0.150536374,0.1635252367,0.0105774893,0.1497426954,0.0096540179,0.9487605787,0.011403303,2.4467671037,0.1883867832,0.8256817466,0.0929336464,-0.4700457969867225,-1.9026944739523917,1.6447163920545862,0
41,362.5968281676437,13248,36,36.53644756615161,0.22305,0.0290679807,-0.0678190331,2.4311894609,0.2698029389,0.2912,0.0344972463,-0.1405647769,2.354902585,0.4330673184,0.48575,0.0378178199,0.0658961202,2.927563853,-0.3999993426,0.0344,0.0099569072,-0.028280228,3.026230464,0.1354110414,0.5363302752,0.1121651841,0.9122089919,1.9188519937,-0.1877368533,0.065412844,0.0489997587,0.8552634724,3.1149310945,0.8912301328,0.3982568807,0.0706827002,0.8379195193,1.9795865663,-0.0307775656,0.0421100917,0.0129977694,-0.0054505195,3.0259734471,0.5009653977,0.4953307716,0.3017188818,0.0016377251,0.0011385799,0.9548721131,0.0292322464,2.3738663339,0.4656034137,-0.0158032482,0.4544151964,-6.7663e-06,3.09832e-05,3.3712e-05,1.94482e-05,0.214943114,0.1834778638,3.1545354913,0.6674530796,-0.1003926563,0.3265915725,0.4908975,0.0273674326,0.0386957687,0.0043581086,0.1698224297,0.1273193436,3.1747236812,0.6192528199,-0.0231110357,0.2812120314,0.448750556,0.276624323,0.0221940992,0.013139458,0.9862735113,0.0046159011,2.2299114256,0.1913668487,0.6628990482,0.1413598985,-0.0004142904,0.0002516031,0.0001837867,0.000110224,0.9646312982,0.0100377559,2.3818360838,0.2391693434,0.697373612,0.138295373,0.1631636462,0.0340065157,0.1442429261,0.009940094,0.9552980316,0.0088322091,2.7091856436,0.4487065069,0.9046663936,0.2267323357,-2.167317738958908,-1.5564671261996519,0.24317218868437643,0
410,198.2770363884889,6980,56,35.203269764048315,0.2578,0.0454825241,0.4757854104,2.9635393762,0.2328812636,0.23855,0.0442396598,0.5422102192,2.3734362387,0.0506492374,0.50365,0.0445356879,0.3886214905,2.5117071186,-0.0733687935,0.03925,0.0105918601,0.108760065,4.7600043451,0.7839888043,0.4728217822,0.1134722364,0.8967845529,2.1562706697,0.1821993387,0.098019802,0.0834588866,0.9375705444,2.389846652,0.8120174749,0.4291584158,0.057087172,0.6005152348,2.8866586405,-0.5502017787,0.0416831683,0.0119254538,0.0164487776,3.0454180067,0.3166339483,0.4984779844,0.3019403177,0.0015739557,0.0009789638,0.9240775518,0.064695627,2.4439599942,0.6022495811,0.0383314243,0.3442766685,-1.7672e-06,4.49519e-05,4.07185e-05,2.55925e-05,0.1912726235,0.1196102859,2.9536969375,0.4144253467,-0.0659043831,0.1869803493,0.497175,0.0305647366,0.0417156964,0.0046007528,0.2385912467,0.1571588613,2.9502612074,0.3414245039,-0.0745693146,0.2340507304,0.4369501727,0.2666614986,0.0250974335,0.0150311959,0.9828560923,0.0059148573,2.2845363996,0.1960186292,0.7071743253,0.1308991615,-0.0004625571,0.0002795624,0.0002335646,0.0001375946,0.970129034,0.0097731371,1.9497743415,0.2505234412,0.4772547866,0.1874253431,0.1878964049,0.0340619715,0.1602027716,0.0123658089,0.9654459763,0.0098520033,1.9444012556,0.2477524162,0.5551396037,0.2230581396,-1.4699467109213942,-1.8653766856668557,2.0473176986150534,0
413,413.0432238275488,15266,56,36.95981224079774,0.24125,0.0414570561,0.1355732144,2.6484284111,0.0759521095,0.2492,0.0317546847,0.2618337201,3.1736412451,0.0534218545,0.50955,0.040829493,-0.0287796738,3.1154784146,-0.1474794441,0.03835,0.0111815697,0.0212233976,3.1292828189,0.3573869296,0.4097222222,0.0875370292,0.8462220405,2.9018398835,-0.6721394023,0.0787654321,0.0630232706,0.8605502958,3.7588761225,1.1245470493,0.5115123457,0.0419659235,0.3134301645,2.6516255997,0.0171950669,0.0483950617,0.0150683046,0.4052152257,2.8461277953,0.2914222062,0.4927459364,0.2990407651,0.0008461726,0.0006976353,0.9392984923,0.061280267,2.1926931004,0.5798721728,0.1652793462,0.3383734992,-1.9568e-06,1.67963e-05,2.00577e-05,1.28654e-05,0.3220442981,0.1514902047,2.7989956969,0.3684122616,-0.0759715144,0.2347876668,0.4966425,0.0210541164,0.0426149683,0.0038798649,0.2914745477,0.1599780711,2.8494963487,0.4361976303,-0.0521341332,0.2565830465,0.4523797196,0.2943174729,0.0185414606,0.0114012374,0.9904018195,0.0024835022,2.6045378038,0.2241652379,0.8746431841,0.1312096862,-0.0002096268,0.000125529,8.65444e-05,5.34453e-05,0.9627501991,0.0116224684,2.8511150417,0.4459330882,0.9771845652,0.1919398934,0.1546372685,0.0250487255,0.1414445638,0.0114644852,0.9616346944,0.0064842724,2.8671721235,0.5041974707,0.9822895976,0.257437265,-2.7522119170520236,-1.5839625475305343,-1.2754675041453987,0
414,574.4320783609329,20656,48,35.95899459330197,0.2766,0.0333232651,0.1473951054,3.0014443854,-0.3110979282,0.19045,0.0292069769,0.0758016551,2.4090024406,0.2109997069,0.53295,0.0391541505,0.2415330987,2.5508620206,0.0980106679,0.03845,0.0098411127,-0.1798618562,2.9274538604,0.0344299568,0.4448965517,0.106564646,0.9158795241,2.0965874782,-0.1318208843,0.0936896552,0.0716866281,0.900558774,2.9432716542,0.8345982726,0.4614137931,0.0483653604,0.6511563644,2.5094809617,-0.2730691109,0.0411724138,0.0106837581,0.1206831876,2.8243108123,0.0922023901,0.498250042,0.3026921548,0.000836654,0.0005579165,0.9377543164,0.0692320119,2.5754374657,0.9031059996,0.0179617649,0.5817441518,1.0957e-06,1.715e-05,2.03529e-05,1.2367e-05,0.2884713588,0.1750432478,2.7595866869,0.3151743601,-0.0299666286,0.2306596442,0.5019675,0.0261441307,0.0395041443,0.0036638039,0.227174339,0.1675500743,2.8292367123,0.2831774647,0.0022929602,0.2269629336,0.4610928129,0.2944468256,0.0169678801,0.0106352338,0.9898879996,0.005570653,2.2416537533,0.2831974243,0.6376407016,0.1949445377,-0.0002073935,0.0001275712,8.59534e-05,5.3691e-05,0.9441652216,0.0621618123,2.5210956236,0.3797490735,0.7069803358,0.2691067455,0.1680973293,0.0645204744,0.1303206907,0.0222634561,0.9243541599,0.112303562,2.7468778675,0.3891230965,0.8846169212,0.2661726122,-1.4968011058990132,3.5355116384363696,-2.3809985719997435,0
417,434.1913496340815,15783,30,36.350332666234046,0.2258,0.0340860675,0.3316426456,3.3431608928,0.1827129368,0.28365,0.0394072011,0.2544705943,3.5249045276,0.0593672054,0.49055,0.0379993092,0.1187341592,3.7289013306,0.5342008462,0.03665,0.0095670006,-0.0489598706,2.502641619,-0.2356018355,0.4842757009,0.0948612547,0.8516782297,2.26598973,-0.3633733502,0.0762383178,0.0592593242,0.8924440608,2.9732368854,0.9391745365,0.4394859813,0.0489537001,0.4733329194,2.5799556442,-0.0320601002,0.0411915888,0.0115344152,0.0645306507,2.8955461674,0.3455722545,0.502940322,0.3041876171,0.0007043862,0.0005159354,0.9423970841,0.0525183227,2.450180452,0.5217380683,-0.1426702352,0.4958321787,3.4168e-06,9.2226e-06,1.57729e-05,9.8408e-06,0.2807848027,0.1345405967,2.9286195465,0.3251971577,-0.0497464317,0.1677275863,0.5050375,0.01624172,0.0380612102,0.0031083604,0.176556746,0.1143341745,2.735335737,0.2352371034,-0.0386217224,0.1820637738,0.4588273541,0.3044452506,0.0192932929,0.0122520667,0.9936788016,0.0026668517,2.1014760827,0.1183015187,0.532271993,0.166346682,-0.0001867862,0.0001107946,6.96997e-05,4.27688e-05,0.9475346317,0.0462778854,2.643609876,0.16804423,0.7977763292,0.0830408374,0.1672797084,0.0670821245,0.1210571593,0.0208587206,0.9442976674,0.0474673768,2.7959525675,0.2591970112,0.8917540644,0.1618247975,-3.1231537776258484,1.7306554829612713,-0.7626779684133903,0
419,143.25263487504566,5264,30,36.74627000467814,0.26435,0.0554646509,0.4926352705,2.7179089048,0.2209074066,0.2464,0.0459133967,0.4585965324,3.1493296899,-0.0844792029,0.48925,0.0556972845,0.5088540692,2.9514365609,-0.0103216284,0.0355,0.0101365675,0.1546767013,2.7055783473,0.1951451708,0.542745098,0.1605820105,0.9562619512,2.2754360694,-0.6098270593,0.0899019608,0.0850460671,0.8716576779,2.9929273338,1.0604147631,0.3673529412,0.0845829036,0.8732898377,2.0490602073,0.1915505355,0.0342156863,0.0114349202,0.2851356165,3.4020960074,0.3601785287,0.4928406212,0.2982981824,0.0048631917,0.0030096765,0.9265588617,0.0591745889,2.3767032415,0.4426742918,-0.0363821513,0.431750048,-1.45124e-05,0.0001313172,0.0002071545,0.0001265879,0.6090831093,0.146577948,2.7726585622,0.5132028794,-0.0280927508,0.256947581,0.5004725,0.0311009424,0.0617492877,0.0144852028,0.534956869,0.1525830815,2.715250479,0.3812673441,0.0032336415,0.279035488,0.4500827323,0.2721176563,0.0252795443,0.0156991177,0.9444513688,0.0247119278,2.4040409656,0.3133557317,0.777255584,0.1832944975,-0.0018852094,0.001180432,0.0007974446,0.0004999909,0.921338179,0.0405611299,2.5662998437,0.4532914272,0.8165054334,0.2581371663,0.1381211826,0.0202077547,0.1443219588,0.0153565989,0.9095309517,0.0217720541,2.9224726484,0.5026385216,1.0570694239,0.2418896856,10.04008627661023,-5.741354466941769,-2.616366946674593,4
420,883.7481517563795,31748,70,35.92426183512052,0.24815,0.0308273823,0.1429459431,2.7361659202,0.2201452491,0.2496,0.0317228624,0.2636668958,2.6174699337,-0.0691432468,0.50225,0.035681753,0.2380441057,2.3563139128,-0.2740320557,0.0361,0.010573079,0.2550468972,5.1764396636,1.0425541512,0.4421428571,0.1043082168,0.8941906644,2.3403976215,-0.2230346557,0.0999795918,0.0720168602,0.9317984138,3.19520617,0.9181418017,0.457877551,0.0466487669,0.5043098184,3.107909533,-0.4595153023,0.0379795918,0.0125722237,0.0605073372,2.5300310063,0.1265582659,0.4931747641,0.3001386206,0.0004798764,0.000289486,0.9383777053,0.0345346338,2.4872376696,0.6455892065,-0.1141220711,0.4901841945,1.8144e-06,1.24555e-05,1.17741e-05,7.2367e-06,0.1138876148,0.1200559814,2.9798315451,0.4083299632,0.0142223612,0.2687657872,0.5035225,0.0243029807,0.0366156684,0.0021592717,0.0181314806,0.0967474272,3.0469823082,0.2865415271,0.0379524284,0.2599949367,0.4551763019,0.3107205112,0.0207103398,0.0122201013,0.994542229,0.0030935234,2.1345720125,0.1518499977,0.5692434801,0.1559496429,-0.0001396179,8.06279e-05,5.66802e-05,3.3313e-05,0.9591354044,0.0158704532,2.3970862273,0.2086159039,0.6127025972,0.1821449945,0.180296447,0.0495931955,0.130652445,0.0182307779,0.9506831274,0.0281759213,2.4575502679,0.2510275596,0.6995241554,0.2586586159,-3.6351869526521385,0.7510828026982302,0.7150789207274124,0
421,119.36738966422428,4490,20,37.61496345551488,0.2658,0.0342178316,0.0902585569,2.5062666131,-0.0784508093,0.23545,0.0384323757,0.4101220866,2.4579051432,0.0981150891,0.49875,0.0413362734,0.169764356,3.1364863615,-0.0358444148,0.03875,0.0111214882,0.0595072647,3.4965227358,0.6430199741,0.4207333333,0.1241173996,0.8957481756,2.0581748148,-0.2524644876,0.0964,0.0778483997,0.9185508849,2.4079094698,0.765315942,0.4828666667,0.0580412114,0.5795723285,2.2102488612,-0.3568969471,0.0435333333,0.0094788654,-0.0667269727,2.5119367538,0.2487166638,0.493915052,0.2997275891,0.0024788268,0.0020080412,0.9522188569,0.0238406359,2.4622278423,0.5320807524,0.1151111008,0.5523473557,-6.8641e-06,4.87278e-05,5.38628e-05,3.52225e-05,0.2567818388,0.1763269178,2.9667503489,0.3894141387,-0.0688974322,0.229496276,0.4980275,0.0222166462,0.0416540253,0.0039886776,0.1963336465,0.1516835794,3.0408658216,0.3966204978,-0.0045977427,0.1978817124,0.4404572639,0.2685991623,0.0240271137,0.0152146147,0.980270948,0.0067152424,2.1762624797,0.1529778955,0.6336900655,0.1048735207,-0.00064429,0.0003765472,0.0003061353,0.0001947082,0.962614634,0.0092399551,2.2008999327,0.1474401116,0.6293443649,0.1095652934,0.1594760729,0.0212640782,0.1490294967,0.012223151,0.9504350297,0.0115487247,2.5196022386,0.2563606783,0.8593556574,0.1483471483,-0.7738978607926348,-2.3968967080767936,1.7242335396241395,0
425,362.7338490935899,13300,36,36.66600189983492,0.2485,0.0281469359,-0.002627753,3.1491537866,-0.1124020772,0.2689,0.0331480014,-0.0328711086,3.1855933829,0.2386517141,0.4826,0.0388038658,-0.0235899854,3.0912763459,-0.1813300365,0.03545,0.0084880799,-0.1374034209,3.0697640083,0.0308967484,0.4010546875,0.0819862135,0.8531818792,2.036512622,0.066234799,0.0922265625,0.0608013177,0.9018466662,2.4531331605,0.6231690291,0.50671875,0.0388629277,0.2671359397,2.4741644644,-0.1017849486,0.04859375,0.0110385953,0.0649084216,3.1667846042,0.4365239303,0.4971088498,0.301943027,0.0008071429,0.000651953,0.942861376,0.0494028434,2.3117665486,0.4087085077,-0.2169857752,0.3868576794,-4.7315e-06,1.07364e-05,1.53211e-05,9.5757e-06,0.0974473518,0.1215645959,3.0284716163,0.5238507117,0.0555497278,0.2307152415,0.4923,0.0165341162,0.0364467731,0.0025769611,0.0503998054,0.1331014126,3.0442503711,0.6897223643,0.1577203305,0.2592688877,0.4624992268,0.3008246203,0.0158421009,0.0113408151,0.9607082377,0.0942062778,2.2950970645,0.1875242026,0.6585338799,0.2517236958,-0.0001844458,0.0001338463,7.98592e-05,5.65317e-05,0.8385448439,0.4067314577,2.3098167331,0.333539136,0.6456196938,0.3145420143,0.1880899845,0.0933577784,0.1360451287,0.0366683938,0.8374770658,0.3969267176,2.368110887,0.3960960382,0.7882394809,0.2210774359,12.84830272141644,25.57411803389413,-4.360698575349448,2
428,747.9212164388003,27739,68,37.08813092918829,0.33965,0.0435388045,0.4681749229,2.5981170839,0.2354708797,0.31625,0.0496204343,0.4884763653,2.7793479081,0.3396452403,0.3441,0.0401583117,-0.1030035767,3.1994744732,0.1362661485,0.0329,0.0104446158,0.0738080683,3.0004605975,0.4467496897,0.5121308017,0.0884011509,0.8499970351,2.5112321796,-0.474564138,0.0866244726,0.0595552992,0.9005987527,2.8674212751,0.8810150558,0.4012447257,0.0425038001,0.3875440319,2.9768763162,-0.0175372747,0.0429535865,0.011433626,0.1525262458,2.8927204982,0.0024419485,0.4977059775,0.3024620459,0.0005104606,0.0003561178,0.9578990241,0.029668833,2.3355580164,0.486687261,-0.105631771,0.49368895,2.0094e-06,8.733e-06,1.15452e-05,7.6784e-06,0.3518382894,0.1786902469,3.1143912193,0.4868665998,-0.0113641908,0.315649973,0.5063625,0.0247095168,0.0413221365,0.0044527422,0.25964536,0.1616442125,2.9717782599,0.4844530109,-0.0331731344,0.2633249278,0.4498486106,0.3090809287,0.0223425518,0.0147750928,0.9956047484,0.0021670664,2.1018505961,0.123599032,0.5673831508,0.0981709963,-0.0001303475,8.50473e-05,5.34018e-05,3.69049e-05,0.9635227509,0.0185735927,2.5685421704,0.2842619474,0.7796039286,0.1256312458,0.159344814,0.024156669,0.1306657941,0.0105869116,0.9559291409,0.0122284286,2.8219777893,0.3936458621,0.8608971682,0.3270564264,-3.1416260391851982,-0.681927577681949,-1.0011796368605244,0
43,709.1479649894108,26330,64,37.129063749612776,0.26485,0.0362660654,0.1987053333,2.55988277,0.0285253499,0.26935,0.0343122063,0.1446187042,2.6704393246,0.125315007,0.4658,0.0378597412,0.0628514369,2.6867574621,0.0002657987,0.0354,0.0102635277,-0.1136857405,2.5801525661,0.3501128406,0.46025,0.0964485555,0.8825191885,2.2807260424,-0.3535207835,0.0783636364,0.0603441234,0.8815981695,3.2976742784,0.9930569083,0.4613863636,0.0479939465,0.5403539433,2.5174771304,-0.1613352122,0.0475909091,0.0119987086,0.020535356,3.8581020923,0.4196606567,0.4958526175,0.3017891493,0.000586056,0.0003709606,0.9526980649,0.0343465783,2.3094641697,0.4191624112,0.102975174,0.4012449598,-2.0686e-06,8.3422e-06,1.23849e-05,7.1742e-06,0.1253164455,0.1388699324,2.7451667138,0.3294889049,0.0314280604,0.1947965969,0.49105,0.0160920788,0.0365488293,0.0038439016,0.0969173472,0.1042476357,2.8609167038,0.3446420079,-0.0336964125,0.1992840322,0.4500762147,0.2974667861,0.0227640123,0.0142564393,0.9942498831,0.0026359826,2.0793416661,0.1016615082,0.5627604748,0.1006397314,-0.000156702,9.47864e-05,7.27499e-05,4.48732e-05,0.9723319209,0.0046533823,2.1258640058,0.1351254323,0.5321911124,0.135979463,0.1759499967,0.0251051194,0.1428747965,0.0066107199,0.9605416676,0.0061822967,2.3396966552,0.1868505386,0.6958486562,0.1829486804,-4.144496088785431,-0.5559031069350147,1.640624294001676,0
430,107.81900885151046,4040,32,37.47020161875104,0.1992,0.037952075,0.3047550954,2.7656873978,-0.1434679246,0.2916,0.0375158633,0.1947750085,2.7776723039,-0.0474383535,0.5092,0.039298346,0.1540997171,2.9116156679,0.0792867536,0.0346,0.012055704,0.0061903804,4.5590986465,0.7872907629,0.4370192308,0.0990059226,0.9050109072,1.7436630683,-0.1796355627,0.0863461538,0.0809743275,0.9078249644,1.808530235,0.664906723,0.4766346154,0.042896579,0.4107348065,2.4938632349,0.0882346091,0.0476923077,0.0134257767,0.2681064185,3.6383853831,-0.015657987,0.4966314043,0.301039163,0.0024257747,0.0018190778,0.9174971273,0.0516438454,2.5283756705,0.614654225,-0.1197951345,0.4817843605,-8.8996e-06,6.82729e-05,7.01634e-05,4.39645e-05,0.2630767056,0.1614008682,2.7759196133,0.362843087,0.0370654452,0.2290742927,0.503655,0.0314372585,0.0398475868,0.0052521023,0.2100085702,0.1386157676,2.8422774083,0.3135630199,0.0016206314,0.2437462451,0.4357427046,0.263922669,0.0260539921,0.016011141,0.9752387109,0.0065099279,2.3307954634,0.1758095027,0.7615104278,0.1150032272,-0.0008544335,0.0005322908,0.0003831163,0.0002350429,0.9570795958,0.0106561931,2.3911588664,0.2000517605,0.7666845317,0.1174868845,0.1509762832,0.0192377041,0.1492364308,0.0108411344,0.9467190108,0.0145511171,2.7828472576,0.3191984986,0.9875610073,0.1487404678,0.14174756326327143,-2.948382746203276,1.377118157857387,0
431,102.05728654446048,3779,40,37.028223343501374,0.23065,0.0422116986,0.5701751638,2.1901885828,0.0005838244,0.2711,0.0630895395,0.7410245503,2.3320752152,0.2392979016,0.49825,0.0437628553,0.3631926404,2.2981871144,0.0801338425,0.0404,0.0092649879,0.0972361844,2.4207735148,0.0432889678,0.5864492754,0.1952592135,0.9513967204,2.24392108,-0.7061639368,0.1034782609,0.115260588,0.9210047856,3.5953310356,1.3274184882,0.3100724638,0.0921344825,0.8862395397,1.6868184149,0.1651111179,0.0346376812,0.0098657231,0.1004048311,3.0972030841,0.5648892338,0.4953904532,0.3004568351,0.0034463783,0.0021753089,0.9296103142,0.0414077269,2.4190020551,0.49064983,-0.0806912515,0.4050678328,-1.55487e-05,9.58615e-05,0.0001245309,7.52616e-05,0.5217861977,0.1579696482,2.6946336661,0.3519671554,-0.0423785461,0.2817633975,0.4962375,0.0310704638,0.0498552277,0.0073663862,0.4104334099,0.1877288095,2.80204088,0.3321892999,-0.0767014196,0.2781817378,0.4479170002,0.2708534937,0.022642683,0.0137258577,0.9560411988,0.0184027643,2.2301351028,0.1661339617,0.6805504318,0.1069576277,-0.0013992981,0.0008792036,0.0006210938,0.0003775296,0.9380013563,0.030319722,2.2552699619,0.2272204406,0.6623391059,0.148306707,0.1420319152,0.0186176313,0.1436852541,0.0164333736,0.9141686711,0.028686115,2.670960421,0.3191863916,0.9446588819,0.146067989,5.7622204146104306,-4.155446098546566,-1.449950493354104,4
432,644.6392615662471,23571,42,36.56463607682031,0.25125,0.0303345925,-0.0431827065,2.9578816268,-0.4933598414,0.22745,0.0312769484,0.1327263365,4.1935811391,0.5636713455,0.5213,0.0356694547,0.0513921572,2.7777665706,0.2651521278,0.03395,0.0102541455,-0.0495168304,3.7849321191,0.6595471383,0.3865702479,0.0842014827,0.8654859784,1.9549501111,0.0128061324,0.1061363636,0.076145861,0.9105815211,2.4705446694,0.692472739,0.5072933884,0.0385936753,0.1141873656,3.0383063508,-0.2822921057,0.0425413223,0.0118552019,0.2944501978,2.796196695,0.2073212537,0.4959563084,0.302156808,0.0006233183,0.0004682054,0.9612687225,0.0225906173,2.3889152798,0.5993575179,0.0456356705,0.5335919747,2.1584e-06,9.2193e-06,1.04113e-05,6.3347e-06,0.0087772611,0.0871814707,3.2041313615,0.3940791372,-0.0314883633,0.2708701544,0.50226,0.0168463542,0.0351296134,0.0024141283,-0.0033741995,0.0991955744,3.0650806849,0.5146764878,-0.0498731163,0.2572479502,0.4573874478,0.3122624786,0.0202378387,0.0159867052,0.9852842016,0.0269744043,1.9708802264,0.1374907854,0.424771094,0.2071364449,-0.0001201439,9.81355e-05,5.9461e-05,4.12499e-05,0.8300745225,0.3849040214,2.0826026337,0.1010582213,0.4800770593,0.1489636977,0.2121658916,0.112197996,0.1297660566,0.0351531627,0.8115858623,0.4005894423,2.3226838421,0.134313001,0.7081349623,0.1171142863,5.726410805974028,21.04678415934103,-8.454822899362306,2
433,1013.0834769471952,36945,6,36.46787341881174,0.2403,0.0299901651,0.1242933747,2.1215463573,-0.0516988288,0.2725,0.0310362691,-0.0312085457,2.7145013047,-0.2719455891,0.4872,0.0330175711,-0.1401637535,3.0670630865,-0.0232175889,0.0382,0.0101616928,-0.0505793795,2.7742099143,0.1867308425,0.4028084416,0.0893336751,0.8697165617,2.1037531453,-0.0644411789,0.1123214286,0.0742651265,0.8952463692,2.3182667773,0.6644959468,0.4848701299,0.0385615887,0.2811428339,2.9025821253,-0.2329034649,0.0407142857,0.0121600337,0.1585376788,3.434360187,0.502518189,0.4990709839,0.3034840057,0.0003658436,0.0002742486,0.9318259067,0.0499402157,2.3342656842,0.4848148194,0.0714858329,0.4631290639,1.491e-07,3.4605e-06,7.9736e-06,4.8198e-06,0.0117642964,0.0976147562,2.8945560661,0.3033305286,0.021485388,0.2257263265,0.5011475,0.0123183854,0.0351687545,0.0025272181,0.0164105737,0.1010408068,2.9808149891,0.3426615594,-0.0607508645,0.2317800208,0.4550901956,0.3175299299,0.021562681,0.0135192908,0.9963396055,0.0019795867,2.0206900646,0.1280654627,0.4636429283,0.1487267268,-9.97979e-05,6.00535e-05,4.74924e-05,2.98281e-05,0.9718169116,0.0103165853,2.1150105724,0.1524799372,0.4934303656,0.1588978181,0.1902105447,0.0503770564,0.1357683617,0.0112355953,0.9594683287,0.0172022345,2.306306682,0.1482235502,0.6747032449,0.1822653826,-4.9775417908645645,1.115184527095298,2.231007373465969,0
434,516.6196462055756,18705,44,36.2065208657528,0.25935,0.0444390313,0.4564815416,2.4608961239,-0.0939792179,0.2552,0.0453426951,0.6118654339,2.9759394808,0.5007512358,0.48545,0.0386593779,0.0757474275,2.7633575401,-0.0649721742,0.03295,0.0094629541,-0.0495976016,4.7511645373,0.9182169588,0.4964193548,0.1076205323,0.8968835536,2.7966156562,-0.8211401878,0.082483871,0.0555830509,0.8671988171,3.1138050702,0.9228376728,0.4210967742,0.0620672657,0.6844049542,2.6761918457,0.4969306632,0.0353548387,0.010792914,0.039112877,2.9400292729,0.2971075046,0.4974210688,0.3021322175,0.0006280234,0.0004629145,0.9534137647,0.0456219151,2.3784703295,0.6428066648,-0.0475037743,0.4814725623,-1.8337e-06,1.19153e-05,1.45637e-05,8.6181e-06,0.3181783828,0.1611667347,2.8777298793,0.3077788651,-0.0324670763,0.1936529329,0.4953225,0.0276705867,0.0432563256,0.005132,0.2747927009,0.1427173025,2.9288257102,0.2891880433,0.0316791046,0.1670903854,0.4534572782,0.2977605259,0.0198714094,0.0128320005,0.9932766703,0.0028115837,2.2730483379,0.1707212999,0.6559086292,0.1144834294,-0.0001413685,8.98376e-05,6.64451e-05,4.38983e-05,0.9686188348,0.0090644539,2.4408917755,0.4117590954,0.737557122,0.1663241014,0.1713328943,0.0183777985,0.1497352236,0.0079608404,0.9665086898,0.0032358038,2.482752728,0.3456038053,0.8161280056,0.1390674978,-3.0003738124246797,-1.5450490073016072,-0.4549569087579802,0
435,739.9334746713209,27232,6,36.80330858405409,0.2551,0.0313845503,-0.0703225255,2.3627072533,0.0509325575,0.225,0.0272488532,0.1932972241,2.558446417,-0.0759924484,0.5199,0.0368712625,0.0443482618,2.1552158437,-0.117596432,0.03885,0.0102677894,0.1397427664,3.5652240072,0.6018395507,0.410045045,0.0941510084,0.8777766017,2.1145149964,-0.1481593957,0.1088963964,0.0764589219,0.9304376096,2.2947251117,0.6806945009,0.4810585586,0.0387429877,0.217798006,2.9468274402,-0.2545941865,0.042972973,0.0131925856,0.2226753057,2.8754790983,0.3954203649,0.4989782393,0.3037419448,0.0006170147,0.000476204,0.9496985808,0.0321424727,2.165184021,0.3076475978,-0.1270618108,0.3896397113,5.157e-07,7.1863e-06,1.20523e-05,7.4192e-06,0.0340953909,0.0893472811,2.9220792761,0.3999883892,-0.0541706154,0.2482827848,0.4978425,0.0172885097,0.0358604841,0.0025081484,0.0241855977,0.1003891956,2.9983592426,0.6204842884,0.0332505887,0.2208211316,0.4507889249,0.2965960308,0.0235255981,0.0149545432,0.9943853688,0.0027862968,2.0664076701,0.1136279786,0.5421719444,0.0945470195,-0.000160474,0.0001004261,7.70005e-05,4.94654e-05,0.9733718205,0.005772594,2.0988705069,0.1233212489,0.5126159772,0.0962826307,0.1761898018,0.0171402423,0.1442531137,0.0039083944,0.9622616599,0.0035237812,2.3306271209,0.1559479847,0.7255385716,0.0979769796,-4.8491998637209655,-0.04428001075498062,3.2531200117138903,0
436,112.99193179796411,4112,39,36.39197891892392,0.26705,0.0523550141,0.6779820052,2.4701909596,0.1948865186,0.2727,0.046127107,0.5445100562,4.1383426908,0.262681114,0.46025,0.044555443,0.397885724,3.2629153182,0.121958541,0.03645,0.0104951179,0.1390998894,2.415688478,0.3473667205,0.5181481481,0.1447516913,0.8856904366,2.2424437024,-0.5299668783,0.0874074074,0.0952761131,0.8980237466,3.4588313169,1.2038866395,0.3944444444,0.0655437843,0.6683280396,2.1943056602,0.0791445551,0.0425,0.011775288,0.074352548,3.1342638398,0.8719202329,0.4948073294,0.3003492713,0.0049741563,0.0037023957,0.9316540535,0.0406586509,2.3975201575,0.4496373725,-0.1087113923,0.4712229911,-4.90447e-05,0.0001833391,0.0001720666,0.0001156028,0.4564509622,0.1864563055,2.7551707797,0.401600002,0.0387378477,0.2561200372,0.494845,0.0396902819,0.0486300961,0.0107061316,0.3821961486,0.1732013431,2.8172371008,0.4660408133,0.0823200617,0.2563049713,0.4227173268,0.256062454,0.0287036944,0.0178862259,0.955563967,0.0123845978,2.3527134311,0.2025189861,0.7574586419,0.1387617997,-0.0017435849,0.0010699429,0.0007521424,0.0004715495,0.9389021254,0.0170310927,2.3502036804,0.2383849947,0.7391915487,0.1513920422,0.1447123839,0.0217120044,0.1461048333,0.0164006038,0.9191004178,0.0122150674,2.7490606236,0.371858002,0.9771231798,0.1833681532,7.456537747117276,-7.309026554187163,-3.534202346077504,4
438,567.6309543534566,20305,25,35.77148117851997,0.25865,0.0339032078,0.1574278207,2.7698845307,-0.1477088707,0.22525,0.0291665476,0.0880887468,2.9484382543,-0.2990244895,0.5161,0.0397591499,0.1676556661,2.8123679607,0.3707516424,0.0397,0.0113758516,0.0255247588,5.8422827321,1.0318222161,0.4428863636,0.1072463638,0.8846997532,2.1351218292,-0.4578853877,0.0938181818,0.0747326364,0.9224919495,2.7074561124,0.8952548635,0.4632954545,0.0478722635,0.3421891577,2.4949942707,0.1538928602,0.04125,0.0106879818,0.1312409948,3.1453474704,0.198073943,0.4986413163,0.3032275459,0.0006101436,0.0004731859,0.9400358265,0.0463409066,2.4871922499,0.7789898343,0.1505150923,0.5334192441,1.1459e-06,6e-06,1.15755e-05,7.116e-06,0.0774828015,0.1195940913,3.0235875387,0.4046644471,0.0085532191,0.2351601009,0.50259,0.0155253712,0.0361783927,0.0027574719,0.0166268486,0.1409949471,2.9082948043,0.3745412728,0.072955246,0.2615491028,0.4563261486,0.3005840157,0.0211062548,0.0131351462,0.9944787214,0.0025172387,2.0739425766,0.1193088705,0.5387869164,0.1067772318,-0.0001493522,9.25848e-05,6.87247e-05,4.32099e-05,0.9707037602,0.008988986,2.186648695,0.1677956303,0.5913796824,0.1357782272,0.1669305931,0.0213022236,0.1402825584,0.0073668693,0.9609639301,0.0072550189,2.4394977984,0.1815985988,0.7970547468,0.1230122506,-4.336179304907455,-0.203852898235509,2.0958723993787394,0
440,760.077559509877,28050,27,36.90412859720205,0.2486,0.0321331604,0.1898052024,2.6608529376,0.164545323,0.28065,0.0315091653,0.0894295528,2.7404460705,-0.0714453985,0.47075,0.0353933256,0.080214256,2.9693229979,-0.1318368,0.0324,0.009681942,0.1274621772,2.5940822294,0.1170666902,0.4407037037,0.1152696725,0.8959408726,1.9191045977,-0.0465018368,0.0993703704,0.0853021419,0.9234679808,2.4876789407,0.8123320538,0.4599259259,0.0511460696,0.5445766762,2.658874297,-0.3272731695,0.0461111111,0.0134531652,0.3234146094,4.0295283358,0.641517289,0.4972685437,0.3022478396,0.0013807545,0.0008760739,0.9462035505,0.0352917808,2.5119630253,0.7034746907,-0.093871002,0.5584689666,-2.3366e-06,2.98581e-05,3.05358e-05,1.78545e-05,0.1031851807,0.1259620064,2.998573519,0.4078268235,0.0138617703,0.2067687491,0.501005,0.0216156419,0.0358975267,0.0027561891,0.0933816291,0.1270237368,2.9690300537,0.3780551166,0.0120931431,0.2019733998,0.4378262598,0.2741629606,0.0263064219,0.0156618067,0.9866492009,0.0078937077,2.4160758534,0.4275941642,0.7554226575,0.236472866,-0.0004172403,0.0002581509,0.0001893404,0.0001126974,0.9670466137,0.0142325436,2.3507464852,0.480771736,0.6915520188,0.2785122875,0.1626015275,0.0434432,0.1466129892,0.0139325382,0.9650211486,0.0056302613,2.5485448934,0.4318508095,0.8593190216,0.3232319224,-2.242241984883301,-0.5574952826166265,1.464410927462127,0
441,100.34679554281615,3673,49,36.603062211715546,0.2237,0.0341293129,0.1929244016,3.1882676584,0.1461471019,0.24145,0.0378569346,0.3518490756,3.7896464596,0.3479708589,0.53485,0.0383891586,0.0687631991,3.2030037087,0.055137817,0.0358,0.0109022933,0.270497356,2.9862718202,0.1305895326,0.3562068966,0.1005301051,0.8899852722,1.9329969525,0.0466138021,0.1162068966,0.1100482275,0.9428984238,2.2821638045,0.8531536292,0.5275862069,0.0523766316,0.5704649461,2.4314645633,-0.0443969729,0.0472413793,0.0151479034,0.6224423741,2.9867247282,0.5250948148,0.4936826856,0.2989824475,0.0033221133,0.0025214443,0.9416712138,0.0362742414,2.3799155454,0.5103937786,0.1495895648,0.4379259933,1.28029e-05,8.3641e-05,8.65683e-05,5.60798e-05,0.3649611355,0.2130827514,2.8768601545,0.4453958016,0.1248280679,0.3174527349,0.5057575,0.0235956261,0.0435800761,0.005539593,0.2771940945,0.1905799023,2.8062968648,0.4538866013,0.0639497913,0.2774614645,0.4324161583,0.2624271683,0.028821579,0.0181176484,0.9745401437,0.0108856523,2.0900842074,0.185647124,0.5905415181,0.1277321589,-0.0009993862,0.0006117922,0.0004846553,0.0003038395,0.9591234465,0.0171532219,2.1365436939,0.2203729043,0.5834952022,0.1412007703,0.164827703,0.0225266384,0.1531974403,0.015641822,0.9453396776,0.0128347548,2.4387374557,0.2769530546,0.8125436283,0.1425826983,1.1401068832411685,-2.6884734839956588,3.449746479901451,0
443,631.3058502220664,23939,64,37.91981333862071,0.27765,0.0317053229,0.1367089824,2.5065195503,0.2691652265,0.22555,0.0335476899,0.0312582484,2.9915802195,0.2193441924,0.4968,0.0341359049,-0.1086508029,3.288122073,0.5161062539,0.03795,0.0096719957,-0.0554996644,4.3308992819,0.6716271943,0.5052325581,0.1221724548,0.9214360536,2.117254044,-0.2794955156,0.0788953488,0.068096636,0.9023233242,4.0890487392,1.2955580486,0.415872093,0.0681277522,0.7567450838,2.0372890855,-0.2540094907,0.0452616279,0.0113770543,-0.0390822393,2.9182777928,0.0213110538,0.4928784552,0.2998312059,0.000988794,0.0007610508,0.9386412235,0.0531386222,2.6837039343,0.9109900257,0.0256104258,0.5833082942,-2.3702e-06,1.34498e-05,2.39107e-05,1.44981e-05,0.1365052514,0.1109147957,2.9303338939,0.3742756671,0.0426842027,0.2414168974,0.49587,0.0211390243,0.0379980401,0.0027674353,0.056827368,0.1101247421,3.0291611056,0.5359049053,0.0515400279,0.2505972777,0.4558102383,0.2870630244,0.0202259668,0.0121051163,0.9888341313,0.0069452749,2.2274108993,0.1604685399,0.6409176999,0.1238377381,-0.000316124,0.0001854335,0.0001223406,7.4083e-05,0.9549481272,0.0151432688,2.7826851435,0.2894430209,0.8682588592,0.1487395121,0.1557775834,0.0289497491,0.1315477328,0.0086547715,0.9473625803,0.0117735172,2.9913010575,0.3806983752,0.9828602096,0.1823933721,-2.4034184756094965,-0.7064286671989165,0.2350419793938999,0
445,440.4329084404589,16664,60,37.83550157277307,0.229,0.0288270706,-0.0473249543,2.5696412048,-0.159609802,0.29425,0.0340688641,-0.0018603499,2.867372143,-0.0040280207,0.47675,0.0340174588,0.0260174031,3.6187949381,-0.1971783805,0.03675,0.0123566784,-0.0219110155,3.2724112214,0.5972200577,0.4163768116,0.1073040875,0.9171443325,2.0633996029,-0.3078490466,0.0828019324,0.0734805794,0.9217582148,3.0716618066,1.0355922702,0.500821256,0.0488075381,0.5867074489,2.6965108992,-0.2459446691,0.0459903382,0.0128765939,0.2180646061,4.485469902,0.5169198633,0.4968814777,0.3021463735,0.0007351912,0.0004543882,0.9510660711,0.0215024741,2.209489341,0.3831946606,-0.1001201139,0.3941467264,-1.0866e-06,8.6844e-06,1.6109e-05,9.5923e-06,0.0246652029,0.0998801762,2.8804898637,0.4290565009,0.0078509345,0.2019959087,0.5004575,0.0162889171,0.0364746165,0.0022971132,0.0163231983,0.1136259153,3.0811195125,0.4492527731,0.0080944733,0.2460009103,0.4546287278,0.2924556524,0.0213654156,0.0131412316,0.9923128506,0.0035576769,2.1440671994,0.1318955167,0.5969681936,0.1273289993,-0.0001946551,0.0001170827,9.0092e-05,5.49705e-05,0.9674646308,0.0100834824,2.1836364452,0.1517901632,0.5837005096,0.1229221446,0.1774760829,0.0240978617,0.1427262714,0.010614053,0.9586855486,0.0101929988,2.3454203915,0.2089832227,0.7334997818,0.1716799272,-4.182536587187226,0.07177198411986364,2.2769046203353587,0
446,165.81700351991262,6096,32,36.76341913432264,0.24035,0.0382443133,0.1322237132,2.6803533013,-0.045400064,0.2414,0.0419647471,0.2944170406,2.8416940238,0.3812960567,0.51825,0.0379036608,0.2132807314,3.567715145,0.3982450418,0.04125,0.011388042,0.009574597,2.7200522572,0.2999341466,0.3906923077,0.1225557233,0.8945348708,1.9241287442,-0.1581238677,0.0983076923,0.0864748826,0.8935088855,2.6584863788,0.9560685558,0.511,0.057553988,0.5579482363,2.5479520516,-0.4363211896,0.0466153846,0.0092031639,-0.0899982472,2.8310975385,0.2599537441,0.4828751234,0.2937121019,0.0038921855,0.002860438,0.9317309382,0.0560690039,2.198847338,0.3055511486,-0.0303091184,0.3412121674,3.33273e-05,9.25231e-05,0.0001020219,6.25616e-05,0.3146591797,0.1933405685,2.9804329854,0.4567034234,-0.0698263561,0.3142681943,0.5075625,0.0278481816,0.041909855,0.0046517659,0.2183277026,0.2052293295,2.9470528476,0.4380047451,-0.0541260229,0.2407491174,0.4328305552,0.2626569032,0.0281117769,0.0173242499,0.9694869672,0.008839906,2.6401361262,0.2430238782,0.879164451,0.1225236806,-0.0010762195,0.0006530619,0.0004448072,0.0002736232,0.9479190861,0.0096872978,2.676978803,0.2871260048,0.8561730813,0.1373315358,0.1434130808,0.0150724373,0.1433739991,0.010077062,0.9416487653,0.0122366446,2.961018895,0.3575535377,1.0407495645,0.1504062564,2.00226074641224,-4.003696475897255,3.158937072333826,0
448,456.8310384219119,16633,51,36.40952256102701,0.24565,0.0310777654,-0.1230086426,2.6463879471,0.296597908,0.24595,0.0378793809,0.1745414842,3.0197670235,-0.018931026,0.5084,0.0391080554,0.0229774395,3.2105692186,-0.2910231641,0.03595,0.0100422856,-0.0938451391,2.7914379039,0.2942289507,0.4160126582,0.0981152978,0.8619142468,2.2271832993,-0.2649696751,0.0791139241,0.0774450649,0.9219051232,3.124884368,1.1167786829,0.5048734177,0.0452790785,0.368705739,3.2003062146,-0.4518550326,0.0471940928,0.0140612091,0.2943694211,2.959406944,0.3138696953,0.497293185,0.30285924,0.0006402826,0.0004221802,0.9530612182,0.0299161107,2.4038762477,0.4526671077,0.2259834768,0.2963725797,8.074e-07,9.1208e-06,1.33569e-05,7.928e-06,0.0918959097,0.1067082325,2.7928545759,0.3104834619,-0.0224240407,0.251983994,0.5012425,0.0165894641,0.0353426789,0.0021397256,0.0394972102,0.1092604124,2.9049334332,0.3464667573,-0.1243824301,0.20207138,0.4593444711,0.2992123707,0.0186520055,0.011389908,0.9927453351,0.0038605995,2.1783660806,0.1573108298,0.619795803,0.1361898127,-0.0001643506,9.81889e-05,6.98634e-05,4.24287e-05,0.9664916397,0.0076229295,2.3710931298,0.1883054559,0.6828867203,0.1162049173,0.1666012507,0.0281849227,0.136864427,0.0062532441,0.9591377799,0.0092532074,2.5880945591,0.2343559372,0.8423047674,0.1467670236,-4.288963820688324,-0.00932180950203126,1.8929063457297342,0
449,533.0774045518098,19813,36,37.16721029783279,0.24645,0.0325291792,0.1547643465,2.5701059535,0.1372070851,0.26865,0.0337257691,0.1325090514,2.7144153055,0.1073442517,0.4849,0.0310079022,0.0509387829,2.7881268733,0.1396484074,0.0362,0.0100029996,0.2799923135,3.1045972856,0.2003756349,0.4623604061,0.1008511345,0.8785132976,2.1286639463,-0.2130042758,0.0820050761,0.0623374229,0.9003717478,3.2130733718,0.9426478368,0.4556345178,0.0523869673,0.4895537701,2.5922286292,-0.1438973179,0.0409898477,0.0114732042,0.2051515758,3.6418927739,0.535850543,0.4965221284,0.3014660029,0.0006701286,0.0004905301,0.9279707389,0.0750466145,2.2307452585,0.3913176468,-0.0006362278,0.3373152881,6.976e-07,8.4056e-06,1.6012e-05,9.5163e-06,0.1435500792,0.1498555014,2.8810931925,0.2970408616,-0.000209157,0.2247260981,0.5047725,0.0189748878,0.0376296868,0.002438452,0.1102588203,0.1425729849,2.7900394297,0.2417448082,-0.0168407763,0.1844549241,0.4599955308,0.3027646284,0.017325697,0.0122931856,0.9880625516,0.0131310652,2.1602516401,0.157877857,0.5825391653,0.2015042038,-0.0001937261,0.000139501,7.71461e-05,4.97424e-05,0.8730911864,0.2707679189,2.8106402219,0.2622857053,0.874497532,0.0826666475,0.1743835154,0.1016760964,0.1223864178,0.0296046546,0.8770579935,0.2311291955,3.0478348771,0.4087427009,1.0185707375,0.2151096885,2.5830185902498854,11.852665216223393,-7.207718806746176,2
451,126.3537911142426,4873,64,38.56631413294188,0.22135,0.0421417548,0.3706048221,2.1128611164,0.1276883178,0.27415,0.0386138252,0.4190983755,3.0567140838,-0.041920037,0.5045,0.0413188819,0.226792271,2.7781234582,0.0916267054,0.04115,0.0097430745,0.0887775835,4.2964163194,0.5430176392,0.4197169811,0.1298889769,0.9614839607,1.9802842005,0.178847122,0.1126415094,0.0767475878,0.9278731672,2.0368432719,0.2577162109,0.4676415094,0.0618321204,0.7584569837,2.9016672754,-0.3291529795,0.0388679245,0.0117216744,0.2341180511,4.4779190229,0.6860328515,0.4978518329,0.3024977216,0.0026371111,0.0018300409,0.9237152288,0.0483619095,2.2587657646,0.3893688959,-0.0262485825,0.291377208,-9.551e-07,8.09408e-05,7.83729e-05,4.89228e-05,0.2924969227,0.1684444286,2.77365354,0.3218446921,-0.0843251403,0.2030380529,0.5014275,0.0279738158,0.0433629736,0.0058730652,0.2323344854,0.1590687797,2.7777072957,0.4814553211,-0.082565477,0.217220369,0.4461105611,0.2697560828,0.0234311064,0.0139151395,0.9707463926,0.016599974,2.1217546025,0.1400289285,0.6007080365,0.1145293429,-0.0009000379,0.0005682599,0.0004209949,0.0002495049,0.9516753605,0.0218725748,2.1862902553,0.1784828741,0.6092730637,0.1236544335,0.1631675999,0.0238208175,0.1492977674,0.0143533694,0.9378120265,0.0163577133,2.5454520525,0.3559997763,0.8471479382,0.1844975742,1.5465083198583938,-1.680354426773544,2.5036548469748,0
453,623.066693594745,23374,34,37.51444306089473,0.2636,0.0300589421,0.1194982224,2.6719585817,0.3045021165,0.22125,0.0337814668,0.2407739603,2.3260656004,0.1257385101,0.51515,0.03809498,0.1303318923,2.9925508563,-0.3100654099,0.0391,0.010059324,-0.0765539513,2.7433939031,0.3501728558,0.4591703057,0.1115461476,0.9080823431,2.2011435665,-0.514828654,0.0968777293,0.0694894851,0.9154319098,2.344491995,0.6999079514,0.4439519651,0.0526833862,0.6366807525,2.6300573111,0.4656018653,0.0435371179,0.0111039028,0.087789337,4.3043380701,0.4401822627,0.4945541467,0.3006957768,0.0006359618,0.0004097582,0.9479370371,0.0374760521,2.2649627284,0.3555398212,0.0520844744,0.3312167904,-4.204e-07,1.0648e-05,1.32343e-05,7.6835e-06,0.1834062865,0.1937925016,2.845704132,0.4717702034,0.0256396214,0.2596840016,0.49654,0.0226268789,0.0387205113,0.0032824916,0.1369332186,0.1782023516,2.9146201166,0.4790114288,0.0145045421,0.172766597,0.456322941,0.3126244656,0.0193591639,0.0151276657,0.9559342374,0.1029638657,2.1007111399,0.1962027494,0.4869755296,0.2818283525,-0.0001220084,9.71636e-05,5.90443e-05,3.82324e-05,0.7987027634,0.4550365985,2.3868525281,0.3314030321,0.7336203668,0.2811672993,0.2027545756,0.1105755574,0.1310297749,0.0243487519,0.7747311747,0.5028967946,2.5672271616,0.2335894772,0.8858841887,0.1756802767,15.877005502857417,29.439655706054662,-6.794443452428311,2
454,972.7095294901768,36235,12,37.25161407536712,0.2591,0.0312200256,0.2263394658,3.3973026216,-0.6213507462,0.23915,0.0298165642,0.2465846789,2.9832430523,0.2762922348,0.50175,0.0333119723,0.0455057352,2.6376355382,-0.0486250776,0.04095,0.0107632477,-0.0688000166,3.2584323192,0.4031831999,0.4189632107,0.0671076756,0.7304571251,2.6875179889,-0.330897764,0.0872073579,0.0567837282,0.891541369,2.7782043976,0.7428419909,0.4938294314,0.0361453911,-0.0366251211,2.822128588,0.0865302147,0.0442307692,0.0123660822,0.1810271074,2.7611266448,0.2920877435,0.5002829127,0.3032921595,0.0004610543,0.0003527143,0.9593709949,0.0245156631,2.2950516624,0.4968271395,-0.1371020232,0.5312002286,8.677e-07,6.593e-06,8.2139e-06,5.1372e-06,0.1187280637,0.135961979,3.2693061601,0.6723574467,-0.0222898197,0.2841213982,0.506805,0.0203057375,0.0372182734,0.0029101767,0.0446499365,0.1201319347,2.9988347207,0.3547523511,0.0098236168,0.2137908977,0.4602016078,0.3294040528,0.0191057352,0.0121275075,0.9963755496,0.0019206605,2.059152107,0.1034489066,0.5232698078,0.1255816937,-9.52572e-05,6.05289e-05,3.45682e-05,2.31134e-05,0.9594512328,0.0048715703,2.4062624894,0.1942620108,0.6264036031,0.1396280913,0.1680537889,0.0284638172,0.1251935243,0.0104359207,0.9531068649,0.0126736807,2.5331450766,0.2679606948,0.749670051,0.1683421134,-4.93716767875101,0.73438044967928,0.9970823408067047,0
455,129.89075034882637,4647,16,35.77621953464978,0.29,0.0492544414,0.4434801016,2.5533448781,0.3610305442,0.27775,0.0639506646,0.7048725384,3.1811289145,0.6968886682,0.43225,0.0602510373,0.643331902,2.2323067281,0.1785073898,0.0332,0.0089308454,0.0999853327,2.8582216056,0.0232141478,0.6514,0.140836927,0.9218651261,3.0246955813,-0.9611595017,0.0682,0.0627834373,0.8822396367,4.0746665046,1.3727578887,0.2804,0.0831414858,0.8341530639,2.683806541,0.6454577209,0.0343333333,0.0100774776,0.1285970389,2.8451584638,0.4267447401,0.4841643342,0.2943379515,0.0039570408,0.0027843918,0.929535835,0.043963197,2.453335146,0.6921723805,0.1062328813,0.4569122657,-4.56412e-05,0.0001178498,0.0001535946,0.0001000983,0.550988306,0.1740976167,2.8247918383,0.4944081578,0.0512775355,0.2497755811,0.4870475,0.0269528546,0.053951538,0.011044022,0.4726810799,0.1959303747,2.8399566577,0.4785468103,-0.0533948265,0.256936111,0.4567382286,0.277148251,0.0187696033,0.0111711144,0.9406192468,0.0369261987,2.452108253,0.3254879648,0.8032919463,0.1751510961,-0.001379197,0.000843144,0.0005771648,0.0003444945,0.9248435824,0.0283453196,2.4143896785,0.3938917577,0.769913862,0.1969673242,0.1361734746,0.0165784973,0.1430868881,0.0176476815,0.9109827988,0.028249822,2.8348216934,0.6460195632,1.0120257266,0.2644412528,10.191870512888341,-4.615527402783492,-4.911036979897244,4
456,124.9930234070084,4551,9,36.41003214380063,0.27375,0.0337370345,0.2231990334,2.6398629527,0.3549280202,0.22485,0.0427519298,0.3202288651,2.7233615012,0.1275770914,0.5014,0.0452773674,0.4312871015,2.4954505026,-0.0841723457,0.03805,0.0106746194,0.0285267939,3.0079706332,0.4770498326,0.4064285714,0.1038319607,0.8431298253,1.8879982855,-0.0612588608,0.1115584416,0.0881308787,0.916744586,2.2038845668,0.6591824928,0.482012987,0.0418039623,0.1915187388,2.3367469698,0.074641143,0.042987013,0.0115730245,0.2647830374,2.1525182867,-0.1903370636,0.4906707205,0.298631088,0.001780132,0.0012206227,0.9332368697,0.0461548791,2.3433931312,0.595087362,-0.116973386,0.374111445,6.814e-07,3.51395e-05,4.4878e-05,2.75742e-05,0.2207486745,0.1522490801,2.875601164,0.369777051,0.0130992181,0.158738781,0.4998175,0.0254661063,0.0386812795,0.0019912906,0.1328509934,0.1427155616,2.9502696491,0.4444727725,-0.0824997083,0.2136474001,0.4538754481,0.2754016335,0.0187011447,0.0114417047,0.97834834,0.0053255019,2.3831761611,0.1756501597,0.7659546541,0.1040464077,-0.0005331479,0.0003262947,0.0002272762,0.0001367394,0.9576295506,0.0056848925,2.4204326769,0.1290997246,0.7606514375,0.0874643263,0.1538595389,0.018314188,0.1479105449,0.0153681564,0.9542922123,0.0090758241,2.6358777585,0.2615884667,0.9271934386,0.1181728111,-1.5090281399631158,-2.1082422456792984,1.8937266472999041,0
457,110.26036045499688,4098,34,37.16657539563016,0.2391,0.0430951273,0.4288189046,4.1772162113,0.9276799298,0.23385,0.0461077813,0.4108665086,3.2431530713,-0.4314374875,0.52705,0.0405406894,0.0836428129,4.4891303227,-0.1932699413,0.0397,0.0122437739,0.2545769559,2.5222246816,0.539343686,0.4715217391,0.1190947265,0.8878002598,1.8818714123,-0.2150824198,0.0883695652,0.0809391502,0.8856587655,3.1054542897,1.1294665753,0.4401086957,0.058676426,0.7108162991,2.5007134064,-0.104813831,0.0386956522,0.0119070121,0.5064968661,3.301448,-0.0756952574,0.4842752508,0.2943627427,0.0039220652,0.0030410414,0.91310403,0.0602267427,2.6211290148,0.5612283498,-0.1095004671,0.4773617131,1.1595e-05,9.97271e-05,0.000131389,8.83052e-05,0.4062747127,0.1966814958,3.0110872584,0.5905592447,-0.0892562977,0.2819671997,0.5054525,0.0286977241,0.0458728516,0.0076912194,0.3227170538,0.2110716201,3.1389675541,0.8544641953,-0.0709440947,0.3307761448,0.4307195684,0.261124843,0.0255147094,0.0157417518,0.9606383363,0.0104649497,2.2405744195,0.1628264072,0.7023988268,0.1033317057,-0.0013793472,0.000851455,0.0006184285,0.0003786844,0.9476245719,0.0144705242,2.2772127647,0.1851278903,0.7009604519,0.1119494282,0.1522523924,0.0203809484,0.150938162,0.0189361221,0.9327516846,0.0152239021,2.6427141128,0.3917427196,0.9259751396,0.1643412544,4.2600692296446985,-4.989822785439686,1.4576597367784143,4
458,358.8900879472073,13537,24,37.7190690259222,0.24745,0.0313886524,0.0126388359,2.5863444906,-0.0185129928,0.27075,0.031123745,0.0616589066,2.6551561132,0.02632845,0.4818,0.029677601,-0.0452236679,2.5011138078,0.1150802238,0.0307,0.0107707938,-0.0714742772,2.8497828418,0.4910174317,0.3792987805,0.0901740985,0.8837833913,2.030197565,-0.0716084272,0.0875304878,0.0656823865,0.8903280975,2.4096810257,0.7491258855,0.5331707317,0.0433822502,0.4618018239,2.4861508821,-0.2130830309,0.0486585366,0.0130208271,0.1615747952,3.338712627,0.5249206092,0.4980584082,0.3033258385,0.0008785537,0.0006019562,0.9518854582,0.0305191908,2.5326624479,1.0877597847,0.1346348208,0.6479902003,-1.3304e-06,1.02948e-05,1.63165e-05,9.57e-06,0.0979974234,0.1198728429,2.8503420146,0.3402363907,0.0458425355,0.2643819993,0.498025,0.0178939201,0.0356993014,0.0031091612,0.0852347929,0.1044624777,2.907817832,0.3875698559,0.0107763587,0.2527166154,0.4595803868,0.2924999055,0.0174269283,0.0106192235,0.9903119281,0.0042014775,2.2736613186,0.130197596,0.6870122263,0.1075303299,-0.0002058725,0.0001236867,8.91458e-05,5.41088e-05,0.9672535686,0.0072525571,2.32227123,0.137931055,0.6715705677,0.1145883388,0.1596353785,0.0218815856,0.1415078524,0.0065664162,0.9602717187,0.0095704184,2.5105207996,0.2106949086,0.8433275018,0.1484193442,-4.303799421582663,-0.023832875721698454,2.317660348351621,0
46,537.7907800818848,19137,66,35.58447022294836,0.26645,0.0351375511,0.2636323813,3.7325428758,-0.181640457,0.2655,0.0360173569,0.3118734906,2.5461920593,-0.1229252517,0.46805,0.0391592582,-0.0167149452,4.3594482137,0.6184455858,0.02915,0.0104416234,0.0177396254,3.0715666919,0.4369059389,0.3839928058,0.0727348092,0.8099883274,2.2361454755,-0.2001948304,0.0905755396,0.0593976937,0.869972466,2.4215718229,0.6105965147,0.5254316547,0.0374285027,-0.0005939313,2.9877258137,-0.1760951037,0.0462230216,0.0121270511,0.1084594669,3.0234108226,0.3488971441,0.4982378918,0.3029208884,0.0010721826,0.0008224538,0.9531159133,0.0355332362,2.3628578515,0.6015597522,-0.1023052873,0.4584223935,1.3162e-06,1.27522e-05,1.8983e-05,1.14749e-05,0.093738206,0.134040019,2.9866903877,0.4638320884,-0.0371347965,0.1925548192,0.4991475,0.0185923874,0.0348401016,0.0029199651,0.0590649598,0.1217680562,2.8978931398,0.4876941595,-0.0073615084,0.2321383607,0.4472040794,0.3033286415,0.0224342122,0.0167194269,0.9823989481,0.025274131,2.4491294076,0.2849221658,0.7735280909,0.3050918464,-0.0002007814,0.0001437837,8.75203e-05,6.05233e-05,0.8599836883,0.2962095962,2.3290569143,0.1408818653,0.6738148883,0.22808144,0.2016227884,0.0958303122,0.1356015336,0.0365448771,0.8581812333,0.3029811841,2.1423950767,0.2303290812,0.6469698037,0.2520721532,4.599770092358398,15.770870047372277,-6.802772459118019,2
460,214.46231263427404,7939,33,37.01815905314097,0.2718,0.0390161505,0.3521630086,2.3143979685,0.0529351699,0.20365,0.0323408024,0.2039543341,2.739756302,0.2471378077,0.52455,0.0360838953,0.1443540019,2.8154728626,0.2775816856,0.0375,0.0117153745,0.1625523987,2.515004927,0.1352666491,0.5425287356,0.1395824511,0.9315018236,1.9831137628,-0.4233022261,0.1092528736,0.0895471645,0.9236238191,2.5873717684,0.8721009677,0.3482183908,0.058516021,0.7705488488,2.1312806805,-0.2647976883,0.0322413793,0.010470501,0.1610575022,2.9660580601,0.4782464555,0.4968084758,0.3010848577,0.0018910722,0.0015253172,0.9436769026,0.0388813,2.2931203865,0.5198738565,-0.0059812339,0.4490059118,4.1112e-06,3.0822e-05,5.40584e-05,3.66439e-05,0.4228569444,0.1608124291,2.7079092724,0.3014519042,-0.1198316832,0.2187832988,0.506495,0.017626329,0.0447908877,0.006515664,0.3377401688,0.1725292216,2.8534309934,0.3646086693,-0.0194117329,0.2183588523,0.4478578214,0.2715511112,0.0211998554,0.0129906854,0.9808198297,0.0063325959,2.2223756956,0.152748484,0.6551904927,0.1174610004,-0.0005769468,0.0003604486,0.0002433495,0.0001477444,0.9546147412,0.0112774768,2.5318677694,0.3670307528,0.7619247058,0.1937314564,0.1540254504,0.028778871,0.1455868604,0.0128675692,0.9486681378,0.0103230692,2.8021515537,0.5622684824,0.9442468551,0.2767771747,-0.6230554094358244,-2.2889753375384263,0.3468050929113867,0
461,927.8985757487244,34537,54,37.22066279941424,0.259,0.0308868904,-0.0094732201,2.6465659323,0.1309301487,0.26545,0.0318755,-0.0633125639,2.8254710071,-0.0186187309,0.47555,0.0376224335,-0.1427696881,2.6050632036,0.0390703187,0.0372,0.0106611444,0.0515933232,3.2018544802,0.3211862099,0.4317961165,0.1075924853,0.9030754314,2.0602232124,-0.0908916768,0.0865210356,0.0688317943,0.9213539043,2.4100403939,0.7781664843,0.4816828479,0.0537200257,0.5889638611,2.9423690047,-0.5319474049,0.0460355987,0.0109083574,0.0650978963,2.9273550796,0.3176987504,0.4965514521,0.3022423925,0.0006726036,0.0006349621,0.946367177,0.0328335214,2.4575167793,0.6951465843,-0.0733548597,0.4941450692,2.2247e-06,8.268e-06,1.25948e-05,7.9753e-06,0.0298150474,0.1315016502,3.0200615738,0.5628198172,0.016389693,0.2624832605,0.5042875,0.01696063,0.0350941012,0.002223946,0.0197860949,0.1099706044,2.9576176443,0.7535537152,-0.0702584493,0.313055549,0.4448774728,0.2973548758,0.0250760888,0.0163834235,0.9944195066,0.003011724,2.1692300353,0.208010484,0.6054519045,0.1421644055,-0.0001593083,0.0001009983,7.27454e-05,4.68807e-05,0.9708355709,0.0061933062,2.2271645443,0.2028412566,0.6065285565,0.1433079491,0.1748661279,0.0182198786,0.1435545035,0.0038907464,0.9643055362,0.0031208061,2.3626401222,0.1898984942,0.7496620942,0.1329215998,-4.4282856612754085,-0.34136118672694554,2.6872362412438213,0
464,100.92149324325068,3653,72,36.19645213924044,0.21025,0.0434647846,0.380655458,2.7388394249,0.2676106044,0.3425,0.0666952022,0.6158351441,2.2964713835,0.2218827708,0.44725,0.0517270481,0.4908034746,4.2638862116,-0.7208788082,0.0329,0.0099040396,0.0656732252,2.3889156474,-0.026013723,0.5789583333,0.1342337759,0.9406760036,1.8375715625,-0.2745762103,0.0792708333,0.0775738196,0.9072284058,2.471665761,0.8796408893,0.3417708333,0.0672719108,0.7998461039,1.9519147721,-0.250470136,0.0360416667,0.0102549954,0.2034700174,1.9479106288,0.0950618652,0.4851394409,0.2952963264,0.003382241,0.0028249277,0.9049357087,0.0535291332,2.6508385321,0.6398127044,-0.1825089373,0.4764272796,4.662e-07,0.0001001004,0.0001577337,0.000109853,0.6020714195,0.1346848771,2.839784856,0.3276831538,-0.002205488,0.3779297931,0.5027025,0.0354682868,0.0623026894,0.0164357695,0.5804983007,0.1619309051,2.8227228067,0.2774273106,0.0653097863,0.3096190138,0.4380142288,0.2664229419,0.0273379831,0.0171901602,0.9617498869,0.0125725711,2.284064562,0.2261795641,0.7256784213,0.1422352145,-0.0014690899,0.0008865553,0.000647954,0.0004066583,0.9310474449,0.0251393734,2.8437793592,0.5266691962,0.9364682667,0.2228101112,0.1368814305,0.0166195446,0.1460692426,0.0181501012,0.9139097069,0.022159054,3.4559239592,0.7013962327,1.2225015464,0.2453868288,7.135032398493549,-6.20941431753451,-2.7414931598413426,4
467,135.22343495842418,5065,64,37.45652520628016,0.2344,0.0465793946,0.6089172361,2.4303804971,-0.1101511476,0.3012,0.0394722687,0.2645701575,2.5984559969,-0.1203776321,0.4644,0.046142605,0.3956437554,2.3865243529,0.0319883747,0.03045,0.0098258587,0.1533091775,2.8822785513,0.4594046199,0.5769117647,0.1410934958,0.9208674753,2.4800321487,-0.3611068204,0.0783088235,0.0604371957,0.8881085188,3.312271308,0.9626083368,0.3447794118,0.0868629491,0.8389772117,2.1970954863,-0.0464097928,0.0316911765,0.0110350476,0.1157371273,2.7361020917,0.6597436901,0.4935627639,0.2994950475,0.002380397,0.0014808759,0.9254690744,0.0371943643,2.4259961848,0.6152164286,0.0018372916,0.411294978,2.7327e-06,8.07739e-05,8.27963e-05,5.02143e-05,0.4311903277,0.1321354219,2.8041800492,0.3555605743,0.0934023414,0.1617284375,0.502015,0.0291560976,0.0449162958,0.0046220254,0.3297754888,0.1427594022,2.8141764279,0.3152377605,0.0399160722,0.1647742271,0.4503056981,0.2731579591,0.0215255564,0.0132011164,0.9690955732,0.0256127268,2.0207471257,0.1971108596,0.484924511,0.1517938276,-0.000974684,0.0006071889,0.0004754069,0.0002926734,0.9477261775,0.052181027,2.0784211546,0.4459271044,0.4929024027,0.2148555551,0.1728957083,0.02681412,0.150543625,0.0191507488,0.934241049,0.0278127371,2.2287851944,0.2012414924,0.6830879131,0.1281801628,4.018767857745225,-0.7861491024954046,1.0705258017499129,0
468,751.0251250728056,28164,56,37.50074273116993,0.2477,0.0333273161,-0.0176768329,2.864483763,0.023869206,0.26515,0.0389323452,0.2986997212,3.1984191426,0.4962507922,0.48715,0.0412689653,0.1059368427,2.4190590374,-0.0840684448,0.03765,0.0110103361,0.0955284953,2.7163566442,-0.012075807,0.4166210046,0.0878666368,0.8593748515,2.5107134189,-0.4711001966,0.1062785388,0.0651444482,0.8574641079,2.7419980367,0.8150090251,0.4771004566,0.0412218516,0.3633836606,2.7036582613,0.2187423907,0.0439954338,0.0113332653,-0.0811571931,3.355263648,0.4775642926,0.5004487364,0.3044448362,0.0004842051,0.0003243946,0.9350387888,0.0410214102,2.4178815359,0.5836027403,-0.1753705815,0.3279599485,3.2253e-06,1.04465e-05,1.2497e-05,7.7462e-06,0.2301042872,0.1156644906,2.8962316367,0.3206875277,-0.0201606124,0.2342201983,0.503685,0.0233553318,0.0389326394,0.0036226842,0.1755156182,0.1144246408,3.2148814211,0.6376784768,-0.0418006757,0.3341253675,0.4540322399,0.3054886832,0.0226728117,0.0139676512,0.995368024,0.0020180096,2.0614488373,0.1410460954,0.5167496783,0.1292818253,-0.0001583827,9.93925e-05,6.09947e-05,3.74669e-05,0.9621182033,0.010596379,2.6730630423,0.3009584371,0.7802730731,0.1479533457,0.1511177534,0.0196488578,0.1280100439,0.009125084,0.9570410947,0.010127692,3.0043852257,0.3957828574,0.9916356546,0.17720841,-3.984379164613952,-0.37497286412147546,0.037007616194486746,0
469,109.84353353432476,4143,16,37.71728627707851,0.22355,0.0345419672,0.1811086397,3.3914210961,-0.0573962527,0.30455,0.0392434389,0.3040181078,2.8124649227,0.0585389628,0.4719,0.0402789027,0.3529405479,2.8864339226,0.2283237085,0.0406,0.009702577,0.2897987491,2.9194583336,0.2330105769,0.4145454545,0.0956347505,0.826773728,1.9252463849,0.1786444564,0.0890909091,0.0594093981,0.9147535179,2.5676083906,0.5537085579,0.4963636364,0.048823627,0.3313280999,2.3862062137,-0.0727780184,0.0434848485,0.0160248315,0.5101369814,2.4180638143,-0.0118995007,0.4992328993,0.3018562928,0.0028894265,0.0020727963,0.9261096109,0.0497900987,2.5927550948,0.9751825391,0.1764366204,0.5052460363,-2.32129e-05,0.0001103279,8.78925e-05,5.74891e-05,0.3493864761,0.1850812069,2.906610325,0.5386251294,0.0418784098,0.303567945,0.4945975,0.0381719579,0.0429356928,0.0055478293,0.2422039307,0.1515476948,2.9195831041,0.4256310287,0.0091357038,0.241760597,0.4535617975,0.2762725001,0.0183675766,0.011524101,0.9627428848,0.0085656297,2.7004421871,0.2671119728,0.9252769889,0.129225699,-0.0008477705,0.0004988221,0.000346141,0.0002165107,0.9351957687,0.0138330802,2.7167935545,0.2933872303,0.8867570593,0.1429242255,0.1382964762,0.0182764606,0.1418968835,0.0117772045,0.9335108044,0.0210268943,2.9972606016,0.4414326274,1.0694270445,0.178402881,1.5053801354380316,-3.0894002992318836,-1.2498410493774388,0
47,472.8249393395992,16904,24,35.75107527874913,0.24125,0.0343756818,0.2361944897,3.1180939071,0.3406578359,0.2485,0.0422936165,0.3779292595,2.4246152359,0.2011197046,0.51025,0.0398959584,0.0585424663,3.4107034905,0.3135334418,0.0385,0.0103561576,0.0384929239,2.7946435849,0.2079773444,0.558287037,0.142276729,0.9494632171,1.8823420617,-0.1133340108,0.0850925926,0.0613655617,0.9029240965,3.0747613036,0.884821787,0.3566203704,0.0886337363,0.8880808636,2.0788125874,-0.1104041697,0.0363888889,0.0106899341,0.0023335241,3.4237359924,0.449377067,0.5033263468,0.3041245772,0.0019915867,0.0015568106,0.9255881667,0.0510310137,2.399966509,0.6643490195,0.0238554194,0.3840331956,-1.25608e-05,9.27616e-05,5.17565e-05,3.20024e-05,0.2436356206,0.1785964412,2.8711629094,0.4081954072,-0.0144888099,0.2981254559,0.4932975,0.0381272884,0.0390020157,0.0033714461,0.1840221391,0.1061423029,2.8146283319,0.303641591,-0.0046947051,0.2108713188,0.4343848142,0.2634991605,0.024825208,0.0152130739,0.9798693843,0.0096546781,2.419622385,0.2634981997,0.7774945536,0.1400574546,-0.0007185941,0.0004402719,0.0002871561,0.00017409,0.9555379341,0.012463482,2.6619419504,0.3018663919,0.8505977997,0.1459168155,0.1373904806,0.0148817239,0.1372406507,0.0104609699,0.9472950868,0.0105323129,3.0646638179,0.364548157,1.0807644203,0.1469357442,0.1251528209396739,-2.7607097256145874,-0.1389454915680386,0
470,270.6294061790046,10014,12,37.002630798281984,0.26125,0.0389703413,0.308799665,2.2928831256,0.2359045175,0.2955,0.0376662979,-0.0041961936,2.5237123329,0.0892465171,0.44325,0.0381600249,0.3309167029,2.5332414956,0.3316484953,0.0337,0.0090448881,-0.0215645376,2.2586137072,0.2888741795,0.4839285714,0.0980739257,0.9092973281,2.0314484396,-0.037246765,0.0861309524,0.059827884,0.8788064795,2.7161640743,0.8276145159,0.4299404762,0.0509522071,0.6537827334,2.3786872262,-0.4031839508,0.0374404762,0.0106204555,0.0018778171,2.4434884207,0.3705384943,0.4935600681,0.2997551462,0.0017627356,0.001378318,0.9500753799,0.0415034919,2.7926908209,1.0594333615,-0.0752789143,0.7195790918,1.17794e-05,2.85633e-05,3.89635e-05,2.42493e-05,0.266029084,0.1676554882,2.9847871224,0.4687209154,0.0557853441,0.3501633714,0.50541,0.029618945,0.0408351213,0.0037871979,0.226174615,0.1481220797,2.9663016807,0.5217600978,0.0106833715,0.2725638468,0.4403162644,0.2733370183,0.0248928168,0.0149150342,0.9843061615,0.0067323479,2.5112991201,0.4453154509,0.8088207757,0.2106412553,-0.0004234562,0.0002485716,0.0001918011,0.000116139,0.9575029958,0.0202673996,2.4155385445,0.5153104467,0.7260649848,0.235956634,0.1735120434,0.0342582366,0.1512224419,0.0139023756,0.961109994,0.0133849768,2.2710467795,0.2617138413,0.7323477514,0.2335084288,-1.1905528278554176,-1.2805296190979623,1.0327891243584335,0
471,494.3366364878617,18199,36,36.814993380420574,0.25325,0.0359956595,0.1931472436,3.7767889951,0.136826508,0.214,0.031756889,0.2850121371,3.1586168043,0.4168849398,0.53275,0.0411665823,0.0191716132,2.8982598761,0.0563579138,0.0384,0.0106976633,0.1639580002,2.8544588538,0.2294548987,0.3496518987,0.0658587794,0.7649931869,2.3619511933,0.1721296855,0.1082911392,0.0699271143,0.9118957727,2.2169956141,0.4738654097,0.542056962,0.0394588784,0.2371297712,3.387489473,0.2103010643,0.0454113924,0.0113901633,0.225427595,3.1882919868,0.1587534216,0.4983168942,0.3025788742,0.0006399416,0.0004057625,0.9548364759,0.0437755729,2.3529069018,0.660738507,-0.1034938212,0.333233693,-2.846e-06,9.0283e-06,1.31512e-05,7.9487e-06,0.1264282911,0.1072021073,2.8776684372,0.4103314641,-0.003063012,0.1750180102,0.4935425,0.0205466681,0.0359600123,0.0028195995,0.0907652945,0.1174624138,2.9817173069,0.4222602798,0.0061916139,0.2357525258,0.4556333672,0.2936510264,0.0181209687,0.011635258,0.9918607294,0.0029885023,2.2527662273,0.1104136832,0.716600005,0.0717577701,-0.000177159,0.0001153721,7.75136e-05,4.93397e-05,0.9718891691,0.0058617758,2.2883466255,0.1235222764,0.7123100587,0.0726198067,0.1607202812,0.0124710643,0.1459714428,0.0074191537,0.9652640347,0.0051252853,2.563775563,0.2181662614,0.8863925159,0.1013610079,-4.532466274214511,-0.4041501321156874,2.2434367718382435,0
472,843.9338692113174,30973,4,36.70074294914273,0.22935,0.0325626703,-0.1166703702,3.8730322215,-0.0398480311,0.24825,0.0296763795,-0.2199534248,3.1252263281,0.1938052143,0.5224,0.0346156034,-0.1305901952,3.2815505638,0.3896384994,0.0344,0.0109608394,-0.1257528363,2.8271072905,0.3409447022,0.4292031873,0.1015662333,0.8876797604,2.0372623853,-0.2592235297,0.0903585657,0.0732054286,0.9186893175,3.1172736154,1.0217414532,0.480438247,0.0451690844,0.485405633,2.7441103724,-0.208714153,0.0414741036,0.0124817926,0.0159217717,3.2725395895,0.2207835021,0.4966492928,0.3021212152,0.000499977,0.0003000108,0.9469394733,0.0287027757,2.3852068841,0.4263778708,-0.0422130141,0.4882233201,-2.4487e-06,8.3313e-06,1.11842e-05,6.7054e-06,-0.0044914272,0.0974273057,2.9196705481,0.396409391,0.0208140888,0.2515465169,0.49531,0.0156645507,0.0352716657,0.0024311204,0.0183809099,0.1173369006,2.9411618905,0.3916855233,-0.0078376818,0.249826594,0.4591554236,0.3114996467,0.0174916106,0.0119633218,0.9936586812,0.0030078318,2.1784241052,0.2220912677,0.5613880037,0.2199527093,-0.000108172,7.72259e-05,5.1551e-05,3.28865e-05,0.9310275463,0.1016027579,2.2654321753,0.2730919661,0.524085475,0.2595948538,0.2114085347,0.1019767313,0.1342151498,0.0326942325,0.8830336785,0.2119760169,2.4116760009,0.3114694849,0.6533347882,0.2670851326,-1.2883390295762922,8.095039039180177,-4.353581035315977,0
473,149.62993355690708,5354,42,35.78161048881154,0.2655,0.0391695034,0.4029175656,2.1408342281,0.1574735393,0.20995,0.0371449526,0.5646858583,3.0903427111,0.2606934905,0.52455,0.0337275481,0.200802708,3.5157460712,0.336868542,0.0367,0.0101049493,-0.0809197156,5.4315354022,0.8037534809,0.4668452381,0.1168810439,0.8655004974,1.9690938405,-0.1989859483,0.0835714286,0.0740478104,0.9215787727,2.7724505069,0.8629100031,0.4495833333,0.0575088416,0.5343766667,2.2573304223,-0.2801202031,0.0389880952,0.0120953494,0.2395163039,3.9219124349,0.7973506971,0.4933258993,0.3007052567,0.0015802291,0.0009630891,0.9476641572,0.0352146478,2.380374708,0.5621329304,0.1443368515,0.4202238723,-6.4041e-06,2.73616e-05,3.79358e-05,2.34341e-05,0.2398827947,0.1540102211,2.8353375741,0.5699359403,0.0291082493,0.2251780546,0.4927575,0.0268618609,0.0383680956,0.002426596,0.1699763411,0.1352393575,2.7666828668,0.4291539688,-0.0415953298,0.2320880846,0.4512090703,0.2737980848,0.0205695887,0.0126784397,0.983686862,0.0050004463,2.1418888126,0.1434427941,0.6007622581,0.1011203226,-0.0004724508,0.0002917732,0.000217594,0.0001334309,0.9642469633,0.0094812363,2.1899465151,0.1982475283,0.5976332043,0.1124465016,0.165706801,0.0223344923,0.1477594762,0.0122622585,0.9549751271,0.0098823498,2.441067244,0.307480819,0.8102760023,0.1608197954,-1.952640955034887,-1.6363880298221063,1.3488297202861457,0
474,310.2479465992463,11790,40,38.00186312023972,0.2599,0.0344091558,0.1479530307,3.0832261303,-0.3812534432,0.24935,0.0333965193,0.1639400747,2.9321901703,0.2031357872,0.49075,0.0389382524,0.1188848898,2.5044921846,-0.2425669665,0.0341,0.0104494019,0.0879825824,2.7289370099,0.1867200399,0.4705,0.1473380467,0.9537699329,1.8892346546,0.034439984,0.080125,0.0697359977,0.9027369833,3.2186601628,1.0394351683,0.449375,0.0900603097,0.9100793741,2.2015986376,-0.5324354585,0.0485625,0.0119424074,0.1955939596,2.6711390423,0.391290563,0.4975530956,0.3023046654,0.0019792801,0.0019090196,0.9134516711,0.0415584299,2.43664557,0.4983504934,0.0723401294,0.4434081823,1.01184e-05,3.44394e-05,4.99865e-05,3.34844e-05,0.2201016661,0.1538647812,2.9804576961,0.4517320103,0.0176166859,0.2275468442,0.50066,0.0263988144,0.0386594185,0.0044934796,0.1561834983,0.1367404042,2.7940517818,0.4206156476,0.0759822539,0.2354936979,0.4429554175,0.2700133143,0.0238739971,0.0149892397,0.9798490388,0.0092981536,2.2734600765,0.1745161366,0.6945907501,0.1066304988,-0.0006340177,0.0003747446,0.0002915806,0.0001834841,0.9615762241,0.0137859297,2.2937942959,0.168068496,0.6771348222,0.1231059593,0.1527562501,0.0190773424,0.147062769,0.0119030396,0.9503305971,0.0099461993,2.6426320483,0.3096492184,0.9276213087,0.1404703841,-0.8373208877489975,-1.8981823880605948,2.6589224432652725,0
476,620.1711789649768,22154,18,35.722395286045874,0.23135,0.032854642,0.2146004296,2.7294335796,-0.1390949517,0.31195,0.0383594512,0.2783006671,3.1585769982,0.1123835376,0.4567,0.0373243888,0.0834804433,2.9529122376,0.3021372821,0.03325,0.0112110437,-0.0670768144,2.4535855876,0.0365262838,0.4065088757,0.0802009398,0.78802801,2.1450942809,-0.0892628392,0.0830769231,0.0570684215,0.8930680819,2.6246847315,0.7887567444,0.5104142012,0.0418910256,0.2283893434,3.1461516003,-0.0640537462,0.0446449704,0.01255254,0.1990301391,3.5788753787,0.6637675748,0.4951121414,0.3004352228,0.0010169731,0.0008734879,0.950507684,0.0524933786,2.3093072692,0.5458956885,0.2841557976,0.4858542764,-3.5936e-06,1.15322e-05,1.75253e-05,1.08986e-05,0.0794562374,0.1628673473,2.8465111941,0.4251173068,0.0176622763,0.2031665802,0.4922075,0.0191031822,0.0388875804,0.0046865731,0.1244022694,0.1380455761,2.8447578907,0.3556746887,0.0068327921,0.1893614874,0.4590209044,0.302803572,0.0159018432,0.0111613481,0.9815472308,0.024887669,2.549640209,0.3201522794,0.8009655828,0.284940651,-0.0001656009,0.0001179219,7.04725e-05,4.60002e-05,0.8702586627,0.2633738633,2.3669958193,0.2821952204,0.6360570235,0.42771274,0.1958351735,0.0945729876,0.1343197866,0.0345649859,0.838100504,0.3699933275,2.2884151361,0.2212479377,0.6020309689,0.4874570943,5.170158340960143,16.440839121721563,-9.149867309254876,2
477,134.7920804923449,4845,60,35.94424822514078,0.22175,0.0370160438,0.2458325556,3.1921401022,0.7306426449,0.30045,0.0544752008,0.6115538672,2.7819918149,0.0347182235,0.4778,0.047213981,0.3971703468,2.3888966519,0.0164431811,0.035,0.0107703296,0.1295896328,2.7850029727,-0.0420215744,0.4801351351,0.1118758149,0.8878366394,2.273112155,-0.2460521708,0.0988513514,0.0872343353,0.9040467523,2.8933184081,0.9432498289,0.4210135135,0.0465860126,0.4246618877,2.9054477986,-0.3503243294,0.0435810811,0.0110746933,0.2202512033,2.6661750592,0.2185841494,0.4943624178,0.3007641284,0.0019805581,0.0013841197,0.9343385021,0.0412827204,2.3250511804,0.3467722553,-0.1185340451,0.3631380031,1.446e-05,3.77298e-05,7.07725e-05,4.40224e-05,0.4791978934,0.1514039496,2.8786727335,0.4951185327,0.0230515883,0.3112843722,0.504235,0.0195700862,0.047142552,0.0118566983,0.3356216681,0.1737263358,2.8778880535,0.3787061399,-0.0256543152,0.2869169706,0.4569004931,0.2783647815,0.0189007322,0.0113844442,0.9769786433,0.0082812185,2.2893244587,0.1464818572,0.7037273893,0.0994203782,-0.0006466245,0.0003890728,0.0002281297,0.0001366048,0.9265505797,0.0179614866,3.2414550607,0.4822688559,0.9758153873,0.1556365535,0.1399439697,0.0164996732,0.131301004,0.0113953691,0.929079819,0.022828794,3.2656391666,0.5200236935,1.0799721862,0.1729792393,0.6191252593866666,-2.217969934891973,-1.000860068467982,0
478,487.9628324530274,18338,6,37.58073111391176,0.28,0.0627136349,0.692590443,2.5043234669,0.0975156464,0.32625,0.0493780062,0.4833295265,3.3220363024,0.3023111215,0.39375,0.0401271417,0.1672863897,3.4417025898,0.1754142778,0.03085,0.0093288531,0.0059787791,2.8420173113,0.2232087313,0.6134302326,0.093221609,0.8309097006,3.3103528405,-0.735213473,0.0906686047,0.0697586416,0.8562971352,4.6848289028,1.40898679,0.2959011628,0.0402849819,0.2912200478,2.7486400589,0.0744875871,0.0324709302,0.0087020629,-0.1909501409,2.5900061702,0.0792253109,0.4994280048,0.3036655923,0.0005690301,0.0003617059,0.9179533675,0.069727172,2.4344637172,0.5827644089,0.1344993828,0.3155811499,-2.5397e-06,1.24271e-05,2.08853e-05,1.3258e-05,0.5519433932,0.1213745654,2.8005276978,0.5001056031,-0.0168243738,0.2986662456,0.4963775,0.0213317456,0.0545304889,0.0066311691,0.4915233219,0.1250323239,2.8397849201,0.3737769572,-0.0024904531,0.3098747837,0.4600878606,0.2989841313,0.0200046693,0.0123075411,0.9945135218,0.0027017046,2.0181902339,0.1054328081,0.4677622802,0.1055019147,-0.0002008604,0.0001238085,6.69783e-05,4.45156e-05,0.9492146301,0.0129274296,3.6227711364,1.1353664046,1.0529483467,0.3101764174,0.1355381162,0.0202207126,0.1095947112,0.0077932323,0.9370422515,0.0116488637,4.3332921533,1.660155404,1.24516465,0.4719751449,-0.8024138689214061,-2.3208552506665496,-7.6340983242804175,0
479,157.66491763380904,5673,20,35.98137166554739,0.2465,0.0375732618,0.2339854354,2.4959226349,0.274512398,0.2472,0.0372781437,0.2008445738,2.5715842179,-0.1766256211,0.5063,0.0353879923,0.1410365844,2.5979704635,0.0263736477,0.04025,0.0096014322,0.0946379297,3.3369964953,0.5220619462,0.3884931507,0.0861731489,0.820111917,2.4509276951,-0.3387696428,0.0875342466,0.0728581061,0.8887295315,2.8454507221,0.8901147343,0.5239726027,0.0365644384,0.0261420565,3.390833861,0.0001456449,0.0476027397,0.0155076117,-0.1801208475,2.7638007232,0.600145919,0.4980596011,0.3019725154,0.0013648946,0.0008855032,0.9447436289,0.0301220207,2.4318988422,0.6613204618,-0.1615549782,0.4305450979,-5.664e-06,2.2922e-05,3.28462e-05,1.9928e-05,0.184816613,0.1395647207,2.8881977841,0.432350906,-0.0055560573,0.1873537728,0.5021625,0.0192337846,0.0386984277,0.0035113129,0.1403892894,0.1464830279,2.8417283119,0.3147732066,0.0420087743,0.1887442987,0.4530600231,0.2751149474,0.0200174627,0.012290801,0.9845784505,0.0060672996,2.0540966736,0.1184055796,0.5542599949,0.0891341351,-0.000428346,0.0002600773,0.0002064703,0.0001261163,0.9692849058,0.0083673078,2.107894446,0.1488516145,0.5640050938,0.1096184152,0.1652769621,0.0178055451,0.1509263865,0.0097618466,0.9565231673,0.0140120852,2.4062418726,0.242875252,0.7995424745,0.1441971252,-2.7039354711924144,-0.8383921257932196,1.8679008016249141,0
48,114.78370073816582,4229,32,36.8432100795113,0.35095,0.0578605868,0.5047291305,2.5623612296,0.1450325553,0.4006,0.0557865575,0.4964057406,2.8244692704,0.1292535634,0.24845,0.051762414,0.4906080196,2.5813636908,-0.0118686729,0.02015,0.0055432391,0.1223570794,3.9363814727,0.4692027605,0.7125961538,0.1463448587,0.9431774547,1.808364765,-0.3626374412,0.1013461538,0.0728348724,0.9075733167,2.3614699704,0.6297601419,0.1860576923,0.0778209022,0.8841444043,1.8827428988,0.2800639368,0.0264423077,0.0072281859,-0.0574484555,4.1217744483,0.520094735,0.4822600165,0.2940053666,0.0040927872,0.0031918219,0.8973877121,0.0463454522,2.5081440289,0.4227326599,0.1825483637,0.2598151195,3.90575e-05,0.0001455136,0.0002274311,0.0001616105,0.6538571488,0.1289870958,2.7953504932,0.4001632819,0.0553901103,0.315902889,0.49073,0.0753679232,0.0609454533,0.0116788258,0.5726572745,0.1580111451,2.6852778004,0.3208645145,0.0707344169,0.2629179848,0.4554156447,0.2775511959,0.0196947294,0.0120614711,0.8829786447,0.2175696193,2.1910865329,0.2698143407,0.6721813488,0.2046574166,-0.0019643705,0.0011600098,0.0009470976,0.0005810055,0.8705490917,0.2267433918,2.2276348726,0.3114983976,0.6296449094,0.3503254116,0.1468304543,0.0397865224,0.1518760925,0.032582627,0.8489715557,0.2008825782,2.65119878,0.5245906833,0.936980572,0.2713540002,33.775384875805884,16.67328124561609,11.476063164404625,2
480,621.8224931760898,22836,54,36.72430677661772,0.24045,0.0309684921,0.0411610728,2.9418861959,0.2595582018,0.25845,0.0308277067,-0.0253912475,3.7082124988,0.0771951779,0.5011,0.0400348598,0.0004048874,2.9979922797,-0.0744230337,0.03755,0.012399496,-0.0175363196,3.1183640829,0.5054052369,0.4118,0.0895084354,0.8727111484,2.0733450276,0.1045998624,0.0854333333,0.0492677605,0.8476995297,2.5406849447,0.6039076065,0.5027666667,0.0530676822,0.6414531084,2.5365242742,-0.4897104894,0.0433,0.0116308498,0.0467539998,3.161564308,0.4304890652,0.4965785745,0.3021056067,0.0005876551,0.0004392872,0.9409696497,0.0597719913,2.3394223393,0.6752444659,-0.2223631419,0.3803688359,4.0577e-06,9.433e-06,1.15852e-05,7.1303e-06,0.1267454418,0.1115066803,2.9827114592,0.4771043948,-0.0749787112,0.2691574095,0.5038325,0.0238789828,0.0377049836,0.0035955305,0.0917908098,0.0936168226,2.7430580225,0.2428870773,-0.0327068065,0.214892011,0.4599549018,0.3070974384,0.0189313962,0.0115895404,0.9945356894,0.0023083274,2.1061867416,0.1630922731,0.552950185,0.1738836836,-0.0001284197,7.54805e-05,5.73e-05,3.46686e-05,0.9607271202,0.0238095779,2.4504999153,0.62334409,0.6740790797,0.3043107653,0.1764245848,0.0508114481,0.1331976284,0.0223363921,0.9487076013,0.0368290037,2.668154143,0.5356197239,0.8281206551,0.2746972104,-3.62765732284547,1.2603426924351828,-0.2710838773112292,0
482,104.20761369240428,3657,18,35.093405082613074,0.3002,0.0485948557,0.596057474,2.6816447839,0.1737017939,0.2674,0.0465589948,0.4936398049,2.6572175259,0.1280464707,0.4324,0.0429213234,0.3727894306,2.9654980724,0.1319004191,0.03685,0.0106689971,0.3523138336,3.6772935337,0.8219326236,0.4311320755,0.1207040725,0.8675812467,2.3579934491,0.0631606139,0.0896226415,0.0784029809,0.8467531511,3.5349759954,1.0928029523,0.479245283,0.0619448646,0.6260984793,3.3236485018,-0.6836570738,0.0497169811,0.0096355814,0.0159262903,3.0171198915,0.0960511419,0.490375566,0.2984055083,0.0035785555,0.0022439286,0.9300278202,0.0405781416,2.3821694599,0.3731197766,0.0399817336,0.4741651178,2.66671e-05,0.0001443646,0.0001254954,7.56433e-05,0.5102288782,0.1873162279,2.5950405884,0.3675608141,0.0819763208,0.2384160511,0.50424,0.0371497093,0.050181397,0.0057618486,0.4569689925,0.1609259582,2.6763043483,0.4267438829,0.0058330079,0.226924673,0.4565545712,0.2775111636,0.0159474068,0.0100719213,0.9456264046,0.011827981,2.9480146322,0.2729347711,1.0667894753,0.1071703253,-0.0009894285,0.0005918771,0.0004108911,0.0002599699,0.9231423226,0.0130742392,2.9888865737,0.3518674954,1.0511275661,0.1228208089,0.1441912646,0.0189107547,0.1524194074,0.0173319092,0.929556535,0.0125917762,3.0021035269,0.4453899237,1.1033384136,0.1542178647,3.8963912025422403,-4.412742301425638,0.4814242103094523,4
483,650.3261583739502,23673,32,36.40173426083772,0.303,0.04577117,0.3047161304,2.1982440291,0.1296321001,0.252,0.0462493243,0.3726986486,2.2976473126,0.1179199214,0.445,0.054277067,0.3954302723,2.5483309206,0.0386490979,0.0322,0.0097549987,-0.0596161613,4.4796042717,0.8658929239,0.4967684887,0.0901307969,0.8412733769,2.7229711508,-0.5881482452,0.0847266881,0.0680138951,0.8943715712,3.4696961198,1.0703300112,0.4185048232,0.0400574243,0.2265216585,3.0503652745,0.0260921311,0.0398874598,0.0123156582,0.1834049262,3.5418525427,0.5164904928,0.4962415575,0.301940438,0.0003666968,0.0002438007,0.9415710296,0.0361215569,2.3001035421,0.4542510659,0.0085348707,0.4850154709,8.907e-07,1.01528e-05,1.09235e-05,7.013e-06,0.3824521966,0.1837811254,2.7915646522,0.4494530999,-0.0136534348,0.184173355,0.493995,0.0306352734,0.0452745917,0.0062694772,0.3458260806,0.1596540006,2.7114418907,0.4765150751,-0.0043827021,0.1973214984,0.4666354171,0.3192034496,0.0172110156,0.0114833421,0.9957805141,0.0020880201,2.0354076214,0.1182242671,0.4536281929,0.1640736964,-9.98574e-05,5.88208e-05,4.15619e-05,2.44939e-05,0.9501773427,0.0340617132,2.50665815,0.2725326053,0.5892760673,0.287192516,0.194568786,0.0667101329,0.123025646,0.0223065248,0.9362960729,0.0468924614,2.7990019158,0.4489602409,0.7150002198,0.376595607,-2.2466751440263053,1.0714617862311857,-3.1801306701642043,0
485,267.07310190996543,10270,6,38.453891187672575,0.2438,0.0283911958,0.1395467541,3.1825580028,0.0823047148,0.25735,0.0306549751,0.2713044556,2.7162921225,0.122562351,0.49885,0.0325257975,0.1204911754,2.7378908087,-0.102873754,0.0398,0.0087155034,0.0849082934,2.9335294954,0.083959987,0.4094329897,0.0986634295,0.9033067263,2.2342843048,-0.0489727902,0.0978865979,0.0780028913,0.9301805189,2.9497981243,0.9583498241,0.4926804124,0.0436307246,0.5286225155,2.9767519205,-0.358833239,0.046185567,0.0125544832,0.0746997322,2.3980198828,0.2778776056,0.4964513228,0.3021883111,0.0014374063,0.0008454903,0.9447012976,0.0476086254,2.3062247715,0.6021867348,-0.1018149453,0.5027484092,1.5234e-06,3.72416e-05,3.34406e-05,1.99338e-05,0.132911529,0.1539091681,2.827304803,0.3759275972,0.0637632965,0.2617544825,0.503425,0.0229802986,0.0375513143,0.0027702067,0.1003748275,0.1276316825,2.9847062026,0.4138310661,-0.0116249628,0.2383092501,0.4491569018,0.2804292787,0.0205302283,0.0134716604,0.9814024236,0.0167727848,2.2385200567,0.1847904873,0.6843522814,0.1716908561,-0.0003938391,0.000263399,0.0001815322,0.000113532,0.9599104204,0.0272986501,2.3084637648,0.1860615801,0.674945057,0.1908406296,0.1732208858,0.072508348,0.1434430653,0.0237424396,0.9421201229,0.0607663528,2.6629889751,0.3255437037,0.8848494552,0.2366847975,-0.8995265720205582,1.8707719320809033,1.443763838598013,0
488,181.53261812171772,6610,9,36.41218899607336,0.28365,0.0590120962,0.6696304366,1.9098834728,-0.1484509223,0.2581,0.0696016523,0.8145856569,2.8223876129,0.7834222158,0.45825,0.0412272665,0.3408703317,2.3392794638,-0.1660404621,0.0395,0.0110340382,0.2345880726,2.3596886608,-0.1635782015,0.6208,0.1546475347,0.9287361529,2.2529072756,-0.4663174667,0.0675,0.0663682906,0.880224239,4.1016736988,1.3315298561,0.3117,0.0980388188,0.8298882442,2.1816513189,0.0946114247,0.0387,0.0105503554,0.1577534396,2.6504821691,-0.0457219226,0.4924421361,0.2991125684,0.0040567158,0.0031661907,0.931521103,0.0491284256,2.3526330644,0.4647115112,-0.0663606856,0.3945381235,-1.19106e-05,0.0001026549,0.0001373087,9.05871e-05,0.4922274075,0.18702789,2.7241788296,0.3821371487,-0.0336041886,0.2766860373,0.49626,0.0289612267,0.0493606525,0.0126880153,0.4128908987,0.1861999183,2.8068640792,0.3207739505,-0.0421641726,0.2067053021,0.439166358,0.2659824358,0.0249397797,0.0152390045,0.9591643696,0.0145415124,2.3010320347,0.2210373843,0.7413427593,0.1344366144,-0.0013898951,0.0008660578,0.0006255667,0.0003804276,0.9409032449,0.0211753973,2.3460266676,0.2427620836,0.7429883692,0.1308241595,0.1495386408,0.0236963043,0.1500784516,0.0149343849,0.9304427335,0.013096224,2.6712733037,0.3466402568,0.9521909967,0.1640297773,6.069655829880341,-5.966224979162948,-1.8617470340377829,4
490,603.8658426702254,22031,34,36.48326903634994,0.2389,0.0365894794,0.2471606486,2.5669499637,0.2808851955,0.2593,0.0347204551,-0.1519427184,2.3968948694,-0.2334341472,0.5018,0.0393288698,0.1149294605,3.0763943882,-0.0917823906,0.03655,0.0102882214,-0.0531123695,3.2429134661,0.0691794853,0.4491573034,0.1049364065,0.9049575731,1.8615333048,-0.1126692156,0.0951685393,0.071851319,0.9265976371,2.7393690249,0.8325120905,0.4556741573,0.0506319114,0.5315912969,2.3791040714,-0.0050833421,0.041488764,0.0114608463,0.0702388219,2.9971055317,0.279383452,0.4976478964,0.3033587053,0.0008807047,0.0006176385,0.9502978962,0.0306766762,2.3305608374,0.4357018373,0.0738835335,0.4284078934,1.3437e-06,1.88759e-05,1.77619e-05,1.09669e-05,0.0763015201,0.1423541456,2.8609347475,0.3112986638,0.0087045436,0.1505737203,0.500665,0.0210297652,0.0368611005,0.0029565215,0.0515523451,0.1113633284,3.021783306,0.5072098772,0.0882179608,0.2395428843,0.454789179,0.2926126461,0.0202401164,0.0122000017,0.9919937946,0.0032713852,2.1339338561,0.1416763409,0.5705396089,0.1533556981,-0.0002331449,0.0001361476,9.80703e-05,5.90382e-05,0.9633594492,0.014516981,2.4908477429,0.2445326406,0.7410062446,0.1758521122,0.1633596932,0.0446947626,0.1343858312,0.0129801933,0.9508343791,0.0216092901,2.7740195337,0.359000023,0.9076948738,0.2493090542,-3.553944265995212,0.22306208384810527,0.8994332058786079,0
491,436.59760657046735,16178,70,37.0547152722168,0.26115,0.0444907575,0.503901498,2.5701354239,0.0035848503,0.2581,0.0455235104,0.4418837929,3.1938104375,-0.4821054515,0.48075,0.0390920388,0.2250387104,2.5296190232,-0.1329527685,0.03855,0.0119015755,0.2353280659,3.6144384571,0.4748201186,0.5236153846,0.1296964138,0.9253584345,3.2199410118,-1.0623471076,0.0855769231,0.0667908176,0.8985395195,4.1176546922,1.2487473314,0.3908076923,0.0701586221,0.7706397151,2.9530309759,0.8398663391,0.0377307692,0.010192598,0.056625932,2.5469558789,0.0859810602,0.4998126107,0.3037733884,0.0009385032,0.0006338848,0.9435376471,0.0327211531,2.4507638036,0.5387647871,0.0467685699,0.4685321271,2.1977e-06,2.30958e-05,2.82859e-05,1.68865e-05,0.5097536722,0.1768427909,2.8178985359,0.5158382142,0.0411620007,0.2900111691,0.4948375,0.0379139086,0.0503932246,0.0092692795,0.4343632768,0.19780521,2.8216248846,0.3977220398,0.0576056004,0.3047524016,0.4544830551,0.2874848957,0.0218493235,0.0132278909,0.9910718806,0.0041817274,2.0727968759,0.1045883762,0.541210395,0.1359767014,-0.0002531353,0.0001492893,0.0001106907,6.54708e-05,0.9594552037,0.0322217197,2.2575500874,0.5225675997,0.6120724385,0.2036834022,0.1628017755,0.0303705002,0.1361116114,0.0189528758,0.9500020505,0.0338253341,2.4620619978,0.4733597201,0.7841919273,0.2457568466,-1.1630858622815483,-0.8696249097994931,-3.0188466797297506,0
492,500.7343493790289,18395,56,36.73604581513536,0.25155,0.0404085078,0.4822113485,3.3332435493,0.3114882584,0.2225,0.0407216159,0.5998636932,2.3350808285,0.1203969643,0.52595,0.0361779975,0.2028007887,3.28240159,-0.3941233125,0.0375,0.0106418983,-0.0467937608,2.9804979314,0.0995689506,0.5051271186,0.1088644427,0.8795409245,2.1094523592,-0.3867619977,0.0729237288,0.0572103103,0.9086576445,2.918180925,0.9593717125,0.4219491525,0.0618843711,0.6092501927,2.5724352739,0.1317652151,0.0395762712,0.0126487132,0.1719952623,2.8411866341,0.2209341807,0.4929739883,0.300821256,0.0010379282,0.0007356128,0.9536883052,0.0442368842,2.2216326036,0.5202723087,0.116364237,0.3548448946,2.934e-06,2.42177e-05,2.6667e-05,1.75619e-05,0.3474947454,0.1537593185,2.7880875171,0.3432982672,0.0870214509,0.1638719463,0.49854,0.0408123774,0.0468350017,0.0068301441,0.3461701175,0.1621075091,2.8326944273,0.4842725593,0.1176819106,0.1694928905,0.4525583319,0.2868011947,0.0193192473,0.0121636546,0.9893950893,0.0054171896,2.1659338434,0.230937041,0.5807124783,0.1783764826,-0.0002652673,0.0001697152,0.0001186007,7.3305e-05,0.9483655887,0.0616663506,2.4554679852,0.4305580362,0.7275766612,0.1155013377,0.1715236153,0.0713896991,0.1322294839,0.0247197143,0.934241277,0.0838140415,2.774924574,0.5077316781,0.9067282157,0.2432490646,-0.8160569510883443,1.7418418705817658,-2.4106943417178317,0
495,109.30342504233398,3908,24,35.75368291054378,0.25315,0.0439753056,0.3906933727,2.7606944965,0.1209753643,0.23385,0.0423429746,0.3955198943,3.8270872417,0.5085872907,0.513,0.0432261495,0.2338766486,2.2505676802,-0.1114116145,0.0422,0.0109617517,0.2806412199,2.6755495558,0.3995675307,0.6082876712,0.1721703107,0.9271795226,2.1908162851,-0.5721838853,0.0787671233,0.0821949771,0.8763948322,4.3780218536,1.4104355779,0.3129452055,0.0993914208,0.8755032761,1.8287915443,0.1586219644,0.0380136986,0.0104926499,0.1943863916,2.4698525543,0.1137056105,0.4845173995,0.2926680036,0.0040412388,0.0029194035,0.9288725895,0.0477128004,2.400858148,0.4735055147,-0.0283077029,0.4075175231,-5.19357e-05,0.0001437439,0.0001498396,9.76981e-05,0.5094565683,0.1885205767,2.76073908,0.4180946799,-0.0080415324,0.3120157981,0.493755,0.0336121663,0.0508048695,0.0115309361,0.4141987155,0.1790979161,2.9074949726,0.4624498231,0.0239553221,0.2669931695,0.4499357728,0.2729042896,0.023357891,0.0139929444,0.9473595288,0.0370902277,2.3004272704,0.3139462702,0.7303626326,0.1871742951,-0.0015394554,0.0009548109,0.0006800633,0.0004038986,0.9303914262,0.0431609615,2.2980210664,0.2403629764,0.7097056814,0.1540632526,0.1475102155,0.0258702727,0.1470810869,0.0213675947,0.9145441278,0.0381548846,2.647424285,0.416625623,0.9287168193,0.1912409909,9.93113840823933,-4.001750035563081,-2.9370696347844616,4
496,202.82129019439824,7608,42,37.510854963539366,0.2542,0.0508906671,0.5633043666,2.8866888033,0.4533673034,0.2575,0.0504008928,0.633410442,2.1401661476,0.0559435401,0.4883,0.0411291867,0.1759956205,3.3143330224,0.113218479,0.0418,0.0099378066,0.0947707451,3.9264099623,0.1766392845,0.4793548387,0.1299828893,0.8991107199,2.5382629374,-0.5435013727,0.0833870968,0.0695015328,0.8782997721,3.0710181625,0.9913151109,0.4372580645,0.06902359,0.7263269121,2.3564928635,0.0808079195,0.0457258065,0.0121763512,-0.11846619,2.9698645193,0.3737696588,0.4971143169,0.3005263243,0.0028388655,0.0020374415,0.9360447397,0.0384166022,2.5841578711,0.6977960967,0.1233248355,0.5410024401,-3.36255e-05,8.45316e-05,9.44978e-05,5.68238e-05,0.5539856635,0.1062759575,2.8264568034,0.5398639413,0.0327166354,0.3273759598,0.49077,0.0331816493,0.0507034664,0.0070066926,0.4714047449,0.0997890182,2.8485967749,0.4797340885,-0.0162705687,0.2732904123,0.4453330341,0.270141597,0.0210617137,0.0130050244,0.9686387271,0.0143706287,2.5655978444,0.7264630673,0.8216551615,0.2483672704,-0.000917659,0.0005610458,0.0003691846,0.0002271216,0.9347780725,0.038952674,2.9623167006,0.6210772857,0.9624422371,0.202156542,0.1338277458,0.0201574354,0.1401959777,0.0145280417,0.9350832956,0.0175772641,3.3663870797,0.5912525346,1.1910989126,0.2121955848,3.7682504534877426,-3.3865174530861935,-4.446861322286226,4
497,117.75778715146774,4467,45,37.93379705967346,0.2832,0.0716363036,0.7798447106,2.4878323404,0.0576677484,0.27505,0.076421512,0.807983062,2.6834899109,0.2952199139,0.44175,0.0578592041,0.5918341899,2.6200208806,-0.2128969147,0.0314,0.0095152509,0.2897940945,2.7188530696,0.1619109094,0.4872972973,0.1288073913,0.898793574,1.7701309481,-0.1322760739,0.0658108108,0.0604880322,0.8133552898,3.4593045493,1.140845651,0.4468918919,0.0820542944,0.7210392612,1.8790282141,-0.0875518083,0.0431081081,0.0145820767,0.2722511483,1.9799575958,0.1604204289,0.4837010898,0.293270468,0.0066149618,0.0046214127,0.9110928121,0.0584099927,2.6534881168,0.748443868,0.0659917788,0.5502587667,-1.86415e-05,0.0001517356,0.0002991849,0.0001982519,0.6030893133,0.1713756781,2.8198621358,0.5936499537,0.0567354669,0.3573762475,0.496335,0.0221611321,0.0557566105,0.010658442,0.5148948448,0.1738118758,2.8042475131,0.5087672548,0.0642531422,0.2834244338,0.4208287975,0.2554827949,0.0252811336,0.0164841195,0.9259690355,0.0224679642,2.7386181752,0.3367203932,0.9880565972,0.1541042647,-0.002408431,0.0014725699,0.000953391,0.0006206263,0.8987334182,0.0448999844,2.7988278599,0.3588119857,0.9722733356,0.1481001879,0.1277799563,0.0167421036,0.1395924145,0.0194469958,0.8841054319,0.0370610336,3.2348676498,0.4935577083,1.1669087027,0.1748018593,14.147521192950531,-8.535634196915638,-3.790025749028267,4
498,218.18854871228007,8073,35,37.00010861085872,0.25555,0.0401179199,0.2104401336,2.4371546228,0.2170667114,0.2238,0.0465087089,0.5847766967,2.2704992104,-0.0434265112,0.52065,0.0414768309,0.199370456,2.8415849552,-0.2730924156,0.04305,0.0108373198,-0.1210431372,2.813482685,-0.0229940913,0.4193846154,0.1408641126,0.9165565242,1.5705188933,0.0188715384,0.1318461538,0.0945335481,0.9131150655,2.0084176513,0.5769163095,0.4487692308,0.0656390525,0.6315603986,2.1106644584,-0.1117428394,0.0406923077,0.0108796537,-0.0916117035,3.7168374963,0.7272313559,0.4900182694,0.297403365,0.0020119126,0.0013527203,0.924258638,0.0494966495,2.5404529238,0.66723191,0.0242638457,0.478414739,-1.9878e-05,7.04305e-05,6.38196e-05,3.89232e-05,0.3395690104,0.1488549244,2.943841505,0.4242190221,0.0857948378,0.211369861,0.4888175,0.0284458225,0.0463829365,0.0064224276,0.3287232524,0.146814864,2.9134194978,0.4311419648,0.0500003246,0.2323318637,0.4361098039,0.2640114044,0.0231611063,0.0146892166,0.9744935277,0.0136259841,2.4424486826,0.4192972558,0.7780618085,0.1988255164,-0.0006852815,0.0004281921,0.0003035888,0.0001881175,0.9593930555,0.0116544155,2.2605512646,0.3157057302,0.6824085155,0.1833175375,0.1595225852,0.0271253469,0.1506641712,0.0163763758,0.9532449927,0.0088539878,2.4380101763,0.3817637389,0.8480331971,0.1980106575,1.1532947044751412,-2.7426888798653195,0.7065541777178146,0
499,787.5370699369457,28816,49,36.59002363191254,0.2565,0.0285700893,-0.0340254402,2.4359892029,0.012156772,0.22685,0.0304274136,0.0323851256,2.7350703691,0.2463238782,0.51665,0.0303566714,-0.0279379781,2.8142940294,0.1870523277,0.037,0.0110679718,0.0743916381,3.7278134111,0.7943493971,0.3911170213,0.0846493212,0.8362966848,2.2578097237,-0.0409908196,0.1007712766,0.0683919852,0.8672959388,2.7629037046,0.7182173576,0.5081117021,0.0388569837,0.1970163169,3.2713258452,-0.2193708753,0.0450265957,0.0114564084,0.1309761169,2.915024095,0.3755279711,0.4974565124,0.3020705863,0.0005442529,0.000332104,0.9508607336,0.0394732385,2.4195902195,0.5394512809,0.1284978005,0.4488780364,4.84e-08,6.0379e-06,1.14015e-05,6.7272e-06,0.004212493,0.1282494481,3.0197086047,0.4578697699,0.016997539,0.2548472033,0.4997625,0.0203705908,0.0352803527,0.0026252309,-0.000600451,0.131668661,2.8408941606,0.3412313388,0.0352937264,0.2194002072,0.4627710522,0.300952836,0.0165725938,0.0103493358,0.9929418495,0.0030470218,2.2007991767,0.1539163415,0.5949440214,0.1276426477,-0.0001488888,8.80657e-05,6.39237e-05,3.90974e-05,0.9605559803,0.0080837084,2.4113217872,0.0738169564,0.6733094558,0.0864048812,0.1803550862,0.0290379298,0.1383758737,0.0083893817,0.9573849246,0.0093252638,2.4277387081,0.1617462238,0.7399856998,0.1336869776,-4.6427396126063,0.4120558215550095,2.10074959287907,0
5,630.779563634264,22606,46,35.83819340904855,0.28065,0.030876002,0.0090719071,2.5108863912,0.0258022168,0.23725,0.0344192896,-0.1197749947,2.4198980008,-0.1964822731,0.4821,0.0305055733,0.0153028084,2.3327863844,0.1136220018,0.0365,0.00988686,-0.0476411327,3.8345968433,0.0923491868,0.4394137931,0.1120067785,0.9080310093,1.9501187328,-0.1746771427,0.0906206897,0.0753574991,0.928218569,2.8555307607,0.937386312,0.4699655172,0.0534160526,0.6084597201,2.7574438563,-0.1312561228,0.0405862069,0.011492178,0.1387870799,2.7618858988,0.2160283008,0.4960610641,0.3005285116,0.000418285,0.0002743725,0.9268602861,0.0438187968,2.5091737025,0.5759896485,0.1187652568,0.3967130686,-3.5646e-06,8.0497e-06,1.04081e-05,6.5167e-06,0.0511287682,0.0912183461,3.1388444323,0.4549897602,0.0060330636,0.2522415016,0.4945925,0.0178366426,0.0353951999,0.0021518472,0.0380629589,0.0839938588,2.9088553992,0.4346279906,-0.0513329183,0.2140979664,0.4591277825,0.3055930864,0.0184481792,0.0110579657,0.9943951936,0.002844015,2.0980335368,0.141890057,0.5405818193,0.1503731997,-0.0001242777,7.73537e-05,5.85761e-05,3.54789e-05,0.9692796062,0.0123553437,2.2616317749,0.1796556172,0.6160159211,0.1789269088,0.1879417996,0.0514797236,0.1408153742,0.0139226505,0.9564513984,0.0224928828,2.4651054118,0.2245257811,0.7661572883,0.2069562554,-4.070915188547868,0.6589268040198171,1.179813771333029,0
501,11.951247087206363,462,4,38.65705366384436,0.31855,0.1564277709,0.672843273,2.2308834681,0.2392643128,0.314,0.0971673814,0.6495232567,2.6912367206,0.3052089822,0.36745,0.0916883171,0.586925522,2.8139163415,-0.0282116441,0.0219,0.0082698247,0.2062744151,3.6422330612,0.8015194368,0.7826666667,0.1993394648,0.8419873706,4.0184832257,-1.3449622201,0.1,0.0937905468,0.8095706971,4.0417450603,1.190451406,0.1173333333,0.1093978468,0.8169761855,4.2356663069,1.5156030692,0.0181666667,0.0055502753,0.4510747412,2.0441465475,0.174051812,0.4406535212,0.2680554152,0.0147762593,0.0089991562,0.7420581466,0.0815578576,2.7812745618,0.4753382556,-0.0530645223,0.318129298,1.76764e-05,0.0011522842,0.0030399261,0.0018695672,0.6932523279,0.1001267719,2.8269976708,0.4375119724,-0.0706332432,0.285436342,0.4993125,0.0314080797,0.1247211795,0.019501276,0.6820999552,0.0961293892,2.6498032791,0.2930193027,-0.129647731,0.2204889086,0.4027326389,0.2457483697,0.0343181319,0.0226173065,0.5758338038,0.3647832023,2.1567163544,0.4487923474,0.6746156496,0.2646330653,-0.0133866982,0.0080402152,0.006886505,0.00461479,0.5732182245,0.3653501342,2.1421228818,0.4967248856,0.6330830147,0.2871462087,0.1510220543,0.0405431705,0.1646851909,0.0479815142,0.5138808902,0.3649362356,2.4299934549,0.568335361,0.8456052713,0.3767958545,140.33662348222703,-18.99173561074927,9.57038647458849,1
502,18.86401743915196,681,4,36.10047553214172,0.24945,0.0744207464,0.6525014621,3.0323462367,0.2527743177,0.21875,0.069793893,0.5753652625,3.6534775843,0.6659236705,0.5318,0.0777480546,0.6448665277,3.9868752406,-0.1901937432,0.0384,0.0135440024,0.2963010796,3.7813496546,0.4727721571,0.6515909091,0.1702430506,0.9084286653,2.1343515267,-0.55742748,0.0756818182,0.0844136925,0.6921962041,6.1402210666,1.9838303988,0.2727272727,0.1064801227,0.9576947601,1.59366864,0.1931554188,0.0311363636,0.0078235975,0.3843333741,1.6520664423,0.474796218,0.4680273019,0.2823004044,0.010126013,0.0060552299,0.8708292464,0.0472730838,2.5589022736,0.2576726816,-0.0074031869,0.3452195188,-0.000254462,0.0006601135,0.0010911207,0.0006381634,0.7575054829,0.094334577,2.7259461994,0.3560354887,0.0084991115,0.3249430216,0.489025,0.0411394898,0.0957991303,0.0181098973,0.7228408968,0.0975516191,2.564755766,0.2623194689,0.0265779948,0.2674326119,0.4398551971,0.2657869565,0.0248549744,0.0154270808,0.8075043322,0.107018902,2.2897502824,0.2820196083,0.7230926811,0.1623051832,-0.0055050479,0.0034667961,0.0025564904,0.001601512,0.804633857,0.0935350897,2.2179289535,0.3220360501,0.6772369757,0.1769447631,0.1557187032,0.0440358238,0.1614904209,0.0378499489,0.7796603396,0.088113317,2.4975267781,0.6202915716,0.8754709514,0.3035918606,52.465559884999266,-19.153862532417897,-15.728860311818476,4
503,31.97296488578748,1168,4,36.53086300167288,0.3159,0.0714401148,0.6207814128,2.6779627749,0.4008804745,0.21365,0.0703912459,0.7081044298,3.1800896421,0.7312305544,0.47045,0.0632024327,0.5416277781,2.7428045368,-0.4338281678,0.0285,0.0098107084,0.2408233545,3.372393321,0.2398651197,0.6977419355,0.1674035048,0.9190511741,2.3421395967,-0.5574425439,0.0630645161,0.0602371311,0.6905945075,5.4777055733,1.5270891919,0.2391935484,0.1147022567,0.9376394983,1.9549104625,0.2842904039,0.0248387097,0.0067780327,0.1945734131,2.7615209398,0.446923546,0.4677500029,0.2825616033,0.0081948925,0.0053074204,0.886583726,0.0558120052,2.9037761041,1.1712675331,0.0307711332,0.585470444,-7.43347e-05,0.0003399981,0.000608639,0.0003854888,0.729113574,0.1010986454,2.8891777255,0.9207478446,0.0302203146,0.5173326672,0.49776,0.0431125463,0.0735808127,0.0138863155,0.6790022818,0.1358706345,2.687875315,0.5876430922,0.0257018812,0.3853247366,0.4386467357,0.2657703486,0.0268940805,0.0154731977,0.8794635505,0.0377781095,2.4939051987,0.2354066598,0.8456901414,0.1226308496,-0.0041370483,0.0025589845,0.0018370315,0.0010705344,0.8674113341,0.0394119626,2.5153311587,0.2860524129,0.841095661,0.1320088908,0.1448168967,0.0269180526,0.1604984403,0.0244562557,0.8459741621,0.0359823991,2.8643292898,0.3743930505,1.0698901545,0.2005063158,28.870809012939215,-16.255799092203684,-8.526362069758846,4
504,27.474640804226905,1047,4,38.10786854177623,0.2744,0.0744656968,0.7552475776,2.4479741249,0.0205219227,0.21615,0.0589485157,0.6108637316,4.6436474791,0.6345566076,0.50945,0.0744879017,0.7395225412,2.4586109377,-0.1484449585,0.03755,0.0114563301,0.1681156699,2.6051731656,0.0768981913,0.5797297297,0.1699043688,0.9399579539,1.900127075,-0.6189824915,0.0921621622,0.1062349547,0.9237731813,2.7986093981,1.1446248219,0.3281081081,0.0771218004,0.8470624978,1.8326998569,0.3421830242,0.0363513514,0.0081081081,0.1382079685,2.3631842593,0.1671944444,0.4791239636,0.2902627095,0.0070620488,0.0045847152,0.9110413913,0.0417176039,2.2355550687,0.397646847,0.1336451073,0.3350309904,4.5869e-05,0.0001674423,0.0004127168,0.0002561185,0.678448078,0.1250873898,2.6048371888,0.5049564708,0.0389559677,0.2771820166,0.504265,0.0205726402,0.0677474208,0.0152541214,0.6149368079,0.1503988783,2.6798582573,0.5308804923,0.0632607124,0.2279546107,0.4276108578,0.2581397987,0.0266916426,0.0163865847,0.9165158983,0.0265936289,2.221677742,0.2185538492,0.6850103165,0.1453586684,-0.0031034057,0.0019875362,0.0013632711,0.0008327275,0.9048798816,0.0255269331,2.2270322249,0.2295467137,0.6665364173,0.141384506,0.1481951579,0.0320129985,0.1481401398,0.0209425866,0.878395809,0.0307421919,2.6164718685,0.5034512214,0.8979142233,0.2337794255,17.56789584097241,-10.137702343944207,1.2471023767942895,4
505,49.7735318206724,1866,4,37.489804957441166,0.2481,0.0528052081,0.5538616359,3.1664126661,-0.1696825664,0.26405,0.0612727305,0.5851349787,2.8950239036,0.1372462102,0.48785,0.0504095973,0.4080662357,3.2571757405,0.039610235,0.0359,0.0093909531,0.2824880222,2.307505863,0.0919573646,0.4836111111,0.1281687858,0.8696728864,2.3672844821,0.2916417513,0.1263888889,0.0792465484,0.9354678186,1.8312602709,0.1755488408,0.39,0.0641179469,0.59140625,2.7133044193,-0.3438026324,0.0327777778,0.0118112731,0.0254577158,2.6314315921,0.6890988485,0.4647122938,0.2827223211,0.0073815564,0.0048653006,0.9152066365,0.0254053052,2.4451453005,0.4636979599,0.0009485585,0.4009370541,-8.91643e-05,0.0002302582,0.0003605466,0.0002295397,0.6463478099,0.095279254,2.8136233759,0.4550033788,0.0830673655,0.3291127183,0.4903675,0.0366147248,0.0578852096,0.0075559169,0.568270718,0.1066682635,2.8465418309,0.4739732794,-0.0299220228,0.2622990269,0.4200771657,0.2547843978,0.0245514948,0.0158113332,0.9135302062,0.009609556,2.9688223702,0.4988871539,1.0354692415,0.2381067745,-0.0024655289,0.0015020041,0.0010091139,0.0006539384,0.8899681909,0.0204813947,3.0447385513,0.6772807164,1.018048924,0.2705764662,0.1420659418,0.0254336747,0.1475148208,0.0163153415,0.8976765845,0.0173103948,3.0092691013,0.7020571651,1.0661000035,0.2766686312,15.389567424095373,-12.246998548989522,-8.381682088738144,4
51,664.2118368835577,24253,30,36.51395331012713,0.26615,0.032671509,-0.2505070984,3.1844252328,0.1820702871,0.2464,0.0335341617,-0.0269640708,2.7242948614,-0.0034688476,0.48745,0.036663981,-0.0561231077,2.5891379032,0.1655422099,0.03375,0.0094174041,0.0329432943,2.5095465198,0.2553636388,0.4328191489,0.1049220206,0.8659635807,1.9781222065,0.0231238272,0.0840070922,0.0628129607,0.898740983,2.4393897969,0.7205511863,0.4831737589,0.0576669481,0.5399941123,2.4559568636,-0.268986114,0.0430673759,0.0116800915,0.1550690882,3.0039972697,0.2502813212,0.499396234,0.3035836218,0.0006543938,0.0005112426,0.9475429565,0.0327122408,2.2599226726,0.4008539296,0.0507485954,0.3632144551,1.943e-07,6.3234e-06,1.16687e-05,6.9184e-06,0.0060051609,0.1082946579,2.7789021306,0.2902445069,-0.0095791328,0.1527389616,0.5036075,0.0140163322,0.0362267572,0.0021361029,0.0061981763,0.1095297387,2.8717775783,0.3424606914,0.0542824266,0.1803716457,0.4481786238,0.3074006415,0.0242507044,0.0145191936,0.9952298816,0.0026696386,2.0746697355,0.1502047461,0.5224239698,0.1717491197,-0.0001332008,7.68143e-05,6.54313e-05,3.82056e-05,0.9640153555,0.0222828669,2.1154217602,0.1641588473,0.5086630197,0.1888991537,0.1951776125,0.0574154299,0.1406400024,0.0184279968,0.9532108512,0.0289494312,2.3334469706,0.2395110685,0.6715837673,0.2559245646,-4.156531675658257,1.3656815312975543,1.6833792909511283,0
52,839.1748612505455,31119,56,37.08285535821009,0.2506,0.030143656,0.1708480849,2.6901796984,0.2080791472,0.2601,0.0409693788,0.2807664967,2.7034872656,0.3171804716,0.4893,0.039598106,0.2916944863,3.2787304396,-0.0633245559,0.0336,0.0101754607,0.1164060417,2.7377984875,0.3109550112,0.4247569444,0.0695579541,0.7163201408,2.3683826448,-0.0876529085,0.0982291667,0.0586078918,0.8791055344,2.7826402596,0.6766349996,0.4770138889,0.0359171474,0.0716296482,2.3498205271,0.0548152991,0.0448958333,0.0112649399,-0.0939993235,3.0443469463,0.3064652155,0.4995069804,0.3031486154,0.0007132746,0.0006101021,0.9320545325,0.0418380976,2.483004031,0.4868786476,0.0027645737,0.3560186611,2.2695e-06,1.41035e-05,1.70253e-05,1.05902e-05,0.237988257,0.152190907,2.902792821,0.4459696486,-0.0171632329,0.2126584278,0.500505,0.030460158,0.0403677177,0.0043152193,0.1959358744,0.1633595206,2.8573083371,0.4089550828,-0.0524256019,0.2014617047,0.4526592662,0.2981494703,0.0193088847,0.0126983395,0.9919327939,0.0031146157,2.4108622662,0.1729399676,0.7702215643,0.1272783613,-0.0001864233,0.0001167799,6.97816e-05,4.49744e-05,0.9608454638,0.0051645599,2.9988457418,0.3689700379,0.9809060982,0.1724276319,0.1457314222,0.0177986158,0.1329662162,0.0057343173,0.9618456512,0.0029283529,3.2449190715,0.5286222726,1.1179718376,0.2092598747,-3.5489204159801333,-1.1111922737161235,-0.20123645102931728,0
56,939.7670611487354,33074,30,35.19382766998835,0.25885,0.029015987,0.0384588749,2.8005390187,0.1211624483,0.23585,0.0315915732,-0.0825856982,2.5783475647,0.1999148086,0.5053,0.0307312544,-0.0469725664,2.5069400318,0.0477210688,0.03635,0.0092697087,0.1597122571,3.0079197783,0.3933135521,0.4337540984,0.1133444852,0.899775834,1.9899962768,0.0285674325,0.0962295082,0.0767274062,0.9240092185,2.5279715343,0.7523307414,0.4700163934,0.0549761474,0.5400343707,2.8957522547,-0.4341241679,0.0439180328,0.0120372306,0.1543119793,2.7133549319,0.405729729,0.4971918372,0.30276286,0.0005196268,0.000362229,0.942676992,0.0392616709,2.6539984191,0.6803170324,0.0596640626,0.5951112476,2.068e-07,6.565e-06,1.0736e-05,6.3242e-06,0.0455927282,0.1072154046,3.029553151,0.3617028441,0.0189415922,0.2102110258,0.4959975,0.0147508345,0.0358136694,0.0024771871,0.0550746087,0.0910264042,2.9215523237,0.3220611413,-0.004182872,0.2570307978,0.4613729107,0.3129763993,0.0176744832,0.0124200405,0.9934637333,0.0038571178,2.1448346597,0.3099955145,0.5351602565,0.2464489143,-0.0001173617,8.13164e-05,5.32508e-05,3.54156e-05,0.889375064,0.2108531773,2.3258544538,0.3952302452,0.5671672456,0.2659122122,0.203130206,0.0989395973,0.1274452893,0.0343356839,0.8403215484,0.3283177159,2.5554949443,0.3730650412,0.675993328,0.3411702301,1.2188467019159108,13.494234168266575,-8.20964926153433,2
6,712.6845639773555,26720,72,37.49204255369418,0.24115,0.0301567157,0.1630939914,2.9389516141,-0.2465892542,0.2641,0.0263285017,-0.0519354112,2.5507769054,0.04793483,0.49475,0.0323834448,-0.1141938683,3.6176264131,-0.1658480528,0.0332,0.0094212526,0.1035578407,2.8248328937,0.2393311762,0.3875126904,0.0993297645,0.9056890306,2.0328585518,-0.0306235994,0.120177665,0.0862830539,0.9327903461,2.0368051177,0.5231381322,0.4923096447,0.038326285,0.2482906003,2.7174465271,-0.1407589691,0.0416497462,0.0129600778,0.286962402,2.534538691,0.049496871,0.5019591664,0.3047353459,0.0007403442,0.0007074965,0.9292363386,0.0569225912,2.5058058858,0.6856841888,0.0369558066,0.5062149183,7.866e-07,1.43936e-05,1.39978e-05,8.8809e-06,0.002469131,0.096116596,2.962868051,0.3965392145,-0.0298392503,0.2192797802,0.49903,0.0234151628,0.0360765219,0.0022358034,0.0292618736,0.1053873031,2.9738130622,0.5039373773,-0.0015309989,0.1893167255,0.4596429116,0.2952095411,0.0190646546,0.0117669395,0.9926931917,0.0034176315,2.1317865782,0.1757212459,0.597632586,0.1497217576,-0.0001742046,0.0001068508,8.15887e-05,5.04545e-05,0.9716289356,0.005318236,2.1615428386,0.1699963814,0.5943447049,0.1485632707,0.1741210835,0.0290420122,0.1454196281,0.0084658658,0.962666983,0.0069477686,2.3830840571,0.2426330286,0.7624203564,0.1810102102,-4.606268704392562,0.3747539262306106,2.7535537392645772,0
62,683.2322443825236,24828,32,36.33903435344814,0.24125,0.0305563005,0.0818814455,3.3722658816,0.1114779095,0.26165,0.0298081784,0.0189156988,2.4941398688,-0.1754346041,0.4971,0.0376309713,0.0119277369,2.4466927372,-0.1328257045,0.0347,0.0100702532,0.0484088706,2.7657836068,0.0086131904,0.4196542553,0.1069002947,0.8959963299,1.9045931674,-0.2648520985,0.096037234,0.0788623477,0.9404569213,2.4944505249,0.7663696248,0.4843085106,0.046317022,0.4304994338,2.5448480417,0.0838841425,0.0428723404,0.0119948872,0.0258585528,2.880625585,-0.0455740181,0.4971466004,0.3017791559,0.0008284287,0.0005246453,0.9322543248,0.0544785861,2.3560273924,0.5327374778,0.0570218754,0.420154762,2.781e-07,1.44252e-05,1.91983e-05,1.22016e-05,0.0521129047,0.1062999072,2.843461825,0.3524716503,0.0429425385,0.1622442853,0.50658,0.022183566,0.0369414115,0.0029325956,0.0387075095,0.0871214534,2.8409332238,0.277878397,0.058130771,0.1769663603,0.457053075,0.2947247035,0.0201484065,0.0123223011,0.9902463674,0.0038508533,2.3088619701,0.2001102976,0.7068938815,0.1966931114,-0.000234241,0.0001442626,9.8821e-05,5.92765e-05,0.9557571435,0.0391167809,2.3357975909,0.2374091622,0.6936444335,0.1745868362,0.1750674889,0.0548507782,0.1360736328,0.0236055192,0.9357540394,0.0823948636,2.5047215342,0.2168573066,0.8369157643,0.1653231024,-2.6127113461369507,2.4321059727770096,-0.054145069528492254,0
63,873.0892683502341,31528,63,36.11085503269838,0.24885,0.031826522,-0.1365078723,2.8335337702,-0.1397461051,0.2397,0.0307312544,0.1127668894,2.3271977311,0.1535854578,0.51145,0.0374185449,-0.1089626466,2.6093481656,0.0149367744,0.0341,0.0099342841,-0.0889559791,3.1450713127,0.2266306763,0.4326122449,0.0938622126,0.8555021859,2.1795754475,-0.066857448,0.0753469388,0.0536426388,0.8908956506,2.8908109045,0.8810620067,0.4920408163,0.0539322928,0.4950417051,2.7591949984,-0.2762317333,0.0416938776,0.0115479552,0.1494932695,4.5954969289,0.6815801554,0.4973068522,0.3024449947,0.0006204852,0.0004866266,0.9473118463,0.0391634186,2.3442066434,0.5618039424,-0.2632121483,0.3768029958,-7.679e-07,8.4089e-06,1.13532e-05,6.9056e-06,0.0576135005,0.105127049,2.8929377342,0.5408406839,0.0023312057,0.1848000853,0.495595,0.0194241789,0.0363274553,0.0031919028,0.0371876686,0.1215710556,2.9027763771,0.502989415,-0.0084042068,0.2292002708,0.4437683801,0.2983083342,0.024430739,0.0158354205,0.9944529134,0.0030071692,2.1793303895,0.2136072341,0.6153510992,0.1448751292,-0.0001406267,8.41798e-05,7.00054e-05,4.40628e-05,0.9713242798,0.0076952653,2.0678290918,0.3765190074,0.473197836,0.2215218317,0.1864848449,0.0208301546,0.1488256698,0.0034129335,0.9658597295,0.0017576863,2.0990235276,0.2786085685,0.580184553,0.184602113,-4.3995767251749385,-0.09030087186523916,2.234445593372186,0
64,683.3845402729643,24541,57,35.910967476960465,0.2781,0.0332323637,0.1022307251,3.2555900438,-0.0165693,0.2366,0.0296637826,0.1061556573,3.3217042862,0.0564965247,0.4853,0.0322553871,0.0823814029,3.018874207,0.3833150625,0.03655,0.0101659972,-0.0461921438,4.7384574939,1.0536152862,0.3865656566,0.0883766231,0.8443053905,2.1877859322,0.1799795447,0.1028030303,0.0704842313,0.9091509348,2.4409085226,0.7110737268,0.5106313131,0.0441500018,0.4107650316,2.8320532514,-0.2799599526,0.0462373737,0.0107946497,0.264190097,2.9124116862,0.0706855178,0.4991657927,0.3035096075,0.0007122584,0.0005201639,0.9379773762,0.0714806347,2.4879156428,0.6298914182,0.1358182145,0.5460727544,-1.8808e-06,1.02811e-05,1.55241e-05,9.2362e-06,0.0511387876,0.099541025,2.7170625869,0.1689588015,-0.0253623808,0.150487753,0.49829,0.0177733129,0.0349714661,0.0024963598,0.036431285,0.0966782688,2.9957796239,0.3821541336,0.0055616438,0.1421025538,0.448387844,0.2931763846,0.0255300116,0.0154554118,0.9932967772,0.0041796666,2.1105686851,0.1692850515,0.5668953781,0.1401841434,-0.000200322,0.0001170212,9.4206e-05,5.6895e-05,0.968448202,0.0137416884,2.1975298651,0.2171993933,0.5864453233,0.1477983678,0.1802282436,0.0263730379,0.1412817962,0.0088376336,0.9588212268,0.0085152818,2.3462444936,0.181500237,0.7211344542,0.1548697355,-4.19236343026758,0.36472945929728995,2.697357239813107,0
66,427.68342241536095,15579,48,36.42647618188452,0.2196,0.0263787794,0.3055272991,3.5590105507,0.670514694,0.265,0.0364142829,0.1083597464,2.7981528497,-0.2704236986,0.5154,0.0348043101,-0.0459171794,3.7376438225,0.1399157631,0.04185,0.0100909613,0.0707831427,2.4524121145,0.1676588671,0.4525301205,0.1102020966,0.9064429313,2.2010021866,-0.2456215319,0.0746686747,0.066098538,0.9101901328,3.4627393263,1.1399369684,0.4728012048,0.0575070682,0.6640571225,2.2360638516,-0.2747127857,0.0486144578,0.0113491482,0.0800008044,3.6218892811,0.0754789978,0.4993458606,0.3030661878,0.001087939,0.0008153266,0.959884781,0.0235674333,2.2073782886,0.5429660115,0.1744626475,0.3372679747,-1.1603e-06,1.51606e-05,2.25339e-05,1.43738e-05,0.1116238577,0.13917684,2.8714701066,0.3295011477,0.0353998263,0.2342823855,0.4959925,0.0194989376,0.0362661892,0.0018594078,0.0526237293,0.0850824317,3.0163409614,0.6129026611,0.0307652018,0.2685403838,0.449507262,0.2863736986,0.0216286819,0.0129741466,0.9903311422,0.0029052111,2.2234766784,0.1470690583,0.6340277045,0.1448492108,-0.0002990443,0.0001782363,0.0001199146,7.11238e-05,0.9600781693,0.0149829273,2.5454751132,0.2013313473,0.7483059827,0.1584502344,0.165078137,0.040158886,0.1360510218,0.0132105983,0.9532095745,0.0236206928,2.6421269541,0.2616562728,0.8554901289,0.213853137,-3.5294274653694573,-0.012650700864766547,0.719063785830391,0
67,424.27085949228695,15511,10,36.55919244268056,0.2315,0.0255685354,0.1556684817,3.4177894117,0.2509507685,0.23455,0.0303652351,0.1179866757,3.2462822045,-0.3167667283,0.53395,0.0360852809,0.1296928423,3.8573043222,0.0698401128,0.03595,0.0100919522,-0.1326550154,2.6731591257,0.0609309266,0.3904568528,0.0964670029,0.8695365861,2.1033180151,-0.1169478383,0.0921827411,0.0788193791,0.9132731297,2.8230799708,0.9567671455,0.5173604061,0.0451465415,0.341011226,2.7666121956,-0.1295826461,0.0442893401,0.0128739511,0.385897414,2.5921717259,0.3537149856,0.4947307421,0.3012288459,0.0008852311,0.0007439848,0.9436344726,0.0493753671,2.4035577314,0.6683173995,0.1503036995,0.501549981,-8.214e-07,1.29354e-05,1.64923e-05,1.03257e-05,0.089943045,0.1205435804,2.9045728542,0.3328514885,0.0677675491,0.1801303031,0.4897,0.0214977848,0.0377563895,0.0027991614,0.0566735753,0.1383137721,2.9626703132,0.5368495483,-0.0399370751,0.1611327144,0.4562140955,0.2931016602,0.0220183437,0.0135286397,0.9924603366,0.0037603264,2.1098380373,0.1240161366,0.581814038,0.1323248889,-0.0002028809,0.0001250295,9.45585e-05,5.83842e-05,0.9692078934,0.0124883553,2.2008542423,0.2192874833,0.60421242,0.1481129391,0.1730068623,0.0249078402,0.1464347601,0.013846449,0.9585827984,0.018003134,2.4585091886,0.2897175411,0.789328172,0.1898332504,-3.8768098761154963,0.16728610534383193,1.897562720353171,0
7,140.43028761379438,4880,12,34.750338284720854,0.22235,0.0360239851,0.0233054358,3.0260722575,-0.1634399686,0.32545,0.035623693,0.3417284984,2.6331170926,-0.0826079932,0.4522,0.0435736159,0.1611795453,3.3284618877,0.0544919046,0.03215,0.0098299288,0.114436737,3.6103161627,0.5901661309,0.3923404255,0.075567717,0.856846936,2.213172818,0.435880132,0.0762765957,0.0558442752,0.8018592221,3.2377805871,0.8268871317,0.5313829787,0.04209541,0.3988560438,2.4522207094,-0.3011459763,0.0453191489,0.0117330346,-0.0747819001,1.8144986024,0.1209057464,0.4992390594,0.3025776914,0.0019292995,0.0014658895,0.9398037499,0.0358198854,2.5876588736,0.8136443116,-0.0706088323,0.5420129333,-3.984e-07,4.07106e-05,4.82417e-05,3.06209e-05,0.2289670356,0.1686869799,3.0267158411,0.6175339643,0.0766224928,0.2898443416,0.502665,0.0255758827,0.0395684522,0.0038483227,0.1594185655,0.1474055014,3.0209572105,0.6037613352,0.070809178,0.2244173204,0.4550983286,0.2769537145,0.0210533015,0.0126040313,0.9802870196,0.0054016102,2.1707867764,0.1314100325,0.6063253285,0.1002829218,-0.0006041546,0.0003595039,0.0002675143,0.0001602684,0.9608155248,0.0078690932,2.2574541953,0.1410045382,0.6203672706,0.1098462952,0.1578918149,0.0187167862,0.1453050446,0.014164662,0.9475166447,0.0111778949,2.6099102936,0.2505814398,0.8735918447,0.1394520393,-1.6296169339276285,-1.6246984466567975,1.3972970179683324,0
70,989.384299491617,37188,9,37.587012467358335,0.2559,0.0319404133,0.0630539517,2.8081944773,0.1601108342,0.25175,0.0332067388,0.0842970278,2.4301316645,-0.0171566392,0.49235,0.0368269942,-0.0592537666,2.3933551723,-0.1570329144,0.0366,0.0080585358,-0.3061439828,2.6471662881,0.1178855091,0.475310219,0.1251269229,0.9346120568,1.9170365333,-0.2699829063,0.0852007299,0.0628218417,0.9012555742,2.6732201881,0.8103604021,0.4394890511,0.0710461058,0.7872393789,1.9972875249,-0.0470109896,0.0412043796,0.0124032835,0.2467463679,3.0888475947,0.3576081486,0.4980262624,0.303253599,0.0005927268,0.0003929722,0.9559238175,0.0346278836,2.131532465,0.3729452496,-0.0421660399,0.4239184998,-8.443e-07,6.6337e-06,1.21856e-05,7.492e-06,0.1330917796,0.1518079459,2.8732469509,0.4611578075,0.0168143981,0.2234763116,0.49759,0.0173281173,0.0393114054,0.0036113236,0.1106270172,0.128414378,2.8844753088,0.3241106554,-0.0121745336,0.2666494484,0.4506083551,0.3047249255,0.0223169097,0.0137877518,0.9948855512,0.0029571668,2.1108102347,0.1677173937,0.5582703565,0.1443547037,-0.0001372498,8.34968e-05,5.97331e-05,3.68307e-05,0.9633495096,0.0158861277,2.347079373,0.2495222977,0.6487857053,0.1990862542,0.1728078029,0.0335020043,0.1337667373,0.006928438,0.9546997561,0.0105210731,2.5195679519,0.2938312898,0.7871128217,0.234313689,-3.9782016487415506,0.1261910880560317,1.1105032453745172,0
73,111.8694667117814,4052,16,36.22078587752192,0.2541,0.0333120098,0.1361548269,3.1485553891,0.0695068903,0.31715,0.0357509091,0.3193223322,2.7763727138,0.1752385584,0.42875,0.0416195567,0.1731327885,2.9068775244,0.1643908099,0.0352,0.0107684725,0.0455065977,4.0278096633,0.6870406876,0.3968518519,0.0689759506,0.7238201418,2.5071327479,-0.6072982188,0.0775,0.0731927314,0.9360617761,2.3329722544,0.7838895356,0.5256481481,0.0369439803,0.2015570793,2.6977145259,0.1212146859,0.052037037,0.0160876799,0.4397478808,3.4587496554,0.2607857086,0.4980141992,0.3023254165,0.00207553,0.0018275573,0.939368792,0.0428122061,2.1996082778,0.4566846135,0.0044823975,0.3007613405,-5.9366e-06,4.0242e-05,4.82309e-05,3.29561e-05,0.2719294164,0.1979149716,2.6934407556,0.2834819786,0.0068666311,0.1877507262,0.493005,0.0272064969,0.0407879745,0.0057764724,0.2085596723,0.1942642732,2.7208390151,0.2947594777,0.0137189759,0.2304004501,0.4569002513,0.2769463507,0.0215936978,0.0131958291,0.9774731543,0.01487181,2.1666484021,0.1460377839,0.684042326,0.0961475265,-0.0006037229,0.0003723391,0.0002770855,0.0001695286,0.9553494692,0.0356432102,2.1981444459,0.1886563307,0.6816704766,0.109836059,0.1538380656,0.0155662997,0.146188255,0.0128275654,0.941852542,0.0183024936,2.5867203739,0.2969727981,0.8989514945,0.1486295176,-0.12784056555090034,-0.39842273060098843,1.2230889008287602,0
74,621.7954602300013,23131,60,37.200335929509485,0.24615,0.0364132874,0.0724755695,2.4270578791,0.2182058474,0.26255,0.0347166747,0.1179667967,2.9252162196,0.4393180016,0.4913,0.0412529999,0.0821915931,3.015338115,-0.2372596126,0.038,0.0096695398,-0.0955811203,2.890503017,0.0265456782,0.4824074074,0.1195268368,0.9051793869,2.0229397294,-0.3288839836,0.0824074074,0.0644217104,0.8843706924,3.8307823935,1.1091446483,0.4351851852,0.0661835079,0.7198063381,2.199173602,0.0110181266,0.0375925926,0.0107839852,0.1542412799,3.1000385553,0.4809717504,0.4997908255,0.3029537265,0.0006907904,0.0004712732,0.9274031351,0.0697783112,2.5385691719,0.5931643885,0.0154828033,0.4303318159,2.1584e-06,8.4463e-06,1.6876e-05,1.021e-05,0.1243505156,0.124884667,2.9898956219,0.5129067242,0.0018073031,0.2455921802,0.505,0.0180246498,0.0384201155,0.0034215088,0.0896213595,0.1089625343,2.9907559218,0.3908501064,0.0222358635,0.2576618684,0.4507415112,0.2891958056,0.0214385906,0.0134654092,0.9917802895,0.0026340615,2.2576384283,0.1717221585,0.6765572268,0.1127604502,-0.0002648708,0.0001637249,0.0001068435,6.74605e-05,0.9658845952,0.0058976276,2.8658398001,0.3585556624,0.9630294945,0.1460386644,0.146773473,0.0141400924,0.1354182125,0.0054897868,0.9548723913,0.0043151761,3.2369761094,0.3952789695,1.121814043,0.1461802018,-3.289270707382587,-1.498237995651187,0.1252156133771704,0
75,174.57437814345852,6491,24,37.18185949753718,0.21355,0.0289248596,0.1858400533,2.4148538384,-0.3573891076,0.23025,0.0336925437,0.3910368135,4.4336905134,0.5334315027,0.5562,0.0315920876,-0.050484833,2.5724684551,-0.1687158009,0.03895,0.0099823594,-0.0964601084,2.8183155786,0.1319945558,0.3977848101,0.0768227733,0.7888673178,2.2376258662,-0.0518348852,0.0786708861,0.0563763847,0.8539410407,2.322628483,0.6182476134,0.5235443038,0.0419927051,0.0831951346,3.6273073433,-0.0569689297,0.0453797468,0.0122156818,0.2558734668,2.387318582,-0.2391179152,0.4911014779,0.2998408312,0.0014967067,0.0008749652,0.9441837874,0.0318532993,2.3280148054,0.51760383,-0.0841241928,0.4100115407,1.8676e-06,2.55488e-05,3.4728e-05,2.03583e-05,0.1680008739,0.2139749097,2.9327418587,0.5155343278,-0.0086183326,0.2768408658,0.496765,0.0189742859,0.0380055952,0.0066227625,0.1185849939,0.1940522166,2.941572505,0.4945646461,0.0944641891,0.2708472326,0.4492815857,0.2764280332,0.0224038517,0.0128546704,0.9866077433,0.0036592591,2.1036985961,0.1173171632,0.5552536849,0.1284282733,-0.0004121827,0.0002474934,0.0001906887,0.0001097098,0.9638075028,0.016003165,2.1586897783,0.1245609779,0.5556800654,0.1173992096,0.1762867131,0.0385257414,0.1454360579,0.0156755297,0.9520215592,0.0241873345,2.3876008803,0.2124387173,0.7617609926,0.1433597301,-2.673961543745562,-0.4554669703481685,1.62244784168098,0
76,144.77466411186242,5288,28,36.52572798175614,0.24305,0.0599537113,0.6565980012,2.8360321106,0.6558973362,0.195,0.0524404424,0.5801109999,2.5824958678,0.2130728852,0.56195,0.0506008646,0.4072497055,2.5406868372,0.0244496472,0.04995,0.0114781314,0.0779451109,2.6041323268,0.4437280409,0.576147541,0.0877841683,0.7915983385,4.672412048,-1.1307338443,0.0844262295,0.0576030677,0.8641170316,2.692510211,0.6916707,0.3394262295,0.0464749039,0.3382412391,3.7011054439,0.8474891302,0.0442622951,0.0083879336,0.0748402187,2.1526703535,0.1499399538,0.4970565376,0.3014624507,0.0013882976,0.0009674344,0.8938724765,0.0666242985,2.632064962,0.597122008,-0.1108696563,0.3719890749,-4.635e-07,3.24444e-05,9.17669e-05,5.9022e-05,0.6689424661,0.108051404,2.9297131971,0.5363977451,-0.0075567861,0.3084576153,0.4922125,0.0314851587,0.0624176076,0.0116337604,0.5608989488,0.1092710401,2.898464138,0.403690839,-0.0544368562,0.2543662371,0.4657549845,0.283175621,0.0118399273,0.0071278204,0.9700910716,0.0035502506,2.7543773161,0.2647460011,0.9235193979,0.1366996385,-0.0005988114,0.0003561103,0.0001733473,0.0001067328,0.8907613704,0.0272008199,4.8809232746,1.3867878197,1.472990736,0.3258973596,0.1229636049,0.026222142,0.1228450095,0.0216461412,0.9154501071,0.0201158626,4.3303918475,1.1716574009,1.38044815,0.2730144353,2.73740564547353,-3.6506392158593433,-9.860440484166519,4
77,429.6865817966724,16206,48,37.715862413568864,0.2387,0.030988869,0.1799762344,2.7427889975,0.0152023658,0.24825,0.0291579749,0.221209952,2.9997668524,0.176992285,0.51305,0.0333533731,0.1751228977,3.5008507412,0.5069950768,0.04045,0.0110248583,0.0295900853,2.5910948313,0.2552675583,0.3523360656,0.0761043945,0.7774504053,2.0377544434,-0.2286470066,0.0980737705,0.067321247,0.9267856056,2.0778841173,0.4964122674,0.5495901639,0.0349155314,0.0054020282,2.7242818265,-0.0522586232,0.0476229508,0.0141452233,0.1524616783,3.099003671,0.4965753976,0.4954661617,0.3004577722,0.0009719288,0.0006038467,0.945875266,0.0278959849,2.4523946391,0.439801145,0.0789783609,0.4891821635,-1.997e-06,1.65774e-05,2.13515e-05,1.24496e-05,0.0431906807,0.1201997861,2.9190994817,0.3656611857,-0.0744166471,0.2759789862,0.49634,0.0232197631,0.0371807708,0.0024108677,0.0162599387,0.1242719222,2.7063477193,0.2786910108,0.0301693642,0.1679359458,0.4509998277,0.2874064924,0.019742047,0.0116723741,0.9892460088,0.0039503125,2.3090510623,0.183061557,0.7307264113,0.1773264094,-0.0002587707,0.000150998,0.000109352,6.50151e-05,0.9646265094,0.0080390802,2.4087807706,0.1723229527,0.745835805,0.1691927146,0.1651458216,0.0423750774,0.1362064931,0.0090719352,0.9563058617,0.0120499951,2.6793797319,0.2352965871,0.8914723304,0.1974804254,-3.7688893257562666,-0.08190493575489502,1.736671390047471,0
78,681.6914623087952,24544,27,36.00455830394714,0.28565,0.0360531205,0.3674273916,3.5548620403,0.1808749149,0.20125,0.0360511789,0.4242206089,2.8478286848,0.5240706231,0.5131,0.0363440504,0.2399041213,2.3601754683,0.1111502152,0.03635,0.0099210635,-0.0092290589,2.9553416336,0.5301130044,0.4594217687,0.1212092094,0.9227580362,2.0590382336,-0.1339415194,0.0905442177,0.0711186831,0.9178726077,2.9445085474,0.9300764358,0.4500340136,0.0622030267,0.7384086046,2.2495349293,-0.3568636518,0.0401020408,0.0116126454,0.140654453,2.9075415755,0.1251349667,0.4975683164,0.3025680685,0.0010889289,0.000777499,0.9505329096,0.0241743306,2.709278775,1.4725232776,-0.0600663967,0.6882313571,-2.3803e-06,1.10642e-05,2.25399e-05,1.35999e-05,0.0171946611,0.1573317191,2.9739375955,0.5270175236,-0.0058019514,0.238820465,0.495145,0.0195838639,0.0367484364,0.0021687944,0.0268433435,0.1334338202,2.9105427554,0.3304129233,-0.0501532832,0.2851360241,0.4448810893,0.2769972491,0.0248486258,0.0156540865,0.9902419321,0.0043720342,2.1612505843,0.2891164758,0.6222600522,0.1654345726,-0.0003280232,0.0002081855,0.0001523083,9.52268e-05,0.9711761101,0.0080864962,2.1803317703,0.313995995,0.6107029814,0.1771585061,0.1636349207,0.016314799,0.1483624153,0.0049157426,0.9616804632,0.0051983645,2.4224108532,0.206070929,0.8120964884,0.1264530676,-3.1693462570918975,-1.1733800718308842,1.876849745351161,0
79,114.46852567891511,4273,27,37.3290384815979,0.2381,0.0377675787,0.2491261341,2.8102016179,0.0408804343,0.2633,0.0761026281,0.7749815945,2.220136008,0.4176161282,0.4986,0.0631073688,0.5821055986,2.6125169142,-0.3315417056,0.03955,0.0100770779,0.3604131582,2.6387976094,-0.1407890727,0.6291666667,0.124471747,0.881921133,2.4673464618,-0.6469757672,0.0780769231,0.0765951343,0.8792698489,3.6968316212,1.2654233139,0.2927564103,0.0589254605,0.7112427783,2.4265628631,-0.0894849845,0.0408974359,0.0109703443,0.340438884,3.0901639277,0.5066046561,0.4885935609,0.2966853845,0.0040103825,0.0026538167,0.903739145,0.0479301582,2.3019406385,0.5624909912,0.0465702705,0.3750490582,6.5037e-06,0.0001091888,0.0001473118,9.53183e-05,0.4054449522,0.1441657119,2.7377319306,0.3999915417,0.0589308927,0.3148113407,0.4935125,0.038169716,0.0456992644,0.0070089128,0.3269916941,0.1622205039,2.8434897608,0.4253413323,0.0257768586,0.2107463383,0.4211909444,0.2558303895,0.0335816868,0.0203892932,0.9623629066,0.015685166,2.1922498122,0.2053192461,0.6740556731,0.1313577002,-0.0017159321,0.001038073,0.0008135579,0.0004907317,0.9456541925,0.0264775434,2.244494917,0.2704575738,0.6833597086,0.1407246029,0.1547878464,0.0186944265,0.1547094117,0.0129317712,0.9269146292,0.0222019111,2.6826528628,0.3588006091,0.9457472095,0.1551638697,6.835693798492758,-5.903831456438968,-0.20602600770931695,4
81,113.55254597968782,4027,66,35.463757903942955,0.23745,0.0437749643,0.4582021265,2.8226123624,0.1853713066,0.23855,0.0525941774,0.5820061359,2.7412156266,-0.2342053754,0.524,0.0383731677,0.1452647371,2.4147032898,0.1393429102,0.04015,0.0100113685,0.436206362,2.8265278922,0.2054427779,0.3808974359,0.1089187641,0.9140113409,1.9774499345,-0.1591689932,0.0911538462,0.0825938591,0.9265996592,2.8024120038,0.9806448915,0.5279487179,0.0479679106,0.5621426219,2.9424294094,-0.4325338385,0.0485897436,0.0134425996,0.3480906848,2.1949908907,0.4517873234,0.4931117879,0.2997619483,0.0024310128,0.0017702243,0.9293335878,0.0406430584,2.2748445406,0.3600863986,0.0056708591,0.3077063228,4.256e-06,6.02013e-05,6.67404e-05,4.21873e-05,0.2644236669,0.1680688426,3.0382671785,0.4884176563,0.0229910839,0.2515338187,0.4957125,0.0259059929,0.0404116896,0.0034827749,0.2018487811,0.1486467184,2.8992608097,0.5132298639,-0.0622589001,0.1576918787,0.4411808372,0.2668233916,0.0264166012,0.016074658,0.9768158348,0.0094116733,2.1777360597,0.24753389,0.6342943115,0.1425345076,-0.0008450847,0.0005299715,0.0003819966,0.0002319926,0.9602712172,0.0134712198,2.2059497417,0.3077413189,0.6211448277,0.179047826,0.1563700831,0.0218671687,0.1465267444,0.0119281256,0.9470439116,0.016226856,2.5927228352,0.4341132925,0.873760938,0.1979776817,0.3306731993016679,-2.380590767859437,1.8723077479426151,0
82,589.9976837741779,20056,38,33.99335379031157,0.24815,0.0344285855,0.2949412778,2.6704426452,0.3414344461,0.2584,0.0362827783,0.0908768998,2.9378154911,0.3637775603,0.49345,0.0461502709,0.2118631492,2.672912884,-0.0111527252,0.03875,0.0112110437,0.0574108818,2.9750655334,0.1167643498,0.4619282511,0.1013655829,0.8878794146,2.1865930057,-0.3884371295,0.0804484305,0.062740306,0.8670383238,3.8930068541,1.1409756909,0.4576233184,0.0520581065,0.6273480897,2.7947524827,0.0263571567,0.0416143498,0.0110581087,0.0574708284,3.1722259521,0.3598091921,0.4976733462,0.3022262512,0.0005548948,0.0003892398,0.934092156,0.0361708262,2.4619145352,0.5374198334,0.0523380507,0.4022235569,-2.2388e-06,1.1028e-05,1.37474e-05,8.2361e-06,0.2872061224,0.1451691302,2.8800425874,0.4833040554,0.0277409383,0.247311086,0.4907725,0.0230333643,0.0398693545,0.003929306,0.1806512066,0.1448825297,3.0141169313,0.4080581915,0.0238061549,0.2025238401,0.4481283599,0.3000728546,0.0214704807,0.0145296153,0.9946090079,0.0018707755,2.177711819,0.0725544266,0.6184134955,0.0553010618,-0.0001531026,9.91811e-05,5.93563e-05,4.07766e-05,0.9635878683,0.0025611277,2.6456070887,0.1885656298,0.8252558202,0.0587916622,0.1448309782,0.0175889994,0.1280754876,0.0076725304,0.9587640486,0.0061190899,2.9937042398,0.2654791819,1.0149090594,0.1019073331,-3.6807215245376996,-1.5682797038604757,0.100151530505276,0
83,481.3836487227762,18185,55,37.77652200744473,0.2547,0.0287647354,0.1512652685,2.8506434311,0.2260354657,0.24445,0.0317560624,0.3260977108,2.340790905,-0.0114645754,0.50085,0.0335041415,0.1488232992,3.2606690758,0.3081201861,0.03585,0.0097738171,-0.1106890624,3.0215514648,0.1869408528,0.412398374,0.1146448202,0.8852203311,1.9790594782,-0.2245236166,0.0943902439,0.0848985175,0.9343334968,2.9095661632,1.0034046119,0.4932113821,0.0511419596,0.4191384409,2.5055672947,-0.3134555932,0.0453455285,0.0132817544,0.2222166723,2.7540803528,0.3251063445,0.4964873847,0.3017013896,0.0005344387,0.0003889596,0.9357490104,0.0628458567,2.4986557977,0.6865799641,-0.1150841951,0.5808376038,-1.1039e-06,9.0263e-06,1.11526e-05,6.7936e-06,0.0753274854,0.0755313917,2.931732524,0.4582195332,0.0043644281,0.2381874383,0.49925,0.0190537595,0.0354644395,0.0021772192,0.0467185484,0.0847941467,2.9820160595,0.4690963681,0.0574132089,0.2282325173,0.4580622671,0.3020233007,0.020194644,0.0124759548,0.9946346519,0.0027818736,2.0617255156,0.1449048126,0.513662834,0.1195244712,-0.0001493538,9.22277e-05,6.39742e-05,4.00898e-05,0.9681292772,0.0061334924,2.3644568292,0.2737125411,0.6420630191,0.147644956,0.1602082712,0.0252977795,0.1319368265,0.0077015218,0.9585771128,0.0082973558,2.6449664619,0.377323264,0.8420173534,0.1940379472,-4.35722016489177,-0.11089191979531471,1.6148935378205604,0
84,350.0131382478245,12557,55,35.87579615685483,0.2822,0.0323984568,0.1503816072,3.4726140119,0.1687603891,0.24735,0.0324534667,0.1939102323,3.5714450095,0.5718260092,0.47045,0.0346777667,0.1131475739,2.8411735034,0.1219428568,0.03585,0.0100760855,0.0355706696,3.7138928017,0.4049275082,0.41408,0.0926248001,0.8273811099,2.2470448281,-0.2424974003,0.08048,0.061762202,0.9095134951,2.7296289074,0.7930386597,0.50544,0.0442990564,0.370693799,3.1922636335,-0.1931085957,0.04804,0.0137097921,0.3711433667,3.0730291247,0.2730928477,0.4983742435,0.3020492987,0.0010167127,0.0008439432,0.945822954,0.0441347105,2.2779173342,0.5670199791,0.2073877596,0.4548284991,-9.6035e-06,2.42322e-05,2.146e-05,1.31727e-05,0.1612580813,0.1550446804,3.0148494017,0.5012102994,-0.0627208161,0.2680737246,0.488545,0.0256843284,0.0371385783,0.0020492073,0.1216552952,0.1420338102,2.9943738064,0.4183997349,-0.0021631695,0.2140683173,0.4546661419,0.2844600483,0.0203085372,0.0120940108,0.9910643098,0.004291852,2.0382743552,0.1824278653,0.5127749021,0.1473553456,-0.000292262,0.0001753148,0.0001151512,6.89224e-05,0.9615036453,0.0063033565,2.6736972581,0.2772112451,0.8136690831,0.1525373775,0.1584526761,0.0322988315,0.1311551222,0.0096285885,0.9510045915,0.0110544421,2.9451632344,0.3332702779,0.9681289595,0.1632630995,-3.301796627786525,-0.5886008751723478,0.20709769708320092,0
85,507.061485708436,19180,8,37.82578748453524,0.26995,0.0321830312,-0.0824759037,2.9485933921,0.1864224681,0.239,0.0302324329,-0.0647271852,2.8481486624,0.0858773124,0.49105,0.0393655624,-0.0365559798,2.6154023811,0.0852617817,0.0372,0.0109617517,0.0432339343,2.6869773945,-0.2552483813,0.4477,0.099085199,0.8711077769,2.0476334432,-0.2117759637,0.0909,0.0681959676,0.8930659381,3.1332689163,0.9851544273,0.4614,0.049339369,0.4153039226,2.2760481159,-0.0627098838,0.0393666667,0.0124806072,0.2660748509,2.8526154606,0.3113992236,0.4987371775,0.3027640432,0.0010294907,0.0008969526,0.9330053474,0.0368047368,2.5627683025,0.6091933873,0.0472218159,0.552562075,-2.518e-06,1.89269e-05,2.11764e-05,1.31695e-05,0.0350420159,0.0994380949,2.6977706889,0.2908712571,-0.0193089197,0.1813911027,0.4954925,0.0198253958,0.035978153,0.0020177041,0.0388243122,0.087468919,2.9524051462,0.4109408061,-0.0396581424,0.2335504351,0.440673134,0.280507124,0.0262092638,0.0163451323,0.9913564802,0.0047338397,2.1827653717,0.27880468,0.6252993012,0.1600139522,-0.0002800217,0.0001682543,0.0001277424,7.99065e-05,0.9713428204,0.0135248222,2.290354929,0.3101798259,0.6450279539,0.181554469,0.162218707,0.0192692207,0.1435609241,0.0065765531,0.9629164301,0.0073910501,2.5645658153,0.3184408095,0.8533415664,0.1708739559,-3.2166945075130937,-0.7431858257508314,1.5909544633881745,0
86,571.5451273470478,21152,52,37.00845128044684,0.2373,0.0305975489,0.1523021059,2.8828853353,-0.1296708387,0.28405,0.0387794727,0.2473801393,2.5642992859,0.1827994316,0.47865,0.0391909109,0.2912042866,2.6176509099,0.1049386151,0.0329,0.0094387499,0.0084926954,4.4976740979,0.8122600043,0.3904932735,0.0796023114,0.8256259066,1.9973213164,-0.2335742557,0.0925560538,0.0644289524,0.9039568135,2.5171574301,0.7696815718,0.5169506726,0.0352363231,0.1581969452,3.1037297597,0.0076038287,0.0447982063,0.0124320429,0.0986506491,3.3890732442,0.5921881804,0.4959795868,0.3020633058,0.0006299719,0.0004237831,0.9526567303,0.0353620567,2.2898993935,0.6251207233,0.12745225,0.4847439148,-2.7722e-06,7.1196e-06,1.30918e-05,7.9115e-06,0.1758531321,0.1203341285,2.7898516406,0.3681254859,-0.0333342637,0.2083449654,0.49152,0.0138794759,0.0368367191,0.0026983098,0.102113133,0.1087189155,2.9758086876,0.5688328122,0.0441786171,0.2200714876,0.4597229165,0.3149089377,0.0162332905,0.0106797556,0.9930373089,0.001344291,2.6915860173,0.2321253842,0.9073177083,0.1212897981,-0.0001837613,0.0001234919,5.01576e-05,3.34596e-05,0.9373616973,0.0135801081,4.3751710825,0.8314769652,1.3285181438,0.2236814968,0.1318875504,0.0122995928,0.1166485993,0.0118982666,0.9525263864,0.0092105302,3.8212143363,0.3891412753,1.2318371703,0.1051896768,-3.683824300987527,-0.6364380923188553,-2.0246760430250035,0
87,102.53397942951942,3677,45,35.86128247882473,0.2565,0.046252027,0.471396928,2.6271113443,-0.1882112903,0.26545,0.0536986732,0.4757114511,2.6888934126,0.1925074583,0.47805,0.0639448786,0.6307033577,2.3299745298,0.2809587332,0.0351,0.0112245267,0.2838314817,3.1358315496,0.1606601012,0.6391346154,0.1777387916,0.9343453508,2.0264448448,-0.5302234663,0.0947115385,0.1044510074,0.8870453581,3.4141942298,1.2410906557,0.2661538462,0.0874016776,0.9054238508,1.9525454609,-0.1076542727,0.0334615385,0.012346693,0.489901064,2.9014236104,0.5315670221,0.4751166757,0.2884888281,0.0063546897,0.0041029135,0.9208177853,0.0386632485,2.516402012,0.5511267778,-0.1030923597,0.4738569669,7.26001e-05,0.0003466317,0.0003421458,0.0002104064,0.7168471858,0.107470444,2.6957465546,0.5366488208,-0.1411834333,0.4266020946,0.5091875,0.0502658305,0.0666954922,0.0114251891,0.6640973343,0.097435104,2.6027092837,0.3985001345,-0.0791144967,0.3356088765,0.4296200321,0.2622567817,0.026943432,0.0166279657,0.9201560626,0.0352246991,2.4920239033,0.6483842211,0.8137390439,0.2798285727,-0.0028121265,0.0016642386,0.0013003738,0.0008110747,0.906723566,0.0319436012,2.4967571224,0.5255780749,0.8192579308,0.244131083,0.1391199086,0.022780544,0.1540577773,0.0185939622,0.8859390808,0.0276639882,2.9831328119,0.4441134039,1.1016156213,0.1953979141,17.42701437666803,-8.695138050240923,2.9858701553950957,4
88,351.1550478649121,12989,40,36.98935862940183,0.2612,0.0431863404,0.5077822169,2.7496313383,0.5191693554,0.22,0.0384252521,0.32787171,2.2503302386,0.0485151246,0.5188,0.0345913284,0.1187531936,3.138420947,0.1363677746,0.04065,0.010335739,0.1995927077,2.4069459358,0.2061889905,0.4856666667,0.1021224755,0.9022709614,2.0952947086,-0.2671429111,0.0996111111,0.0688324365,0.9096361389,2.0649032542,0.6086215082,0.4147222222,0.0463223075,0.4950213088,2.8144573813,-0.3248990934,0.0401666667,0.0106835803,0.0215760027,4.5768657692,0.5648290039,0.4976015756,0.3027216301,0.0013917494,0.0007953217,0.9488164719,0.0422880174,2.3776393198,0.4634925439,-0.0236757016,0.484782829,-6.151e-07,2.96204e-05,3.23494e-05,1.79735e-05,0.2124724795,0.1501798325,2.8698785022,0.4858316902,-0.042146398,0.2453160762,0.49115,0.0263889371,0.0389152218,0.0040412882,0.1548178776,0.1098821101,2.9437589243,0.3067625075,-0.0718331856,0.2445893774,0.4461023036,0.2742934051,0.0245693758,0.0148890075,0.9880079913,0.0044938799,2.0590052538,0.1081214176,0.5313653486,0.1052958331,-0.0004635178,0.0002765854,0.0002020813,0.000123283,0.9650897685,0.0069334048,2.3014368258,0.1444045066,0.6514293119,0.1064615825,0.1600955369,0.026618327,0.1391073068,0.011515543,0.9502811365,0.0133925834,2.6831154064,0.2636511392,0.8811549688,0.1531817517,-2.4617597016534556,-1.3394841831798145,1.41525101326595,0
89,531.7168575060485,19454,8,36.58714168147039,0.24465,0.0305634995,0.1300764642,2.9605986029,0.3416657299,0.27045,0.0316235276,0.0671136556,2.7079184224,0.1860423467,0.4849,0.036338547,0.0560361574,3.2486521426,-0.4352190852,0.03765,0.009366296,-0.0986056997,2.7902190659,-0.005833463,0.3902209945,0.0815675553,0.8394105271,2.3869651914,-0.0667499098,0.1046961326,0.074333439,0.9100891149,2.913005429,0.8764329643,0.5050828729,0.0387493544,0.2842942519,2.819220117,-0.18926809,0.0455524862,0.0118682341,0.0902042504,2.7842820834,0.3791191175,0.4958804052,0.3015497715,0.00067099,0.0005222018,0.9441644562,0.0507363455,2.4840970563,0.794499094,-0.1223028125,0.5341644056,-7.154e-07,7.1662e-06,1.47367e-05,8.7639e-06,0.0560501866,0.1057212996,2.9423126817,0.5483152906,-0.1049037034,0.2004195705,0.50137,0.0136020991,0.0370286566,0.0021235793,0.0315542384,0.0891468682,3.0057544505,0.5121013709,-0.0711753473,0.2654175408,0.4520083346,0.2947105024,0.0199302374,0.0120105007,0.993128091,0.002721835,2.1457788235,0.1102613572,0.5931767659,0.1114423599,-0.0001835596,0.000110425,7.50239e-05,4.55315e-05,0.9642148826,0.0047932555,2.5644503832,0.1504222014,0.7769979344,0.095561132,0.167147411,0.0316092658,0.1345536128,0.0077594988,0.9580113955,0.007737611,2.7039369559,0.2593513952,0.8833416737,0.1446018022,-4.298317981842369,-0.208437241183973,1.5238935800896205,0
9,854.8997360093806,32089,32,37.53539584628892,0.25825,0.0290032326,0.2697114763,2.7762647306,-0.2952047379,0.2495,0.0336340601,0.1760756516,2.6807129453,0.3316685252,0.49225,0.0336405633,-0.0187455229,2.6243057213,-0.2512839303,0.03755,0.008230887,-0.2150278051,3.3206826904,0.3656603308,0.4101715686,0.090269721,0.8483338232,2.1531657508,-0.173737106,0.0792401961,0.0600880575,0.9102370044,2.4023741897,0.6635622286,0.5105882353,0.0456128966,0.3537438931,3.1940197258,0.1239040777,0.0473039216,0.0115081295,0.0780863083,3.3565966105,0.3241025836,0.4958252315,0.3015276182,0.0006540517,0.0005465024,0.9501416004,0.0317435713,2.5660229384,1.0860467248,-0.0920529138,0.5912148738,-2.4227e-06,5.8342e-06,1.29016e-05,7.704e-06,0.0519624056,0.1192122458,3.0825424167,0.4577414965,0.023328462,0.2592243542,0.4956775,0.0160966726,0.0364407816,0.0017804662,0.050213158,0.1096631911,3.0387245729,0.4915014106,-0.0605226253,0.2194287841,0.4615374062,0.3056002825,0.0164635307,0.0104945535,0.9928781463,0.0039338012,2.1669300757,0.2375448152,0.5792262217,0.2048505367,-0.0001435207,9.20514e-05,6.08646e-05,3.67081e-05,0.9503076186,0.0435781967,2.3701941109,0.2523181043,0.6190000353,0.185638917,0.1855844535,0.0786273236,0.1262656605,0.0240104865,0.9380750017,0.0579067855,2.5585180023,0.2069533149,0.7759812292,0.2097974611,-3.356787270937025,2.9110630583815436,-0.4587380424691562,0
91,165.10779479220537,6389,35,38.69593200030808,0.22275,0.0373455151,0.2153959963,3.0787950017,0.1971626676,0.23845,0.033186556,-0.0600168235,3.3618606611,0.4014026716,0.5388,0.0374040105,0.1223416195,3.0816381367,-0.264027057,0.0402,0.0101469207,-0.0635674471,3.5197202435,0.7640426953,0.4288888889,0.1003204741,0.9159900879,2.1357722952,-0.1579831009,0.077345679,0.0670502227,0.9116665089,2.9885926924,0.9953211736,0.4937654321,0.0497867729,0.5659578312,2.6020049331,-0.3028687338,0.0428395062,0.0135158405,0.3560139086,3.3368682131,0.1542444848,0.4955115932,0.3003642341,0.001886384,0.0013404981,0.944206306,0.0299295183,2.5138280788,0.5682244293,0.0416894926,0.513157259,-6.6598e-06,3.11149e-05,4.34369e-05,2.66993e-05,0.1621139072,0.1734272754,2.7578112883,0.403341055,0.0252972819,0.2032316845,0.4941675,0.0246260801,0.0387892537,0.0042801192,0.1441831172,0.1321119909,2.8424114739,0.3916497336,0.0072800009,0.2628522638,0.4467674368,0.2718148423,0.021144869,0.0130726117,0.9810618532,0.0052557664,2.3153174218,0.207109018,0.7250888928,0.1372859501,-0.000502752,0.0003023129,0.0002256616,0.000138636,0.9613404103,0.0057964775,2.3552200961,0.220421963,0.7138190671,0.1453892851,0.1592481129,0.016212531,0.1486653643,0.0107243273,0.9531014469,0.0085948708,2.6032033898,0.3063652368,0.8987069752,0.1636531802,-1.8490233817369084,-1.9356492028790317,1.2647716157264115,0
92,776.2512794755587,28552,65,36.781903946477165,0.25855,0.0329491654,-0.1248542595,3.4573190874,0.2751339351,0.2671,0.0327275114,0.2116545503,2.9064728744,-0.4246899419,0.47435,0.0361016274,0.2363375893,2.7549020313,0.3364454483,0.0342,0.0095057877,0.1467406491,2.6730434026,0.0900828134,0.4047852761,0.0949601946,0.8760106542,2.2144142534,-0.1085223104,0.1077147239,0.0770103266,0.9080825639,2.6196750968,0.7798855664,0.4875,0.0425847225,0.3129777485,3.176595944,-0.1927613862,0.0421165644,0.0107308926,0.0628762452,3.0646981296,0.2775197688,0.4983912323,0.3028967471,0.0003959679,0.0002455527,0.9504065263,0.0389836472,2.572399552,0.6248473218,0.1643322179,0.5246489609,-4.375e-07,5.4729e-06,8.495e-06,5.1878e-06,0.0046169268,0.0757630311,2.9777012442,0.4853782747,0.0557466862,0.2306425693,0.4979075,0.0143792583,0.0352195114,0.001614587,0.0070818389,0.0985483285,2.9844308757,0.3292886308,-0.006792274,0.2445876267,0.4570131769,0.3145763437,0.0205179668,0.0132297321,0.9958711829,0.0017160887,2.0786554187,0.0954035774,0.5275413905,0.109759412,-0.0001053896,6.72774e-05,4.64026e-05,2.98466e-05,0.9713751879,0.0047920742,2.2596218719,0.1143364378,0.5879503337,0.1099001294,0.1763806816,0.0223269614,0.1376682111,0.0063138657,0.9603036953,0.0069671801,2.4720225828,0.2007613877,0.7581168516,0.1523370781,-4.924589616933478,0.1530033402748761,2.067695848007843,0
93,802.5134132398139,30176,36,37.60186372234821,0.25135,0.0298902576,0.0473056182,2.8919755357,-0.0180526402,0.22295,0.0292069769,-0.0187524775,3.8977640623,0.5992833244,0.5257,0.0350001429,0.0025133827,3.3898020486,-0.1923676503,0.0407,0.0099503769,-0.0400697798,2.9183278358,0.2402955424,0.4314473684,0.1030533434,0.8840831747,2.0077790692,-0.0179593354,0.0947368421,0.0745936758,0.9382035156,2.5264574047,0.7881092951,0.4738157895,0.0479270268,0.4206198106,3.0070389426,-0.2985475086,0.0432518797,0.0111064778,0.1204669482,3.1737010488,0.2095744787,0.4976143805,0.3027375356,0.0006690097,0.0004375778,0.9493239837,0.0705946918,2.2893750348,0.5603737162,0.0967702905,0.5011811303,1.3474e-06,5.8143e-06,1.15552e-05,7.2247e-06,0.0463124509,0.1359281575,2.8577318461,0.3181366635,0.0144277625,0.2428313405,0.50105,0.0148224323,0.03530585,0.0025816578,0.0433752238,0.1287794127,2.7314028366,0.3914086358,-0.054231882,0.1861625192,0.4565276806,0.3082575706,0.0195888185,0.0125436048,0.9945618422,0.0024876336,2.0486545114,0.1132145592,0.5000076517,0.1524946163,-0.0001301863,8.66737e-05,5.92903e-05,3.76882e-05,0.9340099242,0.1079689782,2.1636913013,0.1191565347,0.4772396624,0.2908459918,0.195727071,0.0795090726,0.1310814684,0.0299556727,0.915053485,0.1365637069,2.3891414468,0.1367158232,0.6714933688,0.3032788163,-2.2174175835502936,6.249505634736306,-2.1549643443489375,0
94,111.23857835382375,4060,60,36.49812915700967,0.2511,0.0440373705,0.5051405245,2.2935163568,0.1434289843,0.28715,0.0380871041,0.519723915,3.2907586694,0.4486818866,0.46175,0.0438028253,0.2949432541,2.3764342324,0.2137308495,0.0329,0.0102513414,0.090266558,2.5577472616,0.219367907,0.4706779661,0.10033612,0.8414011267,2.3312154133,-0.29127503,0.0751694915,0.0683706629,0.8335139553,3.9722405338,1.2063213043,0.4541525424,0.0481976206,0.4863030428,2.1819500601,-0.2579550107,0.0491525424,0.0112804219,0.0504774388,3.9096060847,0.8398130569,0.4792863328,0.2939493832,0.0031964782,0.0024824916,0.9133100469,0.0590314652,2.3495111294,0.4029272051,0.0819199605,0.3217659552,3.34065e-05,0.000102616,9.35981e-05,6.26298e-05,0.2598779778,0.1505387287,2.9162309277,0.5629484056,0.0796469875,0.2380603294,0.51283,0.0269887866,0.0410530685,0.0040208288,0.2197209065,0.1309165695,2.9565968833,0.4485026816,0.0451200877,0.2441589207,0.427054075,0.2585248162,0.0281560293,0.0172341518,0.9688809699,0.0162646437,2.354812334,0.1826991062,0.7503714575,0.1154230357,-0.0011101581,0.0006935407,0.0004774141,0.0002918198,0.9508523136,0.0214981496,2.391981392,0.1798446231,0.7421712369,0.108175076,0.1488457596,0.0202296749,0.1467157341,0.0164719886,0.937513828,0.0313096881,2.6806967562,0.3080654339,0.9477806543,0.1581274295,3.4027748468108654,-2.9359795360944716,2.797960687187175,0
95,103.85849812869792,3771,42,36.309017248902485,0.23575,0.0724961206,0.7395147192,2.6718067305,0.7176203784,0.2973,0.0839119181,0.8257586606,2.27657607,0.0848467641,0.46695,0.0438000856,0.4941349311,2.6020857964,-0.0441706987,0.0344,0.0100816665,0.1172453963,3.7888981971,0.573990108,0.624,0.152485056,0.9231893366,2.390990414,-0.9275998104,0.0714615385,0.071595676,0.9016678005,3.5296341137,1.2255779248,0.3045384615,0.0893425692,0.8174408412,2.5393101945,0.888316159,0.0397692308,0.0125707465,0.0749891554,2.761922348,0.0579833592,0.4960165057,0.3019247211,0.0023888198,0.0015959046,0.909940445,0.03679378,2.4514044736,0.5499697647,0.1209363311,0.3358541378,-1.00616e-05,7.20009e-05,0.0001227114,7.63583e-05,0.6157539351,0.1321663455,2.6741657895,0.3058727201,-0.0439709511,0.2803255749,0.489725,0.0295616453,0.0604047824,0.0113157308,0.5384600393,0.130511742,2.7927803327,0.3327380785,-0.02014318,0.2975267699,0.4463090524,0.2704779311,0.0256470792,0.0151064204,0.9743488333,0.007767451,2.14202676,0.1805615359,0.6025556358,0.1216303008,-0.0011031216,0.0006853842,0.0004348673,0.0002563227,0.93871706,0.0203471142,2.804525402,0.5257833955,0.8558331967,0.1892413386,0.1337218835,0.0181294999,0.1341917957,0.0140275747,0.9203254881,0.0219143219,3.5163081569,0.8194865075,1.1893112668,0.2543089379,4.595719988967572,-5.421779352827493,-4.990969469566839,4
97,524.8577229793729,19417,70,36.994787634596925,0.25125,0.0337073805,0.4485956055,2.2955271514,0.2216464292,0.2562,0.0355536215,0.3034049244,2.7363573162,0.3497883319,0.49255,0.0326917038,0.0958409997,2.743923401,-0.1414243325,0.0342,0.0095057877,-0.1606323101,3.0356919673,0.4306176425,0.4660734463,0.1019428788,0.8694965547,2.1025339274,-0.2586751605,0.0879943503,0.0581864815,0.8712278044,2.8264142966,0.7496066457,0.4459322034,0.0537635116,0.6300197621,2.2700636367,-0.1846041436,0.039519774,0.0118689122,0.0926170633,2.9107000383,0.2840652556,0.4983521129,0.3027281963,0.0006662469,0.0004749563,0.9483568187,0.0275077368,2.3556191256,0.4461420896,-0.1924084851,0.3320385663,-8.642e-07,1.23003e-05,1.50198e-05,9.6907e-06,0.1892186981,0.1158805368,2.893925152,0.5124127353,-0.0829993688,0.2957468417,0.497765,0.0241695992,0.0378707608,0.0041642195,0.1398732855,0.1332891639,2.9433144689,0.5220939924,-0.0844103732,0.2754606137,0.4593793604,0.3031941087,0.0179562802,0.0129697243,0.9849574435,0.0263058435,2.0568376066,0.1483964256,0.5041182255,0.1655282005,-0.0001662128,0.0001211986,7.31099e-05,4.69126e-05,0.9206013375,0.1378534441,2.6084326948,0.5892535682,0.5939919838,0.5540227606,0.1801365756,0.1026072229,0.1229916696,0.0260433805,0.8460490265,0.339192649,2.858389024,0.5005130101,0.8995599264,0.2957139789,3.427231116293923,12.682049956717808,-7.064770246552516,2
A,77.18418443273734,3196,42,41.40744666137109,0.2315,0.0490790179,0.595959068,2.3427359439,0.0694240701,0.22815,0.045763823,0.246353166,2.4119764576,0.0545008101,0.54035,0.0559207251,0.5696815925,2.7705877283,-0.5236125627,0.0515,0.0154191439,0.4186657516,2.7327667705,0.2064294432,0.5351020408,0.109009875,0.84943835,2.5204950442,-0.1316943298,0.0730612245,0.07328179,0.7833853567,6.7536524242,1.9803398531,0.3918367347,0.0614094146,0.7188709127,2.3513030813,-0.4686050393,0.0412244898,0.0142331394,0.3276867126,2.4287260061,0.2190259344,0.4631799401,0.280093672,0.0128754505,0.00888035,0.934265313,0.0357547407,2.4645105674,0.4261411777,-0.0168549656,0.5035366662,-0.000100857,0.0002910274,0.0004805783,0.0002923341,0.6074533581,0.139842151,2.7088648924,0.4232035222,0.0470830964,0.3693563706,0.4945725,0.0248903067,0.0611241137,0.0105945786,0.5786917895,0.1168903547,2.7065600815,0.3842416508,0.0542234517,0.2977005248,0.3656769047,0.2211159237,0.0363759803,0.022166534,0.9243816613,0.0097534342,3.8539796055,0.6612551633,1.3673143199,0.2258173305,-0.0032200145,0.0019926322,0.0011637317,0.0007074982,0.9035638034,0.0280643341,3.4191941067,0.6221980725,1.2227524811,0.2256101464,0.1335619538,0.0246027334,0.1484278608,0.0230805968,0.9203147615,0.0340695337,3.2966198866,0.7433342264,1.2235269367,0.2527382817,20.228867893574687,-16.805980141501625,-10.954824630940008,4
B,186.55623040925312,6974,15,37.38283082103964,0.2371,0.0362986226,0.357950944,2.9972987723,-0.285563867,0.27835,0.0329549313,0.19901844,3.4909216072,0.2105779915,0.48455,0.0341620769,0.1031347772,2.85826576,-0.0282964548,0.0392,0.0101173119,-0.2820061145,2.9498531033,0.2039149859,0.4057857143,0.0905563586,0.8883770726,1.7971896324,-0.0608329805,0.1109285714,0.0829039584,0.917908324,2.1925905192,0.5272503745,0.4832857143,0.0342770822,0.2450316699,3.6942932777,0.122228364,0.0427857143,0.0130284226,0.3118834358,2.4108957927,0.029482896,0.4943142216,0.3018574309,0.0043595274,0.0028493501,0.9426975868,0.0380565316,2.302702601,0.4209846886,0.0175795589,0.3249402466,3.21756e-05,9.22771e-05,0.0001019951,6.17367e-05,0.1904610919,0.1343275014,2.960059218,0.484957152,0.0945489621,0.1826824924,0.5082275,0.0227181341,0.0386415933,0.0034401155,0.1405827044,0.1276596198,2.8759740334,0.2914692979,0.0431229767,0.2022575123,0.3821099735,0.2320017788,0.0489595498,0.0302186542,0.9802839065,0.0059368951,2.4838940105,0.2121882172,0.8286381055,0.1113650306,-0.0012211402,0.0007455588,0.0005083,0.0003127589,0.9573262093,0.0101390605,2.5275980627,0.223988168,0.8210273681,0.106533456,0.1474140297,0.0209260276,0.1410542998,0.0111055876,0.9522044424,0.0093188792,2.7945950119,0.3259138849,0.9865761029,0.1421458965,0.9092448134917347,-3.786095916520367,4.712579609805437,0
C,170.51395051707175,7090,8,41.580175572145656,0.2717,0.0500810343,0.5397816283,3.1880010495,0.0171065003,0.26105,0.0377179997,0.1354612138,2.7514490201,0.4237607044,0.46725,0.0518477338,0.4542688039,2.2425437487,0.0473867336,0.03505,0.0111241854,-0.1417294859,3.9598118618,0.7392815981,0.4911413043,0.1148796707,0.8753499073,1.9743635625,-0.2672423076,0.085923913,0.0697547308,0.9133399506,2.8838762996,0.8030800554,0.4229347826,0.0552029466,0.6000037637,2.1248388066,-0.1522263649,0.0427173913,0.0100923196,0.0055652558,2.6476193791,0.2301193604,0.4894537255,0.2992675146,0.0047510148,0.0033951956,0.927701108,0.0531690458,2.5701996066,0.8286796216,0.149661268,0.5331542592,9.7418e-06,0.0001311228,0.0001185712,7.53975e-05,0.2428021173,0.1789888051,2.7810395535,0.4287875979,0.0774378435,0.1716779344,0.499765,0.0311793405,0.0406447407,0.0040618415,0.1824280801,0.1885798233,2.7447044114,0.4276800828,0.0373697159,0.1826121638,0.3921344703,0.2362612576,0.0494383242,0.0298881503,0.9782409465,0.0052423909,2.5222023783,0.216593555,0.8446495551,0.1040146082,-0.0013458694,0.0008434323,0.0005446587,0.0003303633,0.9569162424,0.0068367688,2.507507783,0.2743923454,0.8021675079,0.1240190936,0.1539309835,0.0215207239,0.1434493176,0.01236374,0.9502085354,0.0096162209,2.6748735352,0.3472473586,0.9255779602,0.1511246401,3.15424049310575,-6.109323615741779,1.8742170180221631,0
D,319.24446978061104,10398,45,32.570650345628984,0.2328,0.0312195452,-0.0643082197,2.3899404681,-0.0673414698,0.26045,0.0328260186,0.0717256771,3.3424714053,0.2291095413,0.50675,0.0379102559,-0.1334285369,2.4751243662,0.0451627939,0.03805,0.0097952795,0.1377807041,2.752241128,0.1223172645,0.37805,0.0726357178,0.7517728751,2.151663328,0.0013059204,0.0894,0.0648046295,0.8906866502,2.4210925556,0.685303612,0.53255,0.0389261801,0.1907745635,2.4328704634,0.0143351162,0.0464,0.0128078101,0.416981523,2.593047675,0.4156548492,0.4952071902,0.3016113704,0.0031530988,0.0026416313,0.9508647461,0.0408640407,2.2393287942,0.5754055771,-0.0671594984,0.4779554221,-4.8256e-06,3.23465e-05,5.86171e-05,3.83107e-05,0.107710512,0.1312815565,2.9898543936,0.4212851281,-0.0329046504,0.2583833817,0.496805,0.0196038893,0.035615358,0.0031860276,0.0759554139,0.0995917538,2.9177743525,0.3926153501,-0.0073267313,0.1861098906,0.3905858212,0.2629504249,0.0470924544,0.031159817,0.9856870791,0.0125201724,2.2019438581,0.1470647632,0.6604415664,0.1807014719,-0.0006243671,0.0004341509,0.0002870526,0.0001890775,0.9072228238,0.2219821804,2.2275274567,0.1914066825,0.6365236561,0.2477687101,0.1853348195,0.0817004464,0.1381057134,0.0303439358,0.8696845262,0.3263880213,2.5253993553,0.207957458,0.8219524869,0.1966639686,4.659506546223517,10.996906188786065,-5.99909721347047,2
H,353.71153527842233,19458,40,55.0109285655152,0.2424,0.0309150449,-0.008308526,2.7123940945,-0.1792973135,0.26595,0.0330884799,0.0129039621,2.9011950559,0.1687306246,0.49165,0.0333545724,-0.0254376279,2.9972348761,-0.1270014178,0.03305,0.0107446498,0.0169086717,2.8978803086,0.3297473263,0.4700289017,0.1093497559,0.9046215788,2.0430400075,-0.2904163722,0.0793641618,0.0704764979,0.9237861922,3.734757016,1.2799719395,0.4506069364,0.0573505231,0.6612183563,2.3942380885,-0.0422186343,0.0424855491,0.0112335207,-0.0209114949,3.3118768626,0.3784263911,0.4977840738,0.3038755575,0.0023976948,0.0018355301,0.9358328357,0.0388312679,2.3741896824,0.5948986238,0.0261883955,0.4261522896,-6.5896e-06,4.80003e-05,6.05666e-05,3.79828e-05,0.3024463499,0.1133834509,2.9164159203,0.3666868814,0.0251008265,0.2864237952,0.49756,0.0255815441,0.038803969,0.0033253553,0.1911917819,0.1060771007,2.9110091398,0.4095106517,0.0556899584,0.297192851,0.3735715303,0.2406102417,0.0550056729,0.0336283609,0.9906412753,0.0030567686,2.2532504586,0.1686751227,0.7155121116,0.1298548757,-0.0007623281,0.000466537,0.0002742057,0.0001711188,0.9608681072,0.004816331,2.9967584509,0.4273808285,0.9429417428,0.1806736351,0.1355038873,0.0180423091,0.1272760369,0.0084039924,0.9524814497,0.0107742051,3.4394900227,0.5171548216,1.144165548,0.1812291384,-0.6692575764510351,-3.9626824997425434,0.42737657007608837,0
I,588.6254831340942,20211,36,34.33592424913033,0.26845,0.0332392464,-0.0795143338,3.348070677,-0.2674655668,0.2221,0.0320326396,-0.0747824708,3.9033371007,-0.0767037705,0.50945,0.0331955946,-0.034182553,3.3151495681,-0.3455560008,0.0337,0.010644717,0.0675814776,3.2212032767,0.4718357083,0.3939810427,0.0778641399,0.7844957826,2.2775891999,-0.0677718568,0.1015165877,0.0774417589,0.930909311,2.2295667018,0.6666034053,0.5045023697,0.0406215191,0.1281798365,2.9003035032,-0.1952206254,0.0447393365,0.0133598861,0.3045689193,2.9053912888,0.2779115442,0.4943650292,0.2989289975,0.0014493348,0.001150599,0.9217838706,0.0470190666,2.771830792,0.870970934,0.1661666303,0.5147443295,-3.2977e-06,1.85059e-05,3.38071e-05,2.09579e-05,0.0219285628,0.0793339248,3.0003762548,0.4174390087,-0.0154878214,0.1691324123,0.4987375,0.0130605022,0.0355713418,0.0020485409,0.0320371986,0.126011933,2.9531130576,0.8198398781,-0.0280148803,0.2600735115,0.4016233904,0.2962804049,0.0392159734,0.0284557479,0.9896089049,0.0084904383,2.4039129921,0.2817094537,0.738105222,0.2777399961,-0.0003115044,0.0002404407,0.0001348061,8.90026e-05,0.8149051766,0.4030090548,2.568552467,0.1699521637,0.639438733,0.4978477192,0.1975211217,0.1094529515,0.1284034439,0.0328218005,0.8473579729,0.3074076193,2.7505472853,0.3049410594,0.67368558,0.6357142819,5.462221804384218,16.524006563225345,-10.993367317071067,2
