Instance,INF_avg,INF_sd,INF_r1,INF_kr,INF_sk,SUP_avg,SUP_sd,SUP_r1,SUP_kr,SUP_sk,INC_avg,INC_sd,INC_r1,INC_kr,INC_sk,IND_avg,IND_sd,IND_r1,IND_kr,IND_sk
100,0.2728000000,0.0421919424,-0.0130258229,2.7217739967,0.6383400368,0.2028000000,0.0459147035,0.0244407689,3.1257331042,0.4395812389,0.5244000000,0.0455262562,0.0059028876,2.8118635557,0.1411194677,0.5244000000,0.0455262562,0.0059028876,2.8118635557,0.1411194677
