Instance,INF_avg,INF_sd,INF_r1,INF_kr,INF_sk,SUP_avg,SUP_sd,SUP_r1,SUP_kr,SUP_sk,INC_avg,INC_sd,INC_r1,INC_kr,INC_sk,IND_avg,IND_sd,IND_r1,IND_kr,IND_sk
77,0.2560000000,0.1251559028,-0.0600054819,4.9412817273,0.6900647700,0.2440000000,0.1313925416,0.0944859917,3.4494808206,0.5801405038,0.5000000000,0.1600000000,-0.0314960630,2.4047851562,-0.3222656250,0.5000000000,0.1600000000,-0.0314960630,2.4047851562,-0.3222656250
