Instance,INF_avg,INF_sd,INF_r1,INF_kr,INF_sk,SUP_avg,SUP_sd,SUP_r1,SUP_kr,SUP_sk,INC_avg,INC_sd,INC_r1,INC_kr,INC_sk,IND_avg,IND_sd,IND_r1,IND_kr,IND_sk
198,0.2360000000,0.0708801806,0.1860465116,2.9475029413,-0.7920426687,0.2820000000,0.0540000000,-0.0454108931,1.8067424230,-0.1975308642,0.4820000000,0.0841189634,-0.3449036124,2.8284422922,0.4541738730,0.4820000000,0.0841189634,-0.3449036124,2.8284422922,0.4541738730
