Instance,INF_avg,INF_sd,INF_r1,INF_kr,INF_sk,SUP_avg,SUP_sd,SUP_r1,SUP_kr,SUP_sk,INC_avg,INC_sd,INC_r1,INC_kr,INC_sk,IND_avg,IND_sd,IND_r1,IND_kr,IND_sk
409,0.2160000000,0.1270590414,0.0515595798,2.8811626973,0.4587427439,0.3280000000,0.1631441081,-0.0870754585,2.7090550495,0.2077967261,0.4560000000,0.1544797721,-0.0796957450,3.2122195627,0.3025174019,0.4560000000,0.1544797721,-0.0796957450,3.2122195627,0.3025174019
