Instance,INF_avg,INF_sd,INF_r1,INF_kr,INF_sk,SUP_avg,SUP_sd,SUP_r1,SUP_kr,SUP_sk,INC_avg,INC_sd,INC_r1,INC_kr,INC_sk,IND_avg,IND_sd,IND_r1,IND_kr,IND_sk
385,0.2520000000,0.0329545141,-1.0857325656,1.6153709187,0.0454334591,0.2470000000,0.0358608422,-0.6800858830,1.4710169815,-0.3290323709,0.5010000000,0.0190787840,0.3154101996,1.8099565270,-0.4993752491,0.5010000000,0.0190787840,0.3154101996,1.8099565270,-0.4993752491
