Instance,INF_avg,INF_sd,INF_r1,INF_kr,INF_sk,SUP_avg,SUP_sd,SUP_r1,SUP_kr,SUP_sk,INC_avg,INC_sd,INC_r1,INC_kr,INC_sk,IND_avg,IND_sd,IND_r1,IND_kr,IND_sk
115,0.3675862069,0.0988783709,0.7412992168,1.9535807358,0.0944018342,0.1503448276,0.1020643056,0.7884346379,2.7083550203,0.6655305118,0.4820689655,0.0681468653,0.2461519400,2.7344780910,0.3926701860,0.4820689655,0.0681468653,0.2461519400,2.7344780910,0.3926701860
