Instance,INF_avg,INF_sd,INF_r1,INF_kr,INF_sk,SUP_avg,SUP_sd,SUP_r1,SUP_kr,SUP_sk,INC_avg,INC_sd,INC_r1,INC_kr,INC_sk,IND_avg,IND_sd,IND_r1,IND_kr,IND_sk
210,0.2760000000,0.1049952380,0.2546105067,2.3090394147,0.1533969632,0.2320000000,0.0676461381,-0.3031470479,2.9962437038,0.3809933279,0.4920000000,0.0996794864,0.2024998109,1.8693279501,-0.0515177785,0.4920000000,0.0996794864,0.2024998109,1.8693279501,-0.0515177785
