Instance,INF_avg,INF_sd,INF_r1,INF_kr,INF_sk,SUP_avg,SUP_sd,SUP_r1,SUP_kr,SUP_sk,INC_avg,INC_sd,INC_r1,INC_kr,INC_sk,IND_avg,IND_sd,IND_r1,IND_kr,IND_sk
289,0.2750000000,0.1030776406,-0.1677018634,2.1515570934,-0.0000000000,0.2100000000,0.0700000000,0.2400881057,1.6022490629,0.0787172012,0.5150000000,0.1265898890,-0.2057736314,1.4492200905,-0.0059154010,0.5150000000,0.1265898890,-0.2057736314,1.4492200905,-0.0059154010
