Instance,INF_avg,INF_sd,INF_r1,INF_kr,INF_sk,SUP_avg,SUP_sd,SUP_r1,SUP_kr,SUP_sk,INC_avg,INC_sd,INC_r1,INC_kr,INC_sk,IND_avg,IND_sd,IND_r1,IND_kr,IND_sk
273,0.3000000000,0.1000000000,-0.0208333333,3.1833333333,0.3666666667,0.1811111111,0.0831924735,0.0914306981,2.4914994752,0.4082152840,0.5188888889,0.0920681444,-0.1366424555,2.5516374840,0.2906283622,0.5188888889,0.0920681444,-0.1366424555,2.5516374840,0.2906283622
