Instance,INF_avg,INF_sd,INF_r1,INF_kr,INF_sk,SUP_avg,SUP_sd,SUP_r1,SUP_kr,SUP_sk,INC_avg,INC_sd,INC_r1,INC_kr,INC_sk,IND_avg,IND_sd,IND_r1,IND_kr,IND_sk
14,0.3138000000,0.0400319872,0.3050751895,3.4189507376,0.8582665865,0.2722000000,0.0265736712,0.1758728961,4.1113948664,0.3902794088,0.4140000000,0.0373898382,0.3368033743,2.7533539637,0.3179583703,0.4140000000,0.0373898382,0.3368033743,2.7533539637,0.3179583703
