Instance,INF_avg,INF_sd,INF_r1,INF_kr,INF_sk,SUP_avg,SUP_sd,SUP_r1,SUP_kr,SUP_sk,INC_avg,INC_sd,INC_r1,INC_kr,INC_sk,IND_avg,IND_sd,IND_r1,IND_kr,IND_sk
504,0.2232000000,0.0593107073,-0.0004946299,4.9396187996,0.8391297758,0.3248000000,0.0781342435,0.2472881576,2.7022955766,-0.3772318450,0.4520000000,0.0704840407,0.1642242906,2.9312430473,0.2375567742,0.4520000000,0.0704840407,0.1642242906,2.9312430473,0.2375567742
