Instance,INF_avg,INF_sd,INF_r1,INF_kr,INF_sk,SUP_avg,SUP_sd,SUP_r1,SUP_kr,SUP_sk,INC_avg,INC_sd,INC_r1,INC_kr,INC_sk,IND_avg,IND_sd,IND_r1,IND_kr,IND_sk
244,0.3140000000,0.0412795349,-0.3909135083,3.0479071613,-0.9683207696,0.2320000000,0.0428485706,0.0292960210,2.5612513706,0.3276472353,0.4540000000,0.0280000000,0.2510548523,2.2230841316,-0.4952623907,0.4540000000,0.0280000000,0.2510548523,2.2230841316,-0.4952623907
