Instance,INF_avg,INF_sd,INF_r1,INF_kr,INF_sk,SUP_avg,SUP_sd,SUP_r1,SUP_kr,SUP_sk,INC_avg,INC_sd,INC_r1,INC_kr,INC_sk,IND_avg,IND_sd,IND_r1,IND_kr,IND_sk
111,0.2480000000,0.0254165301,-0.4889825016,2.7063472285,-1.1368482157,0.2760000000,0.0276405499,0.1023417173,1.7170102245,0.4892652370,0.4760000000,0.0193390796,0.0044004400,1.8711001172,-0.4006738304,0.4760000000,0.0193390796,0.0044004400,1.8711001172,-0.4006738304
