Instance,INF_avg,INF_sd,INF_r1,INF_kr,INF_sk,SUP_avg,SUP_sd,SUP_r1,SUP_kr,SUP_sk,INC_avg,INC_sd,INC_r1,INC_kr,INC_sk,IND_avg,IND_sd,IND_r1,IND_kr,IND_sk
338,0.2472000000,0.0735129920,0.3082376468,4.0685760182,0.5727426589,0.2144000000,0.0700902276,0.3184504720,2.8709142904,-0.4633140676,0.5384000000,0.0708621196,0.0367353466,4.0771322272,0.8915131191,0.5384000000,0.0708621196,0.0367353466,4.0771322272,0.8915131191
