Instance,INF_avg,INF_sd,INF_r1,INF_kr,INF_sk,SUP_avg,SUP_sd,SUP_r1,SUP_kr,SUP_sk,INC_avg,INC_sd,INC_r1,INC_kr,INC_sk,IND_avg,IND_sd,IND_r1,IND_kr,IND_sk
126,0.2220000000,0.0843563868,0.1424534780,2.8936610086,0.5409075326,0.3040000000,0.1310877569,0.1813210293,2.9030812085,0.7518951286,0.4740000000,0.1257934815,0.3439460001,2.7008220353,-0.5039556655,0.4740000000,0.1257934815,0.3439460001,2.7008220353,-0.5039556655
