Instance,INF_avg,INF_sd,INF_r1,INF_kr,INF_sk,SUP_avg,SUP_sd,SUP_r1,SUP_kr,SUP_sk,INC_avg,INC_sd,INC_r1,INC_kr,INC_sk,IND_avg,IND_sd,IND_r1,IND_kr,IND_sk
115,0.2430000000,0.0428602380,0.1487859135,2.5626386659,0.2598614724,0.2940000000,0.0622896460,0.5479601949,2.5688574769,-0.0015888527,0.4630000000,0.0681542368,0.4019169217,2.6620470175,0.2107168874,0.4630000000,0.0681542368,0.4019169217,2.6620470175,0.2107168874
