Instance,INF_avg,INF_sd,INF_r1,INF_kr,INF_sk,SUP_avg,SUP_sd,SUP_r1,SUP_kr,SUP_sk,INC_avg,INC_sd,INC_r1,INC_kr,INC_sk,IND_avg,IND_sd,IND_r1,IND_kr,IND_sk
156,0.2870000000,0.1071494284,0.2695253680,3.5562587392,0.2783781884,0.2260000000,0.1096540013,0.1300713924,3.0922732048,0.4736910204,0.4870000000,0.1018871925,0.1774109315,2.8608226828,-0.0004197824,0.4870000000,0.1018871925,0.1774109315,2.8608226828,-0.0004197824
