Instance,INF_avg,INF_sd,INF_r1,INF_kr,INF_sk,SUP_avg,SUP_sd,SUP_r1,SUP_kr,SUP_sk,INC_avg,INC_sd,INC_r1,INC_kr,INC_sk,IND_avg,IND_sd,IND_r1,IND_kr,IND_sk
159,0.2210000000,0.0330000000,0.1435975969,4.2052860182,-1.0899073378,0.2270000000,0.0419642705,-0.6776257331,1.5509027220,-0.1221124803,0.5520000000,0.0485386444,-0.0851100711,1.6409701344,0.1299089168,0.5520000000,0.0485386444,-0.0851100711,1.6409701344,0.1299089168
