Instance,INF_avg,INF_sd,INF_r1,INF_kr,INF_sk,SUP_avg,SUP_sd,SUP_r1,SUP_kr,SUP_sk,INC_avg,INC_sd,INC_r1,INC_kr,INC_sk,IND_avg,IND_sd,IND_r1,IND_kr,IND_sk
72,0.3000000000,0.0959166305,-0.0329670330,2.5047258979,-0.2379784073,0.2840000000,0.0856971411,0.1451546690,2.4065743945,-0.0212787660,0.4160000000,0.1074430081,-0.0207995908,2.7985680387,0.2110677565,0.4160000000,0.1074430081,-0.0207995908,2.7985680387,0.2110677565
