Instance,INF_avg,INF_sd,INF_r1,INF_kr,INF_sk,SUP_avg,SUP_sd,SUP_r1,SUP_kr,SUP_sk,INC_avg,INC_sd,INC_r1,INC_kr,INC_sk,IND_avg,IND_sd,IND_r1,IND_kr,IND_sk
252,0.2880000000,0.1029854359,-0.0553200058,2.9999029579,-0.0951748336,0.2145000000,0.1022973607,-0.0449288053,2.3344131153,0.4114694451,0.4975000000,0.1134405130,-0.0899498197,3.0568734711,0.2930334507,0.4975000000,0.1134405130,-0.0899498197,3.0568734711,0.2930334507
