Instance,INF_avg,INF_sd,INF_r1,INF_kr,INF_sk,SUP_avg,SUP_sd,SUP_r1,SUP_kr,SUP_sk,INC_avg,INC_sd,INC_r1,INC_kr,INC_sk,IND_avg,IND_sd,IND_r1,IND_kr,IND_sk
82,0.2700000000,0.1459451952,0.0189604754,3.4619453812,0.6446564200,0.2220000000,0.1188107739,-0.1893396750,2.4539398728,-0.0013737731,0.5080000000,0.1635114675,0.1851794221,3.7324955117,-0.0736967840,0.5080000000,0.1635114675,0.1851794221,3.7324955117,-0.0736967840
