Instance,INF_avg,INF_sd,INF_r1,INF_kr,INF_sk,SUP_avg,SUP_sd,SUP_r1,SUP_kr,SUP_sk,INC_avg,INC_sd,INC_r1,INC_kr,INC_sk,IND_avg,IND_sd,IND_r1,IND_kr,IND_sk
106,0.2375000000,0.0264811254,-0.0365744871,2.8550525704,-0.3291619002,0.2340000000,0.0230000000,-0.1274925753,3.0964976540,0.6462562670,0.5285000000,0.0253031619,0.3081099280,1.6690963070,-0.0974053067,0.5285000000,0.0253031619,0.3081099280,1.6690963070,-0.0974053067
