Instance,INF_avg,INF_sd,INF_r1,INF_kr,INF_sk,SUP_avg,SUP_sd,SUP_r1,SUP_kr,SUP_sk,INC_avg,INC_sd,INC_r1,INC_kr,INC_sk,IND_avg,IND_sd,IND_r1,IND_kr,IND_sk
65,0.2400000000,0.0854400375,-0.0961907372,3.0232689060,0.1202477540,0.2450000000,0.0855862138,-0.3224012950,3.1874686950,0.5383470451,0.5150000000,0.1092016483,-0.0707088032,2.8773518980,-0.1785399364,0.5150000000,0.1092016483,-0.0707088032,2.8773518980,-0.1785399364
