Instance,INF_avg,INF_sd,INF_r1,INF_kr,INF_sk,SUP_avg,SUP_sd,SUP_r1,SUP_kr,SUP_sk,INC_avg,INC_sd,INC_r1,INC_kr,INC_sk,IND_avg,IND_sd,IND_r1,IND_kr,IND_sk
115,0.2700000000,0.1539480432,0.1843266153,3.2893767025,0.4440097384,0.2980000000,0.1643045952,0.3702752120,2.5762474352,0.0049563000,0.4320000000,0.1901998948,0.2681020074,2.5400194948,0.1822984892,0.4320000000,0.1901998948,0.2681020074,2.5400194948,0.1822984892
