Instance,INF_avg,INF_sd,INF_r1,INF_kr,INF_sk,SUP_avg,SUP_sd,SUP_r1,SUP_kr,SUP_sk,INC_avg,INC_sd,INC_r1,INC_kr,INC_sk,IND_avg,IND_sd,IND_r1,IND_kr,IND_sk
85,0.2310000000,0.0838987485,-0.1651793399,2.9581184697,0.5724737811,0.2530000000,0.0966488489,-0.2030803591,2.6697791138,-0.0765354867,0.5160000000,0.1088301429,-0.1999719884,3.2491296000,0.0115532835,0.5160000000,0.1088301429,-0.1999719884,3.2491296000,0.0115532835
