Instance,INF_avg,INF_sd,INF_r1,INF_kr,INF_sk,SUP_avg,SUP_sd,SUP_r1,SUP_kr,SUP_sk,INC_avg,INC_sd,INC_r1,INC_kr,INC_sk,IND_avg,IND_sd,IND_r1,IND_kr,IND_sk
230,0.2840000000,0.0852291030,-0.2484316186,1.8057889732,0.4509224749,0.2320000000,0.0926066952,-0.5938069217,1.1963689018,-0.3365218792,0.4840000000,0.0958331884,-0.4225648213,2.4248260875,0.1819363454,0.4840000000,0.0958331884,-0.4225648213,2.4248260875,0.1819363454
