Instance,INF_avg,INF_sd,INF_r1,INF_kr,INF_sk,SUP_avg,SUP_sd,SUP_r1,SUP_kr,SUP_sk,INC_avg,INC_sd,INC_r1,INC_kr,INC_sk,IND_avg,IND_sd,IND_r1,IND_kr,IND_sk
76,0.3404000000,0.0780502402,0.2394332882,3.1177400134,-0.2565679873,0.2876000000,0.0740961537,0.2318847676,2.3622345357,-0.0107580802,0.3720000000,0.0583780781,0.0562603106,2.6406797593,0.1189429697,0.3720000000,0.0583780781,0.0562603106,2.6406797593,0.1189429697
