Instance,INF_avg,INF_sd,INF_r1,INF_kr,INF_sk,SUP_avg,SUP_sd,SUP_r1,SUP_kr,SUP_sk,INC_avg,INC_sd,INC_r1,INC_kr,INC_sk,IND_avg,IND_sd,IND_r1,IND_kr,IND_sk
468,0.3040000000,0.0422374242,-0.0201742320,1.7826720827,-0.1203956419,0.2540000000,0.0185472370,0.5081967213,1.5091941590,0.1579875514,0.4420000000,0.0292574777,-0.2722170253,1.3093283256,0.0900800147,0.4420000000,0.0292574777,-0.2722170253,1.3093283256,0.0900800147
