Instance,INF_avg,INF_sd,INF_r1,INF_kr,INF_sk,SUP_avg,SUP_sd,SUP_r1,SUP_kr,SUP_sk,INC_avg,INC_sd,INC_r1,INC_kr,INC_sk,IND_avg,IND_sd,IND_r1,IND_kr,IND_sk
344,0.2480000000,0.0448998886,-0.7181069959,1.6957671958,0.5557336935,0.2080000000,0.0324961536,0.2484662577,2.2685950413,0.1790421687,0.5440000000,0.0496386946,-0.3240418118,2.0324675325,-0.6216348580,0.5440000000,0.0496386946,-0.3240418118,2.0324675325,-0.6216348580
