Instance,INF_avg,INF_sd,INF_r1,INF_kr,INF_sk,SUP_avg,SUP_sd,SUP_r1,SUP_kr,SUP_sk,INC_avg,INC_sd,INC_r1,INC_kr,INC_sk,IND_avg,IND_sd,IND_r1,IND_kr,IND_sk
194,0.2560000000,0.0903548560,-0.1154829921,3.0302265104,0.4105322417,0.2620000000,0.0815843122,-0.2328051097,2.2390013926,0.1356401184,0.4820000000,0.1107971119,-0.1797926141,2.5676112814,0.1828745735,0.4820000000,0.1107971119,-0.1797926141,2.5676112814,0.1828745735
