Instance,INF_avg,INF_sd,INF_r1,INF_kr,INF_sk,SUP_avg,SUP_sd,SUP_r1,SUP_kr,SUP_sk,INC_avg,INC_sd,INC_r1,INC_kr,INC_sk,IND_avg,IND_sd,IND_r1,IND_kr,IND_sk
227,0.2744000000,0.0517748974,0.0072948067,1.8157482297,-0.1296177680,0.3528000000,0.0488688040,0.0365986826,3.9465311554,1.0292269966,0.3728000000,0.0566053001,0.4161323255,3.1467175215,-0.2409235736,0.3728000000,0.0566053001,0.4161323255,3.1467175215,-0.2409235736
