Instance,INF_avg,INF_sd,INF_r1,INF_kr,INF_sk,SUP_avg,SUP_sd,SUP_r1,SUP_kr,SUP_sk,INC_avg,INC_sd,INC_r1,INC_kr,INC_sk,IND_avg,IND_sd,IND_r1,IND_kr,IND_sk
135,0.5590654206,0.1283870660,0.8768783616,2.2473598008,-0.4007600246,0.1232710280,0.0882623077,0.8344373870,2.1383570820,0.5291928029,0.3176635514,0.0586703039,0.4272814515,2.8408078889,0.3688251438,0.3176635514,0.0586703039,0.4272814515,2.8408078889,0.3688251438
