Instance,INF_avg,INF_sd,INF_r1,INF_kr,INF_sk,SUP_avg,SUP_sd,SUP_r1,SUP_kr,SUP_sk,INC_avg,INC_sd,INC_r1,INC_kr,INC_sk,IND_avg,IND_sd,IND_r1,IND_kr,IND_sk
40,0.2586000000,0.0386139871,0.3253666439,2.6147509981,0.2801582664,0.2374000000,0.0368000000,0.2298806315,3.0342231727,-0.0273768184,0.5040000000,0.0374165739,-0.2443017288,2.3976163265,-0.1321797742,0.5040000000,0.0374165739,-0.2443017288,2.3976163265,-0.1321797742
