Instance,INF_avg,INF_sd,INF_r1,INF_kr,INF_sk,SUP_avg,SUP_sd,SUP_r1,SUP_kr,SUP_sk,INC_avg,INC_sd,INC_r1,INC_kr,INC_sk,IND_avg,IND_sd,IND_r1,IND_kr,IND_sk
343,0.3160000000,0.1316966211,0.2097925279,2.3508088125,0.1240691163,0.2160000000,0.1474584687,0.0184234370,3.3776442554,0.8458848984,0.4680000000,0.1489160838,-0.0349799307,2.8875708226,0.0126164201,0.4680000000,0.1489160838,-0.0349799307,2.8875708226,0.0126164201
