Instance,INF_avg,INF_sd,INF_r1,INF_kr,INF_sk,SUP_avg,SUP_sd,SUP_r1,SUP_kr,SUP_sk,INC_avg,INC_sd,INC_r1,INC_kr,INC_sk,IND_avg,IND_sd,IND_r1,IND_kr,IND_sk
105,0.2226000000,0.0632237297,-0.0251532930,3.7027936641,0.5739304770,0.2618000000,0.0648132702,0.0406652678,2.9042095304,0.0991315986,0.5156000000,0.0718097486,-0.0081141807,3.1407149959,0.4009560517,0.5156000000,0.0718097486,-0.0081141807,3.1407149959,0.4009560517
