Instance,INF_avg,INF_sd,INF_r1,INF_kr,INF_sk,SUP_avg,SUP_sd,SUP_r1,SUP_kr,SUP_sk,INC_avg,INC_sd,INC_r1,INC_kr,INC_sk,IND_avg,IND_sd,IND_r1,IND_kr,IND_sk
203,0.2596000000,0.0689335912,0.0801398513,2.7937332267,0.2484489105,0.2926000000,0.0688566627,0.1869351577,2.2024228880,0.1469701511,0.4478000000,0.0855520894,0.1493915827,2.9141844729,-0.1282446764,0.4478000000,0.0855520894,0.1493915827,2.9141844729,-0.1282446764
