Instance,INF_avg,INF_sd,INF_r1,INF_kr,INF_sk,SUP_avg,SUP_sd,SUP_r1,SUP_kr,SUP_sk,INC_avg,INC_sd,INC_r1,INC_kr,INC_sk,IND_avg,IND_sd,IND_r1,IND_kr,IND_sk
173,0.2680000000,0.0102956301,-0.3948497854,1.7481310075,0.6817327185,0.2460000000,0.0356931366,0.6119356834,1.6450997982,-0.4694648187,0.4860000000,0.0369323706,0.7081497797,2.0369901360,0.7946680137,0.4860000000,0.0369323706,0.7081497797,2.0369901360,0.7946680137
