Instance,INF_avg,INF_sd,INF_r1,INF_kr,INF_sk,SUP_avg,SUP_sd,SUP_r1,SUP_kr,SUP_sk,INC_avg,INC_sd,INC_r1,INC_kr,INC_sk,IND_avg,IND_sd,IND_r1,IND_kr,IND_sk
20,0.2873000000,0.0348168063,-0.1654890744,4.6685913772,-1.0557663688,0.1824000000,0.0282177249,-0.0964321665,2.9750490977,0.6909022536,0.5303000000,0.0319282007,-0.0700981671,3.2069394095,0.4633168793,0.5303000000,0.0319282007,-0.0700981671,3.2069394095,0.4633168793
