Instance,INF_avg,INF_sd,INF_r1,INF_kr,INF_sk,SUP_avg,SUP_sd,SUP_r1,SUP_kr,SUP_sk,INC_avg,INC_sd,INC_r1,INC_kr,INC_sk,IND_avg,IND_sd,IND_r1,IND_kr,IND_sk
241,0.5331600000,0.1285885469,0.9103982468,2.9123877748,-0.8164243672,0.0824400000,0.0636384035,0.8618112938,3.5248788562,1.1420961504,0.3844000000,0.0712898310,0.8115613839,2.6368931090,0.4407064478,0.3844000000,0.0712898310,0.8115613839,2.6368931090,0.4407064478
