Instance,INF_avg,INF_sd,INF_r1,INF_kr,INF_sk,SUP_avg,SUP_sd,SUP_r1,SUP_kr,SUP_sk,INC_avg,INC_sd,INC_r1,INC_kr,INC_sk,IND_avg,IND_sd,IND_r1,IND_kr,IND_sk
394,0.3762745098,0.1215659392,0.9060516822,1.9824842111,0.0602931306,0.1202941176,0.0895791454,0.9022303245,2.2441756541,0.6550050398,0.5034313725,0.0589365744,0.5530264004,3.5000775970,0.0612840740,0.5034313725,0.0589365744,0.5530264004,3.5000775970,0.0612840740
