Instance,INF_avg,INF_sd,INF_r1,INF_kr,INF_sk,SUP_avg,SUP_sd,SUP_r1,SUP_kr,SUP_sk,INC_avg,INC_sd,INC_r1,INC_kr,INC_sk,IND_avg,IND_sd,IND_r1,IND_kr,IND_sk
171,0.2380000000,0.0412795349,-0.0936618394,2.3354823778,0.0573213141,0.2616000000,0.0391591624,-0.0123315855,2.7977657270,-0.1559514514,0.5004000000,0.0421881500,0.1347622685,2.8241299316,-0.2836115958,0.5004000000,0.0421881500,0.1347622685,2.8241299316,-0.2836115958
