Instance,INF_avg,INF_sd,INF_r1,INF_kr,INF_sk,SUP_avg,SUP_sd,SUP_r1,SUP_kr,SUP_sk,INC_avg,INC_sd,INC_r1,INC_kr,INC_sk,IND_avg,IND_sd,IND_r1,IND_kr,IND_sk
340,0.1400000000,0.0800000000,-0.3245033113,2.6640625000,0.3281250000,0.3800000000,0.1469693846,-0.6339869281,1.7325102881,0.1587632241,0.4800000000,0.1536229150,-0.7148014440,1.3234702672,-0.1588746032,0.4800000000,0.1536229150,-0.7148014440,1.3234702672,-0.1588746032
