Instance,INF_avg,INF_sd,INF_r1,INF_kr,INF_sk,SUP_avg,SUP_sd,SUP_r1,SUP_kr,SUP_sk,INC_avg,INC_sd,INC_r1,INC_kr,INC_sk,IND_avg,IND_sd,IND_r1,IND_kr,IND_sk
95,0.2280000000,0.0172046505,0.1468388851,1.4295562454,0.0459492356,0.2860000000,0.0367967390,-0.0230974237,2.6844264709,1.0780609804,0.4860000000,0.0312089731,-0.4078866297,2.5691827347,-0.7467051667,0.4860000000,0.0312089731,-0.4078866297,2.5691827347,-0.7467051667
