Instance,INF_avg,INF_sd,INF_r1,INF_kr,INF_sk,SUP_avg,SUP_sd,SUP_r1,SUP_kr,SUP_sk,INC_avg,INC_sd,INC_r1,INC_kr,INC_sk,IND_avg,IND_sd,IND_r1,IND_kr,IND_sk
360,0.2900000000,0.0860232527,-0.1842105263,2.6519357195,1.0179522960,0.2400000000,0.0583095189,-0.3017751479,1.6280276817,-0.3631734744,0.4700000000,0.0979795897,-1.2774869110,2.4361979167,-0.5677202789,0.4700000000,0.0979795897,-1.2774869110,2.4361979167,-0.5677202789
