Instance,INF_avg,INF_sd,INF_r1,INF_kr,INF_sk,SUP_avg,SUP_sd,SUP_r1,SUP_kr,SUP_sk,INC_avg,INC_sd,INC_r1,INC_kr,INC_sk,IND_avg,IND_sd,IND_r1,IND_kr,IND_sk
275,0.3878164557,0.0859605693,0.6831802023,2.5108039776,0.0431750110,0.1222784810,0.0787754278,0.8341206099,2.7522729300,0.6738692360,0.4899050633,0.0506257412,0.0357521538,2.7309010475,-0.0301532502,0.4899050633,0.0506257412,0.0357521538,2.7309010475,-0.0301532502
