Instance,INF_avg,INF_sd,INF_r1,INF_kr,INF_sk,SUP_avg,SUP_sd,SUP_r1,SUP_kr,SUP_sk,INC_avg,INC_sd,INC_r1,INC_kr,INC_sk,IND_avg,IND_sd,IND_r1,IND_kr,IND_sk
43,0.2000000000,0.0707106781,-0.2222222222,1.7000000000,-0.0000000000,0.3200000000,0.0748331477,0.0590405904,2.1339285714,0.7301958931,0.4800000000,0.0812403840,-0.4417177914,2.2685950413,-0.1790421687,0.4800000000,0.0812403840,-0.4417177914,2.2685950413,-0.1790421687
