Instance,INF_avg,INF_sd,INF_r1,INF_kr,INF_sk,SUP_avg,SUP_sd,SUP_r1,SUP_kr,SUP_sk,INC_avg,INC_sd,INC_r1,INC_kr,INC_sk,IND_avg,IND_sd,IND_r1,IND_kr,IND_sk
146,0.2440000000,0.0280000000,0.0064446831,1.9380466472,0.5160349854,0.2640000000,0.0382622529,-0.0755258126,2.4835169757,-0.3076267313,0.4920000000,0.0365513338,0.2676973149,1.3614866076,-0.0619258676,0.4920000000,0.0365513338,0.2676973149,1.3614866076,-0.0619258676
