Instance,INF_avg,INF_sd,INF_r1,INF_kr,INF_sk,SUP_avg,SUP_sd,SUP_r1,SUP_kr,SUP_sk,INC_avg,INC_sd,INC_r1,INC_kr,INC_sk,IND_avg,IND_sd,IND_r1,IND_kr,IND_sk
109,0.2656000000,0.0622305391,0.1876481954,2.5988934578,0.3958731429,0.2340000000,0.0580000000,0.1709844560,3.0042048351,0.2696297511,0.5004000000,0.0787390627,0.1982603600,3.4034422546,-0.1663353751,0.5004000000,0.0787390627,0.1982603600,3.4034422546,-0.1663353751
