Instance,INF_avg,INF_sd,INF_r1,INF_kr,INF_sk,SUP_avg,SUP_sd,SUP_r1,SUP_kr,SUP_sk,INC_avg,INC_sd,INC_r1,INC_kr,INC_sk,IND_avg,IND_sd,IND_r1,IND_kr,IND_sk
422,0.2050000000,0.1273773920,0.1601917672,3.2965187642,0.9769205847,0.2500000000,0.0547722558,-0.1818181818,2.5000000000,-0.9128709292,0.5450000000,0.1059481005,0.0890363928,1.9488841821,-0.2472110083,0.5450000000,0.1059481005,0.0890363928,1.9488841821,-0.2472110083
