Instance,INF_avg,INF_sd,INF_r1,INF_kr,INF_sk,SUP_avg,SUP_sd,SUP_r1,SUP_kr,SUP_sk,INC_avg,INC_sd,INC_r1,INC_kr,INC_sk,IND_avg,IND_sd,IND_r1,IND_kr,IND_sk
137,0.2670000000,0.1483610461,0.2503930776,2.8137509114,0.4853742471,0.2310000000,0.1383437747,-0.0633065481,4.0829938394,0.7252473446,0.5020000000,0.1649120978,0.0668195712,3.3018100847,-0.6339389231,0.5020000000,0.1649120978,0.0668195712,3.3018100847,-0.6339389231
