Instance,INF_avg,INF_sd,INF_r1,INF_kr,INF_sk,SUP_avg,SUP_sd,SUP_r1,SUP_kr,SUP_sk,INC_avg,INC_sd,INC_r1,INC_kr,INC_sk,IND_avg,IND_sd,IND_r1,IND_kr,IND_sk
394,0.2524000000,0.0550839360,0.0794413161,2.4679725762,0.0831627627,0.2852000000,0.0441923070,-0.2866443624,2.2221951937,0.1880894970,0.4624000000,0.0512468536,-0.0537250820,2.9373741228,-0.3670705348,0.4624000000,0.0512468536,-0.0537250820,2.9373741228,-0.3670705348
