Instance,INF_avg,INF_sd,INF_r1,INF_kr,INF_sk,SUP_avg,SUP_sd,SUP_r1,SUP_kr,SUP_sk,INC_avg,INC_sd,INC_r1,INC_kr,INC_sk,IND_avg,IND_sd,IND_r1,IND_kr,IND_sk
178,0.1880000000,0.1305986217,-0.4125854098,2.4769368050,0.3303018058,0.2520000000,0.1236769987,0.0002662998,3.8166698762,0.5884541464,0.5600000000,0.1442220510,-0.2152777778,2.9571005917,-0.4800290160,0.5600000000,0.1442220510,-0.2152777778,2.9571005917,-0.4800290160
