Instance,INF_avg,INF_sd,INF_r1,INF_kr,INF_sk,SUP_avg,SUP_sd,SUP_r1,SUP_kr,SUP_sk,INC_avg,INC_sd,INC_r1,INC_kr,INC_sk,IND_avg,IND_sd,IND_r1,IND_kr,IND_sk
442,0.2860000000,0.1109233970,0.1620654027,3.0403564828,0.4649115720,0.1900000000,0.0806225775,-0.0687616677,2.6042603550,-0.0744208408,0.5240000000,0.1304760514,0.1150161547,3.2645140076,0.0362178642,0.5240000000,0.1304760514,0.1150161547,3.2645140076,0.0362178642
