Instance,INF_avg,INF_sd,INF_r1,INF_kr,INF_sk,SUP_avg,SUP_sd,SUP_r1,SUP_kr,SUP_sk,INC_avg,INC_sd,INC_r1,INC_kr,INC_sk,IND_avg,IND_sd,IND_r1,IND_kr,IND_sk
315,0.3000000000,0.0632455532,0.0000000000,1.5625000000,0.5929270613,0.2100000000,0.0583095189,-0.0946745562,2.6660899654,-1.1500493357,0.4900000000,0.1067707825,-0.0486891386,1.7206832872,0.1380231722,0.4900000000,0.1067707825,-0.0486891386,1.7206832872,0.1380231722
