Instance,INF_avg,INF_sd,INF_r1,INF_kr,INF_sk,SUP_avg,SUP_sd,SUP_r1,SUP_kr,SUP_sk,INC_avg,INC_sd,INC_r1,INC_kr,INC_sk,IND_avg,IND_sd,IND_r1,IND_kr,IND_sk
44,0.2320000000,0.0299332591,0.3290043290,2.1339285714,-0.7301958931,0.2000000000,0.0282842712,-0.3000000000,1.7000000000,-0.0000000000,0.5680000000,0.0483321839,0.1336270191,1.8297053856,0.1224403232,0.5680000000,0.0483321839,0.1336270191,1.8297053856,0.1224403232
