Instance,INF_avg,INF_sd,INF_r1,INF_kr,INF_sk,SUP_avg,SUP_sd,SUP_r1,SUP_kr,SUP_sk,INC_avg,INC_sd,INC_r1,INC_kr,INC_sk,IND_avg,IND_sd,IND_r1,IND_kr,IND_sk
389,0.2436000000,0.0333322666,0.1071970400,2.7407025864,0.2733772678,0.3090000000,0.0252982213,0.0153608844,2.9682812500,-0.0830097886,0.4474000000,0.0341209613,-0.1805036021,2.5305024733,0.0023574079,0.4474000000,0.0341209613,-0.1805036021,2.5305024733,0.0023574079
