Instance,INF_avg,INF_sd,INF_r1,INF_kr,INF_sk,SUP_avg,SUP_sd,SUP_r1,SUP_kr,SUP_sk,INC_avg,INC_sd,INC_r1,INC_kr,INC_sk,IND_avg,IND_sd,IND_r1,IND_kr,IND_sk
389,0.2490000000,0.0323882695,0.0143828743,1.5228057772,0.2133314830,0.2390000000,0.0230000000,0.2725865738,1.6572875311,-0.3708391551,0.5120000000,0.0404474968,0.1653826400,1.9664935049,-0.2089097821,0.5120000000,0.0404474968,0.1653826400,1.9664935049,-0.2089097821
