Instance,INF_avg,INF_sd,INF_r1,INF_kr,INF_sk,SUP_avg,SUP_sd,SUP_r1,SUP_kr,SUP_sk,INC_avg,INC_sd,INC_r1,INC_kr,INC_sk,IND_avg,IND_sd,IND_r1,IND_kr,IND_sk
102,0.2650000000,0.1359227722,0.1557299799,3.0349116771,0.1484365943,0.2340000000,0.1266649123,0.0520260693,2.5475714038,0.3169984464,0.5010000000,0.1627851345,0.1916251740,2.3383736966,0.1647104209,0.5010000000,0.1627851345,0.1916251740,2.3383736966,0.1647104209
