Instance,INF_avg,INF_sd,INF_r1,INF_kr,INF_sk,SUP_avg,SUP_sd,SUP_r1,SUP_kr,SUP_sk,INC_avg,INC_sd,INC_r1,INC_kr,INC_sk,IND_avg,IND_sd,IND_r1,IND_kr,IND_sk
188,0.2740000000,0.0917823512,0.1972421598,2.6712032911,0.3131867277,0.2645000000,0.0936202435,-0.0388470773,3.2373290765,-0.2596589666,0.4615000000,0.1065023474,0.1177697869,2.1482378905,0.1580294603,0.4615000000,0.1065023474,0.1177697869,2.1482378905,0.1580294603
