Instance,INF_avg,INF_sd,INF_r1,INF_kr,INF_sk,SUP_avg,SUP_sd,SUP_r1,SUP_kr,SUP_sk,INC_avg,INC_sd,INC_r1,INC_kr,INC_sk,IND_avg,IND_sd,IND_r1,IND_kr,IND_sk
360,0.3300000000,0.1100000000,-0.2919896641,2.7441431596,-0.6130728775,0.2000000000,0.1000000000,0.0000000000,3.4000000000,-0.0000000000,0.4700000000,0.1268857754,-0.6677076827,1.9728019752,0.2819575118,0.4700000000,0.1268857754,-0.6677076827,1.9728019752,0.2819575118
