Instance,INF_avg,INF_sd,INF_r1,INF_kr,INF_sk,SUP_avg,SUP_sd,SUP_r1,SUP_kr,SUP_sk,INC_avg,INC_sd,INC_r1,INC_kr,INC_sk,IND_avg,IND_sd,IND_r1,IND_kr,IND_sk
388,0.2140000000,0.0410365691,0.0651285749,3.1955190955,0.4070293465,0.2460000000,0.0566038868,0.3136829938,1.9465321906,-0.4382912582,0.5400000000,0.0800000000,0.3333333333,2.3078125000,-0.4218750000,0.5400000000,0.0800000000,0.3333333333,2.3078125000,-0.4218750000
