Instance,INF_avg,INF_sd,INF_r1,INF_kr,INF_sk,SUP_avg,SUP_sd,SUP_r1,SUP_kr,SUP_sk,INC_avg,INC_sd,INC_r1,INC_kr,INC_sk,IND_avg,IND_sd,IND_r1,IND_kr,IND_sk
116,0.2640000000,0.0454312668,-0.3210286188,1.7627095727,0.0081902410,0.2220000000,0.0453431362,-0.7847411444,1.7894366304,0.1400475372,0.5140000000,0.0313687743,0.2449355433,2.3762641285,0.7946382936,0.5140000000,0.0313687743,0.2449355433,2.3762641285,0.7946382936
