Instance,INF_avg,INF_sd,INF_r1,INF_kr,INF_sk,SUP_avg,SUP_sd,SUP_r1,SUP_kr,SUP_sk,INC_avg,INC_sd,INC_r1,INC_kr,INC_sk,IND_avg,IND_sd,IND_r1,IND_kr,IND_sk
275,0.2544000000,0.0575555384,0.0272978779,2.9350674645,0.8198223518,0.2824000000,0.0596845039,0.1269031338,3.3322787511,-0.0981228554,0.4632000000,0.0766665507,0.2491518440,4.3456780141,-0.6379974805,0.4632000000,0.0766665507,0.2491518440,4.3456780141,-0.6379974805
