Instance,INF_avg,INF_sd,INF_r1,INF_kr,INF_sk,SUP_avg,SUP_sd,SUP_r1,SUP_kr,SUP_sk,INC_avg,INC_sd,INC_r1,INC_kr,INC_sk,IND_avg,IND_sd,IND_r1,IND_kr,IND_sk
60,0.2260000000,0.0135646600,0.1988950276,1.2296786389,-0.2115471545,0.2580000000,0.0749399760,-0.2729587198,1.2782221735,-0.2283308860,0.5160000000,0.0621610811,-0.3741460851,1.2836889009,0.3115528124,0.5160000000,0.0621610811,-0.3741460851,1.2836889009,0.3115528124
