Instance,INF_avg,INF_sd,INF_r1,INF_kr,INF_sk,SUP_avg,SUP_sd,SUP_r1,SUP_kr,SUP_sk,INC_avg,INC_sd,INC_r1,INC_kr,INC_sk,IND_avg,IND_sd,IND_r1,IND_kr,IND_sk
313,0.2700000000,0.1029563014,0.1429924242,2.9763260947,0.8301745201,0.2300000000,0.1053565375,0.2136025505,1.5653761870,0.2770515231,0.5000000000,0.1204159458,0.2040816327,1.7776456599,-0.1288636756,0.5000000000,0.1204159458,0.2040816327,1.7776456599,-0.1288636756
