Instance,INF_avg,INF_sd,INF_r1,INF_kr,INF_sk,SUP_avg,SUP_sd,SUP_r1,SUP_kr,SUP_sk,INC_avg,INC_sd,INC_r1,INC_kr,INC_sk,IND_avg,IND_sd,IND_r1,IND_kr,IND_sk
90,0.2438000000,0.0362844319,0.0235727866,2.3297114542,0.7661892402,0.2758000000,0.0314222851,-0.2226146066,2.4729210374,0.0141763893,0.4804000000,0.0377602966,-0.0188185529,2.6255755753,-0.2004280029,0.4804000000,0.0377602966,-0.0188185529,2.6255755753,-0.2004280029
