Instance,INF_avg,INF_sd,INF_r1,INF_kr,INF_sk,SUP_avg,SUP_sd,SUP_r1,SUP_kr,SUP_sk,INC_avg,INC_sd,INC_r1,INC_kr,INC_sk,IND_avg,IND_sd,IND_r1,IND_kr,IND_sk
76,0.2432000000,0.0804348183,0.3452685628,2.7376378071,-0.0173377566,0.2480000000,0.0788923317,0.1797980877,2.5483508568,0.0473131892,0.5088000000,0.0803153784,0.2843267407,2.2995242732,0.0232855223,0.5088000000,0.0803153784,0.2843267407,2.2995242732,0.0232855223
