Instance,INF_avg,INF_sd,INF_r1,INF_kr,INF_sk,SUP_avg,SUP_sd,SUP_r1,SUP_kr,SUP_sk,INC_avg,INC_sd,INC_r1,INC_kr,INC_sk,IND_avg,IND_sd,IND_r1,IND_kr,IND_sk
142,0.2500000000,0.0921954446,0.0294117647,3.0968858131,0.4785230687,0.2950000000,0.0906917857,-0.0413379615,2.6697554531,-0.7560930465,0.4550000000,0.1490805152,0.1207663360,3.2588492524,1.0575512990,0.4550000000,0.1490805152,0.1207663360,3.2588492524,1.0575512990
