Instance,INF_avg,INF_sd,INF_r1,INF_kr,INF_sk,SUP_avg,SUP_sd,SUP_r1,SUP_kr,SUP_sk,INC_avg,INC_sd,INC_r1,INC_kr,INC_sk,IND_avg,IND_sd,IND_r1,IND_kr,IND_sk
442,0.3500000000,0.1024695077,0.2195121951,4.0476190476,1.1153143691,0.2100000000,0.1220655562,-0.6118200134,2.2114769605,0.1385546604,0.4400000000,0.1743559577,-0.1984021305,1.7957063712,0.0543353054,0.4400000000,0.1743559577,-0.1984021305,1.7957063712,0.0543353054
