Instance,INF_avg,INF_sd,INF_r1,INF_kr,INF_sk,SUP_avg,SUP_sd,SUP_r1,SUP_kr,SUP_sk,INC_avg,INC_sd,INC_r1,INC_kr,INC_sk,IND_avg,IND_sd,IND_r1,IND_kr,IND_sk
66,0.2430000000,0.0479687398,0.0832171530,1.8696587335,-0.5711020497,0.2890000000,0.0448218697,0.1464341832,3.0972264927,0.9653610733,0.4680000000,0.0489489530,0.2147048671,2.2726999089,0.1669825850,0.4680000000,0.0489489530,0.2147048671,2.2726999089,0.1669825850
