Instance,INF_avg,INF_sd,INF_r1,INF_kr,INF_sk,SUP_avg,SUP_sd,SUP_r1,SUP_kr,SUP_sk,INC_avg,INC_sd,INC_r1,INC_kr,INC_sk,IND_avg,IND_sd,IND_r1,IND_kr,IND_sk
305,0.4323809524,0.1428253933,0.7608382688,2.4958598387,-0.2633242707,0.1233333333,0.0925734372,0.5772441579,4.3467121106,1.1209727832,0.4442857143,0.0908725653,0.3782519404,2.4459203954,0.1241693151,0.4442857143,0.0908725653,0.3782519404,2.4459203954,0.1241693151
