Instance,INF_avg,INF_sd,INF_r1,INF_kr,INF_sk,SUP_avg,SUP_sd,SUP_r1,SUP_kr,SUP_sk,INC_avg,INC_sd,INC_r1,INC_kr,INC_sk,IND_avg,IND_sd,IND_r1,IND_kr,IND_sk
474,0.2240000000,0.1289340917,-0.2308818430,2.6506543180,0.6108275600,0.2080000000,0.1339253523,0.2443706955,2.7932217714,0.5532793110,0.5680000000,0.1348183964,-0.0614953469,2.8475578382,-0.2376436247,0.5680000000,0.1348183964,-0.0614953469,2.8475578382,-0.2376436247
