Instance,INF_avg,INF_sd,INF_r1,INF_kr,INF_sk,SUP_avg,SUP_sd,SUP_r1,SUP_kr,SUP_sk,INC_avg,INC_sd,INC_r1,INC_kr,INC_sk,IND_avg,IND_sd,IND_r1,IND_kr,IND_sk
289,0.2458000000,0.0466085829,0.3065950675,2.9209917087,0.3848452835,0.2623000000,0.0624476581,0.4140733730,2.5270480419,-0.0590904552,0.4919000000,0.0556542002,0.2554641260,2.5198200965,0.1638679963,0.4919000000,0.0556542002,0.2554641260,2.5198200965,0.1638679963
