Instance,INF_avg,INF_sd,INF_r1,INF_kr,INF_sk,SUP_avg,SUP_sd,SUP_r1,SUP_kr,SUP_sk,INC_avg,INC_sd,INC_r1,INC_kr,INC_sk,IND_avg,IND_sd,IND_r1,IND_kr,IND_sk
245,0.2820000000,0.0876127845,0.1308232491,2.3220435452,0.0897168601,0.2460000000,0.0984073168,0.0874410951,3.1158123339,0.2216969776,0.4720000000,0.1035181144,0.0680271092,2.8185539138,-0.2460145786,0.4720000000,0.1035181144,0.0680271092,2.8185539138,-0.2460145786
