Instance,INF_avg,INF_sd,INF_r1,INF_kr,INF_sk,SUP_avg,SUP_sd,SUP_r1,SUP_kr,SUP_sk,INC_avg,INC_sd,INC_r1,INC_kr,INC_sk,IND_avg,IND_sd,IND_r1,IND_kr,IND_sk
446,0.3833333333,0.1343709625,0.7285067873,1.8482840237,0.3053162698,0.1666666667,0.1374368542,-0.6363636364,1.9204152249,0.6134724633,0.4500000000,0.2061552813,0.0693069307,1.8858131488,-0.4565376471,0.4500000000,0.2061552813,0.0693069307,1.8858131488,-0.4565376471
