Instance,INF_avg,INF_sd,INF_r1,INF_kr,INF_sk,SUP_avg,SUP_sd,SUP_r1,SUP_kr,SUP_sk,INC_avg,INC_sd,INC_r1,INC_kr,INC_sk,IND_avg,IND_sd,IND_r1,IND_kr,IND_sk
336,0.2757000000,0.0389102814,0.1972407402,2.8032552744,0.1080067228,0.2195500000,0.0415216510,0.3779209761,2.8780198320,0.2180099205,0.5047500000,0.0486897063,0.2094862924,2.6267394632,0.2524453471,0.5047500000,0.0486897063,0.2094862924,2.6267394632,0.2524453471
