Instance,INF_avg,INF_sd,INF_r1,INF_kr,INF_sk,SUP_avg,SUP_sd,SUP_r1,SUP_kr,SUP_sk,INC_avg,INC_sd,INC_r1,INC_kr,INC_sk,IND_avg,IND_sd,IND_r1,IND_kr,IND_sk
108,0.1600000000,0.1019803903,-0.1952191235,3.5088757396,1.4256134439,0.1800000000,0.1536229150,0.0831918506,2.7023843723,0.8340916670,0.6600000000,0.1685229955,0.1572237960,2.7528268201,-0.7371418468,0.6600000000,0.1685229955,0.1572237960,2.7528268201,-0.7371418468
