Instance,INF_avg,INF_sd,INF_r1,INF_kr,INF_sk,SUP_avg,SUP_sd,SUP_r1,SUP_kr,SUP_sk,INC_avg,INC_sd,INC_r1,INC_kr,INC_sk,IND_avg,IND_sd,IND_r1,IND_kr,IND_sk
267,0.4531111111,0.1272324596,0.7637653022,2.5305760540,-0.5044904580,0.1677777778,0.0960876657,0.6457149536,3.2232083123,0.8049725057,0.3791111111,0.0755960676,0.2661947201,3.7093230293,0.4109849975,0.3791111111,0.0755960676,0.2661947201,3.7093230293,0.4109849975
