Instance,INF_avg,INF_sd,INF_r1,INF_kr,INF_sk,SUP_avg,SUP_sd,SUP_r1,SUP_kr,SUP_sk,INC_avg,INC_sd,INC_r1,INC_kr,INC_sk,IND_avg,IND_sd,IND_r1,IND_kr,IND_sk
36,0.3050000000,0.0722841615,-0.5892420538,6.5441954168,-2.1605320670,0.2050000000,0.0934077085,-0.0322786833,1.4047257412,0.2227042351,0.4900000000,0.1090871211,-0.3704396632,1.7913282960,-0.6101052182,0.4900000000,0.1090871211,-0.3704396632,1.7913282960,-0.6101052182
