Instance,INF_avg,INF_sd,INF_r1,INF_kr,INF_sk,SUP_avg,SUP_sd,SUP_r1,SUP_kr,SUP_sk,INC_avg,INC_sd,INC_r1,INC_kr,INC_sk,IND_avg,IND_sd,IND_r1,IND_kr,IND_sk
325,0.2456000000,0.0368597341,0.0658145018,2.7339849435,-0.3738239020,0.3124000000,0.0327756007,-0.2390844603,2.4947714724,-0.0411360080,0.4420000000,0.0329848450,0.1489557288,2.1092398356,0.0608568250,0.4420000000,0.0329848450,0.1489557288,2.1092398356,0.0608568250
