Instance,INF_avg,INF_sd,INF_r1,INF_kr,INF_sk,SUP_avg,SUP_sd,SUP_r1,SUP_kr,SUP_sk,INC_avg,INC_sd,INC_r1,INC_kr,INC_sk,IND_avg,IND_sd,IND_r1,IND_kr,IND_sk
117,0.3234375000,0.0999877922,-0.3115616707,1.9032117252,0.0224615333,0.1765625000,0.0838379902,0.1439408259,3.2649672003,0.2440370760,0.5000000000,0.1060660172,-0.2000000000,1.9814814815,0.0982092752,0.5000000000,0.1060660172,-0.2000000000,1.9814814815,0.0982092752
