Instance,INF_avg,INF_sd,INF_r1,INF_kr,INF_sk,SUP_avg,SUP_sd,SUP_r1,SUP_kr,SUP_sk,INC_avg,INC_sd,INC_r1,INC_kr,INC_sk,IND_avg,IND_sd,IND_r1,IND_kr,IND_sk
20,0.2460500000,0.0325291792,0.1191227946,3.2618247265,0.0341924710,0.2725000000,0.0360034721,0.1427190566,2.6938409048,0.0035354996,0.4814500000,0.0391298799,0.0569560408,4.4348170161,-0.5811665453,0.4814500000,0.0391298799,0.0569560408,4.4348170161,-0.5811665453
