Instance,INF_avg,INF_sd,INF_r1,INF_kr,INF_sk,SUP_avg,SUP_sd,SUP_r1,SUP_kr,SUP_sk,INC_avg,INC_sd,INC_r1,INC_kr,INC_sk,IND_avg,IND_sd,IND_r1,IND_kr,IND_sk
481,0.2960000000,0.0605309838,-0.3535536442,1.7415190404,-0.1116754578,0.1900000000,0.0560357029,0.1147540984,1.5556412025,-0.4364824114,0.5140000000,0.0769675256,-0.1215458415,2.3022279506,-0.2972920906,0.5140000000,0.0769675256,-0.1215458415,2.3022279506,-0.2972920906
