Instance,INF_avg,INF_sd,INF_r1,INF_kr,INF_sk,SUP_avg,SUP_sd,SUP_r1,SUP_kr,SUP_sk,INC_avg,INC_sd,INC_r1,INC_kr,INC_sk,IND_avg,IND_sd,IND_r1,IND_kr,IND_sk
36,0.3055555556,0.1271724794,0.2963879268,2.6962589593,0.4023373833,0.1981481481,0.1075669313,0.4860952429,2.4769090949,0.3157524464,0.4962962963,0.1254074293,0.0954243569,2.3421095775,-0.0146572055,0.4962962963,0.1254074293,0.0954243569,2.3421095775,-0.0146572055
