Instance,INF_avg,INF_sd,INF_r1,INF_kr,INF_sk,SUP_avg,SUP_sd,SUP_r1,SUP_kr,SUP_sk,INC_avg,INC_sd,INC_r1,INC_kr,INC_sk,IND_avg,IND_sd,IND_r1,IND_kr,IND_sk
231,0.3160000000,0.0307245830,0.6850998464,1.6197213444,-0.1588746032,0.2640000000,0.0624819974,0.4989657550,1.5414749059,-0.0135776814,0.4200000000,0.0394968353,0.1282051282,2.5000000000,-0.6816514971,0.4200000000,0.0394968353,0.1282051282,2.5000000000,-0.6816514971
