Instance,INF_avg,INF_sd,INF_r1,INF_kr,INF_sk,SUP_avg,SUP_sd,SUP_r1,SUP_kr,SUP_sk,INC_avg,INC_sd,INC_r1,INC_kr,INC_sk,IND_avg,IND_sd,IND_r1,IND_kr,IND_sk
338,0.2420000000,0.0901997783,-0.3709096466,2.7349179001,0.1986413323,0.3060000000,0.0852291030,-0.1688485172,4.4556014574,0.4426266178,0.4520000000,0.0842377588,-0.1043171470,3.3793343408,0.0876886665,0.4520000000,0.0842377588,-0.1043171470,3.3793343408,0.0876886665
