Instance,INF_avg,INF_sd,INF_r1,INF_kr,INF_sk,SUP_avg,SUP_sd,SUP_r1,SUP_kr,SUP_sk,INC_avg,INC_sd,INC_r1,INC_kr,INC_sk,IND_avg,IND_sd,IND_r1,IND_kr,IND_sk
59,0.2500000000,0.1204159458,0.3061224490,2.5980975030,0.6872729367,0.2300000000,0.1552417470,-0.2007684918,3.5718565452,1.2573082036,0.5200000000,0.1536229150,-0.1513859275,1.4958345303,-0.1721141535,0.5200000000,0.1536229150,-0.1513859275,1.4958345303,-0.1721141535
