Instance,INF_avg,INF_sd,INF_r1,INF_kr,INF_sk,SUP_avg,SUP_sd,SUP_r1,SUP_kr,SUP_sk,INC_avg,INC_sd,INC_r1,INC_kr,INC_sk,IND_avg,IND_sd,IND_r1,IND_kr,IND_sk
411,0.2080000000,0.0587877538,0.3674079611,2.1723251029,0.1436429170,0.2688000000,0.0788071063,-0.3980866688,2.8863919843,0.0199407865,0.5232000000,0.0952772796,0.0189298016,2.2114871336,-0.2347303272,0.5232000000,0.0952772796,0.0189298016,2.2114871336,-0.2347303272
