Instance,INF_avg,INF_sd,INF_r1,INF_kr,INF_sk,SUP_avg,SUP_sd,SUP_r1,SUP_kr,SUP_sk,INC_avg,INC_sd,INC_r1,INC_kr,INC_sk,IND_avg,IND_sd,IND_r1,IND_kr,IND_sk
180,0.2760000000,0.0773563184,0.0823970037,2.5660013155,-0.5947891022,0.2520000000,0.0815843122,-0.2018304432,2.5224898299,0.8549437766,0.4720000000,0.0240000000,-0.3157894737,3.2500000000,1.5000000000,0.4720000000,0.0240000000,-0.3157894737,3.2500000000,1.5000000000
