Instance,INF_avg,INF_sd,INF_r1,INF_kr,INF_sk,SUP_avg,SUP_sd,SUP_r1,SUP_kr,SUP_sk,INC_avg,INC_sd,INC_r1,INC_kr,INC_sk,IND_avg,IND_sd,IND_r1,IND_kr,IND_sk
371,0.2100000000,0.0800000000,-0.1936936937,2.7739257813,-0.1816406250,0.2600000000,0.0888819442,0.4023569024,2.1353949688,-0.1965343422,0.5300000000,0.1166190379,0.0972222222,3.8501297578,-1.0252084538,0.5300000000,0.1166190379,0.0972222222,3.8501297578,-1.0252084538
