Instance,INF_avg,INF_sd,INF_r1,INF_kr,INF_sk,SUP_avg,SUP_sd,SUP_r1,SUP_kr,SUP_sk,INC_avg,INC_sd,INC_r1,INC_kr,INC_sk,IND_avg,IND_sd,IND_r1,IND_kr,IND_sk
87,0.3395000000,0.0696580936,0.4261311347,2.1781493008,0.4453156061,0.2745000000,0.0432695043,0.5468251540,2.1489609874,0.6251718172,0.3860000000,0.0407921561,0.1089496507,2.6093294945,-0.8786774826,0.3860000000,0.0407921561,0.1089496507,2.6093294945,-0.8786774826
