Instance,INF_avg,INF_sd,INF_r1,INF_kr,INF_sk,SUP_avg,SUP_sd,SUP_r1,SUP_kr,SUP_sk,INC_avg,INC_sd,INC_r1,INC_kr,INC_sk,IND_avg,IND_sd,IND_r1,IND_kr,IND_sk
52,0.3357142857,0.1394230093,-0.5505744961,3.8658937318,1.2440795767,0.2142857143,0.1186660552,0.1120107962,1.9401386263,-0.0209366701,0.4500000000,0.1592392629,0.1111111111,1.9648879191,-0.0000000000,0.4500000000,0.1592392629,0.1111111111,1.9648879191,-0.0000000000
