Instance,INF_avg,INF_sd,INF_r1,INF_kr,INF_sk,SUP_avg,SUP_sd,SUP_r1,SUP_kr,SUP_sk,INC_avg,INC_sd,INC_r1,INC_kr,INC_sk,IND_avg,IND_sd,IND_r1,IND_kr,IND_sk
71,0.2496000000,0.0527241880,-0.0055351404,2.7860270045,0.4269501894,0.2576000000,0.0459808656,-0.3835894620,2.9908222446,0.3048549960,0.4928000000,0.0508739619,-0.3188667289,4.4268818222,-0.0428533303,0.4928000000,0.0508739619,-0.3188667289,4.4268818222,-0.0428533303
