Instance,INF_avg,INF_sd,INF_r1,INF_kr,INF_sk,SUP_avg,SUP_sd,SUP_r1,SUP_kr,SUP_sk,INC_avg,INC_sd,INC_r1,INC_kr,INC_sk,IND_avg,IND_sd,IND_r1,IND_kr,IND_sk
54,0.4356000000,0.1066163215,0.7594167211,2.0619927929,-0.0685378878,0.1036800000,0.0678767825,0.7838776519,2.6820308642,0.7691275334,0.4607200000,0.0598421390,0.3867854258,2.4045115381,0.0448740514,0.4607200000,0.0598421390,0.3867854258,2.4045115381,0.0448740514
