Instance,INF_avg,INF_sd,INF_r1,INF_kr,INF_sk,SUP_avg,SUP_sd,SUP_r1,SUP_kr,SUP_sk,INC_avg,INC_sd,INC_r1,INC_kr,INC_sk,IND_avg,IND_sd,IND_r1,IND_kr,IND_sk
180,0.2600000000,0.1104536102,-0.0108839050,2.2547702231,0.1358036191,0.2680000000,0.1038075142,0.0319108574,2.2129577730,0.3193764449,0.4720000000,0.1233531516,0.1775344084,2.1441161056,0.1598856391,0.4720000000,0.1233531516,0.1775344084,2.1441161056,0.1598856391
