Instance,INF_avg,INF_sd,INF_r1,INF_kr,INF_sk,SUP_avg,SUP_sd,SUP_r1,SUP_kr,SUP_sk,INC_avg,INC_sd,INC_r1,INC_kr,INC_sk,IND_avg,IND_sd,IND_r1,IND_kr,IND_sk
471,0.2420000000,0.0337045991,-0.6477809254,2.6300833168,-0.9251882364,0.2900000000,0.0428952212,-0.4819277108,1.7131379962,0.6385630752,0.4680000000,0.0549181209,-0.4371337240,2.0963385375,0.5065655599,0.4680000000,0.0549181209,-0.4371337240,2.0963385375,0.5065655599
