Instance,INF_avg,INF_sd,INF_r1,INF_kr,INF_sk,SUP_avg,SUP_sd,SUP_r1,SUP_kr,SUP_sk,INC_avg,INC_sd,INC_r1,INC_kr,INC_sk,IND_avg,IND_sd,IND_r1,IND_kr,IND_sk
377,0.2820000000,0.0229346899,-0.5861262666,1.2914817331,-0.1835265921,0.2360000000,0.0305614136,0.2736883320,2.3502813072,0.1444068096,0.4820000000,0.0290860791,-0.6672648959,1.1934929497,0.4050096194,0.4820000000,0.0290860791,-0.6672648959,1.1934929497,0.4050096194
