Instance,INF_avg,INF_sd,INF_r1,INF_kr,INF_sk,SUP_avg,SUP_sd,SUP_r1,SUP_kr,SUP_sk,INC_avg,INC_sd,INC_r1,INC_kr,INC_sk,IND_avg,IND_sd,IND_r1,IND_kr,IND_sk
25,0.2550000000,0.1525614630,0.0646740251,3.1017420027,0.5979523792,0.2390000000,0.1515882581,0.0326495095,5.1683118848,0.8905625455,0.5060000000,0.1642071862,0.0025827373,3.1700226718,-0.2316263608,0.5060000000,0.1642071862,0.0025827373,3.1700226718,-0.2316263608
