Instance,INF_avg,INF_sd,INF_r1,INF_kr,INF_sk,SUP_avg,SUP_sd,SUP_r1,SUP_kr,SUP_sk,INC_avg,INC_sd,INC_r1,INC_kr,INC_sk,IND_avg,IND_sd,IND_r1,IND_kr,IND_sk
389,0.2400000000,0.0521536192,-0.2000000000,2.8460207612,-1.2181208646,0.2080000000,0.0391918359,-0.1309523810,2.7291666667,0.8675276172,0.5520000000,0.0203960781,-0.1904761905,1.9556213018,-0.2715454179,0.5520000000,0.0203960781,-0.1904761905,1.9556213018,-0.2715454179
