Instance,INF_avg,INF_sd,INF_r1,INF_kr,INF_sk,SUP_avg,SUP_sd,SUP_r1,SUP_kr,SUP_sk,INC_avg,INC_sd,INC_r1,INC_kr,INC_sk,IND_avg,IND_sd,IND_r1,IND_kr,IND_sk
268,0.2340000000,0.0945727233,-0.1972417126,3.0751193673,0.4118987109,0.2810000000,0.1090366911,-0.0721344456,2.0994769156,0.0864219574,0.4850000000,0.0939414711,-0.2057139618,2.4658331260,0.0578987471,0.4850000000,0.0939414711,-0.2057139618,2.4658331260,0.0578987471
