Instance,INF_avg,INF_sd,INF_r1,INF_kr,INF_sk,SUP_avg,SUP_sd,SUP_r1,SUP_kr,SUP_sk,INC_avg,INC_sd,INC_r1,INC_kr,INC_sk,IND_avg,IND_sd,IND_r1,IND_kr,IND_sk
180,0.3257575758,0.0946454405,0.1482318629,3.9814826394,0.4456674194,0.1348484848,0.0848214243,0.2404896284,2.7758725451,0.7029660137,0.5393939394,0.0910856871,0.0186194697,1.9288083390,0.0451438126,0.5393939394,0.0910856871,0.0186194697,1.9288083390,0.0451438126
