Instance,INF_avg,INF_sd,INF_r1,INF_kr,INF_sk,SUP_avg,SUP_sd,SUP_r1,SUP_kr,SUP_sk,INC_avg,INC_sd,INC_r1,INC_kr,INC_sk,IND_avg,IND_sd,IND_r1,IND_kr,IND_sk
242,0.2471000000,0.0485035050,0.2656119160,3.9836473000,0.7748909358,0.2811000000,0.0477680856,0.1225831188,3.2406656270,0.0045759350,0.4718000000,0.0474843132,0.1457751386,2.4105921039,0.0745193070,0.4718000000,0.0474843132,0.1457751386,2.4105921039,0.0745193070
