Instance,INF_avg,INF_sd,INF_r1,INF_kr,INF_sk,SUP_avg,SUP_sd,SUP_r1,SUP_kr,SUP_sk,INC_avg,INC_sd,INC_r1,INC_kr,INC_sk,IND_avg,IND_sd,IND_r1,IND_kr,IND_sk
444,0.3232000000,0.0641074099,0.5042982333,1.7995261826,0.0043783095,0.2020000000,0.0434511220,-0.0119857191,2.3408323758,0.0778197611,0.4748000000,0.0548539880,0.2760958588,2.7071525886,0.6136217115,0.4748000000,0.0548539880,0.2760958588,2.7071525886,0.6136217115
