Instance,INF_avg,INF_sd,INF_r1,INF_kr,INF_sk,SUP_avg,SUP_sd,SUP_r1,SUP_kr,SUP_sk,INC_avg,INC_sd,INC_r1,INC_kr,INC_sk,IND_avg,IND_sd,IND_r1,IND_kr,IND_sk
95,0.2888000000,0.0690692406,0.1028990461,2.2424659277,0.1012924118,0.1884000000,0.0441977375,0.2504208954,2.6404420992,0.3180607173,0.5228000000,0.0664541948,0.2716650068,3.1509438166,-0.2993048374,0.5228000000,0.0664541948,0.2716650068,3.1509438166,-0.2993048374
