Instance,INF_avg,INF_sd,INF_r1,INF_kr,INF_sk,SUP_avg,SUP_sd,SUP_r1,SUP_kr,SUP_sk,INC_avg,INC_sd,INC_r1,INC_kr,INC_sk,IND_avg,IND_sd,IND_r1,IND_kr,IND_sk
66,0.2580000000,0.0305941171,-0.2691466083,2.8322375630,-1.1096485595,0.2690000000,0.0171464282,-0.5760111576,2.3328474247,0.9438510039,0.4730000000,0.0211187121,0.0585241730,2.6332823906,-0.7395732287,0.4730000000,0.0211187121,0.0585241730,2.6332823906,-0.7395732287
