Instance,INF_avg,INF_sd,INF_r1,INF_kr,INF_sk,SUP_avg,SUP_sd,SUP_r1,SUP_kr,SUP_sk,INC_avg,INC_sd,INC_r1,INC_kr,INC_sk,IND_avg,IND_sd,IND_r1,IND_kr,IND_sk
438,0.2360000000,0.0557135531,0.5155038760,1.5209374004,0.3730421773,0.2600000000,0.0809938269,-0.4615384615,3.1305770375,-1.4093214977,0.5040000000,0.0611882342,-0.5424610052,2.1747753671,-0.5665577237,0.5040000000,0.0611882342,-0.5424610052,2.1747753671,-0.5665577237
