Instance,INF_avg,INF_sd,INF_r1,INF_kr,INF_sk,SUP_avg,SUP_sd,SUP_r1,SUP_kr,SUP_sk,INC_avg,INC_sd,INC_r1,INC_kr,INC_sk,IND_avg,IND_sd,IND_r1,IND_kr,IND_sk
349,0.3371052632,0.0708039508,0.5382138743,2.5634738895,-0.1743532277,0.1215263158,0.0621059099,0.7387040373,3.7166968252,0.7504070946,0.5413684211,0.0497490656,0.1162805152,2.8778814638,0.0529633996,0.5413684211,0.0497490656,0.1162805152,2.8778814638,0.0529633996
