Instance,INF_avg,INF_sd,INF_r1,INF_kr,INF_sk,SUP_avg,SUP_sd,SUP_r1,SUP_kr,SUP_sk,INC_avg,INC_sd,INC_r1,INC_kr,INC_sk,IND_avg,IND_sd,IND_r1,IND_kr,IND_sk
301,0.2660000000,0.1290116274,0.0668644780,2.6603296272,0.2593954756,0.2320000000,0.1207311062,0.0244250978,3.1285953723,0.3227318734,0.5020000000,0.1593612249,-0.1349885183,2.2432037558,0.2044941556,0.5020000000,0.1593612249,-0.1349885183,2.2432037558,0.2044941556
