Instance,INF_avg,INF_sd,INF_r1,INF_kr,INF_sk,SUP_avg,SUP_sd,SUP_r1,SUP_kr,SUP_sk,INC_avg,INC_sd,INC_r1,INC_kr,INC_sk,IND_avg,IND_sd,IND_r1,IND_kr,IND_sk
154,0.3250000000,0.1170825919,-0.1397000789,2.7653569350,0.0739872071,0.1550000000,0.0693421469,0.0396067681,2.2948226198,-0.0667326182,0.5200000000,0.1126203060,-0.2496713121,2.6132051851,-0.1270651694,0.5200000000,0.1126203060,-0.2496713121,2.6132051851,-0.1270651694
