Instance,INF_avg,INF_sd,INF_r1,INF_kr,INF_sk,SUP_avg,SUP_sd,SUP_r1,SUP_kr,SUP_sk,INC_avg,INC_sd,INC_r1,INC_kr,INC_sk,IND_avg,IND_sd,IND_r1,IND_kr,IND_sk
266,0.1800000000,0.1326649916,-0.2949640288,2.2169421488,0.3700366502,0.3200000000,0.1166190379,-1.0149253731,1.6280276817,0.3631734744,0.5000000000,0.2190890230,-0.9333333333,1.5625000000,-0.1141088661,0.5000000000,0.2190890230,-0.9333333333,1.5625000000,-0.1141088661
