Instance,INF_avg,INF_sd,INF_r1,INF_kr,INF_sk,SUP_avg,SUP_sd,SUP_r1,SUP_kr,SUP_sk,INC_avg,INC_sd,INC_r1,INC_kr,INC_sk,IND_avg,IND_sd,IND_r1,IND_kr,IND_sk
205,0.2800000000,0.0366060104,-0.0977443609,2.2399198040,0.5137399549,0.1750000000,0.0393064880,-0.1135940410,2.4518490590,0.2371208627,0.5450000000,0.0598748695,-0.1566787004,2.3138892293,-0.1565328662,0.5450000000,0.0598748695,-0.1566787004,2.3138892293,-0.1565328662
