Instance,INF_avg,INF_sd,INF_r1,INF_kr,INF_sk,SUP_avg,SUP_sd,SUP_r1,SUP_kr,SUP_sk,INC_avg,INC_sd,INC_r1,INC_kr,INC_sk,IND_avg,IND_sd,IND_r1,IND_kr,IND_sk
198,0.2210000000,0.0165529454,0.7258979206,2.2340295168,0.7170091414,0.2580000000,0.0376297754,-0.6624239853,2.1929222924,-0.0271377235,0.5210000000,0.0417612260,-0.2611884635,1.7838000274,-0.0406142510,0.5210000000,0.0417612260,-0.2611884635,1.7838000274,-0.0406142510
