Instance,INF_avg,INF_sd,INF_r1,INF_kr,INF_sk,SUP_avg,SUP_sd,SUP_r1,SUP_kr,SUP_sk,INC_avg,INC_sd,INC_r1,INC_kr,INC_sk,IND_avg,IND_sd,IND_r1,IND_kr,IND_sk
336,0.2900000000,0.0969535971,-0.2082262211,1.4081032141,-0.3752617726,0.3200000000,0.1166190379,0.6067415730,1.6280276817,0.3631734744,0.3900000000,0.1240967365,0.2743105951,1.7288750211,-0.3202361390,0.3900000000,0.1240967365,0.2743105951,1.7288750211,-0.3202361390
