Instance,INF_avg,INF_sd,INF_r1,INF_kr,INF_sk,SUP_avg,SUP_sd,SUP_r1,SUP_kr,SUP_sk,INC_avg,INC_sd,INC_r1,INC_kr,INC_sk,IND_avg,IND_sd,IND_r1,IND_kr,IND_sk
439,0.1920000000,0.0120830460,-0.6131907308,2.5052542691,-0.8978957038,0.2510000000,0.0298998328,-0.4654717976,1.9789423900,0.4056048363,0.5570000000,0.0318747549,-0.3439218082,2.4607577965,-0.7798114618,0.5570000000,0.0318747549,-0.3439218082,2.4607577965,-0.7798114618
