Instance,INF_avg,INF_sd,INF_r1,INF_kr,INF_sk,SUP_avg,SUP_sd,SUP_r1,SUP_kr,SUP_sk,INC_avg,INC_sd,INC_r1,INC_kr,INC_sk,IND_avg,IND_sd,IND_r1,IND_kr,IND_sk
462,0.2600000000,0.1296148140,-0.0758885687,2.5204081633,0.3306500356,0.2320000000,0.1223764683,-0.2072173424,2.0422556432,-0.2348784054,0.5080000000,0.1521052267,-0.0028772202,3.4547069323,0.4785942078,0.5080000000,0.1521052267,-0.0028772202,3.4547069323,0.4785942078
