Instance,INF_avg,INF_sd,INF_r1,INF_kr,INF_sk,SUP_avg,SUP_sd,SUP_r1,SUP_kr,SUP_sk,INC_avg,INC_sd,INC_r1,INC_kr,INC_sk,IND_avg,IND_sd,IND_r1,IND_kr,IND_sk
398,0.2779000000,0.0378693808,0.1512821101,2.3354890935,-0.1454381936,0.2459000000,0.0348524031,0.2257164148,3.2569269534,0.3135030157,0.4762000000,0.0382826331,0.1411321490,2.9125878096,0.3731320024,0.4762000000,0.0382826331,0.1411321490,2.9125878096,0.3731320024
