Instance,INF_avg,INF_sd,INF_r1,INF_kr,INF_sk,SUP_avg,SUP_sd,SUP_r1,SUP_kr,SUP_sk,INC_avg,INC_sd,INC_r1,INC_kr,INC_sk,IND_avg,IND_sd,IND_r1,IND_kr,IND_sk
457,0.2260000000,0.1453409784,0.0052573273,2.5119478994,0.2849185371,0.2940000000,0.1287012043,0.2134729130,2.9431541425,-0.0570558284,0.4800000000,0.1469693846,0.0071321321,3.8209876543,0.1209624564,0.4800000000,0.1469693846,0.0071321321,3.8209876543,0.1209624564
