Instance,INF_avg,INF_sd,INF_r1,INF_kr,INF_sk,SUP_avg,SUP_sd,SUP_r1,SUP_kr,SUP_sk,INC_avg,INC_sd,INC_r1,INC_kr,INC_sk,IND_avg,IND_sd,IND_r1,IND_kr,IND_sk
395,0.2520000000,0.0552810998,-0.6708701135,3.4855678298,0.7875976986,0.2660000000,0.0380000000,0.0749756573,2.0283530667,-0.0839772562,0.4820000000,0.0718052923,-0.4029121054,2.1447438823,0.0093347861,0.4820000000,0.0718052923,-0.4029121054,2.1447438823,0.0093347861
