Instance,INF_avg,INF_sd,INF_r1,INF_kr,INF_sk,SUP_avg,SUP_sd,SUP_r1,SUP_kr,SUP_sk,INC_avg,INC_sd,INC_r1,INC_kr,INC_sk,IND_avg,IND_sd,IND_r1,IND_kr,IND_sk
102,0.2404000000,0.0407411340,-0.0927821338,2.4209897993,0.2515111113,0.2756000000,0.0453501929,0.0347883107,2.4142051089,0.4210704868,0.4840000000,0.0459129611,0.0624284515,3.0542759309,0.2913689028,0.4840000000,0.0459129611,0.0624284515,3.0542759309,0.2913689028
