Instance,INF_avg,INF_sd,INF_r1,INF_kr,INF_sk,SUP_avg,SUP_sd,SUP_r1,SUP_kr,SUP_sk,INC_avg,INC_sd,INC_r1,INC_kr,INC_sk,IND_avg,IND_sd,IND_r1,IND_kr,IND_sk
5,0.2355000000,0.0383699101,0.2669259115,1.7190134140,0.4789157736,0.2470000000,0.0402616443,-0.0997949871,2.0060301236,0.4756211751,0.5175000000,0.0395126562,-0.1240875912,2.0374249760,-0.0626123228,0.5175000000,0.0395126562,-0.1240875912,2.0374249760,-0.0626123228
