Instance,INF_avg,INF_sd,INF_r1,INF_kr,INF_sk,SUP_avg,SUP_sd,SUP_r1,SUP_kr,SUP_sk,INC_avg,INC_sd,INC_r1,INC_kr,INC_sk,IND_avg,IND_sd,IND_r1,IND_kr,IND_sk
170,0.2745000000,0.0280579757,0.0193893470,3.3169857085,0.5146762905,0.2505000000,0.0339448081,0.6275931565,2.4253705041,0.3511373020,0.4750000000,0.0332415403,0.4942263279,2.0747937184,0.1653875696,0.4750000000,0.0332415403,0.4942263279,2.0747937184,0.1653875696
