Instance,INF_avg,INF_sd,INF_r1,INF_kr,INF_sk,SUP_avg,SUP_sd,SUP_r1,SUP_kr,SUP_sk,INC_avg,INC_sd,INC_r1,INC_kr,INC_sk,IND_avg,IND_sd,IND_r1,IND_kr,IND_sk
434,0.2200000000,0.1122497216,-0.1359724613,1.6957671958,0.5557336935,0.2000000000,0.0707106781,-0.3000000000,1.7000000000,-0.0000000000,0.5800000000,0.0748331477,-0.6233766234,2.1339285714,-0.7301958931,0.5800000000,0.0748331477,-0.6233766234,2.1339285714,-0.7301958931
