Instance,INF_avg,INF_sd,INF_r1,INF_kr,INF_sk,SUP_avg,SUP_sd,SUP_r1,SUP_kr,SUP_sk,INC_avg,INC_sd,INC_r1,INC_kr,INC_sk,IND_avg,IND_sd,IND_r1,IND_kr,IND_sk
216,0.2704500000,0.0522594250,0.5919881961,3.0582645956,0.5342639920,0.2670500000,0.0773275339,0.7871122245,2.6093173903,0.3538369349,0.4625000000,0.0577429649,0.6505072858,3.1066921000,0.0442919181,0.4625000000,0.0577429649,0.6505072858,3.1066921000,0.0442919181
