Instance,INF_avg,INF_sd,INF_r1,INF_kr,INF_sk,SUP_avg,SUP_sd,SUP_r1,SUP_kr,SUP_sk,INC_avg,INC_sd,INC_r1,INC_kr,INC_sk,IND_avg,IND_sd,IND_r1,IND_kr,IND_sk
360,0.2426000000,0.0488593901,0.1674617249,2.6352742632,0.2508760305,0.2652000000,0.0498894778,-0.0264838188,2.5703120491,0.2450745080,0.4922000000,0.0545266907,-0.0125720556,2.2694832809,-0.0805192433,0.4922000000,0.0545266907,-0.0125720556,2.2694832809,-0.0805192433
