Instance,INF_avg,INF_sd,INF_r1,INF_kr,INF_sk,SUP_avg,SUP_sd,SUP_r1,SUP_kr,SUP_sk,INC_avg,INC_sd,INC_r1,INC_kr,INC_sk,IND_avg,IND_sd,IND_r1,IND_kr,IND_sk
225,0.2480000000,0.0370944740,-0.3517060367,2.9694429421,1.2864700617,0.2560000000,0.0293938769,-0.8783068783,1.5781893004,0.3477670622,0.4960000000,0.0542586399,-0.8674698795,2.3638941399,-0.7500308204,0.4960000000,0.0542586399,-0.8674698795,2.3638941399,-0.7500308204
