Instance,INF_avg,INF_sd,INF_r1,INF_kr,INF_sk,SUP_avg,SUP_sd,SUP_r1,SUP_kr,SUP_sk,INC_avg,INC_sd,INC_r1,INC_kr,INC_sk,IND_avg,IND_sd,IND_r1,IND_kr,IND_sk
231,0.2905500000,0.0536231993,0.5172278318,2.4245609410,0.1496789113,0.2765500000,0.0450593775,0.3772959048,3.8438050617,0.6226230154,0.4329000000,0.0635695682,0.5290048519,2.6693044687,0.2018492666,0.4329000000,0.0635695682,0.5290048519,2.6693044687,0.2018492666
