Instance,INF_avg,INF_sd,INF_r1,INF_kr,INF_sk,SUP_avg,SUP_sd,SUP_r1,SUP_kr,SUP_sk,INC_avg,INC_sd,INC_r1,INC_kr,INC_sk,IND_avg,IND_sd,IND_r1,IND_kr,IND_sk
429,0.5494444444,0.1420180827,0.8716077645,2.3708441868,-0.5188519409,0.0895833333,0.0684234670,0.7426272780,3.8282439929,1.1604039893,0.3609722222,0.0918053454,0.6686854483,2.6791247676,0.3529502855,0.3609722222,0.0918053454,0.6686854483,2.6791247676,0.3529502855
