Instance,INF_avg,INF_sd,INF_r1,INF_kr,INF_sk,SUP_avg,SUP_sd,SUP_r1,SUP_kr,SUP_sk,INC_avg,INC_sd,INC_r1,INC_kr,INC_sk,IND_avg,IND_sd,IND_r1,IND_kr,IND_sk
209,0.2622000000,0.0488380999,0.0757073078,2.6050943921,0.1453152898,0.2620000000,0.0475815090,0.1405309226,2.2824264256,0.1023722206,0.4758000000,0.0569065901,-0.0830246368,2.6480406633,0.1833985554,0.4758000000,0.0569065901,-0.0830246368,2.6480406633,0.1833985554
