Instance,INF_avg,INF_sd,INF_r1,INF_kr,INF_sk,SUP_avg,SUP_sd,SUP_r1,SUP_kr,SUP_sk,INC_avg,INC_sd,INC_r1,INC_kr,INC_sk,IND_avg,IND_sd,IND_r1,IND_kr,IND_sk
225,0.2400000000,0.0916515139,-0.8729096990,1.2091836735,0.2961528510,0.2600000000,0.0583095189,-0.4935064935,2.6660899654,-1.1500493357,0.5000000000,0.1341640786,-0.9629629630,1.6203703704,0.1242259987,0.5000000000,0.1341640786,-0.9629629630,1.6203703704,0.1242259987
