Instance,INF_avg,INF_sd,INF_r1,INF_kr,INF_sk,SUP_avg,SUP_sd,SUP_r1,SUP_kr,SUP_sk,INC_avg,INC_sd,INC_r1,INC_kr,INC_sk,IND_avg,IND_sd,IND_r1,IND_kr,IND_sk
301,0.2662000000,0.0386207198,-0.1990411534,2.6599604530,0.1395475937,0.2344000000,0.0406526752,0.0311925221,2.4494173355,0.1949857371,0.4994000000,0.0428210229,-0.0434747104,2.5075366303,-0.2277077166,0.4994000000,0.0428210229,-0.0434747104,2.5075366303,-0.2277077166
