Instance,INF_avg,INF_sd,INF_r1,INF_kr,INF_sk,SUP_avg,SUP_sd,SUP_r1,SUP_kr,SUP_sk,INC_avg,INC_sd,INC_r1,INC_kr,INC_sk,IND_avg,IND_sd,IND_r1,IND_kr,IND_sk
279,0.2580000000,0.0416893272,-0.0080103718,2.2064301520,-0.0400794685,0.2577000000,0.0456695741,0.0371553018,2.5022883796,-0.1025309861,0.4843000000,0.0448164032,-0.0222513851,3.2500576024,0.2046423254,0.4843000000,0.0448164032,-0.0222513851,3.2500576024,0.2046423254
