Instance,INF_avg,INF_sd,INF_r1,INF_kr,INF_sk,SUP_avg,SUP_sd,SUP_r1,SUP_kr,SUP_sk,INC_avg,INC_sd,INC_r1,INC_kr,INC_sk,IND_avg,IND_sd,IND_r1,IND_kr,IND_sk
420,0.3833333333,0.0901268614,0.7150635051,2.2249140650,-0.0919935775,0.1350314465,0.0709049697,0.8035015282,2.3849293743,0.4581487838,0.4816352201,0.0507165537,0.0948948985,2.7119082236,-0.2705159808,0.4816352201,0.0507165537,0.0948948985,2.7119082236,-0.2705159808
