Instance,INF_avg,INF_sd,INF_r1,INF_kr,INF_sk,SUP_avg,SUP_sd,SUP_r1,SUP_kr,SUP_sk,INC_avg,INC_sd,INC_r1,INC_kr,INC_sk,IND_avg,IND_sd,IND_r1,IND_kr,IND_sk
248,0.3670000000,0.0594642750,0.4494085610,1.2246540432,-0.3546655892,0.2340000000,0.0321558704,0.5428489539,1.2322635799,0.2955863261,0.3990000000,0.0285306852,0.2105263158,1.2912272335,0.1945403170,0.3990000000,0.0285306852,0.2105263158,1.2912272335,0.1945403170
