Instance,INF_avg,INF_sd,INF_r1,INF_kr,INF_sk,SUP_avg,SUP_sd,SUP_r1,SUP_kr,SUP_sk,INC_avg,INC_sd,INC_r1,INC_kr,INC_sk,IND_avg,IND_sd,IND_r1,IND_kr,IND_sk
167,0.2660000000,0.0868562030,-0.2665115981,2.8240858297,-0.4978426365,0.2060000000,0.0765767589,-0.3787430993,3.2611788069,0.8667973908,0.5280000000,0.0960000000,-0.2369735034,2.6683575666,0.0948350694,0.5280000000,0.0960000000,-0.2369735034,2.6683575666,0.0948350694
