Instance,INF_avg,INF_sd,INF_r1,INF_kr,INF_sk,SUP_avg,SUP_sd,SUP_r1,SUP_kr,SUP_sk,INC_avg,INC_sd,INC_r1,INC_kr,INC_sk,IND_avg,IND_sd,IND_r1,IND_kr,IND_sk
398,0.2776000000,0.0604833861,-0.3783233374,3.5130915589,-0.5881100745,0.2408000000,0.0663276715,-0.1401660677,2.3854740074,-0.1206273471,0.4816000000,0.0678633922,-0.0505316147,1.8936978916,0.1954618268,0.4816000000,0.0678633922,-0.0505316147,1.8936978916,0.1954618268
