Instance,INF_avg,INF_sd,INF_r1,INF_kr,INF_sk,SUP_avg,SUP_sd,SUP_r1,SUP_kr,SUP_sk,INC_avg,INC_sd,INC_r1,INC_kr,INC_sk,IND_avg,IND_sd,IND_r1,IND_kr,IND_sk
263,0.2720000000,0.0800999376,0.1332949799,2.5493669194,0.4298246506,0.2700000000,0.1216552506,-0.3571624213,2.0124178232,0.3299087786,0.4580000000,0.1128538878,-0.4451370606,2.3223778282,0.0304903521,0.4580000000,0.1128538878,-0.4451370606,2.3223778282,0.0304903521
