Instance,INF_avg,INF_sd,INF_r1,INF_kr,INF_sk,SUP_avg,SUP_sd,SUP_r1,SUP_kr,SUP_sk,INC_avg,INC_sd,INC_r1,INC_kr,INC_sk,IND_avg,IND_sd,IND_r1,IND_kr,IND_sk
342,0.2476000000,0.0624358871,0.4033591299,2.3825021905,0.5433300980,0.2828000000,0.0472033897,-0.1837089485,2.8879919731,-0.1481173614,0.4696000000,0.0670211907,0.5213894726,2.2025997287,-0.4398286101,0.4696000000,0.0670211907,0.5213894726,2.2025997287,-0.4398286101
