Instance,INF_avg,INF_sd,INF_r1,INF_kr,INF_sk,SUP_avg,SUP_sd,SUP_r1,SUP_kr,SUP_sk,INC_avg,INC_sd,INC_r1,INC_kr,INC_sk,IND_avg,IND_sd,IND_r1,IND_kr,IND_sk
115,0.2500000000,0.1118033989,-0.2244897959,3.1760000000,-0.6439875775,0.3700000000,0.1486606875,-0.1040436165,2.1206977744,-0.3908198495,0.3800000000,0.1077032961,0.0657439446,2.7669441141,0.4034071140,0.3800000000,0.1077032961,0.0657439446,2.7669441141,0.4034071140
