Instance,INF_avg,INF_sd,INF_r1,INF_kr,INF_sk,SUP_avg,SUP_sd,SUP_r1,SUP_kr,SUP_sk,INC_avg,INC_sd,INC_r1,INC_kr,INC_sk,IND_avg,IND_sd,IND_r1,IND_kr,IND_sk
226,0.4212500000,0.0752807246,0.5945988294,1.9490451975,-0.1857673152,0.1143750000,0.0742014783,0.8409775093,1.9736945153,0.4660510641,0.4643750000,0.0520178755,-0.1203747580,4.4322133006,1.1342691932,0.4643750000,0.0520178755,-0.1203747580,4.4322133006,1.1342691932
