Instance,INF_avg,INF_sd,INF_r1,INF_kr,INF_sk,SUP_avg,SUP_sd,SUP_r1,SUP_kr,SUP_sk,INC_avg,INC_sd,INC_r1,INC_kr,INC_sk,IND_avg,IND_sd,IND_r1,IND_kr,IND_sk
384,0.2531000000,0.0362476206,-0.1379616115,2.6182079036,-0.0785603707,0.2467000000,0.0320251464,-0.0337639296,3.8729975102,-0.7700650022,0.5002000000,0.0378280319,0.0051493210,1.9339922166,0.1951106197,0.5002000000,0.0378280319,0.0051493210,1.9339922166,0.1951106197
