Instance,INF_avg,INF_sd,INF_r1,INF_kr,INF_sk,SUP_avg,SUP_sd,SUP_r1,SUP_kr,SUP_sk,INC_avg,INC_sd,INC_r1,INC_kr,INC_sk,IND_avg,IND_sd,IND_r1,IND_kr,IND_sk
338,0.3624000000,0.0359199109,-0.1201854511,2.6469701766,0.1429799173,0.2864000000,0.0317968552,-0.3983662201,3.2405793952,0.5949344274,0.3512000000,0.0277589625,-0.1369416925,2.3266194181,0.2783670401,0.3512000000,0.0277589625,-0.1369416925,2.3266194181,0.2783670401
