Instance,INF_avg,INF_sd,INF_r1,INF_kr,INF_sk,SUP_avg,SUP_sd,SUP_r1,SUP_kr,SUP_sk,INC_avg,INC_sd,INC_r1,INC_kr,INC_sk,IND_avg,IND_sd,IND_r1,IND_kr,IND_sk
347,0.2160000000,0.0152970585,0.2088998764,2.1747753671,-0.5665577237,0.2500000000,0.0380788655,0.2789473684,1.3099881094,-0.2445016336,0.5340000000,0.0307245830,-0.2795956371,1.2369514866,-0.2600330420,0.5340000000,0.0307245830,-0.2795956371,1.2369514866,-0.2600330420
