Instance,INF_avg,INF_sd,INF_r1,INF_kr,INF_sk,SUP_avg,SUP_sd,SUP_r1,SUP_kr,SUP_sk,INC_avg,INC_sd,INC_r1,INC_kr,INC_sk,IND_avg,IND_sd,IND_r1,IND_kr,IND_sk
366,0.2320000000,0.0688186021,0.1299790356,1.2652027027,-0.3075064228,0.2960000000,0.0649923072,-0.5471226022,1.7649793388,0.4937647309,0.4720000000,0.0601331855,-0.7307692308,2.5084579842,0.7841001948,0.4720000000,0.0601331855,-0.7307692308,2.5084579842,0.7841001948
