Instance,INF_avg,INF_sd,INF_r1,INF_kr,INF_sk,SUP_avg,SUP_sd,SUP_r1,SUP_kr,SUP_sk,INC_avg,INC_sd,INC_r1,INC_kr,INC_sk,IND_avg,IND_sd,IND_r1,IND_kr,IND_sk
416,0.4066666667,0.0879358633,0.8545596134,2.0421075756,-0.1411822569,0.0984876543,0.0749137148,0.9248315103,2.4929584348,0.8015496187,0.4948456790,0.0399089351,0.2458814520,2.6181973400,0.1247971519,0.4948456790,0.0399089351,0.2458814520,2.6181973400,0.1247971519
