Instance,INF_avg,INF_sd,INF_r1,INF_kr,INF_sk,SUP_avg,SUP_sd,SUP_r1,SUP_kr,SUP_sk,INC_avg,INC_sd,INC_r1,INC_kr,INC_sk,IND_avg,IND_sd,IND_r1,IND_kr,IND_sk
505,0.1964000000,0.0453325490,0.0743349644,3.1805648570,-0.3628041959,0.2824000000,0.0505394895,-0.1990159216,4.3460571773,0.6382807122,0.5212000000,0.0524076330,-0.0156474812,3.0333996064,0.1672261880,0.5212000000,0.0524076330,-0.0156474812,3.0333996064,0.1672261880
