Instance,INF_avg,INF_sd,INF_r1,INF_kr,INF_sk,SUP_avg,SUP_sd,SUP_r1,SUP_kr,SUP_sk,INC_avg,INC_sd,INC_r1,INC_kr,INC_sk,IND_avg,IND_sd,IND_r1,IND_kr,IND_sk
327,0.2760000000,0.0414608249,0.1215418907,2.6461151264,0.0553098913,0.2220000000,0.0355105618,0.4568948112,2.3793705007,-0.4812319920,0.5020000000,0.0206397674,-0.3274547188,2.3734378100,0.2599931030,0.5020000000,0.0206397674,-0.3274547188,2.3734378100,0.2599931030
