Instance,INF_avg,INF_sd,INF_r1,INF_kr,INF_sk,SUP_avg,SUP_sd,SUP_r1,SUP_kr,SUP_sk,INC_avg,INC_sd,INC_r1,INC_kr,INC_sk,IND_avg,IND_sd,IND_r1,IND_kr,IND_sk
374,0.2918000000,0.0571468284,0.6825577752,2.0809877971,-0.0602050413,0.3140000000,0.0361662826,0.2748693528,1.9076186067,0.0443923033,0.3942000000,0.0403900978,0.4271716620,2.6170040504,-0.0232843467,0.3942000000,0.0403900978,0.4271716620,2.6170040504,-0.0232843467
