Instance,INF_avg,INF_sd,INF_r1,INF_kr,INF_sk,SUP_avg,SUP_sd,SUP_r1,SUP_kr,SUP_sk,INC_avg,INC_sd,INC_r1,INC_kr,INC_sk,IND_avg,IND_sd,IND_r1,IND_kr,IND_sk
215,0.2466000000,0.0241130670,-0.0384919371,2.2556659851,0.3876515731,0.2446000000,0.0305915021,-0.2203854230,2.8447504269,0.0965138846,0.5088000000,0.0375574227,-0.0845990818,2.6743490209,-0.0366244987,0.5088000000,0.0375574227,-0.0845990818,2.6743490209,-0.0366244987
