Instance,INF_avg,INF_sd,INF_r1,INF_kr,INF_sk,SUP_avg,SUP_sd,SUP_r1,SUP_kr,SUP_sk,INC_avg,INC_sd,INC_r1,INC_kr,INC_sk,IND_avg,IND_sd,IND_r1,IND_kr,IND_sk
196,0.4213392857,0.0933574691,0.9232093484,1.8380188143,-0.2542120135,0.0653571429,0.0643293503,0.8902608818,3.2021058865,1.0672352438,0.5133035714,0.0450721325,0.6215648224,2.3437896883,-0.0347873579,0.5133035714,0.0450721325,0.6215648224,2.3437896883,-0.0347873579
