Instance,INF_avg,INF_sd,INF_r1,INF_kr,INF_sk,SUP_avg,SUP_sd,SUP_r1,SUP_kr,SUP_sk,INC_avg,INC_sd,INC_r1,INC_kr,INC_sk,IND_avg,IND_sd,IND_r1,IND_kr,IND_sk
31,0.2260000000,0.1020979921,0.1685382888,2.4369705308,0.1826154047,0.2760000000,0.1096540013,0.2029142811,2.8304050581,0.8263699399,0.4980000000,0.1410531815,0.2573216683,1.9605051212,-0.0982100127,0.4980000000,0.1410531815,0.2573216683,1.9605051212,-0.0982100127
