Instance,INF_avg,INF_sd,INF_r1,INF_kr,INF_sk,SUP_avg,SUP_sd,SUP_r1,SUP_kr,SUP_sk,INC_avg,INC_sd,INC_r1,INC_kr,INC_sk,IND_avg,IND_sd,IND_r1,IND_kr,IND_sk
256,0.2385000000,0.0408748089,-0.1509690709,2.9735450928,0.2441259715,0.2355000000,0.0422463016,-0.0909643810,2.8092128960,0.0641287608,0.5260000000,0.0491324740,-0.2352981994,3.1053582080,0.3395449687,0.5260000000,0.0491324740,-0.2352981994,3.1053582080,0.3395449687
