Instance,INF_avg,INF_sd,INF_r1,INF_kr,INF_sk,SUP_avg,SUP_sd,SUP_r1,SUP_kr,SUP_sk,INC_avg,INC_sd,INC_r1,INC_kr,INC_sk,IND_avg,IND_sd,IND_r1,IND_kr,IND_sk
54,0.2805000000,0.0987155003,0.1991654676,3.1587609036,0.3001511381,0.2210000000,0.0943874992,0.1529125967,2.5866313488,0.4007286351,0.4985000000,0.1042724796,0.1263231788,3.0440861566,-0.0263019297,0.4985000000,0.1042724796,0.1263231788,3.0440861566,-0.0263019297
