Instance,INF_avg,INF_sd,INF_r1,INF_kr,INF_sk,SUP_avg,SUP_sd,SUP_r1,SUP_kr,SUP_sk,INC_avg,INC_sd,INC_r1,INC_kr,INC_sk,IND_avg,IND_sd,IND_r1,IND_kr,IND_sk
375,0.2720000000,0.0840000000,0.1980917765,3.2466256344,0.7103984451,0.2380000000,0.0460000000,-0.5876367825,1.7087453232,-0.0749568505,0.4900000000,0.0744311763,-0.1849056604,3.1928605873,-0.9079693595,0.4900000000,0.0744311763,-0.1849056604,3.1928605873,-0.9079693595
