Instance,INF_avg,INF_sd,INF_r1,INF_kr,INF_sk,SUP_avg,SUP_sd,SUP_r1,SUP_kr,SUP_sk,INC_avg,INC_sd,INC_r1,INC_kr,INC_sk,IND_avg,IND_sd,IND_r1,IND_kr,IND_sk
417,0.2560000000,0.0852291030,-0.4343265958,2.5998503270,-0.2357729103,0.2760000000,0.1011137973,-0.2504803382,2.5172584805,0.2901486143,0.4680000000,0.1028396811,-0.1489116769,3.6659647854,0.8624825284,0.4680000000,0.1028396811,-0.1489116769,3.6659647854,0.8624825284
