Instance,INF_avg,INF_sd,INF_r1,INF_kr,INF_sk,SUP_avg,SUP_sd,SUP_r1,SUP_kr,SUP_sk,INC_avg,INC_sd,INC_r1,INC_kr,INC_sk,IND_avg,IND_sd,IND_r1,IND_kr,IND_sk
346,0.2300000000,0.0900000000,0.3071161049,1.5724737083,0.1975308642,0.3250000000,0.0981070844,0.3241379310,1.9067296340,-0.3177021453,0.4450000000,0.1011187421,0.1768520828,4.5615282070,1.2244434452,0.4450000000,0.1011187421,0.1768520828,4.5615282070,1.2244434452
