Instance,INF_avg,INF_sd,INF_r1,INF_kr,INF_sk,SUP_avg,SUP_sd,SUP_r1,SUP_kr,SUP_sk,INC_avg,INC_sd,INC_r1,INC_kr,INC_sk,IND_avg,IND_sd,IND_r1,IND_kr,IND_sk
349,0.2480000000,0.0263818119,-0.2216288385,2.3953626635,-0.9593861448,0.3020000000,0.0421426150,-0.5313067151,2.5743243243,1.0145729387,0.4500000000,0.0600000000,-0.5263157895,2.0500000000,-0.0000000000,0.4500000000,0.0600000000,-0.5263157895,2.0500000000,-0.0000000000
