Instance,INF_avg,INF_sd,INF_r1,INF_kr,INF_sk,SUP_avg,SUP_sd,SUP_r1,SUP_kr,SUP_sk,INC_avg,INC_sd,INC_r1,INC_kr,INC_sk,IND_avg,IND_sd,IND_r1,IND_kr,IND_sk
465,0.2530000000,0.0827103379,-0.1402391118,2.6386015845,0.4080863522,0.2200000000,0.0888819442,-0.1050494798,2.9833360038,0.2392591992,0.5270000000,0.0965453261,-0.0235351136,2.0823804010,-0.0524325516,0.5270000000,0.0965453261,-0.0235351136,2.0823804010,-0.0524325516
