Instance,INF_avg,INF_sd,INF_r1,INF_kr,INF_sk,SUP_avg,SUP_sd,SUP_r1,SUP_kr,SUP_sk,INC_avg,INC_sd,INC_r1,INC_kr,INC_sk,IND_avg,IND_sd,IND_r1,IND_kr,IND_sk
418,0.4584899329,0.0851207289,0.8364293593,2.4816662627,-0.0232996522,0.0827852349,0.0553857205,0.8392228641,3.4795475185,1.0128843250,0.4587248322,0.0451773328,0.4580701803,3.1956907609,-0.6566506528,0.4587248322,0.0451773328,0.4580701803,3.1956907609,-0.6566506528
