Instance,INF_avg,INF_sd,INF_r1,INF_kr,INF_sk,SUP_avg,SUP_sd,SUP_r1,SUP_kr,SUP_sk,INC_avg,INC_sd,INC_r1,INC_kr,INC_sk,IND_avg,IND_sd,IND_r1,IND_kr,IND_sk
438,0.2364000000,0.0565246849,0.1685875084,3.1664072978,-0.1355874744,0.2248000000,0.0583862998,0.0250493849,3.3779939059,0.4690614819,0.5388000000,0.0628534804,-0.1150427425,3.1505417769,-0.0741674505,0.5388000000,0.0628534804,-0.1150427425,3.1505417769,-0.0741674505
