Instance,INF_avg,INF_sd,INF_r1,INF_kr,INF_sk,SUP_avg,SUP_sd,SUP_r1,SUP_kr,SUP_sk,INC_avg,INC_sd,INC_r1,INC_kr,INC_sk,IND_avg,IND_sd,IND_r1,IND_kr,IND_sk
444,0.2500000000,0.1702938637,0.2380952381,2.3335315101,0.7289630311,0.2500000000,0.1581138830,0.2400000000,1.3480000000,0.0000000000,0.5000000000,0.1264911064,-0.7500000000,1.5625000000,0.5929270613,0.5000000000,0.1264911064,-0.7500000000,1.5625000000,0.5929270613
