Instance,INF_avg,INF_sd,INF_r1,INF_kr,INF_sk,SUP_avg,SUP_sd,SUP_r1,SUP_kr,SUP_sk,INC_avg,INC_sd,INC_r1,INC_kr,INC_sk,IND_avg,IND_sd,IND_r1,IND_kr,IND_sk
318,0.2690000000,0.1412055240,0.0234522983,2.6478744951,0.2394312669,0.2410000000,0.1349777759,-0.0273759788,2.5638812076,0.3009734909,0.4900000000,0.1664331698,0.0151707158,3.1063222510,0.1848076485,0.4900000000,0.1664331698,0.0151707158,3.1063222510,0.1848076485
