Instance,INF_avg,INF_sd,INF_r1,INF_kr,INF_sk,SUP_avg,SUP_sd,SUP_r1,SUP_kr,SUP_sk,INC_avg,INC_sd,INC_r1,INC_kr,INC_sk,IND_avg,IND_sd,IND_r1,IND_kr,IND_sk
73,0.3220000000,0.0160000000,-0.4890282132,2.5908203125,0.5507812500,0.2720000000,0.0444522215,0.3912303108,1.8966136144,0.1950873202,0.4060000000,0.0431740663,0.1148215919,2.0809095765,-0.0393655488,0.4060000000,0.0431740663,0.1148215919,2.0809095765,-0.0393655488
