Instance,INF_avg,INF_sd,INF_r1,INF_kr,INF_sk,SUP_avg,SUP_sd,SUP_r1,SUP_kr,SUP_sk,INC_avg,INC_sd,INC_r1,INC_kr,INC_sk,IND_avg,IND_sd,IND_r1,IND_kr,IND_sk
85,0.2630000000,0.0554526825,-0.0294935462,3.5342743605,0.1035556579,0.2518000000,0.0603387106,-0.1144234239,2.9884120166,0.2707319674,0.4852000000,0.0678008849,-0.0734572284,2.6535403577,-0.1484005625,0.4852000000,0.0678008849,-0.0734572284,2.6535403577,-0.1484005625
