Instance,INF_avg,INF_sd,INF_r1,INF_kr,INF_sk,SUP_avg,SUP_sd,SUP_r1,SUP_kr,SUP_sk,INC_avg,INC_sd,INC_r1,INC_kr,INC_sk,IND_avg,IND_sd,IND_r1,IND_kr,IND_sk
475,0.2133000000,0.0425630121,0.7117848270,2.2016917270,0.3759244501,0.3204000000,0.0526387690,0.5746850520,2.5835637618,0.0834050544,0.4663000000,0.0342317104,0.0682677395,3.2431125124,-0.2919187870,0.4663000000,0.0342317104,0.0682677395,3.2431125124,-0.2919187870
