Instance,INF_avg,INF_sd,INF_r1,INF_kr,INF_sk,SUP_avg,SUP_sd,SUP_r1,SUP_kr,SUP_sk,INC_avg,INC_sd,INC_r1,INC_kr,INC_sk,IND_avg,IND_sd,IND_r1,IND_kr,IND_sk
245,0.2370000000,0.1270078738,0.0901147784,3.0284964371,0.4240634817,0.2530000000,0.1307325514,-0.0400781304,2.8764005338,0.3775836312,0.5100000000,0.1473091986,-0.0776797338,2.6737666971,0.2027147757,0.5100000000,0.1473091986,-0.0776797338,2.6737666971,0.2027147757
