Instance,INF_avg,INF_sd,INF_r1,INF_kr,INF_sk,SUP_avg,SUP_sd,SUP_r1,SUP_kr,SUP_sk,INC_avg,INC_sd,INC_r1,INC_kr,INC_sk,IND_avg,IND_sd,IND_r1,IND_kr,IND_sk
273,0.2600000000,0.1019803903,-0.4454976303,1.9556213018,-0.2715454179,0.2400000000,0.1019803903,-0.0956175299,1.9556213018,0.2715454179,0.5000000000,0.1612451550,-0.1818181818,2.1597633136,0.2862340029,0.5000000000,0.1612451550,-0.1818181818,2.1597633136,0.2862340029
