Instance,INF_avg,INF_sd,INF_r1,INF_kr,INF_sk,SUP_avg,SUP_sd,SUP_r1,SUP_kr,SUP_sk,INC_avg,INC_sd,INC_r1,INC_kr,INC_sk,IND_avg,IND_sd,IND_r1,IND_kr,IND_sk
44,0.3000000000,0.1549193338,0.0434782609,4.7916666667,1.4523687548,0.2400000000,0.0916515139,-0.3354037267,2.4421768707,0.6858276550,0.4600000000,0.1356465997,0.0679824561,5.1994328922,-1.6539141169,0.4600000000,0.1356465997,0.0679824561,5.1994328922,-1.6539141169
