Instance,INF_avg,INF_sd,INF_r1,INF_kr,INF_sk,SUP_avg,SUP_sd,SUP_r1,SUP_kr,SUP_sk,INC_avg,INC_sd,INC_r1,INC_kr,INC_sk,IND_avg,IND_sd,IND_r1,IND_kr,IND_sk
436,0.1960000000,0.1370547336,0.0391495451,2.3155173565,0.1652680357,0.2440000000,0.0983056458,-0.3168435810,3.1332288058,0.5464778127,0.5600000000,0.1574801575,0.0717981889,2.7539021852,0.0614516744,0.5600000000,0.1574801575,0.0717981889,2.7539021852,0.0614516744
