Instance,INF_avg,INF_sd,INF_r1,INF_kr,INF_sk,SUP_avg,SUP_sd,SUP_r1,SUP_kr,SUP_sk,INC_avg,INC_sd,INC_r1,INC_kr,INC_sk,IND_avg,IND_sd,IND_r1,IND_kr,IND_sk
299,0.2704000000,0.0486193377,0.1502616766,3.0383916832,-0.3981322090,0.2828000000,0.0418110033,0.2006144417,3.3419312869,-0.0134965746,0.4468000000,0.0558369054,-0.0278430911,5.0048200205,-0.8595560573,0.4468000000,0.0558369054,-0.0278430911,5.0048200205,-0.8595560573
