Instance,INF_avg,INF_sd,INF_r1,INF_kr,INF_sk,SUP_avg,SUP_sd,SUP_r1,SUP_kr,SUP_sk,INC_avg,INC_sd,INC_r1,INC_kr,INC_sk,IND_avg,IND_sd,IND_r1,IND_kr,IND_sk
374,0.3816000000,0.0887098642,0.3440905042,2.3800436924,0.1420756694,0.2564000000,0.0708451833,0.2103099087,2.7699195042,0.1188281255,0.3620000000,0.0841189634,0.5039322444,2.8517569561,0.4025632056,0.3620000000,0.0841189634,0.5039322444,2.8517569561,0.4025632056
