Instance,INF_avg,INF_sd,INF_r1,INF_kr,INF_sk,SUP_avg,SUP_sd,SUP_r1,SUP_kr,SUP_sk,INC_avg,INC_sd,INC_r1,INC_kr,INC_sk,IND_avg,IND_sd,IND_r1,IND_kr,IND_sk
279,0.2696000000,0.0357189026,-0.1123854458,2.1969479250,0.3750377485,0.2540000000,0.0364417343,-0.1628893467,3.1892872696,0.3322683171,0.4764000000,0.0471491251,-0.0323098466,2.3784648015,0.0039640358,0.4764000000,0.0471491251,-0.0323098466,2.3784648015,0.0039640358
