Instance,INF_avg,INF_sd,INF_r1,INF_kr,INF_sk,SUP_avg,SUP_sd,SUP_r1,SUP_kr,SUP_sk,INC_avg,INC_sd,INC_r1,INC_kr,INC_sk,IND_avg,IND_sd,IND_r1,IND_kr,IND_sk
39,0.2870000000,0.1616508583,0.0712065986,2.9293747708,0.3814555863,0.2430000000,0.1336076345,-0.0182108381,3.2390046569,0.6908567525,0.4700000000,0.1473091986,-0.0617306717,2.3598080231,0.1126193198,0.4700000000,0.1473091986,-0.0617306717,2.3598080231,0.1126193198
