Instance,INF_avg,INF_sd,INF_r1,INF_kr,INF_sk,SUP_avg,SUP_sd,SUP_r1,SUP_kr,SUP_sk,INC_avg,INC_sd,INC_r1,INC_kr,INC_sk,IND_avg,IND_sd,IND_r1,IND_kr,IND_sk
406,0.2504000000,0.0643415884,0.0382659528,2.3122545181,-0.0554424719,0.2696000000,0.0661198911,0.1541921438,2.7110828100,0.2488233667,0.4800000000,0.0660302961,0.1823204420,2.8884774009,-0.0683589464,0.4800000000,0.0660302961,0.1823204420,2.8884774009,-0.0683589464
