Instance,INF_avg,INF_sd,INF_r1,INF_kr,INF_sk,SUP_avg,SUP_sd,SUP_r1,SUP_kr,SUP_sk,INC_avg,INC_sd,INC_r1,INC_kr,INC_sk,IND_avg,IND_sd,IND_r1,IND_kr,IND_sk
110,0.2288000000,0.0596201308,0.0122664899,3.2819894216,0.3180307864,0.2756000000,0.0556115096,-0.0600594768,3.1998367438,-0.4701068099,0.4956000000,0.0706869153,-0.2963388517,2.8350063335,-0.0734976881,0.4956000000,0.0706869153,-0.2963388517,2.8350063335,-0.0734976881
