Instance,INF_avg,INF_sd,INF_r1,INF_kr,INF_sk,SUP_avg,SUP_sd,SUP_r1,SUP_kr,SUP_sk,INC_avg,INC_sd,INC_r1,INC_kr,INC_sk,IND_avg,IND_sd,IND_r1,IND_kr,IND_sk
284,0.2150000000,0.0743303437,0.1670749633,2.0224196884,0.2081937516,0.3700000000,0.1382027496,0.5461699895,2.4124064582,-0.8160103140,0.4150000000,0.1581929202,0.5854335974,1.8951048951,-0.2000617449,0.4150000000,0.1581929202,0.5854335974,1.8951048951,-0.2000617449
