Instance,INF_avg,INF_sd,INF_r1,INF_kr,INF_sk,SUP_avg,SUP_sd,SUP_r1,SUP_kr,SUP_sk,INC_avg,INC_sd,INC_r1,INC_kr,INC_sk,IND_avg,IND_sd,IND_r1,IND_kr,IND_sk
145,0.2860000000,0.0681469001,0.2867756315,3.6704947842,-0.1965657837,0.2480000000,0.0491528229,0.1923340178,2.7475549318,0.3427612316,0.4660000000,0.0942549733,0.1434290769,2.2738168532,0.4192599407,0.4660000000,0.0942549733,0.1434290769,2.2738168532,0.4192599407
