Instance,INF_avg,INF_sd,INF_r1,INF_kr,INF_sk,SUP_avg,SUP_sd,SUP_r1,SUP_kr,SUP_sk,INC_avg,INC_sd,INC_r1,INC_kr,INC_sk,IND_avg,IND_sd,IND_r1,IND_kr,IND_sk
326,0.2840000000,0.1137717012,-0.0432679371,3.1223368211,0.1123191360,0.2605000000,0.1051891154,0.0375083395,2.7965731737,0.1989470641,0.4555000000,0.1115560397,-0.1758173874,3.0073031992,-0.3542169170,0.4555000000,0.1115560397,-0.1758173874,3.0073031992,-0.3542169170
