Instance,INF_avg,INF_sd,INF_r1,INF_kr,INF_sk,SUP_avg,SUP_sd,SUP_r1,SUP_kr,SUP_sk,INC_avg,INC_sd,INC_r1,INC_kr,INC_sk,IND_avg,IND_sd,IND_r1,IND_kr,IND_sk
452,0.2100000000,0.1044030651,0.3663911846,1.7554919620,0.3268911726,0.3000000000,0.1549193338,-0.3913043478,4.5833333333,1.6137430609,0.4900000000,0.1445683229,-0.4982578397,2.5882420274,-0.2224077128,0.4900000000,0.1445683229,-0.4982578397,2.5882420274,-0.2224077128
