Instance,INF_avg,INF_sd,INF_r1,INF_kr,INF_sk,SUP_avg,SUP_sd,SUP_r1,SUP_kr,SUP_sk,INC_avg,INC_sd,INC_r1,INC_kr,INC_sk,IND_avg,IND_sd,IND_r1,IND_kr,IND_sk
221,0.4325000000,0.0819984756,0.7024986038,3.1131265159,0.4998868657,0.1120000000,0.0514392846,0.7761961928,2.3385249287,0.1173036066,0.4555000000,0.0518145732,0.2508597626,3.8705995930,-0.8526738051,0.4555000000,0.0518145732,0.2508597626,3.8705995930,-0.8526738051
