Instance,INF_avg,INF_sd,INF_r1,INF_kr,INF_sk,SUP_avg,SUP_sd,SUP_r1,SUP_kr,SUP_sk,INC_avg,INC_sd,INC_r1,INC_kr,INC_sk,IND_avg,IND_sd,IND_r1,IND_kr,IND_sk
489,0.3160000000,0.1932459573,0.0871532897,3.0694649123,0.6711481054,0.2720000000,0.1661806246,-0.0118794015,2.8126244513,0.6061338036,0.4120000000,0.1882976367,0.2631819133,2.1128606850,0.3657509319,0.4120000000,0.1882976367,0.2631819133,2.1128606850,0.3657509319
