Instance,INF_avg,INF_sd,INF_r1,INF_kr,INF_sk,SUP_avg,SUP_sd,SUP_r1,SUP_kr,SUP_sk,INC_avg,INC_sd,INC_r1,INC_kr,INC_sk,IND_avg,IND_sd,IND_r1,IND_kr,IND_sk
51,0.2600000000,0.0769415362,0.1621621622,2.5000000000,-0.8851929846,0.2080000000,0.0483321839,0.0220385675,2.8430287108,1.1427763503,0.5320000000,0.0299332591,0.3478260870,1.8469387755,0.3436215967,0.5320000000,0.0299332591,0.3478260870,1.8469387755,0.3436215967
