Instance,INF_avg,INF_sd,INF_r1,INF_kr,INF_sk,SUP_avg,SUP_sd,SUP_r1,SUP_kr,SUP_sk,INC_avg,INC_sd,INC_r1,INC_kr,INC_sk,IND_avg,IND_sd,IND_r1,IND_kr,IND_sk
329,0.2400000000,0.1019803903,-0.2293388430,2.7045118343,-1.0013237284,0.2600000000,0.1113552873,-0.6473509934,2.7036940687,-1.1210847078,0.5000000000,0.1264911064,-0.8571428571,1.5625000000,0.5929270613,0.5000000000,0.1264911064,-0.8571428571,1.5625000000,0.5929270613
