Instance,INF_avg,INF_sd,INF_r1,INF_kr,INF_sk,SUP_avg,SUP_sd,SUP_r1,SUP_kr,SUP_sk,INC_avg,INC_sd,INC_r1,INC_kr,INC_sk,IND_avg,IND_sd,IND_r1,IND_kr,IND_sk
150,0.4055335968,0.0821091283,0.8163103774,2.4094803375,0.0353800755,0.0855928854,0.0621537386,0.9163986337,2.4655129504,0.6871994085,0.5088735178,0.0415535253,0.2363443448,3.3940898464,-0.3940538179,0.5088735178,0.0415535253,0.2363443448,3.3940898464,-0.3940538179
