Instance,INF_avg,INF_sd,INF_r1,INF_kr,INF_sk,SUP_avg,SUP_sd,SUP_r1,SUP_kr,SUP_sk,INC_avg,INC_sd,INC_r1,INC_kr,INC_sk,IND_avg,IND_sd,IND_r1,IND_kr,IND_sk
28,0.2592000000,0.0539570199,0.1539385579,2.4057956387,0.4144660808,0.2442000000,0.0566423870,0.1874261190,4.4250786772,0.4965662733,0.4966000000,0.0605180965,0.0997756071,2.2771470121,-0.2383273741,0.4966000000,0.0605180965,0.0997756071,2.2771470121,-0.2383273741
