Instance,INF_avg,INF_sd,INF_r1,INF_kr,INF_sk,SUP_avg,SUP_sd,SUP_r1,SUP_kr,SUP_sk,INC_avg,INC_sd,INC_r1,INC_kr,INC_sk,IND_avg,IND_sd,IND_r1,IND_kr,IND_sk
196,0.2450000000,0.0975961065,0.1922447039,2.9148944965,0.4308291141,0.2700000000,0.1200000000,0.1289249023,2.6270254630,0.3836805556,0.4850000000,0.1025914226,0.0380585741,2.3126533928,-0.0375078237,0.4850000000,0.1025914226,0.0380585741,2.3126533928,-0.0375078237
