Instance,INF_avg,INF_sd,INF_r1,INF_kr,INF_sk,SUP_avg,SUP_sd,SUP_r1,SUP_kr,SUP_sk,INC_avg,INC_sd,INC_r1,INC_kr,INC_sk,IND_avg,IND_sd,IND_r1,IND_kr,IND_sk
122,0.2750000000,0.0429534632,-0.0109274307,2.1954083768,0.3020852987,0.2392000000,0.0452035397,0.0482354621,2.6471953034,0.1743540195,0.4858000000,0.0484185915,-0.0495427888,3.4993961521,-0.5515517580,0.4858000000,0.0484185915,-0.0495427888,3.4993961521,-0.5515517580
