Instance,INF_avg,INF_sd,INF_r1,INF_kr,INF_sk,SUP_avg,SUP_sd,SUP_r1,SUP_kr,SUP_sk,INC_avg,INC_sd,INC_r1,INC_kr,INC_sk,IND_avg,IND_sd,IND_r1,IND_kr,IND_sk
282,0.2512000000,0.0650119989,0.0238259836,2.4153233306,0.6752478519,0.2008000000,0.0712134819,-0.0471438280,3.3933975493,0.7167902395,0.5480000000,0.0817801932,0.0318238631,2.0106568073,0.3714005134,0.5480000000,0.0817801932,0.0318238631,2.0106568073,0.3714005134
