Instance,INF_avg,INF_sd,INF_r1,INF_kr,INF_sk,SUP_avg,SUP_sd,SUP_r1,SUP_kr,SUP_sk,INC_avg,INC_sd,INC_r1,INC_kr,INC_sk,IND_avg,IND_sd,IND_r1,IND_kr,IND_sk
366,0.2600000000,0.1624807681,-0.1559139785,1.4421487603,0.3804646085,0.2000000000,0.1264911064,-0.0000000000,1.5625000000,0.5929270613,0.5400000000,0.1496662955,-0.2554112554,2.1339285714,0.7301958931,0.5400000000,0.1496662955,-0.2554112554,2.1339285714,0.7301958931
