Instance,INF_avg,INF_sd,INF_r1,INF_kr,INF_sk,SUP_avg,SUP_sd,SUP_r1,SUP_kr,SUP_sk,INC_avg,INC_sd,INC_r1,INC_kr,INC_sk,IND_avg,IND_sd,IND_r1,IND_kr,IND_sk
13,0.2368000000,0.0463655044,0.1422896890,2.4435758695,-0.0029048091,0.2832000000,0.0396706441,-0.0947338876,4.0026019233,0.3277023345,0.4800000000,0.0467332858,-0.0714285714,2.4659863946,0.4162033361,0.4800000000,0.0467332858,-0.0714285714,2.4659863946,0.4162033361
