Instance,INF_avg,INF_sd,INF_r1,INF_kr,INF_sk,SUP_avg,SUP_sd,SUP_r1,SUP_kr,SUP_sk,INC_avg,INC_sd,INC_r1,INC_kr,INC_sk,IND_avg,IND_sd,IND_r1,IND_kr,IND_sk
463,0.4109803922,0.0908619919,0.1138299990,3.4660119637,0.4922054906,0.1035294118,0.0674122096,0.4609595131,2.8345576954,0.6830475562,0.4854901961,0.0834621841,-0.1859202919,3.7075257654,-0.8753776317,0.4854901961,0.0834621841,-0.1859202919,3.7075257654,-0.8753776317
