Instance,INF_avg,INF_sd,INF_r1,INF_kr,INF_sk,SUP_avg,SUP_sd,SUP_r1,SUP_kr,SUP_sk,INC_avg,INC_sd,INC_r1,INC_kr,INC_sk,IND_avg,IND_sd,IND_r1,IND_kr,IND_sk
226,0.2700000000,0.1100000000,-0.1183496200,1.7606037839,-0.2885048835,0.1700000000,0.1345362405,-0.6270566728,1.8014407375,0.0640629209,0.5600000000,0.1624807681,-0.2576219512,2.4063360882,0.6602179971,0.5600000000,0.1624807681,-0.2576219512,2.4063360882,0.6602179971
