Instance,INF_avg,INF_sd,INF_r1,INF_kr,INF_sk,SUP_avg,SUP_sd,SUP_r1,SUP_kr,SUP_sk,INC_avg,INC_sd,INC_r1,INC_kr,INC_sk,IND_avg,IND_sd,IND_r1,IND_kr,IND_sk
132,0.2616000000,0.0303222690,-0.1990372198,2.5572382272,0.5391986298,0.2656000000,0.0251523359,-0.1515812545,2.1573810601,0.3535633389,0.4728000000,0.0276072454,-0.2833321592,2.0597682859,-0.3333515489,0.4728000000,0.0276072454,-0.2833321592,2.0597682859,-0.3333515489
