Instance,INF_avg,INF_sd,INF_r1,INF_kr,INF_sk,SUP_avg,SUP_sd,SUP_r1,SUP_kr,SUP_sk,INC_avg,INC_sd,INC_r1,INC_kr,INC_sk,IND_avg,IND_sd,IND_r1,IND_kr,IND_sk
446,0.2756000000,0.0668478870,0.0222441429,2.6955347384,0.0986586658,0.2240000000,0.0636238949,-0.2030283812,2.2173600587,0.0186371921,0.5004000000,0.0724971724,-0.0013787409,2.3181282901,0.0644901971,0.5004000000,0.0724971724,-0.0013787409,2.3181282901,0.0644901971
