Instance,INF_avg,INF_sd,INF_r1,INF_kr,INF_sk,SUP_avg,SUP_sd,SUP_r1,SUP_kr,SUP_sk,INC_avg,INC_sd,INC_r1,INC_kr,INC_sk,IND_avg,IND_sd,IND_r1,IND_kr,IND_sk
327,0.3138297872,0.1099816850,0.3043497346,2.3173789958,0.1745446341,0.2095744681,0.0987357843,0.2212654590,2.5279631826,0.0646095412,0.4765957447,0.1046021153,0.0392962576,3.8621344055,-0.2610076937,0.4765957447,0.1046021153,0.0392962576,3.8621344055,-0.2610076937
