Instance,INF_avg,INF_sd,INF_r1,INF_kr,INF_sk,SUP_avg,SUP_sd,SUP_r1,SUP_kr,SUP_sk,INC_avg,INC_sd,INC_r1,INC_kr,INC_sk,IND_avg,IND_sd,IND_r1,IND_kr,IND_sk
104,0.2596000000,0.0496370829,0.5975220437,2.7610158191,0.4113046965,0.2748000000,0.0541660410,0.6354263208,2.3314729775,0.0295453972,0.4656000000,0.0446837778,0.0028976814,2.9913339722,0.0146925570,0.4656000000,0.0446837778,0.0028976814,2.9913339722,0.0146925570
