Instance,INF_avg,INF_sd,INF_r1,INF_kr,INF_sk,SUP_avg,SUP_sd,SUP_r1,SUP_kr,SUP_sk,INC_avg,INC_sd,INC_r1,INC_kr,INC_sk,IND_avg,IND_sd,IND_r1,IND_kr,IND_sk
388,0.2376000000,0.0563758814,-0.0521657378,2.8114165451,-0.0168708233,0.2520000000,0.0505964426,-0.2323177367,2.2885937500,0.1571256712,0.5104000000,0.0637796206,-0.1870417496,2.6124899551,-0.2110713655,0.5104000000,0.0637796206,-0.1870417496,2.6124899551,-0.2110713655
