Instance,INF_avg,INF_sd,INF_r1,INF_kr,INF_sk,SUP_avg,SUP_sd,SUP_r1,SUP_kr,SUP_sk,INC_avg,INC_sd,INC_r1,INC_kr,INC_sk,IND_avg,IND_sd,IND_r1,IND_kr,IND_sk
280,0.2429000000,0.0316400063,0.3654151509,2.5478064406,0.4913615364,0.2410000000,0.0318747549,-0.0116179940,2.3400435551,0.4439126306,0.5161000000,0.0374070849,0.1155647483,2.8563896941,0.0951125800,0.5161000000,0.0374070849,0.1155647483,2.8563896941,0.0951125800
