Instance,INF_avg,INF_sd,INF_r1,INF_kr,INF_sk,SUP_avg,SUP_sd,SUP_r1,SUP_kr,SUP_sk,INC_avg,INC_sd,INC_r1,INC_kr,INC_sk,IND_avg,IND_sd,IND_r1,IND_kr,IND_sk
141,0.2840000000,0.0226715681,-0.4066966109,2.9976305470,-1.2727849703,0.2110000000,0.0333766385,-0.1055701919,2.8737900847,1.2057584866,0.5050000000,0.0176068169,-0.1147540984,1.5010405827,0.0274820242,0.5050000000,0.0176068169,-0.1147540984,1.5010405827,0.0274820242
