Instance,INF_avg,INF_sd,INF_r1,INF_kr,INF_sk,SUP_avg,SUP_sd,SUP_r1,SUP_kr,SUP_sk,INC_avg,INC_sd,INC_r1,INC_kr,INC_sk,IND_avg,IND_sd,IND_r1,IND_kr,IND_sk
3,0.2520000000,0.0830421580,-0.0519218606,2.6869108693,-0.5874074513,0.2660000000,0.1021958903,0.1090998268,2.9482676553,0.3228530518,0.4820000000,0.0993780660,0.1769251616,2.5075401565,-0.1078640388,0.4820000000,0.0993780660,0.1769251616,2.5075401565,-0.1078640388
