Instance,INF_avg,INF_sd,INF_r1,INF_kr,INF_sk,SUP_avg,SUP_sd,SUP_r1,SUP_kr,SUP_sk,INC_avg,INC_sd,INC_r1,INC_kr,INC_sk,IND_avg,IND_sd,IND_r1,IND_kr,IND_sk
386,0.2500000000,0.1048808848,-0.3250000000,2.3347107438,0.5200705032,0.2100000000,0.0916515139,-0.1024844720,2.5059523810,-0.5884089540,0.5400000000,0.0768114575,-0.6114982578,2.7023843723,0.8340916670,0.5400000000,0.0768114575,-0.6114982578,2.7023843723,0.8340916670
