Instance,INF_avg,INF_sd,INF_r1,INF_kr,INF_sk,SUP_avg,SUP_sd,SUP_r1,SUP_kr,SUP_sk,INC_avg,INC_sd,INC_r1,INC_kr,INC_sk,IND_avg,IND_sd,IND_r1,IND_kr,IND_sk
41,0.2418000000,0.0333505622,0.0652082940,2.7661455187,-0.1036416822,0.2619000000,0.0367884493,0.2084171087,2.7186100649,0.2522904233,0.4963000000,0.0359765201,0.1136436632,3.6337800987,-0.4550115057,0.4963000000,0.0359765201,0.1136436632,3.6337800987,-0.4550115057
