Instance,INF_avg,INF_sd,INF_r1,INF_kr,INF_sk,SUP_avg,SUP_sd,SUP_r1,SUP_kr,SUP_sk,INC_avg,INC_sd,INC_r1,INC_kr,INC_sk,IND_avg,IND_sd,IND_r1,IND_kr,IND_sk
447,0.2604000000,0.0394441377,0.0622866468,2.4658248870,-0.0688798585,0.2276000000,0.0451025498,0.0041859899,2.6678554139,0.0852359914,0.5120000000,0.0538144962,0.0952328282,3.4384099997,0.1700131362,0.5120000000,0.0538144962,0.0952328282,3.4384099997,0.1700131362
