Instance,INF_avg,INF_sd,INF_r1,INF_kr,INF_sk,SUP_avg,SUP_sd,SUP_r1,SUP_kr,SUP_sk,INC_avg,INC_sd,INC_r1,INC_kr,INC_sk,IND_avg,IND_sd,IND_r1,IND_kr,IND_sk
434,0.2808000000,0.0504317360,0.3259774587,2.8869258446,0.3440927704,0.1968000000,0.0333130605,-0.1440801280,2.3125673483,-0.2714003557,0.5224000000,0.0473522967,0.2739930958,4.9773854660,-1.1196393948,0.5224000000,0.0473522967,0.2739930958,4.9773854660,-1.1196393948
