Instance,INF_avg,INF_sd,INF_r1,INF_kr,INF_sk,SUP_avg,SUP_sd,SUP_r1,SUP_kr,SUP_sk,INC_avg,INC_sd,INC_r1,INC_kr,INC_sk,IND_avg,IND_sd,IND_r1,IND_kr,IND_sk
461,0.2620000000,0.0938402899,0.2424867332,3.1017295673,0.3585082326,0.2545000000,0.0990189376,0.1158949457,2.3697608196,0.0605597064,0.4835000000,0.1090997250,0.1640558598,2.8750251407,-0.0828375539,0.4835000000,0.1090997250,0.1640558598,2.8750251407,-0.0828375539
