Instance,INF_avg,INF_sd,INF_r1,INF_kr,INF_sk,SUP_avg,SUP_sd,SUP_r1,SUP_kr,SUP_sk,INC_avg,INC_sd,INC_r1,INC_kr,INC_sk,IND_avg,IND_sd,IND_r1,IND_kr,IND_sk
210,0.2872000000,0.0470336050,0.3050771662,2.0915464942,-0.0914587474,0.2186000000,0.0410857640,0.0301446589,2.4429949382,0.0085432487,0.4942000000,0.0527291191,0.2130771020,2.6599206006,-0.1702975002,0.4942000000,0.0527291191,0.2130771020,2.6599206006,-0.1702975002
