Instance,INF_avg,INF_sd,INF_r1,INF_kr,INF_sk,SUP_avg,SUP_sd,SUP_r1,SUP_kr,SUP_sk,INC_avg,INC_sd,INC_r1,INC_kr,INC_sk,IND_avg,IND_sd,IND_r1,IND_kr,IND_sk
422,0.2175000000,0.0230488611,0.2296819788,1.7480692042,-0.2603165494,0.3005000000,0.0284121453,0.1026966081,1.5400439134,-0.2255653428,0.4820000000,0.0291719043,0.2158737748,4.4449634839,1.1978107542,0.4820000000,0.0291719043,0.2158737748,4.4449634839,1.1978107542
