Instance,INF_avg,INF_sd,INF_r1,INF_kr,INF_sk,SUP_avg,SUP_sd,SUP_r1,SUP_kr,SUP_sk,INC_avg,INC_sd,INC_r1,INC_kr,INC_sk,IND_avg,IND_sd,IND_r1,IND_kr,IND_sk
83,0.2680000000,0.1018626526,-0.0549215351,2.1084243991,0.2165372114,0.2040000000,0.1139473563,-0.1821428350,3.2286955195,0.6313840838,0.5280000000,0.1273420590,-0.1454094734,2.1420250642,-0.1714768185,0.5280000000,0.1273420590,-0.1454094734,2.1420250642,-0.1714768185
