Instance,INF_avg,INF_sd,INF_r1,INF_kr,INF_sk,SUP_avg,SUP_sd,SUP_r1,SUP_kr,SUP_sk,INC_avg,INC_sd,INC_r1,INC_kr,INC_sk,IND_avg,IND_sd,IND_r1,IND_kr,IND_sk
439,0.2661000000,0.0345729663,0.1548533369,2.3165084161,-0.0327476622,0.2101000000,0.0365443566,0.1523403750,3.4239348419,0.6661633700,0.5238000000,0.0371827917,-0.2071174298,2.1884313257,-0.1462056061,0.5238000000,0.0371827917,-0.2071174298,2.1884313257,-0.1462056061
