Instance,INF_avg,INF_sd,INF_r1,INF_kr,INF_sk,SUP_avg,SUP_sd,SUP_r1,SUP_kr,SUP_sk,INC_avg,INC_sd,INC_r1,INC_kr,INC_sk,IND_avg,IND_sd,IND_r1,IND_kr,IND_sk
196,0.2600500000,0.0330416026,0.0171536692,2.6203996555,-0.1781109626,0.2784500000,0.0365287216,0.3027280011,2.7063444338,0.0014810582,0.4615000000,0.0398403062,0.0573587278,3.0220960158,0.2303494659,0.4615000000,0.0398403062,0.0573587278,3.0220960158,0.2303494659
