Instance,INF_avg,INF_sd,INF_r1,INF_kr,INF_sk,SUP_avg,SUP_sd,SUP_r1,SUP_kr,SUP_sk,INC_avg,INC_sd,INC_r1,INC_kr,INC_sk,IND_avg,IND_sd,IND_r1,IND_kr,IND_sk
393,0.2564000000,0.0662950979,0.2914538616,2.9732776172,0.6556383490,0.2248000000,0.0580427429,-0.0438357830,3.5856911602,0.3208305393,0.5188000000,0.0727087340,0.2175035697,2.8335785402,-0.0541305623,0.5188000000,0.0727087340,0.2175035697,2.8335785402,-0.0541305623
