Instance,INF_avg,INF_sd,INF_r1,INF_kr,INF_sk,SUP_avg,SUP_sd,SUP_r1,SUP_kr,SUP_sk,INC_avg,INC_sd,INC_r1,INC_kr,INC_sk,IND_avg,IND_sd,IND_r1,IND_kr,IND_sk
215,0.3110000000,0.1026109156,0.1422897907,2.1030426789,0.1330185915,0.2090000000,0.0920271699,0.0090204998,2.5829668972,0.4274023086,0.4800000000,0.1248999600,-0.0076119210,2.3784516765,0.2047792736,0.4800000000,0.1248999600,-0.0076119210,2.3784516765,0.2047792736
