Instance,INF_avg,INF_sd,INF_r1,INF_kr,INF_sk,SUP_avg,SUP_sd,SUP_r1,SUP_kr,SUP_sk,INC_avg,INC_sd,INC_r1,INC_kr,INC_sk,IND_avg,IND_sd,IND_r1,IND_kr,IND_sk
362,0.2290000000,0.1160129303,0.0049162749,2.5789107051,0.1502979956,0.2600000000,0.1371130920,-0.0093796632,2.3680398370,0.2327632843,0.5110000000,0.1515882581,0.0009840231,2.8389183746,-0.0831493488,0.5110000000,0.1515882581,0.0009840231,2.8389183746,-0.0831493488
