Instance,INF_avg,INF_sd,INF_r1,INF_kr,INF_sk,SUP_avg,SUP_sd,SUP_r1,SUP_kr,SUP_sk,INC_avg,INC_sd,INC_r1,INC_kr,INC_sk,IND_avg,IND_sd,IND_r1,IND_kr,IND_sk
20,0.1980000000,0.0213541565,-0.1554192229,1.7206832872,0.1380231722,0.3160000000,0.0649923072,0.1900311526,2.2685950413,0.1790421687,0.4860000000,0.0546260011,0.0365493147,2.5045137965,0.4752767171,0.4860000000,0.0546260011,0.0365493147,2.5045137965,0.4752767171
