Instance,INF_avg,INF_sd,INF_r1,INF_kr,INF_sk,SUP_avg,SUP_sd,SUP_r1,SUP_kr,SUP_sk,INC_avg,INC_sd,INC_r1,INC_kr,INC_sk,IND_avg,IND_sd,IND_r1,IND_kr,IND_sk
30,0.3480769231,0.0901075951,0.3309267743,2.8741886218,0.1839491482,0.1234615385,0.0734031181,0.7687838997,2.7938920618,0.6729752004,0.5284615385,0.0748173318,-0.0692854632,2.7537286516,0.0541667296,0.5284615385,0.0748173318,-0.0692854632,2.7537286516,0.0541667296
