Instance,INF_avg,INF_sd,INF_r1,INF_kr,INF_sk,SUP_avg,SUP_sd,SUP_r1,SUP_kr,SUP_sk,INC_avg,INC_sd,INC_r1,INC_kr,INC_sk,IND_avg,IND_sd,IND_r1,IND_kr,IND_sk
238,0.2400000000,0.0994987437,-0.2806539510,1.8974594429,0.4294252483,0.2100000000,0.1300000000,0.2001274697,2.9119078464,0.8042785617,0.5500000000,0.1183215957,-0.2545454545,2.0535714286,-0.0452761208,0.5500000000,0.1183215957,-0.2545454545,2.0535714286,-0.0452761208
