Instance,INF_avg,INF_sd,INF_r1,INF_kr,INF_sk,SUP_avg,SUP_sd,SUP_r1,SUP_kr,SUP_sk,INC_avg,INC_sd,INC_r1,INC_kr,INC_sk,IND_avg,IND_sd,IND_r1,IND_kr,IND_sk
342,0.2298000000,0.0665429185,0.0015534802,3.2961399421,0.3339453270,0.2814000000,0.0656204236,0.0027654097,2.5732342132,-0.0841158031,0.4888000000,0.0715161520,0.1133729932,2.7858846646,-0.0425013010,0.4888000000,0.0715161520,0.1133729932,2.7858846646,-0.0425013010
