Instance,INF_avg,INF_sd,INF_r1,INF_kr,INF_sk,SUP_avg,SUP_sd,SUP_r1,SUP_kr,SUP_sk,INC_avg,INC_sd,INC_r1,INC_kr,INC_sk,IND_avg,IND_sd,IND_r1,IND_kr,IND_sk
268,0.2480000000,0.0389871774,0.1982176756,2.6337811634,0.1526817784,0.2422000000,0.0452676485,0.0420649563,2.7811965167,0.2639577751,0.5098000000,0.0527063564,0.1309852388,2.8038757993,-0.3436316015,0.5098000000,0.0527063564,0.1309852388,2.8038757993,-0.3436316015
