Instance,INF_avg,INF_sd,INF_r1,INF_kr,INF_sk,SUP_avg,SUP_sd,SUP_r1,SUP_kr,SUP_sk,INC_avg,INC_sd,INC_r1,INC_kr,INC_sk,IND_avg,IND_sd,IND_r1,IND_kr,IND_sk
118,0.3200000000,0.0748331477,-0.5760869565,2.1339285714,0.7301958931,0.2600000000,0.0663324958,-0.4460784314,2.2169421488,-0.3700366502,0.4200000000,0.0748331477,-0.0869565217,1.8469387755,-0.3436215967,0.4200000000,0.0748331477,-0.0869565217,1.8469387755,-0.3436215967
