Instance,INF_avg,INF_sd,INF_r1,INF_kr,INF_sk,SUP_avg,SUP_sd,SUP_r1,SUP_kr,SUP_sk,INC_avg,INC_sd,INC_r1,INC_kr,INC_sk,IND_avg,IND_sd,IND_r1,IND_kr,IND_sk
86,0.2000000000,0.1341640786,0.0555555556,3.1481481481,0.7453559925,0.2200000000,0.1469693846,-0.0019841270,2.4012345679,0.0302406141,0.5800000000,0.1720465053,-0.0014204545,2.8710737765,-0.8671445485,0.5800000000,0.1720465053,-0.0014204545,2.8710737765,-0.8671445485
