Instance,INF_avg,INF_sd,INF_r1,INF_kr,INF_sk,SUP_avg,SUP_sd,SUP_r1,SUP_kr,SUP_sk,INC_avg,INC_sd,INC_r1,INC_kr,INC_sk,IND_avg,IND_sd,IND_r1,IND_kr,IND_sk
19,0.2696000000,0.0545879107,0.0532815396,2.8260929252,0.0453444306,0.2348000000,0.0539347754,0.0759969637,2.7937367371,-0.3839507945,0.4956000000,0.0639111884,0.0392989956,2.8202682482,-0.2007152871,0.4956000000,0.0639111884,0.0392989956,2.8202682482,-0.2007152871
