Instance,INF_avg,INF_sd,INF_r1,INF_kr,INF_sk,SUP_avg,SUP_sd,SUP_r1,SUP_kr,SUP_sk,INC_avg,INC_sd,INC_r1,INC_kr,INC_sk,IND_avg,IND_sd,IND_r1,IND_kr,IND_sk
7,0.2340000000,0.0681469001,0.0855619888,2.7944790533,-0.1674449269,0.2320000000,0.0256124969,-0.1127167630,2.7406305770,1.0627434041,0.5340000000,0.0785111457,0.2684905243,2.0110730662,0.3636132939,0.5340000000,0.0785111457,0.2684905243,2.0110730662,0.3636132939
