Instance,INF_avg,INF_sd,INF_r1,INF_kr,INF_sk,SUP_avg,SUP_sd,SUP_r1,SUP_kr,SUP_sk,INC_avg,INC_sd,INC_r1,INC_kr,INC_sk,IND_avg,IND_sd,IND_r1,IND_kr,IND_sk
500,0.3200000000,0.1400000000,-0.0682819383,1.8521449396,-0.3586005831,0.2600000000,0.1280624847,-0.0221674877,3.0975609756,-0.0799914390,0.4200000000,0.1469693846,-0.5935114504,2.1954732510,0.4082482905,0.4200000000,0.1469693846,-0.5935114504,2.1954732510,0.4082482905
