Instance,INF_avg,INF_sd,INF_r1,INF_kr,INF_sk,SUP_avg,SUP_sd,SUP_r1,SUP_kr,SUP_sk,INC_avg,INC_sd,INC_r1,INC_kr,INC_sk,IND_avg,IND_sd,IND_r1,IND_kr,IND_sk
422,0.2320000000,0.1287478155,-0.1998415030,3.2179957812,0.4573005580,0.2380000000,0.1309809146,-0.1593359690,2.8798280299,0.5025765173,0.5300000000,0.1431782106,-0.0671619315,2.6116121356,-0.3720418941,0.5300000000,0.1431782106,-0.0671619315,2.6116121356,-0.3720418941
