Instance,INF_avg,INF_sd,INF_r1,INF_kr,INF_sk,SUP_avg,SUP_sd,SUP_r1,SUP_kr,SUP_sk,INC_avg,INC_sd,INC_r1,INC_kr,INC_sk,IND_avg,IND_sd,IND_r1,IND_kr,IND_sk
231,0.2690000000,0.0853404945,0.3628290391,3.2581315001,0.4674717972,0.2958000000,0.0706141629,0.2935274711,2.6502436001,0.2638460919,0.4352000000,0.0742493098,0.0858750780,2.8577380821,-0.0731500985,0.4352000000,0.0742493098,0.0858750780,2.8577380821,-0.0731500985
