Instance,INF_avg,INF_sd,INF_r1,INF_kr,INF_sk,SUP_avg,SUP_sd,SUP_r1,SUP_kr,SUP_sk,INC_avg,INC_sd,INC_r1,INC_kr,INC_sk,IND_avg,IND_sd,IND_r1,IND_kr,IND_sk
171,0.2671052632,0.1247504434,0.2419478800,2.0814062666,0.2790589225,0.2105263158,0.0918794224,0.2661189319,2.4860807249,-0.1077057900,0.5223684211,0.1110342339,-0.1122796396,3.4760195013,0.0915407310,0.5223684211,0.1110342339,-0.1122796396,3.4760195013,0.0915407310
