Instance,INF_avg,INF_sd,INF_r1,INF_kr,INF_sk,SUP_avg,SUP_sd,SUP_r1,SUP_kr,SUP_sk,INC_avg,INC_sd,INC_r1,INC_kr,INC_sk,IND_avg,IND_sd,IND_r1,IND_kr,IND_sk
331,0.2440000000,0.0512249939,0.0271816881,1.6140690065,0.2056922718,0.2440000000,0.0697423831,0.7422680412,2.0002164127,0.5399570973,0.5120000000,0.0785875308,0.1843088418,2.7004886037,1.1108039135,0.5120000000,0.0785875308,0.1843088418,2.7004886037,1.1108039135
