Instance,INF_avg,INF_sd,INF_r1,INF_kr,INF_sk,SUP_avg,SUP_sd,SUP_r1,SUP_kr,SUP_sk,INC_avg,INC_sd,INC_r1,INC_kr,INC_sk,IND_avg,IND_sd,IND_r1,IND_kr,IND_sk
123,0.2976000000,0.0273905093,0.0550868768,2.4366053492,0.3438315887,0.2172000000,0.0298355493,0.0720598358,2.5297601095,0.2176069821,0.4852000000,0.0327865826,-0.1402479273,2.8164908244,-0.5195166951,0.4852000000,0.0327865826,-0.1402479273,2.8164908244,-0.5195166951
