Instance,INF_avg,INF_sd,INF_r1,INF_kr,INF_sk,SUP_avg,SUP_sd,SUP_r1,SUP_kr,SUP_sk,INC_avg,INC_sd,INC_r1,INC_kr,INC_sk,IND_avg,IND_sd,IND_r1,IND_kr,IND_sk
296,0.4985542169,0.1161130788,0.5229150367,2.6149181107,-0.3815651635,0.1106024096,0.0534440231,0.3859218982,2.8402116254,0.4818119709,0.3908433735,0.0909018380,0.3019991540,3.0861412920,0.4615615891,0.3908433735,0.0909018380,0.3019991540,3.0861412920,0.4615615891
