Instance,INF_avg,INF_sd,INF_r1,INF_kr,INF_sk,SUP_avg,SUP_sd,SUP_r1,SUP_kr,SUP_sk,INC_avg,INC_sd,INC_r1,INC_kr,INC_sk,IND_avg,IND_sd,IND_r1,IND_kr,IND_sk
405,0.2510000000,0.0632297398,0.6643643315,1.8616828424,0.1918965160,0.4309000000,0.0654499045,0.6648884000,2.0756536331,-0.3487006553,0.3181000000,0.0373616113,0.1284901765,2.2342708270,0.0551444512,0.3181000000,0.0373616113,0.1284901765,2.2342708270,0.0551444512
