Instance,INF_avg,INF_sd,INF_r1,INF_kr,INF_sk,SUP_avg,SUP_sd,SUP_r1,SUP_kr,SUP_sk,INC_avg,INC_sd,INC_r1,INC_kr,INC_sk,IND_avg,IND_sd,IND_r1,IND_kr,IND_sk
258,0.2486000000,0.0498000000,0.1083269495,3.7350227238,0.1862169732,0.2660000000,0.0491731634,0.1703779739,2.8121963684,-0.1529006861,0.4854000000,0.0550712266,0.0201437143,4.0030900603,0.5329262692,0.4854000000,0.0550712266,0.0201437143,4.0030900603,0.5329262692
