Instance,INF_avg,INF_sd,INF_r1,INF_kr,INF_sk,SUP_avg,SUP_sd,SUP_r1,SUP_kr,SUP_sk,INC_avg,INC_sd,INC_r1,INC_kr,INC_sk,IND_avg,IND_sd,IND_r1,IND_kr,IND_sk
89,0.2760000000,0.0571314274,-0.2776831346,2.9136660179,0.7262665914,0.2400000000,0.0431277173,-0.3783783784,2.2771418661,-0.2318694479,0.4840000000,0.0583438086,-0.5135597361,1.8751658725,-0.5755823872,0.4840000000,0.0583438086,-0.5135597361,1.8751658725,-0.5755823872
