Instance,INF_avg,INF_sd,INF_r1,INF_kr,INF_sk,SUP_avg,SUP_sd,SUP_r1,SUP_kr,SUP_sk,INC_avg,INC_sd,INC_r1,INC_kr,INC_sk,IND_avg,IND_sd,IND_r1,IND_kr,IND_sk
383,0.2592000000,0.0626047921,0.0243241301,2.8599391159,0.1778817633,0.2320000000,0.0568506816,0.2937909145,1.9656406235,0.3448324600,0.5088000000,0.0688371992,0.0581599100,2.1667557595,0.0725362584,0.5088000000,0.0688371992,0.0581599100,2.1667557595,0.0725362584
