Instance,INF_avg,INF_sd,INF_r1,INF_kr,INF_sk,SUP_avg,SUP_sd,SUP_r1,SUP_kr,SUP_sk,INC_avg,INC_sd,INC_r1,INC_kr,INC_sk,IND_avg,IND_sd,IND_r1,IND_kr,IND_sk
111,0.2742000000,0.0477112146,0.2661722494,3.0199302571,0.1456963621,0.2908000000,0.0472795939,0.0982933530,2.8008439120,0.1645863570,0.4350000000,0.0546351535,0.1567301782,4.8399030328,0.1648210821,0.4350000000,0.0546351535,0.1567301782,4.8399030328,0.1648210821
