Instance,INF_avg,INF_sd,INF_r1,INF_kr,INF_sk,SUP_avg,SUP_sd,SUP_r1,SUP_kr,SUP_sk,INC_avg,INC_sd,INC_r1,INC_kr,INC_sk,IND_avg,IND_sd,IND_r1,IND_kr,IND_sk
181,0.2560000000,0.0338230691,0.0979782271,1.2465401731,-0.3982054807,0.2780000000,0.0416653333,-0.6945218199,1.4837966404,-0.0079633885,0.4660000000,0.0492341345,-0.6571139582,2.1698362906,-0.0406222232,0.4660000000,0.0492341345,-0.6571139582,2.1698362906,-0.0406222232
