Instance,INF_avg,INF_sd,INF_r1,INF_kr,INF_sk,SUP_avg,SUP_sd,SUP_r1,SUP_kr,SUP_sk,INC_avg,INC_sd,INC_r1,INC_kr,INC_sk,IND_avg,IND_sd,IND_r1,IND_kr,IND_sk
35,0.1900000000,0.1044030651,-0.3181367691,2.1594983587,0.7275964809,0.2500000000,0.1688194302,-0.0796460177,1.3988919668,0.4364675941,0.5600000000,0.1113552873,0.2145593870,1.6305931322,-0.0347623165,0.5600000000,0.1113552873,0.2145593870,1.6305931322,-0.0347623165
