Instance,INF_avg,INF_sd,INF_r1,INF_kr,INF_sk,SUP_avg,SUP_sd,SUP_r1,SUP_kr,SUP_sk,INC_avg,INC_sd,INC_r1,INC_kr,INC_sk,IND_avg,IND_sd,IND_r1,IND_kr,IND_sk
97,0.2472000000,0.0592972175,-0.1797094399,2.8918147991,0.1634433596,0.2472000000,0.0568168989,0.1866128926,2.3531696644,0.4604799929,0.5056000000,0.0847622558,-0.1237885446,2.5108062114,-0.4312700810,0.5056000000,0.0847622558,-0.1237885446,2.5108062114,-0.4312700810
