Instance,INF_avg,INF_sd,INF_r1,INF_kr,INF_sk,SUP_avg,SUP_sd,SUP_r1,SUP_kr,SUP_sk,INC_avg,INC_sd,INC_r1,INC_kr,INC_sk,IND_avg,IND_sd,IND_r1,IND_kr,IND_sk
93,0.2480000000,0.0256124969,-0.8741542625,1.6140690065,-0.2056922718,0.2600000000,0.0419523539,-0.7816091954,2.0170454545,-0.5363227065,0.4920000000,0.0271293199,-0.5707964602,2.3638941399,0.7500308204,0.4920000000,0.0271293199,-0.5707964602,2.3638941399,0.7500308204
