Instance,INF_avg,INF_sd,INF_r1,INF_kr,INF_sk,SUP_avg,SUP_sd,SUP_r1,SUP_kr,SUP_sk,INC_avg,INC_sd,INC_r1,INC_kr,INC_sk,IND_avg,IND_sd,IND_r1,IND_kr,IND_sk
283,0.3953305785,0.1047127822,0.9128152436,2.1261766181,0.0567277302,0.1169421488,0.0902232582,0.9315566945,2.1892504236,0.6351522364,0.4877272727,0.0435083349,0.4233124579,3.0460290054,-0.2961442066,0.4877272727,0.0435083349,0.4233124579,3.0460290054,-0.2961442066
