Instance,INF_avg,INF_sd,INF_r1,INF_kr,INF_sk,SUP_avg,SUP_sd,SUP_r1,SUP_kr,SUP_sk,INC_avg,INC_sd,INC_r1,INC_kr,INC_sk,IND_avg,IND_sd,IND_r1,IND_kr,IND_sk
296,0.2784000000,0.0893389053,0.2951107893,2.8279061163,0.2722868811,0.2492000000,0.0521858218,-0.0278993699,2.4051585920,0.1872813817,0.4724000000,0.0824514403,0.1963671464,3.4956651410,0.3249791753,0.4724000000,0.0824514403,0.1963671464,3.4956651410,0.3249791753
