Instance,INF_avg,INF_sd,INF_r1,INF_kr,INF_sk,SUP_avg,SUP_sd,SUP_r1,SUP_kr,SUP_sk,INC_avg,INC_sd,INC_r1,INC_kr,INC_sk,IND_avg,IND_sd,IND_r1,IND_kr,IND_sk
21,0.2340000000,0.1415768343,0.0100217795,2.3169795558,0.1678108727,0.2730000000,0.1271652468,-0.0101310918,3.0773325355,0.4277079442,0.4930000000,0.1537888162,-0.1745624090,2.7254967899,-0.0145675619,0.4930000000,0.1537888162,-0.1745624090,2.7254967899,-0.0145675619
