Instance,INF_avg,INF_sd,INF_r1,INF_kr,INF_sk,SUP_avg,SUP_sd,SUP_r1,SUP_kr,SUP_sk,INC_avg,INC_sd,INC_r1,INC_kr,INC_sk,IND_avg,IND_sd,IND_r1,IND_kr,IND_sk
169,0.2852459016,0.1146428032,-0.0012635450,2.5648357918,0.3066201320,0.1983606557,0.0936365546,0.1113268591,2.9626456335,0.3470554793,0.5163934426,0.1133402362,0.0664633070,2.4749351486,-0.1470122952,0.5163934426,0.1133402362,0.0664633070,2.4749351486,-0.1470122952
