Instance,INF_avg,INF_sd,INF_r1,INF_kr,INF_sk,SUP_avg,SUP_sd,SUP_r1,SUP_kr,SUP_sk,INC_avg,INC_sd,INC_r1,INC_kr,INC_sk,IND_avg,IND_sd,IND_r1,IND_kr,IND_sk
125,0.3414000000,0.0644518425,0.4734209779,2.5306242902,0.0281258447,0.1186000000,0.0720141653,0.8264154671,2.3967344590,0.5710902055,0.5400000000,0.0498397432,0.0183760684,2.8005321011,0.0208397411,0.5400000000,0.0498397432,0.0183760684,2.8005321011,0.0208397411
