Instance,INF_avg,INF_sd,INF_r1,INF_kr,INF_sk,SUP_avg,SUP_sd,SUP_r1,SUP_kr,SUP_sk,INC_avg,INC_sd,INC_r1,INC_kr,INC_sk,IND_avg,IND_sd,IND_r1,IND_kr,IND_sk
450,0.2440000000,0.0233238076,-0.8539325843,1.6280276817,0.3631734744,0.2040000000,0.0407921561,0.2581888247,1.3731508876,0.1527442976,0.5520000000,0.0483321839,0.3243243243,1.3230437230,0.3877276903,0.5520000000,0.0483321839,0.3243243243,1.3230437230,0.3877276903
