Instance,INF_avg,INF_sd,INF_r1,INF_kr,INF_sk,SUP_avg,SUP_sd,SUP_r1,SUP_kr,SUP_sk,INC_avg,INC_sd,INC_r1,INC_kr,INC_sk,IND_avg,IND_sd,IND_r1,IND_kr,IND_sk
348,0.2500000000,0.1048808848,-0.3846153846,1.3429752066,-0.3900528774,0.3600000000,0.1240967365,-0.3618677043,1.7288750211,0.3202361390,0.3900000000,0.1685229955,0.2919389978,2.6300833168,0.9251882364,0.3900000000,0.1685229955,0.2919389978,2.6300833168,0.9251882364
