Instance,INF_avg,INF_sd,INF_r1,INF_kr,INF_sk,SUP_avg,SUP_sd,SUP_r1,SUP_kr,SUP_sk,INC_avg,INC_sd,INC_r1,INC_kr,INC_sk,IND_avg,IND_sd,IND_r1,IND_kr,IND_sk
402,0.2120000000,0.0515363949,0.4219653179,2.4634199448,0.4460527720,0.3080000000,0.0699714227,-1.0059288538,2.5251185441,-0.9236263670,0.4800000000,0.0419523539,-0.3888888889,2.8305785124,-1.1701586323,0.4800000000,0.0419523539,-0.3888888889,2.8305785124,-1.1701586323
