Instance,INF_avg,INF_sd,INF_r1,INF_kr,INF_sk,SUP_avg,SUP_sd,SUP_r1,SUP_kr,SUP_sk,INC_avg,INC_sd,INC_r1,INC_kr,INC_sk,IND_avg,IND_sd,IND_r1,IND_kr,IND_sk
275,0.2320000000,0.1085172797,-0.1698298429,2.7366124173,0.6547745023,0.3080000000,0.1494523335,-0.1691200140,2.5161698180,0.1508084980,0.4600000000,0.1673320053,0.0593768372,2.4363265306,-0.1741618831,0.4600000000,0.1673320053,0.0593768372,2.4363265306,-0.1741618831
