Instance,INF_avg,INF_sd,INF_r1,INF_kr,INF_sk,SUP_avg,SUP_sd,SUP_r1,SUP_kr,SUP_sk,INC_avg,INC_sd,INC_r1,INC_kr,INC_sk,IND_avg,IND_sd,IND_r1,IND_kr,IND_sk
141,0.2460000000,0.0344093011,-0.3723806252,4.3006071950,-1.2353275259,0.2460000000,0.0344093011,0.1745602165,2.9857788532,0.5024961276,0.5080000000,0.0519230199,-0.1255443760,3.1199579110,0.8428364013,0.5080000000,0.0519230199,-0.1255443760,3.1199579110,0.8428364013
