Instance,INF_avg,INF_sd,INF_r1,INF_kr,INF_sk,SUP_avg,SUP_sd,SUP_r1,SUP_kr,SUP_sk,INC_avg,INC_sd,INC_r1,INC_kr,INC_sk,IND_avg,IND_sd,IND_r1,IND_kr,IND_sk
208,0.2520000000,0.1330263132,-0.2042827020,2.4578593174,0.0079930888,0.2960000000,0.1112834219,-0.2691442648,3.5538429181,-0.4435911497,0.4520000000,0.1330263132,-0.1676715256,2.1451641384,0.1099457526,0.4520000000,0.1330263132,-0.1676715256,2.1451641384,0.1099457526
