Instance,INF_avg,INF_sd,INF_r1,INF_kr,INF_sk,SUP_avg,SUP_sd,SUP_r1,SUP_kr,SUP_sk,INC_avg,INC_sd,INC_r1,INC_kr,INC_sk,IND_avg,IND_sd,IND_r1,IND_kr,IND_sk
125,0.3325301205,0.0942547608,0.3157180390,3.1094539828,0.3403537842,0.1734939759,0.0812023166,0.5453250084,2.1099428981,0.0837254707,0.4939759036,0.0791359933,-0.0135586028,3.5635223345,0.6522085098,0.4939759036,0.0791359933,-0.0135586028,3.5635223345,0.6522085098
