Instance,INF_avg,INF_sd,INF_r1,INF_kr,INF_sk,SUP_avg,SUP_sd,SUP_r1,SUP_kr,SUP_sk,INC_avg,INC_sd,INC_r1,INC_kr,INC_sk,IND_avg,IND_sd,IND_r1,IND_kr,IND_sk
4,0.1800000000,0.0979795897,-0.0251046025,1.9479166667,-0.2296396634,0.2700000000,0.0900000000,-0.0486891386,2.2583447645,-0.1975308642,0.5500000000,0.1500000000,0.0786516854,2.4222222222,-0.3555555556,0.5500000000,0.1500000000,0.0786516854,2.4222222222,-0.3555555556
