Instance,INF_avg,INF_sd,INF_r1,INF_kr,INF_sk,SUP_avg,SUP_sd,SUP_r1,SUP_kr,SUP_sk,INC_avg,INC_sd,INC_r1,INC_kr,INC_sk,IND_avg,IND_sd,IND_r1,IND_kr,IND_sk
295,0.2326000000,0.0322837420,0.0068231481,3.0412410661,0.2626636852,0.3014000000,0.0309683710,0.0634354203,2.8774260580,0.0553634066,0.4660000000,0.0320312348,-0.0566356720,2.1501715628,-0.2891914085,0.4660000000,0.0320312348,-0.0566356720,2.1501715628,-0.2891914085
