Instance,INF_avg,INF_sd,INF_r1,INF_kr,INF_sk,SUP_avg,SUP_sd,SUP_r1,SUP_kr,SUP_sk,INC_avg,INC_sd,INC_r1,INC_kr,INC_sk,IND_avg,IND_sd,IND_r1,IND_kr,IND_sk
296,0.5906382979,0.1072030801,0.7928011755,4.2956221385,-1.3538846498,0.0831205674,0.0516553603,0.6468456214,3.9809977423,0.9986339505,0.3262411348,0.0756676103,0.6274803479,4.3785709762,1.1183085415,0.3262411348,0.0756676103,0.6274803479,4.3785709762,1.1183085415
