Instance,INF_avg,INF_sd,INF_r1,INF_kr,INF_sk,SUP_avg,SUP_sd,SUP_r1,SUP_kr,SUP_sk,INC_avg,INC_sd,INC_r1,INC_kr,INC_sk,IND_avg,IND_sd,IND_r1,IND_kr,IND_sk
5,0.2680000000,0.0271293199,-0.3053097345,2.9310018904,1.1731251294,0.2560000000,0.0557135531,-0.0796645702,2.1905090870,-0.6261779404,0.4760000000,0.0344093011,0.0119760479,1.9945215486,-0.3958703373,0.4760000000,0.0344093011,0.0119760479,1.9945215486,-0.3958703373
