Instance,INF_avg,INF_sd,INF_r1,INF_kr,INF_sk,SUP_avg,SUP_sd,SUP_r1,SUP_kr,SUP_sk,INC_avg,INC_sd,INC_r1,INC_kr,INC_sk,IND_avg,IND_sd,IND_r1,IND_kr,IND_sk
6,0.2548000000,0.0753456037,-0.1372078453,2.9872860047,0.2361775989,0.2588000000,0.0656548551,0.1830935007,2.4959719274,0.1074161011,0.4864000000,0.0948632700,-0.0798688574,2.0246641675,-0.1569721315,0.4864000000,0.0948632700,-0.0798688574,2.0246641675,-0.1569721315
