Instance,INF_avg,INF_sd,INF_r1,INF_kr,INF_sk,SUP_avg,SUP_sd,SUP_r1,SUP_kr,SUP_sk,INC_avg,INC_sd,INC_r1,INC_kr,INC_sk,IND_avg,IND_sd,IND_r1,IND_kr,IND_sk
364,0.3230588235,0.0748492372,0.5800065263,2.2713521203,0.1771901864,0.1414117647,0.0675652702,0.7549038928,2.4970720438,0.2506098728,0.5355294118,0.0540262656,-0.0683418797,2.5344924392,0.0190293735,0.5355294118,0.0540262656,-0.0683418797,2.5344924392,0.0190293735
