Instance,INF_avg,INF_sd,INF_r1,INF_kr,INF_sk,SUP_avg,SUP_sd,SUP_r1,SUP_kr,SUP_sk,INC_avg,INC_sd,INC_r1,INC_kr,INC_sk,IND_avg,IND_sd,IND_r1,IND_kr,IND_sk
504,0.1800000000,0.1600000000,0.1021126761,1.4189453125,0.0351562500,0.3400000000,0.1356465997,-0.1504424779,2.9310018904,1.1731251294,0.4800000000,0.1166190379,-0.6233766234,2.6660899654,1.1500493357,0.4800000000,0.1166190379,-0.6233766234,2.6660899654,1.1500493357
