Instance,INF_avg,INF_sd,INF_r1,INF_kr,INF_sk,SUP_avg,SUP_sd,SUP_r1,SUP_kr,SUP_sk,INC_avg,INC_sd,INC_r1,INC_kr,INC_sk,IND_avg,IND_sd,IND_r1,IND_kr,IND_sk
2,0.2720000000,0.0908625335,0.1968105795,1.7627095727,-0.0081902410,0.2360000000,0.0585149554,-0.4041745731,2.5670800943,0.6765584081,0.4920000000,0.0844748483,-0.1348005502,1.7826720827,0.1203956419,0.4920000000,0.0844748483,-0.1348005502,1.7826720827,0.1203956419
