Instance,INF_avg,INF_sd,INF_r1,INF_kr,INF_sk,SUP_avg,SUP_sd,SUP_r1,SUP_kr,SUP_sk,INC_avg,INC_sd,INC_r1,INC_kr,INC_sk,IND_avg,IND_sd,IND_r1,IND_kr,IND_sk
298,0.2800000000,0.0979795897,0.0903387704,2.2669270833,0.4401426882,0.2700000000,0.0959166305,0.1141001855,2.0340264650,-0.0339969153,0.4500000000,0.1095445115,0.0180180180,2.1875000000,0.4792572378,0.4500000000,0.1095445115,0.0180180180,2.1875000000,0.4792572378
