Instance,INF_avg,INF_sd,INF_r1,INF_kr,INF_sk,SUP_avg,SUP_sd,SUP_r1,SUP_kr,SUP_sk,INC_avg,INC_sd,INC_r1,INC_kr,INC_sk,IND_avg,IND_sd,IND_r1,IND_kr,IND_sk
50,0.2520000000,0.1337759321,-0.1780924928,3.0700637808,0.3958206324,0.2950000000,0.1366565037,-0.1730047485,2.7606812793,-0.0273308599,0.4530000000,0.1584013889,-0.2701389889,2.7790837001,-0.0775820700,0.4530000000,0.1584013889,-0.2701389889,2.7790837001,-0.0775820700
