Instance,INF_avg,INF_sd,INF_r1,INF_kr,INF_sk,SUP_avg,SUP_sd,SUP_r1,SUP_kr,SUP_sk,INC_avg,INC_sd,INC_r1,INC_kr,INC_sk,IND_avg,IND_sd,IND_r1,IND_kr,IND_sk
129,0.2701492537,0.1075714624,0.0756720637,2.3683299355,0.1464250844,0.2044776119,0.1084942200,0.2781580808,2.4084185289,0.3406789332,0.5253731343,0.1080260936,0.2561312789,2.6629864602,0.0253415907,0.5253731343,0.1080260936,0.2561312789,2.6629864602,0.0253415907
