Instance,INF_avg,INF_sd,INF_r1,INF_kr,INF_sk,SUP_avg,SUP_sd,SUP_r1,SUP_kr,SUP_sk,INC_avg,INC_sd,INC_r1,INC_kr,INC_sk,IND_avg,IND_sd,IND_r1,IND_kr,IND_sk
23,0.3719565217,0.0987777383,0.3463394035,2.9584929064,0.2241687331,0.1163043478,0.0692775984,0.6762012337,2.7842558453,0.6013918032,0.5117391304,0.0784719376,0.0312104239,3.0342326884,0.0402138770,0.5117391304,0.0784719376,0.0312104239,3.0342326884,0.0402138770
