Instance,INF_avg,INF_sd,INF_r1,INF_kr,INF_sk,SUP_avg,SUP_sd,SUP_r1,SUP_kr,SUP_sk,INC_avg,INC_sd,INC_r1,INC_kr,INC_sk,IND_avg,IND_sd,IND_r1,IND_kr,IND_sk
244,0.3080000000,0.0986711711,0.1809995199,2.6105254309,-0.3478599326,0.2620000000,0.1218851919,0.3384618700,2.0177449340,0.2338597358,0.4300000000,0.0848528137,0.0256839754,2.4722222222,0.1964185503,0.4300000000,0.0848528137,0.0256839754,2.4722222222,0.1964185503
