Instance,INF_avg,INF_sd,INF_r1,INF_kr,INF_sk,SUP_avg,SUP_sd,SUP_r1,SUP_kr,SUP_sk,INC_avg,INC_sd,INC_r1,INC_kr,INC_sk,IND_avg,IND_sd,IND_r1,IND_kr,IND_sk
468,0.2392000000,0.0471525185,0.2817105991,2.8144193903,-0.2016789803,0.2312000000,0.0438470067,0.0102899221,3.3596095962,0.1726846359,0.5296000000,0.0426595827,-0.1650422772,3.5711347847,0.9426827791,0.5296000000,0.0426595827,-0.1650422772,3.5711347847,0.9426827791
