Instance,INF_avg,INF_sd,INF_r1,INF_kr,INF_sk,SUP_avg,SUP_sd,SUP_r1,SUP_kr,SUP_sk,INC_avg,INC_sd,INC_r1,INC_kr,INC_sk,IND_avg,IND_sd,IND_r1,IND_kr,IND_sk
175,0.2600000000,0.1200000000,0.2378917379,3.8504050926,1.1093750000,0.2350000000,0.0975961065,0.0265719547,1.4454088908,-0.1403825203,0.5050000000,0.1105667219,0.0205864005,2.6042756596,-0.2929691454,0.5050000000,0.1105667219,0.0205864005,2.6042756596,-0.2929691454
