Instance,INF_avg,INF_sd,INF_r1,INF_kr,INF_sk,SUP_avg,SUP_sd,SUP_r1,SUP_kr,SUP_sk,INC_avg,INC_sd,INC_r1,INC_kr,INC_sk,IND_avg,IND_sd,IND_r1,IND_kr,IND_sk
253,0.2790000000,0.1053992410,-0.0012592121,3.1939327208,0.0419581793,0.2760000000,0.1030727898,-0.0325659022,3.4360238866,0.8001970191,0.4450000000,0.1217579566,0.1471142901,2.7058828548,-0.0747896870,0.4450000000,0.1217579566,0.1471142901,2.7058828548,-0.0747896870
