Instance,INF_avg,INF_sd,INF_r1,INF_kr,INF_sk,SUP_avg,SUP_sd,SUP_r1,SUP_kr,SUP_sk,INC_avg,INC_sd,INC_r1,INC_kr,INC_sk,IND_avg,IND_sd,IND_r1,IND_kr,IND_sk
55,0.2754000000,0.0366720602,-0.2634749361,4.1123798655,0.4322175453,0.2504000000,0.0441343404,-0.0168777491,3.0715293190,0.2915378556,0.4742000000,0.0491157816,-0.1192669740,3.4488371877,-0.2434893610,0.4742000000,0.0491157816,-0.1192669740,3.4488371877,-0.2434893610
