Instance,INF_avg,INF_sd,INF_r1,INF_kr,INF_sk,SUP_avg,SUP_sd,SUP_r1,SUP_kr,SUP_sk,INC_avg,INC_sd,INC_r1,INC_kr,INC_sk,IND_avg,IND_sd,IND_r1,IND_kr,IND_sk
417,0.3037500000,0.0951232753,0.1467891133,2.7599307436,0.4589514772,0.1862500000,0.0741514497,0.3043126207,2.7448700720,-0.1654697381,0.5100000000,0.1073545528,0.3247545768,3.0021127324,0.3461273924,0.5100000000,0.1073545528,0.3247545768,3.0021127324,0.3461273924
