Instance,INF_avg,INF_sd,INF_r1,INF_kr,INF_sk,SUP_avg,SUP_sd,SUP_r1,SUP_kr,SUP_sk,INC_avg,INC_sd,INC_r1,INC_kr,INC_sk,IND_avg,IND_sd,IND_r1,IND_kr,IND_sk
381,0.2240000000,0.0643739078,0.3337218337,2.4339622993,0.3523994267,0.2520000000,0.0455631430,0.1582108097,2.3521111074,-0.4531601089,0.5240000000,0.0467332858,-0.2650602410,2.3742502918,-0.6532276089,0.5240000000,0.0467332858,-0.2650602410,2.3742502918,-0.6532276089
