Instance,INF_avg,INF_sd,INF_r1,INF_kr,INF_sk,SUP_avg,SUP_sd,SUP_r1,SUP_kr,SUP_sk,INC_avg,INC_sd,INC_r1,INC_kr,INC_sk,IND_avg,IND_sd,IND_r1,IND_kr,IND_sk
102,0.2500000000,0.1000000000,-0.0909090909,2.5900000000,-0.3000000000,0.2580000000,0.0945304184,0.0131461117,3.0579499378,0.5505041881,0.4920000000,0.1137365377,-0.0689422440,2.2696276689,-0.2915960102,0.4920000000,0.1137365377,-0.0689422440,2.2696276689,-0.2915960102
