Instance,INF_avg,INF_sd,INF_r1,INF_kr,INF_sk,SUP_avg,SUP_sd,SUP_r1,SUP_kr,SUP_sk,INC_avg,INC_sd,INC_r1,INC_kr,INC_sk,IND_avg,IND_sd,IND_r1,IND_kr,IND_sk
269,0.1990000000,0.0355527777,-0.7157242448,1.6276638359,0.4977445840,0.2700000000,0.0368781778,-0.5969581749,2.1910142734,0.8164799860,0.5310000000,0.0434050688,-0.8092504691,1.8249929003,0.3273855212,0.5310000000,0.0434050688,-0.8092504691,1.8249929003,0.3273855212
