Instance,INF_avg,INF_sd,INF_r1,INF_kr,INF_sk,SUP_avg,SUP_sd,SUP_r1,SUP_kr,SUP_sk,INC_avg,INC_sd,INC_r1,INC_kr,INC_sk,IND_avg,IND_sd,IND_r1,IND_kr,IND_sk
79,0.2520000000,0.1571496102,-0.0463945169,2.5554060210,0.3264176360,0.2330000000,0.1476854766,-0.1271191775,4.5870514521,0.9669703870,0.5150000000,0.1651514456,-0.0728694709,2.4929550249,0.2795534270,0.5150000000,0.1651514456,-0.0728694709,2.4929550249,0.2795534270
