Instance,INF_avg,INF_sd,INF_r1,INF_kr,INF_sk,SUP_avg,SUP_sd,SUP_r1,SUP_kr,SUP_sk,INC_avg,INC_sd,INC_r1,INC_kr,INC_sk,IND_avg,IND_sd,IND_r1,IND_kr,IND_sk
47,0.3000000000,0.1000000000,-0.3232323232,2.0800000000,-0.2100000000,0.2120000000,0.1051475154,-0.1596763620,1.9030092297,-0.3438625732,0.4880000000,0.1022545842,-0.3662519690,3.2265878686,-0.6564469806,0.4880000000,0.1022545842,-0.3662519690,3.2265878686,-0.6564469806
