Instance,INF_avg,INF_sd,INF_r1,INF_kr,INF_sk,SUP_avg,SUP_sd,SUP_r1,SUP_kr,SUP_sk,INC_avg,INC_sd,INC_r1,INC_kr,INC_sk,IND_avg,IND_sd,IND_r1,IND_kr,IND_sk
204,0.2904000000,0.0534774719,-0.2085738135,2.5797763299,-0.2481536104,0.2412000000,0.0391223721,-0.0475487276,2.7453086579,-0.5790287776,0.4684000000,0.0429585847,-0.3818697849,3.5809440017,-0.0082973363,0.4684000000,0.0429585847,-0.3818697849,3.5809440017,-0.0082973363
