Instance,INF_avg,INF_sd,INF_r1,INF_kr,INF_sk,SUP_avg,SUP_sd,SUP_r1,SUP_kr,SUP_sk,INC_avg,INC_sd,INC_r1,INC_kr,INC_sk,IND_avg,IND_sd,IND_r1,IND_kr,IND_sk
189,0.2520000000,0.0556417110,0.4808982211,1.5652805320,-0.2321051682,0.2380000000,0.0305941171,0.2636684303,2.1747753671,0.5665577237,0.5100000000,0.0268328157,0.6666666667,1.2500000000,0.0000000000,0.5100000000,0.0268328157,0.6666666667,1.2500000000,0.0000000000
