Instance,INF_avg,INF_sd,INF_r1,INF_kr,INF_sk,SUP_avg,SUP_sd,SUP_r1,SUP_kr,SUP_sk,INC_avg,INC_sd,INC_r1,INC_kr,INC_sk,IND_avg,IND_sd,IND_r1,IND_kr,IND_sk
374,0.4096153846,0.1351773982,0.2240350179,2.3475577694,0.2631048616,0.1557692308,0.0858519780,0.2037474866,2.1507773444,0.2767563883,0.4346153846,0.1089894409,0.1631195475,2.2937567559,-0.4501025295,0.4346153846,0.1089894409,0.1631195475,2.2937567559,-0.4501025295
