Instance,INF_avg,INF_sd,INF_r1,INF_kr,INF_sk,SUP_avg,SUP_sd,SUP_r1,SUP_kr,SUP_sk,INC_avg,INC_sd,INC_r1,INC_kr,INC_sk,IND_avg,IND_sd,IND_r1,IND_kr,IND_sk
377,0.2350000000,0.1458595215,-0.0475163267,2.3296805721,0.2685164947,0.2660000000,0.1258729518,0.0756952182,2.3999417828,0.0578600028,0.4990000000,0.1299961538,-0.0773358798,2.1820494664,-0.1999731426,0.4990000000,0.1299961538,-0.0773358798,2.1820494664,-0.1999731426
