Instance,INF_avg,INF_sd,INF_r1,INF_kr,INF_sk,SUP_avg,SUP_sd,SUP_r1,SUP_kr,SUP_sk,INC_avg,INC_sd,INC_r1,INC_kr,INC_sk,IND_avg,IND_sd,IND_r1,IND_kr,IND_sk
366,0.2560000000,0.0983056458,-0.2591458997,2.3430188095,-0.0728064468,0.2620000000,0.0851821578,-0.0002427506,2.2471497565,-0.0371213039,0.4820000000,0.1231909088,-0.2984286251,1.8154891237,0.0964598219,0.4820000000,0.1231909088,-0.2984286251,1.8154891237,0.0964598219
