Instance,INF_avg,INF_sd,INF_r1,INF_kr,INF_sk,SUP_avg,SUP_sd,SUP_r1,SUP_kr,SUP_sk,INC_avg,INC_sd,INC_r1,INC_kr,INC_sk,IND_avg,IND_sd,IND_r1,IND_kr,IND_sk
369,0.2616000000,0.0417305643,0.0008605432,4.6165596850,0.3874569753,0.2458000000,0.0428060743,-0.2541034858,3.9993095585,0.6188706508,0.4926000000,0.0418000000,0.1862552441,4.3535344085,-0.9012990988,0.4926000000,0.0418000000,0.1862552441,4.3535344085,-0.9012990988
