Instance,INF_avg,INF_sd,INF_r1,INF_kr,INF_sk,SUP_avg,SUP_sd,SUP_r1,SUP_kr,SUP_sk,INC_avg,INC_sd,INC_r1,INC_kr,INC_sk,IND_avg,IND_sd,IND_r1,IND_kr,IND_sk
20,0.2800000000,0.1523154621,-0.1436541144,2.0112960761,0.4754198431,0.2960000000,0.1586946754,-0.0491544707,5.0742457243,1.3867582875,0.4240000000,0.1680000000,-0.0388298838,2.1483178305,-0.1784094590,0.4240000000,0.1680000000,-0.0388298838,2.1483178305,-0.1784094590
