Instance,INF_avg,INF_sd,INF_r1,INF_kr,INF_sk,SUP_avg,SUP_sd,SUP_r1,SUP_kr,SUP_sk,INC_avg,INC_sd,INC_r1,INC_kr,INC_sk,IND_avg,IND_sd,IND_r1,IND_kr,IND_sk
489,0.4461600000,0.0898067614,0.7308853054,2.4037515882,-0.1656844733,0.1096800000,0.0619281648,0.7847626271,3.0650178806,0.8668347125,0.4441600000,0.0505360703,0.1693475961,3.2969665321,-0.1684174464,0.4441600000,0.0505360703,0.1693475961,3.2969665321,-0.1684174464
