Instance,INF_avg,INF_sd,INF_r1,INF_kr,INF_sk,SUP_avg,SUP_sd,SUP_r1,SUP_kr,SUP_sk,INC_avg,INC_sd,INC_r1,INC_kr,INC_sk,IND_avg,IND_sd,IND_r1,IND_kr,IND_sk
171,0.2565000000,0.0960872000,0.0387816572,2.4174328853,0.4237582520,0.2600000000,0.0845576726,0.0175413778,2.4645703946,-0.0793929930,0.4835000000,0.0956700057,0.0714552939,2.5545677610,-0.3639571323,0.4835000000,0.0956700057,0.0714552939,2.5545677610,-0.3639571323
