Instance,INF_avg,INF_sd,INF_r1,INF_kr,INF_sk,SUP_avg,SUP_sd,SUP_r1,SUP_kr,SUP_sk,INC_avg,INC_sd,INC_r1,INC_kr,INC_sk,IND_avg,IND_sd,IND_r1,IND_kr,IND_sk
23,0.2648000000,0.0607368093,-0.0564754122,2.9273959165,-0.5717847791,0.2368000000,0.0631645470,0.2279396555,2.2037933182,-0.0205765943,0.4984000000,0.0825435643,0.1266685870,2.3448967329,0.5178977528,0.4984000000,0.0825435643,0.1266685870,2.3448967329,0.5178977528
