Instance,INF_avg,INF_sd,INF_r1,INF_kr,INF_sk,SUP_avg,SUP_sd,SUP_r1,SUP_kr,SUP_sk,INC_avg,INC_sd,INC_r1,INC_kr,INC_sk,IND_avg,IND_sd,IND_r1,IND_kr,IND_sk
222,0.3460000000,0.1318483978,0.1086215407,3.4526727318,0.1521221668,0.2200000000,0.1019803903,0.0245327103,2.2867973373,0.0594005602,0.4340000000,0.1226539849,-0.0508039476,2.7330722021,0.2580784251,0.4340000000,0.1226539849,-0.0508039476,2.7330722021,0.2580784251
