Instance,INF_avg,INF_sd,INF_r1,INF_kr,INF_sk,SUP_avg,SUP_sd,SUP_r1,SUP_kr,SUP_sk,INC_avg,INC_sd,INC_r1,INC_kr,INC_sk,IND_avg,IND_sd,IND_r1,IND_kr,IND_sk
161,0.3681818182,0.1192261550,-0.1652542373,1.6943533667,0.3301549717,0.1454545455,0.0890723543,0.4981250000,2.4453938802,0.4265875691,0.4863636364,0.1399527665,-0.5466491459,2.1975778454,-0.5648790561,0.4863636364,0.1399527665,-0.5466491459,2.1975778454,-0.5648790561
