Instance,INF_avg,INF_sd,INF_r1,INF_kr,INF_sk,SUP_avg,SUP_sd,SUP_r1,SUP_kr,SUP_sk,INC_avg,INC_sd,INC_r1,INC_kr,INC_sk,IND_avg,IND_sd,IND_r1,IND_kr,IND_sk
235,0.2448000000,0.0343650986,0.1545214268,2.4570106059,0.0406217191,0.2448000000,0.0316853278,-0.0051006057,2.6060700133,0.2059798447,0.5104000000,0.0335535393,-0.0462532013,2.7314082720,0.1185656998,0.5104000000,0.0335535393,-0.0462532013,2.7314082720,0.1185656998
