Instance,INF_avg,INF_sd,INF_r1,INF_kr,INF_sk,SUP_avg,SUP_sd,SUP_r1,SUP_kr,SUP_sk,INC_avg,INC_sd,INC_r1,INC_kr,INC_sk,IND_avg,IND_sd,IND_r1,IND_kr,IND_sk
487,0.2930000000,0.0455631430,-0.7653897932,1.3435436088,-0.2541096579,0.1870000000,0.0128840987,0.0524781341,1.2876324575,0.3955562318,0.5200000000,0.0427784993,-0.8201892744,1.7098898146,0.6572169332,0.5200000000,0.0427784993,-0.8201892744,1.7098898146,0.6572169332
