Instance,INF_avg,INF_sd,INF_r1,INF_kr,INF_sk,SUP_avg,SUP_sd,SUP_r1,SUP_kr,SUP_sk,INC_avg,INC_sd,INC_r1,INC_kr,INC_sk,IND_avg,IND_sd,IND_r1,IND_kr,IND_sk
303,0.2300000000,0.0812403840,-0.1654135338,1.4421487603,0.3804646085,0.2600000000,0.0860232527,-0.4942528736,1.9945215486,0.3958703373,0.5100000000,0.0583095189,-0.8283582090,1.6280276817,0.3631734744,0.5100000000,0.0583095189,-0.8283582090,1.6280276817,0.3631734744
