Instance,INF_avg,INF_sd,INF_r1,INF_kr,INF_sk,SUP_avg,SUP_sd,SUP_r1,SUP_kr,SUP_sk,INC_avg,INC_sd,INC_r1,INC_kr,INC_sk,IND_avg,IND_sd,IND_r1,IND_kr,IND_sk
40,0.2560000000,0.0941488184,-0.1394535187,2.2839172607,0.2938546172,0.2120000000,0.1012719112,-0.0610483267,3.6301891545,0.5671390687,0.5320000000,0.1295221989,0.0302755280,2.7035716941,-0.1671820840,0.5320000000,0.1295221989,0.0302755280,2.7035716941,-0.1671820840
