Instance,INF_avg,INF_sd,INF_r1,INF_kr,INF_sk,SUP_avg,SUP_sd,SUP_r1,SUP_kr,SUP_sk,INC_avg,INC_sd,INC_r1,INC_kr,INC_sk,IND_avg,IND_sd,IND_r1,IND_kr,IND_sk
177,0.2510000000,0.0311287648,0.1880029261,1.8522782096,-0.2323316772,0.2590000000,0.0418210473,-0.0546073083,2.2008155604,0.3410758901,0.4900000000,0.0366060104,-0.3458646617,2.1597237692,0.3669571106,0.4900000000,0.0366060104,-0.3458646617,2.1597237692,0.3669571106
