Instance,INF_avg,INF_sd,INF_r1,INF_kr,INF_sk,SUP_avg,SUP_sd,SUP_r1,SUP_kr,SUP_sk,INC_avg,INC_sd,INC_r1,INC_kr,INC_sk,IND_avg,IND_sd,IND_r1,IND_kr,IND_sk
383,0.4434317343,0.1016598134,0.8809498602,2.0534902731,-0.1503051753,0.0878228782,0.0722239112,0.9131906604,2.6571001688,0.8877638676,0.4687453875,0.0483213960,0.4296542043,3.1735480769,-0.2219616157,0.4687453875,0.0483213960,0.4296542043,3.1735480769,-0.2219616157
