Instance,INF_avg,INF_sd,INF_r1,INF_kr,INF_sk,SUP_avg,SUP_sd,SUP_r1,SUP_kr,SUP_sk,INC_avg,INC_sd,INC_r1,INC_kr,INC_sk,IND_avg,IND_sd,IND_r1,IND_kr,IND_sk
82,0.2000000000,0.0419523539,-0.5116279070,2.2727272727,0.5850793161,0.2920000000,0.0581033562,-0.1657169991,3.9192066665,-0.4815736042,0.5080000000,0.0411825206,0.1627021884,1.8015307939,0.2803900697,0.5080000000,0.0411825206,0.1627021884,1.8015307939,0.2803900697
