Instance,INF_avg,INF_sd,INF_r1,INF_kr,INF_sk,SUP_avg,SUP_sd,SUP_r1,SUP_kr,SUP_sk,INC_avg,INC_sd,INC_r1,INC_kr,INC_sk,IND_avg,IND_sd,IND_r1,IND_kr,IND_sk
258,0.3350943396,0.0739102628,0.0196226596,2.8134253852,0.2640884105,0.1350943396,0.0742159684,0.5462719759,2.2999057710,0.2979167919,0.5298113208,0.0745929980,-0.0006963522,2.3998982953,-0.2433965906,0.5298113208,0.0745929980,-0.0006963522,2.3998982953,-0.2433965906
