Instance,INF_avg,INF_sd,INF_r1,INF_kr,INF_sk,SUP_avg,SUP_sd,SUP_r1,SUP_kr,SUP_sk,INC_avg,INC_sd,INC_r1,INC_kr,INC_sk,IND_avg,IND_sd,IND_r1,IND_kr,IND_sk
67,0.2235000000,0.0368137203,0.6838129429,2.4488034450,0.1831864360,0.2845000000,0.0311809237,-0.0258420726,1.7121520364,0.0922295818,0.4920000000,0.0377624152,-0.2046690843,2.2963251103,0.0591652199,0.4920000000,0.0377624152,-0.2046690843,2.2963251103,0.0591652199
