Instance,INF_avg,INF_sd,INF_r1,INF_kr,INF_sk,SUP_avg,SUP_sd,SUP_r1,SUP_kr,SUP_sk,INC_avg,INC_sd,INC_r1,INC_kr,INC_sk,IND_avg,IND_sd,IND_r1,IND_kr,IND_sk
188,0.4476712329,0.0956380240,0.7012658802,2.4222624009,-0.2375006934,0.0921232877,0.0655765672,0.8137169678,2.5976934711,0.7725775111,0.4602054795,0.0563680321,0.0702281707,2.6922141884,0.0348405046,0.4602054795,0.0563680321,0.0702281707,2.6922141884,0.0348405046
