Instance,INF_avg,INF_sd,INF_r1,INF_kr,INF_sk,SUP_avg,SUP_sd,SUP_r1,SUP_kr,SUP_sk,INC_avg,INC_sd,INC_r1,INC_kr,INC_sk,IND_avg,IND_sd,IND_r1,IND_kr,IND_sk
343,0.1800000000,0.1166190379,0.4985250737,2.1470588235,0.3934379306,0.2800000000,0.0871779789,-0.2698412698,2.6786703601,-0.5071295170,0.5400000000,0.1496662955,-0.0701438849,1.9904336735,0.1932871482,0.5400000000,0.1496662955,-0.0701438849,1.9904336735,0.1932871482
