Instance,INF_avg,INF_sd,INF_r1,INF_kr,INF_sk,SUP_avg,SUP_sd,SUP_r1,SUP_kr,SUP_sk,INC_avg,INC_sd,INC_r1,INC_kr,INC_sk,IND_avg,IND_sd,IND_r1,IND_kr,IND_sk
102,0.2440000000,0.0735391052,-0.0176883935,2.7459297644,0.7338204193,0.2560000000,0.0701997151,-0.2899786780,2.0511047394,0.0277501404,0.5000000000,0.0811911325,0.0024271845,2.8230747479,0.5919150397,0.5000000000,0.0811911325,0.0024271845,2.8230747479,0.5919150397
