Instance,INF_avg,INF_sd,INF_r1,INF_kr,INF_sk,SUP_avg,SUP_sd,SUP_r1,SUP_kr,SUP_sk,INC_avg,INC_sd,INC_r1,INC_kr,INC_sk,IND_avg,IND_sd,IND_r1,IND_kr,IND_sk
417,0.2360000000,0.1228983320,-0.1632505108,2.5519022910,0.3243689816,0.2300000000,0.1153256259,-0.0862521216,3.8410876816,0.7275900195,0.5340000000,0.1557048490,-0.2551154211,2.4495323503,-0.1621740031,0.5340000000,0.1557048490,-0.2551154211,2.4495323503,-0.1621740031
