Instance,INF_avg,INF_sd,INF_r1,INF_kr,INF_sk,SUP_avg,SUP_sd,SUP_r1,SUP_kr,SUP_sk,INC_avg,INC_sd,INC_r1,INC_kr,INC_sk,IND_avg,IND_sd,IND_r1,IND_kr,IND_sk
264,0.1400000000,0.1496662955,0.0590405904,2.1339285714,0.7301958931,0.3200000000,0.1833030278,-0.0869565217,1.2091836735,-0.2961528510,0.5400000000,0.0800000000,-0.2500000000,3.2500000000,1.5000000000,0.5400000000,0.0800000000,-0.2500000000,3.2500000000,1.5000000000
