Instance,INF_avg,INF_sd,INF_r1,INF_kr,INF_sk,SUP_avg,SUP_sd,SUP_r1,SUP_kr,SUP_sk,INC_avg,INC_sd,INC_r1,INC_kr,INC_sk,IND_avg,IND_sd,IND_r1,IND_kr,IND_sk
153,0.2568000000,0.0509682254,-0.1859496891,2.4847412346,-0.0530858400,0.2304000000,0.0602979270,0.1123656645,3.5191890713,0.3021294341,0.5128000000,0.0619367419,-0.0017677226,2.8380243774,-0.0658490962,0.5128000000,0.0619367419,-0.0017677226,2.8380243774,-0.0658490962
