Instance,INF_avg,INF_sd,INF_r1,INF_kr,INF_sk,SUP_avg,SUP_sd,SUP_r1,SUP_kr,SUP_sk,INC_avg,INC_sd,INC_r1,INC_kr,INC_sk,IND_avg,IND_sd,IND_r1,IND_kr,IND_sk
378,0.2470000000,0.0961301201,-0.0926929648,2.3005067059,0.4060344387,0.2470000000,0.0945568612,-0.0740625580,2.9042251169,0.1750535148,0.5060000000,0.1084619749,0.1525641120,2.0737148275,-0.2131499739,0.5060000000,0.1084619749,0.1525641120,2.0737148275,-0.2131499739
