Instance,INF_avg,INF_sd,INF_r1,INF_kr,INF_sk,SUP_avg,SUP_sd,SUP_r1,SUP_kr,SUP_sk,INC_avg,INC_sd,INC_r1,INC_kr,INC_sk,IND_avg,IND_sd,IND_r1,IND_kr,IND_sk
70,0.1920000000,0.1055272477,-0.0092375982,2.3414833532,-0.2486692289,0.2760000000,0.1606984754,-0.1409387582,3.2519289857,1.0297055932,0.5320000000,0.1489160838,-0.3133927022,2.9793201027,-0.6303558857,0.5320000000,0.1489160838,-0.3133927022,2.9793201027,-0.6303558857
