Instance,INF_avg,INF_sd,INF_r1,INF_kr,INF_sk,SUP_avg,SUP_sd,SUP_r1,SUP_kr,SUP_sk,INC_avg,INC_sd,INC_r1,INC_kr,INC_sk,IND_avg,IND_sd,IND_r1,IND_kr,IND_sk
316,0.2500000000,0.0670820393,-0.0588235294,2.7777777778,0.9938079900,0.2200000000,0.1248999600,0.0677966102,1.7337278107,-0.3818440591,0.5300000000,0.1486606875,-0.0931806351,1.4327511722,0.0255676537,0.5300000000,0.1486606875,-0.0931806351,1.4327511722,0.0255676537
