Instance,INF_avg,INF_sd,INF_r1,INF_kr,INF_sk,SUP_avg,SUP_sd,SUP_r1,SUP_kr,SUP_sk,INC_avg,INC_sd,INC_r1,INC_kr,INC_sk,IND_avg,IND_sd,IND_r1,IND_kr,IND_sk
227,0.3040000000,0.0649923072,-0.4085125055,2.6000344353,-0.0391654744,0.1920000000,0.0620966988,0.0537084399,3.8120383602,0.9967054190,0.5040000000,0.0637495098,-0.3848697809,4.5942401885,-1.5162691858,0.5040000000,0.0637495098,-0.3848697809,4.5942401885,-1.5162691858
