Instance,INF_avg,INF_sd,INF_r1,INF_kr,INF_sk,SUP_avg,SUP_sd,SUP_r1,SUP_kr,SUP_sk,INC_avg,INC_sd,INC_r1,INC_kr,INC_sk,IND_avg,IND_sd,IND_r1,IND_kr,IND_sk
463,0.3600000000,0.1624807681,0.4839857651,1.4421487603,0.3804646085,0.1600000000,0.1200000000,-0.4327485380,1.3981481481,0.1111111111,0.4800000000,0.1166190379,-0.0064935065,2.6660899654,1.1500493357,0.4800000000,0.1166190379,-0.0064935065,2.6660899654,1.1500493357
