Instance,INF_avg,INF_sd,INF_r1,INF_kr,INF_sk,SUP_avg,SUP_sd,SUP_r1,SUP_kr,SUP_sk,INC_avg,INC_sd,INC_r1,INC_kr,INC_sk,IND_avg,IND_sd,IND_r1,IND_kr,IND_sk
455,0.5552727273,0.1512415833,0.9160864364,2.0302027959,-0.3961024473,0.1072727273,0.0838115754,0.8913396252,2.7237983997,0.8367733316,0.3374545455,0.0767218869,0.8279901738,2.0749760177,0.1011799948,0.3374545455,0.0767218869,0.8279901738,2.0749760177,0.1011799948
