Instance,INF_avg,INF_sd,INF_r1,INF_kr,INF_sk,SUP_avg,SUP_sd,SUP_r1,SUP_kr,SUP_sk,INC_avg,INC_sd,INC_r1,INC_kr,INC_sk,IND_avg,IND_sd,IND_r1,IND_kr,IND_sk
356,0.1740000000,0.0975909832,-0.1526924482,2.4315797346,-0.1071077532,0.2700000000,0.1374772708,0.1028492744,2.6004031242,0.3648510757,0.5560000000,0.1373462777,0.0757109589,3.2237372854,-0.2411393554,0.5560000000,0.1373462777,0.0757109589,3.2237372854,-0.2411393554
