Instance,INF_avg,INF_sd,INF_r1,INF_kr,INF_sk,SUP_avg,SUP_sd,SUP_r1,SUP_kr,SUP_sk,INC_avg,INC_sd,INC_r1,INC_kr,INC_sk,IND_avg,IND_sd,IND_r1,IND_kr,IND_sk
301,0.2400000000,0.1428285686,-0.0762331839,1.7866205306,0.5106903836,0.2000000000,0.1095445115,-0.0909090909,1.6666666667,0.4564354646,0.5600000000,0.0916515139,0.0796019900,2.1020408163,0.0935219530,0.5600000000,0.0916515139,0.0796019900,2.1020408163,0.0935219530
