Instance,INF_avg,INF_sd,INF_r1,INF_kr,INF_sk,SUP_avg,SUP_sd,SUP_r1,SUP_kr,SUP_sk,INC_avg,INC_sd,INC_r1,INC_kr,INC_sk,IND_avg,IND_sd,IND_r1,IND_kr,IND_sk
97,0.2820000000,0.0300998339,-0.1734129617,1.8113752321,0.3467489599,0.2240000000,0.0177200451,-0.1567877629,2.8759990263,-1.2099004415,0.4940000000,0.0208326667,-0.2070566388,1.4837966404,-0.0079633885,0.4940000000,0.0208326667,-0.2070566388,1.4837966404,-0.0079633885
