Instance,INF_avg,INF_sd,INF_r1,INF_kr,INF_sk,SUP_avg,SUP_sd,SUP_r1,SUP_kr,SUP_sk,INC_avg,INC_sd,INC_r1,INC_kr,INC_sk,IND_avg,IND_sd,IND_r1,IND_kr,IND_sk
108,0.2776000000,0.0439344967,-0.1880806503,3.5968590539,-0.2859347773,0.2604000000,0.0439527019,0.4640261025,6.3033510650,1.3072932187,0.4620000000,0.0561426754,0.0012192644,4.0120461749,-0.0040686767,0.4620000000,0.0561426754,0.0012192644,4.0120461749,-0.0040686767
