Instance,INF_avg,INF_sd,INF_r1,INF_kr,INF_sk,SUP_avg,SUP_sd,SUP_r1,SUP_kr,SUP_sk,INC_avg,INC_sd,INC_r1,INC_kr,INC_sk,IND_avg,IND_sd,IND_r1,IND_kr,IND_sk
426,0.2944444444,0.1508207996,0.1881063374,3.6813901382,1.0659796166,0.2333333333,0.1290994449,0.0361990950,2.3333333333,0.2926254084,0.4722222222,0.1406554322,0.4094733856,3.6372209959,1.2190655514,0.4722222222,0.1406554322,0.4094733856,3.6372209959,1.2190655514
