Instance,INF_avg,INF_sd,INF_r1,INF_kr,INF_sk,SUP_avg,SUP_sd,SUP_r1,SUP_kr,SUP_sk,INC_avg,INC_sd,INC_r1,INC_kr,INC_sk,IND_avg,IND_sd,IND_r1,IND_kr,IND_sk
36,0.2440000000,0.1251559028,-0.0282077523,2.7345731245,0.0444634410,0.2620000000,0.1474991525,-0.1422956458,2.8645720926,0.1854339559,0.4940000000,0.1475262688,-0.0515952470,2.3965647971,-0.0274177930,0.4940000000,0.1475262688,-0.0515952470,2.3965647971,-0.0274177930
