Instance,INF_avg,INF_sd,INF_r1,INF_kr,INF_sk,SUP_avg,SUP_sd,SUP_r1,SUP_kr,SUP_sk,INC_avg,INC_sd,INC_r1,INC_kr,INC_sk,IND_avg,IND_sd,IND_r1,IND_kr,IND_sk
369,0.2360000000,0.0600000000,0.0564358198,2.8024296296,0.0906666667,0.3012000000,0.0750903456,0.0047974251,2.3125479655,-0.0037329681,0.4628000000,0.0666945275,0.3191533714,2.2977433106,0.1042697944,0.4628000000,0.0666945275,0.3191533714,2.2977433106,0.1042697944
