Instance,INF_avg,INF_sd,INF_r1,INF_kr,INF_sk,SUP_avg,SUP_sd,SUP_r1,SUP_kr,SUP_sk,INC_avg,INC_sd,INC_r1,INC_kr,INC_sk,IND_avg,IND_sd,IND_r1,IND_kr,IND_sk
63,0.2100000000,0.0231300670,0.0536585366,2.9814830990,-0.0000000000,0.3065000000,0.0342819194,0.3492718529,2.1833667347,-0.3686910951,0.4835000000,0.0325614803,-0.0691487689,2.2493536530,0.3696632850,0.4835000000,0.0325614803,-0.0691487689,2.2493536530,0.3696632850
