Instance,INF_avg,INF_sd,INF_r1,INF_kr,INF_sk,SUP_avg,SUP_sd,SUP_r1,SUP_kr,SUP_sk,INC_avg,INC_sd,INC_r1,INC_kr,INC_sk,IND_avg,IND_sd,IND_r1,IND_kr,IND_sk
220,0.2280000000,0.0895321171,0.0285920086,2.8789606416,-0.7876610130,0.2180000000,0.0785875308,-0.2214751162,2.3472492550,-0.2973813540,0.5540000000,0.1139473563,-0.4088802898,2.0741393075,-0.0174870778,0.5540000000,0.1139473563,-0.4088802898,2.0741393075,-0.0174870778
