Instance,INF_avg,INF_sd,INF_r1,INF_kr,INF_sk,SUP_avg,SUP_sd,SUP_r1,SUP_kr,SUP_sk,INC_avg,INC_sd,INC_r1,INC_kr,INC_sk,IND_avg,IND_sd,IND_r1,IND_kr,IND_sk
350,0.2600000000,0.0489897949,-0.5384615385,1.1666666667,-0.4082482905,0.1200000000,0.0400000000,-0.3157894737,3.2500000000,1.5000000000,0.6200000000,0.0748331477,-0.3768115942,1.8469387755,-0.3436215967,0.6200000000,0.0748331477,-0.3768115942,1.8469387755,-0.3436215967
