Instance,INF_avg,INF_sd,INF_r1,INF_kr,INF_sk,SUP_avg,SUP_sd,SUP_r1,SUP_kr,SUP_sk,INC_avg,INC_sd,INC_r1,INC_kr,INC_sk,IND_avg,IND_sd,IND_r1,IND_kr,IND_sk
265,0.2584000000,0.0502537561,-0.0031998616,2.3587085050,0.0678119535,0.2744000000,0.0605362701,0.1061538789,3.7325689549,0.4239993957,0.4672000000,0.0682067445,-0.0157033908,2.2572599669,-0.3360131878,0.4672000000,0.0682067445,-0.0157033908,2.2572599669,-0.3360131878
