Instance,INF_avg,INF_sd,INF_r1,INF_kr,INF_sk,SUP_avg,SUP_sd,SUP_r1,SUP_kr,SUP_sk,INC_avg,INC_sd,INC_r1,INC_kr,INC_sk,IND_avg,IND_sd,IND_r1,IND_kr,IND_sk
454,0.2434000000,0.0593332959,-0.1642320303,3.1307748035,0.2227707877,0.2376000000,0.0550839360,0.0614621099,2.6418580331,0.2743863420,0.5190000000,0.0659924238,0.0160874732,2.7282750603,0.2277894296,0.5190000000,0.0659924238,0.0160874732,2.7282750603,0.2277894296
