Instance,INF_avg,INF_sd,INF_r1,INF_kr,INF_sk,SUP_avg,SUP_sd,SUP_r1,SUP_kr,SUP_sk,INC_avg,INC_sd,INC_r1,INC_kr,INC_sk,IND_avg,IND_sd,IND_r1,IND_kr,IND_sk
291,0.2710000000,0.0964831592,0.1515845726,2.6054306494,0.0632091061,0.2160000000,0.0896883493,-0.2150946400,2.1627411742,0.1383208451,0.5130000000,0.1232112008,-0.1720596863,2.5163467386,0.1647950116,0.5130000000,0.1232112008,-0.1720596863,2.5163467386,0.1647950116
