Instance,INF_avg,INF_sd,INF_r1,INF_kr,INF_sk,SUP_avg,SUP_sd,SUP_r1,SUP_kr,SUP_sk,INC_avg,INC_sd,INC_r1,INC_kr,INC_sk,IND_avg,IND_sd,IND_r1,IND_kr,IND_sk
316,0.3080000000,0.0996794864,0.0043716905,2.4764745579,0.0060822965,0.2335000000,0.0969677782,0.0621090123,2.6522703698,0.1493569426,0.4585000000,0.1058430442,0.0222211078,2.6873922881,-0.1412916963,0.4585000000,0.1058430442,0.0222211078,2.6873922881,-0.1412916963
