Instance,INF_avg,INF_sd,INF_r1,INF_kr,INF_sk,SUP_avg,SUP_sd,SUP_r1,SUP_kr,SUP_sk,INC_avg,INC_sd,INC_r1,INC_kr,INC_sk,IND_avg,IND_sd,IND_r1,IND_kr,IND_sk
447,0.2923076923,0.0768268629,0.3988266421,2.9744097085,-0.3135500776,0.2250000000,0.1058391377,0.1792207792,2.3229936083,-0.1338171345,0.4826923077,0.0887328615,-0.2282140812,2.2606301712,-0.2125528841,0.4826923077,0.0887328615,-0.2282140812,2.2606301712,-0.2125528841
