Instance,INF_avg,INF_sd,INF_r1,INF_kr,INF_sk,SUP_avg,SUP_sd,SUP_r1,SUP_kr,SUP_sk,INC_avg,INC_sd,INC_r1,INC_kr,INC_sk,IND_avg,IND_sd,IND_r1,IND_kr,IND_sk
409,0.2234000000,0.0276485081,0.1593893744,2.7208746231,0.1829095616,0.3241500000,0.0341105189,0.1297783375,2.6765054016,-0.3363979929,0.4524500000,0.0341357218,-0.1797945350,2.2612546418,-0.0218225295,0.4524500000,0.0341357218,-0.1797945350,2.2612546418,-0.0218225295
