Instance,INF_avg,INF_sd,INF_r1,INF_kr,INF_sk,SUP_avg,SUP_sd,SUP_r1,SUP_kr,SUP_sk,INC_avg,INC_sd,INC_r1,INC_kr,INC_sk,IND_avg,IND_sd,IND_r1,IND_kr,IND_sk
263,0.2960000000,0.0542586399,0.4129834254,1.2562618147,-0.4495377033,0.2240000000,0.0293938769,-0.1965811966,1.5781893004,-0.3477670622,0.4800000000,0.0551361950,0.5000000000,1.5027700831,0.1718233224,0.4800000000,0.0551361950,0.5000000000,1.5027700831,0.1718233224
