Instance,INF_avg,INF_sd,INF_r1,INF_kr,INF_sk,SUP_avg,SUP_sd,SUP_r1,SUP_kr,SUP_sk,INC_avg,INC_sd,INC_r1,INC_kr,INC_sk,IND_avg,IND_sd,IND_r1,IND_kr,IND_sk
222,0.3180000000,0.0616116872,-0.1803313966,1.7272876668,0.0324271678,0.2140000000,0.0514198405,-0.1161833154,2.5841902770,0.4001940115,0.4680000000,0.0857671266,-0.1020646430,2.4492254550,-0.7643901090,0.4680000000,0.0857671266,-0.1020646430,2.4492254550,-0.7643901090
