Instance,INF_avg,INF_sd,INF_r1,INF_kr,INF_sk,SUP_avg,SUP_sd,SUP_r1,SUP_kr,SUP_sk,INC_avg,INC_sd,INC_r1,INC_kr,INC_sk,IND_avg,IND_sd,IND_r1,IND_kr,IND_sk
137,0.1500000000,0.0836660027,-0.8000000000,2.5000000000,0.7683612489,0.3600000000,0.1157583690,-0.8236714976,2.1988193362,0.3365218792,0.4900000000,0.0583095189,-0.3017751479,1.6280276817,-0.3631734744,0.4900000000,0.0583095189,-0.3017751479,1.6280276817,-0.3631734744
