Instance,INF_avg,INF_sd,INF_r1,INF_kr,INF_sk,SUP_avg,SUP_sd,SUP_r1,SUP_kr,SUP_sk,INC_avg,INC_sd,INC_r1,INC_kr,INC_sk,IND_avg,IND_sd,IND_r1,IND_kr,IND_sk
407,0.2580000000,0.1511158496,0.0197367383,2.9735036832,0.3336608302,0.2870000000,0.1665262742,0.0487194833,3.4507361058,0.6612701610,0.4550000000,0.1796524422,-0.0898040448,2.6914742533,-0.1486215943,0.4550000000,0.1796524422,-0.0898040448,2.6914742533,-0.1486215943
