Instance,INF_avg,INF_sd,INF_r1,INF_kr,INF_sk,SUP_avg,SUP_sd,SUP_r1,SUP_kr,SUP_sk,INC_avg,INC_sd,INC_r1,INC_kr,INC_sk,IND_avg,IND_sd,IND_r1,IND_kr,IND_sk
136,0.2916000000,0.0737661169,0.0917295328,2.2904881425,0.0764261541,0.2552000000,0.0599413046,0.2276372677,2.0709147534,0.0045003056,0.4532000000,0.0827149321,0.2599575028,2.1183081902,0.0048882474,0.4532000000,0.0827149321,0.2599575028,2.1183081902,0.0048882474
