Instance,INF_avg,INF_sd,INF_r1,INF_kr,INF_sk,SUP_avg,SUP_sd,SUP_r1,SUP_kr,SUP_sk,INC_avg,INC_sd,INC_r1,INC_kr,INC_sk,IND_avg,IND_sd,IND_r1,IND_kr,IND_sk
313,0.3259358289,0.0663530998,0.4932739794,2.5107829394,0.0046639201,0.1278074866,0.0703847740,0.7811718499,2.4157510568,0.5110750916,0.5462566845,0.0509786408,0.0707606365,2.6572087509,-0.0487865116,0.5462566845,0.0509786408,0.0707606365,2.6572087509,-0.0487865116
