Instance,INF_avg,INF_sd,INF_r1,INF_kr,INF_sk,SUP_avg,SUP_sd,SUP_r1,SUP_kr,SUP_sk,INC_avg,INC_sd,INC_r1,INC_kr,INC_sk,IND_avg,IND_sd,IND_r1,IND_kr,IND_sk
367,0.2740000000,0.1533753566,0.0654694166,2.8532804494,0.1087715617,0.2440000000,0.1358823020,-0.0859158925,3.4071468692,0.6526955563,0.4820000000,0.1570859637,-0.0718407036,2.5433936871,0.2678710434,0.4820000000,0.1570859637,-0.0718407036,2.5433936871,0.2678710434
