Instance,INF_avg,INF_sd,INF_r1,INF_kr,INF_sk,SUP_avg,SUP_sd,SUP_r1,SUP_kr,SUP_sk,INC_avg,INC_sd,INC_r1,INC_kr,INC_sk,IND_avg,IND_sd,IND_r1,IND_kr,IND_sk
148,0.3684210526,0.0924100221,0.4166360211,4.1298258629,0.7081368064,0.1473684211,0.0845322801,0.6133627840,2.9293104543,0.6230999385,0.4842105263,0.0820985152,0.0074965703,2.8828259599,-0.0527933220,0.4842105263,0.0820985152,0.0074965703,2.8828259599,-0.0527933220
