Instance,INF_avg,INF_sd,INF_r1,INF_kr,INF_sk,SUP_avg,SUP_sd,SUP_r1,SUP_kr,SUP_sk,INC_avg,INC_sd,INC_r1,INC_kr,INC_sk,IND_avg,IND_sd,IND_r1,IND_kr,IND_sk
169,0.2316000000,0.0582532403,-0.1508334684,3.5394858102,-0.2030192041,0.2424000000,0.0568000000,0.0019205328,2.6387454258,0.2293978112,0.5260000000,0.0663626401,-0.0803774813,2.6720791354,-0.0666801097,0.5260000000,0.0663626401,-0.0803774813,2.6720791354,-0.0666801097
