Instance,INF_avg,INF_sd,INF_r1,INF_kr,INF_sk,SUP_avg,SUP_sd,SUP_r1,SUP_kr,SUP_sk,INC_avg,INC_sd,INC_r1,INC_kr,INC_sk,IND_avg,IND_sd,IND_r1,IND_kr,IND_sk
85,0.2548000000,0.0447320914,-0.0962820923,2.2278520575,-0.0416102738,0.2660000000,0.0519230199,-0.2531992143,2.1762849017,0.2955756623,0.4792000000,0.0440835570,-0.3132898097,2.3414306871,-0.0473376155,0.4792000000,0.0440835570,-0.3132898097,2.3414306871,-0.0473376155
