Instance,INF_avg,INF_sd,INF_r1,INF_kr,INF_sk,SUP_avg,SUP_sd,SUP_r1,SUP_kr,SUP_sk,INC_avg,INC_sd,INC_r1,INC_kr,INC_sk,IND_avg,IND_sd,IND_r1,IND_kr,IND_sk
279,0.2840000000,0.1591979899,-0.2553156690,1.9978956229,-0.3319670359,0.2880000000,0.1423235750,-0.1278316114,2.5989495594,0.4616674443,0.4280000000,0.1428845688,0.0890983288,2.2251722173,0.1587532214,0.4280000000,0.1428845688,0.0890983288,2.2251722173,0.1587532214
