Instance,INF_avg,INF_sd,INF_r1,INF_kr,INF_sk,SUP_avg,SUP_sd,SUP_r1,SUP_kr,SUP_sk,INC_avg,INC_sd,INC_r1,INC_kr,INC_sk,IND_avg,IND_sd,IND_r1,IND_kr,IND_sk
263,0.2580000000,0.0448998886,-0.0108378491,2.2095143613,-0.7036818810,0.2600000000,0.0712741187,-0.0504201681,1.7634385269,-0.2485689862,0.4820000000,0.0798498591,-0.1902649258,1.3839704727,-0.2421105945,0.4820000000,0.0798498591,-0.1902649258,1.3839704727,-0.2421105945
