Instance,INF_avg,INF_sd,INF_r1,INF_kr,INF_sk,SUP_avg,SUP_sd,SUP_r1,SUP_kr,SUP_sk,INC_avg,INC_sd,INC_r1,INC_kr,INC_sk,IND_avg,IND_sd,IND_r1,IND_kr,IND_sk
418,0.2560000000,0.1344023809,0.0340682453,2.3799461966,-0.0042704545,0.2460000000,0.1486068639,-0.2095615148,3.0470402302,0.6079137490,0.4980000000,0.1691035186,-0.0635509752,2.4212923675,-0.2416237181,0.4980000000,0.1691035186,-0.0635509752,2.4212923675,-0.2416237181
