Instance,INF_avg,INF_sd,INF_r1,INF_kr,INF_sk,SUP_avg,SUP_sd,SUP_r1,SUP_kr,SUP_sk,INC_avg,INC_sd,INC_r1,INC_kr,INC_sk,IND_avg,IND_sd,IND_r1,IND_kr,IND_sk
356,0.2420000000,0.0367559519,-0.5841142347,4.4801624588,-1.1516737790,0.2355000000,0.0477205407,-0.5996652877,2.3383413511,0.0584007223,0.5225000000,0.0378978891,-0.0562725865,2.0357695533,0.0661389717,0.5225000000,0.0378978891,-0.0562725865,2.0357695533,0.0661389717
