Instance,INF_avg,INF_sd,INF_r1,INF_kr,INF_sk,SUP_avg,SUP_sd,SUP_r1,SUP_kr,SUP_sk,INC_avg,INC_sd,INC_r1,INC_kr,INC_sk,IND_avg,IND_sd,IND_r1,IND_kr,IND_sk
66,0.2370000000,0.1375899706,-0.0272866682,2.5795931546,0.4906508545,0.2700000000,0.1577973384,-0.0473665180,3.1568684376,0.5314121426,0.4930000000,0.1544376897,0.0512562569,2.2608661778,0.2147998999,0.4930000000,0.1544376897,0.0512562569,2.2608661778,0.2147998999
