Instance,INF_avg,INF_sd,INF_r1,INF_kr,INF_sk,SUP_avg,SUP_sd,SUP_r1,SUP_kr,SUP_sk,INC_avg,INC_sd,INC_r1,INC_kr,INC_sk,IND_avg,IND_sd,IND_r1,IND_kr,IND_sk
293,0.2280000000,0.0735934780,0.1018014385,2.6325532532,0.1834100618,0.2460000000,0.0989141042,-0.2133365055,1.8109901593,-0.0129451497,0.5260000000,0.1289340917,-0.3658106747,1.8781762930,0.1449808485,0.5260000000,0.1289340917,-0.3658106747,1.8781762930,0.1449808485
