Instance,INF_avg,INF_sd,INF_r1,INF_kr,INF_sk,SUP_avg,SUP_sd,SUP_r1,SUP_kr,SUP_sk,INC_avg,INC_sd,INC_r1,INC_kr,INC_sk,IND_avg,IND_sd,IND_r1,IND_kr,IND_sk
47,0.2540000000,0.0438634244,-0.3207547170,1.4921140555,-0.0136503843,0.2280000000,0.0421426150,0.2366412214,2.8802045289,-0.4053161171,0.5180000000,0.0468614981,-0.0205213533,2.9790777071,-0.3460960470,0.5180000000,0.0468614981,-0.0205213533,2.9790777071,-0.3460960470
