Instance,INF_avg,INF_sd,INF_r1,INF_kr,INF_sk,SUP_avg,SUP_sd,SUP_r1,SUP_kr,SUP_sk,INC_avg,INC_sd,INC_r1,INC_kr,INC_sk,IND_avg,IND_sd,IND_r1,IND_kr,IND_sk
309,0.2950000000,0.1233896268,-0.0001664170,4.1594392811,1.1529819285,0.2850000000,0.1119151464,-0.0257948410,1.7892239473,-0.3178199146,0.4200000000,0.1100000000,0.1298917569,2.7134075541,0.4440270473,0.4200000000,0.1100000000,0.1298917569,2.7134075541,0.4440270473
