Instance,INF_avg,INF_sd,INF_r1,INF_kr,INF_sk,SUP_avg,SUP_sd,SUP_r1,SUP_kr,SUP_sk,INC_avg,INC_sd,INC_r1,INC_kr,INC_sk,IND_avg,IND_sd,IND_r1,IND_kr,IND_sk
2,0.2300000000,0.1374772708,-0.1820443597,3.1110271269,0.5126388533,0.2310000000,0.1119776763,0.0582143265,2.7111866006,0.1809587325,0.5390000000,0.1377642915,-0.0907628054,3.4309114440,-0.3097426666,0.5390000000,0.1377642915,-0.0907628054,3.4309114440,-0.3097426666
