Instance,INF_avg,INF_sd,INF_r1,INF_kr,INF_sk,SUP_avg,SUP_sd,SUP_r1,SUP_kr,SUP_sk,INC_avg,INC_sd,INC_r1,INC_kr,INC_sk,IND_avg,IND_sd,IND_r1,IND_kr,IND_sk
188,0.2515000000,0.0336340601,0.2617234326,3.6325725344,-0.8937664489,0.2700000000,0.0342052628,-0.0008561644,6.1486960333,0.8275829516,0.4785000000,0.0322063658,0.2043483175,2.9109180844,-0.0000449020,0.4785000000,0.0322063658,0.2043483175,2.9109180844,-0.0000449020
