Instance,INF_avg,INF_sd,INF_r1,INF_kr,INF_sk,SUP_avg,SUP_sd,SUP_r1,SUP_kr,SUP_sk,INC_avg,INC_sd,INC_r1,INC_kr,INC_sk,IND_avg,IND_sd,IND_r1,IND_kr,IND_sk
200,0.2360000000,0.0493153120,0.0705975674,2.9510041551,-0.2977616875,0.2440000000,0.0609261848,0.1846512431,2.7552764566,0.4125965067,0.5200000000,0.0660908466,-0.0461254613,2.6315259832,0.0399051120,0.5200000000,0.0660908466,-0.0461254613,2.6315259832,0.0399051120
