Instance,INF_avg,INF_sd,INF_r1,INF_kr,INF_sk,SUP_avg,SUP_sd,SUP_r1,SUP_kr,SUP_sk,INC_avg,INC_sd,INC_r1,INC_kr,INC_sk,IND_avg,IND_sd,IND_r1,IND_kr,IND_sk
25,0.2790000000,0.0442379927,-0.1587933742,4.0694515632,0.1332043462,0.2458000000,0.0396529948,0.1193909809,3.3866739503,-0.4056883678,0.4752000000,0.0525448380,-0.0432524027,2.4987198220,0.1763815807,0.4752000000,0.0525448380,-0.0432524027,2.4987198220,0.1763815807
