Instance,INF_avg,INF_sd,INF_r1,INF_kr,INF_sk,SUP_avg,SUP_sd,SUP_r1,SUP_kr,SUP_sk,INC_avg,INC_sd,INC_r1,INC_kr,INC_sk,IND_avg,IND_sd,IND_r1,IND_kr,IND_sk
268,0.2580000000,0.0318747549,0.2316784870,1.9437348875,0.4046348854,0.2580000000,0.0381575681,-0.5171755725,2.7518717546,1.1041549626,0.4840000000,0.0471593045,-0.2508858965,1.7943300036,-0.2626944851,0.4840000000,0.0471593045,-0.2508858965,1.7943300036,-0.2626944851
