Instance,INF_avg,INF_sd,INF_r1,INF_kr,INF_sk,SUP_avg,SUP_sd,SUP_r1,SUP_kr,SUP_sk,INC_avg,INC_sd,INC_r1,INC_kr,INC_sk,IND_avg,IND_sd,IND_r1,IND_kr,IND_sk
386,0.2600000000,0.1200000000,0.0168539326,2.9027777778,-0.9305555556,0.1900000000,0.1044030651,0.4298921418,2.9675111523,0.2003526542,0.5500000000,0.1500000000,0.3538461538,1.9481481481,-0.0000000000,0.5500000000,0.1500000000,0.3538461538,1.9481481481,-0.0000000000
