Instance,INF_avg,INF_sd,INF_r1,INF_kr,INF_sk,SUP_avg,SUP_sd,SUP_r1,SUP_kr,SUP_sk,INC_avg,INC_sd,INC_r1,INC_kr,INC_sk,IND_avg,IND_sd,IND_r1,IND_kr,IND_sk
78,0.2480000000,0.1024499878,-0.2319470447,1.8740983789,0.0539228004,0.2800000000,0.0938083152,-0.1748633880,2.0041322314,-0.1744369497,0.4720000000,0.1536749817,-0.1690108699,2.4152345385,-0.3180611980,0.4720000000,0.1536749817,-0.1690108699,2.4152345385,-0.3180611980
