Instance,INF_avg,INF_sd,INF_r1,INF_kr,INF_sk,SUP_avg,SUP_sd,SUP_r1,SUP_kr,SUP_sk,INC_avg,INC_sd,INC_r1,INC_kr,INC_sk,IND_avg,IND_sd,IND_r1,IND_kr,IND_sk
343,0.2400000000,0.0473286383,-0.7387387387,1.9531250000,0.0339570906,0.2600000000,0.0363318042,-0.5161290323,2.2245179063,-0.3503066525,0.5000000000,0.0379473319,-0.4507042254,2.4884259259,-1.0321322919,0.5000000000,0.0379473319,-0.4507042254,2.4884259259,-1.0321322919
