Instance,INF_avg,INF_sd,INF_r1,INF_kr,INF_sk,SUP_avg,SUP_sd,SUP_r1,SUP_kr,SUP_sk,INC_avg,INC_sd,INC_r1,INC_kr,INC_sk,IND_avg,IND_sd,IND_r1,IND_kr,IND_sk
262,0.2600000000,0.1296148140,-0.0662824207,3.2006802721,0.3306500356,0.2400000000,0.1232882801,-0.0733262487,2.5692520776,-0.1536834516,0.5000000000,0.0938083152,-0.4545454545,2.3760330579,-0.0000000000,0.5000000000,0.0938083152,-0.4545454545,2.3760330579,-0.0000000000
