Instance,INF_avg,INF_sd,INF_r1,INF_kr,INF_sk,SUP_avg,SUP_sd,SUP_r1,SUP_kr,SUP_sk,INC_avg,INC_sd,INC_r1,INC_kr,INC_sk,IND_avg,IND_sd,IND_r1,IND_kr,IND_sk
188,0.2520000000,0.1203993355,0.0846885275,2.3405917869,0.4343162734,0.2600000000,0.1385640646,0.0551839465,2.1354166667,0.1082531755,0.4880000000,0.0951630180,-0.0061466413,2.5992395959,0.7980354603,0.4880000000,0.0951630180,-0.0061466413,2.5992395959,0.7980354603
