Instance,INF_avg,INF_sd,INF_r1,INF_kr,INF_sk,SUP_avg,SUP_sd,SUP_r1,SUP_kr,SUP_sk,INC_avg,INC_sd,INC_r1,INC_kr,INC_sk,IND_avg,IND_sd,IND_r1,IND_kr,IND_sk
135,0.3400000000,0.0600000000,0.5111111111,2.2000000000,0.0222222222,0.2920000000,0.0640000000,-0.1111111111,2.6709289551,-0.8254394531,0.3680000000,0.0670522185,0.0492575154,2.2817213561,-0.1738699070,0.3680000000,0.0670522185,0.0492575154,2.2817213561,-0.1738699070
