Instance,INF_avg,INF_sd,INF_r1,INF_kr,INF_sk,SUP_avg,SUP_sd,SUP_r1,SUP_kr,SUP_sk,INC_avg,INC_sd,INC_r1,INC_kr,INC_sk,IND_avg,IND_sd,IND_r1,IND_kr,IND_sk
426,0.1960000000,0.0598665182,0.0640640641,1.5061383929,0.0590599619,0.2880000000,0.0640000000,-0.7422867514,2.0369262695,-0.5844726562,0.5160000000,0.0852291030,0.1459781529,2.4986027286,-0.9471232726,0.5160000000,0.0852291030,0.1459781529,2.4986027286,-0.9471232726
