Instance,INF_avg,INF_sd,INF_r1,INF_kr,INF_sk,SUP_avg,SUP_sd,SUP_r1,SUP_kr,SUP_sk,INC_avg,INC_sd,INC_r1,INC_kr,INC_sk,IND_avg,IND_sd,IND_r1,IND_kr,IND_sk
470,0.2200000000,0.0489897949,-0.2307692308,1.9666666667,-0.4082482905,0.2480000000,0.0640000000,0.1447368421,2.0781250000,0.8437500000,0.5320000000,0.1077775487,-0.0042347247,1.7745486419,-0.4695928871,0.5320000000,0.1077775487,-0.0042347247,1.7745486419,-0.4695928871
