Instance,INF_avg,INF_sd,INF_r1,INF_kr,INF_sk,SUP_avg,SUP_sd,SUP_r1,SUP_kr,SUP_sk,INC_avg,INC_sd,INC_r1,INC_kr,INC_sk,IND_avg,IND_sd,IND_r1,IND_kr,IND_sk
288,0.2600000000,0.1200000000,-0.1507936508,2.7870370370,0.1111111111,0.2680000000,0.1223764683,-0.3573448749,3.4462113741,0.7586928689,0.4720000000,0.1483778959,-0.3878627082,2.0254149202,-0.5414365044,0.4720000000,0.1483778959,-0.3878627082,2.0254149202,-0.5414365044
