Instance,INF_avg,INF_sd,INF_r1,INF_kr,INF_sk,SUP_avg,SUP_sd,SUP_r1,SUP_kr,SUP_sk,INC_avg,INC_sd,INC_r1,INC_kr,INC_sk,IND_avg,IND_sd,IND_r1,IND_kr,IND_sk
446,0.2513000000,0.0605913360,0.1214321351,2.6064258664,-0.3491591522,0.2084000000,0.0497336908,0.5201371550,2.7389366967,0.3400982491,0.5403000000,0.0511948240,-0.0056434884,2.9552195676,0.1762682830,0.5403000000,0.0511948240,-0.0056434884,2.9552195676,0.1762682830
