Instance,INF_avg,INF_sd,INF_r1,INF_kr,INF_sk,SUP_avg,SUP_sd,SUP_r1,SUP_kr,SUP_sk,INC_avg,INC_sd,INC_r1,INC_kr,INC_sk,IND_avg,IND_sd,IND_r1,IND_kr,IND_sk
176,0.3060000000,0.0586856030,-0.7175103020,1.3581070144,0.1568032042,0.1790000000,0.0080000000,-0.0563380282,2.0781250000,-0.8437500000,0.5150000000,0.0570964097,-0.7113237640,1.5531728706,-0.0483521856,0.5150000000,0.0570964097,-0.7113237640,1.5531728706,-0.0483521856
