Instance,INF_avg,INF_sd,INF_r1,INF_kr,INF_sk,SUP_avg,SUP_sd,SUP_r1,SUP_kr,SUP_sk,INC_avg,INC_sd,INC_r1,INC_kr,INC_sk,IND_avg,IND_sd,IND_r1,IND_kr,IND_sk
372,0.2550000000,0.1150000000,0.0735488750,4.4874660968,-0.1222980192,0.2600000000,0.1240967365,-0.2139107612,2.5637544274,0.0847683897,0.4850000000,0.1432654878,-0.1334395295,2.1351475652,0.5830593186,0.4850000000,0.1432654878,-0.1334395295,2.1351475652,0.5830593186
