Instance,INF_avg,INF_sd,INF_r1,INF_kr,INF_sk,SUP_avg,SUP_sd,SUP_r1,SUP_kr,SUP_sk,INC_avg,INC_sd,INC_r1,INC_kr,INC_sk,IND_avg,IND_sd,IND_r1,IND_kr,IND_sk
120,0.2150000000,0.0708872344,-0.3427010148,2.3686789931,0.3031933394,0.2750000000,0.0928708781,-0.3097345133,2.0888468809,0.1872632703,0.5100000000,0.0300000000,-0.1235955056,2.5555555556,-0.1111111111,0.5100000000,0.0300000000,-0.1235955056,2.5555555556,-0.1111111111
