Instance,INF_avg,INF_sd,INF_r1,INF_kr,INF_sk,SUP_avg,SUP_sd,SUP_r1,SUP_kr,SUP_sk,INC_avg,INC_sd,INC_r1,INC_kr,INC_sk,IND_avg,IND_sd,IND_r1,IND_kr,IND_sk
189,0.2440000000,0.0342052628,0.0109194222,3.7781415735,0.5781086705,0.2668000000,0.0275637443,0.1021692397,2.6222310700,0.1827186990,0.4892000000,0.0357121828,-0.0503745244,3.7264985483,0.2683310426,0.4892000000,0.0357121828,-0.0503745244,3.7264985483,0.2683310426
