Instance,INF_avg,INF_sd,INF_r1,INF_kr,INF_sk,SUP_avg,SUP_sd,SUP_r1,SUP_kr,SUP_sk,INC_avg,INC_sd,INC_r1,INC_kr,INC_sk,IND_avg,IND_sd,IND_r1,IND_kr,IND_sk
141,0.2496000000,0.0487015400,-0.1818907480,2.0762004352,0.3733480043,0.2872000000,0.0395494627,0.0850007083,2.5516273194,0.0219990119,0.4632000000,0.0589725360,0.0820597200,2.5764724084,-0.5264909991,0.4632000000,0.0589725360,0.0820597200,2.5764724084,-0.5264909991
