Instance,INF_avg,INF_sd,INF_r1,INF_kr,INF_sk,SUP_avg,SUP_sd,SUP_r1,SUP_kr,SUP_sk,INC_avg,INC_sd,INC_r1,INC_kr,INC_sk,IND_avg,IND_sd,IND_r1,IND_kr,IND_sk
187,0.2713000000,0.0480968814,0.0643249439,3.3676374226,0.0236007844,0.2352000000,0.0432083325,0.0122407068,3.3085749299,-0.3392312501,0.4935000000,0.0563804044,0.0394180284,3.3198880815,0.4000143166,0.4935000000,0.0563804044,0.0394180284,3.3198880815,0.4000143166
