Instance,INF_avg,INF_sd,INF_r1,INF_kr,INF_sk,SUP_avg,SUP_sd,SUP_r1,SUP_kr,SUP_sk,INC_avg,INC_sd,INC_r1,INC_kr,INC_sk,IND_avg,IND_sd,IND_r1,IND_kr,IND_sk
349,0.2400000000,0.0374165739,0.3478260870,1.8469387755,0.3436215967,0.2200000000,0.0812403840,-0.0582822086,2.2685950413,0.1790421687,0.5400000000,0.0969535971,0.1151385928,2.3587596197,0.2830922144,0.5400000000,0.0969535971,0.1151385928,2.3587596197,0.2830922144
