Instance,INF_avg,INF_sd,INF_r1,INF_kr,INF_sk,SUP_avg,SUP_sd,SUP_r1,SUP_kr,SUP_sk,INC_avg,INC_sd,INC_r1,INC_kr,INC_sk,IND_avg,IND_sd,IND_r1,IND_kr,IND_sk
368,0.2487000000,0.0435581221,0.0915762494,3.2963253398,0.0088537891,0.2339000000,0.0493739810,-0.1246763979,2.2717778019,0.3171108402,0.5174000000,0.0502517661,0.1052873165,2.4271394560,-0.2679759622,0.5174000000,0.0502517661,0.1052873165,2.4271394560,-0.2679759622
