Instance,INF_avg,INF_sd,INF_r1,INF_kr,INF_sk,SUP_avg,SUP_sd,SUP_r1,SUP_kr,SUP_sk,INC_avg,INC_sd,INC_r1,INC_kr,INC_sk,IND_avg,IND_sd,IND_r1,IND_kr,IND_sk
392,0.2238000000,0.0564761897,0.0993605268,2.7136504411,0.2699328901,0.2702000000,0.0582061852,-0.0493181044,2.8130933306,0.2417198836,0.5060000000,0.0758683070,0.1944674427,2.5613247753,0.3590948643,0.5060000000,0.0758683070,0.1944674427,2.5613247753,0.3590948643
