Instance,INF_avg,INF_sd,INF_r1,INF_kr,INF_sk,SUP_avg,SUP_sd,SUP_r1,SUP_kr,SUP_sk,INC_avg,INC_sd,INC_r1,INC_kr,INC_sk,IND_avg,IND_sd,IND_r1,IND_kr,IND_sk
166,0.3105263158,0.0911605688,-0.1833444075,4.3583833333,0.2078460969,0.1605263158,0.0851916529,-0.0913470447,2.0302502768,0.0530555207,0.5289473684,0.1360299788,-0.3422469785,3.0321861890,-0.6977006889,0.5289473684,0.1360299788,-0.3422469785,3.0321861890,-0.6977006889
