Instance,INF_avg,INF_sd,INF_r1,INF_kr,INF_sk,SUP_avg,SUP_sd,SUP_r1,SUP_kr,SUP_sk,INC_avg,INC_sd,INC_r1,INC_kr,INC_sk,IND_avg,IND_sd,IND_r1,IND_kr,IND_sk
205,0.2400000000,0.1200000000,0.1238839286,2.4166666667,0.1666666667,0.2720000000,0.1456571316,0.1314461799,2.5857271555,0.1048765545,0.4880000000,0.1305986217,0.0822416576,2.7607387122,0.6535355668,0.4880000000,0.1305986217,0.0822416576,2.7607387122,0.6535355668
