Instance,INF_avg,INF_sd,INF_r1,INF_kr,INF_sk,SUP_avg,SUP_sd,SUP_r1,SUP_kr,SUP_sk,INC_avg,INC_sd,INC_r1,INC_kr,INC_sk,IND_avg,IND_sd,IND_r1,IND_kr,IND_sk
423,0.2720000000,0.0499599840,0.0138980807,2.5165187377,0.1123976464,0.2340000000,0.0456508488,-0.1490021314,3.3103952608,1.0776951138,0.4940000000,0.0498397432,0.1478656062,1.9717224050,0.1884300309,0.4940000000,0.0498397432,0.1478656062,1.9717224050,0.1884300309
