Instance,INF_avg,INF_sd,INF_r1,INF_kr,INF_sk,SUP_avg,SUP_sd,SUP_r1,SUP_kr,SUP_sk,INC_avg,INC_sd,INC_r1,INC_kr,INC_sk,IND_avg,IND_sd,IND_r1,IND_kr,IND_sk
8,0.2744000000,0.0619728973,0.3624750818,2.2124984668,0.0244453233,0.2484000000,0.0714523618,-0.1879364708,2.2173192998,0.3364902399,0.4772000000,0.0700868033,-0.2396939475,3.2065076703,-0.3322780998,0.4772000000,0.0700868033,-0.2396939475,3.2065076703,-0.3322780998
