Instance,INF_avg,INF_sd,INF_r1,INF_kr,INF_sk,SUP_avg,SUP_sd,SUP_r1,SUP_kr,SUP_sk,INC_avg,INC_sd,INC_r1,INC_kr,INC_sk,IND_avg,IND_sd,IND_r1,IND_kr,IND_sk
335,0.2408000000,0.0882686807,-0.1677224990,2.5078133128,-0.0197457075,0.2876000000,0.0821598442,0.1842321951,3.5089028649,0.7657709574,0.4716000000,0.0788000000,-0.0133341330,2.5540726205,-0.3627386133,0.4716000000,0.0788000000,-0.0133341330,2.5540726205,-0.3627386133
