Instance,INF_avg,INF_sd,INF_r1,INF_kr,INF_sk,SUP_avg,SUP_sd,SUP_r1,SUP_kr,SUP_sk,INC_avg,INC_sd,INC_r1,INC_kr,INC_sk,IND_avg,IND_sd,IND_r1,IND_kr,IND_sk
101,0.2490000000,0.0210713075,-0.8097281831,2.6108473338,-0.9825067902,0.2550000000,0.0273861279,-0.7558139535,1.4120000000,0.4016632088,0.4960000000,0.0239582971,-0.4656674800,2.8436729838,-1.2360327736,0.4960000000,0.0239582971,-0.4656674800,2.8436729838,-1.2360327736
