Instance,INF_avg,INF_sd,INF_r1,INF_kr,INF_sk,SUP_avg,SUP_sd,SUP_r1,SUP_kr,SUP_sk,INC_avg,INC_sd,INC_r1,INC_kr,INC_sk,IND_avg,IND_sd,IND_r1,IND_kr,IND_sk
180,0.2260000000,0.1253953747,0.0635155247,4.0091034217,0.6268405051,0.2380000000,0.1347442021,0.1979237223,2.4765142576,0.1943022167,0.5360000000,0.1486741403,-0.0345736584,3.0957027543,-0.1016001860,0.5360000000,0.1486741403,-0.0345736584,3.0957027543,-0.1016001860
