Instance,INF_avg,INF_sd,INF_r1,INF_kr,INF_sk,SUP_avg,SUP_sd,SUP_r1,SUP_kr,SUP_sk,INC_avg,INC_sd,INC_r1,INC_kr,INC_sk,IND_avg,IND_sd,IND_r1,IND_kr,IND_sk
8,0.2840000000,0.0500399840,-0.0029282577,2.0458563423,-0.5148598422,0.2000000000,0.0303315018,0.3333333333,1.4413988658,0.1290092231,0.5160000000,0.0293938769,-0.7114093960,1.5781893004,0.3477670622,0.5160000000,0.0293938769,-0.7114093960,1.5781893004,0.3477670622
