Instance,INF_avg,INF_sd,INF_r1,INF_kr,INF_sk,SUP_avg,SUP_sd,SUP_r1,SUP_kr,SUP_sk,INC_avg,INC_sd,INC_r1,INC_kr,INC_sk,IND_avg,IND_sd,IND_r1,IND_kr,IND_sk
286,0.2564000000,0.0656280428,0.1327244749,2.8212537319,0.2937873154,0.2440000000,0.0655438784,0.2116344936,2.7974782310,0.0865981353,0.4996000000,0.0759462968,0.0549217143,2.4602666429,-0.3001477046,0.4996000000,0.0759462968,0.0549217143,2.4602666429,-0.3001477046
