Instance,INF_avg,INF_sd,INF_r1,INF_kr,INF_sk,SUP_avg,SUP_sd,SUP_r1,SUP_kr,SUP_sk,INC_avg,INC_sd,INC_r1,INC_kr,INC_sk,IND_avg,IND_sd,IND_r1,IND_kr,IND_sk
332,0.3616000000,0.0971464873,0.6053738002,4.6040029908,1.0339894915,0.2104000000,0.0926274257,0.5462081878,2.5832911327,0.1405060081,0.4280000000,0.0791959595,0.2754401030,1.6504581424,0.2860380930,0.4280000000,0.0791959595,0.2754401030,1.6504581424,0.2860380930
