Instance,INF_avg,INF_sd,INF_r1,INF_kr,INF_sk,SUP_avg,SUP_sd,SUP_r1,SUP_kr,SUP_sk,INC_avg,INC_sd,INC_r1,INC_kr,INC_sk,IND_avg,IND_sd,IND_r1,IND_kr,IND_sk
416,0.2200000000,0.0270185122,-0.5241379310,1.5880090073,0.1368924430,0.2550000000,0.0083666003,0.0000000000,2.5000000000,-0.7683612489,0.5250000000,0.0294957624,-0.5588235294,1.8182718985,0.2396603763,0.5250000000,0.0294957624,-0.5588235294,1.8182718985,0.2396603763
