Instance,INF_avg,INF_sd,INF_r1,INF_kr,INF_sk,SUP_avg,SUP_sd,SUP_r1,SUP_kr,SUP_sk,INC_avg,INC_sd,INC_r1,INC_kr,INC_sk,IND_avg,IND_sd,IND_r1,IND_kr,IND_sk
231,0.2840000000,0.1092886087,0.2353806398,3.6194148267,0.3082775608,0.2790000000,0.1030000000,-0.1553597897,2.3906508293,0.1602669285,0.4370000000,0.1248238759,-0.0366153495,2.2482815033,0.1657458895,0.4370000000,0.1248238759,-0.0366153495,2.2482815033,0.1657458895
