Instance,INF_avg,INF_sd,INF_r1,INF_kr,INF_sk,SUP_avg,SUP_sd,SUP_r1,SUP_kr,SUP_sk,INC_avg,INC_sd,INC_r1,INC_kr,INC_sk,IND_avg,IND_sd,IND_r1,IND_kr,IND_sk
461,0.2492000000,0.0541420354,-0.0349374700,2.7335637207,-0.1527582069,0.2532000000,0.0638260135,-0.0174914726,2.2539710220,-0.0071568427,0.4976000000,0.0726239630,-0.1160425628,2.4783926179,-0.0612256684,0.4976000000,0.0726239630,-0.1160425628,2.4783926179,-0.0612256684
