Instance,INF_avg,INF_sd,INF_r1,INF_kr,INF_sk,SUP_avg,SUP_sd,SUP_r1,SUP_kr,SUP_sk,INC_avg,INC_sd,INC_r1,INC_kr,INC_sk,IND_avg,IND_sd,IND_r1,IND_kr,IND_sk
391,0.2360000000,0.1323026833,0.0515737090,3.8221544138,1.0289684230,0.2780000000,0.1487144916,0.0204037553,3.1774119139,0.4166362499,0.4860000000,0.1732166274,0.1237742255,2.0445658039,-0.1995477678,0.4860000000,0.1732166274,0.1237742255,2.0445658039,-0.1995477678
