Instance,INF_avg,INF_sd,INF_r1,INF_kr,INF_sk,SUP_avg,SUP_sd,SUP_r1,SUP_kr,SUP_sk,INC_avg,INC_sd,INC_r1,INC_kr,INC_sk,IND_avg,IND_sd,IND_r1,IND_kr,IND_sk
136,0.2312000000,0.0617944981,0.0967504524,3.0587738578,-0.1767565845,0.2394000000,0.0757604118,0.2390301497,2.2299374039,-0.0330892168,0.5294000000,0.0759713104,-0.1149085976,2.8135414939,0.1127742992,0.5294000000,0.0759713104,-0.1149085976,2.8135414939,0.1127742992
