Instance,INF_avg,INF_sd,INF_r1,INF_kr,INF_sk,SUP_avg,SUP_sd,SUP_r1,SUP_kr,SUP_sk,INC_avg,INC_sd,INC_r1,INC_kr,INC_sk,IND_avg,IND_sd,IND_r1,IND_kr,IND_sk
442,0.2540000000,0.0312089731,0.3335439040,1.8102302577,0.0065136850,0.2510000000,0.0276405499,0.6065057712,1.4703064609,0.0630760062,0.4950000000,0.0134164079,-0.2500000000,1.6203703704,0.1242259987,0.4950000000,0.0134164079,-0.2500000000,1.6203703704,0.1242259987
