Instance,INF_avg,INF_sd,INF_r1,INF_kr,INF_sk,SUP_avg,SUP_sd,SUP_r1,SUP_kr,SUP_sk,INC_avg,INC_sd,INC_r1,INC_kr,INC_sk,IND_avg,IND_sd,IND_r1,IND_kr,IND_sk
229,0.2529411765,0.1613095200,0.1291381279,4.3386571978,1.1242466632,0.1882352941,0.0899826973,-0.3811780636,2.0985097524,-0.2514309425,0.5588235294,0.1416658186,-0.1756688541,3.5085136742,0.1310114036,0.5588235294,0.1416658186,-0.1756688541,3.5085136742,0.1310114036
