Instance,INF_avg,INF_sd,INF_r1,INF_kr,INF_sk,SUP_avg,SUP_sd,SUP_r1,SUP_kr,SUP_sk,INC_avg,INC_sd,INC_r1,INC_kr,INC_sk,IND_avg,IND_sd,IND_r1,IND_kr,IND_sk
13,0.2310000000,0.0203469899,0.6963824289,2.2658755163,-0.7856448195,0.2710000000,0.0200997512,-0.4353163362,1.7158366827,-0.2571333729,0.4980000000,0.0369594372,0.3122597181,2.4499409418,0.8864531927,0.4980000000,0.0369594372,0.3122597181,2.4499409418,0.8864531927
