Instance,INF_avg,INF_sd,INF_r1,INF_kr,INF_sk,SUP_avg,SUP_sd,SUP_r1,SUP_kr,SUP_sk,INC_avg,INC_sd,INC_r1,INC_kr,INC_sk,IND_avg,IND_sd,IND_r1,IND_kr,IND_sk
413,0.2675000000,0.0244182309,-0.1260504202,2.3526891078,-0.5872506777,0.2090000000,0.0234307490,-0.3801607600,2.1892661272,0.1728148052,0.5235000000,0.0407461655,-0.1452411076,2.7517716360,0.4857734313,0.5235000000,0.0407461655,-0.1452411076,2.7517716360,0.4857734313
