Instance,INF_avg,INF_sd,INF_r1,INF_kr,INF_sk,SUP_avg,SUP_sd,SUP_r1,SUP_kr,SUP_sk,INC_avg,INC_sd,INC_r1,INC_kr,INC_sk,IND_avg,IND_sd,IND_r1,IND_kr,IND_sk
321,0.2540000000,0.0602992537,-0.1458827248,3.0657960185,0.0564839593,0.2248000000,0.0572097894,-0.0004179550,3.2469181351,0.4834233957,0.5212000000,0.0639887490,0.0696476419,2.7394627068,-0.3145814053,0.5212000000,0.0639887490,0.0696476419,2.7394627068,-0.3145814053
