Instance,INF_avg,INF_sd,INF_r1,INF_kr,INF_sk,SUP_avg,SUP_sd,SUP_r1,SUP_kr,SUP_sk,INC_avg,INC_sd,INC_r1,INC_kr,INC_sk,IND_avg,IND_sd,IND_r1,IND_kr,IND_sk
19,0.2626000000,0.0386101023,0.1365171851,2.6473548986,-0.0217668471,0.2481500000,0.0362950065,0.1944746740,2.9203548983,0.3026672192,0.4892500000,0.0393533671,0.0885876113,2.5267832533,0.1593822066,0.4892500000,0.0393533671,0.0885876113,2.5267832533,0.1593822066
