Instance,INF_avg,INF_sd,INF_r1,INF_kr,INF_sk,SUP_avg,SUP_sd,SUP_r1,SUP_kr,SUP_sk,INC_avg,INC_sd,INC_r1,INC_kr,INC_sk,IND_avg,IND_sd,IND_r1,IND_kr,IND_sk
462,0.2434000000,0.0417185810,0.0052390017,3.0969504456,0.3289993106,0.2545000000,0.0443255006,0.2542557510,3.9584526270,0.2727655497,0.5021000000,0.0440521282,0.0334063337,4.4012332661,0.4531094536,0.5021000000,0.0440521282,0.0334063337,4.4012332661,0.4531094536
