Instance,INF_avg,INF_sd,INF_r1,INF_kr,INF_sk,SUP_avg,SUP_sd,SUP_r1,SUP_kr,SUP_sk,INC_avg,INC_sd,INC_r1,INC_kr,INC_sk,IND_avg,IND_sd,IND_r1,IND_kr,IND_sk
148,0.2100000000,0.0943398113,-0.1239193084,1.6269410428,0.2465388328,0.2450000000,0.0567890835,-0.5632754342,2.2460789616,0.1965657837,0.5450000000,0.0722841615,0.0052053210,1.8190288684,-0.0238293978,0.5450000000,0.0722841615,0.0052053210,1.8190288684,-0.0238293978
