Instance,INF_avg,INF_sd,INF_r1,INF_kr,INF_sk,SUP_avg,SUP_sd,SUP_r1,SUP_kr,SUP_sk,INC_avg,INC_sd,INC_r1,INC_kr,INC_sk,IND_avg,IND_sd,IND_r1,IND_kr,IND_sk
356,0.2230000000,0.0355105618,0.0786445520,1.8532784612,-0.1267563593,0.2620000000,0.0299332591,-0.2377690802,2.0801179847,0.4778487830,0.5150000000,0.0332415403,0.2709832134,3.1503245224,0.8167287388,0.5150000000,0.0332415403,0.2709832134,3.1503245224,0.8167287388
