Instance,INF_avg,INF_sd,INF_r1,INF_kr,INF_sk,SUP_avg,SUP_sd,SUP_r1,SUP_kr,SUP_sk,INC_avg,INC_sd,INC_r1,INC_kr,INC_sk,IND_avg,IND_sd,IND_r1,IND_kr,IND_sk
59,0.2320000000,0.0292574777,0.0309084699,2.0608268189,-0.1165529977,0.2270000000,0.0283901391,-0.2162331166,2.1218682462,-0.2816131750,0.5410000000,0.0358329457,0.0141232575,1.7656090779,0.1564242088,0.5410000000,0.0358329457,0.0141232575,1.7656090779,0.1564242088
