Instance,INF_avg,INF_sd,INF_r1,INF_kr,INF_sk,SUP_avg,SUP_sd,SUP_r1,SUP_kr,SUP_sk,INC_avg,INC_sd,INC_r1,INC_kr,INC_sk,IND_avg,IND_sd,IND_r1,IND_kr,IND_sk
294,0.2100000000,0.1200000000,-0.3531047266,1.9623842593,-0.0625000000,0.2550000000,0.0820060973,-0.4875418371,2.1146335733,-0.4324639895,0.5350000000,0.1205197079,-0.4095924341,3.0590530304,0.6966386938,0.5350000000,0.1205197079,-0.4095924341,3.0590530304,0.6966386938
