Instance,INF_avg,INF_sd,INF_r1,INF_kr,INF_sk,SUP_avg,SUP_sd,SUP_r1,SUP_kr,SUP_sk,INC_avg,INC_sd,INC_r1,INC_kr,INC_sk,IND_avg,IND_sd,IND_r1,IND_kr,IND_sk
294,0.2280000000,0.1233531516,0.0231268538,3.4891016264,0.7991213134,0.2840000000,0.1433317829,0.1646806294,3.1254439980,0.0781795025,0.4880000000,0.1607980099,0.1016944957,3.4322355039,-0.0354666721,0.4880000000,0.1607980099,0.1016944957,3.4322355039,-0.0354666721
