Instance,INF_avg,INF_sd,INF_r1,INF_kr,INF_sk,SUP_avg,SUP_sd,SUP_r1,SUP_kr,SUP_sk,INC_avg,INC_sd,INC_r1,INC_kr,INC_sk,IND_avg,IND_sd,IND_r1,IND_kr,IND_sk
361,0.2400000000,0.1200000000,-0.0526315789,3.2500000000,-1.5000000000,0.2600000000,0.0489897949,0.4230769231,1.1666666667,-0.4082482905,0.5000000000,0.1549193338,0.1818181818,2.9166666667,1.2909944487,0.5000000000,0.1549193338,0.1818181818,2.9166666667,1.2909944487
