Instance,INF_avg,INF_sd,INF_r1,INF_kr,INF_sk,SUP_avg,SUP_sd,SUP_r1,SUP_kr,SUP_sk,INC_avg,INC_sd,INC_r1,INC_kr,INC_sk,IND_avg,IND_sd,IND_r1,IND_kr,IND_sk
19,0.2280000000,0.1549709650,-0.0891443547,2.1242764650,0.2043923738,0.2520000000,0.1153082824,-0.1780768952,3.6902127401,0.6165233858,0.5200000000,0.1428285686,-0.1948157149,1.9181084198,0.1400280084,0.5200000000,0.1428285686,-0.1948157149,1.9181084198,0.1400280084
