Instance,INF_avg,INF_sd,INF_r1,INF_kr,INF_sk,SUP_avg,SUP_sd,SUP_r1,SUP_kr,SUP_sk,INC_avg,INC_sd,INC_r1,INC_kr,INC_sk,IND_avg,IND_sd,IND_r1,IND_kr,IND_sk
353,0.2520000000,0.1252836781,0.1115609537,2.5371632890,-0.0758645284,0.2200000000,0.1341640786,0.1192411924,5.0829629630,1.2720742272,0.5280000000,0.1600499922,0.1241878434,2.7194110021,-0.4911644614,0.5280000000,0.1600499922,0.1241878434,2.7194110021,-0.4911644614
