Instance,INF_avg,INF_sd,INF_r1,INF_kr,INF_sk,SUP_avg,SUP_sd,SUP_r1,SUP_kr,SUP_sk,INC_avg,INC_sd,INC_r1,INC_kr,INC_sk,IND_avg,IND_sd,IND_r1,IND_kr,IND_sk
343,0.2132000000,0.0653127859,0.2498278854,2.1114053196,-0.1545682842,0.2640000000,0.0603986755,0.0192713833,2.9923822715,-0.3049910033,0.5228000000,0.0714434042,0.2476366316,2.3143084697,-0.4620675662,0.5228000000,0.0714434042,0.2476366316,2.3143084697,-0.4620675662
