Instance,INF_avg,INF_sd,INF_r1,INF_kr,INF_sk,SUP_avg,SUP_sd,SUP_r1,SUP_kr,SUP_sk,INC_avg,INC_sd,INC_r1,INC_kr,INC_sk,IND_avg,IND_sd,IND_r1,IND_kr,IND_sk
66,0.2500000000,0.1204159458,-0.3877551020,1.4565992866,0.0000000000,0.2700000000,0.1268857754,-0.0805746408,2.7135141391,-0.8928654540,0.4800000000,0.1166190379,0.5230263158,3.7041522491,-1.1197848795,0.4800000000,0.1166190379,0.5230263158,3.7041522491,-1.1197848795
