Instance,INF_avg,INF_sd,INF_r1,INF_kr,INF_sk,SUP_avg,SUP_sd,SUP_r1,SUP_kr,SUP_sk,INC_avg,INC_sd,INC_r1,INC_kr,INC_sk,IND_avg,IND_sd,IND_r1,IND_kr,IND_sk
383,0.2311000000,0.0466024677,0.1415431525,4.0047534304,-0.4580365946,0.2759000000,0.0439566832,0.0109789398,2.5829121946,0.0801206238,0.4930000000,0.0518555686,-0.0943346783,3.2996943182,0.4325312865,0.4930000000,0.0518555686,-0.0943346783,3.2996943182,0.4325312865
