Instance,INF_avg,INF_sd,INF_r1,INF_kr,INF_sk,SUP_avg,SUP_sd,SUP_r1,SUP_kr,SUP_sk,INC_avg,INC_sd,INC_r1,INC_kr,INC_sk,IND_avg,IND_sd,IND_r1,IND_kr,IND_sk
171,0.2166000000,0.0267477102,0.3572347407,3.0727426371,-0.0513789917,0.2934000000,0.0379926309,0.0265815122,2.3074945905,0.0146354264,0.4900000000,0.0406939799,0.0177750536,2.2123109641,-0.1927607700,0.4900000000,0.0406939799,0.0177750536,2.2123109641,-0.1927607700
