Instance,INF_avg,INF_sd,INF_r1,INF_kr,INF_sk,SUP_avg,SUP_sd,SUP_r1,SUP_kr,SUP_sk,INC_avg,INC_sd,INC_r1,INC_kr,INC_sk,IND_avg,IND_sd,IND_r1,IND_kr,IND_sk
205,0.4527058824,0.1031947130,0.8935342879,2.2099464006,-0.3262310706,0.0754705882,0.0552034927,0.7841073831,4.2503224201,1.1333182505,0.4718235294,0.0588309995,0.6930670104,2.2461566455,0.1344467345,0.4718235294,0.0588309995,0.6930670104,2.2461566455,0.1344467345
