Instance,INF_avg,INF_sd,INF_r1,INF_kr,INF_sk,SUP_avg,SUP_sd,SUP_r1,SUP_kr,SUP_sk,INC_avg,INC_sd,INC_r1,INC_kr,INC_sk,IND_avg,IND_sd,IND_r1,IND_kr,IND_sk
168,0.2660000000,0.0215406592,-0.6166439291,2.1189989596,0.1782915370,0.2420000000,0.0201494417,0.1214215202,2.1138707564,0.3674514165,0.4920000000,0.0186010752,-0.1114670083,1.6054829764,0.2666263917,0.4920000000,0.0186010752,-0.1114670083,1.6054829764,0.2666263917
