Instance,INF_avg,INF_sd,INF_r1,INF_kr,INF_sk,SUP_avg,SUP_sd,SUP_r1,SUP_kr,SUP_sk,INC_avg,INC_sd,INC_r1,INC_kr,INC_sk,IND_avg,IND_sd,IND_r1,IND_kr,IND_sk
228,0.1696000000,0.0616752787,0.4109289821,1.7054304248,0.1072649692,0.2732000000,0.0836047846,0.3591217197,1.6727232579,0.3160723578,0.5572000000,0.0655145785,0.3914886817,3.5589201452,0.5651373790,0.5572000000,0.0655145785,0.3914886817,3.5589201452,0.5651373790
