Instance,INF_avg,INF_sd,INF_r1,INF_kr,INF_sk,SUP_avg,SUP_sd,SUP_r1,SUP_kr,SUP_sk,INC_avg,INC_sd,INC_r1,INC_kr,INC_sk,IND_avg,IND_sd,IND_r1,IND_kr,IND_sk
8,0.3000000000,0.1264911064,-0.2500000000,3.1445312500,1.4082017705,0.2500000000,0.0894427191,0.0000000000,1.9531250000,-0.6288941187,0.4500000000,0.1303840481,-0.3939393939,2.2231833910,0.0000000000,0.4500000000,0.1303840481,-0.3939393939,2.2231833910,0.0000000000
