Instance,INF_avg,INF_sd,INF_r1,INF_kr,INF_sk,SUP_avg,SUP_sd,SUP_r1,SUP_kr,SUP_sk,INC_avg,INC_sd,INC_r1,INC_kr,INC_sk,IND_avg,IND_sd,IND_r1,IND_kr,IND_sk
462,0.2350000000,0.1050000000,-0.4262783765,1.8421182532,0.3343051506,0.3150000000,0.0923309266,-0.3567390658,2.7834039955,0.2229644067,0.4500000000,0.1378404875,-0.5657894737,1.9182825485,-0.2863722040,0.4500000000,0.1378404875,-0.5657894737,1.9182825485,-0.2863722040
