Instance,INF_avg,INF_sd,INF_r1,INF_kr,INF_sk,SUP_avg,SUP_sd,SUP_r1,SUP_kr,SUP_sk,INC_avg,INC_sd,INC_r1,INC_kr,INC_sk,IND_avg,IND_sd,IND_r1,IND_kr,IND_sk
168,0.2480000000,0.0271293199,-0.7084078712,1.2562618147,-0.4495377033,0.2140000000,0.0313687743,-0.3850771870,1.7813801309,0.0171057167,0.5380000000,0.0203960781,0.2105263158,1.3731508876,-0.1527442976,0.5380000000,0.0203960781,0.2105263158,1.3731508876,-0.1527442976
