Instance,INF_avg,INF_sd,INF_r1,INF_kr,INF_sk,SUP_avg,SUP_sd,SUP_r1,SUP_kr,SUP_sk,INC_avg,INC_sd,INC_r1,INC_kr,INC_sk,IND_avg,IND_sd,IND_r1,IND_kr,IND_sk
80,0.2314000000,0.0326961771,-0.2473066758,2.1579541860,-0.5446579153,0.2606000000,0.0357860308,0.0771899382,2.5501393910,-0.0506309730,0.5080000000,0.0417612260,-0.4790058802,2.5136391613,0.3605853484,0.5080000000,0.0417612260,-0.4790058802,2.5136391613,0.3605853484
