Instance,INF_avg,INF_sd,INF_r1,INF_kr,INF_sk,SUP_avg,SUP_sd,SUP_r1,SUP_kr,SUP_sk,INC_avg,INC_sd,INC_r1,INC_kr,INC_sk,IND_avg,IND_sd,IND_r1,IND_kr,IND_sk
338,0.5018181818,0.0885559075,0.6696111435,3.3520695965,-0.4012628995,0.1338311688,0.0826681525,0.8267835582,2.9138577813,0.7472379176,0.3643506494,0.0466254115,-0.0453157922,2.9182642466,-0.0239136002,0.3643506494,0.0466254115,-0.0453157922,2.9182642466,-0.0239136002
