Instance,INF_avg,INF_sd,INF_r1,INF_kr,INF_sk,SUP_avg,SUP_sd,SUP_r1,SUP_kr,SUP_sk,INC_avg,INC_sd,INC_r1,INC_kr,INC_sk,IND_avg,IND_sd,IND_r1,IND_kr,IND_sk
433,0.2172000000,0.0575513684,0.2011056396,3.0402399777,0.4322966175,0.2808000000,0.0685810469,-0.0832056782,3.4069448041,-0.4893598522,0.5020000000,0.0695413546,-0.0835041410,2.8019362638,-0.0296876030,0.5020000000,0.0695413546,-0.0835041410,2.8019362638,-0.0296876030
