Instance,INF_avg,INF_sd,INF_r1,INF_kr,INF_sk,SUP_avg,SUP_sd,SUP_r1,SUP_kr,SUP_sk,INC_avg,INC_sd,INC_r1,INC_kr,INC_sk,IND_avg,IND_sd,IND_r1,IND_kr,IND_sk
283,0.2369000000,0.0456441672,0.2262755248,2.7793993116,-0.0578863775,0.2628000000,0.0579323744,0.3724327721,2.7058320684,0.2889791299,0.5003000000,0.0579388471,0.3234784860,3.0622273647,0.1530562648,0.5003000000,0.0579388471,0.3234784860,3.0622273647,0.1530562648
