Instance,INF_avg,INF_sd,INF_r1,INF_kr,INF_sk,SUP_avg,SUP_sd,SUP_r1,SUP_kr,SUP_sk,INC_avg,INC_sd,INC_r1,INC_kr,INC_sk,IND_avg,IND_sd,IND_r1,IND_kr,IND_sk
487,0.2120000000,0.1423235750,-0.0100110154,2.4070925331,0.4540751061,0.2200000000,0.1326649916,-0.0646041856,3.6425619835,0.8634188504,0.5680000000,0.1567673435,-0.1116024765,2.8619181315,-0.2097056648,0.5680000000,0.1567673435,-0.1116024765,2.8619181315,-0.2097056648
