Instance,INF_avg,INF_sd,INF_r1,INF_kr,INF_sk,SUP_avg,SUP_sd,SUP_r1,SUP_kr,SUP_sk,INC_avg,INC_sd,INC_r1,INC_kr,INC_sk,IND_avg,IND_sd,IND_r1,IND_kr,IND_sk
15,0.3100000000,0.0384707681,-0.5753424658,2.3685171658,-0.0000000000,0.1620000000,0.0370944740,-0.1264822134,1.8818618172,-0.6516986497,0.5280000000,0.0526877595,-1.1251149954,1.7399903662,-0.1663872347,0.5280000000,0.0526877595,-1.1251149954,1.7399903662,-0.1663872347
