Instance,INF_avg,INF_sd,INF_r1,INF_kr,INF_sk,SUP_avg,SUP_sd,SUP_r1,SUP_kr,SUP_sk,INC_avg,INC_sd,INC_r1,INC_kr,INC_sk,IND_avg,IND_sd,IND_r1,IND_kr,IND_sk
285,0.2187500000,0.0807677999,-0.2465041950,1.6171608878,-0.3530858103,0.2687500000,0.1157516199,0.2085737840,2.6553306870,-0.5808783446,0.5125000000,0.1165922382,-0.2819194516,3.6206896552,0.7024185573,0.5125000000,0.1165922382,-0.2819194516,3.6206896552,0.7024185573
