Instance,INF_avg,INF_sd,INF_r1,INF_kr,INF_sk,SUP_avg,SUP_sd,SUP_r1,SUP_kr,SUP_sk,INC_avg,INC_sd,INC_r1,INC_kr,INC_sk,IND_avg,IND_sd,IND_r1,IND_kr,IND_sk
94,0.2552000000,0.0650612020,0.2841914039,2.6480460074,0.3088771364,0.2450000000,0.0654446331,0.0811613133,3.6829043405,0.3032115340,0.4998000000,0.0677344816,0.0800002773,2.6374898039,-0.0763514606,0.4998000000,0.0677344816,0.0800002773,2.6374898039,-0.0763514606
