Instance,INF_avg,INF_sd,INF_r1,INF_kr,INF_sk,SUP_avg,SUP_sd,SUP_r1,SUP_kr,SUP_sk,INC_avg,INC_sd,INC_r1,INC_kr,INC_sk,IND_avg,IND_sd,IND_r1,IND_kr,IND_sk
259,0.2800000000,0.0678232998,-0.1725663717,2.3638941399,0.7500308204,0.2300000000,0.0927361850,-0.0245901639,2.4826933478,0.9704949588,0.4900000000,0.0969535971,0.1244239631,1.4081032141,-0.3752617726,0.4900000000,0.0969535971,0.1244239631,1.4081032141,-0.3752617726
