Instance,INF_avg,INF_sd,INF_r1,INF_kr,INF_sk,SUP_avg,SUP_sd,SUP_r1,SUP_kr,SUP_sk,INC_avg,INC_sd,INC_r1,INC_kr,INC_sk,IND_avg,IND_sd,IND_r1,IND_kr,IND_sk
29,0.2740000000,0.0338230691,-0.5438342967,2.4642036285,-0.0049620621,0.1880000000,0.0451220567,-0.1053516391,2.0030685384,-0.1630156015,0.5380000000,0.0457820926,-0.2199648369,4.1435595245,1.0732053742,0.5380000000,0.0457820926,-0.2199648369,4.1435595245,1.0732053742
