Instance,INF_avg,INF_sd,INF_r1,INF_kr,INF_sk,SUP_avg,SUP_sd,SUP_r1,SUP_kr,SUP_sk,INC_avg,INC_sd,INC_r1,INC_kr,INC_sk,IND_avg,IND_sd,IND_r1,IND_kr,IND_sk
417,0.3250000000,0.0981070844,0.0980392157,1.9067296340,0.3177021453,0.1950000000,0.0850000000,0.1277258567,1.9149315741,0.6448198657,0.4800000000,0.0927361850,0.0481786134,2.1581936182,-0.3460679698,0.4800000000,0.0927361850,0.0481786134,2.1581936182,-0.3460679698
