Instance,INF_avg,INF_sd,INF_r1,INF_kr,INF_sk,SUP_avg,SUP_sd,SUP_r1,SUP_kr,SUP_sk,INC_avg,INC_sd,INC_r1,INC_kr,INC_sk,IND_avg,IND_sd,IND_r1,IND_kr,IND_sk
391,0.2000000000,0.1095445115,0.2500000000,2.5000000000,-0.0000000000,0.3100000000,0.1044030651,0.0817263545,2.9675111523,-0.2003526542,0.4900000000,0.1300000000,-0.2492599171,1.7932495361,-0.0873918980,0.4900000000,0.1300000000,-0.2492599171,1.7932495361,-0.0873918980
