Instance,INF_avg,INF_sd,INF_r1,INF_kr,INF_sk,SUP_avg,SUP_sd,SUP_r1,SUP_kr,SUP_sk,INC_avg,INC_sd,INC_r1,INC_kr,INC_sk,IND_avg,IND_sd,IND_r1,IND_kr,IND_sk
257,0.2100000000,0.1044030651,-0.0192837466,6.1995623264,1.9086226528,0.2500000000,0.1118033989,-0.5918367347,3.1760000000,0.6439875775,0.5400000000,0.1200000000,0.1432584270,2.4398148148,-0.4583333333,0.5400000000,0.1200000000,0.1432584270,2.4398148148,-0.4583333333
