Instance,INF_avg,INF_sd,INF_r1,INF_kr,INF_sk,SUP_avg,SUP_sd,SUP_r1,SUP_kr,SUP_sk,INC_avg,INC_sd,INC_r1,INC_kr,INC_sk,IND_avg,IND_sd,IND_r1,IND_kr,IND_sk
296,0.2620000000,0.1227028932,0.1483795794,2.5370682714,0.2577959267,0.2300000000,0.1000000000,-0.2602627258,2.7208000000,-0.5220000000,0.5080000000,0.1036146708,0.0849997141,2.9287692591,0.5140420240,0.5080000000,0.1036146708,0.0849997141,2.9287692591,0.5140420240
