Instance,INF_avg,INF_sd,INF_r1,INF_kr,INF_sk,SUP_avg,SUP_sd,SUP_r1,SUP_kr,SUP_sk,INC_avg,INC_sd,INC_r1,INC_kr,INC_sk,IND_avg,IND_sd,IND_r1,IND_kr,IND_sk
394,0.2443000000,0.0421249332,0.0303011861,2.5809211418,0.0789194111,0.2605000000,0.0366162532,0.2128867267,2.4755814220,0.2277044590,0.4952000000,0.0496282178,0.0666593104,2.4095749688,0.0637901359,0.4952000000,0.0496282178,0.0666593104,2.4095749688,0.0637901359
