Instance,INF_avg,INF_sd,INF_r1,INF_kr,INF_sk,SUP_avg,SUP_sd,SUP_r1,SUP_kr,SUP_sk,INC_avg,INC_sd,INC_r1,INC_kr,INC_sk,IND_avg,IND_sd,IND_r1,IND_kr,IND_sk
426,0.2388000000,0.0535776073,0.1029395535,2.4330661109,0.2513414367,0.2420000000,0.0610900974,0.0741993931,2.3928171407,-0.1957995698,0.5192000000,0.0721065878,0.0858421258,3.0594891079,0.3909197289,0.5192000000,0.0721065878,0.0858421258,3.0594891079,0.3909197289
