Instance,INF_avg,INF_sd,INF_r1,INF_kr,INF_sk,SUP_avg,SUP_sd,SUP_r1,SUP_kr,SUP_sk,INC_avg,INC_sd,INC_r1,INC_kr,INC_sk,IND_avg,IND_sd,IND_r1,IND_kr,IND_sk
30,0.2680000000,0.0522302594,0.1254584171,2.3638427602,0.4386172146,0.2744000000,0.0677690195,0.1926399322,2.5473008668,-0.0162834244,0.4576000000,0.0615974025,-0.0793058903,2.7009173279,0.4434983046,0.4576000000,0.0615974025,-0.0793058903,2.7009173279,0.4434983046
