Instance,INF_avg,INF_sd,INF_r1,INF_kr,INF_sk,SUP_avg,SUP_sd,SUP_r1,SUP_kr,SUP_sk,INC_avg,INC_sd,INC_r1,INC_kr,INC_sk,IND_avg,IND_sd,IND_r1,IND_kr,IND_sk
401,0.2400000000,0.1166190379,-0.1260623229,2.5726643599,0.0907933686,0.2080000000,0.1262378707,0.1679943353,1.8764334446,0.2072965470,0.5520000000,0.1445544880,-0.2505383621,2.1439756197,0.3971435469,0.5520000000,0.1445544880,-0.2505383621,2.1439756197,0.3971435469
