Instance,INF_avg,INF_sd,INF_r1,INF_kr,INF_sk,SUP_avg,SUP_sd,SUP_r1,SUP_kr,SUP_sk,INC_avg,INC_sd,INC_r1,INC_kr,INC_sk,IND_avg,IND_sd,IND_r1,IND_kr,IND_sk
268,0.2850000000,0.0083666003,0.1428571429,2.5000000000,0.7683612489,0.2380000000,0.0445645599,-0.1238460741,1.2524636200,-0.2776785495,0.4770000000,0.0498598034,-0.1317024957,1.4052567265,0.2115828050,0.4770000000,0.0498598034,-0.1317024957,1.4052567265,0.2115828050
