Instance,INF_avg,INF_sd,INF_r1,INF_kr,INF_sk,SUP_avg,SUP_sd,SUP_r1,SUP_kr,SUP_sk,INC_avg,INC_sd,INC_r1,INC_kr,INC_sk,IND_avg,IND_sd,IND_r1,IND_kr,IND_sk
90,0.2488000000,0.0698753175,-0.1621587614,2.6810253855,0.2973849284,0.2524000000,0.0634841713,-0.2519775699,2.4424432035,0.0938356189,0.4988000000,0.0802406381,-0.0814940006,2.4152759099,-0.1270133892,0.4988000000,0.0802406381,-0.0814940006,2.4152759099,-0.1270133892
