Instance,INF_avg,INF_sd,INF_r1,INF_kr,INF_sk,SUP_avg,SUP_sd,SUP_r1,SUP_kr,SUP_sk,INC_avg,INC_sd,INC_r1,INC_kr,INC_sk,IND_avg,IND_sd,IND_r1,IND_kr,IND_sk
322,0.4207106599,0.1058372591,0.5747920843,2.4590091088,-0.0273032774,0.1122842640,0.0727513002,0.5185594641,3.7877183058,0.9485561421,0.4670050761,0.0743818176,0.0468896066,2.8174452439,0.0040839539,0.4670050761,0.0743818176,0.0468896066,2.8174452439,0.0040839539
