Instance,INF_avg,INF_sd,INF_r1,INF_kr,INF_sk,SUP_avg,SUP_sd,SUP_r1,SUP_kr,SUP_sk,INC_avg,INC_sd,INC_r1,INC_kr,INC_sk,IND_avg,IND_sd,IND_r1,IND_kr,IND_sk
62,0.2480000000,0.1360000000,-0.4357314399,4.3316142048,0.9962344800,0.2640000000,0.1323026833,0.0348280026,2.1521261058,-0.0444385686,0.4880000000,0.1394847662,-0.0154983793,2.0434313322,-0.2276705895,0.4880000000,0.1394847662,-0.0154983793,2.0434313322,-0.2276705895
