Instance,INF_avg,INF_sd,INF_r1,INF_kr,INF_sk,SUP_avg,SUP_sd,SUP_r1,SUP_kr,SUP_sk,INC_avg,INC_sd,INC_r1,INC_kr,INC_sk,IND_avg,IND_sd,IND_r1,IND_kr,IND_sk
118,0.2480000000,0.1676186147,-0.0656932590,2.0453440466,0.2385826207,0.2040000000,0.1586946754,-0.0331808709,3.0156990421,1.0153034590,0.5480000000,0.1769067551,-0.1347321355,2.5143368838,0.2064100797,0.5480000000,0.1769067551,-0.1347321355,2.5143368838,0.2064100797
