Instance,INF_avg,INF_sd,INF_r1,INF_kr,INF_sk,SUP_avg,SUP_sd,SUP_r1,SUP_kr,SUP_sk,INC_avg,INC_sd,INC_r1,INC_kr,INC_sk,IND_avg,IND_sd,IND_r1,IND_kr,IND_sk
216,0.2570000000,0.0842674314,-0.0096821741,2.4995913569,-0.0450614383,0.2620000000,0.1107068200,0.3792310133,2.5509125599,0.0494213398,0.4810000000,0.1038701112,0.3226903864,2.3331533945,0.2314111709,0.4810000000,0.1038701112,0.3226903864,2.3331533945,0.2314111709
