Instance,INF_avg,INF_sd,INF_r1,INF_kr,INF_sk,SUP_avg,SUP_sd,SUP_r1,SUP_kr,SUP_sk,INC_avg,INC_sd,INC_r1,INC_kr,INC_sk,IND_avg,IND_sd,IND_r1,IND_kr,IND_sk
123,0.2100000000,0.0700000000,-0.1814345992,2.1645147855,0.7346938776,0.3000000000,0.1224744871,-0.2203389831,2.7333333333,0.5307227776,0.4900000000,0.1044030651,-0.2636273538,2.0206211598,-0.1291747375,0.4900000000,0.1044030651,-0.2636273538,2.0206211598,-0.1291747375
