Instance,INF_avg,INF_sd,INF_r1,INF_kr,INF_sk,SUP_avg,SUP_sd,SUP_r1,SUP_kr,SUP_sk,INC_avg,INC_sd,INC_r1,INC_kr,INC_sk,IND_avg,IND_sd,IND_r1,IND_kr,IND_sk
312,0.2600000000,0.1029563014,-0.0022650057,2.3152367391,0.0054978445,0.2620000000,0.0992773892,-0.1523112189,2.0133447620,0.4021102376,0.4780000000,0.0960000000,-0.1682118500,2.7432386610,0.0609266493,0.4780000000,0.0960000000,-0.1682118500,2.7432386610,0.0609266493
