Instance,INF_avg,INF_sd,INF_r1,INF_kr,INF_sk,SUP_avg,SUP_sd,SUP_r1,SUP_kr,SUP_sk,INC_avg,INC_sd,INC_r1,INC_kr,INC_sk,IND_avg,IND_sd,IND_r1,IND_kr,IND_sk
174,0.2370000000,0.0220454077,0.0860597440,1.9338261444,0.0677613761,0.2860000000,0.0205912603,0.0254837187,1.9266865433,0.4927443137,0.4770000000,0.0391918359,0.1184949173,1.9528757731,-0.7553988753,0.4770000000,0.0391918359,0.1184949173,1.9528757731,-0.7553988753
