Instance,INF_avg,INF_sd,INF_r1,INF_kr,INF_sk,SUP_avg,SUP_sd,SUP_r1,SUP_kr,SUP_sk,INC_avg,INC_sd,INC_r1,INC_kr,INC_sk,IND_avg,IND_sd,IND_r1,IND_kr,IND_sk
52,0.3370000000,0.1591571550,0.0664382351,2.4972920446,0.1854360962,0.2360000000,0.1389388355,-0.0282090292,3.2233053829,0.3238208885,0.4270000000,0.1528757666,0.0214699084,2.4387590580,0.2959159150,0.4270000000,0.1528757666,0.0214699084,2.4387590580,0.2959159150
