Instance,INF_avg,INF_sd,INF_r1,INF_kr,INF_sk,SUP_avg,SUP_sd,SUP_r1,SUP_kr,SUP_sk,INC_avg,INC_sd,INC_r1,INC_kr,INC_sk,IND_avg,IND_sd,IND_r1,IND_kr,IND_sk
315,0.2760000000,0.0692820323,0.5291854825,2.6518666667,-0.3394819583,0.2456000000,0.0529210733,-0.0505745591,2.5018764058,0.1239678539,0.4784000000,0.0652184023,0.1014591291,3.3919656351,-0.7038846044,0.4784000000,0.0652184023,0.1014591291,3.3919656351,-0.7038846044
