Instance,INF_avg,INF_sd,INF_r1,INF_kr,INF_sk,SUP_avg,SUP_sd,SUP_r1,SUP_kr,SUP_sk,INC_avg,INC_sd,INC_r1,INC_kr,INC_sk,IND_avg,IND_sd,IND_r1,IND_kr,IND_sk
193,0.2600000000,0.1044030651,-0.3314711359,1.9196195606,0.3927966509,0.2350000000,0.0708872344,-0.4883215644,2.3686789931,-0.3031933394,0.5050000000,0.0756637298,-0.1736073553,2.1047844244,0.5228835389,0.5050000000,0.0756637298,-0.1736073553,2.1047844244,0.5228835389
