Instance,INF_avg,INF_sd,INF_r1,INF_kr,INF_sk,SUP_avg,SUP_sd,SUP_r1,SUP_kr,SUP_sk,INC_avg,INC_sd,INC_r1,INC_kr,INC_sk,IND_avg,IND_sd,IND_r1,IND_kr,IND_sk
380,0.2490000000,0.0899944443,0.1491673850,2.8815009059,0.2768660847,0.2415000000,0.0897371161,0.0240346298,2.9635476074,0.4216667081,0.5095000000,0.1117351780,0.0963468723,2.6230679163,-0.2440331356,0.5095000000,0.1117351780,0.0963468723,2.6230679163,-0.2440331356
