Instance,INF_avg,INF_sd,INF_r1,INF_kr,INF_sk,SUP_avg,SUP_sd,SUP_r1,SUP_kr,SUP_sk,INC_avg,INC_sd,INC_r1,INC_kr,INC_sk,IND_avg,IND_sd,IND_r1,IND_kr,IND_sk
283,0.2840000000,0.1083697375,0.0232458292,2.3997368475,-0.1156538628,0.2350000000,0.1006230590,0.1317043184,3.5316140832,0.7670725375,0.4810000000,0.1268424219,-0.0272191565,3.3216730515,-0.1438517457,0.4810000000,0.1268424219,-0.0272191565,3.3216730515,-0.1438517457
