Instance,INF_avg,INF_sd,INF_r1,INF_kr,INF_sk,SUP_avg,SUP_sd,SUP_r1,SUP_kr,SUP_sk,INC_avg,INC_sd,INC_r1,INC_kr,INC_sk,IND_avg,IND_sd,IND_r1,IND_kr,IND_sk
263,0.2508000000,0.0280242752,0.2991157471,3.1800320418,0.4638809963,0.2764000000,0.0297664240,0.0119088908,2.1615041915,0.2667711893,0.4728000000,0.0325447384,0.1520808201,3.1626986341,-0.2393059362,0.4728000000,0.0325447384,0.1520808201,3.1626986341,-0.2393059362
