Instance,INF_avg,INF_sd,INF_r1,INF_kr,INF_sk,SUP_avg,SUP_sd,SUP_r1,SUP_kr,SUP_sk,INC_avg,INC_sd,INC_r1,INC_kr,INC_sk,IND_avg,IND_sd,IND_r1,IND_kr,IND_sk
453,0.2280000000,0.1327252802,0.0859257104,3.0942863436,0.6579323137,0.2980000000,0.1702821188,0.0695710862,2.5880812669,0.3714397735,0.4740000000,0.1764199535,0.0814919459,2.4042136424,-0.0391105666,0.4740000000,0.1764199535,0.0814919459,2.4042136424,-0.0391105666
