Instance,INF_avg,INF_sd,INF_r1,INF_kr,INF_sk,SUP_avg,SUP_sd,SUP_r1,SUP_kr,SUP_sk,INC_avg,INC_sd,INC_r1,INC_kr,INC_sk,IND_avg,IND_sd,IND_r1,IND_kr,IND_sk
418,0.2625000000,0.2117634293,-0.1433944523,5.2788427685,1.9189285247,0.2750000000,0.1479019946,0.4968553459,2.0024489796,-0.7244179326,0.4625000000,0.2175861898,-0.4678899083,3.0668561906,0.4129466361,0.4625000000,0.2175861898,-0.4678899083,3.0668561906,0.4129466361
