Instance,INF_avg,INF_sd,INF_r1,INF_kr,INF_sk,SUP_avg,SUP_sd,SUP_r1,SUP_kr,SUP_sk,INC_avg,INC_sd,INC_r1,INC_kr,INC_sk,IND_avg,IND_sd,IND_r1,IND_kr,IND_sk
84,0.2500000000,0.1072380529,-0.2444444444,2.1455576560,0.4865242478,0.2050000000,0.1011187421,0.1024700416,2.0364356980,-0.0638335445,0.5450000000,0.1253993620,-0.1257851506,2.4971552493,0.4556507613,0.5450000000,0.1253993620,-0.1257851506,2.4971552493,0.4556507613
