Instance,INF_avg,INF_sd,INF_r1,INF_kr,INF_sk,SUP_avg,SUP_sd,SUP_r1,SUP_kr,SUP_sk,INC_avg,INC_sd,INC_r1,INC_kr,INC_sk,IND_avg,IND_sd,IND_r1,IND_kr,IND_sk
464,0.2060000000,0.0428952212,0.3090102627,3.3696030246,0.6038982226,0.2762000000,0.0561387567,0.2518564358,2.7693952475,0.5247581429,0.5178000000,0.0548193397,0.1616122098,2.8203381512,-0.3201105508,0.5178000000,0.0548193397,0.1616122098,2.8203381512,-0.3201105508
