Instance,INF_avg,INF_sd,INF_r1,INF_kr,INF_sk,SUP_avg,SUP_sd,SUP_r1,SUP_kr,SUP_sk,INC_avg,INC_sd,INC_r1,INC_kr,INC_sk,IND_avg,IND_sd,IND_r1,IND_kr,IND_sk
124,0.2800000000,0.0748331477,-0.0185185185,1.8469387755,0.3436215967,0.4000000000,0.1414213562,-0.3000000000,1.7000000000,-0.0000000000,0.3200000000,0.1326649916,-0.5441176471,2.2169421488,-0.3700366502,0.3200000000,0.1326649916,-0.5441176471,2.2169421488,-0.3700366502
