Instance,INF_avg,INF_sd,INF_r1,INF_kr,INF_sk,SUP_avg,SUP_sd,SUP_r1,SUP_kr,SUP_sk,INC_avg,INC_sd,INC_r1,INC_kr,INC_sk,IND_avg,IND_sd,IND_r1,IND_kr,IND_sk
24,0.2312000000,0.0422677182,0.0732730248,2.6427955999,-0.1630608130,0.3175000000,0.0472308162,0.0686795423,2.9123503112,0.4082782034,0.4513000000,0.0533789284,-0.0656712775,2.8760242051,0.3396307200,0.4513000000,0.0533789284,-0.0656712775,2.8760242051,0.3396307200
