Instance,INF_avg,INF_sd,INF_r1,INF_kr,INF_sk,SUP_avg,SUP_sd,SUP_r1,SUP_kr,SUP_sk,INC_avg,INC_sd,INC_r1,INC_kr,INC_sk,IND_avg,IND_sd,IND_r1,IND_kr,IND_sk
451,0.3600000000,0.0663324958,0.3175487465,2.6043388430,0.9148128296,0.2000000000,0.1000000000,-0.3611111111,1.7500000000,-0.3000000000,0.4400000000,0.0888819442,-0.2357414449,3.8658868771,0.8374071971,0.4400000000,0.0888819442,-0.2357414449,3.8658868771,0.8374071971
