Instance,INF_avg,INF_sd,INF_r1,INF_kr,INF_sk,SUP_avg,SUP_sd,SUP_r1,SUP_kr,SUP_sk,INC_avg,INC_sd,INC_r1,INC_kr,INC_sk,IND_avg,IND_sd,IND_r1,IND_kr,IND_sk
252,0.2433000000,0.0432678865,-0.0384609283,4.0968980933,0.6422065872,0.2592000000,0.0437419707,0.1043173170,3.0762701840,-0.0328269589,0.4975000000,0.0466985010,0.1247001705,2.7758641266,-0.0614580509,0.4975000000,0.0466985010,0.1247001705,2.7758641266,-0.0614580509
