Instance,INF_avg,INF_sd,INF_r1,INF_kr,INF_sk,SUP_avg,SUP_sd,SUP_r1,SUP_kr,SUP_sk,INC_avg,INC_sd,INC_r1,INC_kr,INC_sk,IND_avg,IND_sd,IND_r1,IND_kr,IND_sk
151,0.1856000000,0.0484627692,0.6197215377,2.8146543261,0.6772636579,0.2722000000,0.0615886353,0.5495310095,2.3930654290,0.1515930610,0.5422000000,0.0485505922,0.1818911705,3.0597243100,-0.1278199100,0.5422000000,0.0485505922,0.1818911705,3.0597243100,-0.1278199100
