Instance,INF_avg,INF_sd,INF_r1,INF_kr,INF_sk,SUP_avg,SUP_sd,SUP_r1,SUP_kr,SUP_sk,INC_avg,INC_sd,INC_r1,INC_kr,INC_sk,IND_avg,IND_sd,IND_r1,IND_kr,IND_sk
167,0.2580000000,0.0477493455,0.0994420857,3.5887903970,0.6419487268,0.2432000000,0.0424942349,-0.1314810795,2.4340847312,0.1547146730,0.4988000000,0.0497047281,-0.0894413068,2.5157874078,-0.1708836325,0.4988000000,0.0497047281,-0.0894413068,2.5157874078,-0.1708836325
