Instance,INF_avg,INF_sd,INF_r1,INF_kr,INF_sk,SUP_avg,SUP_sd,SUP_r1,SUP_kr,SUP_sk,INC_avg,INC_sd,INC_r1,INC_kr,INC_sk,IND_avg,IND_sd,IND_r1,IND_kr,IND_sk
99,0.2617000000,0.0498408467,0.2817869846,2.1592412884,0.0923682460,0.2652000000,0.0630789981,0.4954222496,2.9065456907,-0.0708094675,0.4731000000,0.0510038234,0.2969567029,2.3672423376,-0.1015423055,0.4731000000,0.0510038234,0.2969567029,2.3672423376,-0.1015423055
