Instance,INF_avg,INF_sd,INF_r1,INF_kr,INF_sk,SUP_avg,SUP_sd,SUP_r1,SUP_kr,SUP_sk,INC_avg,INC_sd,INC_r1,INC_kr,INC_sk,IND_avg,IND_sd,IND_r1,IND_kr,IND_sk
403,0.2450000000,0.0850000000,-0.2149532710,3.9264017433,-0.5764298799,0.2350000000,0.1025914226,0.3887530562,1.7601852844,-0.0791831834,0.5200000000,0.1400000000,0.1134361233,3.5038004998,1.0900145773,0.5200000000,0.1400000000,0.1134361233,3.5038004998,1.0900145773
