Instance,INF_avg,INF_sd,INF_r1,INF_kr,INF_sk,SUP_avg,SUP_sd,SUP_r1,SUP_kr,SUP_sk,INC_avg,INC_sd,INC_r1,INC_kr,INC_sk,IND_avg,IND_sd,IND_r1,IND_kr,IND_sk
187,0.2500000000,0.1118033989,0.0204081633,3.1760000000,1.0733126292,0.2300000000,0.1615549442,-0.4564623194,1.8927643458,0.0768394503,0.5200000000,0.1600000000,-0.1658841941,2.7739257812,-0.1816406250,0.5200000000,0.1600000000,-0.1658841941,2.7739257812,-0.1816406250
