Instance,INF_avg,INF_sd,INF_r1,INF_kr,INF_sk,SUP_avg,SUP_sd,SUP_r1,SUP_kr,SUP_sk,INC_avg,INC_sd,INC_r1,INC_kr,INC_sk,IND_avg,IND_sd,IND_r1,IND_kr,IND_sk
391,0.2760000000,0.1304760514,-0.3634284843,2.7481874329,-0.4143876871,0.2880000000,0.1070327053,-0.1597335826,2.2032942168,-0.1515748261,0.4360000000,0.1438888460,-0.2326071462,2.1502416336,-0.0009022936,0.4360000000,0.1438888460,-0.2326071462,2.1502416336,-0.0009022936
