Instance,INF_avg,INF_sd,INF_r1,INF_kr,INF_sk,SUP_avg,SUP_sd,SUP_r1,SUP_kr,SUP_sk,INC_avg,INC_sd,INC_r1,INC_kr,INC_sk,IND_avg,IND_sd,IND_r1,IND_kr,IND_sk
426,0.2602500000,0.0321820991,-0.0403359686,3.2514407814,-0.0696966574,0.2371000000,0.0309611046,0.0606435618,2.9721951534,0.1628801893,0.5026500000,0.0373594366,-0.0330769200,2.7536875112,-0.3177455235,0.5026500000,0.0373594366,-0.0330769200,2.7536875112,-0.3177455235
