Instance,INF_avg,INF_sd,INF_r1,INF_kr,INF_sk,SUP_avg,SUP_sd,SUP_r1,SUP_kr,SUP_sk,INC_avg,INC_sd,INC_r1,INC_kr,INC_sk,IND_avg,IND_sd,IND_r1,IND_kr,IND_sk
396,0.2500000000,0.1140175425,-0.9545454545,1.4349112426,0.0000000000,0.1900000000,0.0860232527,0.3361581921,1.9945215486,-0.3958703373,0.5600000000,0.1319090596,-0.2908011869,1.8008323424,-0.3476794476,0.5600000000,0.1319090596,-0.2908011869,1.8008323424,-0.3476794476
