Instance,INF_avg,INF_sd,INF_r1,INF_kr,INF_sk,SUP_avg,SUP_sd,SUP_r1,SUP_kr,SUP_sk,INC_avg,INC_sd,INC_r1,INC_kr,INC_sk,IND_avg,IND_sd,IND_r1,IND_kr,IND_sk
366,0.2480000000,0.0635609943,0.0186601165,3.6095363200,0.5189059511,0.2710000000,0.0684324484,-0.2048641350,2.4867197900,0.0515806270,0.4810000000,0.0665957957,-0.0759152320,3.7860918770,0.1529495175,0.4810000000,0.0665957957,-0.0759152320,3.7860918770,0.1529495175
