Instance,INF_avg,INF_sd,INF_r1,INF_kr,INF_sk,SUP_avg,SUP_sd,SUP_r1,SUP_kr,SUP_sk,INC_avg,INC_sd,INC_r1,INC_kr,INC_sk,IND_avg,IND_sd,IND_r1,IND_kr,IND_sk
207,0.2882000000,0.0443481679,-0.0546420860,2.6713501125,-0.0522076244,0.2492000000,0.0523770942,-0.0439003136,4.1038071847,-0.5952807099,0.4626000000,0.0500723477,-0.2132613398,2.4322686605,-0.0687734161,0.4626000000,0.0500723477,-0.2132613398,2.4322686605,-0.0687734161
