Instance,INF_avg,INF_sd,INF_r1,INF_kr,INF_sk,SUP_avg,SUP_sd,SUP_r1,SUP_kr,SUP_sk,INC_avg,INC_sd,INC_r1,INC_kr,INC_sk,IND_avg,IND_sd,IND_r1,IND_kr,IND_sk
358,0.2460000000,0.0463033476,-0.5591397849,2.1518294720,0.2074251238,0.2140000000,0.0280000000,0.0885684861,2.9376301541,-1.2332361516,0.5400000000,0.0540370243,-0.0633802817,1.9257834491,-0.5932005863,0.5400000000,0.0540370243,-0.0633802817,1.9257834491,-0.5932005863
