Instance,INF_avg,INF_sd,INF_r1,INF_kr,INF_sk,SUP_avg,SUP_sd,SUP_r1,SUP_kr,SUP_sk,INC_avg,INC_sd,INC_r1,INC_kr,INC_sk,IND_avg,IND_sd,IND_r1,IND_kr,IND_sk
148,0.1000000000,0.0632455532,-0.5000000000,2.5000000000,0.0000000000,0.4200000000,0.2481934729,-0.2125340599,2.0324675325,-0.6216348580,0.4800000000,0.2638181192,-0.3968824940,2.1575505351,0.2169728883,0.4800000000,0.2638181192,-0.3968824940,2.1575505351,0.2169728883
