Instance,INF_avg,INF_sd,INF_r1,INF_kr,INF_sk,SUP_avg,SUP_sd,SUP_r1,SUP_kr,SUP_sk,INC_avg,INC_sd,INC_r1,INC_kr,INC_sk,IND_avg,IND_sd,IND_r1,IND_kr,IND_sk
450,0.2632000000,0.0589725360,-0.1276592384,2.4549684378,0.2271208131,0.2528000000,0.0673807094,-0.0806407896,2.5416226294,0.2935438623,0.4840000000,0.0614491660,0.0370304748,2.1337977593,-0.4369051589,0.4840000000,0.0614491660,0.0370304748,2.1337977593,-0.4369051589
