Instance,INF_avg,INF_sd,INF_r1,INF_kr,INF_sk,SUP_avg,SUP_sd,SUP_r1,SUP_kr,SUP_sk,INC_avg,INC_sd,INC_r1,INC_kr,INC_sk,IND_avg,IND_sd,IND_r1,IND_kr,IND_sk
138,0.2665000000,0.0977381706,-0.0331645642,4.7849610597,0.7137403542,0.2705000000,0.1024926827,0.1597939354,2.2879753302,0.2058149725,0.4630000000,0.1087704004,0.0665034080,2.4828603157,-0.0494271880,0.4630000000,0.1087704004,0.0665034080,2.4828603157,-0.0494271880
