Instance,INF_avg,INF_sd,INF_r1,INF_kr,INF_sk,SUP_avg,SUP_sd,SUP_r1,SUP_kr,SUP_sk,INC_avg,INC_sd,INC_r1,INC_kr,INC_sk,IND_avg,IND_sd,IND_r1,IND_kr,IND_sk
294,0.3000000000,0.0547722558,-0.6666666667,2.5000000000,0.9128709292,0.2500000000,0.0316227766,0.0000000000,2.5000000000,0.0000000000,0.4500000000,0.0547722558,-0.4000000000,2.5000000000,-0.9128709292,0.4500000000,0.0547722558,-0.4000000000,2.5000000000,-0.9128709292
