Instance,INF_avg,INF_sd,INF_r1,INF_kr,INF_sk,SUP_avg,SUP_sd,SUP_r1,SUP_kr,SUP_sk,INC_avg,INC_sd,INC_r1,INC_kr,INC_sk,IND_avg,IND_sd,IND_r1,IND_kr,IND_sk
453,0.2304000000,0.0427532455,-0.5934807433,1.9367173340,0.2181366657,0.2776000000,0.0620503022,-0.1415753085,3.6764973148,0.3451343626,0.4920000000,0.0706540869,0.0362042144,2.6735700197,0.4028293295,0.4920000000,0.0706540869,0.0362042144,2.6735700197,0.4028293295
