Instance,INF_avg,INF_sd,INF_r1,INF_kr,INF_sk,SUP_avg,SUP_sd,SUP_r1,SUP_kr,SUP_sk,INC_avg,INC_sd,INC_r1,INC_kr,INC_sk,IND_avg,IND_sd,IND_r1,IND_kr,IND_sk
413,0.2620000000,0.0745385806,-0.1446553250,1.7579951703,-0.1017635849,0.2400000000,0.0464758002,0.0444444444,2.8189300412,-0.8606629658,0.4980000000,0.0740000000,0.0729829523,1.7266483509,-0.5960555150,0.4980000000,0.0740000000,0.0729829523,1.7266483509,-0.5960555150
