Instance,INF_avg,INF_sd,INF_r1,INF_kr,INF_sk,SUP_avg,SUP_sd,SUP_r1,SUP_kr,SUP_sk,INC_avg,INC_sd,INC_r1,INC_kr,INC_sk,IND_avg,IND_sd,IND_r1,IND_kr,IND_sk
264,0.2360000000,0.1546091847,-0.0020906204,5.0643860583,1.0421924830,0.2600000000,0.1428285686,-0.0271546635,2.7785467128,0.4777426169,0.5040000000,0.1696584805,-0.2033701076,3.4322993350,-0.7997363008,0.5040000000,0.1696584805,-0.2033701076,3.4322993350,-0.7997363008
