Instance,INF_avg,INF_sd,INF_r1,INF_kr,INF_sk,SUP_avg,SUP_sd,SUP_r1,SUP_kr,SUP_sk,INC_avg,INC_sd,INC_r1,INC_kr,INC_sk,IND_avg,IND_sd,IND_r1,IND_kr,IND_sk
438,0.3030000000,0.0191311265,-0.0458839406,2.1610230225,-0.6778070876,0.2190000000,0.0182756669,-0.3826025460,1.4045143246,0.2585159233,0.4780000000,0.0177763888,-0.1541440744,2.5890482295,-1.0318052965,0.4780000000,0.0177763888,-0.1541440744,2.5890482295,-1.0318052965
