Instance,INF_avg,INF_sd,INF_r1,INF_kr,INF_sk,SUP_avg,SUP_sd,SUP_r1,SUP_kr,SUP_sk,INC_avg,INC_sd,INC_r1,INC_kr,INC_sk,IND_avg,IND_sd,IND_r1,IND_kr,IND_sk
63,0.3270312500,0.0897771492,0.3984020693,2.5266673619,0.1939275338,0.1525000000,0.0754983444,0.5628898819,2.7185516217,0.4384245672,0.5204687500,0.0758066968,-0.0894327090,2.5839894085,0.3640804340,0.5204687500,0.0758066968,-0.0894327090,2.5839894085,0.3640804340
