Instance,INF_avg,INF_sd,INF_r1,INF_kr,INF_sk,SUP_avg,SUP_sd,SUP_r1,SUP_kr,SUP_sk,INC_avg,INC_sd,INC_r1,INC_kr,INC_sk,IND_avg,IND_sd,IND_r1,IND_kr,IND_sk
225,0.2240000000,0.0838093074,-0.0352865893,3.2712094167,0.4424296993,0.2660000000,0.1111035553,-0.0676387411,2.8326095019,0.5566263159,0.5100000000,0.1140175425,-0.2213976500,3.4649704142,-0.0445275610,0.5100000000,0.1140175425,-0.2213976500,3.4649704142,-0.0445275610
