Instance,INF_avg,INF_sd,INF_r1,INF_kr,INF_sk,SUP_avg,SUP_sd,SUP_r1,SUP_kr,SUP_sk,INC_avg,INC_sd,INC_r1,INC_kr,INC_sk,IND_avg,IND_sd,IND_r1,IND_kr,IND_sk
398,0.2460000000,0.1388668427,-0.1426031703,2.7151822424,0.2171366446,0.2460000000,0.0942549733,-0.0075008369,5.2776841986,0.8319850669,0.5080000000,0.1494523335,0.0951339926,2.3045028366,-0.2086701872,0.5080000000,0.1494523335,0.0951339926,2.3045028366,-0.2086701872
