Instance,INF_avg,INF_sd,INF_r1,INF_kr,INF_sk,SUP_avg,SUP_sd,SUP_r1,SUP_kr,SUP_sk,INC_avg,INC_sd,INC_r1,INC_kr,INC_sk,IND_avg,IND_sd,IND_r1,IND_kr,IND_sk
54,0.2520000000,0.0411825206,-0.0193133047,1.7481310075,0.6817327185,0.2880000000,0.0515363949,-0.6897233202,2.4634199448,-0.4460527720,0.4600000000,0.0657267069,-0.5200000000,2.4176954733,0.9804909980,0.4600000000,0.0657267069,-0.5200000000,2.4176954733,0.9804909980
