Instance,INF_avg,INF_sd,INF_r1,INF_kr,INF_sk,SUP_avg,SUP_sd,SUP_r1,SUP_kr,SUP_sk,INC_avg,INC_sd,INC_r1,INC_kr,INC_sk,IND_avg,IND_sd,IND_r1,IND_kr,IND_sk
327,0.2380000000,0.0254165301,0.1311080523,1.3778575468,0.1238802781,0.2500000000,0.0192353841,0.0000000000,1.5796201607,0.5058245626,0.5120000000,0.0203960781,-0.0770440252,2.6056998891,1.0543599429,0.5120000000,0.0203960781,-0.0770440252,2.6056998891,1.0543599429
