Instance,INF_avg,INF_sd,INF_r1,INF_kr,INF_sk,SUP_avg,SUP_sd,SUP_r1,SUP_kr,SUP_sk,INC_avg,INC_sd,INC_r1,INC_kr,INC_sk,IND_avg,IND_sd,IND_r1,IND_kr,IND_sk
101,0.2660000000,0.0307245830,-0.4418350628,2.1260413674,0.2962349373,0.2420000000,0.0513419906,-0.1545552312,2.7171508770,-0.8824162649,0.4920000000,0.0591269820,-0.0481039326,2.5508354759,0.2767963486,0.4920000000,0.0591269820,-0.0481039326,2.5508354759,0.2767963486
