Instance,INF_avg,INF_sd,INF_r1,INF_kr,INF_sk,SUP_avg,SUP_sd,SUP_r1,SUP_kr,SUP_sk,INC_avg,INC_sd,INC_r1,INC_kr,INC_sk,IND_avg,IND_sd,IND_r1,IND_kr,IND_sk
344,0.2620000000,0.0951630180,-0.0503601103,2.7792151544,0.8032710364,0.3120000000,0.1022545842,0.0396977204,2.5246629736,0.1934727303,0.4260000000,0.1073498952,-0.1662415468,2.7846769478,0.3302497264,0.4260000000,0.1073498952,-0.1662415468,2.7846769478,0.3302497264
