Instance,INF_avg,INF_sd,INF_r1,INF_kr,INF_sk,SUP_avg,SUP_sd,SUP_r1,SUP_kr,SUP_sk,INC_avg,INC_sd,INC_r1,INC_kr,INC_sk,IND_avg,IND_sd,IND_r1,IND_kr,IND_sk
96,0.2780000000,0.0231516738,-0.7813455657,1.3968589886,0.2436882574,0.2160000000,0.0313687743,-0.4771519660,2.3762641285,-0.7946382936,0.5060000000,0.0185472370,0.5977011494,1.5091941590,-0.1579875514,0.5060000000,0.0185472370,0.5977011494,1.5091941590,-0.1579875514
