Instance,INF_avg,INF_sd,INF_r1,INF_kr,INF_sk,SUP_avg,SUP_sd,SUP_r1,SUP_kr,SUP_sk,INC_avg,INC_sd,INC_r1,INC_kr,INC_sk,IND_avg,IND_sd,IND_r1,IND_kr,IND_sk
291,0.4197663551,0.0955221342,0.8312966611,1.9746333020,0.1563580120,0.0945794393,0.0780130635,0.9349614227,2.3935285266,0.7054365640,0.4856542056,0.0486840093,0.3376759496,3.1771623827,-0.1450825953,0.4856542056,0.0486840093,0.3376759496,3.1771623827,-0.1450825953
