Instance,INF_avg,INF_sd,INF_r1,INF_kr,INF_sk,SUP_avg,SUP_sd,SUP_r1,SUP_kr,SUP_sk,INC_avg,INC_sd,INC_r1,INC_kr,INC_sk,IND_avg,IND_sd,IND_r1,IND_kr,IND_sk
225,0.2760000000,0.0449888875,-0.3660801564,2.8716352388,-1.1734122969,0.3080000000,0.0132664992,-0.0273972603,2.2169421488,0.3700366502,0.4160000000,0.0372021505,-0.6069941715,2.2369775134,0.6190207136,0.4160000000,0.0372021505,-0.6069941715,2.2369775134,0.6190207136
