Instance,INF_avg,INF_sd,INF_r1,INF_kr,INF_sk,SUP_avg,SUP_sd,SUP_r1,SUP_kr,SUP_sk,INC_avg,INC_sd,INC_r1,INC_kr,INC_sk,IND_avg,IND_sd,IND_r1,IND_kr,IND_sk
90,0.2650000000,0.0838152731,0.5608711175,2.4621901952,-0.2241839094,0.2050000000,0.0788986692,-0.2162723122,2.0466927953,0.2931929063,0.5300000000,0.1307669683,0.1534391534,2.4119216169,0.9096132606,0.5300000000,0.1307669683,0.1534391534,2.4119216169,0.9096132606
