Instance,INF_avg,INF_sd,INF_r1,INF_kr,INF_sk,SUP_avg,SUP_sd,SUP_r1,SUP_kr,SUP_sk,INC_avg,INC_sd,INC_r1,INC_kr,INC_sk,IND_avg,IND_sd,IND_r1,IND_kr,IND_sk
73,0.2900000000,0.1004987562,-0.0294117647,3.4701499853,0.6295334302,0.1700000000,0.0842614977,-0.0250987028,2.8718508232,-0.0150437112,0.5400000000,0.1148912529,-0.0376327295,3.1559917355,0.1167111557,0.5400000000,0.1148912529,-0.0376327295,3.1559917355,0.1167111557
