Instance,INF_avg,INF_sd,INF_r1,INF_kr,INF_sk,SUP_avg,SUP_sd,SUP_r1,SUP_kr,SUP_sk,INC_avg,INC_sd,INC_r1,INC_kr,INC_sk,IND_avg,IND_sd,IND_r1,IND_kr,IND_sk
290,0.2050000000,0.0878919792,-0.2994350282,3.4567819776,0.5103351792,0.3000000000,0.0948683298,-0.2187500000,1.7592592593,0.5270462767,0.4950000000,0.0756637298,-0.3370216690,2.3793787304,0.5159579291,0.4950000000,0.0756637298,-0.3370216690,2.3793787304,0.5159579291
