Instance,INF_avg,INF_sd,INF_r1,INF_kr,INF_sk,SUP_avg,SUP_sd,SUP_r1,SUP_kr,SUP_sk,INC_avg,INC_sd,INC_r1,INC_kr,INC_sk,IND_avg,IND_sd,IND_r1,IND_kr,IND_sk
189,0.1800000000,0.0748331477,-0.2500000000,2.1339285714,-0.7301958931,0.3500000000,0.0948683298,-0.1428571429,1.7592592593,-0.3513641845,0.4700000000,0.1122497216,-0.3168724280,1.6957671958,0.5557336935,0.4700000000,0.1122497216,-0.3168724280,1.6957671958,0.5557336935
