Instance,INF_avg,INF_sd,INF_r1,INF_kr,INF_sk,SUP_avg,SUP_sd,SUP_r1,SUP_kr,SUP_sk,INC_avg,INC_sd,INC_r1,INC_kr,INC_sk,IND_avg,IND_sd,IND_r1,IND_kr,IND_sk
54,0.2374000000,0.0606402507,0.1855414166,3.0829998588,0.0852959961,0.2974000000,0.0660699629,0.0164054002,2.5551830444,0.0196471119,0.4652000000,0.0742223686,-0.0146924597,2.6072079151,0.2429995536,0.4652000000,0.0742223686,-0.0146924597,2.6072079151,0.2429995536
