Instance,INF_avg,INF_sd,INF_r1,INF_kr,INF_sk,SUP_avg,SUP_sd,SUP_r1,SUP_kr,SUP_sk,INC_avg,INC_sd,INC_r1,INC_kr,INC_sk,IND_avg,IND_sd,IND_r1,IND_kr,IND_sk
258,0.2360000000,0.0542586399,-0.6919889503,1.5398156900,0.5120402716,0.2840000000,0.0480000000,0.4444444444,1.3981481481,0.1111111111,0.4800000000,0.0644980620,-0.1388888889,1.7825443787,-0.2146755022,0.4800000000,0.0644980620,-0.1388888889,1.7825443787,-0.2146755022
