Instance,INF_avg,INF_sd,INF_r1,INF_kr,INF_sk,SUP_avg,SUP_sd,SUP_r1,SUP_kr,SUP_sk,INC_avg,INC_sd,INC_r1,INC_kr,INC_sk,IND_avg,IND_sd,IND_r1,IND_kr,IND_sk
315,0.2180000000,0.0545160527,-0.0113819218,3.4618321924,-0.0251818107,0.3020000000,0.0630872412,-0.0314050252,2.7578020757,-0.0690118757,0.4800000000,0.0687022561,0.0618921309,3.4415397874,0.3330510119,0.4800000000,0.0687022561,0.0618921309,3.4415397874,0.3330510119
