Instance,INF_avg,INF_sd,INF_r1,INF_kr,INF_sk,SUP_avg,SUP_sd,SUP_r1,SUP_kr,SUP_sk,INC_avg,INC_sd,INC_r1,INC_kr,INC_sk,IND_avg,IND_sd,IND_r1,IND_kr,IND_sk
322,0.2480000000,0.0660908466,-0.0648037577,3.1350883549,-0.1177200805,0.2556000000,0.0651509018,-0.2616902491,2.4706294649,-0.2790373017,0.4964000000,0.0736141291,-0.1101034393,1.7964681018,-0.0252375533,0.4964000000,0.0736141291,-0.1101034393,1.7964681018,-0.0252375533
