Instance,INF_avg,INF_sd,INF_r1,INF_kr,INF_sk,SUP_avg,SUP_sd,SUP_r1,SUP_kr,SUP_sk,INC_avg,INC_sd,INC_r1,INC_kr,INC_sk,IND_avg,IND_sd,IND_r1,IND_kr,IND_sk
488,0.2220000000,0.1526957760,0.0026868647,3.9149964236,0.8736723215,0.2820000000,0.1337011593,-0.1067822825,2.6695734585,-0.2212781269,0.4960000000,0.1611955334,0.0449389771,2.4040455362,-0.3934883931,0.4960000000,0.1611955334,0.0449389771,2.4040455362,-0.3934883931
