Instance,INF_avg,INF_sd,INF_r1,INF_kr,INF_sk,SUP_avg,SUP_sd,SUP_r1,SUP_kr,SUP_sk,INC_avg,INC_sd,INC_r1,INC_kr,INC_sk,IND_avg,IND_sd,IND_r1,IND_kr,IND_sk
184,0.2780000000,0.0229346899,-0.0619469027,1.7078532290,-0.1148906308,0.2730000000,0.0211187121,0.0604026846,1.2397293330,-0.3573648418,0.4490000000,0.0139283883,-1.2208121827,2.1905090870,-0.6261779404,0.4490000000,0.0139283883,-1.2208121827,2.1905090870,-0.6261779404
