Instance,INF_avg,INF_sd,INF_r1,INF_kr,INF_sk,SUP_avg,SUP_sd,SUP_r1,SUP_kr,SUP_sk,INC_avg,INC_sd,INC_r1,INC_kr,INC_sk,IND_avg,IND_sd,IND_r1,IND_kr,IND_sk
341,0.2040000000,0.1182539640,-0.0599793175,1.9271740440,0.0678058170,0.2480000000,0.1746310396,0.3944946400,4.8241214302,0.8671377744,0.5480000000,0.1920833153,0.1888914554,2.6108108942,0.0135999095,0.5480000000,0.1920833153,0.1888914554,2.6108108942,0.0135999095
