Instance,INF_avg,INF_sd,INF_r1,INF_kr,INF_sk,SUP_avg,SUP_sd,SUP_r1,SUP_kr,SUP_sk,INC_avg,INC_sd,INC_r1,INC_kr,INC_sk,IND_avg,IND_sd,IND_r1,IND_kr,IND_sk
53,0.2340000000,0.0193390796,-0.4095415118,1.7681517916,-0.0970576359,0.2920000000,0.0314006369,-0.0784313725,1.9777513999,-0.5337032088,0.4740000000,0.0389101529,-0.6204254195,2.3282310937,-0.2823291129,0.4740000000,0.0389101529,-0.6204254195,2.3282310937,-0.2823291129
