Instance,INF_avg,INF_sd,INF_r1,INF_kr,INF_sk,SUP_avg,SUP_sd,SUP_r1,SUP_kr,SUP_sk,INC_avg,INC_sd,INC_r1,INC_kr,INC_sk,IND_avg,IND_sd,IND_r1,IND_kr,IND_sk
221,0.2816000000,0.0624615081,-0.1008278804,2.7425798445,-0.1727236981,0.2408000000,0.0582353844,-0.0385879756,2.4252848912,0.4610710709,0.4776000000,0.0791595856,0.0011114741,2.6640715685,0.0600176889,0.4776000000,0.0791595856,0.0011114741,2.6640715685,0.0600176889
