Instance,INF_avg,INF_sd,INF_r1,INF_kr,INF_sk,SUP_avg,SUP_sd,SUP_r1,SUP_kr,SUP_sk,INC_avg,INC_sd,INC_r1,INC_kr,INC_sk,IND_avg,IND_sd,IND_r1,IND_kr,IND_sk
433,0.2560000000,0.0741889480,-0.3317264236,2.1366448080,-0.2534383638,0.2520000000,0.0552810998,-0.3323678494,2.4453002933,0.3045832370,0.4920000000,0.0699714227,-0.4729080933,2.0253107779,-0.4494832199,0.4920000000,0.0699714227,-0.4729080933,2.0253107779,-0.4494832199
