Instance,INF_avg,INF_sd,INF_r1,INF_kr,INF_sk,SUP_avg,SUP_sd,SUP_r1,SUP_kr,SUP_sk,INC_avg,INC_sd,INC_r1,INC_kr,INC_sk,IND_avg,IND_sd,IND_r1,IND_kr,IND_sk
2,0.2000000000,0.1264911064,-0.8571428571,1.5625000000,0.5929270613,0.3400000000,0.0800000000,-0.0526315789,3.2500000000,1.5000000000,0.4600000000,0.1200000000,-0.9465648855,1.3981481481,0.1111111111,0.4600000000,0.1200000000,-0.9465648855,1.3981481481,0.1111111111
