Instance,INF_avg,INF_sd,INF_r1,INF_kr,INF_sk,SUP_avg,SUP_sd,SUP_r1,SUP_kr,SUP_sk,INC_avg,INC_sd,INC_r1,INC_kr,INC_sk,IND_avg,IND_sd,IND_r1,IND_kr,IND_sk
259,0.2060000000,0.0941488184,0.4414130954,2.3816638755,0.5095435611,0.3240000000,0.0813879598,-0.0525741710,3.2054759154,0.3695842754,0.4700000000,0.0969535971,0.1160471442,2.5095065641,0.3160099137,0.4700000000,0.0969535971,0.1160471442,2.5095065641,0.3160099137
