Instance,INF_avg,INF_sd,INF_r1,INF_kr,INF_sk,SUP_avg,SUP_sd,SUP_r1,SUP_kr,SUP_sk,INC_avg,INC_sd,INC_r1,INC_kr,INC_sk,IND_avg,IND_sd,IND_r1,IND_kr,IND_sk
95,0.2250000000,0.0750000000,0.3333333333,1.0000000000,0.0000000000,0.1625000000,0.1023169096,0.5555555556,1.8580975718,-0.6892544771,0.6125000000,0.0544862368,-1.0740740741,2.0969529086,0.6520236647,0.6125000000,0.0544862368,-1.0740740741,2.0969529086,0.6520236647
