Instance,INF_avg,INF_sd,INF_r1,INF_kr,INF_sk,SUP_avg,SUP_sd,SUP_r1,SUP_kr,SUP_sk,INC_avg,INC_sd,INC_r1,INC_kr,INC_sk,IND_avg,IND_sd,IND_r1,IND_kr,IND_sk
225,0.2576000000,0.0490941952,-0.5195292168,3.6618751673,0.2360165374,0.2648000000,0.0763738175,-0.2584000123,2.2181276214,0.1646176963,0.4776000000,0.0835837305,-0.3616426771,2.3230322671,-0.2048259531,0.4776000000,0.0835837305,-0.3616426771,2.3230322671,-0.2048259531
