Instance,INF_avg,INF_sd,INF_r1,INF_kr,INF_sk,SUP_avg,SUP_sd,SUP_r1,SUP_kr,SUP_sk,INC_avg,INC_sd,INC_r1,INC_kr,INC_sk,IND_avg,IND_sd,IND_r1,IND_kr,IND_sk
227,0.2780000000,0.1407693148,0.4114660074,3.0046269034,0.5820085606,0.3660000000,0.1155162326,0.4112024589,2.0469965754,-0.0613760326,0.3560000000,0.1042305138,0.0945044262,2.0819097434,0.2642551135,0.3560000000,0.1042305138,0.0945044262,2.0819097434,0.2642551135
