Instance,INF_avg,INF_sd,INF_r1,INF_kr,INF_sk,SUP_avg,SUP_sd,SUP_r1,SUP_kr,SUP_sk,INC_avg,INC_sd,INC_r1,INC_kr,INC_sk,IND_avg,IND_sd,IND_r1,IND_kr,IND_sk
398,0.2660000000,0.1026839812,-0.1357900050,2.4396663681,0.3969631851,0.2400000000,0.0787400787,0.2059393157,3.3376690947,0.2703873672,0.4940000000,0.1089219904,-0.2821535249,2.8136686447,-0.6819358969,0.4940000000,0.1089219904,-0.2821535249,2.8136686447,-0.6819358969
