Instance,INF_avg,INF_sd,INF_r1,INF_kr,INF_sk,SUP_avg,SUP_sd,SUP_r1,SUP_kr,SUP_sk,INC_avg,INC_sd,INC_r1,INC_kr,INC_sk,IND_avg,IND_sd,IND_r1,IND_kr,IND_sk
373,0.2900000000,0.1067707825,0.0310077519,3.1057248384,1.3703729243,0.2100000000,0.0663324958,-1.1212121212,2.2169421488,-0.3700366502,0.5000000000,0.0707106781,0.5000000000,1.7000000000,0.0000000000,0.5000000000,0.0707106781,0.5000000000,1.7000000000,0.0000000000
