Instance,INF_avg,INF_sd,INF_r1,INF_kr,INF_sk,SUP_avg,SUP_sd,SUP_r1,SUP_kr,SUP_sk,INC_avg,INC_sd,INC_r1,INC_kr,INC_sk,IND_avg,IND_sd,IND_r1,IND_kr,IND_sk
273,0.2500000000,0.1300000000,0.0281481481,2.3747417807,0.1365498407,0.2720000000,0.1265543362,-0.0786149759,2.4933827411,0.0332015348,0.4780000000,0.1540000000,0.2373130961,2.3799755190,0.0426869471,0.4780000000,0.1540000000,0.2373130961,2.3799755190,0.0426869471
