Instance,INF_avg,INF_sd,INF_r1,INF_kr,INF_sk,SUP_avg,SUP_sd,SUP_r1,SUP_kr,SUP_sk,INC_avg,INC_sd,INC_r1,INC_kr,INC_sk,IND_avg,IND_sd,IND_r1,IND_kr,IND_sk
59,0.2220000000,0.0132664992,-0.0273972603,2.2169421488,-0.3700366502,0.2880000000,0.0213541565,0.0070298770,1.7206832872,0.1380231722,0.4900000000,0.0209761770,-0.2727272727,2.8305785124,-1.1701586323,0.4900000000,0.0209761770,-0.2727272727,2.8305785124,-1.1701586323
