Instance,INF_avg,INF_sd,INF_r1,INF_kr,INF_sk,SUP_avg,SUP_sd,SUP_r1,SUP_kr,SUP_sk,INC_avg,INC_sd,INC_r1,INC_kr,INC_sk,IND_avg,IND_sd,IND_r1,IND_kr,IND_sk
370,0.2340000000,0.0658179307,-0.0062701425,2.4302427595,0.4829910839,0.2630000000,0.0644592895,-0.1728291745,2.8109304174,0.1407543313,0.5030000000,0.0685492524,-0.0972440125,2.5420716130,-0.0576133333,0.5030000000,0.0685492524,-0.0972440125,2.5420716130,-0.0576133333
