Instance,INF_avg,INF_sd,INF_r1,INF_kr,INF_sk,SUP_avg,SUP_sd,SUP_r1,SUP_kr,SUP_sk,INC_avg,INC_sd,INC_r1,INC_kr,INC_sk,IND_avg,IND_sd,IND_r1,IND_kr,IND_sk
445,0.2392000000,0.0478263526,0.0481447271,4.2136785633,0.7141953519,0.2672000000,0.0403504647,0.1856703606,1.8208140501,-0.0295523940,0.4936000000,0.0589833875,0.0723275186,3.9251044058,-0.8271719555,0.4936000000,0.0589833875,0.0723275186,3.9251044058,-0.8271719555
