Instance,INF_avg,INF_sd,INF_r1,INF_kr,INF_sk,SUP_avg,SUP_sd,SUP_r1,SUP_kr,SUP_sk,INC_avg,INC_sd,INC_r1,INC_kr,INC_sk,IND_avg,IND_sd,IND_r1,IND_kr,IND_sk
113,0.2223000000,0.0493934206,0.2331531456,2.5464021436,-0.0014618903,0.2801000000,0.0517782773,0.3924124585,2.3924759246,0.3227680177,0.4976000000,0.0547013711,0.1445404539,3.0974397357,0.2383800100,0.4976000000,0.0547013711,0.1445404539,3.0974397357,0.2383800100
