Instance,INF_avg,INF_sd,INF_r1,INF_kr,INF_sk,SUP_avg,SUP_sd,SUP_r1,SUP_kr,SUP_sk,INC_avg,INC_sd,INC_r1,INC_kr,INC_sk,IND_avg,IND_sd,IND_r1,IND_kr,IND_sk
183,0.2360000000,0.1382172203,-0.0434851944,3.8048576214,0.6552209185,0.2130000000,0.1230081298,-0.0187510204,2.5731199916,0.1706897986,0.5510000000,0.1565215640,-0.1401140604,2.5708504225,-0.1906310554,0.5510000000,0.1565215640,-0.1401140604,2.5708504225,-0.1906310554
