Instance,INF_avg,INF_sd,INF_r1,INF_kr,INF_sk,SUP_avg,SUP_sd,SUP_r1,SUP_kr,SUP_sk,INC_avg,INC_sd,INC_r1,INC_kr,INC_sk,IND_avg,IND_sd,IND_r1,IND_kr,IND_sk
71,0.2700000000,0.1268857754,-0.0057655349,1.9728019752,0.2819575118,0.2100000000,0.1300000000,-0.0565568676,1.9613108785,-0.4588074647,0.5200000000,0.1661324773,0.0275761974,3.3957151859,0.7275492860,0.5200000000,0.1661324773,0.0275761974,3.3957151859,0.7275492860
