Instance,INF_avg,INF_sd,INF_r1,INF_kr,INF_sk,SUP_avg,SUP_sd,SUP_r1,SUP_kr,SUP_sk,INC_avg,INC_sd,INC_r1,INC_kr,INC_sk,IND_avg,IND_sd,IND_r1,IND_kr,IND_sk
83,0.2600000000,0.1385640646,0.0210811939,3.5156250000,0.7397300324,0.2270000000,0.1427270122,-0.0044676544,3.3992604363,0.6329393245,0.5130000000,0.1724267961,-0.0920888143,2.7180280110,-0.3065893296,0.5130000000,0.1724267961,-0.0920888143,2.7180280110,-0.3065893296
