Instance,INF_avg,INF_sd,INF_r1,INF_kr,INF_sk,SUP_avg,SUP_sd,SUP_r1,SUP_kr,SUP_sk,INC_avg,INC_sd,INC_r1,INC_kr,INC_sk,IND_avg,IND_sd,IND_r1,IND_kr,IND_sk
493,0.2780000000,0.0435430821,-0.3089117395,2.1600972066,0.3825688729,0.2200000000,0.0424264069,0.3384615385,1.4037037037,0.3142696805,0.5020000000,0.0661513416,0.3834409865,2.0691573449,-0.6123568425,0.5020000000,0.0661513416,0.3834409865,2.0691573449,-0.6123568425
