Instance,INF_avg,INF_sd,INF_r1,INF_kr,INF_sk,SUP_avg,SUP_sd,SUP_r1,SUP_kr,SUP_sk,INC_avg,INC_sd,INC_r1,INC_kr,INC_sk,IND_avg,IND_sd,IND_r1,IND_kr,IND_sk
291,0.2400000000,0.1496662955,0.1774891775,2.1339285714,0.7301958931,0.3800000000,0.2785677655,-0.1625708885,1.5209374004,0.3730421773,0.3800000000,0.2712931993,-0.1118784530,1.5398156900,0.5120402716,0.3800000000,0.2712931993,-0.1118784530,1.5398156900,0.5120402716
