Instance,INF_avg,INF_sd,INF_r1,INF_kr,INF_sk,SUP_avg,SUP_sd,SUP_r1,SUP_kr,SUP_sk,INC_avg,INC_sd,INC_r1,INC_kr,INC_sk,IND_avg,IND_sd,IND_r1,IND_kr,IND_sk
330,0.2760000000,0.1335065541,-0.1196644151,2.7584794794,-0.0600297319,0.2540000000,0.1417180299,0.0114805002,2.6243561943,0.2139393270,0.4700000000,0.1459451952,0.0995077695,1.9384381406,0.1428280691,0.4700000000,0.1459451952,0.0995077695,1.9384381406,0.1428280691
