Instance,INF_avg,INF_sd,INF_r1,INF_kr,INF_sk,SUP_avg,SUP_sd,SUP_r1,SUP_kr,SUP_sk,INC_avg,INC_sd,INC_r1,INC_kr,INC_sk,IND_avg,IND_sd,IND_r1,IND_kr,IND_sk
187,0.2382000000,0.0574174190,-0.0222037438,3.2044903296,0.1207045325,0.2510000000,0.0674314467,-0.0709545435,2.5828384613,0.0544599233,0.5108000000,0.0753349852,-0.0912134053,2.4923977209,0.0081828982,0.5108000000,0.0753349852,-0.0912134053,2.4923977209,0.0081828982
