Instance,INF_avg,INF_sd,INF_r1,INF_kr,INF_sk,SUP_avg,SUP_sd,SUP_r1,SUP_kr,SUP_sk,INC_avg,INC_sd,INC_r1,INC_kr,INC_sk,IND_avg,IND_sd,IND_r1,IND_kr,IND_sk
211,0.2372000000,0.0598010033,-0.1051201964,2.8888373658,-0.3180536523,0.2498000000,0.0667230095,-0.1256168165,2.7530104979,0.3854296904,0.5130000000,0.0730136973,-0.2066012445,2.7776290070,0.1604527760,0.5130000000,0.0730136973,-0.2066012445,2.7776290070,0.1604527760
