Instance,INF_avg,INF_sd,INF_r1,INF_kr,INF_sk,SUP_avg,SUP_sd,SUP_r1,SUP_kr,SUP_sk,INC_avg,INC_sd,INC_r1,INC_kr,INC_sk,IND_avg,IND_sd,IND_r1,IND_kr,IND_sk
0,0.2400000000,0.0916515139,-0.3681592040,2.1020408163,-0.0935219530,0.2400000000,0.1743559577,0.1944074567,2.6527008310,0.3939309641,0.5200000000,0.1326649916,0.4801980198,1.6745867769,-0.1130667542,0.5200000000,0.1326649916,0.4801980198,1.6745867769,-0.1130667542
