Instance,INF_avg,INF_sd,INF_r1,INF_kr,INF_sk,SUP_avg,SUP_sd,SUP_r1,SUP_kr,SUP_sk,INC_avg,INC_sd,INC_r1,INC_kr,INC_sk,IND_avg,IND_sd,IND_r1,IND_kr,IND_sk
446,0.2379000000,0.0339866150,0.4305818064,2.2777736235,-0.1359271101,0.2150000000,0.0340000000,0.1398390342,3.5379949354,0.5705526155,0.5471000000,0.0410376656,0.1463760359,3.0075078585,-0.2570719069,0.5471000000,0.0410376656,0.1463760359,3.0075078585,-0.2570719069
