Instance,INF_avg,INF_sd,INF_r1,INF_kr,INF_sk,SUP_avg,SUP_sd,SUP_r1,SUP_kr,SUP_sk,INC_avg,INC_sd,INC_r1,INC_kr,INC_sk,IND_avg,IND_sd,IND_r1,IND_kr,IND_sk
461,0.4251320132,0.1110770066,0.8805623221,2.0596338076,-0.0661034941,0.0962376238,0.0794444591,0.9339416498,2.8312239678,0.9062933192,0.4786303630,0.0513596200,0.4685475315,2.7240291541,-0.4322833591,0.4786303630,0.0513596200,0.4685475315,2.7240291541,-0.4322833591
