Instance,INF_avg,INF_sd,INF_r1,INF_kr,INF_sk,SUP_avg,SUP_sd,SUP_r1,SUP_kr,SUP_sk,INC_avg,INC_sd,INC_r1,INC_kr,INC_sk,IND_avg,IND_sd,IND_r1,IND_kr,IND_sk
89,0.2140000000,0.0447660586,0.4875039544,2.3438034111,0.2707354828,0.2420000000,0.0701141926,-0.4661748680,2.1993424437,0.4041297611,0.5440000000,0.0768374908,-0.4382557713,2.3098904973,-0.7135744242,0.5440000000,0.0768374908,-0.4382557713,2.3098904973,-0.7135744242
