Instance,INF_avg,INF_sd,INF_r1,INF_kr,INF_sk,SUP_avg,SUP_sd,SUP_r1,SUP_kr,SUP_sk,INC_avg,INC_sd,INC_r1,INC_kr,INC_sk,IND_avg,IND_sd,IND_r1,IND_kr,IND_sk
136,0.2593000000,0.0525024761,0.0644695013,2.5506652816,-0.2200123953,0.2352000000,0.0559728506,0.1940064026,3.3389152586,0.1422508905,0.5055000000,0.0568044893,-0.0482145732,3.4478458932,0.3535428896,0.5055000000,0.0568044893,-0.0482145732,3.4478458932,0.3535428896
