Instance,INF_avg,INF_sd,INF_r1,INF_kr,INF_sk,SUP_avg,SUP_sd,SUP_r1,SUP_kr,SUP_sk,INC_avg,INC_sd,INC_r1,INC_kr,INC_sk,IND_avg,IND_sd,IND_r1,IND_kr,IND_sk
311,0.2610000000,0.0324653662,0.3542905692,2.0817073478,0.4781624543,0.2950000000,0.0327108545,0.5266666667,1.1723731330,-0.3985644334,0.4440000000,0.0165529454,-0.5119250426,1.7065640151,0.4074516892,0.4440000000,0.0165529454,-0.5119250426,1.7065640151,0.4074516892
