Instance,INF_avg,INF_sd,INF_r1,INF_kr,INF_sk,SUP_avg,SUP_sd,SUP_r1,SUP_kr,SUP_sk,INC_avg,INC_sd,INC_r1,INC_kr,INC_sk,IND_avg,IND_sd,IND_r1,IND_kr,IND_sk
439,0.3250000000,0.1728438602,0.1377245509,1.8859088601,0.4829376251,0.2800000000,0.1248999600,-0.0958904110,4.1992110454,0.3818440591,0.3950000000,0.1687453703,0.0017121033,2.1018984507,-0.1712270174,0.3950000000,0.1687453703,0.0017121033,2.1018984507,-0.1712270174
