Instance,INF_avg,INF_sd,INF_r1,INF_kr,INF_sk,SUP_avg,SUP_sd,SUP_r1,SUP_kr,SUP_sk,INC_avg,INC_sd,INC_r1,INC_kr,INC_sk,IND_avg,IND_sd,IND_r1,IND_kr,IND_sk
74,0.3250000000,0.1479019946,0.0329670330,1.8457142857,-0.4346507596,0.1500000000,0.1118033989,-0.2727272727,1.6400000000,-0.0000000000,0.5250000000,0.0829156198,-0.0232558140,1.6280991736,-0.4933822002,0.5250000000,0.0829156198,-0.0232558140,1.6280991736,-0.4933822002
