Instance,INF_avg,INF_sd,INF_r1,INF_kr,INF_sk,SUP_avg,SUP_sd,SUP_r1,SUP_kr,SUP_sk,INC_avg,INC_sd,INC_r1,INC_kr,INC_sk,IND_avg,IND_sd,IND_r1,IND_kr,IND_sk
249,0.2640000000,0.0344093011,-0.3143631436,1.9945215486,0.3958703373,0.2360000000,0.0652993109,-0.6179035071,2.2298311445,0.1696330777,0.5000000000,0.0603324125,-0.3872832370,3.1955681681,-1.4589500793,0.5000000000,0.0603324125,-0.3872832370,3.1955681681,-1.4589500793
