Instance,INF_avg,INF_sd,INF_r1,INF_kr,INF_sk,SUP_avg,SUP_sd,SUP_r1,SUP_kr,SUP_sk,INC_avg,INC_sd,INC_r1,INC_kr,INC_sk,IND_avg,IND_sd,IND_r1,IND_kr,IND_sk
307,0.3200000000,0.1326649916,0.3434343434,2.2169421488,-0.3700366502,0.2200000000,0.1326649916,-0.2100456621,2.2169421488,-0.3700366502,0.4600000000,0.2059126028,0.1321243523,1.3209327163,0.1319482681,0.4600000000,0.2059126028,0.1321243523,1.3209327163,0.1319482681
