Instance,INF_avg,INF_sd,INF_r1,INF_kr,INF_sk,SUP_avg,SUP_sd,SUP_r1,SUP_kr,SUP_sk,INC_avg,INC_sd,INC_r1,INC_kr,INC_sk,IND_avg,IND_sd,IND_r1,IND_kr,IND_sk
241,0.2440000000,0.1235475617,0.1652852164,3.1578688870,0.1060371306,0.2710000000,0.1343837788,-0.0383933445,3.0737905126,0.0187577519,0.4850000000,0.1538668255,0.0455676299,2.8504854434,0.2686808995,0.4850000000,0.1538668255,0.0455676299,2.8504854434,0.2686808995
