Instance,INF_avg,INF_sd,INF_r1,INF_kr,INF_sk,SUP_avg,SUP_sd,SUP_r1,SUP_kr,SUP_sk,INC_avg,INC_sd,INC_r1,INC_kr,INC_sk,IND_avg,IND_sd,IND_r1,IND_kr,IND_sk
154,0.4586069652,0.0916897741,0.7147167821,2.6317240492,-0.3617541110,0.0981592040,0.0633563288,0.7513223151,3.1078574622,0.8220699939,0.4432338308,0.0545081130,0.1108877887,3.4594726092,0.2149318360,0.4432338308,0.0545081130,0.1108877887,3.4594726092,0.2149318360
