Instance,INF_avg,INF_sd,INF_r1,INF_kr,INF_sk,SUP_avg,SUP_sd,SUP_r1,SUP_kr,SUP_sk,INC_avg,INC_sd,INC_r1,INC_kr,INC_sk,IND_avg,IND_sd,IND_r1,IND_kr,IND_sk
453,0.2560000000,0.1387948126,-0.0123753294,2.4135026103,0.1002459746,0.2640000000,0.1410815367,-0.4669048891,2.6396103225,0.3120587180,0.4800000000,0.1673320053,-0.2672258838,2.7914285714,0.2663652329,0.4800000000,0.1673320053,-0.2672258838,2.7914285714,0.2663652329
