Instance,INF_avg,INF_sd,INF_r1,INF_kr,INF_sk,SUP_avg,SUP_sd,SUP_r1,SUP_kr,SUP_sk,INC_avg,INC_sd,INC_r1,INC_kr,INC_sk,IND_avg,IND_sd,IND_r1,IND_kr,IND_sk
191,0.2210000000,0.0954410813,-0.1001560521,4.4485186489,0.7526943479,0.2730000000,0.0991009586,-0.1341886335,2.2273906780,0.1517399302,0.5060000000,0.1098362417,-0.2456220442,2.5694617654,-0.2772453885,0.5060000000,0.1098362417,-0.2456220442,2.5694617654,-0.2772453885
