Instance,INF_avg,INF_sd,INF_r1,INF_kr,INF_sk,SUP_avg,SUP_sd,SUP_r1,SUP_kr,SUP_sk,INC_avg,INC_sd,INC_r1,INC_kr,INC_sk,IND_avg,IND_sd,IND_r1,IND_kr,IND_sk
239,0.2295000000,0.0845857553,0.0077476611,2.6947514406,-0.1365154070,0.2860000000,0.1017546068,-0.0665706891,2.8645645893,0.1472255403,0.4845000000,0.1220030737,0.0161770629,3.1385528253,0.1760007410,0.4845000000,0.1220030737,0.0161770629,3.1385528253,0.1760007410
