Instance,INF_avg,INF_sd,INF_r1,INF_kr,INF_sk,SUP_avg,SUP_sd,SUP_r1,SUP_kr,SUP_sk,INC_avg,INC_sd,INC_r1,INC_kr,INC_sk,IND_avg,IND_sd,IND_r1,IND_kr,IND_sk
460,0.2320000000,0.1318180564,-0.2564684859,3.6358118902,0.4449461272,0.2680000000,0.1541946821,0.1168823829,3.8262735735,0.6097062340,0.5000000000,0.1697056275,0.1690140845,3.2986111111,-0.1473139127,0.5000000000,0.1697056275,0.1690140845,3.2986111111,-0.1473139127
