Instance,INF_avg,INF_sd,INF_r1,INF_kr,INF_sk,SUP_avg,SUP_sd,SUP_r1,SUP_kr,SUP_sk,INC_avg,INC_sd,INC_r1,INC_kr,INC_sk,IND_avg,IND_sd,IND_r1,IND_kr,IND_sk
400,0.2500000000,0.1284523258,-0.1409836066,4.6584022039,0.5378719978,0.2980000000,0.1555506348,-0.1113996631,3.9363137070,0.7665811773,0.4520000000,0.1711607432,0.0298205200,4.0811537806,0.1214951133,0.4520000000,0.1711607432,0.0298205200,4.0811537806,0.1214951133
