Instance,INF_avg,INF_sd,INF_r1,INF_kr,INF_sk,SUP_avg,SUP_sd,SUP_r1,SUP_kr,SUP_sk,INC_avg,INC_sd,INC_r1,INC_kr,INC_sk,IND_avg,IND_sd,IND_r1,IND_kr,IND_sk
433,0.2540000000,0.1076289924,0.3219771264,3.0016816871,0.3055308535,0.2590000000,0.1147562634,0.0368390690,2.6721714541,0.3548167329,0.4870000000,0.1094577544,0.1217521973,2.8665662248,0.0701197678,0.4870000000,0.1094577544,0.1217521973,2.8665662248,0.0701197678
