Instance,INF_avg,INF_sd,INF_r1,INF_kr,INF_sk,SUP_avg,SUP_sd,SUP_r1,SUP_kr,SUP_sk,INC_avg,INC_sd,INC_r1,INC_kr,INC_sk,IND_avg,IND_sd,IND_r1,IND_kr,IND_sk
20,0.2580000000,0.1057638880,0.2045629804,2.8290764979,0.2333106817,0.2130000000,0.0850352868,0.2021506934,2.6711601873,0.2493030630,0.5290000000,0.1000449899,0.0855157396,2.4046921763,0.0173046335,0.5290000000,0.1000449899,0.0855157396,2.4046921763,0.0173046335
