Instance,INF_avg,INF_sd,INF_r1,INF_kr,INF_sk,SUP_avg,SUP_sd,SUP_r1,SUP_kr,SUP_sk,INC_avg,INC_sd,INC_r1,INC_kr,INC_sk,IND_avg,IND_sd,IND_r1,IND_kr,IND_sk
19,0.2820000000,0.0391918359,-0.0305697082,2.6742350260,-0.6482536331,0.2340000000,0.0392937654,-0.0123214786,2.7206233724,1.0649160026,0.4840000000,0.0660605783,0.1704214153,2.1709218243,-0.0306359920,0.4840000000,0.0660605783,0.1704214153,2.1709218243,-0.0306359920
