Instance,INF_avg,INF_sd,INF_r1,INF_kr,INF_sk,SUP_avg,SUP_sd,SUP_r1,SUP_kr,SUP_sk,INC_avg,INC_sd,INC_r1,INC_kr,INC_sk,IND_avg,IND_sd,IND_r1,IND_kr,IND_sk
132,0.3000000000,0.1017292348,0.0387596899,5.2250347178,0.4638883929,0.1930232558,0.0789328500,0.2490855160,3.3720714428,0.2658555769,0.5069767442,0.1159297077,-0.1322841188,2.6831847423,-0.1919550010,0.5069767442,0.1159297077,-0.1322841188,2.6831847423,-0.1919550010
