Instance,INF_avg,INF_sd,INF_r1,INF_kr,INF_sk,SUP_avg,SUP_sd,SUP_r1,SUP_kr,SUP_sk,INC_avg,INC_sd,INC_r1,INC_kr,INC_sk,IND_avg,IND_sd,IND_r1,IND_kr,IND_sk
451,0.3100000000,0.0324037035,-0.9363636364,1.7544217687,0.2204333571,0.2370000000,0.0156843871,-0.5976058932,1.7813801309,0.0171057167,0.4530000000,0.0287402157,-0.9247952345,1.4101653876,-0.1278885597,0.4530000000,0.0287402157,-0.9247952345,1.4101653876,-0.1278885597
