Instance,INF_avg,INF_sd,INF_r1,INF_kr,INF_sk,SUP_avg,SUP_sd,SUP_r1,SUP_kr,SUP_sk,INC_avg,INC_sd,INC_r1,INC_kr,INC_sk,IND_avg,IND_sd,IND_r1,IND_kr,IND_sk
17,0.2920000000,0.0407185461,0.3812618054,2.5051710390,-0.0957394578,0.2833000000,0.0412505758,0.3979916704,2.4631442344,0.2109291838,0.4247000000,0.0373886346,0.2998941964,2.9241803193,-0.1056491731,0.4247000000,0.0373886346,0.2998941964,2.9241803193,-0.1056491731
