Instance,INF_avg,INF_sd,INF_r1,INF_kr,INF_sk,SUP_avg,SUP_sd,SUP_r1,SUP_kr,SUP_sk,INC_avg,INC_sd,INC_r1,INC_kr,INC_sk,IND_avg,IND_sd,IND_r1,IND_kr,IND_sk
419,0.2100000000,0.1473091986,0.0782560605,2.1539000616,0.4279534153,0.2620000000,0.1369525465,0.0108741739,3.5859070118,0.7992643814,0.5280000000,0.1575309493,0.1965141274,2.6243741169,0.0239184217,0.5280000000,0.1575309493,0.1965141274,2.6243741169,0.0239184217
