Instance,INF_avg,INF_sd,INF_r1,INF_kr,INF_sk,SUP_avg,SUP_sd,SUP_r1,SUP_kr,SUP_sk,INC_avg,INC_sd,INC_r1,INC_kr,INC_sk,IND_avg,IND_sd,IND_r1,IND_kr,IND_sk
121,0.2800000000,0.0456070170,0.0208333333,1.7899408284,0.4047960089,0.2400000000,0.0675277721,-0.1327433628,2.6269621422,0.6391132628,0.4800000000,0.0663324958,0.1376146789,1.6181818182,-0.3289214668,0.4800000000,0.0663324958,0.1376146789,1.6181818182,-0.3289214668
