Instance,INF_avg,INF_sd,INF_r1,INF_kr,INF_sk,SUP_avg,SUP_sd,SUP_r1,SUP_kr,SUP_sk,INC_avg,INC_sd,INC_r1,INC_kr,INC_sk,IND_avg,IND_sd,IND_r1,IND_kr,IND_sk
159,0.2400000000,0.1356465997,0.0265486726,2.3638941399,-0.7500308204,0.2800000000,0.1600000000,-0.0501567398,2.5908203125,-0.5507812500,0.4800000000,0.1326649916,-0.2557077626,2.2169421488,0.3700366502,0.4800000000,0.1326649916,-0.2557077626,2.2169421488,0.3700366502
