Instance,INF_avg,INF_sd,INF_r1,INF_kr,INF_sk,SUP_avg,SUP_sd,SUP_r1,SUP_kr,SUP_sk,INC_avg,INC_sd,INC_r1,INC_kr,INC_sk,IND_avg,IND_sd,IND_r1,IND_kr,IND_sk
427,0.2320000000,0.0596657356,0.1308419754,2.6647115263,0.3522997667,0.2604000000,0.0331638357,-0.0303593110,1.8451779989,0.2215256273,0.5076000000,0.0555899271,0.1903832142,2.0332231997,-0.4865142834,0.5076000000,0.0555899271,0.1903832142,2.0332231997,-0.4865142834
