Instance,INF_avg,INF_sd,INF_r1,INF_kr,INF_sk,SUP_avg,SUP_sd,SUP_r1,SUP_kr,SUP_sk,INC_avg,INC_sd,INC_r1,INC_kr,INC_sk,IND_avg,IND_sd,IND_r1,IND_kr,IND_sk
2,0.2700000000,0.1403566885,0.0041662433,2.0789249916,0.1084980457,0.2400000000,0.1385640646,-0.1647846090,3.8281250000,0.7938566201,0.4900000000,0.1345362405,0.0288772438,3.0087298922,-0.5075754501,0.4900000000,0.1345362405,0.0288772438,3.0087298922,-0.5075754501
