Instance,INF_avg,INF_sd,INF_r1,INF_kr,INF_sk,SUP_avg,SUP_sd,SUP_r1,SUP_kr,SUP_sk,INC_avg,INC_sd,INC_r1,INC_kr,INC_sk,IND_avg,IND_sd,IND_r1,IND_kr,IND_sk
107,0.2040000000,0.0760526134,-0.1109141405,2.2387326894,-0.1351979534,0.2600000000,0.1000000000,-0.1319073084,2.3248000000,-0.3060000000,0.5360000000,0.1005186550,-0.1871036281,2.8224630118,-0.2933006344,0.5360000000,0.1005186550,-0.1871036281,2.8224630118,-0.2933006344
