Instance,INF_avg,INF_sd,INF_r1,INF_kr,INF_sk,SUP_avg,SUP_sd,SUP_r1,SUP_kr,SUP_sk,INC_avg,INC_sd,INC_r1,INC_kr,INC_sk,IND_avg,IND_sd,IND_r1,IND_kr,IND_sk
443,0.2975000000,0.1028044260,-0.1265033650,3.3807215365,-0.0846456894,0.2055000000,0.0956281862,-0.1603095146,2.4340087505,0.2718083206,0.4970000000,0.1184947256,-0.1369902007,2.8390279617,0.1300625216,0.4970000000,0.1184947256,-0.1369902007,2.8390279617,0.1300625216
