Instance,INF_avg,INF_sd,INF_r1,INF_kr,INF_sk,SUP_avg,SUP_sd,SUP_r1,SUP_kr,SUP_sk,INC_avg,INC_sd,INC_r1,INC_kr,INC_sk,IND_avg,IND_sd,IND_r1,IND_kr,IND_sk
54,0.2256000000,0.0316960565,0.2651984811,2.7798822541,-0.1882217203,0.2612000000,0.0298590020,0.1454336690,2.4192181880,0.0675650726,0.5132000000,0.0335970237,0.0103063337,2.7128301756,-0.1535708572,0.5132000000,0.0335970237,0.0103063337,2.7128301756,-0.1535708572
