Instance,INF_avg,INF_sd,INF_r1,INF_kr,INF_sk,SUP_avg,SUP_sd,SUP_r1,SUP_kr,SUP_sk,INC_avg,INC_sd,INC_r1,INC_kr,INC_sk,IND_avg,IND_sd,IND_r1,IND_kr,IND_sk
163,0.2650000000,0.1003742995,-0.0790886440,3.1658651922,0.0823221416,0.2430000000,0.0990000000,-0.0163246607,3.0233698035,0.5036220794,0.4920000000,0.1090229334,-0.0693422798,2.7501399591,-0.2116176428,0.4920000000,0.1090229334,-0.0693422798,2.7501399591,-0.2116176428
