Instance,INF_avg,INF_sd,INF_r1,INF_kr,INF_sk,SUP_avg,SUP_sd,SUP_r1,SUP_kr,SUP_sk,INC_avg,INC_sd,INC_r1,INC_kr,INC_sk,IND_avg,IND_sd,IND_r1,IND_kr,IND_sk
172,0.2420000000,0.1443468046,0.1230802659,3.2602084841,0.7183697305,0.2420000000,0.1218031198,-0.1552211945,2.6025504989,0.3854723843,0.5160000000,0.1361763562,-0.0149140876,3.0193101816,-0.3145061407,0.5160000000,0.1361763562,-0.0149140876,3.0193101816,-0.3145061407
