Instance,INF_avg,INF_sd,INF_r1,INF_kr,INF_sk,SUP_avg,SUP_sd,SUP_r1,SUP_kr,SUP_sk,INC_avg,INC_sd,INC_r1,INC_kr,INC_sk,IND_avg,IND_sd,IND_r1,IND_kr,IND_sk
305,0.2408000000,0.0432129610,0.1016975766,2.4371673541,0.0168267950,0.1778000000,0.0424400754,0.1226722534,2.7262825120,0.2061489058,0.5814000000,0.0553537713,0.0193922645,2.1028333312,-0.0382752114,0.5814000000,0.0553537713,0.0193922645,2.1028333312,-0.0382752114
