Instance,INF_avg,INF_sd,INF_r1,INF_kr,INF_sk,SUP_avg,SUP_sd,SUP_r1,SUP_kr,SUP_sk,INC_avg,INC_sd,INC_r1,INC_kr,INC_sk,IND_avg,IND_sd,IND_r1,IND_kr,IND_sk
394,0.2180000000,0.1018626526,-0.1351881301,2.4060241623,-0.3227621563,0.2880000000,0.1060942977,-0.0512366229,2.6681449590,-0.1867831878,0.4940000000,0.1089219904,-0.2993075812,1.7189966848,0.1538153793,0.4940000000,0.1089219904,-0.2993075812,1.7189966848,0.1538153793
