Instance,INF_avg,INF_sd,INF_r1,INF_kr,INF_sk,SUP_avg,SUP_sd,SUP_r1,SUP_kr,SUP_sk,INC_avg,INC_sd,INC_r1,INC_kr,INC_sk,IND_avg,IND_sd,IND_r1,IND_kr,IND_sk
373,0.2400000000,0.0734846923,-0.0620525060,2.1954732510,-0.4082482905,0.1950000000,0.0756637298,-0.1180124224,2.1963158597,-0.1766030496,0.5650000000,0.0923309266,-0.3180601012,2.9485212545,0.1276804722,0.5650000000,0.0923309266,-0.3180601012,2.9485212545,0.1276804722
