Instance,INF_avg,INF_sd,INF_r1,INF_kr,INF_sk,SUP_avg,SUP_sd,SUP_r1,SUP_kr,SUP_sk,INC_avg,INC_sd,INC_r1,INC_kr,INC_sk,IND_avg,IND_sd,IND_r1,IND_kr,IND_sk
351,0.2720000000,0.1562561999,0.0853658537,2.2728460292,0.1554056292,0.2740000000,0.1622467257,-0.2286339458,2.6346103347,0.3396988622,0.4540000000,0.1802331823,-0.2800965161,2.8929298352,0.5602560290,0.4540000000,0.1802331823,-0.2800965161,2.8929298352,0.5602560290
