Instance,INF_avg,INF_sd,INF_r1,INF_kr,INF_sk,SUP_avg,SUP_sd,SUP_r1,SUP_kr,SUP_sk,INC_avg,INC_sd,INC_r1,INC_kr,INC_sk,IND_avg,IND_sd,IND_r1,IND_kr,IND_sk
56,0.2760000000,0.1192644121,-0.0111363354,2.4526894768,0.0105823038,0.2300000000,0.1276714533,0.0646729432,3.3815725093,0.7236749924,0.4940000000,0.1317725313,0.0903980963,2.7912795930,-0.2304236734,0.4940000000,0.1317725313,0.0903980963,2.7912795930,-0.2304236734
