Instance,INF_avg,INF_sd,INF_r1,INF_kr,INF_sk,SUP_avg,SUP_sd,SUP_r1,SUP_kr,SUP_sk,INC_avg,INC_sd,INC_r1,INC_kr,INC_sk,IND_avg,IND_sd,IND_r1,IND_kr,IND_sk
253,0.2820000000,0.0561782876,0.1234393101,3.9968723947,1.1971663021,0.1720000000,0.0466476152,-0.1209068010,1.5874783737,-0.1267324103,0.5460000000,0.0626418391,-0.3446274138,1.4462524978,0.0925605829,0.5460000000,0.0626418391,-0.3446274138,1.4462524978,0.0925605829
