Instance,INF_avg,INF_sd,INF_r1,INF_kr,INF_sk,SUP_avg,SUP_sd,SUP_r1,SUP_kr,SUP_sk,INC_avg,INC_sd,INC_r1,INC_kr,INC_sk,IND_avg,IND_sd,IND_r1,IND_kr,IND_sk
383,0.2414000000,0.0334669987,0.0771949619,4.7980096348,0.4259931523,0.2630000000,0.0332866340,0.1056191867,2.5353842745,-0.2934797517,0.4956000000,0.0373983957,0.3210386936,2.5104283260,0.4155710865,0.4956000000,0.0373983957,0.3210386936,2.5104283260,0.4155710865
