Instance,INF_avg,INF_sd,INF_r1,INF_kr,INF_sk,SUP_avg,SUP_sd,SUP_r1,SUP_kr,SUP_sk,INC_avg,INC_sd,INC_r1,INC_kr,INC_sk,IND_avg,IND_sd,IND_r1,IND_kr,IND_sk
9,0.2390000000,0.0185472370,0.1608391608,1.5091941590,0.1579875514,0.2600000000,0.0209761770,-0.3678160920,2.0170454545,0.5363227065,0.5010000000,0.0261533937,-0.0566110896,1.4058428234,-0.0798259425,0.5010000000,0.0261533937,-0.0566110896,1.4058428234,-0.0798259425
