Instance,INF_avg,INF_sd,INF_r1,INF_kr,INF_sk,SUP_avg,SUP_sd,SUP_r1,SUP_kr,SUP_sk,INC_avg,INC_sd,INC_r1,INC_kr,INC_sk,IND_avg,IND_sd,IND_r1,IND_kr,IND_sk
454,0.2350000000,0.0315594677,0.2782258065,2.8357405526,-0.3283149732,0.2596000000,0.0325858865,0.2940579472,3.4415033600,0.9443158908,0.5054000000,0.0328304736,-0.0930332090,2.3951857053,-0.2219372776,0.5054000000,0.0328304736,-0.0930332090,2.3951857053,-0.2219372776
