Instance,INF_avg,INF_sd,INF_r1,INF_kr,INF_sk,SUP_avg,SUP_sd,SUP_r1,SUP_kr,SUP_sk,INC_avg,INC_sd,INC_r1,INC_kr,INC_sk,IND_avg,IND_sd,IND_r1,IND_kr,IND_sk
360,0.2320000000,0.0289913780,0.1056855529,2.8602171238,0.1598046346,0.2797500000,0.0356607277,0.1535259024,3.0252951876,0.0751396631,0.4882500000,0.0388289518,0.3237741193,3.1462898430,0.0733144448,0.4882500000,0.0388289518,0.3237741193,3.1462898430,0.0733144448
