Instance,INF_avg,INF_sd,INF_r1,INF_kr,INF_sk,SUP_avg,SUP_sd,SUP_r1,SUP_kr,SUP_sk,INC_avg,INC_sd,INC_r1,INC_kr,INC_sk,IND_avg,IND_sd,IND_r1,IND_kr,IND_sk
305,0.2400000000,0.1549193338,-0.1131819722,2.5633333333,0.5422176685,0.2120000000,0.1336263447,-0.0435497867,3.1814708830,0.3333802716,0.5480000000,0.1577846634,0.0058739421,2.6848314180,-0.1770823186,0.5480000000,0.1577846634,0.0058739421,2.6848314180,-0.1770823186
