Instance,INF_avg,INF_sd,INF_r1,INF_kr,INF_sk,SUP_avg,SUP_sd,SUP_r1,SUP_kr,SUP_sk,INC_avg,INC_sd,INC_r1,INC_kr,INC_sk,IND_avg,IND_sd,IND_r1,IND_kr,IND_sk
195,0.2960000000,0.0512249939,-0.6847090663,1.6140690065,-0.2056922718,0.2240000000,0.0427083130,-0.7322097378,2.2746999077,0.8478566294,0.4800000000,0.0309838668,-0.6666666667,2.9166666667,1.2909944487,0.4800000000,0.0309838668,-0.6666666667,2.9166666667,1.2909944487
