Instance,INF_avg,INF_sd,INF_r1,INF_kr,INF_sk,SUP_avg,SUP_sd,SUP_r1,SUP_kr,SUP_sk,INC_avg,INC_sd,INC_r1,INC_kr,INC_sk,IND_avg,IND_sd,IND_r1,IND_kr,IND_sk
386,0.2460000000,0.0904654630,0.1085377956,2.5836364783,0.2813082419,0.2330000000,0.0941328848,-0.2761964130,2.9445800501,0.1370608139,0.5210000000,0.1072800075,0.0728477974,2.8246225432,-0.1148697282,0.5210000000,0.1072800075,0.0728477974,2.8246225432,-0.1148697282
