Instance,INF_avg,INF_sd,INF_r1,INF_kr,INF_sk,SUP_avg,SUP_sd,SUP_r1,SUP_kr,SUP_sk,INC_avg,INC_sd,INC_r1,INC_kr,INC_sk,IND_avg,IND_sd,IND_r1,IND_kr,IND_sk
281,0.2500000000,0.0440454311,-0.2108108108,2.6341800404,-0.5336570458,0.2440000000,0.0454312668,-0.2323390895,2.7328285560,0.7248363275,0.5060000000,0.0558927544,-0.3157533306,2.1054083786,-0.2270673789,0.5060000000,0.0558927544,-0.3157533306,2.1054083786,-0.2270673789
