Instance,INF_avg,INF_sd,INF_r1,INF_kr,INF_sk,SUP_avg,SUP_sd,SUP_r1,SUP_kr,SUP_sk,INC_avg,INC_sd,INC_r1,INC_kr,INC_sk,IND_avg,IND_sd,IND_r1,IND_kr,IND_sk
249,0.3095000000,0.0271523480,-0.0969431127,1.9997119564,0.1895037972,0.2065000000,0.0230271579,0.0896943377,2.4919919149,-0.3891843932,0.4840000000,0.0255734237,0.5858484239,1.7263838622,0.3131834988,0.4840000000,0.0255734237,0.5858484239,1.7263838622,0.3131834988
