Instance,INF_avg,INF_sd,INF_r1,INF_kr,INF_sk,SUP_avg,SUP_sd,SUP_r1,SUP_kr,SUP_sk,INC_avg,INC_sd,INC_r1,INC_kr,INC_sk,IND_avg,IND_sd,IND_r1,IND_kr,IND_sk
77,0.2440500000,0.0318802055,0.0048060025,3.7193498597,-0.1228745144,0.2240000000,0.0311528490,-0.1256715213,3.0627451074,0.0952574997,0.5319500000,0.0339403521,-0.0789950778,3.4826206593,0.2238619199,0.5319500000,0.0339403521,-0.0789950778,3.4826206593,0.2238619199
