Instance,INF_avg,INF_sd,INF_r1,INF_kr,INF_sk,SUP_avg,SUP_sd,SUP_r1,SUP_kr,SUP_sk,INC_avg,INC_sd,INC_r1,INC_kr,INC_sk,IND_avg,IND_sd,IND_r1,IND_kr,IND_sk
427,0.2680000000,0.1302919798,0.0995860876,3.9433278761,0.4441847007,0.2900000000,0.1431782106,0.0666379589,2.6801427722,0.3802186391,0.4420000000,0.1601124605,0.0781509270,2.8751271842,-0.2349105614,0.4420000000,0.1601124605,0.0781509270,2.8751271842,-0.2349105614
