Instance,INF_avg,INF_sd,INF_r1,INF_kr,INF_sk,SUP_avg,SUP_sd,SUP_r1,SUP_kr,SUP_sk,INC_avg,INC_sd,INC_r1,INC_kr,INC_sk,IND_avg,IND_sd,IND_r1,IND_kr,IND_sk
296,0.2609000000,0.0425522032,0.4012499379,2.5889235908,0.3441051799,0.2304000000,0.0319662322,0.0456639842,2.8248865677,0.3462098419,0.5087000000,0.0385332324,0.2904490654,3.5661659470,-0.2267700926,0.5087000000,0.0385332324,0.2904490654,3.5661659470,-0.2267700926
