Instance,INF_avg,INF_sd,INF_r1,INF_kr,INF_sk,SUP_avg,SUP_sd,SUP_r1,SUP_kr,SUP_sk,INC_avg,INC_sd,INC_r1,INC_kr,INC_sk,IND_avg,IND_sd,IND_r1,IND_kr,IND_sk
121,0.2720000000,0.1281249390,0.1551384363,3.2091754728,0.4188163454,0.2160000000,0.1376372043,-0.0443976079,2.7414955602,0.4013930820,0.5120000000,0.1620370328,0.0155211730,2.2415981248,-0.3918123894,0.5120000000,0.1620370328,0.0155211730,2.2415981248,-0.3918123894
