Instance,INF_avg,INF_sd,INF_r1,INF_kr,INF_sk,SUP_avg,SUP_sd,SUP_r1,SUP_kr,SUP_sk,INC_avg,INC_sd,INC_r1,INC_kr,INC_sk,IND_avg,IND_sd,IND_r1,IND_kr,IND_sk
199,0.2720000000,0.0960000000,0.0296843426,2.0862630208,-0.2304687500,0.2200000000,0.1442220510,-0.5229430380,3.0769230769,0.5280319176,0.5080000000,0.1411949008,-0.2671042748,4.1150635485,-0.5680478334,0.5080000000,0.1411949008,-0.2671042748,4.1150635485,-0.5680478334
