Instance,INF_avg,INF_sd,INF_r1,INF_kr,INF_sk,SUP_avg,SUP_sd,SUP_r1,SUP_kr,SUP_sk,INC_avg,INC_sd,INC_r1,INC_kr,INC_sk,IND_avg,IND_sd,IND_r1,IND_kr,IND_sk
453,0.4742640693,0.1020488146,0.8929838380,2.2024477560,-0.2929781076,0.0669913420,0.0520877541,0.8746601989,3.7752270330,1.1033578844,0.4587445887,0.0591639417,0.7114374438,2.3218647707,-0.1108343570,0.4587445887,0.0591639417,0.7114374438,2.3218647707,-0.1108343570
