Instance,INF_avg,INF_sd,INF_r1,INF_kr,INF_sk,SUP_avg,SUP_sd,SUP_r1,SUP_kr,SUP_sk,INC_avg,INC_sd,INC_r1,INC_kr,INC_sk,IND_avg,IND_sd,IND_r1,IND_kr,IND_sk
504,0.2940000000,0.0726636085,0.6468101999,2.6958673382,0.5133556329,0.2088000000,0.0359799944,0.3190709598,4.3475015520,0.4195550312,0.4972000000,0.0608946631,0.7017147430,2.0063845960,-0.2196542629,0.4972000000,0.0608946631,0.7017147430,2.0063845960,-0.2196542629
