Instance,INF_avg,INF_sd,INF_r1,INF_kr,INF_sk,SUP_avg,SUP_sd,SUP_r1,SUP_kr,SUP_sk,INC_avg,INC_sd,INC_r1,INC_kr,INC_sk,IND_avg,IND_sd,IND_r1,IND_kr,IND_sk
25,0.2600000000,0.1385640646,-0.2852112676,2.2135416667,-0.1623797632,0.2480000000,0.1236769987,-0.3037592650,2.2246546804,0.1727404203,0.4920000000,0.1467514906,-0.2382309440,1.9600765241,0.2902684343,0.4920000000,0.1467514906,-0.2382309440,1.9600765241,0.2902684343
