Instance,INF_avg,INF_sd,INF_r1,INF_kr,INF_sk,SUP_avg,SUP_sd,SUP_r1,SUP_kr,SUP_sk,INC_avg,INC_sd,INC_r1,INC_kr,INC_sk,IND_avg,IND_sd,IND_r1,IND_kr,IND_sk
2,0.4241150442,0.0893170501,0.8470238011,1.8476672221,-0.1974226772,0.0860619469,0.0606653789,0.8746388591,2.6753306936,0.7698644212,0.4898230088,0.0435073445,0.3375349049,2.8559633920,0.1099093709,0.4898230088,0.0435073445,0.3375349049,2.8559633920,0.1099093709
