Instance,INF_avg,INF_sd,INF_r1,INF_kr,INF_sk,SUP_avg,SUP_sd,SUP_r1,SUP_kr,SUP_sk,INC_avg,INC_sd,INC_r1,INC_kr,INC_sk,IND_avg,IND_sd,IND_r1,IND_kr,IND_sk
283,0.2360000000,0.0314483704,0.1931171383,2.6204907164,-0.0497710174,0.2572000000,0.0310509259,-0.0870241702,2.5726558647,-0.1263977662,0.5068000000,0.0331173670,0.2256134864,2.5799481773,-0.5695844924,0.5068000000,0.0331173670,0.2256134864,2.5799481773,-0.5695844924
