Instance,INF_avg,INF_sd,INF_r1,INF_kr,INF_sk,SUP_avg,SUP_sd,SUP_r1,SUP_kr,SUP_sk,INC_avg,INC_sd,INC_r1,INC_kr,INC_sk,IND_avg,IND_sd,IND_r1,IND_kr,IND_sk
73,0.2908000000,0.0369237051,0.0171292623,4.6413031655,-0.5187210772,0.3386000000,0.0369193716,0.1485431762,2.7390742348,-0.1569372627,0.3706000000,0.0360088878,-0.1013962803,2.5104194163,0.2214758413,0.3706000000,0.0360088878,-0.1013962803,2.5104194163,0.2214758413
