Instance,INF_avg,INF_sd,INF_r1,INF_kr,INF_sk,SUP_avg,SUP_sd,SUP_r1,SUP_kr,SUP_sk,INC_avg,INC_sd,INC_r1,INC_kr,INC_sk,IND_avg,IND_sd,IND_r1,IND_kr,IND_sk
263,0.2470000000,0.0319374388,0.0675967381,2.9973356401,0.0666744686,0.2184000000,0.0264090893,-0.1585240061,3.2113156095,0.2449572695,0.5346000000,0.0290489242,-0.0294393343,1.9405929630,0.0188748303,0.5346000000,0.0290489242,-0.0294393343,1.9405929630,0.0188748303
