Instance,INF_avg,INF_sd,INF_r1,INF_kr,INF_sk,SUP_avg,SUP_sd,SUP_r1,SUP_kr,SUP_sk,INC_avg,INC_sd,INC_r1,INC_kr,INC_sk,IND_avg,IND_sd,IND_r1,IND_kr,IND_sk
346,0.3000000000,0.1414213562,-0.5000000000,1.7000000000,0.0000000000,0.1300000000,0.1004987562,-0.3555291320,1.7544358396,-0.0354666721,0.5700000000,0.1004987562,-0.6233090531,1.7544358396,0.0354666721,0.5700000000,0.1004987562,-0.6233090531,1.7544358396,0.0354666721
