Instance,INF_avg,INF_sd,INF_r1,INF_kr,INF_sk,SUP_avg,SUP_sd,SUP_r1,SUP_kr,SUP_sk,INC_avg,INC_sd,INC_r1,INC_kr,INC_sk,IND_avg,IND_sd,IND_r1,IND_kr,IND_sk
71,0.3403225806,0.1011381639,0.1670988708,1.7936176444,0.0774582401,0.1564516129,0.0800624106,0.2020306084,2.5944536389,0.3548695204,0.5032258065,0.1077148894,0.0975157525,2.3218401737,-0.3737948609,0.5032258065,0.1077148894,0.0975157525,2.3218401737,-0.3737948609
