Instance,INF_avg,INF_sd,INF_r1,INF_kr,INF_sk,SUP_avg,SUP_sd,SUP_r1,SUP_kr,SUP_sk,INC_avg,INC_sd,INC_r1,INC_kr,INC_sk,IND_avg,IND_sd,IND_r1,IND_kr,IND_sk
145,0.2198000000,0.0428247592,-0.1266940395,2.5333390741,-0.1894553766,0.2504000000,0.0480815973,-0.1412505854,2.1631827244,0.0833571556,0.5298000000,0.0542398378,-0.2256489102,2.4295876983,-0.4410239016,0.5298000000,0.0542398378,-0.2256489102,2.4295876983,-0.4410239016
