Instance,INF_avg,INF_sd,INF_r1,INF_kr,INF_sk,SUP_avg,SUP_sd,SUP_r1,SUP_kr,SUP_sk,INC_avg,INC_sd,INC_r1,INC_kr,INC_sk,IND_avg,IND_sd,IND_r1,IND_kr,IND_sk
432,0.2540000000,0.0544426304,-0.2513842746,1.8206002393,-0.4265530874,0.2140000000,0.0390384426,0.3950582221,2.9003451340,0.7470931829,0.5320000000,0.0601331855,-0.3183060109,4.3527684235,-1.3792393067,0.5320000000,0.0601331855,-0.3183060109,4.3527684235,-1.3792393067
