Instance,INF_avg,INF_sd,INF_r1,INF_kr,INF_sk,SUP_avg,SUP_sd,SUP_r1,SUP_kr,SUP_sk,INC_avg,INC_sd,INC_r1,INC_kr,INC_sk,IND_avg,IND_sd,IND_r1,IND_kr,IND_sk
320,0.2520000000,0.0830421580,0.2231769624,2.0131620738,0.1669685564,0.2700000000,0.0300000000,0.0864197531,3.3703703704,-1.0666666667,0.4780000000,0.0745385806,-0.0045088329,1.5141788225,0.1481251270,0.4780000000,0.0745385806,-0.0045088329,1.5141788225,0.1481251270
