Instance,INF_avg,INF_sd,INF_r1,INF_kr,INF_sk,SUP_avg,SUP_sd,SUP_r1,SUP_kr,SUP_sk,INC_avg,INC_sd,INC_r1,INC_kr,INC_sk,IND_avg,IND_sd,IND_r1,IND_kr,IND_sk
417,0.2120000000,0.1107068200,-0.0083067760,3.1077347313,0.4695204167,0.2680000000,0.1121427662,0.2438219837,2.4811782530,-0.5388442161,0.5200000000,0.1200000000,-0.3614163614,3.2592592593,-0.2500000000,0.5200000000,0.1200000000,-0.3614163614,3.2592592593,-0.2500000000
