Instance,INF_avg,INF_sd,INF_r1,INF_kr,INF_sk,SUP_avg,SUP_sd,SUP_r1,SUP_kr,SUP_sk,INC_avg,INC_sd,INC_r1,INC_kr,INC_sk,IND_avg,IND_sd,IND_r1,IND_kr,IND_sk
465,0.2678000000,0.0316884837,-0.2967733556,2.0256516067,0.0296384311,0.2490000000,0.0368781778,0.0257457016,1.8911699827,0.0216531689,0.4832000000,0.0395191093,-0.0116222060,2.1706914376,-0.1274424017,0.4832000000,0.0395191093,-0.0116222060,2.1706914376,-0.1274424017
