Instance,INF_avg,INF_sd,INF_r1,INF_kr,INF_sk,SUP_avg,SUP_sd,SUP_r1,SUP_kr,SUP_sk,INC_avg,INC_sd,INC_r1,INC_kr,INC_sk,IND_avg,IND_sd,IND_r1,IND_kr,IND_sk
32,0.2540000000,0.1094714575,0.0436800926,3.3366085800,0.6983183532,0.2480000000,0.1081480467,-0.2223149427,2.8174038712,0.2412713318,0.4980000000,0.1090687856,-0.1386537686,3.0077101750,0.3055024396,0.4980000000,0.1090687856,-0.1386537686,3.0077101750,0.3055024396
