Instance,INF_avg,INF_sd,INF_r1,INF_kr,INF_sk,SUP_avg,SUP_sd,SUP_r1,SUP_kr,SUP_sk,INC_avg,INC_sd,INC_r1,INC_kr,INC_sk,IND_avg,IND_sd,IND_r1,IND_kr,IND_sk
204,0.2644000000,0.0512702643,-0.2292527768,2.7756824935,-0.3990710543,0.2400000000,0.0420000000,-0.0572737686,2.5972974224,0.0809847749,0.4956000000,0.0514260634,0.1339192442,2.3086141111,-0.0662157445,0.4956000000,0.0514260634,0.1339192442,2.3086141111,-0.0662157445
