Instance,INF_avg,INF_sd,INF_r1,INF_kr,INF_sk,SUP_avg,SUP_sd,SUP_r1,SUP_kr,SUP_sk,INC_avg,INC_sd,INC_r1,INC_kr,INC_sk,IND_avg,IND_sd,IND_r1,IND_kr,IND_sk
39,0.2464000000,0.0712673838,0.1652847019,2.8840415232,0.1878064703,0.2748000000,0.0629679283,-0.0432413522,2.8281133098,0.4437700248,0.4788000000,0.0599212817,0.0975436211,2.4862804481,-0.4418862795,0.4788000000,0.0599212817,0.0975436211,2.4862804481,-0.4418862795
