Instance,INF_avg,INF_sd,INF_r1,INF_kr,INF_sk,SUP_avg,SUP_sd,SUP_r1,SUP_kr,SUP_sk,INC_avg,INC_sd,INC_r1,INC_kr,INC_sk,IND_avg,IND_sd,IND_r1,IND_kr,IND_sk
446,0.2538000000,0.0349078788,-0.0694518215,2.9494703859,0.6497477490,0.2880000000,0.0544426304,0.6364054303,2.5616671311,-0.0419414124,0.4582000000,0.0469868067,0.2121843779,2.9294516007,0.4063478607,0.4582000000,0.0469868067,0.2121843779,2.9294516007,0.4063478607
