Instance,INF_avg,INF_sd,INF_r1,INF_kr,INF_sk,SUP_avg,SUP_sd,SUP_r1,SUP_kr,SUP_sk,INC_avg,INC_sd,INC_r1,INC_kr,INC_sk,IND_avg,IND_sd,IND_r1,IND_kr,IND_sk
466,0.2439000000,0.0535704209,0.3205164498,3.7261574638,0.4343432868,0.2668000000,0.0460191265,0.2437093958,2.9686797313,-0.0005821617,0.4893000000,0.0523116622,0.1683150892,2.5585395435,0.0836667690,0.4893000000,0.0523116622,0.1683150892,2.5585395435,0.0836667690
