Instance,INF_avg,INF_sd,INF_r1,INF_kr,INF_sk,SUP_avg,SUP_sd,SUP_r1,SUP_kr,SUP_sk,INC_avg,INC_sd,INC_r1,INC_kr,INC_sk,IND_avg,IND_sd,IND_r1,IND_kr,IND_sk
13,0.2619000000,0.0599115181,0.3845828354,2.8856149957,0.5025144226,0.2306000000,0.0493319369,0.1663443644,3.3729113466,0.4682743892,0.5075000000,0.0546511665,0.0628628922,2.7174534196,-0.3277213500,0.5075000000,0.0546511665,0.0628628922,2.7174534196,-0.3277213500
