Instance,INF_avg,INF_sd,INF_r1,INF_kr,INF_sk,SUP_avg,SUP_sd,SUP_r1,SUP_kr,SUP_sk,INC_avg,INC_sd,INC_r1,INC_kr,INC_sk,IND_avg,IND_sd,IND_r1,IND_kr,IND_sk
299,0.2170000000,0.0869540108,-0.2578324303,2.8920768929,0.3376269955,0.2390000000,0.1096767979,-0.0709600636,2.0203756694,0.1673521045,0.5440000000,0.1027813213,0.1404316365,2.2423833468,-0.0180809796,0.5440000000,0.1027813213,0.1404316365,2.2423833468,-0.0180809796
