Instance,INF_avg,INF_sd,INF_r1,INF_kr,INF_sk,SUP_avg,SUP_sd,SUP_r1,SUP_kr,SUP_sk,INC_avg,INC_sd,INC_r1,INC_kr,INC_sk,IND_avg,IND_sd,IND_r1,IND_kr,IND_sk
472,0.2787500000,0.0326065561,0.0875580110,3.4774966107,-0.1011006315,0.2397000000,0.0324562783,0.2309643159,3.3778388966,0.2846054986,0.4815500000,0.0342176490,0.1339881740,4.6445984450,0.2457485916,0.4815500000,0.0342176490,0.1339881740,4.6445984450,0.2457485916
