Instance,INF_avg,INF_sd,INF_r1,INF_kr,INF_sk,SUP_avg,SUP_sd,SUP_r1,SUP_kr,SUP_sk,INC_avg,INC_sd,INC_r1,INC_kr,INC_sk,IND_avg,IND_sd,IND_r1,IND_kr,IND_sk
500,0.2560000000,0.1125344392,-0.0705256677,2.9206782503,-0.1285266685,0.3080000000,0.0923904757,-0.2440746031,2.0672975321,0.2214227919,0.4360000000,0.0995188424,-0.2151649994,2.2731586722,0.2066810528,0.4360000000,0.0995188424,-0.2151649994,2.2731586722,0.2066810528
