Instance,INF_avg,INF_sd,INF_r1,INF_kr,INF_sk,SUP_avg,SUP_sd,SUP_r1,SUP_kr,SUP_sk,INC_avg,INC_sd,INC_r1,INC_kr,INC_sk,IND_avg,IND_sd,IND_r1,IND_kr,IND_sk
26,0.2380000000,0.0561782876,-0.4444891932,2.6089674083,0.8333057164,0.2720000000,0.0560000000,-0.0429447853,3.2226676385,0.8779154519,0.4900000000,0.0646529195,-0.2162849873,1.8384423434,0.3285856123,0.4900000000,0.0646529195,-0.2162849873,1.8384423434,0.3285856123
