Instance,INF_avg,INF_sd,INF_r1,INF_kr,INF_sk,SUP_avg,SUP_sd,SUP_r1,SUP_kr,SUP_sk,INC_avg,INC_sd,INC_r1,INC_kr,INC_sk,IND_avg,IND_sd,IND_r1,IND_kr,IND_sk
444,0.4018439716,0.0780943495,0.2984212320,2.9096869774,-0.0449987979,0.1211347518,0.0653532919,0.4932295397,3.1005862134,0.6922712117,0.4770212766,0.0707782942,0.1321176202,2.5615211847,-0.0258473944,0.4770212766,0.0707782942,0.1321176202,2.5615211847,-0.0258473944
