Instance,INF_avg,INF_sd,INF_r1,INF_kr,INF_sk,SUP_avg,SUP_sd,SUP_r1,SUP_kr,SUP_sk,INC_avg,INC_sd,INC_r1,INC_kr,INC_sk,IND_avg,IND_sd,IND_r1,IND_kr,IND_sk
438,0.2500000000,0.1031988372,-0.1279620853,3.5409640944,0.3275503660,0.2465000000,0.0919932063,0.0249186792,3.0852863511,0.1511231941,0.5035000000,0.1044641087,0.0425964295,2.8480385659,0.0058099158,0.5035000000,0.1044641087,0.0425964295,2.8480385659,0.0058099158
