Instance,INF_avg,INF_sd,INF_r1,INF_kr,INF_sk,SUP_avg,SUP_sd,SUP_r1,SUP_kr,SUP_sk,INC_avg,INC_sd,INC_r1,INC_kr,INC_sk,IND_avg,IND_sd,IND_r1,IND_kr,IND_sk
51,0.2540000000,0.0320000000,-0.7343623071,1.6707153320,0.1479492187,0.2020000000,0.0271293199,-0.7771084337,2.3638941399,0.7500308204,0.5440000000,0.0417612260,-0.6384009691,1.2047176164,0.4257493901,0.5440000000,0.0417612260,-0.6384009691,1.2047176164,0.4257493901
