Instance,INF_avg,INF_sd,INF_r1,INF_kr,INF_sk,SUP_avg,SUP_sd,SUP_r1,SUP_kr,SUP_sk,INC_avg,INC_sd,INC_r1,INC_kr,INC_sk,IND_avg,IND_sd,IND_r1,IND_kr,IND_sk
217,0.2764000000,0.0474240445,0.2611310874,2.1573113743,-0.0035975730,0.3290000000,0.0431045241,0.1919463955,2.8810757542,0.1483364483,0.3946000000,0.0410833300,0.1745581594,1.9687857318,-0.0315036376,0.3946000000,0.0410833300,0.1745581594,1.9687857318,-0.0315036376
