Instance,INF_avg,INF_sd,INF_r1,INF_kr,INF_sk,SUP_avg,SUP_sd,SUP_r1,SUP_kr,SUP_sk,INC_avg,INC_sd,INC_r1,INC_kr,INC_sk,IND_avg,IND_sd,IND_r1,IND_kr,IND_sk
281,0.2680000000,0.0744043010,-0.5034965035,1.3849610745,-0.3859556859,0.2400000000,0.0903327183,-0.1298701299,1.2081891580,0.4037361978,0.4920000000,0.0324961536,0.0950920245,2.2685950413,-0.1790421687,0.4920000000,0.0324961536,0.0950920245,2.2685950413,-0.1790421687
