Instance,INF_avg,INF_sd,INF_r1,INF_kr,INF_sk,SUP_avg,SUP_sd,SUP_r1,SUP_kr,SUP_sk,INC_avg,INC_sd,INC_r1,INC_kr,INC_sk,IND_avg,IND_sd,IND_r1,IND_kr,IND_sk
166,0.4947826087,0.0959617027,0.8234442318,2.0696889705,-0.3643245498,0.0546739130,0.0454135846,0.8227324180,2.8432964858,0.9736659510,0.4505434783,0.0604442634,0.5645647899,2.2384997011,0.0271308321,0.4505434783,0.0604442634,0.5645647899,2.2384997011,0.0271308321
