Instance,INF_avg,INF_sd,INF_r1,INF_kr,INF_sk,SUP_avg,SUP_sd,SUP_r1,SUP_kr,SUP_sk,INC_avg,INC_sd,INC_r1,INC_kr,INC_sk,IND_avg,IND_sd,IND_r1,IND_kr,IND_sk
437,0.2000000000,0.1264911064,0.0000000000,1.5625000000,-0.5929270613,0.3200000000,0.0748331477,-0.3768115942,1.8469387755,-0.3436215967,0.4800000000,0.1833030278,-0.1014851485,1.2091836735,0.2961528510,0.4800000000,0.1833030278,-0.1014851485,1.2091836735,0.2961528510
