Instance,INF_avg,INF_sd,INF_r1,INF_kr,INF_sk,SUP_avg,SUP_sd,SUP_r1,SUP_kr,SUP_sk,INC_avg,INC_sd,INC_r1,INC_kr,INC_sk,IND_avg,IND_sd,IND_r1,IND_kr,IND_sk
80,0.2720000000,0.1822525720,-0.1558210625,2.5408912203,0.5372078615,0.2400000000,0.1095445115,-0.1729222520,2.2200000000,-0.2921186973,0.4880000000,0.1632666531,-0.0903426791,2.6578753951,-0.6338771235,0.4880000000,0.1632666531,-0.0903426791,2.6578753951,-0.6338771235
