Instance,INF_avg,INF_sd,INF_r1,INF_kr,INF_sk,SUP_avg,SUP_sd,SUP_r1,SUP_kr,SUP_sk,INC_avg,INC_sd,INC_r1,INC_kr,INC_sk,IND_avg,IND_sd,IND_r1,IND_kr,IND_sk
28,0.2500000000,0.0836660027,-0.5833333333,1.8877551020,0.2561204163,0.2850000000,0.0776208735,0.0258365100,2.0842788519,0.0256593511,0.4650000000,0.1265898890,-0.2251364196,2.6057593318,-0.7823117793,0.4650000000,0.1265898890,-0.2251364196,2.6057593318,-0.7823117793
