Instance,INF_avg,INF_sd,INF_r1,INF_kr,INF_sk,SUP_avg,SUP_sd,SUP_r1,SUP_kr,SUP_sk,INC_avg,INC_sd,INC_r1,INC_kr,INC_sk,IND_avg,IND_sd,IND_r1,IND_kr,IND_sk
50,0.2940000000,0.1127563745,-0.0732129223,3.2578955038,0.1597868787,0.3410000000,0.1127785441,0.0651218412,3.2524045659,0.1614871072,0.3650000000,0.1165118020,-0.0173414721,2.6016198122,-0.2034270954,0.3650000000,0.1165118020,-0.0173414721,2.6016198122,-0.2034270954
