Instance,INF_avg,INF_sd,INF_r1,INF_kr,INF_sk,SUP_avg,SUP_sd,SUP_r1,SUP_kr,SUP_sk,INC_avg,INC_sd,INC_r1,INC_kr,INC_sk,IND_avg,IND_sd,IND_r1,IND_kr,IND_sk
388,0.2476500000,0.0307608111,-0.0339423893,2.6614101812,-0.0413948403,0.2505000000,0.0269397476,-0.0354249722,2.8962900697,-0.0934070513,0.5018500000,0.0333215771,0.0630364478,3.1243043220,-0.2830541629,0.5018500000,0.0333215771,0.0630364478,3.1243043220,-0.2830541629
