Instance,INF_avg,INF_sd,INF_r1,INF_kr,INF_sk,SUP_avg,SUP_sd,SUP_r1,SUP_kr,SUP_sk,INC_avg,INC_sd,INC_r1,INC_kr,INC_sk,IND_avg,IND_sd,IND_r1,IND_kr,IND_sk
188,0.2600000000,0.0379473319,-0.8888888889,1.7592592593,0.3513641845,0.2880000000,0.0835224521,-1.0198961938,1.5455980136,-0.4639745675,0.4520000000,0.0499599840,-1.0061099796,1.3269230769,0.2278746804,0.4520000000,0.0499599840,-1.0061099796,1.3269230769,0.2278746804
