Instance,INF_avg,INF_sd,INF_r1,INF_kr,INF_sk,SUP_avg,SUP_sd,SUP_r1,SUP_kr,SUP_sk,INC_avg,INC_sd,INC_r1,INC_kr,INC_sk,IND_avg,IND_sd,IND_r1,IND_kr,IND_sk
2,0.2494000000,0.0243441985,0.0557315715,2.3289916241,0.6281105431,0.2524000000,0.0300373101,0.1314061402,2.6269431254,-0.6785744132,0.4982000000,0.0327987805,-0.1683656290,2.8822187621,-0.2360887269,0.4982000000,0.0327987805,-0.1683656290,2.8822187621,-0.2360887269
