Instance,INF_avg,INF_sd,INF_r1,INF_kr,INF_sk,SUP_avg,SUP_sd,SUP_r1,SUP_kr,SUP_sk,INC_avg,INC_sd,INC_r1,INC_kr,INC_sk,IND_avg,IND_sd,IND_r1,IND_kr,IND_sk
270,0.2312000000,0.0459843452,-0.1021916412,3.7654988597,-0.8372783124,0.2344000000,0.0572768714,0.2401239715,4.1047583723,0.5479922306,0.5344000000,0.0594696561,0.0041791824,2.7207847377,0.3457123061,0.5344000000,0.0594696561,0.0041791824,2.7207847377,0.3457123061
