Instance,INF_avg,INF_sd,INF_r1,INF_kr,INF_sk,SUP_avg,SUP_sd,SUP_r1,SUP_kr,SUP_sk,INC_avg,INC_sd,INC_r1,INC_kr,INC_sk,IND_avg,IND_sd,IND_r1,IND_kr,IND_sk
22,0.2200000000,0.1166190379,-0.0946745562,2.6660899654,-1.1500493357,0.2400000000,0.1019803903,-1.1969696970,1.9556213018,0.2715454179,0.5400000000,0.1496662955,-0.2337662338,2.1339285714,0.7301958931,0.5400000000,0.1496662955,-0.2337662338,2.1339285714,0.7301958931
