Instance,INF_avg,INF_sd,INF_r1,INF_kr,INF_sk,SUP_avg,SUP_sd,SUP_r1,SUP_kr,SUP_sk,INC_avg,INC_sd,INC_r1,INC_kr,INC_sk,IND_avg,IND_sd,IND_r1,IND_kr,IND_sk
108,0.2292000000,0.0347758537,0.2617629783,2.6531379445,0.0471502563,0.2338000000,0.0333550596,0.4135368264,3.2891149142,0.2745103707,0.5370000000,0.0381837662,-0.0819667598,2.8969584582,-0.5276626735,0.5370000000,0.0381837662,-0.0819667598,2.8969584582,-0.5276626735
