Instance,INF_avg,INF_sd,INF_r1,INF_kr,INF_sk,SUP_avg,SUP_sd,SUP_r1,SUP_kr,SUP_sk,INC_avg,INC_sd,INC_r1,INC_kr,INC_sk,IND_avg,IND_sd,IND_r1,IND_kr,IND_sk
307,0.4860156250,0.1352736800,0.9320873246,1.9883775631,0.0067809283,0.0906640625,0.0819164282,0.9168654299,2.7694278373,0.9369761457,0.4233203125,0.0717288660,0.7423692347,2.2695437798,-0.4461547136,0.4233203125,0.0717288660,0.7423692347,2.2695437798,-0.4461547136
