Instance,INF_avg,INF_sd,INF_r1,INF_kr,INF_sk,SUP_avg,SUP_sd,SUP_r1,SUP_kr,SUP_sk,INC_avg,INC_sd,INC_r1,INC_kr,INC_sk,IND_avg,IND_sd,IND_r1,IND_kr,IND_sk
60,0.2427000000,0.0327446179,0.0795039501,2.7667828297,0.2213931576,0.2633000000,0.0259347258,0.0177667418,2.5971434002,0.2469465084,0.4940000000,0.0339116499,0.1229121414,2.3966638941,0.1151585783,0.4940000000,0.0339116499,0.1229121414,2.3966638941,0.1151585783
