Instance,INF_avg,INF_sd,INF_r1,INF_kr,INF_sk,SUP_avg,SUP_sd,SUP_r1,SUP_kr,SUP_sk,INC_avg,INC_sd,INC_r1,INC_kr,INC_sk,IND_avg,IND_sd,IND_r1,IND_kr,IND_sk
5,0.2417500000,0.0333869361,-0.0291503442,2.3528805754,-0.1681056185,0.2513500000,0.0300653871,0.1599561617,3.5331675111,0.4007216113,0.5069000000,0.0405079005,-0.1042447862,2.7441178878,0.2006584458,0.5069000000,0.0405079005,-0.1042447862,2.7441178878,0.2006584458
