Instance,INF_avg,INF_sd,INF_r1,INF_kr,INF_sk,SUP_avg,SUP_sd,SUP_r1,SUP_kr,SUP_sk,INC_avg,INC_sd,INC_r1,INC_kr,INC_sk,IND_avg,IND_sd,IND_r1,IND_kr,IND_sk
255,0.1900000000,0.1300000000,-0.0565568676,1.9613108785,0.4588074647,0.2900000000,0.1700000000,-0.3687251715,2.3172256079,-0.0879299817,0.5200000000,0.1166190379,-0.3864306785,5.7802768166,-1.9066607407,0.5200000000,0.1166190379,-0.3864306785,5.7802768166,-1.9066607407
