Instance,INF_avg,INF_sd,INF_r1,INF_kr,INF_sk,SUP_avg,SUP_sd,SUP_r1,SUP_kr,SUP_sk,INC_avg,INC_sd,INC_r1,INC_kr,INC_sk,IND_avg,IND_sd,IND_r1,IND_kr,IND_sk
176,0.1850000000,0.0344238290,-0.1893095768,2.2237355125,-0.8236861279,0.2860000000,0.0551724569,0.2384827787,1.9835008573,0.3905565280,0.5290000000,0.0622012862,0.1402679067,3.5661729472,-0.5081593876,0.5290000000,0.0622012862,0.1402679067,3.5661729472,-0.5081593876
