Instance,INF_avg,INF_sd,INF_r1,INF_kr,INF_sk,SUP_avg,SUP_sd,SUP_r1,SUP_kr,SUP_sk,INC_avg,INC_sd,INC_r1,INC_kr,INC_sk,IND_avg,IND_sd,IND_r1,IND_kr,IND_sk
443,0.4302777778,0.0944718098,0.7344465373,2.1656808034,-0.0481245000,0.1076851852,0.0580645631,0.6903819953,3.0896658039,0.7544484583,0.4620370370,0.0587486684,0.3277844996,3.5460816785,0.2523056367,0.4620370370,0.0587486684,0.3277844996,3.5460816785,0.2523056367
