Instance,INF_avg,INF_sd,INF_r1,INF_kr,INF_sk,SUP_avg,SUP_sd,SUP_r1,SUP_kr,SUP_sk,INC_avg,INC_sd,INC_r1,INC_kr,INC_sk,IND_avg,IND_sd,IND_r1,IND_kr,IND_sk
215,0.3969117647,0.1072278683,0.8611355188,2.1358887364,-0.0170257256,0.1242647059,0.0783340542,0.8095986664,2.8055975770,0.7335638705,0.4788235294,0.0529575138,0.5007832424,2.9302279421,-0.0957302772,0.4788235294,0.0529575138,0.5007832424,2.9302279421,-0.0957302772
