Instance,INF_avg,INF_sd,INF_r1,INF_kr,INF_sk,SUP_avg,SUP_sd,SUP_r1,SUP_kr,SUP_sk,INC_avg,INC_sd,INC_r1,INC_kr,INC_sk,IND_avg,IND_sd,IND_r1,IND_kr,IND_sk
97,0.2400000000,0.0372827038,-0.5393258427,3.4312406190,-0.9710946985,0.2835000000,0.0206215906,-0.4227293714,1.5877152873,-0.2389577838,0.4765000000,0.0371517160,-0.6207364192,2.0738578927,-0.1892015267,0.4765000000,0.0371517160,-0.6207364192,2.0738578927,-0.1892015267
