Instance,INF_avg,INF_sd,INF_r1,INF_kr,INF_sk,SUP_avg,SUP_sd,SUP_r1,SUP_kr,SUP_sk,INC_avg,INC_sd,INC_r1,INC_kr,INC_sk,IND_avg,IND_sd,IND_r1,IND_kr,IND_sk
243,0.2150000000,0.1550000000,0.3584001666,2.6679815619,0.9876808432,0.2650000000,0.1096585610,-0.3747037276,1.4921140555,0.0136503843,0.5200000000,0.1382027496,0.3526543879,2.0670211891,0.4909699940,0.5200000000,0.1382027496,0.3526543879,2.0670211891,0.4909699940
