Instance,INF_avg,INF_sd,INF_r1,INF_kr,INF_sk,SUP_avg,SUP_sd,SUP_r1,SUP_kr,SUP_sk,INC_avg,INC_sd,INC_r1,INC_kr,INC_sk,IND_avg,IND_sd,IND_r1,IND_kr,IND_sk
446,0.2472000000,0.0508739619,-0.1547033362,2.1002916821,0.5185882908,0.2836000000,0.0503491807,0.3329827643,3.0486530309,-0.2759782536,0.4692000000,0.0657218381,0.1902277019,3.8086393102,0.7506332587,0.4692000000,0.0657218381,0.1902277019,3.8086393102,0.7506332587
