Instance,INF_avg,INF_sd,INF_r1,INF_kr,INF_sk,SUP_avg,SUP_sd,SUP_r1,SUP_kr,SUP_sk,INC_avg,INC_sd,INC_r1,INC_kr,INC_sk,IND_avg,IND_sd,IND_r1,IND_kr,IND_sk
19,0.2890000000,0.1448412925,0.0799793496,2.6778125323,0.3500391901,0.2260000000,0.1453409784,0.0860548064,2.2623867917,0.0699476259,0.4850000000,0.1532155345,-0.0906263646,2.7470696513,0.0027107921,0.4850000000,0.1532155345,-0.0906263646,2.7470696513,0.0027107921
