Instance,INF_avg,INF_sd,INF_r1,INF_kr,INF_sk,SUP_avg,SUP_sd,SUP_r1,SUP_kr,SUP_sk,INC_avg,INC_sd,INC_r1,INC_kr,INC_sk,IND_avg,IND_sd,IND_r1,IND_kr,IND_sk
309,0.3136000000,0.0505078212,0.2196811103,2.2148285904,-0.3771737792,0.2544000000,0.0609314369,0.4655149818,3.0320263440,0.6739913970,0.4320000000,0.0544058820,0.0090700277,2.5782834186,-0.2581199444,0.4320000000,0.0544058820,0.0090700277,2.5782834186,-0.2581199444
