Instance,INF_avg,INF_sd,INF_r1,INF_kr,INF_sk,SUP_avg,SUP_sd,SUP_r1,SUP_kr,SUP_sk,INC_avg,INC_sd,INC_r1,INC_kr,INC_sk,IND_avg,IND_sd,IND_r1,IND_kr,IND_sk
432,0.2600000000,0.0521536192,0.0000000000,1.6003460208,-0.4060402882,0.2280000000,0.0411825206,-0.7205323194,2.0685297259,-0.4068404933,0.5120000000,0.0515363949,-0.3086232980,1.2876324575,-0.3955562318,0.5120000000,0.0515363949,-0.3086232980,1.2876324575,-0.3955562318
