Instance,INF_avg,INF_sd,INF_r1,INF_kr,INF_sk,SUP_avg,SUP_sd,SUP_r1,SUP_kr,SUP_sk,INC_avg,INC_sd,INC_r1,INC_kr,INC_sk,IND_avg,IND_sd,IND_r1,IND_kr,IND_sk
345,0.2880000000,0.1394847662,-0.1094735625,2.1410706750,0.1481839807,0.3080000000,0.1534144713,0.1000443226,2.3865441130,0.1812979696,0.4040000000,0.1714176187,0.1544782067,2.7240776376,0.1880762690,0.4040000000,0.1714176187,0.1544782067,2.7240776376,0.1880762690
