Instance,INF_avg,INF_sd,INF_r1,INF_kr,INF_sk,SUP_avg,SUP_sd,SUP_r1,SUP_kr,SUP_sk,INC_avg,INC_sd,INC_r1,INC_kr,INC_sk,IND_avg,IND_sd,IND_r1,IND_kr,IND_sk
196,0.2720000000,0.1865904606,0.1292708506,2.5871455315,0.4843495198,0.2440000000,0.1601998752,0.3628234203,2.3861216659,0.3130752344,0.4840000000,0.1847809514,-0.0712449294,2.7260654253,-0.2214227919,0.4840000000,0.1847809514,-0.0712449294,2.7260654253,-0.2214227919
