Instance,INF_avg,INF_sd,INF_r1,INF_kr,INF_sk,SUP_avg,SUP_sd,SUP_r1,SUP_kr,SUP_sk,INC_avg,INC_sd,INC_r1,INC_kr,INC_sk,IND_avg,IND_sd,IND_r1,IND_kr,IND_sk
71,0.1880000000,0.1107068200,0.0529955327,2.1362917465,0.2380148707,0.2400000000,0.1414213562,-0.1708860759,2.2952000000,0.0339411255,0.5720000000,0.1709268850,0.2226047674,3.5640186955,0.3436453291,0.5720000000,0.1709268850,0.2226047674,3.5640186955,0.3436453291
