Instance,INF_avg,INF_sd,INF_r1,INF_kr,INF_sk,SUP_avg,SUP_sd,SUP_r1,SUP_kr,SUP_sk,INC_avg,INC_sd,INC_r1,INC_kr,INC_sk,IND_avg,IND_sd,IND_r1,IND_kr,IND_sk
343,0.2539000000,0.0378588167,0.3480807756,2.9523340648,0.3473601706,0.2621000000,0.0362227829,0.3323288230,2.7565813278,0.3310095219,0.4840000000,0.0467439836,0.4919241022,2.8058884950,0.3030383016,0.4840000000,0.0467439836,0.4919241022,2.8058884950,0.3030383016
