Instance,INF_avg,INF_sd,INF_r1,INF_kr,INF_sk,SUP_avg,SUP_sd,SUP_r1,SUP_kr,SUP_sk,INC_avg,INC_sd,INC_r1,INC_kr,INC_sk,IND_avg,IND_sd,IND_r1,IND_kr,IND_sk
394,0.2246000000,0.0292547432,0.2999001134,3.0914495998,0.3317868000,0.2610000000,0.0356651090,-0.3358243049,2.7001750326,-0.1325220987,0.5144000000,0.0451069839,-0.2833542238,2.0695862458,-0.2796188493,0.5144000000,0.0451069839,-0.2833542238,2.0695862458,-0.2796188493
