Instance,INF_avg,INF_sd,INF_r1,INF_kr,INF_sk,SUP_avg,SUP_sd,SUP_r1,SUP_kr,SUP_sk,INC_avg,INC_sd,INC_r1,INC_kr,INC_sk,IND_avg,IND_sd,IND_r1,IND_kr,IND_sk
187,0.1947368421,0.0998613998,-0.0591614907,2.2812962963,0.1054092553,0.2578947368,0.1183918093,-0.0141411341,3.3307113062,0.2872909712,0.5473684211,0.1390509980,-0.1763143064,1.8207034425,0.0543356151,0.5473684211,0.1390509980,-0.1763143064,1.8207034425,0.0543356151
