Instance,INF_avg,INF_sd,INF_r1,INF_kr,INF_sk,SUP_avg,SUP_sd,SUP_r1,SUP_kr,SUP_sk,INC_avg,INC_sd,INC_r1,INC_kr,INC_sk,IND_avg,IND_sd,IND_r1,IND_kr,IND_sk
13,0.3880000000,0.0903105752,0.5555536825,2.9197235564,-0.2316891714,0.1380000000,0.0763063999,0.5644983786,3.5526788256,0.8555891084,0.4740000000,0.0675080242,-0.0424317054,2.4000055980,-0.0472994939,0.4740000000,0.0675080242,-0.0424317054,2.4000055980,-0.0472994939
