Instance,INF_avg,INF_sd,INF_r1,INF_kr,INF_sk,SUP_avg,SUP_sd,SUP_r1,SUP_kr,SUP_sk,INC_avg,INC_sd,INC_r1,INC_kr,INC_sk,IND_avg,IND_sd,IND_r1,IND_kr,IND_sk
455,0.2653000000,0.0589992373,0.4737934972,2.9920140555,0.4078211612,0.3511000000,0.0608752002,0.5022399042,2.7517594079,-0.1279327426,0.3836000000,0.0531887206,0.2263615684,2.7717189493,0.2260851309,0.3836000000,0.0531887206,0.2263615684,2.7717189493,0.2260851309
