Instance,INF_avg,INF_sd,INF_r1,INF_kr,INF_sk,SUP_avg,SUP_sd,SUP_r1,SUP_kr,SUP_sk,INC_avg,INC_sd,INC_r1,INC_kr,INC_sk,IND_avg,IND_sd,IND_r1,IND_kr,IND_sk
237,0.2504000000,0.0424245212,0.0378358321,2.7373557315,0.2849775159,0.2780000000,0.0423320210,-0.0573950446,4.0518674267,-0.4761466506,0.4716000000,0.0494513903,-0.0597538917,1.8635779516,0.1265007890,0.4716000000,0.0494513903,-0.0597538917,1.8635779516,0.1265007890
