Instance,INF_avg,INF_sd,INF_r1,INF_kr,INF_sk,SUP_avg,SUP_sd,SUP_r1,SUP_kr,SUP_sk,INC_avg,INC_sd,INC_r1,INC_kr,INC_sk,IND_avg,IND_sd,IND_r1,IND_kr,IND_sk
115,0.2120000000,0.0530659966,0.3165467626,2.2169421488,0.3700366502,0.2920000000,0.0574108004,-0.9269102990,2.6779621076,1.1140963830,0.4960000000,0.0496386946,-0.0449927431,2.0324675325,0.6216348580,0.4960000000,0.0496386946,-0.0449927431,2.0324675325,0.6216348580
