Instance,INF_avg,INF_sd,INF_r1,INF_kr,INF_sk,SUP_avg,SUP_sd,SUP_r1,SUP_kr,SUP_sk,INC_avg,INC_sd,INC_r1,INC_kr,INC_sk,IND_avg,IND_sd,IND_r1,IND_kr,IND_sk
215,0.2800000000,0.1029563014,-0.0456273764,2.0685297259,0.4068404933,0.2800000000,0.1077032961,-0.4218455744,1.7636741974,0.4034071140,0.4400000000,0.1113552873,-0.3636363636,2.7036940687,1.1210847078,0.4400000000,0.1113552873,-0.3636363636,2.7036940687,1.1210847078
