Instance,INF_avg,INF_sd,INF_r1,INF_kr,INF_sk,SUP_avg,SUP_sd,SUP_r1,SUP_kr,SUP_sk,INC_avg,INC_sd,INC_r1,INC_kr,INC_sk,IND_avg,IND_sd,IND_r1,IND_kr,IND_sk
323,0.2240000000,0.0803990050,-0.7087941022,1.7158366827,-0.2571333729,0.2760000000,0.0344093011,-0.2059620596,2.6519357195,1.0179522960,0.5000000000,0.0800000000,-0.5131578947,2.0781250000,0.8437500000,0.5000000000,0.0800000000,-0.5131578947,2.0781250000,0.8437500000
