Instance,INF_avg,INF_sd,INF_r1,INF_kr,INF_sk,SUP_avg,SUP_sd,SUP_r1,SUP_kr,SUP_sk,INC_avg,INC_sd,INC_r1,INC_kr,INC_sk,IND_avg,IND_sd,IND_r1,IND_kr,IND_sk
177,0.2700000000,0.0748331477,0.6291560102,2.3252551020,-0.3436215967,0.1900000000,0.0888819442,0.0050697085,2.1353949688,0.1965343422,0.5400000000,0.0916515139,-0.5139751553,1.6556122449,-0.3857780560,0.5400000000,0.0916515139,-0.5139751553,1.6556122449,-0.3857780560
