Instance,INF_avg,INF_sd,INF_r1,INF_kr,INF_sk,SUP_avg,SUP_sd,SUP_r1,SUP_kr,SUP_sk,INC_avg,INC_sd,INC_r1,INC_kr,INC_sk,IND_avg,IND_sd,IND_r1,IND_kr,IND_sk
239,0.2550000000,0.1025914226,-0.0234602704,4.0794680689,0.5737307853,0.2770000000,0.1049809507,0.1434998846,2.5647860724,0.2810003362,0.4680000000,0.1321968230,0.0873925700,2.3026978345,0.3616301961,0.4680000000,0.1321968230,0.0873925700,2.3026978345,0.3616301961
