Instance,INF_avg,INF_sd,INF_r1,INF_kr,INF_sk,SUP_avg,SUP_sd,SUP_r1,SUP_kr,SUP_sk,INC_avg,INC_sd,INC_r1,INC_kr,INC_sk,IND_avg,IND_sd,IND_r1,IND_kr,IND_sk
420,0.2376500000,0.0306386602,-0.1294798151,3.0280322409,-0.0166105973,0.2815500000,0.0292035529,-0.0221665318,2.3980000696,0.0448396897,0.4808000000,0.0380967190,-0.2285213256,2.6884448287,0.0666230267,0.4808000000,0.0380967190,-0.2285213256,2.6884448287,0.0666230267
