Instance,INF_avg,INF_sd,INF_r1,INF_kr,INF_sk,SUP_avg,SUP_sd,SUP_r1,SUP_kr,SUP_sk,INC_avg,INC_sd,INC_r1,INC_kr,INC_sk,IND_avg,IND_sd,IND_r1,IND_kr,IND_sk
460,0.2100000000,0.1640121947,0.1196087150,1.9819654234,0.1115158715,0.2400000000,0.1562049935,0.1258741259,3.1945713518,1.0515815876,0.5500000000,0.1565247584,-0.5955056180,3.3256976260,-0.7040680512,0.5500000000,0.1565247584,-0.5955056180,3.3256976260,-0.7040680512
