Instance,INF_avg,INF_sd,INF_r1,INF_kr,INF_sk,SUP_avg,SUP_sd,SUP_r1,SUP_kr,SUP_sk,INC_avg,INC_sd,INC_r1,INC_kr,INC_sk,IND_avg,IND_sd,IND_r1,IND_kr,IND_sk
284,0.3440000000,0.1790642343,0.3697899968,2.5521442146,-0.2573592237,0.3000000000,0.1326649916,0.2558139535,2.2727272727,0.5139397919,0.3560000000,0.1202663710,-0.0472508184,3.5925043073,0.7556235830,0.3560000000,0.1202663710,-0.0472508184,3.5925043073,0.7556235830
