Instance,INF_avg,INF_sd,INF_r1,INF_kr,INF_sk,SUP_avg,SUP_sd,SUP_r1,SUP_kr,SUP_sk,INC_avg,INC_sd,INC_r1,INC_kr,INC_sk,IND_avg,IND_sd,IND_r1,IND_kr,IND_sk
334,0.2150000000,0.0463141447,0.2941176471,1.7010611766,0.3623777766,0.2520000000,0.0536283507,0.1417388873,3.6252579982,-0.0250526572,0.5330000000,0.0619758017,0.2564995545,2.7549842642,0.4482437464,0.5330000000,0.0619758017,0.2564995545,2.7549842642,0.4482437464
