Instance,INF_avg,INF_sd,INF_r1,INF_kr,INF_sk,SUP_avg,SUP_sd,SUP_r1,SUP_kr,SUP_sk,INC_avg,INC_sd,INC_r1,INC_kr,INC_sk,IND_avg,IND_sd,IND_r1,IND_kr,IND_sk
369,0.2454000000,0.0367673768,-0.0120023988,2.5821514254,0.6167102864,0.2326000000,0.0303024751,0.2223619888,3.2691097185,0.3491526067,0.5220000000,0.0444184646,0.1584554873,2.9078533337,0.0557294847,0.5220000000,0.0444184646,0.1584554873,2.9078533337,0.0557294847
