Instance,INF_avg,INF_sd,INF_r1,INF_kr,INF_sk,SUP_avg,SUP_sd,SUP_r1,SUP_kr,SUP_sk,INC_avg,INC_sd,INC_r1,INC_kr,INC_sk,IND_avg,IND_sd,IND_r1,IND_kr,IND_sk
16,0.3085000000,0.1153375481,-0.1279671464,2.6033803231,0.0807633576,0.2950000000,0.1141271221,0.3612805171,2.4676043781,0.2088791091,0.3965000000,0.1221177710,0.0244694366,3.2777155824,0.4889193266,0.3965000000,0.1221177710,0.0244694366,3.2777155824,0.4889193266
