Instance,INF_avg,INF_sd,INF_r1,INF_kr,INF_sk,SUP_avg,SUP_sd,SUP_r1,SUP_kr,SUP_sk,INC_avg,INC_sd,INC_r1,INC_kr,INC_sk,IND_avg,IND_sd,IND_r1,IND_kr,IND_sk
251,0.2440000000,0.0182756669,-0.2477148080,1.5551113342,0.2093684094,0.2470000000,0.0224944438,0.0830156713,1.3249777375,-0.4080058930,0.5090000000,0.0096953597,0.4126074499,1.4081032141,-0.3752617726,0.5090000000,0.0096953597,0.4126074499,1.4081032141,-0.3752617726
