Instance,INF_avg,INF_sd,INF_r1,INF_kr,INF_sk,SUP_avg,SUP_sd,SUP_r1,SUP_kr,SUP_sk,INC_avg,INC_sd,INC_r1,INC_kr,INC_sk,IND_avg,IND_sd,IND_r1,IND_kr,IND_sk
283,0.3946153846,0.0859351620,0.4932257024,2.5656301155,-0.2341505600,0.1127692308,0.0739127904,0.8242507423,2.3020193654,0.6876541241,0.4926153846,0.0494361102,-0.1159975755,2.9742263336,0.2001012215,0.4926153846,0.0494361102,-0.1159975755,2.9742263336,0.2001012215
