Instance,INF_avg,INF_sd,INF_r1,INF_kr,INF_sk,SUP_avg,SUP_sd,SUP_r1,SUP_kr,SUP_sk,INC_avg,INC_sd,INC_r1,INC_kr,INC_sk,IND_avg,IND_sd,IND_r1,IND_kr,IND_sk
125,0.2188000000,0.0567675964,0.0822349923,2.8351160932,0.2129856022,0.2980000000,0.0625139984,0.3835293152,2.4414816103,0.1713270313,0.4832000000,0.0636691448,0.1299061845,3.1346329456,0.1441736452,0.4832000000,0.0636691448,0.1299061845,3.1346329456,0.1441736452
