Instance,INF_avg,INF_sd,INF_r1,INF_kr,INF_sk,SUP_avg,SUP_sd,SUP_r1,SUP_kr,SUP_sk,INC_avg,INC_sd,INC_r1,INC_kr,INC_sk,IND_avg,IND_sd,IND_r1,IND_kr,IND_sk
395,0.2754000000,0.0451147426,0.4631501734,2.2953770672,-0.0593252470,0.2411500000,0.0404404191,0.5334549164,2.4098570545,0.1987152428,0.4834500000,0.0422178576,0.3492085922,2.7092452002,0.2060601992,0.4834500000,0.0422178576,0.3492085922,2.7092452002,0.2060601992
