Instance,INF_avg,INF_sd,INF_r1,INF_kr,INF_sk,SUP_avg,SUP_sd,SUP_r1,SUP_kr,SUP_sk,INC_avg,INC_sd,INC_r1,INC_kr,INC_sk,IND_avg,IND_sd,IND_r1,IND_kr,IND_sk
505,0.2522000000,0.0373384520,0.0990839790,4.2115280372,0.8810337541,0.2154000000,0.0580847656,0.8197385898,1.9439638812,0.4403321830,0.5324000000,0.0496411120,0.6525605522,2.4121144270,-0.2003337696,0.5324000000,0.0496411120,0.6525605522,2.4121144270,-0.2003337696
