Instance,INF_avg,INF_sd,INF_r1,INF_kr,INF_sk,SUP_avg,SUP_sd,SUP_r1,SUP_kr,SUP_sk,INC_avg,INC_sd,INC_r1,INC_kr,INC_sk,IND_avg,IND_sd,IND_r1,IND_kr,IND_sk
415,0.2528000000,0.0335583075,-0.4329804292,2.0089543814,-0.1807708442,0.2736000000,0.0371354278,-0.2368521243,1.8315654606,0.1230142436,0.4736000000,0.0351146693,0.2645646129,2.5592703918,-0.0065474009,0.4736000000,0.0351146693,0.2645646129,2.5592703918,-0.0065474009
