Instance,INF_avg,INF_sd,INF_r1,INF_kr,INF_sk,SUP_avg,SUP_sd,SUP_r1,SUP_kr,SUP_sk,INC_avg,INC_sd,INC_r1,INC_kr,INC_sk,IND_avg,IND_sd,IND_r1,IND_kr,IND_sk
494,0.2650000000,0.0838152731,-0.4121380405,1.9150846620,0.5400794182,0.3150000000,0.1162970335,-0.7172295363,4.1302886077,1.0652180613,0.4200000000,0.1004987562,-0.5705765408,2.7102244878,-0.3339778292,0.4200000000,0.1004987562,-0.5705765408,2.7102244878,-0.3339778292
