Instance,INF_avg,INF_sd,INF_r1,INF_kr,INF_sk,SUP_avg,SUP_sd,SUP_r1,SUP_kr,SUP_sk,INC_avg,INC_sd,INC_r1,INC_kr,INC_sk,IND_avg,IND_sd,IND_r1,IND_kr,IND_sk
386,0.2336000000,0.0458589141,-0.0022402457,2.8924496027,-0.8369646179,0.2520000000,0.0401995025,0.1437802908,2.1782913440,0.4669778497,0.5144000000,0.0555755342,0.0779658217,1.8891649030,-0.1599462935,0.5144000000,0.0555755342,0.0779658217,1.8891649030,-0.1599462935
