Instance,INF_avg,INF_sd,INF_r1,INF_kr,INF_sk,SUP_avg,SUP_sd,SUP_r1,SUP_kr,SUP_sk,INC_avg,INC_sd,INC_r1,INC_kr,INC_sk,IND_avg,IND_sd,IND_r1,IND_kr,IND_sk
148,0.2200000000,0.0748331477,0.8648648649,2.1339285714,0.7301958931,0.3300000000,0.1122497216,-0.4814814815,1.8469387755,-0.3436215967,0.4500000000,0.1414213562,-1.0000000000,2.2625000000,-0.7954951288,0.4500000000,0.1414213562,-1.0000000000,2.2625000000,-0.7954951288
