Instance,INF_avg,INF_sd,INF_r1,INF_kr,INF_sk,SUP_avg,SUP_sd,SUP_r1,SUP_kr,SUP_sk,INC_avg,INC_sd,INC_r1,INC_kr,INC_sk,IND_avg,IND_sd,IND_r1,IND_kr,IND_sk
308,0.2000000000,0.0979795897,-0.1250000000,4.1666666667,1.0206207262,0.2800000000,0.1600000000,-0.0615280595,1.9755859375,0.2695312500,0.5200000000,0.1600000000,-0.1798512508,2.2099609375,-0.1523437500,0.5200000000,0.1600000000,-0.1798512508,2.2099609375,-0.1523437500
