Instance,INF_avg,INF_sd,INF_r1,INF_kr,INF_sk,SUP_avg,SUP_sd,SUP_r1,SUP_kr,SUP_sk,INC_avg,INC_sd,INC_r1,INC_kr,INC_sk,IND_avg,IND_sd,IND_r1,IND_kr,IND_sk
436,0.2296000000,0.0704545243,0.4290595041,2.9410159690,0.0910334499,0.3476000000,0.0935854690,0.5452129476,2.5848631319,0.1876340856,0.4228000000,0.0780779098,0.2273892864,2.6418201774,-0.3321803728,0.4228000000,0.0780779098,0.2273892864,2.6418201774,-0.3321803728
