Instance,INF_avg,INF_sd,INF_r1,INF_kr,INF_sk,SUP_avg,SUP_sd,SUP_r1,SUP_kr,SUP_sk,INC_avg,INC_sd,INC_r1,INC_kr,INC_sk,IND_avg,IND_sd,IND_r1,IND_kr,IND_sk
257,0.2600000000,0.0275680975,0.3793103448,1.5027700831,0.1718233224,0.2620000000,0.0331058907,-0.4931945556,1.5467259843,0.2539958582,0.4780000000,0.0318747549,-0.0101010101,2.4459358919,0.1823080253,0.4780000000,0.0318747549,-0.0101010101,2.4459358919,0.1823080253
