Instance,INF_avg,INF_sd,INF_r1,INF_kr,INF_sk,SUP_avg,SUP_sd,SUP_r1,SUP_kr,SUP_sk,INC_avg,INC_sd,INC_r1,INC_kr,INC_sk,IND_avg,IND_sd,IND_r1,IND_kr,IND_sk
212,0.3280000000,0.0766289762,0.1538503790,2.6109110618,0.3989640549,0.2084000000,0.0493299098,-0.0041580124,2.1298414122,0.2159639362,0.4636000000,0.0761776870,-0.0524663064,2.3232610977,-0.2689202955,0.4636000000,0.0761776870,-0.0524663064,2.3232610977,-0.2689202955
