Instance,INF_avg,INF_sd,INF_r1,INF_kr,INF_sk,SUP_avg,SUP_sd,SUP_r1,SUP_kr,SUP_sk,INC_avg,INC_sd,INC_r1,INC_kr,INC_sk,IND_avg,IND_sd,IND_r1,IND_kr,IND_sk
138,0.2560000000,0.1336562756,0.0573517951,2.4410454348,0.2861542060,0.2870000000,0.1339066839,-0.1098717900,2.3320040506,0.0880878330,0.4570000000,0.1524827859,-0.0852895361,2.9012520955,0.0702001457,0.4570000000,0.1524827859,-0.0852895361,2.9012520955,0.0702001457
