Instance,INF_avg,INF_sd,INF_r1,INF_kr,INF_sk,SUP_avg,SUP_sd,SUP_r1,SUP_kr,SUP_sk,INC_avg,INC_sd,INC_r1,INC_kr,INC_sk,IND_avg,IND_sd,IND_r1,IND_kr,IND_sk
114,0.2200000000,0.1939071943,-0.4096916300,1.5439112721,0.0460847791,0.2400000000,0.1743559577,-0.5889830508,1.7957063712,0.0543353054,0.5400000000,0.1356465997,0.4277108434,1.2296786389,0.2115471545,0.5400000000,0.1356465997,0.4277108434,1.2296786389,0.2115471545
