Instance,INF_avg,INF_sd,INF_r1,INF_kr,INF_sk,SUP_avg,SUP_sd,SUP_r1,SUP_kr,SUP_sk,INC_avg,INC_sd,INC_r1,INC_kr,INC_sk,IND_avg,IND_sd,IND_r1,IND_kr,IND_sk
142,0.2375000000,0.1218349293,0.0639455782,2.4391135734,-0.7451842768,0.2625000000,0.1494782593,-0.2517780939,2.2548290870,-0.2421008337,0.5000000000,0.1322875656,-0.6000000000,2.0408163265,0.3239695483,0.5000000000,0.1322875656,-0.6000000000,2.0408163265,0.3239695483
