Instance,INF_avg,INF_sd,INF_r1,INF_kr,INF_sk,SUP_avg,SUP_sd,SUP_r1,SUP_kr,SUP_sk,INC_avg,INC_sd,INC_r1,INC_kr,INC_sk,IND_avg,IND_sd,IND_r1,IND_kr,IND_sk
393,0.4120000000,0.0640000000,-0.8330308530,2.0369262695,0.5844726562,0.2880000000,0.0324961536,-0.1654135338,1.4421487603,-0.3804646085,0.3000000000,0.0857904424,-0.7906976744,1.7131379962,-0.6385630752,0.3000000000,0.0857904424,-0.7906976744,1.7131379962,-0.6385630752
