Instance,INF_avg,INF_sd,INF_r1,INF_kr,INF_sk,SUP_avg,SUP_sd,SUP_r1,SUP_kr,SUP_sk,INC_avg,INC_sd,INC_r1,INC_kr,INC_sk,IND_avg,IND_sd,IND_r1,IND_kr,IND_sk
407,0.2690000000,0.0368239053,0.3680751770,2.0292113713,0.0755809526,0.2216000000,0.0350348398,0.4936600543,2.6084267784,0.4316936331,0.5094000000,0.0364779385,0.1217177361,3.6910037281,0.1905759742,0.5094000000,0.0364779385,0.1217177361,3.6910037281,0.1905759742
