Instance,INF_avg,INF_sd,INF_r1,INF_kr,INF_sk,SUP_avg,SUP_sd,SUP_r1,SUP_kr,SUP_sk,INC_avg,INC_sd,INC_r1,INC_kr,INC_sk,IND_avg,IND_sd,IND_r1,IND_kr,IND_sk
155,0.3000000000,0.1095445115,-0.4166666667,2.5000000000,0.0000000000,0.3200000000,0.1536229150,-0.0365853659,2.1852915829,0.1588746032,0.3800000000,0.0979795897,0.1071428571,2.9895833333,1.0461362443,0.3800000000,0.0979795897,0.1071428571,2.9895833333,1.0461362443
