Instance,INF_avg,INF_sd,INF_r1,INF_kr,INF_sk,SUP_avg,SUP_sd,SUP_r1,SUP_kr,SUP_sk,INC_avg,INC_sd,INC_r1,INC_kr,INC_sk,IND_avg,IND_sd,IND_r1,IND_kr,IND_sk
221,0.2617000000,0.0521738440,0.5895591532,2.6326578750,0.2788269648,0.2625000000,0.0586365927,0.6470716664,3.6895788511,0.7239694471,0.4758000000,0.0448147297,0.2581257930,2.5296661247,-0.1234174298,0.4758000000,0.0448147297,0.2581257930,2.5296661247,-0.1234174298
