Instance,INF_avg,INF_sd,INF_r1,INF_kr,INF_sk,SUP_avg,SUP_sd,SUP_r1,SUP_kr,SUP_sk,INC_avg,INC_sd,INC_r1,INC_kr,INC_sk,IND_avg,IND_sd,IND_r1,IND_kr,IND_sk
422,0.2545454545,0.1304790918,-0.5118250781,2.7882458290,-0.0994366535,0.2272727273,0.1212878551,-0.0150037509,3.5915288474,0.3840297193,0.5181818182,0.1402477147,-0.2299368801,2.4300896829,0.4657262047,0.5181818182,0.1402477147,-0.2299368801,2.4300896829,0.4657262047
