Instance,INF_avg,INF_sd,INF_r1,INF_kr,INF_sk,SUP_avg,SUP_sd,SUP_r1,SUP_kr,SUP_sk,INC_avg,INC_sd,INC_r1,INC_kr,INC_sk,IND_avg,IND_sd,IND_r1,IND_kr,IND_sk
245,0.2818181818,0.1113404429,-0.7825793383,1.8077333333,-0.4278442084,0.2090909091,0.1164204407,-0.2164705882,1.9486912552,-0.1771239007,0.5090909091,0.1729663417,-0.6548171046,2.1541619609,-0.0348456352,0.5090909091,0.1729663417,-0.6548171046,2.1541619609,-0.0348456352
