Instance,INF_avg,INF_sd,INF_r1,INF_kr,INF_sk,SUP_avg,SUP_sd,SUP_r1,SUP_kr,SUP_sk,INC_avg,INC_sd,INC_r1,INC_kr,INC_sk,IND_avg,IND_sd,IND_r1,IND_kr,IND_sk
444,0.2468000000,0.0531578781,0.0982250979,2.2957187094,-0.1121082380,0.2320000000,0.0610573501,0.0293940178,3.1327709112,-0.7026391989,0.5212000000,0.0718231161,0.0052818730,3.9812098088,0.7051679854,0.5212000000,0.0718231161,0.0052818730,3.9812098088,0.7051679854
