Instance,INF_avg,INF_sd,INF_r1,INF_kr,INF_sk,SUP_avg,SUP_sd,SUP_r1,SUP_kr,SUP_sk,INC_avg,INC_sd,INC_r1,INC_kr,INC_sk,IND_avg,IND_sd,IND_r1,IND_kr,IND_sk
462,0.2440000000,0.0449888875,-0.0924487508,2.2853114406,0.1402190795,0.2628000000,0.0448571065,0.0568423552,2.8106398213,-0.1990268183,0.4932000000,0.0528181787,-0.0631402860,3.1422398651,0.7323074660,0.4932000000,0.0528181787,-0.0631402860,3.1422398651,0.7323074660
