Instance,INF_avg,INF_sd,INF_r1,INF_kr,INF_sk,SUP_avg,SUP_sd,SUP_r1,SUP_kr,SUP_sk,INC_avg,INC_sd,INC_r1,INC_kr,INC_sk,IND_avg,IND_sd,IND_r1,IND_kr,IND_sk
118,0.4576515152,0.1020517534,0.8885265456,2.3468458623,-0.3423180190,0.0914393939,0.0676598285,0.8923968845,3.1441546667,0.9583770415,0.4509090909,0.0490779304,0.5986206617,2.8081443856,-0.2123645120,0.4509090909,0.0490779304,0.5986206617,2.8081443856,-0.2123645120
