Instance,INF_avg,INF_sd,INF_r1,INF_kr,INF_sk,SUP_avg,SUP_sd,SUP_r1,SUP_kr,SUP_sk,INC_avg,INC_sd,INC_r1,INC_kr,INC_sk,IND_avg,IND_sd,IND_r1,IND_kr,IND_sk
57,0.2356000000,0.0501661240,0.0589665041,2.4589920517,-0.1075260198,0.2452000000,0.0600413191,0.0756444709,2.7344886469,0.2059723993,0.5192000000,0.0692774133,0.0191291226,2.6027828647,-0.0818107289,0.5192000000,0.0692774133,0.0191291226,2.6027828647,-0.0818107289
