Instance,INF_avg,INF_sd,INF_r1,INF_kr,INF_sk,SUP_avg,SUP_sd,SUP_r1,SUP_kr,SUP_sk,INC_avg,INC_sd,INC_r1,INC_kr,INC_sk,IND_avg,IND_sd,IND_r1,IND_kr,IND_sk
307,0.2482000000,0.0357807211,0.4222416022,2.8686600788,-0.1379273853,0.2721500000,0.0369611620,0.0563712237,2.8104540716,0.0944631318,0.4796500000,0.0399890923,0.0354767457,2.8026110001,-0.0144590637,0.4796500000,0.0399890923,0.0354767457,2.8026110001,-0.0144590637
