Instance,INF_avg,INF_sd,INF_r1,INF_kr,INF_sk,SUP_avg,SUP_sd,SUP_r1,SUP_kr,SUP_sk,INC_avg,INC_sd,INC_r1,INC_kr,INC_sk,IND_avg,IND_sd,IND_r1,IND_kr,IND_sk
371,0.2596500000,0.0274886795,0.0227546050,2.2398504189,-0.0943757725,0.2317000000,0.0306612133,-0.0797512759,2.7427289884,0.0353175738,0.5086500000,0.0369516914,-0.2039649852,2.6034309004,-0.0154357443,0.5086500000,0.0369516914,-0.2039649852,2.6034309004,-0.0154357443
