Instance,INF_avg,INF_sd,INF_r1,INF_kr,INF_sk,SUP_avg,SUP_sd,SUP_r1,SUP_kr,SUP_sk,INC_avg,INC_sd,INC_r1,INC_kr,INC_sk,IND_avg,IND_sd,IND_r1,IND_kr,IND_sk
209,0.2482000000,0.0432060181,0.0492247318,2.7711010642,0.3712880430,0.2614000000,0.0459569364,-0.0570610438,2.2933179524,-0.2370969224,0.4904000000,0.0556043164,0.0814229969,3.2803585555,-0.5448491330,0.4904000000,0.0556043164,0.0814229969,3.2803585555,-0.5448491330
