Instance,INF_avg,INF_sd,INF_r1,INF_kr,INF_sk,SUP_avg,SUP_sd,SUP_r1,SUP_kr,SUP_sk,INC_avg,INC_sd,INC_r1,INC_kr,INC_sk,IND_avg,IND_sd,IND_r1,IND_kr,IND_sk
149,0.2170000000,0.0208806130,0.7204399633,1.8612280111,0.3598439117,0.2540000000,0.0247790234,0.5855379189,2.3341414763,-0.7678292375,0.5290000000,0.0080000000,-0.1055276382,1.4189453125,0.0351562500,0.5290000000,0.0080000000,-0.1055276382,1.4189453125,0.0351562500
