Instance,INF_avg,INF_sd,INF_r1,INF_kr,INF_sk,SUP_avg,SUP_sd,SUP_r1,SUP_kr,SUP_sk,INC_avg,INC_sd,INC_r1,INC_kr,INC_sk,IND_avg,IND_sd,IND_r1,IND_kr,IND_sk
205,0.2488000000,0.0610783104,-0.1102038945,3.1569890269,0.6377341464,0.2388000000,0.0612418158,0.0370358752,2.9166478381,-0.2024295024,0.5124000000,0.0708677642,-0.0034147994,2.8089624613,-0.1009621963,0.5124000000,0.0708677642,-0.0034147994,2.8089624613,-0.1009621963
