Instance,INF_avg,INF_sd,INF_r1,INF_kr,INF_sk,SUP_avg,SUP_sd,SUP_r1,SUP_kr,SUP_sk,INC_avg,INC_sd,INC_r1,INC_kr,INC_sk,IND_avg,IND_sd,IND_r1,IND_kr,IND_sk
358,0.2665000000,0.0222542131,-0.2577250710,1.5791149183,-0.0425989476,0.2445000000,0.0311006431,-0.2714652024,1.4632895591,0.1500394071,0.4890000000,0.0329241553,-0.2317985045,2.6057328332,-0.7984637776,0.4890000000,0.0329241553,-0.2317985045,2.6057328332,-0.7984637776
