Instance,INF_avg,INF_sd,INF_r1,INF_kr,INF_sk,SUP_avg,SUP_sd,SUP_r1,SUP_kr,SUP_sk,INC_avg,INC_sd,INC_r1,INC_kr,INC_sk,IND_avg,IND_sd,IND_r1,IND_kr,IND_sk
257,0.2240000000,0.1393700111,0.1970367424,2.3569150683,0.3205055586,0.2420000000,0.1443468046,0.1656471643,2.2452337742,-0.1195048552,0.5340000000,0.1644506005,0.1136418990,2.3773019480,0.1758797593,0.5340000000,0.1644506005,0.1136418990,2.3773019480,0.1758797593
