Instance,INF_avg,INF_sd,INF_r1,INF_kr,INF_sk,SUP_avg,SUP_sd,SUP_r1,SUP_kr,SUP_sk,INC_avg,INC_sd,INC_r1,INC_kr,INC_sk,IND_avg,IND_sd,IND_r1,IND_kr,IND_sk
184,0.2748000000,0.0594723465,0.0675259918,1.8647364852,-0.0817813587,0.2640000000,0.0424264069,-0.3649297528,2.1873481481,-0.2815856338,0.4612000000,0.0488524309,0.0679453809,2.8158551929,-0.2044214410,0.4612000000,0.0488524309,0.0679453809,2.8158551929,-0.2044214410
