Instance,INF_avg,INF_sd,INF_r1,INF_kr,INF_sk,SUP_avg,SUP_sd,SUP_r1,SUP_kr,SUP_sk,INC_avg,INC_sd,INC_r1,INC_kr,INC_sk,IND_avg,IND_sd,IND_r1,IND_kr,IND_sk
168,0.2680000000,0.0515363949,-0.1804158283,1.8700827406,0.2903551063,0.2540000000,0.0645290632,0.0277624157,3.0778956169,0.8603231997,0.4780000000,0.0468614981,-0.0486124045,2.6605651607,0.5867773951,0.4780000000,0.0468614981,-0.0486124045,2.6605651607,0.5867773951
