Instance,INF_avg,INF_sd,INF_r1,INF_kr,INF_sk,SUP_avg,SUP_sd,SUP_r1,SUP_kr,SUP_sk,INC_avg,INC_sd,INC_r1,INC_kr,INC_sk,IND_avg,IND_sd,IND_r1,IND_kr,IND_sk
46,0.1800000000,0.1720465053,-0.1158192090,2.6519357195,1.0179522960,0.3400000000,0.1854723699,-0.6314553991,1.5091941590,0.1579875514,0.4800000000,0.0979795897,-0.6666666667,1.1666666667,0.4082482905,0.4800000000,0.0979795897,-0.6666666667,1.1666666667,0.4082482905
