Instance,INF_avg,INF_sd,INF_r1,INF_kr,INF_sk,SUP_avg,SUP_sd,SUP_r1,SUP_kr,SUP_sk,INC_avg,INC_sd,INC_r1,INC_kr,INC_sk,IND_avg,IND_sd,IND_r1,IND_kr,IND_sk
277,0.2550000000,0.0161245155,-0.3921568627,2.3150887574,0.0000000000,0.2750000000,0.0044721360,-0.2500000000,1.2500000000,0.0000000000,0.4700000000,0.0192353841,-0.3287671233,2.3685171658,-0.0000000000,0.4700000000,0.0192353841,-0.3287671233,2.3685171658,-0.0000000000
