Instance,INF_avg,INF_sd,INF_r1,INF_kr,INF_sk,SUP_avg,SUP_sd,SUP_r1,SUP_kr,SUP_sk,INC_avg,INC_sd,INC_r1,INC_kr,INC_sk,IND_avg,IND_sd,IND_r1,IND_kr,IND_sk
221,0.3285000000,0.0375532955,-0.2376421762,1.5343087767,0.0752838937,0.1830000000,0.0260959767,-0.3213074314,2.8604539838,-0.8823747807,0.4885000000,0.0234574082,0.2384089918,1.5666120538,-0.1362005289,0.4885000000,0.0234574082,0.2384089918,1.5666120538,-0.1362005289
