Instance,INF_avg,INF_sd,INF_r1,INF_kr,INF_sk,SUP_avg,SUP_sd,SUP_r1,SUP_kr,SUP_sk,INC_avg,INC_sd,INC_r1,INC_kr,INC_sk,IND_avg,IND_sd,IND_r1,IND_kr,IND_sk
184,0.2754000000,0.0657787200,-0.0879911463,2.9283750162,-0.1083301326,0.2652000000,0.0606379419,-0.0276848299,2.2732313811,0.0054664426,0.4594000000,0.0735638498,-0.0864745355,2.6159030419,-0.4439546747,0.4594000000,0.0735638498,-0.0864745355,2.6159030419,-0.4439546747
