Instance,INF_avg,INF_sd,INF_r1,INF_kr,INF_sk,SUP_avg,SUP_sd,SUP_r1,SUP_kr,SUP_sk,INC_avg,INC_sd,INC_r1,INC_kr,INC_sk,IND_avg,IND_sd,IND_r1,IND_kr,IND_sk
55,0.2650000000,0.1381122732,-0.0473305268,2.5721826480,0.2565011015,0.2620000000,0.1481755715,-0.0768388224,2.2050141124,0.2452419057,0.4730000000,0.1788043624,0.0685693952,2.6004880819,0.2517834927,0.4730000000,0.1788043624,0.0685693952,2.6004880819,0.2517834927
