Instance,INF_avg,INF_sd,INF_r1,INF_kr,INF_sk,SUP_avg,SUP_sd,SUP_r1,SUP_kr,SUP_sk,INC_avg,INC_sd,INC_r1,INC_kr,INC_sk,IND_avg,IND_sd,IND_r1,IND_kr,IND_sk
275,0.2460000000,0.0438634244,-0.2955634243,5.1020569586,1.3786888120,0.2240000000,0.0741889480,-0.2577065351,2.4053711466,-0.1697425776,0.5300000000,0.0840238062,-0.0895741557,2.3355054611,-0.0121373939,0.5300000000,0.0840238062,-0.0895741557,2.3355054611,-0.0121373939
