Instance,INF_avg,INF_sd,INF_r1,INF_kr,INF_sk,SUP_avg,SUP_sd,SUP_r1,SUP_kr,SUP_sk,INC_avg,INC_sd,INC_r1,INC_kr,INC_sk,IND_avg,IND_sd,IND_r1,IND_kr,IND_sk
272,0.2769000000,0.0412175933,0.0486827325,3.1051132960,0.3194178826,0.2825000000,0.0373262642,0.3565532880,2.7574575889,0.3306905166,0.4406000000,0.0412751741,0.0369403548,4.2475075502,0.7637902561,0.4406000000,0.0412751741,0.0369403548,4.2475075502,0.7637902561
