Instance,INF_avg,INF_sd,INF_r1,INF_kr,INF_sk,SUP_avg,SUP_sd,SUP_r1,SUP_kr,SUP_sk,INC_avg,INC_sd,INC_r1,INC_kr,INC_sk,IND_avg,IND_sd,IND_r1,IND_kr,IND_sk
331,0.2480000000,0.0412795349,-0.1598037329,2.7679362560,0.5486468631,0.2528000000,0.0387318990,0.0811925107,3.2093490460,-0.5015708579,0.4992000000,0.0435357325,0.0410436434,2.1628165173,-0.0418176932,0.4992000000,0.0435357325,0.0410436434,2.1628165173,-0.0418176932
