Instance,INF_avg,INF_sd,INF_r1,INF_kr,INF_sk,SUP_avg,SUP_sd,SUP_r1,SUP_kr,SUP_sk,INC_avg,INC_sd,INC_r1,INC_kr,INC_sk,IND_avg,IND_sd,IND_r1,IND_kr,IND_sk
215,0.2140000000,0.0420000000,0.0639000236,4.4336310488,1.3061224490,0.2700000000,0.0458257569,0.0547263682,1.5877551020,-0.0748175624,0.5160000000,0.0445421149,-0.2260536398,2.2451873049,0.5236073926,0.5160000000,0.0445421149,-0.2260536398,2.2451873049,0.5236073926
