Instance,INF_avg,INF_sd,INF_r1,INF_kr,INF_sk,SUP_avg,SUP_sd,SUP_r1,SUP_kr,SUP_sk,INC_avg,INC_sd,INC_r1,INC_kr,INC_sk,IND_avg,IND_sd,IND_r1,IND_kr,IND_sk
480,0.4250549451,0.1092720531,0.8358439096,2.4223487049,-0.1763925180,0.0943406593,0.0668634363,0.8198811262,3.4260064726,1.0866040746,0.4806043956,0.0657264359,0.4846215115,3.0367635561,-0.2614471511,0.4806043956,0.0657264359,0.4846215115,3.0367635561,-0.2614471511
