Instance,INF_avg,INF_sd,INF_r1,INF_kr,INF_sk,SUP_avg,SUP_sd,SUP_r1,SUP_kr,SUP_sk,INC_avg,INC_sd,INC_r1,INC_kr,INC_sk,IND_avg,IND_sd,IND_r1,IND_kr,IND_sk
169,0.2474000000,0.0430724970,0.3169638750,2.2808141931,0.2246087920,0.2372000000,0.0410872243,-0.0127654408,2.8107961312,-0.1262582995,0.5154000000,0.0472529364,0.2792772738,3.2863199048,-0.0196143152,0.5154000000,0.0472529364,0.2792772738,3.2863199048,-0.0196143152
