Instance,INF_avg,INF_sd,INF_r1,INF_kr,INF_sk,SUP_avg,SUP_sd,SUP_r1,SUP_kr,SUP_sk,INC_avg,INC_sd,INC_r1,INC_kr,INC_sk,IND_avg,IND_sd,IND_r1,IND_kr,IND_sk
205,0.2280000000,0.0370944740,-0.1267605634,2.4826933478,-0.9704949588,0.2480000000,0.0795989950,-1.2502805836,2.2016375880,0.4081062644,0.5240000000,0.0870861642,-0.8062455642,1.4711050580,-0.1209336255,0.5240000000,0.0870861642,-0.8062455642,1.4711050580,-0.1209336255
