Instance,INF_avg,INF_sd,INF_r1,INF_kr,INF_sk,SUP_avg,SUP_sd,SUP_r1,SUP_kr,SUP_sk,INC_avg,INC_sd,INC_r1,INC_kr,INC_sk,IND_avg,IND_sd,IND_r1,IND_kr,IND_sk
351,0.2548000000,0.0293250746,-0.0198938918,3.2286188737,0.4967003615,0.2496000000,0.0271447969,-0.1036238525,2.9025016061,0.1202053529,0.4956000000,0.0307187239,-0.0808248889,3.6916332659,-0.7442459692,0.4956000000,0.0307187239,-0.0808248889,3.6916332659,-0.7442459692
