Instance,INF_avg,INF_sd,INF_r1,INF_kr,INF_sk,SUP_avg,SUP_sd,SUP_r1,SUP_kr,SUP_sk,INC_avg,INC_sd,INC_r1,INC_kr,INC_sk,IND_avg,IND_sd,IND_r1,IND_kr,IND_sk
158,0.2320000000,0.1256025477,-0.1382687492,5.7500038572,1.3639808721,0.2500000000,0.0969535971,0.0000000000,2.3709823450,-0.0000000000,0.5180000000,0.1103449138,-0.2279707554,2.7077342213,-0.1029623046,0.5180000000,0.1103449138,-0.2279707554,2.7077342213,-0.1029623046
