Instance,INF_avg,INF_sd,INF_r1,INF_kr,INF_sk,SUP_avg,SUP_sd,SUP_r1,SUP_kr,SUP_sk,INC_avg,INC_sd,INC_r1,INC_kr,INC_sk,IND_avg,IND_sd,IND_r1,IND_kr,IND_sk
229,0.2640000000,0.0313687743,-0.6004415011,1.2459845330,0.0948589744,0.3040000000,0.0361109402,-0.3791923340,1.6948511423,0.3883737120,0.4320000000,0.0483321839,-0.3552833078,1.9378987615,0.4196131911,0.4320000000,0.0483321839,-0.3552833078,1.9378987615,0.4196131911
