Instance,INF_avg,INF_sd,INF_r1,INF_kr,INF_sk,SUP_avg,SUP_sd,SUP_r1,SUP_kr,SUP_sk,INC_avg,INC_sd,INC_r1,INC_kr,INC_sk,IND_avg,IND_sd,IND_r1,IND_kr,IND_sk
344,0.2025000000,0.0350891721,-0.2802056555,2.3777422763,0.6119289776,0.3270000000,0.0396358424,0.2815128924,2.0323515695,-0.5746780476,0.4705000000,0.0465000000,0.1037507812,1.6402883136,0.0954203171,0.4705000000,0.0465000000,0.1037507812,1.6402883136,0.0954203171
