Instance,INF_avg,INF_sd,INF_r1,INF_kr,INF_sk,SUP_avg,SUP_sd,SUP_r1,SUP_kr,SUP_sk,INC_avg,INC_sd,INC_r1,INC_kr,INC_sk,IND_avg,IND_sd,IND_r1,IND_kr,IND_sk
419,0.2468000000,0.0583588896,0.3321535436,2.2869323552,0.1147538757,0.2660000000,0.0597327381,0.0946806602,2.1380834121,0.0765742736,0.4872000000,0.0629615756,0.1382471737,3.2693759006,0.1968065361,0.4872000000,0.0629615756,0.1382471737,3.2693759006,0.1968065361
