Instance,INF_avg,INF_sd,INF_r1,INF_kr,INF_sk,SUP_avg,SUP_sd,SUP_r1,SUP_kr,SUP_sk,INC_avg,INC_sd,INC_r1,INC_kr,INC_sk,IND_avg,IND_sd,IND_r1,IND_kr,IND_sk
102,0.2532000000,0.0547883199,0.0102351787,2.9105384895,0.4802971527,0.2724000000,0.0678692861,-0.0208281050,3.0162080940,0.4995846032,0.4744000000,0.0689393937,-0.0529136475,2.4898429021,0.0996812273,0.4744000000,0.0689393937,-0.0529136475,2.4898429021,0.0996812273
