Instance,INF_avg,INF_sd,INF_r1,INF_kr,INF_sk,SUP_avg,SUP_sd,SUP_r1,SUP_kr,SUP_sk,INC_avg,INC_sd,INC_r1,INC_kr,INC_sk,IND_avg,IND_sd,IND_r1,IND_kr,IND_sk
453,0.2806000000,0.0284365961,0.0012702728,2.6364636970,-0.2283442077,0.2420000000,0.0344963766,0.0491380237,1.9681505543,0.0857963692,0.4774000000,0.0342671855,0.0618530298,2.4405255853,-0.6756901352,0.4774000000,0.0342671855,0.0618530298,2.4405255853,-0.6756901352
